op,a,b,x,y,answer,problem_size,freq,surprisal,target_logprob,avg_target_logprob,n_target_tokens,prediction,correct
+,1,1,1,1,2,2,7196,0.43603515625,-0.43603515625,-0.43603515625,1,2,True
+,1,2,1,2,3,3,2808,0.09881591796875,-0.09881591796875,-0.09881591796875,1,3,True
+,1,3,1,3,4,4,1111,0.043365478515625,-0.043365478515625,-0.043365478515625,1,4,True
+,1,4,1,4,5,5,787,0.035675048828125,-0.035675048828125,-0.035675048828125,1,5,True
+,1,5,1,5,6,6,400,0.0225372314453125,-0.0225372314453125,-0.0225372314453125,1,6,True
+,1,6,1,6,7,7,300,0.01236724853515625,-0.01236724853515625,-0.01236724853515625,1,7,True
+,1,7,1,7,8,8,200,0.0296783447265625,-0.0296783447265625,-0.0296783447265625,1,8,True
+,1,8,1,8,9,9,413,0.0198822021484375,-0.0198822021484375,-0.0198822021484375,1,9,True
+,1,9,1,9,10,10,217,0.0484619140625,-0.0484619140625,-0.0484619140625,1,10,True
+,1,10,1,10,11,11,86,0.156005859375,-0.156005859375,-0.156005859375,1,11,True
+,1,11,1,11,12,12,37,0.3486328125,-0.3486328125,-0.3486328125,1,12,True
+,1,12,1,12,13,13,22,0.1649169921875,-0.1649169921875,-0.1649169921875,1,13,True
+,1,13,1,13,14,14,13,0.1575927734375,-0.1575927734375,-0.1575927734375,1,14,True
+,1,14,1,14,15,15,10,0.10369873046875,-0.10369873046875,-0.10369873046875,1,15,True
+,1,15,1,15,16,16,16,0.34765625,-0.34765625,-0.34765625,1,16,True
+,1,16,1,16,17,17,25,0.1466064453125,-0.1466064453125,-0.1466064453125,1,17,True
+,1,17,1,17,18,18,11,0.11627197265625,-0.11627197265625,-0.11627197265625,1,18,True
+,1,18,1,18,19,19,7,0.265869140625,-0.265869140625,-0.265869140625,1,19,True
+,1,19,1,19,20,20,13,0.1956787109375,-0.1956787109375,-0.1956787109375,1,20,True
+,1,20,1,20,21,21,22,0.1312255859375,-0.1312255859375,-0.1312255859375,1,21,True
+,1,21,1,21,22,22,2,0.304443359375,-0.304443359375,-0.304443359375,1,22,True
+,1,22,1,22,23,23,2,0.69580078125,-0.69580078125,-0.69580078125,1,23,True
+,1,23,1,23,24,24,9,0.390869140625,-0.390869140625,-0.390869140625,1,24,True
+,1,24,1,24,25,25,8,0.2041015625,-0.2041015625,-0.2041015625,1,25,True
+,1,25,1,25,26,26,7,0.1767578125,-0.1767578125,-0.1767578125,1,26,True
+,1,26,1,26,27,27,5,0.11956787109375,-0.11956787109375,-0.11956787109375,1,27,True
+,1,27,1,27,28,28,3,1.310546875,-1.310546875,-1.310546875,1,28,True
+,1,28,1,28,29,29,4,0.30712890625,-0.30712890625,-0.30712890625,1,29,True
+,1,29,1,29,30,30,6,0.1080322265625,-0.1080322265625,-0.1080322265625,1,30,True
+,1,30,1,30,31,31,2,0.2330322265625,-0.2330322265625,-0.2330322265625,1,31,True
+,1,31,1,31,32,32,8,0.435546875,-0.435546875,-0.435546875,1,32,True
+,1,32,1,32,33,33,3,0.200927734375,-0.200927734375,-0.200927734375,1,33,True
+,1,33,1,33,34,34,1,0.1558837890625,-0.1558837890625,-0.1558837890625,1,34,True
+,1,34,1,34,35,35,3,0.26904296875,-0.26904296875,-0.26904296875,1,35,True
+,1,35,1,35,36,36,10,0.77099609375,-0.77099609375,-0.77099609375,1,6,False
+,1,36,1,36,37,37,7,0.244873046875,-0.244873046875,-0.244873046875,1,37,True
+,1,37,1,37,38,38,0,0.254150390625,-0.254150390625,-0.254150390625,1,38,True
+,1,38,1,38,39,39,1,0.1678466796875,-0.1678466796875,-0.1678466796875,1,39,True
+,1,39,1,39,40,40,1,0.1629638671875,-0.1629638671875,-0.1629638671875,1,40,True
+,1,40,1,40,41,41,2,0.16650390625,-0.16650390625,-0.16650390625,1,41,True
+,1,41,1,41,42,42,0,0.288818359375,-0.288818359375,-0.288818359375,1,42,True
+,1,42,1,42,43,43,2,0.748046875,-0.748046875,-0.748046875,1,43,True
+,1,43,1,43,44,44,0,0.73974609375,-0.73974609375,-0.73974609375,1,44,True
+,1,44,1,44,45,45,2,0.35693359375,-0.35693359375,-0.35693359375,1,45,True
+,1,45,1,45,46,46,2,0.52880859375,-0.52880859375,-0.52880859375,1,46,True
+,1,46,1,46,47,47,0,0.46337890625,-0.46337890625,-0.46337890625,1,47,True
+,1,47,1,47,48,48,0,0.35107421875,-0.35107421875,-0.35107421875,1,48,True
+,1,48,1,48,49,49,4,0.1748046875,-0.1748046875,-0.1748046875,1,49,True
+,1,49,1,49,50,50,5,0.34130859375,-0.34130859375,-0.34130859375,1,50,True
+,1,50,1,50,51,51,4,0.07391357421875,-0.07391357421875,-0.07391357421875,1,51,True
+,1,51,1,51,52,52,0,0.19873046875,-0.19873046875,-0.19873046875,1,52,True
+,1,52,1,52,53,53,1,0.1715087890625,-0.1715087890625,-0.1715087890625,1,53,True
+,1,53,1,53,54,54,0,0.09527587890625,-0.09527587890625,-0.09527587890625,1,54,True
+,1,54,1,54,55,55,0,0.24658203125,-0.24658203125,-0.24658203125,1,55,True
+,1,55,1,55,56,56,0,1.0478515625,-1.0478515625,-1.0478515625,1,6,False
+,1,56,1,56,57,57,1,0.208984375,-0.208984375,-0.208984375,1,57,True
+,1,57,1,57,58,58,1,0.54248046875,-0.54248046875,-0.54248046875,1,58,True
+,1,58,1,58,59,59,0,0.4853515625,-0.4853515625,-0.4853515625,1,59,True
+,1,59,1,59,60,60,0,0.1124267578125,-0.1124267578125,-0.1124267578125,1,60,True
+,1,60,1,60,61,61,1,0.313232421875,-0.313232421875,-0.313232421875,1,61,True
+,1,61,1,61,62,62,2,0.873046875,-0.873046875,-0.873046875,1,62,True
+,1,62,1,62,63,63,0,0.25341796875,-0.25341796875,-0.25341796875,1,63,True
+,1,63,1,63,64,64,2,0.66357421875,-0.66357421875,-0.66357421875,1,64,True
+,1,64,1,64,65,65,9,0.1663818359375,-0.1663818359375,-0.1663818359375,1,65,True
+,1,65,1,65,66,66,0,0.25048828125,-0.25048828125,-0.25048828125,1,66,True
+,1,66,1,66,67,67,0,0.55908203125,-0.55908203125,-0.55908203125,1,67,True
+,1,67,1,67,68,68,2,1.0322265625,-1.0322265625,-1.0322265625,1,68,True
+,1,68,1,68,69,69,0,0.1552734375,-0.1552734375,-0.1552734375,1,69,True
+,1,69,1,69,70,70,0,0.17822265625,-0.17822265625,-0.17822265625,1,70,True
+,1,70,1,70,71,71,1,0.20751953125,-0.20751953125,-0.20751953125,1,71,True
+,1,71,1,71,72,72,0,0.28369140625,-0.28369140625,-0.28369140625,1,72,True
+,1,72,1,72,73,73,0,0.152587890625,-0.152587890625,-0.152587890625,1,73,True
+,1,73,1,73,74,74,0,0.267578125,-0.267578125,-0.267578125,1,74,True
+,1,74,1,74,75,75,0,0.0740966796875,-0.0740966796875,-0.0740966796875,1,75,True
+,1,75,1,75,76,76,0,0.20068359375,-0.20068359375,-0.20068359375,1,76,True
+,1,76,1,76,77,77,1,0.1329345703125,-0.1329345703125,-0.1329345703125,1,77,True
+,1,77,1,77,78,78,1,0.568359375,-0.568359375,-0.568359375,1,78,True
+,1,78,1,78,79,79,0,0.396728515625,-0.396728515625,-0.396728515625,1,79,True
+,1,79,1,79,80,80,0,0.42236328125,-0.42236328125,-0.42236328125,1,80,True
+,1,80,1,80,81,81,1,0.0975341796875,-0.0975341796875,-0.0975341796875,1,81,True
+,1,81,1,81,82,82,2,0.22119140625,-0.22119140625,-0.22119140625,1,82,True
+,1,82,1,82,83,83,0,0.1878662109375,-0.1878662109375,-0.1878662109375,1,83,True
+,1,83,1,83,84,84,0,0.3251953125,-0.3251953125,-0.3251953125,1,84,True
+,1,84,1,84,85,85,0,0.59326171875,-0.59326171875,-0.59326171875,1,85,True
+,1,85,1,85,86,86,0,0.5302734375,-0.5302734375,-0.5302734375,1,86,True
+,1,86,1,86,87,87,0,0.1673583984375,-0.1673583984375,-0.1673583984375,1,87,True
+,1,87,1,87,88,88,0,1.2080078125,-1.2080078125,-1.2080078125,1,88,True
+,1,88,1,88,89,89,0,0.435546875,-0.435546875,-0.435546875,1,89,True
+,1,89,1,89,90,90,2,0.262939453125,-0.262939453125,-0.262939453125,1,90,True
+,1,90,1,90,91,91,1,0.287841796875,-0.287841796875,-0.287841796875,1,91,True
+,1,91,1,91,92,92,0,0.673828125,-0.673828125,-0.673828125,1,92,True
+,1,92,1,92,93,93,0,0.2098388671875,-0.2098388671875,-0.2098388671875,1,93,True
+,1,93,1,93,94,94,0,0.33544921875,-0.33544921875,-0.33544921875,1,94,True
+,1,94,1,94,95,95,1,0.422607421875,-0.422607421875,-0.422607421875,1,95,True
+,1,95,1,95,96,96,0,0.1854248046875,-0.1854248046875,-0.1854248046875,1,96,True
+,1,96,1,96,97,97,0,0.2449951171875,-0.2449951171875,-0.2449951171875,1,97,True
+,1,97,1,97,98,98,0,0.283935546875,-0.283935546875,-0.283935546875,1,98,True
+,1,98,1,98,99,99,0,0.274169921875,-0.274169921875,-0.274169921875,1,99,True
+,1,99,1,99,100,100,14,0.329833984375,-0.329833984375,-0.329833984375,1,100,True
+,1,100,1,100,101,101,43,0.166259765625,-0.166259765625,-0.166259765625,1,101,True
+,2,1,2,1,3,3,1962,0.039581298828125,-0.039581298828125,-0.039581298828125,1,3,True
+,2,2,2,2,4,4,7099,0.2425537109375,-0.2425537109375,-0.2425537109375,1,4,True
+,2,3,2,3,5,5,1957,0.0352783203125,-0.0352783203125,-0.0352783203125,1,5,True
+,2,4,2,4,6,6,530,0.056427001953125,-0.056427001953125,-0.056427001953125,1,6,True
+,2,5,2,5,7,7,359,0.039703369140625,-0.039703369140625,-0.039703369140625,1,7,True
+,2,6,2,6,8,8,227,0.041168212890625,-0.041168212890625,-0.041168212890625,1,8,True
+,2,7,2,7,9,9,355,0.00872802734375,-0.00872802734375,-0.00872802734375,1,9,True
+,2,8,2,8,10,10,184,0.1243896484375,-0.1243896484375,-0.1243896484375,1,10,True
+,2,9,2,9,11,11,147,0.028076171875,-0.028076171875,-0.028076171875,1,11,True
+,2,10,2,10,12,12,62,0.07025146484375,-0.07025146484375,-0.07025146484375,1,12,True
+,2,11,2,11,13,13,15,0.43115234375,-0.43115234375,-0.43115234375,1,13,True
+,2,12,2,12,14,14,33,0.373046875,-0.373046875,-0.373046875,1,14,True
+,2,13,2,13,15,15,11,0.07373046875,-0.07373046875,-0.07373046875,1,15,True
+,2,14,2,14,16,16,16,0.79248046875,-0.79248046875,-0.79248046875,1,16,True
+,2,15,2,15,17,17,8,0.478515625,-0.478515625,-0.478515625,1,17,True
+,2,16,2,16,18,18,19,0.166748046875,-0.166748046875,-0.166748046875,1,18,True
+,2,17,2,17,19,19,7,0.96923828125,-0.96923828125,-0.96923828125,1,9,False
+,2,18,2,18,20,20,13,0.2320556640625,-0.2320556640625,-0.2320556640625,1,20,True
+,2,19,2,19,21,21,5,0.0770263671875,-0.0770263671875,-0.0770263671875,1,21,True
+,2,20,2,20,22,22,10,0.384521484375,-0.384521484375,-0.384521484375,1,22,True
+,2,21,2,21,23,23,5,0.437255859375,-0.437255859375,-0.437255859375,1,23,True
+,2,22,2,22,24,24,8,1.484375,-1.484375,-1.484375,1,4,False
+,2,23,2,23,25,25,4,0.2259521484375,-0.2259521484375,-0.2259521484375,1,25,True
+,2,24,2,24,26,26,4,0.235595703125,-0.235595703125,-0.235595703125,1,26,True
+,2,25,2,25,27,27,4,0.0859375,-0.0859375,-0.0859375,1,27,True
+,2,26,2,26,28,28,2,0.9560546875,-0.9560546875,-0.9560546875,1,8,False
+,2,27,2,27,29,29,0,0.461181640625,-0.461181640625,-0.461181640625,1,29,True
+,2,28,2,28,30,30,2,0.143798828125,-0.143798828125,-0.143798828125,1,30,True
+,2,29,2,29,31,31,6,0.431884765625,-0.431884765625,-0.431884765625,1,31,True
+,2,30,2,30,32,32,8,0.65673828125,-0.65673828125,-0.65673828125,1,32,True
+,2,31,2,31,33,33,4,1.69921875,-1.69921875,-1.69921875,1,4,False
+,2,32,2,32,34,34,5,0.7568359375,-0.7568359375,-0.7568359375,1,34,True
+,2,33,2,33,35,35,2,1.109375,-1.109375,-1.109375,1,5,False
+,2,34,2,34,36,36,2,0.703125,-0.703125,-0.703125,1,36,True
+,2,35,2,35,37,37,2,1.3212890625,-1.3212890625,-1.3212890625,1,7,False
+,2,36,2,36,38,38,3,0.87060546875,-0.87060546875,-0.87060546875,1,38,True
+,2,37,2,37,39,39,1,2.958984375,-2.958984375,-2.958984375,1,5,False
+,2,38,2,38,40,40,0,1.7177734375,-1.7177734375,-1.7177734375,1,40,True
+,2,39,2,39,41,41,2,0.79931640625,-0.79931640625,-0.79931640625,1,41,True
+,2,40,2,40,42,42,0,0.6455078125,-0.6455078125,-0.6455078125,1,42,True
+,2,41,2,41,43,43,2,2.45703125,-2.45703125,-2.45703125,1,53,False
+,2,42,2,42,44,44,2,2.00390625,-2.00390625,-2.00390625,1,4,False
+,2,43,2,43,45,45,1,2.55078125,-2.55078125,-2.55078125,1,5,False
+,2,44,2,44,46,46,1,1.6396484375,-1.6396484375,-1.6396484375,1,6,False
+,2,45,2,45,47,47,1,1.794921875,-1.794921875,-1.794921875,1,7,False
+,2,46,2,46,48,48,1,1.966796875,-1.966796875,-1.966796875,1,8,False
+,2,47,2,47,49,49,1,1.466796875,-1.466796875,-1.466796875,1,9,False
+,2,48,2,48,50,50,3,0.4248046875,-0.4248046875,-0.4248046875,1,50,True
+,2,49,2,49,51,51,3,1.490234375,-1.490234375,-1.490234375,1,61,False
+,2,50,2,50,52,52,0,0.28466796875,-0.28466796875,-0.28466796875,1,52,True
+,2,51,2,51,53,53,0,0.279052734375,-0.279052734375,-0.279052734375,1,53,True
+,2,52,2,52,54,54,0,0.2303466796875,-0.2303466796875,-0.2303466796875,1,54,True
+,2,53,2,53,55,55,1,0.1956787109375,-0.1956787109375,-0.1956787109375,1,55,True
+,2,54,2,54,56,56,0,1.18359375,-1.18359375,-1.18359375,1,56,True
+,2,55,2,55,57,57,2,0.4912109375,-0.4912109375,-0.4912109375,1,57,True
+,2,56,2,56,58,58,1,0.58447265625,-0.58447265625,-0.58447265625,1,58,True
+,2,57,2,57,59,59,0,0.83203125,-0.83203125,-0.83203125,1,59,True
+,2,58,2,58,60,60,0,0.1793212890625,-0.1793212890625,-0.1793212890625,1,60,True
+,2,59,2,59,61,61,0,0.147705078125,-0.147705078125,-0.147705078125,1,61,True
+,2,60,2,60,62,62,0,0.332275390625,-0.332275390625,-0.332275390625,1,62,True
+,2,61,2,61,63,63,0,0.86181640625,-0.86181640625,-0.86181640625,1,63,True
+,2,62,2,62,64,64,0,0.95361328125,-0.95361328125,-0.95361328125,1,64,True
+,2,63,2,63,65,65,1,0.09967041015625,-0.09967041015625,-0.09967041015625,1,65,True
+,2,64,2,64,66,66,2,0.138671875,-0.138671875,-0.138671875,1,66,True
+,2,65,2,65,67,67,1,0.2015380859375,-0.2015380859375,-0.2015380859375,1,67,True
+,2,66,2,66,68,68,0,0.5947265625,-0.5947265625,-0.5947265625,1,68,True
+,2,67,2,67,69,69,0,0.06170654296875,-0.06170654296875,-0.06170654296875,1,69,True
+,2,68,2,68,70,70,0,0.09490966796875,-0.09490966796875,-0.09490966796875,1,70,True
+,2,69,2,69,71,71,0,0.11083984375,-0.11083984375,-0.11083984375,1,71,True
+,2,70,2,70,72,72,3,0.433349609375,-0.433349609375,-0.433349609375,1,72,True
+,2,71,2,71,73,73,0,0.5888671875,-0.5888671875,-0.5888671875,1,73,True
+,2,72,2,72,74,74,0,0.4482421875,-0.4482421875,-0.4482421875,1,74,True
+,2,73,2,73,75,75,0,0.1307373046875,-0.1307373046875,-0.1307373046875,1,75,True
+,2,74,2,74,76,76,0,0.206787109375,-0.206787109375,-0.206787109375,1,76,True
+,2,75,2,75,77,77,0,0.1802978515625,-0.1802978515625,-0.1802978515625,1,77,True
+,2,76,2,76,78,78,1,0.8955078125,-0.8955078125,-0.8955078125,1,78,True
+,2,77,2,77,79,79,0,0.95751953125,-0.95751953125,-0.95751953125,1,9,False
+,2,78,2,78,80,80,0,0.392333984375,-0.392333984375,-0.392333984375,1,80,True
+,2,79,2,79,81,81,1,0.2197265625,-0.2197265625,-0.2197265625,1,81,True
+,2,80,2,80,82,82,0,0.6826171875,-0.6826171875,-0.6826171875,1,82,True
+,2,81,2,81,83,83,0,0.79248046875,-0.79248046875,-0.79248046875,1,83,True
+,2,82,2,82,84,84,0,0.7841796875,-0.7841796875,-0.7841796875,1,84,True
+,2,83,2,83,85,85,0,0.213134765625,-0.213134765625,-0.213134765625,1,85,True
+,2,84,2,84,86,86,0,1.0048828125,-1.0048828125,-1.0048828125,1,86,True
+,2,85,2,85,87,87,0,0.63671875,-0.63671875,-0.63671875,1,87,True
+,2,86,2,86,88,88,0,1.4404296875,-1.4404296875,-1.4404296875,1,90,False
+,2,87,2,87,89,89,0,0.25341796875,-0.25341796875,-0.25341796875,1,89,True
+,2,88,2,88,90,90,0,0.1739501953125,-0.1739501953125,-0.1739501953125,1,90,True
+,2,89,2,89,91,91,2,0.96923828125,-0.96923828125,-0.96923828125,1,101,False
+,2,90,2,90,92,92,1,0.7666015625,-0.7666015625,-0.7666015625,1,92,True
+,2,91,2,91,93,93,0,0.62255859375,-0.62255859375,-0.62255859375,1,93,True
+,2,92,2,92,94,94,0,0.1942138671875,-0.1942138671875,-0.1942138671875,1,94,True
+,2,93,2,93,95,95,0,0.174072265625,-0.174072265625,-0.174072265625,1,95,True
+,2,94,2,94,96,96,0,0.487548828125,-0.487548828125,-0.487548828125,1,96,True
+,2,95,2,95,97,97,0,0.212890625,-0.212890625,-0.212890625,1,97,True
+,2,96,2,96,98,98,0,0.48974609375,-0.48974609375,-0.48974609375,1,98,True
+,2,97,2,97,99,99,0,0.09954833984375,-0.09954833984375,-0.09954833984375,1,99,True
+,2,98,2,98,100,100,3,0.3388671875,-0.3388671875,-0.3388671875,1,100,True
+,2,99,2,99,101,101,25,0.10247802734375,-0.10247802734375,-0.10247802734375,1,101,True
+,2,100,2,100,102,102,4,0.08074951171875,-0.08074951171875,-0.08074951171875,1,102,True
+,3,1,3,1,4,4,1120,0.10845947265625,-0.10845947265625,-0.10845947265625,1,4,True
+,3,2,3,2,5,5,1044,0.04412841796875,-0.04412841796875,-0.04412841796875,1,5,True
+,3,3,3,3,6,6,1502,0.094482421875,-0.094482421875,-0.094482421875,1,6,True
+,3,4,3,4,7,7,1468,0.1839599609375,-0.1839599609375,-0.1839599609375,1,7,True
+,3,5,3,5,8,8,534,0.0281524658203125,-0.0281524658203125,-0.0281524658203125,1,8,True
+,3,6,3,6,9,9,299,0.0177459716796875,-0.0177459716796875,-0.0177459716796875,1,9,True
+,3,7,3,7,10,10,256,0.005847930908203125,-0.005847930908203125,-0.005847930908203125,1,10,True
+,3,8,3,8,11,11,154,0.0092926025390625,-0.0092926025390625,-0.0092926025390625,1,11,True
+,3,9,3,9,12,12,119,0.0706787109375,-0.0706787109375,-0.0706787109375,1,12,True
+,3,10,3,10,13,13,51,0.09283447265625,-0.09283447265625,-0.09283447265625,1,13,True
+,3,11,3,11,14,14,28,0.274658203125,-0.274658203125,-0.274658203125,1,14,True
+,3,12,3,12,15,15,38,0.07501220703125,-0.07501220703125,-0.07501220703125,1,15,True
+,3,13,3,13,16,16,16,0.10687255859375,-0.10687255859375,-0.10687255859375,1,16,True
+,3,14,3,14,17,17,6,0.0751953125,-0.0751953125,-0.0751953125,1,17,True
+,3,15,3,15,18,18,15,0.09869384765625,-0.09869384765625,-0.09869384765625,1,18,True
+,3,16,3,16,19,19,9,0.042449951171875,-0.042449951171875,-0.042449951171875,1,19,True
+,3,17,3,17,20,20,8,0.09906005859375,-0.09906005859375,-0.09906005859375,1,20,True
+,3,18,3,18,21,21,6,0.0389404296875,-0.0389404296875,-0.0389404296875,1,21,True
+,3,19,3,19,22,22,6,0.499267578125,-0.499267578125,-0.499267578125,1,22,True
+,3,20,3,20,23,23,12,0.5712890625,-0.5712890625,-0.5712890625,1,23,True
+,3,21,3,21,24,24,7,0.4775390625,-0.4775390625,-0.4775390625,1,24,True
+,3,22,3,22,25,25,6,1.15625,-1.15625,-1.15625,1,5,False
+,3,23,3,23,26,26,3,0.26171875,-0.26171875,-0.26171875,1,26,True
+,3,24,3,24,27,27,10,0.063720703125,-0.063720703125,-0.063720703125,1,27,True
+,3,25,3,25,28,28,4,0.340087890625,-0.340087890625,-0.340087890625,1,28,True
+,3,26,3,26,29,29,3,0.389404296875,-0.389404296875,-0.389404296875,1,29,True
+,3,27,3,27,30,30,2,0.64208984375,-0.64208984375,-0.64208984375,1,30,True
+,3,28,3,28,31,31,5,1.66015625,-1.66015625,-1.66015625,1,41,False
+,3,29,3,29,32,32,1,1.0546875,-1.0546875,-1.0546875,1,32,True
+,3,30,3,30,33,33,2,0.83203125,-0.83203125,-0.83203125,1,33,True
+,3,31,3,31,34,34,0,0.75146484375,-0.75146484375,-0.75146484375,1,34,True
+,3,32,3,32,35,35,5,0.5234375,-0.5234375,-0.5234375,1,35,True
+,3,33,3,33,36,36,3,0.78759765625,-0.78759765625,-0.78759765625,1,36,True
+,3,34,3,34,37,37,1,0.43359375,-0.43359375,-0.43359375,1,37,True
+,3,35,3,35,38,38,2,0.126953125,-0.126953125,-0.126953125,1,38,True
+,3,36,3,36,39,39,2,0.60595703125,-0.60595703125,-0.60595703125,1,39,True
+,3,37,3,37,40,40,2,0.387939453125,-0.387939453125,-0.387939453125,1,40,True
+,3,38,3,38,41,41,1,0.06695556640625,-0.06695556640625,-0.06695556640625,1,41,True
+,3,39,3,39,42,42,0,0.2462158203125,-0.2462158203125,-0.2462158203125,1,42,True
+,3,40,3,40,43,43,5,1.3203125,-1.3203125,-1.3203125,1,43,True
+,3,41,3,41,44,44,0,1.798828125,-1.798828125,-1.798828125,1,14,False
+,3,42,3,42,45,45,0,1.390625,-1.390625,-1.390625,1,55,False
+,3,43,3,43,46,46,0,0.8798828125,-0.8798828125,-0.8798828125,1,46,True
+,3,44,3,44,47,47,0,0.4052734375,-0.4052734375,-0.4052734375,1,47,True
+,3,45,3,45,48,48,1,0.8271484375,-0.8271484375,-0.8271484375,1,48,True
+,3,46,3,46,49,49,0,0.93212890625,-0.93212890625,-0.93212890625,1,59,False
+,3,47,3,47,50,50,0,0.28662109375,-0.28662109375,-0.28662109375,1,50,True
+,3,48,3,48,51,51,1,0.50537109375,-0.50537109375,-0.50537109375,1,51,True
+,3,49,3,49,52,52,0,1.42578125,-1.42578125,-1.42578125,1,62,False
+,3,50,3,50,53,53,1,0.2276611328125,-0.2276611328125,-0.2276611328125,1,53,True
+,3,51,3,51,54,54,0,0.296630859375,-0.296630859375,-0.296630859375,1,54,True
+,3,52,3,52,55,55,1,0.09124755859375,-0.09124755859375,-0.09124755859375,1,55,True
+,3,53,3,53,56,56,0,0.59814453125,-0.59814453125,-0.59814453125,1,56,True
+,3,54,3,54,57,57,0,1.1142578125,-1.1142578125,-1.1142578125,1,57,True
+,3,55,3,55,58,58,0,0.39208984375,-0.39208984375,-0.39208984375,1,58,True
+,3,56,3,56,59,59,0,1.1494140625,-1.1494140625,-1.1494140625,1,61,False
+,3,57,3,57,60,60,0,0.03271484375,-0.03271484375,-0.03271484375,1,60,True
+,3,58,3,58,61,61,0,0.030975341796875,-0.030975341796875,-0.030975341796875,1,61,True
+,3,59,3,59,62,62,0,0.0694580078125,-0.0694580078125,-0.0694580078125,1,62,True
+,3,60,3,60,63,63,0,0.509765625,-0.509765625,-0.509765625,1,63,True
+,3,61,3,61,64,64,0,1.4306640625,-1.4306640625,-1.4306640625,1,64,True
+,3,62,3,62,65,65,0,0.088623046875,-0.088623046875,-0.088623046875,1,65,True
+,3,63,3,63,66,66,0,0.1561279296875,-0.1561279296875,-0.1561279296875,1,66,True
+,3,64,3,64,67,67,0,0.140625,-0.140625,-0.140625,1,67,True
+,3,65,3,65,68,68,0,0.02587890625,-0.02587890625,-0.02587890625,1,68,True
+,3,66,3,66,69,69,0,0.06646728515625,-0.06646728515625,-0.06646728515625,1,69,True
+,3,67,3,67,70,70,0,0.129150390625,-0.129150390625,-0.129150390625,1,70,True
+,3,68,3,68,71,71,0,0.1400146484375,-0.1400146484375,-0.1400146484375,1,71,True
+,3,69,3,69,72,72,0,0.389892578125,-0.389892578125,-0.389892578125,1,72,True
+,3,70,3,70,73,73,0,2.345703125,-2.345703125,-2.345703125,1,71,False
+,3,71,3,71,74,74,0,0.311767578125,-0.311767578125,-0.311767578125,1,74,True
+,3,72,3,72,75,75,3,0.09906005859375,-0.09906005859375,-0.09906005859375,1,75,True
+,3,73,3,73,76,76,0,0.38818359375,-0.38818359375,-0.38818359375,1,76,True
+,3,74,3,74,77,77,1,0.1170654296875,-0.1170654296875,-0.1170654296875,1,77,True
+,3,75,3,75,78,78,1,0.0845947265625,-0.0845947265625,-0.0845947265625,1,78,True
+,3,76,3,76,79,79,0,0.09906005859375,-0.09906005859375,-0.09906005859375,1,79,True
+,3,77,3,77,80,80,0,0.35205078125,-0.35205078125,-0.35205078125,1,80,True
+,3,78,3,78,81,81,0,0.0714111328125,-0.0714111328125,-0.0714111328125,1,81,True
+,3,79,3,79,82,82,0,0.361572265625,-0.361572265625,-0.361572265625,1,82,True
+,3,80,3,80,83,83,1,1.5126953125,-1.5126953125,-1.5126953125,1,83,True
+,3,81,3,81,84,84,0,1.32421875,-1.32421875,-1.32421875,1,84,True
+,3,82,3,82,85,85,0,0.07427978515625,-0.07427978515625,-0.07427978515625,1,85,True
+,3,83,3,83,86,86,0,0.2235107421875,-0.2235107421875,-0.2235107421875,1,86,True
+,3,84,3,84,87,87,0,0.734375,-0.734375,-0.734375,1,87,True
+,3,85,3,85,88,88,0,0.492919921875,-0.492919921875,-0.492919921875,1,88,True
+,3,86,3,86,89,89,0,0.1212158203125,-0.1212158203125,-0.1212158203125,1,89,True
+,3,87,3,87,90,90,0,0.1395263671875,-0.1395263671875,-0.1395263671875,1,90,True
+,3,88,3,88,91,91,0,0.599609375,-0.599609375,-0.599609375,1,91,True
+,3,89,3,89,92,92,0,0.4609375,-0.4609375,-0.4609375,1,92,True
+,3,90,3,90,93,93,0,0.5849609375,-0.5849609375,-0.5849609375,1,93,True
+,3,91,3,91,94,94,0,0.421142578125,-0.421142578125,-0.421142578125,1,94,True
+,3,92,3,92,95,95,0,0.1920166015625,-0.1920166015625,-0.1920166015625,1,95,True
+,3,93,3,93,96,96,0,0.299560546875,-0.299560546875,-0.299560546875,1,96,True
+,3,94,3,94,97,97,0,0.114990234375,-0.114990234375,-0.114990234375,1,97,True
+,3,95,3,95,98,98,0,0.05596923828125,-0.05596923828125,-0.05596923828125,1,98,True
+,3,96,3,96,99,99,0,0.103759765625,-0.103759765625,-0.103759765625,1,99,True
+,3,97,3,97,100,100,3,0.036468505859375,-0.036468505859375,-0.036468505859375,1,100,True
+,3,98,3,98,101,101,20,0.027313232421875,-0.027313232421875,-0.027313232421875,1,101,True
+,3,99,3,99,102,102,0,0.06878662109375,-0.06878662109375,-0.06878662109375,1,102,True
+,3,100,3,100,103,103,0,0.08111572265625,-0.08111572265625,-0.08111572265625,1,103,True
+,4,1,4,1,5,5,774,0.0276031494140625,-0.0276031494140625,-0.0276031494140625,1,5,True
+,4,2,4,2,6,6,452,0.0477294921875,-0.0477294921875,-0.0477294921875,1,6,True
+,4,3,4,3,7,7,965,0.26953125,-0.26953125,-0.26953125,1,7,True
+,4,4,4,4,8,8,755,0.10595703125,-0.10595703125,-0.10595703125,1,8,True
+,4,5,4,5,9,9,542,0.041015625,-0.041015625,-0.041015625,1,9,True
+,4,6,4,6,10,10,228,0.0155181884765625,-0.0155181884765625,-0.0155181884765625,1,10,True
+,4,7,4,7,11,11,141,0.01143646240234375,-0.01143646240234375,-0.01143646240234375,1,11,True
+,4,8,4,8,12,12,142,0.08642578125,-0.08642578125,-0.08642578125,1,12,True
+,4,9,4,9,13,13,123,0.028472900390625,-0.028472900390625,-0.028472900390625,1,13,True
+,4,10,4,10,14,14,31,0.0318603515625,-0.0318603515625,-0.0318603515625,1,14,True
+,4,11,4,11,15,15,65,0.01306915283203125,-0.01306915283203125,-0.01306915283203125,1,15,True
+,4,12,4,12,16,16,55,0.06109619140625,-0.06109619140625,-0.06109619140625,1,16,True
+,4,13,4,13,17,17,12,0.060760498046875,-0.060760498046875,-0.060760498046875,1,17,True
+,4,14,4,14,18,18,8,0.0587158203125,-0.0587158203125,-0.0587158203125,1,18,True
+,4,15,4,15,19,19,11,0.01369476318359375,-0.01369476318359375,-0.01369476318359375,1,19,True
+,4,16,4,16,20,20,34,0.1396484375,-0.1396484375,-0.1396484375,1,20,True
+,4,17,4,17,21,21,5,0.00748443603515625,-0.00748443603515625,-0.00748443603515625,1,21,True
+,4,18,4,18,22,22,5,0.03253173828125,-0.03253173828125,-0.03253173828125,1,22,True
+,4,19,4,19,23,23,19,0.93701171875,-0.93701171875,-0.93701171875,1,21,False
+,4,20,4,20,24,24,10,0.0478515625,-0.0478515625,-0.0478515625,1,24,True
+,4,21,4,21,25,25,2,0.09954833984375,-0.09954833984375,-0.09954833984375,1,25,True
+,4,22,4,22,26,26,4,0.336181640625,-0.336181640625,-0.336181640625,1,26,True
+,4,23,4,23,27,27,4,0.03472900390625,-0.03472900390625,-0.03472900390625,1,27,True
+,4,24,4,24,28,28,16,0.08740234375,-0.08740234375,-0.08740234375,1,28,True
+,4,25,4,25,29,29,9,0.01020050048828125,-0.01020050048828125,-0.01020050048828125,1,29,True
+,4,26,4,26,30,30,1,0.08538818359375,-0.08538818359375,-0.08538818359375,1,30,True
+,4,27,4,27,31,31,0,0.0596923828125,-0.0596923828125,-0.0596923828125,1,31,True
+,4,28,4,28,32,32,6,0.943359375,-0.943359375,-0.943359375,1,32,True
+,4,29,4,29,33,33,0,0.1800537109375,-0.1800537109375,-0.1800537109375,1,33,True
+,4,30,4,30,34,34,4,0.07672119140625,-0.07672119140625,-0.07672119140625,1,34,True
+,4,31,4,31,35,35,0,0.37158203125,-0.37158203125,-0.37158203125,1,35,True
+,4,32,4,32,36,36,6,0.06536865234375,-0.06536865234375,-0.06536865234375,1,36,True
+,4,33,4,33,37,37,0,0.300537109375,-0.300537109375,-0.300537109375,1,37,True
+,4,34,4,34,38,38,0,1.16015625,-1.16015625,-1.16015625,1,38,True
+,4,35,4,35,39,39,1,0.15185546875,-0.15185546875,-0.15185546875,1,39,True
+,4,36,4,36,40,40,4,0.23095703125,-0.23095703125,-0.23095703125,1,40,True
+,4,37,4,37,41,41,0,0.285888671875,-0.285888671875,-0.285888671875,1,41,True
+,4,38,4,38,42,42,1,0.458251953125,-0.458251953125,-0.458251953125,1,42,True
+,4,39,4,39,43,43,1,0.257080078125,-0.257080078125,-0.257080078125,1,43,True
+,4,40,4,40,44,44,4,0.11614990234375,-0.11614990234375,-0.11614990234375,1,44,True
+,4,41,4,41,45,45,1,0.474609375,-0.474609375,-0.474609375,1,45,True
+,4,42,4,42,46,46,0,1.1943359375,-1.1943359375,-1.1943359375,1,58,False
+,4,43,4,43,47,47,0,0.49462890625,-0.49462890625,-0.49462890625,1,47,True
+,4,44,4,44,48,48,0,0.7734375,-0.7734375,-0.7734375,1,48,True
+,4,45,4,45,49,49,1,0.1795654296875,-0.1795654296875,-0.1795654296875,1,49,True
+,4,46,4,46,50,50,0,0.384033203125,-0.384033203125,-0.384033203125,1,50,True
+,4,47,4,47,51,51,0,0.55908203125,-0.55908203125,-0.55908203125,1,51,True
+,4,48,4,48,52,52,6,0.029754638671875,-0.029754638671875,-0.029754638671875,1,52,True
+,4,49,4,49,53,53,6,0.07550048828125,-0.07550048828125,-0.07550048828125,1,53,True
+,4,50,4,50,54,54,12,0.0184326171875,-0.0184326171875,-0.0184326171875,1,54,True
+,4,51,4,51,55,55,2,0.045867919921875,-0.045867919921875,-0.045867919921875,1,55,True
+,4,52,4,52,56,56,0,0.86279296875,-0.86279296875,-0.86279296875,1,56,True
+,4,53,4,53,57,57,0,0.6171875,-0.6171875,-0.6171875,1,57,True
+,4,54,4,54,58,58,2,1.05078125,-1.05078125,-1.05078125,1,58,True
+,4,55,4,55,59,59,0,0.036834716796875,-0.036834716796875,-0.036834716796875,1,59,True
+,4,56,4,56,60,60,0,0.1551513671875,-0.1551513671875,-0.1551513671875,1,60,True
+,4,57,4,57,61,61,0,0.038909912109375,-0.038909912109375,-0.038909912109375,1,61,True
+,4,58,4,58,62,62,0,0.031463623046875,-0.031463623046875,-0.031463623046875,1,62,True
+,4,59,4,59,63,63,0,0.27978515625,-0.27978515625,-0.27978515625,1,63,True
+,4,60,4,60,64,64,1,0.334716796875,-0.334716796875,-0.334716796875,1,64,True
+,4,61,4,61,65,65,0,0.43603515625,-0.43603515625,-0.43603515625,1,65,True
+,4,62,4,62,66,66,0,0.1768798828125,-0.1768798828125,-0.1768798828125,1,66,True
+,4,63,4,63,67,67,0,0.184814453125,-0.184814453125,-0.184814453125,1,67,True
+,4,64,4,64,68,68,5,0.299560546875,-0.299560546875,-0.299560546875,1,68,True
+,4,65,4,65,69,69,0,0.03192138671875,-0.03192138671875,-0.03192138671875,1,69,True
+,4,66,4,66,70,70,1,0.0286712646484375,-0.0286712646484375,-0.0286712646484375,1,70,True
+,4,67,4,67,71,71,0,0.0124053955078125,-0.0124053955078125,-0.0124053955078125,1,71,True
+,4,68,4,68,72,72,0,0.0853271484375,-0.0853271484375,-0.0853271484375,1,72,True
+,4,69,4,69,73,73,0,0.06707763671875,-0.06707763671875,-0.06707763671875,1,73,True
+,4,70,4,70,74,74,0,0.1319580078125,-0.1319580078125,-0.1319580078125,1,74,True
+,4,71,4,71,75,75,0,0.07537841796875,-0.07537841796875,-0.07537841796875,1,75,True
+,4,72,4,72,76,76,1,0.233154296875,-0.233154296875,-0.233154296875,1,76,True
+,4,73,4,73,77,77,0,0.261962890625,-0.261962890625,-0.261962890625,1,77,True
+,4,74,4,74,78,78,0,0.79736328125,-0.79736328125,-0.79736328125,1,78,True
+,4,75,4,75,79,79,0,0.0196533203125,-0.0196533203125,-0.0196533203125,1,79,True
+,4,76,4,76,80,80,0,0.3525390625,-0.3525390625,-0.3525390625,1,80,True
+,4,77,4,77,81,81,1,0.192138671875,-0.192138671875,-0.192138671875,1,81,True
+,4,78,4,78,82,82,0,0.1639404296875,-0.1639404296875,-0.1639404296875,1,82,True
+,4,79,4,79,83,83,0,0.294189453125,-0.294189453125,-0.294189453125,1,83,True
+,4,80,4,80,84,84,1,0.15673828125,-0.15673828125,-0.15673828125,1,84,True
+,4,81,4,81,85,85,3,0.4365234375,-0.4365234375,-0.4365234375,1,85,True
+,4,82,4,82,86,86,0,0.2431640625,-0.2431640625,-0.2431640625,1,86,True
+,4,83,4,83,87,87,0,0.394775390625,-0.394775390625,-0.394775390625,1,87,True
+,4,84,4,84,88,88,0,0.82421875,-0.82421875,-0.82421875,1,88,True
+,4,85,4,85,89,89,0,0.07244873046875,-0.07244873046875,-0.07244873046875,1,89,True
+,4,86,4,86,90,90,0,0.07391357421875,-0.07391357421875,-0.07391357421875,1,90,True
+,4,87,4,87,91,91,0,0.07012939453125,-0.07012939453125,-0.07012939453125,1,91,True
+,4,88,4,88,92,92,0,0.242919921875,-0.242919921875,-0.242919921875,1,92,True
+,4,89,4,89,93,93,0,0.39013671875,-0.39013671875,-0.39013671875,1,93,True
+,4,90,4,90,94,94,0,0.022735595703125,-0.022735595703125,-0.022735595703125,1,94,True
+,4,91,4,91,95,95,0,0.1627197265625,-0.1627197265625,-0.1627197265625,1,95,True
+,4,92,4,92,96,96,0,0.485595703125,-0.485595703125,-0.485595703125,1,96,True
+,4,93,4,93,97,97,0,0.1729736328125,-0.1729736328125,-0.1729736328125,1,97,True
+,4,94,4,94,98,98,0,0.515625,-0.515625,-0.515625,1,98,True
+,4,95,4,95,99,99,0,0.022796630859375,-0.022796630859375,-0.022796630859375,1,99,True
+,4,96,4,96,100,100,7,0.05718994140625,-0.05718994140625,-0.05718994140625,1,100,True
+,4,97,4,97,101,101,1,0.085693359375,-0.085693359375,-0.085693359375,1,101,True
+,4,98,4,98,102,102,0,0.08135986328125,-0.08135986328125,-0.08135986328125,1,102,True
+,4,99,4,99,103,103,2,0.01690673828125,-0.01690673828125,-0.01690673828125,1,103,True
+,4,100,4,100,104,104,3,0.0850830078125,-0.0850830078125,-0.0850830078125,1,104,True
+,5,1,5,1,6,6,413,0.0770263671875,-0.0770263671875,-0.0770263671875,1,6,True
+,5,2,5,2,7,7,299,0.0924072265625,-0.0924072265625,-0.0924072265625,1,7,True
+,5,3,5,3,8,8,364,0.13232421875,-0.13232421875,-0.13232421875,1,8,True
+,5,4,5,4,9,9,349,0.10333251953125,-0.10333251953125,-0.10333251953125,1,9,True
+,5,5,5,5,10,10,551,0.0247650146484375,-0.0247650146484375,-0.0247650146484375,1,10,True
+,5,6,5,6,11,11,211,0.02545166015625,-0.02545166015625,-0.02545166015625,1,11,True
+,5,7,5,7,12,12,346,0.013916015625,-0.013916015625,-0.013916015625,1,12,True
+,5,8,5,8,13,13,167,0.137451171875,-0.137451171875,-0.137451171875,1,13,True
+,5,9,5,9,14,14,70,0.027984619140625,-0.027984619140625,-0.027984619140625,1,14,True
+,5,10,5,10,15,15,107,0.0185394287109375,-0.0185394287109375,-0.0185394287109375,1,15,True
+,5,11,5,11,16,16,25,0.035552978515625,-0.035552978515625,-0.035552978515625,1,16,True
+,5,12,5,12,17,17,32,0.04620361328125,-0.04620361328125,-0.04620361328125,1,17,True
+,5,13,5,13,18,18,13,0.032257080078125,-0.032257080078125,-0.032257080078125,1,18,True
+,5,14,5,14,19,19,10,0.08001708984375,-0.08001708984375,-0.08001708984375,1,19,True
+,5,15,5,15,20,20,38,0.08624267578125,-0.08624267578125,-0.08624267578125,1,20,True
+,5,16,5,16,21,21,15,0.02777099609375,-0.02777099609375,-0.02777099609375,1,21,True
+,5,17,5,17,22,22,7,0.388427734375,-0.388427734375,-0.388427734375,1,22,True
+,5,18,5,18,23,23,7,0.0207366943359375,-0.0207366943359375,-0.0207366943359375,1,23,True
+,5,19,5,19,24,24,5,0.0222320556640625,-0.0222320556640625,-0.0222320556640625,1,24,True
+,5,20,5,20,25,25,22,0.04339599609375,-0.04339599609375,-0.04339599609375,1,25,True
+,5,21,5,21,26,26,3,0.11871337890625,-0.11871337890625,-0.11871337890625,1,26,True
+,5,22,5,22,27,27,2,0.09637451171875,-0.09637451171875,-0.09637451171875,1,27,True
+,5,23,5,23,28,28,1,0.318359375,-0.318359375,-0.318359375,1,28,True
+,5,24,5,24,29,29,4,0.03558349609375,-0.03558349609375,-0.03558349609375,1,29,True
+,5,25,5,25,30,30,5,0.07574462890625,-0.07574462890625,-0.07574462890625,1,30,True
+,5,26,5,26,31,31,2,0.0836181640625,-0.0836181640625,-0.0836181640625,1,31,True
+,5,27,5,27,32,32,8,0.193359375,-0.193359375,-0.193359375,1,32,True
+,5,28,5,28,33,33,3,0.1298828125,-0.1298828125,-0.1298828125,1,33,True
+,5,29,5,29,34,34,0,0.09124755859375,-0.09124755859375,-0.09124755859375,1,34,True
+,5,30,5,30,35,35,3,0.36865234375,-0.36865234375,-0.36865234375,1,35,True
+,5,31,5,31,36,36,2,0.1700439453125,-0.1700439453125,-0.1700439453125,1,36,True
+,5,32,5,32,37,37,2,0.09771728515625,-0.09771728515625,-0.09771728515625,1,37,True
+,5,33,5,33,38,38,0,0.35595703125,-0.35595703125,-0.35595703125,1,38,True
+,5,34,5,34,39,39,3,0.121337890625,-0.121337890625,-0.121337890625,1,39,True
+,5,35,5,35,40,40,6,0.2587890625,-0.2587890625,-0.2587890625,1,40,True
+,5,36,5,36,41,41,3,0.04412841796875,-0.04412841796875,-0.04412841796875,1,41,True
+,5,37,5,37,42,42,1,0.1513671875,-0.1513671875,-0.1513671875,1,42,True
+,5,38,5,38,43,43,3,0.323974609375,-0.323974609375,-0.323974609375,1,43,True
+,5,39,5,39,44,44,0,0.703125,-0.703125,-0.703125,1,44,True
+,5,40,5,40,45,45,5,0.1446533203125,-0.1446533203125,-0.1446533203125,1,45,True
+,5,41,5,41,46,46,0,1.404296875,-1.404296875,-1.404296875,1,46,True
+,5,42,5,42,47,47,0,0.80859375,-0.80859375,-0.80859375,1,47,True
+,5,43,5,43,48,48,0,1.6181640625,-1.6181640625,-1.6181640625,1,38,False
+,5,44,5,44,49,49,0,0.64501953125,-0.64501953125,-0.64501953125,1,49,True
+,5,45,5,45,50,50,4,2.501953125,-2.501953125,-2.501953125,1,64,False
+,5,46,5,46,51,51,0,0.55126953125,-0.55126953125,-0.55126953125,1,51,True
+,5,47,5,47,52,52,0,1.140625,-1.140625,-1.140625,1,62,False
+,5,48,5,48,53,53,1,0.05963134765625,-0.05963134765625,-0.05963134765625,1,53,True
+,5,49,5,49,54,54,0,1.5576171875,-1.5576171875,-1.5576171875,1,64,False
+,5,50,5,50,55,55,4,0.0250091552734375,-0.0250091552734375,-0.0250091552734375,1,55,True
+,5,51,5,51,56,56,1,0.370849609375,-0.370849609375,-0.370849609375,1,56,True
+,5,52,5,52,57,57,0,0.142822265625,-0.142822265625,-0.142822265625,1,57,True
+,5,53,5,53,58,58,0,0.9814453125,-0.9814453125,-0.9814453125,1,58,True
+,5,54,5,54,59,59,0,0.31298828125,-0.31298828125,-0.31298828125,1,59,True
+,5,55,5,55,60,60,1,0.69384765625,-0.69384765625,-0.69384765625,1,60,True
+,5,56,5,56,61,61,1,0.249267578125,-0.249267578125,-0.249267578125,1,61,True
+,5,57,5,57,62,62,0,0.16357421875,-0.16357421875,-0.16357421875,1,62,True
+,5,58,5,58,63,63,1,0.36376953125,-0.36376953125,-0.36376953125,1,63,True
+,5,59,5,59,64,64,0,0.46142578125,-0.46142578125,-0.46142578125,1,64,True
+,5,60,5,60,65,65,0,0.10406494140625,-0.10406494140625,-0.10406494140625,1,65,True
+,5,61,5,61,66,66,0,0.55078125,-0.55078125,-0.55078125,1,66,True
+,5,62,5,62,67,67,0,0.3291015625,-0.3291015625,-0.3291015625,1,67,True
+,5,63,5,63,68,68,0,0.07989501953125,-0.07989501953125,-0.07989501953125,1,68,True
+,5,64,5,64,69,69,0,0.1044921875,-0.1044921875,-0.1044921875,1,69,True
+,5,65,5,65,70,70,1,0.0655517578125,-0.0655517578125,-0.0655517578125,1,70,True
+,5,66,5,66,71,71,1,0.0357666015625,-0.0357666015625,-0.0357666015625,1,71,True
+,5,67,5,67,72,72,1,0.1513671875,-0.1513671875,-0.1513671875,1,72,True
+,5,68,5,68,73,73,1,0.2587890625,-0.2587890625,-0.2587890625,1,73,True
+,5,69,5,69,74,74,0,0.12139892578125,-0.12139892578125,-0.12139892578125,1,74,True
+,5,70,5,70,75,75,0,0.1751708984375,-0.1751708984375,-0.1751708984375,1,75,True
+,5,71,5,71,76,76,0,0.286376953125,-0.286376953125,-0.286376953125,1,76,True
+,5,72,5,72,77,77,0,0.12255859375,-0.12255859375,-0.12255859375,1,77,True
+,5,73,5,73,78,78,0,0.389892578125,-0.389892578125,-0.389892578125,1,78,True
+,5,74,5,74,79,79,0,0.283447265625,-0.283447265625,-0.283447265625,1,79,True
+,5,75,5,75,80,80,0,0.22900390625,-0.22900390625,-0.22900390625,1,80,True
+,5,76,5,76,81,81,0,0.36474609375,-0.36474609375,-0.36474609375,1,81,True
+,5,77,5,77,82,82,0,0.38037109375,-0.38037109375,-0.38037109375,1,82,True
+,5,78,5,78,83,83,0,0.0694580078125,-0.0694580078125,-0.0694580078125,1,83,True
+,5,79,5,79,84,84,1,0.69091796875,-0.69091796875,-0.69091796875,1,84,True
+,5,80,5,80,85,85,1,0.132568359375,-0.132568359375,-0.132568359375,1,85,True
+,5,81,5,81,86,86,0,0.12066650390625,-0.12066650390625,-0.12066650390625,1,86,True
+,5,82,5,82,87,87,0,0.42529296875,-0.42529296875,-0.42529296875,1,87,True
+,5,83,5,83,88,88,0,0.305419921875,-0.305419921875,-0.305419921875,1,88,True
+,5,84,5,84,89,89,0,0.0870361328125,-0.0870361328125,-0.0870361328125,1,89,True
+,5,85,5,85,90,90,0,0.1737060546875,-0.1737060546875,-0.1737060546875,1,90,True
+,5,86,5,86,91,91,0,0.10662841796875,-0.10662841796875,-0.10662841796875,1,91,True
+,5,87,5,87,92,92,1,0.032806396484375,-0.032806396484375,-0.032806396484375,1,92,True
+,5,88,5,88,93,93,0,0.10491943359375,-0.10491943359375,-0.10491943359375,1,93,True
+,5,89,5,89,94,94,0,0.199462890625,-0.199462890625,-0.199462890625,1,94,True
+,5,90,5,90,95,95,0,0.0239410400390625,-0.0239410400390625,-0.0239410400390625,1,95,True
+,5,91,5,91,96,96,0,0.330810546875,-0.330810546875,-0.330810546875,1,96,True
+,5,92,5,92,97,97,0,0.11932373046875,-0.11932373046875,-0.11932373046875,1,97,True
+,5,93,5,93,98,98,0,0.12469482421875,-0.12469482421875,-0.12469482421875,1,98,True
+,5,94,5,94,99,99,0,0.140869140625,-0.140869140625,-0.140869140625,1,99,True
+,5,95,5,95,100,100,1,0.08978271484375,-0.08978271484375,-0.08978271484375,1,100,True
+,5,96,5,96,101,101,1,0.057769775390625,-0.057769775390625,-0.057769775390625,1,101,True
+,5,97,5,97,102,102,0,0.216064453125,-0.216064453125,-0.216064453125,1,102,True
+,5,98,5,98,103,103,0,0.2666015625,-0.2666015625,-0.2666015625,1,103,True
+,5,99,5,99,104,104,0,0.06903076171875,-0.06903076171875,-0.06903076171875,1,104,True
+,5,100,5,100,105,105,1,0.01436614990234375,-0.01436614990234375,-0.01436614990234375,1,105,True
+,6,1,6,1,7,7,284,0.0284576416015625,-0.0284576416015625,-0.0284576416015625,1,7,True
+,6,2,6,2,8,8,221,0.040283203125,-0.040283203125,-0.040283203125,1,8,True
+,6,3,6,3,9,9,204,0.00794219970703125,-0.00794219970703125,-0.00794219970703125,1,9,True
+,6,4,6,4,10,10,257,0.019500732421875,-0.019500732421875,-0.019500732421875,1,10,True
+,6,5,6,5,11,11,177,0.01311492919921875,-0.01311492919921875,-0.01311492919921875,1,11,True
+,6,6,6,6,12,12,218,0.030548095703125,-0.030548095703125,-0.030548095703125,1,12,True
+,6,7,6,7,13,13,123,0.007904052734375,-0.007904052734375,-0.007904052734375,1,13,True
+,6,8,6,8,14,14,109,0.2099609375,-0.2099609375,-0.2099609375,1,14,True
+,6,9,6,9,15,15,82,0.0283355712890625,-0.0283355712890625,-0.0283355712890625,1,15,True
+,6,10,6,10,16,16,54,0.0286102294921875,-0.0286102294921875,-0.0286102294921875,1,16,True
+,6,11,6,11,17,17,14,0.01568603515625,-0.01568603515625,-0.01568603515625,1,17,True
+,6,12,6,12,18,18,21,0.0347900390625,-0.0347900390625,-0.0347900390625,1,18,True
+,6,13,6,13,19,19,8,0.012451171875,-0.012451171875,-0.012451171875,1,19,True
+,6,14,6,14,20,20,11,0.052703857421875,-0.052703857421875,-0.052703857421875,1,20,True
+,6,15,6,15,21,21,34,0.013458251953125,-0.013458251953125,-0.013458251953125,1,21,True
+,6,16,6,16,22,22,8,0.048065185546875,-0.048065185546875,-0.048065185546875,1,22,True
+,6,17,6,17,23,23,7,0.1976318359375,-0.1976318359375,-0.1976318359375,1,23,True
+,6,18,6,18,24,24,15,0.211669921875,-0.211669921875,-0.211669921875,1,24,True
+,6,19,6,19,25,25,8,0.0277099609375,-0.0277099609375,-0.0277099609375,1,25,True
+,6,20,6,20,26,26,13,0.059722900390625,-0.059722900390625,-0.059722900390625,1,26,True
+,6,21,6,21,27,27,5,0.07806396484375,-0.07806396484375,-0.07806396484375,1,27,True
+,6,22,6,22,28,28,3,0.169189453125,-0.169189453125,-0.169189453125,1,28,True
+,6,23,6,23,29,29,1,0.455078125,-0.455078125,-0.455078125,1,29,True
+,6,24,6,24,30,30,7,0.12091064453125,-0.12091064453125,-0.12091064453125,1,30,True
+,6,25,6,25,31,31,2,0.033233642578125,-0.033233642578125,-0.033233642578125,1,31,True
+,6,26,6,26,32,32,0,0.048919677734375,-0.048919677734375,-0.048919677734375,1,32,True
+,6,27,6,27,33,33,2,0.289306640625,-0.289306640625,-0.289306640625,1,33,True
+,6,28,6,28,34,34,3,0.339599609375,-0.339599609375,-0.339599609375,1,34,True
+,6,29,6,29,35,35,0,0.200439453125,-0.200439453125,-0.200439453125,1,35,True
+,6,30,6,30,36,36,6,0.08251953125,-0.08251953125,-0.08251953125,1,36,True
+,6,31,6,31,37,37,3,0.0301513671875,-0.0301513671875,-0.0301513671875,1,37,True
+,6,32,6,32,38,38,2,0.043182373046875,-0.043182373046875,-0.043182373046875,1,38,True
+,6,33,6,33,39,39,2,0.0307464599609375,-0.0307464599609375,-0.0307464599609375,1,39,True
+,6,34,6,34,40,40,0,0.05609130859375,-0.05609130859375,-0.05609130859375,1,40,True
+,6,35,6,35,41,41,1,0.01421356201171875,-0.01421356201171875,-0.01421356201171875,1,41,True
+,6,36,6,36,42,42,2,0.043426513671875,-0.043426513671875,-0.043426513671875,1,42,True
+,6,37,6,37,43,43,1,0.046844482421875,-0.046844482421875,-0.046844482421875,1,43,True
+,6,38,6,38,44,44,0,0.1591796875,-0.1591796875,-0.1591796875,1,44,True
+,6,39,6,39,45,45,0,0.0849609375,-0.0849609375,-0.0849609375,1,45,True
+,6,40,6,40,46,46,1,0.1517333984375,-0.1517333984375,-0.1517333984375,1,46,True
+,6,41,6,41,47,47,0,0.78125,-0.78125,-0.78125,1,47,True
+,6,42,6,42,48,48,1,1.1142578125,-1.1142578125,-1.1142578125,1,48,True
+,6,43,6,43,49,49,0,2.97265625,-2.97265625,-2.97265625,1,19,False
+,6,44,6,44,50,50,1,0.77880859375,-0.77880859375,-0.77880859375,1,50,True
+,6,45,6,45,51,51,0,0.99169921875,-0.99169921875,-0.99169921875,1,41,False
+,6,46,6,46,52,52,1,0.65966796875,-0.65966796875,-0.65966796875,1,52,True
+,6,47,6,47,53,53,0,1.181640625,-1.181640625,-1.181640625,1,53,True
+,6,48,6,48,54,54,3,0.161376953125,-0.161376953125,-0.161376953125,1,54,True
+,6,49,6,49,55,55,0,0.5224609375,-0.5224609375,-0.5224609375,1,55,True
+,6,50,6,50,56,56,0,0.1910400390625,-0.1910400390625,-0.1910400390625,1,56,True
+,6,51,6,51,57,57,1,0.66162109375,-0.66162109375,-0.66162109375,1,57,True
+,6,52,6,52,58,58,1,1.08203125,-1.08203125,-1.08203125,1,58,True
+,6,53,6,53,59,59,0,1.669921875,-1.669921875,-1.669921875,1,79,False
+,6,54,6,54,60,60,1,0.6904296875,-0.6904296875,-0.6904296875,1,60,True
+,6,55,6,55,61,61,4,1.0390625,-1.0390625,-1.0390625,1,71,False
+,6,56,6,56,62,62,1,0.385498046875,-0.385498046875,-0.385498046875,1,62,True
+,6,57,6,57,63,63,0,0.203857421875,-0.203857421875,-0.203857421875,1,63,True
+,6,58,6,58,64,64,0,0.1773681640625,-0.1773681640625,-0.1773681640625,1,64,True
+,6,59,6,59,65,65,0,0.541015625,-0.541015625,-0.541015625,1,65,True
+,6,60,6,60,66,66,1,0.1641845703125,-0.1641845703125,-0.1641845703125,1,66,True
+,6,61,6,61,67,67,0,0.67724609375,-0.67724609375,-0.67724609375,1,67,True
+,6,62,6,62,68,68,0,0.7568359375,-0.7568359375,-0.7568359375,1,68,True
+,6,63,6,63,69,69,0,0.12176513671875,-0.12176513671875,-0.12176513671875,1,69,True
+,6,64,6,64,70,70,0,0.416015625,-0.416015625,-0.416015625,1,70,True
+,6,65,6,65,71,71,0,0.09130859375,-0.09130859375,-0.09130859375,1,71,True
+,6,66,6,66,72,72,0,0.09808349609375,-0.09808349609375,-0.09808349609375,1,72,True
+,6,67,6,67,73,73,1,0.26953125,-0.26953125,-0.26953125,1,73,True
+,6,68,6,68,74,74,1,0.303955078125,-0.303955078125,-0.303955078125,1,74,True
+,6,69,6,69,75,75,1,0.493896484375,-0.493896484375,-0.493896484375,1,75,True
+,6,70,6,70,76,76,0,0.1424560546875,-0.1424560546875,-0.1424560546875,1,76,True
+,6,71,6,71,77,77,0,0.025390625,-0.025390625,-0.025390625,1,77,True
+,6,72,6,72,78,78,1,0.101806640625,-0.101806640625,-0.101806640625,1,78,True
+,6,73,6,73,79,79,0,0.06317138671875,-0.06317138671875,-0.06317138671875,1,79,True
+,6,74,6,74,80,80,0,0.1783447265625,-0.1783447265625,-0.1783447265625,1,80,True
+,6,75,6,75,81,81,0,0.0101470947265625,-0.0101470947265625,-0.0101470947265625,1,81,True
+,6,76,6,76,82,82,0,0.06304931640625,-0.06304931640625,-0.06304931640625,1,82,True
+,6,77,6,77,83,83,0,0.0413818359375,-0.0413818359375,-0.0413818359375,1,83,True
+,6,78,6,78,84,84,1,0.064208984375,-0.064208984375,-0.064208984375,1,84,True
+,6,79,6,79,85,85,0,0.1341552734375,-0.1341552734375,-0.1341552734375,1,85,True
+,6,80,6,80,86,86,0,0.038726806640625,-0.038726806640625,-0.038726806640625,1,86,True
+,6,81,6,81,87,87,0,0.87060546875,-0.87060546875,-0.87060546875,1,87,True
+,6,82,6,82,88,88,0,0.32958984375,-0.32958984375,-0.32958984375,1,88,True
+,6,83,6,83,89,89,0,0.09368896484375,-0.09368896484375,-0.09368896484375,1,89,True
+,6,84,6,84,90,90,0,0.21826171875,-0.21826171875,-0.21826171875,1,90,True
+,6,85,6,85,91,91,0,0.295166015625,-0.295166015625,-0.295166015625,1,91,True
+,6,86,6,86,92,92,0,0.120849609375,-0.120849609375,-0.120849609375,1,92,True
+,6,87,6,87,93,93,0,0.112060546875,-0.112060546875,-0.112060546875,1,93,True
+,6,88,6,88,94,94,1,0.50439453125,-0.50439453125,-0.50439453125,1,94,True
+,6,89,6,89,95,95,0,0.13720703125,-0.13720703125,-0.13720703125,1,95,True
+,6,90,6,90,96,96,0,0.3134765625,-0.3134765625,-0.3134765625,1,96,True
+,6,91,6,91,97,97,0,2.296875,-2.296875,-2.296875,1,107,False
+,6,92,6,92,98,98,1,0.389404296875,-0.389404296875,-0.389404296875,1,98,True
+,6,93,6,93,99,99,0,0.5224609375,-0.5224609375,-0.5224609375,1,99,True
+,6,94,6,94,100,100,0,0.388671875,-0.388671875,-0.388671875,1,100,True
+,6,95,6,95,101,101,0,0.466064453125,-0.466064453125,-0.466064453125,1,101,True
+,6,96,6,96,102,102,0,0.1695556640625,-0.1695556640625,-0.1695556640625,1,102,True
+,6,97,6,97,103,103,0,0.3583984375,-0.3583984375,-0.3583984375,1,103,True
+,6,98,6,98,104,104,0,1.58984375,-1.58984375,-1.58984375,1,104,True
+,6,99,6,99,105,105,0,0.206787109375,-0.206787109375,-0.206787109375,1,105,True
+,6,100,6,100,106,106,2,0.0272674560546875,-0.0272674560546875,-0.0272674560546875,1,106,True
+,7,1,7,1,8,8,184,0.052764892578125,-0.052764892578125,-0.052764892578125,1,8,True
+,7,2,7,2,9,9,158,0.00673675537109375,-0.00673675537109375,-0.00673675537109375,1,9,True
+,7,3,7,3,10,10,184,0.0196533203125,-0.0196533203125,-0.0196533203125,1,10,True
+,7,4,7,4,11,11,131,0.1519775390625,-0.1519775390625,-0.1519775390625,1,11,True
+,7,5,7,5,12,12,465,0.0265960693359375,-0.0265960693359375,-0.0265960693359375,1,12,True
+,7,6,7,6,13,13,119,0.072509765625,-0.072509765625,-0.072509765625,1,13,True
+,7,7,7,7,14,14,124,0.0469970703125,-0.0469970703125,-0.0469970703125,1,14,True
+,7,8,7,8,15,15,102,0.0081939697265625,-0.0081939697265625,-0.0081939697265625,1,15,True
+,7,9,7,9,16,16,67,0.127685546875,-0.127685546875,-0.127685546875,1,16,True
+,7,10,7,10,17,17,27,0.08721923828125,-0.08721923828125,-0.08721923828125,1,17,True
+,7,11,7,11,18,18,39,0.1136474609375,-0.1136474609375,-0.1136474609375,1,18,True
+,7,12,7,12,19,19,18,0.051116943359375,-0.051116943359375,-0.051116943359375,1,19,True
+,7,13,7,13,20,20,22,0.06671142578125,-0.06671142578125,-0.06671142578125,1,20,True
+,7,14,7,14,21,21,18,0.04852294921875,-0.04852294921875,-0.04852294921875,1,21,True
+,7,15,7,15,22,22,17,0.427978515625,-0.427978515625,-0.427978515625,1,22,True
+,7,16,7,16,23,23,9,0.218017578125,-0.218017578125,-0.218017578125,1,23,True
+,7,17,7,17,24,24,9,0.89013671875,-0.89013671875,-0.89013671875,1,24,True
+,7,18,7,18,25,25,2,0.0885009765625,-0.0885009765625,-0.0885009765625,1,25,True
+,7,19,7,19,26,26,8,0.1251220703125,-0.1251220703125,-0.1251220703125,1,26,True
+,7,20,7,20,27,27,9,0.179931640625,-0.179931640625,-0.179931640625,1,27,True
+,7,21,7,21,28,28,11,0.224853515625,-0.224853515625,-0.224853515625,1,28,True
+,7,22,7,22,29,29,4,0.5771484375,-0.5771484375,-0.5771484375,1,29,True
+,7,23,7,23,30,30,1,0.64794921875,-0.64794921875,-0.64794921875,1,30,True
+,7,24,7,24,31,31,3,0.0276336669921875,-0.0276336669921875,-0.0276336669921875,1,31,True
+,7,25,7,25,32,32,1,0.28125,-0.28125,-0.28125,1,32,True
+,7,26,7,26,33,33,2,0.0248260498046875,-0.0248260498046875,-0.0248260498046875,1,33,True
+,7,27,7,27,34,34,3,0.380615234375,-0.380615234375,-0.380615234375,1,34,True
+,7,28,7,28,35,35,4,0.362060546875,-0.362060546875,-0.362060546875,1,35,True
+,7,29,7,29,36,36,0,0.1829833984375,-0.1829833984375,-0.1829833984375,1,36,True
+,7,30,7,30,37,37,0,0.02764892578125,-0.02764892578125,-0.02764892578125,1,37,True
+,7,31,7,31,38,38,1,0.2103271484375,-0.2103271484375,-0.2103271484375,1,38,True
+,7,32,7,32,39,39,6,0.004070281982421875,-0.004070281982421875,-0.004070281982421875,1,39,True
+,7,33,7,33,40,40,0,0.0237274169921875,-0.0237274169921875,-0.0237274169921875,1,40,True
+,7,34,7,34,41,41,0,0.08660888671875,-0.08660888671875,-0.08660888671875,1,41,True
+,7,35,7,35,42,42,2,0.057586669921875,-0.057586669921875,-0.057586669921875,1,42,True
+,7,36,7,36,43,43,1,0.0838623046875,-0.0838623046875,-0.0838623046875,1,43,True
+,7,37,7,37,44,44,0,0.6845703125,-0.6845703125,-0.6845703125,1,44,True
+,7,38,7,38,45,45,0,0.046112060546875,-0.046112060546875,-0.046112060546875,1,45,True
+,7,39,7,39,46,46,1,0.07659912109375,-0.07659912109375,-0.07659912109375,1,46,True
+,7,40,7,40,47,47,0,0.276123046875,-0.276123046875,-0.276123046875,1,47,True
+,7,41,7,41,48,48,0,0.70703125,-0.70703125,-0.70703125,1,48,True
+,7,42,7,42,49,49,4,0.890625,-0.890625,-0.890625,1,49,True
+,7,43,7,43,50,50,0,1.630859375,-1.630859375,-1.630859375,1,60,False
+,7,44,7,44,51,51,0,0.6962890625,-0.6962890625,-0.6962890625,1,51,True
+,7,45,7,45,52,52,2,0.580078125,-0.580078125,-0.580078125,1,52,True
+,7,46,7,46,53,53,0,0.6787109375,-0.6787109375,-0.6787109375,1,53,True
+,7,47,7,47,54,54,0,0.51806640625,-0.51806640625,-0.51806640625,1,54,True
+,7,48,7,48,55,55,0,0.0220794677734375,-0.0220794677734375,-0.0220794677734375,1,55,True
+,7,49,7,49,56,56,0,1.724609375,-1.724609375,-1.724609375,1,66,False
+,7,50,7,50,57,57,4,0.2705078125,-0.2705078125,-0.2705078125,1,57,True
+,7,51,7,51,58,58,0,1.57421875,-1.57421875,-1.57421875,1,68,False
+,7,52,7,52,59,59,1,1.2216796875,-1.2216796875,-1.2216796875,1,59,True
+,7,53,7,53,60,60,1,0.53515625,-0.53515625,-0.53515625,1,60,True
+,7,54,7,54,61,61,1,0.361572265625,-0.361572265625,-0.361572265625,1,61,True
+,7,55,7,55,62,62,0,0.34228515625,-0.34228515625,-0.34228515625,1,62,True
+,7,56,7,56,63,63,0,1.001953125,-1.001953125,-1.001953125,1,63,True
+,7,57,7,57,64,64,1,0.91796875,-0.91796875,-0.91796875,1,64,True
+,7,58,7,58,65,65,0,1.515625,-1.515625,-1.515625,1,69,False
+,7,59,7,59,66,66,0,1.841796875,-1.841796875,-1.841796875,1,70,False
+,7,60,7,60,67,67,0,2.8046875,-2.8046875,-2.8046875,1,71,False
+,7,61,7,61,68,68,0,1.2548828125,-1.2548828125,-1.2548828125,1,70,False
+,7,62,7,62,69,69,8,0.117431640625,-0.117431640625,-0.117431640625,1,69,True
+,7,63,7,63,70,70,0,0.078857421875,-0.078857421875,-0.078857421875,1,70,True
+,7,64,7,64,71,71,1,0.472412109375,-0.472412109375,-0.472412109375,1,71,True
+,7,65,7,65,72,72,0,0.68994140625,-0.68994140625,-0.68994140625,1,72,True
+,7,66,7,66,73,73,0,0.76318359375,-0.76318359375,-0.76318359375,1,73,True
+,7,67,7,67,74,74,0,1.419921875,-1.419921875,-1.419921875,1,70,False
+,7,68,7,68,75,75,0,2.279296875,-2.279296875,-2.279296875,1,55,False
+,7,69,7,69,76,76,0,1.353515625,-1.353515625,-1.353515625,1,76,True
+,7,70,7,70,77,77,3,0.7568359375,-0.7568359375,-0.7568359375,1,77,True
+,7,71,7,71,78,78,0,1.4814453125,-1.4814453125,-1.4814453125,1,70,False
+,7,72,7,72,79,79,1,1.37890625,-1.37890625,-1.37890625,1,79,True
+,7,73,7,73,80,80,0,1.7685546875,-1.7685546875,-1.7685546875,1,70,False
+,7,74,7,74,81,81,0,1.3740234375,-1.3740234375,-1.3740234375,1,71,False
+,7,75,7,75,82,82,0,0.826171875,-0.826171875,-0.826171875,1,82,True
+,7,76,7,76,83,83,0,1.5517578125,-1.5517578125,-1.5517578125,1,85,False
+,7,77,7,77,84,84,0,2.046875,-2.046875,-2.046875,1,74,False
+,7,78,7,78,85,85,0,0.275390625,-0.275390625,-0.275390625,1,85,True
+,7,79,7,79,86,86,0,0.6474609375,-0.6474609375,-0.6474609375,1,86,True
+,7,80,7,80,87,87,0,0.619140625,-0.619140625,-0.619140625,1,87,True
+,7,81,7,81,88,88,0,0.451904296875,-0.451904296875,-0.451904296875,1,88,True
+,7,82,7,82,89,89,0,0.392822265625,-0.392822265625,-0.392822265625,1,89,True
+,7,83,7,83,90,90,0,0.151123046875,-0.151123046875,-0.151123046875,1,90,True
+,7,84,7,84,91,91,0,0.84130859375,-0.84130859375,-0.84130859375,1,91,True
+,7,85,7,85,92,92,0,0.353271484375,-0.353271484375,-0.353271484375,1,92,True
+,7,86,7,86,93,93,0,0.280029296875,-0.280029296875,-0.280029296875,1,93,True
+,7,87,7,87,94,94,0,0.30322265625,-0.30322265625,-0.30322265625,1,94,True
+,7,88,7,88,95,95,0,1.0859375,-1.0859375,-1.0859375,1,95,True
+,7,89,7,89,96,96,1,1.1484375,-1.1484375,-1.1484375,1,86,False
+,7,90,7,90,97,97,0,0.529296875,-0.529296875,-0.529296875,1,97,True
+,7,91,7,91,98,98,0,0.95166015625,-0.95166015625,-0.95166015625,1,98,True
+,7,92,7,92,99,99,2,0.27685546875,-0.27685546875,-0.27685546875,1,99,True
+,7,93,7,93,100,100,0,0.07110595703125,-0.07110595703125,-0.07110595703125,1,100,True
+,7,94,7,94,101,101,0,0.82861328125,-0.82861328125,-0.82861328125,1,101,True
+,7,95,7,95,102,102,0,0.4658203125,-0.4658203125,-0.4658203125,1,102,True
+,7,96,7,96,103,103,0,0.426513671875,-0.426513671875,-0.426513671875,1,103,True
+,7,97,7,97,104,104,0,1.6533203125,-1.6533203125,-1.6533203125,1,100,False
+,7,98,7,98,105,105,0,1.66796875,-1.66796875,-1.66796875,1,101,False
+,7,99,7,99,106,106,1,0.55322265625,-0.55322265625,-0.55322265625,1,106,True
+,7,100,7,100,107,107,1,0.320068359375,-0.320068359375,-0.320068359375,1,107,True
+,8,1,8,1,9,9,283,0.1644287109375,-0.1644287109375,-0.1644287109375,1,9,True
+,8,2,8,2,10,10,205,0.0460205078125,-0.0460205078125,-0.0460205078125,1,10,True
+,8,3,8,3,11,11,137,0.02362060546875,-0.02362060546875,-0.02362060546875,1,11,True
+,8,4,8,4,12,12,168,0.158203125,-0.158203125,-0.158203125,1,12,True
+,8,5,8,5,13,13,114,0.038238525390625,-0.038238525390625,-0.038238525390625,1,13,True
+,8,6,8,6,14,14,124,0.2364501953125,-0.2364501953125,-0.2364501953125,1,14,True
+,8,7,8,7,15,15,87,0.024810791015625,-0.024810791015625,-0.024810791015625,1,15,True
+,8,8,8,8,16,16,213,0.44873046875,-0.44873046875,-0.44873046875,1,16,True
+,8,9,8,9,17,17,61,0.0229034423828125,-0.0229034423828125,-0.0229034423828125,1,17,True
+,8,10,8,10,18,18,41,0.11962890625,-0.11962890625,-0.11962890625,1,18,True
+,8,11,8,11,19,19,14,0.01499176025390625,-0.01499176025390625,-0.01499176025390625,1,19,True
+,8,12,8,12,20,20,46,0.0191497802734375,-0.0191497802734375,-0.0191497802734375,1,20,True
+,8,13,8,13,21,21,38,0.08319091796875,-0.08319091796875,-0.08319091796875,1,21,True
+,8,14,8,14,22,22,10,0.58251953125,-0.58251953125,-0.58251953125,1,22,True
+,8,15,8,15,23,23,18,0.051910400390625,-0.051910400390625,-0.051910400390625,1,23,True
+,8,16,8,16,24,24,34,0.337890625,-0.337890625,-0.337890625,1,24,True
+,8,17,8,17,25,25,11,0.1451416015625,-0.1451416015625,-0.1451416015625,1,25,True
+,8,18,8,18,26,26,21,0.64306640625,-0.64306640625,-0.64306640625,1,26,True
+,8,19,8,19,27,27,4,0.1414794921875,-0.1414794921875,-0.1414794921875,1,27,True
+,8,20,8,20,28,28,9,0.55859375,-0.55859375,-0.55859375,1,28,True
+,8,21,8,21,29,29,6,0.412841796875,-0.412841796875,-0.412841796875,1,29,True
+,8,22,8,22,30,30,2,1.3056640625,-1.3056640625,-1.3056640625,1,10,False
+,8,23,8,23,31,31,4,0.25390625,-0.25390625,-0.25390625,1,31,True
+,8,24,8,24,32,32,6,1.701171875,-1.701171875,-1.701171875,1,32,True
+,8,25,8,25,33,33,4,1.306640625,-1.306640625,-1.306640625,1,37,False
+,8,26,8,26,34,34,1,0.3232421875,-0.3232421875,-0.3232421875,1,34,True
+,8,27,8,27,35,35,7,0.03857421875,-0.03857421875,-0.03857421875,1,35,True
+,8,28,8,28,36,36,6,0.413330078125,-0.413330078125,-0.413330078125,1,36,True
+,8,29,8,29,37,37,1,0.2301025390625,-0.2301025390625,-0.2301025390625,1,37,True
+,8,30,8,30,38,38,0,0.054229736328125,-0.054229736328125,-0.054229736328125,1,38,True
+,8,31,8,31,39,39,1,0.0155181884765625,-0.0155181884765625,-0.0155181884765625,1,39,True
+,8,32,8,32,40,40,12,0.1314697265625,-0.1314697265625,-0.1314697265625,1,40,True
+,8,33,8,33,41,41,0,0.0171966552734375,-0.0171966552734375,-0.0171966552734375,1,41,True
+,8,34,8,34,42,42,0,0.2188720703125,-0.2188720703125,-0.2188720703125,1,42,True
+,8,35,8,35,43,43,2,0.265625,-0.265625,-0.265625,1,43,True
+,8,36,8,36,44,44,0,0.5615234375,-0.5615234375,-0.5615234375,1,44,True
+,8,37,8,37,45,45,0,0.306396484375,-0.306396484375,-0.306396484375,1,45,True
+,8,38,8,38,46,46,2,0.0897216796875,-0.0897216796875,-0.0897216796875,1,46,True
+,8,39,8,39,47,47,2,0.0285491943359375,-0.0285491943359375,-0.0285491943359375,1,47,True
+,8,40,8,40,48,48,2,0.332763671875,-0.332763671875,-0.332763671875,1,48,True
+,8,41,8,41,49,49,0,0.361083984375,-0.361083984375,-0.361083984375,1,49,True
+,8,42,8,42,50,50,0,0.49267578125,-0.49267578125,-0.49267578125,1,50,True
+,8,43,8,43,51,51,1,1.171875,-1.171875,-1.171875,1,31,False
+,8,44,8,44,52,52,0,0.2132568359375,-0.2132568359375,-0.2132568359375,1,52,True
+,8,45,8,45,53,53,2,0.277099609375,-0.277099609375,-0.277099609375,1,53,True
+,8,46,8,46,54,54,1,0.7373046875,-0.7373046875,-0.7373046875,1,54,True
+,8,47,8,47,55,55,0,0.033050537109375,-0.033050537109375,-0.033050537109375,1,55,True
+,8,48,8,48,56,56,0,0.1905517578125,-0.1905517578125,-0.1905517578125,1,56,True
+,8,49,8,49,57,57,0,0.6318359375,-0.6318359375,-0.6318359375,1,57,True
+,8,50,8,50,58,58,1,0.107177734375,-0.107177734375,-0.107177734375,1,58,True
+,8,51,8,51,59,59,1,0.275634765625,-0.275634765625,-0.275634765625,1,59,True
+,8,52,8,52,60,60,0,0.4287109375,-0.4287109375,-0.4287109375,1,60,True
+,8,53,8,53,61,61,0,0.408203125,-0.408203125,-0.408203125,1,61,True
+,8,54,8,54,62,62,0,0.19189453125,-0.19189453125,-0.19189453125,1,62,True
+,8,55,8,55,63,63,0,0.92529296875,-0.92529296875,-0.92529296875,1,63,True
+,8,56,8,56,64,64,3,1.712890625,-1.712890625,-1.712890625,1,68,False
+,8,57,8,57,65,65,0,1.20703125,-1.20703125,-1.20703125,1,65,True
+,8,58,8,58,66,66,0,2.078125,-2.078125,-2.078125,1,70,False
+,8,59,8,59,67,67,0,0.69677734375,-0.69677734375,-0.69677734375,1,67,True
+,8,60,8,60,68,68,1,0.097412109375,-0.097412109375,-0.097412109375,1,68,True
+,8,61,8,61,69,69,0,0.353759765625,-0.353759765625,-0.353759765625,1,69,True
+,8,62,8,62,70,70,1,0.220947265625,-0.220947265625,-0.220947265625,1,70,True
+,8,63,8,63,71,71,0,0.349365234375,-0.349365234375,-0.349365234375,1,71,True
+,8,64,8,64,72,72,6,1.6787109375,-1.6787109375,-1.6787109375,1,72,True
+,8,65,8,65,73,73,0,2.869140625,-2.869140625,-2.869140625,1,23,False
+,8,66,8,66,74,74,0,1.412109375,-1.412109375,-1.412109375,1,74,True
+,8,67,8,67,75,75,0,1.9609375,-1.9609375,-1.9609375,1,55,False
+,8,68,8,68,76,76,0,1.0322265625,-1.0322265625,-1.0322265625,1,76,True
+,8,69,8,69,77,77,0,4.19921875,-4.19921875,-4.19921875,1,17,False
+,8,70,8,70,78,78,0,3.224609375,-3.224609375,-3.224609375,1,58,False
+,8,71,8,71,79,79,0,1.494140625,-1.494140625,-1.494140625,1,59,False
+,8,72,8,72,80,80,1,3.228515625,-3.228515625,-3.228515625,1,68,False
+,8,73,8,73,81,81,0,3.90234375,-3.90234375,-3.90234375,1,61,False
+,8,74,8,74,82,82,0,4.4765625,-4.4765625,-4.4765625,1,62,False
+,8,75,8,75,83,83,0,2.736328125,-2.736328125,-2.736328125,1,71,False
+,8,76,8,76,84,84,0,4.52734375,-4.52734375,-4.52734375,1,55,False
+,8,77,8,77,85,85,1,2.98828125,-2.98828125,-2.98828125,1,65,False
+,8,78,8,78,86,86,1,3.107421875,-3.107421875,-3.107421875,1,70,False
+,8,79,8,79,87,87,0,2.927734375,-2.927734375,-2.927734375,1,67,False
+,8,80,8,80,88,88,2,1.4267578125,-1.4267578125,-1.4267578125,1,68,False
+,8,81,8,81,89,89,0,2.0703125,-2.0703125,-2.0703125,1,19,False
+,8,82,8,82,90,90,0,1.41015625,-1.41015625,-1.41015625,1,70,False
+,8,83,8,83,91,91,0,1.2490234375,-1.2490234375,-1.2490234375,1,71,False
+,8,84,8,84,92,92,0,1.9912109375,-1.9912109375,-1.9912109375,1,71,False
+,8,85,8,85,93,93,0,2.048828125,-2.048828125,-2.048828125,1,91,False
+,8,86,8,86,94,94,0,0.3740234375,-0.3740234375,-0.3740234375,1,94,True
+,8,87,8,87,95,95,0,0.234130859375,-0.234130859375,-0.234130859375,1,95,True
+,8,88,8,88,96,96,2,4.71875,-4.71875,-4.71875,1,76,False
+,8,89,8,89,97,97,0,0.2900390625,-0.2900390625,-0.2900390625,1,97,True
+,8,90,8,90,98,98,1,0.22705078125,-0.22705078125,-0.22705078125,1,98,True
+,8,91,8,91,99,99,1,0.6123046875,-0.6123046875,-0.6123046875,1,99,True
+,8,92,8,92,100,100,0,0.1953125,-0.1953125,-0.1953125,1,100,True
+,8,93,8,93,101,101,0,0.417236328125,-0.417236328125,-0.417236328125,1,101,True
+,8,94,8,94,102,102,0,0.6904296875,-0.6904296875,-0.6904296875,1,102,True
+,8,95,8,95,103,103,2,0.4267578125,-0.4267578125,-0.4267578125,1,103,True
+,8,96,8,96,104,104,5,1.462890625,-1.462890625,-1.462890625,1,104,True
+,8,97,8,97,105,105,0,1.63671875,-1.63671875,-1.63671875,1,115,False
+,8,98,8,98,106,106,0,2.283203125,-2.283203125,-2.283203125,1,70,False
+,8,99,8,99,107,107,1,0.2344970703125,-0.2344970703125,-0.2344970703125,1,107,True
+,8,100,8,100,108,108,1,0.5458984375,-0.5458984375,-0.5458984375,1,108,True
+,9,1,9,1,10,10,204,0.08984375,-0.08984375,-0.08984375,1,10,True
+,9,2,9,2,11,11,165,0.0513916015625,-0.0513916015625,-0.0513916015625,1,11,True
+,9,3,9,3,12,12,110,0.041717529296875,-0.041717529296875,-0.041717529296875,1,12,True
+,9,4,9,4,13,13,117,0.051483154296875,-0.051483154296875,-0.051483154296875,1,13,True
+,9,5,9,5,14,14,90,0.01232147216796875,-0.01232147216796875,-0.01232147216796875,1,14,True
+,9,6,9,6,15,15,110,0.09820556640625,-0.09820556640625,-0.09820556640625,1,15,True
+,9,7,9,7,16,16,77,0.049468994140625,-0.049468994140625,-0.049468994140625,1,16,True
+,9,8,9,8,17,17,61,0.03228759765625,-0.03228759765625,-0.03228759765625,1,17,True
+,9,9,9,9,18,18,165,0.12384033203125,-0.12384033203125,-0.12384033203125,1,18,True
+,9,10,9,10,19,19,24,0.10504150390625,-0.10504150390625,-0.10504150390625,1,19,True
+,9,11,9,11,20,20,38,0.040863037109375,-0.040863037109375,-0.040863037109375,1,20,True
+,9,12,9,12,21,21,25,0.01258087158203125,-0.01258087158203125,-0.01258087158203125,1,21,True
+,9,13,9,13,22,22,4,0.50146484375,-0.50146484375,-0.50146484375,1,22,True
+,9,14,9,14,23,23,14,0.12054443359375,-0.12054443359375,-0.12054443359375,1,23,True
+,9,15,9,15,24,24,12,0.03302001953125,-0.03302001953125,-0.03302001953125,1,24,True
+,9,16,9,16,25,25,133,0.11083984375,-0.11083984375,-0.11083984375,1,25,True
+,9,17,9,17,26,26,4,0.0110015869140625,-0.0110015869140625,-0.0110015869140625,1,26,True
+,9,18,9,18,27,27,12,0.08197021484375,-0.08197021484375,-0.08197021484375,1,27,True
+,9,19,9,19,28,28,2,0.1363525390625,-0.1363525390625,-0.1363525390625,1,28,True
+,9,20,9,20,29,29,8,0.08929443359375,-0.08929443359375,-0.08929443359375,1,29,True
+,9,21,9,21,30,30,4,0.10711669921875,-0.10711669921875,-0.10711669921875,1,30,True
+,9,22,9,22,31,31,5,0.0716552734375,-0.0716552734375,-0.0716552734375,1,31,True
+,9,23,9,23,32,32,1,0.6611328125,-0.6611328125,-0.6611328125,1,32,True
+,9,24,9,24,33,33,4,0.1007080078125,-0.1007080078125,-0.1007080078125,1,33,True
+,9,25,9,25,34,34,15,0.051513671875,-0.051513671875,-0.051513671875,1,34,True
+,9,26,9,26,35,35,1,0.0718994140625,-0.0718994140625,-0.0718994140625,1,35,True
+,9,27,9,27,36,36,6,0.48046875,-0.48046875,-0.48046875,1,36,True
+,9,28,9,28,37,37,2,0.087646484375,-0.087646484375,-0.087646484375,1,37,True
+,9,29,9,29,38,38,2,0.2349853515625,-0.2349853515625,-0.2349853515625,1,38,True
+,9,30,9,30,39,39,2,0.01171112060546875,-0.01171112060546875,-0.01171112060546875,1,39,True
+,9,31,9,31,40,40,2,0.11865234375,-0.11865234375,-0.11865234375,1,40,True
+,9,32,9,32,41,41,2,0.027740478515625,-0.027740478515625,-0.027740478515625,1,41,True
+,9,33,9,33,42,42,0,0.039703369140625,-0.039703369140625,-0.039703369140625,1,42,True
+,9,34,9,34,43,43,0,0.0161285400390625,-0.0161285400390625,-0.0161285400390625,1,43,True
+,9,35,9,35,44,44,0,0.013580322265625,-0.013580322265625,-0.013580322265625,1,44,True
+,9,36,9,36,45,45,13,0.01374053955078125,-0.01374053955078125,-0.01374053955078125,1,45,True
+,9,37,9,37,46,46,0,0.134521484375,-0.134521484375,-0.134521484375,1,46,True
+,9,38,9,38,47,47,0,0.04559326171875,-0.04559326171875,-0.04559326171875,1,47,True
+,9,39,9,39,48,48,0,0.40576171875,-0.40576171875,-0.40576171875,1,48,True
+,9,40,9,40,49,49,0,0.0828857421875,-0.0828857421875,-0.0828857421875,1,49,True
+,9,41,9,41,50,50,0,0.09332275390625,-0.09332275390625,-0.09332275390625,1,50,True
+,9,42,9,42,51,51,1,0.26171875,-0.26171875,-0.26171875,1,51,True
+,9,43,9,43,52,52,0,0.326904296875,-0.326904296875,-0.326904296875,1,52,True
+,9,44,9,44,53,53,0,0.02783203125,-0.02783203125,-0.02783203125,1,53,True
+,9,45,9,45,54,54,0,0.056243896484375,-0.056243896484375,-0.056243896484375,1,54,True
+,9,46,9,46,55,55,0,0.0256805419921875,-0.0256805419921875,-0.0256805419921875,1,55,True
+,9,47,9,47,56,56,0,0.1641845703125,-0.1641845703125,-0.1641845703125,1,56,True
+,9,48,9,48,57,57,0,0.03955078125,-0.03955078125,-0.03955078125,1,57,True
+,9,49,9,49,58,58,8,0.341552734375,-0.341552734375,-0.341552734375,1,58,True
+,9,50,9,50,59,59,1,0.08819580078125,-0.08819580078125,-0.08819580078125,1,59,True
+,9,51,9,51,60,60,0,0.035552978515625,-0.035552978515625,-0.035552978515625,1,60,True
+,9,52,9,52,61,61,0,0.434326171875,-0.434326171875,-0.434326171875,1,61,True
+,9,53,9,53,62,62,0,0.07293701171875,-0.07293701171875,-0.07293701171875,1,62,True
+,9,54,9,54,63,63,0,0.022430419921875,-0.022430419921875,-0.022430419921875,1,63,True
+,9,55,9,55,64,64,1,0.304443359375,-0.304443359375,-0.304443359375,1,64,True
+,9,56,9,56,65,65,0,0.373046875,-0.373046875,-0.373046875,1,65,True
+,9,57,9,57,66,66,0,0.303955078125,-0.303955078125,-0.303955078125,1,66,True
+,9,58,9,58,67,67,1,0.8505859375,-0.8505859375,-0.8505859375,1,67,True
+,9,59,9,59,68,68,1,0.50732421875,-0.50732421875,-0.50732421875,1,68,True
+,9,60,9,60,69,69,1,0.078125,-0.078125,-0.078125,1,69,True
+,9,61,9,61,70,70,0,0.1898193359375,-0.1898193359375,-0.1898193359375,1,70,True
+,9,62,9,62,71,71,0,0.23388671875,-0.23388671875,-0.23388671875,1,71,True
+,9,63,9,63,72,72,1,2.35546875,-2.35546875,-2.35546875,1,21,False
+,9,64,9,64,73,73,4,0.92041015625,-0.92041015625,-0.92041015625,1,73,True
+,9,65,9,65,74,74,0,1.638671875,-1.638671875,-1.638671875,1,64,False
+,9,66,9,66,75,75,0,1.6083984375,-1.6083984375,-1.6083984375,1,69,False
+,9,67,9,67,76,76,0,0.88623046875,-0.88623046875,-0.88623046875,1,76,True
+,9,68,9,68,77,77,0,2.11328125,-2.11328125,-2.11328125,1,67,False
+,9,69,9,69,78,78,0,4.0,-4.0,-4.0,1,18,False
+,9,70,9,70,79,79,0,0.73193359375,-0.73193359375,-0.73193359375,1,79,True
+,9,71,9,71,80,80,0,1.4326171875,-1.4326171875,-1.4326171875,1,70,False
+,9,72,9,72,81,81,0,0.76611328125,-0.76611328125,-0.76611328125,1,81,True
+,9,73,9,73,82,82,0,1.44140625,-1.44140625,-1.44140625,1,82,True
+,9,74,9,74,83,83,0,2.724609375,-2.724609375,-2.724609375,1,73,False
+,9,75,9,75,84,84,1,0.50048828125,-0.50048828125,-0.50048828125,1,84,True
+,9,76,9,76,85,85,0,0.6171875,-0.6171875,-0.6171875,1,85,True
+,9,77,9,77,86,86,1,0.76123046875,-0.76123046875,-0.76123046875,1,86,True
+,9,78,9,78,87,87,0,1.294921875,-1.294921875,-1.294921875,1,87,True
+,9,79,9,79,88,88,0,3.4765625,-3.4765625,-3.4765625,1,68,False
+,9,80,9,80,89,89,0,0.556640625,-0.556640625,-0.556640625,1,89,True
+,9,81,9,81,90,90,2,0.3330078125,-0.3330078125,-0.3330078125,1,90,True
+,9,82,9,82,91,91,0,0.5341796875,-0.5341796875,-0.5341796875,1,91,True
+,9,83,9,83,92,92,1,1.0712890625,-1.0712890625,-1.0712890625,1,92,True
+,9,84,9,84,93,93,0,2.48828125,-2.48828125,-2.48828125,1,81,False
+,9,85,9,85,94,94,0,0.51513671875,-0.51513671875,-0.51513671875,1,94,True
+,9,86,9,86,95,95,0,0.0521240234375,-0.0521240234375,-0.0521240234375,1,95,True
+,9,87,9,87,96,96,0,3.908203125,-3.908203125,-3.908203125,1,102,False
+,9,88,9,88,97,97,0,1.0205078125,-1.0205078125,-1.0205078125,1,97,True
+,9,89,9,89,98,98,1,3.126953125,-3.126953125,-3.126953125,1,80,False
+,9,90,9,90,99,99,1,0.54248046875,-0.54248046875,-0.54248046875,1,99,True
+,9,91,9,91,100,100,0,0.2008056640625,-0.2008056640625,-0.2008056640625,1,100,True
+,9,92,9,92,101,101,1,0.130859375,-0.130859375,-0.130859375,1,101,True
+,9,93,9,93,102,102,0,0.3798828125,-0.3798828125,-0.3798828125,1,102,True
+,9,94,9,94,103,103,0,0.348876953125,-0.348876953125,-0.348876953125,1,103,True
+,9,95,9,95,104,104,0,0.32666015625,-0.32666015625,-0.32666015625,1,104,True
+,9,96,9,96,105,105,0,0.9140625,-0.9140625,-0.9140625,1,105,True
+,9,97,9,97,106,106,0,1.9755859375,-1.9755859375,-1.9755859375,1,100,False
+,9,98,9,98,107,107,0,1.25,-1.25,-1.25,1,101,False
+,9,99,9,99,108,108,5,1.0927734375,-1.0927734375,-1.0927734375,1,108,True
+,9,100,9,100,109,109,0,0.1773681640625,-0.1773681640625,-0.1773681640625,1,109,True
+,10,1,10,1,11,11,187,0.1461181640625,-0.1461181640625,-0.1461181640625,1,11,True
+,10,2,10,2,12,12,116,0.1182861328125,-0.1182861328125,-0.1182861328125,1,12,True
+,10,3,10,3,13,13,82,0.045440673828125,-0.045440673828125,-0.045440673828125,1,13,True
+,10,4,10,4,14,14,62,0.039520263671875,-0.039520263671875,-0.039520263671875,1,14,True
+,10,5,10,5,15,15,159,0.00783538818359375,-0.00783538818359375,-0.00783538818359375,1,15,True
+,10,6,10,6,16,16,48,0.078125,-0.078125,-0.078125,1,16,True
+,10,7,10,7,17,17,41,0.1905517578125,-0.1905517578125,-0.1905517578125,1,17,True
+,10,8,10,8,18,18,55,0.162841796875,-0.162841796875,-0.162841796875,1,18,True
+,10,9,10,9,19,19,41,0.05413818359375,-0.05413818359375,-0.05413818359375,1,19,True
+,10,10,10,10,20,20,228,0.0684814453125,-0.0684814453125,-0.0684814453125,1,20,True
+,10,11,10,11,21,21,21,0.04095458984375,-0.04095458984375,-0.04095458984375,1,21,True
+,10,12,10,12,22,22,31,0.221923828125,-0.221923828125,-0.221923828125,1,22,True
+,10,13,10,13,23,23,17,0.0231170654296875,-0.0231170654296875,-0.0231170654296875,1,23,True
+,10,14,10,14,24,24,13,0.1983642578125,-0.1983642578125,-0.1983642578125,1,24,True
+,10,15,10,15,25,25,56,0.0151519775390625,-0.0151519775390625,-0.0151519775390625,1,25,True
+,10,16,10,16,26,26,18,0.045745849609375,-0.045745849609375,-0.045745849609375,1,26,True
+,10,17,10,17,27,27,8,0.041717529296875,-0.041717529296875,-0.041717529296875,1,27,True
+,10,18,10,18,28,28,8,0.03521728515625,-0.03521728515625,-0.03521728515625,1,28,True
+,10,19,10,19,29,29,1,0.053680419921875,-0.053680419921875,-0.053680419921875,1,29,True
+,10,20,10,20,30,30,89,0.04559326171875,-0.04559326171875,-0.04559326171875,1,30,True
+,10,21,10,21,31,31,7,0.016143798828125,-0.016143798828125,-0.016143798828125,1,31,True
+,10,22,10,22,32,32,17,0.0748291015625,-0.0748291015625,-0.0748291015625,1,32,True
+,10,23,10,23,33,33,5,0.0462646484375,-0.0462646484375,-0.0462646484375,1,33,True
+,10,24,10,24,34,34,8,0.03106689453125,-0.03106689453125,-0.03106689453125,1,34,True
+,10,25,10,25,35,35,15,0.06884765625,-0.06884765625,-0.06884765625,1,35,True
+,10,26,10,26,36,36,6,0.0252227783203125,-0.0252227783203125,-0.0252227783203125,1,36,True
+,10,27,10,27,37,37,2,0.07635498046875,-0.07635498046875,-0.07635498046875,1,37,True
+,10,28,10,28,38,38,1,0.150634765625,-0.150634765625,-0.150634765625,1,38,True
+,10,29,10,29,39,39,2,0.0845947265625,-0.0845947265625,-0.0845947265625,1,39,True
+,10,30,10,30,40,40,32,0.11572265625,-0.11572265625,-0.11572265625,1,40,True
+,10,31,10,31,41,41,1,0.039581298828125,-0.039581298828125,-0.039581298828125,1,41,True
+,10,32,10,32,42,42,3,0.08221435546875,-0.08221435546875,-0.08221435546875,1,42,True
+,10,33,10,33,43,43,1,0.040802001953125,-0.040802001953125,-0.040802001953125,1,43,True
+,10,34,10,34,44,44,1,0.034332275390625,-0.034332275390625,-0.034332275390625,1,44,True
+,10,35,10,35,45,45,2,0.0279693603515625,-0.0279693603515625,-0.0279693603515625,1,45,True
+,10,36,10,36,46,46,4,0.0594482421875,-0.0594482421875,-0.0594482421875,1,46,True
+,10,37,10,37,47,47,0,0.47216796875,-0.47216796875,-0.47216796875,1,47,True
+,10,38,10,38,48,48,2,0.1390380859375,-0.1390380859375,-0.1390380859375,1,48,True
+,10,39,10,39,49,49,0,0.87744140625,-0.87744140625,-0.87744140625,1,49,True
+,10,40,10,40,50,50,10,0.261474609375,-0.261474609375,-0.261474609375,1,50,True
+,10,41,10,41,51,51,0,0.3427734375,-0.3427734375,-0.3427734375,1,51,True
+,10,42,10,42,52,52,0,0.98291015625,-0.98291015625,-0.98291015625,1,52,True
+,10,43,10,43,53,53,0,2.287109375,-2.287109375,-2.287109375,1,43,False
+,10,44,10,44,54,54,0,0.424560546875,-0.424560546875,-0.424560546875,1,54,True
+,10,45,10,45,55,55,10,0.22021484375,-0.22021484375,-0.22021484375,1,55,True
+,10,46,10,46,56,56,0,0.2108154296875,-0.2108154296875,-0.2108154296875,1,56,True
+,10,47,10,47,57,57,0,0.287109375,-0.287109375,-0.287109375,1,57,True
+,10,48,10,48,58,58,1,0.0732421875,-0.0732421875,-0.0732421875,1,58,True
+,10,49,10,49,59,59,1,0.509765625,-0.509765625,-0.509765625,1,59,True
+,10,50,10,50,60,60,13,0.2305908203125,-0.2305908203125,-0.2305908203125,1,60,True
+,10,51,10,51,61,61,0,0.09222412109375,-0.09222412109375,-0.09222412109375,1,61,True
+,10,52,10,52,62,62,0,1.162109375,-1.162109375,-1.162109375,1,42,False
+,10,53,10,53,63,63,0,1.244140625,-1.244140625,-1.244140625,1,53,False
+,10,54,10,54,64,64,0,0.350830078125,-0.350830078125,-0.350830078125,1,64,True
+,10,55,10,55,65,65,3,1.3515625,-1.3515625,-1.3515625,1,55,False
+,10,56,10,56,66,66,0,0.26953125,-0.26953125,-0.26953125,1,66,True
+,10,57,10,57,67,67,0,0.82080078125,-0.82080078125,-0.82080078125,1,67,True
+,10,58,10,58,68,68,0,1.044921875,-1.044921875,-1.044921875,1,68,True
+,10,59,10,59,69,69,0,1.9462890625,-1.9462890625,-1.9462890625,1,59,False
+,10,60,10,60,70,70,8,0.144287109375,-0.144287109375,-0.144287109375,1,70,True
+,10,61,10,61,71,71,0,0.6845703125,-0.6845703125,-0.6845703125,1,71,True
+,10,62,10,62,72,72,0,0.65576171875,-0.65576171875,-0.65576171875,1,72,True
+,10,63,10,63,73,73,0,2.029296875,-2.029296875,-2.029296875,1,23,False
+,10,64,10,64,74,74,0,1.6123046875,-1.6123046875,-1.6123046875,1,74,True
+,10,65,10,65,75,75,1,2.548828125,-2.548828125,-2.548828125,1,65,False
+,10,66,10,66,76,76,1,0.373779296875,-0.373779296875,-0.373779296875,1,76,True
+,10,67,10,67,77,77,0,0.826171875,-0.826171875,-0.826171875,1,77,True
+,10,68,10,68,78,78,0,0.60986328125,-0.60986328125,-0.60986328125,1,78,True
+,10,69,10,69,79,79,0,3.466796875,-3.466796875,-3.466796875,1,19,False
+,10,70,10,70,80,80,4,2.78125,-2.78125,-2.78125,1,70,False
+,10,71,10,71,81,81,0,0.970703125,-0.970703125,-0.970703125,1,71,False
+,10,72,10,72,82,82,0,0.6376953125,-0.6376953125,-0.6376953125,1,82,True
+,10,73,10,73,83,83,0,1.84375,-1.84375,-1.84375,1,73,False
+,10,74,10,74,84,84,0,2.20703125,-2.20703125,-2.20703125,1,74,False
+,10,75,10,75,85,85,2,1.7158203125,-1.7158203125,-1.7158203125,1,75,False
+,10,76,10,76,86,86,0,0.205810546875,-0.205810546875,-0.205810546875,1,86,True
+,10,77,10,77,87,87,0,0.87646484375,-0.87646484375,-0.87646484375,1,87,True
+,10,78,10,78,88,88,0,0.3203125,-0.3203125,-0.3203125,1,88,True
+,10,79,10,79,89,89,0,1.1669921875,-1.1669921875,-1.1669921875,1,89,True
+,10,80,10,80,90,90,7,0.09326171875,-0.09326171875,-0.09326171875,1,90,True
+,10,81,10,81,91,91,0,0.08795166015625,-0.08795166015625,-0.08795166015625,1,91,True
+,10,82,10,82,92,92,0,0.23828125,-0.23828125,-0.23828125,1,92,True
+,10,83,10,83,93,93,0,0.0758056640625,-0.0758056640625,-0.0758056640625,1,93,True
+,10,84,10,84,94,94,1,0.0980224609375,-0.0980224609375,-0.0980224609375,1,94,True
+,10,85,10,85,95,95,0,0.087890625,-0.087890625,-0.087890625,1,95,True
+,10,86,10,86,96,96,0,0.1136474609375,-0.1136474609375,-0.1136474609375,1,96,True
+,10,87,10,87,97,97,0,0.189697265625,-0.189697265625,-0.189697265625,1,97,True
+,10,88,10,88,98,98,0,0.496337890625,-0.496337890625,-0.496337890625,1,98,True
+,10,89,10,89,99,99,0,0.46435546875,-0.46435546875,-0.46435546875,1,99,True
+,10,90,10,90,100,100,2,0.2491455078125,-0.2491455078125,-0.2491455078125,1,100,True
+,10,91,10,91,101,101,0,0.470703125,-0.470703125,-0.470703125,1,101,True
+,10,92,10,92,102,102,0,0.150390625,-0.150390625,-0.150390625,1,102,True
+,10,93,10,93,103,103,2,0.12274169921875,-0.12274169921875,-0.12274169921875,1,103,True
+,10,94,10,94,104,104,0,0.5322265625,-0.5322265625,-0.5322265625,1,104,True
+,10,95,10,95,105,105,1,0.43701171875,-0.43701171875,-0.43701171875,1,105,True
+,10,96,10,96,106,106,0,0.2276611328125,-0.2276611328125,-0.2276611328125,1,106,True
+,10,97,10,97,107,107,0,0.2236328125,-0.2236328125,-0.2236328125,1,107,True
+,10,98,10,98,108,108,0,0.748046875,-0.748046875,-0.748046875,1,108,True
+,10,99,10,99,109,109,0,0.1395263671875,-0.1395263671875,-0.1395263671875,1,109,True
+,10,100,10,100,110,110,3,0.11224365234375,-0.11224365234375,-0.11224365234375,1,110,True
+,11,1,11,1,12,12,69,0.1539306640625,-0.1539306640625,-0.1539306640625,1,12,True
+,11,2,11,2,13,13,46,0.0279693603515625,-0.0279693603515625,-0.0279693603515625,1,13,True
+,11,3,11,3,14,14,40,0.050872802734375,-0.050872802734375,-0.050872802734375,1,14,True
+,11,4,11,4,15,15,31,0.03125,-0.03125,-0.03125,1,15,True
+,11,5,11,5,16,16,37,0.038299560546875,-0.038299560546875,-0.038299560546875,1,16,True
+,11,6,11,6,17,17,12,0.122802734375,-0.122802734375,-0.122802734375,1,17,True
+,11,7,11,7,18,18,25,0.0516357421875,-0.0516357421875,-0.0516357421875,1,18,True
+,11,8,11,8,19,19,21,0.0252532958984375,-0.0252532958984375,-0.0252532958984375,1,19,True
+,11,9,11,9,20,20,18,0.060791015625,-0.060791015625,-0.060791015625,1,20,True
+,11,10,11,10,21,21,22,0.004673004150390625,-0.004673004150390625,-0.004673004150390625,1,21,True
+,11,11,11,11,22,22,32,0.0736083984375,-0.0736083984375,-0.0736083984375,1,22,True
+,11,12,11,12,23,23,20,0.09906005859375,-0.09906005859375,-0.09906005859375,1,23,True
+,11,13,11,13,24,24,17,0.050262451171875,-0.050262451171875,-0.050262451171875,1,24,True
+,11,14,11,14,25,25,9,0.155517578125,-0.155517578125,-0.155517578125,1,25,True
+,11,15,11,15,26,26,12,0.01374053955078125,-0.01374053955078125,-0.01374053955078125,1,26,True
+,11,16,11,16,27,27,12,0.01013946533203125,-0.01013946533203125,-0.01013946533203125,1,27,True
+,11,17,11,17,28,28,7,0.144287109375,-0.144287109375,-0.144287109375,1,28,True
+,11,18,11,18,29,29,5,0.0084381103515625,-0.0084381103515625,-0.0084381103515625,1,29,True
+,11,19,11,19,30,30,3,0.0196075439453125,-0.0196075439453125,-0.0196075439453125,1,30,True
+,11,20,11,20,31,31,4,0.2353515625,-0.2353515625,-0.2353515625,1,31,True
+,11,21,11,21,32,32,4,0.129638671875,-0.129638671875,-0.129638671875,1,32,True
+,11,22,11,22,33,33,17,0.0220489501953125,-0.0220489501953125,-0.0220489501953125,1,33,True
+,11,23,11,23,34,34,0,0.050323486328125,-0.050323486328125,-0.050323486328125,1,34,True
+,11,24,11,24,35,35,1,0.096435546875,-0.096435546875,-0.096435546875,1,35,True
+,11,25,11,25,36,36,0,0.035064697265625,-0.035064697265625,-0.035064697265625,1,36,True
+,11,26,11,26,37,37,0,0.18603515625,-0.18603515625,-0.18603515625,1,37,True
+,11,27,11,27,38,38,0,0.3955078125,-0.3955078125,-0.3955078125,1,38,True
+,11,28,11,28,39,39,1,0.0150146484375,-0.0150146484375,-0.0150146484375,1,39,True
+,11,29,11,29,40,40,1,0.1370849609375,-0.1370849609375,-0.1370849609375,1,40,True
+,11,30,11,30,41,41,2,0.1942138671875,-0.1942138671875,-0.1942138671875,1,41,True
+,11,31,11,31,42,42,1,0.431640625,-0.431640625,-0.431640625,1,42,True
+,11,32,11,32,43,43,1,1.37890625,-1.37890625,-1.37890625,1,33,False
+,11,33,11,33,44,44,0,0.042694091796875,-0.042694091796875,-0.042694091796875,1,44,True
+,11,34,11,34,45,45,1,0.1103515625,-0.1103515625,-0.1103515625,1,45,True
+,11,35,11,35,46,46,1,0.11920166015625,-0.11920166015625,-0.11920166015625,1,46,True
+,11,36,11,36,47,47,1,1.4267578125,-1.4267578125,-1.4267578125,1,37,False
+,11,37,11,37,48,48,0,0.63134765625,-0.63134765625,-0.63134765625,1,48,True
+,11,38,11,38,49,49,1,1.404296875,-1.404296875,-1.404296875,1,39,False
+,11,39,11,39,50,50,2,2.044921875,-2.044921875,-2.044921875,1,40,False
+,11,40,11,40,51,51,1,1.2314453125,-1.2314453125,-1.2314453125,1,41,False
+,11,41,11,41,52,52,1,2.341796875,-2.341796875,-2.341796875,1,42,False
+,11,42,11,42,53,53,1,3.673828125,-3.673828125,-3.673828125,1,43,False
+,11,43,11,43,54,54,0,1.59765625,-1.59765625,-1.59765625,1,44,False
+,11,44,11,44,55,55,0,3.275390625,-3.275390625,-3.275390625,1,45,False
+,11,45,11,45,56,56,2,1.2685546875,-1.2685546875,-1.2685546875,1,46,False
+,11,46,11,46,57,57,0,0.509765625,-0.509765625,-0.509765625,1,57,True
+,11,47,11,47,58,58,0,0.25927734375,-0.25927734375,-0.25927734375,1,58,True
+,11,48,11,48,59,59,1,1.0830078125,-1.0830078125,-1.0830078125,1,49,False
+,11,49,11,49,60,60,0,0.387939453125,-0.387939453125,-0.387939453125,1,60,True
+,11,50,11,50,61,61,1,0.98388671875,-0.98388671875,-0.98388671875,1,51,False
+,11,51,11,51,62,62,0,1.669921875,-1.669921875,-1.669921875,1,32,False
+,11,52,11,52,63,63,0,4.8515625,-4.8515625,-4.8515625,1,33,False
+,11,53,11,53,64,64,0,1.783203125,-1.783203125,-1.783203125,1,34,False
+,11,54,11,54,65,65,1,0.47705078125,-0.47705078125,-0.47705078125,1,65,True
+,11,55,11,55,66,66,1,0.448974609375,-0.448974609375,-0.448974609375,1,66,True
+,11,56,11,56,67,67,0,2.232421875,-2.232421875,-2.232421875,1,37,False
+,11,57,11,57,68,68,1,1.2216796875,-1.2216796875,-1.2216796875,1,38,False
+,11,58,11,58,69,69,0,2.0546875,-2.0546875,-2.0546875,1,39,False
+,11,59,11,59,70,70,1,0.64306640625,-0.64306640625,-0.64306640625,1,70,True
+,11,60,11,60,71,71,1,0.6015625,-0.6015625,-0.6015625,1,71,True
+,11,61,11,61,72,72,1,0.7802734375,-0.7802734375,-0.7802734375,1,72,True
+,11,62,11,62,73,73,0,2.388671875,-2.388671875,-2.388671875,1,33,False
+,11,63,11,63,74,74,1,3.373046875,-3.373046875,-3.373046875,1,34,False
+,11,64,11,64,75,75,0,1.5732421875,-1.5732421875,-1.5732421875,1,35,False
+,11,65,11,65,76,76,3,2.33203125,-2.33203125,-2.33203125,1,26,False
+,11,66,11,66,77,77,0,2.212890625,-2.212890625,-2.212890625,1,37,False
+,11,67,11,67,78,78,1,1.4306640625,-1.4306640625,-1.4306640625,1,28,False
+,11,68,11,68,79,79,0,3.224609375,-3.224609375,-3.224609375,1,29,False
+,11,69,11,69,80,80,0,3.79296875,-3.79296875,-3.79296875,1,30,False
+,11,70,11,70,81,81,0,1.787109375,-1.787109375,-1.787109375,1,21,False
+,11,71,11,71,82,82,0,1.390625,-1.390625,-1.390625,1,72,False
+,11,72,11,72,83,83,0,3.2734375,-3.2734375,-3.2734375,1,73,False
+,11,73,11,73,84,84,0,0.7802734375,-0.7802734375,-0.7802734375,1,84,True
+,11,74,11,74,85,85,0,1.3232421875,-1.3232421875,-1.3232421875,1,75,False
+,11,75,11,75,86,86,0,0.6650390625,-0.6650390625,-0.6650390625,1,86,True
+,11,76,11,76,87,87,0,0.353271484375,-0.353271484375,-0.353271484375,1,87,True
+,11,77,11,77,88,88,0,0.91015625,-0.91015625,-0.91015625,1,88,True
+,11,78,11,78,89,89,0,1.158203125,-1.158203125,-1.158203125,1,29,False
+,11,79,11,79,90,90,0,0.0504150390625,-0.0504150390625,-0.0504150390625,1,90,True
+,11,80,11,80,91,91,1,0.1705322265625,-0.1705322265625,-0.1705322265625,1,91,True
+,11,81,11,81,92,92,0,0.2347412109375,-0.2347412109375,-0.2347412109375,1,92,True
+,11,82,11,82,93,93,0,0.04278564453125,-0.04278564453125,-0.04278564453125,1,93,True
+,11,83,11,83,94,94,0,0.03155517578125,-0.03155517578125,-0.03155517578125,1,94,True
+,11,84,11,84,95,95,0,0.07855224609375,-0.07855224609375,-0.07855224609375,1,95,True
+,11,85,11,85,96,96,0,0.044677734375,-0.044677734375,-0.044677734375,1,96,True
+,11,86,11,86,97,97,0,0.2257080078125,-0.2257080078125,-0.2257080078125,1,97,True
+,11,87,11,87,98,98,0,0.2476806640625,-0.2476806640625,-0.2476806640625,1,98,True
+,11,88,11,88,99,99,0,0.348388671875,-0.348388671875,-0.348388671875,1,99,True
+,11,89,11,89,100,100,2,0.208251953125,-0.208251953125,-0.208251953125,1,100,True
+,11,90,11,90,101,101,1,0.1417236328125,-0.1417236328125,-0.1417236328125,1,101,True
+,11,91,11,91,102,102,0,0.5185546875,-0.5185546875,-0.5185546875,1,102,True
+,11,92,11,92,103,103,0,1.2353515625,-1.2353515625,-1.2353515625,1,93,False
+,11,93,11,93,104,104,0,0.258056640625,-0.258056640625,-0.258056640625,1,104,True
+,11,94,11,94,105,105,0,0.28369140625,-0.28369140625,-0.28369140625,1,105,True
+,11,95,11,95,106,106,0,0.51416015625,-0.51416015625,-0.51416015625,1,106,True
+,11,96,11,96,107,107,0,1.2998046875,-1.2998046875,-1.2998046875,1,117,False
+,11,97,11,97,108,108,0,0.71337890625,-0.71337890625,-0.71337890625,1,108,True
+,11,98,11,98,109,109,0,1.3115234375,-1.3115234375,-1.3115234375,1,109,True
+,11,99,11,99,110,110,1,0.324951171875,-0.324951171875,-0.324951171875,1,110,True
+,11,100,11,100,111,111,3,0.23095703125,-0.23095703125,-0.23095703125,1,111,True
+,12,1,12,1,13,13,94,0.0301666259765625,-0.0301666259765625,-0.0301666259765625,1,13,True
+,12,2,12,2,14,14,72,0.12451171875,-0.12451171875,-0.12451171875,1,14,True
+,12,3,12,3,15,15,59,0.01143646240234375,-0.01143646240234375,-0.01143646240234375,1,15,True
+,12,4,12,4,16,16,80,0.0596923828125,-0.0596923828125,-0.0596923828125,1,16,True
+,12,5,12,5,17,17,36,0.00841522216796875,-0.00841522216796875,-0.00841522216796875,1,17,True
+,12,6,12,6,18,18,66,0.00933074951171875,-0.00933074951171875,-0.00933074951171875,1,18,True
+,12,7,12,7,19,19,19,0.0069427490234375,-0.0069427490234375,-0.0069427490234375,1,19,True
+,12,8,12,8,20,20,42,0.05169677734375,-0.05169677734375,-0.05169677734375,1,20,True
+,12,9,12,9,21,21,30,0.009552001953125,-0.009552001953125,-0.009552001953125,1,21,True
+,12,10,12,10,22,22,29,0.02362060546875,-0.02362060546875,-0.02362060546875,1,22,True
+,12,11,12,11,23,23,13,0.0555419921875,-0.0555419921875,-0.0555419921875,1,23,True
+,12,12,12,12,24,24,83,0.464111328125,-0.464111328125,-0.464111328125,1,24,True
+,12,13,12,13,25,25,17,0.11505126953125,-0.11505126953125,-0.11505126953125,1,25,True
+,12,14,12,14,26,26,24,0.061676025390625,-0.061676025390625,-0.061676025390625,1,26,True
+,12,15,12,15,27,27,39,0.021759033203125,-0.021759033203125,-0.021759033203125,1,27,True
+,12,16,12,16,28,28,22,0.552734375,-0.552734375,-0.552734375,1,28,True
+,12,17,12,17,29,29,11,0.024658203125,-0.024658203125,-0.024658203125,1,29,True
+,12,18,12,18,30,30,15,0.041595458984375,-0.041595458984375,-0.041595458984375,1,30,True
+,12,19,12,19,31,31,5,0.0075836181640625,-0.0075836181640625,-0.0075836181640625,1,31,True
+,12,20,12,20,32,32,16,0.0540771484375,-0.0540771484375,-0.0540771484375,1,32,True
+,12,21,12,21,33,33,13,0.0312042236328125,-0.0312042236328125,-0.0312042236328125,1,33,True
+,12,22,12,22,34,34,14,0.208740234375,-0.208740234375,-0.208740234375,1,34,True
+,12,23,12,23,35,35,1,0.0179443359375,-0.0179443359375,-0.0179443359375,1,35,True
+,12,24,12,24,36,36,13,0.0787353515625,-0.0787353515625,-0.0787353515625,1,36,True
+,12,25,12,25,37,37,2,0.004901885986328125,-0.004901885986328125,-0.004901885986328125,1,37,True
+,12,26,12,26,38,38,4,0.04730224609375,-0.04730224609375,-0.04730224609375,1,38,True
+,12,27,12,27,39,39,4,0.01003265380859375,-0.01003265380859375,-0.01003265380859375,1,39,True
+,12,28,12,28,40,40,2,0.03802490234375,-0.03802490234375,-0.03802490234375,1,40,True
+,12,29,12,29,41,41,2,0.0076446533203125,-0.0076446533203125,-0.0076446533203125,1,41,True
+,12,30,12,30,42,42,6,0.0177154541015625,-0.0177154541015625,-0.0177154541015625,1,42,True
+,12,31,12,31,43,43,4,0.11279296875,-0.11279296875,-0.11279296875,1,43,True
+,12,32,12,32,44,44,4,0.52685546875,-0.52685546875,-0.52685546875,1,44,True
+,12,33,12,33,45,45,3,0.022918701171875,-0.022918701171875,-0.022918701171875,1,45,True
+,12,34,12,34,46,46,13,0.0139923095703125,-0.0139923095703125,-0.0139923095703125,1,46,True
+,12,35,12,35,47,47,2,0.0457763671875,-0.0457763671875,-0.0457763671875,1,47,True
+,12,36,12,36,48,48,8,0.57861328125,-0.57861328125,-0.57861328125,1,48,True
+,12,37,12,37,49,49,1,0.580078125,-0.580078125,-0.580078125,1,49,True
+,12,38,12,38,50,50,1,0.2152099609375,-0.2152099609375,-0.2152099609375,1,50,True
+,12,39,12,39,51,51,1,0.283203125,-0.283203125,-0.283203125,1,51,True
+,12,40,12,40,52,52,2,0.076904296875,-0.076904296875,-0.076904296875,1,52,True
+,12,41,12,41,53,53,0,0.650390625,-0.650390625,-0.650390625,1,53,True
+,12,42,12,42,54,54,0,1.5576171875,-1.5576171875,-1.5576171875,1,54,True
+,12,43,12,43,55,55,1,1.095703125,-1.095703125,-1.095703125,1,35,False
+,12,44,12,44,56,56,0,0.92919921875,-0.92919921875,-0.92919921875,1,56,True
+,12,45,12,45,57,57,1,0.36572265625,-0.36572265625,-0.36572265625,1,57,True
+,12,46,12,46,58,58,0,1.0107421875,-1.0107421875,-1.0107421875,1,38,False
+,12,47,12,47,59,59,1,0.037078857421875,-0.037078857421875,-0.037078857421875,1,59,True
+,12,48,12,48,60,60,8,0.0888671875,-0.0888671875,-0.0888671875,1,60,True
+,12,49,12,49,61,61,1,0.1278076171875,-0.1278076171875,-0.1278076171875,1,61,True
+,12,50,12,50,62,62,4,0.3916015625,-0.3916015625,-0.3916015625,1,62,True
+,12,51,12,51,63,63,0,0.426025390625,-0.426025390625,-0.426025390625,1,63,True
+,12,52,12,52,64,64,0,3.744140625,-3.744140625,-3.744140625,1,44,False
+,12,53,12,53,65,65,0,1.3857421875,-1.3857421875,-1.3857421875,1,35,False
+,12,54,12,54,66,66,0,0.474609375,-0.474609375,-0.474609375,1,66,True
+,12,55,12,55,67,67,0,0.51171875,-0.51171875,-0.51171875,1,67,True
+,12,56,12,56,68,68,0,2.326171875,-2.326171875,-2.326171875,1,40,False
+,12,57,12,57,69,69,0,1.28125,-1.28125,-1.28125,1,39,False
+,12,58,12,58,70,70,0,0.174560546875,-0.174560546875,-0.174560546875,1,70,True
+,12,59,12,59,71,71,0,0.81103515625,-0.81103515625,-0.81103515625,1,71,True
+,12,60,12,60,72,72,2,0.32177734375,-0.32177734375,-0.32177734375,1,72,True
+,12,61,12,61,73,73,0,2.1015625,-2.1015625,-2.1015625,1,23,False
+,12,62,12,62,74,74,0,3.185546875,-3.185546875,-3.185546875,1,34,False
+,12,63,12,63,75,75,0,3.443359375,-3.443359375,-3.443359375,1,39,False
+,12,64,12,64,76,76,5,2.3515625,-2.3515625,-2.3515625,1,40,False
+,12,65,12,65,77,77,2,2.30859375,-2.30859375,-2.30859375,1,37,False
+,12,66,12,66,78,78,0,1.90234375,-1.90234375,-1.90234375,1,18,False
+,12,67,12,67,79,79,1,0.277099609375,-0.277099609375,-0.277099609375,1,79,True
+,12,68,12,68,80,80,0,2.396484375,-2.396484375,-2.396484375,1,40,False
+,12,69,12,69,81,81,1,4.140625,-4.140625,-4.140625,1,21,False
+,12,70,12,70,82,82,0,1.1826171875,-1.1826171875,-1.1826171875,1,82,True
+,12,71,12,71,83,83,0,1.8212890625,-1.8212890625,-1.8212890625,1,73,False
+,12,72,12,72,84,84,1,1.9326171875,-1.9326171875,-1.9326171875,1,84,True
+,12,73,12,73,85,85,0,0.308349609375,-0.308349609375,-0.308349609375,1,85,True
+,12,74,12,74,86,86,0,0.794921875,-0.794921875,-0.794921875,1,86,True
+,12,75,12,75,87,87,0,0.2294921875,-0.2294921875,-0.2294921875,1,87,True
+,12,76,12,76,88,88,0,1.5322265625,-1.5322265625,-1.5322265625,1,80,False
+,12,77,12,77,89,89,0,0.5283203125,-0.5283203125,-0.5283203125,1,89,True
+,12,78,12,78,90,90,0,0.2646484375,-0.2646484375,-0.2646484375,1,90,True
+,12,79,12,79,91,91,0,0.78369140625,-0.78369140625,-0.78369140625,1,91,True
+,12,80,12,80,92,92,2,0.167724609375,-0.167724609375,-0.167724609375,1,92,True
+,12,81,12,81,93,93,0,0.482421875,-0.482421875,-0.482421875,1,93,True
+,12,82,12,82,94,94,0,1.048828125,-1.048828125,-1.048828125,1,94,True
+,12,83,12,83,95,95,0,0.37890625,-0.37890625,-0.37890625,1,95,True
+,12,84,12,84,96,96,0,1.345703125,-1.345703125,-1.345703125,1,96,True
+,12,85,12,85,97,97,1,0.23046875,-0.23046875,-0.23046875,1,97,True
+,12,86,12,86,98,98,0,0.5341796875,-0.5341796875,-0.5341796875,1,98,True
+,12,87,12,87,99,99,0,0.329345703125,-0.329345703125,-0.329345703125,1,99,True
+,12,88,12,88,100,100,0,0.416748046875,-0.416748046875,-0.416748046875,1,100,True
+,12,89,12,89,101,101,0,0.1502685546875,-0.1502685546875,-0.1502685546875,1,101,True
+,12,90,12,90,102,102,0,0.1392822265625,-0.1392822265625,-0.1392822265625,1,102,True
+,12,91,12,91,103,103,0,0.14892578125,-0.14892578125,-0.14892578125,1,103,True
+,12,92,12,92,104,104,0,1.974609375,-1.974609375,-1.974609375,1,100,False
+,12,93,12,93,105,105,0,0.216796875,-0.216796875,-0.216796875,1,105,True
+,12,94,12,94,106,106,0,0.28515625,-0.28515625,-0.28515625,1,106,True
+,12,95,12,95,107,107,0,0.16748046875,-0.16748046875,-0.16748046875,1,107,True
+,12,96,12,96,108,108,3,0.57421875,-0.57421875,-0.57421875,1,108,True
+,12,97,12,97,109,109,0,0.3564453125,-0.3564453125,-0.3564453125,1,109,True
+,12,98,12,98,110,110,4,0.1734619140625,-0.1734619140625,-0.1734619140625,1,110,True
+,12,99,12,99,111,111,3,0.1485595703125,-0.1485595703125,-0.1485595703125,1,111,True
+,12,100,12,100,112,112,2,1.0283203125,-1.0283203125,-1.0283203125,1,122,False
+,13,1,13,1,14,14,43,0.2467041015625,-0.2467041015625,-0.2467041015625,1,14,True
+,13,2,13,2,15,15,32,0.037353515625,-0.037353515625,-0.037353515625,1,15,True
+,13,3,13,3,16,16,27,0.0196380615234375,-0.0196380615234375,-0.0196380615234375,1,16,True
+,13,4,13,4,17,17,25,0.018157958984375,-0.018157958984375,-0.018157958984375,1,17,True
+,13,5,13,5,18,18,31,0.0084075927734375,-0.0084075927734375,-0.0084075927734375,1,18,True
+,13,6,13,6,19,19,17,0.00722503662109375,-0.00722503662109375,-0.00722503662109375,1,19,True
+,13,7,13,7,20,20,16,0.00936126708984375,-0.00936126708984375,-0.00936126708984375,1,20,True
+,13,8,13,8,21,21,46,0.0019855499267578125,-0.0019855499267578125,-0.0019855499267578125,1,21,True
+,13,9,13,9,22,22,19,0.039703369140625,-0.039703369140625,-0.039703369140625,1,22,True
+,13,10,13,10,23,23,14,0.0340576171875,-0.0340576171875,-0.0340576171875,1,23,True
+,13,11,13,11,24,24,15,0.0106048583984375,-0.0106048583984375,-0.0106048583984375,1,24,True
+,13,12,13,12,25,25,10,0.0113525390625,-0.0113525390625,-0.0113525390625,1,25,True
+,13,13,13,13,26,26,24,0.1322021484375,-0.1322021484375,-0.1322021484375,1,26,True
+,13,14,13,14,27,27,9,0.0987548828125,-0.0987548828125,-0.0987548828125,1,27,True
+,13,15,13,15,28,28,18,0.0282135009765625,-0.0282135009765625,-0.0282135009765625,1,28,True
+,13,16,13,16,29,29,7,0.31201171875,-0.31201171875,-0.31201171875,1,29,True
+,13,17,13,17,30,30,0,0.0377197265625,-0.0377197265625,-0.0377197265625,1,30,True
+,13,18,13,18,31,31,10,0.0160369873046875,-0.0160369873046875,-0.0160369873046875,1,31,True
+,13,19,13,19,32,32,3,0.1287841796875,-0.1287841796875,-0.1287841796875,1,32,True
+,13,20,13,20,33,33,5,0.0102691650390625,-0.0102691650390625,-0.0102691650390625,1,33,True
+,13,21,13,21,34,34,23,0.021240234375,-0.021240234375,-0.021240234375,1,34,True
+,13,22,13,22,35,35,4,0.09210205078125,-0.09210205078125,-0.09210205078125,1,35,True
+,13,23,13,23,36,36,7,0.08514404296875,-0.08514404296875,-0.08514404296875,1,36,True
+,13,24,13,24,37,37,2,0.0210113525390625,-0.0210113525390625,-0.0210113525390625,1,37,True
+,13,25,13,25,38,38,4,0.044189453125,-0.044189453125,-0.044189453125,1,38,True
+,13,26,13,26,39,39,1,0.0145416259765625,-0.0145416259765625,-0.0145416259765625,1,39,True
+,13,27,13,27,40,40,0,0.0270843505859375,-0.0270843505859375,-0.0270843505859375,1,40,True
+,13,28,13,28,41,41,4,0.0203857421875,-0.0203857421875,-0.0203857421875,1,41,True
+,13,29,13,29,42,42,4,0.0421142578125,-0.0421142578125,-0.0421142578125,1,42,True
+,13,30,13,30,43,43,3,0.032257080078125,-0.032257080078125,-0.032257080078125,1,43,True
+,13,31,13,31,44,44,4,0.251220703125,-0.251220703125,-0.251220703125,1,44,True
+,13,32,13,32,45,45,1,0.0171966552734375,-0.0171966552734375,-0.0171966552734375,1,45,True
+,13,33,13,33,46,46,1,0.0679931640625,-0.0679931640625,-0.0679931640625,1,46,True
+,13,34,13,34,47,47,0,0.1534423828125,-0.1534423828125,-0.1534423828125,1,47,True
+,13,35,13,35,48,48,0,0.09234619140625,-0.09234619140625,-0.09234619140625,1,48,True
+,13,36,13,36,49,49,3,0.10302734375,-0.10302734375,-0.10302734375,1,49,True
+,13,37,13,37,50,50,0,1.7412109375,-1.7412109375,-1.7412109375,1,40,False
+,13,38,13,38,51,51,1,0.016876220703125,-0.016876220703125,-0.016876220703125,1,51,True
+,13,39,13,39,52,52,0,0.61865234375,-0.61865234375,-0.61865234375,1,52,True
+,13,40,13,40,53,53,0,0.40283203125,-0.40283203125,-0.40283203125,1,53,True
+,13,41,13,41,54,54,0,0.52880859375,-0.52880859375,-0.52880859375,1,54,True
+,13,42,13,42,55,55,0,1.01171875,-1.01171875,-1.01171875,1,55,True
+,13,43,13,43,56,56,0,3.951171875,-3.951171875,-3.951171875,1,36,False
+,13,44,13,44,57,57,0,0.27587890625,-0.27587890625,-0.27587890625,1,57,True
+,13,45,13,45,58,58,2,2.27734375,-2.27734375,-2.27734375,1,38,False
+,13,46,13,46,59,59,0,0.79833984375,-0.79833984375,-0.79833984375,1,59,True
+,13,47,13,47,60,60,0,0.122802734375,-0.122802734375,-0.122802734375,1,60,True
+,13,48,13,48,61,61,1,0.0997314453125,-0.0997314453125,-0.0997314453125,1,61,True
+,13,49,13,49,62,62,1,0.55615234375,-0.55615234375,-0.55615234375,1,62,True
+,13,50,13,50,63,63,1,2.16015625,-2.16015625,-2.16015625,1,33,False
+,13,51,13,51,64,64,1,2.029296875,-2.029296875,-2.029296875,1,34,False
+,13,52,13,52,65,65,0,3.193359375,-3.193359375,-3.193359375,1,35,False
+,13,53,13,53,66,66,2,2.75390625,-2.75390625,-2.75390625,1,36,False
+,13,54,13,54,67,67,1,1.3251953125,-1.3251953125,-1.3251953125,1,37,False
+,13,55,13,55,68,68,1,2.923828125,-2.923828125,-2.923828125,1,38,False
+,13,56,13,56,69,69,2,1.34765625,-1.34765625,-1.34765625,1,39,False
+,13,57,13,57,70,70,1,1.1337890625,-1.1337890625,-1.1337890625,1,40,False
+,13,58,13,58,71,71,0,1.396484375,-1.396484375,-1.396484375,1,41,False
+,13,59,13,59,72,72,0,1.3232421875,-1.3232421875,-1.3232421875,1,32,False
+,13,60,13,60,73,73,1,0.452392578125,-0.452392578125,-0.452392578125,1,73,True
+,13,61,13,61,74,74,0,1.7646484375,-1.7646484375,-1.7646484375,1,34,False
+,13,62,13,62,75,75,0,1.494140625,-1.494140625,-1.494140625,1,35,False
+,13,63,13,63,76,76,0,3.47265625,-3.47265625,-3.47265625,1,26,False
+,13,64,13,64,77,77,0,2.31640625,-2.31640625,-2.31640625,1,37,False
+,13,65,13,65,78,78,1,2.392578125,-2.392578125,-2.392578125,1,38,False
+,13,66,13,66,79,79,0,1.38671875,-1.38671875,-1.38671875,1,69,False
+,13,67,13,67,80,80,0,3.3125,-3.3125,-3.3125,1,70,False
+,13,68,13,68,81,81,0,1.8759765625,-1.8759765625,-1.8759765625,1,41,False
+,13,69,13,69,82,82,0,4.23828125,-4.23828125,-4.23828125,1,32,False
+,13,70,13,70,83,83,0,4.0625,-4.0625,-4.0625,1,33,False
+,13,71,13,71,84,84,1,2.873046875,-2.873046875,-2.873046875,1,74,False
+,13,72,13,72,85,85,0,1.1630859375,-1.1630859375,-1.1630859375,1,85,True
+,13,73,13,73,86,86,0,1.9677734375,-1.9677734375,-1.9677734375,1,76,False
+,13,74,13,74,87,87,0,2.044921875,-2.044921875,-2.044921875,1,77,False
+,13,75,13,75,88,88,0,1.2548828125,-1.2548828125,-1.2548828125,1,88,True
+,13,76,13,76,89,89,0,0.74267578125,-0.74267578125,-0.74267578125,1,89,True
+,13,77,13,77,90,90,0,0.51123046875,-0.51123046875,-0.51123046875,1,90,True
+,13,78,13,78,91,91,0,0.295654296875,-0.295654296875,-0.295654296875,1,91,True
+,13,79,13,79,92,92,1,0.96875,-0.96875,-0.96875,1,92,True
+,13,80,13,80,93,93,1,0.1348876953125,-0.1348876953125,-0.1348876953125,1,93,True
+,13,81,13,81,94,94,0,0.16162109375,-0.16162109375,-0.16162109375,1,94,True
+,13,82,13,82,95,95,0,1.0849609375,-1.0849609375,-1.0849609375,1,95,True
+,13,83,13,83,96,96,0,0.347900390625,-0.347900390625,-0.347900390625,1,96,True
+,13,84,13,84,97,97,0,0.50732421875,-0.50732421875,-0.50732421875,1,97,True
+,13,85,13,85,98,98,0,0.8115234375,-0.8115234375,-0.8115234375,1,98,True
+,13,86,13,86,99,99,0,0.166015625,-0.166015625,-0.166015625,1,99,True
+,13,87,13,87,100,100,0,0.8544921875,-0.8544921875,-0.8544921875,1,100,True
+,13,88,13,88,101,101,0,1.615234375,-1.615234375,-1.615234375,1,91,False
+,13,89,13,89,102,102,0,0.69091796875,-0.69091796875,-0.69091796875,1,102,True
+,13,90,13,90,103,103,0,0.97802734375,-0.97802734375,-0.97802734375,1,103,True
+,13,91,13,91,104,104,0,1.4775390625,-1.4775390625,-1.4775390625,1,94,False
+,13,92,13,92,105,105,0,0.91162109375,-0.91162109375,-0.91162109375,1,105,True
+,13,93,13,93,106,106,0,1.2724609375,-1.2724609375,-1.2724609375,1,100,False
+,13,94,13,94,107,107,0,0.8935546875,-0.8935546875,-0.8935546875,1,107,True
+,13,95,13,95,108,108,0,0.76806640625,-0.76806640625,-0.76806640625,1,108,True
+,13,96,13,96,109,109,0,0.385986328125,-0.385986328125,-0.385986328125,1,109,True
+,13,97,13,97,110,110,0,0.70166015625,-0.70166015625,-0.70166015625,1,110,True
+,13,98,13,98,111,111,0,0.72900390625,-0.72900390625,-0.72900390625,1,111,True
+,13,99,13,99,112,112,0,2.107421875,-2.107421875,-2.107421875,1,110,False
+,13,100,13,100,113,113,0,2.197265625,-2.197265625,-2.197265625,1,123,False
+,14,1,14,1,15,15,38,0.08984375,-0.08984375,-0.08984375,1,15,True
+,14,2,14,2,16,16,33,0.048004150390625,-0.048004150390625,-0.048004150390625,1,16,True
+,14,3,14,3,17,17,23,0.05255126953125,-0.05255126953125,-0.05255126953125,1,17,True
+,14,4,14,4,18,18,27,0.02154541015625,-0.02154541015625,-0.02154541015625,1,18,True
+,14,5,14,5,19,19,19,0.0135498046875,-0.0135498046875,-0.0135498046875,1,19,True
+,14,6,14,6,20,20,19,0.046112060546875,-0.046112060546875,-0.046112060546875,1,20,True
+,14,7,14,7,21,21,19,0.016693115234375,-0.016693115234375,-0.016693115234375,1,21,True
+,14,8,14,8,22,22,14,0.056732177734375,-0.056732177734375,-0.056732177734375,1,22,True
+,14,9,14,9,23,23,10,0.03509521484375,-0.03509521484375,-0.03509521484375,1,23,True
+,14,10,14,10,24,24,16,0.042236328125,-0.042236328125,-0.042236328125,1,24,True
+,14,11,14,11,25,25,4,0.06622314453125,-0.06622314453125,-0.06622314453125,1,25,True
+,14,12,14,12,26,26,9,0.01235198974609375,-0.01235198974609375,-0.01235198974609375,1,26,True
+,14,13,14,13,27,27,7,0.204833984375,-0.204833984375,-0.204833984375,1,27,True
+,14,14,14,14,28,28,21,0.10870361328125,-0.10870361328125,-0.10870361328125,1,28,True
+,14,15,14,15,29,29,16,0.05938720703125,-0.05938720703125,-0.05938720703125,1,29,True
+,14,16,14,16,30,30,14,0.21337890625,-0.21337890625,-0.21337890625,1,30,True
+,14,17,14,17,31,31,6,0.20263671875,-0.20263671875,-0.20263671875,1,31,True
+,14,18,14,18,32,32,8,0.0236053466796875,-0.0236053466796875,-0.0236053466796875,1,32,True
+,14,19,14,19,33,33,4,0.00827789306640625,-0.00827789306640625,-0.00827789306640625,1,33,True
+,14,20,14,20,34,34,5,0.0153961181640625,-0.0153961181640625,-0.0153961181640625,1,34,True
+,14,21,14,21,35,35,7,0.024383544921875,-0.024383544921875,-0.024383544921875,1,35,True
+,14,22,14,22,36,36,4,0.01751708984375,-0.01751708984375,-0.01751708984375,1,36,True
+,14,23,14,23,37,37,4,0.0195465087890625,-0.0195465087890625,-0.0195465087890625,1,37,True
+,14,24,14,24,38,38,3,0.0626220703125,-0.0626220703125,-0.0626220703125,1,38,True
+,14,25,14,25,39,39,3,0.0185699462890625,-0.0185699462890625,-0.0185699462890625,1,39,True
+,14,26,14,26,40,40,3,0.046539306640625,-0.046539306640625,-0.046539306640625,1,40,True
+,14,27,14,27,41,41,1,0.0257415771484375,-0.0257415771484375,-0.0257415771484375,1,41,True
+,14,28,14,28,42,42,8,0.0399169921875,-0.0399169921875,-0.0399169921875,1,42,True
+,14,29,14,29,43,43,1,0.04876708984375,-0.04876708984375,-0.04876708984375,1,43,True
+,14,30,14,30,44,44,0,0.010223388671875,-0.010223388671875,-0.010223388671875,1,44,True
+,14,31,14,31,45,45,1,0.013916015625,-0.013916015625,-0.013916015625,1,45,True
+,14,32,14,32,46,46,2,0.0870361328125,-0.0870361328125,-0.0870361328125,1,46,True
+,14,33,14,33,47,47,1,0.200927734375,-0.200927734375,-0.200927734375,1,47,True
+,14,34,14,34,48,48,0,0.5751953125,-0.5751953125,-0.5751953125,1,48,True
+,14,35,14,35,49,49,1,0.156982421875,-0.156982421875,-0.156982421875,1,49,True
+,14,36,14,36,50,50,0,0.44873046875,-0.44873046875,-0.44873046875,1,50,True
+,14,37,14,37,51,51,0,0.1134033203125,-0.1134033203125,-0.1134033203125,1,51,True
+,14,38,14,38,52,52,1,0.07708740234375,-0.07708740234375,-0.07708740234375,1,52,True
+,14,39,14,39,53,53,2,0.82080078125,-0.82080078125,-0.82080078125,1,43,False
+,14,40,14,40,54,54,14,0.1241455078125,-0.1241455078125,-0.1241455078125,1,54,True
+,14,41,14,41,55,55,3,1.68359375,-1.68359375,-1.68359375,1,45,False
+,14,42,14,42,56,56,1,3.3046875,-3.3046875,-3.3046875,1,46,False
+,14,43,14,43,57,57,0,2.177734375,-2.177734375,-2.177734375,1,37,False
+,14,44,14,44,58,58,0,3.05859375,-3.05859375,-3.05859375,1,38,False
+,14,45,14,45,59,59,0,2.564453125,-2.564453125,-2.564453125,1,49,False
+,14,46,14,46,60,60,0,1.26953125,-1.26953125,-1.26953125,1,60,True
+,14,47,14,47,61,61,0,0.10430908203125,-0.10430908203125,-0.10430908203125,1,61,True
+,14,48,14,48,62,62,0,0.11077880859375,-0.11077880859375,-0.11077880859375,1,62,True
+,14,49,14,49,63,63,1,0.2137451171875,-0.2137451171875,-0.2137451171875,1,63,True
+,14,50,14,50,64,64,1,1.7724609375,-1.7724609375,-1.7724609375,1,44,False
+,14,51,14,51,65,65,0,0.7666015625,-0.7666015625,-0.7666015625,1,65,True
+,14,52,14,52,66,66,0,1.908203125,-1.908203125,-1.908203125,1,46,False
+,14,53,14,53,67,67,0,1.2548828125,-1.2548828125,-1.2548828125,1,37,False
+,14,54,14,54,68,68,0,1.8447265625,-1.8447265625,-1.8447265625,1,40,False
+,14,55,14,55,69,69,0,2.20703125,-2.20703125,-2.20703125,1,39,False
+,14,56,14,56,70,70,0,1.87109375,-1.87109375,-1.87109375,1,42,False
+,14,57,14,57,71,71,0,0.418212890625,-0.418212890625,-0.418212890625,1,71,True
+,14,58,14,58,72,72,0,1.1513671875,-1.1513671875,-1.1513671875,1,42,False
+,14,59,14,59,73,73,0,1.6953125,-1.6953125,-1.6953125,1,43,False
+,14,60,14,60,74,74,0,1.3974609375,-1.3974609375,-1.3974609375,1,34,False
+,14,61,14,61,75,75,0,2.298828125,-2.298828125,-2.298828125,1,45,False
+,14,62,14,62,76,76,0,2.689453125,-2.689453125,-2.689453125,1,36,False
+,14,63,14,63,77,77,0,4.44140625,-4.44140625,-4.44140625,1,37,False
+,14,64,14,64,78,78,1,5.0390625,-5.0390625,-5.0390625,1,42,False
+,14,65,14,65,79,79,1,3.5703125,-3.5703125,-3.5703125,1,39,False
+,14,66,14,66,80,80,0,2.296875,-2.296875,-2.296875,1,40,False
+,14,67,14,67,81,81,0,1.5712890625,-1.5712890625,-1.5712890625,1,71,False
+,14,68,14,68,82,82,0,3.73046875,-3.73046875,-3.73046875,1,42,False
+,14,69,14,69,83,83,0,3.52734375,-3.52734375,-3.52734375,1,43,False
+,14,70,14,70,84,84,2,2.546875,-2.546875,-2.546875,1,44,False
+,14,71,14,71,85,85,0,2.28515625,-2.28515625,-2.28515625,1,75,False
+,14,72,14,72,86,86,1,3.287109375,-3.287109375,-3.287109375,1,62,False
+,14,73,14,73,87,87,0,1.4638671875,-1.4638671875,-1.4638671875,1,77,False
+,14,74,14,74,88,88,0,2.673828125,-2.673828125,-2.673828125,1,68,False
+,14,75,14,75,89,89,0,0.43505859375,-0.43505859375,-0.43505859375,1,89,True
+,14,76,14,76,90,90,0,0.480712890625,-0.480712890625,-0.480712890625,1,90,True
+,14,77,14,77,91,91,0,0.8701171875,-0.8701171875,-0.8701171875,1,91,True
+,14,78,14,78,92,92,0,0.24658203125,-0.24658203125,-0.24658203125,1,92,True
+,14,79,14,79,93,93,0,0.278076171875,-0.278076171875,-0.278076171875,1,93,True
+,14,80,14,80,94,94,0,0.06365966796875,-0.06365966796875,-0.06365966796875,1,94,True
+,14,81,14,81,95,95,0,0.26123046875,-0.26123046875,-0.26123046875,1,95,True
+,14,82,14,82,96,96,0,1.0986328125,-1.0986328125,-1.0986328125,1,96,True
+,14,83,14,83,97,97,0,0.7041015625,-0.7041015625,-0.7041015625,1,97,True
+,14,84,14,84,98,98,0,1.615234375,-1.615234375,-1.615234375,1,98,True
+,14,85,14,85,99,99,0,0.4296875,-0.4296875,-0.4296875,1,99,True
+,14,86,14,86,100,100,1,0.68310546875,-0.68310546875,-0.68310546875,1,100,True
+,14,87,14,87,101,101,0,0.95361328125,-0.95361328125,-0.95361328125,1,101,True
+,14,88,14,88,102,102,0,0.896484375,-0.896484375,-0.896484375,1,102,True
+,14,89,14,89,103,103,0,0.266357421875,-0.266357421875,-0.266357421875,1,103,True
+,14,90,14,90,104,104,0,0.92578125,-0.92578125,-0.92578125,1,104,True
+,14,91,14,91,105,105,0,1.0703125,-1.0703125,-1.0703125,1,105,True
+,14,92,14,92,106,106,0,1.98046875,-1.98046875,-1.98046875,1,66,False
+,14,93,14,93,107,107,0,0.457275390625,-0.457275390625,-0.457275390625,1,107,True
+,14,94,14,94,108,108,0,2.568359375,-2.568359375,-2.568359375,1,100,False
+,14,95,14,95,109,109,0,0.9599609375,-0.9599609375,-0.9599609375,1,109,True
+,14,96,14,96,110,110,1,0.3681640625,-0.3681640625,-0.3681640625,1,110,True
+,14,97,14,97,111,111,0,1.119140625,-1.119140625,-1.119140625,1,111,True
+,14,98,14,98,112,112,0,2.1171875,-2.1171875,-2.1171875,1,72,False
+,14,99,14,99,113,113,0,0.9111328125,-0.9111328125,-0.9111328125,1,113,True
+,14,100,14,100,114,114,0,1.0859375,-1.0859375,-1.0859375,1,114,True
+,15,1,15,1,16,16,56,0.196044921875,-0.196044921875,-0.196044921875,1,16,True
+,15,2,15,2,17,17,30,0.039215087890625,-0.039215087890625,-0.039215087890625,1,17,True
+,15,3,15,3,18,18,30,0.1341552734375,-0.1341552734375,-0.1341552734375,1,18,True
+,15,4,15,4,19,19,25,0.009521484375,-0.009521484375,-0.009521484375,1,19,True
+,15,5,15,5,20,20,38,0.012786865234375,-0.012786865234375,-0.012786865234375,1,20,True
+,15,6,15,6,21,21,37,0.0096588134765625,-0.0096588134765625,-0.0096588134765625,1,21,True
+,15,7,15,7,22,22,14,0.03411865234375,-0.03411865234375,-0.03411865234375,1,22,True
+,15,8,15,8,23,23,18,0.02020263671875,-0.02020263671875,-0.02020263671875,1,23,True
+,15,9,15,9,24,24,19,0.0224609375,-0.0224609375,-0.0224609375,1,24,True
+,15,10,15,10,25,25,33,0.01320648193359375,-0.01320648193359375,-0.01320648193359375,1,25,True
+,15,11,15,11,26,26,5,0.0172576904296875,-0.0172576904296875,-0.0172576904296875,1,26,True
+,15,12,15,12,27,27,13,0.138671875,-0.138671875,-0.138671875,1,27,True
+,15,13,15,13,28,28,19,0.1336669921875,-0.1336669921875,-0.1336669921875,1,28,True
+,15,14,15,14,29,29,9,0.0209808349609375,-0.0209808349609375,-0.0209808349609375,1,29,True
+,15,15,15,15,30,30,50,0.025604248046875,-0.025604248046875,-0.025604248046875,1,30,True
+,15,16,15,16,31,31,11,0.10687255859375,-0.10687255859375,-0.10687255859375,1,31,True
+,15,17,15,17,32,32,10,0.059783935546875,-0.059783935546875,-0.059783935546875,1,32,True
+,15,18,15,18,33,33,16,0.0038051605224609375,-0.0038051605224609375,-0.0038051605224609375,1,33,True
+,15,19,15,19,34,34,4,0.029083251953125,-0.029083251953125,-0.029083251953125,1,34,True
+,15,20,15,20,35,35,22,0.004505157470703125,-0.004505157470703125,-0.004505157470703125,1,35,True
+,15,21,15,21,36,36,4,0.049530029296875,-0.049530029296875,-0.049530029296875,1,36,True
+,15,22,15,22,37,37,2,0.01068115234375,-0.01068115234375,-0.01068115234375,1,37,True
+,15,23,15,23,38,38,1,0.0204925537109375,-0.0204925537109375,-0.0204925537109375,1,38,True
+,15,24,15,24,39,39,2,0.0008139610290527344,-0.0008139610290527344,-0.0008139610290527344,1,39,True
+,15,25,15,25,40,40,14,0.1256103515625,-0.1256103515625,-0.1256103515625,1,40,True
+,15,26,15,26,41,41,0,0.017120361328125,-0.017120361328125,-0.017120361328125,1,41,True
+,15,27,15,27,42,42,3,0.034881591796875,-0.034881591796875,-0.034881591796875,1,42,True
+,15,28,15,28,43,43,3,0.0173187255859375,-0.0173187255859375,-0.0173187255859375,1,43,True
+,15,29,15,29,44,44,3,0.0167083740234375,-0.0167083740234375,-0.0167083740234375,1,44,True
+,15,30,15,30,45,45,24,0.0046844482421875,-0.0046844482421875,-0.0046844482421875,1,45,True
+,15,31,15,31,46,46,1,0.0271453857421875,-0.0271453857421875,-0.0271453857421875,1,46,True
+,15,32,15,32,47,47,1,0.1134033203125,-0.1134033203125,-0.1134033203125,1,47,True
+,15,33,15,33,48,48,2,0.031646728515625,-0.031646728515625,-0.031646728515625,1,48,True
+,15,34,15,34,49,49,1,0.057525634765625,-0.057525634765625,-0.057525634765625,1,49,True
+,15,35,15,35,50,50,6,0.402099609375,-0.402099609375,-0.402099609375,1,50,True
+,15,36,15,36,51,51,2,0.01129150390625,-0.01129150390625,-0.01129150390625,1,51,True
+,15,37,15,37,52,52,2,0.07281494140625,-0.07281494140625,-0.07281494140625,1,52,True
+,15,38,15,38,53,53,0,0.05780029296875,-0.05780029296875,-0.05780029296875,1,53,True
+,15,39,15,39,54,54,1,0.04229736328125,-0.04229736328125,-0.04229736328125,1,54,True
+,15,40,15,40,55,55,7,0.06378173828125,-0.06378173828125,-0.06378173828125,1,55,True
+,15,41,15,41,56,56,1,0.85205078125,-0.85205078125,-0.85205078125,1,46,False
+,15,42,15,42,57,57,1,0.099853515625,-0.099853515625,-0.099853515625,1,57,True
+,15,43,15,43,58,58,0,0.83642578125,-0.83642578125,-0.83642578125,1,58,True
+,15,44,15,44,59,59,0,0.461669921875,-0.461669921875,-0.461669921875,1,59,True
+,15,45,15,45,60,60,7,0.9921875,-0.9921875,-0.9921875,1,54,False
+,15,46,15,46,61,61,0,0.420654296875,-0.420654296875,-0.420654296875,1,61,True
+,15,47,15,47,62,62,1,0.339111328125,-0.339111328125,-0.339111328125,1,62,True
+,15,48,15,48,63,63,0,0.0099029541015625,-0.0099029541015625,-0.0099029541015625,1,63,True
+,15,49,15,49,64,64,0,0.0733642578125,-0.0733642578125,-0.0733642578125,1,64,True
+,15,50,15,50,65,65,2,0.5712890625,-0.5712890625,-0.5712890625,1,65,True
+,15,51,15,51,66,66,2,0.300537109375,-0.300537109375,-0.300537109375,1,66,True
+,15,52,15,52,67,67,0,0.90380859375,-0.90380859375,-0.90380859375,1,67,True
+,15,53,15,53,68,68,0,0.1451416015625,-0.1451416015625,-0.1451416015625,1,68,True
+,15,54,15,54,69,69,0,0.06646728515625,-0.06646728515625,-0.06646728515625,1,69,True
+,15,55,15,55,70,70,5,0.7724609375,-0.7724609375,-0.7724609375,1,70,True
+,15,56,15,56,71,71,0,0.09466552734375,-0.09466552734375,-0.09466552734375,1,71,True
+,15,57,15,57,72,72,0,0.1842041015625,-0.1842041015625,-0.1842041015625,1,72,True
+,15,58,15,58,73,73,0,0.25146484375,-0.25146484375,-0.25146484375,1,73,True
+,15,59,15,59,74,74,0,2.125,-2.125,-2.125,1,64,False
+,15,60,15,60,75,75,5,0.31298828125,-0.31298828125,-0.31298828125,1,75,True
+,15,61,15,61,76,76,0,1.64453125,-1.64453125,-1.64453125,1,76,True
+,15,62,15,62,77,77,1,2.861328125,-2.861328125,-2.861328125,1,67,False
+,15,63,15,63,78,78,1,4.69140625,-4.69140625,-4.69140625,1,48,False
+,15,64,15,64,79,79,0,2.248046875,-2.248046875,-2.248046875,1,59,False
+,15,65,15,65,80,80,4,4.45703125,-4.45703125,-4.45703125,1,70,False
+,15,66,15,66,81,81,0,2.85546875,-2.85546875,-2.85546875,1,51,False
+,15,67,15,67,82,82,1,2.80859375,-2.80859375,-2.80859375,1,62,False
+,15,68,15,68,83,83,0,1.56640625,-1.56640625,-1.56640625,1,73,False
+,15,69,15,69,84,84,0,5.60546875,-5.60546875,-5.60546875,1,54,False
+,15,70,15,70,85,85,1,2.052734375,-2.052734375,-2.052734375,1,65,False
+,15,71,15,71,86,86,0,2.005859375,-2.005859375,-2.005859375,1,76,False
+,15,72,15,72,87,87,0,0.37939453125,-0.37939453125,-0.37939453125,1,87,True
+,15,73,15,73,88,88,1,2.646484375,-2.646484375,-2.646484375,1,68,False
+,15,74,15,74,89,89,0,2.24609375,-2.24609375,-2.24609375,1,79,False
+,15,75,15,75,90,90,0,0.464111328125,-0.464111328125,-0.464111328125,1,90,True
+,15,76,15,76,91,91,0,0.89404296875,-0.89404296875,-0.89404296875,1,71,False
+,15,77,15,77,92,92,0,0.9287109375,-0.9287109375,-0.9287109375,1,82,False
+,15,78,15,78,93,93,1,0.10174560546875,-0.10174560546875,-0.10174560546875,1,93,True
+,15,79,15,79,94,94,0,1.6259765625,-1.6259765625,-1.6259765625,1,74,False
+,15,80,15,80,95,95,1,0.73193359375,-0.73193359375,-0.73193359375,1,95,True
+,15,81,15,81,96,96,0,1.05078125,-1.05078125,-1.05078125,1,66,False
+,15,82,15,82,97,97,0,2.650390625,-2.650390625,-2.650390625,1,67,False
+,15,83,15,83,98,98,0,3.78515625,-3.78515625,-3.78515625,1,88,False
+,15,84,15,84,99,99,0,0.83935546875,-0.83935546875,-0.83935546875,1,99,True
+,15,85,15,85,100,100,0,0.92724609375,-0.92724609375,-0.92724609375,1,100,True
+,15,86,15,86,101,101,0,1.4521484375,-1.4521484375,-1.4521484375,1,91,False
+,15,87,15,87,102,102,0,0.58935546875,-0.58935546875,-0.58935546875,1,102,True
+,15,88,15,88,103,103,0,0.4072265625,-0.4072265625,-0.4072265625,1,103,True
+,15,89,15,89,104,104,0,0.448974609375,-0.448974609375,-0.448974609375,1,104,True
+,15,90,15,90,105,105,3,0.048248291015625,-0.048248291015625,-0.048248291015625,1,105,True
+,15,91,15,91,106,106,0,0.73193359375,-0.73193359375,-0.73193359375,1,106,True
+,15,92,15,92,107,107,0,0.496337890625,-0.496337890625,-0.496337890625,1,107,True
+,15,93,15,93,108,108,0,0.27001953125,-0.27001953125,-0.27001953125,1,108,True
+,15,94,15,94,109,109,0,1.3076171875,-1.3076171875,-1.3076171875,1,109,True
+,15,95,15,95,110,110,0,0.57080078125,-0.57080078125,-0.57080078125,1,110,True
+,15,96,15,96,111,111,2,0.0280914306640625,-0.0280914306640625,-0.0280914306640625,1,111,True
+,15,97,15,97,112,112,0,1.39453125,-1.39453125,-1.39453125,1,122,False
+,15,98,15,98,113,113,0,1.0634765625,-1.0634765625,-1.0634765625,1,103,False
+,15,99,15,99,114,114,1,0.46533203125,-0.46533203125,-0.46533203125,1,114,True
+,15,100,15,100,115,115,0,0.1253662109375,-0.1253662109375,-0.1253662109375,1,115,True
+,16,1,16,1,17,17,50,0.4013671875,-0.4013671875,-0.4013671875,1,17,True
+,16,2,16,2,18,18,36,0.06329345703125,-0.06329345703125,-0.06329345703125,1,18,True
+,16,3,16,3,19,19,21,0.03326416015625,-0.03326416015625,-0.03326416015625,1,19,True
+,16,4,16,4,20,20,55,0.1959228515625,-0.1959228515625,-0.1959228515625,1,20,True
+,16,5,16,5,21,21,33,0.039581298828125,-0.039581298828125,-0.039581298828125,1,21,True
+,16,6,16,6,22,22,21,0.03656005859375,-0.03656005859375,-0.03656005859375,1,22,True
+,16,7,16,7,23,23,12,0.08349609375,-0.08349609375,-0.08349609375,1,23,True
+,16,8,16,8,24,24,37,0.09002685546875,-0.09002685546875,-0.09002685546875,1,24,True
+,16,9,16,9,25,25,41,0.0653076171875,-0.0653076171875,-0.0653076171875,1,25,True
+,16,10,16,10,26,26,17,0.0159759521484375,-0.0159759521484375,-0.0159759521484375,1,26,True
+,16,11,16,11,27,27,8,0.045745849609375,-0.045745849609375,-0.045745849609375,1,27,True
+,16,12,16,12,28,28,24,0.1759033203125,-0.1759033203125,-0.1759033203125,1,28,True
+,16,13,16,13,29,29,5,0.11053466796875,-0.11053466796875,-0.11053466796875,1,29,True
+,16,14,16,14,30,30,5,0.2342529296875,-0.2342529296875,-0.2342529296875,1,30,True
+,16,15,16,15,31,31,12,0.007297515869140625,-0.007297515869140625,-0.007297515869140625,1,31,True
+,16,16,16,16,32,32,69,0.353515625,-0.353515625,-0.353515625,1,32,True
+,16,17,16,17,33,33,9,0.2239990234375,-0.2239990234375,-0.2239990234375,1,33,True
+,16,18,16,18,34,34,15,0.0413818359375,-0.0413818359375,-0.0413818359375,1,34,True
+,16,19,16,19,35,35,6,0.0295257568359375,-0.0295257568359375,-0.0295257568359375,1,35,True
+,16,20,16,20,36,36,13,0.007568359375,-0.007568359375,-0.007568359375,1,36,True
+,16,21,16,21,37,37,4,0.030242919921875,-0.030242919921875,-0.030242919921875,1,37,True
+,16,22,16,22,38,38,2,0.183349609375,-0.183349609375,-0.183349609375,1,38,True
+,16,23,16,23,39,39,3,0.005767822265625,-0.005767822265625,-0.005767822265625,1,39,True
+,16,24,16,24,40,40,19,0.08221435546875,-0.08221435546875,-0.08221435546875,1,40,True
+,16,25,16,25,41,41,6,0.0092010498046875,-0.0092010498046875,-0.0092010498046875,1,41,True
+,16,26,16,26,42,42,3,0.02154541015625,-0.02154541015625,-0.02154541015625,1,42,True
+,16,27,16,27,43,43,3,0.1129150390625,-0.1129150390625,-0.1129150390625,1,43,True
+,16,28,16,28,44,44,6,0.0653076171875,-0.0653076171875,-0.0653076171875,1,44,True
+,16,29,16,29,45,45,1,0.031494140625,-0.031494140625,-0.031494140625,1,45,True
+,16,30,16,30,46,46,5,0.007328033447265625,-0.007328033447265625,-0.007328033447265625,1,46,True
+,16,31,16,31,47,47,1,0.02838134765625,-0.02838134765625,-0.02838134765625,1,47,True
+,16,32,16,32,48,48,12,0.2481689453125,-0.2481689453125,-0.2481689453125,1,48,True
+,16,33,16,33,49,49,1,0.26220703125,-0.26220703125,-0.26220703125,1,49,True
+,16,34,16,34,50,50,0,2.19921875,-2.19921875,-2.19921875,1,42,False
+,16,35,16,35,51,51,0,0.0518798828125,-0.0518798828125,-0.0518798828125,1,51,True
+,16,36,16,36,52,52,3,0.8828125,-0.8828125,-0.8828125,1,44,False
+,16,37,16,37,53,53,1,0.2344970703125,-0.2344970703125,-0.2344970703125,1,53,True
+,16,38,16,38,54,54,1,0.0188140869140625,-0.0188140869140625,-0.0188140869140625,1,54,True
+,16,39,16,39,55,55,0,0.00787353515625,-0.00787353515625,-0.00787353515625,1,55,True
+,16,40,16,40,56,56,2,0.1597900390625,-0.1597900390625,-0.1597900390625,1,56,True
+,16,41,16,41,57,57,0,0.15234375,-0.15234375,-0.15234375,1,57,True
+,16,42,16,42,58,58,0,1.23828125,-1.23828125,-1.23828125,1,58,True
+,16,43,16,43,59,59,0,0.424560546875,-0.424560546875,-0.424560546875,1,59,True
+,16,44,16,44,60,60,4,0.69384765625,-0.69384765625,-0.69384765625,1,60,True
+,16,45,16,45,61,61,0,0.1568603515625,-0.1568603515625,-0.1568603515625,1,61,True
+,16,46,16,46,62,62,1,0.6875,-0.6875,-0.6875,1,62,True
+,16,47,16,47,63,63,1,0.00826263427734375,-0.00826263427734375,-0.00826263427734375,1,63,True
+,16,48,16,48,64,64,7,0.1656494140625,-0.1656494140625,-0.1656494140625,1,64,True
+,16,49,16,49,65,65,4,0.1064453125,-0.1064453125,-0.1064453125,1,65,True
+,16,50,16,50,66,66,1,0.06512451171875,-0.06512451171875,-0.06512451171875,1,66,True
+,16,51,16,51,67,67,0,0.10455322265625,-0.10455322265625,-0.10455322265625,1,67,True
+,16,52,16,52,68,68,0,1.7744140625,-1.7744140625,-1.7744140625,1,60,False
+,16,53,16,53,69,69,0,0.4140625,-0.4140625,-0.4140625,1,69,True
+,16,54,16,54,70,70,0,0.76123046875,-0.76123046875,-0.76123046875,1,70,True
+,16,55,16,55,71,71,0,0.1578369140625,-0.1578369140625,-0.1578369140625,1,71,True
+,16,56,16,56,72,72,1,0.689453125,-0.689453125,-0.689453125,1,72,True
+,16,57,16,57,73,73,1,0.227294921875,-0.227294921875,-0.227294921875,1,73,True
+,16,58,16,58,74,74,1,0.50244140625,-0.50244140625,-0.50244140625,1,74,True
+,16,59,16,59,75,75,0,0.66650390625,-0.66650390625,-0.66650390625,1,75,True
+,16,60,16,60,76,76,1,0.84912109375,-0.84912109375,-0.84912109375,1,76,True
+,16,61,16,61,77,77,2,2.978515625,-2.978515625,-2.978515625,1,67,False
+,16,62,16,62,78,78,1,3.34375,-3.34375,-3.34375,1,38,False
+,16,63,16,63,79,79,0,2.982421875,-2.982421875,-2.982421875,1,71,False
+,16,64,16,64,80,80,10,3.390625,-3.390625,-3.390625,1,72,False
+,16,65,16,65,81,81,1,2.390625,-2.390625,-2.390625,1,71,False
+,16,66,16,66,82,82,0,1.7412109375,-1.7412109375,-1.7412109375,1,62,False
+,16,67,16,67,83,83,0,0.360595703125,-0.360595703125,-0.360595703125,1,83,True
+,16,68,16,68,84,84,1,1.53125,-1.53125,-1.53125,1,76,False
+,16,69,16,69,85,85,0,1.3544921875,-1.3544921875,-1.3544921875,1,85,True
+,16,70,16,70,86,86,1,2.2578125,-2.2578125,-2.2578125,1,66,False
+,16,71,16,71,87,87,1,1.6240234375,-1.6240234375,-1.6240234375,1,75,False
+,16,72,16,72,88,88,0,1.1123046875,-1.1123046875,-1.1123046875,1,80,False
+,16,73,16,73,89,89,0,0.65185546875,-0.65185546875,-0.65185546875,1,89,True
+,16,74,16,74,90,90,0,2.947265625,-2.947265625,-2.947265625,1,82,False
+,16,75,16,75,91,91,0,0.439697265625,-0.439697265625,-0.439697265625,1,91,True
+,16,76,16,76,92,92,0,1.2626953125,-1.2626953125,-1.2626953125,1,92,True
+,16,77,16,77,93,93,0,0.73779296875,-0.73779296875,-0.73779296875,1,93,True
+,16,78,16,78,94,94,0,0.1512451171875,-0.1512451171875,-0.1512451171875,1,94,True
+,16,79,16,79,95,95,0,1.3759765625,-1.3759765625,-1.3759765625,1,95,True
+,16,80,16,80,96,96,1,0.2158203125,-0.2158203125,-0.2158203125,1,96,True
+,16,81,16,81,97,97,3,2.779296875,-2.779296875,-2.779296875,1,95,False
+,16,82,16,82,98,98,0,2.59375,-2.59375,-2.59375,1,90,False
+,16,83,16,83,99,99,2,0.68603515625,-0.68603515625,-0.68603515625,1,99,True
+,16,84,16,84,100,100,4,0.7939453125,-0.7939453125,-0.7939453125,1,100,True
+,16,85,16,85,101,101,0,1.708984375,-1.708984375,-1.708984375,1,91,False
+,16,86,16,86,102,102,0,1.2509765625,-1.2509765625,-1.2509765625,1,94,False
+,16,87,16,87,103,103,0,0.305908203125,-0.305908203125,-0.305908203125,1,103,True
+,16,88,16,88,104,104,0,0.6591796875,-0.6591796875,-0.6591796875,1,104,True
+,16,89,16,89,105,105,0,0.3515625,-0.3515625,-0.3515625,1,105,True
+,16,90,16,90,106,106,0,0.88623046875,-0.88623046875,-0.88623046875,1,106,True
+,16,91,16,91,107,107,0,1.640625,-1.640625,-1.640625,1,115,False
+,16,92,16,92,108,108,1,3.142578125,-3.142578125,-3.142578125,1,100,False
+,16,93,16,93,109,109,0,0.3125,-0.3125,-0.3125,1,109,True
+,16,94,16,94,110,110,0,1.134765625,-1.134765625,-1.134765625,1,110,True
+,16,95,16,95,111,111,0,0.149658203125,-0.149658203125,-0.149658203125,1,111,True
+,16,96,16,96,112,112,0,1.5859375,-1.5859375,-1.5859375,1,112,True
+,16,97,16,97,113,113,0,0.65380859375,-0.65380859375,-0.65380859375,1,113,True
+,16,98,16,98,114,114,0,1.0546875,-1.0546875,-1.0546875,1,114,True
+,16,99,16,99,115,115,0,0.2197265625,-0.2197265625,-0.2197265625,1,115,True
+,16,100,16,100,116,116,3,0.309326171875,-0.309326171875,-0.309326171875,1,116,True
+,17,1,17,1,18,18,25,0.258056640625,-0.258056640625,-0.258056640625,1,18,True
+,17,2,17,2,19,19,14,0.1668701171875,-0.1668701171875,-0.1668701171875,1,19,True
+,17,3,17,3,20,20,10,0.0193939208984375,-0.0193939208984375,-0.0193939208984375,1,20,True
+,17,4,17,4,21,21,9,0.033447265625,-0.033447265625,-0.033447265625,1,21,True
+,17,5,17,5,22,22,21,0.160400390625,-0.160400390625,-0.160400390625,1,22,True
+,17,6,17,6,23,23,6,0.149658203125,-0.149658203125,-0.149658203125,1,23,True
+,17,7,17,7,24,24,3,0.140869140625,-0.140869140625,-0.140869140625,1,24,True
+,17,8,17,8,25,25,14,0.02752685546875,-0.02752685546875,-0.02752685546875,1,25,True
+,17,9,17,9,26,26,6,0.006134033203125,-0.006134033203125,-0.006134033203125,1,26,True
+,17,10,17,10,27,27,10,0.08197021484375,-0.08197021484375,-0.08197021484375,1,27,True
+,17,11,17,11,28,28,12,0.215087890625,-0.215087890625,-0.215087890625,1,28,True
+,17,12,17,12,29,29,5,0.274658203125,-0.274658203125,-0.274658203125,1,29,True
+,17,13,17,13,30,30,5,0.139404296875,-0.139404296875,-0.139404296875,1,30,True
+,17,14,17,14,31,31,3,0.08648681640625,-0.08648681640625,-0.08648681640625,1,31,True
+,17,15,17,15,32,32,5,0.033935546875,-0.033935546875,-0.033935546875,1,32,True
+,17,16,17,16,33,33,9,0.1904296875,-0.1904296875,-0.1904296875,1,33,True
+,17,17,17,17,34,34,15,0.050506591796875,-0.050506591796875,-0.050506591796875,1,34,True
+,17,18,17,18,35,35,9,0.0084686279296875,-0.0084686279296875,-0.0084686279296875,1,35,True
+,17,19,17,19,36,36,13,0.0147705078125,-0.0147705078125,-0.0147705078125,1,36,True
+,17,20,17,20,37,37,1,0.0281829833984375,-0.0281829833984375,-0.0281829833984375,1,37,True
+,17,21,17,21,38,38,2,0.5146484375,-0.5146484375,-0.5146484375,1,38,True
+,17,22,17,22,39,39,1,0.027740478515625,-0.027740478515625,-0.027740478515625,1,39,True
+,17,23,17,23,40,40,1,0.034393310546875,-0.034393310546875,-0.034393310546875,1,40,True
+,17,24,17,24,41,41,4,0.0167388916015625,-0.0167388916015625,-0.0167388916015625,1,41,True
+,17,25,17,25,42,42,2,0.00962066650390625,-0.00962066650390625,-0.00962066650390625,1,42,True
+,17,26,17,26,43,43,0,0.09197998046875,-0.09197998046875,-0.09197998046875,1,43,True
+,17,27,17,27,44,44,1,0.140380859375,-0.140380859375,-0.140380859375,1,44,True
+,17,28,17,28,45,45,6,0.005039215087890625,-0.005039215087890625,-0.005039215087890625,1,45,True
+,17,29,17,29,46,46,3,0.040802001953125,-0.040802001953125,-0.040802001953125,1,46,True
+,17,30,17,30,47,47,2,0.041534423828125,-0.041534423828125,-0.041534423828125,1,47,True
+,17,31,17,31,48,48,2,0.99609375,-0.99609375,-0.99609375,1,48,True
+,17,32,17,32,49,49,2,0.84619140625,-0.84619140625,-0.84619140625,1,49,True
+,17,33,17,33,50,50,1,0.054107666015625,-0.054107666015625,-0.054107666015625,1,50,True
+,17,34,17,34,51,51,1,0.049163818359375,-0.049163818359375,-0.049163818359375,1,51,True
+,17,35,17,35,52,52,1,0.544921875,-0.544921875,-0.544921875,1,52,True
+,17,36,17,36,53,53,2,0.1512451171875,-0.1512451171875,-0.1512451171875,1,53,True
+,17,37,17,37,54,54,0,0.447265625,-0.447265625,-0.447265625,1,54,True
+,17,38,17,38,55,55,0,0.0208740234375,-0.0208740234375,-0.0208740234375,1,55,True
+,17,39,17,39,56,56,0,0.04913330078125,-0.04913330078125,-0.04913330078125,1,56,True
+,17,40,17,40,57,57,0,0.198974609375,-0.198974609375,-0.198974609375,1,57,True
+,17,41,17,41,58,58,1,1.1025390625,-1.1025390625,-1.1025390625,1,58,True
+,17,42,17,42,59,59,0,0.96240234375,-0.96240234375,-0.96240234375,1,49,False
+,17,43,17,43,60,60,0,0.296142578125,-0.296142578125,-0.296142578125,1,60,True
+,17,44,17,44,61,61,0,0.281982421875,-0.281982421875,-0.281982421875,1,61,True
+,17,45,17,45,62,62,1,1.455078125,-1.455078125,-1.455078125,1,52,False
+,17,46,17,46,63,63,0,1.2509765625,-1.2509765625,-1.2509765625,1,53,False
+,17,47,17,47,64,64,0,0.10638427734375,-0.10638427734375,-0.10638427734375,1,64,True
+,17,48,17,48,65,65,0,0.0880126953125,-0.0880126953125,-0.0880126953125,1,65,True
+,17,49,17,49,66,66,0,0.11724853515625,-0.11724853515625,-0.11724853515625,1,66,True
+,17,50,17,50,67,67,1,1.5908203125,-1.5908203125,-1.5908203125,1,57,False
+,17,51,17,51,68,68,0,1.2373046875,-1.2373046875,-1.2373046875,1,58,False
+,17,52,17,52,69,69,1,2.39453125,-2.39453125,-2.39453125,1,39,False
+,17,53,17,53,70,70,0,1.0224609375,-1.0224609375,-1.0224609375,1,60,False
+,17,54,17,54,71,71,0,0.60693359375,-0.60693359375,-0.60693359375,1,71,True
+,17,55,17,55,72,72,1,2.513671875,-2.513671875,-2.513671875,1,62,False
+,17,56,17,56,73,73,0,1.81640625,-1.81640625,-1.81640625,1,63,False
+,17,57,17,57,74,74,0,3.462890625,-3.462890625,-3.462890625,1,64,False
+,17,58,17,58,75,75,0,2.294921875,-2.294921875,-2.294921875,1,65,False
+,17,59,17,59,76,76,1,2.1953125,-2.1953125,-2.1953125,1,66,False
+,17,60,17,60,77,77,0,2.720703125,-2.720703125,-2.720703125,1,67,False
+,17,61,17,61,78,78,0,4.32421875,-4.32421875,-4.32421875,1,68,False
+,17,62,17,62,79,79,0,4.33984375,-4.33984375,-4.33984375,1,39,False
+,17,63,17,63,80,80,0,6.01953125,-6.01953125,-6.01953125,1,62,False
+,17,64,17,64,81,81,1,2.9453125,-2.9453125,-2.9453125,1,41,False
+,17,65,17,65,82,82,0,3.390625,-3.390625,-3.390625,1,62,False
+,17,66,17,66,83,83,0,4.703125,-4.703125,-4.703125,1,53,False
+,17,67,17,67,84,84,0,5.69140625,-5.69140625,-5.69140625,1,64,False
+,17,68,17,68,85,85,0,5.21484375,-5.21484375,-5.21484375,1,55,False
+,17,69,17,69,86,86,0,3.74609375,-3.74609375,-3.74609375,1,56,False
+,17,70,17,70,87,87,0,4.43359375,-4.43359375,-4.43359375,1,37,False
+,17,71,17,71,88,88,1,6.9140625,-6.9140625,-6.9140625,1,34,False
+,17,72,17,72,89,89,0,2.216796875,-2.216796875,-2.216796875,1,61,False
+,17,73,17,73,90,90,0,1.64453125,-1.64453125,-1.64453125,1,70,False
+,17,74,17,74,91,91,0,4.20703125,-4.20703125,-4.20703125,1,81,False
+,17,75,17,75,92,92,2,1.625,-1.625,-1.625,1,62,False
+,17,76,17,76,93,93,1,1.626953125,-1.626953125,-1.626953125,1,83,False
+,17,77,17,77,94,94,1,1.4638671875,-1.4638671875,-1.4638671875,1,74,False
+,17,78,17,78,95,95,0,1.861328125,-1.861328125,-1.861328125,1,85,False
+,17,79,17,79,96,96,0,1.873046875,-1.873046875,-1.873046875,1,86,False
+,17,80,17,80,97,97,1,2.263671875,-2.263671875,-2.263671875,1,87,False
+,17,81,17,81,98,98,0,3.0,-3.0,-3.0,1,94,False
+,17,82,17,82,99,99,1,2.7109375,-2.7109375,-2.7109375,1,89,False
+,17,83,17,83,100,100,1,1.78515625,-1.78515625,-1.78515625,1,90,False
+,17,84,17,84,101,101,0,0.88427734375,-0.88427734375,-0.88427734375,1,101,True
+,17,85,17,85,102,102,0,0.55419921875,-0.55419921875,-0.55419921875,1,102,True
+,17,86,17,86,103,103,0,1.5283203125,-1.5283203125,-1.5283203125,1,93,False
+,17,87,17,87,104,104,0,1.06640625,-1.06640625,-1.06640625,1,104,True
+,17,88,17,88,105,105,1,0.79345703125,-0.79345703125,-0.79345703125,1,105,True
+,17,89,17,89,106,106,0,1.2705078125,-1.2705078125,-1.2705078125,1,96,False
+,17,90,17,90,107,107,1,1.958984375,-1.958984375,-1.958984375,1,103,False
+,17,91,17,91,108,108,0,1.533203125,-1.533203125,-1.533203125,1,110,False
+,17,92,17,92,109,109,0,1.6484375,-1.6484375,-1.6484375,1,101,False
+,17,93,17,93,110,110,0,0.2349853515625,-0.2349853515625,-0.2349853515625,1,110,True
+,17,94,17,94,111,111,0,1.177734375,-1.177734375,-1.177734375,1,111,True
+,17,95,17,95,112,112,0,2.3203125,-2.3203125,-2.3203125,1,102,False
+,17,96,17,96,113,113,1,0.85791015625,-0.85791015625,-0.85791015625,1,113,True
+,17,97,17,97,114,114,0,1.5244140625,-1.5244140625,-1.5244140625,1,114,True
+,17,98,17,98,115,115,0,0.68310546875,-0.68310546875,-0.68310546875,1,115,True
+,17,99,17,99,116,116,0,1.9423828125,-1.9423828125,-1.9423828125,1,76,False
+,17,100,17,100,117,117,1,0.285400390625,-0.285400390625,-0.285400390625,1,117,True
+,18,1,18,1,19,19,47,0.0455322265625,-0.0455322265625,-0.0455322265625,1,19,True
+,18,2,18,2,20,20,29,0.0280609130859375,-0.0280609130859375,-0.0280609130859375,1,20,True
+,18,3,18,3,21,21,19,0.01520538330078125,-0.01520538330078125,-0.01520538330078125,1,21,True
+,18,4,18,4,22,22,15,0.0269012451171875,-0.0269012451171875,-0.0269012451171875,1,22,True
+,18,5,18,5,23,23,18,0.0222320556640625,-0.0222320556640625,-0.0222320556640625,1,23,True
+,18,6,18,6,24,24,22,0.112060546875,-0.112060546875,-0.112060546875,1,24,True
+,18,7,18,7,25,25,11,0.01837158203125,-0.01837158203125,-0.01837158203125,1,25,True
+,18,8,18,8,26,26,12,0.0210723876953125,-0.0210723876953125,-0.0210723876953125,1,26,True
+,18,9,18,9,27,27,26,0.0343017578125,-0.0343017578125,-0.0343017578125,1,27,True
+,18,10,18,10,28,28,3,0.01232147216796875,-0.01232147216796875,-0.01232147216796875,1,28,True
+,18,11,18,11,29,29,4,0.01336669921875,-0.01336669921875,-0.01336669921875,1,29,True
+,18,12,18,12,30,30,21,0.05230712890625,-0.05230712890625,-0.05230712890625,1,30,True
+,18,13,18,13,31,31,4,0.03167724609375,-0.03167724609375,-0.03167724609375,1,31,True
+,18,14,18,14,32,32,3,0.032196044921875,-0.032196044921875,-0.032196044921875,1,32,True
+,18,15,18,15,33,33,11,0.0191497802734375,-0.0191497802734375,-0.0191497802734375,1,33,True
+,18,16,18,16,34,34,5,0.045745849609375,-0.045745849609375,-0.045745849609375,1,34,True
+,18,17,18,17,35,35,7,0.024261474609375,-0.024261474609375,-0.024261474609375,1,35,True
+,18,18,18,18,36,36,30,0.07818603515625,-0.07818603515625,-0.07818603515625,1,36,True
+,18,19,18,19,37,37,4,0.01483917236328125,-0.01483917236328125,-0.01483917236328125,1,37,True
+,18,20,18,20,38,38,9,0.00698089599609375,-0.00698089599609375,-0.00698089599609375,1,38,True
+,18,21,18,21,39,39,2,0.01161956787109375,-0.01161956787109375,-0.01161956787109375,1,39,True
+,18,22,18,22,40,40,6,0.04254150390625,-0.04254150390625,-0.04254150390625,1,40,True
+,18,23,18,23,41,41,7,0.06939697265625,-0.06939697265625,-0.06939697265625,1,41,True
+,18,24,18,24,42,42,4,0.0138092041015625,-0.0138092041015625,-0.0138092041015625,1,42,True
+,18,25,18,25,43,43,5,0.006069183349609375,-0.006069183349609375,-0.006069183349609375,1,43,True
+,18,26,18,26,44,44,1,0.0303497314453125,-0.0303497314453125,-0.0303497314453125,1,44,True
+,18,27,18,27,45,45,3,0.0037059783935546875,-0.0037059783935546875,-0.0037059783935546875,1,45,True
+,18,28,18,28,46,46,3,0.0849609375,-0.0849609375,-0.0849609375,1,46,True
+,18,29,18,29,47,47,4,0.003528594970703125,-0.003528594970703125,-0.003528594970703125,1,47,True
+,18,30,18,30,48,48,2,0.0218963623046875,-0.0218963623046875,-0.0218963623046875,1,48,True
+,18,31,18,31,49,49,0,0.05963134765625,-0.05963134765625,-0.05963134765625,1,49,True
+,18,32,18,32,50,50,5,0.2279052734375,-0.2279052734375,-0.2279052734375,1,50,True
+,18,33,18,33,51,51,1,0.046417236328125,-0.046417236328125,-0.046417236328125,1,51,True
+,18,34,18,34,52,52,2,1.02734375,-1.02734375,-1.02734375,1,44,False
+,18,35,18,35,53,53,1,0.0419921875,-0.0419921875,-0.0419921875,1,53,True
+,18,36,18,36,54,54,1,0.26025390625,-0.26025390625,-0.26025390625,1,54,True
+,18,37,18,37,55,55,0,0.04095458984375,-0.04095458984375,-0.04095458984375,1,55,True
+,18,38,18,38,56,56,3,0.303955078125,-0.303955078125,-0.303955078125,1,56,True
+,18,39,18,39,57,57,0,0.163818359375,-0.163818359375,-0.163818359375,1,57,True
+,18,40,18,40,58,58,3,0.1893310546875,-0.1893310546875,-0.1893310546875,1,58,True
+,18,41,18,41,59,59,0,0.279541015625,-0.279541015625,-0.279541015625,1,59,True
+,18,42,18,42,60,60,1,0.88671875,-0.88671875,-0.88671875,1,60,True
+,18,43,18,43,61,61,1,1.7255859375,-1.7255859375,-1.7255859375,1,55,False
+,18,44,18,44,62,62,0,0.93505859375,-0.93505859375,-0.93505859375,1,62,True
+,18,45,18,45,63,63,0,0.60791015625,-0.60791015625,-0.60791015625,1,63,True
+,18,46,18,46,64,64,0,0.958984375,-0.958984375,-0.958984375,1,44,False
+,18,47,18,47,65,65,0,0.05645751953125,-0.05645751953125,-0.05645751953125,1,65,True
+,18,48,18,48,66,66,1,1.1103515625,-1.1103515625,-1.1103515625,1,54,False
+,18,49,18,49,67,67,2,0.09893798828125,-0.09893798828125,-0.09893798828125,1,67,True
+,18,50,18,50,68,68,1,0.6484375,-0.6484375,-0.6484375,1,68,True
+,18,51,18,51,69,69,0,1.5654296875,-1.5654296875,-1.5654296875,1,57,False
+,18,52,18,52,70,70,0,4.88671875,-4.88671875,-4.88671875,1,46,False
+,18,53,18,53,71,71,0,3.53125,-3.53125,-3.53125,1,65,False
+,18,54,18,54,72,72,1,2.263671875,-2.263671875,-2.263671875,1,63,False
+,18,55,18,55,73,73,4,2.87890625,-2.87890625,-2.87890625,1,53,False
+,18,56,18,56,74,74,1,1.921875,-1.921875,-1.921875,1,65,False
+,18,57,18,57,75,75,0,1.599609375,-1.599609375,-1.599609375,1,63,False
+,18,58,18,58,76,76,0,2.24609375,-2.24609375,-2.24609375,1,56,False
+,18,59,18,59,77,77,2,2.16796875,-2.16796875,-2.16796875,1,67,False
+,18,60,18,60,78,78,0,1.685546875,-1.685546875,-1.685546875,1,78,True
+,18,61,18,61,79,79,1,3.072265625,-3.072265625,-3.072265625,1,59,False
+,18,62,18,62,80,80,0,4.1484375,-4.1484375,-4.1484375,1,70,False
+,18,63,18,63,81,81,0,7.56640625,-7.56640625,-7.56640625,1,51,False
+,18,64,18,64,82,82,0,6.9140625,-6.9140625,-6.9140625,1,62,False
+,18,65,18,65,83,83,0,3.201171875,-3.201171875,-3.201171875,1,53,False
+,18,66,18,66,84,84,0,5.30078125,-5.30078125,-5.30078125,1,54,False
+,18,67,18,67,85,85,1,4.55078125,-4.55078125,-4.55078125,1,65,False
+,18,68,18,68,86,86,0,3.626953125,-3.626953125,-3.626953125,1,56,False
+,18,69,18,69,87,87,0,7.1328125,-7.1328125,-7.1328125,1,57,False
+,18,70,18,70,88,88,0,5.77734375,-5.77734375,-5.77734375,1,68,False
+,18,71,18,71,89,89,0,4.796875,-4.796875,-4.796875,1,59,False
+,18,72,18,72,90,90,0,2.828125,-2.828125,-2.828125,1,66,False
+,18,73,18,73,91,91,0,6.06640625,-6.06640625,-6.06640625,1,65,False
+,18,74,18,74,92,92,0,8.796875,-8.796875,-8.796875,1,64,False
+,18,75,18,75,93,93,2,2.91015625,-2.91015625,-2.91015625,1,63,False
+,18,76,18,76,94,94,0,1.7529296875,-1.7529296875,-1.7529296875,1,74,False
+,18,77,18,77,95,95,0,0.8984375,-0.8984375,-0.8984375,1,95,True
+,18,78,18,78,96,96,0,2.63671875,-2.63671875,-2.63671875,1,66,False
+,18,79,18,79,97,97,0,2.365234375,-2.365234375,-2.365234375,1,107,False
+,18,80,18,80,98,98,0,0.06884765625,-0.06884765625,-0.06884765625,1,98,True
+,18,81,18,81,99,99,2,1.3447265625,-1.3447265625,-1.3447265625,1,69,False
+,18,82,18,82,100,100,0,0.810546875,-0.810546875,-0.810546875,1,100,True
+,18,83,18,83,101,101,0,1.2265625,-1.2265625,-1.2265625,1,91,False
+,18,84,18,84,102,102,0,0.6982421875,-0.6982421875,-0.6982421875,1,102,True
+,18,85,18,85,103,103,0,0.486083984375,-0.486083984375,-0.486083984375,1,103,True
+,18,86,18,86,104,104,1,0.46875,-0.46875,-0.46875,1,104,True
+,18,87,18,87,105,105,0,0.22607421875,-0.22607421875,-0.22607421875,1,105,True
+,18,88,18,88,106,106,0,0.2386474609375,-0.2386474609375,-0.2386474609375,1,106,True
+,18,89,18,89,107,107,0,0.038360595703125,-0.038360595703125,-0.038360595703125,1,107,True
+,18,90,18,90,108,108,0,0.378662109375,-0.378662109375,-0.378662109375,1,108,True
+,18,91,18,91,109,109,0,0.900390625,-0.900390625,-0.900390625,1,119,False
+,18,92,18,92,110,110,0,0.3583984375,-0.3583984375,-0.3583984375,1,110,True
+,18,93,18,93,111,111,0,0.259765625,-0.259765625,-0.259765625,1,111,True
+,18,94,18,94,112,112,0,1.2607421875,-1.2607421875,-1.2607421875,1,112,True
+,18,95,18,95,113,113,0,1.9326171875,-1.9326171875,-1.9326171875,1,103,False
+,18,96,18,96,114,114,1,0.450927734375,-0.450927734375,-0.450927734375,1,114,True
+,18,97,18,97,115,115,0,0.1658935546875,-0.1658935546875,-0.1658935546875,1,115,True
+,18,98,18,98,116,116,0,0.470458984375,-0.470458984375,-0.470458984375,1,116,True
+,18,99,18,99,117,117,0,0.27783203125,-0.27783203125,-0.27783203125,1,117,True
+,18,100,18,100,118,118,0,0.1524658203125,-0.1524658203125,-0.1524658203125,1,118,True
+,19,1,19,1,20,20,24,0.290771484375,-0.290771484375,-0.290771484375,1,20,True
+,19,2,19,2,21,21,12,0.017059326171875,-0.017059326171875,-0.017059326171875,1,21,True
+,19,3,19,3,22,22,10,0.0352783203125,-0.0352783203125,-0.0352783203125,1,22,True
+,19,4,19,4,23,23,14,0.01947021484375,-0.01947021484375,-0.01947021484375,1,23,True
+,19,5,19,5,24,24,7,0.01568603515625,-0.01568603515625,-0.01568603515625,1,24,True
+,19,6,19,6,25,25,9,0.03851318359375,-0.03851318359375,-0.03851318359375,1,25,True
+,19,7,19,7,26,26,10,0.1641845703125,-0.1641845703125,-0.1641845703125,1,26,True
+,19,8,19,8,27,27,6,0.12322998046875,-0.12322998046875,-0.12322998046875,1,27,True
+,19,9,19,9,28,28,5,0.0665283203125,-0.0665283203125,-0.0665283203125,1,28,True
+,19,10,19,10,29,29,9,0.02728271484375,-0.02728271484375,-0.02728271484375,1,29,True
+,19,11,19,11,30,30,5,0.0723876953125,-0.0723876953125,-0.0723876953125,1,30,True
+,19,12,19,12,31,31,3,0.095947265625,-0.095947265625,-0.095947265625,1,31,True
+,19,13,19,13,32,32,7,0.08148193359375,-0.08148193359375,-0.08148193359375,1,32,True
+,19,14,19,14,33,33,4,0.1939697265625,-0.1939697265625,-0.1939697265625,1,33,True
+,19,15,19,15,34,34,3,0.02923583984375,-0.02923583984375,-0.02923583984375,1,34,True
+,19,16,19,16,35,35,5,0.055419921875,-0.055419921875,-0.055419921875,1,35,True
+,19,17,19,17,36,36,10,0.0135040283203125,-0.0135040283203125,-0.0135040283203125,1,36,True
+,19,18,19,18,37,37,4,0.00984954833984375,-0.00984954833984375,-0.00984954833984375,1,37,True
+,19,19,19,19,38,38,8,0.0877685546875,-0.0877685546875,-0.0877685546875,1,38,True
+,19,20,19,20,39,39,2,0.0152130126953125,-0.0152130126953125,-0.0152130126953125,1,39,True
+,19,21,19,21,40,40,5,0.06353759765625,-0.06353759765625,-0.06353759765625,1,40,True
+,19,22,19,22,41,41,6,0.015869140625,-0.015869140625,-0.015869140625,1,41,True
+,19,23,19,23,42,42,5,0.0194091796875,-0.0194091796875,-0.0194091796875,1,42,True
+,19,24,19,24,43,43,2,0.0087432861328125,-0.0087432861328125,-0.0087432861328125,1,43,True
+,19,25,19,25,44,44,3,0.031463623046875,-0.031463623046875,-0.031463623046875,1,44,True
+,19,26,19,26,45,45,1,0.04888916015625,-0.04888916015625,-0.04888916015625,1,45,True
+,19,27,19,27,46,46,2,0.06829833984375,-0.06829833984375,-0.06829833984375,1,46,True
+,19,28,19,28,47,47,1,0.0308685302734375,-0.0308685302734375,-0.0308685302734375,1,47,True
+,19,29,19,29,48,48,1,0.06689453125,-0.06689453125,-0.06689453125,1,48,True
+,19,30,19,30,49,49,1,0.00617218017578125,-0.00617218017578125,-0.00617218017578125,1,49,True
+,19,31,19,31,50,50,2,0.337646484375,-0.337646484375,-0.337646484375,1,50,True
+,19,32,19,32,51,51,1,0.36474609375,-0.36474609375,-0.36474609375,1,51,True
+,19,33,19,33,52,52,0,0.05682373046875,-0.05682373046875,-0.05682373046875,1,52,True
+,19,34,19,34,53,53,0,2.234375,-2.234375,-2.234375,1,45,False
+,19,35,19,35,54,54,0,0.390380859375,-0.390380859375,-0.390380859375,1,54,True
+,19,36,19,36,55,55,0,0.1468505859375,-0.1468505859375,-0.1468505859375,1,55,True
+,19,37,19,37,56,56,1,0.83349609375,-0.83349609375,-0.83349609375,1,46,False
+,19,38,19,38,57,57,0,0.251953125,-0.251953125,-0.251953125,1,57,True
+,19,39,19,39,58,58,0,0.08721923828125,-0.08721923828125,-0.08721923828125,1,58,True
+,19,40,19,40,59,59,3,0.258544921875,-0.258544921875,-0.258544921875,1,59,True
+,19,41,19,41,60,60,0,0.86328125,-0.86328125,-0.86328125,1,60,True
+,19,42,19,42,61,61,0,1.37109375,-1.37109375,-1.37109375,1,51,False
+,19,43,19,43,62,62,0,4.38671875,-4.38671875,-4.38671875,1,42,False
+,19,44,19,44,63,63,0,2.927734375,-2.927734375,-2.927734375,1,43,False
+,19,45,19,45,64,64,1,2.533203125,-2.533203125,-2.533203125,1,44,False
+,19,46,19,46,65,65,1,4.8984375,-4.8984375,-4.8984375,1,45,False
+,19,47,19,47,66,66,0,0.94140625,-0.94140625,-0.94140625,1,66,True
+,19,48,19,48,67,67,2,1.5302734375,-1.5302734375,-1.5302734375,1,47,False
+,19,49,19,49,68,68,1,0.53466796875,-0.53466796875,-0.53466796875,1,68,True
+,19,50,19,50,69,69,1,2.607421875,-2.607421875,-2.607421875,1,59,False
+,19,51,19,51,70,70,1,1.8828125,-1.8828125,-1.8828125,1,60,False
+,19,52,19,52,71,71,0,5.328125,-5.328125,-5.328125,1,51,False
+,19,53,19,53,72,72,0,4.3828125,-4.3828125,-4.3828125,1,42,False
+,19,54,19,54,73,73,0,1.45703125,-1.45703125,-1.45703125,1,73,True
+,19,55,19,55,74,74,0,4.6171875,-4.6171875,-4.6171875,1,54,False
+,19,56,19,56,75,75,0,4.484375,-4.484375,-4.484375,1,55,False
+,19,57,19,57,76,76,0,2.59375,-2.59375,-2.59375,1,66,False
+,19,58,19,58,77,77,2,5.30859375,-5.30859375,-5.30859375,1,57,False
+,19,59,19,59,78,78,0,4.3984375,-4.3984375,-4.3984375,1,68,False
+,19,60,19,60,79,79,0,3.26953125,-3.26953125,-3.26953125,1,59,False
+,19,61,19,61,80,80,2,4.10546875,-4.10546875,-4.10546875,1,58,False
+,19,62,19,62,81,81,1,4.96875,-4.96875,-4.96875,1,41,False
+,19,63,19,63,82,82,0,10.90625,-10.90625,-10.90625,1,38,False
+,19,64,19,64,83,83,1,7.3515625,-7.3515625,-7.3515625,1,63,False
+,19,65,19,65,84,84,0,6.97265625,-6.97265625,-6.97265625,1,54,False
+,19,66,19,66,85,85,0,7.1328125,-7.1328125,-7.1328125,1,57,False
+,19,67,19,67,86,86,0,5.83203125,-5.83203125,-5.83203125,1,36,False
+,19,68,19,68,87,87,1,6.62890625,-6.62890625,-6.62890625,1,57,False
+,19,69,19,69,88,88,0,6.7109375,-6.7109375,-6.7109375,1,38,False
+,19,70,19,70,89,89,0,5.55859375,-5.55859375,-5.55859375,1,39,False
+,19,71,19,71,90,90,0,6.89453125,-6.89453125,-6.89453125,1,38,False
+,19,72,19,72,91,91,0,5.23046875,-5.23046875,-5.23046875,1,67,False
+,19,73,19,73,92,92,0,8.7734375,-8.7734375,-8.7734375,1,42,False
+,19,74,19,74,93,93,0,10.8671875,-10.8671875,-10.8671875,1,57,False
+,19,75,19,75,94,94,0,1.9306640625,-1.9306640625,-1.9306640625,1,64,False
+,19,76,19,76,95,95,1,3.826171875,-3.826171875,-3.826171875,1,55,False
+,19,77,19,77,96,96,0,5.09765625,-5.09765625,-5.09765625,1,36,False
+,19,78,19,78,97,97,1,2.6953125,-2.6953125,-2.6953125,1,47,False
+,19,79,19,79,98,98,0,4.7109375,-4.7109375,-4.7109375,1,58,False
+,19,80,19,80,99,99,0,1.5185546875,-1.5185546875,-1.5185546875,1,59,False
+,19,81,19,81,100,100,0,0.72705078125,-0.72705078125,-0.72705078125,1,100,True
+,19,82,19,82,101,101,0,1.9208984375,-1.9208984375,-1.9208984375,1,61,False
+,19,83,19,83,102,102,1,0.94482421875,-0.94482421875,-0.94482421875,1,102,True
+,19,84,19,84,103,103,0,1.060546875,-1.060546875,-1.060546875,1,103,True
+,19,85,19,85,104,104,0,1.578125,-1.578125,-1.578125,1,94,False
+,19,86,19,86,105,105,0,0.50927734375,-0.50927734375,-0.50927734375,1,105,True
+,19,87,19,87,106,106,0,1.29296875,-1.29296875,-1.29296875,1,106,True
+,19,88,19,88,107,107,0,0.77294921875,-0.77294921875,-0.77294921875,1,107,True
+,19,89,19,89,108,108,0,0.93115234375,-0.93115234375,-0.93115234375,1,108,True
+,19,90,19,90,109,109,0,0.1043701171875,-0.1043701171875,-0.1043701171875,1,109,True
+,19,91,19,91,110,110,3,0.444091796875,-0.444091796875,-0.444091796875,1,110,True
+,19,92,19,92,111,111,0,0.35302734375,-0.35302734375,-0.35302734375,1,111,True
+,19,93,19,93,112,112,0,1.2646484375,-1.2646484375,-1.2646484375,1,112,True
+,19,94,19,94,113,113,0,1.193359375,-1.193359375,-1.193359375,1,113,True
+,19,95,19,95,114,114,1,0.90771484375,-0.90771484375,-0.90771484375,1,114,True
+,19,96,19,96,115,115,1,0.16650390625,-0.16650390625,-0.16650390625,1,115,True
+,19,97,19,97,116,116,0,2.09375,-2.09375,-2.09375,1,106,False
+,19,98,19,98,117,117,0,0.544921875,-0.544921875,-0.544921875,1,117,True
+,19,99,19,99,118,118,0,2.337890625,-2.337890625,-2.337890625,1,68,False
+,19,100,19,100,119,119,0,0.260498046875,-0.260498046875,-0.260498046875,1,119,True
+,20,1,20,1,21,21,35,0.0743408203125,-0.0743408203125,-0.0743408203125,1,21,True
+,20,2,20,2,22,22,24,0.1298828125,-0.1298828125,-0.1298828125,1,22,True
+,20,3,20,3,23,23,11,0.022369384765625,-0.022369384765625,-0.022369384765625,1,23,True
+,20,4,20,4,24,24,30,0.0167999267578125,-0.0167999267578125,-0.0167999267578125,1,24,True
+,20,5,20,5,25,25,48,0.01873779296875,-0.01873779296875,-0.01873779296875,1,25,True
+,20,6,20,6,26,26,23,0.0156402587890625,-0.0156402587890625,-0.0156402587890625,1,26,True
+,20,7,20,7,27,27,11,0.226318359375,-0.226318359375,-0.226318359375,1,27,True
+,20,8,20,8,28,28,16,0.1075439453125,-0.1075439453125,-0.1075439453125,1,28,True
+,20,9,20,9,29,29,5,0.0260467529296875,-0.0260467529296875,-0.0260467529296875,1,29,True
+,20,10,20,10,30,30,55,0.0293426513671875,-0.0293426513671875,-0.0293426513671875,1,30,True
+,20,11,20,11,31,31,8,0.08099365234375,-0.08099365234375,-0.08099365234375,1,31,True
+,20,12,20,12,32,32,19,0.370361328125,-0.370361328125,-0.370361328125,1,32,True
+,20,13,20,13,33,33,8,0.04595947265625,-0.04595947265625,-0.04595947265625,1,33,True
+,20,14,20,14,34,34,8,0.0205841064453125,-0.0205841064453125,-0.0205841064453125,1,34,True
+,20,15,20,15,35,35,20,0.0128326416015625,-0.0128326416015625,-0.0128326416015625,1,35,True
+,20,16,20,16,36,36,5,0.01837158203125,-0.01837158203125,-0.01837158203125,1,36,True
+,20,17,20,17,37,37,7,0.035186767578125,-0.035186767578125,-0.035186767578125,1,37,True
+,20,18,20,18,38,38,6,0.007114410400390625,-0.007114410400390625,-0.007114410400390625,1,38,True
+,20,19,20,19,39,39,4,0.0235443115234375,-0.0235443115234375,-0.0235443115234375,1,39,True
+,20,20,20,20,40,40,91,0.06640625,-0.06640625,-0.06640625,1,40,True
+,20,21,20,21,41,41,1,0.058685302734375,-0.058685302734375,-0.058685302734375,1,41,True
+,20,22,20,22,42,42,8,0.0293426513671875,-0.0293426513671875,-0.0293426513671875,1,42,True
+,20,23,20,23,43,43,2,0.02117919921875,-0.02117919921875,-0.02117919921875,1,43,True
+,20,24,20,24,44,44,11,0.011993408203125,-0.011993408203125,-0.011993408203125,1,44,True
+,20,25,20,25,45,45,22,0.047943115234375,-0.047943115234375,-0.047943115234375,1,45,True
+,20,26,20,26,46,46,4,0.055908203125,-0.055908203125,-0.055908203125,1,46,True
+,20,27,20,27,47,47,2,0.0291900634765625,-0.0291900634765625,-0.0291900634765625,1,47,True
+,20,28,20,28,48,48,3,0.08380126953125,-0.08380126953125,-0.08380126953125,1,48,True
+,20,29,20,29,49,49,3,0.11761474609375,-0.11761474609375,-0.11761474609375,1,49,True
+,20,30,20,30,50,50,47,0.01531219482421875,-0.01531219482421875,-0.01531219482421875,1,50,True
+,20,31,20,31,51,51,1,0.10968017578125,-0.10968017578125,-0.10968017578125,1,51,True
+,20,32,20,32,52,52,3,0.56689453125,-0.56689453125,-0.56689453125,1,52,True
+,20,33,20,33,53,53,2,0.10150146484375,-0.10150146484375,-0.10150146484375,1,53,True
+,20,34,20,34,54,54,0,0.285400390625,-0.285400390625,-0.285400390625,1,54,True
+,20,35,20,35,55,55,8,0.1700439453125,-0.1700439453125,-0.1700439453125,1,55,True
+,20,36,20,36,56,56,3,1.271484375,-1.271484375,-1.271484375,1,46,False
+,20,37,20,37,57,57,1,1.375,-1.375,-1.375,1,47,False
+,20,38,20,38,58,58,1,0.8212890625,-0.8212890625,-0.8212890625,1,48,False
+,20,39,20,39,59,59,0,0.184814453125,-0.184814453125,-0.184814453125,1,59,True
+,20,40,20,40,60,60,25,0.198974609375,-0.198974609375,-0.198974609375,1,60,True
+,20,41,20,41,61,61,0,1.9970703125,-1.9970703125,-1.9970703125,1,51,False
+,20,42,20,42,62,62,1,1.095703125,-1.095703125,-1.095703125,1,42,False
+,20,43,20,43,63,63,0,2.03125,-2.03125,-2.03125,1,43,False
+,20,44,20,44,64,64,3,4.0,-4.0,-4.0,1,44,False
+,20,45,20,45,65,65,9,5.6015625,-5.6015625,-5.6015625,1,55,False
+,20,46,20,46,66,66,1,3.552734375,-3.552734375,-3.552734375,1,46,False
+,20,47,20,47,67,67,3,0.74169921875,-0.74169921875,-0.74169921875,1,67,True
+,20,48,20,48,68,68,1,0.6025390625,-0.6025390625,-0.6025390625,1,68,True
+,20,49,20,49,69,69,0,0.68408203125,-0.68408203125,-0.68408203125,1,69,True
+,20,50,20,50,70,70,10,0.312255859375,-0.312255859375,-0.312255859375,1,70,True
+,20,51,20,51,71,71,0,0.92236328125,-0.92236328125,-0.92236328125,1,61,False
+,20,52,20,52,72,72,1,2.05859375,-2.05859375,-2.05859375,1,52,False
+,20,53,20,53,73,73,0,2.78125,-2.78125,-2.78125,1,53,False
+,20,54,20,54,74,74,2,1.771484375,-1.771484375,-1.771484375,1,54,False
+,20,55,20,55,75,75,3,2.228515625,-2.228515625,-2.228515625,1,55,False
+,20,56,20,56,76,76,0,1.3662109375,-1.3662109375,-1.3662109375,1,56,False
+,20,57,20,57,77,77,0,1.7646484375,-1.7646484375,-1.7646484375,1,67,False
+,20,58,20,58,78,78,0,1.943359375,-1.943359375,-1.943359375,1,58,False
+,20,59,20,59,79,79,0,1.640625,-1.640625,-1.640625,1,59,False
+,20,60,20,60,80,80,14,2.2734375,-2.2734375,-2.2734375,1,40,False
+,20,61,20,61,81,81,0,2.6796875,-2.6796875,-2.6796875,1,71,False
+,20,62,20,62,82,82,0,3.994140625,-3.994140625,-3.994140625,1,42,False
+,20,63,20,63,83,83,0,4.7734375,-4.7734375,-4.7734375,1,63,False
+,20,64,20,64,84,84,1,4.26953125,-4.26953125,-4.26953125,1,44,False
+,20,65,20,65,85,85,1,4.39453125,-4.39453125,-4.39453125,1,45,False
+,20,66,20,66,86,86,0,4.0078125,-4.0078125,-4.0078125,1,46,False
+,20,67,20,67,87,87,0,1.734375,-1.734375,-1.734375,1,67,False
+,20,68,20,68,88,88,1,4.11328125,-4.11328125,-4.11328125,1,68,False
+,20,69,20,69,89,89,1,2.576171875,-2.576171875,-2.576171875,1,39,False
+,20,70,20,70,90,90,9,2.96875,-2.96875,-2.96875,1,70,False
+,20,71,20,71,91,91,0,2.6328125,-2.6328125,-2.6328125,1,71,False
+,20,72,20,72,92,92,1,1.68359375,-1.68359375,-1.68359375,1,72,False
+,20,73,20,73,93,93,0,2.71484375,-2.71484375,-2.71484375,1,73,False
+,20,74,20,74,94,94,0,3.486328125,-3.486328125,-3.486328125,1,54,False
+,20,75,20,75,95,95,1,0.544921875,-0.544921875,-0.544921875,1,95,True
+,20,76,20,76,96,96,1,2.076171875,-2.076171875,-2.076171875,1,76,False
+,20,77,20,77,97,97,0,1.2314453125,-1.2314453125,-1.2314453125,1,97,True
+,20,78,20,78,98,98,0,0.255126953125,-0.255126953125,-0.255126953125,1,98,True
+,20,79,20,79,99,99,0,1.2412109375,-1.2412109375,-1.2412109375,1,39,False
+,20,80,20,80,100,100,4,0.240966796875,-0.240966796875,-0.240966796875,1,100,True
+,20,81,20,81,101,101,0,1.4345703125,-1.4345703125,-1.4345703125,1,91,False
+,20,82,20,82,102,102,0,1.2861328125,-1.2861328125,-1.2861328125,1,42,False
+,20,83,20,83,103,103,0,0.409912109375,-0.409912109375,-0.409912109375,1,103,True
+,20,84,20,84,104,104,1,1.0419921875,-1.0419921875,-1.0419921875,1,94,False
+,20,85,20,85,105,105,0,0.5185546875,-0.5185546875,-0.5185546875,1,105,True
+,20,86,20,86,106,106,0,0.6259765625,-0.6259765625,-0.6259765625,1,106,True
+,20,87,20,87,107,107,0,0.53662109375,-0.53662109375,-0.53662109375,1,107,True
+,20,88,20,88,108,108,0,0.87353515625,-0.87353515625,-0.87353515625,1,108,True
+,20,89,20,89,109,109,0,0.63037109375,-0.63037109375,-0.63037109375,1,109,True
+,20,90,20,90,110,110,0,0.08221435546875,-0.08221435546875,-0.08221435546875,1,110,True
+,20,91,20,91,111,111,0,0.54833984375,-0.54833984375,-0.54833984375,1,111,True
+,20,92,20,92,112,112,0,1.5849609375,-1.5849609375,-1.5849609375,1,102,False
+,20,93,20,93,113,113,0,0.9765625,-0.9765625,-0.9765625,1,103,False
+,20,94,20,94,114,114,0,0.92919921875,-0.92919921875,-0.92919921875,1,114,True
+,20,95,20,95,115,115,0,0.2900390625,-0.2900390625,-0.2900390625,1,115,True
+,20,96,20,96,116,116,0,0.301025390625,-0.301025390625,-0.301025390625,1,116,True
+,20,97,20,97,117,117,0,0.397705078125,-0.397705078125,-0.397705078125,1,117,True
+,20,98,20,98,118,118,0,0.223876953125,-0.223876953125,-0.223876953125,1,118,True
+,20,99,20,99,119,119,1,0.482177734375,-0.482177734375,-0.482177734375,1,119,True
+,20,100,20,100,120,120,4,0.07659912109375,-0.07659912109375,-0.07659912109375,1,120,True
+,21,1,21,1,22,22,16,0.338134765625,-0.338134765625,-0.338134765625,1,22,True
+,21,2,21,2,23,23,7,0.0648193359375,-0.0648193359375,-0.0648193359375,1,23,True
+,21,3,21,3,24,24,18,0.1954345703125,-0.1954345703125,-0.1954345703125,1,24,True
+,21,4,21,4,25,25,14,0.0152740478515625,-0.0152740478515625,-0.0152740478515625,1,25,True
+,21,5,21,5,26,26,12,0.067138671875,-0.067138671875,-0.067138671875,1,26,True
+,21,6,21,6,27,27,7,0.1064453125,-0.1064453125,-0.1064453125,1,27,True
+,21,7,21,7,28,28,11,0.1302490234375,-0.1302490234375,-0.1302490234375,1,28,True
+,21,8,21,8,29,29,4,0.0153961181640625,-0.0153961181640625,-0.0153961181640625,1,29,True
+,21,9,21,9,30,30,7,0.346923828125,-0.346923828125,-0.346923828125,1,30,True
+,21,10,21,10,31,31,3,0.035736083984375,-0.035736083984375,-0.035736083984375,1,31,True
+,21,11,21,11,32,32,6,0.10595703125,-0.10595703125,-0.10595703125,1,32,True
+,21,12,21,12,33,33,7,0.1546630859375,-0.1546630859375,-0.1546630859375,1,33,True
+,21,13,21,13,34,34,27,0.26171875,-0.26171875,-0.26171875,1,34,True
+,21,14,21,14,35,35,3,0.11669921875,-0.11669921875,-0.11669921875,1,35,True
+,21,15,21,15,36,36,7,0.06610107421875,-0.06610107421875,-0.06610107421875,1,36,True
+,21,16,21,16,37,37,0,0.1346435546875,-0.1346435546875,-0.1346435546875,1,37,True
+,21,17,21,17,38,38,2,0.529296875,-0.529296875,-0.529296875,1,38,True
+,21,18,21,18,39,39,6,0.00925445556640625,-0.00925445556640625,-0.00925445556640625,1,39,True
+,21,19,21,19,40,40,6,0.031097412109375,-0.031097412109375,-0.031097412109375,1,40,True
+,21,20,21,20,41,41,2,0.02630615234375,-0.02630615234375,-0.02630615234375,1,41,True
+,21,21,21,21,42,42,8,0.088134765625,-0.088134765625,-0.088134765625,1,42,True
+,21,22,21,22,43,43,3,0.11865234375,-0.11865234375,-0.11865234375,1,43,True
+,21,23,21,23,44,44,3,0.04205322265625,-0.04205322265625,-0.04205322265625,1,44,True
+,21,24,21,24,45,45,5,0.020477294921875,-0.020477294921875,-0.020477294921875,1,45,True
+,21,25,21,25,46,46,4,0.055023193359375,-0.055023193359375,-0.055023193359375,1,46,True
+,21,26,21,26,47,47,2,0.0540771484375,-0.0540771484375,-0.0540771484375,1,47,True
+,21,27,21,27,48,48,2,0.1473388671875,-0.1473388671875,-0.1473388671875,1,48,True
+,21,28,21,28,49,49,5,0.054443359375,-0.054443359375,-0.054443359375,1,49,True
+,21,29,21,29,50,50,1,0.129638671875,-0.129638671875,-0.129638671875,1,50,True
+,21,30,21,30,51,51,2,0.036346435546875,-0.036346435546875,-0.036346435546875,1,51,True
+,21,31,21,31,52,52,2,0.11993408203125,-0.11993408203125,-0.11993408203125,1,52,True
+,21,32,21,32,53,53,8,0.435791015625,-0.435791015625,-0.435791015625,1,53,True
+,21,33,21,33,54,54,5,0.048614501953125,-0.048614501953125,-0.048614501953125,1,54,True
+,21,34,21,34,55,55,34,0.135009765625,-0.135009765625,-0.135009765625,1,55,True
+,21,35,21,35,56,56,5,0.1868896484375,-0.1868896484375,-0.1868896484375,1,56,True
+,21,36,21,36,57,57,2,0.5048828125,-0.5048828125,-0.5048828125,1,57,True
+,21,37,21,37,58,58,0,0.120361328125,-0.120361328125,-0.120361328125,1,58,True
+,21,38,21,38,59,59,0,0.035308837890625,-0.035308837890625,-0.035308837890625,1,59,True
+,21,39,21,39,60,60,1,0.0186920166015625,-0.0186920166015625,-0.0186920166015625,1,60,True
+,21,40,21,40,61,61,0,0.13232421875,-0.13232421875,-0.13232421875,1,61,True
+,21,41,21,41,62,62,0,1.55859375,-1.55859375,-1.55859375,1,52,False
+,21,42,21,42,63,63,2,0.3408203125,-0.3408203125,-0.3408203125,1,63,True
+,21,43,21,43,64,64,3,0.1944580078125,-0.1944580078125,-0.1944580078125,1,64,True
+,21,44,21,44,65,65,0,0.873046875,-0.873046875,-0.873046875,1,55,False
+,21,45,21,45,66,66,0,1.490234375,-1.490234375,-1.490234375,1,56,False
+,21,46,21,46,67,67,0,1.619140625,-1.619140625,-1.619140625,1,47,False
+,21,47,21,47,68,68,1,0.59619140625,-0.59619140625,-0.59619140625,1,68,True
+,21,48,21,48,69,69,0,0.138916015625,-0.138916015625,-0.138916015625,1,69,True
+,21,49,21,49,70,70,0,0.1575927734375,-0.1575927734375,-0.1575927734375,1,70,True
+,21,50,21,50,71,71,2,0.6083984375,-0.6083984375,-0.6083984375,1,71,True
+,21,51,21,51,72,72,0,0.49072265625,-0.49072265625,-0.49072265625,1,72,True
+,21,52,21,52,73,73,0,2.41015625,-2.41015625,-2.41015625,1,53,False
+,21,53,21,53,74,74,1,0.65673828125,-0.65673828125,-0.65673828125,1,74,True
+,21,54,21,54,75,75,0,0.190673828125,-0.190673828125,-0.190673828125,1,75,True
+,21,55,21,55,76,76,0,0.46240234375,-0.46240234375,-0.46240234375,1,76,True
+,21,56,21,56,77,77,1,1.048828125,-1.048828125,-1.048828125,1,67,False
+,21,57,21,57,78,78,0,1.05078125,-1.05078125,-1.05078125,1,78,True
+,21,58,21,58,79,79,0,0.457275390625,-0.457275390625,-0.457275390625,1,79,True
+,21,59,21,59,80,80,0,0.501953125,-0.501953125,-0.501953125,1,80,True
+,21,60,21,60,81,81,1,0.78369140625,-0.78369140625,-0.78369140625,1,81,True
+,21,61,21,61,82,82,0,0.4169921875,-0.4169921875,-0.4169921875,1,82,True
+,21,62,21,62,83,83,0,0.81396484375,-0.81396484375,-0.81396484375,1,83,True
+,21,63,21,63,84,84,0,1.34765625,-1.34765625,-1.34765625,1,84,True
+,21,64,21,64,85,85,0,1.68359375,-1.68359375,-1.68359375,1,65,False
+,21,65,21,65,86,86,1,2.501953125,-2.501953125,-2.501953125,1,76,False
+,21,66,21,66,87,87,1,1.599609375,-1.599609375,-1.599609375,1,87,True
+,21,67,21,67,88,88,0,1.41015625,-1.41015625,-1.41015625,1,68,False
+,21,68,21,68,89,89,0,1.44140625,-1.44140625,-1.44140625,1,59,False
+,21,69,21,69,90,90,0,0.6103515625,-0.6103515625,-0.6103515625,1,90,True
+,21,70,21,70,91,91,0,1.080078125,-1.080078125,-1.080078125,1,91,True
+,21,71,21,71,92,92,0,0.91552734375,-0.91552734375,-0.91552734375,1,92,True
+,21,72,21,72,93,93,0,0.755859375,-0.755859375,-0.755859375,1,93,True
+,21,73,21,73,94,94,1,0.328369140625,-0.328369140625,-0.328369140625,1,94,True
+,21,74,21,74,95,95,0,1.2861328125,-1.2861328125,-1.2861328125,1,85,False
+,21,75,21,75,96,96,1,0.373291015625,-0.373291015625,-0.373291015625,1,96,True
+,21,76,21,76,97,97,0,0.49560546875,-0.49560546875,-0.49560546875,1,97,True
+,21,77,21,77,98,98,0,0.6533203125,-0.6533203125,-0.6533203125,1,98,True
+,21,78,21,78,99,99,0,0.271484375,-0.271484375,-0.271484375,1,99,True
+,21,79,21,79,100,100,1,0.1187744140625,-0.1187744140625,-0.1187744140625,1,100,True
+,21,80,21,80,101,101,0,0.42431640625,-0.42431640625,-0.42431640625,1,101,True
+,21,81,21,81,102,102,0,0.174072265625,-0.174072265625,-0.174072265625,1,102,True
+,21,82,21,82,103,103,0,0.1995849609375,-0.1995849609375,-0.1995849609375,1,103,True
+,21,83,21,83,104,104,0,0.2156982421875,-0.2156982421875,-0.2156982421875,1,104,True
+,21,84,21,84,105,105,1,0.2008056640625,-0.2008056640625,-0.2008056640625,1,105,True
+,21,85,21,85,106,106,0,0.184814453125,-0.184814453125,-0.184814453125,1,106,True
+,21,86,21,86,107,107,0,0.453369140625,-0.453369140625,-0.453369140625,1,107,True
+,21,87,21,87,108,108,0,0.09954833984375,-0.09954833984375,-0.09954833984375,1,108,True
+,21,88,21,88,109,109,0,0.75146484375,-0.75146484375,-0.75146484375,1,109,True
+,21,89,21,89,110,110,0,0.60693359375,-0.60693359375,-0.60693359375,1,110,True
+,21,90,21,90,111,111,0,0.06964111328125,-0.06964111328125,-0.06964111328125,1,111,True
+,21,91,21,91,112,112,0,1.416015625,-1.416015625,-1.416015625,1,122,False
+,21,92,21,92,113,113,0,1.5068359375,-1.5068359375,-1.5068359375,1,103,False
+,21,93,21,93,114,114,0,0.560546875,-0.560546875,-0.560546875,1,114,True
+,21,94,21,94,115,115,0,0.306884765625,-0.306884765625,-0.306884765625,1,115,True
+,21,95,21,95,116,116,0,0.9013671875,-0.9013671875,-0.9013671875,1,106,False
+,21,96,21,96,117,117,0,0.1944580078125,-0.1944580078125,-0.1944580078125,1,117,True
+,21,97,21,97,118,118,0,1.0283203125,-1.0283203125,-1.0283203125,1,110,False
+,21,98,21,98,119,119,0,0.3720703125,-0.3720703125,-0.3720703125,1,119,True
+,21,99,21,99,120,120,0,0.048858642578125,-0.048858642578125,-0.048858642578125,1,120,True
+,21,100,21,100,121,121,0,0.279541015625,-0.279541015625,-0.279541015625,1,121,True
+,22,1,22,1,23,23,11,0.03363037109375,-0.03363037109375,-0.03363037109375,1,23,True
+,22,2,22,2,24,24,8,0.07427978515625,-0.07427978515625,-0.07427978515625,1,24,True
+,22,3,22,3,25,25,7,0.0283203125,-0.0283203125,-0.0283203125,1,25,True
+,22,4,22,4,26,26,7,0.12115478515625,-0.12115478515625,-0.12115478515625,1,26,True
+,22,5,22,5,27,27,4,0.040740966796875,-0.040740966796875,-0.040740966796875,1,27,True
+,22,6,22,6,28,28,6,0.01995849609375,-0.01995849609375,-0.01995849609375,1,28,True
+,22,7,22,7,29,29,4,0.025115966796875,-0.025115966796875,-0.025115966796875,1,29,True
+,22,8,22,8,30,30,4,0.049530029296875,-0.049530029296875,-0.049530029296875,1,30,True
+,22,9,22,9,31,31,9,0.04351806640625,-0.04351806640625,-0.04351806640625,1,31,True
+,22,10,22,10,32,32,5,0.0171356201171875,-0.0171356201171875,-0.0171356201171875,1,32,True
+,22,11,22,11,33,33,6,0.035003662109375,-0.035003662109375,-0.035003662109375,1,33,True
+,22,12,22,12,34,34,5,0.7177734375,-0.7177734375,-0.7177734375,1,34,True
+,22,13,22,13,35,35,2,0.12469482421875,-0.12469482421875,-0.12469482421875,1,35,True
+,22,14,22,14,36,36,5,0.0723876953125,-0.0723876953125,-0.0723876953125,1,36,True
+,22,15,22,15,37,37,3,0.0648193359375,-0.0648193359375,-0.0648193359375,1,37,True
+,22,16,22,16,38,38,2,0.130615234375,-0.130615234375,-0.130615234375,1,38,True
+,22,17,22,17,39,39,1,0.0189361572265625,-0.0189361572265625,-0.0189361572265625,1,39,True
+,22,18,22,18,40,40,4,0.0305023193359375,-0.0305023193359375,-0.0305023193359375,1,40,True
+,22,19,22,19,41,41,2,0.021148681640625,-0.021148681640625,-0.021148681640625,1,41,True
+,22,20,22,20,42,42,5,0.020416259765625,-0.020416259765625,-0.020416259765625,1,42,True
+,22,21,22,21,43,43,3,0.06561279296875,-0.06561279296875,-0.06561279296875,1,43,True
+,22,22,22,22,44,44,18,0.289794921875,-0.289794921875,-0.289794921875,1,44,True
+,22,23,22,23,45,45,5,0.401123046875,-0.401123046875,-0.401123046875,1,45,True
+,22,24,22,24,46,46,3,0.08831787109375,-0.08831787109375,-0.08831787109375,1,46,True
+,22,25,22,25,47,47,2,0.0194091796875,-0.0194091796875,-0.0194091796875,1,47,True
+,22,26,22,26,48,48,1,0.044647216796875,-0.044647216796875,-0.044647216796875,1,48,True
+,22,27,22,27,49,49,4,0.07635498046875,-0.07635498046875,-0.07635498046875,1,49,True
+,22,28,22,28,50,50,2,0.140625,-0.140625,-0.140625,1,50,True
+,22,29,22,29,51,51,2,0.0174713134765625,-0.0174713134765625,-0.0174713134765625,1,51,True
+,22,30,22,30,52,52,3,0.0200042724609375,-0.0200042724609375,-0.0200042724609375,1,52,True
+,22,31,22,31,53,53,5,0.151611328125,-0.151611328125,-0.151611328125,1,53,True
+,22,32,22,32,54,54,0,1.0107421875,-1.0107421875,-1.0107421875,1,54,True
+,22,33,22,33,55,55,2,0.015228271484375,-0.015228271484375,-0.015228271484375,1,55,True
+,22,34,22,34,56,56,1,0.0297088623046875,-0.0297088623046875,-0.0297088623046875,1,56,True
+,22,35,22,35,57,57,0,0.08331298828125,-0.08331298828125,-0.08331298828125,1,57,True
+,22,36,22,36,58,58,1,0.1678466796875,-0.1678466796875,-0.1678466796875,1,58,True
+,22,37,22,37,59,59,0,0.4658203125,-0.4658203125,-0.4658203125,1,59,True
+,22,38,22,38,60,60,1,0.1015625,-0.1015625,-0.1015625,1,60,True
+,22,39,22,39,61,61,0,0.06512451171875,-0.06512451171875,-0.06512451171875,1,61,True
+,22,40,22,40,62,62,1,0.62744140625,-0.62744140625,-0.62744140625,1,62,True
+,22,41,22,41,63,63,0,1.4609375,-1.4609375,-1.4609375,1,53,False
+,22,42,22,42,64,64,0,0.488037109375,-0.488037109375,-0.488037109375,1,64,True
+,22,43,22,43,65,65,0,3.416015625,-3.416015625,-3.416015625,1,55,False
+,22,44,22,44,66,66,2,0.5400390625,-0.5400390625,-0.5400390625,1,66,True
+,22,45,22,45,67,67,0,0.595703125,-0.595703125,-0.595703125,1,67,True
+,22,46,22,46,68,68,1,1.0,-1.0,-1.0,1,68,True
+,22,47,22,47,69,69,0,0.88427734375,-0.88427734375,-0.88427734375,1,59,False
+,22,48,22,48,70,70,0,0.02008056640625,-0.02008056640625,-0.02008056640625,1,70,True
+,22,49,22,49,71,71,0,0.248046875,-0.248046875,-0.248046875,1,71,True
+,22,50,22,50,72,72,2,0.139404296875,-0.139404296875,-0.139404296875,1,72,True
+,22,51,22,51,73,73,0,0.2459716796875,-0.2459716796875,-0.2459716796875,1,73,True
+,22,52,22,52,74,74,0,2.4921875,-2.4921875,-2.4921875,1,54,False
+,22,53,22,53,75,75,1,0.4580078125,-0.4580078125,-0.4580078125,1,75,True
+,22,54,22,54,76,76,0,0.1690673828125,-0.1690673828125,-0.1690673828125,1,76,True
+,22,55,22,55,77,77,0,2.126953125,-2.126953125,-2.126953125,1,67,False
+,22,56,22,56,78,78,1,1.3916015625,-1.3916015625,-1.3916015625,1,70,False
+,22,57,22,57,79,79,0,1.2626953125,-1.2626953125,-1.2626953125,1,70,False
+,22,58,22,58,80,80,1,1.962890625,-1.962890625,-1.962890625,1,70,False
+,22,59,22,59,81,81,0,0.9013671875,-0.9013671875,-0.9013671875,1,71,False
+,22,60,22,60,82,82,1,0.94970703125,-0.94970703125,-0.94970703125,1,82,True
+,22,61,22,61,83,83,1,0.59033203125,-0.59033203125,-0.59033203125,1,83,True
+,22,62,22,62,84,84,0,2.48046875,-2.48046875,-2.48046875,1,74,False
+,22,63,22,63,85,85,0,0.986328125,-0.986328125,-0.986328125,1,85,True
+,22,64,22,64,86,86,0,2.921875,-2.921875,-2.921875,1,66,False
+,22,65,22,65,87,87,1,1.5986328125,-1.5986328125,-1.5986328125,1,77,False
+,22,66,22,66,88,88,0,2.392578125,-2.392578125,-2.392578125,1,68,False
+,22,67,22,67,89,89,0,2.318359375,-2.318359375,-2.318359375,1,79,False
+,22,68,22,68,90,90,0,1.53125,-1.53125,-1.53125,1,70,False
+,22,69,22,69,91,91,0,1.5322265625,-1.5322265625,-1.5322265625,1,71,False
+,22,70,22,70,92,92,8,2.3359375,-2.3359375,-2.3359375,1,72,False
+,22,71,22,71,93,93,0,2.056640625,-2.056640625,-2.056640625,1,83,False
+,22,72,22,72,94,94,0,3.17578125,-3.17578125,-3.17578125,1,74,False
+,22,73,22,73,95,95,0,2.388671875,-2.388671875,-2.388671875,1,85,False
+,22,74,22,74,96,96,1,2.759765625,-2.759765625,-2.759765625,1,76,False
+,22,75,22,75,97,97,0,0.482177734375,-0.482177734375,-0.482177734375,1,97,True
+,22,76,22,76,98,98,0,1.4599609375,-1.4599609375,-1.4599609375,1,78,False
+,22,77,22,77,99,99,0,0.9150390625,-0.9150390625,-0.9150390625,1,99,True
+,22,78,22,78,100,100,1,0.55224609375,-0.55224609375,-0.55224609375,1,100,True
+,22,79,22,79,101,101,0,0.43359375,-0.43359375,-0.43359375,1,101,True
+,22,80,22,80,102,102,0,0.427001953125,-0.427001953125,-0.427001953125,1,102,True
+,22,81,22,81,103,103,0,0.47216796875,-0.47216796875,-0.47216796875,1,103,True
+,22,82,22,82,104,104,0,2.40625,-2.40625,-2.40625,1,84,False
+,22,83,22,83,105,105,0,0.330810546875,-0.330810546875,-0.330810546875,1,105,True
+,22,84,22,84,106,106,0,0.84423828125,-0.84423828125,-0.84423828125,1,106,True
+,22,85,22,85,107,107,0,1.3515625,-1.3515625,-1.3515625,1,97,False
+,22,86,22,86,108,108,0,0.76123046875,-0.76123046875,-0.76123046875,1,108,True
+,22,87,22,87,109,109,0,0.64208984375,-0.64208984375,-0.64208984375,1,109,True
+,22,88,22,88,110,110,0,0.47021484375,-0.47021484375,-0.47021484375,1,110,True
+,22,89,22,89,111,111,1,0.1802978515625,-0.1802978515625,-0.1802978515625,1,111,True
+,22,90,22,90,112,112,0,0.7939453125,-0.7939453125,-0.7939453125,1,112,True
+,22,91,22,91,113,113,0,1.25390625,-1.25390625,-1.25390625,1,123,False
+,22,92,22,92,114,114,0,0.712890625,-0.712890625,-0.712890625,1,114,True
+,22,93,22,93,115,115,0,0.54248046875,-0.54248046875,-0.54248046875,1,115,True
+,22,94,22,94,116,116,0,1.0478515625,-1.0478515625,-1.0478515625,1,116,True
+,22,95,22,95,117,117,0,0.7431640625,-0.7431640625,-0.7431640625,1,117,True
+,22,96,22,96,118,118,0,0.8017578125,-0.8017578125,-0.8017578125,1,118,True
+,22,97,22,97,119,119,0,0.49755859375,-0.49755859375,-0.49755859375,1,119,True
+,22,98,22,98,120,120,0,0.2568359375,-0.2568359375,-0.2568359375,1,120,True
+,22,99,22,99,121,121,0,1.12890625,-1.12890625,-1.12890625,1,131,False
+,22,100,22,100,122,122,0,0.2012939453125,-0.2012939453125,-0.2012939453125,1,122,True
+,23,1,23,1,24,24,11,0.3212890625,-0.3212890625,-0.3212890625,1,24,True
+,23,2,23,2,25,25,10,0.15234375,-0.15234375,-0.15234375,1,25,True
+,23,3,23,3,26,26,3,0.0850830078125,-0.0850830078125,-0.0850830078125,1,26,True
+,23,4,23,4,27,27,7,0.0135650634765625,-0.0135650634765625,-0.0135650634765625,1,27,True
+,23,5,23,5,28,28,9,0.0165863037109375,-0.0165863037109375,-0.0165863037109375,1,28,True
+,23,6,23,6,29,29,1,0.025146484375,-0.025146484375,-0.025146484375,1,29,True
+,23,7,23,7,30,30,7,0.04205322265625,-0.04205322265625,-0.04205322265625,1,30,True
+,23,8,23,8,31,31,3,0.0190582275390625,-0.0190582275390625,-0.0190582275390625,1,31,True
+,23,9,23,9,32,32,5,0.0828857421875,-0.0828857421875,-0.0828857421875,1,32,True
+,23,10,23,10,33,33,4,0.0328369140625,-0.0328369140625,-0.0328369140625,1,33,True
+,23,11,23,11,34,34,10,0.317138671875,-0.317138671875,-0.317138671875,1,34,True
+,23,12,23,12,35,35,5,0.03045654296875,-0.03045654296875,-0.03045654296875,1,35,True
+,23,13,23,13,36,36,3,0.167724609375,-0.167724609375,-0.167724609375,1,36,True
+,23,14,23,14,37,37,0,0.2105712890625,-0.2105712890625,-0.2105712890625,1,37,True
+,23,15,23,15,38,38,1,0.1021728515625,-0.1021728515625,-0.1021728515625,1,38,True
+,23,16,23,16,39,39,2,0.01320648193359375,-0.01320648193359375,-0.01320648193359375,1,39,True
+,23,17,23,17,40,40,4,0.048736572265625,-0.048736572265625,-0.048736572265625,1,40,True
+,23,18,23,18,41,41,5,0.0217742919921875,-0.0217742919921875,-0.0217742919921875,1,41,True
+,23,19,23,19,42,42,1,0.0645751953125,-0.0645751953125,-0.0645751953125,1,42,True
+,23,20,23,20,43,43,3,0.0281829833984375,-0.0281829833984375,-0.0281829833984375,1,43,True
+,23,21,23,21,44,44,1,0.05615234375,-0.05615234375,-0.05615234375,1,44,True
+,23,22,23,22,45,45,6,0.13818359375,-0.13818359375,-0.13818359375,1,45,True
+,23,23,23,23,46,46,16,0.11688232421875,-0.11688232421875,-0.11688232421875,1,46,True
+,23,24,23,24,47,47,2,0.0199127197265625,-0.0199127197265625,-0.0199127197265625,1,47,True
+,23,25,23,25,48,48,4,0.01050567626953125,-0.01050567626953125,-0.01050567626953125,1,48,True
+,23,26,23,26,49,49,2,0.103515625,-0.103515625,-0.103515625,1,49,True
+,23,27,23,27,50,50,5,0.1624755859375,-0.1624755859375,-0.1624755859375,1,50,True
+,23,28,23,28,51,51,5,0.07073974609375,-0.07073974609375,-0.07073974609375,1,51,True
+,23,29,23,29,52,52,2,0.037750244140625,-0.037750244140625,-0.037750244140625,1,52,True
+,23,30,23,30,53,53,0,0.0265045166015625,-0.0265045166015625,-0.0265045166015625,1,53,True
+,23,31,23,31,54,54,0,0.14892578125,-0.14892578125,-0.14892578125,1,54,True
+,23,32,23,32,55,55,3,0.286865234375,-0.286865234375,-0.286865234375,1,55,True
+,23,33,23,33,56,56,0,0.085205078125,-0.085205078125,-0.085205078125,1,56,True
+,23,34,23,34,57,57,1,0.20361328125,-0.20361328125,-0.20361328125,1,57,True
+,23,35,23,35,58,58,3,0.9560546875,-0.9560546875,-0.9560546875,1,48,False
+,23,36,23,36,59,59,0,0.125,-0.125,-0.125,1,59,True
+,23,37,23,37,60,60,4,1.2275390625,-1.2275390625,-1.2275390625,1,50,False
+,23,38,23,38,61,61,1,0.57666015625,-0.57666015625,-0.57666015625,1,61,True
+,23,39,23,39,62,62,1,1.349609375,-1.349609375,-1.349609375,1,52,False
+,23,40,23,40,63,63,0,1.2841796875,-1.2841796875,-1.2841796875,1,53,False
+,23,41,23,41,64,64,1,1.6376953125,-1.6376953125,-1.6376953125,1,54,False
+,23,42,23,42,65,65,2,1.6240234375,-1.6240234375,-1.6240234375,1,55,False
+,23,43,23,43,66,66,0,1.37890625,-1.37890625,-1.37890625,1,56,False
+,23,44,23,44,67,67,1,3.37890625,-3.37890625,-3.37890625,1,57,False
+,23,45,23,45,68,68,1,1.3759765625,-1.3759765625,-1.3759765625,1,58,False
+,23,46,23,46,69,69,2,1.5205078125,-1.5205078125,-1.5205078125,1,59,False
+,23,47,23,47,70,70,1,0.5576171875,-0.5576171875,-0.5576171875,1,70,True
+,23,48,23,48,71,71,0,0.297119140625,-0.297119140625,-0.297119140625,1,71,True
+,23,49,23,49,72,72,2,0.52978515625,-0.52978515625,-0.52978515625,1,72,True
+,23,50,23,50,73,73,0,1.43359375,-1.43359375,-1.43359375,1,63,False
+,23,51,23,51,74,74,1,1.099609375,-1.099609375,-1.099609375,1,64,False
+,23,52,23,52,75,75,1,2.619140625,-2.619140625,-2.619140625,1,55,False
+,23,53,23,53,76,76,0,0.79345703125,-0.79345703125,-0.79345703125,1,76,True
+,23,54,23,54,77,77,1,0.93701171875,-0.93701171875,-0.93701171875,1,67,False
+,23,55,23,55,78,78,1,1.822265625,-1.822265625,-1.822265625,1,68,False
+,23,56,23,56,79,79,1,2.05078125,-2.05078125,-2.05078125,1,69,False
+,23,57,23,57,80,80,0,1.751953125,-1.751953125,-1.751953125,1,70,False
+,23,58,23,58,81,81,0,2.111328125,-2.111328125,-2.111328125,1,71,False
+,23,59,23,59,82,82,1,3.2890625,-3.2890625,-3.2890625,1,72,False
+,23,60,23,60,83,83,1,0.90380859375,-0.90380859375,-0.90380859375,1,83,True
+,23,61,23,61,84,84,1,2.912109375,-2.912109375,-2.912109375,1,74,False
+,23,62,23,62,85,85,0,3.21875,-3.21875,-3.21875,1,45,False
+,23,63,23,63,86,86,0,3.107421875,-3.107421875,-3.107421875,1,46,False
+,23,64,23,64,87,87,0,3.833984375,-3.833984375,-3.833984375,1,39,False
+,23,65,23,65,88,88,0,3.4921875,-3.4921875,-3.4921875,1,48,False
+,23,66,23,66,89,89,0,3.564453125,-3.564453125,-3.564453125,1,49,False
+,23,67,23,67,90,90,0,4.2578125,-4.2578125,-4.2578125,1,70,False
+,23,68,23,68,91,91,0,4.27734375,-4.27734375,-4.27734375,1,61,False
+,23,69,23,69,92,92,0,5.5625,-5.5625,-5.5625,1,62,False
+,23,70,23,70,93,93,0,6.296875,-6.296875,-6.296875,1,57,False
+,23,71,23,71,94,94,2,6.43359375,-6.43359375,-6.43359375,1,56,False
+,23,72,23,72,95,95,0,6.33984375,-6.33984375,-6.33984375,1,55,False
+,23,73,23,73,96,96,1,5.60546875,-5.60546875,-5.60546875,1,76,False
+,23,74,23,74,97,97,1,4.70703125,-4.70703125,-4.70703125,1,57,False
+,23,75,23,75,98,98,0,2.87890625,-2.87890625,-2.87890625,1,88,False
+,23,76,23,76,99,99,1,3.0078125,-3.0078125,-3.0078125,1,59,False
+,23,77,23,77,100,100,2,3.064453125,-3.064453125,-3.064453125,1,70,False
+,23,78,23,78,101,101,0,2.40234375,-2.40234375,-2.40234375,1,61,False
+,23,79,23,79,102,102,1,3.681640625,-3.681640625,-3.681640625,1,62,False
+,23,80,23,80,103,103,0,2.662109375,-2.662109375,-2.662109375,1,63,False
+,23,81,23,81,104,104,0,2.142578125,-2.142578125,-2.142578125,1,74,False
+,23,82,23,82,105,105,0,4.42578125,-4.42578125,-4.42578125,1,45,False
+,23,83,23,83,106,106,1,1.9794921875,-1.9794921875,-1.9794921875,1,86,False
+,23,84,23,84,107,107,0,2.23828125,-2.23828125,-2.23828125,1,67,False
+,23,85,23,85,108,108,1,1.5068359375,-1.5068359375,-1.5068359375,1,98,False
+,23,86,23,86,109,109,0,2.111328125,-2.111328125,-2.111328125,1,99,False
+,23,87,23,87,110,110,1,1.740234375,-1.740234375,-1.740234375,1,70,False
+,23,88,23,88,111,111,0,1.2236328125,-1.2236328125,-1.2236328125,1,111,True
+,23,89,23,89,112,112,0,1.470703125,-1.470703125,-1.470703125,1,112,True
+,23,90,23,90,113,113,0,1.876953125,-1.876953125,-1.876953125,1,103,False
+,23,91,23,91,114,114,0,1.802734375,-1.802734375,-1.802734375,1,104,False
+,23,92,23,92,115,115,0,2.0859375,-2.0859375,-2.0859375,1,75,False
+,23,93,23,93,116,116,3,2.556640625,-2.556640625,-2.556640625,1,106,False
+,23,94,23,94,117,117,0,2.947265625,-2.947265625,-2.947265625,1,127,False
+,23,95,23,95,118,118,0,2.2109375,-2.2109375,-2.2109375,1,108,False
+,23,96,23,96,119,119,2,1.083984375,-1.083984375,-1.083984375,1,139,False
+,23,97,23,97,120,120,0,2.14453125,-2.14453125,-2.14453125,1,130,False
+,23,98,23,98,121,121,0,2.4296875,-2.4296875,-2.4296875,1,131,False
+,23,99,23,99,122,122,0,1.228515625,-1.228515625,-1.228515625,1,122,True
+,23,100,23,100,123,123,0,0.446533203125,-0.446533203125,-0.446533203125,1,123,True
+,24,1,24,1,25,25,21,0.0233154296875,-0.0233154296875,-0.0233154296875,1,25,True
+,24,2,24,2,26,26,17,0.01837158203125,-0.01837158203125,-0.01837158203125,1,26,True
+,24,3,24,3,27,27,15,0.01367950439453125,-0.01367950439453125,-0.01367950439453125,1,27,True
+,24,4,24,4,28,28,24,0.047271728515625,-0.047271728515625,-0.047271728515625,1,28,True
+,24,5,24,5,29,29,5,0.0186614990234375,-0.0186614990234375,-0.0186614990234375,1,29,True
+,24,6,24,6,30,30,26,0.037750244140625,-0.037750244140625,-0.037750244140625,1,30,True
+,24,7,24,7,31,31,13,0.013458251953125,-0.013458251953125,-0.013458251953125,1,31,True
+,24,8,24,8,32,32,25,0.139404296875,-0.139404296875,-0.139404296875,1,32,True
+,24,9,24,9,33,33,8,0.019073486328125,-0.019073486328125,-0.019073486328125,1,33,True
+,24,10,24,10,34,34,6,0.00815582275390625,-0.00815582275390625,-0.00815582275390625,1,34,True
+,24,11,24,11,35,35,2,0.00543212890625,-0.00543212890625,-0.00543212890625,1,35,True
+,24,12,24,12,36,36,14,0.0491943359375,-0.0491943359375,-0.0491943359375,1,36,True
+,24,13,24,13,37,37,2,0.04254150390625,-0.04254150390625,-0.04254150390625,1,37,True
+,24,14,24,14,38,38,5,0.0201568603515625,-0.0201568603515625,-0.0201568603515625,1,38,True
+,24,15,24,15,39,39,8,0.00244140625,-0.00244140625,-0.00244140625,1,39,True
+,24,16,24,16,40,40,9,0.053375244140625,-0.053375244140625,-0.053375244140625,1,40,True
+,24,17,24,17,41,41,6,0.0197601318359375,-0.0197601318359375,-0.0197601318359375,1,41,True
+,24,18,24,18,42,42,7,0.017303466796875,-0.017303466796875,-0.017303466796875,1,42,True
+,24,19,24,19,43,43,3,0.0275115966796875,-0.0275115966796875,-0.0275115966796875,1,43,True
+,24,20,24,20,44,44,7,0.003612518310546875,-0.003612518310546875,-0.003612518310546875,1,44,True
+,24,21,24,21,45,45,0,0.0137176513671875,-0.0137176513671875,-0.0137176513671875,1,45,True
+,24,22,24,22,46,46,5,0.03314208984375,-0.03314208984375,-0.03314208984375,1,46,True
+,24,23,24,23,47,47,7,0.012603759765625,-0.012603759765625,-0.012603759765625,1,47,True
+,24,24,24,24,48,48,33,0.1162109375,-0.1162109375,-0.1162109375,1,48,True
+,24,25,24,25,49,49,4,0.0240631103515625,-0.0240631103515625,-0.0240631103515625,1,49,True
+,24,26,24,26,50,50,1,0.1011962890625,-0.1011962890625,-0.1011962890625,1,50,True
+,24,27,24,27,51,51,2,0.01222991943359375,-0.01222991943359375,-0.01222991943359375,1,51,True
+,24,28,24,28,52,52,1,0.047088623046875,-0.047088623046875,-0.047088623046875,1,52,True
+,24,29,24,29,53,53,2,0.0130462646484375,-0.0130462646484375,-0.0130462646484375,1,53,True
+,24,30,24,30,54,54,5,0.000965118408203125,-0.000965118408203125,-0.000965118408203125,1,54,True
+,24,31,24,31,55,55,1,0.024627685546875,-0.024627685546875,-0.024627685546875,1,55,True
+,24,32,24,32,56,56,10,0.265625,-0.265625,-0.265625,1,56,True
+,24,33,24,33,57,57,3,0.2332763671875,-0.2332763671875,-0.2332763671875,1,57,True
+,24,34,24,34,58,58,1,0.73974609375,-0.73974609375,-0.73974609375,1,58,True
+,24,35,24,35,59,59,1,0.04156494140625,-0.04156494140625,-0.04156494140625,1,59,True
+,24,36,24,36,60,60,10,0.050323486328125,-0.050323486328125,-0.050323486328125,1,60,True
+,24,37,24,37,61,61,0,1.173828125,-1.173828125,-1.173828125,1,53,False
+,24,38,24,38,62,62,1,0.11572265625,-0.11572265625,-0.11572265625,1,62,True
+,24,39,24,39,63,63,1,0.040771484375,-0.040771484375,-0.040771484375,1,63,True
+,24,40,24,40,64,64,4,0.12066650390625,-0.12066650390625,-0.12066650390625,1,64,True
+,24,41,24,41,65,65,0,0.413818359375,-0.413818359375,-0.413818359375,1,65,True
+,24,42,24,42,66,66,4,0.61181640625,-0.61181640625,-0.61181640625,1,66,True
+,24,43,24,43,67,67,0,0.468994140625,-0.468994140625,-0.468994140625,1,67,True
+,24,44,24,44,68,68,0,0.328857421875,-0.328857421875,-0.328857421875,1,68,True
+,24,45,24,45,69,69,1,0.0635986328125,-0.0635986328125,-0.0635986328125,1,69,True
+,24,46,24,46,70,70,1,0.7314453125,-0.7314453125,-0.7314453125,1,70,True
+,24,47,24,47,71,71,1,0.27734375,-0.27734375,-0.27734375,1,71,True
+,24,48,24,48,72,72,3,0.94482421875,-0.94482421875,-0.94482421875,1,60,False
+,24,49,24,49,73,73,0,0.12298583984375,-0.12298583984375,-0.12298583984375,1,73,True
+,24,50,24,50,74,74,0,0.02130126953125,-0.02130126953125,-0.02130126953125,1,74,True
+,24,51,24,51,75,75,0,0.2431640625,-0.2431640625,-0.2431640625,1,75,True
+,24,52,24,52,76,76,0,1.94140625,-1.94140625,-1.94140625,1,56,False
+,24,53,24,53,77,77,1,0.99462890625,-0.99462890625,-0.99462890625,1,77,True
+,24,54,24,54,78,78,0,0.84765625,-0.84765625,-0.84765625,1,78,True
+,24,55,24,55,79,79,0,0.3720703125,-0.3720703125,-0.3720703125,1,79,True
+,24,56,24,56,80,80,0,0.6396484375,-0.6396484375,-0.6396484375,1,80,True
+,24,57,24,57,81,81,0,0.51220703125,-0.51220703125,-0.51220703125,1,81,True
+,24,58,24,58,82,82,0,1.5732421875,-1.5732421875,-1.5732421875,1,62,False
+,24,59,24,59,83,83,0,0.2958984375,-0.2958984375,-0.2958984375,1,83,True
+,24,60,24,60,84,84,1,1.0205078125,-1.0205078125,-1.0205078125,1,84,True
+,24,61,24,61,85,85,1,3.017578125,-3.017578125,-3.017578125,1,65,False
+,24,62,24,62,86,86,0,2.609375,-2.609375,-2.609375,1,58,False
+,24,63,24,63,87,87,2,4.69140625,-4.69140625,-4.69140625,1,39,False
+,24,64,24,64,88,88,2,3.583984375,-3.583984375,-3.583984375,1,68,False
+,24,65,24,65,89,89,0,2.40625,-2.40625,-2.40625,1,79,False
+,24,66,24,66,90,90,0,0.87451171875,-0.87451171875,-0.87451171875,1,90,True
+,24,67,24,67,91,91,0,3.494140625,-3.494140625,-3.494140625,1,71,False
+,24,68,24,68,92,92,0,1.1513671875,-1.1513671875,-1.1513671875,1,92,True
+,24,69,24,69,93,93,0,3.80859375,-3.80859375,-3.80859375,1,63,False
+,24,70,24,70,94,94,1,2.783203125,-2.783203125,-2.783203125,1,74,False
+,24,71,24,71,95,95,0,2.65625,-2.65625,-2.65625,1,79,False
+,24,72,24,72,96,96,6,6.39453125,-6.39453125,-6.39453125,1,60,False
+,24,73,24,73,97,97,0,4.171875,-4.171875,-4.171875,1,77,False
+,24,74,24,74,98,98,0,4.29296875,-4.29296875,-4.29296875,1,58,False
+,24,75,24,75,99,99,0,0.736328125,-0.736328125,-0.736328125,1,99,True
+,24,76,24,76,100,100,1,0.467529296875,-0.467529296875,-0.467529296875,1,100,True
+,24,77,24,77,101,101,0,1.494140625,-1.494140625,-1.494140625,1,71,False
+,24,78,24,78,102,102,2,0.9462890625,-0.9462890625,-0.9462890625,1,90,False
+,24,79,24,79,103,103,0,0.61279296875,-0.61279296875,-0.61279296875,1,103,True
+,24,80,24,80,104,104,0,0.34814453125,-0.34814453125,-0.34814453125,1,104,True
+,24,81,24,81,105,105,0,1.8876953125,-1.8876953125,-1.8876953125,1,75,False
+,24,82,24,82,106,106,0,3.9765625,-3.9765625,-3.9765625,1,86,False
+,24,83,24,83,107,107,0,0.50390625,-0.50390625,-0.50390625,1,107,True
+,24,84,24,84,108,108,0,1.890625,-1.890625,-1.890625,1,60,False
+,24,85,24,85,109,109,0,1.2080078125,-1.2080078125,-1.2080078125,1,89,False
+,24,86,24,86,110,110,0,0.328125,-0.328125,-0.328125,1,110,True
+,24,87,24,87,111,111,0,0.383056640625,-0.383056640625,-0.383056640625,1,111,True
+,24,88,24,88,112,112,0,2.95703125,-2.95703125,-2.95703125,1,100,False
+,24,89,24,89,113,113,0,1.2578125,-1.2578125,-1.2578125,1,103,False
+,24,90,24,90,114,114,0,0.37548828125,-0.37548828125,-0.37548828125,1,114,True
+,24,91,24,91,115,115,0,0.28955078125,-0.28955078125,-0.28955078125,1,115,True
+,24,92,24,92,116,116,0,1.8173828125,-1.8173828125,-1.8173828125,1,100,False
+,24,93,24,93,117,117,0,0.89599609375,-0.89599609375,-0.89599609375,1,117,True
+,24,94,24,94,118,118,0,3.412109375,-3.412109375,-3.412109375,1,58,False
+,24,95,24,95,119,119,0,0.95703125,-0.95703125,-0.95703125,1,139,False
+,24,96,24,96,120,120,1,0.44580078125,-0.44580078125,-0.44580078125,1,120,True
+,24,97,24,97,121,121,0,3.2578125,-3.2578125,-3.2578125,1,131,False
+,24,98,24,98,122,122,0,0.537109375,-0.537109375,-0.537109375,1,122,True
+,24,99,24,99,123,123,0,0.29541015625,-0.29541015625,-0.29541015625,1,123,True
+,24,100,24,100,124,124,0,0.174072265625,-0.174072265625,-0.174072265625,1,124,True
+,25,1,25,1,26,26,29,0.04461669921875,-0.04461669921875,-0.04461669921875,1,26,True
+,25,2,25,2,27,27,9,0.06549072265625,-0.06549072265625,-0.06549072265625,1,27,True
+,25,3,25,3,28,28,12,0.063232421875,-0.063232421875,-0.063232421875,1,28,True
+,25,4,25,4,29,29,10,0.0196990966796875,-0.0196990966796875,-0.0196990966796875,1,29,True
+,25,5,25,5,30,30,14,0.0204010009765625,-0.0204010009765625,-0.0204010009765625,1,30,True
+,25,6,25,6,31,31,11,0.0601806640625,-0.0601806640625,-0.0601806640625,1,31,True
+,25,7,25,7,32,32,9,0.146728515625,-0.146728515625,-0.146728515625,1,32,True
+,25,8,25,8,33,33,11,0.027618408203125,-0.027618408203125,-0.027618408203125,1,33,True
+,25,9,25,9,34,34,8,0.043487548828125,-0.043487548828125,-0.043487548828125,1,34,True
+,25,10,25,10,35,35,6,0.1865234375,-0.1865234375,-0.1865234375,1,35,True
+,25,11,25,11,36,36,3,0.0714111328125,-0.0714111328125,-0.0714111328125,1,36,True
+,25,12,25,12,37,37,4,0.1378173828125,-0.1378173828125,-0.1378173828125,1,37,True
+,25,13,25,13,38,38,2,0.93505859375,-0.93505859375,-0.93505859375,1,38,True
+,25,14,25,14,39,39,6,0.24658203125,-0.24658203125,-0.24658203125,1,39,True
+,25,15,25,15,40,40,20,0.095947265625,-0.095947265625,-0.095947265625,1,40,True
+,25,16,25,16,41,41,8,0.049957275390625,-0.049957275390625,-0.049957275390625,1,41,True
+,25,17,25,17,42,42,3,0.11785888671875,-0.11785888671875,-0.11785888671875,1,42,True
+,25,18,25,18,43,43,3,0.002658843994140625,-0.002658843994140625,-0.002658843994140625,1,43,True
+,25,19,25,19,44,44,2,0.0714111328125,-0.0714111328125,-0.0714111328125,1,44,True
+,25,20,25,20,45,45,20,0.01004791259765625,-0.01004791259765625,-0.01004791259765625,1,45,True
+,25,21,25,21,46,46,1,0.0513916015625,-0.0513916015625,-0.0513916015625,1,46,True
+,25,22,25,22,47,47,3,0.01433563232421875,-0.01433563232421875,-0.01433563232421875,1,47,True
+,25,23,25,23,48,48,0,0.040863037109375,-0.040863037109375,-0.040863037109375,1,48,True
+,25,24,25,24,49,49,5,0.0221099853515625,-0.0221099853515625,-0.0221099853515625,1,49,True
+,25,25,25,25,50,50,23,0.0426025390625,-0.0426025390625,-0.0426025390625,1,50,True
+,25,26,25,26,51,51,5,0.06597900390625,-0.06597900390625,-0.06597900390625,1,51,True
+,25,27,25,27,52,52,4,0.05023193359375,-0.05023193359375,-0.05023193359375,1,52,True
+,25,28,25,28,53,53,0,0.036407470703125,-0.036407470703125,-0.036407470703125,1,53,True
+,25,29,25,29,54,54,1,0.0091552734375,-0.0091552734375,-0.0091552734375,1,54,True
+,25,30,25,30,55,55,9,0.006725311279296875,-0.006725311279296875,-0.006725311279296875,1,55,True
+,25,31,25,31,56,56,1,0.1279296875,-0.1279296875,-0.1279296875,1,56,True
+,25,32,25,32,57,57,6,0.412841796875,-0.412841796875,-0.412841796875,1,57,True
+,25,33,25,33,58,58,2,0.31005859375,-0.31005859375,-0.31005859375,1,58,True
+,25,34,25,34,59,59,1,0.447509765625,-0.447509765625,-0.447509765625,1,59,True
+,25,35,25,35,60,60,5,0.157958984375,-0.157958984375,-0.157958984375,1,60,True
+,25,36,25,36,61,61,6,0.369140625,-0.369140625,-0.369140625,1,61,True
+,25,37,25,37,62,62,0,2.439453125,-2.439453125,-2.439453125,1,52,False
+,25,38,25,38,63,63,0,0.9169921875,-0.9169921875,-0.9169921875,1,53,False
+,25,39,25,39,64,64,1,2.142578125,-2.142578125,-2.142578125,1,54,False
+,25,40,25,40,65,65,8,4.4140625,-4.4140625,-4.4140625,1,55,False
+,25,41,25,41,66,66,1,2.759765625,-2.759765625,-2.759765625,1,56,False
+,25,42,25,42,67,67,0,2.37890625,-2.37890625,-2.37890625,1,57,False
+,25,43,25,43,68,68,0,1.69921875,-1.69921875,-1.69921875,1,58,False
+,25,44,25,44,69,69,0,2.431640625,-2.431640625,-2.431640625,1,59,False
+,25,45,25,45,70,70,4,2.193359375,-2.193359375,-2.193359375,1,60,False
+,25,46,25,46,71,71,0,3.4375,-3.4375,-3.4375,1,61,False
+,25,47,25,47,72,72,0,0.54150390625,-0.54150390625,-0.54150390625,1,72,True
+,25,48,25,48,73,73,0,1.2177734375,-1.2177734375,-1.2177734375,1,53,False
+,25,49,25,49,74,74,4,0.82470703125,-0.82470703125,-0.82470703125,1,64,False
+,25,50,25,50,75,75,14,1.0849609375,-1.0849609375,-1.0849609375,1,65,False
+,25,51,25,51,76,76,0,1.8896484375,-1.8896484375,-1.8896484375,1,66,False
+,25,52,25,52,77,77,1,5.5390625,-5.5390625,-5.5390625,1,57,False
+,25,53,25,53,78,78,0,2.142578125,-2.142578125,-2.142578125,1,68,False
+,25,54,25,54,79,79,0,1.283203125,-1.283203125,-1.283203125,1,69,False
+,25,55,25,55,80,80,1,5.83203125,-5.83203125,-5.83203125,1,70,False
+,25,56,25,56,81,81,2,2.802734375,-2.802734375,-2.802734375,1,71,False
+,25,57,25,57,82,82,0,3.4140625,-3.4140625,-3.4140625,1,72,False
+,25,58,25,58,83,83,0,3.357421875,-3.357421875,-3.357421875,1,73,False
+,25,59,25,59,84,84,1,4.671875,-4.671875,-4.671875,1,74,False
+,25,60,25,60,85,85,2,4.01953125,-4.01953125,-4.01953125,1,65,False
+,25,61,25,61,86,86,0,4.94921875,-4.94921875,-4.94921875,1,76,False
+,25,62,25,62,87,87,0,4.484375,-4.484375,-4.484375,1,57,False
+,25,63,25,63,88,88,0,6.26171875,-6.26171875,-6.26171875,1,68,False
+,25,64,25,64,89,89,4,4.44140625,-4.44140625,-4.44140625,1,69,False
+,25,65,25,65,90,90,0,5.40234375,-5.40234375,-5.40234375,1,70,False
+,25,66,25,66,91,91,1,6.28125,-6.28125,-6.28125,1,51,False
+,25,67,25,67,92,92,1,5.8046875,-5.8046875,-5.8046875,1,72,False
+,25,68,25,68,93,93,0,3.462890625,-3.462890625,-3.462890625,1,53,False
+,25,69,25,69,94,94,1,4.390625,-4.390625,-4.390625,1,74,False
+,25,70,25,70,95,95,1,7.58203125,-7.58203125,-7.58203125,1,51,False
+,25,71,25,71,96,96,0,8.0390625,-8.0390625,-8.0390625,1,66,False
+,25,72,25,72,97,97,0,4.953125,-4.953125,-4.953125,1,57,False
+,25,73,25,73,98,98,0,6.46484375,-6.46484375,-6.46484375,1,68,False
+,25,74,25,74,99,99,0,5.7421875,-5.7421875,-5.7421875,1,69,False
+,25,75,25,75,100,100,5,2.87890625,-2.87890625,-2.87890625,1,70,False
+,25,76,25,76,101,101,0,2.93359375,-2.93359375,-2.93359375,1,61,False
+,25,77,25,77,102,102,0,3.4140625,-3.4140625,-3.4140625,1,72,False
+,25,78,25,78,103,103,0,1.8623046875,-1.8623046875,-1.8623046875,1,53,False
+,25,79,25,79,104,104,0,2.1640625,-2.1640625,-2.1640625,1,74,False
+,25,80,25,80,105,105,0,0.80126953125,-0.80126953125,-0.80126953125,1,105,True
+,25,81,25,81,106,106,3,2.484375,-2.484375,-2.484375,1,76,False
+,25,82,25,82,107,107,0,4.16015625,-4.16015625,-4.16015625,1,57,False
+,25,83,25,83,108,108,0,2.21875,-2.21875,-2.21875,1,68,False
+,25,84,25,84,109,109,0,1.6123046875,-1.6123046875,-1.6123046875,1,109,True
+,25,85,25,85,110,110,0,0.71044921875,-0.71044921875,-0.71044921875,1,110,True
+,25,86,25,86,111,111,0,1.3486328125,-1.3486328125,-1.3486328125,1,111,True
+,25,87,25,87,112,112,0,2.4140625,-2.4140625,-2.4140625,1,92,False
+,25,88,25,88,113,113,0,2.451171875,-2.451171875,-2.451171875,1,93,False
+,25,89,25,89,114,114,1,0.578125,-0.578125,-0.578125,1,114,True
+,25,90,25,90,115,115,0,0.68505859375,-0.68505859375,-0.68505859375,1,115,True
+,25,91,25,91,116,116,0,1.83203125,-1.83203125,-1.83203125,1,106,False
+,25,92,25,92,117,117,0,1.26171875,-1.26171875,-1.26171875,1,117,True
+,25,93,25,93,118,118,0,1.3681640625,-1.3681640625,-1.3681640625,1,118,True
+,25,94,25,94,119,119,0,2.5859375,-2.5859375,-2.5859375,1,69,False
+,25,95,25,95,120,120,1,0.9462890625,-0.9462890625,-0.9462890625,1,120,True
+,25,96,25,96,121,121,0,1.400390625,-1.400390625,-1.400390625,1,121,True
+,25,97,25,97,122,122,1,1.7373046875,-1.7373046875,-1.7373046875,1,72,False
+,25,98,25,98,123,123,0,0.59130859375,-0.59130859375,-0.59130859375,1,123,True
+,25,99,25,99,124,124,0,0.9921875,-0.9921875,-0.9921875,1,124,True
+,25,100,25,100,125,125,4,0.86083984375,-0.86083984375,-0.86083984375,1,125,True
+,26,1,26,1,27,27,9,0.06396484375,-0.06396484375,-0.06396484375,1,27,True
+,26,2,26,2,28,28,15,0.1802978515625,-0.1802978515625,-0.1802978515625,1,28,True
+,26,3,26,3,29,29,5,0.062042236328125,-0.062042236328125,-0.062042236328125,1,29,True
+,26,4,26,4,30,30,6,0.06298828125,-0.06298828125,-0.06298828125,1,30,True
+,26,5,26,5,31,31,4,0.10723876953125,-0.10723876953125,-0.10723876953125,1,31,True
+,26,6,26,6,32,32,4,0.0682373046875,-0.0682373046875,-0.0682373046875,1,32,True
+,26,7,26,7,33,33,3,0.03778076171875,-0.03778076171875,-0.03778076171875,1,33,True
+,26,8,26,8,34,34,4,0.1173095703125,-0.1173095703125,-0.1173095703125,1,34,True
+,26,9,26,9,35,35,0,0.318603515625,-0.318603515625,-0.318603515625,1,35,True
+,26,10,26,10,36,36,12,0.007366180419921875,-0.007366180419921875,-0.007366180419921875,1,36,True
+,26,11,26,11,37,37,3,0.0528564453125,-0.0528564453125,-0.0528564453125,1,37,True
+,26,12,26,12,38,38,3,0.27392578125,-0.27392578125,-0.27392578125,1,38,True
+,26,13,26,13,39,39,6,0.177490234375,-0.177490234375,-0.177490234375,1,39,True
+,26,14,26,14,40,40,1,0.50439453125,-0.50439453125,-0.50439453125,1,40,True
+,26,15,26,15,41,41,3,0.0423583984375,-0.0423583984375,-0.0423583984375,1,41,True
+,26,16,26,16,42,42,2,0.06610107421875,-0.06610107421875,-0.06610107421875,1,42,True
+,26,17,26,17,43,43,3,0.363525390625,-0.363525390625,-0.363525390625,1,43,True
+,26,18,26,18,44,44,3,0.10406494140625,-0.10406494140625,-0.10406494140625,1,44,True
+,26,19,26,19,45,45,0,0.0288543701171875,-0.0288543701171875,-0.0288543701171875,1,45,True
+,26,20,26,20,46,46,3,0.0147552490234375,-0.0147552490234375,-0.0147552490234375,1,46,True
+,26,21,26,21,47,47,1,0.0151519775390625,-0.0151519775390625,-0.0151519775390625,1,47,True
+,26,22,26,22,48,48,2,0.0231781005859375,-0.0231781005859375,-0.0231781005859375,1,48,True
+,26,23,26,23,49,49,1,0.125244140625,-0.125244140625,-0.125244140625,1,49,True
+,26,24,26,24,50,50,4,0.22265625,-0.22265625,-0.22265625,1,50,True
+,26,25,26,25,51,51,3,0.00921630859375,-0.00921630859375,-0.00921630859375,1,51,True
+,26,26,26,26,52,52,8,0.73193359375,-0.73193359375,-0.73193359375,1,52,True
+,26,27,26,27,53,53,2,0.0626220703125,-0.0626220703125,-0.0626220703125,1,53,True
+,26,28,26,28,54,54,5,0.045257568359375,-0.045257568359375,-0.045257568359375,1,54,True
+,26,29,26,29,55,55,1,0.0273895263671875,-0.0273895263671875,-0.0273895263671875,1,55,True
+,26,30,26,30,56,56,3,0.01702880859375,-0.01702880859375,-0.01702880859375,1,56,True
+,26,31,26,31,57,57,0,0.0241546630859375,-0.0241546630859375,-0.0241546630859375,1,57,True
+,26,32,26,32,58,58,1,0.9345703125,-0.9345703125,-0.9345703125,1,50,False
+,26,33,26,33,59,59,0,0.052093505859375,-0.052093505859375,-0.052093505859375,1,59,True
+,26,34,26,34,60,60,2,0.445068359375,-0.445068359375,-0.445068359375,1,60,True
+,26,35,26,35,61,61,0,0.69287109375,-0.69287109375,-0.69287109375,1,61,True
+,26,36,26,36,62,62,1,0.33251953125,-0.33251953125,-0.33251953125,1,62,True
+,26,37,26,37,63,63,5,0.60107421875,-0.60107421875,-0.60107421875,1,63,True
+,26,38,26,38,64,64,0,0.9775390625,-0.9775390625,-0.9775390625,1,54,False
+,26,39,26,39,65,65,1,3.46875,-3.46875,-3.46875,1,55,False
+,26,40,26,40,66,66,1,0.43359375,-0.43359375,-0.43359375,1,66,True
+,26,41,26,41,67,67,0,5.703125,-5.703125,-5.703125,1,57,False
+,26,42,26,42,68,68,1,2.94921875,-2.94921875,-2.94921875,1,58,False
+,26,43,26,43,69,69,0,1.6064453125,-1.6064453125,-1.6064453125,1,59,False
+,26,44,26,44,70,70,0,1.599609375,-1.599609375,-1.599609375,1,60,False
+,26,45,26,45,71,71,0,3.376953125,-3.376953125,-3.376953125,1,61,False
+,26,46,26,46,72,72,0,0.57763671875,-0.57763671875,-0.57763671875,1,72,True
+,26,47,26,47,73,73,0,2.423828125,-2.423828125,-2.423828125,1,63,False
+,26,48,26,48,74,74,0,0.833984375,-0.833984375,-0.833984375,1,74,True
+,26,49,26,49,75,75,0,1.38671875,-1.38671875,-1.38671875,1,63,False
+,26,50,26,50,76,76,3,4.3125,-4.3125,-4.3125,1,56,False
+,26,51,26,51,77,77,1,5.66796875,-5.66796875,-5.66796875,1,67,False
+,26,52,26,52,78,78,2,4.3046875,-4.3046875,-4.3046875,1,58,False
+,26,53,26,53,79,79,0,2.623046875,-2.623046875,-2.623046875,1,69,False
+,26,54,26,54,80,80,0,1.9541015625,-1.9541015625,-1.9541015625,1,60,False
+,26,55,26,55,81,81,1,3.45703125,-3.45703125,-3.45703125,1,61,False
+,26,56,26,56,82,82,0,3.4140625,-3.4140625,-3.4140625,1,62,False
+,26,57,26,57,83,83,0,3.205078125,-3.205078125,-3.205078125,1,63,False
+,26,58,26,58,84,84,0,1.5361328125,-1.5361328125,-1.5361328125,1,64,False
+,26,59,26,59,85,85,1,3.681640625,-3.681640625,-3.681640625,1,75,False
+,26,60,26,60,86,86,0,3.30859375,-3.30859375,-3.30859375,1,66,False
+,26,61,26,61,87,87,0,2.25,-2.25,-2.25,1,67,False
+,26,62,26,62,88,88,2,3.751953125,-3.751953125,-3.751953125,1,68,False
+,26,63,26,63,89,89,0,3.0703125,-3.0703125,-3.0703125,1,69,False
+,26,64,26,64,90,90,0,1.6982421875,-1.6982421875,-1.6982421875,1,70,False
+,26,65,26,65,91,91,2,5.07421875,-5.07421875,-5.07421875,1,71,False
+,26,66,26,66,92,92,0,3.466796875,-3.466796875,-3.466796875,1,72,False
+,26,67,26,67,93,93,0,1.8408203125,-1.8408203125,-1.8408203125,1,73,False
+,26,68,26,68,94,94,0,3.111328125,-3.111328125,-3.111328125,1,54,False
+,26,69,26,69,95,95,0,4.61328125,-4.61328125,-4.61328125,1,55,False
+,26,70,26,70,96,96,0,3.0234375,-3.0234375,-3.0234375,1,72,False
+,26,71,26,71,97,97,0,6.44921875,-6.44921875,-6.44921875,1,57,False
+,26,72,26,72,98,98,0,4.76953125,-4.76953125,-4.76953125,1,58,False
+,26,73,26,73,99,99,0,2.265625,-2.265625,-2.265625,1,89,False
+,26,74,26,74,100,100,0,4.93359375,-4.93359375,-4.93359375,1,72,False
+,26,75,26,75,101,101,0,2.9921875,-2.9921875,-2.9921875,1,71,False
+,26,76,26,76,102,102,0,2.734375,-2.734375,-2.734375,1,62,False
+,26,77,26,77,103,103,0,3.408203125,-3.408203125,-3.408203125,1,93,False
+,26,78,26,78,104,104,1,2.591796875,-2.591796875,-2.591796875,1,84,False
+,26,79,26,79,105,105,1,0.97265625,-0.97265625,-0.97265625,1,105,True
+,26,80,26,80,106,106,0,2.1640625,-2.1640625,-2.1640625,1,66,False
+,26,81,26,81,107,107,0,0.8037109375,-0.8037109375,-0.8037109375,1,107,True
+,26,82,26,82,108,108,0,2.171875,-2.171875,-2.171875,1,60,False
+,26,83,26,83,109,109,0,1.6337890625,-1.6337890625,-1.6337890625,1,99,False
+,26,84,26,84,110,110,0,1.7802734375,-1.7802734375,-1.7802734375,1,70,False
+,26,85,26,85,111,111,0,0.54296875,-0.54296875,-0.54296875,1,111,True
+,26,86,26,86,112,112,1,2.857421875,-2.857421875,-2.857421875,1,92,False
+,26,87,26,87,113,113,0,2.630859375,-2.630859375,-2.630859375,1,103,False
+,26,88,26,88,114,114,0,1.63671875,-1.63671875,-1.63671875,1,94,False
+,26,89,26,89,115,115,1,0.84619140625,-0.84619140625,-0.84619140625,1,115,True
+,26,90,26,90,116,116,0,0.759765625,-0.759765625,-0.759765625,1,116,True
+,26,91,26,91,117,117,0,0.4697265625,-0.4697265625,-0.4697265625,1,117,True
+,26,92,26,92,118,118,0,3.796875,-3.796875,-3.796875,1,110,False
+,26,93,26,93,119,119,0,0.395751953125,-0.395751953125,-0.395751953125,1,119,True
+,26,94,26,94,120,120,0,1.93359375,-1.93359375,-1.93359375,1,60,False
+,26,95,26,95,121,121,0,2.2265625,-2.2265625,-2.2265625,1,111,False
+,26,96,26,96,122,122,0,1.4384765625,-1.4384765625,-1.4384765625,1,122,True
+,26,97,26,97,123,123,0,0.68115234375,-0.68115234375,-0.68115234375,1,123,True
+,26,98,26,98,124,124,0,1.8759765625,-1.8759765625,-1.8759765625,1,132,False
+,26,99,26,99,125,125,0,2.876953125,-2.876953125,-2.876953125,1,135,False
+,26,100,26,100,126,126,0,1.23046875,-1.23046875,-1.23046875,1,146,False
+,27,1,27,1,28,28,11,0.468017578125,-0.468017578125,-0.468017578125,1,28,True
+,27,2,27,2,29,29,3,0.421630859375,-0.421630859375,-0.421630859375,1,29,True
+,27,3,27,3,30,30,7,0.1046142578125,-0.1046142578125,-0.1046142578125,1,30,True
+,27,4,27,4,31,31,11,0.058135986328125,-0.058135986328125,-0.058135986328125,1,31,True
+,27,5,27,5,32,32,6,0.038330078125,-0.038330078125,-0.038330078125,1,32,True
+,27,6,27,6,33,33,5,0.00969696044921875,-0.00969696044921875,-0.00969696044921875,1,33,True
+,27,7,27,7,34,34,7,0.06317138671875,-0.06317138671875,-0.06317138671875,1,34,True
+,27,8,27,8,35,35,4,0.00545501708984375,-0.00545501708984375,-0.00545501708984375,1,35,True
+,27,9,27,9,36,36,5,0.1607666015625,-0.1607666015625,-0.1607666015625,1,36,True
+,27,10,27,10,37,37,3,0.00882720947265625,-0.00882720947265625,-0.00882720947265625,1,37,True
+,27,11,27,11,38,38,2,0.062255859375,-0.062255859375,-0.062255859375,1,38,True
+,27,12,27,12,39,39,3,0.007465362548828125,-0.007465362548828125,-0.007465362548828125,1,39,True
+,27,13,27,13,40,40,7,0.279052734375,-0.279052734375,-0.279052734375,1,40,True
+,27,14,27,14,41,41,1,0.10980224609375,-0.10980224609375,-0.10980224609375,1,41,True
+,27,15,27,15,42,42,1,0.022552490234375,-0.022552490234375,-0.022552490234375,1,42,True
+,27,16,27,16,43,43,3,0.06072998046875,-0.06072998046875,-0.06072998046875,1,43,True
+,27,17,27,17,44,44,4,0.25,-0.25,-0.25,1,44,True
+,27,18,27,18,45,45,3,0.005496978759765625,-0.005496978759765625,-0.005496978759765625,1,45,True
+,27,19,27,19,46,46,2,0.054779052734375,-0.054779052734375,-0.054779052734375,1,46,True
+,27,20,27,20,47,47,1,0.022674560546875,-0.022674560546875,-0.022674560546875,1,47,True
+,27,21,27,21,48,48,1,0.05914306640625,-0.05914306640625,-0.05914306640625,1,48,True
+,27,22,27,22,49,49,1,0.0772705078125,-0.0772705078125,-0.0772705078125,1,49,True
+,27,23,27,23,50,50,1,0.1536865234375,-0.1536865234375,-0.1536865234375,1,50,True
+,27,24,27,24,51,51,6,0.0048828125,-0.0048828125,-0.0048828125,1,51,True
+,27,25,27,25,52,52,2,0.00554656982421875,-0.00554656982421875,-0.00554656982421875,1,52,True
+,27,26,27,26,53,53,2,0.179931640625,-0.179931640625,-0.179931640625,1,53,True
+,27,27,27,27,54,54,13,0.06414794921875,-0.06414794921875,-0.06414794921875,1,54,True
+,27,28,27,28,55,55,1,0.0202484130859375,-0.0202484130859375,-0.0202484130859375,1,55,True
+,27,29,27,29,56,56,4,0.3916015625,-0.3916015625,-0.3916015625,1,56,True
+,27,30,27,30,57,57,4,0.029541015625,-0.029541015625,-0.029541015625,1,57,True
+,27,31,27,31,58,58,0,0.8369140625,-0.8369140625,-0.8369140625,1,58,True
+,27,32,27,32,59,59,3,1.259765625,-1.259765625,-1.259765625,1,55,False
+,27,33,27,33,60,60,0,0.177490234375,-0.177490234375,-0.177490234375,1,60,True
+,27,34,27,34,61,61,2,0.8369140625,-0.8369140625,-0.8369140625,1,61,True
+,27,35,27,35,62,62,1,4.7734375,-4.7734375,-4.7734375,1,52,False
+,27,36,27,36,63,63,3,0.38330078125,-0.38330078125,-0.38330078125,1,63,True
+,27,37,27,37,64,64,0,3.775390625,-3.775390625,-3.775390625,1,52,False
+,27,38,27,38,65,65,0,4.671875,-4.671875,-4.671875,1,55,False
+,27,39,27,39,66,66,1,2.951171875,-2.951171875,-2.951171875,1,54,False
+,27,40,27,40,67,67,0,3.244140625,-3.244140625,-3.244140625,1,55,False
+,27,41,27,41,68,68,0,5.921875,-5.921875,-5.921875,1,58,False
+,27,42,27,42,69,69,1,0.8896484375,-0.8896484375,-0.8896484375,1,69,True
+,27,43,27,43,70,70,2,3.626953125,-3.626953125,-3.626953125,1,50,False
+,27,44,27,44,71,71,1,1.8984375,-1.8984375,-1.8984375,1,61,False
+,27,45,27,45,72,72,1,1.23046875,-1.23046875,-1.23046875,1,72,True
+,27,46,27,46,73,73,0,4.69921875,-4.69921875,-4.69921875,1,53,False
+,27,47,27,47,74,74,0,4.33984375,-4.33984375,-4.33984375,1,44,False
+,27,48,27,48,75,75,1,2.005859375,-2.005859375,-2.005859375,1,55,False
+,27,49,27,49,76,76,0,4.59375,-4.59375,-4.59375,1,56,False
+,27,50,27,50,77,77,1,3.416015625,-3.416015625,-3.416015625,1,67,False
+,27,51,27,51,78,78,1,5.29296875,-5.29296875,-5.29296875,1,54,False
+,27,52,27,52,79,79,1,4.85546875,-4.85546875,-4.85546875,1,59,False
+,27,53,27,53,80,80,0,6.6796875,-6.6796875,-6.6796875,1,50,False
+,27,54,27,54,81,81,1,0.640625,-0.640625,-0.640625,1,81,True
+,27,55,27,55,82,82,1,6.296875,-6.296875,-6.296875,1,52,False
+,27,56,27,56,83,83,0,3.3984375,-3.3984375,-3.3984375,1,53,False
+,27,57,27,57,84,84,0,5.50390625,-5.50390625,-5.50390625,1,54,False
+,27,58,27,58,85,85,0,4.296875,-4.296875,-4.296875,1,65,False
+,27,59,27,59,86,86,1,3.9453125,-3.9453125,-3.9453125,1,56,False
+,27,60,27,60,87,87,2,1.693359375,-1.693359375,-1.693359375,1,57,False
+,27,61,27,61,88,88,1,4.0546875,-4.0546875,-4.0546875,1,38,False
+,27,62,27,62,89,89,0,2.916015625,-2.916015625,-2.916015625,1,59,False
+,27,63,27,63,90,90,0,3.84375,-3.84375,-3.84375,1,60,False
+,27,64,27,64,91,91,2,2.853515625,-2.853515625,-2.853515625,1,71,False
+,27,65,27,65,92,92,1,4.08203125,-4.08203125,-4.08203125,1,52,False
+,27,66,27,66,93,93,0,2.31640625,-2.31640625,-2.31640625,1,63,False
+,27,67,27,67,94,94,0,5.47265625,-5.47265625,-5.47265625,1,44,False
+,27,68,27,68,95,95,0,4.30078125,-4.30078125,-4.30078125,1,55,False
+,27,69,27,69,96,96,1,4.9453125,-4.9453125,-4.9453125,1,46,False
+,27,70,27,70,97,97,0,4.79296875,-4.79296875,-4.79296875,1,53,False
+,27,71,27,71,98,98,0,8.1328125,-8.1328125,-8.1328125,1,44,False
+,27,72,27,72,99,99,2,3.294921875,-3.294921875,-3.294921875,1,39,False
+,27,73,27,73,100,100,0,1.62109375,-1.62109375,-1.62109375,1,100,True
+,27,74,27,74,101,101,0,1.8515625,-1.8515625,-1.8515625,1,71,False
+,27,75,27,75,102,102,0,1.4580078125,-1.4580078125,-1.4580078125,1,72,False
+,27,76,27,76,103,103,0,0.8623046875,-0.8623046875,-0.8623046875,1,103,True
+,27,77,27,77,104,104,0,4.3203125,-4.3203125,-4.3203125,1,44,False
+,27,78,27,78,105,105,1,3.1171875,-3.1171875,-3.1171875,1,45,False
+,27,79,27,79,106,106,0,2.55078125,-2.55078125,-2.55078125,1,46,False
+,27,80,27,80,107,107,0,0.38525390625,-0.38525390625,-0.38525390625,1,107,True
+,27,81,27,81,108,108,1,2.76953125,-2.76953125,-2.76953125,1,54,False
+,27,82,27,82,109,109,0,1.7666015625,-1.7666015625,-1.7666015625,1,89,False
+,27,83,27,83,110,110,0,0.260498046875,-0.260498046875,-0.260498046875,1,110,True
+,27,84,27,84,111,111,0,0.20556640625,-0.20556640625,-0.20556640625,1,111,True
+,27,85,27,85,112,112,0,2.509765625,-2.509765625,-2.509765625,1,122,False
+,27,86,27,86,113,113,1,1.283203125,-1.283203125,-1.283203125,1,103,False
+,27,87,27,87,114,114,0,1.66796875,-1.66796875,-1.66796875,1,54,False
+,27,88,27,88,115,115,0,0.1986083984375,-0.1986083984375,-0.1986083984375,1,115,True
+,27,89,27,89,116,116,0,0.77294921875,-0.77294921875,-0.77294921875,1,116,True
+,27,90,27,90,117,117,0,0.169921875,-0.169921875,-0.169921875,1,117,True
+,27,91,27,91,118,118,0,1.6640625,-1.6640625,-1.6640625,1,110,False
+,27,92,27,92,119,119,1,0.30517578125,-0.30517578125,-0.30517578125,1,119,True
+,27,93,27,93,120,120,0,0.26513671875,-0.26513671875,-0.26513671875,1,120,True
+,27,94,27,94,121,121,0,0.67138671875,-0.67138671875,-0.67138671875,1,121,True
+,27,95,27,95,122,122,0,0.2432861328125,-0.2432861328125,-0.2432861328125,1,122,True
+,27,96,27,96,123,123,0,0.1961669921875,-0.1961669921875,-0.1961669921875,1,123,True
+,27,97,27,97,124,124,0,1.365234375,-1.365234375,-1.365234375,1,124,True
+,27,98,27,98,125,125,0,0.46923828125,-0.46923828125,-0.46923828125,1,125,True
+,27,99,27,99,126,126,0,0.3681640625,-0.3681640625,-0.3681640625,1,126,True
+,27,100,27,100,127,127,0,0.55126953125,-0.55126953125,-0.55126953125,1,127,True
+,28,1,28,1,29,29,12,0.0987548828125,-0.0987548828125,-0.0987548828125,1,29,True
+,28,2,28,2,30,30,12,0.027252197265625,-0.027252197265625,-0.027252197265625,1,30,True
+,28,3,28,3,31,31,6,0.132080078125,-0.132080078125,-0.132080078125,1,31,True
+,28,4,28,4,32,32,17,0.07861328125,-0.07861328125,-0.07861328125,1,32,True
+,28,5,28,5,33,33,8,0.034332275390625,-0.034332275390625,-0.034332275390625,1,33,True
+,28,6,28,6,34,34,6,0.1285400390625,-0.1285400390625,-0.1285400390625,1,34,True
+,28,7,28,7,35,35,10,0.10052490234375,-0.10052490234375,-0.10052490234375,1,35,True
+,28,8,28,8,36,36,8,0.06817626953125,-0.06817626953125,-0.06817626953125,1,36,True
+,28,9,28,9,37,37,2,0.0611572265625,-0.0611572265625,-0.0611572265625,1,37,True
+,28,10,28,10,38,38,3,0.05023193359375,-0.05023193359375,-0.05023193359375,1,38,True
+,28,11,28,11,39,39,0,0.005428314208984375,-0.005428314208984375,-0.005428314208984375,1,39,True
+,28,12,28,12,40,40,5,0.0291900634765625,-0.0291900634765625,-0.0291900634765625,1,40,True
+,28,13,28,13,41,41,5,0.0232086181640625,-0.0232086181640625,-0.0232086181640625,1,41,True
+,28,14,28,14,42,42,6,0.041168212890625,-0.041168212890625,-0.041168212890625,1,42,True
+,28,15,28,15,43,43,0,0.01153564453125,-0.01153564453125,-0.01153564453125,1,43,True
+,28,16,28,16,44,44,7,0.0511474609375,-0.0511474609375,-0.0511474609375,1,44,True
+,28,17,28,17,45,45,3,0.00562286376953125,-0.00562286376953125,-0.00562286376953125,1,45,True
+,28,18,28,18,46,46,5,0.01351165771484375,-0.01351165771484375,-0.01351165771484375,1,46,True
+,28,19,28,19,47,47,3,0.002483367919921875,-0.002483367919921875,-0.002483367919921875,1,47,True
+,28,20,28,20,48,48,1,0.01512908935546875,-0.01512908935546875,-0.01512908935546875,1,48,True
+,28,21,28,21,49,49,0,0.00991058349609375,-0.00991058349609375,-0.00991058349609375,1,49,True
+,28,22,28,22,50,50,4,0.0089111328125,-0.0089111328125,-0.0089111328125,1,50,True
+,28,23,28,23,51,51,0,0.006229400634765625,-0.006229400634765625,-0.006229400634765625,1,51,True
+,28,24,28,24,52,52,3,0.0292510986328125,-0.0292510986328125,-0.0292510986328125,1,52,True
+,28,25,28,25,53,53,2,0.00923919677734375,-0.00923919677734375,-0.00923919677734375,1,53,True
+,28,26,28,26,54,54,1,0.1116943359375,-0.1116943359375,-0.1116943359375,1,54,True
+,28,27,28,27,55,55,1,0.018096923828125,-0.018096923828125,-0.018096923828125,1,55,True
+,28,28,28,28,56,56,5,0.1260986328125,-0.1260986328125,-0.1260986328125,1,56,True
+,28,29,28,29,57,57,5,0.0845947265625,-0.0845947265625,-0.0845947265625,1,57,True
+,28,30,28,30,58,58,5,0.0526123046875,-0.0526123046875,-0.0526123046875,1,58,True
+,28,31,28,31,59,59,0,0.0084228515625,-0.0084228515625,-0.0084228515625,1,59,True
+,28,32,28,32,60,60,6,0.341796875,-0.341796875,-0.341796875,1,60,True
+,28,33,28,33,61,61,4,0.041473388671875,-0.041473388671875,-0.041473388671875,1,61,True
+,28,34,28,34,62,62,0,0.6396484375,-0.6396484375,-0.6396484375,1,62,True
+,28,35,28,35,63,63,6,3.111328125,-3.111328125,-3.111328125,1,53,False
+,28,36,28,36,64,64,3,1.052734375,-1.052734375,-1.052734375,1,64,True
+,28,37,28,37,65,65,0,3.134765625,-3.134765625,-3.134765625,1,55,False
+,28,38,28,38,66,66,0,0.54296875,-0.54296875,-0.54296875,1,66,True
+,28,39,28,39,67,67,0,0.46435546875,-0.46435546875,-0.46435546875,1,67,True
+,28,40,28,40,68,68,1,0.646484375,-0.646484375,-0.646484375,1,68,True
+,28,41,28,41,69,69,0,2.59765625,-2.59765625,-2.59765625,1,59,False
+,28,42,28,42,70,70,0,2.666015625,-2.666015625,-2.666015625,1,50,False
+,28,43,28,43,71,71,1,4.15625,-4.15625,-4.15625,1,51,False
+,28,44,28,44,72,72,1,4.7109375,-4.7109375,-4.7109375,1,52,False
+,28,45,28,45,73,73,1,2.51953125,-2.51953125,-2.51953125,1,53,False
+,28,46,28,46,74,74,0,4.07421875,-4.07421875,-4.07421875,1,54,False
+,28,47,28,47,75,75,0,3.40625,-3.40625,-3.40625,1,55,False
+,28,48,28,48,76,76,2,2.1328125,-2.1328125,-2.1328125,1,56,False
+,28,49,28,49,77,77,1,3.224609375,-3.224609375,-3.224609375,1,67,False
+,28,50,28,50,78,78,2,2.96484375,-2.96484375,-2.96484375,1,58,False
+,28,51,28,51,79,79,0,1.740234375,-1.740234375,-1.740234375,1,59,False
+,28,52,28,52,80,80,0,6.875,-6.875,-6.875,1,60,False
+,28,53,28,53,81,81,0,3.392578125,-3.392578125,-3.392578125,1,61,False
+,28,54,28,54,82,82,0,3.337890625,-3.337890625,-3.337890625,1,62,False
+,28,55,28,55,83,83,0,3.62109375,-3.62109375,-3.62109375,1,63,False
+,28,56,28,56,84,84,2,3.064453125,-3.064453125,-3.064453125,1,44,False
+,28,57,28,57,85,85,0,4.15234375,-4.15234375,-4.15234375,1,65,False
+,28,58,28,58,86,86,1,5.66796875,-5.66796875,-5.66796875,1,66,False
+,28,59,28,59,87,87,0,2.81640625,-2.81640625,-2.81640625,1,67,False
+,28,60,28,60,88,88,0,2.9375,-2.9375,-2.9375,1,68,False
+,28,61,28,61,89,89,0,1.48046875,-1.48046875,-1.48046875,1,39,False
+,28,62,28,62,90,90,0,3.701171875,-3.701171875,-3.701171875,1,50,False
+,28,63,28,63,91,91,1,3.29296875,-3.29296875,-3.29296875,1,71,False
+,28,64,28,64,92,92,2,3.755859375,-3.755859375,-3.755859375,1,52,False
+,28,65,28,65,93,93,0,2.244140625,-2.244140625,-2.244140625,1,53,False
+,28,66,28,66,94,94,0,2.28125,-2.28125,-2.28125,1,54,False
+,28,67,28,67,95,95,1,4.34765625,-4.34765625,-4.34765625,1,55,False
+,28,68,28,68,96,96,1,3.84765625,-3.84765625,-3.84765625,1,56,False
+,28,69,28,69,97,97,0,3.48828125,-3.48828125,-3.48828125,1,47,False
+,28,70,28,70,98,98,0,1.146484375,-1.146484375,-1.146484375,1,98,True
+,28,71,28,71,99,99,1,1.2490234375,-1.2490234375,-1.2490234375,1,99,True
+,28,72,28,72,100,100,0,0.8212890625,-0.8212890625,-0.8212890625,1,100,True
+,28,73,28,73,101,101,0,1.193359375,-1.193359375,-1.193359375,1,101,True
+,28,74,28,74,102,102,0,1.322265625,-1.322265625,-1.322265625,1,62,False
+,28,75,28,75,103,103,0,0.1876220703125,-0.1876220703125,-0.1876220703125,1,103,True
+,28,76,28,76,104,104,0,1.818359375,-1.818359375,-1.818359375,1,44,False
+,28,77,28,77,105,105,0,2.57421875,-2.57421875,-2.57421875,1,45,False
+,28,78,28,78,106,106,0,1.8671875,-1.8671875,-1.8671875,1,46,False
+,28,79,28,79,107,107,0,0.77880859375,-0.77880859375,-0.77880859375,1,107,True
+,28,80,28,80,108,108,0,0.0667724609375,-0.0667724609375,-0.0667724609375,1,108,True
+,28,81,28,81,109,109,0,1.11328125,-1.11328125,-1.11328125,1,119,False
+,28,82,28,82,110,110,3,0.88818359375,-0.88818359375,-0.88818359375,1,110,True
+,28,83,28,83,111,111,0,0.28515625,-0.28515625,-0.28515625,1,111,True
+,28,84,28,84,112,112,0,3.23046875,-3.23046875,-3.23046875,1,92,False
+,28,85,28,85,113,113,0,2.26171875,-2.26171875,-2.26171875,1,133,False
+,28,86,28,86,114,114,0,0.72998046875,-0.72998046875,-0.72998046875,1,114,True
+,28,87,28,87,115,115,0,0.416259765625,-0.416259765625,-0.416259765625,1,115,True
+,28,88,28,88,116,116,1,0.54345703125,-0.54345703125,-0.54345703125,1,116,True
+,28,89,28,89,117,117,0,0.33447265625,-0.33447265625,-0.33447265625,1,117,True
+,28,90,28,90,118,118,1,0.275390625,-0.275390625,-0.275390625,1,118,True
+,28,91,28,91,119,119,0,0.4189453125,-0.4189453125,-0.4189453125,1,119,True
+,28,92,28,92,120,120,0,0.36962890625,-0.36962890625,-0.36962890625,1,120,True
+,28,93,28,93,121,121,0,0.11810302734375,-0.11810302734375,-0.11810302734375,1,121,True
+,28,94,28,94,122,122,0,0.69287109375,-0.69287109375,-0.69287109375,1,122,True
+,28,95,28,95,123,123,0,0.279541015625,-0.279541015625,-0.279541015625,1,123,True
+,28,96,28,96,124,124,0,0.164794921875,-0.164794921875,-0.164794921875,1,124,True
+,28,97,28,97,125,125,0,0.394775390625,-0.394775390625,-0.394775390625,1,125,True
+,28,98,28,98,126,126,0,0.1826171875,-0.1826171875,-0.1826171875,1,126,True
+,28,99,28,99,127,127,0,0.089111328125,-0.089111328125,-0.089111328125,1,127,True
+,28,100,28,100,128,128,0,1.681640625,-1.681640625,-1.681640625,1,108,False
+,29,1,29,1,30,30,8,0.09552001953125,-0.09552001953125,-0.09552001953125,1,30,True
+,29,2,29,2,31,31,5,0.0266571044921875,-0.0266571044921875,-0.0266571044921875,1,31,True
+,29,3,29,3,32,32,2,0.06719970703125,-0.06719970703125,-0.06719970703125,1,32,True
+,29,4,29,4,33,33,2,0.034027099609375,-0.034027099609375,-0.034027099609375,1,33,True
+,29,5,29,5,34,34,4,0.051727294921875,-0.051727294921875,-0.051727294921875,1,34,True
+,29,6,29,6,35,35,3,0.42236328125,-0.42236328125,-0.42236328125,1,35,True
+,29,7,29,7,36,36,2,0.06536865234375,-0.06536865234375,-0.06536865234375,1,36,True
+,29,8,29,8,37,37,5,0.08184814453125,-0.08184814453125,-0.08184814453125,1,37,True
+,29,9,29,9,38,38,3,0.03570556640625,-0.03570556640625,-0.03570556640625,1,38,True
+,29,10,29,10,39,39,3,0.006214141845703125,-0.006214141845703125,-0.006214141845703125,1,39,True
+,29,11,29,11,40,40,2,0.127685546875,-0.127685546875,-0.127685546875,1,40,True
+,29,12,29,12,41,41,2,0.00269317626953125,-0.00269317626953125,-0.00269317626953125,1,41,True
+,29,13,29,13,42,42,1,0.0147705078125,-0.0147705078125,-0.0147705078125,1,42,True
+,29,14,29,14,43,43,5,0.0154876708984375,-0.0154876708984375,-0.0154876708984375,1,43,True
+,29,15,29,15,44,44,3,0.00647735595703125,-0.00647735595703125,-0.00647735595703125,1,44,True
+,29,16,29,16,45,45,3,0.020904541015625,-0.020904541015625,-0.020904541015625,1,45,True
+,29,17,29,17,46,46,0,0.07659912109375,-0.07659912109375,-0.07659912109375,1,46,True
+,29,18,29,18,47,47,0,0.002716064453125,-0.002716064453125,-0.002716064453125,1,47,True
+,29,19,29,19,48,48,1,0.0095672607421875,-0.0095672607421875,-0.0095672607421875,1,48,True
+,29,20,29,20,49,49,1,0.01097869873046875,-0.01097869873046875,-0.01097869873046875,1,49,True
+,29,21,29,21,50,50,1,0.114501953125,-0.114501953125,-0.114501953125,1,50,True
+,29,22,29,22,51,51,3,0.004268646240234375,-0.004268646240234375,-0.004268646240234375,1,51,True
+,29,23,29,23,52,52,3,0.01059722900390625,-0.01059722900390625,-0.01059722900390625,1,52,True
+,29,24,29,24,53,53,2,0.00827789306640625,-0.00827789306640625,-0.00827789306640625,1,53,True
+,29,25,29,25,54,54,3,0.00753021240234375,-0.00753021240234375,-0.00753021240234375,1,54,True
+,29,26,29,26,55,55,4,0.1549072265625,-0.1549072265625,-0.1549072265625,1,55,True
+,29,27,29,27,56,56,1,0.055816650390625,-0.055816650390625,-0.055816650390625,1,56,True
+,29,28,29,28,57,57,2,0.490966796875,-0.490966796875,-0.490966796875,1,57,True
+,29,29,29,29,58,58,6,0.06732177734375,-0.06732177734375,-0.06732177734375,1,58,True
+,29,30,29,30,59,59,3,0.216552734375,-0.216552734375,-0.216552734375,1,59,True
+,29,31,29,31,60,60,2,0.233642578125,-0.233642578125,-0.233642578125,1,60,True
+,29,32,29,32,61,61,1,1.48828125,-1.48828125,-1.48828125,1,51,False
+,29,33,29,33,62,62,0,0.20947265625,-0.20947265625,-0.20947265625,1,62,True
+,29,34,29,34,63,63,0,0.96923828125,-0.96923828125,-0.96923828125,1,63,True
+,29,35,29,35,64,64,3,3.669921875,-3.669921875,-3.669921875,1,54,False
+,29,36,29,36,65,65,1,2.365234375,-2.365234375,-2.365234375,1,55,False
+,29,37,29,37,66,66,0,4.2421875,-4.2421875,-4.2421875,1,56,False
+,29,38,29,38,67,67,0,2.712890625,-2.712890625,-2.712890625,1,57,False
+,29,39,29,39,68,68,1,2.287109375,-2.287109375,-2.287109375,1,58,False
+,29,40,29,40,69,69,0,1.2763671875,-1.2763671875,-1.2763671875,1,59,False
+,29,41,29,41,70,70,1,5.25390625,-5.25390625,-5.25390625,1,60,False
+,29,42,29,42,71,71,0,3.080078125,-3.080078125,-3.080078125,1,61,False
+,29,43,29,43,72,72,0,6.0703125,-6.0703125,-6.0703125,1,52,False
+,29,44,29,44,73,73,0,5.1875,-5.1875,-5.1875,1,53,False
+,29,45,29,45,74,74,0,4.02734375,-4.02734375,-4.02734375,1,64,False
+,29,46,29,46,75,75,0,5.109375,-5.109375,-5.109375,1,55,False
+,29,47,29,47,76,76,4,6.234375,-6.234375,-6.234375,1,56,False
+,29,48,29,48,77,77,0,3.974609375,-3.974609375,-3.974609375,1,57,False
+,29,49,29,49,78,78,0,5.109375,-5.109375,-5.109375,1,68,False
+,29,50,29,50,79,79,0,4.0546875,-4.0546875,-4.0546875,1,59,False
+,29,51,29,51,80,80,0,4.19140625,-4.19140625,-4.19140625,1,70,False
+,29,52,29,52,81,81,0,4.34765625,-4.34765625,-4.34765625,1,61,False
+,29,53,29,53,82,82,0,7.90234375,-7.90234375,-7.90234375,1,52,False
+,29,54,29,54,83,83,0,2.080078125,-2.080078125,-2.080078125,1,63,False
+,29,55,29,55,84,84,0,5.4765625,-5.4765625,-5.4765625,1,54,False
+,29,56,29,56,85,85,0,4.859375,-4.859375,-4.859375,1,55,False
+,29,57,29,57,86,86,0,5.5234375,-5.5234375,-5.5234375,1,56,False
+,29,58,29,58,87,87,0,3.904296875,-3.904296875,-3.904296875,1,57,False
+,29,59,29,59,88,88,1,5.8828125,-5.8828125,-5.8828125,1,68,False
+,29,60,29,60,89,89,0,2.21484375,-2.21484375,-2.21484375,1,69,False
+,29,61,29,61,90,90,0,1.576171875,-1.576171875,-1.576171875,1,70,False
+,29,62,29,62,91,91,0,3.908203125,-3.908203125,-3.908203125,1,51,False
+,29,63,29,63,92,92,0,5.859375,-5.859375,-5.859375,1,52,False
+,29,64,29,64,93,93,0,3.349609375,-3.349609375,-3.349609375,1,53,False
+,29,65,29,65,94,94,0,3.78515625,-3.78515625,-3.78515625,1,54,False
+,29,66,29,66,95,95,0,3.404296875,-3.404296875,-3.404296875,1,55,False
+,29,67,29,67,96,96,0,3.19921875,-3.19921875,-3.19921875,1,66,False
+,29,68,29,68,97,97,0,3.669921875,-3.669921875,-3.669921875,1,57,False
+,29,69,29,69,98,98,0,3.798828125,-3.798828125,-3.798828125,1,68,False
+,29,70,29,70,99,99,2,2.076171875,-2.076171875,-2.076171875,1,59,False
+,29,71,29,71,100,100,1,3.48828125,-3.48828125,-3.48828125,1,60,False
+,29,72,29,72,101,101,0,2.26953125,-2.26953125,-2.26953125,1,61,False
+,29,73,29,73,102,102,1,1.6630859375,-1.6630859375,-1.6630859375,1,72,False
+,29,74,29,74,103,103,0,2.3828125,-2.3828125,-2.3828125,1,63,False
+,29,75,29,75,104,104,0,0.99609375,-0.99609375,-0.99609375,1,94,False
+,29,76,29,76,105,105,0,2.20703125,-2.20703125,-2.20703125,1,55,False
+,29,77,29,77,106,106,1,3.072265625,-3.072265625,-3.072265625,1,56,False
+,29,78,29,78,107,107,1,2.76171875,-2.76171875,-2.76171875,1,47,False
+,29,79,29,79,108,108,0,1.51953125,-1.51953125,-1.51953125,1,68,False
+,29,80,29,80,109,109,0,0.43603515625,-0.43603515625,-0.43603515625,1,109,True
+,29,81,29,81,110,110,0,1.8857421875,-1.8857421875,-1.8857421875,1,100,False
+,29,82,29,82,111,111,0,1.88671875,-1.88671875,-1.88671875,1,51,False
+,29,83,29,83,112,112,1,2.666015625,-2.666015625,-2.666015625,1,102,False
+,29,84,29,84,113,113,1,2.09375,-2.09375,-2.09375,1,103,False
+,29,85,29,85,114,114,0,1.396484375,-1.396484375,-1.396484375,1,104,False
+,29,86,29,86,115,115,1,0.7548828125,-0.7548828125,-0.7548828125,1,115,True
+,29,87,29,87,116,116,0,1.609375,-1.609375,-1.609375,1,116,True
+,29,88,29,88,117,117,0,0.93212890625,-0.93212890625,-0.93212890625,1,117,True
+,29,89,29,89,118,118,0,2.591796875,-2.591796875,-2.591796875,1,108,False
+,29,90,29,90,119,119,0,0.364013671875,-0.364013671875,-0.364013671875,1,119,True
+,29,91,29,91,120,120,0,0.269775390625,-0.269775390625,-0.269775390625,1,120,True
+,29,92,29,92,121,121,1,0.8271484375,-0.8271484375,-0.8271484375,1,121,True
+,29,93,29,93,122,122,0,0.307861328125,-0.307861328125,-0.307861328125,1,122,True
+,29,94,29,94,123,123,0,1.3603515625,-1.3603515625,-1.3603515625,1,143,False
+,29,95,29,95,124,124,0,0.54541015625,-0.54541015625,-0.54541015625,1,124,True
+,29,96,29,96,125,125,1,0.382568359375,-0.382568359375,-0.382568359375,1,125,True
+,29,97,29,97,126,126,0,0.638671875,-0.638671875,-0.638671875,1,126,True
+,29,98,29,98,127,127,0,0.4970703125,-0.4970703125,-0.4970703125,1,127,True
+,29,99,29,99,128,128,0,0.7060546875,-0.7060546875,-0.7060546875,1,128,True
+,29,100,29,100,129,129,0,0.62841796875,-0.62841796875,-0.62841796875,1,129,True
+,30,1,30,1,31,31,14,0.1353759765625,-0.1353759765625,-0.1353759765625,1,31,True
+,30,2,30,2,32,32,9,0.038177490234375,-0.038177490234375,-0.038177490234375,1,32,True
+,30,3,30,3,33,33,4,0.0152435302734375,-0.0152435302734375,-0.0152435302734375,1,33,True
+,30,4,30,4,34,34,7,0.0169830322265625,-0.0169830322265625,-0.0169830322265625,1,34,True
+,30,5,30,5,35,35,12,0.061004638671875,-0.061004638671875,-0.061004638671875,1,35,True
+,30,6,30,6,36,36,8,0.1143798828125,-0.1143798828125,-0.1143798828125,1,36,True
+,30,7,30,7,37,37,4,0.54248046875,-0.54248046875,-0.54248046875,1,37,True
+,30,8,30,8,38,38,9,0.004608154296875,-0.004608154296875,-0.004608154296875,1,38,True
+,30,9,30,9,39,39,4,0.0024929046630859375,-0.0024929046630859375,-0.0024929046630859375,1,39,True
+,30,10,30,10,40,40,26,0.0219268798828125,-0.0219268798828125,-0.0219268798828125,1,40,True
+,30,11,30,11,41,41,3,0.01727294921875,-0.01727294921875,-0.01727294921875,1,41,True
+,30,12,30,12,42,42,14,0.017059326171875,-0.017059326171875,-0.017059326171875,1,42,True
+,30,13,30,13,43,43,0,0.00940704345703125,-0.00940704345703125,-0.00940704345703125,1,43,True
+,30,14,30,14,44,44,3,0.004421234130859375,-0.004421234130859375,-0.004421234130859375,1,44,True
+,30,15,30,15,45,45,27,0.0036830902099609375,-0.0036830902099609375,-0.0036830902099609375,1,45,True
+,30,16,30,16,46,46,2,0.0120086669921875,-0.0120086669921875,-0.0120086669921875,1,46,True
+,30,17,30,17,47,47,2,1.73046875,-1.73046875,-1.73046875,1,43,False
+,30,18,30,18,48,48,6,0.0226898193359375,-0.0226898193359375,-0.0226898193359375,1,48,True
+,30,19,30,19,49,49,2,0.0037899017333984375,-0.0037899017333984375,-0.0037899017333984375,1,49,True
+,30,20,30,20,50,50,31,0.0015964508056640625,-0.0015964508056640625,-0.0015964508056640625,1,50,True
+,30,21,30,21,51,51,3,0.01007843017578125,-0.01007843017578125,-0.01007843017578125,1,51,True
+,30,22,30,22,52,52,3,0.0079193115234375,-0.0079193115234375,-0.0079193115234375,1,52,True
+,30,23,30,23,53,53,1,0.07220458984375,-0.07220458984375,-0.07220458984375,1,53,True
+,30,24,30,24,54,54,4,0.0005135536193847656,-0.0005135536193847656,-0.0005135536193847656,1,54,True
+,30,25,30,25,55,55,18,0.000873565673828125,-0.000873565673828125,-0.000873565673828125,1,55,True
+,30,26,30,26,56,56,3,0.009735107421875,-0.009735107421875,-0.009735107421875,1,56,True
+,30,27,30,27,57,57,3,0.2724609375,-0.2724609375,-0.2724609375,1,57,True
+,30,28,30,28,58,58,3,0.03570556640625,-0.03570556640625,-0.03570556640625,1,58,True
+,30,29,30,29,59,59,4,0.10791015625,-0.10791015625,-0.10791015625,1,59,True
+,30,30,30,30,60,60,55,0.02716064453125,-0.02716064453125,-0.02716064453125,1,60,True
+,30,31,30,31,61,61,3,0.048370361328125,-0.048370361328125,-0.048370361328125,1,61,True
+,30,32,30,32,62,62,2,0.08209228515625,-0.08209228515625,-0.08209228515625,1,62,True
+,30,33,30,33,63,63,1,0.04229736328125,-0.04229736328125,-0.04229736328125,1,63,True
+,30,34,30,34,64,64,1,0.0604248046875,-0.0604248046875,-0.0604248046875,1,64,True
+,30,35,30,35,65,65,9,1.3994140625,-1.3994140625,-1.3994140625,1,55,False
+,30,36,30,36,66,66,1,0.018096923828125,-0.018096923828125,-0.018096923828125,1,66,True
+,30,37,30,37,67,67,0,0.41748046875,-0.41748046875,-0.41748046875,1,67,True
+,30,38,30,38,68,68,0,0.77587890625,-0.77587890625,-0.77587890625,1,58,False
+,30,39,30,39,69,69,1,1.2724609375,-1.2724609375,-1.2724609375,1,59,False
+,30,40,30,40,70,70,17,0.047821044921875,-0.047821044921875,-0.047821044921875,1,70,True
+,30,41,30,41,71,71,0,2.466796875,-2.466796875,-2.466796875,1,61,False
+,30,42,30,42,72,72,4,0.3427734375,-0.3427734375,-0.3427734375,1,72,True
+,30,43,30,43,73,73,0,4.5546875,-4.5546875,-4.5546875,1,53,False
+,30,44,30,44,74,74,0,1.080078125,-1.080078125,-1.080078125,1,64,False
+,30,45,30,45,75,75,6,0.48193359375,-0.48193359375,-0.48193359375,1,75,True
+,30,46,30,46,76,76,1,2.58984375,-2.58984375,-2.58984375,1,56,False
+,30,47,30,47,77,77,1,3.27734375,-3.27734375,-3.27734375,1,67,False
+,30,48,30,48,78,78,4,0.25,-0.25,-0.25,1,78,True
+,30,49,30,49,79,79,1,0.32666015625,-0.32666015625,-0.32666015625,1,79,True
+,30,50,30,50,80,80,16,2.25390625,-2.25390625,-2.25390625,1,70,False
+,30,51,30,51,81,81,0,1.5888671875,-1.5888671875,-1.5888671875,1,71,False
+,30,52,30,52,82,82,0,2.173828125,-2.173828125,-2.173828125,1,62,False
+,30,53,30,53,83,83,0,1.7626953125,-1.7626953125,-1.7626953125,1,73,False
+,30,54,30,54,84,84,1,0.568359375,-0.568359375,-0.568359375,1,84,True
+,30,55,30,55,85,85,3,4.78515625,-4.78515625,-4.78515625,1,65,False
+,30,56,30,56,86,86,0,0.419921875,-0.419921875,-0.419921875,1,86,True
+,30,57,30,57,87,87,0,0.51123046875,-0.51123046875,-0.51123046875,1,87,True
+,30,58,30,58,88,88,0,1.76953125,-1.76953125,-1.76953125,1,68,False
+,30,59,30,59,89,89,0,1.654296875,-1.654296875,-1.654296875,1,79,False
+,30,60,30,60,90,90,21,0.074462890625,-0.074462890625,-0.074462890625,1,90,True
+,30,61,30,61,91,91,0,3.474609375,-3.474609375,-3.474609375,1,71,False
+,30,62,30,62,92,92,0,1.896484375,-1.896484375,-1.896484375,1,62,False
+,30,63,30,63,93,93,1,1.5107421875,-1.5107421875,-1.5107421875,1,63,False
+,30,64,30,64,94,94,2,0.69482421875,-0.69482421875,-0.69482421875,1,94,True
+,30,65,30,65,95,95,1,2.533203125,-2.533203125,-2.533203125,1,65,False
+,30,66,30,66,96,96,0,1.8125,-1.8125,-1.8125,1,66,False
+,30,67,30,67,97,97,0,0.2232666015625,-0.2232666015625,-0.2232666015625,1,97,True
+,30,68,30,68,98,98,0,0.85888671875,-0.85888671875,-0.85888671875,1,58,False
+,30,69,30,69,99,99,1,2.68359375,-2.68359375,-2.68359375,1,69,False
+,30,70,30,70,100,100,7,0.7109375,-0.7109375,-0.7109375,1,100,True
+,30,71,30,71,101,101,0,3.68359375,-3.68359375,-3.68359375,1,71,False
+,30,72,30,72,102,102,1,0.833984375,-0.833984375,-0.833984375,1,102,True
+,30,73,30,73,103,103,0,1.1884765625,-1.1884765625,-1.1884765625,1,83,False
+,30,74,30,74,104,104,0,2.154296875,-2.154296875,-2.154296875,1,94,False
+,30,75,30,75,105,105,1,0.138427734375,-0.138427734375,-0.138427734375,1,105,True
+,30,76,30,76,106,106,0,1.1123046875,-1.1123046875,-1.1123046875,1,86,False
+,30,77,30,77,107,107,0,1.2265625,-1.2265625,-1.2265625,1,97,False
+,30,78,30,78,108,108,0,0.471923828125,-0.471923828125,-0.471923828125,1,108,True
+,30,79,30,79,109,109,0,2.572265625,-2.572265625,-2.572265625,1,89,False
+,30,80,30,80,110,110,1,0.0662841796875,-0.0662841796875,-0.0662841796875,1,110,True
+,30,81,30,81,111,111,0,3.869140625,-3.869140625,-3.869140625,1,51,False
+,30,82,30,82,112,112,2,2.544921875,-2.544921875,-2.544921875,1,92,False
+,30,83,30,83,113,113,0,3.03515625,-3.03515625,-3.03515625,1,103,False
+,30,84,30,84,114,114,0,0.56591796875,-0.56591796875,-0.56591796875,1,114,True
+,30,85,30,85,115,115,0,1.3623046875,-1.3623046875,-1.3623046875,1,125,False
+,30,86,30,86,116,116,0,0.25341796875,-0.25341796875,-0.25341796875,1,116,True
+,30,87,30,87,117,117,0,0.705078125,-0.705078125,-0.705078125,1,117,True
+,30,88,30,88,118,118,0,1.1953125,-1.1953125,-1.1953125,1,98,False
+,30,89,30,89,119,119,0,0.49560546875,-0.49560546875,-0.49560546875,1,119,True
+,30,90,30,90,120,120,2,0.045318603515625,-0.045318603515625,-0.045318603515625,1,120,True
+,30,91,30,91,121,121,0,0.61279296875,-0.61279296875,-0.61279296875,1,121,True
+,30,92,30,92,122,122,0,0.3828125,-0.3828125,-0.3828125,1,122,True
+,30,93,30,93,123,123,0,0.09014892578125,-0.09014892578125,-0.09014892578125,1,123,True
+,30,94,30,94,124,124,1,0.41845703125,-0.41845703125,-0.41845703125,1,124,True
+,30,95,30,95,125,125,0,0.459716796875,-0.459716796875,-0.459716796875,1,125,True
+,30,96,30,96,126,126,1,0.051910400390625,-0.051910400390625,-0.051910400390625,1,126,True
+,30,97,30,97,127,127,0,0.5947265625,-0.5947265625,-0.5947265625,1,127,True
+,30,98,30,98,128,128,0,0.28515625,-0.28515625,-0.28515625,1,128,True
+,30,99,30,99,129,129,0,0.12158203125,-0.12158203125,-0.12158203125,1,129,True
+,30,100,30,100,130,130,2,0.24609375,-0.24609375,-0.24609375,1,130,True
+,31,1,31,1,32,32,10,0.060821533203125,-0.060821533203125,-0.060821533203125,1,32,True
+,31,2,31,2,33,33,6,0.006847381591796875,-0.006847381591796875,-0.006847381591796875,1,33,True
+,31,3,31,3,34,34,9,0.05865478515625,-0.05865478515625,-0.05865478515625,1,34,True
+,31,4,31,4,35,35,4,0.0256195068359375,-0.0256195068359375,-0.0256195068359375,1,35,True
+,31,5,31,5,36,36,8,0.0217742919921875,-0.0217742919921875,-0.0217742919921875,1,36,True
+,31,6,31,6,37,37,2,0.0182952880859375,-0.0182952880859375,-0.0182952880859375,1,37,True
+,31,7,31,7,38,38,2,0.11737060546875,-0.11737060546875,-0.11737060546875,1,38,True
+,31,8,31,8,39,39,2,0.0012865066528320312,-0.0012865066528320312,-0.0012865066528320312,1,39,True
+,31,9,31,9,40,40,3,0.1036376953125,-0.1036376953125,-0.1036376953125,1,40,True
+,31,10,31,10,41,41,1,0.004772186279296875,-0.004772186279296875,-0.004772186279296875,1,41,True
+,31,11,31,11,42,42,4,0.1990966796875,-0.1990966796875,-0.1990966796875,1,42,True
+,31,12,31,12,43,43,3,0.1868896484375,-0.1868896484375,-0.1868896484375,1,43,True
+,31,13,31,13,44,44,5,0.441162109375,-0.441162109375,-0.441162109375,1,44,True
+,31,14,31,14,45,45,4,0.021636962890625,-0.021636962890625,-0.021636962890625,1,45,True
+,31,15,31,15,46,46,1,0.0226593017578125,-0.0226593017578125,-0.0226593017578125,1,46,True
+,31,16,31,16,47,47,2,0.01947021484375,-0.01947021484375,-0.01947021484375,1,47,True
+,31,17,31,17,48,48,0,0.33740234375,-0.33740234375,-0.33740234375,1,48,True
+,31,18,31,18,49,49,1,0.042266845703125,-0.042266845703125,-0.042266845703125,1,49,True
+,31,19,31,19,50,50,3,0.08465576171875,-0.08465576171875,-0.08465576171875,1,50,True
+,31,20,31,20,51,51,1,0.0310821533203125,-0.0310821533203125,-0.0310821533203125,1,51,True
+,31,21,31,21,52,52,2,0.1864013671875,-0.1864013671875,-0.1864013671875,1,52,True
+,31,22,31,22,53,53,1,0.31591796875,-0.31591796875,-0.31591796875,1,53,True
+,31,23,31,23,54,54,0,0.05975341796875,-0.05975341796875,-0.05975341796875,1,54,True
+,31,24,31,24,55,55,1,0.006954193115234375,-0.006954193115234375,-0.006954193115234375,1,55,True
+,31,25,31,25,56,56,0,0.0263214111328125,-0.0263214111328125,-0.0263214111328125,1,56,True
+,31,26,31,26,57,57,2,0.048980712890625,-0.048980712890625,-0.048980712890625,1,57,True
+,31,27,31,27,58,58,1,0.09466552734375,-0.09466552734375,-0.09466552734375,1,58,True
+,31,28,31,28,59,59,1,0.030181884765625,-0.030181884765625,-0.030181884765625,1,59,True
+,31,29,31,29,60,60,5,0.10772705078125,-0.10772705078125,-0.10772705078125,1,60,True
+,31,30,31,30,61,61,2,0.13818359375,-0.13818359375,-0.13818359375,1,61,True
+,31,31,31,31,62,62,5,0.79833984375,-0.79833984375,-0.79833984375,1,62,True
+,31,32,31,32,63,63,7,0.12493896484375,-0.12493896484375,-0.12493896484375,1,63,True
+,31,33,31,33,64,64,0,0.1185302734375,-0.1185302734375,-0.1185302734375,1,64,True
+,31,34,31,34,65,65,0,0.32470703125,-0.32470703125,-0.32470703125,1,65,True
+,31,35,31,35,66,66,0,0.016357421875,-0.016357421875,-0.016357421875,1,66,True
+,31,36,31,36,67,67,0,0.0181732177734375,-0.0181732177734375,-0.0181732177734375,1,67,True
+,31,37,31,37,68,68,3,0.68408203125,-0.68408203125,-0.68408203125,1,68,True
+,31,38,31,38,69,69,1,1.0927734375,-1.0927734375,-1.0927734375,1,59,False
+,31,39,31,39,70,70,0,0.21875,-0.21875,-0.21875,1,70,True
+,31,40,31,40,71,71,0,0.5869140625,-0.5869140625,-0.5869140625,1,71,True
+,31,41,31,41,72,72,0,0.5380859375,-0.5380859375,-0.5380859375,1,72,True
+,31,42,31,42,73,73,0,2.056640625,-2.056640625,-2.056640625,1,63,False
+,31,43,31,43,74,74,1,3.537109375,-3.537109375,-3.537109375,1,64,False
+,31,44,31,44,75,75,1,1.1689453125,-1.1689453125,-1.1689453125,1,65,False
+,31,45,31,45,76,76,0,3.546875,-3.546875,-3.546875,1,66,False
+,31,46,31,46,77,77,1,4.32421875,-4.32421875,-4.32421875,1,57,False
+,31,47,31,47,78,78,2,3.072265625,-3.072265625,-3.072265625,1,68,False
+,31,48,31,48,79,79,1,0.75439453125,-0.75439453125,-0.75439453125,1,79,True
+,31,49,31,49,80,80,2,2.333984375,-2.333984375,-2.333984375,1,70,False
+,31,50,31,50,81,81,0,3.56640625,-3.56640625,-3.56640625,1,71,False
+,31,51,31,51,82,82,0,1.384765625,-1.384765625,-1.384765625,1,72,False
+,31,52,31,52,83,83,0,3.125,-3.125,-3.125,1,63,False
+,31,53,31,53,84,84,0,2.2734375,-2.2734375,-2.2734375,1,74,False
+,31,54,31,54,85,85,0,0.79345703125,-0.79345703125,-0.79345703125,1,85,True
+,31,55,31,55,86,86,0,4.53515625,-4.53515625,-4.53515625,1,66,False
+,31,56,31,56,87,87,1,0.75537109375,-0.75537109375,-0.75537109375,1,87,True
+,31,57,31,57,88,88,0,1.60546875,-1.60546875,-1.60546875,1,68,False
+,31,58,31,58,89,89,1,1.5810546875,-1.5810546875,-1.5810546875,1,69,False
+,31,59,31,59,90,90,0,1.0849609375,-1.0849609375,-1.0849609375,1,80,False
+,31,60,31,60,91,91,0,1.2373046875,-1.2373046875,-1.2373046875,1,71,False
+,31,61,31,61,92,92,0,1.4775390625,-1.4775390625,-1.4775390625,1,82,False
+,31,62,31,62,93,93,0,0.681640625,-0.681640625,-0.681640625,1,93,True
+,31,63,31,63,94,94,0,0.2174072265625,-0.2174072265625,-0.2174072265625,1,94,True
+,31,64,31,64,95,95,1,0.52197265625,-0.52197265625,-0.52197265625,1,95,True
+,31,65,31,65,96,96,0,1.689453125,-1.689453125,-1.689453125,1,66,False
+,31,66,31,66,97,97,0,0.391357421875,-0.391357421875,-0.391357421875,1,97,True
+,31,67,31,67,98,98,0,0.56103515625,-0.56103515625,-0.56103515625,1,98,True
+,31,68,31,68,99,99,0,0.615234375,-0.615234375,-0.615234375,1,99,True
+,31,69,31,69,100,100,0,1.4111328125,-1.4111328125,-1.4111328125,1,90,False
+,31,70,31,70,101,101,1,2.7109375,-2.7109375,-2.7109375,1,91,False
+,31,71,31,71,102,102,0,2.404296875,-2.404296875,-2.404296875,1,92,False
+,31,72,31,72,103,103,0,1.869140625,-1.869140625,-1.869140625,1,93,False
+,31,73,31,73,104,104,1,3.865234375,-3.865234375,-3.865234375,1,94,False
+,31,74,31,74,105,105,0,2.408203125,-2.408203125,-2.408203125,1,85,False
+,31,75,31,75,106,106,0,1.740234375,-1.740234375,-1.740234375,1,96,False
+,31,76,31,76,107,107,0,1.7490234375,-1.7490234375,-1.7490234375,1,87,False
+,31,77,31,77,108,108,0,3.982421875,-3.982421875,-3.982421875,1,98,False
+,31,78,31,78,109,109,0,2.763671875,-2.763671875,-2.763671875,1,89,False
+,31,79,31,79,110,110,0,4.73828125,-4.73828125,-4.73828125,1,90,False
+,31,80,31,80,111,111,0,2.759765625,-2.759765625,-2.759765625,1,91,False
+,31,81,31,81,112,112,0,3.759765625,-3.759765625,-3.759765625,1,102,False
+,31,82,31,82,113,113,0,4.40625,-4.40625,-4.40625,1,93,False
+,31,83,31,83,114,114,0,2.64453125,-2.64453125,-2.64453125,1,104,False
+,31,84,31,84,115,115,0,0.849609375,-0.849609375,-0.849609375,1,115,True
+,31,85,31,85,116,116,0,3.62890625,-3.62890625,-3.62890625,1,96,False
+,31,86,31,86,117,117,0,0.8740234375,-0.8740234375,-0.8740234375,1,117,True
+,31,87,31,87,118,118,0,2.2421875,-2.2421875,-2.2421875,1,98,False
+,31,88,31,88,119,119,1,1.955078125,-1.955078125,-1.955078125,1,99,False
+,31,89,31,89,120,120,0,2.080078125,-2.080078125,-2.080078125,1,100,False
+,31,90,31,90,121,121,2,1.123046875,-1.123046875,-1.123046875,1,101,False
+,31,91,31,91,122,122,0,1.513671875,-1.513671875,-1.513671875,1,102,False
+,31,92,31,92,123,123,0,1.7890625,-1.7890625,-1.7890625,1,103,False
+,31,93,31,93,124,124,0,2.15234375,-2.15234375,-2.15234375,1,104,False
+,31,94,31,94,125,125,0,1.7451171875,-1.7451171875,-1.7451171875,1,105,False
+,31,95,31,95,126,126,0,0.7236328125,-0.7236328125,-0.7236328125,1,126,True
+,31,96,31,96,127,127,1,0.329833984375,-0.329833984375,-0.329833984375,1,127,True
+,31,97,31,97,128,128,0,2.158203125,-2.158203125,-2.158203125,1,118,False
+,31,98,31,98,129,129,0,0.64990234375,-0.64990234375,-0.64990234375,1,129,True
+,31,99,31,99,130,130,0,0.93701171875,-0.93701171875,-0.93701171875,1,130,True
+,31,100,31,100,131,131,0,0.87109375,-0.87109375,-0.87109375,1,141,False
+,32,1,32,1,33,33,10,0.0238494873046875,-0.0238494873046875,-0.0238494873046875,1,33,True
+,32,2,32,2,34,34,4,0.07110595703125,-0.07110595703125,-0.07110595703125,1,34,True
+,32,3,32,3,35,35,7,0.106689453125,-0.106689453125,-0.106689453125,1,35,True
+,32,4,32,4,36,36,15,0.01107025146484375,-0.01107025146484375,-0.01107025146484375,1,36,True
+,32,5,32,5,37,37,5,0.00826263427734375,-0.00826263427734375,-0.00826263427734375,1,37,True
+,32,6,32,6,38,38,8,0.040863037109375,-0.040863037109375,-0.040863037109375,1,38,True
+,32,7,32,7,39,39,3,0.00977325439453125,-0.00977325439453125,-0.00977325439453125,1,39,True
+,32,8,32,8,40,40,14,0.0251312255859375,-0.0251312255859375,-0.0251312255859375,1,40,True
+,32,9,32,9,41,41,1,0.0298004150390625,-0.0298004150390625,-0.0298004150390625,1,41,True
+,32,10,32,10,42,42,15,0.002838134765625,-0.002838134765625,-0.002838134765625,1,42,True
+,32,11,32,11,43,43,4,0.0626220703125,-0.0626220703125,-0.0626220703125,1,43,True
+,32,12,32,12,44,44,5,0.30126953125,-0.30126953125,-0.30126953125,1,44,True
+,32,13,32,13,45,45,5,0.10357666015625,-0.10357666015625,-0.10357666015625,1,45,True
+,32,14,32,14,46,46,5,0.044647216796875,-0.044647216796875,-0.044647216796875,1,46,True
+,32,15,32,15,47,47,2,0.0113983154296875,-0.0113983154296875,-0.0113983154296875,1,47,True
+,32,16,32,16,48,48,26,0.04412841796875,-0.04412841796875,-0.04412841796875,1,48,True
+,32,17,32,17,49,49,0,0.0833740234375,-0.0833740234375,-0.0833740234375,1,49,True
+,32,18,32,18,50,50,5,0.038604736328125,-0.038604736328125,-0.038604736328125,1,50,True
+,32,19,32,19,51,51,1,0.035369873046875,-0.035369873046875,-0.035369873046875,1,51,True
+,32,20,32,20,52,52,2,0.00955963134765625,-0.00955963134765625,-0.00955963134765625,1,52,True
+,32,21,32,21,53,53,1,0.1357421875,-0.1357421875,-0.1357421875,1,53,True
+,32,22,32,22,54,54,1,0.167236328125,-0.167236328125,-0.167236328125,1,54,True
+,32,23,32,23,55,55,1,0.00534820556640625,-0.00534820556640625,-0.00534820556640625,1,55,True
+,32,24,32,24,56,56,10,0.055328369140625,-0.055328369140625,-0.055328369140625,1,56,True
+,32,25,32,25,57,57,3,0.0239715576171875,-0.0239715576171875,-0.0239715576171875,1,57,True
+,32,26,32,26,58,58,2,0.127197265625,-0.127197265625,-0.127197265625,1,58,True
+,32,27,32,27,59,59,1,0.1910400390625,-0.1910400390625,-0.1910400390625,1,59,True
+,32,28,32,28,60,60,3,0.061248779296875,-0.061248779296875,-0.061248779296875,1,60,True
+,32,29,32,29,61,61,3,0.537109375,-0.537109375,-0.537109375,1,61,True
+,32,30,32,30,62,62,2,0.04461669921875,-0.04461669921875,-0.04461669921875,1,62,True
+,32,31,32,31,63,63,4,0.060699462890625,-0.060699462890625,-0.060699462890625,1,63,True
+,32,32,32,32,64,64,40,0.25048828125,-0.25048828125,-0.25048828125,1,64,True
+,32,33,32,33,65,65,1,0.453369140625,-0.453369140625,-0.453369140625,1,65,True
+,32,34,32,34,66,66,1,0.08172607421875,-0.08172607421875,-0.08172607421875,1,66,True
+,32,35,32,35,67,67,0,0.2325439453125,-0.2325439453125,-0.2325439453125,1,67,True
+,32,36,32,36,68,68,0,0.06353759765625,-0.06353759765625,-0.06353759765625,1,68,True
+,32,37,32,37,69,69,3,0.466064453125,-0.466064453125,-0.466064453125,1,69,True
+,32,38,32,38,70,70,0,0.333740234375,-0.333740234375,-0.333740234375,1,70,True
+,32,39,32,39,71,71,1,0.40478515625,-0.40478515625,-0.40478515625,1,71,True
+,32,40,32,40,72,72,2,0.058197021484375,-0.058197021484375,-0.058197021484375,1,72,True
+,32,41,32,41,73,73,0,2.189453125,-2.189453125,-2.189453125,1,63,False
+,32,42,32,42,74,74,0,1.724609375,-1.724609375,-1.724609375,1,62,False
+,32,43,32,43,75,75,1,1.271484375,-1.271484375,-1.271484375,1,55,False
+,32,44,32,44,76,76,0,1.861328125,-1.861328125,-1.861328125,1,72,False
+,32,45,32,45,77,77,2,2.29296875,-2.29296875,-2.29296875,1,73,False
+,32,46,32,46,78,78,0,3.310546875,-3.310546875,-3.310546875,1,70,False
+,32,47,32,47,79,79,0,0.58544921875,-0.58544921875,-0.58544921875,1,79,True
+,32,48,32,48,80,80,2,0.4326171875,-0.4326171875,-0.4326171875,1,80,True
+,32,49,32,49,81,81,1,2.49609375,-2.49609375,-2.49609375,1,71,False
+,32,50,32,50,82,82,2,1.662109375,-1.662109375,-1.662109375,1,62,False
+,32,51,32,51,83,83,0,1.79296875,-1.79296875,-1.79296875,1,73,False
+,32,52,32,52,84,84,0,1.4150390625,-1.4150390625,-1.4150390625,1,64,False
+,32,53,32,53,85,85,1,2.177734375,-2.177734375,-2.177734375,1,75,False
+,32,54,32,54,86,86,0,2.642578125,-2.642578125,-2.642578125,1,70,False
+,32,55,32,55,87,87,0,1.875,-1.875,-1.875,1,67,False
+,32,56,32,56,88,88,3,2.0859375,-2.0859375,-2.0859375,1,80,False
+,32,57,32,57,89,89,2,1.8642578125,-1.8642578125,-1.8642578125,1,69,False
+,32,58,32,58,90,90,0,1.564453125,-1.564453125,-1.564453125,1,70,False
+,32,59,32,59,91,91,2,1.5556640625,-1.5556640625,-1.5556640625,1,71,False
+,32,60,32,60,92,92,1,1.150390625,-1.150390625,-1.150390625,1,72,False
+,32,61,32,61,93,93,0,0.384033203125,-0.384033203125,-0.384033203125,1,93,True
+,32,62,32,62,94,94,0,2.99609375,-2.99609375,-2.99609375,1,74,False
+,32,63,32,63,95,95,0,0.69482421875,-0.69482421875,-0.69482421875,1,95,True
+,32,64,32,64,96,96,11,0.75732421875,-0.75732421875,-0.75732421875,1,96,True
+,32,65,32,65,97,97,0,0.64892578125,-0.64892578125,-0.64892578125,1,97,True
+,32,66,32,66,98,98,0,2.28125,-2.28125,-2.28125,1,70,False
+,32,67,32,67,99,99,0,0.2073974609375,-0.2073974609375,-0.2073974609375,1,99,True
+,32,68,32,68,100,100,1,1.53515625,-1.53515625,-1.53515625,1,60,False
+,32,69,32,69,101,101,0,2.66015625,-2.66015625,-2.66015625,1,91,False
+,32,70,32,70,102,102,0,2.28515625,-2.28515625,-2.28515625,1,82,False
+,32,71,32,71,103,103,0,2.609375,-2.609375,-2.609375,1,93,False
+,32,72,32,72,104,104,2,2.8203125,-2.8203125,-2.8203125,1,92,False
+,32,73,32,73,105,105,0,2.546875,-2.546875,-2.546875,1,85,False
+,32,74,32,74,106,106,0,3.900390625,-3.900390625,-3.900390625,1,66,False
+,32,75,32,75,107,107,0,1.08984375,-1.08984375,-1.08984375,1,107,True
+,32,76,32,76,108,108,0,2.8125,-2.8125,-2.8125,1,100,False
+,32,77,32,77,109,109,0,3.65234375,-3.65234375,-3.65234375,1,99,False
+,32,78,32,78,110,110,0,0.9326171875,-0.9326171875,-0.9326171875,1,110,True
+,32,79,32,79,111,111,0,1.84765625,-1.84765625,-1.84765625,1,91,False
+,32,80,32,80,112,112,0,3.130859375,-3.130859375,-3.130859375,1,92,False
+,32,81,32,81,113,113,0,5.51953125,-5.51953125,-5.51953125,1,103,False
+,32,82,32,82,114,114,0,4.16015625,-4.16015625,-4.16015625,1,94,False
+,32,83,32,83,115,115,0,1.66796875,-1.66796875,-1.66796875,1,95,False
+,32,84,32,84,116,116,0,1.2705078125,-1.2705078125,-1.2705078125,1,116,True
+,32,85,32,85,117,117,0,1.0869140625,-1.0869140625,-1.0869140625,1,117,True
+,32,86,32,86,118,118,0,2.0078125,-2.0078125,-2.0078125,1,98,False
+,32,87,32,87,119,119,0,0.6552734375,-0.6552734375,-0.6552734375,1,119,True
+,32,88,32,88,120,120,0,0.7978515625,-0.7978515625,-0.7978515625,1,120,True
+,32,89,32,89,121,121,0,0.873046875,-0.873046875,-0.873046875,1,121,True
+,32,90,32,90,122,122,0,0.68603515625,-0.68603515625,-0.68603515625,1,122,True
+,32,91,32,91,123,123,0,0.607421875,-0.607421875,-0.607421875,1,123,True
+,32,92,32,92,124,124,0,1.4912109375,-1.4912109375,-1.4912109375,1,124,True
+,32,93,32,93,125,125,0,0.23583984375,-0.23583984375,-0.23583984375,1,125,True
+,32,94,32,94,126,126,0,1.125,-1.125,-1.125,1,126,True
+,32,95,32,95,127,127,0,0.2470703125,-0.2470703125,-0.2470703125,1,127,True
+,32,96,32,96,128,128,1,1.6884765625,-1.6884765625,-1.6884765625,1,140,False
+,32,97,32,97,129,129,0,2.005859375,-2.005859375,-2.005859375,1,139,False
+,32,98,32,98,130,130,0,0.329833984375,-0.329833984375,-0.329833984375,1,130,True
+,32,99,32,99,131,131,0,0.0386962890625,-0.0386962890625,-0.0386962890625,1,131,True
+,32,100,32,100,132,132,2,0.06964111328125,-0.06964111328125,-0.06964111328125,1,132,True
+,33,1,33,1,34,34,3,0.0732421875,-0.0732421875,-0.0732421875,1,34,True
+,33,2,33,2,35,35,2,0.03582763671875,-0.03582763671875,-0.03582763671875,1,35,True
+,33,3,33,3,36,36,3,0.1414794921875,-0.1414794921875,-0.1414794921875,1,36,True
+,33,4,33,4,37,37,3,0.021453857421875,-0.021453857421875,-0.021453857421875,1,37,True
+,33,5,33,5,38,38,1,0.0273590087890625,-0.0273590087890625,-0.0273590087890625,1,38,True
+,33,6,33,6,39,39,4,0.01062774658203125,-0.01062774658203125,-0.01062774658203125,1,39,True
+,33,7,33,7,40,40,4,0.02777099609375,-0.02777099609375,-0.02777099609375,1,40,True
+,33,8,33,8,41,41,3,0.013763427734375,-0.013763427734375,-0.013763427734375,1,41,True
+,33,9,33,9,42,42,2,0.08599853515625,-0.08599853515625,-0.08599853515625,1,42,True
+,33,10,33,10,43,43,2,0.019775390625,-0.019775390625,-0.019775390625,1,43,True
+,33,11,33,11,44,44,1,0.0228729248046875,-0.0228729248046875,-0.0228729248046875,1,44,True
+,33,12,33,12,45,45,1,0.012481689453125,-0.012481689453125,-0.012481689453125,1,45,True
+,33,13,33,13,46,46,2,0.2042236328125,-0.2042236328125,-0.2042236328125,1,46,True
+,33,14,33,14,47,47,3,0.181884765625,-0.181884765625,-0.181884765625,1,47,True
+,33,15,33,15,48,48,0,0.026702880859375,-0.026702880859375,-0.026702880859375,1,48,True
+,33,16,33,16,49,49,2,0.05084228515625,-0.05084228515625,-0.05084228515625,1,49,True
+,33,17,33,17,50,50,2,0.31005859375,-0.31005859375,-0.31005859375,1,50,True
+,33,18,33,18,51,51,1,0.07928466796875,-0.07928466796875,-0.07928466796875,1,51,True
+,33,19,33,19,52,52,0,0.054473876953125,-0.054473876953125,-0.054473876953125,1,52,True
+,33,20,33,20,53,53,1,0.00815582275390625,-0.00815582275390625,-0.00815582275390625,1,53,True
+,33,21,33,21,54,54,0,0.0419921875,-0.0419921875,-0.0419921875,1,54,True
+,33,22,33,22,55,55,1,0.0089111328125,-0.0089111328125,-0.0089111328125,1,55,True
+,33,23,33,23,56,56,0,0.10052490234375,-0.10052490234375,-0.10052490234375,1,56,True
+,33,24,33,24,57,57,3,0.040130615234375,-0.040130615234375,-0.040130615234375,1,57,True
+,33,25,33,25,58,58,2,0.1405029296875,-0.1405029296875,-0.1405029296875,1,58,True
+,33,26,33,26,59,59,0,0.072509765625,-0.072509765625,-0.072509765625,1,59,True
+,33,27,33,27,60,60,1,0.023834228515625,-0.023834228515625,-0.023834228515625,1,60,True
+,33,28,33,28,61,61,3,0.020294189453125,-0.020294189453125,-0.020294189453125,1,61,True
+,33,29,33,29,62,62,0,0.090576171875,-0.090576171875,-0.090576171875,1,62,True
+,33,30,33,30,63,63,1,0.04180908203125,-0.04180908203125,-0.04180908203125,1,63,True
+,33,31,33,31,64,64,0,0.0523681640625,-0.0523681640625,-0.0523681640625,1,64,True
+,33,32,33,32,65,65,1,0.080078125,-0.080078125,-0.080078125,1,65,True
+,33,33,33,33,66,66,6,0.09326171875,-0.09326171875,-0.09326171875,1,66,True
+,33,34,33,34,67,67,0,0.267333984375,-0.267333984375,-0.267333984375,1,67,True
+,33,35,33,35,68,68,1,0.00748443603515625,-0.00748443603515625,-0.00748443603515625,1,68,True
+,33,36,33,36,69,69,0,0.00884246826171875,-0.00884246826171875,-0.00884246826171875,1,69,True
+,33,37,33,37,70,70,1,0.06182861328125,-0.06182861328125,-0.06182861328125,1,70,True
+,33,38,33,38,71,71,2,0.5888671875,-0.5888671875,-0.5888671875,1,71,True
+,33,39,33,39,72,72,1,0.64990234375,-0.64990234375,-0.64990234375,1,72,True
+,33,40,33,40,73,73,1,0.2587890625,-0.2587890625,-0.2587890625,1,73,True
+,33,41,33,41,74,74,3,2.9296875,-2.9296875,-2.9296875,1,64,False
+,33,42,33,42,75,75,0,0.99462890625,-0.99462890625,-0.99462890625,1,75,True
+,33,43,33,43,76,76,0,2.611328125,-2.611328125,-2.611328125,1,70,False
+,33,44,33,44,77,77,0,2.173828125,-2.173828125,-2.173828125,1,67,False
+,33,45,33,45,78,78,1,0.63671875,-0.63671875,-0.63671875,1,78,True
+,33,46,33,46,79,79,0,1.255859375,-1.255859375,-1.255859375,1,59,False
+,33,47,33,47,80,80,1,3.953125,-3.953125,-3.953125,1,70,False
+,33,48,33,48,81,81,0,0.62353515625,-0.62353515625,-0.62353515625,1,81,True
+,33,49,33,49,82,82,0,5.109375,-5.109375,-5.109375,1,71,False
+,33,50,33,50,83,83,0,2.72265625,-2.72265625,-2.72265625,1,73,False
+,33,51,33,51,84,84,0,0.3828125,-0.3828125,-0.3828125,1,84,True
+,33,52,33,52,85,85,0,3.744140625,-3.744140625,-3.744140625,1,65,False
+,33,53,33,53,86,86,0,2.7421875,-2.7421875,-2.7421875,1,76,False
+,33,54,33,54,87,87,0,1.712890625,-1.712890625,-1.712890625,1,69,False
+,33,55,33,55,88,88,0,1.421875,-1.421875,-1.421875,1,68,False
+,33,56,33,56,89,89,0,1.9716796875,-1.9716796875,-1.9716796875,1,79,False
+,33,57,33,57,90,90,0,0.8740234375,-0.8740234375,-0.8740234375,1,90,True
+,33,58,33,58,91,91,0,2.427734375,-2.427734375,-2.427734375,1,71,False
+,33,59,33,59,92,92,2,0.52978515625,-0.52978515625,-0.52978515625,1,92,True
+,33,60,33,60,93,93,0,0.06768798828125,-0.06768798828125,-0.06768798828125,1,93,True
+,33,61,33,61,94,94,0,0.466552734375,-0.466552734375,-0.466552734375,1,94,True
+,33,62,33,62,95,95,0,1.63671875,-1.63671875,-1.63671875,1,65,False
+,33,63,33,63,96,96,1,1.3798828125,-1.3798828125,-1.3798828125,1,66,False
+,33,64,33,64,97,97,0,0.51611328125,-0.51611328125,-0.51611328125,1,97,True
+,33,65,33,65,98,98,0,1.599609375,-1.599609375,-1.599609375,1,68,False
+,33,66,33,66,99,99,2,1.2666015625,-1.2666015625,-1.2666015625,1,69,False
+,33,67,33,67,100,100,0,0.65673828125,-0.65673828125,-0.65673828125,1,100,True
+,33,68,33,68,101,101,0,2.060546875,-2.060546875,-2.060546875,1,71,False
+,33,69,33,69,102,102,1,1.025390625,-1.025390625,-1.025390625,1,102,True
+,33,70,33,70,103,103,0,0.93212890625,-0.93212890625,-0.93212890625,1,103,True
+,33,71,33,71,104,104,0,3.626953125,-3.626953125,-3.626953125,1,94,False
+,33,72,33,72,105,105,0,0.59228515625,-0.59228515625,-0.59228515625,1,105,True
+,33,73,33,73,106,106,0,4.15234375,-4.15234375,-4.15234375,1,86,False
+,33,74,33,74,107,107,1,3.3203125,-3.3203125,-3.3203125,1,97,False
+,33,75,33,75,108,108,0,0.0892333984375,-0.0892333984375,-0.0892333984375,1,108,True
+,33,76,33,76,109,109,0,1.75,-1.75,-1.75,1,89,False
+,33,77,33,77,110,110,2,1.9599609375,-1.9599609375,-1.9599609375,1,100,False
+,33,78,33,78,111,111,0,0.48583984375,-0.48583984375,-0.48583984375,1,111,True
+,33,79,33,79,112,112,0,4.71484375,-4.71484375,-4.71484375,1,92,False
+,33,80,33,80,113,113,0,4.7109375,-4.7109375,-4.7109375,1,103,False
+,33,81,33,81,114,114,0,1.7744140625,-1.7744140625,-1.7744140625,1,114,True
+,33,82,33,82,115,115,0,3.05078125,-3.05078125,-3.05078125,1,95,False
+,33,83,33,83,116,116,0,2.736328125,-2.736328125,-2.736328125,1,100,False
+,33,84,33,84,117,117,0,0.404052734375,-0.404052734375,-0.404052734375,1,117,True
+,33,85,33,85,118,118,0,2.986328125,-2.986328125,-2.986328125,1,98,False
+,33,86,33,86,119,119,0,0.728515625,-0.728515625,-0.728515625,1,119,True
+,33,87,33,87,120,120,0,0.31005859375,-0.31005859375,-0.31005859375,1,120,True
+,33,88,33,88,121,121,0,2.181640625,-2.181640625,-2.181640625,1,101,False
+,33,89,33,89,122,122,0,1.0166015625,-1.0166015625,-1.0166015625,1,122,True
+,33,90,33,90,123,123,0,0.193115234375,-0.193115234375,-0.193115234375,1,123,True
+,33,91,33,91,124,124,0,1.193359375,-1.193359375,-1.193359375,1,104,False
+,33,92,33,92,125,125,0,0.54248046875,-0.54248046875,-0.54248046875,1,125,True
+,33,93,33,93,126,126,0,0.7177734375,-0.7177734375,-0.7177734375,1,126,True
+,33,94,33,94,127,127,0,1.0078125,-1.0078125,-1.0078125,1,137,False
+,33,95,33,95,128,128,1,0.62744140625,-0.62744140625,-0.62744140625,1,128,True
+,33,96,33,96,129,129,0,0.1356201171875,-0.1356201171875,-0.1356201171875,1,129,True
+,33,97,33,97,130,130,0,2.025390625,-2.025390625,-2.025390625,1,140,False
+,33,98,33,98,131,131,0,0.149658203125,-0.149658203125,-0.149658203125,1,131,True
+,33,99,33,99,132,132,0,0.174072265625,-0.174072265625,-0.174072265625,1,132,True
+,33,100,33,100,133,133,0,0.81787109375,-0.81787109375,-0.81787109375,1,143,False
+,34,1,34,1,35,35,3,0.027008056640625,-0.027008056640625,-0.027008056640625,1,35,True
+,34,2,34,2,36,36,2,0.033447265625,-0.033447265625,-0.033447265625,1,36,True
+,34,3,34,3,37,37,2,0.05035400390625,-0.05035400390625,-0.05035400390625,1,37,True
+,34,4,34,4,38,38,5,0.0732421875,-0.0732421875,-0.0732421875,1,38,True
+,34,5,34,5,39,39,0,0.0250701904296875,-0.0250701904296875,-0.0250701904296875,1,39,True
+,34,6,34,6,40,40,4,0.054901123046875,-0.054901123046875,-0.054901123046875,1,40,True
+,34,7,34,7,41,41,1,0.11761474609375,-0.11761474609375,-0.11761474609375,1,41,True
+,34,8,34,8,42,42,3,0.037384033203125,-0.037384033203125,-0.037384033203125,1,42,True
+,34,9,34,9,43,43,0,0.04290771484375,-0.04290771484375,-0.04290771484375,1,43,True
+,34,10,34,10,44,44,2,0.01421356201171875,-0.01421356201171875,-0.01421356201171875,1,44,True
+,34,11,34,11,45,45,1,0.0275421142578125,-0.0275421142578125,-0.0275421142578125,1,45,True
+,34,12,34,12,46,46,5,0.012298583984375,-0.012298583984375,-0.012298583984375,1,46,True
+,34,13,34,13,47,47,0,0.09759521484375,-0.09759521484375,-0.09759521484375,1,47,True
+,34,14,34,14,48,48,2,0.09600830078125,-0.09600830078125,-0.09600830078125,1,48,True
+,34,15,34,15,49,49,1,0.07281494140625,-0.07281494140625,-0.07281494140625,1,49,True
+,34,16,34,16,50,50,0,0.42138671875,-0.42138671875,-0.42138671875,1,50,True
+,34,17,34,17,51,51,0,0.322265625,-0.322265625,-0.322265625,1,51,True
+,34,18,34,18,52,52,1,0.014251708984375,-0.014251708984375,-0.014251708984375,1,52,True
+,34,19,34,19,53,53,2,0.015869140625,-0.015869140625,-0.015869140625,1,53,True
+,34,20,34,20,54,54,2,0.00263214111328125,-0.00263214111328125,-0.00263214111328125,1,54,True
+,34,21,34,21,55,55,6,0.00689697265625,-0.00689697265625,-0.00689697265625,1,55,True
+,34,22,34,22,56,56,1,0.02374267578125,-0.02374267578125,-0.02374267578125,1,56,True
+,34,23,34,23,57,57,1,0.1092529296875,-0.1092529296875,-0.1092529296875,1,57,True
+,34,24,34,24,58,58,1,0.0390625,-0.0390625,-0.0390625,1,58,True
+,34,25,34,25,59,59,0,0.149658203125,-0.149658203125,-0.149658203125,1,59,True
+,34,26,34,26,60,60,0,0.1328125,-0.1328125,-0.1328125,1,60,True
+,34,27,34,27,61,61,2,0.124267578125,-0.124267578125,-0.124267578125,1,61,True
+,34,28,34,28,62,62,0,0.07281494140625,-0.07281494140625,-0.07281494140625,1,62,True
+,34,29,34,29,63,63,0,0.283935546875,-0.283935546875,-0.283935546875,1,63,True
+,34,30,34,30,64,64,0,0.012481689453125,-0.012481689453125,-0.012481689453125,1,64,True
+,34,31,34,31,65,65,1,2.689453125,-2.689453125,-2.689453125,1,55,False
+,34,32,34,32,66,66,3,0.08331298828125,-0.08331298828125,-0.08331298828125,1,66,True
+,34,33,34,33,67,67,2,0.342529296875,-0.342529296875,-0.342529296875,1,67,True
+,34,34,34,34,68,68,2,0.464111328125,-0.464111328125,-0.464111328125,1,68,True
+,34,35,34,35,69,69,0,0.01100921630859375,-0.01100921630859375,-0.01100921630859375,1,69,True
+,34,36,34,36,70,70,0,0.2479248046875,-0.2479248046875,-0.2479248046875,1,70,True
+,34,37,34,37,71,71,3,0.03436279296875,-0.03436279296875,-0.03436279296875,1,71,True
+,34,38,34,38,72,72,0,0.767578125,-0.767578125,-0.767578125,1,72,True
+,34,39,34,39,73,73,0,1.79296875,-1.79296875,-1.79296875,1,63,False
+,34,40,34,40,74,74,0,0.1776123046875,-0.1776123046875,-0.1776123046875,1,74,True
+,34,41,34,41,75,75,1,0.61572265625,-0.61572265625,-0.61572265625,1,75,True
+,34,42,34,42,76,76,1,1.677734375,-1.677734375,-1.677734375,1,68,False
+,34,43,34,43,77,77,1,2.07421875,-2.07421875,-2.07421875,1,67,False
+,34,44,34,44,78,78,0,1.0087890625,-1.0087890625,-1.0087890625,1,58,False
+,34,45,34,45,79,79,0,0.274658203125,-0.274658203125,-0.274658203125,1,79,True
+,34,46,34,46,80,80,1,2.947265625,-2.947265625,-2.947265625,1,70,False
+,34,47,34,47,81,81,1,2.8046875,-2.8046875,-2.8046875,1,71,False
+,34,48,34,48,82,82,0,0.8564453125,-0.8564453125,-0.8564453125,1,62,False
+,34,49,34,49,83,83,1,2.439453125,-2.439453125,-2.439453125,1,73,False
+,34,50,34,50,84,84,0,3.73828125,-3.73828125,-3.73828125,1,64,False
+,34,51,34,51,85,85,1,1.9228515625,-1.9228515625,-1.9228515625,1,75,False
+,34,52,34,52,86,86,0,5.31640625,-5.31640625,-5.31640625,1,66,False
+,34,53,34,53,87,87,0,3.611328125,-3.611328125,-3.611328125,1,77,False
+,34,54,34,54,88,88,0,4.57421875,-4.57421875,-4.57421875,1,68,False
+,34,55,34,55,89,89,5,4.78125,-4.78125,-4.78125,1,79,False
+,34,56,34,56,90,90,0,5.328125,-5.328125,-5.328125,1,70,False
+,34,57,34,57,91,91,0,4.546875,-4.546875,-4.546875,1,71,False
+,34,58,34,58,92,92,0,6.19921875,-6.19921875,-6.19921875,1,72,False
+,34,59,34,59,93,93,0,3.66796875,-3.66796875,-3.66796875,1,73,False
+,34,60,34,60,94,94,0,1.4091796875,-1.4091796875,-1.4091796875,1,74,False
+,34,61,34,61,95,95,0,1.0,-1.0,-1.0,1,75,False
+,34,62,34,62,96,96,0,3.259765625,-3.259765625,-3.259765625,1,76,False
+,34,63,34,63,97,97,0,2.525390625,-2.525390625,-2.525390625,1,77,False
+,34,64,34,64,98,98,0,2.65625,-2.65625,-2.65625,1,58,False
+,34,65,34,65,99,99,0,2.79296875,-2.79296875,-2.79296875,1,69,False
+,34,66,34,66,100,100,0,2.5625,-2.5625,-2.5625,1,70,False
+,34,67,34,67,101,101,0,3.185546875,-3.185546875,-3.185546875,1,71,False
+,34,68,34,68,102,102,1,3.9375,-3.9375,-3.9375,1,62,False
+,34,69,34,69,103,103,0,2.021484375,-2.021484375,-2.021484375,1,73,False
+,34,70,34,70,104,104,0,1.7958984375,-1.7958984375,-1.7958984375,1,64,False
+,34,71,34,71,105,105,1,3.189453125,-3.189453125,-3.189453125,1,95,False
+,34,72,34,72,106,106,0,3.80078125,-3.80078125,-3.80078125,1,98,False
+,34,73,34,73,107,107,0,4.625,-4.625,-4.625,1,97,False
+,34,74,34,74,108,108,0,4.73828125,-4.73828125,-4.73828125,1,68,False
+,34,75,34,75,109,109,0,2.185546875,-2.185546875,-2.185546875,1,99,False
+,34,76,34,76,110,110,2,2.12890625,-2.12890625,-2.12890625,1,70,False
+,34,77,34,77,111,111,0,2.6640625,-2.6640625,-2.6640625,1,101,False
+,34,78,34,78,112,112,0,4.0859375,-4.0859375,-4.0859375,1,92,False
+,34,79,34,79,113,113,0,4.61328125,-4.61328125,-4.61328125,1,103,False
+,34,80,34,80,114,114,0,2.4609375,-2.4609375,-2.4609375,1,94,False
+,34,81,34,81,115,115,0,2.3828125,-2.3828125,-2.3828125,1,95,False
+,34,82,34,82,116,116,0,3.921875,-3.921875,-3.921875,1,56,False
+,34,83,34,83,117,117,0,1.326171875,-1.326171875,-1.326171875,1,97,False
+,34,84,34,84,118,118,0,2.490234375,-2.490234375,-2.490234375,1,98,False
+,34,85,34,85,119,119,0,2.828125,-2.828125,-2.828125,1,99,False
+,34,86,34,86,120,120,0,1.9287109375,-1.9287109375,-1.9287109375,1,100,False
+,34,87,34,87,121,121,0,3.36328125,-3.36328125,-3.36328125,1,103,False
+,34,88,34,88,122,122,0,4.3828125,-4.3828125,-4.3828125,1,102,False
+,34,89,34,89,123,123,0,2.236328125,-2.236328125,-2.236328125,1,103,False
+,34,90,34,90,124,124,0,0.34423828125,-0.34423828125,-0.34423828125,1,124,True
+,34,91,34,91,125,125,0,1.3515625,-1.3515625,-1.3515625,1,115,False
+,34,92,34,92,126,126,0,2.853515625,-2.853515625,-2.853515625,1,138,False
+,34,93,34,93,127,127,1,3.3828125,-3.3828125,-3.3828125,1,139,False
+,34,94,34,94,128,128,0,2.6328125,-2.6328125,-2.6328125,1,68,False
+,34,95,34,95,129,129,0,0.87109375,-0.87109375,-0.87109375,1,129,True
+,34,96,34,96,130,130,0,0.88037109375,-0.88037109375,-0.88037109375,1,130,True
+,34,97,34,97,131,131,0,1.154296875,-1.154296875,-1.154296875,1,131,True
+,34,98,34,98,132,132,0,0.388427734375,-0.388427734375,-0.388427734375,1,132,True
+,34,99,34,99,133,133,0,2.9140625,-2.9140625,-2.9140625,1,143,False
+,34,100,34,100,134,134,0,1.466796875,-1.466796875,-1.466796875,1,154,False
+,35,1,35,1,36,36,6,0.07122802734375,-0.07122802734375,-0.07122802734375,1,36,True
+,35,2,35,2,37,37,1,0.15380859375,-0.15380859375,-0.15380859375,1,37,True
+,35,3,35,3,38,38,6,0.06744384765625,-0.06744384765625,-0.06744384765625,1,38,True
+,35,4,35,4,39,39,5,0.07000732421875,-0.07000732421875,-0.07000732421875,1,39,True
+,35,5,35,5,40,40,6,0.06536865234375,-0.06536865234375,-0.06536865234375,1,40,True
+,35,6,35,6,41,41,4,0.0200958251953125,-0.0200958251953125,-0.0200958251953125,1,41,True
+,35,7,35,7,42,42,1,0.13623046875,-0.13623046875,-0.13623046875,1,42,True
+,35,8,35,8,43,43,2,0.006458282470703125,-0.006458282470703125,-0.006458282470703125,1,43,True
+,35,9,35,9,44,44,1,0.0166168212890625,-0.0166168212890625,-0.0166168212890625,1,44,True
+,35,10,35,10,45,45,17,0.009429931640625,-0.009429931640625,-0.009429931640625,1,45,True
+,35,11,35,11,46,46,0,0.0089874267578125,-0.0089874267578125,-0.0089874267578125,1,46,True
+,35,12,35,12,47,47,1,0.0594482421875,-0.0594482421875,-0.0594482421875,1,47,True
+,35,13,35,13,48,48,0,0.11480712890625,-0.11480712890625,-0.11480712890625,1,48,True
+,35,14,35,14,49,49,2,0.0618896484375,-0.0618896484375,-0.0618896484375,1,49,True
+,35,15,35,15,50,50,13,0.1826171875,-0.1826171875,-0.1826171875,1,50,True
+,35,16,35,16,51,51,3,0.0133209228515625,-0.0133209228515625,-0.0133209228515625,1,51,True
+,35,17,35,17,52,52,1,0.0933837890625,-0.0933837890625,-0.0933837890625,1,52,True
+,35,18,35,18,53,53,4,0.04150390625,-0.04150390625,-0.04150390625,1,53,True
+,35,19,35,19,54,54,0,0.006977081298828125,-0.006977081298828125,-0.006977081298828125,1,54,True
+,35,20,35,20,55,55,10,0.0281524658203125,-0.0281524658203125,-0.0281524658203125,1,55,True
+,35,21,35,21,56,56,0,0.05755615234375,-0.05755615234375,-0.05755615234375,1,56,True
+,35,22,35,22,57,57,1,0.03173828125,-0.03173828125,-0.03173828125,1,57,True
+,35,23,35,23,58,58,1,0.464111328125,-0.464111328125,-0.464111328125,1,58,True
+,35,24,35,24,59,59,2,0.040374755859375,-0.040374755859375,-0.040374755859375,1,59,True
+,35,25,35,25,60,60,8,0.166748046875,-0.166748046875,-0.166748046875,1,60,True
+,35,26,35,26,61,61,1,0.5400390625,-0.5400390625,-0.5400390625,1,61,True
+,35,27,35,27,62,62,11,0.29638671875,-0.29638671875,-0.29638671875,1,62,True
+,35,28,35,28,63,63,0,0.1429443359375,-0.1429443359375,-0.1429443359375,1,63,True
+,35,29,35,29,64,64,0,0.05694580078125,-0.05694580078125,-0.05694580078125,1,64,True
+,35,30,35,30,65,65,6,0.77978515625,-0.77978515625,-0.77978515625,1,55,False
+,35,31,35,31,66,66,0,0.00786590576171875,-0.00786590576171875,-0.00786590576171875,1,66,True
+,35,32,35,32,67,67,0,0.413330078125,-0.413330078125,-0.413330078125,1,67,True
+,35,33,35,33,68,68,1,0.01287078857421875,-0.01287078857421875,-0.01287078857421875,1,68,True
+,35,34,35,34,69,69,0,0.2215576171875,-0.2215576171875,-0.2215576171875,1,69,True
+,35,35,35,35,70,70,24,0.0073699951171875,-0.0073699951171875,-0.0073699951171875,1,70,True
+,35,36,35,36,71,71,0,0.006618499755859375,-0.006618499755859375,-0.006618499755859375,1,71,True
+,35,37,35,37,72,72,2,0.01003265380859375,-0.01003265380859375,-0.01003265380859375,1,72,True
+,35,38,35,38,73,73,0,1.48046875,-1.48046875,-1.48046875,1,63,False
+,35,39,35,39,74,74,1,0.1597900390625,-0.1597900390625,-0.1597900390625,1,74,True
+,35,40,35,40,75,75,12,0.0302581787109375,-0.0302581787109375,-0.0302581787109375,1,75,True
+,35,41,35,41,76,76,2,2.384765625,-2.384765625,-2.384765625,1,66,False
+,35,42,35,42,77,77,2,1.326171875,-1.326171875,-1.326171875,1,67,False
+,35,43,35,43,78,78,0,1.4228515625,-1.4228515625,-1.4228515625,1,68,False
+,35,44,35,44,79,79,0,2.880859375,-2.880859375,-2.880859375,1,69,False
+,35,45,35,45,80,80,7,1.8583984375,-1.8583984375,-1.8583984375,1,70,False
+,35,46,35,46,81,81,0,3.783203125,-3.783203125,-3.783203125,1,71,False
+,35,47,35,47,82,82,1,3.6953125,-3.6953125,-3.6953125,1,72,False
+,35,48,35,48,83,83,0,1.1826171875,-1.1826171875,-1.1826171875,1,73,False
+,35,49,35,49,84,84,2,3.15625,-3.15625,-3.15625,1,74,False
+,35,50,35,50,85,85,2,5.859375,-5.859375,-5.859375,1,75,False
+,35,51,35,51,86,86,0,2.107421875,-2.107421875,-2.107421875,1,76,False
+,35,52,35,52,87,87,0,2.3671875,-2.3671875,-2.3671875,1,77,False
+,35,53,35,53,88,88,1,2.69921875,-2.69921875,-2.69921875,1,68,False
+,35,54,35,54,89,89,0,2.796875,-2.796875,-2.796875,1,79,False
+,35,55,35,55,90,90,9,4.45703125,-4.45703125,-4.45703125,1,70,False
+,35,56,35,56,91,91,0,4.80078125,-4.80078125,-4.80078125,1,71,False
+,35,57,35,57,92,92,0,2.1796875,-2.1796875,-2.1796875,1,82,False
+,35,58,35,58,93,93,0,1.603515625,-1.603515625,-1.603515625,1,73,False
+,35,59,35,59,94,94,0,2.021484375,-2.021484375,-2.021484375,1,74,False
+,35,60,35,60,95,95,5,0.4638671875,-0.4638671875,-0.4638671875,1,95,True
+,35,61,35,61,96,96,1,3.19921875,-3.19921875,-3.19921875,1,86,False
+,35,62,35,62,97,97,1,1.3818359375,-1.3818359375,-1.3818359375,1,97,True
+,35,63,35,63,98,98,0,1.58984375,-1.58984375,-1.58984375,1,68,False
+,35,64,35,64,99,99,0,3.619140625,-3.619140625,-3.619140625,1,69,False
+,35,65,35,65,100,100,2,2.626953125,-2.626953125,-2.626953125,1,70,False
+,35,66,35,66,101,101,0,2.791015625,-2.791015625,-2.791015625,1,71,False
+,35,67,35,67,102,102,2,2.3671875,-2.3671875,-2.3671875,1,72,False
+,35,68,35,68,103,103,0,2.53515625,-2.53515625,-2.53515625,1,93,False
+,35,69,35,69,104,104,0,3.6875,-3.6875,-3.6875,1,74,False
+,35,70,35,70,105,105,1,1.8603515625,-1.8603515625,-1.8603515625,1,95,False
+,35,71,35,71,106,106,1,4.50390625,-4.50390625,-4.50390625,1,76,False
+,35,72,35,72,107,107,2,1.3505859375,-1.3505859375,-1.3505859375,1,97,False
+,35,73,35,73,108,108,0,2.66796875,-2.66796875,-2.66796875,1,98,False
+,35,74,35,74,109,109,0,4.7265625,-4.7265625,-4.7265625,1,69,False
+,35,75,35,75,110,110,0,2.103515625,-2.103515625,-2.103515625,1,100,False
+,35,76,35,76,111,111,0,2.390625,-2.390625,-2.390625,1,101,False
+,35,77,35,77,112,112,0,5.109375,-5.109375,-5.109375,1,92,False
+,35,78,35,78,113,113,0,3.478515625,-3.478515625,-3.478515625,1,103,False
+,35,79,35,79,114,114,0,3.908203125,-3.908203125,-3.908203125,1,94,False
+,35,80,35,80,115,115,1,2.623046875,-2.623046875,-2.623046875,1,95,False
+,35,81,35,81,116,116,0,2.94140625,-2.94140625,-2.94140625,1,106,False
+,35,82,35,82,117,117,0,2.728515625,-2.728515625,-2.728515625,1,57,False
+,35,83,35,83,118,118,0,3.013671875,-3.013671875,-3.013671875,1,98,False
+,35,84,35,84,119,119,0,2.724609375,-2.724609375,-2.724609375,1,109,False
+,35,85,35,85,120,120,0,2.95703125,-2.95703125,-2.95703125,1,100,False
+,35,86,35,86,121,121,0,2.849609375,-2.849609375,-2.849609375,1,101,False
+,35,87,35,87,122,122,0,3.2265625,-3.2265625,-3.2265625,1,102,False
+,35,88,35,88,123,123,0,1.787109375,-1.787109375,-1.787109375,1,103,False
+,35,89,35,89,124,124,0,3.052734375,-3.052734375,-3.052734375,1,104,False
+,35,90,35,90,125,125,1,0.2039794921875,-0.2039794921875,-0.2039794921875,1,125,True
+,35,91,35,91,126,126,0,1.634765625,-1.634765625,-1.634765625,1,106,False
+,35,92,35,92,127,127,0,1.9521484375,-1.9521484375,-1.9521484375,1,117,False
+,35,93,35,93,128,128,0,2.126953125,-2.126953125,-2.126953125,1,98,False
+,35,94,35,94,129,129,0,2.501953125,-2.501953125,-2.501953125,1,69,False
+,35,95,35,95,130,130,0,1.1884765625,-1.1884765625,-1.1884765625,1,120,False
+,35,96,35,96,131,131,0,0.455810546875,-0.455810546875,-0.455810546875,1,131,True
+,35,97,35,97,132,132,0,3.423828125,-3.423828125,-3.423828125,1,102,False
+,35,98,35,98,133,133,1,0.9892578125,-0.9892578125,-0.9892578125,1,133,True
+,35,99,35,99,134,134,0,1.619140625,-1.619140625,-1.619140625,1,124,False
+,35,100,35,100,135,135,2,0.79345703125,-0.79345703125,-0.79345703125,1,135,True
+,36,1,36,1,37,37,8,0.0736083984375,-0.0736083984375,-0.0736083984375,1,37,True
+,36,2,36,2,38,38,6,0.10150146484375,-0.10150146484375,-0.10150146484375,1,38,True
+,36,3,36,3,39,39,7,0.07098388671875,-0.07098388671875,-0.07098388671875,1,39,True
+,36,4,36,4,40,40,8,0.06451416015625,-0.06451416015625,-0.06451416015625,1,40,True
+,36,5,36,5,41,41,2,0.08489990234375,-0.08489990234375,-0.08489990234375,1,41,True
+,36,6,36,6,42,42,4,0.017242431640625,-0.017242431640625,-0.017242431640625,1,42,True
+,36,7,36,7,43,43,3,0.220458984375,-0.220458984375,-0.220458984375,1,43,True
+,36,8,36,8,44,44,8,0.0201263427734375,-0.0201263427734375,-0.0201263427734375,1,44,True
+,36,9,36,9,45,45,6,0.1607666015625,-0.1607666015625,-0.1607666015625,1,45,True
+,36,10,36,10,46,46,1,0.00452423095703125,-0.00452423095703125,-0.00452423095703125,1,46,True
+,36,11,36,11,47,47,1,0.00687408447265625,-0.00687408447265625,-0.00687408447265625,1,47,True
+,36,12,36,12,48,48,7,0.31591796875,-0.31591796875,-0.31591796875,1,48,True
+,36,13,36,13,49,49,0,0.146728515625,-0.146728515625,-0.146728515625,1,49,True
+,36,14,36,14,50,50,2,0.509765625,-0.509765625,-0.509765625,1,50,True
+,36,15,36,15,51,51,2,0.00559234619140625,-0.00559234619140625,-0.00559234619140625,1,51,True
+,36,16,36,16,52,52,8,0.0770263671875,-0.0770263671875,-0.0770263671875,1,52,True
+,36,17,36,17,53,53,2,0.07830810546875,-0.07830810546875,-0.07830810546875,1,53,True
+,36,18,36,18,54,54,3,0.1832275390625,-0.1832275390625,-0.1832275390625,1,54,True
+,36,19,36,19,55,55,1,0.02044677734375,-0.02044677734375,-0.02044677734375,1,55,True
+,36,20,36,20,56,56,1,0.0256805419921875,-0.0256805419921875,-0.0256805419921875,1,56,True
+,36,21,36,21,57,57,1,0.08612060546875,-0.08612060546875,-0.08612060546875,1,57,True
+,36,22,36,22,58,58,1,0.1148681640625,-0.1148681640625,-0.1148681640625,1,58,True
+,36,23,36,23,59,59,1,0.0199127197265625,-0.0199127197265625,-0.0199127197265625,1,59,True
+,36,24,36,24,60,60,9,0.056488037109375,-0.056488037109375,-0.056488037109375,1,60,True
+,36,25,36,25,61,61,3,0.0560302734375,-0.0560302734375,-0.0560302734375,1,61,True
+,36,26,36,26,62,62,0,0.040985107421875,-0.040985107421875,-0.040985107421875,1,62,True
+,36,27,36,27,63,63,3,0.04705810546875,-0.04705810546875,-0.04705810546875,1,63,True
+,36,28,36,28,64,64,2,0.09063720703125,-0.09063720703125,-0.09063720703125,1,64,True
+,36,29,36,29,65,65,1,0.0777587890625,-0.0777587890625,-0.0777587890625,1,65,True
+,36,30,36,30,66,66,0,0.0015916824340820312,-0.0015916824340820312,-0.0015916824340820312,1,66,True
+,36,31,36,31,67,67,0,0.004550933837890625,-0.004550933837890625,-0.004550933837890625,1,67,True
+,36,32,36,32,68,68,6,0.11181640625,-0.11181640625,-0.11181640625,1,68,True
+,36,33,36,33,69,69,0,0.00943756103515625,-0.00943756103515625,-0.00943756103515625,1,69,True
+,36,34,36,34,70,70,3,0.10284423828125,-0.10284423828125,-0.10284423828125,1,70,True
+,36,35,36,35,71,71,0,0.00025653839111328125,-0.00025653839111328125,-0.00025653839111328125,1,71,True
+,36,36,36,36,72,72,21,0.0426025390625,-0.0426025390625,-0.0426025390625,1,72,True
+,36,37,36,37,73,73,1,0.10150146484375,-0.10150146484375,-0.10150146484375,1,73,True
+,36,38,36,38,74,74,2,0.040771484375,-0.040771484375,-0.040771484375,1,74,True
+,36,39,36,39,75,75,1,0.07568359375,-0.07568359375,-0.07568359375,1,75,True
+,36,40,36,40,76,76,1,0.00960540771484375,-0.00960540771484375,-0.00960540771484375,1,76,True
+,36,41,36,41,77,77,0,0.30322265625,-0.30322265625,-0.30322265625,1,77,True
+,36,42,36,42,78,78,2,0.04180908203125,-0.04180908203125,-0.04180908203125,1,78,True
+,36,43,36,43,79,79,3,1.078125,-1.078125,-1.078125,1,71,False
+,36,44,36,44,80,80,1,0.54052734375,-0.54052734375,-0.54052734375,1,80,True
+,36,45,36,45,81,81,2,0.01953125,-0.01953125,-0.01953125,1,81,True
+,36,46,36,46,82,82,1,0.6875,-0.6875,-0.6875,1,82,True
+,36,47,36,47,83,83,0,0.11297607421875,-0.11297607421875,-0.11297607421875,1,83,True
+,36,48,36,48,84,84,8,0.368896484375,-0.368896484375,-0.368896484375,1,84,True
+,36,49,36,49,85,85,3,0.1563720703125,-0.1563720703125,-0.1563720703125,1,85,True
+,36,50,36,50,86,86,1,0.10052490234375,-0.10052490234375,-0.10052490234375,1,86,True
+,36,51,36,51,87,87,1,0.65087890625,-0.65087890625,-0.65087890625,1,87,True
+,36,52,36,52,88,88,2,2.431640625,-2.431640625,-2.431640625,1,80,False
+,36,53,36,53,89,89,0,1.4482421875,-1.4482421875,-1.4482421875,1,79,False
+,36,54,36,54,90,90,3,0.3466796875,-0.3466796875,-0.3466796875,1,90,True
+,36,55,36,55,91,91,0,0.235595703125,-0.235595703125,-0.235595703125,1,91,True
+,36,56,36,56,92,92,0,0.1632080078125,-0.1632080078125,-0.1632080078125,1,92,True
+,36,57,36,57,93,93,1,0.053741455078125,-0.053741455078125,-0.053741455078125,1,93,True
+,36,58,36,58,94,94,1,1.93359375,-1.93359375,-1.93359375,1,74,False
+,36,59,36,59,95,95,0,0.0413818359375,-0.0413818359375,-0.0413818359375,1,95,True
+,36,60,36,60,96,96,2,0.88671875,-0.88671875,-0.88671875,1,96,True
+,36,61,36,61,97,97,0,1.0341796875,-1.0341796875,-1.0341796875,1,77,False
+,36,62,36,62,98,98,1,0.316162109375,-0.316162109375,-0.316162109375,1,98,True
+,36,63,36,63,99,99,8,0.483154296875,-0.483154296875,-0.483154296875,1,99,True
+,36,64,36,64,100,100,24,0.904296875,-0.904296875,-0.904296875,1,100,True
+,36,65,36,65,101,101,0,1.8740234375,-1.8740234375,-1.8740234375,1,91,False
+,36,66,36,66,102,102,2,0.1639404296875,-0.1639404296875,-0.1639404296875,1,102,True
+,36,67,36,67,103,103,0,0.0994873046875,-0.0994873046875,-0.0994873046875,1,103,True
+,36,68,36,68,104,104,0,1.708984375,-1.708984375,-1.708984375,1,64,False
+,36,69,36,69,105,105,0,0.83203125,-0.83203125,-0.83203125,1,105,True
+,36,70,36,70,106,106,0,1.533203125,-1.533203125,-1.533203125,1,86,False
+,36,71,36,71,107,107,0,0.3193359375,-0.3193359375,-0.3193359375,1,107,True
+,36,72,36,72,108,108,0,0.63720703125,-0.63720703125,-0.63720703125,1,108,True
+,36,73,36,73,109,109,0,0.90478515625,-0.90478515625,-0.90478515625,1,109,True
+,36,74,36,74,110,110,0,0.62744140625,-0.62744140625,-0.62744140625,1,110,True
+,36,75,36,75,111,111,0,0.049560546875,-0.049560546875,-0.049560546875,1,111,True
+,36,76,36,76,112,112,0,5.10546875,-5.10546875,-5.10546875,1,92,False
+,36,77,36,77,113,113,0,4.21484375,-4.21484375,-4.21484375,1,103,False
+,36,78,36,78,114,114,0,0.33837890625,-0.33837890625,-0.33837890625,1,114,True
+,36,79,36,79,115,115,0,0.34375,-0.34375,-0.34375,1,115,True
+,36,80,36,80,116,116,1,0.1951904296875,-0.1951904296875,-0.1951904296875,1,116,True
+,36,81,36,81,117,117,2,0.66064453125,-0.66064453125,-0.66064453125,1,117,True
+,36,82,36,82,118,118,0,4.94140625,-4.94140625,-4.94140625,1,98,False
+,36,83,36,83,119,119,0,0.09765625,-0.09765625,-0.09765625,1,119,True
+,36,84,36,84,120,120,8,0.90478515625,-0.90478515625,-0.90478515625,1,120,True
+,36,85,36,85,121,121,0,1.20703125,-1.20703125,-1.20703125,1,101,False
+,36,86,36,86,122,122,0,1.8896484375,-1.8896484375,-1.8896484375,1,110,False
+,36,87,36,87,123,123,0,0.46337890625,-0.46337890625,-0.46337890625,1,123,True
+,36,88,36,88,124,124,0,2.287109375,-2.287109375,-2.287109375,1,104,False
+,36,89,36,89,125,125,0,0.458740234375,-0.458740234375,-0.458740234375,1,125,True
+,36,90,36,90,126,126,1,0.131103515625,-0.131103515625,-0.131103515625,1,126,True
+,36,91,36,91,127,127,0,1.0791015625,-1.0791015625,-1.0791015625,1,127,True
+,36,92,36,92,128,128,0,3.505859375,-3.505859375,-3.505859375,1,100,False
+,36,93,36,93,129,129,0,0.62744140625,-0.62744140625,-0.62744140625,1,129,True
+,36,94,36,94,130,130,1,3.171875,-3.171875,-3.171875,1,110,False
+,36,95,36,95,131,131,0,0.0450439453125,-0.0450439453125,-0.0450439453125,1,131,True
+,36,96,36,96,132,132,0,1.060546875,-1.060546875,-1.060546875,1,132,True
+,36,97,36,97,133,133,0,0.849609375,-0.849609375,-0.849609375,1,133,True
+,36,98,36,98,134,134,0,0.66552734375,-0.66552734375,-0.66552734375,1,134,True
+,36,99,36,99,135,135,0,0.0810546875,-0.0810546875,-0.0810546875,1,135,True
+,36,100,36,100,136,136,0,0.54150390625,-0.54150390625,-0.54150390625,1,136,True
+,37,1,37,1,38,38,3,0.194091796875,-0.194091796875,-0.194091796875,1,38,True
+,37,2,37,2,39,39,0,0.240478515625,-0.240478515625,-0.240478515625,1,39,True
+,37,3,37,3,40,40,6,0.32763671875,-0.32763671875,-0.32763671875,1,40,True
+,37,4,37,4,41,41,1,0.049468994140625,-0.049468994140625,-0.049468994140625,1,41,True
+,37,5,37,5,42,42,1,0.258544921875,-0.258544921875,-0.258544921875,1,42,True
+,37,6,37,6,43,43,2,0.09710693359375,-0.09710693359375,-0.09710693359375,1,43,True
+,37,7,37,7,44,44,2,0.7626953125,-0.7626953125,-0.7626953125,1,44,True
+,37,8,37,8,45,45,2,0.045989990234375,-0.045989990234375,-0.045989990234375,1,45,True
+,37,9,37,9,46,46,2,0.5322265625,-0.5322265625,-0.5322265625,1,46,True
+,37,10,37,10,47,47,1,0.0947265625,-0.0947265625,-0.0947265625,1,47,True
+,37,11,37,11,48,48,4,0.61865234375,-0.61865234375,-0.61865234375,1,48,True
+,37,12,37,12,49,49,4,0.69677734375,-0.69677734375,-0.69677734375,1,49,True
+,37,13,37,13,50,50,2,0.97216796875,-0.97216796875,-0.97216796875,1,50,True
+,37,14,37,14,51,51,0,0.1524658203125,-0.1524658203125,-0.1524658203125,1,51,True
+,37,15,37,15,52,52,1,0.047332763671875,-0.047332763671875,-0.047332763671875,1,52,True
+,37,16,37,16,53,53,1,0.4111328125,-0.4111328125,-0.4111328125,1,53,True
+,37,17,37,17,54,54,2,0.583984375,-0.583984375,-0.583984375,1,54,True
+,37,18,37,18,55,55,1,0.0357666015625,-0.0357666015625,-0.0357666015625,1,55,True
+,37,19,37,19,56,56,0,0.2587890625,-0.2587890625,-0.2587890625,1,56,True
+,37,20,37,20,57,57,2,0.0914306640625,-0.0914306640625,-0.0914306640625,1,57,True
+,37,21,37,21,58,58,0,0.27294921875,-0.27294921875,-0.27294921875,1,58,True
+,37,22,37,22,59,59,0,2.154296875,-2.154296875,-2.154296875,1,51,False
+,37,23,37,23,60,60,0,0.2998046875,-0.2998046875,-0.2998046875,1,60,True
+,37,24,37,24,61,61,3,0.2337646484375,-0.2337646484375,-0.2337646484375,1,61,True
+,37,25,37,25,62,62,0,0.99853515625,-0.99853515625,-0.99853515625,1,52,False
+,37,26,37,26,63,63,0,0.08123779296875,-0.08123779296875,-0.08123779296875,1,63,True
+,37,27,37,27,64,64,1,0.294921875,-0.294921875,-0.294921875,1,64,True
+,37,28,37,28,65,65,2,0.415283203125,-0.415283203125,-0.415283203125,1,65,True
+,37,29,37,29,66,66,1,0.1982421875,-0.1982421875,-0.1982421875,1,66,True
+,37,30,37,30,67,67,1,0.033416748046875,-0.033416748046875,-0.033416748046875,1,67,True
+,37,31,37,31,68,68,0,0.66650390625,-0.66650390625,-0.66650390625,1,68,True
+,37,32,37,32,69,69,2,0.2978515625,-0.2978515625,-0.2978515625,1,69,True
+,37,33,37,33,70,70,0,0.418701171875,-0.418701171875,-0.418701171875,1,70,True
+,37,34,37,34,71,71,1,0.07586669921875,-0.07586669921875,-0.07586669921875,1,71,True
+,37,35,37,35,72,72,1,0.005146026611328125,-0.005146026611328125,-0.005146026611328125,1,72,True
+,37,36,37,36,73,73,1,0.207275390625,-0.207275390625,-0.207275390625,1,73,True
+,37,37,37,37,74,74,1,0.11456298828125,-0.11456298828125,-0.11456298828125,1,74,True
+,37,38,37,38,75,75,2,0.47265625,-0.47265625,-0.47265625,1,75,True
+,37,39,37,39,76,76,0,1.0380859375,-1.0380859375,-1.0380859375,1,74,False
+,37,40,37,40,77,77,0,1.091796875,-1.091796875,-1.091796875,1,67,False
+,37,41,37,41,78,78,0,0.32177734375,-0.32177734375,-0.32177734375,1,78,True
+,37,42,37,42,79,79,1,0.6513671875,-0.6513671875,-0.6513671875,1,79,True
+,37,43,37,43,80,80,0,2.689453125,-2.689453125,-2.689453125,1,70,False
+,37,44,37,44,81,81,0,0.3408203125,-0.3408203125,-0.3408203125,1,81,True
+,37,45,37,45,82,82,0,0.27783203125,-0.27783203125,-0.27783203125,1,82,True
+,37,46,37,46,83,83,0,1.1748046875,-1.1748046875,-1.1748046875,1,73,False
+,37,47,37,47,84,84,0,3.626953125,-3.626953125,-3.626953125,1,74,False
+,37,48,37,48,85,85,2,0.4677734375,-0.4677734375,-0.4677734375,1,85,True
+,37,49,37,49,86,86,2,1.689453125,-1.689453125,-1.689453125,1,76,False
+,37,50,37,50,87,87,0,1.1962890625,-1.1962890625,-1.1962890625,1,77,False
+,37,51,37,51,88,88,0,2.431640625,-2.431640625,-2.431640625,1,86,False
+,37,52,37,52,89,89,0,2.35546875,-2.35546875,-2.35546875,1,69,False
+,37,53,37,53,90,90,0,1.796875,-1.796875,-1.796875,1,81,False
+,37,54,37,54,91,91,0,0.88427734375,-0.88427734375,-0.88427734375,1,91,True
+,37,55,37,55,92,92,0,0.3935546875,-0.3935546875,-0.3935546875,1,92,True
+,37,56,37,56,93,93,0,0.93701171875,-0.93701171875,-0.93701171875,1,93,True
+,37,57,37,57,94,94,0,1.287109375,-1.287109375,-1.287109375,1,74,False
+,37,58,37,58,95,95,0,1.8720703125,-1.8720703125,-1.8720703125,1,75,False
+,37,59,37,59,96,96,0,1.556640625,-1.556640625,-1.556640625,1,86,False
+,37,60,37,60,97,97,0,0.307373046875,-0.307373046875,-0.307373046875,1,97,True
+,37,61,37,61,98,98,0,1.0390625,-1.0390625,-1.0390625,1,98,True
+,37,62,37,62,99,99,1,1.7978515625,-1.7978515625,-1.7978515625,1,69,False
+,37,63,37,63,100,100,0,2.427734375,-2.427734375,-2.427734375,1,70,False
+,37,64,37,64,101,101,0,1.76171875,-1.76171875,-1.76171875,1,71,False
+,37,65,37,65,102,102,0,0.9345703125,-0.9345703125,-0.9345703125,1,102,True
+,37,66,37,66,103,103,0,0.8505859375,-0.8505859375,-0.8505859375,1,103,True
+,37,67,37,67,104,104,0,1.33984375,-1.33984375,-1.33984375,1,74,False
+,37,68,37,68,105,105,0,0.9072265625,-0.9072265625,-0.9072265625,1,105,True
+,37,69,37,69,106,106,0,2.02734375,-2.02734375,-2.02734375,1,76,False
+,37,70,37,70,107,107,0,1.0234375,-1.0234375,-1.0234375,1,107,True
+,37,71,37,71,108,108,0,4.78515625,-4.78515625,-4.78515625,1,104,False
+,37,72,37,72,109,109,0,1.1103515625,-1.1103515625,-1.1103515625,1,109,True
+,37,73,37,73,110,110,1,0.3466796875,-0.3466796875,-0.3466796875,1,110,True
+,37,74,37,74,111,111,0,0.84375,-0.84375,-0.84375,1,111,True
+,37,75,37,75,112,112,0,0.5537109375,-0.5537109375,-0.5537109375,1,112,True
+,37,76,37,76,113,113,0,3.76171875,-3.76171875,-3.76171875,1,105,False
+,37,77,37,77,114,114,0,2.3046875,-2.3046875,-2.3046875,1,104,False
+,37,78,37,78,115,115,0,0.3974609375,-0.3974609375,-0.3974609375,1,115,True
+,37,79,37,79,116,116,0,1.1171875,-1.1171875,-1.1171875,1,106,False
+,37,80,37,80,117,117,0,0.69970703125,-0.69970703125,-0.69970703125,1,117,True
+,37,81,37,81,118,118,0,5.19921875,-5.19921875,-5.19921875,1,110,False
+,37,82,37,82,119,119,0,3.65625,-3.65625,-3.65625,1,99,False
+,37,83,37,83,120,120,0,2.890625,-2.890625,-2.890625,1,110,False
+,37,84,37,84,121,121,0,1.25390625,-1.25390625,-1.25390625,1,121,True
+,37,85,37,85,122,122,0,3.623046875,-3.623046875,-3.623046875,1,112,False
+,37,86,37,86,123,123,0,2.13671875,-2.13671875,-2.13671875,1,103,False
+,37,87,37,87,124,124,0,2.70703125,-2.70703125,-2.70703125,1,104,False
+,37,88,37,88,125,125,0,1.9111328125,-1.9111328125,-1.9111328125,1,105,False
+,37,89,37,89,126,126,0,2.41796875,-2.41796875,-2.41796875,1,116,False
+,37,90,37,90,127,127,0,1.373046875,-1.373046875,-1.373046875,1,107,False
+,37,91,37,91,128,128,0,7.7734375,-7.7734375,-7.7734375,1,114,False
+,37,92,37,92,129,129,0,2.44921875,-2.44921875,-2.44921875,1,109,False
+,37,93,37,93,130,130,0,3.505859375,-3.505859375,-3.505859375,1,110,False
+,37,94,37,94,131,131,0,1.72265625,-1.72265625,-1.72265625,1,111,False
+,37,95,37,95,132,132,0,0.8388671875,-0.8388671875,-0.8388671875,1,132,True
+,37,96,37,96,133,133,0,1.6474609375,-1.6474609375,-1.6474609375,1,125,False
+,37,97,37,97,134,134,0,3.380859375,-3.380859375,-3.380859375,1,114,False
+,37,98,37,98,135,135,0,0.619140625,-0.619140625,-0.619140625,1,135,True
+,37,99,37,99,136,136,0,0.92431640625,-0.92431640625,-0.92431640625,1,136,True
+,37,100,37,100,137,137,0,0.1397705078125,-0.1397705078125,-0.1397705078125,1,137,True
+,38,1,38,1,39,39,3,0.012237548828125,-0.012237548828125,-0.012237548828125,1,39,True
+,38,2,38,2,40,40,2,0.094970703125,-0.094970703125,-0.094970703125,1,40,True
+,38,3,38,3,41,41,0,0.03875732421875,-0.03875732421875,-0.03875732421875,1,41,True
+,38,4,38,4,42,42,3,0.01288604736328125,-0.01288604736328125,-0.01288604736328125,1,42,True
+,38,5,38,5,43,43,5,0.1512451171875,-0.1512451171875,-0.1512451171875,1,43,True
+,38,6,38,6,44,44,0,0.10784912109375,-0.10784912109375,-0.10784912109375,1,44,True
+,38,7,38,7,45,45,2,0.41650390625,-0.41650390625,-0.41650390625,1,45,True
+,38,8,38,8,46,46,9,0.0191650390625,-0.0191650390625,-0.0191650390625,1,46,True
+,38,9,38,9,47,47,1,0.1290283203125,-0.1290283203125,-0.1290283203125,1,47,True
+,38,10,38,10,48,48,3,0.0050201416015625,-0.0050201416015625,-0.0050201416015625,1,48,True
+,38,11,38,11,49,49,2,0.025238037109375,-0.025238037109375,-0.025238037109375,1,49,True
+,38,12,38,12,50,50,0,1.470703125,-1.470703125,-1.470703125,1,46,False
+,38,13,38,13,51,51,0,0.0124053955078125,-0.0124053955078125,-0.0124053955078125,1,51,True
+,38,14,38,14,52,52,2,0.03973388671875,-0.03973388671875,-0.03973388671875,1,52,True
+,38,15,38,15,53,53,0,0.0266876220703125,-0.0266876220703125,-0.0266876220703125,1,53,True
+,38,16,38,16,54,54,1,0.0252838134765625,-0.0252838134765625,-0.0252838134765625,1,54,True
+,38,17,38,17,55,55,2,0.034149169921875,-0.034149169921875,-0.034149169921875,1,55,True
+,38,18,38,18,56,56,0,0.04693603515625,-0.04693603515625,-0.04693603515625,1,56,True
+,38,19,38,19,57,57,2,0.1201171875,-0.1201171875,-0.1201171875,1,57,True
+,38,20,38,20,58,58,3,0.038818359375,-0.038818359375,-0.038818359375,1,58,True
+,38,21,38,21,59,59,0,0.409912109375,-0.409912109375,-0.409912109375,1,59,True
+,38,22,38,22,60,60,0,0.06781005859375,-0.06781005859375,-0.06781005859375,1,60,True
+,38,23,38,23,61,61,1,0.291015625,-0.291015625,-0.291015625,1,61,True
+,38,24,38,24,62,62,2,0.02618408203125,-0.02618408203125,-0.02618408203125,1,62,True
+,38,25,38,25,63,63,3,0.365966796875,-0.365966796875,-0.365966796875,1,63,True
+,38,26,38,26,64,64,1,0.1470947265625,-0.1470947265625,-0.1470947265625,1,64,True
+,38,27,38,27,65,65,0,1.521484375,-1.521484375,-1.521484375,1,55,False
+,38,28,38,28,66,66,1,0.2015380859375,-0.2015380859375,-0.2015380859375,1,66,True
+,38,29,38,29,67,67,0,0.095458984375,-0.095458984375,-0.095458984375,1,67,True
+,38,30,38,30,68,68,1,0.02606201171875,-0.02606201171875,-0.02606201171875,1,68,True
+,38,31,38,31,69,69,2,0.708984375,-0.708984375,-0.708984375,1,69,True
+,38,32,38,32,70,70,3,0.39697265625,-0.39697265625,-0.39697265625,1,70,True
+,38,33,38,33,71,71,0,0.0283966064453125,-0.0283966064453125,-0.0283966064453125,1,71,True
+,38,34,38,34,72,72,1,0.443359375,-0.443359375,-0.443359375,1,72,True
+,38,35,38,35,73,73,1,0.373779296875,-0.373779296875,-0.373779296875,1,73,True
+,38,36,38,36,74,74,1,0.053741455078125,-0.053741455078125,-0.053741455078125,1,74,True
+,38,37,38,37,75,75,0,0.7060546875,-0.7060546875,-0.7060546875,1,75,True
+,38,38,38,38,76,76,1,0.72509765625,-0.72509765625,-0.72509765625,1,76,True
+,38,39,38,39,77,77,1,0.47216796875,-0.47216796875,-0.47216796875,1,77,True
+,38,40,38,40,78,78,0,0.3330078125,-0.3330078125,-0.3330078125,1,78,True
+,38,41,38,41,79,79,0,0.92919921875,-0.92919921875,-0.92919921875,1,69,False
+,38,42,38,42,80,80,1,0.544921875,-0.544921875,-0.544921875,1,80,True
+,38,43,38,43,81,81,0,5.265625,-5.265625,-5.265625,1,71,False
+,38,44,38,44,82,82,0,2.337890625,-2.337890625,-2.337890625,1,74,False
+,38,45,38,45,83,83,0,1.3798828125,-1.3798828125,-1.3798828125,1,73,False
+,38,46,38,46,84,84,0,0.57958984375,-0.57958984375,-0.57958984375,1,84,True
+,38,47,38,47,85,85,0,2.14453125,-2.14453125,-2.14453125,1,75,False
+,38,48,38,48,86,86,2,2.1328125,-2.1328125,-2.1328125,1,74,False
+,38,49,38,49,87,87,0,0.463623046875,-0.463623046875,-0.463623046875,1,87,True
+,38,50,38,50,88,88,1,1.6025390625,-1.6025390625,-1.6025390625,1,68,False
+,38,51,38,51,89,89,0,2.9375,-2.9375,-2.9375,1,79,False
+,38,52,38,52,90,90,0,1.1708984375,-1.1708984375,-1.1708984375,1,70,False
+,38,53,38,53,91,91,3,2.138671875,-2.138671875,-2.138671875,1,75,False
+,38,54,38,54,92,92,1,2.10546875,-2.10546875,-2.10546875,1,64,False
+,38,55,38,55,93,93,0,2.45703125,-2.45703125,-2.45703125,1,103,False
+,38,56,38,56,94,94,0,1.6708984375,-1.6708984375,-1.6708984375,1,74,False
+,38,57,38,57,95,95,0,0.54833984375,-0.54833984375,-0.54833984375,1,95,True
+,38,58,38,58,96,96,0,2.880859375,-2.880859375,-2.880859375,1,76,False
+,38,59,38,59,97,97,0,1.841796875,-1.841796875,-1.841796875,1,87,False
+,38,60,38,60,98,98,0,0.3388671875,-0.3388671875,-0.3388671875,1,98,True
+,38,61,38,61,99,99,0,0.802734375,-0.802734375,-0.802734375,1,99,True
+,38,62,38,62,100,100,1,2.37109375,-2.37109375,-2.37109375,1,60,False
+,38,63,38,63,101,101,0,6.3125,-6.3125,-6.3125,1,71,False
+,38,64,38,64,102,102,0,2.125,-2.125,-2.125,1,62,False
+,38,65,38,65,103,103,0,0.42431640625,-0.42431640625,-0.42431640625,1,103,True
+,38,66,38,66,104,104,1,1.09375,-1.09375,-1.09375,1,64,False
+,38,67,38,67,105,105,0,1.2646484375,-1.2646484375,-1.2646484375,1,115,False
+,38,68,38,68,106,106,0,1.302734375,-1.302734375,-1.302734375,1,66,False
+,38,69,38,69,107,107,0,0.1484375,-0.1484375,-0.1484375,1,107,True
+,38,70,38,70,108,108,0,0.55517578125,-0.55517578125,-0.55517578125,1,108,True
+,38,71,38,71,109,109,0,0.5849609375,-0.5849609375,-0.5849609375,1,109,True
+,38,72,38,72,110,110,0,0.7451171875,-0.7451171875,-0.7451171875,1,110,True
+,38,73,38,73,111,111,0,1.9453125,-1.9453125,-1.9453125,1,115,False
+,38,74,38,74,112,112,0,1.6806640625,-1.6806640625,-1.6806640625,1,116,False
+,38,75,38,75,113,113,0,0.83740234375,-0.83740234375,-0.83740234375,1,113,True
+,38,76,38,76,114,114,0,0.61376953125,-0.61376953125,-0.61376953125,1,114,True
+,38,77,38,77,115,115,1,0.3359375,-0.3359375,-0.3359375,1,115,True
+,38,78,38,78,116,116,0,0.09259033203125,-0.09259033203125,-0.09259033203125,1,116,True
+,38,79,38,79,117,117,0,1.107421875,-1.107421875,-1.107421875,1,107,False
+,38,80,38,80,118,118,0,0.30517578125,-0.30517578125,-0.30517578125,1,118,True
+,38,81,38,81,119,119,0,0.340576171875,-0.340576171875,-0.340576171875,1,119,True
+,38,82,38,82,120,120,0,1.45703125,-1.45703125,-1.45703125,1,110,False
+,38,83,38,83,121,121,2,3.185546875,-3.185546875,-3.185546875,1,111,False
+,38,84,38,84,122,122,0,0.221923828125,-0.221923828125,-0.221923828125,1,122,True
+,38,85,38,85,123,123,1,1.2978515625,-1.2978515625,-1.2978515625,1,103,False
+,38,86,38,86,124,124,0,1.1171875,-1.1171875,-1.1171875,1,124,True
+,38,87,38,87,125,125,0,2.208984375,-2.208984375,-2.208984375,1,115,False
+,38,88,38,88,126,126,0,1.578125,-1.578125,-1.578125,1,106,False
+,38,89,38,89,127,127,0,2.3671875,-2.3671875,-2.3671875,1,107,False
+,38,90,38,90,128,128,0,0.5263671875,-0.5263671875,-0.5263671875,1,128,True
+,38,91,38,91,129,129,0,2.916015625,-2.916015625,-2.916015625,1,119,False
+,38,92,38,92,130,130,0,1.81640625,-1.81640625,-1.81640625,1,126,False
+,38,93,38,93,131,131,0,0.64404296875,-0.64404296875,-0.64404296875,1,131,True
+,38,94,38,94,132,132,0,0.619140625,-0.619140625,-0.619140625,1,132,True
+,38,95,38,95,133,133,0,1.4365234375,-1.4365234375,-1.4365234375,1,123,False
+,38,96,38,96,134,134,0,0.283935546875,-0.283935546875,-0.283935546875,1,134,True
+,38,97,38,97,135,135,0,1.2041015625,-1.2041015625,-1.2041015625,1,125,False
+,38,98,38,98,136,136,0,1.646484375,-1.646484375,-1.646484375,1,126,False
+,38,99,38,99,137,137,0,1.908203125,-1.908203125,-1.908203125,1,127,False
+,38,100,38,100,138,138,1,0.104248046875,-0.104248046875,-0.104248046875,1,138,True
+,39,1,39,1,40,40,20,0.03619384765625,-0.03619384765625,-0.03619384765625,1,40,True
+,39,2,39,2,41,41,4,0.004177093505859375,-0.004177093505859375,-0.004177093505859375,1,41,True
+,39,3,39,3,42,42,2,0.0177001953125,-0.0177001953125,-0.0177001953125,1,42,True
+,39,4,39,4,43,43,2,0.007625579833984375,-0.007625579833984375,-0.007625579833984375,1,43,True
+,39,5,39,5,44,44,0,0.03509521484375,-0.03509521484375,-0.03509521484375,1,44,True
+,39,6,39,6,45,45,0,0.1165771484375,-0.1165771484375,-0.1165771484375,1,45,True
+,39,7,39,7,46,46,0,0.11273193359375,-0.11273193359375,-0.11273193359375,1,46,True
+,39,8,39,8,47,47,2,0.006866455078125,-0.006866455078125,-0.006866455078125,1,47,True
+,39,9,39,9,48,48,1,0.0303497314453125,-0.0303497314453125,-0.0303497314453125,1,48,True
+,39,10,39,10,49,49,1,0.0035228729248046875,-0.0035228729248046875,-0.0035228729248046875,1,49,True
+,39,11,39,11,50,50,0,0.0160675048828125,-0.0160675048828125,-0.0160675048828125,1,50,True
+,39,12,39,12,51,51,3,0.00591278076171875,-0.00591278076171875,-0.00591278076171875,1,51,True
+,39,13,39,13,52,52,1,0.0239715576171875,-0.0239715576171875,-0.0239715576171875,1,52,True
+,39,14,39,14,53,53,1,0.024169921875,-0.024169921875,-0.024169921875,1,53,True
+,39,15,39,15,54,54,5,0.006641387939453125,-0.006641387939453125,-0.006641387939453125,1,54,True
+,39,16,39,16,55,55,2,0.004505157470703125,-0.004505157470703125,-0.004505157470703125,1,55,True
+,39,17,39,17,56,56,2,0.24853515625,-0.24853515625,-0.24853515625,1,56,True
+,39,18,39,18,57,57,1,0.04718017578125,-0.04718017578125,-0.04718017578125,1,57,True
+,39,19,39,19,58,58,0,0.0259857177734375,-0.0259857177734375,-0.0259857177734375,1,58,True
+,39,20,39,20,59,59,0,1.119140625,-1.119140625,-1.119140625,1,49,False
+,39,21,39,21,60,60,1,0.0225982666015625,-0.0225982666015625,-0.0225982666015625,1,60,True
+,39,22,39,22,61,61,0,0.041168212890625,-0.041168212890625,-0.041168212890625,1,61,True
+,39,23,39,23,62,62,0,0.396728515625,-0.396728515625,-0.396728515625,1,62,True
+,39,24,39,24,63,63,0,0.007602691650390625,-0.007602691650390625,-0.007602691650390625,1,63,True
+,39,25,39,25,64,64,8,0.1715087890625,-0.1715087890625,-0.1715087890625,1,64,True
+,39,26,39,26,65,65,2,1.498046875,-1.498046875,-1.498046875,1,55,False
+,39,27,39,27,66,66,1,0.1358642578125,-0.1358642578125,-0.1358642578125,1,66,True
+,39,28,39,28,67,67,0,0.031829833984375,-0.031829833984375,-0.031829833984375,1,67,True
+,39,29,39,29,68,68,0,0.032623291015625,-0.032623291015625,-0.032623291015625,1,68,True
+,39,30,39,30,69,69,1,0.053619384765625,-0.053619384765625,-0.053619384765625,1,69,True
+,39,31,39,31,70,70,0,0.04888916015625,-0.04888916015625,-0.04888916015625,1,70,True
+,39,32,39,32,71,71,0,0.081787109375,-0.081787109375,-0.081787109375,1,71,True
+,39,33,39,33,72,72,0,0.06634521484375,-0.06634521484375,-0.06634521484375,1,72,True
+,39,34,39,34,73,73,3,0.356689453125,-0.356689453125,-0.356689453125,1,73,True
+,39,35,39,35,74,74,0,0.059661865234375,-0.059661865234375,-0.059661865234375,1,74,True
+,39,36,39,36,75,75,3,0.360107421875,-0.360107421875,-0.360107421875,1,75,True
+,39,37,39,37,76,76,0,0.37060546875,-0.37060546875,-0.37060546875,1,76,True
+,39,38,39,38,77,77,0,0.280517578125,-0.280517578125,-0.280517578125,1,77,True
+,39,39,39,39,78,78,4,0.0762939453125,-0.0762939453125,-0.0762939453125,1,78,True
+,39,40,39,40,79,79,0,0.06951904296875,-0.06951904296875,-0.06951904296875,1,79,True
+,39,41,39,41,80,80,0,0.09844970703125,-0.09844970703125,-0.09844970703125,1,80,True
+,39,42,39,42,81,81,0,0.1612548828125,-0.1612548828125,-0.1612548828125,1,81,True
+,39,43,39,43,82,82,1,0.49267578125,-0.49267578125,-0.49267578125,1,82,True
+,39,44,39,44,83,83,0,0.03765869140625,-0.03765869140625,-0.03765869140625,1,83,True
+,39,45,39,45,84,84,0,0.15771484375,-0.15771484375,-0.15771484375,1,84,True
+,39,46,39,46,85,85,0,0.392578125,-0.392578125,-0.392578125,1,85,True
+,39,47,39,47,86,86,0,1.8125,-1.8125,-1.8125,1,76,False
+,39,48,39,48,87,87,0,0.39111328125,-0.39111328125,-0.39111328125,1,87,True
+,39,49,39,49,88,88,1,0.546875,-0.546875,-0.546875,1,88,True
+,39,50,39,50,89,89,0,1.2333984375,-1.2333984375,-1.2333984375,1,79,False
+,39,51,39,51,90,90,1,0.1165771484375,-0.1165771484375,-0.1165771484375,1,90,True
+,39,52,39,52,91,91,0,1.19140625,-1.19140625,-1.19140625,1,71,False
+,39,53,39,53,92,92,0,1.4423828125,-1.4423828125,-1.4423828125,1,83,False
+,39,54,39,54,93,93,1,0.11187744140625,-0.11187744140625,-0.11187744140625,1,93,True
+,39,55,39,55,94,94,0,0.65869140625,-0.65869140625,-0.65869140625,1,94,True
+,39,56,39,56,95,95,0,0.3466796875,-0.3466796875,-0.3466796875,1,95,True
+,39,57,39,57,96,96,0,0.8408203125,-0.8408203125,-0.8408203125,1,96,True
+,39,58,39,58,97,97,0,1.197265625,-1.197265625,-1.197265625,1,77,False
+,39,59,39,59,98,98,0,0.88671875,-0.88671875,-0.88671875,1,88,False
+,39,60,39,60,99,99,1,0.70654296875,-0.70654296875,-0.70654296875,1,99,True
+,39,61,39,61,100,100,3,2.01953125,-2.01953125,-2.01953125,1,70,False
+,39,62,39,62,101,101,1,3.376953125,-3.376953125,-3.376953125,1,71,False
+,39,63,39,63,102,102,0,1.7822265625,-1.7822265625,-1.7822265625,1,72,False
+,39,64,39,64,103,103,3,0.228759765625,-0.228759765625,-0.228759765625,1,103,True
+,39,65,39,65,104,104,0,1.0400390625,-1.0400390625,-1.0400390625,1,104,True
+,39,66,39,66,105,105,0,0.38134765625,-0.38134765625,-0.38134765625,1,105,True
+,39,67,39,67,106,106,0,1.8935546875,-1.8935546875,-1.8935546875,1,86,False
+,39,68,39,68,107,107,0,0.87939453125,-0.87939453125,-0.87939453125,1,107,True
+,39,69,39,69,108,108,0,1.935546875,-1.935546875,-1.935546875,1,78,False
+,39,70,39,70,109,109,0,0.8203125,-0.8203125,-0.8203125,1,109,True
+,39,71,39,71,110,110,0,1.65625,-1.65625,-1.65625,1,100,False
+,39,72,39,72,111,111,0,0.296630859375,-0.296630859375,-0.296630859375,1,111,True
+,39,73,39,73,112,112,0,1.00390625,-1.00390625,-1.00390625,1,112,True
+,39,74,39,74,113,113,0,1.5849609375,-1.5849609375,-1.5849609375,1,103,False
+,39,75,39,75,114,114,0,0.1337890625,-0.1337890625,-0.1337890625,1,114,True
+,39,76,39,76,115,115,0,0.7724609375,-0.7724609375,-0.7724609375,1,115,True
+,39,77,39,77,116,116,0,1.416015625,-1.416015625,-1.416015625,1,106,False
+,39,78,39,78,117,117,0,0.0197906494140625,-0.0197906494140625,-0.0197906494140625,1,117,True
+,39,79,39,79,118,118,0,1.619140625,-1.619140625,-1.619140625,1,98,False
+,39,80,39,80,119,119,0,0.0589599609375,-0.0589599609375,-0.0589599609375,1,119,True
+,39,81,39,81,120,120,0,0.322265625,-0.322265625,-0.322265625,1,120,True
+,39,82,39,82,121,121,0,0.7744140625,-0.7744140625,-0.7744140625,1,121,True
+,39,83,39,83,122,122,0,1.2314453125,-1.2314453125,-1.2314453125,1,112,False
+,39,84,39,84,123,123,0,0.106689453125,-0.106689453125,-0.106689453125,1,123,True
+,39,85,39,85,124,124,0,0.7041015625,-0.7041015625,-0.7041015625,1,124,True
+,39,86,39,86,125,125,0,2.1953125,-2.1953125,-2.1953125,1,115,False
+,39,87,39,87,126,126,0,2.126953125,-2.126953125,-2.126953125,1,108,False
+,39,88,39,88,127,127,0,2.287109375,-2.287109375,-2.287109375,1,107,False
+,39,89,39,89,128,128,0,4.6484375,-4.6484375,-4.6484375,1,118,False
+,39,90,39,90,129,129,0,0.1236572265625,-0.1236572265625,-0.1236572265625,1,129,True
+,39,91,39,91,130,130,0,3.25390625,-3.25390625,-3.25390625,1,110,False
+,39,92,39,92,131,131,0,0.92138671875,-0.92138671875,-0.92138671875,1,121,False
+,39,93,39,93,132,132,1,1.70703125,-1.70703125,-1.70703125,1,102,False
+,39,94,39,94,133,133,0,1.693359375,-1.693359375,-1.693359375,1,113,False
+,39,95,39,95,134,134,1,1.1689453125,-1.1689453125,-1.1689453125,1,124,False
+,39,96,39,96,135,135,0,0.346923828125,-0.346923828125,-0.346923828125,1,135,True
+,39,97,39,97,136,136,0,2.513671875,-2.513671875,-2.513671875,1,116,False
+,39,98,39,98,137,137,1,0.69873046875,-0.69873046875,-0.69873046875,1,137,True
+,39,99,39,99,138,138,0,0.73046875,-0.73046875,-0.73046875,1,138,True
+,39,100,39,100,139,139,0,0.75390625,-0.75390625,-0.75390625,1,139,True
+,40,1,40,1,41,41,7,0.15966796875,-0.15966796875,-0.15966796875,1,41,True
+,40,2,40,2,42,42,13,0.2220458984375,-0.2220458984375,-0.2220458984375,1,42,True
+,40,3,40,3,43,43,8,0.0279388427734375,-0.0279388427734375,-0.0279388427734375,1,43,True
+,40,4,40,4,44,44,7,0.0159912109375,-0.0159912109375,-0.0159912109375,1,44,True
+,40,5,40,5,45,45,11,0.0124359130859375,-0.0124359130859375,-0.0124359130859375,1,45,True
+,40,6,40,6,46,46,2,0.0243682861328125,-0.0243682861328125,-0.0243682861328125,1,46,True
+,40,7,40,7,47,47,0,0.8154296875,-0.8154296875,-0.8154296875,1,43,False
+,40,8,40,8,48,48,8,0.08905029296875,-0.08905029296875,-0.08905029296875,1,48,True
+,40,9,40,9,49,49,1,0.01152801513671875,-0.01152801513671875,-0.01152801513671875,1,49,True
+,40,10,40,10,50,50,23,0.0031566619873046875,-0.0031566619873046875,-0.0031566619873046875,1,50,True
+,40,11,40,11,51,51,2,0.1016845703125,-0.1016845703125,-0.1016845703125,1,51,True
+,40,12,40,12,52,52,5,0.2042236328125,-0.2042236328125,-0.2042236328125,1,52,True
+,40,13,40,13,53,53,2,0.042633056640625,-0.042633056640625,-0.042633056640625,1,53,True
+,40,14,40,14,54,54,2,0.07305908203125,-0.07305908203125,-0.07305908203125,1,54,True
+,40,15,40,15,55,55,10,0.00433349609375,-0.00433349609375,-0.00433349609375,1,55,True
+,40,16,40,16,56,56,3,0.0906982421875,-0.0906982421875,-0.0906982421875,1,56,True
+,40,17,40,17,57,57,1,2.810546875,-2.810546875,-2.810546875,1,53,False
+,40,18,40,18,58,58,4,0.0433349609375,-0.0433349609375,-0.0433349609375,1,58,True
+,40,19,40,19,59,59,0,0.038116455078125,-0.038116455078125,-0.038116455078125,1,59,True
+,40,20,40,20,60,60,20,0.1224365234375,-0.1224365234375,-0.1224365234375,1,60,True
+,40,21,40,21,61,61,0,0.1820068359375,-0.1820068359375,-0.1820068359375,1,61,True
+,40,22,40,22,62,62,0,0.306640625,-0.306640625,-0.306640625,1,62,True
+,40,23,40,23,63,63,1,0.10614013671875,-0.10614013671875,-0.10614013671875,1,63,True
+,40,24,40,24,64,64,1,0.057708740234375,-0.057708740234375,-0.057708740234375,1,64,True
+,40,25,40,25,65,65,9,1.5341796875,-1.5341796875,-1.5341796875,1,55,False
+,40,26,40,26,66,66,0,0.051605224609375,-0.051605224609375,-0.051605224609375,1,66,True
+,40,27,40,27,67,67,2,1.390625,-1.390625,-1.390625,1,63,False
+,40,28,40,28,68,68,1,0.3515625,-0.3515625,-0.3515625,1,68,True
+,40,29,40,29,69,69,1,0.9765625,-0.9765625,-0.9765625,1,59,False
+,40,30,40,30,70,70,19,0.01363372802734375,-0.01363372802734375,-0.01363372802734375,1,70,True
+,40,31,40,31,71,71,0,0.33642578125,-0.33642578125,-0.33642578125,1,71,True
+,40,32,40,32,72,72,0,0.210693359375,-0.210693359375,-0.210693359375,1,72,True
+,40,33,40,33,73,73,3,0.07049560546875,-0.07049560546875,-0.07049560546875,1,73,True
+,40,34,40,34,74,74,0,0.217529296875,-0.217529296875,-0.217529296875,1,74,True
+,40,35,40,35,75,75,12,0.01221466064453125,-0.01221466064453125,-0.01221466064453125,1,75,True
+,40,36,40,36,76,76,2,0.0321044921875,-0.0321044921875,-0.0321044921875,1,76,True
+,40,37,40,37,77,77,1,0.6015625,-0.6015625,-0.6015625,1,77,True
+,40,38,40,38,78,78,2,0.438232421875,-0.438232421875,-0.438232421875,1,78,True
+,40,39,40,39,79,79,0,0.10687255859375,-0.10687255859375,-0.10687255859375,1,79,True
+,40,40,40,40,80,80,32,0.05938720703125,-0.05938720703125,-0.05938720703125,1,80,True
+,40,41,40,41,81,81,3,0.52685546875,-0.52685546875,-0.52685546875,1,81,True
+,40,42,40,42,82,82,2,0.058197021484375,-0.058197021484375,-0.058197021484375,1,82,True
+,40,43,40,43,83,83,0,0.130126953125,-0.130126953125,-0.130126953125,1,83,True
+,40,44,40,44,84,84,2,1.1103515625,-1.1103515625,-1.1103515625,1,64,False
+,40,45,40,45,85,85,14,0.322021484375,-0.322021484375,-0.322021484375,1,85,True
+,40,46,40,46,86,86,0,1.453125,-1.453125,-1.453125,1,66,False
+,40,47,40,47,87,87,0,1.2373046875,-1.2373046875,-1.2373046875,1,67,False
+,40,48,40,48,88,88,0,0.350341796875,-0.350341796875,-0.350341796875,1,88,True
+,40,49,40,49,89,89,0,1.0673828125,-1.0673828125,-1.0673828125,1,79,False
+,40,50,40,50,90,90,20,0.1458740234375,-0.1458740234375,-0.1458740234375,1,90,True
+,40,51,40,51,91,91,1,0.10333251953125,-0.10333251953125,-0.10333251953125,1,91,True
+,40,52,40,52,92,92,0,0.65380859375,-0.65380859375,-0.65380859375,1,92,True
+,40,53,40,53,93,93,0,0.57666015625,-0.57666015625,-0.57666015625,1,93,True
+,40,54,40,54,94,94,0,0.63232421875,-0.63232421875,-0.63232421875,1,94,True
+,40,55,40,55,95,95,3,0.10174560546875,-0.10174560546875,-0.10174560546875,1,95,True
+,40,56,40,56,96,96,1,2.376953125,-2.376953125,-2.376953125,1,76,False
+,40,57,40,57,97,97,0,0.45556640625,-0.45556640625,-0.45556640625,1,97,True
+,40,58,40,58,98,98,0,0.50830078125,-0.50830078125,-0.50830078125,1,98,True
+,40,59,40,59,99,99,0,0.62890625,-0.62890625,-0.62890625,1,99,True
+,40,60,40,60,100,100,11,2.404296875,-2.404296875,-2.404296875,1,80,False
+,40,61,40,61,101,101,0,3.78125,-3.78125,-3.78125,1,71,False
+,40,62,40,62,102,102,1,1.5224609375,-1.5224609375,-1.5224609375,1,62,False
+,40,63,40,63,103,103,0,0.7666015625,-0.7666015625,-0.7666015625,1,103,True
+,40,64,40,64,104,104,0,2.517578125,-2.517578125,-2.517578125,1,64,False
+,40,65,40,65,105,105,4,2.322265625,-2.322265625,-2.322265625,1,95,False
+,40,66,40,66,106,106,0,0.8740234375,-0.8740234375,-0.8740234375,1,86,False
+,40,67,40,67,107,107,0,0.474853515625,-0.474853515625,-0.474853515625,1,107,True
+,40,68,40,68,108,108,0,1.8076171875,-1.8076171875,-1.8076171875,1,68,False
+,40,69,40,69,109,109,0,2.681640625,-2.681640625,-2.681640625,1,59,False
+,40,70,40,70,110,110,4,1.96875,-1.96875,-1.96875,1,90,False
+,40,71,40,71,111,111,0,2.494140625,-2.494140625,-2.494140625,1,91,False
+,40,72,40,72,112,112,1,1.8408203125,-1.8408203125,-1.8408203125,1,92,False
+,40,73,40,73,113,113,0,3.0234375,-3.0234375,-3.0234375,1,103,False
+,40,74,40,74,114,114,0,3.306640625,-3.306640625,-3.306640625,1,74,False
+,40,75,40,75,115,115,0,0.71875,-0.71875,-0.71875,1,115,True
+,40,76,40,76,116,116,0,0.98583984375,-0.98583984375,-0.98583984375,1,116,True
+,40,77,40,77,117,117,0,1.7841796875,-1.7841796875,-1.7841796875,1,107,False
+,40,78,40,78,118,118,0,0.83056640625,-0.83056640625,-0.83056640625,1,118,True
+,40,79,40,79,119,119,0,1.0556640625,-1.0556640625,-1.0556640625,1,119,True
+,40,80,40,80,120,120,2,0.1873779296875,-0.1873779296875,-0.1873779296875,1,120,True
+,40,81,40,81,121,121,0,0.7607421875,-0.7607421875,-0.7607421875,1,121,True
+,40,82,40,82,122,122,0,1.716796875,-1.716796875,-1.716796875,1,102,False
+,40,83,40,83,123,123,0,1.1064453125,-1.1064453125,-1.1064453125,1,103,False
+,40,84,40,84,124,124,0,0.0733642578125,-0.0733642578125,-0.0733642578125,1,124,True
+,40,85,40,85,125,125,0,0.2666015625,-0.2666015625,-0.2666015625,1,125,True
+,40,86,40,86,126,126,1,0.63427734375,-0.63427734375,-0.63427734375,1,126,True
+,40,87,40,87,127,127,0,0.9130859375,-0.9130859375,-0.9130859375,1,127,True
+,40,88,40,88,128,128,0,0.89892578125,-0.89892578125,-0.89892578125,1,128,True
+,40,89,40,89,129,129,0,1.1435546875,-1.1435546875,-1.1435546875,1,109,False
+,40,90,40,90,130,130,3,0.7568359375,-0.7568359375,-0.7568359375,1,110,False
+,40,91,40,91,131,131,0,0.5439453125,-0.5439453125,-0.5439453125,1,131,True
+,40,92,40,92,132,132,0,0.60498046875,-0.60498046875,-0.60498046875,1,132,True
+,40,93,40,93,133,133,0,0.428466796875,-0.428466796875,-0.428466796875,1,133,True
+,40,94,40,94,134,134,0,1.9892578125,-1.9892578125,-1.9892578125,1,54,False
+,40,95,40,95,135,135,2,0.174560546875,-0.174560546875,-0.174560546875,1,135,True
+,40,96,40,96,136,136,0,0.186279296875,-0.186279296875,-0.186279296875,1,136,True
+,40,97,40,97,137,137,0,0.31591796875,-0.31591796875,-0.31591796875,1,137,True
+,40,98,40,98,138,138,0,0.4921875,-0.4921875,-0.4921875,1,138,True
+,40,99,40,99,139,139,0,0.34130859375,-0.34130859375,-0.34130859375,1,139,True
+,40,100,40,100,140,140,2,0.07977294921875,-0.07977294921875,-0.07977294921875,1,140,True
+,41,1,41,1,42,42,3,0.048858642578125,-0.048858642578125,-0.048858642578125,1,42,True
+,41,2,41,2,43,43,3,0.016021728515625,-0.016021728515625,-0.016021728515625,1,43,True
+,41,3,41,3,44,44,4,0.02288818359375,-0.02288818359375,-0.02288818359375,1,44,True
+,41,4,41,4,45,45,2,0.018157958984375,-0.018157958984375,-0.018157958984375,1,45,True
+,41,5,41,5,46,46,1,0.070068359375,-0.070068359375,-0.070068359375,1,46,True
+,41,6,41,6,47,47,1,0.060882568359375,-0.060882568359375,-0.060882568359375,1,47,True
+,41,7,41,7,48,48,0,0.07568359375,-0.07568359375,-0.07568359375,1,48,True
+,41,8,41,8,49,49,0,0.0201263427734375,-0.0201263427734375,-0.0201263427734375,1,49,True
+,41,9,41,9,50,50,2,0.006649017333984375,-0.006649017333984375,-0.006649017333984375,1,50,True
+,41,10,41,10,51,51,3,0.007541656494140625,-0.007541656494140625,-0.007541656494140625,1,51,True
+,41,11,41,11,52,52,0,0.07818603515625,-0.07818603515625,-0.07818603515625,1,52,True
+,41,12,41,12,53,53,2,0.0245513916015625,-0.0245513916015625,-0.0245513916015625,1,53,True
+,41,13,41,13,54,54,1,0.10699462890625,-0.10699462890625,-0.10699462890625,1,54,True
+,41,14,41,14,55,55,1,0.18408203125,-0.18408203125,-0.18408203125,1,55,True
+,41,15,41,15,56,56,2,0.133544921875,-0.133544921875,-0.133544921875,1,56,True
+,41,16,41,16,57,57,0,0.65478515625,-0.65478515625,-0.65478515625,1,57,True
+,41,17,41,17,58,58,0,0.69189453125,-0.69189453125,-0.69189453125,1,58,True
+,41,18,41,18,59,59,0,0.81201171875,-0.81201171875,-0.81201171875,1,59,True
+,41,19,41,19,60,60,0,0.279052734375,-0.279052734375,-0.279052734375,1,60,True
+,41,20,41,20,61,61,1,0.2119140625,-0.2119140625,-0.2119140625,1,61,True
+,41,21,41,21,62,62,0,0.441162109375,-0.441162109375,-0.441162109375,1,62,True
+,41,22,41,22,63,63,2,0.1466064453125,-0.1466064453125,-0.1466064453125,1,63,True
+,41,23,41,23,64,64,0,0.22802734375,-0.22802734375,-0.22802734375,1,64,True
+,41,24,41,24,65,65,1,0.0946044921875,-0.0946044921875,-0.0946044921875,1,65,True
+,41,25,41,25,66,66,0,0.05291748046875,-0.05291748046875,-0.05291748046875,1,66,True
+,41,26,41,26,67,67,0,1.193359375,-1.193359375,-1.193359375,1,57,False
+,41,27,41,27,68,68,0,0.51220703125,-0.51220703125,-0.51220703125,1,68,True
+,41,28,41,28,69,69,0,0.128173828125,-0.128173828125,-0.128173828125,1,69,True
+,41,29,41,29,70,70,0,0.4951171875,-0.4951171875,-0.4951171875,1,70,True
+,41,30,41,30,71,71,2,0.0853271484375,-0.0853271484375,-0.0853271484375,1,71,True
+,41,31,41,31,72,72,1,0.64013671875,-0.64013671875,-0.64013671875,1,72,True
+,41,32,41,32,73,73,0,0.60107421875,-0.60107421875,-0.60107421875,1,73,True
+,41,33,41,33,74,74,0,0.09979248046875,-0.09979248046875,-0.09979248046875,1,74,True
+,41,34,41,34,75,75,0,0.035308837890625,-0.035308837890625,-0.035308837890625,1,75,True
+,41,35,41,35,76,76,0,0.697265625,-0.697265625,-0.697265625,1,76,True
+,41,36,41,36,77,77,2,0.28466796875,-0.28466796875,-0.28466796875,1,77,True
+,41,37,41,37,78,78,0,0.14697265625,-0.14697265625,-0.14697265625,1,78,True
+,41,38,41,38,79,79,1,1.583984375,-1.583984375,-1.583984375,1,69,False
+,41,39,41,39,80,80,0,0.188232421875,-0.188232421875,-0.188232421875,1,80,True
+,41,40,41,40,81,81,0,1.041015625,-1.041015625,-1.041015625,1,71,False
+,41,41,41,41,82,82,3,0.53271484375,-0.53271484375,-0.53271484375,1,82,True
+,41,42,41,42,83,83,1,0.4423828125,-0.4423828125,-0.4423828125,1,83,True
+,41,43,41,43,84,84,5,0.058258056640625,-0.058258056640625,-0.058258056640625,1,84,True
+,41,44,41,44,85,85,1,0.08282470703125,-0.08282470703125,-0.08282470703125,1,85,True
+,41,45,41,45,86,86,1,0.03900146484375,-0.03900146484375,-0.03900146484375,1,86,True
+,41,46,41,46,87,87,0,0.1199951171875,-0.1199951171875,-0.1199951171875,1,87,True
+,41,47,41,47,88,88,0,0.172119140625,-0.172119140625,-0.172119140625,1,88,True
+,41,48,41,48,89,89,0,0.05438232421875,-0.05438232421875,-0.05438232421875,1,89,True
+,41,49,41,49,90,90,0,0.0755615234375,-0.0755615234375,-0.0755615234375,1,90,True
+,41,50,41,50,91,91,2,0.61181640625,-0.61181640625,-0.61181640625,1,91,True
+,41,51,41,51,92,92,1,0.295654296875,-0.295654296875,-0.295654296875,1,92,True
+,41,52,41,52,93,93,0,0.1126708984375,-0.1126708984375,-0.1126708984375,1,93,True
+,41,53,41,53,94,94,0,0.3251953125,-0.3251953125,-0.3251953125,1,94,True
+,41,54,41,54,95,95,0,0.19189453125,-0.19189453125,-0.19189453125,1,95,True
+,41,55,41,55,96,96,0,0.6025390625,-0.6025390625,-0.6025390625,1,96,True
+,41,56,41,56,97,97,1,0.859375,-0.859375,-0.859375,1,87,False
+,41,57,41,57,98,98,0,0.348876953125,-0.348876953125,-0.348876953125,1,98,True
+,41,58,41,58,99,99,2,0.34814453125,-0.34814453125,-0.34814453125,1,99,True
+,41,59,41,59,100,100,1,2.771484375,-2.771484375,-2.771484375,1,90,False
+,41,60,41,60,101,101,0,2.4765625,-2.4765625,-2.4765625,1,91,False
+,41,61,41,61,102,102,0,2.85546875,-2.85546875,-2.85546875,1,92,False
+,41,62,41,62,103,103,0,4.55859375,-4.55859375,-4.55859375,1,93,False
+,41,63,41,63,104,104,0,1.5986328125,-1.5986328125,-1.5986328125,1,94,False
+,41,64,41,64,105,105,1,1.158203125,-1.158203125,-1.158203125,1,105,True
+,41,65,41,65,106,106,0,4.07421875,-4.07421875,-4.07421875,1,96,False
+,41,66,41,66,107,107,0,1.5888671875,-1.5888671875,-1.5888671875,1,97,False
+,41,67,41,67,108,108,0,2.43359375,-2.43359375,-2.43359375,1,98,False
+,41,68,41,68,109,109,0,1.423828125,-1.423828125,-1.423828125,1,99,False
+,41,69,41,69,110,110,0,2.802734375,-2.802734375,-2.802734375,1,100,False
+,41,70,41,70,111,111,0,2.62890625,-2.62890625,-2.62890625,1,91,False
+,41,71,41,71,112,112,0,5.00390625,-5.00390625,-5.00390625,1,92,False
+,41,72,41,72,113,113,0,3.328125,-3.328125,-3.328125,1,93,False
+,41,73,41,73,114,114,0,2.798828125,-2.798828125,-2.798828125,1,104,False
+,41,74,41,74,115,115,0,4.515625,-4.515625,-4.515625,1,95,False
+,41,75,41,75,116,116,0,2.73828125,-2.73828125,-2.73828125,1,106,False
+,41,76,41,76,117,117,0,2.876953125,-2.876953125,-2.876953125,1,97,False
+,41,77,41,77,118,118,0,3.130859375,-3.130859375,-3.130859375,1,108,False
+,41,78,41,78,119,119,0,1.1669921875,-1.1669921875,-1.1669921875,1,109,False
+,41,79,41,79,120,120,0,1.7021484375,-1.7021484375,-1.7021484375,1,100,False
+,41,80,41,80,121,121,0,0.82177734375,-0.82177734375,-0.82177734375,1,121,True
+,41,81,41,81,122,122,0,1.57421875,-1.57421875,-1.57421875,1,102,False
+,41,82,41,82,123,123,0,2.001953125,-2.001953125,-2.001953125,1,93,False
+,41,83,41,83,124,124,0,2.017578125,-2.017578125,-2.017578125,1,104,False
+,41,84,41,84,125,125,0,0.284423828125,-0.284423828125,-0.284423828125,1,125,True
+,41,85,41,85,126,126,0,0.46826171875,-0.46826171875,-0.46826171875,1,126,True
+,41,86,41,86,127,127,0,3.23046875,-3.23046875,-3.23046875,1,117,False
+,41,87,41,87,128,128,0,3.060546875,-3.060546875,-3.060546875,1,118,False
+,41,88,41,88,129,129,1,0.82080078125,-0.82080078125,-0.82080078125,1,129,True
+,41,89,41,89,130,130,0,2.55078125,-2.55078125,-2.55078125,1,120,False
+,41,90,41,90,131,131,0,1.337890625,-1.337890625,-1.337890625,1,121,False
+,41,91,41,91,132,132,0,2.40625,-2.40625,-2.40625,1,122,False
+,41,92,41,92,133,133,0,1.9609375,-1.9609375,-1.9609375,1,123,False
+,41,93,41,93,134,134,0,2.49609375,-2.49609375,-2.49609375,1,124,False
+,41,94,41,94,135,135,0,2.544921875,-2.544921875,-2.544921875,1,125,False
+,41,95,41,95,136,136,0,3.2578125,-3.2578125,-3.2578125,1,126,False
+,41,96,41,96,137,137,0,1.111328125,-1.111328125,-1.111328125,1,127,False
+,41,97,41,97,138,138,0,3.80859375,-3.80859375,-3.80859375,1,118,False
+,41,98,41,98,139,139,0,2.716796875,-2.716796875,-2.716796875,1,129,False
+,41,99,41,99,140,140,0,1.81640625,-1.81640625,-1.81640625,1,130,False
+,41,100,41,100,141,141,0,0.447509765625,-0.447509765625,-0.447509765625,1,141,True
+,42,1,42,1,43,43,14,0.036224365234375,-0.036224365234375,-0.036224365234375,1,43,True
+,42,2,42,2,44,44,6,0.1181640625,-0.1181640625,-0.1181640625,1,44,True
+,42,3,42,3,45,45,4,0.031005859375,-0.031005859375,-0.031005859375,1,45,True
+,42,4,42,4,46,46,4,0.03778076171875,-0.03778076171875,-0.03778076171875,1,46,True
+,42,5,42,5,47,47,4,0.090087890625,-0.090087890625,-0.090087890625,1,47,True
+,42,6,42,6,48,48,6,0.0222015380859375,-0.0222015380859375,-0.0222015380859375,1,48,True
+,42,7,42,7,49,49,2,0.03277587890625,-0.03277587890625,-0.03277587890625,1,49,True
+,42,8,42,8,50,50,1,0.05340576171875,-0.05340576171875,-0.05340576171875,1,50,True
+,42,9,42,9,51,51,1,0.09771728515625,-0.09771728515625,-0.09771728515625,1,51,True
+,42,10,42,10,52,52,2,0.01824951171875,-0.01824951171875,-0.01824951171875,1,52,True
+,42,11,42,11,53,53,2,0.0161285400390625,-0.0161285400390625,-0.0161285400390625,1,53,True
+,42,12,42,12,54,54,4,0.1207275390625,-0.1207275390625,-0.1207275390625,1,54,True
+,42,13,42,13,55,55,0,0.0220794677734375,-0.0220794677734375,-0.0220794677734375,1,55,True
+,42,14,42,14,56,56,4,0.259033203125,-0.259033203125,-0.259033203125,1,56,True
+,42,15,42,15,57,57,3,0.033721923828125,-0.033721923828125,-0.033721923828125,1,57,True
+,42,16,42,16,58,58,1,0.2034912109375,-0.2034912109375,-0.2034912109375,1,58,True
+,42,17,42,17,59,59,0,0.115478515625,-0.115478515625,-0.115478515625,1,59,True
+,42,18,42,18,60,60,2,0.18603515625,-0.18603515625,-0.18603515625,1,60,True
+,42,19,42,19,61,61,0,0.045806884765625,-0.045806884765625,-0.045806884765625,1,61,True
+,42,20,42,20,62,62,1,0.040496826171875,-0.040496826171875,-0.040496826171875,1,62,True
+,42,21,42,21,63,63,2,0.050994873046875,-0.050994873046875,-0.050994873046875,1,63,True
+,42,22,42,22,64,64,1,0.0887451171875,-0.0887451171875,-0.0887451171875,1,64,True
+,42,23,42,23,65,65,8,0.06390380859375,-0.06390380859375,-0.06390380859375,1,65,True
+,42,24,42,24,66,66,3,0.09814453125,-0.09814453125,-0.09814453125,1,66,True
+,42,25,42,25,67,67,2,0.058258056640625,-0.058258056640625,-0.058258056640625,1,67,True
+,42,26,42,26,68,68,1,0.1285400390625,-0.1285400390625,-0.1285400390625,1,68,True
+,42,27,42,27,69,69,3,0.02362060546875,-0.02362060546875,-0.02362060546875,1,69,True
+,42,28,42,28,70,70,2,0.18017578125,-0.18017578125,-0.18017578125,1,70,True
+,42,29,42,29,71,71,0,0.0987548828125,-0.0987548828125,-0.0987548828125,1,71,True
+,42,30,42,30,72,72,3,0.03717041015625,-0.03717041015625,-0.03717041015625,1,72,True
+,42,31,42,31,73,73,1,0.050048828125,-0.050048828125,-0.050048828125,1,73,True
+,42,32,42,32,74,74,1,0.2144775390625,-0.2144775390625,-0.2144775390625,1,74,True
+,42,33,42,33,75,75,0,0.032867431640625,-0.032867431640625,-0.032867431640625,1,75,True
+,42,34,42,34,76,76,4,0.08465576171875,-0.08465576171875,-0.08465576171875,1,76,True
+,42,35,42,35,77,77,0,0.08056640625,-0.08056640625,-0.08056640625,1,77,True
+,42,36,42,36,78,78,6,0.061737060546875,-0.061737060546875,-0.061737060546875,1,78,True
+,42,37,42,37,79,79,0,0.11529541015625,-0.11529541015625,-0.11529541015625,1,79,True
+,42,38,42,38,80,80,0,0.1292724609375,-0.1292724609375,-0.1292724609375,1,80,True
+,42,39,42,39,81,81,0,0.13916015625,-0.13916015625,-0.13916015625,1,81,True
+,42,40,42,40,82,82,0,0.031036376953125,-0.031036376953125,-0.031036376953125,1,82,True
+,42,41,42,41,83,83,0,0.150146484375,-0.150146484375,-0.150146484375,1,83,True
+,42,42,42,42,84,84,9,0.94580078125,-0.94580078125,-0.94580078125,1,84,True
+,42,43,42,43,85,85,2,0.33544921875,-0.33544921875,-0.33544921875,1,85,True
+,42,44,42,44,86,86,0,0.0178680419921875,-0.0178680419921875,-0.0178680419921875,1,86,True
+,42,45,42,45,87,87,2,0.0259552001953125,-0.0259552001953125,-0.0259552001953125,1,87,True
+,42,46,42,46,88,88,0,0.01250457763671875,-0.01250457763671875,-0.01250457763671875,1,88,True
+,42,47,42,47,89,89,0,0.07916259765625,-0.07916259765625,-0.07916259765625,1,89,True
+,42,48,42,48,90,90,3,0.0423583984375,-0.0423583984375,-0.0423583984375,1,90,True
+,42,49,42,49,91,91,1,0.0292205810546875,-0.0292205810546875,-0.0292205810546875,1,91,True
+,42,50,42,50,92,92,1,0.040618896484375,-0.040618896484375,-0.040618896484375,1,92,True
+,42,51,42,51,93,93,0,0.03375244140625,-0.03375244140625,-0.03375244140625,1,93,True
+,42,52,42,52,94,94,0,0.33837890625,-0.33837890625,-0.33837890625,1,94,True
+,42,53,42,53,95,95,7,0.031463623046875,-0.031463623046875,-0.031463623046875,1,95,True
+,42,54,42,54,96,96,0,0.1226806640625,-0.1226806640625,-0.1226806640625,1,96,True
+,42,55,42,55,97,97,0,0.0250244140625,-0.0250244140625,-0.0250244140625,1,97,True
+,42,56,42,56,98,98,1,0.1663818359375,-0.1663818359375,-0.1663818359375,1,98,True
+,42,57,42,57,99,99,0,0.10333251953125,-0.10333251953125,-0.10333251953125,1,99,True
+,42,58,42,58,100,100,1,0.134521484375,-0.134521484375,-0.134521484375,1,100,True
+,42,59,42,59,101,101,0,1.7998046875,-1.7998046875,-1.7998046875,1,91,False
+,42,60,42,60,102,102,0,0.25439453125,-0.25439453125,-0.25439453125,1,102,True
+,42,61,42,61,103,103,0,1.2216796875,-1.2216796875,-1.2216796875,1,103,True
+,42,62,42,62,104,104,3,2.486328125,-2.486328125,-2.486328125,1,94,False
+,42,63,42,63,105,105,0,0.9921875,-0.9921875,-0.9921875,1,105,True
+,42,64,42,64,106,106,0,1.134765625,-1.134765625,-1.134765625,1,86,False
+,42,65,42,65,107,107,0,0.94384765625,-0.94384765625,-0.94384765625,1,97,False
+,42,66,42,66,108,108,0,0.2432861328125,-0.2432861328125,-0.2432861328125,1,108,True
+,42,67,42,67,109,109,0,0.441650390625,-0.441650390625,-0.441650390625,1,109,True
+,42,68,42,68,110,110,0,0.276611328125,-0.276611328125,-0.276611328125,1,110,True
+,42,69,42,69,111,111,1,0.53369140625,-0.53369140625,-0.53369140625,1,111,True
+,42,70,42,70,112,112,1,2.337890625,-2.337890625,-2.337890625,1,92,False
+,42,71,42,71,113,113,0,1.7578125,-1.7578125,-1.7578125,1,103,False
+,42,72,42,72,114,114,0,1.9716796875,-1.9716796875,-1.9716796875,1,90,False
+,42,73,42,73,115,115,0,0.70068359375,-0.70068359375,-0.70068359375,1,115,True
+,42,74,42,74,116,116,0,1.611328125,-1.611328125,-1.611328125,1,106,False
+,42,75,42,75,117,117,0,0.501953125,-0.501953125,-0.501953125,1,117,True
+,42,76,42,76,118,118,0,1.90234375,-1.90234375,-1.90234375,1,98,False
+,42,77,42,77,119,119,1,0.281494140625,-0.281494140625,-0.281494140625,1,119,True
+,42,78,42,78,120,120,0,0.429931640625,-0.429931640625,-0.429931640625,1,120,True
+,42,79,42,79,121,121,0,0.6943359375,-0.6943359375,-0.6943359375,1,121,True
+,42,80,42,80,122,122,0,0.2408447265625,-0.2408447265625,-0.2408447265625,1,122,True
+,42,81,42,81,123,123,0,0.3974609375,-0.3974609375,-0.3974609375,1,123,True
+,42,82,42,82,124,124,0,1.3173828125,-1.3173828125,-1.3173828125,1,124,True
+,42,83,42,83,125,125,0,0.578125,-0.578125,-0.578125,1,125,True
+,42,84,42,84,126,126,0,0.10784912109375,-0.10784912109375,-0.10784912109375,1,126,True
+,42,85,42,85,127,127,0,0.282470703125,-0.282470703125,-0.282470703125,1,127,True
+,42,86,42,86,128,128,0,0.37109375,-0.37109375,-0.37109375,1,128,True
+,42,87,42,87,129,129,0,0.035400390625,-0.035400390625,-0.035400390625,1,129,True
+,42,88,42,88,130,130,0,0.29638671875,-0.29638671875,-0.29638671875,1,130,True
+,42,89,42,89,131,131,0,0.2457275390625,-0.2457275390625,-0.2457275390625,1,131,True
+,42,90,42,90,132,132,0,0.2186279296875,-0.2186279296875,-0.2186279296875,1,132,True
+,42,91,42,91,133,133,0,0.399169921875,-0.399169921875,-0.399169921875,1,133,True
+,42,92,42,92,134,134,0,0.438720703125,-0.438720703125,-0.438720703125,1,134,True
+,42,93,42,93,135,135,0,0.328125,-0.328125,-0.328125,1,135,True
+,42,94,42,94,136,136,0,1.4228515625,-1.4228515625,-1.4228515625,1,116,False
+,42,95,42,95,137,137,0,0.385986328125,-0.385986328125,-0.385986328125,1,137,True
+,42,96,42,96,138,138,0,0.2166748046875,-0.2166748046875,-0.2166748046875,1,138,True
+,42,97,42,97,139,139,0,0.646484375,-0.646484375,-0.646484375,1,139,True
+,42,98,42,98,140,140,0,0.288818359375,-0.288818359375,-0.288818359375,1,140,True
+,42,99,42,99,141,141,0,0.0311126708984375,-0.0311126708984375,-0.0311126708984375,1,141,True
+,42,100,42,100,142,142,0,0.2017822265625,-0.2017822265625,-0.2017822265625,1,142,True
+,43,1,43,1,44,44,3,0.373779296875,-0.373779296875,-0.373779296875,1,44,True
+,43,2,43,2,45,45,2,0.46630859375,-0.46630859375,-0.46630859375,1,45,True
+,43,3,43,3,46,46,1,0.1837158203125,-0.1837158203125,-0.1837158203125,1,46,True
+,43,4,43,4,47,47,2,0.03955078125,-0.03955078125,-0.03955078125,1,47,True
+,43,5,43,5,48,48,1,0.08135986328125,-0.08135986328125,-0.08135986328125,1,48,True
+,43,6,43,6,49,49,4,0.0189056396484375,-0.0189056396484375,-0.0189056396484375,1,49,True
+,43,7,43,7,50,50,1,0.043670654296875,-0.043670654296875,-0.043670654296875,1,50,True
+,43,8,43,8,51,51,0,0.0169525146484375,-0.0169525146484375,-0.0169525146484375,1,51,True
+,43,9,43,9,52,52,1,0.1910400390625,-0.1910400390625,-0.1910400390625,1,52,True
+,43,10,43,10,53,53,1,0.0267181396484375,-0.0267181396484375,-0.0267181396484375,1,53,True
+,43,11,43,11,54,54,1,0.0689697265625,-0.0689697265625,-0.0689697265625,1,54,True
+,43,12,43,12,55,55,0,0.01947021484375,-0.01947021484375,-0.01947021484375,1,55,True
+,43,13,43,13,56,56,0,0.50732421875,-0.50732421875,-0.50732421875,1,56,True
+,43,14,43,14,57,57,0,0.1251220703125,-0.1251220703125,-0.1251220703125,1,57,True
+,43,15,43,15,58,58,1,0.474853515625,-0.474853515625,-0.474853515625,1,58,True
+,43,16,43,16,59,59,0,0.132568359375,-0.132568359375,-0.132568359375,1,59,True
+,43,17,43,17,60,60,0,0.7939453125,-0.7939453125,-0.7939453125,1,60,True
+,43,18,43,18,61,61,0,0.0276641845703125,-0.0276641845703125,-0.0276641845703125,1,61,True
+,43,19,43,19,62,62,0,0.76708984375,-0.76708984375,-0.76708984375,1,62,True
+,43,20,43,20,63,63,2,0.63330078125,-0.63330078125,-0.63330078125,1,63,True
+,43,21,43,21,64,64,1,0.05938720703125,-0.05938720703125,-0.05938720703125,1,64,True
+,43,22,43,22,65,65,5,0.212890625,-0.212890625,-0.212890625,1,65,True
+,43,23,43,23,66,66,1,0.18994140625,-0.18994140625,-0.18994140625,1,66,True
+,43,24,43,24,67,67,1,0.10784912109375,-0.10784912109375,-0.10784912109375,1,67,True
+,43,25,43,25,68,68,0,0.4951171875,-0.4951171875,-0.4951171875,1,68,True
+,43,26,43,26,69,69,0,0.2259521484375,-0.2259521484375,-0.2259521484375,1,69,True
+,43,27,43,27,70,70,0,0.12353515625,-0.12353515625,-0.12353515625,1,70,True
+,43,28,43,28,71,71,1,0.113525390625,-0.113525390625,-0.113525390625,1,71,True
+,43,29,43,29,72,72,0,0.44384765625,-0.44384765625,-0.44384765625,1,72,True
+,43,30,43,30,73,73,1,0.0516357421875,-0.0516357421875,-0.0516357421875,1,73,True
+,43,31,43,31,74,74,0,0.444091796875,-0.444091796875,-0.444091796875,1,74,True
+,43,32,43,32,75,75,0,0.025390625,-0.025390625,-0.025390625,1,75,True
+,43,33,43,33,76,76,1,0.66748046875,-0.66748046875,-0.66748046875,1,76,True
+,43,34,43,34,77,77,1,0.1966552734375,-0.1966552734375,-0.1966552734375,1,77,True
+,43,35,43,35,78,78,0,0.378662109375,-0.378662109375,-0.378662109375,1,78,True
+,43,36,43,36,79,79,1,0.027435302734375,-0.027435302734375,-0.027435302734375,1,79,True
+,43,37,43,37,80,80,0,0.83447265625,-0.83447265625,-0.83447265625,1,80,True
+,43,38,43,38,81,81,1,1.0341796875,-1.0341796875,-1.0341796875,1,71,False
+,43,39,43,39,82,82,0,0.51220703125,-0.51220703125,-0.51220703125,1,82,True
+,43,40,43,40,83,83,1,0.2315673828125,-0.2315673828125,-0.2315673828125,1,83,True
+,43,41,43,41,84,84,5,0.1094970703125,-0.1094970703125,-0.1094970703125,1,84,True
+,43,42,43,42,85,85,1,0.08917236328125,-0.08917236328125,-0.08917236328125,1,85,True
+,43,43,43,43,86,86,1,0.78564453125,-0.78564453125,-0.78564453125,1,86,True
+,43,44,43,44,87,87,1,0.2034912109375,-0.2034912109375,-0.2034912109375,1,87,True
+,43,45,43,45,88,88,1,0.0333251953125,-0.0333251953125,-0.0333251953125,1,88,True
+,43,46,43,46,89,89,0,0.07275390625,-0.07275390625,-0.07275390625,1,89,True
+,43,47,43,47,90,90,0,0.030487060546875,-0.030487060546875,-0.030487060546875,1,90,True
+,43,48,43,48,91,91,0,0.01540374755859375,-0.01540374755859375,-0.01540374755859375,1,91,True
+,43,49,43,49,92,92,0,0.42138671875,-0.42138671875,-0.42138671875,1,92,True
+,43,50,43,50,93,93,0,0.017730712890625,-0.017730712890625,-0.017730712890625,1,93,True
+,43,51,43,51,94,94,0,0.053253173828125,-0.053253173828125,-0.053253173828125,1,94,True
+,43,52,43,52,95,95,1,0.1209716796875,-0.1209716796875,-0.1209716796875,1,95,True
+,43,53,43,53,96,96,1,0.62255859375,-0.62255859375,-0.62255859375,1,96,True
+,43,54,43,54,97,97,0,0.038421630859375,-0.038421630859375,-0.038421630859375,1,97,True
+,43,55,43,55,98,98,0,0.354736328125,-0.354736328125,-0.354736328125,1,98,True
+,43,56,43,56,99,99,0,0.034759521484375,-0.034759521484375,-0.034759521484375,1,99,True
+,43,57,43,57,100,100,0,0.3876953125,-0.3876953125,-0.3876953125,1,100,True
+,43,58,43,58,101,101,0,1.6533203125,-1.6533203125,-1.6533203125,1,91,False
+,43,59,43,59,102,102,0,1.076171875,-1.076171875,-1.076171875,1,92,False
+,43,60,43,60,103,103,0,0.157958984375,-0.157958984375,-0.157958984375,1,103,True
+,43,61,43,61,104,104,0,2.8828125,-2.8828125,-2.8828125,1,94,False
+,43,62,43,62,105,105,0,1.912109375,-1.912109375,-1.912109375,1,75,False
+,43,63,43,63,106,106,1,1.7080078125,-1.7080078125,-1.7080078125,1,86,False
+,43,64,43,64,107,107,0,1.751953125,-1.751953125,-1.751953125,1,87,False
+,43,65,43,65,108,108,0,2.09375,-2.09375,-2.09375,1,98,False
+,43,66,43,66,109,109,0,0.4375,-0.4375,-0.4375,1,109,True
+,43,67,43,67,110,110,0,1.2021484375,-1.2021484375,-1.2021484375,1,100,False
+,43,68,43,68,111,111,0,0.6484375,-0.6484375,-0.6484375,1,111,True
+,43,69,43,69,112,112,0,2.201171875,-2.201171875,-2.201171875,1,102,False
+,43,70,43,70,113,113,2,3.6953125,-3.6953125,-3.6953125,1,93,False
+,43,71,43,71,114,114,0,5.48046875,-5.48046875,-5.48046875,1,94,False
+,43,72,43,72,115,115,1,1.4755859375,-1.4755859375,-1.4755859375,1,95,False
+,43,73,43,73,116,116,1,4.25390625,-4.25390625,-4.25390625,1,86,False
+,43,74,43,74,117,117,0,3.853515625,-3.853515625,-3.853515625,1,97,False
+,43,75,43,75,118,118,0,2.041015625,-2.041015625,-2.041015625,1,108,False
+,43,76,43,76,119,119,1,2.109375,-2.109375,-2.109375,1,99,False
+,43,77,43,77,120,120,0,3.21484375,-3.21484375,-3.21484375,1,110,False
+,43,78,43,78,121,121,0,0.5927734375,-0.5927734375,-0.5927734375,1,121,True
+,43,79,43,79,122,122,0,3.1640625,-3.1640625,-3.1640625,1,102,False
+,43,80,43,80,123,123,0,0.67578125,-0.67578125,-0.67578125,1,123,True
+,43,81,43,81,124,124,0,3.087890625,-3.087890625,-3.087890625,1,104,False
+,43,82,43,82,125,125,0,3.0078125,-3.0078125,-3.0078125,1,105,False
+,43,83,43,83,126,126,0,1.1015625,-1.1015625,-1.1015625,1,106,False
+,43,84,43,84,127,127,0,0.361083984375,-0.361083984375,-0.361083984375,1,127,True
+,43,85,43,85,128,128,0,2.326171875,-2.326171875,-2.326171875,1,108,False
+,43,86,43,86,129,129,1,1.7373046875,-1.7373046875,-1.7373046875,1,119,False
+,43,87,43,87,130,130,0,2.26171875,-2.26171875,-2.26171875,1,110,False
+,43,88,43,88,131,131,0,1.9658203125,-1.9658203125,-1.9658203125,1,121,False
+,43,89,43,89,132,132,0,2.919921875,-2.919921875,-2.919921875,1,122,False
+,43,90,43,90,133,133,0,0.67138671875,-0.67138671875,-0.67138671875,1,133,True
+,43,91,43,91,134,134,0,2.298828125,-2.298828125,-2.298828125,1,126,False
+,43,92,43,92,135,135,0,1.5078125,-1.5078125,-1.5078125,1,125,False
+,43,93,43,93,136,136,0,2.95703125,-2.95703125,-2.95703125,1,106,False
+,43,94,43,94,137,137,0,1.25,-1.25,-1.25,1,137,True
+,43,95,43,95,138,138,0,0.87451171875,-0.87451171875,-0.87451171875,1,138,True
+,43,96,43,96,139,139,1,0.409423828125,-0.409423828125,-0.409423828125,1,139,True
+,43,97,43,97,140,140,0,2.525390625,-2.525390625,-2.525390625,1,130,False
+,43,98,43,98,141,141,0,0.896484375,-0.896484375,-0.896484375,1,131,False
+,43,99,43,99,142,142,0,0.845703125,-0.845703125,-0.845703125,1,142,True
+,43,100,43,100,143,143,0,0.2086181640625,-0.2086181640625,-0.2086181640625,1,143,True
+,44,1,44,1,45,45,2,0.05072021484375,-0.05072021484375,-0.05072021484375,1,45,True
+,44,2,44,2,46,46,0,0.0501708984375,-0.0501708984375,-0.0501708984375,1,46,True
+,44,3,44,3,47,47,2,0.155029296875,-0.155029296875,-0.155029296875,1,47,True
+,44,4,44,4,48,48,1,0.1112060546875,-0.1112060546875,-0.1112060546875,1,48,True
+,44,5,44,5,49,49,1,0.12249755859375,-0.12249755859375,-0.12249755859375,1,49,True
+,44,6,44,6,50,50,0,0.0302581787109375,-0.0302581787109375,-0.0302581787109375,1,50,True
+,44,7,44,7,51,51,4,0.05084228515625,-0.05084228515625,-0.05084228515625,1,51,True
+,44,8,44,8,52,52,1,0.0158843994140625,-0.0158843994140625,-0.0158843994140625,1,52,True
+,44,9,44,9,53,53,1,0.0011472702026367188,-0.0011472702026367188,-0.0011472702026367188,1,53,True
+,44,10,44,10,54,54,1,0.0156707763671875,-0.0156707763671875,-0.0156707763671875,1,54,True
+,44,11,44,11,55,55,1,0.07745361328125,-0.07745361328125,-0.07745361328125,1,55,True
+,44,12,44,12,56,56,2,0.11114501953125,-0.11114501953125,-0.11114501953125,1,56,True
+,44,13,44,13,57,57,0,0.0643310546875,-0.0643310546875,-0.0643310546875,1,57,True
+,44,14,44,14,58,58,0,0.10687255859375,-0.10687255859375,-0.10687255859375,1,58,True
+,44,15,44,15,59,59,2,0.2041015625,-0.2041015625,-0.2041015625,1,59,True
+,44,16,44,16,60,60,2,0.14453125,-0.14453125,-0.14453125,1,60,True
+,44,17,44,17,61,61,1,0.186279296875,-0.186279296875,-0.186279296875,1,61,True
+,44,18,44,18,62,62,0,0.269287109375,-0.269287109375,-0.269287109375,1,62,True
+,44,19,44,19,63,63,2,0.10302734375,-0.10302734375,-0.10302734375,1,63,True
+,44,20,44,20,64,64,0,0.1917724609375,-0.1917724609375,-0.1917724609375,1,64,True
+,44,21,44,21,65,65,0,0.0243988037109375,-0.0243988037109375,-0.0243988037109375,1,65,True
+,44,22,44,22,66,66,3,0.07281494140625,-0.07281494140625,-0.07281494140625,1,66,True
+,44,23,44,23,67,67,0,0.079833984375,-0.079833984375,-0.079833984375,1,67,True
+,44,24,44,24,68,68,3,0.071044921875,-0.071044921875,-0.071044921875,1,68,True
+,44,25,44,25,69,69,0,0.272216796875,-0.272216796875,-0.272216796875,1,69,True
+,44,26,44,26,70,70,0,0.268310546875,-0.268310546875,-0.268310546875,1,70,True
+,44,27,44,27,71,71,1,0.07196044921875,-0.07196044921875,-0.07196044921875,1,71,True
+,44,28,44,28,72,72,0,0.1044921875,-0.1044921875,-0.1044921875,1,72,True
+,44,29,44,29,73,73,0,0.05859375,-0.05859375,-0.05859375,1,73,True
+,44,30,44,30,74,74,1,0.025787353515625,-0.025787353515625,-0.025787353515625,1,74,True
+,44,31,44,31,75,75,1,0.031707763671875,-0.031707763671875,-0.031707763671875,1,75,True
+,44,32,44,32,76,76,0,0.07135009765625,-0.07135009765625,-0.07135009765625,1,76,True
+,44,33,44,33,77,77,1,0.052032470703125,-0.052032470703125,-0.052032470703125,1,77,True
+,44,34,44,34,78,78,0,0.0275115966796875,-0.0275115966796875,-0.0275115966796875,1,78,True
+,44,35,44,35,79,79,0,0.2340087890625,-0.2340087890625,-0.2340087890625,1,79,True
+,44,36,44,36,80,80,1,0.0419921875,-0.0419921875,-0.0419921875,1,80,True
+,44,37,44,37,81,81,0,0.046905517578125,-0.046905517578125,-0.046905517578125,1,81,True
+,44,38,44,38,82,82,1,0.2496337890625,-0.2496337890625,-0.2496337890625,1,82,True
+,44,39,44,39,83,83,3,0.045684814453125,-0.045684814453125,-0.045684814453125,1,83,True
+,44,40,44,40,84,84,0,0.115966796875,-0.115966796875,-0.115966796875,1,84,True
+,44,41,44,41,85,85,0,0.27099609375,-0.27099609375,-0.27099609375,1,85,True
+,44,42,44,42,86,86,0,0.0174102783203125,-0.0174102783203125,-0.0174102783203125,1,86,True
+,44,43,44,43,87,87,1,0.11834716796875,-0.11834716796875,-0.11834716796875,1,87,True
+,44,44,44,44,88,88,5,0.2470703125,-0.2470703125,-0.2470703125,1,88,True
+,44,45,44,45,89,89,1,0.021148681640625,-0.021148681640625,-0.021148681640625,1,89,True
+,44,46,44,46,90,90,1,0.0116119384765625,-0.0116119384765625,-0.0116119384765625,1,90,True
+,44,47,44,47,91,91,0,0.049896240234375,-0.049896240234375,-0.049896240234375,1,91,True
+,44,48,44,48,92,92,0,0.039337158203125,-0.039337158203125,-0.039337158203125,1,92,True
+,44,49,44,49,93,93,0,0.034698486328125,-0.034698486328125,-0.034698486328125,1,93,True
+,44,50,44,50,94,94,2,0.0201416015625,-0.0201416015625,-0.0201416015625,1,94,True
+,44,51,44,51,95,95,1,0.005336761474609375,-0.005336761474609375,-0.005336761474609375,1,95,True
+,44,52,44,52,96,96,0,0.016571044921875,-0.016571044921875,-0.016571044921875,1,96,True
+,44,53,44,53,97,97,0,0.08929443359375,-0.08929443359375,-0.08929443359375,1,97,True
+,44,54,44,54,98,98,0,0.02947998046875,-0.02947998046875,-0.02947998046875,1,98,True
+,44,55,44,55,99,99,2,0.016754150390625,-0.016754150390625,-0.016754150390625,1,99,True
+,44,56,44,56,100,100,1,0.170654296875,-0.170654296875,-0.170654296875,1,100,True
+,44,57,44,57,101,101,0,0.384521484375,-0.384521484375,-0.384521484375,1,101,True
+,44,58,44,58,102,102,1,0.10784912109375,-0.10784912109375,-0.10784912109375,1,102,True
+,44,59,44,59,103,103,0,0.1727294921875,-0.1727294921875,-0.1727294921875,1,103,True
+,44,60,44,60,104,104,0,0.44677734375,-0.44677734375,-0.44677734375,1,104,True
+,44,61,44,61,105,105,0,1.02734375,-1.02734375,-1.02734375,1,105,True
+,44,62,44,62,106,106,0,1.0634765625,-1.0634765625,-1.0634765625,1,86,False
+,44,63,44,63,107,107,0,0.55078125,-0.55078125,-0.55078125,1,107,True
+,44,64,44,64,108,108,0,0.6806640625,-0.6806640625,-0.6806640625,1,108,True
+,44,65,44,65,109,109,1,2.009765625,-2.009765625,-2.009765625,1,99,False
+,44,66,44,66,110,110,0,0.2042236328125,-0.2042236328125,-0.2042236328125,1,110,True
+,44,67,44,67,111,111,0,0.2548828125,-0.2548828125,-0.2548828125,1,111,True
+,44,68,44,68,112,112,0,0.875,-0.875,-0.875,1,112,True
+,44,69,44,69,113,113,0,0.92041015625,-0.92041015625,-0.92041015625,1,113,True
+,44,70,44,70,114,114,0,1.39453125,-1.39453125,-1.39453125,1,94,False
+,44,71,44,71,115,115,1,2.3046875,-2.3046875,-2.3046875,1,95,False
+,44,72,44,72,116,116,0,0.63623046875,-0.63623046875,-0.63623046875,1,116,True
+,44,73,44,73,117,117,0,1.5126953125,-1.5126953125,-1.5126953125,1,97,False
+,44,74,44,74,118,118,0,3.38671875,-3.38671875,-3.38671875,1,98,False
+,44,75,44,75,119,119,0,0.71630859375,-0.71630859375,-0.71630859375,1,119,True
+,44,76,44,76,120,120,0,1.28125,-1.28125,-1.28125,1,100,False
+,44,77,44,77,121,121,0,2.11328125,-2.11328125,-2.11328125,1,111,False
+,44,78,44,78,122,122,0,0.09649658203125,-0.09649658203125,-0.09649658203125,1,122,True
+,44,79,44,79,123,123,0,0.68505859375,-0.68505859375,-0.68505859375,1,123,True
+,44,80,44,80,124,124,0,0.43017578125,-0.43017578125,-0.43017578125,1,124,True
+,44,81,44,81,125,125,0,1.236328125,-1.236328125,-1.236328125,1,115,False
+,44,82,44,82,126,126,1,1.6474609375,-1.6474609375,-1.6474609375,1,106,False
+,44,83,44,83,127,127,0,0.763671875,-0.763671875,-0.763671875,1,127,True
+,44,84,44,84,128,128,4,1.068359375,-1.068359375,-1.068359375,1,128,True
+,44,85,44,85,129,129,0,0.55126953125,-0.55126953125,-0.55126953125,1,129,True
+,44,86,44,86,130,130,0,2.001953125,-2.001953125,-2.001953125,1,110,False
+,44,87,44,87,131,131,0,0.1751708984375,-0.1751708984375,-0.1751708984375,1,131,True
+,44,88,44,88,132,132,2,0.2115478515625,-0.2115478515625,-0.2115478515625,1,132,True
+,44,89,44,89,133,133,0,1.2421875,-1.2421875,-1.2421875,1,123,False
+,44,90,44,90,134,134,0,0.56201171875,-0.56201171875,-0.56201171875,1,134,True
+,44,91,44,91,135,135,0,0.3701171875,-0.3701171875,-0.3701171875,1,135,True
+,44,92,44,92,136,136,0,1.2236328125,-1.2236328125,-1.2236328125,1,136,True
+,44,93,44,93,137,137,0,0.40380859375,-0.40380859375,-0.40380859375,1,137,True
+,44,94,44,94,138,138,0,1.0625,-1.0625,-1.0625,1,138,True
+,44,95,44,95,139,139,0,0.2998046875,-0.2998046875,-0.2998046875,1,139,True
+,44,96,44,96,140,140,0,0.10919189453125,-0.10919189453125,-0.10919189453125,1,140,True
+,44,97,44,97,141,141,0,0.6396484375,-0.6396484375,-0.6396484375,1,141,True
+,44,98,44,98,142,142,0,0.1346435546875,-0.1346435546875,-0.1346435546875,1,142,True
+,44,99,44,99,143,143,0,0.043731689453125,-0.043731689453125,-0.043731689453125,1,143,True
+,44,100,44,100,144,144,0,0.56298828125,-0.56298828125,-0.56298828125,1,144,True
+,45,1,45,1,46,46,4,0.04510498046875,-0.04510498046875,-0.04510498046875,1,46,True
+,45,2,45,2,47,47,4,0.377685546875,-0.377685546875,-0.377685546875,1,47,True
+,45,3,45,3,48,48,6,0.03961181640625,-0.03961181640625,-0.03961181640625,1,48,True
+,45,4,45,4,49,49,5,0.0101165771484375,-0.0101165771484375,-0.0101165771484375,1,49,True
+,45,5,45,5,50,50,6,0.0175628662109375,-0.0175628662109375,-0.0175628662109375,1,50,True
+,45,6,45,6,51,51,4,0.02099609375,-0.02099609375,-0.02099609375,1,51,True
+,45,7,45,7,52,52,5,0.0791015625,-0.0791015625,-0.0791015625,1,52,True
+,45,8,45,8,53,53,1,0.0016145706176757812,-0.0016145706176757812,-0.0016145706176757812,1,53,True
+,45,9,45,9,54,54,6,0.0046844482421875,-0.0046844482421875,-0.0046844482421875,1,54,True
+,45,10,45,10,55,55,9,0.0023517608642578125,-0.0023517608642578125,-0.0023517608642578125,1,55,True
+,45,11,45,11,56,56,2,0.0263214111328125,-0.0263214111328125,-0.0263214111328125,1,56,True
+,45,12,45,12,57,57,5,0.074951171875,-0.074951171875,-0.074951171875,1,57,True
+,45,13,45,13,58,58,1,0.4462890625,-0.4462890625,-0.4462890625,1,58,True
+,45,14,45,14,59,59,2,0.21337890625,-0.21337890625,-0.21337890625,1,59,True
+,45,15,45,15,60,60,21,0.03131103515625,-0.03131103515625,-0.03131103515625,1,60,True
+,45,16,45,16,61,61,2,0.09637451171875,-0.09637451171875,-0.09637451171875,1,61,True
+,45,17,45,17,62,62,0,1.783203125,-1.783203125,-1.783203125,1,52,False
+,45,18,45,18,63,63,1,0.0212554931640625,-0.0212554931640625,-0.0212554931640625,1,63,True
+,45,19,45,19,64,64,1,0.1099853515625,-0.1099853515625,-0.1099853515625,1,64,True
+,45,20,45,20,65,65,10,2.115234375,-2.115234375,-2.115234375,1,55,False
+,45,21,45,21,66,66,2,0.060150146484375,-0.060150146484375,-0.060150146484375,1,66,True
+,45,22,45,22,67,67,0,0.446044921875,-0.446044921875,-0.446044921875,1,67,True
+,45,23,45,23,68,68,0,0.1766357421875,-0.1766357421875,-0.1766357421875,1,68,True
+,45,24,45,24,69,69,0,0.0206756591796875,-0.0206756591796875,-0.0206756591796875,1,69,True
+,45,25,45,25,70,70,7,0.1754150390625,-0.1754150390625,-0.1754150390625,1,70,True
+,45,26,45,26,71,71,2,0.4267578125,-0.4267578125,-0.4267578125,1,71,True
+,45,27,45,27,72,72,1,0.07940673828125,-0.07940673828125,-0.07940673828125,1,72,True
+,45,28,45,28,73,73,1,0.3251953125,-0.3251953125,-0.3251953125,1,73,True
+,45,29,45,29,74,74,1,0.0614013671875,-0.0614013671875,-0.0614013671875,1,74,True
+,45,30,45,30,75,75,11,0.00260162353515625,-0.00260162353515625,-0.00260162353515625,1,75,True
+,45,31,45,31,76,76,0,0.12066650390625,-0.12066650390625,-0.12066650390625,1,76,True
+,45,32,45,32,77,77,54,1.3037109375,-1.3037109375,-1.3037109375,1,73,False
+,45,33,45,33,78,78,0,0.06634521484375,-0.06634521484375,-0.06634521484375,1,78,True
+,45,34,45,34,79,79,3,0.03070068359375,-0.03070068359375,-0.03070068359375,1,79,True
+,45,35,45,35,80,80,11,0.03338623046875,-0.03338623046875,-0.03338623046875,1,80,True
+,45,36,45,36,81,81,3,0.035858154296875,-0.035858154296875,-0.035858154296875,1,81,True
+,45,37,45,37,82,82,0,0.285888671875,-0.285888671875,-0.285888671875,1,82,True
+,45,38,45,38,83,83,0,0.43017578125,-0.43017578125,-0.43017578125,1,83,True
+,45,39,45,39,84,84,1,0.0526123046875,-0.0526123046875,-0.0526123046875,1,84,True
+,45,40,45,40,85,85,12,0.0784912109375,-0.0784912109375,-0.0784912109375,1,85,True
+,45,41,45,41,86,86,0,0.0200958251953125,-0.0200958251953125,-0.0200958251953125,1,86,True
+,45,42,45,42,87,87,1,0.338134765625,-0.338134765625,-0.338134765625,1,87,True
+,45,43,45,43,88,88,0,0.1878662109375,-0.1878662109375,-0.1878662109375,1,88,True
+,45,44,45,44,89,89,3,0.076904296875,-0.076904296875,-0.076904296875,1,89,True
+,45,45,45,45,90,90,10,0.0113372802734375,-0.0113372802734375,-0.0113372802734375,1,90,True
+,45,46,45,46,91,91,0,0.047637939453125,-0.047637939453125,-0.047637939453125,1,91,True
+,45,47,45,47,92,92,0,0.0124969482421875,-0.0124969482421875,-0.0124969482421875,1,92,True
+,45,48,45,48,93,93,0,0.005340576171875,-0.005340576171875,-0.005340576171875,1,93,True
+,45,49,45,49,94,94,3,0.01611328125,-0.01611328125,-0.01611328125,1,94,True
+,45,50,45,50,95,95,8,0.024169921875,-0.024169921875,-0.024169921875,1,95,True
+,45,51,45,51,96,96,1,0.0228424072265625,-0.0228424072265625,-0.0228424072265625,1,96,True
+,45,52,45,52,97,97,0,0.0025806427001953125,-0.0025806427001953125,-0.0025806427001953125,1,97,True
+,45,53,45,53,98,98,0,0.10211181640625,-0.10211181640625,-0.10211181640625,1,98,True
+,45,54,45,54,99,99,1,0.0262908935546875,-0.0262908935546875,-0.0262908935546875,1,99,True
+,45,55,45,55,100,100,6,0.092041015625,-0.092041015625,-0.092041015625,1,100,True
+,45,56,45,56,101,101,2,0.12237548828125,-0.12237548828125,-0.12237548828125,1,101,True
+,45,57,45,57,102,102,0,0.056854248046875,-0.056854248046875,-0.056854248046875,1,102,True
+,45,58,45,58,103,103,0,0.1568603515625,-0.1568603515625,-0.1568603515625,1,103,True
+,45,59,45,59,104,104,0,1.419921875,-1.419921875,-1.419921875,1,94,False
+,45,60,45,60,105,105,1,0.0176849365234375,-0.0176849365234375,-0.0176849365234375,1,105,True
+,45,61,45,61,106,106,0,3.1171875,-3.1171875,-3.1171875,1,86,False
+,45,62,45,62,107,107,0,1.8701171875,-1.8701171875,-1.8701171875,1,97,False
+,45,63,45,63,108,108,0,0.292724609375,-0.292724609375,-0.292724609375,1,108,True
+,45,64,45,64,109,109,0,0.826171875,-0.826171875,-0.826171875,1,109,True
+,45,65,45,65,110,110,2,2.380859375,-2.380859375,-2.380859375,1,100,False
+,45,66,45,66,111,111,1,0.1802978515625,-0.1802978515625,-0.1802978515625,1,111,True
+,45,67,45,67,112,112,0,1.4541015625,-1.4541015625,-1.4541015625,1,92,False
+,45,68,45,68,113,113,0,0.5712890625,-0.5712890625,-0.5712890625,1,113,True
+,45,69,45,69,114,114,1,1.447265625,-1.447265625,-1.447265625,1,84,False
+,45,70,45,70,115,115,2,2.2109375,-2.2109375,-2.2109375,1,95,False
+,45,71,45,71,116,116,0,3.853515625,-3.853515625,-3.853515625,1,106,False
+,45,72,45,72,117,117,0,0.1632080078125,-0.1632080078125,-0.1632080078125,1,117,True
+,45,73,45,73,118,118,0,3.171875,-3.171875,-3.171875,1,98,False
+,45,74,45,74,119,119,0,1.3095703125,-1.3095703125,-1.3095703125,1,109,False
+,45,75,45,75,120,120,3,0.06390380859375,-0.06390380859375,-0.06390380859375,1,120,True
+,45,76,45,76,121,121,0,0.1920166015625,-0.1920166015625,-0.1920166015625,1,121,True
+,45,77,45,77,122,122,1,0.398681640625,-0.398681640625,-0.398681640625,1,122,True
+,45,78,45,78,123,123,1,0.094482421875,-0.094482421875,-0.094482421875,1,123,True
+,45,79,45,79,124,124,0,0.78564453125,-0.78564453125,-0.78564453125,1,124,True
+,45,80,45,80,125,125,2,0.07598876953125,-0.07598876953125,-0.07598876953125,1,125,True
+,45,81,45,81,126,126,1,0.08697509765625,-0.08697509765625,-0.08697509765625,1,126,True
+,45,82,45,82,127,127,0,2.548828125,-2.548828125,-2.548828125,1,107,False
+,45,83,45,83,128,128,0,2.171875,-2.171875,-2.171875,1,118,False
+,45,84,45,84,129,129,0,0.160400390625,-0.160400390625,-0.160400390625,1,129,True
+,45,85,45,85,130,130,0,0.483154296875,-0.483154296875,-0.483154296875,1,130,True
+,45,86,45,86,131,131,0,2.1484375,-2.1484375,-2.1484375,1,121,False
+,45,87,45,87,132,132,0,0.48388671875,-0.48388671875,-0.48388671875,1,132,True
+,45,88,45,88,133,133,1,0.5263671875,-0.5263671875,-0.5263671875,1,133,True
+,45,89,45,89,134,134,0,0.7490234375,-0.7490234375,-0.7490234375,1,134,True
+,45,90,45,90,135,135,3,0.088623046875,-0.088623046875,-0.088623046875,1,135,True
+,45,91,45,91,136,136,0,0.66357421875,-0.66357421875,-0.66357421875,1,136,True
+,45,92,45,92,137,137,0,0.505859375,-0.505859375,-0.505859375,1,137,True
+,45,93,45,93,138,138,0,0.67919921875,-0.67919921875,-0.67919921875,1,138,True
+,45,94,45,94,139,139,0,1.890625,-1.890625,-1.890625,1,149,False
+,45,95,45,95,140,140,0,0.309814453125,-0.309814453125,-0.309814453125,1,140,True
+,45,96,45,96,141,141,0,0.0194549560546875,-0.0194549560546875,-0.0194549560546875,1,141,True
+,45,97,45,97,142,142,0,1.2880859375,-1.2880859375,-1.2880859375,1,122,False
+,45,98,45,98,143,143,0,0.423583984375,-0.423583984375,-0.423583984375,1,143,True
+,45,99,45,99,144,144,0,0.059661865234375,-0.059661865234375,-0.059661865234375,1,144,True
+,45,100,45,100,145,145,1,0.06573486328125,-0.06573486328125,-0.06573486328125,1,145,True
+,46,1,46,1,47,47,5,0.392578125,-0.392578125,-0.392578125,1,47,True
+,46,2,46,2,48,48,4,0.56396484375,-0.56396484375,-0.56396484375,1,48,True
+,46,3,46,3,49,49,0,0.0267333984375,-0.0267333984375,-0.0267333984375,1,49,True
+,46,4,46,4,50,50,2,0.05413818359375,-0.05413818359375,-0.05413818359375,1,50,True
+,46,5,46,5,51,51,1,0.061248779296875,-0.061248779296875,-0.061248779296875,1,51,True
+,46,6,46,6,52,52,2,0.049957275390625,-0.049957275390625,-0.049957275390625,1,52,True
+,46,7,46,7,53,53,0,0.030303955078125,-0.030303955078125,-0.030303955078125,1,53,True
+,46,8,46,8,54,54,7,0.0144195556640625,-0.0144195556640625,-0.0144195556640625,1,54,True
+,46,9,46,9,55,55,1,0.66943359375,-0.66943359375,-0.66943359375,1,55,True
+,46,10,46,10,56,56,1,0.01343536376953125,-0.01343536376953125,-0.01343536376953125,1,56,True
+,46,11,46,11,57,57,1,0.1241455078125,-0.1241455078125,-0.1241455078125,1,57,True
+,46,12,46,12,58,58,0,0.13330078125,-0.13330078125,-0.13330078125,1,58,True
+,46,13,46,13,59,59,1,0.120849609375,-0.120849609375,-0.120849609375,1,59,True
+,46,14,46,14,60,60,1,0.201416015625,-0.201416015625,-0.201416015625,1,60,True
+,46,15,46,15,61,61,1,0.07757568359375,-0.07757568359375,-0.07757568359375,1,61,True
+,46,16,46,16,62,62,0,0.20751953125,-0.20751953125,-0.20751953125,1,62,True
+,46,17,46,17,63,63,0,0.282470703125,-0.282470703125,-0.282470703125,1,63,True
+,46,18,46,18,64,64,1,0.018707275390625,-0.018707275390625,-0.018707275390625,1,64,True
+,46,19,46,19,65,65,1,0.3837890625,-0.3837890625,-0.3837890625,1,65,True
+,46,20,46,20,66,66,0,0.017242431640625,-0.017242431640625,-0.017242431640625,1,66,True
+,46,21,46,21,67,67,0,0.15576171875,-0.15576171875,-0.15576171875,1,67,True
+,46,22,46,22,68,68,1,0.86572265625,-0.86572265625,-0.86572265625,1,68,True
+,46,23,46,23,69,69,0,0.20263671875,-0.20263671875,-0.20263671875,1,69,True
+,46,24,46,24,70,70,1,0.11346435546875,-0.11346435546875,-0.11346435546875,1,70,True
+,46,25,46,25,71,71,0,0.08697509765625,-0.08697509765625,-0.08697509765625,1,71,True
+,46,26,46,26,72,72,0,0.1534423828125,-0.1534423828125,-0.1534423828125,1,72,True
+,46,27,46,27,73,73,16,0.1103515625,-0.1103515625,-0.1103515625,1,73,True
+,46,28,46,28,74,74,1,0.05316162109375,-0.05316162109375,-0.05316162109375,1,74,True
+,46,29,46,29,75,75,0,0.1978759765625,-0.1978759765625,-0.1978759765625,1,75,True
+,46,30,46,30,76,76,0,0.05633544921875,-0.05633544921875,-0.05633544921875,1,76,True
+,46,31,46,31,77,77,0,0.1146240234375,-0.1146240234375,-0.1146240234375,1,77,True
+,46,32,46,32,78,78,0,0.74560546875,-0.74560546875,-0.74560546875,1,78,True
+,46,33,46,33,79,79,0,0.027435302734375,-0.027435302734375,-0.027435302734375,1,79,True
+,46,34,46,34,80,80,0,0.0758056640625,-0.0758056640625,-0.0758056640625,1,80,True
+,46,35,46,35,81,81,0,0.0255584716796875,-0.0255584716796875,-0.0255584716796875,1,81,True
+,46,36,46,36,82,82,0,0.0196380615234375,-0.0196380615234375,-0.0196380615234375,1,82,True
+,46,37,46,37,83,83,1,0.228515625,-0.228515625,-0.228515625,1,83,True
+,46,38,46,38,84,84,0,0.04296875,-0.04296875,-0.04296875,1,84,True
+,46,39,46,39,85,85,0,0.224365234375,-0.224365234375,-0.224365234375,1,85,True
+,46,40,46,40,86,86,0,0.059173583984375,-0.059173583984375,-0.059173583984375,1,86,True
+,46,41,46,41,87,87,1,0.6201171875,-0.6201171875,-0.6201171875,1,87,True
+,46,42,46,42,88,88,0,0.078369140625,-0.078369140625,-0.078369140625,1,88,True
+,46,43,46,43,89,89,0,2.94921875,-2.94921875,-2.94921875,1,99,False
+,46,44,46,44,90,90,0,0.03656005859375,-0.03656005859375,-0.03656005859375,1,90,True
+,46,45,46,45,91,91,1,0.1263427734375,-0.1263427734375,-0.1263427734375,1,91,True
+,46,46,46,46,92,92,4,0.2437744140625,-0.2437744140625,-0.2437744140625,1,92,True
+,46,47,46,47,93,93,0,0.017547607421875,-0.017547607421875,-0.017547607421875,1,93,True
+,46,48,46,48,94,94,1,0.01421356201171875,-0.01421356201171875,-0.01421356201171875,1,94,True
+,46,49,46,49,95,95,0,0.1824951171875,-0.1824951171875,-0.1824951171875,1,95,True
+,46,50,46,50,96,96,0,0.0053253173828125,-0.0053253173828125,-0.0053253173828125,1,96,True
+,46,51,46,51,97,97,0,0.040435791015625,-0.040435791015625,-0.040435791015625,1,97,True
+,46,52,46,52,98,98,0,0.24853515625,-0.24853515625,-0.24853515625,1,98,True
+,46,53,46,53,99,99,0,0.005237579345703125,-0.005237579345703125,-0.005237579345703125,1,99,True
+,46,54,46,54,100,100,0,0.10992431640625,-0.10992431640625,-0.10992431640625,1,100,True
+,46,55,46,55,101,101,1,0.92919921875,-0.92919921875,-0.92919921875,1,91,False
+,46,56,46,56,102,102,0,0.393310546875,-0.393310546875,-0.393310546875,1,102,True
+,46,57,46,57,103,103,0,0.330810546875,-0.330810546875,-0.330810546875,1,103,True
+,46,58,46,58,104,104,0,0.481201171875,-0.481201171875,-0.481201171875,1,104,True
+,46,59,46,59,105,105,0,2.8359375,-2.8359375,-2.8359375,1,95,False
+,46,60,46,60,106,106,0,0.03643798828125,-0.03643798828125,-0.03643798828125,1,106,True
+,46,61,46,61,107,107,0,3.80078125,-3.80078125,-3.80078125,1,97,False
+,46,62,46,62,108,108,0,2.63671875,-2.63671875,-2.63671875,1,98,False
+,46,63,46,63,109,109,0,2.044921875,-2.044921875,-2.044921875,1,99,False
+,46,64,46,64,110,110,1,0.43212890625,-0.43212890625,-0.43212890625,1,110,True
+,46,65,46,65,111,111,0,1.763671875,-1.763671875,-1.763671875,1,101,False
+,46,66,46,66,112,112,0,0.2408447265625,-0.2408447265625,-0.2408447265625,1,112,True
+,46,67,46,67,113,113,0,2.32421875,-2.32421875,-2.32421875,1,103,False
+,46,68,46,68,114,114,0,0.96484375,-0.96484375,-0.96484375,1,94,False
+,46,69,46,69,115,115,0,2.125,-2.125,-2.125,1,95,False
+,46,70,46,70,116,116,0,3.43359375,-3.43359375,-3.43359375,1,96,False
+,46,71,46,71,117,117,0,5.86328125,-5.86328125,-5.86328125,1,107,False
+,46,72,46,72,118,118,0,2.712890625,-2.712890625,-2.712890625,1,110,False
+,46,73,46,73,119,119,0,2.265625,-2.265625,-2.265625,1,99,False
+,46,74,46,74,120,120,0,3.98046875,-3.98046875,-3.98046875,1,100,False
+,46,75,46,75,121,121,0,0.8779296875,-0.8779296875,-0.8779296875,1,121,True
+,46,76,46,76,122,122,0,3.537109375,-3.537109375,-3.537109375,1,102,False
+,46,77,46,77,123,123,0,2.123046875,-2.123046875,-2.123046875,1,113,False
+,46,78,46,78,124,124,0,0.382080078125,-0.382080078125,-0.382080078125,1,124,True
+,46,79,46,79,125,125,0,2.408203125,-2.408203125,-2.408203125,1,115,False
+,46,80,46,80,126,126,0,0.212890625,-0.212890625,-0.212890625,1,126,True
+,46,81,46,81,127,127,0,3.71484375,-3.71484375,-3.71484375,1,117,False
+,46,82,46,82,128,128,0,3.91796875,-3.91796875,-3.91796875,1,108,False
+,46,83,46,83,129,129,0,2.7890625,-2.7890625,-2.7890625,1,119,False
+,46,84,46,84,130,130,0,2.390625,-2.390625,-2.390625,1,110,False
+,46,85,46,85,131,131,0,2.607421875,-2.607421875,-2.607421875,1,121,False
+,46,86,46,86,132,132,0,1.583984375,-1.583984375,-1.583984375,1,112,False
+,46,87,46,87,133,133,0,2.078125,-2.078125,-2.078125,1,113,False
+,46,88,46,88,134,134,0,2.3359375,-2.3359375,-2.3359375,1,114,False
+,46,89,46,89,135,135,0,1.080078125,-1.080078125,-1.080078125,1,135,True
+,46,90,46,90,136,136,0,1.0546875,-1.0546875,-1.0546875,1,136,True
+,46,91,46,91,137,137,0,3.138671875,-3.138671875,-3.138671875,1,127,False
+,46,92,46,92,138,138,1,2.150390625,-2.150390625,-2.150390625,1,118,False
+,46,93,46,93,139,139,0,2.00390625,-2.00390625,-2.00390625,1,119,False
+,46,94,46,94,140,140,0,1.2099609375,-1.2099609375,-1.2099609375,1,120,False
+,46,95,46,95,141,141,0,1.015625,-1.015625,-1.015625,1,131,False
+,46,96,46,96,142,142,0,0.51904296875,-0.51904296875,-0.51904296875,1,142,True
+,46,97,46,97,143,143,0,0.6318359375,-0.6318359375,-0.6318359375,1,143,True
+,46,98,46,98,144,144,0,0.192138671875,-0.192138671875,-0.192138671875,1,144,True
+,46,99,46,99,145,145,0,0.42919921875,-0.42919921875,-0.42919921875,1,145,True
+,46,100,46,100,146,146,0,0.1365966796875,-0.1365966796875,-0.1365966796875,1,146,True
+,47,1,47,1,48,48,3,1.04296875,-1.04296875,-1.04296875,1,48,True
+,47,2,47,2,49,49,1,1.4931640625,-1.4931640625,-1.4931640625,1,51,False
+,47,3,47,3,50,50,1,0.09185791015625,-0.09185791015625,-0.09185791015625,1,50,True
+,47,4,47,4,51,51,0,0.007450103759765625,-0.007450103759765625,-0.007450103759765625,1,51,True
+,47,5,47,5,52,52,0,0.0297698974609375,-0.0297698974609375,-0.0297698974609375,1,52,True
+,47,6,47,6,53,53,3,0.01390838623046875,-0.01390838623046875,-0.01390838623046875,1,53,True
+,47,7,47,7,54,54,0,0.201171875,-0.201171875,-0.201171875,1,54,True
+,47,8,47,8,55,55,1,0.0014657974243164062,-0.0014657974243164062,-0.0014657974243164062,1,55,True
+,47,9,47,9,56,56,1,0.1766357421875,-0.1766357421875,-0.1766357421875,1,56,True
+,47,10,47,10,57,57,3,0.04364013671875,-0.04364013671875,-0.04364013671875,1,57,True
+,47,11,47,11,58,58,1,0.34521484375,-0.34521484375,-0.34521484375,1,58,True
+,47,12,47,12,59,59,0,0.1622314453125,-0.1622314453125,-0.1622314453125,1,59,True
+,47,13,47,13,60,60,1,0.61865234375,-0.61865234375,-0.61865234375,1,60,True
+,47,14,47,14,61,61,0,0.171630859375,-0.171630859375,-0.171630859375,1,61,True
+,47,15,47,15,62,62,0,1.9130859375,-1.9130859375,-1.9130859375,1,52,False
+,47,16,47,16,63,63,1,0.056671142578125,-0.056671142578125,-0.056671142578125,1,63,True
+,47,17,47,17,64,64,1,0.415283203125,-0.415283203125,-0.415283203125,1,64,True
+,47,18,47,18,65,65,1,0.014373779296875,-0.014373779296875,-0.014373779296875,1,65,True
+,47,19,47,19,66,66,2,0.7685546875,-0.7685546875,-0.7685546875,1,66,True
+,47,20,47,20,67,67,0,0.1802978515625,-0.1802978515625,-0.1802978515625,1,67,True
+,47,21,47,21,68,68,2,0.94482421875,-0.94482421875,-0.94482421875,1,70,False
+,47,22,47,22,69,69,0,0.1710205078125,-0.1710205078125,-0.1710205078125,1,69,True
+,47,23,47,23,70,70,0,0.1343994140625,-0.1343994140625,-0.1343994140625,1,70,True
+,47,24,47,24,71,71,1,0.08233642578125,-0.08233642578125,-0.08233642578125,1,71,True
+,47,25,47,25,72,72,1,0.1806640625,-0.1806640625,-0.1806640625,1,72,True
+,47,26,47,26,73,73,1,0.2342529296875,-0.2342529296875,-0.2342529296875,1,73,True
+,47,27,47,27,74,74,2,0.72509765625,-0.72509765625,-0.72509765625,1,74,True
+,47,28,47,28,75,75,1,0.05035400390625,-0.05035400390625,-0.05035400390625,1,75,True
+,47,29,47,29,76,76,1,0.65673828125,-0.65673828125,-0.65673828125,1,76,True
+,47,30,47,30,77,77,1,0.10784912109375,-0.10784912109375,-0.10784912109375,1,77,True
+,47,31,47,31,78,78,0,0.7783203125,-0.7783203125,-0.7783203125,1,78,True
+,47,32,47,32,79,79,2,0.286865234375,-0.286865234375,-0.286865234375,1,79,True
+,47,33,47,33,80,80,3,0.60498046875,-0.60498046875,-0.60498046875,1,80,True
+,47,34,47,34,81,81,0,0.1240234375,-0.1240234375,-0.1240234375,1,81,True
+,47,35,47,35,82,82,1,0.189697265625,-0.189697265625,-0.189697265625,1,82,True
+,47,36,47,36,83,83,0,0.0572509765625,-0.0572509765625,-0.0572509765625,1,83,True
+,47,37,47,37,84,84,0,1.2705078125,-1.2705078125,-1.2705078125,1,94,False
+,47,38,47,38,85,85,0,0.93310546875,-0.93310546875,-0.93310546875,1,95,False
+,47,39,47,39,86,86,0,1.017578125,-1.017578125,-1.017578125,1,94,False
+,47,40,47,40,87,87,0,0.448974609375,-0.448974609375,-0.448974609375,1,87,True
+,47,41,47,41,88,88,0,0.9296875,-0.9296875,-0.9296875,1,88,True
+,47,42,47,42,89,89,0,0.1341552734375,-0.1341552734375,-0.1341552734375,1,89,True
+,47,43,47,43,90,90,0,0.1807861328125,-0.1807861328125,-0.1807861328125,1,90,True
+,47,44,47,44,91,91,0,0.1678466796875,-0.1678466796875,-0.1678466796875,1,91,True
+,47,45,47,45,92,92,0,0.004024505615234375,-0.004024505615234375,-0.004024505615234375,1,92,True
+,47,46,47,46,93,93,0,0.07208251953125,-0.07208251953125,-0.07208251953125,1,93,True
+,47,47,47,47,94,94,2,0.09552001953125,-0.09552001953125,-0.09552001953125,1,94,True
+,47,48,47,48,95,95,0,0.0043792724609375,-0.0043792724609375,-0.0043792724609375,1,95,True
+,47,49,47,49,96,96,0,0.365234375,-0.365234375,-0.365234375,1,96,True
+,47,50,47,50,97,97,1,0.01479339599609375,-0.01479339599609375,-0.01479339599609375,1,97,True
+,47,51,47,51,98,98,0,0.24609375,-0.24609375,-0.24609375,1,98,True
+,47,52,47,52,99,99,3,0.0006580352783203125,-0.0006580352783203125,-0.0006580352783203125,1,99,True
+,47,53,47,53,100,100,4,0.08294677734375,-0.08294677734375,-0.08294677734375,1,100,True
+,47,54,47,54,101,101,0,0.145751953125,-0.145751953125,-0.145751953125,1,101,True
+,47,55,47,55,102,102,0,1.01171875,-1.01171875,-1.01171875,1,92,False
+,47,56,47,56,103,103,1,0.07855224609375,-0.07855224609375,-0.07855224609375,1,103,True
+,47,57,47,57,104,104,0,0.85107421875,-0.85107421875,-0.85107421875,1,94,False
+,47,58,47,58,105,105,0,0.78515625,-0.78515625,-0.78515625,1,95,False
+,47,59,47,59,106,106,0,1.1533203125,-1.1533203125,-1.1533203125,1,96,False
+,47,60,47,60,107,107,1,0.07086181640625,-0.07086181640625,-0.07086181640625,1,107,True
+,47,61,47,61,108,108,1,3.876953125,-3.876953125,-3.876953125,1,98,False
+,47,62,47,62,109,109,0,1.9765625,-1.9765625,-1.9765625,1,99,False
+,47,63,47,63,110,110,0,0.56396484375,-0.56396484375,-0.56396484375,1,110,True
+,47,64,47,64,111,111,0,0.1590576171875,-0.1590576171875,-0.1590576171875,1,111,True
+,47,65,47,65,112,112,0,0.87646484375,-0.87646484375,-0.87646484375,1,112,True
+,47,66,47,66,113,113,0,0.324951171875,-0.324951171875,-0.324951171875,1,113,True
+,47,67,47,67,114,114,0,0.7880859375,-0.7880859375,-0.7880859375,1,114,True
+,47,68,47,68,115,115,0,0.75439453125,-0.75439453125,-0.75439453125,1,115,True
+,47,69,47,69,116,116,0,1.8310546875,-1.8310546875,-1.8310546875,1,116,True
+,47,70,47,70,117,117,0,2.255859375,-2.255859375,-2.255859375,1,113,False
+,47,71,47,71,118,118,0,8.8203125,-8.8203125,-8.8203125,1,94,False
+,47,72,47,72,119,119,0,0.202880859375,-0.202880859375,-0.202880859375,1,119,True
+,47,73,47,73,120,120,0,0.94677734375,-0.94677734375,-0.94677734375,1,120,True
+,47,74,47,74,121,121,11,1.6728515625,-1.6728515625,-1.6728515625,1,111,False
+,47,75,47,75,122,122,0,0.7001953125,-0.7001953125,-0.7001953125,1,122,True
+,47,76,47,76,123,123,0,1.7939453125,-1.7939453125,-1.7939453125,1,103,False
+,47,77,47,77,124,124,0,2.115234375,-2.115234375,-2.115234375,1,114,False
+,47,78,47,78,125,125,0,0.66455078125,-0.66455078125,-0.66455078125,1,125,True
+,47,79,47,79,126,126,0,1.0087890625,-1.0087890625,-1.0087890625,1,126,True
+,47,80,47,80,127,127,0,0.2646484375,-0.2646484375,-0.2646484375,1,127,True
+,47,81,47,81,128,128,0,5.85546875,-5.85546875,-5.85546875,1,134,False
+,47,82,47,82,129,129,0,1.970703125,-1.970703125,-1.970703125,1,119,False
+,47,83,47,83,130,130,0,1.4931640625,-1.4931640625,-1.4931640625,1,120,False
+,47,84,47,84,131,131,0,0.11212158203125,-0.11212158203125,-0.11212158203125,1,131,True
+,47,85,47,85,132,132,0,0.32421875,-0.32421875,-0.32421875,1,132,True
+,47,86,47,86,133,133,1,1.765625,-1.765625,-1.765625,1,123,False
+,47,87,47,87,134,134,0,1.5087890625,-1.5087890625,-1.5087890625,1,134,True
+,47,88,47,88,135,135,0,0.8837890625,-0.8837890625,-0.8837890625,1,135,True
+,47,89,47,89,136,136,0,2.8359375,-2.8359375,-2.8359375,1,126,False
+,47,90,47,90,137,137,0,3.53125,-3.53125,-3.53125,1,133,False
+,47,91,47,91,138,138,1,5.83203125,-5.83203125,-5.83203125,1,114,False
+,47,92,47,92,139,139,0,2.146484375,-2.146484375,-2.146484375,1,119,False
+,47,93,47,93,140,140,0,1.0498046875,-1.0498046875,-1.0498046875,1,130,False
+,47,94,47,94,141,141,0,1.650390625,-1.650390625,-1.650390625,1,131,False
+,47,95,47,95,142,142,1,1.1103515625,-1.1103515625,-1.1103515625,1,132,False
+,47,96,47,96,143,143,0,0.2076416015625,-0.2076416015625,-0.2076416015625,1,143,True
+,47,97,47,97,144,144,0,1.3779296875,-1.3779296875,-1.3779296875,1,144,True
+,47,98,47,98,145,145,1,0.479736328125,-0.479736328125,-0.479736328125,1,145,True
+,47,99,47,99,146,146,0,0.29052734375,-0.29052734375,-0.29052734375,1,146,True
+,47,100,47,100,147,147,0,0.1470947265625,-0.1470947265625,-0.1470947265625,1,147,True
+,48,1,48,1,49,49,6,0.0513916015625,-0.0513916015625,-0.0513916015625,1,49,True
+,48,2,48,2,50,50,4,0.0178070068359375,-0.0178070068359375,-0.0178070068359375,1,50,True
+,48,3,48,3,51,51,10,0.00748443603515625,-0.00748443603515625,-0.00748443603515625,1,51,True
+,48,4,48,4,52,52,5,0.004974365234375,-0.004974365234375,-0.004974365234375,1,52,True
+,48,5,48,5,53,53,5,0.0018672943115234375,-0.0018672943115234375,-0.0018672943115234375,1,53,True
+,48,6,48,6,54,54,3,0.007366180419921875,-0.007366180419921875,-0.007366180419921875,1,54,True
+,48,7,48,7,55,55,2,0.003910064697265625,-0.003910064697265625,-0.003910064697265625,1,55,True
+,48,8,48,8,56,56,4,0.0254669189453125,-0.0254669189453125,-0.0254669189453125,1,56,True
+,48,9,48,9,57,57,4,0.0064697265625,-0.0064697265625,-0.0064697265625,1,57,True
+,48,10,48,10,58,58,8,0.00489044189453125,-0.00489044189453125,-0.00489044189453125,1,58,True
+,48,11,48,11,59,59,4,0.002593994140625,-0.002593994140625,-0.002593994140625,1,59,True
+,48,12,48,12,60,60,8,0.00954437255859375,-0.00954437255859375,-0.00954437255859375,1,60,True
+,48,13,48,13,61,61,2,0.01629638671875,-0.01629638671875,-0.01629638671875,1,61,True
+,48,14,48,14,62,62,0,0.15966796875,-0.15966796875,-0.15966796875,1,62,True
+,48,15,48,15,63,63,1,0.0022525787353515625,-0.0022525787353515625,-0.0022525787353515625,1,63,True
+,48,16,48,16,64,64,6,0.2783203125,-0.2783203125,-0.2783203125,1,64,True
+,48,17,48,17,65,65,0,0.03173828125,-0.03173828125,-0.03173828125,1,65,True
+,48,18,48,18,66,66,1,0.227783203125,-0.227783203125,-0.227783203125,1,66,True
+,48,19,48,19,67,67,0,0.040679931640625,-0.040679931640625,-0.040679931640625,1,67,True
+,48,20,48,20,68,68,1,0.00983428955078125,-0.00983428955078125,-0.00983428955078125,1,68,True
+,48,21,48,21,69,69,1,0.0091705322265625,-0.0091705322265625,-0.0091705322265625,1,69,True
+,48,22,48,22,70,70,0,0.01129150390625,-0.01129150390625,-0.01129150390625,1,70,True
+,48,23,48,23,71,71,1,0.0310211181640625,-0.0310211181640625,-0.0310211181640625,1,71,True
+,48,24,48,24,72,72,4,0.443359375,-0.443359375,-0.443359375,1,72,True
+,48,25,48,25,73,73,1,0.019622802734375,-0.019622802734375,-0.019622802734375,1,73,True
+,48,26,48,26,74,74,1,0.046966552734375,-0.046966552734375,-0.046966552734375,1,74,True
+,48,27,48,27,75,75,1,0.017486572265625,-0.017486572265625,-0.017486572265625,1,75,True
+,48,28,48,28,76,76,0,0.06982421875,-0.06982421875,-0.06982421875,1,76,True
+,48,29,48,29,77,77,1,0.07537841796875,-0.07537841796875,-0.07537841796875,1,77,True
+,48,30,48,30,78,78,4,0.01175689697265625,-0.01175689697265625,-0.01175689697265625,1,78,True
+,48,31,48,31,79,79,0,0.0171356201171875,-0.0171356201171875,-0.0171356201171875,1,79,True
+,48,32,48,32,80,80,3,0.0242919921875,-0.0242919921875,-0.0242919921875,1,80,True
+,48,33,48,33,81,81,0,0.04010009765625,-0.04010009765625,-0.04010009765625,1,81,True
+,48,34,48,34,82,82,0,0.098388671875,-0.098388671875,-0.098388671875,1,82,True
+,48,35,48,35,83,83,1,0.03521728515625,-0.03521728515625,-0.03521728515625,1,83,True
+,48,36,48,36,84,84,1,0.0308074951171875,-0.0308074951171875,-0.0308074951171875,1,84,True
+,48,37,48,37,85,85,0,0.2391357421875,-0.2391357421875,-0.2391357421875,1,85,True
+,48,38,48,38,86,86,0,0.220458984375,-0.220458984375,-0.220458984375,1,86,True
+,48,39,48,39,87,87,0,0.439453125,-0.439453125,-0.439453125,1,87,True
+,48,40,48,40,88,88,3,0.05035400390625,-0.05035400390625,-0.05035400390625,1,88,True
+,48,41,48,41,89,89,0,0.175537109375,-0.175537109375,-0.175537109375,1,89,True
+,48,42,48,42,90,90,1,0.0208740234375,-0.0208740234375,-0.0208740234375,1,90,True
+,48,43,48,43,91,91,0,0.13232421875,-0.13232421875,-0.13232421875,1,91,True
+,48,44,48,44,92,92,0,0.11627197265625,-0.11627197265625,-0.11627197265625,1,92,True
+,48,45,48,45,93,93,0,0.0102386474609375,-0.0102386474609375,-0.0102386474609375,1,93,True
+,48,46,48,46,94,94,1,0.00832366943359375,-0.00832366943359375,-0.00832366943359375,1,94,True
+,48,47,48,47,95,95,1,0.0386962890625,-0.0386962890625,-0.0386962890625,1,95,True
+,48,48,48,48,96,96,9,0.9375,-0.9375,-0.9375,1,96,True
+,48,49,48,49,97,97,1,0.04364013671875,-0.04364013671875,-0.04364013671875,1,97,True
+,48,50,48,50,98,98,3,0.0015172958374023438,-0.0015172958374023438,-0.0015172958374023438,1,98,True
+,48,51,48,51,99,99,1,0.00160980224609375,-0.00160980224609375,-0.00160980224609375,1,99,True
+,48,52,48,52,100,100,3,0.028289794921875,-0.028289794921875,-0.028289794921875,1,100,True
+,48,53,48,53,101,101,3,0.470947265625,-0.470947265625,-0.470947265625,1,101,True
+,48,54,48,54,102,102,0,0.82080078125,-0.82080078125,-0.82080078125,1,90,False
+,48,55,48,55,103,103,0,0.002834320068359375,-0.002834320068359375,-0.002834320068359375,1,103,True
+,48,56,48,56,104,104,0,0.11834716796875,-0.11834716796875,-0.11834716796875,1,104,True
+,48,57,48,57,105,105,1,0.08135986328125,-0.08135986328125,-0.08135986328125,1,105,True
+,48,58,48,58,106,106,1,0.24365234375,-0.24365234375,-0.24365234375,1,106,True
+,48,59,48,59,107,107,1,0.15234375,-0.15234375,-0.15234375,1,107,True
+,48,60,48,60,108,108,0,0.348876953125,-0.348876953125,-0.348876953125,1,108,True
+,48,61,48,61,109,109,0,2.64453125,-2.64453125,-2.64453125,1,119,False
+,48,62,48,62,110,110,0,0.1414794921875,-0.1414794921875,-0.1414794921875,1,110,True
+,48,63,48,63,111,111,0,0.239501953125,-0.239501953125,-0.239501953125,1,111,True
+,48,64,48,64,112,112,8,0.26025390625,-0.26025390625,-0.26025390625,1,112,True
+,48,65,48,65,113,113,1,3.26953125,-3.26953125,-3.26953125,1,103,False
+,48,66,48,66,114,114,0,0.287841796875,-0.287841796875,-0.287841796875,1,114,True
+,48,67,48,67,115,115,1,0.1600341796875,-0.1600341796875,-0.1600341796875,1,115,True
+,48,68,48,68,116,116,0,0.393798828125,-0.393798828125,-0.393798828125,1,116,True
+,48,69,48,69,117,117,1,0.767578125,-0.767578125,-0.767578125,1,117,True
+,48,70,48,70,118,118,2,1.1962890625,-1.1962890625,-1.1962890625,1,98,False
+,48,71,48,71,119,119,0,0.10833740234375,-0.10833740234375,-0.10833740234375,1,119,True
+,48,72,48,72,120,120,2,0.147216796875,-0.147216796875,-0.147216796875,1,120,True
+,48,73,48,73,121,121,0,0.4853515625,-0.4853515625,-0.4853515625,1,121,True
+,48,74,48,74,122,122,0,1.6689453125,-1.6689453125,-1.6689453125,1,122,True
+,48,75,48,75,123,123,0,0.0960693359375,-0.0960693359375,-0.0960693359375,1,123,True
+,48,76,48,76,124,124,0,0.86767578125,-0.86767578125,-0.86767578125,1,124,True
+,48,77,48,77,125,125,0,3.654296875,-3.654296875,-3.654296875,1,115,False
+,48,78,48,78,126,126,0,0.281494140625,-0.281494140625,-0.281494140625,1,126,True
+,48,79,48,79,127,127,0,0.381591796875,-0.381591796875,-0.381591796875,1,127,True
+,48,80,48,80,128,128,0,0.237060546875,-0.237060546875,-0.237060546875,1,128,True
+,48,81,48,81,129,129,0,0.626953125,-0.626953125,-0.626953125,1,129,True
+,48,82,48,82,130,130,0,1.1474609375,-1.1474609375,-1.1474609375,1,110,False
+,48,83,48,83,131,131,1,0.166259765625,-0.166259765625,-0.166259765625,1,131,True
+,48,84,48,84,132,132,1,0.7890625,-0.7890625,-0.7890625,1,132,True
+,48,85,48,85,133,133,0,0.8095703125,-0.8095703125,-0.8095703125,1,143,False
+,48,86,48,86,134,134,0,0.1439208984375,-0.1439208984375,-0.1439208984375,1,134,True
+,48,87,48,87,135,135,0,0.1285400390625,-0.1285400390625,-0.1285400390625,1,135,True
+,48,88,48,88,136,136,0,0.91455078125,-0.91455078125,-0.91455078125,1,136,True
+,48,89,48,89,137,137,0,0.473876953125,-0.473876953125,-0.473876953125,1,137,True
+,48,90,48,90,138,138,0,0.02752685546875,-0.02752685546875,-0.02752685546875,1,138,True
+,48,91,48,91,139,139,0,0.6005859375,-0.6005859375,-0.6005859375,1,139,True
+,48,92,48,92,140,140,0,0.0189056396484375,-0.0189056396484375,-0.0189056396484375,1,140,True
+,48,93,48,93,141,141,0,0.040557861328125,-0.040557861328125,-0.040557861328125,1,141,True
+,48,94,48,94,142,142,0,0.75830078125,-0.75830078125,-0.75830078125,1,142,True
+,48,95,48,95,143,143,0,0.00543975830078125,-0.00543975830078125,-0.00543975830078125,1,143,True
+,48,96,48,96,144,144,0,0.233154296875,-0.233154296875,-0.233154296875,1,144,True
+,48,97,48,97,145,145,0,0.65234375,-0.65234375,-0.65234375,1,145,True
+,48,98,48,98,146,146,0,0.09075927734375,-0.09075927734375,-0.09075927734375,1,146,True
+,48,99,48,99,147,147,0,0.0279541015625,-0.0279541015625,-0.0279541015625,1,147,True
+,48,100,48,100,148,148,0,0.040924072265625,-0.040924072265625,-0.040924072265625,1,148,True
+,49,1,49,1,50,50,17,0.049957275390625,-0.049957275390625,-0.049957275390625,1,50,True
+,49,2,49,2,51,51,5,0.01007080078125,-0.01007080078125,-0.01007080078125,1,51,True
+,49,3,49,3,52,52,2,0.02874755859375,-0.02874755859375,-0.02874755859375,1,52,True
+,49,4,49,4,53,53,2,0.00426483154296875,-0.00426483154296875,-0.00426483154296875,1,53,True
+,49,5,49,5,54,54,1,0.03326416015625,-0.03326416015625,-0.03326416015625,1,54,True
+,49,6,49,6,55,55,3,0.2127685546875,-0.2127685546875,-0.2127685546875,1,55,True
+,49,7,49,7,56,56,0,0.0499267578125,-0.0499267578125,-0.0499267578125,1,56,True
+,49,8,49,8,57,57,3,0.04962158203125,-0.04962158203125,-0.04962158203125,1,57,True
+,49,9,49,9,58,58,3,0.121826171875,-0.121826171875,-0.121826171875,1,58,True
+,49,10,49,10,59,59,0,0.11932373046875,-0.11932373046875,-0.11932373046875,1,59,True
+,49,11,49,11,60,60,0,0.2095947265625,-0.2095947265625,-0.2095947265625,1,60,True
+,49,12,49,12,61,61,4,0.00429534912109375,-0.00429534912109375,-0.00429534912109375,1,61,True
+,49,13,49,13,62,62,1,0.171142578125,-0.171142578125,-0.171142578125,1,62,True
+,49,14,49,14,63,63,0,0.045166015625,-0.045166015625,-0.045166015625,1,63,True
+,49,15,49,15,64,64,4,0.07183837890625,-0.07183837890625,-0.07183837890625,1,64,True
+,49,16,49,16,65,65,2,0.353759765625,-0.353759765625,-0.353759765625,1,65,True
+,49,17,49,17,66,66,0,0.1690673828125,-0.1690673828125,-0.1690673828125,1,66,True
+,49,18,49,18,67,67,1,0.006565093994140625,-0.006565093994140625,-0.006565093994140625,1,67,True
+,49,19,49,19,68,68,0,0.03521728515625,-0.03521728515625,-0.03521728515625,1,68,True
+,49,20,49,20,69,69,1,0.025360107421875,-0.025360107421875,-0.025360107421875,1,69,True
+,49,21,49,21,70,70,1,0.11773681640625,-0.11773681640625,-0.11773681640625,1,70,True
+,49,22,49,22,71,71,0,0.1888427734375,-0.1888427734375,-0.1888427734375,1,71,True
+,49,23,49,23,72,72,0,0.182861328125,-0.182861328125,-0.182861328125,1,72,True
+,49,24,49,24,73,73,2,0.040863037109375,-0.040863037109375,-0.040863037109375,1,73,True
+,49,25,49,25,74,74,3,0.0501708984375,-0.0501708984375,-0.0501708984375,1,74,True
+,49,26,49,26,75,75,0,0.2474365234375,-0.2474365234375,-0.2474365234375,1,75,True
+,49,27,49,27,76,76,1,0.1339111328125,-0.1339111328125,-0.1339111328125,1,76,True
+,49,28,49,28,77,77,0,0.44677734375,-0.44677734375,-0.44677734375,1,77,True
+,49,29,49,29,78,78,0,0.71337890625,-0.71337890625,-0.71337890625,1,78,True
+,49,30,49,30,79,79,0,0.2388916015625,-0.2388916015625,-0.2388916015625,1,79,True
+,49,31,49,31,80,80,0,0.93603515625,-0.93603515625,-0.93603515625,1,80,True
+,49,32,49,32,81,81,2,0.1461181640625,-0.1461181640625,-0.1461181640625,1,81,True
+,49,33,49,33,82,82,2,0.1588134765625,-0.1588134765625,-0.1588134765625,1,82,True
+,49,34,49,34,83,83,0,0.048187255859375,-0.048187255859375,-0.048187255859375,1,83,True
+,49,35,49,35,84,84,0,0.32861328125,-0.32861328125,-0.32861328125,1,84,True
+,49,36,49,36,85,85,0,0.029937744140625,-0.029937744140625,-0.029937744140625,1,85,True
+,49,37,49,37,86,86,0,0.1978759765625,-0.1978759765625,-0.1978759765625,1,86,True
+,49,38,49,38,87,87,0,0.435546875,-0.435546875,-0.435546875,1,87,True
+,49,39,49,39,88,88,0,0.9541015625,-0.9541015625,-0.9541015625,1,98,False
+,49,40,49,40,89,89,0,0.29541015625,-0.29541015625,-0.29541015625,1,89,True
+,49,41,49,41,90,90,1,0.08160400390625,-0.08160400390625,-0.08160400390625,1,90,True
+,49,42,49,42,91,91,0,0.131591796875,-0.131591796875,-0.131591796875,1,91,True
+,49,43,49,43,92,92,0,0.3671875,-0.3671875,-0.3671875,1,92,True
+,49,44,49,44,93,93,0,0.0306243896484375,-0.0306243896484375,-0.0306243896484375,1,93,True
+,49,45,49,45,94,94,0,0.09637451171875,-0.09637451171875,-0.09637451171875,1,94,True
+,49,46,49,46,95,95,1,0.2320556640625,-0.2320556640625,-0.2320556640625,1,95,True
+,49,47,49,47,96,96,0,0.099853515625,-0.099853515625,-0.099853515625,1,96,True
+,49,48,49,48,97,97,0,0.10687255859375,-0.10687255859375,-0.10687255859375,1,97,True
+,49,49,49,49,98,98,6,0.35009765625,-0.35009765625,-0.35009765625,1,98,True
+,49,50,49,50,99,99,2,0.034759521484375,-0.034759521484375,-0.034759521484375,1,99,True
+,49,51,49,51,100,100,2,0.0777587890625,-0.0777587890625,-0.0777587890625,1,100,True
+,49,52,49,52,101,101,5,0.04730224609375,-0.04730224609375,-0.04730224609375,1,101,True
+,49,53,49,53,102,102,0,0.11798095703125,-0.11798095703125,-0.11798095703125,1,102,True
+,49,54,49,54,103,103,0,0.0255584716796875,-0.0255584716796875,-0.0255584716796875,1,103,True
+,49,55,49,55,104,104,0,0.2724609375,-0.2724609375,-0.2724609375,1,104,True
+,49,56,49,56,105,105,0,0.1158447265625,-0.1158447265625,-0.1158447265625,1,105,True
+,49,57,49,57,106,106,0,0.52880859375,-0.52880859375,-0.52880859375,1,106,True
+,49,58,49,58,107,107,0,1.1806640625,-1.1806640625,-1.1806640625,1,97,False
+,49,59,49,59,108,108,1,2.740234375,-2.740234375,-2.740234375,1,98,False
+,49,60,49,60,109,109,0,0.5107421875,-0.5107421875,-0.5107421875,1,109,True
+,49,61,49,61,110,110,0,1.40625,-1.40625,-1.40625,1,100,False
+,49,62,49,62,111,111,0,1.51171875,-1.51171875,-1.51171875,1,101,False
+,49,63,49,63,112,112,1,1.4326171875,-1.4326171875,-1.4326171875,1,92,False
+,49,64,49,64,113,113,2,1.490234375,-1.490234375,-1.490234375,1,93,False
+,49,65,49,65,114,114,0,1.7099609375,-1.7099609375,-1.7099609375,1,104,False
+,49,66,49,66,115,115,0,0.189453125,-0.189453125,-0.189453125,1,115,True
+,49,67,49,67,116,116,0,0.77197265625,-0.77197265625,-0.77197265625,1,116,True
+,49,68,49,68,117,117,0,1.025390625,-1.025390625,-1.025390625,1,117,True
+,49,69,49,69,118,118,0,1.9697265625,-1.9697265625,-1.9697265625,1,68,False
+,49,70,49,70,119,119,1,0.8251953125,-0.8251953125,-0.8251953125,1,119,True
+,49,71,49,71,120,120,0,1.4208984375,-1.4208984375,-1.4208984375,1,120,True
+,49,72,49,72,121,121,1,0.7431640625,-0.7431640625,-0.7431640625,1,121,True
+,49,73,49,73,122,122,0,0.95068359375,-0.95068359375,-0.95068359375,1,122,True
+,49,74,49,74,123,123,0,1.615234375,-1.615234375,-1.615234375,1,123,True
+,49,75,49,75,124,124,0,0.66943359375,-0.66943359375,-0.66943359375,1,124,True
+,49,76,49,76,125,125,0,2.029296875,-2.029296875,-2.029296875,1,135,False
+,49,77,49,77,126,126,0,0.62353515625,-0.62353515625,-0.62353515625,1,126,True
+,49,78,49,78,127,127,0,0.869140625,-0.869140625,-0.869140625,1,127,True
+,49,79,49,79,128,128,0,0.87109375,-0.87109375,-0.87109375,1,128,True
+,49,80,49,80,129,129,0,0.1590576171875,-0.1590576171875,-0.1590576171875,1,129,True
+,49,81,49,81,130,130,2,0.88037109375,-0.88037109375,-0.88037109375,1,130,True
+,49,82,49,82,131,131,0,0.962890625,-0.962890625,-0.962890625,1,131,True
+,49,83,49,83,132,132,0,0.91845703125,-0.91845703125,-0.91845703125,1,122,False
+,49,84,49,84,133,133,0,0.29638671875,-0.29638671875,-0.29638671875,1,133,True
+,49,85,49,85,134,134,0,0.387939453125,-0.387939453125,-0.387939453125,1,134,True
+,49,86,49,86,135,135,0,0.1610107421875,-0.1610107421875,-0.1610107421875,1,135,True
+,49,87,49,87,136,136,0,0.625,-0.625,-0.625,1,136,True
+,49,88,49,88,137,137,0,0.841796875,-0.841796875,-0.841796875,1,137,True
+,49,89,49,89,138,138,0,0.77587890625,-0.77587890625,-0.77587890625,1,138,True
+,49,90,49,90,139,139,0,0.09722900390625,-0.09722900390625,-0.09722900390625,1,139,True
+,49,91,49,91,140,140,0,1.0771484375,-1.0771484375,-1.0771484375,1,130,False
+,49,92,49,92,141,141,0,0.390869140625,-0.390869140625,-0.390869140625,1,141,True
+,49,93,49,93,142,142,0,0.27978515625,-0.27978515625,-0.27978515625,1,142,True
+,49,94,49,94,143,143,3,0.09295654296875,-0.09295654296875,-0.09295654296875,1,143,True
+,49,95,49,95,144,144,0,0.188720703125,-0.188720703125,-0.188720703125,1,144,True
+,49,96,49,96,145,145,0,0.09466552734375,-0.09466552734375,-0.09466552734375,1,145,True
+,49,97,49,97,146,146,0,0.39892578125,-0.39892578125,-0.39892578125,1,146,True
+,49,98,49,98,147,147,1,0.65771484375,-0.65771484375,-0.65771484375,1,147,True
+,49,99,49,99,148,148,0,0.3193359375,-0.3193359375,-0.3193359375,1,148,True
+,49,100,49,100,149,149,0,0.1866455078125,-0.1866455078125,-0.1866455078125,1,149,True
+,50,1,50,1,51,51,6,0.0174102783203125,-0.0174102783203125,-0.0174102783203125,1,51,True
+,50,2,50,2,52,52,5,0.0277252197265625,-0.0277252197265625,-0.0277252197265625,1,52,True
+,50,3,50,3,53,53,5,0.00423431396484375,-0.00423431396484375,-0.00423431396484375,1,53,True
+,50,4,50,4,54,54,8,0.0028820037841796875,-0.0028820037841796875,-0.0028820037841796875,1,54,True
+,50,5,50,5,55,55,16,0.0017595291137695312,-0.0017595291137695312,-0.0017595291137695312,1,55,True
+,50,6,50,6,56,56,7,0.061431884765625,-0.061431884765625,-0.061431884765625,1,56,True
+,50,7,50,7,57,57,3,0.166748046875,-0.166748046875,-0.166748046875,1,57,True
+,50,8,50,8,58,58,9,0.02435302734375,-0.02435302734375,-0.02435302734375,1,58,True
+,50,9,50,9,59,59,3,0.022857666015625,-0.022857666015625,-0.022857666015625,1,59,True
+,50,10,50,10,60,60,15,0.01540374755859375,-0.01540374755859375,-0.01540374755859375,1,60,True
+,50,11,50,11,61,61,0,0.0452880859375,-0.0452880859375,-0.0452880859375,1,61,True
+,50,12,50,12,62,62,4,0.76806640625,-0.76806640625,-0.76806640625,1,58,False
+,50,13,50,13,63,63,3,0.192138671875,-0.192138671875,-0.192138671875,1,63,True
+,50,14,50,14,64,64,0,0.2763671875,-0.2763671875,-0.2763671875,1,64,True
+,50,15,50,15,65,65,9,0.376953125,-0.376953125,-0.376953125,1,65,True
+,50,16,50,16,66,66,4,0.079833984375,-0.079833984375,-0.079833984375,1,66,True
+,50,17,50,17,67,67,2,0.6640625,-0.6640625,-0.6640625,1,67,True
+,50,18,50,18,68,68,0,0.060211181640625,-0.060211181640625,-0.060211181640625,1,68,True
+,50,19,50,19,69,69,0,0.1014404296875,-0.1014404296875,-0.1014404296875,1,69,True
+,50,20,50,20,70,70,16,0.015167236328125,-0.015167236328125,-0.015167236328125,1,70,True
+,50,21,50,21,71,71,0,0.312744140625,-0.312744140625,-0.312744140625,1,71,True
+,50,22,50,22,72,72,0,0.14013671875,-0.14013671875,-0.14013671875,1,72,True
+,50,23,50,23,73,73,1,0.0699462890625,-0.0699462890625,-0.0699462890625,1,73,True
+,50,24,50,24,74,74,1,0.009185791015625,-0.009185791015625,-0.009185791015625,1,74,True
+,50,25,50,25,75,75,14,0.033905029296875,-0.033905029296875,-0.033905029296875,1,75,True
+,50,26,50,26,76,76,0,0.98828125,-0.98828125,-0.98828125,1,66,False
+,50,27,50,27,77,77,1,2.4296875,-2.4296875,-2.4296875,1,73,False
+,50,28,50,28,78,78,2,0.263916015625,-0.263916015625,-0.263916015625,1,78,True
+,50,29,50,29,79,79,1,0.65283203125,-0.65283203125,-0.65283203125,1,79,True
+,50,30,50,30,80,80,21,0.1556396484375,-0.1556396484375,-0.1556396484375,1,80,True
+,50,31,50,31,81,81,0,2.044921875,-2.044921875,-2.044921875,1,71,False
+,50,32,50,32,82,82,0,0.0821533203125,-0.0821533203125,-0.0821533203125,1,82,True
+,50,33,50,33,83,83,1,0.796875,-0.796875,-0.796875,1,73,False
+,50,34,50,34,84,84,1,0.529296875,-0.529296875,-0.529296875,1,84,True
+,50,35,50,35,85,85,5,0.074951171875,-0.074951171875,-0.074951171875,1,85,True
+,50,36,50,36,86,86,2,0.006031036376953125,-0.006031036376953125,-0.006031036376953125,1,86,True
+,50,37,50,37,87,87,0,0.10394287109375,-0.10394287109375,-0.10394287109375,1,87,True
+,50,38,50,38,88,88,0,0.09130859375,-0.09130859375,-0.09130859375,1,88,True
+,50,39,50,39,89,89,0,0.320068359375,-0.320068359375,-0.320068359375,1,89,True
+,50,40,50,40,90,90,19,0.00823211669921875,-0.00823211669921875,-0.00823211669921875,1,90,True
+,50,41,50,41,91,91,0,0.59521484375,-0.59521484375,-0.59521484375,1,91,True
+,50,42,50,42,92,92,2,0.044891357421875,-0.044891357421875,-0.044891357421875,1,92,True
+,50,43,50,43,93,93,0,0.07843017578125,-0.07843017578125,-0.07843017578125,1,93,True
+,50,44,50,44,94,94,1,0.0090179443359375,-0.0090179443359375,-0.0090179443359375,1,94,True
+,50,45,50,45,95,95,18,0.0306396484375,-0.0306396484375,-0.0306396484375,1,95,True
+,50,46,50,46,96,96,1,0.040740966796875,-0.040740966796875,-0.040740966796875,1,96,True
+,50,47,50,47,97,97,0,0.1534423828125,-0.1534423828125,-0.1534423828125,1,97,True
+,50,48,50,48,98,98,4,0.005157470703125,-0.005157470703125,-0.005157470703125,1,98,True
+,50,49,50,49,99,99,2,0.046295166015625,-0.046295166015625,-0.046295166015625,1,99,True
+,50,50,50,50,100,100,54,0.007537841796875,-0.007537841796875,-0.007537841796875,1,100,True
+,50,51,50,51,101,101,6,0.041229248046875,-0.041229248046875,-0.041229248046875,1,101,True
+,50,52,50,52,102,102,0,0.016143798828125,-0.016143798828125,-0.016143798828125,1,102,True
+,50,53,50,53,103,103,0,0.281005859375,-0.281005859375,-0.281005859375,1,103,True
+,50,54,50,54,104,104,0,0.245849609375,-0.245849609375,-0.245849609375,1,104,True
+,50,55,50,55,105,105,4,0.384765625,-0.384765625,-0.384765625,1,105,True
+,50,56,50,56,106,106,0,0.083984375,-0.083984375,-0.083984375,1,106,True
+,50,57,50,57,107,107,0,0.41455078125,-0.41455078125,-0.41455078125,1,107,True
+,50,58,50,58,108,108,0,0.178955078125,-0.178955078125,-0.178955078125,1,108,True
+,50,59,50,59,109,109,0,2.302734375,-2.302734375,-2.302734375,1,99,False
+,50,60,50,60,110,110,10,0.01922607421875,-0.01922607421875,-0.01922607421875,1,110,True
+,50,61,50,61,111,111,0,3.048828125,-3.048828125,-3.048828125,1,101,False
+,50,62,50,62,112,112,1,2.587890625,-2.587890625,-2.587890625,1,102,False
+,50,63,50,63,113,113,0,3.84375,-3.84375,-3.84375,1,103,False
+,50,64,50,64,114,114,0,1.134765625,-1.134765625,-1.134765625,1,94,False
+,50,65,50,65,115,115,3,2.2109375,-2.2109375,-2.2109375,1,105,False
+,50,66,50,66,116,116,0,0.06829833984375,-0.06829833984375,-0.06829833984375,1,116,True
+,50,67,50,67,117,117,0,0.79052734375,-0.79052734375,-0.79052734375,1,117,True
+,50,68,50,68,118,118,1,0.71337890625,-0.71337890625,-0.71337890625,1,118,True
+,50,69,50,69,119,119,0,1.8154296875,-1.8154296875,-1.8154296875,1,79,False
+,50,70,50,70,120,120,14,1.4013671875,-1.4013671875,-1.4013671875,1,120,True
+,50,71,50,71,121,121,1,2.068359375,-2.068359375,-2.068359375,1,71,False
+,50,72,50,72,122,122,1,1.12109375,-1.12109375,-1.12109375,1,82,False
+,50,73,50,73,123,123,0,1.3193359375,-1.3193359375,-1.3193359375,1,123,True
+,50,74,50,74,124,124,0,1.6865234375,-1.6865234375,-1.6865234375,1,94,False
+,50,75,50,75,125,125,1,0.144287109375,-0.144287109375,-0.144287109375,1,125,True
+,50,76,50,76,126,126,0,0.298095703125,-0.298095703125,-0.298095703125,1,126,True
+,50,77,50,77,127,127,0,2.80078125,-2.80078125,-2.80078125,1,117,False
+,50,78,50,78,128,128,0,0.68603515625,-0.68603515625,-0.68603515625,1,128,True
+,50,79,50,79,129,129,0,1.3271484375,-1.3271484375,-1.3271484375,1,119,False
+,50,80,50,80,130,130,0,1.1787109375,-1.1787109375,-1.1787109375,1,130,True
+,50,81,50,81,131,131,0,2.3359375,-2.3359375,-2.3359375,1,71,False
+,50,82,50,82,132,132,0,1.74609375,-1.74609375,-1.74609375,1,72,False
+,50,83,50,83,133,133,0,2.166015625,-2.166015625,-2.166015625,1,123,False
+,50,84,50,84,134,134,0,1.1435546875,-1.1435546875,-1.1435546875,1,134,True
+,50,85,50,85,135,135,1,0.66455078125,-0.66455078125,-0.66455078125,1,135,True
+,50,86,50,86,136,136,0,0.66015625,-0.66015625,-0.66015625,1,136,True
+,50,87,50,87,137,137,0,1.5673828125,-1.5673828125,-1.5673828125,1,137,True
+,50,88,50,88,138,138,0,1.5341796875,-1.5341796875,-1.5341796875,1,138,True
+,50,89,50,89,139,139,0,1.8623046875,-1.8623046875,-1.8623046875,1,129,False
+,50,90,50,90,140,140,4,0.153564453125,-0.153564453125,-0.153564453125,1,140,True
+,50,91,50,91,141,141,0,1.3955078125,-1.3955078125,-1.3955078125,1,131,False
+,50,92,50,92,142,142,0,1.236328125,-1.236328125,-1.236328125,1,142,True
+,50,93,50,93,143,143,0,0.203125,-0.203125,-0.203125,1,143,True
+,50,94,50,94,144,144,0,0.364501953125,-0.364501953125,-0.364501953125,1,144,True
+,50,95,50,95,145,145,0,1.4541015625,-1.4541015625,-1.4541015625,1,135,False
+,50,96,50,96,146,146,1,0.0289764404296875,-0.0289764404296875,-0.0289764404296875,1,146,True
+,50,97,50,97,147,147,0,0.91943359375,-0.91943359375,-0.91943359375,1,147,True
+,50,98,50,98,148,148,1,0.6337890625,-0.6337890625,-0.6337890625,1,148,True
+,50,99,50,99,149,149,0,0.168212890625,-0.168212890625,-0.168212890625,1,149,True
+,50,100,50,100,150,150,6,0.02301025390625,-0.02301025390625,-0.02301025390625,1,150,True
+,51,1,51,1,52,52,2,0.06304931640625,-0.06304931640625,-0.06304931640625,1,52,True
+,51,2,51,2,53,53,4,0.032135009765625,-0.032135009765625,-0.032135009765625,1,53,True
+,51,3,51,3,54,54,1,0.0118865966796875,-0.0118865966796875,-0.0118865966796875,1,54,True
+,51,4,51,4,55,55,3,0.0029964447021484375,-0.0029964447021484375,-0.0029964447021484375,1,55,True
+,51,5,51,5,56,56,1,0.01140594482421875,-0.01140594482421875,-0.01140594482421875,1,56,True
+,51,6,51,6,57,57,1,0.0293731689453125,-0.0293731689453125,-0.0293731689453125,1,57,True
+,51,7,51,7,58,58,2,0.126953125,-0.126953125,-0.126953125,1,58,True
+,51,8,51,8,59,59,1,0.01422882080078125,-0.01422882080078125,-0.01422882080078125,1,59,True
+,51,9,51,9,60,60,0,0.044097900390625,-0.044097900390625,-0.044097900390625,1,60,True
+,51,10,51,10,61,61,1,0.00807952880859375,-0.00807952880859375,-0.00807952880859375,1,61,True
+,51,11,51,11,62,62,3,0.057861328125,-0.057861328125,-0.057861328125,1,62,True
+,51,12,51,12,63,63,1,0.0633544921875,-0.0633544921875,-0.0633544921875,1,63,True
+,51,13,51,13,64,64,0,0.252685546875,-0.252685546875,-0.252685546875,1,64,True
+,51,14,51,14,65,65,0,0.0177001953125,-0.0177001953125,-0.0177001953125,1,65,True
+,51,15,51,15,66,66,1,0.08380126953125,-0.08380126953125,-0.08380126953125,1,66,True
+,51,16,51,16,67,67,0,0.1834716796875,-0.1834716796875,-0.1834716796875,1,67,True
+,51,17,51,17,68,68,2,1.66796875,-1.66796875,-1.66796875,1,58,False
+,51,18,51,18,69,69,0,0.040679931640625,-0.040679931640625,-0.040679931640625,1,69,True
+,51,19,51,19,70,70,0,0.1016845703125,-0.1016845703125,-0.1016845703125,1,70,True
+,51,20,51,20,71,71,1,0.1875,-0.1875,-0.1875,1,71,True
+,51,21,51,21,72,72,0,0.32958984375,-0.32958984375,-0.32958984375,1,72,True
+,51,22,51,22,73,73,0,0.07489013671875,-0.07489013671875,-0.07489013671875,1,73,True
+,51,23,51,23,74,74,1,0.0584716796875,-0.0584716796875,-0.0584716796875,1,74,True
+,51,24,51,24,75,75,1,0.05255126953125,-0.05255126953125,-0.05255126953125,1,75,True
+,51,25,51,25,76,76,0,0.0626220703125,-0.0626220703125,-0.0626220703125,1,76,True
+,51,26,51,26,77,77,0,0.544921875,-0.544921875,-0.544921875,1,77,True
+,51,27,51,27,78,78,1,0.405517578125,-0.405517578125,-0.405517578125,1,78,True
+,51,28,51,28,79,79,0,0.07080078125,-0.07080078125,-0.07080078125,1,79,True
+,51,29,51,29,80,80,0,0.25927734375,-0.25927734375,-0.25927734375,1,80,True
+,51,30,51,30,81,81,0,0.1768798828125,-0.1768798828125,-0.1768798828125,1,81,True
+,51,31,51,31,82,82,0,0.30908203125,-0.30908203125,-0.30908203125,1,82,True
+,51,32,51,32,83,83,0,0.99658203125,-0.99658203125,-0.99658203125,1,73,False
+,51,33,51,33,84,84,0,0.2578125,-0.2578125,-0.2578125,1,84,True
+,51,34,51,34,85,85,2,0.65234375,-0.65234375,-0.65234375,1,85,True
+,51,35,51,35,86,86,0,0.0341796875,-0.0341796875,-0.0341796875,1,86,True
+,51,36,51,36,87,87,0,0.124755859375,-0.124755859375,-0.124755859375,1,87,True
+,51,37,51,37,88,88,0,0.35986328125,-0.35986328125,-0.35986328125,1,88,True
+,51,38,51,38,89,89,0,0.375732421875,-0.375732421875,-0.375732421875,1,89,True
+,51,39,51,39,90,90,0,0.05755615234375,-0.05755615234375,-0.05755615234375,1,90,True
+,51,40,51,40,91,91,1,0.0611572265625,-0.0611572265625,-0.0611572265625,1,91,True
+,51,41,51,41,92,92,1,0.254638671875,-0.254638671875,-0.254638671875,1,92,True
+,51,42,51,42,93,93,1,0.08282470703125,-0.08282470703125,-0.08282470703125,1,93,True
+,51,43,51,43,94,94,1,0.1917724609375,-0.1917724609375,-0.1917724609375,1,94,True
+,51,44,51,44,95,95,0,0.046478271484375,-0.046478271484375,-0.046478271484375,1,95,True
+,51,45,51,45,96,96,0,0.0198974609375,-0.0198974609375,-0.0198974609375,1,96,True
+,51,46,51,46,97,97,0,0.1029052734375,-0.1029052734375,-0.1029052734375,1,97,True
+,51,47,51,47,98,98,0,0.420654296875,-0.420654296875,-0.420654296875,1,98,True
+,51,48,51,48,99,99,2,0.0111846923828125,-0.0111846923828125,-0.0111846923828125,1,99,True
+,51,49,51,49,100,100,0,0.1072998046875,-0.1072998046875,-0.1072998046875,1,100,True
+,51,50,51,50,101,101,2,0.02703857421875,-0.02703857421875,-0.02703857421875,1,101,True
+,51,51,51,51,102,102,0,0.1768798828125,-0.1768798828125,-0.1768798828125,1,102,True
+,51,52,51,52,103,103,0,0.100341796875,-0.100341796875,-0.100341796875,1,103,True
+,51,53,51,53,104,104,1,0.0672607421875,-0.0672607421875,-0.0672607421875,1,104,True
+,51,54,51,54,105,105,0,0.1763916015625,-0.1763916015625,-0.1763916015625,1,105,True
+,51,55,51,55,106,106,0,0.206787109375,-0.206787109375,-0.206787109375,1,106,True
+,51,56,51,56,107,107,0,0.0189056396484375,-0.0189056396484375,-0.0189056396484375,1,107,True
+,51,57,51,57,108,108,0,0.80712890625,-0.80712890625,-0.80712890625,1,108,True
+,51,58,51,58,109,109,0,0.68359375,-0.68359375,-0.68359375,1,109,True
+,51,59,51,59,110,110,0,1.58984375,-1.58984375,-1.58984375,1,100,False
+,51,60,51,60,111,111,1,0.2078857421875,-0.2078857421875,-0.2078857421875,1,111,True
+,51,61,51,61,112,112,0,2.63671875,-2.63671875,-2.63671875,1,92,False
+,51,62,51,62,113,113,0,2.302734375,-2.302734375,-2.302734375,1,103,False
+,51,63,51,63,114,114,0,2.029296875,-2.029296875,-2.029296875,1,102,False
+,51,64,51,64,115,115,0,0.337158203125,-0.337158203125,-0.337158203125,1,115,True
+,51,65,51,65,116,116,0,2.388671875,-2.388671875,-2.388671875,1,106,False
+,51,66,51,66,117,117,0,0.1224365234375,-0.1224365234375,-0.1224365234375,1,117,True
+,51,67,51,67,118,118,0,2.056640625,-2.056640625,-2.056640625,1,110,False
+,51,68,51,68,119,119,0,0.59716796875,-0.59716796875,-0.59716796875,1,119,True
+,51,69,51,69,120,120,0,2.041015625,-2.041015625,-2.041015625,1,90,False
+,51,70,51,70,121,121,0,1.3916015625,-1.3916015625,-1.3916015625,1,91,False
+,51,71,51,71,122,122,0,1.5419921875,-1.5419921875,-1.5419921875,1,92,False
+,51,72,51,72,123,123,0,1.3876953125,-1.3876953125,-1.3876953125,1,123,True
+,51,73,51,73,124,124,0,1.2431640625,-1.2431640625,-1.2431640625,1,124,True
+,51,74,51,74,125,125,0,1.056640625,-1.056640625,-1.056640625,1,125,True
+,51,75,51,75,126,126,0,0.55419921875,-0.55419921875,-0.55419921875,1,126,True
+,51,76,51,76,127,127,1,1.25390625,-1.25390625,-1.25390625,1,107,False
+,51,77,51,77,128,128,0,3.3984375,-3.3984375,-3.3984375,1,122,False
+,51,78,51,78,129,129,0,0.66015625,-0.66015625,-0.66015625,1,129,True
+,51,79,51,79,130,130,0,1.896484375,-1.896484375,-1.896484375,1,110,False
+,51,80,51,80,131,131,0,1.1220703125,-1.1220703125,-1.1220703125,1,121,False
+,51,81,51,81,132,132,0,2.45703125,-2.45703125,-2.45703125,1,102,False
+,51,82,51,82,133,133,0,2.115234375,-2.115234375,-2.115234375,1,113,False
+,51,83,51,83,134,134,0,2.021484375,-2.021484375,-2.021484375,1,124,False
+,51,84,51,84,135,135,0,0.414794921875,-0.414794921875,-0.414794921875,1,135,True
+,51,85,51,85,136,136,0,1.3896484375,-1.3896484375,-1.3896484375,1,146,False
+,51,86,51,86,137,137,0,1.203125,-1.203125,-1.203125,1,127,False
+,51,87,51,87,138,138,0,2.923828125,-2.923828125,-2.923828125,1,108,False
+,51,88,51,88,139,139,0,1.423828125,-1.423828125,-1.423828125,1,119,False
+,51,89,51,89,140,140,0,2.009765625,-2.009765625,-2.009765625,1,130,False
+,51,90,51,90,141,141,0,0.31689453125,-0.31689453125,-0.31689453125,1,141,True
+,51,91,51,91,142,142,0,2.232421875,-2.232421875,-2.232421875,1,122,False
+,51,92,51,92,143,143,2,1.2109375,-1.2109375,-1.2109375,1,143,True
+,51,93,51,93,144,144,0,1.2978515625,-1.2978515625,-1.2978515625,1,144,True
+,51,94,51,94,145,145,0,0.68310546875,-0.68310546875,-0.68310546875,1,145,True
+,51,95,51,95,146,146,0,0.1429443359375,-0.1429443359375,-0.1429443359375,1,146,True
+,51,96,51,96,147,147,0,0.57421875,-0.57421875,-0.57421875,1,147,True
+,51,97,51,97,148,148,0,2.5703125,-2.5703125,-2.5703125,1,118,False
+,51,98,51,98,149,149,0,0.5810546875,-0.5810546875,-0.5810546875,1,149,True
+,51,99,51,99,150,150,0,0.791015625,-0.791015625,-0.791015625,1,150,True
+,51,100,51,100,151,151,0,0.388427734375,-0.388427734375,-0.388427734375,1,151,True
+,52,1,52,1,53,53,4,0.0143890380859375,-0.0143890380859375,-0.0143890380859375,1,53,True
+,52,2,52,2,54,54,3,0.0697021484375,-0.0697021484375,-0.0697021484375,1,54,True
+,52,3,52,3,55,55,3,0.005977630615234375,-0.005977630615234375,-0.005977630615234375,1,55,True
+,52,4,52,4,56,56,1,0.06298828125,-0.06298828125,-0.06298828125,1,56,True
+,52,5,52,5,57,57,2,0.029510498046875,-0.029510498046875,-0.029510498046875,1,57,True
+,52,6,52,6,58,58,2,0.0273895263671875,-0.0273895263671875,-0.0273895263671875,1,58,True
+,52,7,52,7,59,59,1,0.10968017578125,-0.10968017578125,-0.10968017578125,1,59,True
+,52,8,52,8,60,60,0,0.021820068359375,-0.021820068359375,-0.021820068359375,1,60,True
+,52,9,52,9,61,61,1,0.01184844970703125,-0.01184844970703125,-0.01184844970703125,1,61,True
+,52,10,52,10,62,62,1,0.0263671875,-0.0263671875,-0.0263671875,1,62,True
+,52,11,52,11,63,63,0,0.06951904296875,-0.06951904296875,-0.06951904296875,1,63,True
+,52,12,52,12,64,64,4,0.38427734375,-0.38427734375,-0.38427734375,1,64,True
+,52,13,52,13,65,65,3,0.50048828125,-0.50048828125,-0.50048828125,1,65,True
+,52,14,52,14,66,66,2,0.11700439453125,-0.11700439453125,-0.11700439453125,1,66,True
+,52,15,52,15,67,67,0,0.06365966796875,-0.06365966796875,-0.06365966796875,1,67,True
+,52,16,52,16,68,68,0,0.52197265625,-0.52197265625,-0.52197265625,1,68,True
+,52,17,52,17,69,69,0,0.2176513671875,-0.2176513671875,-0.2176513671875,1,69,True
+,52,18,52,18,70,70,0,0.07476806640625,-0.07476806640625,-0.07476806640625,1,70,True
+,52,19,52,19,71,71,0,0.371337890625,-0.371337890625,-0.371337890625,1,71,True
+,52,20,52,20,72,72,2,0.0240631103515625,-0.0240631103515625,-0.0240631103515625,1,72,True
+,52,21,52,21,73,73,0,0.108642578125,-0.108642578125,-0.108642578125,1,73,True
+,52,22,52,22,74,74,0,0.0584716796875,-0.0584716796875,-0.0584716796875,1,74,True
+,52,23,52,23,75,75,1,0.09912109375,-0.09912109375,-0.09912109375,1,75,True
+,52,24,52,24,76,76,2,0.045318603515625,-0.045318603515625,-0.045318603515625,1,76,True
+,52,25,52,25,77,77,1,0.257568359375,-0.257568359375,-0.257568359375,1,77,True
+,52,26,52,26,78,78,0,0.053314208984375,-0.053314208984375,-0.053314208984375,1,78,True
+,52,27,52,27,79,79,1,0.01824951171875,-0.01824951171875,-0.01824951171875,1,79,True
+,52,28,52,28,80,80,0,0.2320556640625,-0.2320556640625,-0.2320556640625,1,80,True
+,52,29,52,29,81,81,0,0.068115234375,-0.068115234375,-0.068115234375,1,81,True
+,52,30,52,30,82,82,2,0.014068603515625,-0.014068603515625,-0.014068603515625,1,82,True
+,52,31,52,31,83,83,0,0.734375,-0.734375,-0.734375,1,83,True
+,52,32,52,32,84,84,0,0.1405029296875,-0.1405029296875,-0.1405029296875,1,84,True
+,52,33,52,33,85,85,0,0.170166015625,-0.170166015625,-0.170166015625,1,85,True
+,52,34,52,34,86,86,0,0.140869140625,-0.140869140625,-0.140869140625,1,86,True
+,52,35,52,35,87,87,2,0.24560546875,-0.24560546875,-0.24560546875,1,87,True
+,52,36,52,36,88,88,0,0.063720703125,-0.063720703125,-0.063720703125,1,88,True
+,52,37,52,37,89,89,0,0.1553955078125,-0.1553955078125,-0.1553955078125,1,89,True
+,52,38,52,38,90,90,0,0.055633544921875,-0.055633544921875,-0.055633544921875,1,90,True
+,52,39,52,39,91,91,0,0.0772705078125,-0.0772705078125,-0.0772705078125,1,91,True
+,52,40,52,40,92,92,1,0.0181427001953125,-0.0181427001953125,-0.0181427001953125,1,92,True
+,52,41,52,41,93,93,0,0.036163330078125,-0.036163330078125,-0.036163330078125,1,93,True
+,52,42,52,42,94,94,0,0.124267578125,-0.124267578125,-0.124267578125,1,94,True
+,52,43,52,43,95,95,0,0.033966064453125,-0.033966064453125,-0.033966064453125,1,95,True
+,52,44,52,44,96,96,0,0.01354217529296875,-0.01354217529296875,-0.01354217529296875,1,96,True
+,52,45,52,45,97,97,1,0.036773681640625,-0.036773681640625,-0.036773681640625,1,97,True
+,52,46,52,46,98,98,0,0.003986358642578125,-0.003986358642578125,-0.003986358642578125,1,98,True
+,52,47,52,47,99,99,1,0.0030517578125,-0.0030517578125,-0.0030517578125,1,99,True
+,52,48,52,48,100,100,3,0.029693603515625,-0.029693603515625,-0.029693603515625,1,100,True
+,52,49,52,49,101,101,0,0.14306640625,-0.14306640625,-0.14306640625,1,101,True
+,52,50,52,50,102,102,0,0.0236968994140625,-0.0236968994140625,-0.0236968994140625,1,102,True
+,52,51,52,51,103,103,0,0.154052734375,-0.154052734375,-0.154052734375,1,103,True
+,52,52,52,52,104,104,0,0.75634765625,-0.75634765625,-0.75634765625,1,104,True
+,52,53,52,53,105,105,0,0.06390380859375,-0.06390380859375,-0.06390380859375,1,105,True
+,52,54,52,54,106,106,0,0.0985107421875,-0.0985107421875,-0.0985107421875,1,106,True
+,52,55,52,55,107,107,0,0.045623779296875,-0.045623779296875,-0.045623779296875,1,107,True
+,52,56,52,56,108,108,0,0.11865234375,-0.11865234375,-0.11865234375,1,108,True
+,52,57,52,57,109,109,0,0.685546875,-0.685546875,-0.685546875,1,109,True
+,52,58,52,58,110,110,0,0.1561279296875,-0.1561279296875,-0.1561279296875,1,110,True
+,52,59,52,59,111,111,1,0.1212158203125,-0.1212158203125,-0.1212158203125,1,111,True
+,52,60,52,60,112,112,0,0.25341796875,-0.25341796875,-0.25341796875,1,112,True
+,52,61,52,61,113,113,1,2.76171875,-2.76171875,-2.76171875,1,93,False
+,52,62,52,62,114,114,0,1.173828125,-1.173828125,-1.173828125,1,114,True
+,52,63,52,63,115,115,0,0.207275390625,-0.207275390625,-0.207275390625,1,115,True
+,52,64,52,64,116,116,1,0.5224609375,-0.5224609375,-0.5224609375,1,116,True
+,52,65,52,65,117,117,0,0.6064453125,-0.6064453125,-0.6064453125,1,117,True
+,52,66,52,66,118,118,0,0.08416748046875,-0.08416748046875,-0.08416748046875,1,118,True
+,52,67,52,67,119,119,0,0.262939453125,-0.262939453125,-0.262939453125,1,119,True
+,52,68,52,68,120,120,1,0.320556640625,-0.320556640625,-0.320556640625,1,120,True
+,52,69,52,69,121,121,0,0.5078125,-0.5078125,-0.5078125,1,121,True
+,52,70,52,70,122,122,0,0.376708984375,-0.376708984375,-0.376708984375,1,122,True
+,52,71,52,71,123,123,0,1.29296875,-1.29296875,-1.29296875,1,103,False
+,52,72,52,72,124,124,0,1.3603515625,-1.3603515625,-1.3603515625,1,124,True
+,52,73,52,73,125,125,0,0.8212890625,-0.8212890625,-0.8212890625,1,125,True
+,52,74,52,74,126,126,0,0.55712890625,-0.55712890625,-0.55712890625,1,126,True
+,52,75,52,75,127,127,0,0.9892578125,-0.9892578125,-0.9892578125,1,127,True
+,52,76,52,76,128,128,0,3.318359375,-3.318359375,-3.318359375,1,108,False
+,52,77,52,77,129,129,0,1.150390625,-1.150390625,-1.150390625,1,119,False
+,52,78,52,78,130,130,0,0.76171875,-0.76171875,-0.76171875,1,130,True
+,52,79,52,79,131,131,0,0.75,-0.75,-0.75,1,131,True
+,52,80,52,80,132,132,0,0.205322265625,-0.205322265625,-0.205322265625,1,132,True
+,52,81,52,81,133,133,0,1.912109375,-1.912109375,-1.912109375,1,123,False
+,52,82,52,82,134,134,0,2.466796875,-2.466796875,-2.466796875,1,114,False
+,52,83,52,83,135,135,0,0.6171875,-0.6171875,-0.6171875,1,135,True
+,52,84,52,84,136,136,1,0.9072265625,-0.9072265625,-0.9072265625,1,136,True
+,52,85,52,85,137,137,0,2.279296875,-2.279296875,-2.279296875,1,135,False
+,52,86,52,86,138,138,0,0.94384765625,-0.94384765625,-0.94384765625,1,118,False
+,52,87,52,87,139,139,0,2.82421875,-2.82421875,-2.82421875,1,119,False
+,52,88,52,88,140,140,0,1.0771484375,-1.0771484375,-1.0771484375,1,120,False
+,52,89,52,89,141,141,0,1.0478515625,-1.0478515625,-1.0478515625,1,141,True
+,52,90,52,90,142,142,0,0.57666015625,-0.57666015625,-0.57666015625,1,142,True
+,52,91,52,91,143,143,0,1.83984375,-1.83984375,-1.83984375,1,123,False
+,52,92,52,92,144,144,0,0.92431640625,-0.92431640625,-0.92431640625,1,144,True
+,52,93,52,93,145,145,0,0.66357421875,-0.66357421875,-0.66357421875,1,145,True
+,52,94,52,94,146,146,0,0.40087890625,-0.40087890625,-0.40087890625,1,146,True
+,52,95,52,95,147,147,0,0.350341796875,-0.350341796875,-0.350341796875,1,147,True
+,52,96,52,96,148,148,0,1.7373046875,-1.7373046875,-1.7373046875,1,140,False
+,52,97,52,97,149,149,0,1.4521484375,-1.4521484375,-1.4521484375,1,149,True
+,52,98,52,98,150,150,0,0.25634765625,-0.25634765625,-0.25634765625,1,150,True
+,52,99,52,99,151,151,0,0.58544921875,-0.58544921875,-0.58544921875,1,151,True
+,52,100,52,100,152,152,0,0.7021484375,-0.7021484375,-0.7021484375,1,152,True
+,53,1,53,1,54,54,6,0.1392822265625,-0.1392822265625,-0.1392822265625,1,54,True
+,53,2,53,2,55,55,3,0.0261688232421875,-0.0261688232421875,-0.0261688232421875,1,55,True
+,53,3,53,3,56,56,1,0.05596923828125,-0.05596923828125,-0.05596923828125,1,56,True
+,53,4,53,4,57,57,0,0.005687713623046875,-0.005687713623046875,-0.005687713623046875,1,57,True
+,53,5,53,5,58,58,1,0.0635986328125,-0.0635986328125,-0.0635986328125,1,58,True
+,53,6,53,6,59,59,0,0.0384521484375,-0.0384521484375,-0.0384521484375,1,59,True
+,53,7,53,7,60,60,1,0.0762939453125,-0.0762939453125,-0.0762939453125,1,60,True
+,53,8,53,8,61,61,2,0.0028591156005859375,-0.0028591156005859375,-0.0028591156005859375,1,61,True
+,53,9,53,9,62,62,0,0.231201171875,-0.231201171875,-0.231201171875,1,62,True
+,53,10,53,10,63,63,2,0.036865234375,-0.036865234375,-0.036865234375,1,63,True
+,53,11,53,11,64,64,2,0.10296630859375,-0.10296630859375,-0.10296630859375,1,64,True
+,53,12,53,12,65,65,1,0.013580322265625,-0.013580322265625,-0.013580322265625,1,65,True
+,53,13,53,13,66,66,0,0.257568359375,-0.257568359375,-0.257568359375,1,66,True
+,53,14,53,14,67,67,1,0.1676025390625,-0.1676025390625,-0.1676025390625,1,67,True
+,53,15,53,15,68,68,0,0.64013671875,-0.64013671875,-0.64013671875,1,68,True
+,53,16,53,16,69,69,0,0.11761474609375,-0.11761474609375,-0.11761474609375,1,69,True
+,53,17,53,17,70,70,0,1.845703125,-1.845703125,-1.845703125,1,60,False
+,53,18,53,18,71,71,0,0.25732421875,-0.25732421875,-0.25732421875,1,71,True
+,53,19,53,19,72,72,0,0.86865234375,-0.86865234375,-0.86865234375,1,72,True
+,53,20,53,20,73,73,3,0.213134765625,-0.213134765625,-0.213134765625,1,73,True
+,53,21,53,21,74,74,2,0.22802734375,-0.22802734375,-0.22802734375,1,74,True
+,53,22,53,22,75,75,2,0.1600341796875,-0.1600341796875,-0.1600341796875,1,75,True
+,53,23,53,23,76,76,3,0.70751953125,-0.70751953125,-0.70751953125,1,76,True
+,53,24,53,24,77,77,0,0.471923828125,-0.471923828125,-0.471923828125,1,77,True
+,53,25,53,25,78,78,0,0.286376953125,-0.286376953125,-0.286376953125,1,78,True
+,53,26,53,26,79,79,2,0.2315673828125,-0.2315673828125,-0.2315673828125,1,79,True
+,53,27,53,27,80,80,0,0.180419921875,-0.180419921875,-0.180419921875,1,80,True
+,53,28,53,28,81,81,0,0.0279998779296875,-0.0279998779296875,-0.0279998779296875,1,81,True
+,53,29,53,29,82,82,1,0.399169921875,-0.399169921875,-0.399169921875,1,82,True
+,53,30,53,30,83,83,1,0.1744384765625,-0.1744384765625,-0.1744384765625,1,83,True
+,53,31,53,31,84,84,0,0.6845703125,-0.6845703125,-0.6845703125,1,84,True
+,53,32,53,32,85,85,0,0.25146484375,-0.25146484375,-0.25146484375,1,85,True
+,53,33,53,33,86,86,0,0.0767822265625,-0.0767822265625,-0.0767822265625,1,86,True
+,53,34,53,34,87,87,0,0.5712890625,-0.5712890625,-0.5712890625,1,87,True
+,53,35,53,35,88,88,1,0.78515625,-0.78515625,-0.78515625,1,98,False
+,53,36,53,36,89,89,0,0.0718994140625,-0.0718994140625,-0.0718994140625,1,89,True
+,53,37,53,37,90,90,0,0.3046875,-0.3046875,-0.3046875,1,90,True
+,53,38,53,38,91,91,1,0.5537109375,-0.5537109375,-0.5537109375,1,91,True
+,53,39,53,39,92,92,1,0.33203125,-0.33203125,-0.33203125,1,92,True
+,53,40,53,40,93,93,0,0.06048583984375,-0.06048583984375,-0.06048583984375,1,93,True
+,53,41,53,41,94,94,0,0.1717529296875,-0.1717529296875,-0.1717529296875,1,94,True
+,53,42,53,42,95,95,0,0.374755859375,-0.374755859375,-0.374755859375,1,95,True
+,53,43,53,43,96,96,0,0.0244598388671875,-0.0244598388671875,-0.0244598388671875,1,96,True
+,53,44,53,44,97,97,0,0.06524658203125,-0.06524658203125,-0.06524658203125,1,97,True
+,53,45,53,45,98,98,1,0.017181396484375,-0.017181396484375,-0.017181396484375,1,98,True
+,53,46,53,46,99,99,0,0.0018100738525390625,-0.0018100738525390625,-0.0018100738525390625,1,99,True
+,53,47,53,47,100,100,0,0.06744384765625,-0.06744384765625,-0.06744384765625,1,100,True
+,53,48,53,48,101,101,0,0.036102294921875,-0.036102294921875,-0.036102294921875,1,101,True
+,53,49,53,49,102,102,1,0.216552734375,-0.216552734375,-0.216552734375,1,102,True
+,53,50,53,50,103,103,0,0.230712890625,-0.230712890625,-0.230712890625,1,103,True
+,53,51,53,51,104,104,1,0.046722412109375,-0.046722412109375,-0.046722412109375,1,104,True
+,53,52,53,52,105,105,0,0.06597900390625,-0.06597900390625,-0.06597900390625,1,105,True
+,53,53,53,53,106,106,0,1.671875,-1.671875,-1.671875,1,110,False
+,53,54,53,54,107,107,0,0.0849609375,-0.0849609375,-0.0849609375,1,107,True
+,53,55,53,55,108,108,0,0.0294036865234375,-0.0294036865234375,-0.0294036865234375,1,108,True
+,53,56,53,56,109,109,0,0.48095703125,-0.48095703125,-0.48095703125,1,109,True
+,53,57,53,57,110,110,1,0.3896484375,-0.3896484375,-0.3896484375,1,110,True
+,53,58,53,58,111,111,0,0.04345703125,-0.04345703125,-0.04345703125,1,111,True
+,53,59,53,59,112,112,0,0.411376953125,-0.411376953125,-0.411376953125,1,112,True
+,53,60,53,60,113,113,1,0.301513671875,-0.301513671875,-0.301513671875,1,113,True
+,53,61,53,61,114,114,0,1.490234375,-1.490234375,-1.490234375,1,104,False
+,53,62,53,62,115,115,0,1.3212890625,-1.3212890625,-1.3212890625,1,105,False
+,53,63,53,63,116,116,0,1.708984375,-1.708984375,-1.708984375,1,106,False
+,53,64,53,64,117,117,0,0.1229248046875,-0.1229248046875,-0.1229248046875,1,117,True
+,53,65,53,65,118,118,0,2.021484375,-2.021484375,-2.021484375,1,108,False
+,53,66,53,66,119,119,0,0.0292510986328125,-0.0292510986328125,-0.0292510986328125,1,119,True
+,53,67,53,67,120,120,0,1.3251953125,-1.3251953125,-1.3251953125,1,110,False
+,53,68,53,68,121,121,0,0.356689453125,-0.356689453125,-0.356689453125,1,121,True
+,53,69,53,69,122,122,0,1.943359375,-1.943359375,-1.943359375,1,112,False
+,53,70,53,70,123,123,1,0.31787109375,-0.31787109375,-0.31787109375,1,123,True
+,53,71,53,71,124,124,0,1.95703125,-1.95703125,-1.95703125,1,114,False
+,53,72,53,72,125,125,1,0.10272216796875,-0.10272216796875,-0.10272216796875,1,125,True
+,53,73,53,73,126,126,0,0.76025390625,-0.76025390625,-0.76025390625,1,126,True
+,53,74,53,74,127,127,0,1.947265625,-1.947265625,-1.947265625,1,117,False
+,53,75,53,75,128,128,2,1.1220703125,-1.1220703125,-1.1220703125,1,118,False
+,53,76,53,76,129,129,0,0.446533203125,-0.446533203125,-0.446533203125,1,129,True
+,53,77,53,77,130,130,0,3.5703125,-3.5703125,-3.5703125,1,120,False
+,53,78,53,78,131,131,0,1.748046875,-1.748046875,-1.748046875,1,121,False
+,53,79,53,79,132,132,0,2.69140625,-2.69140625,-2.69140625,1,122,False
+,53,80,53,80,133,133,0,1.037109375,-1.037109375,-1.037109375,1,123,False
+,53,81,53,81,134,134,0,2.74609375,-2.74609375,-2.74609375,1,124,False
+,53,82,53,82,135,135,1,1.2880859375,-1.2880859375,-1.2880859375,1,125,False
+,53,83,53,83,136,136,0,4.40625,-4.40625,-4.40625,1,126,False
+,53,84,53,84,137,137,0,1.0322265625,-1.0322265625,-1.0322265625,1,127,False
+,53,85,53,85,138,138,0,2.240234375,-2.240234375,-2.240234375,1,118,False
+,53,86,53,86,139,139,0,2.25,-2.25,-2.25,1,119,False
+,53,87,53,87,140,140,0,3.41015625,-3.41015625,-3.41015625,1,120,False
+,53,88,53,88,141,141,0,2.48828125,-2.48828125,-2.48828125,1,121,False
+,53,89,53,89,142,142,0,3.96875,-3.96875,-3.96875,1,122,False
+,53,90,53,90,143,143,0,0.62841796875,-0.62841796875,-0.62841796875,1,143,True
+,53,91,53,91,144,144,0,1.9169921875,-1.9169921875,-1.9169921875,1,124,False
+,53,92,53,92,145,145,0,1.5908203125,-1.5908203125,-1.5908203125,1,125,False
+,53,93,53,93,146,146,0,0.7822265625,-0.7822265625,-0.7822265625,1,146,True
+,53,94,53,94,147,147,0,1.5048828125,-1.5048828125,-1.5048828125,1,137,False
+,53,95,53,95,148,148,0,1.662109375,-1.662109375,-1.662109375,1,138,False
+,53,96,53,96,149,149,0,0.828125,-0.828125,-0.828125,1,149,True
+,53,97,53,97,150,150,0,3.24609375,-3.24609375,-3.24609375,1,60,False
+,53,98,53,98,151,151,0,2.701171875,-2.701171875,-2.701171875,1,141,False
+,53,99,53,99,152,152,0,3.26953125,-3.26953125,-3.26953125,1,142,False
+,53,100,53,100,153,153,0,0.1826171875,-0.1826171875,-0.1826171875,1,153,True
+,54,1,54,1,55,55,11,0.015777587890625,-0.015777587890625,-0.015777587890625,1,55,True
+,54,2,54,2,56,56,3,0.104248046875,-0.104248046875,-0.104248046875,1,56,True
+,54,3,54,3,57,57,1,0.01050567626953125,-0.01050567626953125,-0.01050567626953125,1,57,True
+,54,4,54,4,58,58,3,0.01029205322265625,-0.01029205322265625,-0.01029205322265625,1,58,True
+,54,5,54,5,59,59,2,0.0043487548828125,-0.0043487548828125,-0.0043487548828125,1,59,True
+,54,6,54,6,60,60,1,0.00983428955078125,-0.00983428955078125,-0.00983428955078125,1,60,True
+,54,7,54,7,61,61,1,0.00490570068359375,-0.00490570068359375,-0.00490570068359375,1,61,True
+,54,8,54,8,62,62,2,0.10357666015625,-0.10357666015625,-0.10357666015625,1,62,True
+,54,9,54,9,63,63,3,0.001750946044921875,-0.001750946044921875,-0.001750946044921875,1,63,True
+,54,10,54,10,64,64,1,0.0045928955078125,-0.0045928955078125,-0.0045928955078125,1,64,True
+,54,11,54,11,65,65,2,0.0016431808471679688,-0.0016431808471679688,-0.0016431808471679688,1,65,True
+,54,12,54,12,66,66,4,0.01232147216796875,-0.01232147216796875,-0.01232147216796875,1,66,True
+,54,13,54,13,67,67,2,0.00649261474609375,-0.00649261474609375,-0.00649261474609375,1,67,True
+,54,14,54,14,68,68,3,0.1405029296875,-0.1405029296875,-0.1405029296875,1,68,True
+,54,15,54,15,69,69,1,0.0073699951171875,-0.0073699951171875,-0.0073699951171875,1,69,True
+,54,16,54,16,70,70,0,0.053802490234375,-0.053802490234375,-0.053802490234375,1,70,True
+,54,17,54,17,71,71,0,0.9248046875,-0.9248046875,-0.9248046875,1,61,False
+,54,18,54,18,72,72,1,0.2646484375,-0.2646484375,-0.2646484375,1,72,True
+,54,19,54,19,73,73,0,0.12481689453125,-0.12481689453125,-0.12481689453125,1,73,True
+,54,20,54,20,74,74,3,0.05853271484375,-0.05853271484375,-0.05853271484375,1,74,True
+,54,21,54,21,75,75,1,0.041534423828125,-0.041534423828125,-0.041534423828125,1,75,True
+,54,22,54,22,76,76,2,0.031341552734375,-0.031341552734375,-0.031341552734375,1,76,True
+,54,23,54,23,77,77,1,0.311767578125,-0.311767578125,-0.311767578125,1,77,True
+,54,24,54,24,78,78,2,0.1485595703125,-0.1485595703125,-0.1485595703125,1,78,True
+,54,25,54,25,79,79,1,0.1397705078125,-0.1397705078125,-0.1397705078125,1,79,True
+,54,26,54,26,80,80,0,0.038726806640625,-0.038726806640625,-0.038726806640625,1,80,True
+,54,27,54,27,81,81,3,0.0128631591796875,-0.0128631591796875,-0.0128631591796875,1,81,True
+,54,28,54,28,82,82,2,0.0166778564453125,-0.0166778564453125,-0.0166778564453125,1,82,True
+,54,29,54,29,83,83,0,0.00490570068359375,-0.00490570068359375,-0.00490570068359375,1,83,True
+,54,30,54,30,84,84,0,0.0192108154296875,-0.0192108154296875,-0.0192108154296875,1,84,True
+,54,31,54,31,85,85,1,0.1256103515625,-0.1256103515625,-0.1256103515625,1,85,True
+,54,32,54,32,86,86,1,0.0244293212890625,-0.0244293212890625,-0.0244293212890625,1,86,True
+,54,33,54,33,87,87,0,0.0672607421875,-0.0672607421875,-0.0672607421875,1,87,True
+,54,34,54,34,88,88,0,0.591796875,-0.591796875,-0.591796875,1,88,True
+,54,35,54,35,89,89,0,0.047698974609375,-0.047698974609375,-0.047698974609375,1,89,True
+,54,36,54,36,90,90,2,0.031402587890625,-0.031402587890625,-0.031402587890625,1,90,True
+,54,37,54,37,91,91,0,0.0762939453125,-0.0762939453125,-0.0762939453125,1,91,True
+,54,38,54,38,92,92,0,0.1441650390625,-0.1441650390625,-0.1441650390625,1,92,True
+,54,39,54,39,93,93,0,0.0205230712890625,-0.0205230712890625,-0.0205230712890625,1,93,True
+,54,40,54,40,94,94,0,0.0299224853515625,-0.0299224853515625,-0.0299224853515625,1,94,True
+,54,41,54,41,95,95,0,0.0224761962890625,-0.0224761962890625,-0.0224761962890625,1,95,True
+,54,42,54,42,96,96,1,0.0228271484375,-0.0228271484375,-0.0228271484375,1,96,True
+,54,43,54,43,97,97,0,0.047027587890625,-0.047027587890625,-0.047027587890625,1,97,True
+,54,44,54,44,98,98,0,0.00370025634765625,-0.00370025634765625,-0.00370025634765625,1,98,True
+,54,45,54,45,99,99,2,0.0107879638671875,-0.0107879638671875,-0.0107879638671875,1,99,True
+,54,46,54,46,100,100,0,0.04931640625,-0.04931640625,-0.04931640625,1,100,True
+,54,47,54,47,101,101,1,0.07415771484375,-0.07415771484375,-0.07415771484375,1,101,True
+,54,48,54,48,102,102,1,0.2010498046875,-0.2010498046875,-0.2010498046875,1,102,True
+,54,49,54,49,103,103,0,0.01116180419921875,-0.01116180419921875,-0.01116180419921875,1,103,True
+,54,50,54,50,104,104,0,0.0182037353515625,-0.0182037353515625,-0.0182037353515625,1,104,True
+,54,51,54,51,105,105,0,0.0538330078125,-0.0538330078125,-0.0538330078125,1,105,True
+,54,52,54,52,106,106,0,0.0712890625,-0.0712890625,-0.0712890625,1,106,True
+,54,53,54,53,107,107,2,0.02490234375,-0.02490234375,-0.02490234375,1,107,True
+,54,54,54,54,108,108,6,0.12176513671875,-0.12176513671875,-0.12176513671875,1,108,True
+,54,55,54,55,109,109,0,0.11871337890625,-0.11871337890625,-0.11871337890625,1,109,True
+,54,56,54,56,110,110,1,0.0391845703125,-0.0391845703125,-0.0391845703125,1,110,True
+,54,57,54,57,111,111,0,0.0159454345703125,-0.0159454345703125,-0.0159454345703125,1,111,True
+,54,58,54,58,112,112,0,0.02386474609375,-0.02386474609375,-0.02386474609375,1,112,True
+,54,59,54,59,113,113,0,2.2578125,-2.2578125,-2.2578125,1,103,False
+,54,60,54,60,114,114,0,0.0261993408203125,-0.0261993408203125,-0.0261993408203125,1,114,True
+,54,61,54,61,115,115,0,0.55517578125,-0.55517578125,-0.55517578125,1,115,True
+,54,62,54,62,116,116,0,1.720703125,-1.720703125,-1.720703125,1,106,False
+,54,63,54,63,117,117,0,0.05535888671875,-0.05535888671875,-0.05535888671875,1,117,True
+,54,64,54,64,118,118,0,1.8076171875,-1.8076171875,-1.8076171875,1,98,False
+,54,65,54,65,119,119,0,0.49951171875,-0.49951171875,-0.49951171875,1,119,True
+,54,66,54,66,120,120,0,0.0268096923828125,-0.0268096923828125,-0.0268096923828125,1,120,True
+,54,67,54,67,121,121,0,1.2646484375,-1.2646484375,-1.2646484375,1,121,True
+,54,68,54,68,122,122,0,0.027313232421875,-0.027313232421875,-0.027313232421875,1,122,True
+,54,69,54,69,123,123,0,0.22119140625,-0.22119140625,-0.22119140625,1,123,True
+,54,70,54,70,124,124,0,0.5849609375,-0.5849609375,-0.5849609375,1,124,True
+,54,71,54,71,125,125,0,0.724609375,-0.724609375,-0.724609375,1,125,True
+,54,72,54,72,126,126,0,0.251220703125,-0.251220703125,-0.251220703125,1,126,True
+,54,73,54,73,127,127,0,3.0859375,-3.0859375,-3.0859375,1,107,False
+,54,74,54,74,128,128,0,4.7890625,-4.7890625,-4.7890625,1,98,False
+,54,75,54,75,129,129,0,0.1478271484375,-0.1478271484375,-0.1478271484375,1,129,True
+,54,76,54,76,130,130,0,2.982421875,-2.982421875,-2.982421875,1,110,False
+,54,77,54,77,131,131,0,1.7451171875,-1.7451171875,-1.7451171875,1,121,False
+,54,78,54,78,132,132,0,0.64111328125,-0.64111328125,-0.64111328125,1,132,True
+,54,79,54,79,133,133,0,2.091796875,-2.091796875,-2.091796875,1,143,False
+,54,80,54,80,134,134,0,0.166748046875,-0.166748046875,-0.166748046875,1,134,True
+,54,81,54,81,135,135,1,0.1728515625,-0.1728515625,-0.1728515625,1,135,True
+,54,82,54,82,136,136,0,2.662109375,-2.662109375,-2.662109375,1,116,False
+,54,83,54,83,137,137,0,1.1025390625,-1.1025390625,-1.1025390625,1,127,False
+,54,84,54,84,138,138,1,0.5439453125,-0.5439453125,-0.5439453125,1,138,True
+,54,85,54,85,139,139,0,1.6875,-1.6875,-1.6875,1,119,False
+,54,86,54,86,140,140,0,0.705078125,-0.705078125,-0.705078125,1,140,True
+,54,87,54,87,141,141,0,1.0224609375,-1.0224609375,-1.0224609375,1,141,True
+,54,88,54,88,142,142,0,3.658203125,-3.658203125,-3.658203125,1,122,False
+,54,89,54,89,143,143,0,0.049591064453125,-0.049591064453125,-0.049591064453125,1,143,True
+,54,90,54,90,144,144,0,0.03814697265625,-0.03814697265625,-0.03814697265625,1,144,True
+,54,91,54,91,145,145,0,1.4384765625,-1.4384765625,-1.4384765625,1,125,False
+,54,92,54,92,146,146,0,0.5234375,-0.5234375,-0.5234375,1,146,True
+,54,93,54,93,147,147,0,0.273193359375,-0.273193359375,-0.273193359375,1,147,True
+,54,94,54,94,148,148,0,0.98828125,-0.98828125,-0.98828125,1,148,True
+,54,95,54,95,149,149,0,0.6982421875,-0.6982421875,-0.6982421875,1,149,True
+,54,96,54,96,150,150,0,0.463134765625,-0.463134765625,-0.463134765625,1,150,True
+,54,97,54,97,151,151,0,1.9658203125,-1.9658203125,-1.9658203125,1,131,False
+,54,98,54,98,152,152,0,0.73486328125,-0.73486328125,-0.73486328125,1,152,True
+,54,99,54,99,153,153,0,0.030029296875,-0.030029296875,-0.030029296875,1,153,True
+,54,100,54,100,154,154,1,0.09002685546875,-0.09002685546875,-0.09002685546875,1,154,True
+,55,1,55,1,56,56,5,0.07403564453125,-0.07403564453125,-0.07403564453125,1,56,True
+,55,2,55,2,57,57,0,0.05877685546875,-0.05877685546875,-0.05877685546875,1,57,True
+,55,3,55,3,58,58,2,0.052886962890625,-0.052886962890625,-0.052886962890625,1,58,True
+,55,4,55,4,59,59,2,0.0193939208984375,-0.0193939208984375,-0.0193939208984375,1,59,True
+,55,5,55,5,60,60,2,0.0276947021484375,-0.0276947021484375,-0.0276947021484375,1,60,True
+,55,6,55,6,61,61,0,0.0172576904296875,-0.0172576904296875,-0.0172576904296875,1,61,True
+,55,7,55,7,62,62,0,0.09039306640625,-0.09039306640625,-0.09039306640625,1,62,True
+,55,8,55,8,63,63,2,0.041046142578125,-0.041046142578125,-0.041046142578125,1,63,True
+,55,9,55,9,64,64,0,0.063232421875,-0.063232421875,-0.063232421875,1,64,True
+,55,10,55,10,65,65,2,0.0058441162109375,-0.0058441162109375,-0.0058441162109375,1,65,True
+,55,11,55,11,66,66,2,0.004932403564453125,-0.004932403564453125,-0.004932403564453125,1,66,True
+,55,12,55,12,67,67,1,0.0469970703125,-0.0469970703125,-0.0469970703125,1,67,True
+,55,13,55,13,68,68,0,0.26416015625,-0.26416015625,-0.26416015625,1,68,True
+,55,14,55,14,69,69,0,0.08154296875,-0.08154296875,-0.08154296875,1,69,True
+,55,15,55,15,70,70,4,0.2978515625,-0.2978515625,-0.2978515625,1,70,True
+,55,16,55,16,71,71,0,0.2440185546875,-0.2440185546875,-0.2440185546875,1,71,True
+,55,17,55,17,72,72,0,0.94677734375,-0.94677734375,-0.94677734375,1,62,False
+,55,18,55,18,73,73,1,0.01499176025390625,-0.01499176025390625,-0.01499176025390625,1,73,True
+,55,19,55,19,74,74,0,0.63427734375,-0.63427734375,-0.63427734375,1,74,True
+,55,20,55,20,75,75,0,0.0166168212890625,-0.0166168212890625,-0.0166168212890625,1,75,True
+,55,21,55,21,76,76,2,0.88330078125,-0.88330078125,-0.88330078125,1,66,False
+,55,22,55,22,77,77,2,0.80224609375,-0.80224609375,-0.80224609375,1,77,True
+,55,23,55,23,78,78,0,0.2177734375,-0.2177734375,-0.2177734375,1,78,True
+,55,24,55,24,79,79,0,0.03546142578125,-0.03546142578125,-0.03546142578125,1,79,True
+,55,25,55,25,80,80,2,0.88232421875,-0.88232421875,-0.88232421875,1,70,False
+,55,26,55,26,81,81,0,0.09552001953125,-0.09552001953125,-0.09552001953125,1,81,True
+,55,27,55,27,82,82,1,0.164794921875,-0.164794921875,-0.164794921875,1,82,True
+,55,28,55,28,83,83,0,0.225830078125,-0.225830078125,-0.225830078125,1,83,True
+,55,29,55,29,84,84,0,0.392822265625,-0.392822265625,-0.392822265625,1,84,True
+,55,30,55,30,85,85,1,0.0229339599609375,-0.0229339599609375,-0.0229339599609375,1,85,True
+,55,31,55,31,86,86,1,0.038055419921875,-0.038055419921875,-0.038055419921875,1,86,True
+,55,32,55,32,87,87,2,0.068115234375,-0.068115234375,-0.068115234375,1,87,True
+,55,33,55,33,88,88,0,0.12255859375,-0.12255859375,-0.12255859375,1,88,True
+,55,34,55,34,89,89,4,0.94970703125,-0.94970703125,-0.94970703125,1,79,False
+,55,35,55,35,90,90,2,0.1298828125,-0.1298828125,-0.1298828125,1,90,True
+,55,36,55,36,91,91,2,0.049652099609375,-0.049652099609375,-0.049652099609375,1,91,True
+,55,37,55,37,92,92,1,0.60009765625,-0.60009765625,-0.60009765625,1,92,True
+,55,38,55,38,93,93,0,0.1484375,-0.1484375,-0.1484375,1,93,True
+,55,39,55,39,94,94,0,0.228271484375,-0.228271484375,-0.228271484375,1,94,True
+,55,40,55,40,95,95,5,0.0254669189453125,-0.0254669189453125,-0.0254669189453125,1,95,True
+,55,41,55,41,96,96,0,0.2509765625,-0.2509765625,-0.2509765625,1,96,True
+,55,42,55,42,97,97,0,0.11212158203125,-0.11212158203125,-0.11212158203125,1,97,True
+,55,43,55,43,98,98,0,0.096923828125,-0.096923828125,-0.096923828125,1,98,True
+,55,44,55,44,99,99,0,0.0266571044921875,-0.0266571044921875,-0.0266571044921875,1,99,True
+,55,45,55,45,100,100,2,0.1363525390625,-0.1363525390625,-0.1363525390625,1,100,True
+,55,46,55,46,101,101,0,0.27001953125,-0.27001953125,-0.27001953125,1,101,True
+,55,47,55,47,102,102,1,0.3955078125,-0.3955078125,-0.3955078125,1,102,True
+,55,48,55,48,103,103,0,0.0025768280029296875,-0.0025768280029296875,-0.0025768280029296875,1,103,True
+,55,49,55,49,104,104,0,0.08148193359375,-0.08148193359375,-0.08148193359375,1,104,True
+,55,50,55,50,105,105,3,0.313720703125,-0.313720703125,-0.313720703125,1,105,True
+,55,51,55,51,106,106,0,0.0155029296875,-0.0155029296875,-0.0155029296875,1,106,True
+,55,52,55,52,107,107,0,0.09991455078125,-0.09991455078125,-0.09991455078125,1,107,True
+,55,53,55,53,108,108,0,0.0828857421875,-0.0828857421875,-0.0828857421875,1,108,True
+,55,54,55,54,109,109,0,0.34033203125,-0.34033203125,-0.34033203125,1,109,True
+,55,55,55,55,110,110,11,0.00494384765625,-0.00494384765625,-0.00494384765625,1,110,True
+,55,56,55,56,111,111,0,0.016815185546875,-0.016815185546875,-0.016815185546875,1,111,True
+,55,57,55,57,112,112,0,0.0271759033203125,-0.0271759033203125,-0.0271759033203125,1,112,True
+,55,58,55,58,113,113,0,2.279296875,-2.279296875,-2.279296875,1,103,False
+,55,59,55,59,114,114,1,0.4931640625,-0.4931640625,-0.4931640625,1,114,True
+,55,60,55,60,115,115,3,0.033233642578125,-0.033233642578125,-0.033233642578125,1,115,True
+,55,61,55,61,116,116,0,2.818359375,-2.818359375,-2.818359375,1,106,False
+,55,62,55,62,117,117,0,0.85302734375,-0.85302734375,-0.85302734375,1,117,True
+,55,63,55,63,118,118,0,0.609375,-0.609375,-0.609375,1,118,True
+,55,64,55,64,119,119,0,0.62255859375,-0.62255859375,-0.62255859375,1,119,True
+,55,65,55,65,120,120,4,0.8779296875,-0.8779296875,-0.8779296875,1,120,True
+,55,66,55,66,121,121,1,0.24267578125,-0.24267578125,-0.24267578125,1,121,True
+,55,67,55,67,122,122,0,1.5546875,-1.5546875,-1.5546875,1,112,False
+,55,68,55,68,123,123,0,1.1689453125,-1.1689453125,-1.1689453125,1,103,False
+,55,69,55,69,124,124,0,2.666015625,-2.666015625,-2.666015625,1,94,False
+,55,70,55,70,125,125,0,1.51171875,-1.51171875,-1.51171875,1,135,False
+,55,71,55,71,126,126,0,1.8779296875,-1.8779296875,-1.8779296875,1,106,False
+,55,72,55,72,127,127,0,1.001953125,-1.001953125,-1.001953125,1,107,False
+,55,73,55,73,128,128,0,4.78125,-4.78125,-4.78125,1,98,False
+,55,74,55,74,129,129,0,2.732421875,-2.732421875,-2.732421875,1,99,False
+,55,75,55,75,130,130,1,0.9755859375,-0.9755859375,-0.9755859375,1,130,True
+,55,76,55,76,131,131,0,0.517578125,-0.517578125,-0.517578125,1,131,True
+,55,77,55,77,132,132,0,3.5546875,-3.5546875,-3.5546875,1,122,False
+,55,78,55,78,133,133,0,1.3291015625,-1.3291015625,-1.3291015625,1,103,False
+,55,79,55,79,134,134,0,2.298828125,-2.298828125,-2.298828125,1,114,False
+,55,80,55,80,135,135,1,0.1903076171875,-0.1903076171875,-0.1903076171875,1,135,True
+,55,81,55,81,136,136,0,1.7099609375,-1.7099609375,-1.7099609375,1,126,False
+,55,82,55,82,137,137,0,2.46875,-2.46875,-2.46875,1,117,False
+,55,83,55,83,138,138,0,2.705078125,-2.705078125,-2.705078125,1,118,False
+,55,84,55,84,139,139,0,1.380859375,-1.380859375,-1.380859375,1,119,False
+,55,85,55,85,140,140,0,2.501953125,-2.501953125,-2.501953125,1,130,False
+,55,86,55,86,141,141,0,0.97607421875,-0.97607421875,-0.97607421875,1,141,True
+,55,87,55,87,142,142,0,2.564453125,-2.564453125,-2.564453125,1,122,False
+,55,88,55,88,143,143,0,1.4580078125,-1.4580078125,-1.4580078125,1,123,False
+,55,89,55,89,144,144,3,1.0546875,-1.0546875,-1.0546875,1,134,False
+,55,90,55,90,145,145,1,0.2186279296875,-0.2186279296875,-0.2186279296875,1,145,True
+,55,91,55,91,146,146,0,1.7158203125,-1.7158203125,-1.7158203125,1,126,False
+,55,92,55,92,147,147,0,0.79052734375,-0.79052734375,-0.79052734375,1,147,True
+,55,93,55,93,148,148,0,0.82666015625,-0.82666015625,-0.82666015625,1,148,True
+,55,94,55,94,149,149,0,0.982421875,-0.982421875,-0.982421875,1,149,True
+,55,95,55,95,150,150,0,1.673828125,-1.673828125,-1.673828125,1,140,False
+,55,96,55,96,151,151,0,2.009765625,-2.009765625,-2.009765625,1,131,False
+,55,97,55,97,152,152,0,1.619140625,-1.619140625,-1.619140625,1,62,False
+,55,98,55,98,153,153,0,0.8515625,-0.8515625,-0.8515625,1,153,True
+,55,99,55,99,154,154,0,1.7587890625,-1.7587890625,-1.7587890625,1,164,False
+,55,100,55,100,155,155,2,0.489501953125,-0.489501953125,-0.489501953125,1,155,True
+,56,1,56,1,57,57,3,0.256103515625,-0.256103515625,-0.256103515625,1,57,True
+,56,2,56,2,58,58,2,0.266845703125,-0.266845703125,-0.266845703125,1,58,True
+,56,3,56,3,59,59,0,0.28271484375,-0.28271484375,-0.28271484375,1,59,True
+,56,4,56,4,60,60,3,0.037567138671875,-0.037567138671875,-0.037567138671875,1,60,True
+,56,5,56,5,61,61,2,0.00888824462890625,-0.00888824462890625,-0.00888824462890625,1,61,True
+,56,6,56,6,62,62,0,0.019256591796875,-0.019256591796875,-0.019256591796875,1,62,True
+,56,7,56,7,63,63,2,0.039154052734375,-0.039154052734375,-0.039154052734375,1,63,True
+,56,8,56,8,64,64,5,0.0618896484375,-0.0618896484375,-0.0618896484375,1,64,True
+,56,9,56,9,65,65,0,0.0091400146484375,-0.0091400146484375,-0.0091400146484375,1,65,True
+,56,10,56,10,66,66,2,0.00356292724609375,-0.00356292724609375,-0.00356292724609375,1,66,True
+,56,11,56,11,67,67,1,0.0787353515625,-0.0787353515625,-0.0787353515625,1,67,True
+,56,12,56,12,68,68,1,0.326171875,-0.326171875,-0.326171875,1,68,True
+,56,13,56,13,69,69,0,0.04443359375,-0.04443359375,-0.04443359375,1,69,True
+,56,14,56,14,70,70,2,0.12646484375,-0.12646484375,-0.12646484375,1,70,True
+,56,15,56,15,71,71,0,0.0171966552734375,-0.0171966552734375,-0.0171966552734375,1,71,True
+,56,16,56,16,72,72,2,0.09271240234375,-0.09271240234375,-0.09271240234375,1,72,True
+,56,17,56,17,73,73,0,0.171630859375,-0.171630859375,-0.171630859375,1,73,True
+,56,18,56,18,74,74,0,0.0281829833984375,-0.0281829833984375,-0.0281829833984375,1,74,True
+,56,19,56,19,75,75,0,0.09271240234375,-0.09271240234375,-0.09271240234375,1,75,True
+,56,20,56,20,76,76,3,0.0308685302734375,-0.0308685302734375,-0.0308685302734375,1,76,True
+,56,21,56,21,77,77,1,0.25341796875,-0.25341796875,-0.25341796875,1,77,True
+,56,22,56,22,78,78,1,0.240234375,-0.240234375,-0.240234375,1,78,True
+,56,23,56,23,79,79,1,0.1397705078125,-0.1397705078125,-0.1397705078125,1,79,True
+,56,24,56,24,80,80,2,0.2998046875,-0.2998046875,-0.2998046875,1,80,True
+,56,25,56,25,81,81,1,0.3603515625,-0.3603515625,-0.3603515625,1,81,True
+,56,26,56,26,82,82,0,0.021514892578125,-0.021514892578125,-0.021514892578125,1,82,True
+,56,27,56,27,83,83,0,0.042327880859375,-0.042327880859375,-0.042327880859375,1,83,True
+,56,28,56,28,84,84,3,0.09100341796875,-0.09100341796875,-0.09100341796875,1,84,True
+,56,29,56,29,85,85,1,0.156494140625,-0.156494140625,-0.156494140625,1,85,True
+,56,30,56,30,86,86,3,0.006572723388671875,-0.006572723388671875,-0.006572723388671875,1,86,True
+,56,31,56,31,87,87,0,0.11016845703125,-0.11016845703125,-0.11016845703125,1,87,True
+,56,32,56,32,88,88,3,1.3828125,-1.3828125,-1.3828125,1,80,False
+,56,33,56,33,89,89,1,0.3134765625,-0.3134765625,-0.3134765625,1,89,True
+,56,34,56,34,90,90,0,0.830078125,-0.830078125,-0.830078125,1,90,True
+,56,35,56,35,91,91,0,1.333984375,-1.333984375,-1.333984375,1,81,False
+,56,36,56,36,92,92,3,0.11627197265625,-0.11627197265625,-0.11627197265625,1,92,True
+,56,37,56,37,93,93,0,0.12200927734375,-0.12200927734375,-0.12200927734375,1,93,True
+,56,38,56,38,94,94,0,0.1463623046875,-0.1463623046875,-0.1463623046875,1,94,True
+,56,39,56,39,95,95,0,0.039215087890625,-0.039215087890625,-0.039215087890625,1,95,True
+,56,40,56,40,96,96,3,0.07073974609375,-0.07073974609375,-0.07073974609375,1,96,True
+,56,41,56,41,97,97,0,0.03973388671875,-0.03973388671875,-0.03973388671875,1,97,True
+,56,42,56,42,98,98,0,0.098876953125,-0.098876953125,-0.098876953125,1,98,True
+,56,43,56,43,99,99,0,0.006259918212890625,-0.006259918212890625,-0.006259918212890625,1,99,True
+,56,44,56,44,100,100,0,0.12457275390625,-0.12457275390625,-0.12457275390625,1,100,True
+,56,45,56,45,101,101,1,0.10589599609375,-0.10589599609375,-0.10589599609375,1,101,True
+,56,46,56,46,102,102,0,0.05633544921875,-0.05633544921875,-0.05633544921875,1,102,True
+,56,47,56,47,103,103,1,0.034912109375,-0.034912109375,-0.034912109375,1,103,True
+,56,48,56,48,104,104,0,0.1925048828125,-0.1925048828125,-0.1925048828125,1,104,True
+,56,49,56,49,105,105,0,0.1053466796875,-0.1053466796875,-0.1053466796875,1,105,True
+,56,50,56,50,106,106,3,0.01885986328125,-0.01885986328125,-0.01885986328125,1,106,True
+,56,51,56,51,107,107,0,0.0220794677734375,-0.0220794677734375,-0.0220794677734375,1,107,True
+,56,52,56,52,108,108,0,0.6806640625,-0.6806640625,-0.6806640625,1,108,True
+,56,53,56,53,109,109,0,0.79248046875,-0.79248046875,-0.79248046875,1,109,True
+,56,54,56,54,110,110,0,0.057098388671875,-0.057098388671875,-0.057098388671875,1,110,True
+,56,55,56,55,111,111,1,0.0311126708984375,-0.0311126708984375,-0.0311126708984375,1,111,True
+,56,56,56,56,112,112,2,0.29541015625,-0.29541015625,-0.29541015625,1,112,True
+,56,57,56,57,113,113,0,0.0736083984375,-0.0736083984375,-0.0736083984375,1,113,True
+,56,58,56,58,114,114,0,0.033447265625,-0.033447265625,-0.033447265625,1,114,True
+,56,59,56,59,115,115,0,0.1048583984375,-0.1048583984375,-0.1048583984375,1,115,True
+,56,60,56,60,116,116,0,0.040191650390625,-0.040191650390625,-0.040191650390625,1,116,True
+,56,61,56,61,117,117,0,1.205078125,-1.205078125,-1.205078125,1,107,False
+,56,62,56,62,118,118,0,0.5595703125,-0.5595703125,-0.5595703125,1,118,True
+,56,63,56,63,119,119,0,0.0299530029296875,-0.0299530029296875,-0.0299530029296875,1,119,True
+,56,64,56,64,120,120,2,0.4248046875,-0.4248046875,-0.4248046875,1,120,True
+,56,65,56,65,121,121,3,0.662109375,-0.662109375,-0.662109375,1,121,True
+,56,66,56,66,122,122,0,0.00655364990234375,-0.00655364990234375,-0.00655364990234375,1,122,True
+,56,67,56,67,123,123,0,0.447509765625,-0.447509765625,-0.447509765625,1,123,True
+,56,68,56,68,124,124,0,0.1705322265625,-0.1705322265625,-0.1705322265625,1,124,True
+,56,69,56,69,125,125,0,0.20849609375,-0.20849609375,-0.20849609375,1,125,True
+,56,70,56,70,126,126,2,0.1771240234375,-0.1771240234375,-0.1771240234375,1,126,True
+,56,71,56,71,127,127,0,1.0693359375,-1.0693359375,-1.0693359375,1,107,False
+,56,72,56,72,128,128,0,2.87890625,-2.87890625,-2.87890625,1,119,False
+,56,73,56,73,129,129,0,1.4677734375,-1.4677734375,-1.4677734375,1,129,True
+,56,74,56,74,130,130,0,3.376953125,-3.376953125,-3.376953125,1,110,False
+,56,75,56,75,131,131,0,0.1209716796875,-0.1209716796875,-0.1209716796875,1,131,True
+,56,76,56,76,132,132,0,0.2344970703125,-0.2344970703125,-0.2344970703125,1,132,True
+,56,77,56,77,133,133,0,1.48046875,-1.48046875,-1.48046875,1,123,False
+,56,78,56,78,134,134,1,0.14404296875,-0.14404296875,-0.14404296875,1,134,True
+,56,79,56,79,135,135,0,0.2344970703125,-0.2344970703125,-0.2344970703125,1,135,True
+,56,80,56,80,136,136,1,0.126708984375,-0.126708984375,-0.126708984375,1,136,True
+,56,81,56,81,137,137,0,1.650390625,-1.650390625,-1.650390625,1,127,False
+,56,82,56,82,138,138,0,0.7099609375,-0.7099609375,-0.7099609375,1,138,True
+,56,83,56,83,139,139,0,1.130859375,-1.130859375,-1.130859375,1,119,False
+,56,84,56,84,140,140,1,0.68115234375,-0.68115234375,-0.68115234375,1,140,True
+,56,85,56,85,141,141,0,1.4169921875,-1.4169921875,-1.4169921875,1,121,False
+,56,86,56,86,142,142,0,1.4560546875,-1.4560546875,-1.4560546875,1,122,False
+,56,87,56,87,143,143,0,0.1656494140625,-0.1656494140625,-0.1656494140625,1,143,True
+,56,88,56,88,144,144,0,2.953125,-2.953125,-2.953125,1,124,False
+,56,89,56,89,145,145,1,0.80029296875,-0.80029296875,-0.80029296875,1,145,True
+,56,90,56,90,146,146,1,0.484375,-0.484375,-0.484375,1,146,True
+,56,91,56,91,147,147,0,1.7939453125,-1.7939453125,-1.7939453125,1,127,False
+,56,92,56,92,148,148,0,2.734375,-2.734375,-2.734375,1,140,False
+,56,93,56,93,149,149,1,0.8447265625,-0.8447265625,-0.8447265625,1,149,True
+,56,94,56,94,150,150,0,1.939453125,-1.939453125,-1.939453125,1,130,False
+,56,95,56,95,151,151,0,2.9140625,-2.9140625,-2.9140625,1,131,False
+,56,96,56,96,152,152,0,1.892578125,-1.892578125,-1.892578125,1,140,False
+,56,97,56,97,153,153,0,2.32421875,-2.32421875,-2.32421875,1,143,False
+,56,98,56,98,154,154,0,1.3115234375,-1.3115234375,-1.3115234375,1,154,True
+,56,99,56,99,155,155,0,0.78076171875,-0.78076171875,-0.78076171875,1,155,True
+,56,100,56,100,156,156,0,1.3603515625,-1.3603515625,-1.3603515625,1,136,False
+,57,1,57,1,58,58,3,0.2181396484375,-0.2181396484375,-0.2181396484375,1,58,True
+,57,2,57,2,59,59,5,3.65625,-3.65625,-3.65625,1,61,False
+,57,3,57,3,60,60,7,0.025726318359375,-0.025726318359375,-0.025726318359375,1,60,True
+,57,4,57,4,61,61,1,0.0039215087890625,-0.0039215087890625,-0.0039215087890625,1,61,True
+,57,5,57,5,62,62,2,0.0198822021484375,-0.0198822021484375,-0.0198822021484375,1,62,True
+,57,6,57,6,63,63,2,0.039306640625,-0.039306640625,-0.039306640625,1,63,True
+,57,7,57,7,64,64,1,0.288330078125,-0.288330078125,-0.288330078125,1,64,True
+,57,8,57,8,65,65,0,0.0176239013671875,-0.0176239013671875,-0.0176239013671875,1,65,True
+,57,9,57,9,66,66,1,0.06256103515625,-0.06256103515625,-0.06256103515625,1,66,True
+,57,10,57,10,67,67,0,0.00496673583984375,-0.00496673583984375,-0.00496673583984375,1,67,True
+,57,11,57,11,68,68,2,0.289306640625,-0.289306640625,-0.289306640625,1,68,True
+,57,12,57,12,69,69,1,0.07489013671875,-0.07489013671875,-0.07489013671875,1,69,True
+,57,13,57,13,70,70,1,0.3701171875,-0.3701171875,-0.3701171875,1,70,True
+,57,14,57,14,71,71,1,0.483154296875,-0.483154296875,-0.483154296875,1,71,True
+,57,15,57,15,72,72,0,0.265625,-0.265625,-0.265625,1,72,True
+,57,16,57,16,73,73,1,0.501953125,-0.501953125,-0.501953125,1,73,True
+,57,17,57,17,74,74,0,2.56640625,-2.56640625,-2.56640625,1,64,False
+,57,18,57,18,75,75,0,0.12213134765625,-0.12213134765625,-0.12213134765625,1,75,True
+,57,19,57,19,76,76,1,0.1734619140625,-0.1734619140625,-0.1734619140625,1,76,True
+,57,20,57,20,77,77,1,0.1480712890625,-0.1480712890625,-0.1480712890625,1,77,True
+,57,21,57,21,78,78,0,0.65576171875,-0.65576171875,-0.65576171875,1,78,True
+,57,22,57,22,79,79,0,0.29443359375,-0.29443359375,-0.29443359375,1,79,True
+,57,23,57,23,80,80,0,1.5087890625,-1.5087890625,-1.5087890625,1,70,False
+,57,24,57,24,81,81,1,0.0218505859375,-0.0218505859375,-0.0218505859375,1,81,True
+,57,25,57,25,82,82,0,0.099609375,-0.099609375,-0.099609375,1,82,True
+,57,26,57,26,83,83,0,0.021728515625,-0.021728515625,-0.021728515625,1,83,True
+,57,27,57,27,84,84,0,0.266357421875,-0.266357421875,-0.266357421875,1,84,True
+,57,28,57,28,85,85,0,0.07073974609375,-0.07073974609375,-0.07073974609375,1,85,True
+,57,29,57,29,86,86,0,0.045989990234375,-0.045989990234375,-0.045989990234375,1,86,True
+,57,30,57,30,87,87,0,0.038818359375,-0.038818359375,-0.038818359375,1,87,True
+,57,31,57,31,88,88,1,0.4814453125,-0.4814453125,-0.4814453125,1,88,True
+,57,32,57,32,89,89,2,0.364013671875,-0.364013671875,-0.364013671875,1,89,True
+,57,33,57,33,90,90,1,0.0675048828125,-0.0675048828125,-0.0675048828125,1,90,True
+,57,34,57,34,91,91,1,0.75,-0.75,-0.75,1,91,True
+,57,35,57,35,92,92,1,0.1455078125,-0.1455078125,-0.1455078125,1,92,True
+,57,36,57,36,93,93,0,0.11895751953125,-0.11895751953125,-0.11895751953125,1,93,True
+,57,37,57,37,94,94,0,1.017578125,-1.017578125,-1.017578125,1,94,True
+,57,38,57,38,95,95,2,0.1533203125,-0.1533203125,-0.1533203125,1,95,True
+,57,39,57,39,96,96,0,0.040435791015625,-0.040435791015625,-0.040435791015625,1,96,True
+,57,40,57,40,97,97,1,0.308349609375,-0.308349609375,-0.308349609375,1,97,True
+,57,41,57,41,98,98,0,0.11236572265625,-0.11236572265625,-0.11236572265625,1,98,True
+,57,42,57,42,99,99,1,0.0806884765625,-0.0806884765625,-0.0806884765625,1,99,True
+,57,43,57,43,100,100,1,0.458984375,-0.458984375,-0.458984375,1,100,True
+,57,44,57,44,101,101,0,0.30224609375,-0.30224609375,-0.30224609375,1,101,True
+,57,45,57,45,102,102,0,0.090576171875,-0.090576171875,-0.090576171875,1,102,True
+,57,46,57,46,103,103,0,0.08978271484375,-0.08978271484375,-0.08978271484375,1,103,True
+,57,47,57,47,104,104,0,0.411865234375,-0.411865234375,-0.411865234375,1,104,True
+,57,48,57,48,105,105,0,0.029571533203125,-0.029571533203125,-0.029571533203125,1,105,True
+,57,49,57,49,106,106,0,0.117919921875,-0.117919921875,-0.117919921875,1,106,True
+,57,50,57,50,107,107,0,0.04449462890625,-0.04449462890625,-0.04449462890625,1,107,True
+,57,51,57,51,108,108,2,0.1912841796875,-0.1912841796875,-0.1912841796875,1,108,True
+,57,52,57,52,109,109,0,0.57666015625,-0.57666015625,-0.57666015625,1,109,True
+,57,53,57,53,110,110,0,0.117919921875,-0.117919921875,-0.117919921875,1,110,True
+,57,54,57,54,111,111,0,0.041778564453125,-0.041778564453125,-0.041778564453125,1,111,True
+,57,55,57,55,112,112,0,0.15380859375,-0.15380859375,-0.15380859375,1,112,True
+,57,56,57,56,113,113,0,0.1612548828125,-0.1612548828125,-0.1612548828125,1,113,True
+,57,57,57,57,114,114,4,0.5390625,-0.5390625,-0.5390625,1,114,True
+,57,58,57,58,115,115,0,0.2232666015625,-0.2232666015625,-0.2232666015625,1,115,True
+,57,59,57,59,116,116,0,0.330810546875,-0.330810546875,-0.330810546875,1,116,True
+,57,60,57,60,117,117,0,0.0081024169921875,-0.0081024169921875,-0.0081024169921875,1,117,True
+,57,61,57,61,118,118,0,1.0224609375,-1.0224609375,-1.0224609375,1,118,True
+,57,62,57,62,119,119,0,0.75048828125,-0.75048828125,-0.75048828125,1,119,True
+,57,63,57,63,120,120,0,0.0826416015625,-0.0826416015625,-0.0826416015625,1,120,True
+,57,64,57,64,121,121,1,1.0048828125,-1.0048828125,-1.0048828125,1,131,False
+,57,65,57,65,122,122,1,0.1715087890625,-0.1715087890625,-0.1715087890625,1,122,True
+,57,66,57,66,123,123,0,0.203857421875,-0.203857421875,-0.203857421875,1,123,True
+,57,67,57,67,124,124,0,0.72216796875,-0.72216796875,-0.72216796875,1,124,True
+,57,68,57,68,125,125,4,0.3271484375,-0.3271484375,-0.3271484375,1,125,True
+,57,69,57,69,126,126,0,0.89208984375,-0.89208984375,-0.89208984375,1,126,True
+,57,70,57,70,127,127,0,0.388916015625,-0.388916015625,-0.388916015625,1,127,True
+,57,71,57,71,128,128,0,2.09765625,-2.09765625,-2.09765625,1,110,False
+,57,72,57,72,129,129,0,0.8271484375,-0.8271484375,-0.8271484375,1,129,True
+,57,73,57,73,130,130,0,1.2705078125,-1.2705078125,-1.2705078125,1,130,True
+,57,74,57,74,131,131,0,0.405517578125,-0.405517578125,-0.405517578125,1,131,True
+,57,75,57,75,132,132,3,0.090576171875,-0.090576171875,-0.090576171875,1,132,True
+,57,76,57,76,133,133,1,1.2060546875,-1.2060546875,-1.2060546875,1,125,False
+,57,77,57,77,134,134,0,1.15625,-1.15625,-1.15625,1,134,True
+,57,78,57,78,135,135,0,0.40185546875,-0.40185546875,-0.40185546875,1,135,True
+,57,79,57,79,136,136,0,0.865234375,-0.865234375,-0.865234375,1,136,True
+,57,80,57,80,137,137,0,0.34228515625,-0.34228515625,-0.34228515625,1,137,True
+,57,81,57,81,138,138,0,0.99658203125,-0.99658203125,-0.99658203125,1,138,True
+,57,82,57,82,139,139,0,1.1962890625,-1.1962890625,-1.1962890625,1,119,False
+,57,83,57,83,140,140,0,1.0322265625,-1.0322265625,-1.0322265625,1,130,False
+,57,84,57,84,141,141,0,0.1683349609375,-0.1683349609375,-0.1683349609375,1,141,True
+,57,85,57,85,142,142,0,1.419921875,-1.419921875,-1.419921875,1,122,False
+,57,86,57,86,143,143,1,0.054290771484375,-0.054290771484375,-0.054290771484375,1,143,True
+,57,87,57,87,144,144,0,0.87890625,-0.87890625,-0.87890625,1,144,True
+,57,88,57,88,145,145,0,0.49853515625,-0.49853515625,-0.49853515625,1,145,True
+,57,89,57,89,146,146,0,0.3759765625,-0.3759765625,-0.3759765625,1,146,True
+,57,90,57,90,147,147,0,1.185546875,-1.185546875,-1.185546875,1,147,True
+,57,91,57,91,148,148,0,3.1171875,-3.1171875,-3.1171875,1,140,False
+,57,92,57,92,149,149,1,0.8193359375,-0.8193359375,-0.8193359375,1,149,True
+,57,93,57,93,150,150,0,1.173828125,-1.173828125,-1.173828125,1,140,False
+,57,94,57,94,151,151,0,2.236328125,-2.236328125,-2.236328125,1,131,False
+,57,95,57,95,152,152,0,2.080078125,-2.080078125,-2.080078125,1,142,False
+,57,96,57,96,153,153,0,1.349609375,-1.349609375,-1.349609375,1,145,False
+,57,97,57,97,154,154,0,2.255859375,-2.255859375,-2.255859375,1,146,False
+,57,98,57,98,155,155,0,0.95751953125,-0.95751953125,-0.95751953125,1,145,False
+,57,99,57,99,156,156,0,0.423095703125,-0.423095703125,-0.423095703125,1,156,True
+,57,100,57,100,157,157,0,1.0576171875,-1.0576171875,-1.0576171875,1,137,False
+,58,1,58,1,59,59,5,0.02545166015625,-0.02545166015625,-0.02545166015625,1,59,True
+,58,2,58,2,60,60,1,0.054901123046875,-0.054901123046875,-0.054901123046875,1,60,True
+,58,3,58,3,61,61,0,0.0006513595581054688,-0.0006513595581054688,-0.0006513595581054688,1,61,True
+,58,4,58,4,62,62,2,0.0080718994140625,-0.0080718994140625,-0.0080718994140625,1,62,True
+,58,5,58,5,63,63,0,0.033477783203125,-0.033477783203125,-0.033477783203125,1,63,True
+,58,6,58,6,64,64,3,0.07177734375,-0.07177734375,-0.07177734375,1,64,True
+,58,7,58,7,65,65,2,0.04620361328125,-0.04620361328125,-0.04620361328125,1,65,True
+,58,8,58,8,66,66,2,0.00940704345703125,-0.00940704345703125,-0.00940704345703125,1,66,True
+,58,9,58,9,67,67,0,0.0118255615234375,-0.0118255615234375,-0.0118255615234375,1,67,True
+,58,10,58,10,68,68,1,0.016845703125,-0.016845703125,-0.016845703125,1,68,True
+,58,11,58,11,69,69,3,0.011505126953125,-0.011505126953125,-0.011505126953125,1,69,True
+,58,12,58,12,70,70,1,0.04766845703125,-0.04766845703125,-0.04766845703125,1,70,True
+,58,13,58,13,71,71,0,0.0374755859375,-0.0374755859375,-0.0374755859375,1,71,True
+,58,14,58,14,72,72,0,0.193359375,-0.193359375,-0.193359375,1,72,True
+,58,15,58,15,73,73,0,0.07952880859375,-0.07952880859375,-0.07952880859375,1,73,True
+,58,16,58,16,74,74,1,0.68115234375,-0.68115234375,-0.68115234375,1,74,True
+,58,17,58,17,75,75,1,0.1903076171875,-0.1903076171875,-0.1903076171875,1,75,True
+,58,18,58,18,76,76,1,0.0251312255859375,-0.0251312255859375,-0.0251312255859375,1,76,True
+,58,19,58,19,77,77,1,0.23876953125,-0.23876953125,-0.23876953125,1,77,True
+,58,20,58,20,78,78,1,0.03643798828125,-0.03643798828125,-0.03643798828125,1,78,True
+,58,21,58,21,79,79,0,0.144287109375,-0.144287109375,-0.144287109375,1,79,True
+,58,22,58,22,80,80,1,0.75,-0.75,-0.75,1,80,True
+,58,23,58,23,81,81,1,0.642578125,-0.642578125,-0.642578125,1,81,True
+,58,24,58,24,82,82,0,0.0469970703125,-0.0469970703125,-0.0469970703125,1,82,True
+,58,25,58,25,83,83,0,0.16943359375,-0.16943359375,-0.16943359375,1,83,True
+,58,26,58,26,84,84,0,0.0172576904296875,-0.0172576904296875,-0.0172576904296875,1,84,True
+,58,27,58,27,85,85,0,0.26708984375,-0.26708984375,-0.26708984375,1,85,True
+,58,28,58,28,86,86,0,0.327392578125,-0.327392578125,-0.327392578125,1,86,True
+,58,29,58,29,87,87,0,0.032806396484375,-0.032806396484375,-0.032806396484375,1,87,True
+,58,30,58,30,88,88,0,0.0921630859375,-0.0921630859375,-0.0921630859375,1,88,True
+,58,31,58,31,89,89,1,0.34716796875,-0.34716796875,-0.34716796875,1,89,True
+,58,32,58,32,90,90,0,0.11785888671875,-0.11785888671875,-0.11785888671875,1,90,True
+,58,33,58,33,91,91,0,0.006725311279296875,-0.006725311279296875,-0.006725311279296875,1,91,True
+,58,34,58,34,92,92,0,1.595703125,-1.595703125,-1.595703125,1,82,False
+,58,35,58,35,93,93,0,0.1551513671875,-0.1551513671875,-0.1551513671875,1,93,True
+,58,36,58,36,94,94,0,0.242431640625,-0.242431640625,-0.242431640625,1,94,True
+,58,37,58,37,95,95,0,0.408447265625,-0.408447265625,-0.408447265625,1,95,True
+,58,38,58,38,96,96,0,0.1641845703125,-0.1641845703125,-0.1641845703125,1,96,True
+,58,39,58,39,97,97,1,0.324951171875,-0.324951171875,-0.324951171875,1,97,True
+,58,40,58,40,98,98,0,0.08447265625,-0.08447265625,-0.08447265625,1,98,True
+,58,41,58,41,99,99,0,0.12408447265625,-0.12408447265625,-0.12408447265625,1,99,True
+,58,42,58,42,100,100,1,0.2391357421875,-0.2391357421875,-0.2391357421875,1,100,True
+,58,43,58,43,101,101,0,3.72265625,-3.72265625,-3.72265625,1,91,False
+,58,44,58,44,102,102,0,0.124267578125,-0.124267578125,-0.124267578125,1,102,True
+,58,45,58,45,103,103,0,0.404541015625,-0.404541015625,-0.404541015625,1,103,True
+,58,46,58,46,104,104,0,0.43994140625,-0.43994140625,-0.43994140625,1,104,True
+,58,47,58,47,105,105,0,1.3857421875,-1.3857421875,-1.3857421875,1,115,False
+,58,48,58,48,106,106,0,0.295166015625,-0.295166015625,-0.295166015625,1,106,True
+,58,49,58,49,107,107,0,0.412353515625,-0.412353515625,-0.412353515625,1,107,True
+,58,50,58,50,108,108,1,0.0560302734375,-0.0560302734375,-0.0560302734375,1,108,True
+,58,51,58,51,109,109,0,1.4072265625,-1.4072265625,-1.4072265625,1,119,False
+,58,52,58,52,110,110,1,0.0867919921875,-0.0867919921875,-0.0867919921875,1,110,True
+,58,53,58,53,111,111,0,0.295654296875,-0.295654296875,-0.295654296875,1,111,True
+,58,54,58,54,112,112,0,0.1751708984375,-0.1751708984375,-0.1751708984375,1,112,True
+,58,55,58,55,113,113,0,1.974609375,-1.974609375,-1.974609375,1,103,False
+,58,56,58,56,114,114,0,0.2734375,-0.2734375,-0.2734375,1,114,True
+,58,57,58,57,115,115,0,0.298095703125,-0.298095703125,-0.298095703125,1,115,True
+,58,58,58,58,116,116,3,0.701171875,-0.701171875,-0.701171875,1,116,True
+,58,59,58,59,117,117,0,1.0791015625,-1.0791015625,-1.0791015625,1,119,False
+,58,60,58,60,118,118,1,0.0205535888671875,-0.0205535888671875,-0.0205535888671875,1,118,True
+,58,61,58,61,119,119,0,0.1905517578125,-0.1905517578125,-0.1905517578125,1,119,True
+,58,62,58,62,120,120,0,0.471435546875,-0.471435546875,-0.471435546875,1,120,True
+,58,63,58,63,121,121,0,0.496826171875,-0.496826171875,-0.496826171875,1,121,True
+,58,64,58,64,122,122,3,0.11956787109375,-0.11956787109375,-0.11956787109375,1,122,True
+,58,65,58,65,123,123,0,0.67626953125,-0.67626953125,-0.67626953125,1,123,True
+,58,66,58,66,124,124,0,0.0261077880859375,-0.0261077880859375,-0.0261077880859375,1,124,True
+,58,67,58,67,125,125,1,2.052734375,-2.052734375,-2.052734375,1,115,False
+,58,68,58,68,126,126,0,0.63671875,-0.63671875,-0.63671875,1,126,True
+,58,69,58,69,127,127,0,1.490234375,-1.490234375,-1.490234375,1,107,False
+,58,70,58,70,128,128,0,0.7333984375,-0.7333984375,-0.7333984375,1,128,True
+,58,71,58,71,129,129,0,3.529296875,-3.529296875,-3.529296875,1,119,False
+,58,72,58,72,130,130,1,0.60791015625,-0.60791015625,-0.60791015625,1,130,True
+,58,73,58,73,131,131,0,1.1015625,-1.1015625,-1.1015625,1,131,True
+,58,74,58,74,132,132,0,0.78271484375,-0.78271484375,-0.78271484375,1,132,True
+,58,75,58,75,133,133,0,1.142578125,-1.142578125,-1.142578125,1,143,False
+,58,76,58,76,134,134,0,0.5517578125,-0.5517578125,-0.5517578125,1,134,True
+,58,77,58,77,135,135,0,1.28125,-1.28125,-1.28125,1,125,False
+,58,78,58,78,136,136,0,2.42578125,-2.42578125,-2.42578125,1,116,False
+,58,79,58,79,137,137,0,1.3642578125,-1.3642578125,-1.3642578125,1,147,False
+,58,80,58,80,138,138,0,0.55712890625,-0.55712890625,-0.55712890625,1,138,True
+,58,81,58,81,139,139,0,0.68603515625,-0.68603515625,-0.68603515625,1,139,True
+,58,82,58,82,140,140,0,1.4921875,-1.4921875,-1.4921875,1,120,False
+,58,83,58,83,141,141,0,1.1484375,-1.1484375,-1.1484375,1,131,False
+,58,84,58,84,142,142,0,0.412109375,-0.412109375,-0.412109375,1,142,True
+,58,85,58,85,143,143,1,0.7568359375,-0.7568359375,-0.7568359375,1,143,True
+,58,86,58,86,144,144,0,0.050506591796875,-0.050506591796875,-0.050506591796875,1,144,True
+,58,87,58,87,145,145,0,1.087890625,-1.087890625,-1.087890625,1,145,True
+,58,88,58,88,146,146,0,0.79345703125,-0.79345703125,-0.79345703125,1,126,False
+,58,89,58,89,147,147,0,0.372802734375,-0.372802734375,-0.372802734375,1,147,True
+,58,90,58,90,148,148,7,0.89306640625,-0.89306640625,-0.89306640625,1,148,True
+,58,91,58,91,149,149,0,2.857421875,-2.857421875,-2.857421875,1,139,False
+,58,92,58,92,150,150,0,0.70849609375,-0.70849609375,-0.70849609375,1,150,True
+,58,93,58,93,151,151,0,0.2318115234375,-0.2318115234375,-0.2318115234375,1,151,True
+,58,94,58,94,152,152,0,2.564453125,-2.564453125,-2.564453125,1,142,False
+,58,95,58,95,153,153,0,2.96484375,-2.96484375,-2.96484375,1,143,False
+,58,96,58,96,154,154,0,0.72900390625,-0.72900390625,-0.72900390625,1,154,True
+,58,97,58,97,155,155,0,1.650390625,-1.650390625,-1.650390625,1,145,False
+,58,98,58,98,156,156,0,0.4501953125,-0.4501953125,-0.4501953125,1,156,True
+,58,99,58,99,157,157,0,1.0859375,-1.0859375,-1.0859375,1,157,True
+,58,100,58,100,158,158,0,2.27734375,-2.27734375,-2.27734375,1,138,False
+,59,1,59,1,60,60,4,0.114501953125,-0.114501953125,-0.114501953125,1,60,True
+,59,2,59,2,61,61,0,0.00060272216796875,-0.00060272216796875,-0.00060272216796875,1,61,True
+,59,3,59,3,62,62,0,0.068603515625,-0.068603515625,-0.068603515625,1,62,True
+,59,4,59,4,63,63,2,0.0033130645751953125,-0.0033130645751953125,-0.0033130645751953125,1,63,True
+,59,5,59,5,64,64,1,0.031219482421875,-0.031219482421875,-0.031219482421875,1,64,True
+,59,6,59,6,65,65,1,0.021453857421875,-0.021453857421875,-0.021453857421875,1,65,True
+,59,7,59,7,66,66,0,0.0416259765625,-0.0416259765625,-0.0416259765625,1,66,True
+,59,8,59,8,67,67,1,0.00321197509765625,-0.00321197509765625,-0.00321197509765625,1,67,True
+,59,9,59,9,68,68,0,0.01129150390625,-0.01129150390625,-0.01129150390625,1,68,True
+,59,10,59,10,69,69,1,0.001346588134765625,-0.001346588134765625,-0.001346588134765625,1,69,True
+,59,11,59,11,70,70,1,0.03546142578125,-0.03546142578125,-0.03546142578125,1,70,True
+,59,12,59,12,71,71,3,0.0018968582153320312,-0.0018968582153320312,-0.0018968582153320312,1,71,True
+,59,13,59,13,72,72,2,0.453125,-0.453125,-0.453125,1,72,True
+,59,14,59,14,73,73,1,0.034576416015625,-0.034576416015625,-0.034576416015625,1,73,True
+,59,15,59,15,74,74,0,0.7646484375,-0.7646484375,-0.7646484375,1,64,False
+,59,16,59,16,75,75,0,0.027618408203125,-0.027618408203125,-0.027618408203125,1,75,True
+,59,17,59,17,76,76,1,1.2265625,-1.2265625,-1.2265625,1,66,False
+,59,18,59,18,77,77,1,0.1986083984375,-0.1986083984375,-0.1986083984375,1,77,True
+,59,19,59,19,78,78,0,1.86328125,-1.86328125,-1.86328125,1,68,False
+,59,20,59,20,79,79,0,0.238525390625,-0.238525390625,-0.238525390625,1,79,True
+,59,21,59,21,80,80,0,1.7021484375,-1.7021484375,-1.7021484375,1,70,False
+,59,22,59,22,81,81,0,0.3486328125,-0.3486328125,-0.3486328125,1,81,True
+,59,23,59,23,82,82,0,0.78857421875,-0.78857421875,-0.78857421875,1,72,False
+,59,24,59,24,83,83,1,0.008514404296875,-0.008514404296875,-0.008514404296875,1,83,True
+,59,25,59,25,84,84,1,0.3974609375,-0.3974609375,-0.3974609375,1,84,True
+,59,26,59,26,85,85,0,0.11737060546875,-0.11737060546875,-0.11737060546875,1,85,True
+,59,27,59,27,86,86,0,0.427978515625,-0.427978515625,-0.427978515625,1,86,True
+,59,28,59,28,87,87,0,0.2198486328125,-0.2198486328125,-0.2198486328125,1,87,True
+,59,29,59,29,88,88,0,0.276611328125,-0.276611328125,-0.276611328125,1,88,True
+,59,30,59,30,89,89,1,0.054046630859375,-0.054046630859375,-0.054046630859375,1,89,True
+,59,31,59,31,90,90,1,0.26318359375,-0.26318359375,-0.26318359375,1,90,True
+,59,32,59,32,91,91,0,0.07757568359375,-0.07757568359375,-0.07757568359375,1,91,True
+,59,33,59,33,92,92,0,0.274658203125,-0.274658203125,-0.274658203125,1,92,True
+,59,34,59,34,93,93,0,2.083984375,-2.083984375,-2.083984375,1,83,False
+,59,35,59,35,94,94,0,0.2269287109375,-0.2269287109375,-0.2269287109375,1,94,True
+,59,36,59,36,95,95,0,0.055816650390625,-0.055816650390625,-0.055816650390625,1,95,True
+,59,37,59,37,96,96,0,0.1636962890625,-0.1636962890625,-0.1636962890625,1,96,True
+,59,38,59,38,97,97,0,0.455810546875,-0.455810546875,-0.455810546875,1,97,True
+,59,39,59,39,98,98,0,0.53076171875,-0.53076171875,-0.53076171875,1,98,True
+,59,40,59,40,99,99,0,0.290283203125,-0.290283203125,-0.290283203125,1,99,True
+,59,41,59,41,100,100,0,0.93359375,-0.93359375,-0.93359375,1,90,False
+,59,42,59,42,101,101,0,0.5068359375,-0.5068359375,-0.5068359375,1,101,True
+,59,43,59,43,102,102,1,0.5693359375,-0.5693359375,-0.5693359375,1,102,True
+,59,44,59,44,103,103,0,0.1553955078125,-0.1553955078125,-0.1553955078125,1,103,True
+,59,45,59,45,104,104,0,0.5029296875,-0.5029296875,-0.5029296875,1,104,True
+,59,46,59,46,105,105,0,0.83154296875,-0.83154296875,-0.83154296875,1,105,True
+,59,47,59,47,106,106,0,0.7236328125,-0.7236328125,-0.7236328125,1,106,True
+,59,48,59,48,107,107,0,0.06903076171875,-0.06903076171875,-0.06903076171875,1,107,True
+,59,49,59,49,108,108,1,0.90576171875,-0.90576171875,-0.90576171875,1,98,False
+,59,50,59,50,109,109,1,0.74658203125,-0.74658203125,-0.74658203125,1,109,True
+,59,51,59,51,110,110,0,0.06884765625,-0.06884765625,-0.06884765625,1,110,True
+,59,52,59,52,111,111,0,0.08599853515625,-0.08599853515625,-0.08599853515625,1,111,True
+,59,53,59,53,112,112,0,0.720703125,-0.720703125,-0.720703125,1,112,True
+,59,54,59,54,113,113,0,0.11962890625,-0.11962890625,-0.11962890625,1,113,True
+,59,55,59,55,114,114,0,0.144287109375,-0.144287109375,-0.144287109375,1,114,True
+,59,56,59,56,115,115,0,0.22216796875,-0.22216796875,-0.22216796875,1,115,True
+,59,57,59,57,116,116,0,0.03155517578125,-0.03155517578125,-0.03155517578125,1,116,True
+,59,58,59,58,117,117,0,0.327880859375,-0.327880859375,-0.327880859375,1,117,True
+,59,59,59,59,118,118,1,0.43603515625,-0.43603515625,-0.43603515625,1,118,True
+,59,60,59,60,119,119,3,0.057342529296875,-0.057342529296875,-0.057342529296875,1,119,True
+,59,61,59,61,120,120,1,0.98828125,-0.98828125,-0.98828125,1,120,True
+,59,62,59,62,121,121,0,0.77099609375,-0.77099609375,-0.77099609375,1,121,True
+,59,63,59,63,122,122,0,0.04339599609375,-0.04339599609375,-0.04339599609375,1,122,True
+,59,64,59,64,123,123,0,0.1571044921875,-0.1571044921875,-0.1571044921875,1,123,True
+,59,65,59,65,124,124,0,0.39794921875,-0.39794921875,-0.39794921875,1,124,True
+,59,66,59,66,125,125,0,0.1148681640625,-0.1148681640625,-0.1148681640625,1,125,True
+,59,67,59,67,126,126,0,1.216796875,-1.216796875,-1.216796875,1,116,False
+,59,68,59,68,127,127,0,0.640625,-0.640625,-0.640625,1,127,True
+,59,69,59,69,128,128,0,3.685546875,-3.685546875,-3.685546875,1,98,False
+,59,70,59,70,129,129,0,1.33984375,-1.33984375,-1.33984375,1,129,True
+,59,71,59,71,130,130,0,1.7177734375,-1.7177734375,-1.7177734375,1,120,False
+,59,72,59,72,131,131,0,0.130615234375,-0.130615234375,-0.130615234375,1,131,True
+,59,73,59,73,132,132,0,1.5234375,-1.5234375,-1.5234375,1,122,False
+,59,74,59,74,133,133,0,0.75439453125,-0.75439453125,-0.75439453125,1,133,True
+,59,75,59,75,134,134,0,0.21728515625,-0.21728515625,-0.21728515625,1,134,True
+,59,76,59,76,135,135,1,0.2412109375,-0.2412109375,-0.2412109375,1,135,True
+,59,77,59,77,136,136,0,1.3740234375,-1.3740234375,-1.3740234375,1,126,False
+,59,78,59,78,137,137,0,0.8662109375,-0.8662109375,-0.8662109375,1,137,True
+,59,79,59,79,138,138,0,2.126953125,-2.126953125,-2.126953125,1,118,False
+,59,80,59,80,139,139,0,0.444580078125,-0.444580078125,-0.444580078125,1,139,True
+,59,81,59,81,140,140,0,1.2724609375,-1.2724609375,-1.2724609375,1,140,True
+,59,82,59,82,141,141,0,1.6884765625,-1.6884765625,-1.6884765625,1,131,False
+,59,83,59,83,142,142,0,1.7490234375,-1.7490234375,-1.7490234375,1,122,False
+,59,84,59,84,143,143,0,0.1619873046875,-0.1619873046875,-0.1619873046875,1,143,True
+,59,85,59,85,144,144,1,1.353515625,-1.353515625,-1.353515625,1,134,False
+,59,86,59,86,145,145,0,1.41796875,-1.41796875,-1.41796875,1,135,False
+,59,87,59,87,146,146,0,2.001953125,-2.001953125,-2.001953125,1,136,False
+,59,88,59,88,147,147,0,0.9453125,-0.9453125,-0.9453125,1,147,True
+,59,89,59,89,148,148,0,2.404296875,-2.404296875,-2.404296875,1,138,False
+,59,90,59,90,149,149,0,0.732421875,-0.732421875,-0.732421875,1,149,True
+,59,91,59,91,150,150,0,2.599609375,-2.599609375,-2.599609375,1,140,False
+,59,92,59,92,151,151,0,1.5751953125,-1.5751953125,-1.5751953125,1,131,False
+,59,93,59,93,152,152,0,1.4365234375,-1.4365234375,-1.4365234375,1,142,False
+,59,94,59,94,153,153,0,4.48828125,-4.48828125,-4.48828125,1,143,False
+,59,95,59,95,154,154,4,1.826171875,-1.826171875,-1.826171875,1,144,False
+,59,96,59,96,155,155,0,0.20849609375,-0.20849609375,-0.20849609375,1,155,True
+,59,97,59,97,156,156,0,1.876953125,-1.876953125,-1.876953125,1,166,False
+,59,98,59,98,157,157,0,2.337890625,-2.337890625,-2.337890625,1,147,False
+,59,99,59,99,158,158,0,1.150390625,-1.150390625,-1.150390625,1,148,False
+,59,100,59,100,159,159,0,1.111328125,-1.111328125,-1.111328125,1,159,True
+,60,1,60,1,61,61,5,0.042236328125,-0.042236328125,-0.042236328125,1,61,True
+,60,2,60,2,62,62,6,0.016357421875,-0.016357421875,-0.016357421875,1,62,True
+,60,3,60,3,63,63,6,0.04644775390625,-0.04644775390625,-0.04644775390625,1,63,True
+,60,4,60,4,64,64,9,0.058502197265625,-0.058502197265625,-0.058502197265625,1,64,True
+,60,5,60,5,65,65,9,0.005191802978515625,-0.005191802978515625,-0.005191802978515625,1,65,True
+,60,6,60,6,66,66,10,0.01409912109375,-0.01409912109375,-0.01409912109375,1,66,True
+,60,7,60,7,67,67,4,0.06402587890625,-0.06402587890625,-0.06402587890625,1,67,True
+,60,8,60,8,68,68,2,0.023284912109375,-0.023284912109375,-0.023284912109375,1,68,True
+,60,9,60,9,69,69,6,0.006500244140625,-0.006500244140625,-0.006500244140625,1,69,True
+,60,10,60,10,70,70,11,0.0037822723388671875,-0.0037822723388671875,-0.0037822723388671875,1,70,True
+,60,11,60,11,71,71,5,0.01317596435546875,-0.01317596435546875,-0.01317596435546875,1,71,True
+,60,12,60,12,72,72,96,0.0601806640625,-0.0601806640625,-0.0601806640625,1,72,True
+,60,13,60,13,73,73,0,0.0289306640625,-0.0289306640625,-0.0289306640625,1,73,True
+,60,14,60,14,74,74,2,0.034942626953125,-0.034942626953125,-0.034942626953125,1,74,True
+,60,15,60,15,75,75,6,0.01103973388671875,-0.01103973388671875,-0.01103973388671875,1,75,True
+,60,16,60,16,76,76,3,0.0169525146484375,-0.0169525146484375,-0.0169525146484375,1,76,True
+,60,17,60,17,77,77,10,0.43212890625,-0.43212890625,-0.43212890625,1,77,True
+,60,18,60,18,78,78,1,0.029449462890625,-0.029449462890625,-0.029449462890625,1,78,True
+,60,19,60,19,79,79,1,0.00782012939453125,-0.00782012939453125,-0.00782012939453125,1,79,True
+,60,20,60,20,80,80,18,0.1318359375,-0.1318359375,-0.1318359375,1,80,True
+,60,21,60,21,81,81,4,0.298828125,-0.298828125,-0.298828125,1,81,True
+,60,22,60,22,82,82,1,0.047943115234375,-0.047943115234375,-0.047943115234375,1,82,True
+,60,23,60,23,83,83,0,0.3583984375,-0.3583984375,-0.3583984375,1,83,True
+,60,24,60,24,84,84,0,0.1031494140625,-0.1031494140625,-0.1031494140625,1,84,True
+,60,25,60,25,85,85,6,0.5166015625,-0.5166015625,-0.5166015625,1,85,True
+,60,26,60,26,86,86,1,0.1995849609375,-0.1995849609375,-0.1995849609375,1,86,True
+,60,27,60,27,87,87,0,0.07366943359375,-0.07366943359375,-0.07366943359375,1,87,True
+,60,28,60,28,88,88,1,1.138671875,-1.138671875,-1.138671875,1,68,False
+,60,29,60,29,89,89,0,0.80224609375,-0.80224609375,-0.80224609375,1,79,False
+,60,30,60,30,90,90,16,0.0030498504638671875,-0.0030498504638671875,-0.0030498504638671875,1,90,True
+,60,31,60,31,91,91,1,0.365478515625,-0.365478515625,-0.365478515625,1,91,True
+,60,32,60,32,92,92,3,0.03863525390625,-0.03863525390625,-0.03863525390625,1,92,True
+,60,33,60,33,93,93,0,0.006519317626953125,-0.006519317626953125,-0.006519317626953125,1,93,True
+,60,34,60,34,94,94,6,1.08984375,-1.08984375,-1.08984375,1,74,False
+,60,35,60,35,95,95,2,0.0662841796875,-0.0662841796875,-0.0662841796875,1,95,True
+,60,36,60,36,96,96,2,0.07257080078125,-0.07257080078125,-0.07257080078125,1,96,True
+,60,37,60,37,97,97,0,0.0618896484375,-0.0618896484375,-0.0618896484375,1,97,True
+,60,38,60,38,98,98,0,0.0157318115234375,-0.0157318115234375,-0.0157318115234375,1,98,True
+,60,39,60,39,99,99,1,0.0254669189453125,-0.0254669189453125,-0.0254669189453125,1,99,True
+,60,40,60,40,100,100,17,0.031982421875,-0.031982421875,-0.031982421875,1,100,True
+,60,41,60,41,101,101,0,0.9404296875,-0.9404296875,-0.9404296875,1,91,False
+,60,42,60,42,102,102,5,0.01541900634765625,-0.01541900634765625,-0.01541900634765625,1,102,True
+,60,43,60,43,103,103,0,0.2001953125,-0.2001953125,-0.2001953125,1,103,True
+,60,44,60,44,104,104,3,0.80029296875,-0.80029296875,-0.80029296875,1,124,False
+,60,45,60,45,105,105,8,0.114501953125,-0.114501953125,-0.114501953125,1,105,True
+,60,46,60,46,106,106,4,0.034149169921875,-0.034149169921875,-0.034149169921875,1,106,True
+,60,47,60,47,107,107,2,0.04766845703125,-0.04766845703125,-0.04766845703125,1,107,True
+,60,48,60,48,108,108,6,0.1033935546875,-0.1033935546875,-0.1033935546875,1,108,True
+,60,49,60,49,109,109,0,0.671875,-0.671875,-0.671875,1,109,True
+,60,50,60,50,110,110,11,0.054473876953125,-0.054473876953125,-0.054473876953125,1,110,True
+,60,51,60,51,111,111,3,0.1651611328125,-0.1651611328125,-0.1651611328125,1,111,True
+,60,52,60,52,112,112,1,0.39013671875,-0.39013671875,-0.39013671875,1,112,True
+,60,53,60,53,113,113,0,1.240234375,-1.240234375,-1.240234375,1,103,False
+,60,54,60,54,114,114,1,0.0191650390625,-0.0191650390625,-0.0191650390625,1,114,True
+,60,55,60,55,115,115,0,0.26171875,-0.26171875,-0.26171875,1,115,True
+,60,56,60,56,116,116,0,0.0036830902099609375,-0.0036830902099609375,-0.0036830902099609375,1,116,True
+,60,57,60,57,117,117,3,0.005306243896484375,-0.005306243896484375,-0.005306243896484375,1,117,True
+,60,58,60,58,118,118,3,0.01326751708984375,-0.01326751708984375,-0.01326751708984375,1,118,True
+,60,59,60,59,119,119,0,0.03631591796875,-0.03631591796875,-0.03631591796875,1,119,True
+,60,60,60,60,120,120,145,0.041595458984375,-0.041595458984375,-0.041595458984375,1,120,True
+,60,61,60,61,121,121,0,0.1011962890625,-0.1011962890625,-0.1011962890625,1,121,True
+,60,62,60,62,122,122,0,0.114990234375,-0.114990234375,-0.114990234375,1,122,True
+,60,63,60,63,123,123,1,0.024749755859375,-0.024749755859375,-0.024749755859375,1,123,True
+,60,64,60,64,124,124,1,0.035430908203125,-0.035430908203125,-0.035430908203125,1,124,True
+,60,65,60,65,125,125,4,0.04937744140625,-0.04937744140625,-0.04937744140625,1,125,True
+,60,66,60,66,126,126,0,0.01495361328125,-0.01495361328125,-0.01495361328125,1,126,True
+,60,67,60,67,127,127,0,0.75439453125,-0.75439453125,-0.75439453125,1,127,True
+,60,68,60,68,128,128,0,0.6201171875,-0.6201171875,-0.6201171875,1,128,True
+,60,69,60,69,129,129,0,0.74609375,-0.74609375,-0.74609375,1,129,True
+,60,70,60,70,130,130,6,0.232666015625,-0.232666015625,-0.232666015625,1,130,True
+,60,71,60,71,131,131,0,0.4677734375,-0.4677734375,-0.4677734375,1,131,True
+,60,72,60,72,132,132,3,0.180908203125,-0.180908203125,-0.180908203125,1,132,True
+,60,73,60,73,133,133,0,1.51171875,-1.51171875,-1.51171875,1,103,False
+,60,74,60,74,134,134,0,0.67578125,-0.67578125,-0.67578125,1,134,True
+,60,75,60,75,135,135,1,0.01641845703125,-0.01641845703125,-0.01641845703125,1,135,True
+,60,76,60,76,136,136,0,0.70556640625,-0.70556640625,-0.70556640625,1,136,True
+,60,77,60,77,137,137,0,0.443603515625,-0.443603515625,-0.443603515625,1,137,True
+,60,78,60,78,138,138,0,0.3212890625,-0.3212890625,-0.3212890625,1,138,True
+,60,79,60,79,139,139,0,1.458984375,-1.458984375,-1.458984375,1,119,False
+,60,80,60,80,140,140,7,0.046142578125,-0.046142578125,-0.046142578125,1,140,True
+,60,81,60,81,141,141,0,0.44482421875,-0.44482421875,-0.44482421875,1,141,True
+,60,82,60,82,142,142,0,1.4208984375,-1.4208984375,-1.4208984375,1,122,False
+,60,83,60,83,143,143,0,0.1494140625,-0.1494140625,-0.1494140625,1,143,True
+,60,84,60,84,144,144,0,0.09759521484375,-0.09759521484375,-0.09759521484375,1,144,True
+,60,85,60,85,145,145,1,0.47265625,-0.47265625,-0.47265625,1,145,True
+,60,86,60,86,146,146,0,0.701171875,-0.701171875,-0.701171875,1,146,True
+,60,87,60,87,147,147,0,0.7861328125,-0.7861328125,-0.7861328125,1,147,True
+,60,88,60,88,148,148,0,0.342529296875,-0.342529296875,-0.342529296875,1,148,True
+,60,89,60,89,149,149,0,0.81201171875,-0.81201171875,-0.81201171875,1,149,True
+,60,90,60,90,150,150,7,0.093994140625,-0.093994140625,-0.093994140625,1,150,True
+,60,91,60,91,151,151,1,0.80712890625,-0.80712890625,-0.80712890625,1,131,False
+,60,92,60,92,152,152,0,0.3017578125,-0.3017578125,-0.3017578125,1,152,True
+,60,93,60,93,153,153,0,0.0865478515625,-0.0865478515625,-0.0865478515625,1,153,True
+,60,94,60,94,154,154,1,0.55224609375,-0.55224609375,-0.55224609375,1,154,True
+,60,95,60,95,155,155,0,0.06658935546875,-0.06658935546875,-0.06658935546875,1,155,True
+,60,96,60,96,156,156,2,0.0802001953125,-0.0802001953125,-0.0802001953125,1,156,True
+,60,97,60,97,157,157,0,1.4814453125,-1.4814453125,-1.4814453125,1,137,False
+,60,98,60,98,158,158,0,0.1927490234375,-0.1927490234375,-0.1927490234375,1,158,True
+,60,99,60,99,159,159,0,0.295654296875,-0.295654296875,-0.295654296875,1,159,True
+,60,100,60,100,160,160,1,2.705078125,-2.705078125,-2.705078125,1,140,False
+,61,1,61,1,62,62,0,0.033416748046875,-0.033416748046875,-0.033416748046875,1,62,True
+,61,2,61,2,63,63,4,0.0011081695556640625,-0.0011081695556640625,-0.0011081695556640625,1,63,True
+,61,3,61,3,64,64,2,0.063232421875,-0.063232421875,-0.063232421875,1,64,True
+,61,4,61,4,65,65,1,0.042266845703125,-0.042266845703125,-0.042266845703125,1,65,True
+,61,5,61,5,66,66,1,0.01355743408203125,-0.01355743408203125,-0.01355743408203125,1,66,True
+,61,6,61,6,67,67,0,0.012359619140625,-0.012359619140625,-0.012359619140625,1,67,True
+,61,7,61,7,68,68,1,0.0633544921875,-0.0633544921875,-0.0633544921875,1,68,True
+,61,8,61,8,69,69,0,0.1328125,-0.1328125,-0.1328125,1,69,True
+,61,9,61,9,70,70,0,0.0231781005859375,-0.0231781005859375,-0.0231781005859375,1,70,True
+,61,10,61,10,71,71,2,0.00411224365234375,-0.00411224365234375,-0.00411224365234375,1,71,True
+,61,11,61,11,72,72,0,0.10650634765625,-0.10650634765625,-0.10650634765625,1,72,True
+,61,12,61,12,73,73,0,0.0191192626953125,-0.0191192626953125,-0.0191192626953125,1,73,True
+,61,13,61,13,74,74,0,0.209716796875,-0.209716796875,-0.209716796875,1,74,True
+,61,14,61,14,75,75,0,0.3251953125,-0.3251953125,-0.3251953125,1,75,True
+,61,15,61,15,76,76,0,0.236083984375,-0.236083984375,-0.236083984375,1,76,True
+,61,16,61,16,77,77,1,1.59375,-1.59375,-1.59375,1,67,False
+,61,17,61,17,78,78,0,0.81640625,-0.81640625,-0.81640625,1,68,False
+,61,18,61,18,79,79,1,0.414794921875,-0.414794921875,-0.414794921875,1,79,True
+,61,19,61,19,80,80,1,0.96240234375,-0.96240234375,-0.96240234375,1,70,False
+,61,20,61,20,81,81,0,0.787109375,-0.787109375,-0.787109375,1,71,False
+,61,21,61,21,82,82,0,0.437744140625,-0.437744140625,-0.437744140625,1,82,True
+,61,22,61,22,83,83,0,0.265869140625,-0.265869140625,-0.265869140625,1,83,True
+,61,23,61,23,84,84,1,1.943359375,-1.943359375,-1.943359375,1,74,False
+,61,24,61,24,85,85,0,1.798828125,-1.798828125,-1.798828125,1,75,False
+,61,25,61,25,86,86,0,2.333984375,-2.333984375,-2.333984375,1,76,False
+,61,26,61,26,87,87,1,0.9990234375,-0.9990234375,-0.9990234375,1,77,False
+,61,27,61,27,88,88,0,0.80908203125,-0.80908203125,-0.80908203125,1,88,True
+,61,28,61,28,89,89,0,1.6552734375,-1.6552734375,-1.6552734375,1,79,False
+,61,29,61,29,90,90,0,1.7509765625,-1.7509765625,-1.7509765625,1,80,False
+,61,30,61,30,91,91,3,0.1903076171875,-0.1903076171875,-0.1903076171875,1,91,True
+,61,31,61,31,92,92,1,2.9609375,-2.9609375,-2.9609375,1,82,False
+,61,32,61,32,93,93,1,0.7451171875,-0.7451171875,-0.7451171875,1,83,False
+,61,33,61,33,94,94,0,0.833984375,-0.833984375,-0.833984375,1,94,True
+,61,34,61,34,95,95,0,2.5234375,-2.5234375,-2.5234375,1,75,False
+,61,35,61,35,96,96,0,0.92431640625,-0.92431640625,-0.92431640625,1,86,False
+,61,36,61,36,97,97,0,0.405029296875,-0.405029296875,-0.405029296875,1,97,True
+,61,37,61,37,98,98,0,1.5546875,-1.5546875,-1.5546875,1,88,False
+,61,38,61,38,99,99,0,0.546875,-0.546875,-0.546875,1,99,True
+,61,39,61,39,100,100,0,2.48828125,-2.48828125,-2.48828125,1,80,False
+,61,40,61,40,101,101,0,2.23828125,-2.23828125,-2.23828125,1,91,False
+,61,41,61,41,102,102,0,1.7958984375,-1.7958984375,-1.7958984375,1,92,False
+,61,42,61,42,103,103,0,1.095703125,-1.095703125,-1.095703125,1,93,False
+,61,43,61,43,104,104,0,3.84375,-3.84375,-3.84375,1,94,False
+,61,44,61,44,105,105,0,1.892578125,-1.892578125,-1.892578125,1,95,False
+,61,45,61,45,106,106,0,0.1680908203125,-0.1680908203125,-0.1680908203125,1,106,True
+,61,46,61,46,107,107,0,1.072265625,-1.072265625,-1.072265625,1,107,True
+,61,47,61,47,108,108,0,3.7109375,-3.7109375,-3.7109375,1,98,False
+,61,48,61,48,109,109,0,2.265625,-2.265625,-2.265625,1,119,False
+,61,49,61,49,110,110,0,1.9677734375,-1.9677734375,-1.9677734375,1,100,False
+,61,50,61,50,111,111,0,1.205078125,-1.205078125,-1.205078125,1,111,True
+,61,51,61,51,112,112,0,1.669921875,-1.669921875,-1.669921875,1,122,False
+,61,52,61,52,113,113,0,2.134765625,-2.134765625,-2.134765625,1,103,False
+,61,53,61,53,114,114,1,1.587890625,-1.587890625,-1.587890625,1,104,False
+,61,54,61,54,115,115,1,0.63037109375,-0.63037109375,-0.63037109375,1,115,True
+,61,55,61,55,116,116,0,0.478271484375,-0.478271484375,-0.478271484375,1,116,True
+,61,56,61,56,117,117,1,0.45654296875,-0.45654296875,-0.45654296875,1,117,True
+,61,57,61,57,118,118,1,0.197265625,-0.197265625,-0.197265625,1,118,True
+,61,58,61,58,119,119,0,0.1629638671875,-0.1629638671875,-0.1629638671875,1,119,True
+,61,59,61,59,120,120,1,0.31103515625,-0.31103515625,-0.31103515625,1,120,True
+,61,60,61,60,121,121,1,0.197509765625,-0.197509765625,-0.197509765625,1,121,True
+,61,61,61,61,122,122,2,1.15234375,-1.15234375,-1.15234375,1,122,True
+,61,62,61,62,123,123,0,2.291015625,-2.291015625,-2.291015625,1,93,False
+,61,63,61,63,124,124,1,0.31982421875,-0.31982421875,-0.31982421875,1,124,True
+,61,64,61,64,125,125,3,2.13671875,-2.13671875,-2.13671875,1,135,False
+,61,65,61,65,126,126,0,0.63330078125,-0.63330078125,-0.63330078125,1,126,True
+,61,66,61,66,127,127,0,0.82177734375,-0.82177734375,-0.82177734375,1,137,False
+,61,67,61,67,128,128,0,2.279296875,-2.279296875,-2.279296875,1,118,False
+,61,68,61,68,129,129,0,2.353515625,-2.353515625,-2.353515625,1,139,False
+,61,69,61,69,130,130,0,1.865234375,-1.865234375,-1.865234375,1,100,False
+,61,70,61,70,131,131,0,1.162109375,-1.162109375,-1.162109375,1,131,True
+,61,71,61,71,132,132,0,1.7294921875,-1.7294921875,-1.7294921875,1,122,False
+,61,72,61,72,133,133,0,1.2333984375,-1.2333984375,-1.2333984375,1,133,True
+,61,73,61,73,134,134,0,4.453125,-4.453125,-4.453125,1,94,False
+,61,74,61,74,135,135,0,1.591796875,-1.591796875,-1.591796875,1,135,True
+,61,75,61,75,136,136,0,1.123046875,-1.123046875,-1.123046875,1,136,True
+,61,76,61,76,137,137,0,1.779296875,-1.779296875,-1.779296875,1,147,False
+,61,77,61,77,138,138,0,2.205078125,-2.205078125,-2.205078125,1,98,False
+,61,78,61,78,139,139,0,1.4130859375,-1.4130859375,-1.4130859375,1,119,False
+,61,79,61,79,140,140,0,2.396484375,-2.396484375,-2.396484375,1,100,False
+,61,80,61,80,141,141,1,1.8857421875,-1.8857421875,-1.8857421875,1,131,False
+,61,81,61,81,142,142,0,1.8017578125,-1.8017578125,-1.8017578125,1,122,False
+,61,82,61,82,143,143,0,1.6748046875,-1.6748046875,-1.6748046875,1,93,False
+,61,83,61,83,144,144,0,2.2578125,-2.2578125,-2.2578125,1,104,False
+,61,84,61,84,145,145,0,0.84228515625,-0.84228515625,-0.84228515625,1,145,True
+,61,85,61,85,146,146,0,1.8623046875,-1.8623046875,-1.8623046875,1,136,False
+,61,86,61,86,147,147,0,1.7265625,-1.7265625,-1.7265625,1,147,True
+,61,87,61,87,148,148,0,3.97265625,-3.97265625,-3.97265625,1,118,False
+,61,88,61,88,149,149,0,2.546875,-2.546875,-2.546875,1,119,False
+,61,89,61,89,150,150,0,3.533203125,-3.533203125,-3.533203125,1,120,False
+,61,90,61,90,151,151,0,0.87158203125,-0.87158203125,-0.87158203125,1,151,True
+,61,91,61,91,152,152,1,1.8916015625,-1.8916015625,-1.8916015625,1,142,False
+,61,92,61,92,153,153,0,1.59765625,-1.59765625,-1.59765625,1,143,False
+,61,93,61,93,154,154,0,1.166015625,-1.166015625,-1.166015625,1,154,True
+,61,94,61,94,155,155,0,1.623046875,-1.623046875,-1.623046875,1,175,False
+,61,95,61,95,156,156,0,1.6611328125,-1.6611328125,-1.6611328125,1,166,False
+,61,96,61,96,157,157,0,1.5439453125,-1.5439453125,-1.5439453125,1,167,False
+,61,97,61,97,158,158,2,1.9794921875,-1.9794921875,-1.9794921875,1,118,False
+,61,98,61,98,159,159,1,1.1787109375,-1.1787109375,-1.1787109375,1,159,True
+,61,99,61,99,160,160,0,3.1328125,-3.1328125,-3.1328125,1,170,False
+,61,100,61,100,161,161,0,1.912109375,-1.912109375,-1.912109375,1,171,False
+,62,1,62,1,63,63,2,0.0035648345947265625,-0.0035648345947265625,-0.0035648345947265625,1,63,True
+,62,2,62,2,64,64,0,0.09210205078125,-0.09210205078125,-0.09210205078125,1,64,True
+,62,3,62,3,65,65,0,0.027496337890625,-0.027496337890625,-0.027496337890625,1,65,True
+,62,4,62,4,66,66,0,0.004810333251953125,-0.004810333251953125,-0.004810333251953125,1,66,True
+,62,5,62,5,67,67,0,0.0091094970703125,-0.0091094970703125,-0.0091094970703125,1,67,True
+,62,6,62,6,68,68,0,0.017425537109375,-0.017425537109375,-0.017425537109375,1,68,True
+,62,7,62,7,69,69,2,0.0841064453125,-0.0841064453125,-0.0841064453125,1,69,True
+,62,8,62,8,70,70,5,0.0188751220703125,-0.0188751220703125,-0.0188751220703125,1,70,True
+,62,9,62,9,71,71,0,0.0222625732421875,-0.0222625732421875,-0.0222625732421875,1,71,True
+,62,10,62,10,72,72,0,0.0054168701171875,-0.0054168701171875,-0.0054168701171875,1,72,True
+,62,11,62,11,73,73,0,0.0244598388671875,-0.0244598388671875,-0.0244598388671875,1,73,True
+,62,12,62,12,74,74,0,0.18798828125,-0.18798828125,-0.18798828125,1,74,True
+,62,13,62,13,75,75,0,0.201171875,-0.201171875,-0.201171875,1,75,True
+,62,14,62,14,76,76,1,0.33447265625,-0.33447265625,-0.33447265625,1,76,True
+,62,15,62,15,77,77,1,0.65380859375,-0.65380859375,-0.65380859375,1,77,True
+,62,16,62,16,78,78,0,0.418701171875,-0.418701171875,-0.418701171875,1,78,True
+,62,17,62,17,79,79,1,0.970703125,-0.970703125,-0.970703125,1,69,False
+,62,18,62,18,80,80,1,1.3583984375,-1.3583984375,-1.3583984375,1,70,False
+,62,19,62,19,81,81,0,0.2364501953125,-0.2364501953125,-0.2364501953125,1,81,True
+,62,20,62,20,82,82,0,0.1861572265625,-0.1861572265625,-0.1861572265625,1,82,True
+,62,21,62,21,83,83,0,0.380859375,-0.380859375,-0.380859375,1,83,True
+,62,22,62,22,84,84,0,0.63525390625,-0.63525390625,-0.63525390625,1,84,True
+,62,23,62,23,85,85,0,1.4755859375,-1.4755859375,-1.4755859375,1,75,False
+,62,24,62,24,86,86,2,0.230224609375,-0.230224609375,-0.230224609375,1,86,True
+,62,25,62,25,87,87,0,0.39599609375,-0.39599609375,-0.39599609375,1,87,True
+,62,26,62,26,88,88,2,1.1884765625,-1.1884765625,-1.1884765625,1,78,False
+,62,27,62,27,89,89,1,1.796875,-1.796875,-1.796875,1,79,False
+,62,28,62,28,90,90,0,0.5732421875,-0.5732421875,-0.5732421875,1,90,True
+,62,29,62,29,91,91,0,0.70361328125,-0.70361328125,-0.70361328125,1,91,True
+,62,30,62,30,92,92,0,0.15087890625,-0.15087890625,-0.15087890625,1,92,True
+,62,31,62,31,93,93,0,0.367431640625,-0.367431640625,-0.367431640625,1,93,True
+,62,32,62,32,94,94,0,1.1162109375,-1.1162109375,-1.1162109375,1,94,True
+,62,33,62,33,95,95,1,0.253173828125,-0.253173828125,-0.253173828125,1,95,True
+,62,34,62,34,96,96,0,0.830078125,-0.830078125,-0.830078125,1,96,True
+,62,35,62,35,97,97,0,0.33642578125,-0.33642578125,-0.33642578125,1,97,True
+,62,36,62,36,98,98,0,0.05169677734375,-0.05169677734375,-0.05169677734375,1,98,True
+,62,37,62,37,99,99,0,0.216552734375,-0.216552734375,-0.216552734375,1,99,True
+,62,38,62,38,100,100,0,0.1702880859375,-0.1702880859375,-0.1702880859375,1,100,True
+,62,39,62,39,101,101,0,2.970703125,-2.970703125,-2.970703125,1,91,False
+,62,40,62,40,102,102,1,0.336181640625,-0.336181640625,-0.336181640625,1,102,True
+,62,41,62,41,103,103,0,2.240234375,-2.240234375,-2.240234375,1,93,False
+,62,42,62,42,104,104,0,1.2802734375,-1.2802734375,-1.2802734375,1,94,False
+,62,43,62,43,105,105,0,1.5615234375,-1.5615234375,-1.5615234375,1,95,False
+,62,44,62,44,106,106,0,0.276611328125,-0.276611328125,-0.276611328125,1,106,True
+,62,45,62,45,107,107,0,0.47705078125,-0.47705078125,-0.47705078125,1,107,True
+,62,46,62,46,108,108,0,0.215576171875,-0.215576171875,-0.215576171875,1,108,True
+,62,47,62,47,109,109,0,2.443359375,-2.443359375,-2.443359375,1,99,False
+,62,48,62,48,110,110,1,0.49755859375,-0.49755859375,-0.49755859375,1,110,True
+,62,49,62,49,111,111,0,0.3955078125,-0.3955078125,-0.3955078125,1,111,True
+,62,50,62,50,112,112,1,0.5732421875,-0.5732421875,-0.5732421875,1,112,True
+,62,51,62,51,113,113,0,2.53125,-2.53125,-2.53125,1,133,False
+,62,52,62,52,114,114,0,0.62744140625,-0.62744140625,-0.62744140625,1,114,True
+,62,53,62,53,115,115,0,0.88037109375,-0.88037109375,-0.88037109375,1,115,True
+,62,54,62,54,116,116,0,0.092529296875,-0.092529296875,-0.092529296875,1,116,True
+,62,55,62,55,117,117,0,0.53369140625,-0.53369140625,-0.53369140625,1,117,True
+,62,56,62,56,118,118,0,0.53125,-0.53125,-0.53125,1,118,True
+,62,57,62,57,119,119,0,0.1905517578125,-0.1905517578125,-0.1905517578125,1,119,True
+,62,58,62,58,120,120,0,0.1300048828125,-0.1300048828125,-0.1300048828125,1,120,True
+,62,59,62,59,121,121,0,1.646484375,-1.646484375,-1.646484375,1,131,False
+,62,60,62,60,122,122,0,0.0284271240234375,-0.0284271240234375,-0.0284271240234375,1,122,True
+,62,61,62,61,123,123,0,0.4365234375,-0.4365234375,-0.4365234375,1,123,True
+,62,62,62,62,124,124,1,2.2890625,-2.2890625,-2.2890625,1,130,False
+,62,63,62,63,125,125,0,0.10394287109375,-0.10394287109375,-0.10394287109375,1,125,True
+,62,64,62,64,126,126,0,0.55810546875,-0.55810546875,-0.55810546875,1,126,True
+,62,65,62,65,127,127,0,1.0693359375,-1.0693359375,-1.0693359375,1,137,False
+,62,66,62,66,128,128,0,0.0693359375,-0.0693359375,-0.0693359375,1,128,True
+,62,67,62,67,129,129,0,1.8671875,-1.8671875,-1.8671875,1,119,False
+,62,68,62,68,130,130,0,0.36328125,-0.36328125,-0.36328125,1,130,True
+,62,69,62,69,131,131,0,0.57763671875,-0.57763671875,-0.57763671875,1,131,True
+,62,70,62,70,132,132,0,0.349853515625,-0.349853515625,-0.349853515625,1,132,True
+,62,71,62,71,133,133,0,0.8486328125,-0.8486328125,-0.8486328125,1,133,True
+,62,72,62,72,134,134,0,1.3046875,-1.3046875,-1.3046875,1,130,False
+,62,73,62,73,135,135,0,1.5205078125,-1.5205078125,-1.5205078125,1,115,False
+,62,74,62,74,136,136,0,1.037109375,-1.037109375,-1.037109375,1,136,True
+,62,75,62,75,137,137,0,0.69091796875,-0.69091796875,-0.69091796875,1,137,True
+,62,76,62,76,138,138,0,0.306396484375,-0.306396484375,-0.306396484375,1,138,True
+,62,77,62,77,139,139,0,0.79248046875,-0.79248046875,-0.79248046875,1,139,True
+,62,78,62,78,140,140,0,0.1751708984375,-0.1751708984375,-0.1751708984375,1,140,True
+,62,79,62,79,141,141,0,1.103515625,-1.103515625,-1.103515625,1,131,False
+,62,80,62,80,142,142,0,1.2587890625,-1.2587890625,-1.2587890625,1,122,False
+,62,81,62,81,143,143,0,0.68115234375,-0.68115234375,-0.68115234375,1,143,True
+,62,82,62,82,144,144,0,0.414794921875,-0.414794921875,-0.414794921875,1,144,True
+,62,83,62,83,145,145,0,1.1455078125,-1.1455078125,-1.1455078125,1,135,False
+,62,84,62,84,146,146,0,0.277587890625,-0.277587890625,-0.277587890625,1,146,True
+,62,85,62,85,147,147,0,1.0791015625,-1.0791015625,-1.0791015625,1,147,True
+,62,86,62,86,148,148,0,0.99755859375,-0.99755859375,-0.99755859375,1,148,True
+,62,87,62,87,149,149,0,2.33984375,-2.33984375,-2.33984375,1,139,False
+,62,88,62,88,150,150,0,1.775390625,-1.775390625,-1.775390625,1,130,False
+,62,89,62,89,151,151,0,1.88671875,-1.88671875,-1.88671875,1,141,False
+,62,90,62,90,152,152,0,2.1484375,-2.1484375,-2.1484375,1,142,False
+,62,91,62,91,153,153,0,2.21484375,-2.21484375,-2.21484375,1,143,False
+,62,92,62,92,154,154,0,1.716796875,-1.716796875,-1.716796875,1,134,False
+,62,93,62,93,155,155,0,0.689453125,-0.689453125,-0.689453125,1,155,True
+,62,94,62,94,156,156,0,0.396240234375,-0.396240234375,-0.396240234375,1,156,True
+,62,95,62,95,157,157,0,2.958984375,-2.958984375,-2.958984375,1,147,False
+,62,96,62,96,158,158,0,0.58349609375,-0.58349609375,-0.58349609375,1,158,True
+,62,97,62,97,159,159,0,1.4921875,-1.4921875,-1.4921875,1,139,False
+,62,98,62,98,160,160,0,0.76025390625,-0.76025390625,-0.76025390625,1,160,True
+,62,99,62,99,161,161,0,0.828125,-0.828125,-0.828125,1,161,True
+,62,100,62,100,162,162,0,0.1697998046875,-0.1697998046875,-0.1697998046875,1,162,True
+,63,1,63,1,64,64,5,0.10723876953125,-0.10723876953125,-0.10723876953125,1,64,True
+,63,2,63,2,65,65,5,0.032806396484375,-0.032806396484375,-0.032806396484375,1,65,True
+,63,3,63,3,66,66,4,0.08099365234375,-0.08099365234375,-0.08099365234375,1,66,True
+,63,4,63,4,67,67,3,0.004512786865234375,-0.004512786865234375,-0.004512786865234375,1,67,True
+,63,5,63,5,68,68,0,0.007083892822265625,-0.007083892822265625,-0.007083892822265625,1,68,True
+,63,6,63,6,69,69,1,0.00928497314453125,-0.00928497314453125,-0.00928497314453125,1,69,True
+,63,7,63,7,70,70,2,0.1134033203125,-0.1134033203125,-0.1134033203125,1,70,True
+,63,8,63,8,71,71,0,0.06488037109375,-0.06488037109375,-0.06488037109375,1,71,True
+,63,9,63,9,72,72,0,0.34130859375,-0.34130859375,-0.34130859375,1,72,True
+,63,10,63,10,73,73,1,0.01959228515625,-0.01959228515625,-0.01959228515625,1,73,True
+,63,11,63,11,74,74,0,0.128662109375,-0.128662109375,-0.128662109375,1,74,True
+,63,12,63,12,75,75,0,0.0260772705078125,-0.0260772705078125,-0.0260772705078125,1,75,True
+,63,13,63,13,76,76,3,0.82373046875,-0.82373046875,-0.82373046875,1,76,True
+,63,14,63,14,77,77,1,1.927734375,-1.927734375,-1.927734375,1,67,False
+,63,15,63,15,78,78,1,0.326904296875,-0.326904296875,-0.326904296875,1,78,True
+,63,16,63,16,79,79,0,2.2578125,-2.2578125,-2.2578125,1,67,False
+,63,17,63,17,80,80,0,5.20703125,-5.20703125,-5.20703125,1,70,False
+,63,18,63,18,81,81,2,0.9423828125,-0.9423828125,-0.9423828125,1,81,True
+,63,19,63,19,82,82,0,1.87109375,-1.87109375,-1.87109375,1,71,False
+,63,20,63,20,83,83,2,0.1922607421875,-0.1922607421875,-0.1922607421875,1,83,True
+,63,21,63,21,84,84,0,0.943359375,-0.943359375,-0.943359375,1,84,True
+,63,22,63,22,85,85,0,0.331787109375,-0.331787109375,-0.331787109375,1,85,True
+,63,23,63,23,86,86,3,1.58203125,-1.58203125,-1.58203125,1,76,False
+,63,24,63,24,87,87,1,0.318359375,-0.318359375,-0.318359375,1,87,True
+,63,25,63,25,88,88,1,1.015625,-1.015625,-1.015625,1,78,False
+,63,26,63,26,89,89,0,1.03125,-1.03125,-1.03125,1,79,False
+,63,27,63,27,90,90,0,0.338134765625,-0.338134765625,-0.338134765625,1,90,True
+,63,28,63,28,91,91,0,0.31494140625,-0.31494140625,-0.31494140625,1,91,True
+,63,29,63,29,92,92,0,2.45703125,-2.45703125,-2.45703125,1,82,False
+,63,30,63,30,93,93,0,0.03839111328125,-0.03839111328125,-0.03839111328125,1,93,True
+,63,31,63,31,94,94,0,0.055145263671875,-0.055145263671875,-0.055145263671875,1,94,True
+,63,32,63,32,95,95,0,0.0225372314453125,-0.0225372314453125,-0.0225372314453125,1,95,True
+,63,33,63,33,96,96,1,0.197265625,-0.197265625,-0.197265625,1,96,True
+,63,34,63,34,97,97,0,0.290283203125,-0.290283203125,-0.290283203125,1,97,True
+,63,35,63,35,98,98,1,0.1875,-0.1875,-0.1875,1,98,True
+,63,36,63,36,99,99,1,0.1417236328125,-0.1417236328125,-0.1417236328125,1,99,True
+,63,37,63,37,100,100,0,0.0323486328125,-0.0323486328125,-0.0323486328125,1,100,True
+,63,38,63,38,101,101,0,1.7734375,-1.7734375,-1.7734375,1,91,False
+,63,39,63,39,102,102,0,0.06829833984375,-0.06829833984375,-0.06829833984375,1,102,True
+,63,40,63,40,103,103,3,0.047698974609375,-0.047698974609375,-0.047698974609375,1,103,True
+,63,41,63,41,104,104,0,1.2939453125,-1.2939453125,-1.2939453125,1,94,False
+,63,42,63,42,105,105,0,0.27490234375,-0.27490234375,-0.27490234375,1,105,True
+,63,43,63,43,106,106,0,0.685546875,-0.685546875,-0.685546875,1,106,True
+,63,44,63,44,107,107,1,0.1728515625,-0.1728515625,-0.1728515625,1,107,True
+,63,45,63,45,108,108,1,0.09320068359375,-0.09320068359375,-0.09320068359375,1,108,True
+,63,46,63,46,109,109,0,1.130859375,-1.130859375,-1.130859375,1,119,False
+,63,47,63,47,110,110,0,1.1376953125,-1.1376953125,-1.1376953125,1,100,False
+,63,48,63,48,111,111,0,0.042572021484375,-0.042572021484375,-0.042572021484375,1,111,True
+,63,49,63,49,112,112,0,0.95263671875,-0.95263671875,-0.95263671875,1,122,False
+,63,50,63,50,113,113,0,0.8466796875,-0.8466796875,-0.8466796875,1,113,True
+,63,51,63,51,114,114,0,0.25146484375,-0.25146484375,-0.25146484375,1,114,True
+,63,52,63,52,115,115,1,0.1431884765625,-0.1431884765625,-0.1431884765625,1,115,True
+,63,53,63,53,116,116,0,0.89501953125,-0.89501953125,-0.89501953125,1,106,False
+,63,54,63,54,117,117,0,0.0240631103515625,-0.0240631103515625,-0.0240631103515625,1,117,True
+,63,55,63,55,118,118,0,0.257568359375,-0.257568359375,-0.257568359375,1,118,True
+,63,56,63,56,119,119,0,0.0148162841796875,-0.0148162841796875,-0.0148162841796875,1,119,True
+,63,57,63,57,120,120,0,0.1435546875,-0.1435546875,-0.1435546875,1,120,True
+,63,58,63,58,121,121,1,1.087890625,-1.087890625,-1.087890625,1,131,False
+,63,59,63,59,122,122,0,0.1771240234375,-0.1771240234375,-0.1771240234375,1,122,True
+,63,60,63,60,123,123,0,0.06964111328125,-0.06964111328125,-0.06964111328125,1,123,True
+,63,61,63,61,124,124,1,0.25830078125,-0.25830078125,-0.25830078125,1,124,True
+,63,62,63,62,125,125,0,0.08026123046875,-0.08026123046875,-0.08026123046875,1,125,True
+,63,63,63,63,126,126,0,1.150390625,-1.150390625,-1.150390625,1,126,True
+,63,64,63,64,127,127,1,0.1246337890625,-0.1246337890625,-0.1246337890625,1,127,True
+,63,65,63,65,128,128,0,0.1868896484375,-0.1868896484375,-0.1868896484375,1,128,True
+,63,66,63,66,129,129,0,0.05206298828125,-0.05206298828125,-0.05206298828125,1,129,True
+,63,67,63,67,130,130,0,0.08709716796875,-0.08709716796875,-0.08709716796875,1,130,True
+,63,68,63,68,131,131,1,0.09521484375,-0.09521484375,-0.09521484375,1,131,True
+,63,69,63,69,132,132,1,0.487548828125,-0.487548828125,-0.487548828125,1,132,True
+,63,70,63,70,133,133,4,0.420654296875,-0.420654296875,-0.420654296875,1,133,True
+,63,71,63,71,134,134,0,1.0361328125,-1.0361328125,-1.0361328125,1,124,False
+,63,72,63,72,135,135,0,0.1807861328125,-0.1807861328125,-0.1807861328125,1,135,True
+,63,73,63,73,136,136,0,4.22265625,-4.22265625,-4.22265625,1,106,False
+,63,74,63,74,137,137,1,1.982421875,-1.982421875,-1.982421875,1,127,False
+,63,75,63,75,138,138,2,0.55517578125,-0.55517578125,-0.55517578125,1,138,True
+,63,76,63,76,139,139,0,1.486328125,-1.486328125,-1.486328125,1,119,False
+,63,77,63,77,140,140,0,1.8896484375,-1.8896484375,-1.8896484375,1,130,False
+,63,78,63,78,141,141,0,2.0625,-2.0625,-2.0625,1,111,False
+,63,79,63,79,142,142,0,1.615234375,-1.615234375,-1.615234375,1,122,False
+,63,80,63,80,143,143,0,0.09991455078125,-0.09991455078125,-0.09991455078125,1,143,True
+,63,81,63,81,144,144,0,0.383056640625,-0.383056640625,-0.383056640625,1,144,True
+,63,82,63,82,145,145,0,0.99853515625,-0.99853515625,-0.99853515625,1,145,True
+,63,83,63,83,146,146,0,0.69482421875,-0.69482421875,-0.69482421875,1,146,True
+,63,84,63,84,147,147,1,0.350341796875,-0.350341796875,-0.350341796875,1,147,True
+,63,85,63,85,148,148,0,1.701171875,-1.701171875,-1.701171875,1,98,False
+,63,86,63,86,149,149,0,1.0986328125,-1.0986328125,-1.0986328125,1,149,True
+,63,87,63,87,150,150,1,1.9013671875,-1.9013671875,-1.9013671875,1,120,False
+,63,88,63,88,151,151,0,0.54638671875,-0.54638671875,-0.54638671875,1,151,True
+,63,89,63,89,152,152,0,2.599609375,-2.599609375,-2.599609375,1,122,False
+,63,90,63,90,153,153,0,0.415771484375,-0.415771484375,-0.415771484375,1,153,True
+,63,91,63,91,154,154,0,1.1943359375,-1.1943359375,-1.1943359375,1,154,True
+,63,92,63,92,155,155,0,1.353515625,-1.353515625,-1.353515625,1,175,False
+,63,93,63,93,156,156,1,0.8349609375,-0.8349609375,-0.8349609375,1,156,True
+,63,94,63,94,157,157,1,2.609375,-2.609375,-2.609375,1,167,False
+,63,95,63,95,158,158,0,1.6875,-1.6875,-1.6875,1,148,False
+,63,96,63,96,159,159,0,0.1177978515625,-0.1177978515625,-0.1177978515625,1,159,True
+,63,97,63,97,160,160,0,1.1474609375,-1.1474609375,-1.1474609375,1,160,True
+,63,98,63,98,161,161,0,2.884765625,-2.884765625,-2.884765625,1,151,False
+,63,99,63,99,162,162,0,0.434814453125,-0.434814453125,-0.434814453125,1,162,True
+,63,100,63,100,163,163,0,0.1689453125,-0.1689453125,-0.1689453125,1,163,True
+,64,1,64,1,65,65,12,0.017242431640625,-0.017242431640625,-0.017242431640625,1,65,True
+,64,2,64,2,66,66,4,0.0085296630859375,-0.0085296630859375,-0.0085296630859375,1,66,True
+,64,3,64,3,67,67,5,0.0233917236328125,-0.0233917236328125,-0.0233917236328125,1,67,True
+,64,4,64,4,68,68,4,0.07501220703125,-0.07501220703125,-0.07501220703125,1,68,True
+,64,5,64,5,69,69,4,0.0099945068359375,-0.0099945068359375,-0.0099945068359375,1,69,True
+,64,6,64,6,70,70,2,0.0330810546875,-0.0330810546875,-0.0330810546875,1,70,True
+,64,7,64,7,71,71,2,0.01433563232421875,-0.01433563232421875,-0.01433563232421875,1,71,True
+,64,8,64,8,72,72,13,0.02923583984375,-0.02923583984375,-0.02923583984375,1,72,True
+,64,9,64,9,73,73,4,0.0098114013671875,-0.0098114013671875,-0.0098114013671875,1,73,True
+,64,10,64,10,74,74,3,0.038238525390625,-0.038238525390625,-0.038238525390625,1,74,True
+,64,11,64,11,75,75,0,0.01132965087890625,-0.01132965087890625,-0.01132965087890625,1,75,True
+,64,12,64,12,76,76,4,0.50244140625,-0.50244140625,-0.50244140625,1,76,True
+,64,13,64,13,77,77,1,1.2158203125,-1.2158203125,-1.2158203125,1,67,False
+,64,14,64,14,78,78,3,1.0771484375,-1.0771484375,-1.0771484375,1,70,False
+,64,15,64,15,79,79,4,0.08172607421875,-0.08172607421875,-0.08172607421875,1,79,True
+,64,16,64,16,80,80,6,3.69921875,-3.69921875,-3.69921875,1,72,False
+,64,17,64,17,81,81,0,3.490234375,-3.490234375,-3.490234375,1,71,False
+,64,18,64,18,82,82,0,0.362548828125,-0.362548828125,-0.362548828125,1,82,True
+,64,19,64,19,83,83,1,0.264892578125,-0.264892578125,-0.264892578125,1,83,True
+,64,20,64,20,84,84,5,0.72900390625,-0.72900390625,-0.72900390625,1,84,True
+,64,21,64,21,85,85,1,1.7216796875,-1.7216796875,-1.7216796875,1,75,False
+,64,22,64,22,86,86,2,1.7568359375,-1.7568359375,-1.7568359375,1,66,False
+,64,23,64,23,87,87,2,0.285888671875,-0.285888671875,-0.285888671875,1,87,True
+,64,24,64,24,88,88,2,2.232421875,-2.232421875,-2.232421875,1,80,False
+,64,25,64,25,89,89,4,2.1875,-2.1875,-2.1875,1,79,False
+,64,26,64,26,90,90,0,0.65869140625,-0.65869140625,-0.65869140625,1,90,True
+,64,27,64,27,91,91,2,0.222900390625,-0.222900390625,-0.222900390625,1,91,True
+,64,28,64,28,92,92,1,0.833984375,-0.833984375,-0.833984375,1,72,False
+,64,29,64,29,93,93,0,0.57177734375,-0.57177734375,-0.57177734375,1,93,True
+,64,30,64,30,94,94,2,0.08111572265625,-0.08111572265625,-0.08111572265625,1,94,True
+,64,31,64,31,95,95,2,0.10076904296875,-0.10076904296875,-0.10076904296875,1,95,True
+,64,32,64,32,96,96,16,0.022857666015625,-0.022857666015625,-0.022857666015625,1,96,True
+,64,33,64,33,97,97,0,0.02557373046875,-0.02557373046875,-0.02557373046875,1,97,True
+,64,34,64,34,98,98,0,0.67333984375,-0.67333984375,-0.67333984375,1,98,True
+,64,35,64,35,99,99,0,0.10113525390625,-0.10113525390625,-0.10113525390625,1,99,True
+,64,36,64,36,100,100,7,0.00640869140625,-0.00640869140625,-0.00640869140625,1,100,True
+,64,37,64,37,101,101,1,0.67578125,-0.67578125,-0.67578125,1,101,True
+,64,38,64,38,102,102,0,0.04351806640625,-0.04351806640625,-0.04351806640625,1,102,True
+,64,39,64,39,103,103,0,0.031158447265625,-0.031158447265625,-0.031158447265625,1,103,True
+,64,40,64,40,104,104,1,0.06695556640625,-0.06695556640625,-0.06695556640625,1,104,True
+,64,41,64,41,105,105,0,0.325927734375,-0.325927734375,-0.325927734375,1,105,True
+,64,42,64,42,106,106,1,0.1429443359375,-0.1429443359375,-0.1429443359375,1,106,True
+,64,43,64,43,107,107,0,0.59375,-0.59375,-0.59375,1,107,True
+,64,44,64,44,108,108,0,0.29638671875,-0.29638671875,-0.29638671875,1,108,True
+,64,45,64,45,109,109,0,0.7353515625,-0.7353515625,-0.7353515625,1,109,True
+,64,46,64,46,110,110,1,0.459228515625,-0.459228515625,-0.459228515625,1,110,True
+,64,47,64,47,111,111,0,0.046295166015625,-0.046295166015625,-0.046295166015625,1,111,True
+,64,48,64,48,112,112,6,0.0163421630859375,-0.0163421630859375,-0.0163421630859375,1,112,True
+,64,49,64,49,113,113,1,1.3876953125,-1.3876953125,-1.3876953125,1,93,False
+,64,50,64,50,114,114,0,0.128173828125,-0.128173828125,-0.128173828125,1,114,True
+,64,51,64,51,115,115,0,0.2220458984375,-0.2220458984375,-0.2220458984375,1,115,True
+,64,52,64,52,116,116,0,0.1097412109375,-0.1097412109375,-0.1097412109375,1,116,True
+,64,53,64,53,117,117,0,0.03936767578125,-0.03936767578125,-0.03936767578125,1,117,True
+,64,54,64,54,118,118,0,0.346923828125,-0.346923828125,-0.346923828125,1,118,True
+,64,55,64,55,119,119,1,0.312744140625,-0.312744140625,-0.312744140625,1,119,True
+,64,56,64,56,120,120,1,0.05517578125,-0.05517578125,-0.05517578125,1,120,True
+,64,57,64,57,121,121,0,2.6875,-2.6875,-2.6875,1,131,False
+,64,58,64,58,122,122,0,0.043060302734375,-0.043060302734375,-0.043060302734375,1,122,True
+,64,59,64,59,123,123,0,0.0660400390625,-0.0660400390625,-0.0660400390625,1,123,True
+,64,60,64,60,124,124,0,0.21484375,-0.21484375,-0.21484375,1,124,True
+,64,61,64,61,125,125,0,1.2568359375,-1.2568359375,-1.2568359375,1,135,False
+,64,62,64,62,126,126,0,0.28759765625,-0.28759765625,-0.28759765625,1,126,True
+,64,63,64,63,127,127,1,0.12139892578125,-0.12139892578125,-0.12139892578125,1,127,True
+,64,64,64,64,128,128,21,0.287109375,-0.287109375,-0.287109375,1,128,True
+,64,65,64,65,129,129,0,0.380859375,-0.380859375,-0.380859375,1,129,True
+,64,66,64,66,130,130,1,0.10504150390625,-0.10504150390625,-0.10504150390625,1,130,True
+,64,67,64,67,131,131,1,0.1888427734375,-0.1888427734375,-0.1888427734375,1,131,True
+,64,68,64,68,132,132,0,0.053497314453125,-0.053497314453125,-0.053497314453125,1,132,True
+,64,69,64,69,133,133,0,0.412353515625,-0.412353515625,-0.412353515625,1,133,True
+,64,70,64,70,134,134,0,1.205078125,-1.205078125,-1.205078125,1,114,False
+,64,71,64,71,135,135,0,0.130615234375,-0.130615234375,-0.130615234375,1,135,True
+,64,72,64,72,136,136,1,0.221923828125,-0.221923828125,-0.221923828125,1,136,True
+,64,73,64,73,137,137,2,2.76953125,-2.76953125,-2.76953125,1,117,False
+,64,74,64,74,138,138,0,0.70703125,-0.70703125,-0.70703125,1,138,True
+,64,75,64,75,139,139,0,0.188720703125,-0.188720703125,-0.188720703125,1,139,True
+,64,76,64,76,140,140,0,1.37890625,-1.37890625,-1.37890625,1,120,False
+,64,77,64,77,141,141,0,1.8115234375,-1.8115234375,-1.8115234375,1,131,False
+,64,78,64,78,142,142,0,1.1396484375,-1.1396484375,-1.1396484375,1,122,False
+,64,79,64,79,143,143,0,0.52099609375,-0.52099609375,-0.52099609375,1,143,True
+,64,80,64,80,144,144,2,0.048309326171875,-0.048309326171875,-0.048309326171875,1,144,True
+,64,81,64,81,145,145,7,2.060546875,-2.060546875,-2.060546875,1,143,False
+,64,82,64,82,146,146,0,2.396484375,-2.396484375,-2.396484375,1,126,False
+,64,83,64,83,147,147,0,0.5068359375,-0.5068359375,-0.5068359375,1,147,True
+,64,84,64,84,148,148,0,0.1517333984375,-0.1517333984375,-0.1517333984375,1,148,True
+,64,85,64,85,149,149,0,1.3173828125,-1.3173828125,-1.3173828125,1,139,False
+,64,86,64,86,150,150,0,1.2822265625,-1.2822265625,-1.2822265625,1,110,False
+,64,87,64,87,151,151,0,1.056640625,-1.056640625,-1.056640625,1,151,True
+,64,88,64,88,152,152,0,1.796875,-1.796875,-1.796875,1,132,False
+,64,89,64,89,153,153,0,1.8984375,-1.8984375,-1.8984375,1,143,False
+,64,90,64,90,154,154,0,0.1385498046875,-0.1385498046875,-0.1385498046875,1,154,True
+,64,91,64,91,155,155,0,1.8828125,-1.8828125,-1.8828125,1,135,False
+,64,92,64,92,156,156,1,0.69384765625,-0.69384765625,-0.69384765625,1,156,True
+,64,93,64,93,157,157,0,0.50927734375,-0.50927734375,-0.50927734375,1,157,True
+,64,94,64,94,158,158,0,1.4619140625,-1.4619140625,-1.4619140625,1,138,False
+,64,95,64,95,159,159,0,0.68505859375,-0.68505859375,-0.68505859375,1,159,True
+,64,96,64,96,160,160,2,1.2705078125,-1.2705078125,-1.2705078125,1,140,False
+,64,97,64,97,161,161,0,3.494140625,-3.494140625,-3.494140625,1,151,False
+,64,98,64,98,162,162,0,0.060760498046875,-0.060760498046875,-0.060760498046875,1,162,True
+,64,99,64,99,163,163,0,0.07879638671875,-0.07879638671875,-0.07879638671875,1,163,True
+,64,100,64,100,164,164,0,0.301025390625,-0.301025390625,-0.301025390625,1,164,True
+,65,1,65,1,66,66,2,0.033966064453125,-0.033966064453125,-0.033966064453125,1,66,True
+,65,2,65,2,67,67,4,0.0380859375,-0.0380859375,-0.0380859375,1,67,True
+,65,3,65,3,68,68,2,0.0219573974609375,-0.0219573974609375,-0.0219573974609375,1,68,True
+,65,4,65,4,69,69,0,0.024139404296875,-0.024139404296875,-0.024139404296875,1,69,True
+,65,5,65,5,70,70,9,0.05828857421875,-0.05828857421875,-0.05828857421875,1,70,True
+,65,6,65,6,71,71,3,0.05419921875,-0.05419921875,-0.05419921875,1,71,True
+,65,7,65,7,72,72,1,0.25048828125,-0.25048828125,-0.25048828125,1,72,True
+,65,8,65,8,73,73,0,0.1619873046875,-0.1619873046875,-0.1619873046875,1,73,True
+,65,9,65,9,74,74,1,0.202392578125,-0.202392578125,-0.202392578125,1,74,True
+,65,10,65,10,75,75,4,0.049102783203125,-0.049102783203125,-0.049102783203125,1,75,True
+,65,11,65,11,76,76,2,0.1728515625,-0.1728515625,-0.1728515625,1,76,True
+,65,12,65,12,77,77,0,0.9775390625,-0.9775390625,-0.9775390625,1,67,False
+,65,13,65,13,78,78,1,1.48046875,-1.48046875,-1.48046875,1,68,False
+,65,14,65,14,79,79,2,0.79638671875,-0.79638671875,-0.79638671875,1,69,False
+,65,15,65,15,80,80,4,2.390625,-2.390625,-2.390625,1,70,False
+,65,16,65,16,81,81,1,1.8330078125,-1.8330078125,-1.8330078125,1,71,False
+,65,17,65,17,82,82,1,2.4921875,-2.4921875,-2.4921875,1,72,False
+,65,18,65,18,83,83,3,2.078125,-2.078125,-2.078125,1,73,False
+,65,19,65,19,84,84,0,3.701171875,-3.701171875,-3.701171875,1,74,False
+,65,20,65,20,85,85,1,4.26953125,-4.26953125,-4.26953125,1,75,False
+,65,21,65,21,86,86,0,3.537109375,-3.537109375,-3.537109375,1,76,False
+,65,22,65,22,87,87,3,1.162109375,-1.162109375,-1.162109375,1,77,False
+,65,23,65,23,88,88,1,2.216796875,-2.216796875,-2.216796875,1,78,False
+,65,24,65,24,89,89,1,3.28125,-3.28125,-3.28125,1,79,False
+,65,25,65,25,90,90,1,4.0859375,-4.0859375,-4.0859375,1,80,False
+,65,26,65,26,91,91,1,3.7890625,-3.7890625,-3.7890625,1,81,False
+,65,27,65,27,92,92,2,1.7265625,-1.7265625,-1.7265625,1,82,False
+,65,28,65,28,93,93,0,1.99609375,-1.99609375,-1.99609375,1,83,False
+,65,29,65,29,94,94,1,2.234375,-2.234375,-2.234375,1,84,False
+,65,30,65,30,95,95,2,0.5537109375,-0.5537109375,-0.5537109375,1,95,True
+,65,31,65,31,96,96,0,1.765625,-1.765625,-1.765625,1,86,False
+,65,32,65,32,97,97,3,0.41796875,-0.41796875,-0.41796875,1,97,True
+,65,33,65,33,98,98,1,0.40087890625,-0.40087890625,-0.40087890625,1,98,True
+,65,34,65,34,99,99,0,1.3388671875,-1.3388671875,-1.3388671875,1,79,False
+,65,35,65,35,100,100,3,0.8408203125,-0.8408203125,-0.8408203125,1,90,False
+,65,36,65,36,101,101,0,0.5625,-0.5625,-0.5625,1,101,True
+,65,37,65,37,102,102,0,1.31640625,-1.31640625,-1.31640625,1,92,False
+,65,38,65,38,103,103,0,1.529296875,-1.529296875,-1.529296875,1,93,False
+,65,39,65,39,104,104,0,3.25,-3.25,-3.25,1,94,False
+,65,40,65,40,105,105,1,0.6572265625,-0.6572265625,-0.6572265625,1,105,True
+,65,41,65,41,106,106,0,3.134765625,-3.134765625,-3.134765625,1,96,False
+,65,42,65,42,107,107,0,0.93359375,-0.93359375,-0.93359375,1,97,False
+,65,43,65,43,108,108,0,5.53125,-5.53125,-5.53125,1,98,False
+,65,44,65,44,109,109,0,1.1552734375,-1.1552734375,-1.1552734375,1,99,False
+,65,45,65,45,110,110,3,0.7158203125,-0.7158203125,-0.7158203125,1,110,True
+,65,46,65,46,111,111,0,1.2734375,-1.2734375,-1.2734375,1,101,False
+,65,47,65,47,112,112,0,1.6884765625,-1.6884765625,-1.6884765625,1,102,False
+,65,48,65,48,113,113,0,2.037109375,-2.037109375,-2.037109375,1,103,False
+,65,49,65,49,114,114,0,0.2802734375,-0.2802734375,-0.2802734375,1,114,True
+,65,50,65,50,115,115,0,0.6865234375,-0.6865234375,-0.6865234375,1,115,True
+,65,51,65,51,116,116,0,0.18505859375,-0.18505859375,-0.18505859375,1,116,True
+,65,52,65,52,117,117,0,0.398681640625,-0.398681640625,-0.398681640625,1,117,True
+,65,53,65,53,118,118,0,1.3466796875,-1.3466796875,-1.3466796875,1,98,False
+,65,54,65,54,119,119,1,0.1580810546875,-0.1580810546875,-0.1580810546875,1,119,True
+,65,55,65,55,120,120,1,0.40380859375,-0.40380859375,-0.40380859375,1,120,True
+,65,56,65,56,121,121,1,0.455078125,-0.455078125,-0.455078125,1,121,True
+,65,57,65,57,122,122,0,0.315185546875,-0.315185546875,-0.315185546875,1,122,True
+,65,58,65,58,123,123,0,0.8955078125,-0.8955078125,-0.8955078125,1,133,False
+,65,59,65,59,124,124,0,0.41455078125,-0.41455078125,-0.41455078125,1,124,True
+,65,60,65,60,125,125,1,0.14453125,-0.14453125,-0.14453125,1,125,True
+,65,61,65,61,126,126,0,1.1337890625,-1.1337890625,-1.1337890625,1,126,True
+,65,62,65,62,127,127,0,1.400390625,-1.400390625,-1.400390625,1,117,False
+,65,63,65,63,128,128,2,0.2119140625,-0.2119140625,-0.2119140625,1,128,True
+,65,64,65,64,129,129,1,0.055816650390625,-0.055816650390625,-0.055816650390625,1,129,True
+,65,65,65,65,130,130,2,0.0340576171875,-0.0340576171875,-0.0340576171875,1,130,True
+,65,66,65,66,131,131,3,0.10009765625,-0.10009765625,-0.10009765625,1,131,True
+,65,67,65,67,132,132,0,0.0731201171875,-0.0731201171875,-0.0731201171875,1,132,True
+,65,68,65,68,133,133,0,0.1712646484375,-0.1712646484375,-0.1712646484375,1,133,True
+,65,69,65,69,134,134,1,0.5947265625,-0.5947265625,-0.5947265625,1,134,True
+,65,70,65,70,135,135,1,0.11187744140625,-0.11187744140625,-0.11187744140625,1,135,True
+,65,71,65,71,136,136,0,0.1785888671875,-0.1785888671875,-0.1785888671875,1,136,True
+,65,72,65,72,137,137,0,0.480712890625,-0.480712890625,-0.480712890625,1,137,True
+,65,73,65,73,138,138,0,2.953125,-2.953125,-2.953125,1,98,False
+,65,74,65,74,139,139,0,1.47265625,-1.47265625,-1.47265625,1,119,False
+,65,75,65,75,140,140,0,0.73388671875,-0.73388671875,-0.73388671875,1,140,True
+,65,76,65,76,141,141,0,0.916015625,-0.916015625,-0.916015625,1,141,True
+,65,77,65,77,142,142,0,1.9794921875,-1.9794921875,-1.9794921875,1,132,False
+,65,78,65,78,143,143,0,0.53515625,-0.53515625,-0.53515625,1,143,True
+,65,79,65,79,144,144,1,0.81982421875,-0.81982421875,-0.81982421875,1,144,True
+,65,80,65,80,145,145,1,0.98583984375,-0.98583984375,-0.98583984375,1,145,True
+,65,81,65,81,146,146,0,1.2666015625,-1.2666015625,-1.2666015625,1,136,False
+,65,82,65,82,147,147,0,1.548828125,-1.548828125,-1.548828125,1,117,False
+,65,83,65,83,148,148,0,3.158203125,-3.158203125,-3.158203125,1,138,False
+,65,84,65,84,149,149,0,0.736328125,-0.736328125,-0.736328125,1,149,True
+,65,85,65,85,150,150,0,1.3291015625,-1.3291015625,-1.3291015625,1,140,False
+,65,86,65,86,151,151,0,1.6005859375,-1.6005859375,-1.6005859375,1,141,False
+,65,87,65,87,152,152,0,2.037109375,-2.037109375,-2.037109375,1,122,False
+,65,88,65,88,153,153,0,1.611328125,-1.611328125,-1.611328125,1,133,False
+,65,89,65,89,154,154,0,2.701171875,-2.701171875,-2.701171875,1,144,False
+,65,90,65,90,155,155,1,0.383056640625,-0.383056640625,-0.383056640625,1,155,True
+,65,91,65,91,156,156,1,1.4921875,-1.4921875,-1.4921875,1,146,False
+,65,92,65,92,157,157,0,2.123046875,-2.123046875,-2.123046875,1,177,False
+,65,93,65,93,158,158,0,1.7451171875,-1.7451171875,-1.7451171875,1,158,True
+,65,94,65,94,159,159,0,2.005859375,-2.005859375,-2.005859375,1,139,False
+,65,95,65,95,160,160,0,1.83984375,-1.83984375,-1.83984375,1,150,False
+,65,96,65,96,161,161,0,1.283203125,-1.283203125,-1.283203125,1,151,False
+,65,97,65,97,162,162,0,1.009765625,-1.009765625,-1.009765625,1,162,True
+,65,98,65,98,163,163,0,0.5029296875,-0.5029296875,-0.5029296875,1,163,True
+,65,99,65,99,164,164,0,0.85400390625,-0.85400390625,-0.85400390625,1,164,True
+,65,100,65,100,165,165,0,0.06201171875,-0.06201171875,-0.06201171875,1,165,True
+,66,1,66,1,67,67,0,0.0545654296875,-0.0545654296875,-0.0545654296875,1,67,True
+,66,2,66,2,68,68,0,0.2247314453125,-0.2247314453125,-0.2247314453125,1,68,True
+,66,3,66,3,69,69,5,0.0101318359375,-0.0101318359375,-0.0101318359375,1,69,True
+,66,4,66,4,70,70,2,0.0252532958984375,-0.0252532958984375,-0.0252532958984375,1,70,True
+,66,5,66,5,71,71,0,0.00933074951171875,-0.00933074951171875,-0.00933074951171875,1,71,True
+,66,6,66,6,72,72,4,0.004734039306640625,-0.004734039306640625,-0.004734039306640625,1,72,True
+,66,7,66,7,73,73,1,0.1719970703125,-0.1719970703125,-0.1719970703125,1,73,True
+,66,8,66,8,74,74,1,0.11859130859375,-0.11859130859375,-0.11859130859375,1,74,True
+,66,9,66,9,75,75,0,0.130126953125,-0.130126953125,-0.130126953125,1,75,True
+,66,10,66,10,76,76,0,0.0196075439453125,-0.0196075439453125,-0.0196075439453125,1,76,True
+,66,11,66,11,77,77,0,0.0274505615234375,-0.0274505615234375,-0.0274505615234375,1,77,True
+,66,12,66,12,78,78,1,0.0753173828125,-0.0753173828125,-0.0753173828125,1,78,True
+,66,13,66,13,79,79,1,0.125244140625,-0.125244140625,-0.125244140625,1,79,True
+,66,14,66,14,80,80,0,0.45654296875,-0.45654296875,-0.45654296875,1,80,True
+,66,15,66,15,81,81,0,0.0174713134765625,-0.0174713134765625,-0.0174713134765625,1,81,True
+,66,16,66,16,82,82,4,0.12261962890625,-0.12261962890625,-0.12261962890625,1,82,True
+,66,17,66,17,83,83,0,0.314208984375,-0.314208984375,-0.314208984375,1,83,True
+,66,18,66,18,84,84,0,0.63037109375,-0.63037109375,-0.63037109375,1,84,True
+,66,19,66,19,85,85,0,0.431640625,-0.431640625,-0.431640625,1,85,True
+,66,20,66,20,86,86,0,0.0849609375,-0.0849609375,-0.0849609375,1,86,True
+,66,21,66,21,87,87,1,0.3427734375,-0.3427734375,-0.3427734375,1,87,True
+,66,22,66,22,88,88,0,1.251953125,-1.251953125,-1.251953125,1,88,True
+,66,23,66,23,89,89,0,2.419921875,-2.419921875,-2.419921875,1,79,False
+,66,24,66,24,90,90,1,0.2196044921875,-0.2196044921875,-0.2196044921875,1,90,True
+,66,25,66,25,91,91,0,1.7763671875,-1.7763671875,-1.7763671875,1,81,False
+,66,26,66,26,92,92,0,1.88671875,-1.88671875,-1.88671875,1,82,False
+,66,27,66,27,93,93,0,0.8046875,-0.8046875,-0.8046875,1,93,True
+,66,28,66,28,94,94,1,1.091796875,-1.091796875,-1.091796875,1,94,True
+,66,29,66,29,95,95,1,1.2275390625,-1.2275390625,-1.2275390625,1,85,False
+,66,30,66,30,96,96,1,0.0305328369140625,-0.0305328369140625,-0.0305328369140625,1,96,True
+,66,31,66,31,97,97,0,0.101318359375,-0.101318359375,-0.101318359375,1,97,True
+,66,32,66,32,98,98,1,0.1798095703125,-0.1798095703125,-0.1798095703125,1,98,True
+,66,33,66,33,99,99,1,0.281005859375,-0.281005859375,-0.281005859375,1,99,True
+,66,34,66,34,100,100,1,1.81640625,-1.81640625,-1.81640625,1,80,False
+,66,35,66,35,101,101,1,1.529296875,-1.529296875,-1.529296875,1,91,False
+,66,36,66,36,102,102,0,0.0506591796875,-0.0506591796875,-0.0506591796875,1,102,True
+,66,37,66,37,103,103,0,0.1717529296875,-0.1717529296875,-0.1717529296875,1,103,True
+,66,38,66,38,104,104,0,0.2095947265625,-0.2095947265625,-0.2095947265625,1,104,True
+,66,39,66,39,105,105,0,0.13916015625,-0.13916015625,-0.13916015625,1,105,True
+,66,40,66,40,106,106,0,0.1279296875,-0.1279296875,-0.1279296875,1,106,True
+,66,41,66,41,107,107,1,1.4833984375,-1.4833984375,-1.4833984375,1,97,False
+,66,42,66,42,108,108,0,0.040069580078125,-0.040069580078125,-0.040069580078125,1,108,True
+,66,43,66,43,109,109,0,0.65673828125,-0.65673828125,-0.65673828125,1,109,True
+,66,44,66,44,110,110,1,0.1806640625,-0.1806640625,-0.1806640625,1,110,True
+,66,45,66,45,111,111,0,0.0714111328125,-0.0714111328125,-0.0714111328125,1,111,True
+,66,46,66,46,112,112,0,0.405517578125,-0.405517578125,-0.405517578125,1,112,True
+,66,47,66,47,113,113,0,0.5908203125,-0.5908203125,-0.5908203125,1,113,True
+,66,48,66,48,114,114,0,0.2366943359375,-0.2366943359375,-0.2366943359375,1,114,True
+,66,49,66,49,115,115,0,0.2359619140625,-0.2359619140625,-0.2359619140625,1,115,True
+,66,50,66,50,116,116,0,0.265380859375,-0.265380859375,-0.265380859375,1,116,True
+,66,51,66,51,117,117,1,0.0292205810546875,-0.0292205810546875,-0.0292205810546875,1,117,True
+,66,52,66,52,118,118,0,0.61279296875,-0.61279296875,-0.61279296875,1,118,True
+,66,53,66,53,119,119,0,0.04241943359375,-0.04241943359375,-0.04241943359375,1,119,True
+,66,54,66,54,120,120,0,0.06201171875,-0.06201171875,-0.06201171875,1,120,True
+,66,55,66,55,121,121,1,0.67333984375,-0.67333984375,-0.67333984375,1,121,True
+,66,56,66,56,122,122,0,0.00923919677734375,-0.00923919677734375,-0.00923919677734375,1,122,True
+,66,57,66,57,123,123,0,0.1295166015625,-0.1295166015625,-0.1295166015625,1,123,True
+,66,58,66,58,124,124,0,0.054473876953125,-0.054473876953125,-0.054473876953125,1,124,True
+,66,59,66,59,125,125,0,0.458984375,-0.458984375,-0.458984375,1,125,True
+,66,60,66,60,126,126,0,0.142333984375,-0.142333984375,-0.142333984375,1,126,True
+,66,61,66,61,127,127,0,1.6767578125,-1.6767578125,-1.6767578125,1,137,False
+,66,62,66,62,128,128,0,0.2474365234375,-0.2474365234375,-0.2474365234375,1,128,True
+,66,63,66,63,129,129,0,0.072021484375,-0.072021484375,-0.072021484375,1,129,True
+,66,64,66,64,130,130,1,0.2430419921875,-0.2430419921875,-0.2430419921875,1,130,True
+,66,65,66,65,131,131,0,0.560546875,-0.560546875,-0.560546875,1,131,True
+,66,66,66,66,132,132,2,0.11737060546875,-0.11737060546875,-0.11737060546875,1,132,True
+,66,67,66,67,133,133,1,0.03546142578125,-0.03546142578125,-0.03546142578125,1,133,True
+,66,68,66,68,134,134,0,0.69873046875,-0.69873046875,-0.69873046875,1,134,True
+,66,69,66,69,135,135,0,0.50830078125,-0.50830078125,-0.50830078125,1,135,True
+,66,70,66,70,136,136,0,0.0726318359375,-0.0726318359375,-0.0726318359375,1,136,True
+,66,71,66,71,137,137,0,0.054229736328125,-0.054229736328125,-0.054229736328125,1,137,True
+,66,72,66,72,138,138,0,0.2449951171875,-0.2449951171875,-0.2449951171875,1,138,True
+,66,73,66,73,139,139,0,0.58203125,-0.58203125,-0.58203125,1,139,True
+,66,74,66,74,140,140,0,0.1729736328125,-0.1729736328125,-0.1729736328125,1,140,True
+,66,75,66,75,141,141,0,0.07122802734375,-0.07122802734375,-0.07122802734375,1,141,True
+,66,76,66,76,142,142,0,1.080078125,-1.080078125,-1.080078125,1,122,False
+,66,77,66,77,143,143,0,0.267333984375,-0.267333984375,-0.267333984375,1,143,True
+,66,78,66,78,144,144,0,0.046875,-0.046875,-0.046875,1,144,True
+,66,79,66,79,145,145,0,0.376953125,-0.376953125,-0.376953125,1,145,True
+,66,80,66,80,146,146,0,0.264404296875,-0.264404296875,-0.264404296875,1,146,True
+,66,81,66,81,147,147,1,0.2548828125,-0.2548828125,-0.2548828125,1,147,True
+,66,82,66,82,148,148,0,0.30224609375,-0.30224609375,-0.30224609375,1,148,True
+,66,83,66,83,149,149,0,1.1220703125,-1.1220703125,-1.1220703125,1,139,False
+,66,84,66,84,150,150,0,0.93701171875,-0.93701171875,-0.93701171875,1,150,True
+,66,85,66,85,151,151,1,0.89599609375,-0.89599609375,-0.89599609375,1,151,True
+,66,86,66,86,152,152,0,0.1937255859375,-0.1937255859375,-0.1937255859375,1,152,True
+,66,87,66,87,153,153,0,0.274169921875,-0.274169921875,-0.274169921875,1,153,True
+,66,88,66,88,154,154,3,0.58837890625,-0.58837890625,-0.58837890625,1,154,True
+,66,89,66,89,155,155,0,0.634765625,-0.634765625,-0.634765625,1,155,True
+,66,90,66,90,156,156,0,0.08111572265625,-0.08111572265625,-0.08111572265625,1,156,True
+,66,91,66,91,157,157,0,1.568359375,-1.568359375,-1.568359375,1,167,False
+,66,92,66,92,158,158,0,0.396728515625,-0.396728515625,-0.396728515625,1,158,True
+,66,93,66,93,159,159,0,0.515625,-0.515625,-0.515625,1,159,True
+,66,94,66,94,160,160,0,0.9912109375,-0.9912109375,-0.9912109375,1,140,False
+,66,95,66,95,161,161,0,2.712890625,-2.712890625,-2.712890625,1,151,False
+,66,96,66,96,162,162,0,0.10296630859375,-0.10296630859375,-0.10296630859375,1,162,True
+,66,97,66,97,163,163,0,0.428466796875,-0.428466796875,-0.428466796875,1,163,True
+,66,98,66,98,164,164,0,1.05078125,-1.05078125,-1.05078125,1,164,True
+,66,99,66,99,165,165,0,0.2802734375,-0.2802734375,-0.2802734375,1,165,True
+,66,100,66,100,166,166,0,0.0189666748046875,-0.0189666748046875,-0.0189666748046875,1,166,True
+,67,1,67,1,68,68,2,0.1195068359375,-0.1195068359375,-0.1195068359375,1,68,True
+,67,2,67,2,69,69,4,0.275390625,-0.275390625,-0.275390625,1,69,True
+,67,3,67,3,70,70,1,0.1204833984375,-0.1204833984375,-0.1204833984375,1,70,True
+,67,4,67,4,71,71,0,0.008453369140625,-0.008453369140625,-0.008453369140625,1,71,True
+,67,5,67,5,72,72,0,0.08984375,-0.08984375,-0.08984375,1,72,True
+,67,6,67,6,73,73,0,0.121337890625,-0.121337890625,-0.121337890625,1,73,True
+,67,7,67,7,74,74,1,0.48046875,-0.48046875,-0.48046875,1,74,True
+,67,8,67,8,75,75,0,0.134765625,-0.134765625,-0.134765625,1,75,True
+,67,9,67,9,76,76,1,0.2476806640625,-0.2476806640625,-0.2476806640625,1,76,True
+,67,10,67,10,77,77,0,0.051361083984375,-0.051361083984375,-0.051361083984375,1,77,True
+,67,11,67,11,78,78,0,0.1580810546875,-0.1580810546875,-0.1580810546875,1,78,True
+,67,12,67,12,79,79,0,2.05859375,-2.05859375,-2.05859375,1,71,False
+,67,13,67,13,80,80,0,1.0908203125,-1.0908203125,-1.0908203125,1,70,False
+,67,14,67,14,81,81,0,0.83447265625,-0.83447265625,-0.83447265625,1,71,False
+,67,15,67,15,82,82,0,0.46533203125,-0.46533203125,-0.46533203125,1,82,True
+,67,16,67,16,83,83,0,0.1436767578125,-0.1436767578125,-0.1436767578125,1,83,True
+,67,17,67,17,84,84,1,1.93359375,-1.93359375,-1.93359375,1,74,False
+,67,18,67,18,85,85,0,0.1787109375,-0.1787109375,-0.1787109375,1,85,True
+,67,19,67,19,86,86,1,0.9560546875,-0.9560546875,-0.9560546875,1,76,False
+,67,20,67,20,87,87,1,0.2193603515625,-0.2193603515625,-0.2193603515625,1,87,True
+,67,21,67,21,88,88,0,1.12890625,-1.12890625,-1.12890625,1,88,True
+,67,22,67,22,89,89,0,1.701171875,-1.701171875,-1.701171875,1,79,False
+,67,23,67,23,90,90,0,1.8876953125,-1.8876953125,-1.8876953125,1,80,False
+,67,24,67,24,91,91,0,0.4072265625,-0.4072265625,-0.4072265625,1,91,True
+,67,25,67,25,92,92,0,1.5205078125,-1.5205078125,-1.5205078125,1,82,False
+,67,26,67,26,93,93,0,3.21484375,-3.21484375,-3.21484375,1,83,False
+,67,27,67,27,94,94,0,0.34521484375,-0.34521484375,-0.34521484375,1,94,True
+,67,28,67,28,95,95,0,0.1182861328125,-0.1182861328125,-0.1182861328125,1,95,True
+,67,29,67,29,96,96,0,2.271484375,-2.271484375,-2.271484375,1,86,False
+,67,30,67,30,97,97,0,0.08111572265625,-0.08111572265625,-0.08111572265625,1,97,True
+,67,31,67,31,98,98,0,0.99267578125,-0.99267578125,-0.99267578125,1,98,True
+,67,32,67,32,99,99,0,1.0400390625,-1.0400390625,-1.0400390625,1,91,False
+,67,33,67,33,100,100,0,0.1519775390625,-0.1519775390625,-0.1519775390625,1,100,True
+,67,34,67,34,101,101,0,4.5390625,-4.5390625,-4.5390625,1,91,False
+,67,35,67,35,102,102,0,0.6748046875,-0.6748046875,-0.6748046875,1,102,True
+,67,36,67,36,103,103,1,0.089599609375,-0.089599609375,-0.089599609375,1,103,True
+,67,37,67,37,104,104,0,1.2939453125,-1.2939453125,-1.2939453125,1,94,False
+,67,38,67,38,105,105,0,0.59375,-0.59375,-0.59375,1,105,True
+,67,39,67,39,106,106,0,0.194580078125,-0.194580078125,-0.194580078125,1,106,True
+,67,40,67,40,107,107,0,0.1885986328125,-0.1885986328125,-0.1885986328125,1,107,True
+,67,41,67,41,108,108,0,3.02734375,-3.02734375,-3.02734375,1,98,False
+,67,42,67,42,109,109,0,0.9228515625,-0.9228515625,-0.9228515625,1,109,True
+,67,43,67,43,110,110,0,0.55859375,-0.55859375,-0.55859375,1,110,True
+,67,44,67,44,111,111,0,1.37890625,-1.37890625,-1.37890625,1,131,False
+,67,45,67,45,112,112,0,3.47265625,-3.47265625,-3.47265625,1,122,False
+,67,46,67,46,113,113,0,0.81103515625,-0.81103515625,-0.81103515625,1,113,True
+,67,47,67,47,114,114,1,1.8271484375,-1.8271484375,-1.8271484375,1,124,False
+,67,48,67,48,115,115,1,0.057647705078125,-0.057647705078125,-0.057647705078125,1,115,True
+,67,49,67,49,116,116,0,0.765625,-0.765625,-0.765625,1,116,True
+,67,50,67,50,117,117,0,1.2607421875,-1.2607421875,-1.2607421875,1,137,False
+,67,51,67,51,118,118,0,3.216796875,-3.216796875,-3.216796875,1,128,False
+,67,52,67,52,119,119,0,0.223388671875,-0.223388671875,-0.223388671875,1,119,True
+,67,53,67,53,120,120,0,0.78515625,-0.78515625,-0.78515625,1,120,True
+,67,54,67,54,121,121,0,2.03125,-2.03125,-2.03125,1,131,False
+,67,55,67,55,122,122,0,0.255126953125,-0.255126953125,-0.255126953125,1,122,True
+,67,56,67,56,123,123,1,0.93798828125,-0.93798828125,-0.93798828125,1,143,False
+,67,57,67,57,124,124,0,0.9873046875,-0.9873046875,-0.9873046875,1,124,True
+,67,58,67,58,125,125,0,0.51708984375,-0.51708984375,-0.51708984375,1,125,True
+,67,59,67,59,126,126,0,1.4990234375,-1.4990234375,-1.4990234375,1,136,False
+,67,60,67,60,127,127,0,1.6494140625,-1.6494140625,-1.6494140625,1,137,False
+,67,61,67,61,128,128,0,5.640625,-5.640625,-5.640625,1,136,False
+,67,62,67,62,129,129,0,2.919921875,-2.919921875,-2.919921875,1,139,False
+,67,63,67,63,130,130,1,0.2369384765625,-0.2369384765625,-0.2369384765625,1,130,True
+,67,64,67,64,131,131,0,0.142333984375,-0.142333984375,-0.142333984375,1,131,True
+,67,65,67,65,132,132,0,2.12890625,-2.12890625,-2.12890625,1,134,False
+,67,66,67,66,133,133,0,0.092529296875,-0.092529296875,-0.092529296875,1,133,True
+,67,67,67,67,134,134,2,2.802734375,-2.802734375,-2.802734375,1,136,False
+,67,68,67,68,135,135,0,0.71923828125,-0.71923828125,-0.71923828125,1,135,True
+,67,69,67,69,136,136,1,0.671875,-0.671875,-0.671875,1,136,True
+,67,70,67,70,137,137,0,0.0479736328125,-0.0479736328125,-0.0479736328125,1,137,True
+,67,71,67,71,138,138,0,2.13671875,-2.13671875,-2.13671875,1,136,False
+,67,72,67,72,139,139,0,1.162109375,-1.162109375,-1.162109375,1,131,False
+,67,73,67,73,140,140,0,0.6630859375,-0.6630859375,-0.6630859375,1,140,True
+,67,74,67,74,141,141,0,1.3740234375,-1.3740234375,-1.3740234375,1,131,False
+,67,75,67,75,142,142,0,0.70263671875,-0.70263671875,-0.70263671875,1,142,True
+,67,76,67,76,143,143,2,0.079833984375,-0.079833984375,-0.079833984375,1,143,True
+,67,77,67,77,144,144,0,1.185546875,-1.185546875,-1.185546875,1,154,False
+,67,78,67,78,145,145,0,0.49853515625,-0.49853515625,-0.49853515625,1,145,True
+,67,79,67,79,146,146,0,0.37060546875,-0.37060546875,-0.37060546875,1,146,True
+,67,80,67,80,147,147,0,1.029296875,-1.029296875,-1.029296875,1,147,True
+,67,81,67,81,148,148,0,5.60546875,-5.60546875,-5.60546875,1,146,False
+,67,82,67,82,149,149,0,1.615234375,-1.615234375,-1.615234375,1,139,False
+,67,83,67,83,150,150,0,1.478515625,-1.478515625,-1.478515625,1,140,False
+,67,84,67,84,151,151,0,0.5693359375,-0.5693359375,-0.5693359375,1,151,True
+,67,85,67,85,152,152,0,1.0224609375,-1.0224609375,-1.0224609375,1,142,False
+,67,86,67,86,153,153,0,0.80859375,-0.80859375,-0.80859375,1,153,True
+,67,87,67,87,154,154,0,0.454833984375,-0.454833984375,-0.454833984375,1,154,True
+,67,88,67,88,155,155,0,0.1492919921875,-0.1492919921875,-0.1492919921875,1,155,True
+,67,89,67,89,156,156,0,2.150390625,-2.150390625,-2.150390625,1,146,False
+,67,90,67,90,157,157,1,0.244873046875,-0.244873046875,-0.244873046875,1,157,True
+,67,91,67,91,158,158,0,1.275390625,-1.275390625,-1.275390625,1,154,False
+,67,92,67,92,159,159,0,0.54638671875,-0.54638671875,-0.54638671875,1,159,True
+,67,93,67,93,160,160,0,0.45849609375,-0.45849609375,-0.45849609375,1,160,True
+,67,94,67,94,161,161,1,0.5322265625,-0.5322265625,-0.5322265625,1,161,True
+,67,95,67,95,162,162,0,1.8544921875,-1.8544921875,-1.8544921875,1,152,False
+,67,96,67,96,163,163,0,0.314453125,-0.314453125,-0.314453125,1,163,True
+,67,97,67,97,164,164,0,0.73779296875,-0.73779296875,-0.73779296875,1,164,True
+,67,98,67,98,165,165,0,0.468505859375,-0.468505859375,-0.468505859375,1,165,True
+,67,99,67,99,166,166,0,0.138427734375,-0.138427734375,-0.138427734375,1,166,True
+,67,100,67,100,167,167,0,0.26806640625,-0.26806640625,-0.26806640625,1,167,True
+,68,1,68,1,69,69,2,0.01018524169921875,-0.01018524169921875,-0.01018524169921875,1,69,True
+,68,2,68,2,70,70,1,0.00827789306640625,-0.00827789306640625,-0.00827789306640625,1,70,True
+,68,3,68,3,71,71,2,0.0037899017333984375,-0.0037899017333984375,-0.0037899017333984375,1,71,True
+,68,4,68,4,72,72,2,0.01288604736328125,-0.01288604736328125,-0.01288604736328125,1,72,True
+,68,5,68,5,73,73,0,0.0089874267578125,-0.0089874267578125,-0.0089874267578125,1,73,True
+,68,6,68,6,74,74,0,0.04437255859375,-0.04437255859375,-0.04437255859375,1,74,True
+,68,7,68,7,75,75,0,0.04058837890625,-0.04058837890625,-0.04058837890625,1,75,True
+,68,8,68,8,76,76,2,0.041168212890625,-0.041168212890625,-0.041168212890625,1,76,True
+,68,9,68,9,77,77,0,0.08966064453125,-0.08966064453125,-0.08966064453125,1,77,True
+,68,10,68,10,78,78,1,0.00431060791015625,-0.00431060791015625,-0.00431060791015625,1,78,True
+,68,11,68,11,79,79,0,0.040679931640625,-0.040679931640625,-0.040679931640625,1,79,True
+,68,12,68,12,80,80,0,1.546875,-1.546875,-1.546875,1,76,False
+,68,13,68,13,81,81,0,0.275634765625,-0.275634765625,-0.275634765625,1,81,True
+,68,14,68,14,82,82,2,0.097412109375,-0.097412109375,-0.097412109375,1,82,True
+,68,15,68,15,83,83,0,0.012176513671875,-0.012176513671875,-0.012176513671875,1,83,True
+,68,16,68,16,84,84,1,2.498046875,-2.498046875,-2.498046875,1,76,False
+,68,17,68,17,85,85,1,0.60205078125,-0.60205078125,-0.60205078125,1,85,True
+,68,18,68,18,86,86,0,0.311767578125,-0.311767578125,-0.311767578125,1,86,True
+,68,19,68,19,87,87,0,0.0589599609375,-0.0589599609375,-0.0589599609375,1,87,True
+,68,20,68,20,88,88,0,0.384521484375,-0.384521484375,-0.384521484375,1,88,True
+,68,21,68,21,89,89,0,0.040313720703125,-0.040313720703125,-0.040313720703125,1,89,True
+,68,22,68,22,90,90,1,0.89990234375,-0.89990234375,-0.89990234375,1,90,True
+,68,23,68,23,91,91,1,0.269775390625,-0.269775390625,-0.269775390625,1,91,True
+,68,24,68,24,92,92,1,0.45849609375,-0.45849609375,-0.45849609375,1,92,True
+,68,25,68,25,93,93,4,2.572265625,-2.572265625,-2.572265625,1,83,False
+,68,26,68,26,94,94,1,1.10546875,-1.10546875,-1.10546875,1,94,True
+,68,27,68,27,95,95,0,0.07659912109375,-0.07659912109375,-0.07659912109375,1,95,True
+,68,28,68,28,96,96,1,1.61328125,-1.61328125,-1.61328125,1,76,False
+,68,29,68,29,97,97,0,0.70263671875,-0.70263671875,-0.70263671875,1,97,True
+,68,30,68,30,98,98,1,0.007610321044921875,-0.007610321044921875,-0.007610321044921875,1,98,True
+,68,31,68,31,99,99,0,0.397705078125,-0.397705078125,-0.397705078125,1,99,True
+,68,32,68,32,100,100,1,0.19482421875,-0.19482421875,-0.19482421875,1,100,True
+,68,33,68,33,101,101,0,1.8212890625,-1.8212890625,-1.8212890625,1,91,False
+,68,34,68,34,102,102,0,0.97607421875,-0.97607421875,-0.97607421875,1,82,False
+,68,35,68,35,103,103,0,0.3916015625,-0.3916015625,-0.3916015625,1,103,True
+,68,36,68,36,104,104,0,0.2286376953125,-0.2286376953125,-0.2286376953125,1,104,True
+,68,37,68,37,105,105,1,0.044586181640625,-0.044586181640625,-0.044586181640625,1,105,True
+,68,38,68,38,106,106,0,0.03338623046875,-0.03338623046875,-0.03338623046875,1,106,True
+,68,39,68,39,107,107,1,0.11395263671875,-0.11395263671875,-0.11395263671875,1,107,True
+,68,40,68,40,108,108,1,0.1473388671875,-0.1473388671875,-0.1473388671875,1,108,True
+,68,41,68,41,109,109,0,1.416015625,-1.416015625,-1.416015625,1,99,False
+,68,42,68,42,110,110,0,0.04669189453125,-0.04669189453125,-0.04669189453125,1,110,True
+,68,43,68,43,111,111,0,0.2498779296875,-0.2498779296875,-0.2498779296875,1,111,True
+,68,44,68,44,112,112,0,1.7919921875,-1.7919921875,-1.7919921875,1,132,False
+,68,45,68,45,113,113,0,0.50244140625,-0.50244140625,-0.50244140625,1,113,True
+,68,46,68,46,114,114,0,0.6953125,-0.6953125,-0.6953125,1,114,True
+,68,47,68,47,115,115,0,0.1109619140625,-0.1109619140625,-0.1109619140625,1,115,True
+,68,48,68,48,116,116,1,0.4033203125,-0.4033203125,-0.4033203125,1,116,True
+,68,49,68,49,117,117,0,0.66455078125,-0.66455078125,-0.66455078125,1,117,True
+,68,50,68,50,118,118,2,0.357421875,-0.357421875,-0.357421875,1,118,True
+,68,51,68,51,119,119,0,0.1375732421875,-0.1375732421875,-0.1375732421875,1,119,True
+,68,52,68,52,120,120,0,0.2257080078125,-0.2257080078125,-0.2257080078125,1,120,True
+,68,53,68,53,121,121,0,0.29345703125,-0.29345703125,-0.29345703125,1,121,True
+,68,54,68,54,122,122,0,0.0265960693359375,-0.0265960693359375,-0.0265960693359375,1,122,True
+,68,55,68,55,123,123,0,0.214111328125,-0.214111328125,-0.214111328125,1,123,True
+,68,56,68,56,124,124,0,0.279052734375,-0.279052734375,-0.279052734375,1,124,True
+,68,57,68,57,125,125,17,0.06121826171875,-0.06121826171875,-0.06121826171875,1,125,True
+,68,58,68,58,126,126,0,0.243896484375,-0.243896484375,-0.243896484375,1,126,True
+,68,59,68,59,127,127,0,0.5576171875,-0.5576171875,-0.5576171875,1,127,True
+,68,60,68,60,128,128,0,1.41796875,-1.41796875,-1.41796875,1,68,False
+,68,61,68,61,129,129,0,4.7578125,-4.7578125,-4.7578125,1,139,False
+,68,62,68,62,130,130,0,0.68212890625,-0.68212890625,-0.68212890625,1,130,True
+,68,63,68,63,131,131,0,0.166259765625,-0.166259765625,-0.166259765625,1,131,True
+,68,64,68,64,132,132,0,0.01560211181640625,-0.01560211181640625,-0.01560211181640625,1,132,True
+,68,65,68,65,133,133,0,0.1453857421875,-0.1453857421875,-0.1453857421875,1,133,True
+,68,66,68,66,134,134,0,0.53271484375,-0.53271484375,-0.53271484375,1,134,True
+,68,67,68,67,135,135,0,0.1300048828125,-0.1300048828125,-0.1300048828125,1,135,True
+,68,68,68,68,136,136,0,0.642578125,-0.642578125,-0.642578125,1,136,True
+,68,69,68,69,137,137,0,0.08935546875,-0.08935546875,-0.08935546875,1,137,True
+,68,70,68,70,138,138,1,0.0775146484375,-0.0775146484375,-0.0775146484375,1,138,True
+,68,71,68,71,139,139,0,0.0389404296875,-0.0389404296875,-0.0389404296875,1,139,True
+,68,72,68,72,140,140,0,0.04443359375,-0.04443359375,-0.04443359375,1,140,True
+,68,73,68,73,141,141,0,1.2021484375,-1.2021484375,-1.2021484375,1,131,False
+,68,74,68,74,142,142,0,0.55078125,-0.55078125,-0.55078125,1,142,True
+,68,75,68,75,143,143,0,0.1898193359375,-0.1898193359375,-0.1898193359375,1,143,True
+,68,76,68,76,144,144,0,1.697265625,-1.697265625,-1.697265625,1,144,True
+,68,77,68,77,145,145,1,1.201171875,-1.201171875,-1.201171875,1,135,False
+,68,78,68,78,146,146,0,0.354736328125,-0.354736328125,-0.354736328125,1,146,True
+,68,79,68,79,147,147,0,0.6708984375,-0.6708984375,-0.6708984375,1,147,True
+,68,80,68,80,148,148,0,1.0224609375,-1.0224609375,-1.0224609375,1,148,True
+,68,81,68,81,149,149,0,2.01953125,-2.01953125,-2.01953125,1,139,False
+,68,82,68,82,150,150,0,0.38525390625,-0.38525390625,-0.38525390625,1,150,True
+,68,83,68,83,151,151,0,0.46240234375,-0.46240234375,-0.46240234375,1,151,True
+,68,84,68,84,152,152,0,0.1663818359375,-0.1663818359375,-0.1663818359375,1,152,True
+,68,85,68,85,153,153,0,0.1053466796875,-0.1053466796875,-0.1053466796875,1,153,True
+,68,86,68,86,154,154,1,0.029571533203125,-0.029571533203125,-0.029571533203125,1,154,True
+,68,87,68,87,155,155,0,0.07940673828125,-0.07940673828125,-0.07940673828125,1,155,True
+,68,88,68,88,156,156,0,0.0986328125,-0.0986328125,-0.0986328125,1,156,True
+,68,89,68,89,157,157,0,1.47265625,-1.47265625,-1.47265625,1,137,False
+,68,90,68,90,158,158,0,0.01488494873046875,-0.01488494873046875,-0.01488494873046875,1,158,True
+,68,91,68,91,159,159,0,0.201416015625,-0.201416015625,-0.201416015625,1,159,True
+,68,92,68,92,160,160,0,0.51513671875,-0.51513671875,-0.51513671875,1,160,True
+,68,93,68,93,161,161,0,0.11883544921875,-0.11883544921875,-0.11883544921875,1,161,True
+,68,94,68,94,162,162,0,0.18505859375,-0.18505859375,-0.18505859375,1,162,True
+,68,95,68,95,163,163,0,0.061065673828125,-0.061065673828125,-0.061065673828125,1,163,True
+,68,96,68,96,164,164,1,0.11187744140625,-0.11187744140625,-0.11187744140625,1,164,True
+,68,97,68,97,165,165,0,1.333984375,-1.333984375,-1.333984375,1,155,False
+,68,98,68,98,166,166,0,0.1168212890625,-0.1168212890625,-0.1168212890625,1,166,True
+,68,99,68,99,167,167,0,0.035491943359375,-0.035491943359375,-0.035491943359375,1,167,True
+,68,100,68,100,168,168,0,0.372314453125,-0.372314453125,-0.372314453125,1,168,True
+,69,1,69,1,70,70,3,0.07098388671875,-0.07098388671875,-0.07098388671875,1,70,True
+,69,2,69,2,71,71,2,0.004276275634765625,-0.004276275634765625,-0.004276275634765625,1,71,True
+,69,3,69,3,72,72,1,0.02984619140625,-0.02984619140625,-0.02984619140625,1,72,True
+,69,4,69,4,73,73,1,0.0135040283203125,-0.0135040283203125,-0.0135040283203125,1,73,True
+,69,5,69,5,74,74,0,0.01849365234375,-0.01849365234375,-0.01849365234375,1,74,True
+,69,6,69,6,75,75,2,0.185302734375,-0.185302734375,-0.185302734375,1,75,True
+,69,7,69,7,76,76,1,0.0240631103515625,-0.0240631103515625,-0.0240631103515625,1,76,True
+,69,8,69,8,77,77,0,0.04632568359375,-0.04632568359375,-0.04632568359375,1,77,True
+,69,9,69,9,78,78,0,0.23828125,-0.23828125,-0.23828125,1,78,True
+,69,10,69,10,79,79,0,0.006587982177734375,-0.006587982177734375,-0.006587982177734375,1,79,True
+,69,11,69,11,80,80,0,0.2269287109375,-0.2269287109375,-0.2269287109375,1,80,True
+,69,12,69,12,81,81,2,0.036102294921875,-0.036102294921875,-0.036102294921875,1,81,True
+,69,13,69,13,82,82,1,2.736328125,-2.736328125,-2.736328125,1,76,False
+,69,14,69,14,83,83,0,0.034637451171875,-0.034637451171875,-0.034637451171875,1,83,True
+,69,15,69,15,84,84,1,0.21484375,-0.21484375,-0.21484375,1,84,True
+,69,16,69,16,85,85,0,0.9638671875,-0.9638671875,-0.9638671875,1,85,True
+,69,17,69,17,86,86,0,3.873046875,-3.873046875,-3.873046875,1,76,False
+,69,18,69,18,87,87,0,0.09100341796875,-0.09100341796875,-0.09100341796875,1,87,True
+,69,19,69,19,88,88,1,0.271728515625,-0.271728515625,-0.271728515625,1,88,True
+,69,20,69,20,89,89,1,0.51171875,-0.51171875,-0.51171875,1,89,True
+,69,21,69,21,90,90,0,0.251953125,-0.251953125,-0.251953125,1,90,True
+,69,22,69,22,91,91,0,0.70263671875,-0.70263671875,-0.70263671875,1,91,True
+,69,23,69,23,92,92,0,5.21875,-5.21875,-5.21875,1,82,False
+,69,24,69,24,93,93,0,0.20703125,-0.20703125,-0.20703125,1,93,True
+,69,25,69,25,94,94,0,1.91015625,-1.91015625,-1.91015625,1,84,False
+,69,26,69,26,95,95,0,5.00390625,-5.00390625,-5.00390625,1,85,False
+,69,27,69,27,96,96,1,0.50146484375,-0.50146484375,-0.50146484375,1,96,True
+,69,28,69,28,97,97,0,0.642578125,-0.642578125,-0.642578125,1,97,True
+,69,29,69,29,98,98,0,1.6572265625,-1.6572265625,-1.6572265625,1,88,False
+,69,30,69,30,99,99,0,0.2061767578125,-0.2061767578125,-0.2061767578125,1,99,True
+,69,31,69,31,100,100,1,1.3017578125,-1.3017578125,-1.3017578125,1,100,True
+,69,32,69,32,101,101,0,4.6796875,-4.6796875,-4.6796875,1,91,False
+,69,33,69,33,102,102,0,0.15576171875,-0.15576171875,-0.15576171875,1,102,True
+,69,34,69,34,103,103,0,3.689453125,-3.689453125,-3.689453125,1,83,False
+,69,35,69,35,104,104,0,0.70361328125,-0.70361328125,-0.70361328125,1,94,False
+,69,36,69,36,105,105,0,0.073974609375,-0.073974609375,-0.073974609375,1,105,True
+,69,37,69,37,106,106,0,0.143798828125,-0.143798828125,-0.143798828125,1,106,True
+,69,38,69,38,107,107,0,0.08026123046875,-0.08026123046875,-0.08026123046875,1,107,True
+,69,39,69,39,108,108,0,0.06671142578125,-0.06671142578125,-0.06671142578125,1,108,True
+,69,40,69,40,109,109,0,0.1893310546875,-0.1893310546875,-0.1893310546875,1,109,True
+,69,41,69,41,110,110,0,2.248046875,-2.248046875,-2.248046875,1,100,False
+,69,42,69,42,111,111,1,0.01165771484375,-0.01165771484375,-0.01165771484375,1,111,True
+,69,43,69,43,112,112,0,2.287109375,-2.287109375,-2.287109375,1,92,False
+,69,44,69,44,113,113,0,0.544921875,-0.544921875,-0.544921875,1,113,True
+,69,45,69,45,114,114,0,0.10577392578125,-0.10577392578125,-0.10577392578125,1,114,True
+,69,46,69,46,115,115,0,0.72509765625,-0.72509765625,-0.72509765625,1,115,True
+,69,47,69,47,116,116,0,1.1240234375,-1.1240234375,-1.1240234375,1,106,False
+,69,48,69,48,117,117,0,0.032806396484375,-0.032806396484375,-0.032806396484375,1,117,True
+,69,49,69,49,118,118,0,0.357177734375,-0.357177734375,-0.357177734375,1,118,True
+,69,50,69,50,119,119,0,0.281005859375,-0.281005859375,-0.281005859375,1,119,True
+,69,51,69,51,120,120,0,0.1978759765625,-0.1978759765625,-0.1978759765625,1,120,True
+,69,52,69,52,121,121,0,0.3828125,-0.3828125,-0.3828125,1,121,True
+,69,53,69,53,122,122,0,0.094482421875,-0.094482421875,-0.094482421875,1,122,True
+,69,54,69,54,123,123,0,0.02740478515625,-0.02740478515625,-0.02740478515625,1,123,True
+,69,55,69,55,124,124,0,0.146240234375,-0.146240234375,-0.146240234375,1,124,True
+,69,56,69,56,125,125,1,0.0214996337890625,-0.0214996337890625,-0.0214996337890625,1,125,True
+,69,57,69,57,126,126,0,0.07818603515625,-0.07818603515625,-0.07818603515625,1,126,True
+,69,58,69,58,127,127,0,0.59765625,-0.59765625,-0.59765625,1,127,True
+,69,59,69,59,128,128,0,1.015625,-1.015625,-1.015625,1,118,False
+,69,60,69,60,129,129,1,0.11236572265625,-0.11236572265625,-0.11236572265625,1,129,True
+,69,61,69,61,130,130,0,1.2470703125,-1.2470703125,-1.2470703125,1,140,False
+,69,62,69,62,131,131,0,1.01953125,-1.01953125,-1.01953125,1,131,True
+,69,63,69,63,132,132,0,0.10443115234375,-0.10443115234375,-0.10443115234375,1,132,True
+,69,64,69,64,133,133,0,1.05859375,-1.05859375,-1.05859375,1,143,False
+,69,65,69,65,134,134,0,0.0755615234375,-0.0755615234375,-0.0755615234375,1,134,True
+,69,66,69,66,135,135,0,0.411865234375,-0.411865234375,-0.411865234375,1,135,True
+,69,67,69,67,136,136,0,0.1427001953125,-0.1427001953125,-0.1427001953125,1,136,True
+,69,68,69,68,137,137,0,0.11883544921875,-0.11883544921875,-0.11883544921875,1,137,True
+,69,69,69,69,138,138,0,0.52197265625,-0.52197265625,-0.52197265625,1,138,True
+,69,70,69,70,139,139,0,0.1448974609375,-0.1448974609375,-0.1448974609375,1,139,True
+,69,71,69,71,140,140,0,0.0968017578125,-0.0968017578125,-0.0968017578125,1,140,True
+,69,72,69,72,141,141,0,0.11907958984375,-0.11907958984375,-0.11907958984375,1,141,True
+,69,73,69,73,142,142,0,0.57373046875,-0.57373046875,-0.57373046875,1,142,True
+,69,74,69,74,143,143,1,0.580078125,-0.580078125,-0.580078125,1,143,True
+,69,75,69,75,144,144,0,0.24853515625,-0.24853515625,-0.24853515625,1,144,True
+,69,76,69,76,145,145,0,1.1669921875,-1.1669921875,-1.1669921875,1,125,False
+,69,77,69,77,146,146,0,0.323486328125,-0.323486328125,-0.323486328125,1,146,True
+,69,78,69,78,147,147,0,0.45947265625,-0.45947265625,-0.45947265625,1,147,True
+,69,79,69,79,148,148,0,1.85546875,-1.85546875,-1.85546875,1,128,False
+,69,80,69,80,149,149,1,1.5703125,-1.5703125,-1.5703125,1,139,False
+,69,81,69,81,150,150,0,0.493896484375,-0.493896484375,-0.493896484375,1,150,True
+,69,82,69,82,151,151,0,0.2330322265625,-0.2330322265625,-0.2330322265625,1,151,True
+,69,83,69,83,152,152,0,0.425048828125,-0.425048828125,-0.425048828125,1,152,True
+,69,84,69,84,153,153,0,0.127197265625,-0.127197265625,-0.127197265625,1,153,True
+,69,85,69,85,154,154,0,0.54443359375,-0.54443359375,-0.54443359375,1,154,True
+,69,86,69,86,155,155,0,0.31005859375,-0.31005859375,-0.31005859375,1,155,True
+,69,87,69,87,156,156,0,0.1873779296875,-0.1873779296875,-0.1873779296875,1,156,True
+,69,88,69,88,157,157,0,0.52490234375,-0.52490234375,-0.52490234375,1,157,True
+,69,89,69,89,158,158,0,0.83642578125,-0.83642578125,-0.83642578125,1,158,True
+,69,90,69,90,159,159,0,0.30615234375,-0.30615234375,-0.30615234375,1,159,True
+,69,91,69,91,160,160,0,0.556640625,-0.556640625,-0.556640625,1,160,True
+,69,92,69,92,161,161,0,0.3056640625,-0.3056640625,-0.3056640625,1,161,True
+,69,93,69,93,162,162,0,0.4052734375,-0.4052734375,-0.4052734375,1,162,True
+,69,94,69,94,163,163,0,1.4541015625,-1.4541015625,-1.4541015625,1,143,False
+,69,95,69,95,164,164,0,0.458251953125,-0.458251953125,-0.458251953125,1,164,True
+,69,96,69,96,165,165,1,0.051177978515625,-0.051177978515625,-0.051177978515625,1,165,True
+,69,97,69,97,166,166,0,0.155517578125,-0.155517578125,-0.155517578125,1,166,True
+,69,98,69,98,167,167,0,0.06378173828125,-0.06378173828125,-0.06378173828125,1,167,True
+,69,99,69,99,168,168,0,0.47412109375,-0.47412109375,-0.47412109375,1,168,True
+,69,100,69,100,169,169,0,0.5986328125,-0.5986328125,-0.5986328125,1,169,True
+,70,1,70,1,71,71,2,0.0170440673828125,-0.0170440673828125,-0.0170440673828125,1,71,True
+,70,2,70,2,72,72,2,0.069580078125,-0.069580078125,-0.069580078125,1,72,True
+,70,3,70,3,73,73,1,0.0738525390625,-0.0738525390625,-0.0738525390625,1,73,True
+,70,4,70,4,74,74,4,0.0189361572265625,-0.0189361572265625,-0.0189361572265625,1,74,True
+,70,5,70,5,75,75,4,0.0245208740234375,-0.0245208740234375,-0.0245208740234375,1,75,True
+,70,6,70,6,76,76,0,2.517578125,-2.517578125,-2.517578125,1,74,False
+,70,7,70,7,77,77,2,0.372314453125,-0.372314453125,-0.372314453125,1,77,True
+,70,8,70,8,78,78,0,0.10662841796875,-0.10662841796875,-0.10662841796875,1,78,True
+,70,9,70,9,79,79,1,0.055328369140625,-0.055328369140625,-0.055328369140625,1,79,True
+,70,10,70,10,80,80,9,0.2998046875,-0.2998046875,-0.2998046875,1,80,True
+,70,11,70,11,81,81,0,0.434814453125,-0.434814453125,-0.434814453125,1,81,True
+,70,12,70,12,82,82,1,0.199951171875,-0.199951171875,-0.199951171875,1,82,True
+,70,13,70,13,83,83,0,1.7998046875,-1.7998046875,-1.7998046875,1,73,False
+,70,14,70,14,84,84,0,1.6875,-1.6875,-1.6875,1,74,False
+,70,15,70,15,85,85,3,0.89599609375,-0.89599609375,-0.89599609375,1,75,False
+,70,16,70,16,86,86,1,0.368896484375,-0.368896484375,-0.368896484375,1,86,True
+,70,17,70,17,87,87,1,1.2509765625,-1.2509765625,-1.2509765625,1,77,False
+,70,18,70,18,88,88,0,0.5546875,-0.5546875,-0.5546875,1,88,True
+,70,19,70,19,89,89,0,0.483154296875,-0.483154296875,-0.483154296875,1,89,True
+,70,20,70,20,90,90,2,0.46240234375,-0.46240234375,-0.46240234375,1,90,True
+,70,21,70,21,91,91,3,0.057769775390625,-0.057769775390625,-0.057769775390625,1,91,True
+,70,22,70,22,92,92,0,1.2275390625,-1.2275390625,-1.2275390625,1,82,False
+,70,23,70,23,93,93,0,2.3984375,-2.3984375,-2.3984375,1,83,False
+,70,24,70,24,94,94,0,1.1357421875,-1.1357421875,-1.1357421875,1,74,False
+,70,25,70,25,95,95,3,3.53125,-3.53125,-3.53125,1,85,False
+,70,26,70,26,96,96,0,2.7890625,-2.7890625,-2.7890625,1,86,False
+,70,27,70,27,97,97,0,0.08917236328125,-0.08917236328125,-0.08917236328125,1,97,True
+,70,28,70,28,98,98,1,0.302490234375,-0.302490234375,-0.302490234375,1,98,True
+,70,29,70,29,99,99,0,0.78271484375,-0.78271484375,-0.78271484375,1,89,False
+,70,30,70,30,100,100,6,0.25732421875,-0.25732421875,-0.25732421875,1,100,True
+,70,31,70,31,101,101,0,2.390625,-2.390625,-2.390625,1,91,False
+,70,32,70,32,102,102,0,1.47265625,-1.47265625,-1.47265625,1,82,False
+,70,33,70,33,103,103,0,0.333740234375,-0.333740234375,-0.333740234375,1,103,True
+,70,34,70,34,104,104,1,1.9599609375,-1.9599609375,-1.9599609375,1,94,False
+,70,35,70,35,105,105,6,1.5107421875,-1.5107421875,-1.5107421875,1,95,False
+,70,36,70,36,106,106,0,0.03924560546875,-0.03924560546875,-0.03924560546875,1,106,True
+,70,37,70,37,107,107,0,0.50341796875,-0.50341796875,-0.50341796875,1,107,True
+,70,38,70,38,108,108,0,0.5986328125,-0.5986328125,-0.5986328125,1,108,True
+,70,39,70,39,109,109,0,0.360595703125,-0.360595703125,-0.360595703125,1,109,True
+,70,40,70,40,110,110,1,0.497314453125,-0.497314453125,-0.497314453125,1,110,True
+,70,41,70,41,111,111,0,1.40625,-1.40625,-1.40625,1,101,False
+,70,42,70,42,112,112,1,0.6181640625,-0.6181640625,-0.6181640625,1,112,True
+,70,43,70,43,113,113,0,2.330078125,-2.330078125,-2.330078125,1,103,False
+,70,44,70,44,114,114,0,0.7451171875,-0.7451171875,-0.7451171875,1,114,True
+,70,45,70,45,115,115,1,1.353515625,-1.353515625,-1.353515625,1,125,False
+,70,46,70,46,116,116,0,1.2919921875,-1.2919921875,-1.2919921875,1,106,False
+,70,47,70,47,117,117,0,1.216796875,-1.216796875,-1.216796875,1,117,True
+,70,48,70,48,118,118,0,0.326904296875,-0.326904296875,-0.326904296875,1,118,True
+,70,49,70,49,119,119,0,0.322998046875,-0.322998046875,-0.322998046875,1,119,True
+,70,50,70,50,120,120,4,2.716796875,-2.716796875,-2.716796875,1,140,False
+,70,51,70,51,121,121,0,1.3623046875,-1.3623046875,-1.3623046875,1,131,False
+,70,52,70,52,122,122,0,0.1846923828125,-0.1846923828125,-0.1846923828125,1,122,True
+,70,53,70,53,123,123,0,1.40625,-1.40625,-1.40625,1,133,False
+,70,54,70,54,124,124,0,1.1630859375,-1.1630859375,-1.1630859375,1,134,False
+,70,55,70,55,125,125,1,2.35546875,-2.35546875,-2.35546875,1,135,False
+,70,56,70,56,126,126,0,0.1624755859375,-0.1624755859375,-0.1624755859375,1,126,True
+,70,57,70,57,127,127,0,1.3017578125,-1.3017578125,-1.3017578125,1,137,False
+,70,58,70,58,128,128,0,0.71337890625,-0.71337890625,-0.71337890625,1,128,True
+,70,59,70,59,129,129,0,1.7607421875,-1.7607421875,-1.7607421875,1,119,False
+,70,60,70,60,130,130,0,1.2236328125,-1.2236328125,-1.2236328125,1,140,False
+,70,61,70,61,131,131,0,0.92236328125,-0.92236328125,-0.92236328125,1,131,True
+,70,62,70,62,132,132,0,1.7041015625,-1.7041015625,-1.7041015625,1,122,False
+,70,63,70,63,133,133,1,1.1357421875,-1.1357421875,-1.1357421875,1,143,False
+,70,64,70,64,134,134,0,0.85791015625,-0.85791015625,-0.85791015625,1,134,True
+,70,65,70,65,135,135,5,0.39599609375,-0.39599609375,-0.39599609375,1,135,True
+,70,66,70,66,136,136,0,0.2335205078125,-0.2335205078125,-0.2335205078125,1,136,True
+,70,67,70,67,137,137,0,0.1173095703125,-0.1173095703125,-0.1173095703125,1,137,True
+,70,68,70,68,138,138,0,0.2078857421875,-0.2078857421875,-0.2078857421875,1,138,True
+,70,69,70,69,139,139,2,0.1126708984375,-0.1126708984375,-0.1126708984375,1,139,True
+,70,70,70,70,140,140,3,0.017791748046875,-0.017791748046875,-0.017791748046875,1,140,True
+,70,71,70,71,141,141,1,0.11041259765625,-0.11041259765625,-0.11041259765625,1,141,True
+,70,72,70,72,142,142,0,0.087646484375,-0.087646484375,-0.087646484375,1,142,True
+,70,73,70,73,143,143,2,1.6943359375,-1.6943359375,-1.6943359375,1,133,False
+,70,74,70,74,144,144,0,0.2705078125,-0.2705078125,-0.2705078125,1,144,True
+,70,75,70,75,145,145,0,1.83203125,-1.83203125,-1.83203125,1,155,False
+,70,76,70,76,146,146,0,0.64697265625,-0.64697265625,-0.64697265625,1,146,True
+,70,77,70,77,147,147,0,2.587890625,-2.587890625,-2.587890625,1,137,False
+,70,78,70,78,148,148,0,1.8583984375,-1.8583984375,-1.8583984375,1,158,False
+,70,79,70,79,149,149,1,3.833984375,-3.833984375,-3.833984375,1,139,False
+,70,80,70,80,150,150,6,0.50048828125,-0.50048828125,-0.50048828125,1,150,True
+,70,81,70,81,151,151,1,0.64501953125,-0.64501953125,-0.64501953125,1,151,True
+,70,82,70,82,152,152,0,1.04296875,-1.04296875,-1.04296875,1,152,True
+,70,83,70,83,153,153,1,1.8603515625,-1.8603515625,-1.8603515625,1,143,False
+,70,84,70,84,154,154,1,0.1893310546875,-0.1893310546875,-0.1893310546875,1,154,True
+,70,85,70,85,155,155,1,0.2188720703125,-0.2188720703125,-0.2188720703125,1,155,True
+,70,86,70,86,156,156,0,0.262451171875,-0.262451171875,-0.262451171875,1,156,True
+,70,87,70,87,157,157,0,1.876953125,-1.876953125,-1.876953125,1,137,False
+,70,88,70,88,158,158,0,0.5009765625,-0.5009765625,-0.5009765625,1,158,True
+,70,89,70,89,159,159,0,1.9150390625,-1.9150390625,-1.9150390625,1,119,False
+,70,90,70,90,160,160,1,0.5986328125,-0.5986328125,-0.5986328125,1,160,True
+,70,91,70,91,161,161,0,2.333984375,-2.333984375,-2.333984375,1,151,False
+,70,92,70,92,162,162,0,0.455322265625,-0.455322265625,-0.455322265625,1,162,True
+,70,93,70,93,163,163,0,0.8232421875,-0.8232421875,-0.8232421875,1,163,True
+,70,94,70,94,164,164,0,0.68701171875,-0.68701171875,-0.68701171875,1,164,True
+,70,95,70,95,165,165,0,2.248046875,-2.248046875,-2.248046875,1,175,False
+,70,96,70,96,166,166,0,0.1563720703125,-0.1563720703125,-0.1563720703125,1,166,True
+,70,97,70,97,167,167,0,1.365234375,-1.365234375,-1.365234375,1,177,False
+,70,98,70,98,168,168,0,1.0224609375,-1.0224609375,-1.0224609375,1,168,True
+,70,99,70,99,169,169,0,1.1435546875,-1.1435546875,-1.1435546875,1,169,True
+,70,100,70,100,170,170,1,0.252685546875,-0.252685546875,-0.252685546875,1,170,True
+,71,1,71,1,72,72,5,0.0260009765625,-0.0260009765625,-0.0260009765625,1,72,True
+,71,2,71,2,73,73,1,0.028900146484375,-0.028900146484375,-0.028900146484375,1,73,True
+,71,3,71,3,74,74,2,0.0244903564453125,-0.0244903564453125,-0.0244903564453125,1,74,True
+,71,4,71,4,75,75,3,0.01401519775390625,-0.01401519775390625,-0.01401519775390625,1,75,True
+,71,5,71,5,76,76,0,0.0465087890625,-0.0465087890625,-0.0465087890625,1,76,True
+,71,6,71,6,77,77,1,0.06689453125,-0.06689453125,-0.06689453125,1,77,True
+,71,7,71,7,78,78,0,0.1268310546875,-0.1268310546875,-0.1268310546875,1,78,True
+,71,8,71,8,79,79,1,0.0330810546875,-0.0330810546875,-0.0330810546875,1,79,True
+,71,9,71,9,80,80,0,0.476318359375,-0.476318359375,-0.476318359375,1,80,True
+,71,10,71,10,81,81,0,0.047821044921875,-0.047821044921875,-0.047821044921875,1,81,True
+,71,11,71,11,82,82,0,0.311279296875,-0.311279296875,-0.311279296875,1,82,True
+,71,12,71,12,83,83,2,1.5224609375,-1.5224609375,-1.5224609375,1,73,False
+,71,13,71,13,84,84,0,1.357421875,-1.357421875,-1.357421875,1,74,False
+,71,14,71,14,85,85,1,3.134765625,-3.134765625,-3.134765625,1,75,False
+,71,15,71,15,86,86,0,1.912109375,-1.912109375,-1.912109375,1,76,False
+,71,16,71,16,87,87,0,0.90966796875,-0.90966796875,-0.90966796875,1,87,True
+,71,17,71,17,88,88,1,4.33984375,-4.33984375,-4.33984375,1,78,False
+,71,18,71,18,89,89,0,2.6953125,-2.6953125,-2.6953125,1,79,False
+,71,19,71,19,90,90,0,0.87353515625,-0.87353515625,-0.87353515625,1,80,False
+,71,20,71,20,91,91,0,1.34765625,-1.34765625,-1.34765625,1,81,False
+,71,21,71,21,92,92,2,2.310546875,-2.310546875,-2.310546875,1,82,False
+,71,22,71,22,93,93,0,1.54296875,-1.54296875,-1.54296875,1,83,False
+,71,23,71,23,94,94,0,1.9150390625,-1.9150390625,-1.9150390625,1,84,False
+,71,24,71,24,95,95,0,0.333740234375,-0.333740234375,-0.333740234375,1,95,True
+,71,25,71,25,96,96,0,2.583984375,-2.583984375,-2.583984375,1,86,False
+,71,26,71,26,97,97,0,2.837890625,-2.837890625,-2.837890625,1,87,False
+,71,27,71,27,98,98,0,0.37841796875,-0.37841796875,-0.37841796875,1,98,True
+,71,28,71,28,99,99,0,0.6005859375,-0.6005859375,-0.6005859375,1,99,True
+,71,29,71,29,100,100,0,3.2734375,-3.2734375,-3.2734375,1,90,False
+,71,30,71,30,101,101,1,2.255859375,-2.255859375,-2.255859375,1,91,False
+,71,31,71,31,102,102,0,2.04296875,-2.04296875,-2.04296875,1,92,False
+,71,32,71,32,103,103,0,0.763671875,-0.763671875,-0.763671875,1,103,True
+,71,33,71,33,104,104,0,3.30078125,-3.30078125,-3.30078125,1,94,False
+,71,34,71,34,105,105,0,1.490234375,-1.490234375,-1.490234375,1,95,False
+,71,35,71,35,106,106,0,1.9384765625,-1.9384765625,-1.9384765625,1,96,False
+,71,36,71,36,107,107,0,0.31591796875,-0.31591796875,-0.31591796875,1,107,True
+,71,37,71,37,108,108,1,1.68359375,-1.68359375,-1.68359375,1,98,False
+,71,38,71,38,109,109,1,1.2646484375,-1.2646484375,-1.2646484375,1,119,False
+,71,39,71,39,110,110,0,1.404296875,-1.404296875,-1.404296875,1,100,False
+,71,40,71,40,111,111,0,1.3720703125,-1.3720703125,-1.3720703125,1,91,False
+,71,41,71,41,112,112,0,2.681640625,-2.681640625,-2.681640625,1,102,False
+,71,42,71,42,113,113,0,1.796875,-1.796875,-1.796875,1,103,False
+,71,43,71,43,114,114,0,1.8623046875,-1.8623046875,-1.8623046875,1,104,False
+,71,44,71,44,115,115,0,0.374755859375,-0.374755859375,-0.374755859375,1,115,True
+,71,45,71,45,116,116,0,1.0078125,-1.0078125,-1.0078125,1,106,False
+,71,46,71,46,117,117,0,1.1064453125,-1.1064453125,-1.1064453125,1,117,True
+,71,47,71,47,118,118,1,1.8125,-1.8125,-1.8125,1,108,False
+,71,48,71,48,119,119,0,0.51904296875,-0.51904296875,-0.51904296875,1,119,True
+,71,49,71,49,120,120,0,0.275390625,-0.275390625,-0.275390625,1,120,True
+,71,50,71,50,121,121,0,1.0927734375,-1.0927734375,-1.0927734375,1,121,True
+,71,51,71,51,122,122,0,0.24658203125,-0.24658203125,-0.24658203125,1,122,True
+,71,52,71,52,123,123,0,0.75146484375,-0.75146484375,-0.75146484375,1,123,True
+,71,53,71,53,124,124,0,0.98046875,-0.98046875,-0.98046875,1,124,True
+,71,54,71,54,125,125,0,0.521484375,-0.521484375,-0.521484375,1,125,True
+,71,55,71,55,126,126,1,0.182861328125,-0.182861328125,-0.182861328125,1,126,True
+,71,56,71,56,127,127,1,0.5126953125,-0.5126953125,-0.5126953125,1,127,True
+,71,57,71,57,128,128,0,0.884765625,-0.884765625,-0.884765625,1,128,True
+,71,58,71,58,129,129,0,2.3046875,-2.3046875,-2.3046875,1,139,False
+,71,59,71,59,130,130,0,0.6845703125,-0.6845703125,-0.6845703125,1,130,True
+,71,60,71,60,131,131,2,0.6201171875,-0.6201171875,-0.6201171875,1,131,True
+,71,61,71,61,132,132,0,1.880859375,-1.880859375,-1.880859375,1,142,False
+,71,62,71,62,133,133,0,0.986328125,-0.986328125,-0.986328125,1,133,True
+,71,63,71,63,134,134,0,0.7939453125,-0.7939453125,-0.7939453125,1,134,True
+,71,64,71,64,135,135,0,0.56396484375,-0.56396484375,-0.56396484375,1,135,True
+,71,65,71,65,136,136,0,0.406005859375,-0.406005859375,-0.406005859375,1,136,True
+,71,66,71,66,137,137,1,0.1090087890625,-0.1090087890625,-0.1090087890625,1,137,True
+,71,67,71,67,138,138,0,0.1845703125,-0.1845703125,-0.1845703125,1,138,True
+,71,68,71,68,139,139,0,0.1807861328125,-0.1807861328125,-0.1807861328125,1,139,True
+,71,69,71,69,140,140,0,0.2548828125,-0.2548828125,-0.2548828125,1,140,True
+,71,70,71,70,141,141,0,0.1214599609375,-0.1214599609375,-0.1214599609375,1,141,True
+,71,71,71,71,142,142,0,0.7119140625,-0.7119140625,-0.7119140625,1,142,True
+,71,72,71,72,143,143,0,0.077880859375,-0.077880859375,-0.077880859375,1,143,True
+,71,73,71,73,144,144,0,0.1785888671875,-0.1785888671875,-0.1785888671875,1,144,True
+,71,74,71,74,145,145,0,1.15234375,-1.15234375,-1.15234375,1,155,False
+,71,75,71,75,146,146,0,0.27001953125,-0.27001953125,-0.27001953125,1,146,True
+,71,76,71,76,147,147,2,0.193603515625,-0.193603515625,-0.193603515625,1,147,True
+,71,77,71,77,148,148,0,2.86328125,-2.86328125,-2.86328125,1,138,False
+,71,78,71,78,149,149,0,2.71875,-2.71875,-2.71875,1,139,False
+,71,79,71,79,150,150,0,0.98974609375,-0.98974609375,-0.98974609375,1,150,True
+,71,80,71,80,151,151,0,0.677734375,-0.677734375,-0.677734375,1,151,True
+,71,81,71,81,152,152,0,0.841796875,-0.841796875,-0.841796875,1,152,True
+,71,82,71,82,153,153,0,0.455078125,-0.455078125,-0.455078125,1,153,True
+,71,83,71,83,154,154,0,1.3046875,-1.3046875,-1.3046875,1,144,False
+,71,84,71,84,155,155,0,0.20703125,-0.20703125,-0.20703125,1,155,True
+,71,85,71,85,156,156,0,0.685546875,-0.685546875,-0.685546875,1,156,True
+,71,86,71,86,157,157,0,1.7880859375,-1.7880859375,-1.7880859375,1,177,False
+,71,87,71,87,158,158,0,1.328125,-1.328125,-1.328125,1,158,True
+,71,88,71,88,159,159,0,0.96875,-0.96875,-0.96875,1,159,True
+,71,89,71,89,160,160,0,4.05859375,-4.05859375,-4.05859375,1,120,False
+,71,90,71,90,161,161,0,1.2705078125,-1.2705078125,-1.2705078125,1,161,True
+,71,91,71,91,162,162,0,2.5546875,-2.5546875,-2.5546875,1,142,False
+,71,92,71,92,163,163,0,1.56640625,-1.56640625,-1.56640625,1,143,False
+,71,93,71,93,164,164,0,1.8984375,-1.8984375,-1.8984375,1,154,False
+,71,94,71,94,165,165,0,0.9384765625,-0.9384765625,-0.9384765625,1,165,True
+,71,95,71,95,166,166,0,0.63623046875,-0.63623046875,-0.63623046875,1,166,True
+,71,96,71,96,167,167,0,0.2890625,-0.2890625,-0.2890625,1,167,True
+,71,97,71,97,168,168,0,2.912109375,-2.912109375,-2.912109375,1,178,False
+,71,98,71,98,169,169,0,2.435546875,-2.435546875,-2.435546875,1,179,False
+,71,99,71,99,170,170,0,0.70166015625,-0.70166015625,-0.70166015625,1,170,True
+,71,100,71,100,171,171,0,0.08563232421875,-0.08563232421875,-0.08563232421875,1,171,True
+,72,1,72,1,73,73,4,0.0245208740234375,-0.0245208740234375,-0.0245208740234375,1,73,True
+,72,2,72,2,74,74,4,0.1512451171875,-0.1512451171875,-0.1512451171875,1,74,True
+,72,3,72,3,75,75,4,0.026214599609375,-0.026214599609375,-0.026214599609375,1,75,True
+,72,4,72,4,76,76,3,0.0153350830078125,-0.0153350830078125,-0.0153350830078125,1,76,True
+,72,5,72,5,77,77,3,0.009735107421875,-0.009735107421875,-0.009735107421875,1,77,True
+,72,6,72,6,78,78,3,0.01229095458984375,-0.01229095458984375,-0.01229095458984375,1,78,True
+,72,7,72,7,79,79,3,0.05194091796875,-0.05194091796875,-0.05194091796875,1,79,True
+,72,8,72,8,80,80,3,0.275634765625,-0.275634765625,-0.275634765625,1,80,True
+,72,9,72,9,81,81,1,0.0072784423828125,-0.0072784423828125,-0.0072784423828125,1,81,True
+,72,10,72,10,82,82,5,0.0059967041015625,-0.0059967041015625,-0.0059967041015625,1,82,True
+,72,11,72,11,83,83,0,0.07666015625,-0.07666015625,-0.07666015625,1,83,True
+,72,12,72,12,84,84,4,0.459716796875,-0.459716796875,-0.459716796875,1,84,True
+,72,13,72,13,85,85,0,0.288818359375,-0.288818359375,-0.288818359375,1,85,True
+,72,14,72,14,86,86,1,0.49365234375,-0.49365234375,-0.49365234375,1,86,True
+,72,15,72,15,87,87,7,0.031585693359375,-0.031585693359375,-0.031585693359375,1,87,True
+,72,16,72,16,88,88,2,2.0546875,-2.0546875,-2.0546875,1,80,False
+,72,17,72,17,89,89,0,0.6318359375,-0.6318359375,-0.6318359375,1,89,True
+,72,18,72,18,90,90,2,0.386962890625,-0.386962890625,-0.386962890625,1,90,True
+,72,19,72,19,91,91,0,0.136474609375,-0.136474609375,-0.136474609375,1,91,True
+,72,20,72,20,92,92,1,0.03265380859375,-0.03265380859375,-0.03265380859375,1,92,True
+,72,21,72,21,93,93,1,0.521484375,-0.521484375,-0.521484375,1,93,True
+,72,22,72,22,94,94,0,0.45263671875,-0.45263671875,-0.45263671875,1,94,True
+,72,23,72,23,95,95,1,0.21240234375,-0.21240234375,-0.21240234375,1,95,True
+,72,24,72,24,96,96,3,1.7763671875,-1.7763671875,-1.7763671875,1,84,False
+,72,25,72,25,97,97,1,0.7763671875,-0.7763671875,-0.7763671875,1,97,True
+,72,26,72,26,98,98,0,0.241455078125,-0.241455078125,-0.241455078125,1,98,True
+,72,27,72,27,99,99,2,0.3974609375,-0.3974609375,-0.3974609375,1,99,True
+,72,28,72,28,100,100,0,2.26171875,-2.26171875,-2.26171875,1,80,False
+,72,29,72,29,101,101,2,3.306640625,-3.306640625,-3.306640625,1,91,False
+,72,30,72,30,102,102,0,0.133056640625,-0.133056640625,-0.133056640625,1,102,True
+,72,31,72,31,103,103,0,1.3466796875,-1.3466796875,-1.3466796875,1,83,False
+,72,32,72,32,104,104,2,3.3828125,-3.3828125,-3.3828125,1,92,False
+,72,33,72,33,105,105,0,0.429931640625,-0.429931640625,-0.429931640625,1,105,True
+,72,34,72,34,106,106,0,1.7666015625,-1.7666015625,-1.7666015625,1,86,False
+,72,35,72,35,107,107,0,0.1748046875,-0.1748046875,-0.1748046875,1,107,True
+,72,36,72,36,108,108,2,0.11199951171875,-0.11199951171875,-0.11199951171875,1,108,True
+,72,37,72,37,109,109,0,0.07366943359375,-0.07366943359375,-0.07366943359375,1,109,True
+,72,38,72,38,110,110,0,0.05755615234375,-0.05755615234375,-0.05755615234375,1,110,True
+,72,39,72,39,111,111,1,0.080322265625,-0.080322265625,-0.080322265625,1,111,True
+,72,40,72,40,112,112,0,1.9345703125,-1.9345703125,-1.9345703125,1,92,False
+,72,41,72,41,113,113,0,1.8173828125,-1.8173828125,-1.8173828125,1,103,False
+,72,42,72,42,114,114,0,1.9228515625,-1.9228515625,-1.9228515625,1,102,False
+,72,43,72,43,115,115,0,0.96142578125,-0.96142578125,-0.96142578125,1,95,False
+,72,44,72,44,116,116,1,0.81591796875,-0.81591796875,-0.81591796875,1,116,True
+,72,45,72,45,117,117,0,0.07373046875,-0.07373046875,-0.07373046875,1,117,True
+,72,46,72,46,118,118,0,1.888671875,-1.888671875,-1.888671875,1,98,False
+,72,47,72,47,119,119,0,0.06622314453125,-0.06622314453125,-0.06622314453125,1,119,True
+,72,48,72,48,120,120,2,0.3876953125,-0.3876953125,-0.3876953125,1,120,True
+,72,49,72,49,121,121,0,0.45361328125,-0.45361328125,-0.45361328125,1,121,True
+,72,50,72,50,122,122,0,0.180419921875,-0.180419921875,-0.180419921875,1,122,True
+,72,51,72,51,123,123,0,0.12744140625,-0.12744140625,-0.12744140625,1,123,True
+,72,52,72,52,124,124,0,0.92919921875,-0.92919921875,-0.92919921875,1,124,True
+,72,53,72,53,125,125,0,0.62548828125,-0.62548828125,-0.62548828125,1,125,True
+,72,54,72,54,126,126,0,0.123291015625,-0.123291015625,-0.123291015625,1,126,True
+,72,55,72,55,127,127,1,0.08660888671875,-0.08660888671875,-0.08660888671875,1,127,True
+,72,56,72,56,128,128,0,0.34130859375,-0.34130859375,-0.34130859375,1,128,True
+,72,57,72,57,129,129,0,0.39404296875,-0.39404296875,-0.39404296875,1,129,True
+,72,58,72,58,130,130,0,0.271728515625,-0.271728515625,-0.271728515625,1,130,True
+,72,59,72,59,131,131,0,0.11419677734375,-0.11419677734375,-0.11419677734375,1,131,True
+,72,60,72,60,132,132,0,0.431884765625,-0.431884765625,-0.431884765625,1,132,True
+,72,61,72,61,133,133,0,1.1103515625,-1.1103515625,-1.1103515625,1,143,False
+,72,62,72,62,134,134,0,1.322265625,-1.322265625,-1.322265625,1,134,True
+,72,63,72,63,135,135,0,0.30517578125,-0.30517578125,-0.30517578125,1,135,True
+,72,64,72,64,136,136,1,1.072265625,-1.072265625,-1.072265625,1,136,True
+,72,65,72,65,137,137,0,0.392822265625,-0.392822265625,-0.392822265625,1,137,True
+,72,66,72,66,138,138,0,0.120361328125,-0.120361328125,-0.120361328125,1,138,True
+,72,67,72,67,139,139,0,0.1351318359375,-0.1351318359375,-0.1351318359375,1,139,True
+,72,68,72,68,140,140,1,0.10687255859375,-0.10687255859375,-0.10687255859375,1,140,True
+,72,69,72,69,141,141,0,0.1490478515625,-0.1490478515625,-0.1490478515625,1,141,True
+,72,70,72,70,142,142,0,0.034759521484375,-0.034759521484375,-0.034759521484375,1,142,True
+,72,71,72,71,143,143,1,0.1456298828125,-0.1456298828125,-0.1456298828125,1,143,True
+,72,72,72,72,144,144,6,0.2479248046875,-0.2479248046875,-0.2479248046875,1,144,True
+,72,73,72,73,145,145,1,0.07867431640625,-0.07867431640625,-0.07867431640625,1,145,True
+,72,74,72,74,146,146,0,0.302734375,-0.302734375,-0.302734375,1,146,True
+,72,75,72,75,147,147,0,0.089111328125,-0.089111328125,-0.089111328125,1,147,True
+,72,76,72,76,148,148,1,0.53369140625,-0.53369140625,-0.53369140625,1,148,True
+,72,77,72,77,149,149,0,0.6748046875,-0.6748046875,-0.6748046875,1,149,True
+,72,78,72,78,150,150,0,0.61474609375,-0.61474609375,-0.61474609375,1,150,True
+,72,79,72,79,151,151,0,0.1531982421875,-0.1531982421875,-0.1531982421875,1,151,True
+,72,80,72,80,152,152,0,0.030914306640625,-0.030914306640625,-0.030914306640625,1,152,True
+,72,81,72,81,153,153,1,0.8642578125,-0.8642578125,-0.8642578125,1,153,True
+,72,82,72,82,154,154,0,0.86376953125,-0.86376953125,-0.86376953125,1,154,True
+,72,83,72,83,155,155,0,0.10260009765625,-0.10260009765625,-0.10260009765625,1,155,True
+,72,84,72,84,156,156,3,0.276123046875,-0.276123046875,-0.276123046875,1,156,True
+,72,85,72,85,157,157,0,0.25390625,-0.25390625,-0.25390625,1,157,True
+,72,86,72,86,158,158,0,0.420166015625,-0.420166015625,-0.420166015625,1,158,True
+,72,87,72,87,159,159,0,0.1595458984375,-0.1595458984375,-0.1595458984375,1,159,True
+,72,88,72,88,160,160,0,0.5986328125,-0.5986328125,-0.5986328125,1,160,True
+,72,89,72,89,161,161,0,0.556640625,-0.556640625,-0.556640625,1,161,True
+,72,90,72,90,162,162,1,0.0648193359375,-0.0648193359375,-0.0648193359375,1,162,True
+,72,91,72,91,163,163,0,1.3779296875,-1.3779296875,-1.3779296875,1,143,False
+,72,92,72,92,164,164,1,2.4921875,-2.4921875,-2.4921875,1,140,False
+,72,93,72,93,165,165,0,0.280517578125,-0.280517578125,-0.280517578125,1,165,True
+,72,94,72,94,166,166,0,1.2724609375,-1.2724609375,-1.2724609375,1,154,False
+,72,95,72,95,167,167,0,0.066650390625,-0.066650390625,-0.066650390625,1,167,True
+,72,96,72,96,168,168,0,2.0625,-2.0625,-2.0625,1,144,False
+,72,97,72,97,169,169,0,0.72998046875,-0.72998046875,-0.72998046875,1,169,True
+,72,98,72,98,170,170,0,0.1595458984375,-0.1595458984375,-0.1595458984375,1,170,True
+,72,99,72,99,171,171,0,0.07879638671875,-0.07879638671875,-0.07879638671875,1,171,True
+,72,100,72,100,172,172,0,0.18701171875,-0.18701171875,-0.18701171875,1,172,True
+,73,1,73,1,74,74,0,0.08551025390625,-0.08551025390625,-0.08551025390625,1,74,True
+,73,2,73,2,75,75,0,0.00897979736328125,-0.00897979736328125,-0.00897979736328125,1,75,True
+,73,3,73,3,76,76,0,0.044097900390625,-0.044097900390625,-0.044097900390625,1,76,True
+,73,4,73,4,77,77,1,0.0158843994140625,-0.0158843994140625,-0.0158843994140625,1,77,True
+,73,5,73,5,78,78,1,0.0265045166015625,-0.0265045166015625,-0.0265045166015625,1,78,True
+,73,6,73,6,79,79,0,0.568359375,-0.568359375,-0.568359375,1,79,True
+,73,7,73,7,80,80,1,0.556640625,-0.556640625,-0.556640625,1,80,True
+,73,8,73,8,81,81,0,0.274658203125,-0.274658203125,-0.274658203125,1,81,True
+,73,9,73,9,82,82,1,1.765625,-1.765625,-1.765625,1,76,False
+,73,10,73,10,83,83,0,0.177734375,-0.177734375,-0.177734375,1,83,True
+,73,11,73,11,84,84,0,0.386962890625,-0.386962890625,-0.386962890625,1,84,True
+,73,12,73,12,85,85,0,1.6953125,-1.6953125,-1.6953125,1,75,False
+,73,13,73,13,86,86,1,4.3125,-4.3125,-4.3125,1,76,False
+,73,14,73,14,87,87,0,4.5546875,-4.5546875,-4.5546875,1,77,False
+,73,15,73,15,88,88,2,2.87890625,-2.87890625,-2.87890625,1,78,False
+,73,16,73,16,89,89,0,2.431640625,-2.431640625,-2.431640625,1,77,False
+,73,17,73,17,90,90,1,4.578125,-4.578125,-4.578125,1,80,False
+,73,18,73,18,91,91,0,0.67236328125,-0.67236328125,-0.67236328125,1,91,True
+,73,19,73,19,92,92,0,4.5625,-4.5625,-4.5625,1,82,False
+,73,20,73,20,93,93,0,3.484375,-3.484375,-3.484375,1,83,False
+,73,21,73,21,94,94,3,0.33349609375,-0.33349609375,-0.33349609375,1,94,True
+,73,22,73,22,95,95,0,4.109375,-4.109375,-4.109375,1,85,False
+,73,23,73,23,96,96,0,3.845703125,-3.845703125,-3.845703125,1,86,False
+,73,24,73,24,97,97,0,1.1083984375,-1.1083984375,-1.1083984375,1,77,False
+,73,25,73,25,98,98,1,1.5546875,-1.5546875,-1.5546875,1,88,False
+,73,26,73,26,99,99,0,3.70703125,-3.70703125,-3.70703125,1,89,False
+,73,27,73,27,100,100,0,1.2724609375,-1.2724609375,-1.2724609375,1,80,False
+,73,28,73,28,101,101,0,3.9140625,-3.9140625,-3.9140625,1,81,False
+,73,29,73,29,102,102,0,4.734375,-4.734375,-4.734375,1,92,False
+,73,30,73,30,103,103,0,3.037109375,-3.037109375,-3.037109375,1,83,False
+,73,31,73,31,104,104,0,4.2734375,-4.2734375,-4.2734375,1,94,False
+,73,32,73,32,105,105,0,3.55078125,-3.55078125,-3.55078125,1,85,False
+,73,33,73,33,106,106,0,2.1328125,-2.1328125,-2.1328125,1,86,False
+,73,34,73,34,107,107,0,3.62890625,-3.62890625,-3.62890625,1,87,False
+,73,35,73,35,108,108,0,4.46875,-4.46875,-4.46875,1,98,False
+,73,36,73,36,109,109,1,1.150390625,-1.150390625,-1.150390625,1,89,False
+,73,37,73,37,110,110,1,2.240234375,-2.240234375,-2.240234375,1,100,False
+,73,38,73,38,111,111,0,0.93212890625,-0.93212890625,-0.93212890625,1,111,True
+,73,39,73,39,112,112,0,1.9248046875,-1.9248046875,-1.9248046875,1,92,False
+,73,40,73,40,113,113,0,1.9931640625,-1.9931640625,-1.9931640625,1,103,False
+,73,41,73,41,114,114,0,2.115234375,-2.115234375,-2.115234375,1,104,False
+,73,42,73,42,115,115,1,0.49267578125,-0.49267578125,-0.49267578125,1,115,True
+,73,43,73,43,116,116,0,5.26171875,-5.26171875,-5.26171875,1,106,False
+,73,44,73,44,117,117,0,1.173828125,-1.173828125,-1.173828125,1,97,False
+,73,45,73,45,118,118,0,2.654296875,-2.654296875,-2.654296875,1,98,False
+,73,46,73,46,119,119,0,2.521484375,-2.521484375,-2.521484375,1,99,False
+,73,47,73,47,120,120,1,3.21875,-3.21875,-3.21875,1,110,False
+,73,48,73,48,121,121,1,0.50390625,-0.50390625,-0.50390625,1,121,True
+,73,49,73,49,122,122,0,0.626953125,-0.626953125,-0.626953125,1,122,True
+,73,50,73,50,123,123,2,2.1171875,-2.1171875,-2.1171875,1,133,False
+,73,51,73,51,124,124,0,0.309814453125,-0.309814453125,-0.309814453125,1,124,True
+,73,52,73,52,125,125,0,0.77001953125,-0.77001953125,-0.77001953125,1,125,True
+,73,53,73,53,126,126,0,0.6416015625,-0.6416015625,-0.6416015625,1,126,True
+,73,54,73,54,127,127,0,0.48046875,-0.48046875,-0.48046875,1,127,True
+,73,55,73,55,128,128,0,1.9560546875,-1.9560546875,-1.9560546875,1,138,False
+,73,56,73,56,129,129,0,1.2080078125,-1.2080078125,-1.2080078125,1,129,True
+,73,57,73,57,130,130,0,0.56396484375,-0.56396484375,-0.56396484375,1,130,True
+,73,58,73,58,131,131,0,0.5771484375,-0.5771484375,-0.5771484375,1,131,True
+,73,59,73,59,132,132,1,3.173828125,-3.173828125,-3.173828125,1,142,False
+,73,60,73,60,133,133,0,1.76953125,-1.76953125,-1.76953125,1,73,False
+,73,61,73,61,134,134,0,3.548828125,-3.548828125,-3.548828125,1,94,False
+,73,62,73,62,135,135,0,1.0703125,-1.0703125,-1.0703125,1,135,True
+,73,63,73,63,136,136,0,2.2890625,-2.2890625,-2.2890625,1,146,False
+,73,64,73,64,137,137,1,1.8212890625,-1.8212890625,-1.8212890625,1,149,False
+,73,65,73,65,138,138,0,0.494384765625,-0.494384765625,-0.494384765625,1,138,True
+,73,66,73,66,139,139,0,0.1529541015625,-0.1529541015625,-0.1529541015625,1,139,True
+,73,67,73,67,140,140,0,0.099609375,-0.099609375,-0.099609375,1,140,True
+,73,68,73,68,141,141,0,1.587890625,-1.587890625,-1.587890625,1,151,False
+,73,69,73,69,142,142,1,1.50390625,-1.50390625,-1.50390625,1,152,False
+,73,70,73,70,143,143,0,0.4072265625,-0.4072265625,-0.4072265625,1,143,True
+,73,71,73,71,144,144,0,1.3408203125,-1.3408203125,-1.3408203125,1,146,False
+,73,72,73,72,145,145,0,0.5224609375,-0.5224609375,-0.5224609375,1,145,True
+,73,73,73,73,146,146,1,2.857421875,-2.857421875,-2.857421875,1,140,False
+,73,74,73,74,147,147,0,0.83447265625,-0.83447265625,-0.83447265625,1,147,True
+,73,75,73,75,148,148,0,0.463623046875,-0.463623046875,-0.463623046875,1,148,True
+,73,76,73,76,149,149,0,0.395751953125,-0.395751953125,-0.395751953125,1,149,True
+,73,77,73,77,150,150,0,2.103515625,-2.103515625,-2.103515625,1,160,False
+,73,78,73,78,151,151,0,0.6611328125,-0.6611328125,-0.6611328125,1,151,True
+,73,79,73,79,152,152,0,0.290771484375,-0.290771484375,-0.290771484375,1,152,True
+,73,80,73,80,153,153,0,0.39453125,-0.39453125,-0.39453125,1,153,True
+,73,81,73,81,154,154,0,0.3544921875,-0.3544921875,-0.3544921875,1,154,True
+,73,82,73,82,155,155,0,0.315673828125,-0.315673828125,-0.315673828125,1,155,True
+,73,83,73,83,156,156,0,0.4736328125,-0.4736328125,-0.4736328125,1,156,True
+,73,84,73,84,157,157,1,0.390380859375,-0.390380859375,-0.390380859375,1,157,True
+,73,85,73,85,158,158,1,1.15234375,-1.15234375,-1.15234375,1,158,True
+,73,86,73,86,159,159,0,0.47119140625,-0.47119140625,-0.47119140625,1,159,True
+,73,87,73,87,160,160,0,0.431884765625,-0.431884765625,-0.431884765625,1,160,True
+,73,88,73,88,161,161,1,0.59375,-0.59375,-0.59375,1,161,True
+,73,89,73,89,162,162,0,1.8310546875,-1.8310546875,-1.8310546875,1,152,False
+,73,90,73,90,163,163,0,0.5712890625,-0.5712890625,-0.5712890625,1,163,True
+,73,91,73,91,164,164,0,1.7421875,-1.7421875,-1.7421875,1,154,False
+,73,92,73,92,165,165,0,1.14453125,-1.14453125,-1.14453125,1,165,True
+,73,93,73,93,166,166,0,1.9462890625,-1.9462890625,-1.9462890625,1,146,False
+,73,94,73,94,167,167,0,1.4375,-1.4375,-1.4375,1,157,False
+,73,95,73,95,168,168,0,2.400390625,-2.400390625,-2.400390625,1,158,False
+,73,96,73,96,169,169,0,0.2939453125,-0.2939453125,-0.2939453125,1,169,True
+,73,97,73,97,170,170,0,1.1513671875,-1.1513671875,-1.1513671875,1,170,True
+,73,98,73,98,171,171,0,0.501953125,-0.501953125,-0.501953125,1,171,True
+,73,99,73,99,172,172,0,0.580078125,-0.580078125,-0.580078125,1,172,True
+,73,100,73,100,173,173,0,0.30078125,-0.30078125,-0.30078125,1,173,True
+,74,1,74,1,75,75,2,0.004207611083984375,-0.004207611083984375,-0.004207611083984375,1,75,True
+,74,2,74,2,76,76,1,0.0433349609375,-0.0433349609375,-0.0433349609375,1,76,True
+,74,3,74,3,77,77,2,0.0286865234375,-0.0286865234375,-0.0286865234375,1,77,True
+,74,4,74,4,78,78,1,0.401611328125,-0.401611328125,-0.401611328125,1,78,True
+,74,5,74,5,79,79,0,0.1268310546875,-0.1268310546875,-0.1268310546875,1,79,True
+,74,6,74,6,80,80,1,1.185546875,-1.185546875,-1.185546875,1,80,True
+,74,7,74,7,81,81,0,1.4609375,-1.4609375,-1.4609375,1,71,False
+,74,8,74,8,82,82,2,1.1845703125,-1.1845703125,-1.1845703125,1,70,False
+,74,9,74,9,83,83,0,2.35546875,-2.35546875,-2.35546875,1,73,False
+,74,10,74,10,84,84,1,1.2197265625,-1.2197265625,-1.2197265625,1,74,False
+,74,11,74,11,85,85,0,0.15185546875,-0.15185546875,-0.15185546875,1,85,True
+,74,12,74,12,86,86,0,2.431640625,-2.431640625,-2.431640625,1,76,False
+,74,13,74,13,87,87,0,5.86328125,-5.86328125,-5.86328125,1,77,False
+,74,14,74,14,88,88,1,7.1328125,-7.1328125,-7.1328125,1,78,False
+,74,15,74,15,89,89,0,3.931640625,-3.931640625,-3.931640625,1,79,False
+,74,16,74,16,90,90,1,3.5625,-3.5625,-3.5625,1,78,False
+,74,17,74,17,91,91,0,3.419921875,-3.419921875,-3.419921875,1,81,False
+,74,18,74,18,92,92,0,3.2890625,-3.2890625,-3.2890625,1,82,False
+,74,19,74,19,93,93,0,1.583984375,-1.583984375,-1.583984375,1,83,False
+,74,20,74,20,94,94,4,1.4404296875,-1.4404296875,-1.4404296875,1,74,False
+,74,21,74,21,95,95,0,0.280029296875,-0.280029296875,-0.280029296875,1,95,True
+,74,22,74,22,96,96,0,1.2353515625,-1.2353515625,-1.2353515625,1,86,False
+,74,23,74,23,97,97,0,2.32421875,-2.32421875,-2.32421875,1,87,False
+,74,24,74,24,98,98,0,0.43798828125,-0.43798828125,-0.43798828125,1,98,True
+,74,25,74,25,99,99,0,1.4931640625,-1.4931640625,-1.4931640625,1,79,False
+,74,26,74,26,100,100,0,2.224609375,-2.224609375,-2.224609375,1,80,False
+,74,27,74,27,101,101,0,2.515625,-2.515625,-2.515625,1,91,False
+,74,28,74,28,102,102,0,1.005859375,-1.005859375,-1.005859375,1,82,False
+,74,29,74,29,103,103,0,1.69140625,-1.69140625,-1.69140625,1,93,False
+,74,30,74,30,104,104,1,0.544921875,-0.544921875,-0.544921875,1,104,True
+,74,31,74,31,105,105,0,1.7802734375,-1.7802734375,-1.7802734375,1,95,False
+,74,32,74,32,106,106,0,1.1689453125,-1.1689453125,-1.1689453125,1,86,False
+,74,33,74,33,107,107,0,2.869140625,-2.869140625,-2.869140625,1,97,False
+,74,34,74,34,108,108,0,2.048828125,-2.048828125,-2.048828125,1,98,False
+,74,35,74,35,109,109,0,1.9638671875,-1.9638671875,-1.9638671875,1,99,False
+,74,36,74,36,110,110,0,0.497314453125,-0.497314453125,-0.497314453125,1,110,True
+,74,37,74,37,111,111,0,1.4619140625,-1.4619140625,-1.4619140625,1,101,False
+,74,38,74,38,112,112,1,1.60546875,-1.60546875,-1.60546875,1,102,False
+,74,39,74,39,113,113,0,1.6640625,-1.6640625,-1.6640625,1,103,False
+,74,40,74,40,114,114,0,0.225341796875,-0.225341796875,-0.225341796875,1,114,True
+,74,41,74,41,115,115,0,1.6025390625,-1.6025390625,-1.6025390625,1,105,False
+,74,42,74,42,116,116,0,0.2861328125,-0.2861328125,-0.2861328125,1,116,True
+,74,43,74,43,117,117,2,0.703125,-0.703125,-0.703125,1,117,True
+,74,44,74,44,118,118,0,1.2587890625,-1.2587890625,-1.2587890625,1,98,False
+,74,45,74,45,119,119,0,0.6025390625,-0.6025390625,-0.6025390625,1,119,True
+,74,46,74,46,120,120,0,3.333984375,-3.333984375,-3.333984375,1,100,False
+,74,47,74,47,121,121,1,2.16015625,-2.16015625,-2.16015625,1,111,False
+,74,48,74,48,122,122,0,0.1466064453125,-0.1466064453125,-0.1466064453125,1,122,True
+,74,49,74,49,123,123,0,0.2154541015625,-0.2154541015625,-0.2154541015625,1,123,True
+,74,50,74,50,124,124,0,1.169921875,-1.169921875,-1.169921875,1,144,False
+,74,51,74,51,125,125,0,0.2159423828125,-0.2159423828125,-0.2159423828125,1,125,True
+,74,52,74,52,126,126,0,0.221923828125,-0.221923828125,-0.221923828125,1,126,True
+,74,53,74,53,127,127,0,1.0576171875,-1.0576171875,-1.0576171875,1,117,False
+,74,54,74,54,128,128,0,1.916015625,-1.916015625,-1.916015625,1,118,False
+,74,55,74,55,129,129,0,1.740234375,-1.740234375,-1.740234375,1,119,False
+,74,56,74,56,130,130,0,1.6015625,-1.6015625,-1.6015625,1,110,False
+,74,57,74,57,131,131,0,0.1260986328125,-0.1260986328125,-0.1260986328125,1,131,True
+,74,58,74,58,132,132,0,0.142333984375,-0.142333984375,-0.142333984375,1,132,True
+,74,59,74,59,133,133,0,1.6015625,-1.6015625,-1.6015625,1,143,False
+,74,60,74,60,134,134,0,1.6845703125,-1.6845703125,-1.6845703125,1,154,False
+,74,61,74,61,135,135,0,1.3427734375,-1.3427734375,-1.3427734375,1,115,False
+,74,62,74,62,136,136,0,1.2890625,-1.2890625,-1.2890625,1,126,False
+,74,63,74,63,137,137,0,0.9365234375,-0.9365234375,-0.9365234375,1,137,True
+,74,64,74,64,138,138,0,0.30810546875,-0.30810546875,-0.30810546875,1,138,True
+,74,65,74,65,139,139,0,0.371826171875,-0.371826171875,-0.371826171875,1,139,True
+,74,66,74,66,140,140,0,0.128173828125,-0.128173828125,-0.128173828125,1,140,True
+,74,67,74,67,141,141,0,1.08984375,-1.08984375,-1.08984375,1,131,False
+,74,68,74,68,142,142,0,0.391357421875,-0.391357421875,-0.391357421875,1,142,True
+,74,69,74,69,143,143,0,0.119384765625,-0.119384765625,-0.119384765625,1,143,True
+,74,70,74,70,144,144,1,0.457275390625,-0.457275390625,-0.457275390625,1,144,True
+,74,71,74,71,145,145,0,1.693359375,-1.693359375,-1.693359375,1,155,False
+,74,72,74,72,146,146,0,0.208251953125,-0.208251953125,-0.208251953125,1,146,True
+,74,73,74,73,147,147,0,0.251708984375,-0.251708984375,-0.251708984375,1,147,True
+,74,74,74,74,148,148,2,1.6953125,-1.6953125,-1.6953125,1,150,False
+,74,75,74,75,149,149,0,0.306640625,-0.306640625,-0.306640625,1,149,True
+,74,76,74,76,150,150,0,0.331787109375,-0.331787109375,-0.331787109375,1,150,True
+,74,77,74,77,151,151,1,0.353759765625,-0.353759765625,-0.353759765625,1,151,True
+,74,78,74,78,152,152,1,1.0048828125,-1.0048828125,-1.0048828125,1,142,False
+,74,79,74,79,153,153,1,1.330078125,-1.330078125,-1.330078125,1,143,False
+,74,80,74,80,154,154,0,0.127685546875,-0.127685546875,-0.127685546875,1,154,True
+,74,81,74,81,155,155,0,0.66552734375,-0.66552734375,-0.66552734375,1,155,True
+,74,82,74,82,156,156,0,0.144775390625,-0.144775390625,-0.144775390625,1,156,True
+,74,83,74,83,157,157,0,1.9501953125,-1.9501953125,-1.9501953125,1,147,False
+,74,84,74,84,158,158,0,0.7919921875,-0.7919921875,-0.7919921875,1,158,True
+,74,85,74,85,159,159,0,0.76708984375,-0.76708984375,-0.76708984375,1,159,True
+,74,86,74,86,160,160,0,2.091796875,-2.091796875,-2.091796875,1,140,False
+,74,87,74,87,161,161,0,1.8525390625,-1.8525390625,-1.8525390625,1,151,False
+,74,88,74,88,162,162,0,0.402587890625,-0.402587890625,-0.402587890625,1,162,True
+,74,89,74,89,163,163,0,3.2421875,-3.2421875,-3.2421875,1,143,False
+,74,90,74,90,164,164,0,0.319091796875,-0.319091796875,-0.319091796875,1,164,True
+,74,91,74,91,165,165,0,2.57421875,-2.57421875,-2.57421875,1,155,False
+,74,92,74,92,166,166,0,0.9033203125,-0.9033203125,-0.9033203125,1,166,True
+,74,93,74,93,167,167,0,0.31689453125,-0.31689453125,-0.31689453125,1,167,True
+,74,94,74,94,168,168,0,1.318359375,-1.318359375,-1.318359375,1,168,True
+,74,95,74,95,169,169,0,2.6640625,-2.6640625,-2.6640625,1,159,False
+,74,96,74,96,170,170,0,0.91357421875,-0.91357421875,-0.91357421875,1,170,True
+,74,97,74,97,171,171,0,0.4755859375,-0.4755859375,-0.4755859375,1,171,True
+,74,98,74,98,172,172,0,1.9833984375,-1.9833984375,-1.9833984375,1,162,False
+,74,99,74,99,173,173,0,1.9677734375,-1.9677734375,-1.9677734375,1,163,False
+,74,100,74,100,174,174,2,0.1209716796875,-0.1209716796875,-0.1209716796875,1,174,True
+,75,1,75,1,76,76,11,0.10211181640625,-0.10211181640625,-0.10211181640625,1,76,True
+,75,2,75,2,77,77,2,0.10064697265625,-0.10064697265625,-0.10064697265625,1,77,True
+,75,3,75,3,78,78,1,0.37451171875,-0.37451171875,-0.37451171875,1,78,True
+,75,4,75,4,79,79,1,0.0295562744140625,-0.0295562744140625,-0.0295562744140625,1,79,True
+,75,5,75,5,80,80,0,0.2724609375,-0.2724609375,-0.2724609375,1,80,True
+,75,6,75,6,81,81,1,0.9951171875,-0.9951171875,-0.9951171875,1,69,False
+,75,7,75,7,82,82,0,1.4501953125,-1.4501953125,-1.4501953125,1,72,False
+,75,8,75,8,83,83,2,0.386474609375,-0.386474609375,-0.386474609375,1,83,True
+,75,9,75,9,84,84,0,0.89453125,-0.89453125,-0.89453125,1,84,True
+,75,10,75,10,85,85,1,0.90625,-0.90625,-0.90625,1,85,True
+,75,11,75,11,86,86,0,1.177734375,-1.177734375,-1.177734375,1,76,False
+,75,12,75,12,87,87,1,1.7783203125,-1.7783203125,-1.7783203125,1,78,False
+,75,13,75,13,88,88,0,2.654296875,-2.654296875,-2.654296875,1,78,False
+,75,14,75,14,89,89,0,3.076171875,-3.076171875,-3.076171875,1,79,False
+,75,15,75,15,90,90,2,1.0751953125,-1.0751953125,-1.0751953125,1,80,False
+,75,16,75,16,91,91,0,3.873046875,-3.873046875,-3.873046875,1,71,False
+,75,17,75,17,92,92,2,1.8916015625,-1.8916015625,-1.8916015625,1,82,False
+,75,18,75,18,93,93,0,0.2100830078125,-0.2100830078125,-0.2100830078125,1,93,True
+,75,19,75,19,94,94,0,1.232421875,-1.232421875,-1.232421875,1,84,False
+,75,20,75,20,95,95,1,3.13671875,-3.13671875,-3.13671875,1,85,False
+,75,21,75,21,96,96,0,1.41015625,-1.41015625,-1.41015625,1,86,False
+,75,22,75,22,97,97,0,0.68115234375,-0.68115234375,-0.68115234375,1,97,True
+,75,23,75,23,98,98,0,2.490234375,-2.490234375,-2.490234375,1,88,False
+,75,24,75,24,99,99,0,0.92236328125,-0.92236328125,-0.92236328125,1,99,True
+,75,25,75,25,100,100,3,3.68359375,-3.68359375,-3.68359375,1,80,False
+,75,26,75,26,101,101,4,2.76953125,-2.76953125,-2.76953125,1,91,False
+,75,27,75,27,102,102,2,0.4560546875,-0.4560546875,-0.4560546875,1,102,True
+,75,28,75,28,103,103,0,1.3935546875,-1.3935546875,-1.3935546875,1,83,False
+,75,29,75,29,104,104,0,4.08984375,-4.08984375,-4.08984375,1,94,False
+,75,30,75,30,105,105,2,0.23876953125,-0.23876953125,-0.23876953125,1,105,True
+,75,31,75,31,106,106,0,1.59765625,-1.59765625,-1.59765625,1,86,False
+,75,32,75,32,107,107,0,0.994140625,-0.994140625,-0.994140625,1,107,True
+,75,33,75,33,108,108,0,0.1600341796875,-0.1600341796875,-0.1600341796875,1,108,True
+,75,34,75,34,109,109,0,2.244140625,-2.244140625,-2.244140625,1,89,False
+,75,35,75,35,110,110,3,3.38671875,-3.38671875,-3.38671875,1,100,False
+,75,36,75,36,111,111,0,0.1588134765625,-0.1588134765625,-0.1588134765625,1,111,True
+,75,37,75,37,112,112,0,1.552734375,-1.552734375,-1.552734375,1,92,False
+,75,38,75,38,113,113,1,1.46484375,-1.46484375,-1.46484375,1,103,False
+,75,39,75,39,114,114,0,0.048675537109375,-0.048675537109375,-0.048675537109375,1,114,True
+,75,40,75,40,115,115,0,0.316162109375,-0.316162109375,-0.316162109375,1,115,True
+,75,41,75,41,116,116,0,1.4892578125,-1.4892578125,-1.4892578125,1,106,False
+,75,42,75,42,117,117,1,0.09320068359375,-0.09320068359375,-0.09320068359375,1,117,True
+,75,43,75,43,118,118,0,1.2314453125,-1.2314453125,-1.2314453125,1,98,False
+,75,44,75,44,119,119,0,0.271240234375,-0.271240234375,-0.271240234375,1,119,True
+,75,45,75,45,120,120,3,0.0195159912109375,-0.0195159912109375,-0.0195159912109375,1,120,True
+,75,46,75,46,121,121,1,0.350830078125,-0.350830078125,-0.350830078125,1,121,True
+,75,47,75,47,122,122,0,0.1756591796875,-0.1756591796875,-0.1756591796875,1,122,True
+,75,48,75,48,123,123,2,0.1474609375,-0.1474609375,-0.1474609375,1,123,True
+,75,49,75,49,124,124,0,0.513671875,-0.513671875,-0.513671875,1,124,True
+,75,50,75,50,125,125,4,0.0158233642578125,-0.0158233642578125,-0.0158233642578125,1,125,True
+,75,51,75,51,126,126,0,0.035125732421875,-0.035125732421875,-0.035125732421875,1,126,True
+,75,52,75,52,127,127,0,0.388916015625,-0.388916015625,-0.388916015625,1,127,True
+,75,53,75,53,128,128,0,0.77294921875,-0.77294921875,-0.77294921875,1,128,True
+,75,54,75,54,129,129,0,0.12005615234375,-0.12005615234375,-0.12005615234375,1,129,True
+,75,55,75,55,130,130,0,0.297607421875,-0.297607421875,-0.297607421875,1,130,True
+,75,56,75,56,131,131,0,0.167236328125,-0.167236328125,-0.167236328125,1,131,True
+,75,57,75,57,132,132,3,0.15185546875,-0.15185546875,-0.15185546875,1,132,True
+,75,58,75,58,133,133,4,1.40625,-1.40625,-1.40625,1,143,False
+,75,59,75,59,134,134,0,0.336669921875,-0.336669921875,-0.336669921875,1,134,True
+,75,60,75,60,135,135,2,0.08258056640625,-0.08258056640625,-0.08258056640625,1,135,True
+,75,61,75,61,136,136,0,1.2216796875,-1.2216796875,-1.2216796875,1,146,False
+,75,62,75,62,137,137,0,1.19140625,-1.19140625,-1.19140625,1,137,True
+,75,63,75,63,138,138,0,0.47802734375,-0.47802734375,-0.47802734375,1,138,True
+,75,64,75,64,139,139,0,0.446044921875,-0.446044921875,-0.446044921875,1,139,True
+,75,65,75,65,140,140,0,0.361083984375,-0.361083984375,-0.361083984375,1,140,True
+,75,66,75,66,141,141,0,0.062042236328125,-0.062042236328125,-0.062042236328125,1,141,True
+,75,67,75,67,142,142,1,0.818359375,-0.818359375,-0.818359375,1,142,True
+,75,68,75,68,143,143,0,0.383544921875,-0.383544921875,-0.383544921875,1,143,True
+,75,69,75,69,144,144,1,0.07135009765625,-0.07135009765625,-0.07135009765625,1,144,True
+,75,70,75,70,145,145,1,0.76611328125,-0.76611328125,-0.76611328125,1,155,False
+,75,71,75,71,146,146,0,0.1300048828125,-0.1300048828125,-0.1300048828125,1,146,True
+,75,72,75,72,147,147,0,0.18310546875,-0.18310546875,-0.18310546875,1,147,True
+,75,73,75,73,148,148,0,0.91748046875,-0.91748046875,-0.91748046875,1,148,True
+,75,74,75,74,149,149,0,0.1279296875,-0.1279296875,-0.1279296875,1,149,True
+,75,75,75,75,150,150,10,0.009185791015625,-0.009185791015625,-0.009185791015625,1,150,True
+,75,76,75,76,151,151,0,0.039215087890625,-0.039215087890625,-0.039215087890625,1,151,True
+,75,77,75,77,152,152,0,0.036773681640625,-0.036773681640625,-0.036773681640625,1,152,True
+,75,78,75,78,153,153,0,0.0091094970703125,-0.0091094970703125,-0.0091094970703125,1,153,True
+,75,79,75,79,154,154,0,0.093994140625,-0.093994140625,-0.093994140625,1,154,True
+,75,80,75,80,155,155,1,0.0117645263671875,-0.0117645263671875,-0.0117645263671875,1,155,True
+,75,81,75,81,156,156,0,0.0633544921875,-0.0633544921875,-0.0633544921875,1,156,True
+,75,82,75,82,157,157,0,0.9130859375,-0.9130859375,-0.9130859375,1,157,True
+,75,83,75,83,158,158,0,0.7685546875,-0.7685546875,-0.7685546875,1,158,True
+,75,84,75,84,159,159,0,0.158935546875,-0.158935546875,-0.158935546875,1,159,True
+,75,85,75,85,160,160,1,0.54150390625,-0.54150390625,-0.54150390625,1,160,True
+,75,86,75,86,161,161,0,0.72900390625,-0.72900390625,-0.72900390625,1,161,True
+,75,87,75,87,162,162,0,0.4462890625,-0.4462890625,-0.4462890625,1,162,True
+,75,88,75,88,163,163,0,0.4111328125,-0.4111328125,-0.4111328125,1,163,True
+,75,89,75,89,164,164,0,1.65625,-1.65625,-1.65625,1,134,False
+,75,90,75,90,165,165,0,0.0294342041015625,-0.0294342041015625,-0.0294342041015625,1,165,True
+,75,91,75,91,166,166,0,0.95947265625,-0.95947265625,-0.95947265625,1,166,True
+,75,92,75,92,167,167,0,0.255615234375,-0.255615234375,-0.255615234375,1,167,True
+,75,93,75,93,168,168,0,1.0244140625,-1.0244140625,-1.0244140625,1,138,False
+,75,94,75,94,169,169,0,0.94921875,-0.94921875,-0.94921875,1,169,True
+,75,95,75,95,170,170,0,0.923828125,-0.923828125,-0.923828125,1,160,False
+,75,96,75,96,171,171,0,0.137451171875,-0.137451171875,-0.137451171875,1,171,True
+,75,97,75,97,172,172,0,0.55224609375,-0.55224609375,-0.55224609375,1,172,True
+,75,98,75,98,173,173,0,0.97314453125,-0.97314453125,-0.97314453125,1,163,False
+,75,99,75,99,174,174,0,1.6455078125,-1.6455078125,-1.6455078125,1,144,False
+,75,100,75,100,175,175,0,0.005870819091796875,-0.005870819091796875,-0.005870819091796875,1,175,True
+,76,1,76,1,77,77,3,0.0276031494140625,-0.0276031494140625,-0.0276031494140625,1,77,True
+,76,2,76,2,78,78,1,0.199951171875,-0.199951171875,-0.199951171875,1,78,True
+,76,3,76,3,79,79,0,0.0259246826171875,-0.0259246826171875,-0.0259246826171875,1,79,True
+,76,4,76,4,80,80,2,0.349365234375,-0.349365234375,-0.349365234375,1,80,True
+,76,5,76,5,81,81,0,0.1796875,-0.1796875,-0.1796875,1,81,True
+,76,6,76,6,82,82,1,0.0161895751953125,-0.0161895751953125,-0.0161895751953125,1,82,True
+,76,7,76,7,83,83,0,0.12030029296875,-0.12030029296875,-0.12030029296875,1,83,True
+,76,8,76,8,84,84,0,0.2376708984375,-0.2376708984375,-0.2376708984375,1,84,True
+,76,9,76,9,85,85,2,0.142578125,-0.142578125,-0.142578125,1,85,True
+,76,10,76,10,86,86,2,0.2249755859375,-0.2249755859375,-0.2249755859375,1,86,True
+,76,11,76,11,87,87,0,0.44921875,-0.44921875,-0.44921875,1,87,True
+,76,12,76,12,88,88,2,3.6640625,-3.6640625,-3.6640625,1,80,False
+,76,13,76,13,89,89,1,0.6982421875,-0.6982421875,-0.6982421875,1,89,True
+,76,14,76,14,90,90,1,1.4736328125,-1.4736328125,-1.4736328125,1,82,False
+,76,15,76,15,91,91,0,0.07305908203125,-0.07305908203125,-0.07305908203125,1,91,True
+,76,16,76,16,92,92,1,1.0234375,-1.0234375,-1.0234375,1,92,True
+,76,17,76,17,93,93,0,1.6044921875,-1.6044921875,-1.6044921875,1,83,False
+,76,18,76,18,94,94,1,0.9287109375,-0.9287109375,-0.9287109375,1,94,True
+,76,19,76,19,95,95,0,0.990234375,-0.990234375,-0.990234375,1,85,False
+,76,20,76,20,96,96,0,1.6396484375,-1.6396484375,-1.6396484375,1,91,False
+,76,21,76,21,97,97,2,0.109619140625,-0.109619140625,-0.109619140625,1,97,True
+,76,22,76,22,98,98,0,1.5283203125,-1.5283203125,-1.5283203125,1,89,False
+,76,23,76,23,99,99,0,0.97998046875,-0.97998046875,-0.97998046875,1,99,True
+,76,24,76,24,100,100,0,0.5517578125,-0.5517578125,-0.5517578125,1,100,True
+,76,25,76,25,101,101,1,2.9609375,-2.9609375,-2.9609375,1,91,False
+,76,26,76,26,102,102,1,1.130859375,-1.130859375,-1.130859375,1,102,True
+,76,27,76,27,103,103,0,0.2449951171875,-0.2449951171875,-0.2449951171875,1,103,True
+,76,28,76,28,104,104,0,2.689453125,-2.689453125,-2.689453125,1,92,False
+,76,29,76,29,105,105,0,2.771484375,-2.771484375,-2.771484375,1,93,False
+,76,30,76,30,106,106,0,0.9580078125,-0.9580078125,-0.9580078125,1,86,False
+,76,31,76,31,107,107,1,1.5078125,-1.5078125,-1.5078125,1,97,False
+,76,32,76,32,108,108,0,3.615234375,-3.615234375,-3.615234375,1,100,False
+,76,33,76,33,109,109,0,1.12109375,-1.12109375,-1.12109375,1,109,True
+,76,34,76,34,110,110,0,0.54296875,-0.54296875,-0.54296875,1,110,True
+,76,35,76,35,111,111,0,1.435546875,-1.435546875,-1.435546875,1,101,False
+,76,36,76,36,112,112,0,3.44140625,-3.44140625,-3.44140625,1,100,False
+,76,37,76,37,113,113,0,3.443359375,-3.443359375,-3.443359375,1,103,False
+,76,38,76,38,114,114,0,0.5400390625,-0.5400390625,-0.5400390625,1,114,True
+,76,39,76,39,115,115,0,0.2261962890625,-0.2261962890625,-0.2261962890625,1,115,True
+,76,40,76,40,116,116,0,0.265869140625,-0.265869140625,-0.265869140625,1,116,True
+,76,41,76,41,117,117,0,1.4013671875,-1.4013671875,-1.4013671875,1,107,False
+,76,42,76,42,118,118,0,1.2080078125,-1.2080078125,-1.2080078125,1,110,False
+,76,43,76,43,119,119,0,0.53759765625,-0.53759765625,-0.53759765625,1,119,True
+,76,44,76,44,120,120,1,0.818359375,-0.818359375,-0.818359375,1,120,True
+,76,45,76,45,121,121,1,0.1497802734375,-0.1497802734375,-0.1497802734375,1,121,True
+,76,46,76,46,122,122,0,0.09027099609375,-0.09027099609375,-0.09027099609375,1,122,True
+,76,47,76,47,123,123,0,0.66259765625,-0.66259765625,-0.66259765625,1,123,True
+,76,48,76,48,124,124,1,0.30029296875,-0.30029296875,-0.30029296875,1,124,True
+,76,49,76,49,125,125,0,1.0029296875,-1.0029296875,-1.0029296875,1,115,False
+,76,50,76,50,126,126,0,0.1815185546875,-0.1815185546875,-0.1815185546875,1,126,True
+,76,51,76,51,127,127,0,0.1378173828125,-0.1378173828125,-0.1378173828125,1,127,True
+,76,52,76,52,128,128,0,3.244140625,-3.244140625,-3.244140625,1,140,False
+,76,53,76,53,129,129,1,0.64111328125,-0.64111328125,-0.64111328125,1,129,True
+,76,54,76,54,130,130,0,0.6591796875,-0.6591796875,-0.6591796875,1,130,True
+,76,55,76,55,131,131,0,0.271484375,-0.271484375,-0.271484375,1,131,True
+,76,56,76,56,132,132,1,0.11248779296875,-0.11248779296875,-0.11248779296875,1,132,True
+,76,57,76,57,133,133,2,1.33203125,-1.33203125,-1.33203125,1,143,False
+,76,58,76,58,134,134,0,1.0615234375,-1.0615234375,-1.0615234375,1,134,True
+,76,59,76,59,135,135,0,1.302734375,-1.302734375,-1.302734375,1,135,True
+,76,60,76,60,136,136,0,0.283203125,-0.283203125,-0.283203125,1,136,True
+,76,61,76,61,137,137,0,0.65185546875,-0.65185546875,-0.65185546875,1,137,True
+,76,62,76,62,138,138,0,0.3876953125,-0.3876953125,-0.3876953125,1,138,True
+,76,63,76,63,139,139,0,0.78369140625,-0.78369140625,-0.78369140625,1,139,True
+,76,64,76,64,140,140,0,0.74853515625,-0.74853515625,-0.74853515625,1,140,True
+,76,65,76,65,141,141,0,1.869140625,-1.869140625,-1.869140625,1,151,False
+,76,66,76,66,142,142,0,0.07135009765625,-0.07135009765625,-0.07135009765625,1,142,True
+,76,67,76,67,143,143,2,0.10369873046875,-0.10369873046875,-0.10369873046875,1,143,True
+,76,68,76,68,144,144,0,0.9560546875,-0.9560546875,-0.9560546875,1,144,True
+,76,69,76,69,145,145,0,0.58154296875,-0.58154296875,-0.58154296875,1,145,True
+,76,70,76,70,146,146,0,0.58203125,-0.58203125,-0.58203125,1,146,True
+,76,71,76,71,147,147,0,0.381103515625,-0.381103515625,-0.381103515625,1,147,True
+,76,72,76,72,148,148,0,1.337890625,-1.337890625,-1.337890625,1,148,True
+,76,73,76,73,149,149,1,0.6337890625,-0.6337890625,-0.6337890625,1,149,True
+,76,74,76,74,150,150,0,0.344482421875,-0.344482421875,-0.344482421875,1,150,True
+,76,75,76,75,151,151,0,0.0157928466796875,-0.0157928466796875,-0.0157928466796875,1,151,True
+,76,76,76,76,152,152,2,0.270751953125,-0.270751953125,-0.270751953125,1,152,True
+,76,77,76,77,153,153,0,0.364990234375,-0.364990234375,-0.364990234375,1,153,True
+,76,78,76,78,154,154,0,0.028350830078125,-0.028350830078125,-0.028350830078125,1,154,True
+,76,79,76,79,155,155,0,0.0113983154296875,-0.0113983154296875,-0.0113983154296875,1,155,True
+,76,80,76,80,156,156,0,0.17138671875,-0.17138671875,-0.17138671875,1,156,True
+,76,81,76,81,157,157,0,1.11328125,-1.11328125,-1.11328125,1,167,False
+,76,82,76,82,158,158,0,0.43115234375,-0.43115234375,-0.43115234375,1,158,True
+,76,83,76,83,159,159,0,0.060302734375,-0.060302734375,-0.060302734375,1,159,True
+,76,84,76,84,160,160,0,0.65869140625,-0.65869140625,-0.65869140625,1,160,True
+,76,85,76,85,161,161,0,0.7119140625,-0.7119140625,-0.7119140625,1,161,True
+,76,86,76,86,162,162,0,0.62158203125,-0.62158203125,-0.62158203125,1,162,True
+,76,87,76,87,163,163,0,0.1859130859375,-0.1859130859375,-0.1859130859375,1,163,True
+,76,88,76,88,164,164,1,1.888671875,-1.888671875,-1.888671875,1,152,False
+,76,89,76,89,165,165,0,0.88916015625,-0.88916015625,-0.88916015625,1,165,True
+,76,90,76,90,166,166,0,0.466796875,-0.466796875,-0.466796875,1,166,True
+,76,91,76,91,167,167,0,0.313720703125,-0.313720703125,-0.313720703125,1,167,True
+,76,92,76,92,168,168,0,2.185546875,-2.185546875,-2.185546875,1,140,False
+,76,93,76,93,169,169,0,0.276611328125,-0.276611328125,-0.276611328125,1,169,True
+,76,94,76,94,170,170,0,1.3193359375,-1.3193359375,-1.3193359375,1,150,False
+,76,95,76,95,171,171,0,0.8369140625,-0.8369140625,-0.8369140625,1,151,False
+,76,96,76,96,172,172,0,1.3525390625,-1.3525390625,-1.3525390625,1,152,False
+,76,97,76,97,173,173,0,1.3583984375,-1.3583984375,-1.3583984375,1,163,False
+,76,98,76,98,174,174,0,2.66015625,-2.66015625,-2.66015625,1,162,False
+,76,99,76,99,175,175,0,0.2408447265625,-0.2408447265625,-0.2408447265625,1,175,True
+,76,100,76,100,176,176,0,0.55810546875,-0.55810546875,-0.55810546875,1,176,True
+,77,1,77,1,78,78,2,0.059234619140625,-0.059234619140625,-0.059234619140625,1,78,True
+,77,2,77,2,79,79,0,0.1658935546875,-0.1658935546875,-0.1658935546875,1,79,True
+,77,3,77,3,80,80,5,0.3720703125,-0.3720703125,-0.3720703125,1,80,True
+,77,4,77,4,81,81,1,0.130859375,-0.130859375,-0.130859375,1,81,True
+,77,5,77,5,82,82,4,0.08453369140625,-0.08453369140625,-0.08453369140625,1,82,True
+,77,6,77,6,83,83,0,0.047210693359375,-0.047210693359375,-0.047210693359375,1,83,True
+,77,7,77,7,84,84,0,0.477783203125,-0.477783203125,-0.477783203125,1,84,True
+,77,8,77,8,85,85,1,0.1727294921875,-0.1727294921875,-0.1727294921875,1,85,True
+,77,9,77,9,86,86,0,0.52685546875,-0.52685546875,-0.52685546875,1,86,True
+,77,10,77,10,87,87,0,0.1357421875,-0.1357421875,-0.1357421875,1,87,True
+,77,11,77,11,88,88,0,0.57958984375,-0.57958984375,-0.57958984375,1,88,True
+,77,12,77,12,89,89,1,1.9736328125,-1.9736328125,-1.9736328125,1,85,False
+,77,13,77,13,90,90,0,1.3447265625,-1.3447265625,-1.3447265625,1,80,False
+,77,14,77,14,91,91,0,1.1474609375,-1.1474609375,-1.1474609375,1,81,False
+,77,15,77,15,92,92,2,0.66552734375,-0.66552734375,-0.66552734375,1,92,True
+,77,16,77,16,93,93,0,0.50830078125,-0.50830078125,-0.50830078125,1,93,True
+,77,17,77,17,94,94,8,1.001953125,-1.001953125,-1.001953125,1,84,False
+,77,18,77,18,95,95,0,0.1162109375,-0.1162109375,-0.1162109375,1,95,True
+,77,19,77,19,96,96,2,1.2451171875,-1.2451171875,-1.2451171875,1,86,False
+,77,20,77,20,97,97,0,0.352783203125,-0.352783203125,-0.352783203125,1,97,True
+,77,21,77,21,98,98,0,0.6044921875,-0.6044921875,-0.6044921875,1,98,True
+,77,22,77,22,99,99,1,2.046875,-2.046875,-2.046875,1,89,False
+,77,23,77,23,100,100,0,1.30859375,-1.30859375,-1.30859375,1,90,False
+,77,24,77,24,101,101,0,1.5546875,-1.5546875,-1.5546875,1,103,False
+,77,25,77,25,102,102,1,2.595703125,-2.595703125,-2.595703125,1,92,False
+,77,26,77,26,103,103,2,1.6259765625,-1.6259765625,-1.6259765625,1,93,False
+,77,27,77,27,104,104,0,0.81201171875,-0.81201171875,-0.81201171875,1,104,True
+,77,28,77,28,105,105,0,1.5400390625,-1.5400390625,-1.5400390625,1,95,False
+,77,29,77,29,106,106,0,4.82421875,-4.82421875,-4.82421875,1,96,False
+,77,30,77,30,107,107,0,2.53515625,-2.53515625,-2.53515625,1,97,False
+,77,31,77,31,108,108,0,3.982421875,-3.982421875,-3.982421875,1,100,False
+,77,32,77,32,109,109,1,3.84375,-3.84375,-3.84375,1,99,False
+,77,33,77,33,110,110,0,0.63037109375,-0.63037109375,-0.63037109375,1,110,True
+,77,34,77,34,111,111,4,2.203125,-2.203125,-2.203125,1,103,False
+,77,35,77,35,112,112,0,2.779296875,-2.779296875,-2.779296875,1,102,False
+,77,36,77,36,113,113,0,3.54296875,-3.54296875,-3.54296875,1,103,False
+,77,37,77,37,114,114,1,3.904296875,-3.904296875,-3.904296875,1,104,False
+,77,38,77,38,115,115,0,1.201171875,-1.201171875,-1.201171875,1,105,False
+,77,39,77,39,116,116,0,0.99169921875,-0.99169921875,-0.99169921875,1,116,True
+,77,40,77,40,117,117,0,1.916015625,-1.916015625,-1.916015625,1,127,False
+,77,41,77,41,118,118,0,2.7890625,-2.7890625,-2.7890625,1,108,False
+,77,42,77,42,119,119,0,1.0380859375,-1.0380859375,-1.0380859375,1,109,False
+,77,43,77,43,120,120,0,1.3525390625,-1.3525390625,-1.3525390625,1,110,False
+,77,44,77,44,121,121,0,1.529296875,-1.529296875,-1.529296875,1,121,True
+,77,45,77,45,122,122,0,0.16845703125,-0.16845703125,-0.16845703125,1,122,True
+,77,46,77,46,123,123,0,1.822265625,-1.822265625,-1.822265625,1,133,False
+,77,47,77,47,124,124,0,0.9052734375,-0.9052734375,-0.9052734375,1,124,True
+,77,48,77,48,125,125,0,0.56201171875,-0.56201171875,-0.56201171875,1,125,True
+,77,49,77,49,126,126,2,0.93310546875,-0.93310546875,-0.93310546875,1,126,True
+,77,50,77,50,127,127,0,0.2958984375,-0.2958984375,-0.2958984375,1,127,True
+,77,51,77,51,128,128,0,0.337646484375,-0.337646484375,-0.337646484375,1,128,True
+,77,52,77,52,129,129,0,0.6552734375,-0.6552734375,-0.6552734375,1,129,True
+,77,53,77,53,130,130,0,0.97412109375,-0.97412109375,-0.97412109375,1,130,True
+,77,54,77,54,131,131,0,0.388671875,-0.388671875,-0.388671875,1,131,True
+,77,55,77,55,132,132,0,0.3251953125,-0.3251953125,-0.3251953125,1,132,True
+,77,56,77,56,133,133,0,0.368896484375,-0.368896484375,-0.368896484375,1,133,True
+,77,57,77,57,134,134,0,1.259765625,-1.259765625,-1.259765625,1,133,False
+,77,58,77,58,135,135,0,1.7138671875,-1.7138671875,-1.7138671875,1,145,False
+,77,59,77,59,136,136,0,0.74169921875,-0.74169921875,-0.74169921875,1,136,True
+,77,60,77,60,137,137,0,0.1707763671875,-0.1707763671875,-0.1707763671875,1,137,True
+,77,61,77,61,138,138,0,0.83349609375,-0.83349609375,-0.83349609375,1,138,True
+,77,62,77,62,139,139,0,1.009765625,-1.009765625,-1.009765625,1,139,True
+,77,63,77,63,140,140,1,0.66748046875,-0.66748046875,-0.66748046875,1,140,True
+,77,64,77,64,141,141,0,1.8974609375,-1.8974609375,-1.8974609375,1,151,False
+,77,65,77,65,142,142,0,0.634765625,-0.634765625,-0.634765625,1,142,True
+,77,66,77,66,143,143,0,0.039794921875,-0.039794921875,-0.039794921875,1,143,True
+,77,67,77,67,144,144,0,1.3544921875,-1.3544921875,-1.3544921875,1,144,True
+,77,68,77,68,145,145,0,0.51416015625,-0.51416015625,-0.51416015625,1,145,True
+,77,69,77,69,146,146,0,0.59033203125,-0.59033203125,-0.59033203125,1,146,True
+,77,70,77,70,147,147,0,1.59765625,-1.59765625,-1.59765625,1,157,False
+,77,71,77,71,148,148,0,2.234375,-2.234375,-2.234375,1,156,False
+,77,72,77,72,149,149,0,1.2646484375,-1.2646484375,-1.2646484375,1,151,False
+,77,73,77,73,150,150,0,0.417724609375,-0.417724609375,-0.417724609375,1,150,True
+,77,74,77,74,151,151,1,0.265869140625,-0.265869140625,-0.265869140625,1,151,True
+,77,75,77,75,152,152,0,0.06414794921875,-0.06414794921875,-0.06414794921875,1,152,True
+,77,76,77,76,153,153,0,0.4921875,-0.4921875,-0.4921875,1,153,True
+,77,77,77,77,154,154,2,0.80322265625,-0.80322265625,-0.80322265625,1,154,True
+,77,78,77,78,155,155,0,0.07586669921875,-0.07586669921875,-0.07586669921875,1,155,True
+,77,79,77,79,156,156,0,0.5634765625,-0.5634765625,-0.5634765625,1,156,True
+,77,80,77,80,157,157,0,0.118408203125,-0.118408203125,-0.118408203125,1,157,True
+,77,81,77,81,158,158,1,2.408203125,-2.408203125,-2.408203125,1,154,False
+,77,82,77,82,159,159,0,0.45751953125,-0.45751953125,-0.45751953125,1,159,True
+,77,83,77,83,160,160,0,1.2314453125,-1.2314453125,-1.2314453125,1,150,False
+,77,84,77,84,161,161,0,0.37548828125,-0.37548828125,-0.37548828125,1,161,True
+,77,85,77,85,162,162,0,1.7822265625,-1.7822265625,-1.7822265625,1,152,False
+,77,86,77,86,163,163,0,0.57080078125,-0.57080078125,-0.57080078125,1,163,True
+,77,87,77,87,164,164,0,2.0703125,-2.0703125,-2.0703125,1,154,False
+,77,88,77,88,165,165,0,1.9736328125,-1.9736328125,-1.9736328125,1,155,False
+,77,89,77,89,166,166,0,0.95751953125,-0.95751953125,-0.95751953125,1,166,True
+,77,90,77,90,167,167,0,1.125,-1.125,-1.125,1,157,False
+,77,91,77,91,168,168,0,3.236328125,-3.236328125,-3.236328125,1,156,False
+,77,92,77,92,169,169,0,1.576171875,-1.576171875,-1.576171875,1,159,False
+,77,93,77,93,170,170,0,1.392578125,-1.392578125,-1.392578125,1,160,False
+,77,94,77,94,171,171,0,3.076171875,-3.076171875,-3.076171875,1,161,False
+,77,95,77,95,172,172,0,0.66943359375,-0.66943359375,-0.66943359375,1,172,True
+,77,96,77,96,173,173,0,1.0615234375,-1.0615234375,-1.0615234375,1,163,False
+,77,97,77,97,174,174,0,1.97265625,-1.97265625,-1.97265625,1,154,False
+,77,98,77,98,175,175,0,1.2412109375,-1.2412109375,-1.2412109375,1,165,False
+,77,99,77,99,176,176,0,2.619140625,-2.619140625,-2.619140625,1,166,False
+,77,100,77,100,177,177,0,0.05889892578125,-0.05889892578125,-0.05889892578125,1,177,True
+,78,1,78,1,79,79,1,0.0244293212890625,-0.0244293212890625,-0.0244293212890625,1,79,True
+,78,2,78,2,80,80,1,0.064697265625,-0.064697265625,-0.064697265625,1,80,True
+,78,3,78,3,81,81,3,0.01540374755859375,-0.01540374755859375,-0.01540374755859375,1,81,True
+,78,4,78,4,82,82,1,0.040863037109375,-0.040863037109375,-0.040863037109375,1,82,True
+,78,5,78,5,83,83,0,0.0198822021484375,-0.0198822021484375,-0.0198822021484375,1,83,True
+,78,6,78,6,84,84,1,0.0555419921875,-0.0555419921875,-0.0555419921875,1,84,True
+,78,7,78,7,85,85,2,0.039276123046875,-0.039276123046875,-0.039276123046875,1,85,True
+,78,8,78,8,86,86,3,0.128662109375,-0.128662109375,-0.128662109375,1,86,True
+,78,9,78,9,87,87,3,0.0391845703125,-0.0391845703125,-0.0391845703125,1,87,True
+,78,10,78,10,88,88,4,0.044647216796875,-0.044647216796875,-0.044647216796875,1,88,True
+,78,11,78,11,89,89,0,0.0114898681640625,-0.0114898681640625,-0.0114898681640625,1,89,True
+,78,12,78,12,90,90,0,0.19921875,-0.19921875,-0.19921875,1,90,True
+,78,13,78,13,91,91,0,0.055877685546875,-0.055877685546875,-0.055877685546875,1,91,True
+,78,14,78,14,92,92,0,0.2037353515625,-0.2037353515625,-0.2037353515625,1,92,True
+,78,15,78,15,93,93,0,0.058380126953125,-0.058380126953125,-0.058380126953125,1,93,True
+,78,16,78,16,94,94,1,0.480712890625,-0.480712890625,-0.480712890625,1,94,True
+,78,17,78,17,95,95,0,0.19677734375,-0.19677734375,-0.19677734375,1,95,True
+,78,18,78,18,96,96,0,1.2041015625,-1.2041015625,-1.2041015625,1,90,False
+,78,19,78,19,97,97,0,0.115966796875,-0.115966796875,-0.115966796875,1,97,True
+,78,20,78,20,98,98,2,0.0972900390625,-0.0972900390625,-0.0972900390625,1,98,True
+,78,21,78,21,99,99,0,0.1527099609375,-0.1527099609375,-0.1527099609375,1,99,True
+,78,22,78,22,100,100,0,0.58203125,-0.58203125,-0.58203125,1,100,True
+,78,23,78,23,101,101,0,3.53515625,-3.53515625,-3.53515625,1,91,False
+,78,24,78,24,102,102,2,0.79736328125,-0.79736328125,-0.79736328125,1,102,True
+,78,25,78,25,103,103,0,1.0244140625,-1.0244140625,-1.0244140625,1,93,False
+,78,26,78,26,104,104,0,4.69921875,-4.69921875,-4.69921875,1,94,False
+,78,27,78,27,105,105,1,0.2288818359375,-0.2288818359375,-0.2288818359375,1,105,True
+,78,28,78,28,106,106,0,2.916015625,-2.916015625,-2.916015625,1,94,False
+,78,29,78,29,107,107,0,2.728515625,-2.728515625,-2.728515625,1,97,False
+,78,30,78,30,108,108,1,0.36572265625,-0.36572265625,-0.36572265625,1,108,True
+,78,31,78,31,109,109,1,1.7802734375,-1.7802734375,-1.7802734375,1,101,False
+,78,32,78,32,110,110,0,0.2005615234375,-0.2005615234375,-0.2005615234375,1,110,True
+,78,33,78,33,111,111,0,0.300048828125,-0.300048828125,-0.300048828125,1,111,True
+,78,34,78,34,112,112,0,3.765625,-3.765625,-3.765625,1,92,False
+,78,35,78,35,113,113,0,4.09765625,-4.09765625,-4.09765625,1,103,False
+,78,36,78,36,114,114,0,0.771484375,-0.771484375,-0.771484375,1,114,True
+,78,37,78,37,115,115,0,0.51025390625,-0.51025390625,-0.51025390625,1,115,True
+,78,38,78,38,116,116,0,0.8603515625,-0.8603515625,-0.8603515625,1,116,True
+,78,39,78,39,117,117,0,0.09039306640625,-0.09039306640625,-0.09039306640625,1,117,True
+,78,40,78,40,118,118,0,2.013671875,-2.013671875,-2.013671875,1,98,False
+,78,41,78,41,119,119,0,1.4453125,-1.4453125,-1.4453125,1,109,False
+,78,42,78,42,120,120,0,0.2337646484375,-0.2337646484375,-0.2337646484375,1,120,True
+,78,43,78,43,121,121,0,0.5693359375,-0.5693359375,-0.5693359375,1,121,True
+,78,44,78,44,122,122,0,0.08343505859375,-0.08343505859375,-0.08343505859375,1,122,True
+,78,45,78,45,123,123,3,0.2261962890625,-0.2261962890625,-0.2261962890625,1,123,True
+,78,46,78,46,124,124,0,1.015625,-1.015625,-1.015625,1,124,True
+,78,47,78,47,125,125,0,0.25048828125,-0.25048828125,-0.25048828125,1,125,True
+,78,48,78,48,126,126,2,1.1708984375,-1.1708984375,-1.1708984375,1,114,False
+,78,49,78,49,127,127,0,0.5625,-0.5625,-0.5625,1,127,True
+,78,50,78,50,128,128,0,0.379638671875,-0.379638671875,-0.379638671875,1,128,True
+,78,51,78,51,129,129,0,0.07012939453125,-0.07012939453125,-0.07012939453125,1,129,True
+,78,52,78,52,130,130,0,0.97607421875,-0.97607421875,-0.97607421875,1,110,False
+,78,53,78,53,131,131,0,0.80810546875,-0.80810546875,-0.80810546875,1,121,False
+,78,54,78,54,132,132,0,0.30224609375,-0.30224609375,-0.30224609375,1,132,True
+,78,55,78,55,133,133,0,0.66552734375,-0.66552734375,-0.66552734375,1,133,True
+,78,56,78,56,134,134,0,0.448974609375,-0.448974609375,-0.448974609375,1,134,True
+,78,57,78,57,135,135,0,0.1851806640625,-0.1851806640625,-0.1851806640625,1,135,True
+,78,58,78,58,136,136,0,2.841796875,-2.841796875,-2.841796875,1,140,False
+,78,59,78,59,137,137,2,1.3271484375,-1.3271484375,-1.3271484375,1,127,False
+,78,60,78,60,138,138,0,0.08935546875,-0.08935546875,-0.08935546875,1,138,True
+,78,61,78,61,139,139,1,0.79345703125,-0.79345703125,-0.79345703125,1,139,True
+,78,62,78,62,140,140,0,0.80078125,-0.80078125,-0.80078125,1,140,True
+,78,63,78,63,141,141,0,0.18359375,-0.18359375,-0.18359375,1,141,True
+,78,64,78,64,142,142,0,1.287109375,-1.287109375,-1.287109375,1,154,False
+,78,65,78,65,143,143,0,0.12481689453125,-0.12481689453125,-0.12481689453125,1,143,True
+,78,66,78,66,144,144,0,0.3896484375,-0.3896484375,-0.3896484375,1,144,True
+,78,67,78,67,145,145,0,3.294921875,-3.294921875,-3.294921875,1,155,False
+,78,68,78,68,146,146,0,0.94140625,-0.94140625,-0.94140625,1,146,True
+,78,69,78,69,147,147,0,0.525390625,-0.525390625,-0.525390625,1,147,True
+,78,70,78,70,148,148,0,3.439453125,-3.439453125,-3.439453125,1,158,False
+,78,71,78,71,149,149,0,1.072265625,-1.072265625,-1.072265625,1,151,False
+,78,72,78,72,150,150,0,0.427978515625,-0.427978515625,-0.427978515625,1,150,True
+,78,73,78,73,151,151,0,0.311767578125,-0.311767578125,-0.311767578125,1,151,True
+,78,74,78,74,152,152,0,1.265625,-1.265625,-1.265625,1,154,False
+,78,75,78,75,153,153,0,0.01837158203125,-0.01837158203125,-0.01837158203125,1,153,True
+,78,76,78,76,154,154,0,0.441650390625,-0.441650390625,-0.441650390625,1,154,True
+,78,77,78,77,155,155,0,0.64599609375,-0.64599609375,-0.64599609375,1,155,True
+,78,78,78,78,156,156,3,0.7509765625,-0.7509765625,-0.7509765625,1,156,True
+,78,79,78,79,157,157,0,0.283447265625,-0.283447265625,-0.283447265625,1,157,True
+,78,80,78,80,158,158,0,0.066162109375,-0.066162109375,-0.066162109375,1,158,True
+,78,81,78,81,159,159,0,0.048583984375,-0.048583984375,-0.048583984375,1,159,True
+,78,82,78,82,160,160,0,0.128173828125,-0.128173828125,-0.128173828125,1,160,True
+,78,83,78,83,161,161,0,2.8359375,-2.8359375,-2.8359375,1,151,False
+,78,84,78,84,162,162,0,0.02056884765625,-0.02056884765625,-0.02056884765625,1,162,True
+,78,85,78,85,163,163,0,0.701171875,-0.701171875,-0.701171875,1,163,True
+,78,86,78,86,164,164,0,0.87451171875,-0.87451171875,-0.87451171875,1,154,False
+,78,87,78,87,165,165,1,0.2132568359375,-0.2132568359375,-0.2132568359375,1,165,True
+,78,88,78,88,166,166,0,0.4189453125,-0.4189453125,-0.4189453125,1,166,True
+,78,89,78,89,167,167,0,0.36474609375,-0.36474609375,-0.36474609375,1,167,True
+,78,90,78,90,168,168,0,0.1944580078125,-0.1944580078125,-0.1944580078125,1,168,True
+,78,91,78,91,169,169,0,0.7451171875,-0.7451171875,-0.7451171875,1,169,True
+,78,92,78,92,170,170,0,0.0364990234375,-0.0364990234375,-0.0364990234375,1,170,True
+,78,93,78,93,171,171,0,0.0826416015625,-0.0826416015625,-0.0826416015625,1,171,True
+,78,94,78,94,172,172,1,1.923828125,-1.923828125,-1.923828125,1,170,False
+,78,95,78,95,173,173,0,2.62109375,-2.62109375,-2.62109375,1,167,False
+,78,96,78,96,174,174,0,0.5810546875,-0.5810546875,-0.5810546875,1,174,True
+,78,97,78,97,175,175,0,0.51904296875,-0.51904296875,-0.51904296875,1,175,True
+,78,98,78,98,176,176,0,1.365234375,-1.365234375,-1.365234375,1,170,False
+,78,99,78,99,177,177,0,0.11993408203125,-0.11993408203125,-0.11993408203125,1,177,True
+,78,100,78,100,178,178,0,0.0092010498046875,-0.0092010498046875,-0.0092010498046875,1,178,True
+,79,1,79,1,80,80,2,0.0648193359375,-0.0648193359375,-0.0648193359375,1,80,True
+,79,2,79,2,81,81,0,0.018035888671875,-0.018035888671875,-0.018035888671875,1,81,True
+,79,3,79,3,82,82,2,0.04168701171875,-0.04168701171875,-0.04168701171875,1,82,True
+,79,4,79,4,83,83,1,0.01395416259765625,-0.01395416259765625,-0.01395416259765625,1,83,True
+,79,5,79,5,84,84,0,0.0950927734375,-0.0950927734375,-0.0950927734375,1,84,True
+,79,6,79,6,85,85,0,0.2034912109375,-0.2034912109375,-0.2034912109375,1,85,True
+,79,7,79,7,86,86,0,0.241455078125,-0.241455078125,-0.241455078125,1,86,True
+,79,8,79,8,87,87,1,0.01617431640625,-0.01617431640625,-0.01617431640625,1,87,True
+,79,9,79,9,88,88,1,0.08734130859375,-0.08734130859375,-0.08734130859375,1,88,True
+,79,10,79,10,89,89,1,0.055633544921875,-0.055633544921875,-0.055633544921875,1,89,True
+,79,11,79,11,90,90,1,0.07421875,-0.07421875,-0.07421875,1,90,True
+,79,12,79,12,91,91,1,0.01067352294921875,-0.01067352294921875,-0.01067352294921875,1,91,True
+,79,13,79,13,92,92,0,1.458984375,-1.458984375,-1.458984375,1,82,False
+,79,14,79,14,93,93,0,0.1502685546875,-0.1502685546875,-0.1502685546875,1,93,True
+,79,15,79,15,94,94,0,0.0699462890625,-0.0699462890625,-0.0699462890625,1,94,True
+,79,16,79,16,95,95,2,0.07281494140625,-0.07281494140625,-0.07281494140625,1,95,True
+,79,17,79,17,96,96,0,1.091796875,-1.091796875,-1.091796875,1,86,False
+,79,18,79,18,97,97,0,0.07403564453125,-0.07403564453125,-0.07403564453125,1,97,True
+,79,19,79,19,98,98,0,1.1103515625,-1.1103515625,-1.1103515625,1,88,False
+,79,20,79,20,99,99,0,0.67431640625,-0.67431640625,-0.67431640625,1,99,True
+,79,21,79,21,100,100,0,0.81494140625,-0.81494140625,-0.81494140625,1,90,False
+,79,22,79,22,101,101,0,3.02734375,-3.02734375,-3.02734375,1,91,False
+,79,23,79,23,102,102,0,3.62109375,-3.62109375,-3.62109375,1,92,False
+,79,24,79,24,103,103,0,0.4169921875,-0.4169921875,-0.4169921875,1,103,True
+,79,25,79,25,104,104,0,3.841796875,-3.841796875,-3.841796875,1,94,False
+,79,26,79,26,105,105,0,2.36328125,-2.36328125,-2.36328125,1,95,False
+,79,27,79,27,106,106,0,2.2734375,-2.2734375,-2.2734375,1,96,False
+,79,28,79,28,107,107,0,2.134765625,-2.134765625,-2.134765625,1,97,False
+,79,29,79,29,108,108,0,3.5234375,-3.5234375,-3.5234375,1,98,False
+,79,30,79,30,109,109,1,0.87841796875,-0.87841796875,-0.87841796875,1,109,True
+,79,31,79,31,110,110,0,3.84375,-3.84375,-3.84375,1,100,False
+,79,32,79,32,111,111,0,2.107421875,-2.107421875,-2.107421875,1,91,False
+,79,33,79,33,112,112,0,3.03515625,-3.03515625,-3.03515625,1,102,False
+,79,34,79,34,113,113,0,2.986328125,-2.986328125,-2.986328125,1,103,False
+,79,35,79,35,114,114,0,1.73828125,-1.73828125,-1.73828125,1,104,False
+,79,36,79,36,115,115,0,0.143798828125,-0.143798828125,-0.143798828125,1,115,True
+,79,37,79,37,116,116,0,1.1787109375,-1.1787109375,-1.1787109375,1,106,False
+,79,38,79,38,117,117,0,1.3876953125,-1.3876953125,-1.3876953125,1,107,False
+,79,39,79,39,118,118,0,0.9306640625,-0.9306640625,-0.9306640625,1,118,True
+,79,40,79,40,119,119,0,0.281982421875,-0.281982421875,-0.281982421875,1,119,True
+,79,41,79,41,120,120,0,0.88623046875,-0.88623046875,-0.88623046875,1,120,True
+,79,42,79,42,121,121,0,0.68994140625,-0.68994140625,-0.68994140625,1,121,True
+,79,43,79,43,122,122,0,0.7041015625,-0.7041015625,-0.7041015625,1,122,True
+,79,44,79,44,123,123,1,1.068359375,-1.068359375,-1.068359375,1,123,True
+,79,45,79,45,124,124,0,0.66943359375,-0.66943359375,-0.66943359375,1,124,True
+,79,46,79,46,125,125,1,0.333984375,-0.333984375,-0.333984375,1,125,True
+,79,47,79,47,126,126,0,1.24609375,-1.24609375,-1.24609375,1,116,False
+,79,48,79,48,127,127,0,0.09234619140625,-0.09234619140625,-0.09234619140625,1,127,True
+,79,49,79,49,128,128,0,1.048828125,-1.048828125,-1.048828125,1,118,False
+,79,50,79,50,129,129,0,0.66552734375,-0.66552734375,-0.66552734375,1,129,True
+,79,51,79,51,130,130,0,0.141845703125,-0.141845703125,-0.141845703125,1,130,True
+,79,52,79,52,131,131,0,0.417236328125,-0.417236328125,-0.417236328125,1,131,True
+,79,53,79,53,132,132,0,0.5390625,-0.5390625,-0.5390625,1,132,True
+,79,54,79,54,133,133,0,0.91162109375,-0.91162109375,-0.91162109375,1,143,False
+,79,55,79,55,134,134,0,0.34130859375,-0.34130859375,-0.34130859375,1,134,True
+,79,56,79,56,135,135,0,0.364990234375,-0.364990234375,-0.364990234375,1,135,True
+,79,57,79,57,136,136,0,1.2392578125,-1.2392578125,-1.2392578125,1,136,True
+,79,58,79,58,137,137,0,1.3193359375,-1.3193359375,-1.3193359375,1,137,True
+,79,59,79,59,138,138,0,1.255859375,-1.255859375,-1.255859375,1,138,True
+,79,60,79,60,139,139,0,0.69384765625,-0.69384765625,-0.69384765625,1,139,True
+,79,61,79,61,140,140,0,1.611328125,-1.611328125,-1.611328125,1,130,False
+,79,62,79,62,141,141,0,0.70263671875,-0.70263671875,-0.70263671875,1,141,True
+,79,63,79,63,142,142,0,3.189453125,-3.189453125,-3.189453125,1,152,False
+,79,64,79,64,143,143,0,0.479248046875,-0.479248046875,-0.479248046875,1,143,True
+,79,65,79,65,144,144,0,1.9599609375,-1.9599609375,-1.9599609375,1,154,False
+,79,66,79,66,145,145,0,1.6123046875,-1.6123046875,-1.6123046875,1,155,False
+,79,67,79,67,146,146,0,2.60546875,-2.60546875,-2.60546875,1,156,False
+,79,68,79,68,147,147,0,1.724609375,-1.724609375,-1.724609375,1,157,False
+,79,69,79,69,148,148,0,1.1806640625,-1.1806640625,-1.1806640625,1,158,False
+,79,70,79,70,149,149,0,1.384765625,-1.384765625,-1.384765625,1,149,True
+,79,71,79,71,150,150,0,0.65771484375,-0.65771484375,-0.65771484375,1,150,True
+,79,72,79,72,151,151,0,0.0169525146484375,-0.0169525146484375,-0.0169525146484375,1,151,True
+,79,73,79,73,152,152,1,0.69970703125,-0.69970703125,-0.69970703125,1,152,True
+,79,74,79,74,153,153,0,0.1541748046875,-0.1541748046875,-0.1541748046875,1,153,True
+,79,75,79,75,154,154,0,0.05255126953125,-0.05255126953125,-0.05255126953125,1,154,True
+,79,76,79,76,155,155,0,0.03228759765625,-0.03228759765625,-0.03228759765625,1,155,True
+,79,77,79,77,156,156,2,0.50732421875,-0.50732421875,-0.50732421875,1,156,True
+,79,78,79,78,157,157,0,0.1724853515625,-0.1724853515625,-0.1724853515625,1,157,True
+,79,79,79,79,158,158,3,0.70751953125,-0.70751953125,-0.70751953125,1,158,True
+,79,80,79,80,159,159,0,0.07037353515625,-0.07037353515625,-0.07037353515625,1,159,True
+,79,81,79,81,160,160,0,0.154052734375,-0.154052734375,-0.154052734375,1,160,True
+,79,82,79,82,161,161,0,0.44189453125,-0.44189453125,-0.44189453125,1,161,True
+,79,83,79,83,162,162,0,0.4697265625,-0.4697265625,-0.4697265625,1,162,True
+,79,84,79,84,163,163,0,0.029571533203125,-0.029571533203125,-0.029571533203125,1,163,True
+,79,85,79,85,164,164,0,0.72509765625,-0.72509765625,-0.72509765625,1,164,True
+,79,86,79,86,165,165,0,0.13623046875,-0.13623046875,-0.13623046875,1,165,True
+,79,87,79,87,166,166,0,0.54638671875,-0.54638671875,-0.54638671875,1,166,True
+,79,88,79,88,167,167,0,0.30615234375,-0.30615234375,-0.30615234375,1,167,True
+,79,89,79,89,168,168,0,1.396484375,-1.396484375,-1.396484375,1,168,True
+,79,90,79,90,169,169,0,0.242431640625,-0.242431640625,-0.242431640625,1,169,True
+,79,91,79,91,170,170,0,0.388671875,-0.388671875,-0.388671875,1,170,True
+,79,92,79,92,171,171,0,0.258056640625,-0.258056640625,-0.258056640625,1,171,True
+,79,93,79,93,172,172,0,0.1573486328125,-0.1573486328125,-0.1573486328125,1,172,True
+,79,94,79,94,173,173,0,3.18359375,-3.18359375,-3.18359375,1,163,False
+,79,95,79,95,174,174,3,0.5322265625,-0.5322265625,-0.5322265625,1,174,True
+,79,96,79,96,175,175,0,0.2744140625,-0.2744140625,-0.2744140625,1,175,True
+,79,97,79,97,176,176,1,1.00390625,-1.00390625,-1.00390625,1,176,True
+,79,98,79,98,177,177,0,1.0478515625,-1.0478515625,-1.0478515625,1,167,False
+,79,99,79,99,178,178,0,0.44482421875,-0.44482421875,-0.44482421875,1,178,True
+,79,100,79,100,179,179,0,0.1153564453125,-0.1153564453125,-0.1153564453125,1,179,True
+,80,1,80,1,81,81,2,0.264404296875,-0.264404296875,-0.264404296875,1,81,True
+,80,2,80,2,82,82,5,0.55029296875,-0.55029296875,-0.55029296875,1,82,True
+,80,3,80,3,83,83,2,0.1390380859375,-0.1390380859375,-0.1390380859375,1,83,True
+,80,4,80,4,84,84,4,0.52001953125,-0.52001953125,-0.52001953125,1,84,True
+,80,5,80,5,85,85,2,0.0215606689453125,-0.0215606689453125,-0.0215606689453125,1,85,True
+,80,6,80,6,86,86,0,0.056549072265625,-0.056549072265625,-0.056549072265625,1,86,True
+,80,7,80,7,87,87,2,1.203125,-1.203125,-1.203125,1,87,True
+,80,8,80,8,88,88,5,0.275390625,-0.275390625,-0.275390625,1,88,True
+,80,9,80,9,89,89,1,0.371826171875,-0.371826171875,-0.371826171875,1,89,True
+,80,10,80,10,90,90,10,0.07257080078125,-0.07257080078125,-0.07257080078125,1,90,True
+,80,11,80,11,91,91,1,0.236083984375,-0.236083984375,-0.236083984375,1,91,True
+,80,12,80,12,92,92,2,0.4775390625,-0.4775390625,-0.4775390625,1,92,True
+,80,13,80,13,93,93,2,0.1915283203125,-0.1915283203125,-0.1915283203125,1,93,True
+,80,14,80,14,94,94,1,0.290283203125,-0.290283203125,-0.290283203125,1,94,True
+,80,15,80,15,95,95,2,1.2724609375,-1.2724609375,-1.2724609375,1,85,False
+,80,16,80,16,96,96,4,0.3984375,-0.3984375,-0.3984375,1,96,True
+,80,17,80,17,97,97,0,0.81689453125,-0.81689453125,-0.81689453125,1,97,True
+,80,18,80,18,98,98,1,0.01192474365234375,-0.01192474365234375,-0.01192474365234375,1,98,True
+,80,19,80,19,99,99,0,0.54248046875,-0.54248046875,-0.54248046875,1,99,True
+,80,20,80,20,100,100,17,0.226806640625,-0.226806640625,-0.226806640625,1,100,True
+,80,21,80,21,101,101,1,2.5,-2.5,-2.5,1,91,False
+,80,22,80,22,102,102,0,1.068359375,-1.068359375,-1.068359375,1,102,True
+,80,23,80,23,103,103,2,1.3525390625,-1.3525390625,-1.3525390625,1,93,False
+,80,24,80,24,104,104,3,0.62841796875,-0.62841796875,-0.62841796875,1,104,True
+,80,25,80,25,105,105,1,3.20703125,-3.20703125,-3.20703125,1,95,False
+,80,26,80,26,106,106,0,0.5361328125,-0.5361328125,-0.5361328125,1,106,True
+,80,27,80,27,107,107,0,0.87890625,-0.87890625,-0.87890625,1,107,True
+,80,28,80,28,108,108,0,3.119140625,-3.119140625,-3.119140625,1,88,False
+,80,29,80,29,109,109,0,1.5322265625,-1.5322265625,-1.5322265625,1,99,False
+,80,30,80,30,110,110,3,0.31982421875,-0.31982421875,-0.31982421875,1,110,True
+,80,31,80,31,111,111,0,3.474609375,-3.474609375,-3.474609375,1,91,False
+,80,32,80,32,112,112,1,3.703125,-3.703125,-3.703125,1,92,False
+,80,33,80,33,113,113,0,4.60546875,-4.60546875,-4.60546875,1,103,False
+,80,34,80,34,114,114,0,2.169921875,-2.169921875,-2.169921875,1,94,False
+,80,35,80,35,115,115,1,0.8876953125,-0.8876953125,-0.8876953125,1,115,True
+,80,36,80,36,116,116,0,0.08966064453125,-0.08966064453125,-0.08966064453125,1,116,True
+,80,37,80,37,117,117,1,1.9091796875,-1.9091796875,-1.9091796875,1,107,False
+,80,38,80,38,118,118,0,1.2822265625,-1.2822265625,-1.2822265625,1,98,False
+,80,39,80,39,119,119,0,0.307373046875,-0.307373046875,-0.307373046875,1,119,True
+,80,40,80,40,120,120,12,0.39306640625,-0.39306640625,-0.39306640625,1,120,True
+,80,41,80,41,121,121,1,0.796875,-0.796875,-0.796875,1,121,True
+,80,42,80,42,122,122,1,0.343505859375,-0.343505859375,-0.343505859375,1,122,True
+,80,43,80,43,123,123,1,1.5419921875,-1.5419921875,-1.5419921875,1,143,False
+,80,44,80,44,124,124,1,0.275634765625,-0.275634765625,-0.275634765625,1,124,True
+,80,45,80,45,125,125,6,0.032562255859375,-0.032562255859375,-0.032562255859375,1,125,True
+,80,46,80,46,126,126,0,0.0511474609375,-0.0511474609375,-0.0511474609375,1,126,True
+,80,47,80,47,127,127,1,1.5498046875,-1.5498046875,-1.5498046875,1,143,False
+,80,48,80,48,128,128,3,0.2401123046875,-0.2401123046875,-0.2401123046875,1,128,True
+,80,49,80,49,129,129,0,0.45751953125,-0.45751953125,-0.45751953125,1,129,True
+,80,50,80,50,130,130,3,0.324462890625,-0.324462890625,-0.324462890625,1,130,True
+,80,51,80,51,131,131,0,0.26416015625,-0.26416015625,-0.26416015625,1,131,True
+,80,52,80,52,132,132,0,0.833984375,-0.833984375,-0.833984375,1,132,True
+,80,53,80,53,133,133,0,1.0810546875,-1.0810546875,-1.0810546875,1,143,False
+,80,54,80,54,134,134,0,0.8564453125,-0.8564453125,-0.8564453125,1,154,False
+,80,55,80,55,135,135,2,0.73095703125,-0.73095703125,-0.73095703125,1,135,True
+,80,56,80,56,136,136,7,0.12109375,-0.12109375,-0.12109375,1,136,True
+,80,57,80,57,137,137,0,1.431640625,-1.431640625,-1.431640625,1,157,False
+,80,58,80,58,138,138,1,2.083984375,-2.083984375,-2.083984375,1,158,False
+,80,59,80,59,139,139,0,0.93115234375,-0.93115234375,-0.93115234375,1,139,True
+,80,60,80,60,140,140,4,0.6376953125,-0.6376953125,-0.6376953125,1,140,True
+,80,61,80,61,141,141,0,1.2783203125,-1.2783203125,-1.2783203125,1,141,True
+,80,62,80,62,142,142,0,1.8525390625,-1.8525390625,-1.8525390625,1,162,False
+,80,63,80,63,143,143,0,0.97314453125,-0.97314453125,-0.97314453125,1,163,False
+,80,64,80,64,144,144,1,0.218994140625,-0.218994140625,-0.218994140625,1,144,True
+,80,65,80,65,145,145,1,1.5927734375,-1.5927734375,-1.5927734375,1,155,False
+,80,66,80,66,146,146,0,0.413818359375,-0.413818359375,-0.413818359375,1,146,True
+,80,67,80,67,147,147,0,0.595703125,-0.595703125,-0.595703125,1,147,True
+,80,68,80,68,148,148,0,0.78125,-0.78125,-0.78125,1,148,True
+,80,69,80,69,149,149,0,1.30078125,-1.30078125,-1.30078125,1,149,True
+,80,70,80,70,150,150,4,0.475341796875,-0.475341796875,-0.475341796875,1,150,True
+,80,71,80,71,151,151,0,0.497314453125,-0.497314453125,-0.497314453125,1,151,True
+,80,72,80,72,152,152,0,0.1260986328125,-0.1260986328125,-0.1260986328125,1,152,True
+,80,73,80,73,153,153,0,2.24609375,-2.24609375,-2.24609375,1,163,False
+,80,74,80,74,154,154,0,0.1485595703125,-0.1485595703125,-0.1485595703125,1,154,True
+,80,75,80,75,155,155,2,0.04510498046875,-0.04510498046875,-0.04510498046875,1,155,True
+,80,76,80,76,156,156,1,0.08392333984375,-0.08392333984375,-0.08392333984375,1,156,True
+,80,77,80,77,157,157,0,0.703125,-0.703125,-0.703125,1,157,True
+,80,78,80,78,158,158,0,0.068115234375,-0.068115234375,-0.068115234375,1,158,True
+,80,79,80,79,159,159,0,0.0936279296875,-0.0936279296875,-0.0936279296875,1,159,True
+,80,80,80,80,160,160,11,0.1903076171875,-0.1903076171875,-0.1903076171875,1,160,True
+,80,81,80,81,161,161,1,0.07415771484375,-0.07415771484375,-0.07415771484375,1,161,True
+,80,82,80,82,162,162,1,0.07470703125,-0.07470703125,-0.07470703125,1,162,True
+,80,83,80,83,163,163,0,0.10107421875,-0.10107421875,-0.10107421875,1,163,True
+,80,84,80,84,164,164,1,0.04974365234375,-0.04974365234375,-0.04974365234375,1,164,True
+,80,85,80,85,165,165,2,0.2264404296875,-0.2264404296875,-0.2264404296875,1,165,True
+,80,86,80,86,166,166,0,0.0234832763671875,-0.0234832763671875,-0.0234832763671875,1,166,True
+,80,87,80,87,167,167,0,0.19873046875,-0.19873046875,-0.19873046875,1,167,True
+,80,88,80,88,168,168,0,0.363525390625,-0.363525390625,-0.363525390625,1,168,True
+,80,89,80,89,169,169,0,1.427734375,-1.427734375,-1.427734375,1,159,False
+,80,90,80,90,170,170,2,0.04534912109375,-0.04534912109375,-0.04534912109375,1,170,True
+,80,91,80,91,171,171,0,0.41455078125,-0.41455078125,-0.41455078125,1,171,True
+,80,92,80,92,172,172,0,1.62109375,-1.62109375,-1.62109375,1,152,False
+,80,93,80,93,173,173,0,0.31591796875,-0.31591796875,-0.31591796875,1,173,True
+,80,94,80,94,174,174,0,0.131591796875,-0.131591796875,-0.131591796875,1,174,True
+,80,95,80,95,175,175,0,0.4248046875,-0.4248046875,-0.4248046875,1,175,True
+,80,96,80,96,176,176,0,0.2744140625,-0.2744140625,-0.2744140625,1,176,True
+,80,97,80,97,177,177,0,1.771484375,-1.771484375,-1.771484375,1,167,False
+,80,98,80,98,178,178,0,0.162353515625,-0.162353515625,-0.162353515625,1,178,True
+,80,99,80,99,179,179,0,0.317138671875,-0.317138671875,-0.317138671875,1,179,True
+,80,100,80,100,180,180,0,0.6064453125,-0.6064453125,-0.6064453125,1,180,True
+,81,1,81,1,82,82,2,0.053375244140625,-0.053375244140625,-0.053375244140625,1,82,True
+,81,2,81,2,83,83,2,0.0276641845703125,-0.0276641845703125,-0.0276641845703125,1,83,True
+,81,3,81,3,84,84,0,0.12420654296875,-0.12420654296875,-0.12420654296875,1,84,True
+,81,4,81,4,85,85,1,0.05145263671875,-0.05145263671875,-0.05145263671875,1,85,True
+,81,5,81,5,86,86,0,0.0196533203125,-0.0196533203125,-0.0196533203125,1,86,True
+,81,6,81,6,87,87,0,0.0384521484375,-0.0384521484375,-0.0384521484375,1,87,True
+,81,7,81,7,88,88,0,0.373779296875,-0.373779296875,-0.373779296875,1,88,True
+,81,8,81,8,89,89,0,0.09930419921875,-0.09930419921875,-0.09930419921875,1,89,True
+,81,9,81,9,90,90,3,0.046783447265625,-0.046783447265625,-0.046783447265625,1,90,True
+,81,10,81,10,91,91,0,0.01071929931640625,-0.01071929931640625,-0.01071929931640625,1,91,True
+,81,11,81,11,92,92,0,0.3037109375,-0.3037109375,-0.3037109375,1,92,True
+,81,12,81,12,93,93,1,0.0914306640625,-0.0914306640625,-0.0914306640625,1,93,True
+,81,13,81,13,94,94,1,0.76806640625,-0.76806640625,-0.76806640625,1,94,True
+,81,14,81,14,95,95,0,0.433837890625,-0.433837890625,-0.433837890625,1,95,True
+,81,15,81,15,96,96,0,0.5947265625,-0.5947265625,-0.5947265625,1,96,True
+,81,16,81,16,97,97,0,2.0390625,-2.0390625,-2.0390625,1,95,False
+,81,17,81,17,98,98,0,1.6279296875,-1.6279296875,-1.6279296875,1,88,False
+,81,18,81,18,99,99,1,0.179931640625,-0.179931640625,-0.179931640625,1,99,True
+,81,19,81,19,100,100,2,0.6064453125,-0.6064453125,-0.6064453125,1,100,True
+,81,20,81,20,101,101,0,2.984375,-2.984375,-2.984375,1,91,False
+,81,21,81,21,102,102,1,1.80859375,-1.80859375,-1.80859375,1,90,False
+,81,22,81,22,103,103,0,0.346923828125,-0.346923828125,-0.346923828125,1,103,True
+,81,23,81,23,104,104,0,3.83203125,-3.83203125,-3.83203125,1,94,False
+,81,24,81,24,105,105,1,1.0380859375,-1.0380859375,-1.0380859375,1,105,True
+,81,25,81,25,106,106,1,2.291015625,-2.291015625,-2.291015625,1,86,False
+,81,26,81,26,107,107,0,2.548828125,-2.548828125,-2.548828125,1,97,False
+,81,27,81,27,108,108,2,0.982421875,-0.982421875,-0.982421875,1,108,True
+,81,28,81,28,109,109,0,2.083984375,-2.083984375,-2.083984375,1,89,False
+,81,29,81,29,110,110,0,4.13671875,-4.13671875,-4.13671875,1,100,False
+,81,30,81,30,111,111,0,0.7578125,-0.7578125,-0.7578125,1,111,True
+,81,31,81,31,112,112,0,5.91796875,-5.91796875,-5.91796875,1,100,False
+,81,32,81,32,113,113,0,4.63671875,-4.63671875,-4.63671875,1,103,False
+,81,33,81,33,114,114,0,1.75390625,-1.75390625,-1.75390625,1,108,False
+,81,34,81,34,115,115,1,1.3291015625,-1.3291015625,-1.3291015625,1,95,False
+,81,35,81,35,116,116,0,2.431640625,-2.431640625,-2.431640625,1,106,False
+,81,36,81,36,117,117,0,0.5732421875,-0.5732421875,-0.5732421875,1,117,True
+,81,37,81,37,118,118,1,4.203125,-4.203125,-4.203125,1,98,False
+,81,38,81,38,119,119,0,1.18359375,-1.18359375,-1.18359375,1,109,False
+,81,39,81,39,120,120,0,0.2281494140625,-0.2281494140625,-0.2281494140625,1,120,True
+,81,40,81,40,121,121,5,0.748046875,-0.748046875,-0.748046875,1,121,True
+,81,41,81,41,122,122,0,1.71875,-1.71875,-1.71875,1,101,False
+,81,42,81,42,123,123,0,0.295654296875,-0.295654296875,-0.295654296875,1,123,True
+,81,43,81,43,124,124,0,2.3359375,-2.3359375,-2.3359375,1,104,False
+,81,44,81,44,125,125,0,0.46484375,-0.46484375,-0.46484375,1,125,True
+,81,45,81,45,126,126,0,0.0303192138671875,-0.0303192138671875,-0.0303192138671875,1,126,True
+,81,46,81,46,127,127,0,0.59033203125,-0.59033203125,-0.59033203125,1,127,True
+,81,47,81,47,128,128,0,2.515625,-2.515625,-2.515625,1,118,False
+,81,48,81,48,129,129,0,0.29052734375,-0.29052734375,-0.29052734375,1,129,True
+,81,49,81,49,130,130,1,1.56640625,-1.56640625,-1.56640625,1,110,False
+,81,50,81,50,131,131,0,0.978515625,-0.978515625,-0.978515625,1,121,False
+,81,51,81,51,132,132,0,0.8671875,-0.8671875,-0.8671875,1,132,True
+,81,52,81,52,133,133,0,1.0927734375,-1.0927734375,-1.0927734375,1,133,True
+,81,53,81,53,134,134,0,1.025390625,-1.025390625,-1.025390625,1,124,False
+,81,54,81,54,135,135,1,0.359130859375,-0.359130859375,-0.359130859375,1,135,True
+,81,55,81,55,136,136,0,0.640625,-0.640625,-0.640625,1,136,True
+,81,56,81,56,137,137,0,0.2086181640625,-0.2086181640625,-0.2086181640625,1,137,True
+,81,57,81,57,138,138,0,0.1019287109375,-0.1019287109375,-0.1019287109375,1,138,True
+,81,58,81,58,139,139,0,0.94482421875,-0.94482421875,-0.94482421875,1,139,True
+,81,59,81,59,140,140,1,1.0908203125,-1.0908203125,-1.0908203125,1,140,True
+,81,60,81,60,141,141,0,0.457763671875,-0.457763671875,-0.457763671875,1,141,True
+,81,61,81,61,142,142,0,2.486328125,-2.486328125,-2.486328125,1,122,False
+,81,62,81,62,143,143,0,1.5576171875,-1.5576171875,-1.5576171875,1,163,False
+,81,63,81,63,144,144,0,1.2021484375,-1.2021484375,-1.2021484375,1,144,True
+,81,64,81,64,145,145,1,1.2275390625,-1.2275390625,-1.2275390625,1,155,False
+,81,65,81,65,146,146,0,1.1015625,-1.1015625,-1.1015625,1,146,True
+,81,66,81,66,147,147,0,0.10528564453125,-0.10528564453125,-0.10528564453125,1,147,True
+,81,67,81,67,148,148,0,1.876953125,-1.876953125,-1.876953125,1,140,False
+,81,68,81,68,149,149,1,0.857421875,-0.857421875,-0.857421875,1,149,True
+,81,69,81,69,150,150,0,1.0087890625,-1.0087890625,-1.0087890625,1,150,True
+,81,70,81,70,151,151,0,0.552734375,-0.552734375,-0.552734375,1,151,True
+,81,71,81,71,152,152,0,0.85546875,-0.85546875,-0.85546875,1,152,True
+,81,72,81,72,153,153,0,0.8984375,-0.8984375,-0.8984375,1,153,True
+,81,73,81,73,154,154,0,1.447265625,-1.447265625,-1.447265625,1,154,True
+,81,74,81,74,155,155,0,0.357666015625,-0.357666015625,-0.357666015625,1,155,True
+,81,75,81,75,156,156,0,0.0897216796875,-0.0897216796875,-0.0897216796875,1,156,True
+,81,76,81,76,157,157,0,1.1962890625,-1.1962890625,-1.1962890625,1,167,False
+,81,77,81,77,158,158,0,0.257080078125,-0.257080078125,-0.257080078125,1,158,True
+,81,78,81,78,159,159,0,0.038421630859375,-0.038421630859375,-0.038421630859375,1,159,True
+,81,79,81,79,160,160,0,0.2568359375,-0.2568359375,-0.2568359375,1,160,True
+,81,80,81,80,161,161,1,0.07452392578125,-0.07452392578125,-0.07452392578125,1,161,True
+,81,81,81,81,162,162,6,0.49609375,-0.49609375,-0.49609375,1,162,True
+,81,82,81,82,163,163,0,0.2110595703125,-0.2110595703125,-0.2110595703125,1,163,True
+,81,83,81,83,164,164,0,0.07489013671875,-0.07489013671875,-0.07489013671875,1,164,True
+,81,84,81,84,165,165,0,0.06268310546875,-0.06268310546875,-0.06268310546875,1,165,True
+,81,85,81,85,166,166,0,0.142578125,-0.142578125,-0.142578125,1,166,True
+,81,86,81,86,167,167,0,0.128173828125,-0.128173828125,-0.128173828125,1,167,True
+,81,87,81,87,168,168,0,0.2099609375,-0.2099609375,-0.2099609375,1,168,True
+,81,88,81,88,169,169,0,0.49658203125,-0.49658203125,-0.49658203125,1,169,True
+,81,89,81,89,170,170,0,0.28125,-0.28125,-0.28125,1,170,True
+,81,90,81,90,171,171,0,0.06585693359375,-0.06585693359375,-0.06585693359375,1,171,True
+,81,91,81,91,172,172,0,1.6611328125,-1.6611328125,-1.6611328125,1,170,False
+,81,92,81,92,173,173,1,0.7041015625,-0.7041015625,-0.7041015625,1,173,True
+,81,93,81,93,174,174,0,0.480712890625,-0.480712890625,-0.480712890625,1,174,True
+,81,94,81,94,175,175,0,0.296630859375,-0.296630859375,-0.296630859375,1,175,True
+,81,95,81,95,176,176,0,0.443115234375,-0.443115234375,-0.443115234375,1,176,True
+,81,96,81,96,177,177,1,0.416748046875,-0.416748046875,-0.416748046875,1,177,True
+,81,97,81,97,178,178,0,0.92333984375,-0.92333984375,-0.92333984375,1,178,True
+,81,98,81,98,179,179,0,0.334228515625,-0.334228515625,-0.334228515625,1,179,True
+,81,99,81,99,180,180,0,0.0113525390625,-0.0113525390625,-0.0113525390625,1,180,True
+,81,100,81,100,181,181,0,0.116943359375,-0.116943359375,-0.116943359375,1,181,True
+,82,1,82,1,83,83,1,0.01055145263671875,-0.01055145263671875,-0.01055145263671875,1,83,True
+,82,2,82,2,84,84,0,0.232177734375,-0.232177734375,-0.232177734375,1,84,True
+,82,3,82,3,85,85,0,0.0225067138671875,-0.0225067138671875,-0.0225067138671875,1,85,True
+,82,4,82,4,86,86,1,0.0902099609375,-0.0902099609375,-0.0902099609375,1,86,True
+,82,5,82,5,87,87,0,0.06121826171875,-0.06121826171875,-0.06121826171875,1,87,True
+,82,6,82,6,88,88,0,0.09381103515625,-0.09381103515625,-0.09381103515625,1,88,True
+,82,7,82,7,89,89,1,0.0445556640625,-0.0445556640625,-0.0445556640625,1,89,True
+,82,8,82,8,90,90,0,0.0892333984375,-0.0892333984375,-0.0892333984375,1,90,True
+,82,9,82,9,91,91,0,0.105224609375,-0.105224609375,-0.105224609375,1,91,True
+,82,10,82,10,92,92,0,0.050048828125,-0.050048828125,-0.050048828125,1,92,True
+,82,11,82,11,93,93,0,0.0165557861328125,-0.0165557861328125,-0.0165557861328125,1,93,True
+,82,12,82,12,94,94,1,0.141845703125,-0.141845703125,-0.141845703125,1,94,True
+,82,13,82,13,95,95,1,0.66748046875,-0.66748046875,-0.66748046875,1,95,True
+,82,14,82,14,96,96,1,0.314208984375,-0.314208984375,-0.314208984375,1,96,True
+,82,15,82,15,97,97,0,0.0848388671875,-0.0848388671875,-0.0848388671875,1,97,True
+,82,16,82,16,98,98,0,0.8935546875,-0.8935546875,-0.8935546875,1,98,True
+,82,17,82,17,99,99,0,1.2431640625,-1.2431640625,-1.2431640625,1,89,False
+,82,18,82,18,100,100,0,0.318359375,-0.318359375,-0.318359375,1,100,True
+,82,19,82,19,101,101,0,1.5009765625,-1.5009765625,-1.5009765625,1,91,False
+,82,20,82,20,102,102,2,0.58544921875,-0.58544921875,-0.58544921875,1,102,True
+,82,21,82,21,103,103,0,1.14453125,-1.14453125,-1.14453125,1,93,False
+,82,22,82,22,104,104,0,2.896484375,-2.896484375,-2.896484375,1,94,False
+,82,23,82,23,105,105,0,2.60546875,-2.60546875,-2.60546875,1,95,False
+,82,24,82,24,106,106,0,1.2919921875,-1.2919921875,-1.2919921875,1,86,False
+,82,25,82,25,107,107,0,2.455078125,-2.455078125,-2.455078125,1,97,False
+,82,26,82,26,108,108,0,1.2392578125,-1.2392578125,-1.2392578125,1,98,False
+,82,27,82,27,109,109,0,0.53369140625,-0.53369140625,-0.53369140625,1,109,True
+,82,28,82,28,110,110,3,2.720703125,-2.720703125,-2.720703125,1,90,False
+,82,29,82,29,111,111,2,1.6083984375,-1.6083984375,-1.6083984375,1,101,False
+,82,30,82,30,112,112,1,1.24609375,-1.24609375,-1.24609375,1,112,True
+,82,31,82,31,113,113,0,3.482421875,-3.482421875,-3.482421875,1,103,False
+,82,32,82,32,114,114,0,3.720703125,-3.720703125,-3.720703125,1,94,False
+,82,33,82,33,115,115,0,0.66845703125,-0.66845703125,-0.66845703125,1,115,True
+,82,34,82,34,116,116,0,1.8095703125,-1.8095703125,-1.8095703125,1,96,False
+,82,35,82,35,117,117,0,0.59375,-0.59375,-0.59375,1,117,True
+,82,36,82,36,118,118,1,3.4765625,-3.4765625,-3.4765625,1,98,False
+,82,37,82,37,119,119,0,2.48046875,-2.48046875,-2.48046875,1,109,False
+,82,38,82,38,120,120,0,2.01953125,-2.01953125,-2.01953125,1,110,False
+,82,39,82,39,121,121,0,0.60791015625,-0.60791015625,-0.60791015625,1,121,True
+,82,40,82,40,122,122,1,0.60546875,-0.60546875,-0.60546875,1,122,True
+,82,41,82,41,123,123,0,0.9365234375,-0.9365234375,-0.9365234375,1,123,True
+,82,42,82,42,124,124,0,1.544921875,-1.544921875,-1.544921875,1,104,False
+,82,43,82,43,125,125,0,0.99609375,-0.99609375,-0.99609375,1,125,True
+,82,44,82,44,126,126,0,0.7060546875,-0.7060546875,-0.7060546875,1,126,True
+,82,45,82,45,127,127,0,0.716796875,-0.716796875,-0.716796875,1,127,True
+,82,46,82,46,128,128,0,1.037109375,-1.037109375,-1.037109375,1,128,True
+,82,47,82,47,129,129,0,0.56884765625,-0.56884765625,-0.56884765625,1,129,True
+,82,48,82,48,130,130,0,0.548828125,-0.548828125,-0.548828125,1,130,True
+,82,49,82,49,131,131,0,0.418212890625,-0.418212890625,-0.418212890625,1,131,True
+,82,50,82,50,132,132,0,0.1805419921875,-0.1805419921875,-0.1805419921875,1,132,True
+,82,51,82,51,133,133,0,0.455078125,-0.455078125,-0.455078125,1,133,True
+,82,52,82,52,134,134,0,0.60693359375,-0.60693359375,-0.60693359375,1,134,True
+,82,53,82,53,135,135,0,0.86572265625,-0.86572265625,-0.86572265625,1,135,True
+,82,54,82,54,136,136,0,0.98193359375,-0.98193359375,-0.98193359375,1,136,True
+,82,55,82,55,137,137,0,0.8359375,-0.8359375,-0.8359375,1,137,True
+,82,56,82,56,138,138,0,0.05926513671875,-0.05926513671875,-0.05926513671875,1,138,True
+,82,57,82,57,139,139,0,0.62451171875,-0.62451171875,-0.62451171875,1,139,True
+,82,58,82,58,140,140,0,0.190673828125,-0.190673828125,-0.190673828125,1,140,True
+,82,59,82,59,141,141,0,1.232421875,-1.232421875,-1.232421875,1,131,False
+,82,60,82,60,142,142,0,0.6962890625,-0.6962890625,-0.6962890625,1,142,True
+,82,61,82,61,143,143,0,1.0908203125,-1.0908203125,-1.0908203125,1,143,True
+,82,62,82,62,144,144,1,0.88134765625,-0.88134765625,-0.88134765625,1,144,True
+,82,63,82,63,145,145,0,0.64599609375,-0.64599609375,-0.64599609375,1,145,True
+,82,64,82,64,146,146,0,0.85009765625,-0.85009765625,-0.85009765625,1,146,True
+,82,65,82,65,147,147,0,0.91943359375,-0.91943359375,-0.91943359375,1,147,True
+,82,66,82,66,148,148,0,0.396484375,-0.396484375,-0.396484375,1,148,True
+,82,67,82,67,149,149,0,2.32421875,-2.32421875,-2.32421875,1,159,False
+,82,68,82,68,150,150,0,0.73095703125,-0.73095703125,-0.73095703125,1,150,True
+,82,69,82,69,151,151,0,0.6806640625,-0.6806640625,-0.6806640625,1,151,True
+,82,70,82,70,152,152,0,0.85791015625,-0.85791015625,-0.85791015625,1,152,True
+,82,71,82,71,153,153,0,0.62353515625,-0.62353515625,-0.62353515625,1,153,True
+,82,72,82,72,154,154,0,1.041015625,-1.041015625,-1.041015625,1,154,True
+,82,73,82,73,155,155,0,1.1806640625,-1.1806640625,-1.1806640625,1,165,False
+,82,74,82,74,156,156,0,0.33935546875,-0.33935546875,-0.33935546875,1,156,True
+,82,75,82,75,157,157,0,0.95654296875,-0.95654296875,-0.95654296875,1,167,False
+,82,76,82,76,158,158,0,0.8203125,-0.8203125,-0.8203125,1,158,True
+,82,77,82,77,159,159,0,0.5869140625,-0.5869140625,-0.5869140625,1,159,True
+,82,78,82,78,160,160,0,0.60986328125,-0.60986328125,-0.60986328125,1,160,True
+,82,79,82,79,161,161,0,1.3115234375,-1.3115234375,-1.3115234375,1,171,False
+,82,80,82,80,162,162,0,0.164306640625,-0.164306640625,-0.164306640625,1,162,True
+,82,81,82,81,163,163,0,0.2100830078125,-0.2100830078125,-0.2100830078125,1,163,True
+,82,82,82,82,164,164,0,1.3837890625,-1.3837890625,-1.3837890625,1,164,True
+,82,83,82,83,165,165,0,0.07659912109375,-0.07659912109375,-0.07659912109375,1,165,True
+,82,84,82,84,166,166,0,0.465576171875,-0.465576171875,-0.465576171875,1,166,True
+,82,85,82,85,167,167,0,3.044921875,-3.044921875,-3.044921875,1,177,False
+,82,86,82,86,168,168,0,0.335205078125,-0.335205078125,-0.335205078125,1,168,True
+,82,87,82,87,169,169,0,0.43359375,-0.43359375,-0.43359375,1,169,True
+,82,88,82,88,170,170,0,0.1446533203125,-0.1446533203125,-0.1446533203125,1,170,True
+,82,89,82,89,171,171,0,0.34619140625,-0.34619140625,-0.34619140625,1,171,True
+,82,90,82,90,172,172,0,0.72119140625,-0.72119140625,-0.72119140625,1,172,True
+,82,91,82,91,173,173,0,1.76953125,-1.76953125,-1.76953125,1,163,False
+,82,92,82,92,174,174,0,2.310546875,-2.310546875,-2.310546875,1,162,False
+,82,93,82,93,175,175,0,0.32275390625,-0.32275390625,-0.32275390625,1,175,True
+,82,94,82,94,176,176,0,0.353271484375,-0.353271484375,-0.353271484375,1,176,True
+,82,95,82,95,177,177,0,0.82373046875,-0.82373046875,-0.82373046875,1,177,True
+,82,96,82,96,178,178,0,0.60986328125,-0.60986328125,-0.60986328125,1,178,True
+,82,97,82,97,179,179,0,0.47607421875,-0.47607421875,-0.47607421875,1,179,True
+,82,98,82,98,180,180,0,0.10882568359375,-0.10882568359375,-0.10882568359375,1,180,True
+,82,99,82,99,181,181,0,0.424072265625,-0.424072265625,-0.424072265625,1,181,True
+,82,100,82,100,182,182,0,0.431640625,-0.431640625,-0.431640625,1,182,True
+,83,1,83,1,84,84,3,0.033905029296875,-0.033905029296875,-0.033905029296875,1,84,True
+,83,2,83,2,85,85,0,0.055206298828125,-0.055206298828125,-0.055206298828125,1,85,True
+,83,3,83,3,86,86,1,0.030731201171875,-0.030731201171875,-0.030731201171875,1,86,True
+,83,4,83,4,87,87,0,0.0836181640625,-0.0836181640625,-0.0836181640625,1,87,True
+,83,5,83,5,88,88,2,0.02484130859375,-0.02484130859375,-0.02484130859375,1,88,True
+,83,6,83,6,89,89,0,0.0306549072265625,-0.0306549072265625,-0.0306549072265625,1,89,True
+,83,7,83,7,90,90,0,0.23828125,-0.23828125,-0.23828125,1,90,True
+,83,8,83,8,91,91,1,0.06640625,-0.06640625,-0.06640625,1,91,True
+,83,9,83,9,92,92,0,0.3828125,-0.3828125,-0.3828125,1,92,True
+,83,10,83,10,93,93,0,0.0689697265625,-0.0689697265625,-0.0689697265625,1,93,True
+,83,11,83,11,94,94,0,0.058807373046875,-0.058807373046875,-0.058807373046875,1,94,True
+,83,12,83,12,95,95,0,0.09149169921875,-0.09149169921875,-0.09149169921875,1,95,True
+,83,13,83,13,96,96,0,0.990234375,-0.990234375,-0.990234375,1,86,False
+,83,14,83,14,97,97,1,0.1265869140625,-0.1265869140625,-0.1265869140625,1,97,True
+,83,15,83,15,98,98,0,1.3232421875,-1.3232421875,-1.3232421875,1,88,False
+,83,16,83,16,99,99,0,0.51904296875,-0.51904296875,-0.51904296875,1,99,True
+,83,17,83,17,100,100,2,1.7490234375,-1.7490234375,-1.7490234375,1,90,False
+,83,18,83,18,101,101,0,1.4755859375,-1.4755859375,-1.4755859375,1,91,False
+,83,19,83,19,102,102,0,1.6240234375,-1.6240234375,-1.6240234375,1,92,False
+,83,20,83,20,103,103,0,2.615234375,-2.615234375,-2.615234375,1,93,False
+,83,21,83,21,104,104,0,1.515625,-1.515625,-1.515625,1,94,False
+,83,22,83,22,105,105,0,2.03125,-2.03125,-2.03125,1,95,False
+,83,23,83,23,106,106,0,2.45703125,-2.45703125,-2.45703125,1,96,False
+,83,24,83,24,107,107,0,0.962890625,-0.962890625,-0.962890625,1,97,False
+,83,25,83,25,108,108,0,3.884765625,-3.884765625,-3.884765625,1,98,False
+,83,26,83,26,109,109,0,1.5673828125,-1.5673828125,-1.5673828125,1,99,False
+,83,27,83,27,110,110,1,1.3681640625,-1.3681640625,-1.3681640625,1,100,False
+,83,28,83,28,111,111,0,3.453125,-3.453125,-3.453125,1,101,False
+,83,29,83,29,112,112,0,2.248046875,-2.248046875,-2.248046875,1,102,False
+,83,30,83,30,113,113,0,3.90234375,-3.90234375,-3.90234375,1,103,False
+,83,31,83,31,114,114,0,2.9921875,-2.9921875,-2.9921875,1,104,False
+,83,32,83,32,115,115,0,0.845703125,-0.845703125,-0.845703125,1,115,True
+,83,33,83,33,116,116,0,2.5078125,-2.5078125,-2.5078125,1,106,False
+,83,34,83,34,117,117,0,0.9462890625,-0.9462890625,-0.9462890625,1,117,True
+,83,35,83,35,118,118,0,1.15625,-1.15625,-1.15625,1,108,False
+,83,36,83,36,119,119,0,0.391357421875,-0.391357421875,-0.391357421875,1,119,True
+,83,37,83,37,120,120,0,4.26171875,-4.26171875,-4.26171875,1,110,False
+,83,38,83,38,121,121,2,2.630859375,-2.630859375,-2.630859375,1,111,False
+,83,39,83,39,122,122,0,0.7734375,-0.7734375,-0.7734375,1,122,True
+,83,40,83,40,123,123,0,1.4248046875,-1.4248046875,-1.4248046875,1,103,False
+,83,41,83,41,124,124,0,0.97802734375,-0.97802734375,-0.97802734375,1,124,True
+,83,42,83,42,125,125,0,0.453125,-0.453125,-0.453125,1,125,True
+,83,43,83,43,126,126,0,1.236328125,-1.236328125,-1.236328125,1,106,False
+,83,44,83,44,127,127,0,1.1650390625,-1.1650390625,-1.1650390625,1,117,False
+,83,45,83,45,128,128,1,1.2275390625,-1.2275390625,-1.2275390625,1,118,False
+,83,46,83,46,129,129,0,1.482421875,-1.482421875,-1.482421875,1,119,False
+,83,47,83,47,130,130,0,1.6064453125,-1.6064453125,-1.6064453125,1,120,False
+,83,48,83,48,131,131,0,0.3583984375,-0.3583984375,-0.3583984375,1,131,True
+,83,49,83,49,132,132,0,0.67529296875,-0.67529296875,-0.67529296875,1,132,True
+,83,50,83,50,133,133,0,1.0908203125,-1.0908203125,-1.0908203125,1,133,True
+,83,51,83,51,134,134,0,0.5888671875,-0.5888671875,-0.5888671875,1,134,True
+,83,52,83,52,135,135,0,1.798828125,-1.798828125,-1.798828125,1,115,False
+,83,53,83,53,136,136,0,3.462890625,-3.462890625,-3.462890625,1,126,False
+,83,54,83,54,137,137,0,0.61181640625,-0.61181640625,-0.61181640625,1,137,True
+,83,55,83,55,138,138,2,0.71728515625,-0.71728515625,-0.71728515625,1,138,True
+,83,56,83,56,139,139,0,0.466552734375,-0.466552734375,-0.466552734375,1,139,True
+,83,57,83,57,140,140,0,0.6455078125,-0.6455078125,-0.6455078125,1,140,True
+,83,58,83,58,141,141,0,2.40625,-2.40625,-2.40625,1,151,False
+,83,59,83,59,142,142,0,0.60400390625,-0.60400390625,-0.60400390625,1,142,True
+,83,60,83,60,143,143,0,0.256591796875,-0.256591796875,-0.256591796875,1,143,True
+,83,61,83,61,144,144,0,2.578125,-2.578125,-2.578125,1,154,False
+,83,62,83,62,145,145,0,0.576171875,-0.576171875,-0.576171875,1,145,True
+,83,63,83,63,146,146,0,2.560546875,-2.560546875,-2.560546875,1,170,False
+,83,64,83,64,147,147,0,2.41796875,-2.41796875,-2.41796875,1,167,False
+,83,65,83,65,148,148,0,1.5966796875,-1.5966796875,-1.5966796875,1,158,False
+,83,66,83,66,149,149,0,0.86572265625,-0.86572265625,-0.86572265625,1,169,False
+,83,67,83,67,150,150,0,1.2333984375,-1.2333984375,-1.2333984375,1,160,False
+,83,68,83,68,151,151,0,0.337890625,-0.337890625,-0.337890625,1,151,True
+,83,69,83,69,152,152,0,1.4833984375,-1.4833984375,-1.4833984375,1,152,True
+,83,70,83,70,153,153,0,0.66259765625,-0.66259765625,-0.66259765625,1,153,True
+,83,71,83,71,154,154,0,0.765625,-0.765625,-0.765625,1,154,True
+,83,72,83,72,155,155,0,0.1868896484375,-0.1868896484375,-0.1868896484375,1,155,True
+,83,73,83,73,156,156,0,3.126953125,-3.126953125,-3.126953125,1,126,False
+,83,74,83,74,157,157,0,0.74365234375,-0.74365234375,-0.74365234375,1,157,True
+,83,75,83,75,158,158,0,0.63330078125,-0.63330078125,-0.63330078125,1,158,True
+,83,76,83,76,159,159,0,0.78369140625,-0.78369140625,-0.78369140625,1,159,True
+,83,77,83,77,160,160,1,0.89599609375,-0.89599609375,-0.89599609375,1,170,False
+,83,78,83,78,161,161,0,0.338623046875,-0.338623046875,-0.338623046875,1,161,True
+,83,79,83,79,162,162,1,1.7451171875,-1.7451171875,-1.7451171875,1,170,False
+,83,80,83,80,163,163,0,0.10162353515625,-0.10162353515625,-0.10162353515625,1,163,True
+,83,81,83,81,164,164,0,0.1898193359375,-0.1898193359375,-0.1898193359375,1,164,True
+,83,82,83,82,165,165,0,0.240478515625,-0.240478515625,-0.240478515625,1,165,True
+,83,83,83,83,166,166,1,1.2880859375,-1.2880859375,-1.2880859375,1,170,False
+,83,84,83,84,167,167,0,0.1927490234375,-0.1927490234375,-0.1927490234375,1,167,True
+,83,85,83,85,168,168,0,0.75146484375,-0.75146484375,-0.75146484375,1,168,True
+,83,86,83,86,169,169,1,0.392578125,-0.392578125,-0.392578125,1,169,True
+,83,87,83,87,170,170,0,0.07049560546875,-0.07049560546875,-0.07049560546875,1,170,True
+,83,88,83,88,171,171,1,0.1646728515625,-0.1646728515625,-0.1646728515625,1,171,True
+,83,89,83,89,172,172,0,0.97998046875,-0.97998046875,-0.97998046875,1,172,True
+,83,90,83,90,173,173,0,0.18701171875,-0.18701171875,-0.18701171875,1,173,True
+,83,91,83,91,174,174,0,0.3857421875,-0.3857421875,-0.3857421875,1,174,True
+,83,92,83,92,175,175,1,0.362060546875,-0.362060546875,-0.362060546875,1,175,True
+,83,93,83,93,176,176,1,3.14453125,-3.14453125,-3.14453125,1,170,False
+,83,94,83,94,177,177,0,0.53955078125,-0.53955078125,-0.53955078125,1,177,True
+,83,95,83,95,178,178,0,0.298583984375,-0.298583984375,-0.298583984375,1,178,True
+,83,96,83,96,179,179,0,0.2447509765625,-0.2447509765625,-0.2447509765625,1,179,True
+,83,97,83,97,180,180,0,0.56005859375,-0.56005859375,-0.56005859375,1,180,True
+,83,98,83,98,181,181,0,2.591796875,-2.591796875,-2.591796875,1,171,False
+,83,99,83,99,182,182,0,1.3623046875,-1.3623046875,-1.3623046875,1,170,False
+,83,100,83,100,183,183,0,0.143310546875,-0.143310546875,-0.143310546875,1,183,True
+,84,1,84,1,85,85,1,0.021881103515625,-0.021881103515625,-0.021881103515625,1,85,True
+,84,2,84,2,86,86,2,0.0452880859375,-0.0452880859375,-0.0452880859375,1,86,True
+,84,3,84,3,87,87,3,0.0175323486328125,-0.0175323486328125,-0.0175323486328125,1,87,True
+,84,4,84,4,88,88,3,0.07061767578125,-0.07061767578125,-0.07061767578125,1,88,True
+,84,5,84,5,89,89,0,0.017974853515625,-0.017974853515625,-0.017974853515625,1,89,True
+,84,6,84,6,90,90,0,0.17138671875,-0.17138671875,-0.17138671875,1,90,True
+,84,7,84,7,91,91,1,0.06500244140625,-0.06500244140625,-0.06500244140625,1,91,True
+,84,8,84,8,92,92,0,0.12353515625,-0.12353515625,-0.12353515625,1,92,True
+,84,9,84,9,93,93,2,0.09197998046875,-0.09197998046875,-0.09197998046875,1,93,True
+,84,10,84,10,94,94,0,0.09320068359375,-0.09320068359375,-0.09320068359375,1,94,True
+,84,11,84,11,95,95,0,0.01409149169921875,-0.01409149169921875,-0.01409149169921875,1,95,True
+,84,12,84,12,96,96,2,0.336181640625,-0.336181640625,-0.336181640625,1,96,True
+,84,13,84,13,97,97,0,0.06781005859375,-0.06781005859375,-0.06781005859375,1,97,True
+,84,14,84,14,98,98,2,0.1568603515625,-0.1568603515625,-0.1568603515625,1,98,True
+,84,15,84,15,99,99,0,0.261962890625,-0.261962890625,-0.261962890625,1,99,True
+,84,16,84,16,100,100,2,0.1707763671875,-0.1707763671875,-0.1707763671875,1,100,True
+,84,17,84,17,101,101,0,1.384765625,-1.384765625,-1.384765625,1,91,False
+,84,18,84,18,102,102,0,0.44921875,-0.44921875,-0.44921875,1,102,True
+,84,19,84,19,103,103,0,0.299560546875,-0.299560546875,-0.299560546875,1,103,True
+,84,20,84,20,104,104,3,0.4033203125,-0.4033203125,-0.4033203125,1,104,True
+,84,21,84,21,105,105,0,0.11468505859375,-0.11468505859375,-0.11468505859375,1,105,True
+,84,22,84,22,106,106,0,0.1805419921875,-0.1805419921875,-0.1805419921875,1,106,True
+,84,23,84,23,107,107,0,1.0546875,-1.0546875,-1.0546875,1,97,False
+,84,24,84,24,108,108,2,0.3017578125,-0.3017578125,-0.3017578125,1,108,True
+,84,25,84,25,109,109,1,0.767578125,-0.767578125,-0.767578125,1,109,True
+,84,26,84,26,110,110,0,1.2021484375,-1.2021484375,-1.2021484375,1,98,False
+,84,27,84,27,111,111,0,0.10595703125,-0.10595703125,-0.10595703125,1,111,True
+,84,28,84,28,112,112,2,7.79296875,-7.79296875,-7.79296875,1,100,False
+,84,29,84,29,113,113,0,3.896484375,-3.896484375,-3.896484375,1,103,False
+,84,30,84,30,114,114,0,0.296630859375,-0.296630859375,-0.296630859375,1,114,True
+,84,31,84,31,115,115,0,0.2763671875,-0.2763671875,-0.2763671875,1,115,True
+,84,32,84,32,116,116,0,0.131103515625,-0.131103515625,-0.131103515625,1,116,True
+,84,33,84,33,117,117,0,0.04254150390625,-0.04254150390625,-0.04254150390625,1,117,True
+,84,34,84,34,118,118,1,1.6572265625,-1.6572265625,-1.6572265625,1,98,False
+,84,35,84,35,119,119,0,0.9130859375,-0.9130859375,-0.9130859375,1,109,False
+,84,36,84,36,120,120,1,1.3427734375,-1.3427734375,-1.3427734375,1,108,False
+,84,37,84,37,121,121,0,2.439453125,-2.439453125,-2.439453125,1,101,False
+,84,38,84,38,122,122,0,0.31591796875,-0.31591796875,-0.31591796875,1,122,True
+,84,39,84,39,123,123,0,0.060272216796875,-0.060272216796875,-0.060272216796875,1,123,True
+,84,40,84,40,124,124,0,0.225830078125,-0.225830078125,-0.225830078125,1,124,True
+,84,41,84,41,125,125,0,0.39453125,-0.39453125,-0.39453125,1,125,True
+,84,42,84,42,126,126,2,0.0232086181640625,-0.0232086181640625,-0.0232086181640625,1,126,True
+,84,43,84,43,127,127,0,0.994140625,-0.994140625,-0.994140625,1,107,False
+,84,44,84,44,128,128,0,0.85693359375,-0.85693359375,-0.85693359375,1,128,True
+,84,45,84,45,129,129,0,0.050994873046875,-0.050994873046875,-0.050994873046875,1,129,True
+,84,46,84,46,130,130,0,0.33642578125,-0.33642578125,-0.33642578125,1,130,True
+,84,47,84,47,131,131,1,0.09393310546875,-0.09393310546875,-0.09393310546875,1,131,True
+,84,48,84,48,132,132,1,0.07550048828125,-0.07550048828125,-0.07550048828125,1,132,True
+,84,49,84,49,133,133,0,0.89013671875,-0.89013671875,-0.89013671875,1,133,True
+,84,50,84,50,134,134,1,0.1409912109375,-0.1409912109375,-0.1409912109375,1,134,True
+,84,51,84,51,135,135,0,0.10565185546875,-0.10565185546875,-0.10565185546875,1,135,True
+,84,52,84,52,136,136,0,0.9443359375,-0.9443359375,-0.9443359375,1,116,False
+,84,53,84,53,137,137,0,0.1949462890625,-0.1949462890625,-0.1949462890625,1,137,True
+,84,54,84,54,138,138,0,0.0994873046875,-0.0994873046875,-0.0994873046875,1,138,True
+,84,55,84,55,139,139,0,0.255126953125,-0.255126953125,-0.255126953125,1,139,True
+,84,56,84,56,140,140,0,0.2462158203125,-0.2462158203125,-0.2462158203125,1,140,True
+,84,57,84,57,141,141,0,0.0179290771484375,-0.0179290771484375,-0.0179290771484375,1,141,True
+,84,58,84,58,142,142,0,0.52685546875,-0.52685546875,-0.52685546875,1,142,True
+,84,59,84,59,143,143,0,0.0460205078125,-0.0460205078125,-0.0460205078125,1,143,True
+,84,60,84,60,144,144,0,0.316162109375,-0.316162109375,-0.316162109375,1,144,True
+,84,61,84,61,145,145,0,0.391357421875,-0.391357421875,-0.391357421875,1,145,True
+,84,62,84,62,146,146,0,0.458740234375,-0.458740234375,-0.458740234375,1,146,True
+,84,63,84,63,147,147,0,0.2403564453125,-0.2403564453125,-0.2403564453125,1,147,True
+,84,64,84,64,148,148,0,0.74169921875,-0.74169921875,-0.74169921875,1,148,True
+,84,65,84,65,149,149,0,0.7626953125,-0.7626953125,-0.7626953125,1,149,True
+,84,66,84,66,150,150,0,0.68408203125,-0.68408203125,-0.68408203125,1,150,True
+,84,67,84,67,151,151,0,0.1669921875,-0.1669921875,-0.1669921875,1,151,True
+,84,68,84,68,152,152,0,0.822265625,-0.822265625,-0.822265625,1,152,True
+,84,69,84,69,153,153,0,0.107666015625,-0.107666015625,-0.107666015625,1,153,True
+,84,70,84,70,154,154,0,0.1942138671875,-0.1942138671875,-0.1942138671875,1,154,True
+,84,71,84,71,155,155,0,0.205810546875,-0.205810546875,-0.205810546875,1,155,True
+,84,72,84,72,156,156,0,0.30078125,-0.30078125,-0.30078125,1,156,True
+,84,73,84,73,157,157,0,1.40234375,-1.40234375,-1.40234375,1,167,False
+,84,74,84,74,158,158,0,0.6416015625,-0.6416015625,-0.6416015625,1,158,True
+,84,75,84,75,159,159,0,0.169189453125,-0.169189453125,-0.169189453125,1,159,True
+,84,76,84,76,160,160,0,0.95849609375,-0.95849609375,-0.95849609375,1,160,True
+,84,77,84,77,161,161,0,0.322265625,-0.322265625,-0.322265625,1,161,True
+,84,78,84,78,162,162,0,0.023956298828125,-0.023956298828125,-0.023956298828125,1,162,True
+,84,79,84,79,163,163,0,0.07763671875,-0.07763671875,-0.07763671875,1,163,True
+,84,80,84,80,164,164,1,0.263916015625,-0.263916015625,-0.263916015625,1,164,True
+,84,81,84,81,165,165,0,0.1988525390625,-0.1988525390625,-0.1988525390625,1,165,True
+,84,82,84,82,166,166,0,0.28564453125,-0.28564453125,-0.28564453125,1,166,True
+,84,83,84,83,167,167,0,0.349365234375,-0.349365234375,-0.349365234375,1,167,True
+,84,84,84,84,168,168,1,0.399169921875,-0.399169921875,-0.399169921875,1,168,True
+,84,85,84,85,169,169,1,0.06781005859375,-0.06781005859375,-0.06781005859375,1,169,True
+,84,86,84,86,170,170,1,0.0178375244140625,-0.0178375244140625,-0.0178375244140625,1,170,True
+,84,87,84,87,171,171,0,0.1719970703125,-0.1719970703125,-0.1719970703125,1,171,True
+,84,88,84,88,172,172,0,0.22705078125,-0.22705078125,-0.22705078125,1,172,True
+,84,89,84,89,173,173,0,0.39697265625,-0.39697265625,-0.39697265625,1,173,True
+,84,90,84,90,174,174,0,0.0243072509765625,-0.0243072509765625,-0.0243072509765625,1,174,True
+,84,91,84,91,175,175,0,0.1273193359375,-0.1273193359375,-0.1273193359375,1,175,True
+,84,92,84,92,176,176,0,0.1925048828125,-0.1925048828125,-0.1925048828125,1,176,True
+,84,93,84,93,177,177,0,0.1107177734375,-0.1107177734375,-0.1107177734375,1,177,True
+,84,94,84,94,178,178,0,0.5634765625,-0.5634765625,-0.5634765625,1,178,True
+,84,95,84,95,179,179,0,0.136474609375,-0.136474609375,-0.136474609375,1,179,True
+,84,96,84,96,180,180,0,0.1688232421875,-0.1688232421875,-0.1688232421875,1,180,True
+,84,97,84,97,181,181,0,1.365234375,-1.365234375,-1.365234375,1,179,False
+,84,98,84,98,182,182,0,0.90478515625,-0.90478515625,-0.90478515625,1,170,False
+,84,99,84,99,183,183,0,0.039581298828125,-0.039581298828125,-0.039581298828125,1,183,True
+,84,100,84,100,184,184,0,1.0166015625,-1.0166015625,-1.0166015625,1,164,False
+,85,1,85,1,86,86,1,0.035614013671875,-0.035614013671875,-0.035614013671875,1,86,True
+,85,2,85,2,87,87,0,0.2080078125,-0.2080078125,-0.2080078125,1,87,True
+,85,3,85,3,88,88,1,0.06378173828125,-0.06378173828125,-0.06378173828125,1,88,True
+,85,4,85,4,89,89,0,0.09442138671875,-0.09442138671875,-0.09442138671875,1,89,True
+,85,5,85,5,90,90,0,0.05999755859375,-0.05999755859375,-0.05999755859375,1,90,True
+,85,6,85,6,91,91,1,1.3486328125,-1.3486328125,-1.3486328125,1,89,False
+,85,7,85,7,92,92,0,0.246826171875,-0.246826171875,-0.246826171875,1,92,True
+,85,8,85,8,93,93,0,0.262451171875,-0.262451171875,-0.262451171875,1,93,True
+,85,9,85,9,94,94,0,0.93798828125,-0.93798828125,-0.93798828125,1,94,True
+,85,10,85,10,95,95,3,0.98095703125,-0.98095703125,-0.98095703125,1,95,True
+,85,11,85,11,96,96,0,0.734375,-0.734375,-0.734375,1,96,True
+,85,12,85,12,97,97,1,0.52197265625,-0.52197265625,-0.52197265625,1,97,True
+,85,13,85,13,98,98,0,1.56640625,-1.56640625,-1.56640625,1,88,False
+,85,14,85,14,99,99,0,1.9033203125,-1.9033203125,-1.9033203125,1,89,False
+,85,15,85,15,100,100,1,2.236328125,-2.236328125,-2.236328125,1,90,False
+,85,16,85,16,101,101,0,1.41015625,-1.41015625,-1.41015625,1,91,False
+,85,17,85,17,102,102,0,3.837890625,-3.837890625,-3.837890625,1,92,False
+,85,18,85,18,103,103,0,0.7607421875,-0.7607421875,-0.7607421875,1,103,True
+,85,19,85,19,104,104,0,3.78515625,-3.78515625,-3.78515625,1,94,False
+,85,20,85,20,105,105,0,5.81640625,-5.81640625,-5.81640625,1,95,False
+,85,21,85,21,106,106,0,2.033203125,-2.033203125,-2.033203125,1,96,False
+,85,22,85,22,107,107,0,4.1484375,-4.1484375,-4.1484375,1,97,False
+,85,23,85,23,108,108,0,5.5546875,-5.5546875,-5.5546875,1,98,False
+,85,24,85,24,109,109,1,1.041015625,-1.041015625,-1.041015625,1,109,True
+,85,25,85,25,110,110,0,5.0390625,-5.0390625,-5.0390625,1,100,False
+,85,26,85,26,111,111,0,3.177734375,-3.177734375,-3.177734375,1,101,False
+,85,27,85,27,112,112,1,4.1328125,-4.1328125,-4.1328125,1,98,False
+,85,28,85,28,113,113,0,4.921875,-4.921875,-4.921875,1,93,False
+,85,29,85,29,114,114,6,4.9375,-4.9375,-4.9375,1,94,False
+,85,30,85,30,115,115,0,3.669921875,-3.669921875,-3.669921875,1,95,False
+,85,31,85,31,116,116,0,3.23046875,-3.23046875,-3.23046875,1,106,False
+,85,32,85,32,117,117,1,1.509765625,-1.509765625,-1.509765625,1,97,False
+,85,33,85,33,118,118,0,3.443359375,-3.443359375,-3.443359375,1,98,False
+,85,34,85,34,119,119,0,2.01171875,-2.01171875,-2.01171875,1,99,False
+,85,35,85,35,120,120,1,3.544921875,-3.544921875,-3.544921875,1,100,False
+,85,36,85,36,121,121,0,0.880859375,-0.880859375,-0.880859375,1,101,False
+,85,37,85,37,122,122,0,2.265625,-2.265625,-2.265625,1,102,False
+,85,38,85,38,123,123,0,2.91796875,-2.91796875,-2.91796875,1,103,False
+,85,39,85,39,124,124,0,1.2646484375,-1.2646484375,-1.2646484375,1,104,False
+,85,40,85,40,125,125,0,1.361328125,-1.361328125,-1.361328125,1,105,False
+,85,41,85,41,126,126,0,0.6884765625,-0.6884765625,-0.6884765625,1,126,True
+,85,42,85,42,127,127,1,1.7041015625,-1.7041015625,-1.7041015625,1,117,False
+,85,43,85,43,128,128,0,3.783203125,-3.783203125,-3.783203125,1,118,False
+,85,44,85,44,129,129,0,1.6640625,-1.6640625,-1.6640625,1,109,False
+,85,45,85,45,130,130,1,0.71240234375,-0.71240234375,-0.71240234375,1,130,True
+,85,46,85,46,131,131,0,2.35546875,-2.35546875,-2.35546875,1,121,False
+,85,47,85,47,132,132,0,1.865234375,-1.865234375,-1.865234375,1,122,False
+,85,48,85,48,133,133,0,1.4501953125,-1.4501953125,-1.4501953125,1,113,False
+,85,49,85,49,134,134,0,1.4677734375,-1.4677734375,-1.4677734375,1,124,False
+,85,50,85,50,135,135,0,1.5615234375,-1.5615234375,-1.5615234375,1,125,False
+,85,51,85,51,136,136,0,0.36328125,-0.36328125,-0.36328125,1,136,True
+,85,52,85,52,137,137,0,2.603515625,-2.603515625,-2.603515625,1,117,False
+,85,53,85,53,138,138,0,2.95703125,-2.95703125,-2.95703125,1,118,False
+,85,54,85,54,139,139,0,0.97509765625,-0.97509765625,-0.97509765625,1,139,True
+,85,55,85,55,140,140,1,0.697265625,-0.697265625,-0.697265625,1,140,True
+,85,56,85,56,141,141,6,0.55810546875,-0.55810546875,-0.55810546875,1,141,True
+,85,57,85,57,142,142,0,1.17578125,-1.17578125,-1.17578125,1,142,True
+,85,58,85,58,143,143,1,1.27734375,-1.27734375,-1.27734375,1,143,True
+,85,59,85,59,144,144,0,1.8671875,-1.8671875,-1.8671875,1,154,False
+,85,60,85,60,145,145,2,1.2412109375,-1.2412109375,-1.2412109375,1,155,False
+,85,61,85,61,146,146,0,0.425048828125,-0.425048828125,-0.425048828125,1,146,True
+,85,62,85,62,147,147,0,2.947265625,-2.947265625,-2.947265625,1,117,False
+,85,63,85,63,148,148,0,3.09375,-3.09375,-3.09375,1,158,False
+,85,64,85,64,149,149,0,1.3984375,-1.3984375,-1.3984375,1,169,False
+,85,65,85,65,150,150,0,1.33203125,-1.33203125,-1.33203125,1,170,False
+,85,66,85,66,151,151,0,0.642578125,-0.642578125,-0.642578125,1,151,True
+,85,67,85,67,152,152,0,1.3095703125,-1.3095703125,-1.3095703125,1,162,False
+,85,68,85,68,153,153,0,1.3505859375,-1.3505859375,-1.3505859375,1,173,False
+,85,69,85,69,154,154,0,0.387451171875,-0.387451171875,-0.387451171875,1,154,True
+,85,70,85,70,155,155,1,1.46484375,-1.46484375,-1.46484375,1,165,False
+,85,71,85,71,156,156,0,2.396484375,-2.396484375,-2.396484375,1,166,False
+,85,72,85,72,157,157,0,0.62255859375,-0.62255859375,-0.62255859375,1,157,True
+,85,73,85,73,158,158,0,2.513671875,-2.513671875,-2.513671875,1,118,False
+,85,74,85,74,159,159,0,1.109375,-1.109375,-1.109375,1,159,True
+,85,75,85,75,160,160,2,0.873046875,-0.873046875,-0.873046875,1,170,False
+,85,76,85,76,161,161,0,1.2314453125,-1.2314453125,-1.2314453125,1,171,False
+,85,77,85,77,162,162,1,1.0517578125,-1.0517578125,-1.0517578125,1,172,False
+,85,78,85,78,163,163,0,0.82421875,-0.82421875,-0.82421875,1,173,False
+,85,79,85,79,164,164,0,1.0224609375,-1.0224609375,-1.0224609375,1,174,False
+,85,80,85,80,165,165,0,0.1143798828125,-0.1143798828125,-0.1143798828125,1,165,True
+,85,81,85,81,166,166,0,0.09661865234375,-0.09661865234375,-0.09661865234375,1,166,True
+,85,82,85,82,167,167,0,1.85546875,-1.85546875,-1.85546875,1,177,False
+,85,83,85,83,168,168,0,1.0263671875,-1.0263671875,-1.0263671875,1,178,False
+,85,84,85,84,169,169,1,0.0992431640625,-0.0992431640625,-0.0992431640625,1,169,True
+,85,85,85,85,170,170,2,0.12646484375,-0.12646484375,-0.12646484375,1,170,True
+,85,86,85,86,171,171,1,0.295166015625,-0.295166015625,-0.295166015625,1,171,True
+,85,87,85,87,172,172,0,0.2939453125,-0.2939453125,-0.2939453125,1,172,True
+,85,88,85,88,173,173,0,0.18212890625,-0.18212890625,-0.18212890625,1,173,True
+,85,89,85,89,174,174,0,0.2017822265625,-0.2017822265625,-0.2017822265625,1,174,True
+,85,90,85,90,175,175,1,0.0321044921875,-0.0321044921875,-0.0321044921875,1,175,True
+,85,91,85,91,176,176,0,0.931640625,-0.931640625,-0.931640625,1,166,False
+,85,92,85,92,177,177,1,0.04644775390625,-0.04644775390625,-0.04644775390625,1,177,True
+,85,93,85,93,178,178,0,0.10455322265625,-0.10455322265625,-0.10455322265625,1,178,True
+,85,94,85,94,179,179,0,1.212890625,-1.212890625,-1.212890625,1,169,False
+,85,95,85,95,180,180,0,0.2425537109375,-0.2425537109375,-0.2425537109375,1,180,True
+,85,96,85,96,181,181,0,0.3623046875,-0.3623046875,-0.3623046875,1,181,True
+,85,97,85,97,182,182,0,0.5244140625,-0.5244140625,-0.5244140625,1,182,True
+,85,98,85,98,183,183,0,0.2440185546875,-0.2440185546875,-0.2440185546875,1,183,True
+,85,99,85,99,184,184,0,0.56591796875,-0.56591796875,-0.56591796875,1,184,True
+,85,100,85,100,185,185,0,0.15576171875,-0.15576171875,-0.15576171875,1,185,True
+,86,1,86,1,87,87,0,0.1292724609375,-0.1292724609375,-0.1292724609375,1,87,True
+,86,2,86,2,88,88,0,1.087890625,-1.087890625,-1.087890625,1,90,False
+,86,3,86,3,89,89,1,0.08038330078125,-0.08038330078125,-0.08038330078125,1,89,True
+,86,4,86,4,90,90,0,0.10052490234375,-0.10052490234375,-0.10052490234375,1,90,True
+,86,5,86,5,91,91,0,0.233154296875,-0.233154296875,-0.233154296875,1,91,True
+,86,6,86,6,92,92,1,0.099609375,-0.099609375,-0.099609375,1,92,True
+,86,7,86,7,93,93,0,0.27783203125,-0.27783203125,-0.27783203125,1,93,True
+,86,8,86,8,94,94,2,0.16748046875,-0.16748046875,-0.16748046875,1,94,True
+,86,9,86,9,95,95,0,0.5576171875,-0.5576171875,-0.5576171875,1,95,True
+,86,10,86,10,96,96,0,0.1365966796875,-0.1365966796875,-0.1365966796875,1,96,True
+,86,11,86,11,97,97,0,0.1956787109375,-0.1956787109375,-0.1956787109375,1,97,True
+,86,12,86,12,98,98,1,1.205078125,-1.205078125,-1.205078125,1,90,False
+,86,13,86,13,99,99,0,1.134765625,-1.134765625,-1.134765625,1,89,False
+,86,14,86,14,100,100,0,0.794921875,-0.794921875,-0.794921875,1,100,True
+,86,15,86,15,101,101,0,1.0751953125,-1.0751953125,-1.0751953125,1,91,False
+,86,16,86,16,102,102,0,0.6484375,-0.6484375,-0.6484375,1,102,True
+,86,17,86,17,103,103,1,1.8984375,-1.8984375,-1.8984375,1,93,False
+,86,18,86,18,104,104,0,0.4951171875,-0.4951171875,-0.4951171875,1,104,True
+,86,19,86,19,105,105,0,1.9873046875,-1.9873046875,-1.9873046875,1,95,False
+,86,20,86,20,106,106,0,0.99609375,-0.99609375,-0.99609375,1,96,False
+,86,21,86,21,107,107,0,2.33984375,-2.33984375,-2.33984375,1,97,False
+,86,22,86,22,108,108,0,2.986328125,-2.986328125,-2.986328125,1,99,False
+,86,23,86,23,109,109,0,1.5458984375,-1.5458984375,-1.5458984375,1,99,False
+,86,24,86,24,110,110,0,0.13134765625,-0.13134765625,-0.13134765625,1,110,True
+,86,25,86,25,111,111,0,1.80859375,-1.80859375,-1.80859375,1,101,False
+,86,26,86,26,112,112,0,0.802734375,-0.802734375,-0.802734375,1,112,True
+,86,27,86,27,113,113,0,3.259765625,-3.259765625,-3.259765625,1,103,False
+,86,28,86,28,114,114,0,2.40625,-2.40625,-2.40625,1,102,False
+,86,29,86,29,115,115,0,1.017578125,-1.017578125,-1.017578125,1,105,False
+,86,30,86,30,116,116,1,0.44580078125,-0.44580078125,-0.44580078125,1,116,True
+,86,31,86,31,117,117,0,0.82373046875,-0.82373046875,-0.82373046875,1,117,True
+,86,32,86,32,118,118,0,2.83203125,-2.83203125,-2.83203125,1,110,False
+,86,33,86,33,119,119,0,1.6123046875,-1.6123046875,-1.6123046875,1,109,False
+,86,34,86,34,120,120,0,0.3798828125,-0.3798828125,-0.3798828125,1,120,True
+,86,35,86,35,121,121,0,0.1519775390625,-0.1519775390625,-0.1519775390625,1,121,True
+,86,36,86,36,122,122,0,0.1932373046875,-0.1932373046875,-0.1932373046875,1,122,True
+,86,37,86,37,123,123,0,1.9501953125,-1.9501953125,-1.9501953125,1,113,False
+,86,38,86,38,124,124,0,0.87353515625,-0.87353515625,-0.87353515625,1,124,True
+,86,39,86,39,125,125,0,0.87353515625,-0.87353515625,-0.87353515625,1,115,False
+,86,40,86,40,126,126,1,0.1502685546875,-0.1502685546875,-0.1502685546875,1,126,True
+,86,41,86,41,127,127,0,1.4267578125,-1.4267578125,-1.4267578125,1,117,False
+,86,42,86,42,128,128,0,0.87158203125,-0.87158203125,-0.87158203125,1,128,True
+,86,43,86,43,129,129,1,2.8046875,-2.8046875,-2.8046875,1,119,False
+,86,44,86,44,130,130,0,1.052734375,-1.052734375,-1.052734375,1,130,True
+,86,45,86,45,131,131,0,1.0458984375,-1.0458984375,-1.0458984375,1,121,False
+,86,46,86,46,132,132,0,0.9560546875,-0.9560546875,-0.9560546875,1,132,True
+,86,47,86,47,133,133,0,1.6904296875,-1.6904296875,-1.6904296875,1,143,False
+,86,48,86,48,134,134,0,1.3115234375,-1.3115234375,-1.3115234375,1,122,False
+,86,49,86,49,135,135,0,0.95166015625,-0.95166015625,-0.95166015625,1,135,True
+,86,50,86,50,136,136,0,0.36474609375,-0.36474609375,-0.36474609375,1,136,True
+,86,51,86,51,137,137,0,0.374755859375,-0.374755859375,-0.374755859375,1,137,True
+,86,52,86,52,138,138,0,0.46044921875,-0.46044921875,-0.46044921875,1,138,True
+,86,53,86,53,139,139,1,0.482421875,-0.482421875,-0.482421875,1,139,True
+,86,54,86,54,140,140,0,0.13623046875,-0.13623046875,-0.13623046875,1,140,True
+,86,55,86,55,141,141,0,0.425048828125,-0.425048828125,-0.425048828125,1,141,True
+,86,56,86,56,142,142,0,0.23828125,-0.23828125,-0.23828125,1,142,True
+,86,57,86,57,143,143,0,0.4970703125,-0.4970703125,-0.4970703125,1,143,True
+,86,58,86,58,144,144,0,1.5634765625,-1.5634765625,-1.5634765625,1,144,True
+,86,59,86,59,145,145,0,1.1640625,-1.1640625,-1.1640625,1,145,True
+,86,60,86,60,146,146,0,1.2978515625,-1.2978515625,-1.2978515625,1,166,False
+,86,61,86,61,147,147,0,1.9189453125,-1.9189453125,-1.9189453125,1,167,False
+,86,62,86,62,148,148,1,2.546875,-2.546875,-2.546875,1,140,False
+,86,63,86,63,149,149,0,1.2080078125,-1.2080078125,-1.2080078125,1,149,True
+,86,64,86,64,150,150,0,0.9404296875,-0.9404296875,-0.9404296875,1,150,True
+,86,65,86,65,151,151,0,0.6953125,-0.6953125,-0.6953125,1,151,True
+,86,66,86,66,152,152,0,0.202392578125,-0.202392578125,-0.202392578125,1,152,True
+,86,67,86,67,153,153,0,1.96875,-1.96875,-1.96875,1,163,False
+,86,68,86,68,154,154,3,0.89013671875,-0.89013671875,-0.89013671875,1,154,True
+,86,69,86,69,155,155,0,0.955078125,-0.955078125,-0.955078125,1,155,True
+,86,70,86,70,156,156,0,0.4560546875,-0.4560546875,-0.4560546875,1,156,True
+,86,71,86,71,157,157,0,2.15625,-2.15625,-2.15625,1,167,False
+,86,72,86,72,158,158,0,1.3740234375,-1.3740234375,-1.3740234375,1,170,False
+,86,73,86,73,159,159,0,0.66064453125,-0.66064453125,-0.66064453125,1,159,True
+,86,74,86,74,160,160,0,0.70703125,-0.70703125,-0.70703125,1,160,True
+,86,75,86,75,161,161,0,0.151123046875,-0.151123046875,-0.151123046875,1,161,True
+,86,76,86,76,162,162,0,0.41162109375,-0.41162109375,-0.41162109375,1,162,True
+,86,77,86,77,163,163,0,0.402587890625,-0.402587890625,-0.402587890625,1,163,True
+,86,78,86,78,164,164,0,0.64697265625,-0.64697265625,-0.64697265625,1,164,True
+,86,79,86,79,165,165,0,1.4912109375,-1.4912109375,-1.4912109375,1,175,False
+,86,80,86,80,166,166,0,0.052978515625,-0.052978515625,-0.052978515625,1,166,True
+,86,81,86,81,167,167,0,0.227783203125,-0.227783203125,-0.227783203125,1,167,True
+,86,82,86,82,168,168,0,0.3125,-0.3125,-0.3125,1,168,True
+,86,83,86,83,169,169,0,2.400390625,-2.400390625,-2.400390625,1,179,False
+,86,84,86,84,170,170,0,0.1202392578125,-0.1202392578125,-0.1202392578125,1,170,True
+,86,85,86,85,171,171,0,0.2666015625,-0.2666015625,-0.2666015625,1,171,True
+,86,86,86,86,172,172,1,0.65185546875,-0.65185546875,-0.65185546875,1,172,True
+,86,87,86,87,173,173,0,0.305419921875,-0.305419921875,-0.305419921875,1,173,True
+,86,88,86,88,174,174,1,1.42578125,-1.42578125,-1.42578125,1,174,True
+,86,89,86,89,175,175,0,0.310791015625,-0.310791015625,-0.310791015625,1,175,True
+,86,90,86,90,176,176,0,1.09375,-1.09375,-1.09375,1,166,False
+,86,91,86,91,177,177,0,1.43359375,-1.43359375,-1.43359375,1,167,False
+,86,92,86,92,178,178,0,0.53564453125,-0.53564453125,-0.53564453125,1,178,True
+,86,93,86,93,179,179,0,0.1468505859375,-0.1468505859375,-0.1468505859375,1,179,True
+,86,94,86,94,180,180,0,0.261962890625,-0.261962890625,-0.261962890625,1,180,True
+,86,95,86,95,181,181,0,2.208984375,-2.208984375,-2.208984375,1,171,False
+,86,96,86,96,182,182,1,0.99169921875,-0.99169921875,-0.99169921875,1,182,True
+,86,97,86,97,183,183,0,0.82666015625,-0.82666015625,-0.82666015625,1,173,False
+,86,98,86,98,184,184,0,2.53125,-2.53125,-2.53125,1,180,False
+,86,99,86,99,185,185,0,1.29296875,-1.29296875,-1.29296875,1,175,False
+,86,100,86,100,186,186,0,0.0189208984375,-0.0189208984375,-0.0189208984375,1,186,True
+,87,1,87,1,88,88,1,0.2431640625,-0.2431640625,-0.2431640625,1,88,True
+,87,2,87,2,89,89,0,0.293212890625,-0.293212890625,-0.293212890625,1,89,True
+,87,3,87,3,90,90,1,0.035186767578125,-0.035186767578125,-0.035186767578125,1,90,True
+,87,4,87,4,91,91,0,0.08349609375,-0.08349609375,-0.08349609375,1,91,True
+,87,5,87,5,92,92,0,0.036651611328125,-0.036651611328125,-0.036651611328125,1,92,True
+,87,6,87,6,93,93,0,0.036865234375,-0.036865234375,-0.036865234375,1,93,True
+,87,7,87,7,94,94,0,0.2244873046875,-0.2244873046875,-0.2244873046875,1,94,True
+,87,8,87,8,95,95,0,0.01290130615234375,-0.01290130615234375,-0.01290130615234375,1,95,True
+,87,9,87,9,96,96,0,1.716796875,-1.716796875,-1.716796875,1,84,False
+,87,10,87,10,97,97,0,0.2103271484375,-0.2103271484375,-0.2103271484375,1,97,True
+,87,11,87,11,98,98,0,0.099365234375,-0.099365234375,-0.099365234375,1,98,True
+,87,12,87,12,99,99,3,0.537109375,-0.537109375,-0.537109375,1,99,True
+,87,13,87,13,100,100,1,0.59814453125,-0.59814453125,-0.59814453125,1,100,True
+,87,14,87,14,101,101,0,0.548828125,-0.548828125,-0.548828125,1,101,True
+,87,15,87,15,102,102,1,0.50439453125,-0.50439453125,-0.50439453125,1,102,True
+,87,16,87,16,103,103,0,0.08099365234375,-0.08099365234375,-0.08099365234375,1,103,True
+,87,17,87,17,104,104,1,2.564453125,-2.564453125,-2.564453125,1,94,False
+,87,18,87,18,105,105,1,0.11962890625,-0.11962890625,-0.11962890625,1,105,True
+,87,19,87,19,106,106,1,1.05078125,-1.05078125,-1.05078125,1,106,True
+,87,20,87,20,107,107,0,2.048828125,-2.048828125,-2.048828125,1,97,False
+,87,21,87,21,108,108,0,1.220703125,-1.220703125,-1.220703125,1,108,True
+,87,22,87,22,109,109,3,0.8994140625,-0.8994140625,-0.8994140625,1,101,False
+,87,23,87,23,110,110,0,0.67919921875,-0.67919921875,-0.67919921875,1,110,True
+,87,24,87,24,111,111,1,0.11395263671875,-0.11395263671875,-0.11395263671875,1,111,True
+,87,25,87,25,112,112,1,1.0615234375,-1.0615234375,-1.0615234375,1,112,True
+,87,26,87,26,113,113,0,2.28125,-2.28125,-2.28125,1,103,False
+,87,27,87,27,114,114,0,0.97509765625,-0.97509765625,-0.97509765625,1,114,True
+,87,28,87,28,115,115,0,1.193359375,-1.193359375,-1.193359375,1,95,False
+,87,29,87,29,116,116,0,4.37109375,-4.37109375,-4.37109375,1,106,False
+,87,30,87,30,117,117,1,0.323486328125,-0.323486328125,-0.323486328125,1,117,True
+,87,31,87,31,118,118,0,4.48828125,-4.48828125,-4.48828125,1,110,False
+,87,32,87,32,119,119,0,0.496826171875,-0.496826171875,-0.496826171875,1,119,True
+,87,33,87,33,120,120,1,0.42333984375,-0.42333984375,-0.42333984375,1,120,True
+,87,34,87,34,121,121,0,0.55029296875,-0.55029296875,-0.55029296875,1,121,True
+,87,35,87,35,122,122,0,0.25927734375,-0.25927734375,-0.25927734375,1,122,True
+,87,36,87,36,123,123,0,0.337890625,-0.337890625,-0.337890625,1,123,True
+,87,37,87,37,124,124,1,1.3115234375,-1.3115234375,-1.3115234375,1,124,True
+,87,38,87,38,125,125,0,0.85205078125,-0.85205078125,-0.85205078125,1,115,False
+,87,39,87,39,126,126,0,0.03369140625,-0.03369140625,-0.03369140625,1,126,True
+,87,40,87,40,127,127,0,0.362060546875,-0.362060546875,-0.362060546875,1,127,True
+,87,41,87,41,128,128,0,1.5771484375,-1.5771484375,-1.5771484375,1,128,True
+,87,42,87,42,129,129,0,0.382568359375,-0.382568359375,-0.382568359375,1,129,True
+,87,43,87,43,130,130,0,1.638671875,-1.638671875,-1.638671875,1,110,False
+,87,44,87,44,131,131,0,0.1763916015625,-0.1763916015625,-0.1763916015625,1,131,True
+,87,45,87,45,132,132,0,0.07855224609375,-0.07855224609375,-0.07855224609375,1,132,True
+,87,46,87,46,133,133,0,0.95068359375,-0.95068359375,-0.95068359375,1,133,True
+,87,47,87,47,134,134,0,1.322265625,-1.322265625,-1.322265625,1,124,False
+,87,48,87,48,135,135,0,0.96875,-0.96875,-0.96875,1,135,True
+,87,49,87,49,136,136,0,1.443359375,-1.443359375,-1.443359375,1,146,False
+,87,50,87,50,137,137,0,0.64794921875,-0.64794921875,-0.64794921875,1,137,True
+,87,51,87,51,138,138,0,0.09967041015625,-0.09967041015625,-0.09967041015625,1,138,True
+,87,52,87,52,139,139,0,1.482421875,-1.482421875,-1.482421875,1,119,False
+,87,53,87,53,140,140,0,0.3134765625,-0.3134765625,-0.3134765625,1,140,True
+,87,54,87,54,141,141,0,0.038909912109375,-0.038909912109375,-0.038909912109375,1,141,True
+,87,55,87,55,142,142,0,0.90771484375,-0.90771484375,-0.90771484375,1,142,True
+,87,56,87,56,143,143,0,0.0751953125,-0.0751953125,-0.0751953125,1,143,True
+,87,57,87,57,144,144,0,0.5234375,-0.5234375,-0.5234375,1,144,True
+,87,58,87,58,145,145,0,1.25,-1.25,-1.25,1,155,False
+,87,59,87,59,146,146,0,2.2578125,-2.2578125,-2.2578125,1,166,False
+,87,60,87,60,147,147,0,0.900390625,-0.900390625,-0.900390625,1,147,True
+,87,61,87,61,148,148,0,3.87109375,-3.87109375,-3.87109375,1,158,False
+,87,62,87,62,149,149,0,1.2626953125,-1.2626953125,-1.2626953125,1,149,True
+,87,63,87,63,150,150,0,1.052734375,-1.052734375,-1.052734375,1,150,True
+,87,64,87,64,151,151,0,0.6591796875,-0.6591796875,-0.6591796875,1,151,True
+,87,65,87,65,152,152,1,1.67578125,-1.67578125,-1.67578125,1,172,False
+,87,66,87,66,153,153,0,1.578125,-1.578125,-1.578125,1,163,False
+,87,67,87,67,154,154,0,3.1484375,-3.1484375,-3.1484375,1,164,False
+,87,68,87,68,155,155,0,0.433837890625,-0.433837890625,-0.433837890625,1,155,True
+,87,69,87,69,156,156,0,1.2353515625,-1.2353515625,-1.2353515625,1,166,False
+,87,70,87,70,157,157,0,1.6630859375,-1.6630859375,-1.6630859375,1,167,False
+,87,71,87,71,158,158,0,4.61328125,-4.61328125,-4.61328125,1,166,False
+,87,72,87,72,159,159,0,0.07391357421875,-0.07391357421875,-0.07391357421875,1,159,True
+,87,73,87,73,160,160,0,1.873046875,-1.873046875,-1.873046875,1,140,False
+,87,74,87,74,161,161,0,0.1585693359375,-0.1585693359375,-0.1585693359375,1,161,True
+,87,75,87,75,162,162,0,0.01398468017578125,-0.01398468017578125,-0.01398468017578125,1,162,True
+,87,76,87,76,163,163,0,0.0650634765625,-0.0650634765625,-0.0650634765625,1,163,True
+,87,77,87,77,164,164,0,1.0087890625,-1.0087890625,-1.0087890625,1,166,False
+,87,78,87,78,165,165,11,0.040435791015625,-0.040435791015625,-0.040435791015625,1,165,True
+,87,79,87,79,166,166,0,0.226806640625,-0.226806640625,-0.226806640625,1,166,True
+,87,80,87,80,167,167,0,0.042205810546875,-0.042205810546875,-0.042205810546875,1,167,True
+,87,81,87,81,168,168,0,0.418212890625,-0.418212890625,-0.418212890625,1,168,True
+,87,82,87,82,169,169,0,0.2275390625,-0.2275390625,-0.2275390625,1,169,True
+,87,83,87,83,170,170,0,0.04974365234375,-0.04974365234375,-0.04974365234375,1,170,True
+,87,84,87,84,171,171,0,0.03582763671875,-0.03582763671875,-0.03582763671875,1,171,True
+,87,85,87,85,172,172,0,0.3837890625,-0.3837890625,-0.3837890625,1,172,True
+,87,86,87,86,173,173,0,0.1693115234375,-0.1693115234375,-0.1693115234375,1,173,True
+,87,87,87,87,174,174,0,3.751953125,-3.751953125,-3.751953125,1,162,False
+,87,88,87,88,175,175,0,0.1171875,-0.1171875,-0.1171875,1,175,True
+,87,89,87,89,176,176,1,0.275390625,-0.275390625,-0.275390625,1,176,True
+,87,90,87,90,177,177,0,0.0869140625,-0.0869140625,-0.0869140625,1,177,True
+,87,91,87,91,178,178,0,0.93310546875,-0.93310546875,-0.93310546875,1,178,True
+,87,92,87,92,179,179,0,0.0791015625,-0.0791015625,-0.0791015625,1,179,True
+,87,93,87,93,180,180,0,0.075439453125,-0.075439453125,-0.075439453125,1,180,True
+,87,94,87,94,181,181,0,0.1395263671875,-0.1395263671875,-0.1395263671875,1,181,True
+,87,95,87,95,182,182,0,0.404296875,-0.404296875,-0.404296875,1,182,True
+,87,96,87,96,183,183,0,0.37841796875,-0.37841796875,-0.37841796875,1,183,True
+,87,97,87,97,184,184,0,1.3046875,-1.3046875,-1.3046875,1,184,True
+,87,98,87,98,185,185,0,0.93701171875,-0.93701171875,-0.93701171875,1,175,False
+,87,99,87,99,186,186,0,0.07080078125,-0.07080078125,-0.07080078125,1,186,True
+,87,100,87,100,187,187,0,0.032379150390625,-0.032379150390625,-0.032379150390625,1,187,True
+,88,1,88,1,89,89,0,0.0255279541015625,-0.0255279541015625,-0.0255279541015625,1,89,True
+,88,2,88,2,90,90,2,0.010223388671875,-0.010223388671875,-0.010223388671875,1,90,True
+,88,3,88,3,91,91,2,0.01141357421875,-0.01141357421875,-0.01141357421875,1,91,True
+,88,4,88,4,92,92,0,0.026458740234375,-0.026458740234375,-0.026458740234375,1,92,True
+,88,5,88,5,93,93,0,0.022613525390625,-0.022613525390625,-0.022613525390625,1,93,True
+,88,6,88,6,94,94,4,0.0633544921875,-0.0633544921875,-0.0633544921875,1,94,True
+,88,7,88,7,95,95,1,0.1314697265625,-0.1314697265625,-0.1314697265625,1,95,True
+,88,8,88,8,96,96,5,1.2138671875,-1.2138671875,-1.2138671875,1,96,True
+,88,9,88,9,97,97,1,0.453125,-0.453125,-0.453125,1,97,True
+,88,10,88,10,98,98,0,0.1363525390625,-0.1363525390625,-0.1363525390625,1,98,True
+,88,11,88,11,99,99,2,0.0953369140625,-0.0953369140625,-0.0953369140625,1,99,True
+,88,12,88,12,100,100,1,0.148681640625,-0.148681640625,-0.148681640625,1,100,True
+,88,13,88,13,101,101,0,0.7041015625,-0.7041015625,-0.7041015625,1,101,True
+,88,14,88,14,102,102,1,0.76318359375,-0.76318359375,-0.76318359375,1,102,True
+,88,15,88,15,103,103,0,0.05145263671875,-0.05145263671875,-0.05145263671875,1,103,True
+,88,16,88,16,104,104,0,0.286376953125,-0.286376953125,-0.286376953125,1,104,True
+,88,17,88,17,105,105,0,0.384033203125,-0.384033203125,-0.384033203125,1,105,True
+,88,18,88,18,106,106,1,0.471923828125,-0.471923828125,-0.471923828125,1,106,True
+,88,19,88,19,107,107,0,0.5859375,-0.5859375,-0.5859375,1,107,True
+,88,20,88,20,108,108,0,1.5,-1.5,-1.5,1,100,False
+,88,21,88,21,109,109,0,0.35498046875,-0.35498046875,-0.35498046875,1,109,True
+,88,22,88,22,110,110,0,0.4306640625,-0.4306640625,-0.4306640625,1,110,True
+,88,23,88,23,111,111,0,0.3701171875,-0.3701171875,-0.3701171875,1,111,True
+,88,24,88,24,112,112,2,1.7490234375,-1.7490234375,-1.7490234375,1,103,False
+,88,25,88,25,113,113,0,4.328125,-4.328125,-4.328125,1,103,False
+,88,26,88,26,114,114,0,0.7548828125,-0.7548828125,-0.7548828125,1,114,True
+,88,27,88,27,115,115,0,0.0516357421875,-0.0516357421875,-0.0516357421875,1,115,True
+,88,28,88,28,116,116,0,2.802734375,-2.802734375,-2.802734375,1,96,False
+,88,29,88,29,117,117,0,2.119140625,-2.119140625,-2.119140625,1,107,False
+,88,30,88,30,118,118,0,1.9619140625,-1.9619140625,-1.9619140625,1,98,False
+,88,31,88,31,119,119,0,1.69140625,-1.69140625,-1.69140625,1,109,False
+,88,32,88,32,120,120,1,1.0498046875,-1.0498046875,-1.0498046875,1,100,False
+,88,33,88,33,121,121,1,0.486328125,-0.486328125,-0.486328125,1,121,True
+,88,34,88,34,122,122,0,0.513671875,-0.513671875,-0.513671875,1,122,True
+,88,35,88,35,123,123,0,0.430908203125,-0.430908203125,-0.430908203125,1,123,True
+,88,36,88,36,124,124,1,0.048675537109375,-0.048675537109375,-0.048675537109375,1,124,True
+,88,37,88,37,125,125,0,1.384765625,-1.384765625,-1.384765625,1,115,False
+,88,38,88,38,126,126,0,1.5771484375,-1.5771484375,-1.5771484375,1,106,False
+,88,39,88,39,127,127,0,0.399658203125,-0.399658203125,-0.399658203125,1,127,True
+,88,40,88,40,128,128,0,0.4951171875,-0.4951171875,-0.4951171875,1,128,True
+,88,41,88,41,129,129,0,1.4208984375,-1.4208984375,-1.4208984375,1,109,False
+,88,42,88,42,130,130,1,1.033203125,-1.033203125,-1.033203125,1,110,False
+,88,43,88,43,131,131,0,0.7353515625,-0.7353515625,-0.7353515625,1,131,True
+,88,44,88,44,132,132,0,0.2276611328125,-0.2276611328125,-0.2276611328125,1,132,True
+,88,45,88,45,133,133,0,0.31884765625,-0.31884765625,-0.31884765625,1,133,True
+,88,46,88,46,134,134,0,0.7099609375,-0.7099609375,-0.7099609375,1,134,True
+,88,47,88,47,135,135,0,2.0859375,-2.0859375,-2.0859375,1,115,False
+,88,48,88,48,136,136,0,1.78125,-1.78125,-1.78125,1,140,False
+,88,49,88,49,137,137,0,0.83447265625,-0.83447265625,-0.83447265625,1,137,True
+,88,50,88,50,138,138,0,0.56494140625,-0.56494140625,-0.56494140625,1,138,True
+,88,51,88,51,139,139,0,0.1529541015625,-0.1529541015625,-0.1529541015625,1,139,True
+,88,52,88,52,140,140,0,0.36279296875,-0.36279296875,-0.36279296875,1,140,True
+,88,53,88,53,141,141,0,0.68310546875,-0.68310546875,-0.68310546875,1,141,True
+,88,54,88,54,142,142,0,0.119384765625,-0.119384765625,-0.119384765625,1,142,True
+,88,55,88,55,143,143,1,0.06890869140625,-0.06890869140625,-0.06890869140625,1,143,True
+,88,56,88,56,144,144,0,0.476318359375,-0.476318359375,-0.476318359375,1,144,True
+,88,57,88,57,145,145,0,0.75537109375,-0.75537109375,-0.75537109375,1,145,True
+,88,58,88,58,146,146,0,0.67822265625,-0.67822265625,-0.67822265625,1,146,True
+,88,59,88,59,147,147,0,1.654296875,-1.654296875,-1.654296875,1,127,False
+,88,60,88,60,148,148,0,1.40625,-1.40625,-1.40625,1,128,False
+,88,61,88,61,149,149,0,2.369140625,-2.369140625,-2.369140625,1,139,False
+,88,62,88,62,150,150,0,1.703125,-1.703125,-1.703125,1,110,False
+,88,63,88,63,151,151,0,0.1248779296875,-0.1248779296875,-0.1248779296875,1,151,True
+,88,64,88,64,152,152,1,0.278076171875,-0.278076171875,-0.278076171875,1,152,True
+,88,65,88,65,153,153,0,1.6376953125,-1.6376953125,-1.6376953125,1,163,False
+,88,66,88,66,154,154,0,0.226806640625,-0.226806640625,-0.226806640625,1,154,True
+,88,67,88,67,155,155,0,0.07720947265625,-0.07720947265625,-0.07720947265625,1,155,True
+,88,68,88,68,156,156,0,0.833984375,-0.833984375,-0.833984375,1,156,True
+,88,69,88,69,157,157,0,0.73095703125,-0.73095703125,-0.73095703125,1,157,True
+,88,70,88,70,158,158,0,0.165283203125,-0.165283203125,-0.165283203125,1,158,True
+,88,71,88,71,159,159,0,0.08734130859375,-0.08734130859375,-0.08734130859375,1,159,True
+,88,72,88,72,160,160,0,0.4287109375,-0.4287109375,-0.4287109375,1,160,True
+,88,73,88,73,161,161,0,1.8564453125,-1.8564453125,-1.8564453125,1,141,False
+,88,74,88,74,162,162,0,0.2056884765625,-0.2056884765625,-0.2056884765625,1,162,True
+,88,75,88,75,163,163,0,0.07025146484375,-0.07025146484375,-0.07025146484375,1,163,True
+,88,76,88,76,164,164,0,0.170654296875,-0.170654296875,-0.170654296875,1,164,True
+,88,77,88,77,165,165,0,1.0234375,-1.0234375,-1.0234375,1,155,False
+,88,78,88,78,166,166,0,0.2130126953125,-0.2130126953125,-0.2130126953125,1,166,True
+,88,79,88,79,167,167,0,0.03399658203125,-0.03399658203125,-0.03399658203125,1,167,True
+,88,80,88,80,168,168,0,0.2181396484375,-0.2181396484375,-0.2181396484375,1,168,True
+,88,81,88,81,169,169,0,1.0859375,-1.0859375,-1.0859375,1,179,False
+,88,82,88,82,170,170,0,0.06829833984375,-0.06829833984375,-0.06829833984375,1,170,True
+,88,83,88,83,171,171,0,0.250244140625,-0.250244140625,-0.250244140625,1,171,True
+,88,84,88,84,172,172,0,0.225830078125,-0.225830078125,-0.225830078125,1,172,True
+,88,85,88,85,173,173,0,0.2066650390625,-0.2066650390625,-0.2066650390625,1,173,True
+,88,86,88,86,174,174,0,0.525390625,-0.525390625,-0.525390625,1,174,True
+,88,87,88,87,175,175,0,0.2127685546875,-0.2127685546875,-0.2127685546875,1,175,True
+,88,88,88,88,176,176,1,1.150390625,-1.150390625,-1.150390625,1,176,True
+,88,89,88,89,177,177,0,0.257080078125,-0.257080078125,-0.257080078125,1,177,True
+,88,90,88,90,178,178,2,0.11468505859375,-0.11468505859375,-0.11468505859375,1,178,True
+,88,91,88,91,179,179,0,0.043975830078125,-0.043975830078125,-0.043975830078125,1,179,True
+,88,92,88,92,180,180,0,0.362060546875,-0.362060546875,-0.362060546875,1,180,True
+,88,93,88,93,181,181,0,0.278564453125,-0.278564453125,-0.278564453125,1,181,True
+,88,94,88,94,182,182,0,0.489013671875,-0.489013671875,-0.489013671875,1,182,True
+,88,95,88,95,183,183,0,0.1046142578125,-0.1046142578125,-0.1046142578125,1,183,True
+,88,96,88,96,184,184,0,0.2159423828125,-0.2159423828125,-0.2159423828125,1,184,True
+,88,97,88,97,185,185,0,2.056640625,-2.056640625,-2.056640625,1,175,False
+,88,98,88,98,186,186,0,0.603515625,-0.603515625,-0.603515625,1,186,True
+,88,99,88,99,187,187,0,0.54833984375,-0.54833984375,-0.54833984375,1,187,True
+,88,100,88,100,188,188,0,0.476806640625,-0.476806640625,-0.476806640625,1,188,True
+,89,1,89,1,90,90,3,0.037811279296875,-0.037811279296875,-0.037811279296875,1,90,True
+,89,2,89,2,91,91,3,0.03338623046875,-0.03338623046875,-0.03338623046875,1,91,True
+,89,3,89,3,92,92,1,0.04180908203125,-0.04180908203125,-0.04180908203125,1,92,True
+,89,4,89,4,93,93,1,0.0289306640625,-0.0289306640625,-0.0289306640625,1,93,True
+,89,5,89,5,94,94,1,0.036346435546875,-0.036346435546875,-0.036346435546875,1,94,True
+,89,6,89,6,95,95,1,0.1317138671875,-0.1317138671875,-0.1317138671875,1,95,True
+,89,7,89,7,96,96,0,0.397216796875,-0.397216796875,-0.397216796875,1,96,True
+,89,8,89,8,97,97,0,0.149169921875,-0.149169921875,-0.149169921875,1,97,True
+,89,9,89,9,98,98,2,0.432861328125,-0.432861328125,-0.432861328125,1,98,True
+,89,10,89,10,99,99,2,0.2489013671875,-0.2489013671875,-0.2489013671875,1,99,True
+,89,11,89,11,100,100,0,0.6064453125,-0.6064453125,-0.6064453125,1,100,True
+,89,12,89,12,101,101,0,0.496826171875,-0.496826171875,-0.496826171875,1,101,True
+,89,13,89,13,102,102,0,1.7763671875,-1.7763671875,-1.7763671875,1,92,False
+,89,14,89,14,103,103,1,3.1640625,-3.1640625,-3.1640625,1,93,False
+,89,15,89,15,104,104,0,2.517578125,-2.517578125,-2.517578125,1,94,False
+,89,16,89,16,105,105,1,0.7314453125,-0.7314453125,-0.7314453125,1,105,True
+,89,17,89,17,106,106,0,2.9921875,-2.9921875,-2.9921875,1,96,False
+,89,18,89,18,107,107,0,2.095703125,-2.095703125,-2.095703125,1,97,False
+,89,19,89,19,108,108,0,3.189453125,-3.189453125,-3.189453125,1,98,False
+,89,20,89,20,109,109,0,2.021484375,-2.021484375,-2.021484375,1,99,False
+,89,21,89,21,110,110,0,2.97265625,-2.97265625,-2.97265625,1,100,False
+,89,22,89,22,111,111,0,3.294921875,-3.294921875,-3.294921875,1,101,False
+,89,23,89,23,112,112,0,3.16796875,-3.16796875,-3.16796875,1,102,False
+,89,24,89,24,113,113,0,3.880859375,-3.880859375,-3.880859375,1,103,False
+,89,25,89,25,114,114,0,3.75,-3.75,-3.75,1,104,False
+,89,26,89,26,115,115,0,2.8671875,-2.8671875,-2.8671875,1,105,False
+,89,27,89,27,116,116,0,2.44140625,-2.44140625,-2.44140625,1,106,False
+,89,28,89,28,117,117,0,2.728515625,-2.728515625,-2.728515625,1,97,False
+,89,29,89,29,118,118,0,4.71484375,-4.71484375,-4.71484375,1,98,False
+,89,30,89,30,119,119,0,1.8955078125,-1.8955078125,-1.8955078125,1,109,False
+,89,31,89,31,120,120,0,2.046875,-2.046875,-2.046875,1,110,False
+,89,32,89,32,121,121,1,1.5146484375,-1.5146484375,-1.5146484375,1,111,False
+,89,33,89,33,122,122,0,0.685546875,-0.685546875,-0.685546875,1,122,True
+,89,34,89,34,123,123,0,0.5732421875,-0.5732421875,-0.5732421875,1,123,True
+,89,35,89,35,124,124,1,0.640625,-0.640625,-0.640625,1,124,True
+,89,36,89,36,125,125,0,0.263427734375,-0.263427734375,-0.263427734375,1,125,True
+,89,37,89,37,126,126,0,1.01171875,-1.01171875,-1.01171875,1,116,False
+,89,38,89,38,127,127,0,1.3369140625,-1.3369140625,-1.3369140625,1,117,False
+,89,39,89,39,128,128,0,1.7763671875,-1.7763671875,-1.7763671875,1,118,False
+,89,40,89,40,129,129,0,1.65625,-1.65625,-1.65625,1,109,False
+,89,41,89,41,130,130,0,0.81298828125,-0.81298828125,-0.81298828125,1,120,False
+,89,42,89,42,131,131,0,0.70068359375,-0.70068359375,-0.70068359375,1,131,True
+,89,43,89,43,132,132,0,1.060546875,-1.060546875,-1.060546875,1,122,False
+,89,44,89,44,133,133,0,0.85546875,-0.85546875,-0.85546875,1,133,True
+,89,45,89,45,134,134,0,0.346923828125,-0.346923828125,-0.346923828125,1,134,True
+,89,46,89,46,135,135,0,2.080078125,-2.080078125,-2.080078125,1,125,False
+,89,47,89,47,136,136,0,2.81640625,-2.81640625,-2.81640625,1,126,False
+,89,48,89,48,137,137,0,1.4326171875,-1.4326171875,-1.4326171875,1,127,False
+,89,49,89,49,138,138,0,1.58203125,-1.58203125,-1.58203125,1,128,False
+,89,50,89,50,139,139,0,1.9541015625,-1.9541015625,-1.9541015625,1,129,False
+,89,51,89,51,140,140,0,0.7412109375,-0.7412109375,-0.7412109375,1,130,False
+,89,52,89,52,141,141,0,0.638671875,-0.638671875,-0.638671875,1,141,True
+,89,53,89,53,142,142,0,2.591796875,-2.591796875,-2.591796875,1,132,False
+,89,54,89,54,143,143,0,0.2117919921875,-0.2117919921875,-0.2117919921875,1,143,True
+,89,55,89,55,144,144,2,0.93603515625,-0.93603515625,-0.93603515625,1,144,True
+,89,56,89,56,145,145,0,0.77880859375,-0.77880859375,-0.77880859375,1,145,True
+,89,57,89,57,146,146,0,2.021484375,-2.021484375,-2.021484375,1,166,False
+,89,58,89,58,147,147,0,2.1796875,-2.1796875,-2.1796875,1,167,False
+,89,59,89,59,148,148,0,2.173828125,-2.173828125,-2.173828125,1,158,False
+,89,60,89,60,149,149,0,1.5048828125,-1.5048828125,-1.5048828125,1,169,False
+,89,61,89,61,150,150,0,1.8134765625,-1.8134765625,-1.8134765625,1,140,False
+,89,62,89,62,151,151,0,2.1796875,-2.1796875,-2.1796875,1,141,False
+,89,63,89,63,152,152,0,1.7861328125,-1.7861328125,-1.7861328125,1,162,False
+,89,64,89,64,153,153,0,0.9296875,-0.9296875,-0.9296875,1,153,True
+,89,65,89,65,154,154,0,0.787109375,-0.787109375,-0.787109375,1,154,True
+,89,66,89,66,155,155,0,1.2109375,-1.2109375,-1.2109375,1,155,True
+,89,67,89,67,156,156,0,1.5810546875,-1.5810546875,-1.5810546875,1,166,False
+,89,68,89,68,157,157,0,1.564453125,-1.564453125,-1.564453125,1,167,False
+,89,69,89,69,158,158,0,0.40478515625,-0.40478515625,-0.40478515625,1,158,True
+,89,70,89,70,159,159,0,1.1787109375,-1.1787109375,-1.1787109375,1,169,False
+,89,71,89,71,160,160,0,0.9072265625,-0.9072265625,-0.9072265625,1,170,False
+,89,72,89,72,161,161,0,0.358154296875,-0.358154296875,-0.358154296875,1,161,True
+,89,73,89,73,162,162,1,1.2353515625,-1.2353515625,-1.2353515625,1,132,False
+,89,74,89,74,163,163,0,0.4833984375,-0.4833984375,-0.4833984375,1,163,True
+,89,75,89,75,164,164,0,0.33447265625,-0.33447265625,-0.33447265625,1,164,True
+,89,76,89,76,165,165,0,0.08526611328125,-0.08526611328125,-0.08526611328125,1,165,True
+,89,77,89,77,166,166,0,0.07293701171875,-0.07293701171875,-0.07293701171875,1,166,True
+,89,78,89,78,167,167,0,0.043731689453125,-0.043731689453125,-0.043731689453125,1,167,True
+,89,79,89,79,168,168,0,1.5830078125,-1.5830078125,-1.5830078125,1,178,False
+,89,80,89,80,169,169,0,0.2724609375,-0.2724609375,-0.2724609375,1,169,True
+,89,81,89,81,170,170,1,0.08148193359375,-0.08148193359375,-0.08148193359375,1,170,True
+,89,82,89,82,171,171,0,0.2276611328125,-0.2276611328125,-0.2276611328125,1,171,True
+,89,83,89,83,172,172,0,0.56689453125,-0.56689453125,-0.56689453125,1,172,True
+,89,84,89,84,173,173,0,0.08514404296875,-0.08514404296875,-0.08514404296875,1,173,True
+,89,85,89,85,174,174,0,0.26513671875,-0.26513671875,-0.26513671875,1,174,True
+,89,86,89,86,175,175,1,0.64892578125,-0.64892578125,-0.64892578125,1,175,True
+,89,87,89,87,176,176,1,0.23828125,-0.23828125,-0.23828125,1,176,True
+,89,88,89,88,177,177,1,0.303466796875,-0.303466796875,-0.303466796875,1,177,True
+,89,89,89,89,178,178,2,1.341796875,-1.341796875,-1.341796875,1,178,True
+,89,90,89,90,179,179,0,0.07904052734375,-0.07904052734375,-0.07904052734375,1,179,True
+,89,91,89,91,180,180,0,0.10662841796875,-0.10662841796875,-0.10662841796875,1,180,True
+,89,92,89,92,181,181,0,0.16796875,-0.16796875,-0.16796875,1,181,True
+,89,93,89,93,182,182,0,0.1734619140625,-0.1734619140625,-0.1734619140625,1,182,True
+,89,94,89,94,183,183,0,0.10247802734375,-0.10247802734375,-0.10247802734375,1,183,True
+,89,95,89,95,184,184,0,0.0789794921875,-0.0789794921875,-0.0789794921875,1,184,True
+,89,96,89,96,185,185,1,0.205078125,-0.205078125,-0.205078125,1,185,True
+,89,97,89,97,186,186,1,0.78173828125,-0.78173828125,-0.78173828125,1,186,True
+,89,98,89,98,187,187,1,0.50830078125,-0.50830078125,-0.50830078125,1,187,True
+,89,99,89,99,188,188,0,1.2626953125,-1.2626953125,-1.2626953125,1,178,False
+,89,100,89,100,189,189,0,0.32421875,-0.32421875,-0.32421875,1,189,True
+,90,1,90,1,91,91,4,0.04132080078125,-0.04132080078125,-0.04132080078125,1,91,True
+,90,2,90,2,92,92,3,0.0430908203125,-0.0430908203125,-0.0430908203125,1,92,True
+,90,3,90,3,93,93,3,0.0258636474609375,-0.0258636474609375,-0.0258636474609375,1,93,True
+,90,4,90,4,94,94,1,0.00814056396484375,-0.00814056396484375,-0.00814056396484375,1,94,True
+,90,5,90,5,95,95,7,0.0146484375,-0.0146484375,-0.0146484375,1,95,True
+,90,6,90,6,96,96,2,0.08599853515625,-0.08599853515625,-0.08599853515625,1,96,True
+,90,7,90,7,97,97,1,0.2763671875,-0.2763671875,-0.2763671875,1,97,True
+,90,8,90,8,98,98,2,0.006740570068359375,-0.006740570068359375,-0.006740570068359375,1,98,True
+,90,9,90,9,99,99,3,0.1490478515625,-0.1490478515625,-0.1490478515625,1,99,True
+,90,10,90,10,100,100,5,0.11273193359375,-0.11273193359375,-0.11273193359375,1,100,True
+,90,11,90,11,101,101,0,0.880859375,-0.880859375,-0.880859375,1,91,False
+,90,12,90,12,102,102,2,0.11676025390625,-0.11676025390625,-0.11676025390625,1,102,True
+,90,13,90,13,103,103,0,0.08660888671875,-0.08660888671875,-0.08660888671875,1,103,True
+,90,14,90,14,104,104,0,2.330078125,-2.330078125,-2.330078125,1,94,False
+,90,15,90,15,105,105,7,0.32080078125,-0.32080078125,-0.32080078125,1,105,True
+,90,16,90,16,106,106,0,0.384765625,-0.384765625,-0.384765625,1,106,True
+,90,17,90,17,107,107,1,1.400390625,-1.400390625,-1.400390625,1,97,False
+,90,18,90,18,108,108,2,0.257568359375,-0.257568359375,-0.257568359375,1,108,True
+,90,19,90,19,109,109,0,0.5888671875,-0.5888671875,-0.5888671875,1,109,True
+,90,20,90,20,110,110,2,0.5068359375,-0.5068359375,-0.5068359375,1,110,True
+,90,21,90,21,111,111,1,0.314453125,-0.314453125,-0.314453125,1,111,True
+,90,22,90,22,112,112,1,1.7314453125,-1.7314453125,-1.7314453125,1,102,False
+,90,23,90,23,113,113,0,2.681640625,-2.681640625,-2.681640625,1,103,False
+,90,24,90,24,114,114,3,0.078125,-0.078125,-0.078125,1,114,True
+,90,25,90,25,115,115,2,2.7578125,-2.7578125,-2.7578125,1,95,False
+,90,26,90,26,116,116,1,0.74169921875,-0.74169921875,-0.74169921875,1,106,False
+,90,27,90,27,117,117,0,0.08197021484375,-0.08197021484375,-0.08197021484375,1,117,True
+,90,28,90,28,118,118,2,2.384765625,-2.384765625,-2.384765625,1,98,False
+,90,29,90,29,119,119,0,0.2978515625,-0.2978515625,-0.2978515625,1,119,True
+,90,30,90,30,120,120,3,0.06524658203125,-0.06524658203125,-0.06524658203125,1,120,True
+,90,31,90,31,121,121,1,0.270751953125,-0.270751953125,-0.270751953125,1,121,True
+,90,32,90,32,122,122,2,0.048309326171875,-0.048309326171875,-0.048309326171875,1,122,True
+,90,33,90,33,123,123,0,0.04150390625,-0.04150390625,-0.04150390625,1,123,True
+,90,34,90,34,124,124,0,0.1121826171875,-0.1121826171875,-0.1121826171875,1,124,True
+,90,35,90,35,125,125,1,0.184814453125,-0.184814453125,-0.184814453125,1,125,True
+,90,36,90,36,126,126,0,0.003391265869140625,-0.003391265869140625,-0.003391265869140625,1,126,True
+,90,37,90,37,127,127,0,0.427001953125,-0.427001953125,-0.427001953125,1,127,True
+,90,38,90,38,128,128,1,0.2626953125,-0.2626953125,-0.2626953125,1,128,True
+,90,39,90,39,129,129,0,0.020599365234375,-0.020599365234375,-0.020599365234375,1,129,True
+,90,40,90,40,130,130,4,0.395751953125,-0.395751953125,-0.395751953125,1,130,True
+,90,41,90,41,131,131,0,0.7265625,-0.7265625,-0.7265625,1,121,False
+,90,42,90,42,132,132,2,0.05792236328125,-0.05792236328125,-0.05792236328125,1,132,True
+,90,43,90,43,133,133,0,0.8466796875,-0.8466796875,-0.8466796875,1,113,False
+,90,44,90,44,134,134,0,0.08489990234375,-0.08489990234375,-0.08489990234375,1,134,True
+,90,45,90,45,135,135,7,0.04638671875,-0.04638671875,-0.04638671875,1,135,True
+,90,46,90,46,136,136,1,0.32421875,-0.32421875,-0.32421875,1,136,True
+,90,47,90,47,137,137,0,0.7568359375,-0.7568359375,-0.7568359375,1,137,True
+,90,48,90,48,138,138,0,0.030059814453125,-0.030059814453125,-0.030059814453125,1,138,True
+,90,49,90,49,139,139,0,0.98193359375,-0.98193359375,-0.98193359375,1,149,False
+,90,50,90,50,140,140,3,0.0192108154296875,-0.0192108154296875,-0.0192108154296875,1,140,True
+,90,51,90,51,141,141,0,0.040802001953125,-0.040802001953125,-0.040802001953125,1,141,True
+,90,52,90,52,142,142,1,1.1640625,-1.1640625,-1.1640625,1,122,False
+,90,53,90,53,143,143,1,0.3486328125,-0.3486328125,-0.3486328125,1,143,True
+,90,54,90,54,144,144,1,0.00986480712890625,-0.00986480712890625,-0.00986480712890625,1,144,True
+,90,55,90,55,145,145,1,0.419921875,-0.419921875,-0.419921875,1,145,True
+,90,56,90,56,146,146,0,0.09222412109375,-0.09222412109375,-0.09222412109375,1,146,True
+,90,57,90,57,147,147,0,0.28515625,-0.28515625,-0.28515625,1,147,True
+,90,58,90,58,148,148,1,2.68359375,-2.68359375,-2.68359375,1,158,False
+,90,59,90,59,149,149,0,0.426025390625,-0.426025390625,-0.426025390625,1,149,True
+,90,60,90,60,150,150,6,0.06524658203125,-0.06524658203125,-0.06524658203125,1,150,True
+,90,61,90,61,151,151,0,1.033203125,-1.033203125,-1.033203125,1,151,True
+,90,62,90,62,152,152,0,1.6572265625,-1.6572265625,-1.6572265625,1,122,False
+,90,63,90,63,153,153,0,0.50341796875,-0.50341796875,-0.50341796875,1,153,True
+,90,64,90,64,154,154,0,0.416259765625,-0.416259765625,-0.416259765625,1,154,True
+,90,65,90,65,155,155,0,0.39404296875,-0.39404296875,-0.39404296875,1,155,True
+,90,66,90,66,156,156,0,0.1495361328125,-0.1495361328125,-0.1495361328125,1,156,True
+,90,67,90,67,157,157,0,2.986328125,-2.986328125,-2.986328125,1,167,False
+,90,68,90,68,158,158,0,0.1888427734375,-0.1888427734375,-0.1888427734375,1,158,True
+,90,69,90,69,159,159,0,0.32470703125,-0.32470703125,-0.32470703125,1,159,True
+,90,70,90,70,160,160,4,0.96533203125,-0.96533203125,-0.96533203125,1,170,False
+,90,71,90,71,161,161,0,0.40234375,-0.40234375,-0.40234375,1,161,True
+,90,72,90,72,162,162,2,0.018218994140625,-0.018218994140625,-0.018218994140625,1,162,True
+,90,73,90,73,163,163,0,0.5244140625,-0.5244140625,-0.5244140625,1,163,True
+,90,74,90,74,164,164,0,0.183349609375,-0.183349609375,-0.183349609375,1,164,True
+,90,75,90,75,165,165,0,0.00734710693359375,-0.00734710693359375,-0.00734710693359375,1,165,True
+,90,76,90,76,166,166,0,0.019378662109375,-0.019378662109375,-0.019378662109375,1,166,True
+,90,77,90,77,167,167,0,0.01032257080078125,-0.01032257080078125,-0.01032257080078125,1,167,True
+,90,78,90,78,168,168,0,0.0084686279296875,-0.0084686279296875,-0.0084686279296875,1,168,True
+,90,79,90,79,169,169,0,1.2451171875,-1.2451171875,-1.2451171875,1,179,False
+,90,80,90,80,170,170,3,0.01009368896484375,-0.01009368896484375,-0.01009368896484375,1,170,True
+,90,81,90,81,171,171,0,0.0236968994140625,-0.0236968994140625,-0.0236968994140625,1,171,True
+,90,82,90,82,172,172,0,0.2113037109375,-0.2113037109375,-0.2113037109375,1,172,True
+,90,83,90,83,173,173,0,0.408935546875,-0.408935546875,-0.408935546875,1,173,True
+,90,84,90,84,174,174,1,0.006351470947265625,-0.006351470947265625,-0.006351470947265625,1,174,True
+,90,85,90,85,175,175,0,0.15625,-0.15625,-0.15625,1,175,True
+,90,86,90,86,176,176,0,0.52587890625,-0.52587890625,-0.52587890625,1,176,True
+,90,87,90,87,177,177,0,0.046661376953125,-0.046661376953125,-0.046661376953125,1,177,True
+,90,88,90,88,178,178,0,0.04815673828125,-0.04815673828125,-0.04815673828125,1,178,True
+,90,89,90,89,179,179,0,0.1793212890625,-0.1793212890625,-0.1793212890625,1,179,True
+,90,90,90,90,180,180,23,0.286865234375,-0.286865234375,-0.286865234375,1,180,True
+,90,91,90,91,181,181,0,0.13232421875,-0.13232421875,-0.13232421875,1,181,True
+,90,92,90,92,182,182,0,0.032684326171875,-0.032684326171875,-0.032684326171875,1,182,True
+,90,93,90,93,183,183,0,0.0262908935546875,-0.0262908935546875,-0.0262908935546875,1,183,True
+,90,94,90,94,184,184,0,0.07470703125,-0.07470703125,-0.07470703125,1,184,True
+,90,95,90,95,185,185,0,0.3310546875,-0.3310546875,-0.3310546875,1,185,True
+,90,96,90,96,186,186,0,0.0245513916015625,-0.0245513916015625,-0.0245513916015625,1,186,True
+,90,97,90,97,187,187,0,0.26416015625,-0.26416015625,-0.26416015625,1,187,True
+,90,98,90,98,188,188,0,1.701171875,-1.701171875,-1.701171875,1,178,False
+,90,99,90,99,189,189,0,0.291259765625,-0.291259765625,-0.291259765625,1,189,True
+,90,100,90,100,190,190,2,0.03485107421875,-0.03485107421875,-0.03485107421875,1,190,True
+,91,1,91,1,92,92,0,0.0526123046875,-0.0526123046875,-0.0526123046875,1,92,True
+,91,2,91,2,93,93,1,0.0309906005859375,-0.0309906005859375,-0.0309906005859375,1,93,True
+,91,3,91,3,94,94,1,0.05908203125,-0.05908203125,-0.05908203125,1,94,True
+,91,4,91,4,95,95,0,0.0740966796875,-0.0740966796875,-0.0740966796875,1,95,True
+,91,5,91,5,96,96,1,0.053436279296875,-0.053436279296875,-0.053436279296875,1,96,True
+,91,6,91,6,97,97,1,0.327392578125,-0.327392578125,-0.327392578125,1,97,True
+,91,7,91,7,98,98,1,0.0599365234375,-0.0599365234375,-0.0599365234375,1,98,True
+,91,8,91,8,99,99,0,0.046875,-0.046875,-0.046875,1,99,True
+,91,9,91,9,100,100,2,0.129150390625,-0.129150390625,-0.129150390625,1,100,True
+,91,10,91,10,101,101,4,0.12548828125,-0.12548828125,-0.12548828125,1,101,True
+,91,11,91,11,102,102,0,1.115234375,-1.115234375,-1.115234375,1,100,False
+,91,12,91,12,103,103,0,0.270751953125,-0.270751953125,-0.270751953125,1,103,True
+,91,13,91,13,104,104,0,1.2021484375,-1.2021484375,-1.2021484375,1,94,False
+,91,14,91,14,105,105,0,1.89453125,-1.89453125,-1.89453125,1,95,False
+,91,15,91,15,106,106,2,0.5947265625,-0.5947265625,-0.5947265625,1,106,True
+,91,16,91,16,107,107,0,0.8994140625,-0.8994140625,-0.8994140625,1,107,True
+,91,17,91,17,108,108,0,4.37890625,-4.37890625,-4.37890625,1,98,False
+,91,18,91,18,109,109,0,0.7861328125,-0.7861328125,-0.7861328125,1,109,True
+,91,19,91,19,110,110,1,2.697265625,-2.697265625,-2.697265625,1,100,False
+,91,20,91,20,111,111,1,3.375,-3.375,-3.375,1,101,False
+,91,21,91,21,112,112,0,2.6953125,-2.6953125,-2.6953125,1,100,False
+,91,22,91,22,113,113,0,3.123046875,-3.123046875,-3.123046875,1,103,False
+,91,23,91,23,114,114,0,3.623046875,-3.623046875,-3.623046875,1,104,False
+,91,24,91,24,115,115,0,0.1768798828125,-0.1768798828125,-0.1768798828125,1,115,True
+,91,25,91,25,116,116,0,3.04296875,-3.04296875,-3.04296875,1,106,False
+,91,26,91,26,117,117,0,1.4609375,-1.4609375,-1.4609375,1,107,False
+,91,27,91,27,118,118,0,0.57568359375,-0.57568359375,-0.57568359375,1,118,True
+,91,28,91,28,119,119,0,1.095703125,-1.095703125,-1.095703125,1,99,False
+,91,29,91,29,120,120,0,1.373046875,-1.373046875,-1.373046875,1,110,False
+,91,30,91,30,121,121,0,0.5419921875,-0.5419921875,-0.5419921875,1,121,True
+,91,31,91,31,122,122,1,1.212890625,-1.212890625,-1.212890625,1,122,True
+,91,32,91,32,123,123,0,1.3173828125,-1.3173828125,-1.3173828125,1,103,False
+,91,33,91,33,124,124,0,0.79345703125,-0.79345703125,-0.79345703125,1,124,True
+,91,34,91,34,125,125,0,0.90283203125,-0.90283203125,-0.90283203125,1,115,False
+,91,35,91,35,126,126,0,0.5634765625,-0.5634765625,-0.5634765625,1,126,True
+,91,36,91,36,127,127,0,0.55859375,-0.55859375,-0.55859375,1,127,True
+,91,37,91,37,128,128,0,1.8974609375,-1.8974609375,-1.8974609375,1,118,False
+,91,38,91,38,129,129,0,0.970703125,-0.970703125,-0.970703125,1,119,False
+,91,39,91,39,130,130,1,0.370849609375,-0.370849609375,-0.370849609375,1,130,True
+,91,40,91,40,131,131,0,0.85107421875,-0.85107421875,-0.85107421875,1,131,True
+,91,41,91,41,132,132,0,2.701171875,-2.701171875,-2.701171875,1,122,False
+,91,42,91,42,133,133,0,0.433349609375,-0.433349609375,-0.433349609375,1,133,True
+,91,43,91,43,134,134,0,0.8837890625,-0.8837890625,-0.8837890625,1,124,False
+,91,44,91,44,135,135,0,1.5517578125,-1.5517578125,-1.5517578125,1,125,False
+,91,45,91,45,136,136,0,0.677734375,-0.677734375,-0.677734375,1,136,True
+,91,46,91,46,137,137,0,1.8623046875,-1.8623046875,-1.8623046875,1,127,False
+,91,47,91,47,138,138,0,1.4052734375,-1.4052734375,-1.4052734375,1,128,False
+,91,48,91,48,139,139,0,0.9775390625,-0.9775390625,-0.9775390625,1,119,False
+,91,49,91,49,140,140,0,2.064453125,-2.064453125,-2.064453125,1,130,False
+,91,50,91,50,141,141,0,0.52734375,-0.52734375,-0.52734375,1,141,True
+,91,51,91,51,142,142,0,0.486083984375,-0.486083984375,-0.486083984375,1,142,True
+,91,52,91,52,143,143,1,1.3046875,-1.3046875,-1.3046875,1,123,False
+,91,53,91,53,144,144,0,3.376953125,-3.376953125,-3.376953125,1,134,False
+,91,54,91,54,145,145,0,0.61669921875,-0.61669921875,-0.61669921875,1,145,True
+,91,55,91,55,146,146,0,0.66650390625,-0.66650390625,-0.66650390625,1,146,True
+,91,56,91,56,147,147,0,2.27734375,-2.27734375,-2.27734375,1,127,False
+,91,57,91,57,148,148,0,1.3203125,-1.3203125,-1.3203125,1,158,False
+,91,58,91,58,149,149,1,2.591796875,-2.591796875,-2.591796875,1,139,False
+,91,59,91,59,150,150,0,1.650390625,-1.650390625,-1.650390625,1,140,False
+,91,60,91,60,151,151,2,1.044921875,-1.044921875,-1.044921875,1,151,True
+,91,61,91,61,152,152,0,2.330078125,-2.330078125,-2.330078125,1,142,False
+,91,62,91,62,153,153,0,2.0,-2.0,-2.0,1,133,False
+,91,63,91,63,154,154,0,2.12890625,-2.12890625,-2.12890625,1,134,False
+,91,64,91,64,155,155,0,0.8525390625,-0.8525390625,-0.8525390625,1,155,True
+,91,65,91,65,156,156,0,2.193359375,-2.193359375,-2.193359375,1,166,False
+,91,66,91,66,157,157,0,2.1484375,-2.1484375,-2.1484375,1,167,False
+,91,67,91,67,158,158,0,0.58740234375,-0.58740234375,-0.58740234375,1,158,True
+,91,68,91,68,159,159,0,0.34326171875,-0.34326171875,-0.34326171875,1,159,True
+,91,69,91,69,160,160,1,1.6337890625,-1.6337890625,-1.6337890625,1,170,False
+,91,70,91,70,161,161,0,0.9765625,-0.9765625,-0.9765625,1,171,False
+,91,71,91,71,162,162,0,2.060546875,-2.060546875,-2.060546875,1,152,False
+,91,72,91,72,163,163,2,0.4111328125,-0.4111328125,-0.4111328125,1,163,True
+,91,73,91,73,164,164,0,2.337890625,-2.337890625,-2.337890625,1,134,False
+,91,74,91,74,165,165,0,0.67919921875,-0.67919921875,-0.67919921875,1,165,True
+,91,75,91,75,166,166,0,0.1597900390625,-0.1597900390625,-0.1597900390625,1,166,True
+,91,76,91,76,167,167,0,0.35693359375,-0.35693359375,-0.35693359375,1,167,True
+,91,77,91,77,168,168,0,1.1396484375,-1.1396484375,-1.1396484375,1,158,False
+,91,78,91,78,169,169,0,0.260009765625,-0.260009765625,-0.260009765625,1,169,True
+,91,79,91,79,170,170,0,0.353271484375,-0.353271484375,-0.353271484375,1,170,True
+,91,80,91,80,171,171,0,0.253662109375,-0.253662109375,-0.253662109375,1,171,True
+,91,81,91,81,172,172,0,0.65185546875,-0.65185546875,-0.65185546875,1,172,True
+,91,82,91,82,173,173,0,0.366943359375,-0.366943359375,-0.366943359375,1,173,True
+,91,83,91,83,174,174,0,0.4443359375,-0.4443359375,-0.4443359375,1,174,True
+,91,84,91,84,175,175,0,0.11572265625,-0.11572265625,-0.11572265625,1,175,True
+,91,85,91,85,176,176,0,1.123046875,-1.123046875,-1.123046875,1,186,False
+,91,86,91,86,177,177,0,0.7353515625,-0.7353515625,-0.7353515625,1,177,True
+,91,87,91,87,178,178,0,0.78125,-0.78125,-0.78125,1,178,True
+,91,88,91,88,179,179,0,0.572265625,-0.572265625,-0.572265625,1,179,True
+,91,89,91,89,180,180,1,0.67236328125,-0.67236328125,-0.67236328125,1,180,True
+,91,90,91,90,181,181,1,0.1397705078125,-0.1397705078125,-0.1397705078125,1,181,True
+,91,91,91,91,182,182,1,2.38671875,-2.38671875,-2.38671875,1,180,False
+,91,92,91,92,183,183,0,0.358154296875,-0.358154296875,-0.358154296875,1,183,True
+,91,93,91,93,184,184,0,0.305908203125,-0.305908203125,-0.305908203125,1,184,True
+,91,94,91,94,185,185,1,0.258544921875,-0.258544921875,-0.258544921875,1,185,True
+,91,95,91,95,186,186,0,0.125244140625,-0.125244140625,-0.125244140625,1,186,True
+,91,96,91,96,187,187,0,0.257568359375,-0.257568359375,-0.257568359375,1,187,True
+,91,97,91,97,188,188,0,0.313232421875,-0.313232421875,-0.313232421875,1,188,True
+,91,98,91,98,189,189,0,0.876953125,-0.876953125,-0.876953125,1,189,True
+,91,99,91,99,190,190,0,0.1378173828125,-0.1378173828125,-0.1378173828125,1,190,True
+,91,100,91,100,191,191,0,0.260498046875,-0.260498046875,-0.260498046875,1,191,True
+,92,1,92,1,93,93,0,0.0164031982421875,-0.0164031982421875,-0.0164031982421875,1,93,True
+,92,2,92,2,94,94,3,0.08447265625,-0.08447265625,-0.08447265625,1,94,True
+,92,3,92,3,95,95,0,0.037933349609375,-0.037933349609375,-0.037933349609375,1,95,True
+,92,4,92,4,96,96,2,0.134765625,-0.134765625,-0.134765625,1,96,True
+,92,5,92,5,97,97,0,0.0684814453125,-0.0684814453125,-0.0684814453125,1,97,True
+,92,6,92,6,98,98,0,0.06768798828125,-0.06768798828125,-0.06768798828125,1,98,True
+,92,7,92,7,99,99,0,0.0244140625,-0.0244140625,-0.0244140625,1,99,True
+,92,8,92,8,100,100,1,0.1080322265625,-0.1080322265625,-0.1080322265625,1,100,True
+,92,9,92,9,101,101,0,0.27001953125,-0.27001953125,-0.27001953125,1,101,True
+,92,10,92,10,102,102,2,0.059844970703125,-0.059844970703125,-0.059844970703125,1,102,True
+,92,11,92,11,103,103,0,0.401611328125,-0.401611328125,-0.401611328125,1,103,True
+,92,12,92,12,104,104,0,0.65087890625,-0.65087890625,-0.65087890625,1,104,True
+,92,13,92,13,105,105,0,0.517578125,-0.517578125,-0.517578125,1,105,True
+,92,14,92,14,106,106,0,0.65185546875,-0.65185546875,-0.65185546875,1,106,True
+,92,15,92,15,107,107,0,0.52001953125,-0.52001953125,-0.52001953125,1,107,True
+,92,16,92,16,108,108,0,2.326171875,-2.326171875,-2.326171875,1,100,False
+,92,17,92,17,109,109,0,1.9267578125,-1.9267578125,-1.9267578125,1,99,False
+,92,18,92,18,110,110,1,0.165283203125,-0.165283203125,-0.165283203125,1,110,True
+,92,19,92,19,111,111,0,0.861328125,-0.861328125,-0.861328125,1,111,True
+,92,20,92,20,112,112,0,2.287109375,-2.287109375,-2.287109375,1,102,False
+,92,21,92,21,113,113,0,2.294921875,-2.294921875,-2.294921875,1,103,False
+,92,22,92,22,114,114,0,1.150390625,-1.150390625,-1.150390625,1,114,True
+,92,23,92,23,115,115,1,1.0068359375,-1.0068359375,-1.0068359375,1,105,False
+,92,24,92,24,116,116,0,0.15625,-0.15625,-0.15625,1,116,True
+,92,25,92,25,117,117,0,1.51171875,-1.51171875,-1.51171875,1,107,False
+,92,26,92,26,118,118,0,2.498046875,-2.498046875,-2.498046875,1,106,False
+,92,27,92,27,119,119,0,0.75830078125,-0.75830078125,-0.75830078125,1,119,True
+,92,28,92,28,120,120,0,2.39453125,-2.39453125,-2.39453125,1,100,False
+,92,29,92,29,121,121,1,0.95166015625,-0.95166015625,-0.95166015625,1,121,True
+,92,30,92,30,122,122,0,0.387939453125,-0.387939453125,-0.387939453125,1,122,True
+,92,31,92,31,123,123,0,1.97265625,-1.97265625,-1.97265625,1,115,False
+,92,32,92,32,124,124,0,1.4619140625,-1.4619140625,-1.4619140625,1,104,False
+,92,33,92,33,125,125,2,0.732421875,-0.732421875,-0.732421875,1,125,True
+,92,34,92,34,126,126,0,0.6044921875,-0.6044921875,-0.6044921875,1,126,True
+,92,35,92,35,127,127,1,1.107421875,-1.107421875,-1.107421875,1,117,False
+,92,36,92,36,128,128,0,1.2275390625,-1.2275390625,-1.2275390625,1,116,False
+,92,37,92,37,129,129,0,1.2998046875,-1.2998046875,-1.2998046875,1,125,False
+,92,38,92,38,130,130,0,0.9150390625,-0.9150390625,-0.9150390625,1,130,True
+,92,39,92,39,131,131,0,0.414306640625,-0.414306640625,-0.414306640625,1,131,True
+,92,40,92,40,132,132,0,0.220703125,-0.220703125,-0.220703125,1,132,True
+,92,41,92,41,133,133,1,0.875,-0.875,-0.875,1,133,True
+,92,42,92,42,134,134,0,0.28369140625,-0.28369140625,-0.28369140625,1,134,True
+,92,43,92,43,135,135,0,1.5888671875,-1.5888671875,-1.5888671875,1,115,False
+,92,44,92,44,136,136,0,0.8076171875,-0.8076171875,-0.8076171875,1,136,True
+,92,45,92,45,137,137,0,0.11041259765625,-0.11041259765625,-0.11041259765625,1,137,True
+,92,46,92,46,138,138,0,2.1171875,-2.1171875,-2.1171875,1,126,False
+,92,47,92,47,139,139,0,1.17578125,-1.17578125,-1.17578125,1,139,True
+,92,48,92,48,140,140,0,0.10186767578125,-0.10186767578125,-0.10186767578125,1,140,True
+,92,49,92,49,141,141,0,0.6865234375,-0.6865234375,-0.6865234375,1,141,True
+,92,50,92,50,142,142,2,0.1551513671875,-0.1551513671875,-0.1551513671875,1,142,True
+,92,51,92,51,143,143,0,0.456787109375,-0.456787109375,-0.456787109375,1,143,True
+,92,52,92,52,144,144,0,1.3359375,-1.3359375,-1.3359375,1,124,False
+,92,53,92,53,145,145,0,0.537109375,-0.537109375,-0.537109375,1,145,True
+,92,54,92,54,146,146,0,0.369384765625,-0.369384765625,-0.369384765625,1,146,True
+,92,55,92,55,147,147,0,1.064453125,-1.064453125,-1.064453125,1,147,True
+,92,56,92,56,148,148,0,1.7958984375,-1.7958984375,-1.7958984375,1,136,False
+,92,57,92,57,149,149,0,0.99462890625,-0.99462890625,-0.99462890625,1,139,False
+,92,58,92,58,150,150,0,0.55908203125,-0.55908203125,-0.55908203125,1,150,True
+,92,59,92,59,151,151,0,1.1455078125,-1.1455078125,-1.1455078125,1,131,False
+,92,60,92,60,152,152,1,0.45703125,-0.45703125,-0.45703125,1,152,True
+,92,61,92,61,153,153,0,2.1171875,-2.1171875,-2.1171875,1,143,False
+,92,62,92,62,154,154,0,2.388671875,-2.388671875,-2.388671875,1,134,False
+,92,63,92,63,155,155,0,0.5439453125,-0.5439453125,-0.5439453125,1,155,True
+,92,64,92,64,156,156,0,0.4208984375,-0.4208984375,-0.4208984375,1,156,True
+,92,65,92,65,157,157,0,1.3134765625,-1.3134765625,-1.3134765625,1,167,False
+,92,66,92,66,158,158,0,0.1588134765625,-0.1588134765625,-0.1588134765625,1,158,True
+,92,67,92,67,159,159,0,0.1859130859375,-0.1859130859375,-0.1859130859375,1,159,True
+,92,68,92,68,160,160,0,0.2626953125,-0.2626953125,-0.2626953125,1,160,True
+,92,69,92,69,161,161,0,0.199951171875,-0.199951171875,-0.199951171875,1,161,True
+,92,70,92,70,162,162,0,0.3369140625,-0.3369140625,-0.3369140625,1,162,True
+,92,71,92,71,163,163,0,0.52880859375,-0.52880859375,-0.52880859375,1,163,True
+,92,72,92,72,164,164,0,0.7119140625,-0.7119140625,-0.7119140625,1,164,True
+,92,73,92,73,165,165,0,0.93310546875,-0.93310546875,-0.93310546875,1,165,True
+,92,74,92,74,166,166,0,0.69921875,-0.69921875,-0.69921875,1,166,True
+,92,75,92,75,167,167,0,0.055938720703125,-0.055938720703125,-0.055938720703125,1,167,True
+,92,76,92,76,168,168,0,1.4248046875,-1.4248046875,-1.4248046875,1,156,False
+,92,77,92,77,169,169,0,1.5751953125,-1.5751953125,-1.5751953125,1,159,False
+,92,78,92,78,170,170,0,0.037689208984375,-0.037689208984375,-0.037689208984375,1,170,True
+,92,79,92,79,171,171,1,0.38818359375,-0.38818359375,-0.38818359375,1,171,True
+,92,80,92,80,172,172,0,0.279052734375,-0.279052734375,-0.279052734375,1,172,True
+,92,81,92,81,173,173,0,0.66162109375,-0.66162109375,-0.66162109375,1,173,True
+,92,82,92,82,174,174,0,0.66064453125,-0.66064453125,-0.66064453125,1,174,True
+,92,83,92,83,175,175,0,0.3271484375,-0.3271484375,-0.3271484375,1,175,True
+,92,84,92,84,176,176,0,0.30615234375,-0.30615234375,-0.30615234375,1,176,True
+,92,85,92,85,177,177,0,0.1658935546875,-0.1658935546875,-0.1658935546875,1,177,True
+,92,86,92,86,178,178,0,0.277099609375,-0.277099609375,-0.277099609375,1,178,True
+,92,87,92,87,179,179,0,0.243896484375,-0.243896484375,-0.243896484375,1,179,True
+,92,88,92,88,180,180,0,0.37548828125,-0.37548828125,-0.37548828125,1,180,True
+,92,89,92,89,181,181,0,0.29296875,-0.29296875,-0.29296875,1,181,True
+,92,90,92,90,182,182,0,0.122802734375,-0.122802734375,-0.122802734375,1,182,True
+,92,91,92,91,183,183,0,1.1005859375,-1.1005859375,-1.1005859375,1,183,True
+,92,92,92,92,184,184,0,2.703125,-2.703125,-2.703125,1,160,False
+,92,93,92,93,185,185,0,0.1375732421875,-0.1375732421875,-0.1375732421875,1,185,True
+,92,94,92,94,186,186,0,0.06622314453125,-0.06622314453125,-0.06622314453125,1,186,True
+,92,95,92,95,187,187,0,0.06597900390625,-0.06597900390625,-0.06597900390625,1,187,True
+,92,96,92,96,188,188,0,0.31396484375,-0.31396484375,-0.31396484375,1,188,True
+,92,97,92,97,189,189,0,1.7197265625,-1.7197265625,-1.7197265625,1,199,False
+,92,98,92,98,190,190,0,0.265869140625,-0.265869140625,-0.265869140625,1,190,True
+,92,99,92,99,191,191,0,0.168212890625,-0.168212890625,-0.168212890625,1,191,True
+,92,100,92,100,192,192,0,0.258056640625,-0.258056640625,-0.258056640625,1,192,True
+,93,1,93,1,94,94,0,0.04693603515625,-0.04693603515625,-0.04693603515625,1,94,True
+,93,2,93,2,95,95,0,0.07562255859375,-0.07562255859375,-0.07562255859375,1,95,True
+,93,3,93,3,96,96,1,0.06268310546875,-0.06268310546875,-0.06268310546875,1,96,True
+,93,4,93,4,97,97,1,0.051361083984375,-0.051361083984375,-0.051361083984375,1,97,True
+,93,5,93,5,98,98,1,0.015533447265625,-0.015533447265625,-0.015533447265625,1,98,True
+,93,6,93,6,99,99,0,0.01812744140625,-0.01812744140625,-0.01812744140625,1,99,True
+,93,7,93,7,100,100,2,0.1845703125,-0.1845703125,-0.1845703125,1,100,True
+,93,8,93,8,101,101,0,0.1470947265625,-0.1470947265625,-0.1470947265625,1,101,True
+,93,9,93,9,102,102,0,0.92578125,-0.92578125,-0.92578125,1,102,True
+,93,10,93,10,103,103,0,0.495849609375,-0.495849609375,-0.495849609375,1,103,True
+,93,11,93,11,104,104,0,0.7841796875,-0.7841796875,-0.7841796875,1,104,True
+,93,12,93,12,105,105,0,0.22265625,-0.22265625,-0.22265625,1,105,True
+,93,13,93,13,106,106,0,1.642578125,-1.642578125,-1.642578125,1,100,False
+,93,14,93,14,107,107,0,0.89404296875,-0.89404296875,-0.89404296875,1,97,False
+,93,15,93,15,108,108,0,1.4287109375,-1.4287109375,-1.4287109375,1,98,False
+,93,16,93,16,109,109,0,0.8173828125,-0.8173828125,-0.8173828125,1,109,True
+,93,17,93,17,110,110,0,5.2890625,-5.2890625,-5.2890625,1,100,False
+,93,18,93,18,111,111,1,0.286376953125,-0.286376953125,-0.286376953125,1,111,True
+,93,19,93,19,112,112,0,3.806640625,-3.806640625,-3.806640625,1,100,False
+,93,20,93,20,113,113,0,3.591796875,-3.591796875,-3.591796875,1,103,False
+,93,21,93,21,114,114,0,2.421875,-2.421875,-2.421875,1,104,False
+,93,22,93,22,115,115,2,0.42041015625,-0.42041015625,-0.42041015625,1,115,True
+,93,23,93,23,116,116,0,2.63671875,-2.63671875,-2.63671875,1,106,False
+,93,24,93,24,117,117,0,0.1663818359375,-0.1663818359375,-0.1663818359375,1,117,True
+,93,25,93,25,118,118,0,3.5390625,-3.5390625,-3.5390625,1,98,False
+,93,26,93,26,119,119,0,1.626953125,-1.626953125,-1.626953125,1,109,False
+,93,27,93,27,120,120,0,1.1806640625,-1.1806640625,-1.1806640625,1,120,True
+,93,28,93,28,121,121,0,2.34375,-2.34375,-2.34375,1,109,False
+,93,29,93,29,122,122,0,3.23828125,-3.23828125,-3.23828125,1,112,False
+,93,30,93,30,123,123,0,0.69873046875,-0.69873046875,-0.69873046875,1,123,True
+,93,31,93,31,124,124,0,2.9375,-2.9375,-2.9375,1,104,False
+,93,32,93,32,125,125,0,0.355712890625,-0.355712890625,-0.355712890625,1,125,True
+,93,33,93,33,126,126,0,1.01171875,-1.01171875,-1.01171875,1,126,True
+,93,34,93,34,127,127,0,1.7568359375,-1.7568359375,-1.7568359375,1,107,False
+,93,35,93,35,128,128,1,1.744140625,-1.744140625,-1.744140625,1,118,False
+,93,36,93,36,129,129,1,0.5595703125,-0.5595703125,-0.5595703125,1,129,True
+,93,37,93,37,130,130,0,4.2421875,-4.2421875,-4.2421875,1,110,False
+,93,38,93,38,131,131,0,2.466796875,-2.466796875,-2.466796875,1,121,False
+,93,39,93,39,132,132,2,1.328125,-1.328125,-1.328125,1,126,False
+,93,40,93,40,133,133,0,1.341796875,-1.341796875,-1.341796875,1,113,False
+,93,41,93,41,134,134,0,1.0947265625,-1.0947265625,-1.0947265625,1,124,False
+,93,42,93,42,135,135,0,1.763671875,-1.763671875,-1.763671875,1,125,False
+,93,43,93,43,136,136,0,4.61328125,-4.61328125,-4.61328125,1,116,False
+,93,44,93,44,137,137,0,1.2333984375,-1.2333984375,-1.2333984375,1,127,False
+,93,45,93,45,138,138,0,0.11053466796875,-0.11053466796875,-0.11053466796875,1,138,True
+,93,46,93,46,139,139,1,3.259765625,-3.259765625,-3.259765625,1,119,False
+,93,47,93,47,140,140,0,1.7431640625,-1.7431640625,-1.7431640625,1,110,False
+,93,48,93,48,141,141,0,0.548828125,-0.548828125,-0.548828125,1,141,True
+,93,49,93,49,142,142,0,1.2587890625,-1.2587890625,-1.2587890625,1,142,True
+,93,50,93,50,143,143,0,0.1651611328125,-0.1651611328125,-0.1651611328125,1,143,True
+,93,51,93,51,144,144,0,0.3359375,-0.3359375,-0.3359375,1,144,True
+,93,52,93,52,145,145,0,2.3984375,-2.3984375,-2.3984375,1,125,False
+,93,53,93,53,146,146,0,1.052734375,-1.052734375,-1.052734375,1,116,False
+,93,54,93,54,147,147,0,0.7236328125,-0.7236328125,-0.7236328125,1,147,True
+,93,55,93,55,148,148,0,1.404296875,-1.404296875,-1.404296875,1,158,False
+,93,56,93,56,149,149,0,1.0546875,-1.0546875,-1.0546875,1,149,True
+,93,57,93,57,150,150,0,1.2626953125,-1.2626953125,-1.2626953125,1,150,True
+,93,58,93,58,151,151,0,2.240234375,-2.240234375,-2.240234375,1,131,False
+,93,59,93,59,152,152,0,0.71630859375,-0.71630859375,-0.71630859375,1,152,True
+,93,60,93,60,153,153,0,0.1470947265625,-0.1470947265625,-0.1470947265625,1,153,True
+,93,61,93,61,154,154,0,1.9677734375,-1.9677734375,-1.9677734375,1,134,False
+,93,62,93,62,155,155,0,2.912109375,-2.912109375,-2.912109375,1,125,False
+,93,63,93,63,156,156,0,1.23828125,-1.23828125,-1.23828125,1,156,True
+,93,64,93,64,157,157,0,1.3154296875,-1.3154296875,-1.3154296875,1,157,True
+,93,65,93,65,158,158,0,0.317138671875,-0.317138671875,-0.317138671875,1,158,True
+,93,66,93,66,159,159,0,0.36181640625,-0.36181640625,-0.36181640625,1,159,True
+,93,67,93,67,160,160,0,1.541015625,-1.541015625,-1.541015625,1,140,False
+,93,68,93,68,161,161,0,0.14453125,-0.14453125,-0.14453125,1,161,True
+,93,69,93,69,162,162,0,1.1875,-1.1875,-1.1875,1,162,True
+,93,70,93,70,163,163,0,0.92529296875,-0.92529296875,-0.92529296875,1,173,False
+,93,71,93,71,164,164,0,0.3212890625,-0.3212890625,-0.3212890625,1,164,True
+,93,72,93,72,165,165,0,0.30908203125,-0.30908203125,-0.30908203125,1,165,True
+,93,73,93,73,166,166,0,2.16015625,-2.16015625,-2.16015625,1,146,False
+,93,74,93,74,167,167,0,0.305419921875,-0.305419921875,-0.305419921875,1,167,True
+,93,75,93,75,168,168,0,0.62255859375,-0.62255859375,-0.62255859375,1,168,True
+,93,76,93,76,169,169,0,0.296630859375,-0.296630859375,-0.296630859375,1,169,True
+,93,77,93,77,170,170,0,0.307373046875,-0.307373046875,-0.307373046875,1,170,True
+,93,78,93,78,171,171,0,0.10247802734375,-0.10247802734375,-0.10247802734375,1,171,True
+,93,79,93,79,172,172,0,0.81689453125,-0.81689453125,-0.81689453125,1,172,True
+,93,80,93,80,173,173,2,0.167724609375,-0.167724609375,-0.167724609375,1,173,True
+,93,81,93,81,174,174,0,0.59716796875,-0.59716796875,-0.59716796875,1,174,True
+,93,82,93,82,175,175,0,0.322021484375,-0.322021484375,-0.322021484375,1,175,True
+,93,83,93,83,176,176,1,1.01171875,-1.01171875,-1.01171875,1,176,True
+,93,84,93,84,177,177,1,0.09466552734375,-0.09466552734375,-0.09466552734375,1,177,True
+,93,85,93,85,178,178,0,0.330078125,-0.330078125,-0.330078125,1,178,True
+,93,86,93,86,179,179,0,0.34423828125,-0.34423828125,-0.34423828125,1,179,True
+,93,87,93,87,180,180,0,0.098876953125,-0.098876953125,-0.098876953125,1,180,True
+,93,88,93,88,181,181,0,0.345703125,-0.345703125,-0.345703125,1,181,True
+,93,89,93,89,182,182,0,1.6982421875,-1.6982421875,-1.6982421875,1,182,True
+,93,90,93,90,183,183,0,0.0394287109375,-0.0394287109375,-0.0394287109375,1,183,True
+,93,91,93,91,184,184,0,0.50537109375,-0.50537109375,-0.50537109375,1,184,True
+,93,92,93,92,185,185,0,0.427734375,-0.427734375,-0.427734375,1,185,True
+,93,93,93,93,186,186,0,1.1494140625,-1.1494140625,-1.1494140625,1,186,True
+,93,94,93,94,187,187,0,0.47705078125,-0.47705078125,-0.47705078125,1,187,True
+,93,95,93,95,188,188,0,0.0927734375,-0.0927734375,-0.0927734375,1,188,True
+,93,96,93,96,189,189,0,0.25732421875,-0.25732421875,-0.25732421875,1,189,True
+,93,97,93,97,190,190,0,0.464599609375,-0.464599609375,-0.464599609375,1,190,True
+,93,98,93,98,191,191,0,0.418701171875,-0.418701171875,-0.418701171875,1,191,True
+,93,99,93,99,192,192,1,1.5009765625,-1.5009765625,-1.5009765625,1,186,False
+,93,100,93,100,193,193,0,0.0911865234375,-0.0911865234375,-0.0911865234375,1,193,True
+,94,1,94,1,95,95,0,0.07232666015625,-0.07232666015625,-0.07232666015625,1,95,True
+,94,2,94,2,96,96,1,0.2020263671875,-0.2020263671875,-0.2020263671875,1,96,True
+,94,3,94,3,97,97,1,0.06719970703125,-0.06719970703125,-0.06719970703125,1,97,True
+,94,4,94,4,98,98,0,0.041229248046875,-0.041229248046875,-0.041229248046875,1,98,True
+,94,5,94,5,99,99,1,0.01300811767578125,-0.01300811767578125,-0.01300811767578125,1,99,True
+,94,6,94,6,100,100,1,0.399169921875,-0.399169921875,-0.399169921875,1,100,True
+,94,7,94,7,101,101,3,0.70556640625,-0.70556640625,-0.70556640625,1,101,True
+,94,8,94,8,102,102,1,0.1429443359375,-0.1429443359375,-0.1429443359375,1,102,True
+,94,9,94,9,103,103,0,0.67724609375,-0.67724609375,-0.67724609375,1,103,True
+,94,10,94,10,104,104,0,1.0263671875,-1.0263671875,-1.0263671875,1,104,True
+,94,11,94,11,105,105,0,0.5751953125,-0.5751953125,-0.5751953125,1,105,True
+,94,12,94,12,106,106,0,1.2255859375,-1.2255859375,-1.2255859375,1,98,False
+,94,13,94,13,107,107,1,1.2958984375,-1.2958984375,-1.2958984375,1,97,False
+,94,14,94,14,108,108,0,4.234375,-4.234375,-4.234375,1,98,False
+,94,15,94,15,109,109,1,2.826171875,-2.826171875,-2.826171875,1,99,False
+,94,16,94,16,110,110,1,1.73828125,-1.73828125,-1.73828125,1,98,False
+,94,17,94,17,111,111,8,2.09765625,-2.09765625,-2.09765625,1,101,False
+,94,18,94,18,112,112,0,3.31640625,-3.31640625,-3.31640625,1,100,False
+,94,19,94,19,113,113,0,4.9765625,-4.9765625,-4.9765625,1,103,False
+,94,20,94,20,114,114,1,1.0419921875,-1.0419921875,-1.0419921875,1,104,False
+,94,21,94,21,115,115,0,0.595703125,-0.595703125,-0.595703125,1,115,True
+,94,22,94,22,116,116,0,2.0390625,-2.0390625,-2.0390625,1,96,False
+,94,23,94,23,117,117,0,1.8515625,-1.8515625,-1.8515625,1,107,False
+,94,24,94,24,118,118,0,1.7802734375,-1.7802734375,-1.7802734375,1,98,False
+,94,25,94,25,119,119,0,2.658203125,-2.658203125,-2.658203125,1,99,False
+,94,26,94,26,120,120,1,2.869140625,-2.869140625,-2.869140625,1,100,False
+,94,27,94,27,121,121,0,2.4453125,-2.4453125,-2.4453125,1,111,False
+,94,28,94,28,122,122,0,3.53125,-3.53125,-3.53125,1,102,False
+,94,29,94,29,123,123,0,0.681640625,-0.681640625,-0.681640625,1,123,True
+,94,30,94,30,124,124,0,0.86474609375,-0.86474609375,-0.86474609375,1,104,False
+,94,31,94,31,125,125,0,2.09765625,-2.09765625,-2.09765625,1,115,False
+,94,32,94,32,126,126,1,0.39697265625,-0.39697265625,-0.39697265625,1,126,True
+,94,33,94,33,127,127,0,1.5546875,-1.5546875,-1.5546875,1,107,False
+,94,34,94,34,128,128,0,0.85888671875,-0.85888671875,-0.85888671875,1,128,True
+,94,35,94,35,129,129,0,0.9462890625,-0.9462890625,-0.9462890625,1,119,False
+,94,36,94,36,130,130,1,0.344482421875,-0.344482421875,-0.344482421875,1,130,True
+,94,37,94,37,131,131,0,2.072265625,-2.072265625,-2.072265625,1,111,False
+,94,38,94,38,132,132,1,0.72412109375,-0.72412109375,-0.72412109375,1,132,True
+,94,39,94,39,133,133,0,0.57275390625,-0.57275390625,-0.57275390625,1,133,True
+,94,40,94,40,134,134,0,0.323974609375,-0.323974609375,-0.323974609375,1,134,True
+,94,41,94,41,135,135,0,1.2294921875,-1.2294921875,-1.2294921875,1,115,False
+,94,42,94,42,136,136,0,0.328125,-0.328125,-0.328125,1,136,True
+,94,43,94,43,137,137,0,1.943359375,-1.943359375,-1.943359375,1,117,False
+,94,44,94,44,138,138,0,0.42822265625,-0.42822265625,-0.42822265625,1,138,True
+,94,45,94,45,139,139,0,0.476806640625,-0.476806640625,-0.476806640625,1,139,True
+,94,46,94,46,140,140,0,2.404296875,-2.404296875,-2.404296875,1,128,False
+,94,47,94,47,141,141,0,2.634765625,-2.634765625,-2.634765625,1,131,False
+,94,48,94,48,142,142,0,0.293701171875,-0.293701171875,-0.293701171875,1,142,True
+,94,49,94,49,143,143,2,0.89013671875,-0.89013671875,-0.89013671875,1,143,True
+,94,50,94,50,144,144,0,0.27294921875,-0.27294921875,-0.27294921875,1,144,True
+,94,51,94,51,145,145,0,0.2015380859375,-0.2015380859375,-0.2015380859375,1,145,True
+,94,52,94,52,146,146,0,1.8740234375,-1.8740234375,-1.8740234375,1,126,False
+,94,53,94,53,147,147,0,2.833984375,-2.833984375,-2.833984375,1,137,False
+,94,54,94,54,148,148,0,0.60205078125,-0.60205078125,-0.60205078125,1,148,True
+,94,55,94,55,149,149,0,2.2734375,-2.2734375,-2.2734375,1,139,False
+,94,56,94,56,150,150,0,2.5,-2.5,-2.5,1,138,False
+,94,57,94,57,151,151,0,1.25,-1.25,-1.25,1,131,False
+,94,58,94,58,152,152,0,1.927734375,-1.927734375,-1.927734375,1,132,False
+,94,59,94,59,153,153,0,5.08203125,-5.08203125,-5.08203125,1,143,False
+,94,60,94,60,154,154,0,0.12103271484375,-0.12103271484375,-0.12103271484375,1,154,True
+,94,61,94,61,155,155,0,2.03515625,-2.03515625,-2.03515625,1,145,False
+,94,62,94,62,156,156,0,2.5625,-2.5625,-2.5625,1,136,False
+,94,63,94,63,157,157,0,2.646484375,-2.646484375,-2.646484375,1,137,False
+,94,64,94,64,158,158,0,1.4013671875,-1.4013671875,-1.4013671875,1,138,False
+,94,65,94,65,159,159,0,2.783203125,-2.783203125,-2.783203125,1,139,False
+,94,66,94,66,160,160,1,1.984375,-1.984375,-1.984375,1,160,True
+,94,67,94,67,161,161,0,2.955078125,-2.955078125,-2.955078125,1,151,False
+,94,68,94,68,162,162,0,0.05450439453125,-0.05450439453125,-0.05450439453125,1,162,True
+,94,69,94,69,163,163,0,2.736328125,-2.736328125,-2.736328125,1,143,False
+,94,70,94,70,164,164,0,0.322998046875,-0.322998046875,-0.322998046875,1,164,True
+,94,71,94,71,165,165,0,1.6533203125,-1.6533203125,-1.6533203125,1,155,False
+,94,72,94,72,166,166,0,0.249755859375,-0.249755859375,-0.249755859375,1,166,True
+,94,73,94,73,167,167,0,1.0654296875,-1.0654296875,-1.0654296875,1,167,True
+,94,74,94,74,168,168,1,1.0380859375,-1.0380859375,-1.0380859375,1,168,True
+,94,75,94,75,169,169,0,0.896484375,-0.896484375,-0.896484375,1,169,True
+,94,76,94,76,170,170,0,1.1044921875,-1.1044921875,-1.1044921875,1,170,True
+,94,77,94,77,171,171,0,1.0185546875,-1.0185546875,-1.0185546875,1,171,True
+,94,78,94,78,172,172,0,0.167724609375,-0.167724609375,-0.167724609375,1,172,True
+,94,79,94,79,173,173,0,4.2109375,-4.2109375,-4.2109375,1,163,False
+,94,80,94,80,174,174,0,0.08514404296875,-0.08514404296875,-0.08514404296875,1,174,True
+,94,81,94,81,175,175,0,0.1785888671875,-0.1785888671875,-0.1785888671875,1,175,True
+,94,82,94,82,176,176,0,0.446044921875,-0.446044921875,-0.446044921875,1,176,True
+,94,83,94,83,177,177,0,2.365234375,-2.365234375,-2.365234375,1,167,False
+,94,84,94,84,178,178,0,0.3125,-0.3125,-0.3125,1,178,True
+,94,85,94,85,179,179,0,1.4794921875,-1.4794921875,-1.4794921875,1,169,False
+,94,86,94,86,180,180,0,0.285888671875,-0.285888671875,-0.285888671875,1,180,True
+,94,87,94,87,181,181,0,1.4375,-1.4375,-1.4375,1,191,False
+,94,88,94,88,182,182,1,0.67724609375,-0.67724609375,-0.67724609375,1,182,True
+,94,89,94,89,183,183,0,0.3203125,-0.3203125,-0.3203125,1,183,True
+,94,90,94,90,184,184,0,0.203857421875,-0.203857421875,-0.203857421875,1,184,True
+,94,91,94,91,185,185,0,1.455078125,-1.455078125,-1.455078125,1,187,False
+,94,92,94,92,186,186,0,0.328857421875,-0.328857421875,-0.328857421875,1,186,True
+,94,93,94,93,187,187,0,1.302734375,-1.302734375,-1.302734375,1,197,False
+,94,94,94,94,188,188,0,1.0263671875,-1.0263671875,-1.0263671875,1,188,True
+,94,95,94,95,189,189,0,1.384765625,-1.384765625,-1.384765625,1,199,False
+,94,96,94,96,190,190,0,0.82861328125,-0.82861328125,-0.82861328125,1,190,True
+,94,97,94,97,191,191,0,0.250732421875,-0.250732421875,-0.250732421875,1,191,True
+,94,98,94,98,192,192,0,0.291748046875,-0.291748046875,-0.291748046875,1,192,True
+,94,99,94,99,193,193,1,1.02734375,-1.02734375,-1.02734375,1,193,True
+,94,100,94,100,194,194,0,0.0887451171875,-0.0887451171875,-0.0887451171875,1,194,True
+,95,1,95,1,96,96,0,0.04754638671875,-0.04754638671875,-0.04754638671875,1,96,True
+,95,2,95,2,97,97,0,0.448486328125,-0.448486328125,-0.448486328125,1,97,True
+,95,3,95,3,98,98,2,0.020751953125,-0.020751953125,-0.020751953125,1,98,True
+,95,4,95,4,99,99,0,0.01025390625,-0.01025390625,-0.01025390625,1,99,True
+,95,5,95,5,100,100,9,0.06439208984375,-0.06439208984375,-0.06439208984375,1,100,True
+,95,6,95,6,101,101,0,0.3408203125,-0.3408203125,-0.3408203125,1,101,True
+,95,7,95,7,102,102,0,0.90380859375,-0.90380859375,-0.90380859375,1,102,True
+,95,8,95,8,103,103,1,0.023223876953125,-0.023223876953125,-0.023223876953125,1,103,True
+,95,9,95,9,104,104,0,1.111328125,-1.111328125,-1.111328125,1,104,True
+,95,10,95,10,105,105,7,2.826171875,-2.826171875,-2.826171875,1,99,False
+,95,11,95,11,106,106,0,0.93017578125,-0.93017578125,-0.93017578125,1,106,True
+,95,12,95,12,107,107,0,0.424560546875,-0.424560546875,-0.424560546875,1,107,True
+,95,13,95,13,108,108,1,4.484375,-4.484375,-4.484375,1,98,False
+,95,14,95,14,109,109,1,3.927734375,-3.927734375,-3.927734375,1,99,False
+,95,15,95,15,110,110,0,3.921875,-3.921875,-3.921875,1,100,False
+,95,16,95,16,111,111,1,1.9677734375,-1.9677734375,-1.9677734375,1,101,False
+,95,17,95,17,112,112,0,4.58984375,-4.58984375,-4.58984375,1,102,False
+,95,18,95,18,113,113,0,6.41015625,-6.41015625,-6.41015625,1,103,False
+,95,19,95,19,114,114,0,3.33984375,-3.33984375,-3.33984375,1,104,False
+,95,20,95,20,115,115,0,1.953125,-1.953125,-1.953125,1,105,False
+,95,21,95,21,116,116,0,4.41796875,-4.41796875,-4.41796875,1,106,False
+,95,22,95,22,117,117,0,1.345703125,-1.345703125,-1.345703125,1,107,False
+,95,23,95,23,118,118,0,1.66796875,-1.66796875,-1.66796875,1,108,False
+,95,24,95,24,119,119,1,0.82763671875,-0.82763671875,-0.82763671875,1,119,True
+,95,25,95,25,120,120,0,5.6328125,-5.6328125,-5.6328125,1,100,False
+,95,26,95,26,121,121,0,4.2734375,-4.2734375,-4.2734375,1,111,False
+,95,27,95,27,122,122,0,2.927734375,-2.927734375,-2.927734375,1,112,False
+,95,28,95,28,123,123,0,1.8349609375,-1.8349609375,-1.8349609375,1,103,False
+,95,29,95,29,124,124,0,4.22265625,-4.22265625,-4.22265625,1,104,False
+,95,30,95,30,125,125,0,4.203125,-4.203125,-4.203125,1,115,False
+,95,31,95,31,126,126,0,3.40625,-3.40625,-3.40625,1,106,False
+,95,32,95,32,127,127,0,1.56640625,-1.56640625,-1.56640625,1,107,False
+,95,33,95,33,128,128,0,2.9453125,-2.9453125,-2.9453125,1,118,False
+,95,34,95,34,129,129,0,0.78173828125,-0.78173828125,-0.78173828125,1,129,True
+,95,35,95,35,130,130,1,2.169921875,-2.169921875,-2.169921875,1,120,False
+,95,36,95,36,131,131,0,0.304931640625,-0.304931640625,-0.304931640625,1,131,True
+,95,37,95,37,132,132,0,4.00390625,-4.00390625,-4.00390625,1,112,False
+,95,38,95,38,133,133,0,3.541015625,-3.541015625,-3.541015625,1,123,False
+,95,39,95,39,134,134,0,0.3935546875,-0.3935546875,-0.3935546875,1,134,True
+,95,40,95,40,135,135,0,0.82421875,-0.82421875,-0.82421875,1,135,True
+,95,41,95,41,136,136,0,0.974609375,-0.974609375,-0.974609375,1,126,False
+,95,42,95,42,137,137,0,1.2861328125,-1.2861328125,-1.2861328125,1,117,False
+,95,43,95,43,138,138,0,2.1640625,-2.1640625,-2.1640625,1,118,False
+,95,44,95,44,139,139,0,1.7568359375,-1.7568359375,-1.7568359375,1,119,False
+,95,45,95,45,140,140,0,0.1328125,-0.1328125,-0.1328125,1,140,True
+,95,46,95,46,141,141,0,2.16015625,-2.16015625,-2.16015625,1,121,False
+,95,47,95,47,142,142,0,2.052734375,-2.052734375,-2.052734375,1,122,False
+,95,48,95,48,143,143,0,0.339111328125,-0.339111328125,-0.339111328125,1,143,True
+,95,49,95,49,144,144,0,0.91357421875,-0.91357421875,-0.91357421875,1,144,True
+,95,50,95,50,145,145,0,2.3828125,-2.3828125,-2.3828125,1,135,False
+,95,51,95,51,146,146,0,0.2427978515625,-0.2427978515625,-0.2427978515625,1,146,True
+,95,52,95,52,147,147,0,1.84765625,-1.84765625,-1.84765625,1,127,False
+,95,53,95,53,148,148,0,2.044921875,-2.044921875,-2.044921875,1,138,False
+,95,54,95,54,149,149,1,1.2548828125,-1.2548828125,-1.2548828125,1,139,False
+,95,55,95,55,150,150,0,1.283203125,-1.283203125,-1.283203125,1,140,False
+,95,56,95,56,151,151,0,2.99609375,-2.99609375,-2.99609375,1,131,False
+,95,57,95,57,152,152,0,0.71826171875,-0.71826171875,-0.71826171875,1,152,True
+,95,58,95,58,153,153,0,2.517578125,-2.517578125,-2.517578125,1,143,False
+,95,59,95,59,154,154,1,0.48681640625,-0.48681640625,-0.48681640625,1,154,True
+,95,60,95,60,155,155,1,0.09429931640625,-0.09429931640625,-0.09429931640625,1,155,True
+,95,61,95,61,156,156,0,2.396484375,-2.396484375,-2.396484375,1,146,False
+,95,62,95,62,157,157,0,2.564453125,-2.564453125,-2.564453125,1,117,False
+,95,63,95,63,158,158,0,0.4462890625,-0.4462890625,-0.4462890625,1,158,True
+,95,64,95,64,159,159,0,0.8720703125,-0.8720703125,-0.8720703125,1,159,True
+,95,65,95,65,160,160,1,1.3193359375,-1.3193359375,-1.3193359375,1,170,False
+,95,66,95,66,161,161,2,1.412109375,-1.412109375,-1.412109375,1,151,False
+,95,67,95,67,162,162,0,0.71826171875,-0.71826171875,-0.71826171875,1,162,True
+,95,68,95,68,163,163,0,0.0703125,-0.0703125,-0.0703125,1,163,True
+,95,69,95,69,164,164,0,1.21875,-1.21875,-1.21875,1,154,False
+,95,70,95,70,165,165,0,0.6787109375,-0.6787109375,-0.6787109375,1,165,True
+,95,71,95,71,166,166,0,0.2154541015625,-0.2154541015625,-0.2154541015625,1,166,True
+,95,72,95,72,167,167,0,0.277587890625,-0.277587890625,-0.277587890625,1,167,True
+,95,73,95,73,168,168,0,2.080078125,-2.080078125,-2.080078125,1,138,False
+,95,74,95,74,169,169,0,1.48828125,-1.48828125,-1.48828125,1,169,True
+,95,75,95,75,170,170,1,0.25439453125,-0.25439453125,-0.25439453125,1,170,True
+,95,76,95,76,171,171,0,1.0732421875,-1.0732421875,-1.0732421875,1,151,False
+,95,77,95,77,172,172,0,0.340576171875,-0.340576171875,-0.340576171875,1,172,True
+,95,78,95,78,173,173,0,2.328125,-2.328125,-2.328125,1,163,False
+,95,79,95,79,174,174,0,0.2237548828125,-0.2237548828125,-0.2237548828125,1,174,True
+,95,80,95,80,175,175,0,0.240966796875,-0.240966796875,-0.240966796875,1,175,True
+,95,81,95,81,176,176,0,1.296875,-1.296875,-1.296875,1,166,False
+,95,82,95,82,177,177,0,0.293701171875,-0.293701171875,-0.293701171875,1,177,True
+,95,83,95,83,178,178,0,0.5224609375,-0.5224609375,-0.5224609375,1,178,True
+,95,84,95,84,179,179,0,0.72998046875,-0.72998046875,-0.72998046875,1,179,True
+,95,85,95,85,180,180,0,0.79345703125,-0.79345703125,-0.79345703125,1,170,False
+,95,86,95,86,181,181,0,2.3125,-2.3125,-2.3125,1,171,False
+,95,87,95,87,182,182,0,0.6513671875,-0.6513671875,-0.6513671875,1,182,True
+,95,88,95,88,183,183,0,1.1474609375,-1.1474609375,-1.1474609375,1,163,False
+,95,89,95,89,184,184,0,0.74462890625,-0.74462890625,-0.74462890625,1,184,True
+,95,90,95,90,185,185,1,0.845703125,-0.845703125,-0.845703125,1,175,False
+,95,91,95,91,186,186,0,0.166259765625,-0.166259765625,-0.166259765625,1,186,True
+,95,92,95,92,187,187,0,0.40283203125,-0.40283203125,-0.40283203125,1,187,True
+,95,93,95,93,188,188,0,0.4140625,-0.4140625,-0.4140625,1,188,True
+,95,94,95,94,189,189,0,1.6767578125,-1.6767578125,-1.6767578125,1,169,False
+,95,95,95,95,190,190,0,0.2015380859375,-0.2015380859375,-0.2015380859375,1,190,True
+,95,96,95,96,191,191,0,0.2327880859375,-0.2327880859375,-0.2327880859375,1,191,True
+,95,97,95,97,192,192,0,0.059783935546875,-0.059783935546875,-0.059783935546875,1,192,True
+,95,98,95,98,193,193,0,1.5224609375,-1.5224609375,-1.5224609375,1,183,False
+,95,99,95,99,194,194,0,0.214599609375,-0.214599609375,-0.214599609375,1,194,True
+,95,100,95,100,195,195,1,0.0295562744140625,-0.0295562744140625,-0.0295562744140625,1,195,True
+,96,1,96,1,97,97,8,0.06292724609375,-0.06292724609375,-0.06292724609375,1,97,True
+,96,2,96,2,98,98,5,0.05999755859375,-0.05999755859375,-0.05999755859375,1,98,True
+,96,3,96,3,99,99,3,0.0200042724609375,-0.0200042724609375,-0.0200042724609375,1,99,True
+,96,4,96,4,100,100,16,0.0396728515625,-0.0396728515625,-0.0396728515625,1,100,True
+,96,5,96,5,101,101,4,0.05279541015625,-0.05279541015625,-0.05279541015625,1,101,True
+,96,6,96,6,102,102,2,0.05926513671875,-0.05926513671875,-0.05926513671875,1,102,True
+,96,7,96,7,103,103,1,0.10693359375,-0.10693359375,-0.10693359375,1,103,True
+,96,8,96,8,104,104,1,1.1416015625,-1.1416015625,-1.1416015625,1,100,False
+,96,9,96,9,105,105,1,0.409423828125,-0.409423828125,-0.409423828125,1,105,True
+,96,10,96,10,106,106,3,0.471435546875,-0.471435546875,-0.471435546875,1,106,True
+,96,11,96,11,107,107,0,0.1390380859375,-0.1390380859375,-0.1390380859375,1,107,True
+,96,12,96,12,108,108,1,1.3740234375,-1.3740234375,-1.3740234375,1,100,False
+,96,13,96,13,109,109,2,0.20263671875,-0.20263671875,-0.20263671875,1,109,True
+,96,14,96,14,110,110,0,0.66748046875,-0.66748046875,-0.66748046875,1,110,True
+,96,15,96,15,111,111,1,0.1058349609375,-0.1058349609375,-0.1058349609375,1,111,True
+,96,16,96,16,112,112,2,2.65234375,-2.65234375,-2.65234375,1,100,False
+,96,17,96,17,113,113,0,3.412109375,-3.412109375,-3.412109375,1,103,False
+,96,18,96,18,114,114,3,1.705078125,-1.705078125,-1.705078125,1,102,False
+,96,19,96,19,115,115,2,0.356689453125,-0.356689453125,-0.356689453125,1,115,True
+,96,20,96,20,116,116,0,0.70556640625,-0.70556640625,-0.70556640625,1,116,True
+,96,21,96,21,117,117,3,0.2061767578125,-0.2061767578125,-0.2061767578125,1,117,True
+,96,22,96,22,118,118,1,2.5625,-2.5625,-2.5625,1,110,False
+,96,23,96,23,119,119,2,0.208984375,-0.208984375,-0.208984375,1,119,True
+,96,24,96,24,120,120,11,0.70556640625,-0.70556640625,-0.70556640625,1,120,True
+,96,25,96,25,121,121,0,0.86767578125,-0.86767578125,-0.86767578125,1,101,False
+,96,26,96,26,122,122,1,0.475341796875,-0.475341796875,-0.475341796875,1,122,True
+,96,27,96,27,123,123,0,0.626953125,-0.626953125,-0.626953125,1,123,True
+,96,28,96,28,124,124,1,1.349609375,-1.349609375,-1.349609375,1,104,False
+,96,29,96,29,125,125,0,1.095703125,-1.095703125,-1.095703125,1,115,False
+,96,30,96,30,126,126,0,0.08941650390625,-0.08941650390625,-0.08941650390625,1,126,True
+,96,31,96,31,127,127,3,0.53369140625,-0.53369140625,-0.53369140625,1,127,True
+,96,32,96,32,128,128,1,0.97802734375,-0.97802734375,-0.97802734375,1,128,True
+,96,33,96,33,129,129,1,0.20654296875,-0.20654296875,-0.20654296875,1,129,True
+,96,34,96,34,130,130,0,1.1875,-1.1875,-1.1875,1,110,False
+,96,35,96,35,131,131,0,0.434814453125,-0.434814453125,-0.434814453125,1,131,True
+,96,36,96,36,132,132,1,0.71923828125,-0.71923828125,-0.71923828125,1,132,True
+,96,37,96,37,133,133,0,3.01171875,-3.01171875,-3.01171875,1,125,False
+,96,38,96,38,134,134,0,0.61865234375,-0.61865234375,-0.61865234375,1,134,True
+,96,39,96,39,135,135,0,0.13330078125,-0.13330078125,-0.13330078125,1,135,True
+,96,40,96,40,136,136,1,0.28125,-0.28125,-0.28125,1,136,True
+,96,41,96,41,137,137,0,0.299072265625,-0.299072265625,-0.299072265625,1,137,True
+,96,42,96,42,138,138,0,0.1925048828125,-0.1925048828125,-0.1925048828125,1,138,True
+,96,43,96,43,139,139,0,2.26171875,-2.26171875,-2.26171875,1,119,False
+,96,44,96,44,140,140,0,0.25048828125,-0.25048828125,-0.25048828125,1,140,True
+,96,45,96,45,141,141,0,0.004253387451171875,-0.004253387451171875,-0.004253387451171875,1,141,True
+,96,46,96,46,142,142,0,2.271484375,-2.271484375,-2.271484375,1,122,False
+,96,47,96,47,143,143,1,0.392333984375,-0.392333984375,-0.392333984375,1,143,True
+,96,48,96,48,144,144,3,1.12890625,-1.12890625,-1.12890625,1,120,False
+,96,49,96,49,145,145,0,0.9306640625,-0.9306640625,-0.9306640625,1,125,False
+,96,50,96,50,146,146,0,0.0256500244140625,-0.0256500244140625,-0.0256500244140625,1,146,True
+,96,51,96,51,147,147,0,0.015228271484375,-0.015228271484375,-0.015228271484375,1,147,True
+,96,52,96,52,148,148,0,1.9189453125,-1.9189453125,-1.9189453125,1,140,False
+,96,53,96,53,149,149,1,0.1658935546875,-0.1658935546875,-0.1658935546875,1,149,True
+,96,54,96,54,150,150,1,0.501953125,-0.501953125,-0.501953125,1,150,True
+,96,55,96,55,151,151,0,0.204833984375,-0.204833984375,-0.204833984375,1,151,True
+,96,56,96,56,152,152,0,0.3779296875,-0.3779296875,-0.3779296875,1,152,True
+,96,57,96,57,153,153,1,0.10693359375,-0.10693359375,-0.10693359375,1,153,True
+,96,58,96,58,154,154,0,0.9091796875,-0.9091796875,-0.9091796875,1,154,True
+,96,59,96,59,155,155,0,0.07659912109375,-0.07659912109375,-0.07659912109375,1,155,True
+,96,60,96,60,156,156,0,0.022247314453125,-0.022247314453125,-0.022247314453125,1,156,True
+,96,61,96,61,157,157,0,1.4013671875,-1.4013671875,-1.4013671875,1,167,False
+,96,62,96,62,158,158,1,1.5234375,-1.5234375,-1.5234375,1,158,True
+,96,63,96,63,159,159,0,0.035400390625,-0.035400390625,-0.035400390625,1,159,True
+,96,64,96,64,160,160,0,0.357177734375,-0.357177734375,-0.357177734375,1,160,True
+,96,65,96,65,161,161,0,0.340576171875,-0.340576171875,-0.340576171875,1,161,True
+,96,66,96,66,162,162,0,0.046356201171875,-0.046356201171875,-0.046356201171875,1,162,True
+,96,67,96,67,163,163,0,0.5205078125,-0.5205078125,-0.5205078125,1,163,True
+,96,68,96,68,164,164,0,0.0670166015625,-0.0670166015625,-0.0670166015625,1,164,True
+,96,69,96,69,165,165,1,0.048187255859375,-0.048187255859375,-0.048187255859375,1,165,True
+,96,70,96,70,166,166,0,0.10589599609375,-0.10589599609375,-0.10589599609375,1,166,True
+,96,71,96,71,167,167,0,0.1300048828125,-0.1300048828125,-0.1300048828125,1,167,True
+,96,72,96,72,168,168,1,0.90625,-0.90625,-0.90625,1,168,True
+,96,73,96,73,169,169,0,0.61962890625,-0.61962890625,-0.61962890625,1,169,True
+,96,74,96,74,170,170,0,0.18896484375,-0.18896484375,-0.18896484375,1,170,True
+,96,75,96,75,171,171,0,0.039947509765625,-0.039947509765625,-0.039947509765625,1,171,True
+,96,76,96,76,172,172,0,0.400390625,-0.400390625,-0.400390625,1,172,True
+,96,77,96,77,173,173,0,1.67578125,-1.67578125,-1.67578125,1,163,False
+,96,78,96,78,174,174,0,0.269775390625,-0.269775390625,-0.269775390625,1,174,True
+,96,79,96,79,175,175,0,0.26220703125,-0.26220703125,-0.26220703125,1,175,True
+,96,80,96,80,176,176,0,0.055084228515625,-0.055084228515625,-0.055084228515625,1,176,True
+,96,81,96,81,177,177,0,0.08526611328125,-0.08526611328125,-0.08526611328125,1,177,True
+,96,82,96,82,178,178,0,2.560546875,-2.560546875,-2.560546875,1,170,False
+,96,83,96,83,179,179,1,0.046661376953125,-0.046661376953125,-0.046661376953125,1,179,True
+,96,84,96,84,180,180,1,0.04351806640625,-0.04351806640625,-0.04351806640625,1,180,True
+,96,85,96,85,181,181,0,0.18408203125,-0.18408203125,-0.18408203125,1,181,True
+,96,86,96,86,182,182,0,1.3212890625,-1.3212890625,-1.3212890625,1,170,False
+,96,87,96,87,183,183,0,0.48876953125,-0.48876953125,-0.48876953125,1,183,True
+,96,88,96,88,184,184,0,1.044921875,-1.044921875,-1.044921875,1,184,True
+,96,89,96,89,185,185,0,0.0809326171875,-0.0809326171875,-0.0809326171875,1,185,True
+,96,90,96,90,186,186,0,0.066650390625,-0.066650390625,-0.066650390625,1,186,True
+,96,91,96,91,187,187,0,0.460693359375,-0.460693359375,-0.460693359375,1,187,True
+,96,92,96,92,188,188,0,0.86474609375,-0.86474609375,-0.86474609375,1,188,True
+,96,93,96,93,189,189,0,0.0809326171875,-0.0809326171875,-0.0809326171875,1,189,True
+,96,94,96,94,190,190,1,0.28857421875,-0.28857421875,-0.28857421875,1,190,True
+,96,95,96,95,191,191,0,0.033416748046875,-0.033416748046875,-0.033416748046875,1,191,True
+,96,96,96,96,192,192,1,0.435791015625,-0.435791015625,-0.435791015625,1,192,True
+,96,97,96,97,193,193,0,0.72412109375,-0.72412109375,-0.72412109375,1,193,True
+,96,98,96,98,194,194,0,0.5888671875,-0.5888671875,-0.5888671875,1,194,True
+,96,99,96,99,195,195,0,0.1298828125,-0.1298828125,-0.1298828125,1,195,True
+,96,100,96,100,196,196,0,0.06634521484375,-0.06634521484375,-0.06634521484375,1,196,True
+,97,1,97,1,98,98,2,0.1380615234375,-0.1380615234375,-0.1380615234375,1,98,True
+,97,2,97,2,99,99,3,0.2098388671875,-0.2098388671875,-0.2098388671875,1,99,True
+,97,3,97,3,100,100,2,0.0679931640625,-0.0679931640625,-0.0679931640625,1,100,True
+,97,4,97,4,101,101,2,0.103271484375,-0.103271484375,-0.103271484375,1,101,True
+,97,5,97,5,102,102,1,0.64990234375,-0.64990234375,-0.64990234375,1,102,True
+,97,6,97,6,103,103,0,0.48828125,-0.48828125,-0.48828125,1,103,True
+,97,7,97,7,104,104,0,4.30078125,-4.30078125,-4.30078125,1,100,False
+,97,8,97,8,105,105,0,0.312255859375,-0.312255859375,-0.312255859375,1,105,True
+,97,9,97,9,106,106,0,3.787109375,-3.787109375,-3.787109375,1,100,False
+,97,10,97,10,107,107,1,1.423828125,-1.423828125,-1.423828125,1,97,False
+,97,11,97,11,108,108,0,6.55078125,-6.55078125,-6.55078125,1,100,False
+,97,12,97,12,109,109,0,2.49609375,-2.49609375,-2.49609375,1,101,False
+,97,13,97,13,110,110,0,5.62890625,-5.62890625,-5.62890625,1,100,False
+,97,14,97,14,111,111,2,2.93359375,-2.93359375,-2.93359375,1,101,False
+,97,15,97,15,112,112,0,3.71875,-3.71875,-3.71875,1,102,False
+,97,16,97,16,113,113,1,4.33203125,-4.33203125,-4.33203125,1,103,False
+,97,17,97,17,114,114,1,5.41796875,-5.41796875,-5.41796875,1,100,False
+,97,18,97,18,115,115,0,0.2467041015625,-0.2467041015625,-0.2467041015625,1,115,True
+,97,19,97,19,116,116,0,4.84765625,-4.84765625,-4.84765625,1,106,False
+,97,20,97,20,117,117,0,2.265625,-2.265625,-2.265625,1,107,False
+,97,21,97,21,118,118,0,4.61328125,-4.61328125,-4.61328125,1,100,False
+,97,22,97,22,119,119,1,2.318359375,-2.318359375,-2.318359375,1,109,False
+,97,23,97,23,120,120,0,4.19140625,-4.19140625,-4.19140625,1,110,False
+,97,24,97,24,121,121,0,1.4736328125,-1.4736328125,-1.4736328125,1,111,False
+,97,25,97,25,122,122,1,3.216796875,-3.216796875,-3.216796875,1,102,False
+,97,26,97,26,123,123,0,1.392578125,-1.392578125,-1.392578125,1,121,False
+,97,27,97,27,124,124,0,2.419921875,-2.419921875,-2.419921875,1,110,False
+,97,28,97,28,125,125,0,2.78125,-2.78125,-2.78125,1,115,False
+,97,29,97,29,126,126,0,4.12890625,-4.12890625,-4.12890625,1,106,False
+,97,30,97,30,127,127,0,1.20703125,-1.20703125,-1.20703125,1,117,False
+,97,31,97,31,128,128,0,5.1015625,-5.1015625,-5.1015625,1,110,False
+,97,32,97,32,129,129,0,3.69921875,-3.69921875,-3.69921875,1,119,False
+,97,33,97,33,130,130,0,3.01953125,-3.01953125,-3.01953125,1,110,False
+,97,34,97,34,131,131,0,1.2607421875,-1.2607421875,-1.2607421875,1,121,False
+,97,35,97,35,132,132,0,2.169921875,-2.169921875,-2.169921875,1,122,False
+,97,36,97,36,133,133,0,2.8828125,-2.8828125,-2.8828125,1,121,False
+,97,37,97,37,134,134,0,2.94140625,-2.94140625,-2.94140625,1,124,False
+,97,38,97,38,135,135,0,3.32421875,-3.32421875,-3.32421875,1,125,False
+,97,39,97,39,136,136,0,2.236328125,-2.236328125,-2.236328125,1,125,False
+,97,40,97,40,137,137,0,0.67529296875,-0.67529296875,-0.67529296875,1,137,True
+,97,41,97,41,138,138,0,1.982421875,-1.982421875,-1.982421875,1,118,False
+,97,42,97,42,139,139,0,1.21484375,-1.21484375,-1.21484375,1,139,True
+,97,43,97,43,140,140,0,2.177734375,-2.177734375,-2.177734375,1,120,False
+,97,44,97,44,141,141,0,2.701171875,-2.701171875,-2.701171875,1,131,False
+,97,45,97,45,142,142,0,0.1949462890625,-0.1949462890625,-0.1949462890625,1,142,True
+,97,46,97,46,143,143,0,2.001953125,-2.001953125,-2.001953125,1,131,False
+,97,47,97,47,144,144,0,2.615234375,-2.615234375,-2.615234375,1,143,False
+,97,48,97,48,145,145,3,1.7568359375,-1.7568359375,-1.7568359375,1,125,False
+,97,49,97,49,146,146,0,1.001953125,-1.001953125,-1.001953125,1,146,True
+,97,50,97,50,147,147,0,1.35546875,-1.35546875,-1.35546875,1,137,False
+,97,51,97,51,148,148,0,1.62890625,-1.62890625,-1.62890625,1,146,False
+,97,52,97,52,149,149,0,2.099609375,-2.099609375,-2.099609375,1,139,False
+,97,53,97,53,150,150,0,1.0517578125,-1.0517578125,-1.0517578125,1,140,False
+,97,54,97,54,151,151,0,0.45751953125,-0.45751953125,-0.45751953125,1,151,True
+,97,55,97,55,152,152,0,0.27978515625,-0.27978515625,-0.27978515625,1,152,True
+,97,56,97,56,153,153,0,1.453125,-1.453125,-1.453125,1,143,False
+,97,57,97,57,154,154,0,2.849609375,-2.849609375,-2.849609375,1,146,False
+,97,58,97,58,155,155,0,1.580078125,-1.580078125,-1.580078125,1,145,False
+,97,59,97,59,156,156,0,1.564453125,-1.564453125,-1.564453125,1,166,False
+,97,60,97,60,157,157,0,1.27734375,-1.27734375,-1.27734375,1,167,False
+,97,61,97,61,158,158,0,1.2119140625,-1.2119140625,-1.2119140625,1,158,True
+,97,62,97,62,159,159,1,2.1328125,-2.1328125,-2.1328125,1,169,False
+,97,63,97,63,160,160,1,1.8642578125,-1.8642578125,-1.8642578125,1,161,False
+,97,64,97,64,161,161,0,0.431396484375,-0.431396484375,-0.431396484375,1,161,True
+,97,65,97,65,162,162,1,1.04296875,-1.04296875,-1.04296875,1,172,False
+,97,66,97,66,163,163,0,1.3388671875,-1.3388671875,-1.3388671875,1,173,False
+,97,67,97,67,164,164,0,1.4619140625,-1.4619140625,-1.4619140625,1,164,True
+,97,68,97,68,165,165,0,0.388427734375,-0.388427734375,-0.388427734375,1,165,True
+,97,69,97,69,166,166,0,0.705078125,-0.705078125,-0.705078125,1,166,True
+,97,70,97,70,167,167,0,0.54248046875,-0.54248046875,-0.54248046875,1,167,True
+,97,71,97,71,168,168,0,3.97265625,-3.97265625,-3.97265625,1,170,False
+,97,72,97,72,169,169,0,0.6279296875,-0.6279296875,-0.6279296875,1,169,True
+,97,73,97,73,170,170,0,0.91162109375,-0.91162109375,-0.91162109375,1,170,True
+,97,74,97,74,171,171,2,0.55517578125,-0.55517578125,-0.55517578125,1,171,True
+,97,75,97,75,172,172,0,0.1038818359375,-0.1038818359375,-0.1038818359375,1,172,True
+,97,76,97,76,173,173,0,0.49072265625,-0.49072265625,-0.49072265625,1,173,True
+,97,77,97,77,174,174,0,2.490234375,-2.490234375,-2.490234375,1,176,False
+,97,78,97,78,175,175,0,0.1607666015625,-0.1607666015625,-0.1607666015625,1,175,True
+,97,79,97,79,176,176,1,1.6220703125,-1.6220703125,-1.6220703125,1,186,False
+,97,80,97,80,177,177,0,0.447509765625,-0.447509765625,-0.447509765625,1,177,True
+,97,81,97,81,178,178,0,2.359375,-2.359375,-2.359375,1,190,False
+,97,82,97,82,179,179,0,0.46142578125,-0.46142578125,-0.46142578125,1,179,True
+,97,83,97,83,180,180,0,0.78515625,-0.78515625,-0.78515625,1,180,True
+,97,84,97,84,181,181,0,0.2176513671875,-0.2176513671875,-0.2176513671875,1,181,True
+,97,85,97,85,182,182,0,0.99560546875,-0.99560546875,-0.99560546875,1,192,False
+,97,86,97,86,183,183,0,0.55712890625,-0.55712890625,-0.55712890625,1,183,True
+,97,87,97,87,184,184,0,1.94921875,-1.94921875,-1.94921875,1,190,False
+,97,88,97,88,185,185,0,0.1864013671875,-0.1864013671875,-0.1864013671875,1,185,True
+,97,89,97,89,186,186,0,0.7685546875,-0.7685546875,-0.7685546875,1,186,True
+,97,90,97,90,187,187,0,0.04974365234375,-0.04974365234375,-0.04974365234375,1,187,True
+,97,91,97,91,188,188,0,4.3671875,-4.3671875,-4.3671875,1,196,False
+,97,92,97,92,189,189,0,0.87109375,-0.87109375,-0.87109375,1,189,True
+,97,93,97,93,190,190,0,0.396240234375,-0.396240234375,-0.396240234375,1,190,True
+,97,94,97,94,191,191,1,0.11932373046875,-0.11932373046875,-0.11932373046875,1,191,True
+,97,95,97,95,192,192,0,0.241455078125,-0.241455078125,-0.241455078125,1,192,True
+,97,96,97,96,193,193,1,1.0439453125,-1.0439453125,-1.0439453125,1,193,True
+,97,97,97,97,194,194,0,2.84765625,-2.84765625,-2.84765625,1,196,False
+,97,98,97,98,195,195,1,0.12841796875,-0.12841796875,-0.12841796875,1,195,True
+,97,99,97,99,196,196,0,0.299560546875,-0.299560546875,-0.299560546875,1,196,True
+,97,100,97,100,197,197,0,0.061767578125,-0.061767578125,-0.061767578125,1,197,True
+,98,1,98,1,99,99,8,0.0184326171875,-0.0184326171875,-0.0184326171875,1,99,True
+,98,2,98,2,100,100,7,0.0885009765625,-0.0885009765625,-0.0885009765625,1,100,True
+,98,3,98,3,101,101,6,0.037933349609375,-0.037933349609375,-0.037933349609375,1,101,True
+,98,4,98,4,102,102,0,0.04156494140625,-0.04156494140625,-0.04156494140625,1,102,True
+,98,5,98,5,103,103,0,0.05517578125,-0.05517578125,-0.05517578125,1,103,True
+,98,6,98,6,104,104,0,0.9951171875,-0.9951171875,-0.9951171875,1,102,False
+,98,7,98,7,105,105,1,0.5283203125,-0.5283203125,-0.5283203125,1,105,True
+,98,8,98,8,106,106,0,0.459716796875,-0.459716796875,-0.459716796875,1,106,True
+,98,9,98,9,107,107,0,1.46875,-1.46875,-1.46875,1,97,False
+,98,10,98,10,108,108,0,1.3271484375,-1.3271484375,-1.3271484375,1,98,False
+,98,11,98,11,109,109,0,0.552734375,-0.552734375,-0.552734375,1,109,True
+,98,12,98,12,110,110,0,0.355712890625,-0.355712890625,-0.355712890625,1,110,True
+,98,13,98,13,111,111,0,0.91455078125,-0.91455078125,-0.91455078125,1,101,False
+,98,14,98,14,112,112,0,2.3828125,-2.3828125,-2.3828125,1,102,False
+,98,15,98,15,113,113,0,3.875,-3.875,-3.875,1,103,False
+,98,16,98,16,114,114,0,0.9365234375,-0.9365234375,-0.9365234375,1,114,True
+,98,17,98,17,115,115,0,0.56884765625,-0.56884765625,-0.56884765625,1,115,True
+,98,18,98,18,116,116,0,0.35693359375,-0.35693359375,-0.35693359375,1,116,True
+,98,19,98,19,117,117,0,0.63232421875,-0.63232421875,-0.63232421875,1,117,True
+,98,20,98,20,118,118,0,0.2054443359375,-0.2054443359375,-0.2054443359375,1,118,True
+,98,21,98,21,119,119,0,0.336669921875,-0.336669921875,-0.336669921875,1,119,True
+,98,22,98,22,120,120,0,1.1416015625,-1.1416015625,-1.1416015625,1,110,False
+,98,23,98,23,121,121,0,1.373046875,-1.373046875,-1.373046875,1,111,False
+,98,24,98,24,122,122,0,0.10955810546875,-0.10955810546875,-0.10955810546875,1,122,True
+,98,25,98,25,123,123,0,0.403564453125,-0.403564453125,-0.403564453125,1,123,True
+,98,26,98,26,124,124,0,0.513671875,-0.513671875,-0.513671875,1,124,True
+,98,27,98,27,125,125,0,0.76513671875,-0.76513671875,-0.76513671875,1,115,False
+,98,28,98,28,126,126,0,0.36669921875,-0.36669921875,-0.36669921875,1,126,True
+,98,29,98,29,127,127,0,0.974609375,-0.974609375,-0.974609375,1,117,False
+,98,30,98,30,128,128,0,0.282958984375,-0.282958984375,-0.282958984375,1,128,True
+,98,31,98,31,129,129,0,1.15234375,-1.15234375,-1.15234375,1,119,False
+,98,32,98,32,130,130,0,0.5322265625,-0.5322265625,-0.5322265625,1,130,True
+,98,33,98,33,131,131,1,1.267578125,-1.267578125,-1.267578125,1,121,False
+,98,34,98,34,132,132,0,0.12200927734375,-0.12200927734375,-0.12200927734375,1,132,True
+,98,35,98,35,133,133,0,0.2464599609375,-0.2464599609375,-0.2464599609375,1,133,True
+,98,36,98,36,134,134,0,0.27734375,-0.27734375,-0.27734375,1,134,True
+,98,37,98,37,135,135,0,1.4052734375,-1.4052734375,-1.4052734375,1,125,False
+,98,38,98,38,136,136,1,1.7861328125,-1.7861328125,-1.7861328125,1,126,False
+,98,39,98,39,137,137,0,0.47314453125,-0.47314453125,-0.47314453125,1,137,True
+,98,40,98,40,138,138,0,0.0960693359375,-0.0960693359375,-0.0960693359375,1,138,True
+,98,41,98,41,139,139,0,1.3134765625,-1.3134765625,-1.3134765625,1,129,False
+,98,42,98,42,140,140,0,0.1661376953125,-0.1661376953125,-0.1661376953125,1,140,True
+,98,43,98,43,141,141,0,2.353515625,-2.353515625,-2.353515625,1,131,False
+,98,44,98,44,142,142,0,0.25244140625,-0.25244140625,-0.25244140625,1,142,True
+,98,45,98,45,143,143,0,0.1932373046875,-0.1932373046875,-0.1932373046875,1,143,True
+,98,46,98,46,144,144,0,0.66162109375,-0.66162109375,-0.66162109375,1,144,True
+,98,47,98,47,145,145,0,1.0947265625,-1.0947265625,-1.0947265625,1,135,False
+,98,48,98,48,146,146,1,0.2025146484375,-0.2025146484375,-0.2025146484375,1,146,True
+,98,49,98,49,147,147,0,1.3974609375,-1.3974609375,-1.3974609375,1,137,False
+,98,50,98,50,148,148,0,0.46240234375,-0.46240234375,-0.46240234375,1,148,True
+,98,51,98,51,149,149,0,0.1356201171875,-0.1356201171875,-0.1356201171875,1,149,True
+,98,52,98,52,150,150,0,0.24609375,-0.24609375,-0.24609375,1,150,True
+,98,53,98,53,151,151,0,1.6064453125,-1.6064453125,-1.6064453125,1,141,False
+,98,54,98,54,152,152,1,0.34912109375,-0.34912109375,-0.34912109375,1,152,True
+,98,55,98,55,153,153,0,1.7236328125,-1.7236328125,-1.7236328125,1,143,False
+,98,56,98,56,154,154,0,1.0166015625,-1.0166015625,-1.0166015625,1,154,True
+,98,57,98,57,155,155,0,0.58056640625,-0.58056640625,-0.58056640625,1,155,True
+,98,58,98,58,156,156,0,0.52099609375,-0.52099609375,-0.52099609375,1,156,True
+,98,59,98,59,157,157,0,1.66015625,-1.66015625,-1.66015625,1,167,False
+,98,60,98,60,158,158,0,1.6376953125,-1.6376953125,-1.6376953125,1,178,False
+,98,61,98,61,159,159,0,1.4775390625,-1.4775390625,-1.4775390625,1,169,False
+,98,62,98,62,160,160,0,1.888671875,-1.888671875,-1.888671875,1,170,False
+,98,63,98,63,161,161,0,1.0517578125,-1.0517578125,-1.0517578125,1,151,False
+,98,64,98,64,162,162,0,0.07421875,-0.07421875,-0.07421875,1,162,True
+,98,65,98,65,163,163,0,0.333251953125,-0.333251953125,-0.333251953125,1,163,True
+,98,66,98,66,164,164,0,0.24169921875,-0.24169921875,-0.24169921875,1,164,True
+,98,67,98,67,165,165,0,0.184814453125,-0.184814453125,-0.184814453125,1,165,True
+,98,68,98,68,166,166,0,0.194091796875,-0.194091796875,-0.194091796875,1,166,True
+,98,69,98,69,167,167,0,0.16552734375,-0.16552734375,-0.16552734375,1,167,True
+,98,70,98,70,168,168,0,0.74609375,-0.74609375,-0.74609375,1,168,True
+,98,71,98,71,169,169,0,0.36962890625,-0.36962890625,-0.36962890625,1,169,True
+,98,72,98,72,170,170,0,0.0906982421875,-0.0906982421875,-0.0906982421875,1,170,True
+,98,73,98,73,171,171,0,0.2418212890625,-0.2418212890625,-0.2418212890625,1,171,True
+,98,74,98,74,172,172,0,1.9541015625,-1.9541015625,-1.9541015625,1,174,False
+,98,75,98,75,173,173,0,0.08770751953125,-0.08770751953125,-0.08770751953125,1,173,True
+,98,76,98,76,174,174,0,0.2093505859375,-0.2093505859375,-0.2093505859375,1,174,True
+,98,77,98,77,175,175,0,0.27294921875,-0.27294921875,-0.27294921875,1,175,True
+,98,78,98,78,176,176,0,0.45361328125,-0.45361328125,-0.45361328125,1,176,True
+,98,79,98,79,177,177,0,2.32421875,-2.32421875,-2.32421875,1,187,False
+,98,80,98,80,178,178,0,0.05120849609375,-0.05120849609375,-0.05120849609375,1,178,True
+,98,81,98,81,179,179,1,0.157958984375,-0.157958984375,-0.157958984375,1,179,True
+,98,82,98,82,180,180,0,0.06011962890625,-0.06011962890625,-0.06011962890625,1,180,True
+,98,83,98,83,181,181,0,2.8125,-2.8125,-2.8125,1,171,False
+,98,84,98,84,182,182,0,0.142578125,-0.142578125,-0.142578125,1,182,True
+,98,85,98,85,183,183,0,0.1165771484375,-0.1165771484375,-0.1165771484375,1,183,True
+,98,86,98,86,184,184,0,0.1181640625,-0.1181640625,-0.1181640625,1,184,True
+,98,87,98,87,185,185,0,0.5986328125,-0.5986328125,-0.5986328125,1,185,True
+,98,88,98,88,186,186,0,0.0833740234375,-0.0833740234375,-0.0833740234375,1,186,True
+,98,89,98,89,187,187,2,0.1336669921875,-0.1336669921875,-0.1336669921875,1,187,True
+,98,90,98,90,188,188,0,0.443603515625,-0.443603515625,-0.443603515625,1,188,True
+,98,91,98,91,189,189,0,1.7783203125,-1.7783203125,-1.7783203125,1,191,False
+,98,92,98,92,190,190,0,0.1729736328125,-0.1729736328125,-0.1729736328125,1,190,True
+,98,93,98,93,191,191,0,0.101806640625,-0.101806640625,-0.101806640625,1,191,True
+,98,94,98,94,192,192,0,0.10455322265625,-0.10455322265625,-0.10455322265625,1,192,True
+,98,95,98,95,193,193,0,0.44580078125,-0.44580078125,-0.44580078125,1,193,True
+,98,96,98,96,194,194,0,0.290771484375,-0.290771484375,-0.290771484375,1,194,True
+,98,97,98,97,195,195,1,0.6162109375,-0.6162109375,-0.6162109375,1,195,True
+,98,98,98,98,196,196,3,1.119140625,-1.119140625,-1.119140625,1,196,True
+,98,99,98,99,197,197,1,0.167236328125,-0.167236328125,-0.167236328125,1,197,True
+,98,100,98,100,198,198,0,0.11822509765625,-0.11822509765625,-0.11822509765625,1,198,True
+,99,1,99,1,100,100,20,0.0232086181640625,-0.0232086181640625,-0.0232086181640625,1,100,True
+,99,2,99,2,101,101,7,0.0174560546875,-0.0174560546875,-0.0174560546875,1,101,True
+,99,3,99,3,102,102,2,0.0517578125,-0.0517578125,-0.0517578125,1,102,True
+,99,4,99,4,103,103,0,0.005573272705078125,-0.005573272705078125,-0.005573272705078125,1,103,True
+,99,5,99,5,104,104,5,0.1585693359375,-0.1585693359375,-0.1585693359375,1,104,True
+,99,6,99,6,105,105,2,0.057708740234375,-0.057708740234375,-0.057708740234375,1,105,True
+,99,7,99,7,106,106,1,1.0546875,-1.0546875,-1.0546875,1,106,True
+,99,8,99,8,107,107,0,0.017242431640625,-0.017242431640625,-0.017242431640625,1,107,True
+,99,9,99,9,108,108,1,0.225341796875,-0.225341796875,-0.225341796875,1,108,True
+,99,10,99,10,109,109,1,0.036468505859375,-0.036468505859375,-0.036468505859375,1,109,True
+,99,11,99,11,110,110,1,0.44287109375,-0.44287109375,-0.44287109375,1,110,True
+,99,12,99,12,111,111,0,0.006778717041015625,-0.006778717041015625,-0.006778717041015625,1,111,True
+,99,13,99,13,112,112,0,1.5908203125,-1.5908203125,-1.5908203125,1,102,False
+,99,14,99,14,113,113,0,1.7763671875,-1.7763671875,-1.7763671875,1,103,False
+,99,15,99,15,114,114,0,0.5244140625,-0.5244140625,-0.5244140625,1,114,True
+,99,16,99,16,115,115,0,0.0911865234375,-0.0911865234375,-0.0911865234375,1,115,True
+,99,17,99,17,116,116,0,2.814453125,-2.814453125,-2.814453125,1,106,False
+,99,18,99,18,117,117,2,0.072509765625,-0.072509765625,-0.072509765625,1,117,True
+,99,19,99,19,118,118,6,1.400390625,-1.400390625,-1.400390625,1,118,True
+,99,20,99,20,119,119,1,0.90771484375,-0.90771484375,-0.90771484375,1,109,False
+,99,21,99,21,120,120,0,0.51708984375,-0.51708984375,-0.51708984375,1,120,True
+,99,22,99,22,121,121,0,0.172119140625,-0.172119140625,-0.172119140625,1,121,True
+,99,23,99,23,122,122,0,0.580078125,-0.580078125,-0.580078125,1,122,True
+,99,24,99,24,123,123,0,0.01160430908203125,-0.01160430908203125,-0.01160430908203125,1,123,True
+,99,25,99,25,124,124,1,0.89013671875,-0.89013671875,-0.89013671875,1,124,True
+,99,26,99,26,125,125,0,1.822265625,-1.822265625,-1.822265625,1,115,False
+,99,27,99,27,126,126,0,0.158203125,-0.158203125,-0.158203125,1,126,True
+,99,28,99,28,127,127,0,0.880859375,-0.880859375,-0.880859375,1,127,True
+,99,29,99,29,128,128,0,0.97998046875,-0.97998046875,-0.97998046875,1,128,True
+,99,30,99,30,129,129,0,0.0400390625,-0.0400390625,-0.0400390625,1,129,True
+,99,31,99,31,130,130,0,0.29833984375,-0.29833984375,-0.29833984375,1,130,True
+,99,32,99,32,131,131,1,0.1556396484375,-0.1556396484375,-0.1556396484375,1,131,True
+,99,33,99,33,132,132,0,0.07879638671875,-0.07879638671875,-0.07879638671875,1,132,True
+,99,34,99,34,133,133,0,0.208251953125,-0.208251953125,-0.208251953125,1,133,True
+,99,35,99,35,134,134,0,0.25,-0.25,-0.25,1,134,True
+,99,36,99,36,135,135,0,0.056732177734375,-0.056732177734375,-0.056732177734375,1,135,True
+,99,37,99,37,136,136,0,1.80859375,-1.80859375,-1.80859375,1,116,False
+,99,38,99,38,137,137,0,1.470703125,-1.470703125,-1.470703125,1,127,False
+,99,39,99,39,138,138,0,0.382568359375,-0.382568359375,-0.382568359375,1,138,True
+,99,40,99,40,139,139,0,0.255859375,-0.255859375,-0.255859375,1,139,True
+,99,41,99,41,140,140,0,1.1298828125,-1.1298828125,-1.1298828125,1,130,False
+,99,42,99,42,141,141,0,0.0445556640625,-0.0445556640625,-0.0445556640625,1,141,True
+,99,43,99,43,142,142,0,1.4931640625,-1.4931640625,-1.4931640625,1,122,False
+,99,44,99,44,143,143,0,0.1343994140625,-0.1343994140625,-0.1343994140625,1,143,True
+,99,45,99,45,144,144,0,0.037811279296875,-0.037811279296875,-0.037811279296875,1,144,True
+,99,46,99,46,145,145,0,1.1826171875,-1.1826171875,-1.1826171875,1,125,False
+,99,47,99,47,146,146,0,1.0029296875,-1.0029296875,-1.0029296875,1,146,True
+,99,48,99,48,147,147,0,0.07110595703125,-0.07110595703125,-0.07110595703125,1,147,True
+,99,49,99,49,148,148,1,0.71533203125,-0.71533203125,-0.71533203125,1,148,True
+,99,50,99,50,149,149,0,0.02490234375,-0.02490234375,-0.02490234375,1,149,True
+,99,51,99,51,150,150,0,0.0164031982421875,-0.0164031982421875,-0.0164031982421875,1,150,True
+,99,52,99,52,151,151,0,0.7373046875,-0.7373046875,-0.7373046875,1,131,False
+,99,53,99,53,152,152,0,0.186767578125,-0.186767578125,-0.186767578125,1,152,True
+,99,54,99,54,153,153,0,0.0074005126953125,-0.0074005126953125,-0.0074005126953125,1,153,True
+,99,55,99,55,154,154,1,0.09967041015625,-0.09967041015625,-0.09967041015625,1,154,True
+,99,56,99,56,155,155,0,0.2353515625,-0.2353515625,-0.2353515625,1,155,True
+,99,57,99,57,156,156,0,0.08892822265625,-0.08892822265625,-0.08892822265625,1,156,True
+,99,58,99,58,157,157,0,1.1328125,-1.1328125,-1.1328125,1,167,False
+,99,59,99,59,158,158,0,0.81103515625,-0.81103515625,-0.81103515625,1,158,True
+,99,60,99,60,159,159,0,0.35498046875,-0.35498046875,-0.35498046875,1,159,True
+,99,61,99,61,160,160,0,1.7939453125,-1.7939453125,-1.7939453125,1,170,False
+,99,62,99,62,161,161,0,0.29345703125,-0.29345703125,-0.29345703125,1,161,True
+,99,63,99,63,162,162,0,0.1337890625,-0.1337890625,-0.1337890625,1,162,True
+,99,64,99,64,163,163,0,0.0543212890625,-0.0543212890625,-0.0543212890625,1,163,True
+,99,65,99,65,164,164,0,0.109375,-0.109375,-0.109375,1,164,True
+,99,66,99,66,165,165,0,0.019500732421875,-0.019500732421875,-0.019500732421875,1,165,True
+,99,67,99,67,166,166,0,0.169189453125,-0.169189453125,-0.169189453125,1,166,True
+,99,68,99,68,167,167,0,0.034088134765625,-0.034088134765625,-0.034088134765625,1,167,True
+,99,69,99,69,168,168,0,1.4267578125,-1.4267578125,-1.4267578125,1,138,False
+,99,70,99,70,169,169,0,0.2374267578125,-0.2374267578125,-0.2374267578125,1,169,True
+,99,71,99,71,170,170,0,0.1033935546875,-0.1033935546875,-0.1033935546875,1,170,True
+,99,72,99,72,171,171,1,0.0301055908203125,-0.0301055908203125,-0.0301055908203125,1,171,True
+,99,73,99,73,172,172,0,0.71142578125,-0.71142578125,-0.71142578125,1,172,True
+,99,74,99,74,173,173,0,0.469970703125,-0.469970703125,-0.469970703125,1,173,True
+,99,75,99,75,174,174,0,0.2578125,-0.2578125,-0.2578125,1,174,True
+,99,76,99,76,175,175,0,0.044097900390625,-0.044097900390625,-0.044097900390625,1,175,True
+,99,77,99,77,176,176,0,0.264892578125,-0.264892578125,-0.264892578125,1,176,True
+,99,78,99,78,177,177,0,0.026153564453125,-0.026153564453125,-0.026153564453125,1,177,True
+,99,79,99,79,178,178,0,1.2294921875,-1.2294921875,-1.2294921875,1,188,False
+,99,80,99,80,179,179,0,0.059051513671875,-0.059051513671875,-0.059051513671875,1,179,True
+,99,81,99,81,180,180,0,0.0195465087890625,-0.0195465087890625,-0.0195465087890625,1,180,True
+,99,82,99,82,181,181,0,0.10845947265625,-0.10845947265625,-0.10845947265625,1,181,True
+,99,83,99,83,182,182,0,0.31103515625,-0.31103515625,-0.31103515625,1,182,True
+,99,84,99,84,183,183,0,0.0084075927734375,-0.0084075927734375,-0.0084075927734375,1,183,True
+,99,85,99,85,184,184,0,0.3134765625,-0.3134765625,-0.3134765625,1,184,True
+,99,86,99,86,185,185,0,0.134521484375,-0.134521484375,-0.134521484375,1,185,True
+,99,87,99,87,186,186,1,0.10284423828125,-0.10284423828125,-0.10284423828125,1,186,True
+,99,88,99,88,187,187,1,0.104248046875,-0.104248046875,-0.104248046875,1,187,True
+,99,89,99,89,188,188,0,0.7099609375,-0.7099609375,-0.7099609375,1,188,True
+,99,90,99,90,189,189,0,0.0297088623046875,-0.0297088623046875,-0.0297088623046875,1,189,True
+,99,91,99,91,190,190,0,0.15478515625,-0.15478515625,-0.15478515625,1,190,True
+,99,92,99,92,191,191,0,0.01947021484375,-0.01947021484375,-0.01947021484375,1,191,True
+,99,93,99,93,192,192,0,0.061004638671875,-0.061004638671875,-0.061004638671875,1,192,True
+,99,94,99,94,193,193,0,0.0731201171875,-0.0731201171875,-0.0731201171875,1,193,True
+,99,95,99,95,194,194,0,0.02496337890625,-0.02496337890625,-0.02496337890625,1,194,True
+,99,96,99,96,195,195,0,0.09912109375,-0.09912109375,-0.09912109375,1,195,True
+,99,97,99,97,196,196,0,0.2802734375,-0.2802734375,-0.2802734375,1,196,True
+,99,98,99,98,197,197,1,0.06768798828125,-0.06768798828125,-0.06768798828125,1,197,True
+,99,99,99,99,198,198,10,0.080810546875,-0.080810546875,-0.080810546875,1,198,True
+,99,100,99,100,199,199,8,0.0916748046875,-0.0916748046875,-0.0916748046875,1,199,True
+,100,1,100,1,101,101,40,0.10162353515625,-0.10162353515625,-0.10162353515625,1,101,True
+,100,2,100,2,102,102,7,0.0672607421875,-0.0672607421875,-0.0672607421875,1,102,True
+,100,3,100,3,103,103,4,0.0606689453125,-0.0606689453125,-0.0606689453125,1,103,True
+,100,4,100,4,104,104,2,0.08416748046875,-0.08416748046875,-0.08416748046875,1,104,True
+,100,5,100,5,105,105,12,0.0242156982421875,-0.0242156982421875,-0.0242156982421875,1,105,True
+,100,6,100,6,106,106,0,0.1427001953125,-0.1427001953125,-0.1427001953125,1,106,True
+,100,7,100,7,107,107,2,0.60986328125,-0.60986328125,-0.60986328125,1,107,True
+,100,8,100,8,108,108,2,0.1318359375,-0.1318359375,-0.1318359375,1,108,True
+,100,9,100,9,109,109,0,0.1439208984375,-0.1439208984375,-0.1439208984375,1,109,True
+,100,10,100,10,110,110,31,0.06817626953125,-0.06817626953125,-0.06817626953125,1,110,True
+,100,11,100,11,111,111,2,0.376953125,-0.376953125,-0.376953125,1,111,True
+,100,12,100,12,112,112,0,1.5400390625,-1.5400390625,-1.5400390625,1,108,False
+,100,13,100,13,113,113,0,2.162109375,-2.162109375,-2.162109375,1,103,False
+,100,14,100,14,114,114,1,1.9169921875,-1.9169921875,-1.9169921875,1,104,False
+,100,15,100,15,115,115,1,1.373046875,-1.373046875,-1.373046875,1,105,False
+,100,16,100,16,116,116,5,0.46435546875,-0.46435546875,-0.46435546875,1,116,True
+,100,17,100,17,117,117,1,0.79833984375,-0.79833984375,-0.79833984375,1,117,True
+,100,18,100,18,118,118,0,0.1563720703125,-0.1563720703125,-0.1563720703125,1,118,True
+,100,19,100,19,119,119,1,1.6123046875,-1.6123046875,-1.6123046875,1,109,False
+,100,20,100,20,120,120,14,1.6875,-1.6875,-1.6875,1,110,False
+,100,21,100,21,121,121,0,0.62548828125,-0.62548828125,-0.62548828125,1,121,True
+,100,22,100,22,122,122,0,0.6865234375,-0.6865234375,-0.6865234375,1,122,True
+,100,23,100,23,123,123,2,0.50439453125,-0.50439453125,-0.50439453125,1,123,True
+,100,24,100,24,124,124,1,0.282958984375,-0.282958984375,-0.282958984375,1,124,True
+,100,25,100,25,125,125,4,1.1123046875,-1.1123046875,-1.1123046875,1,125,True
+,100,26,100,26,126,126,0,0.353271484375,-0.353271484375,-0.353271484375,1,126,True
+,100,27,100,27,127,127,0,0.482421875,-0.482421875,-0.482421875,1,127,True
+,100,28,100,28,128,128,0,3.10546875,-3.10546875,-3.10546875,1,108,False
+,100,29,100,29,129,129,2,1.0947265625,-1.0947265625,-1.0947265625,1,119,False
+,100,30,100,30,130,130,2,1.4306640625,-1.4306640625,-1.4306640625,1,110,False
+,100,31,100,31,131,131,1,0.89208984375,-0.89208984375,-0.89208984375,1,131,True
+,100,32,100,32,132,132,1,0.810546875,-0.810546875,-0.810546875,1,132,True
+,100,33,100,33,133,133,0,0.180908203125,-0.180908203125,-0.180908203125,1,133,True
+,100,34,100,34,134,134,0,0.63623046875,-0.63623046875,-0.63623046875,1,134,True
+,100,35,100,35,135,135,2,0.3857421875,-0.3857421875,-0.3857421875,1,135,True
+,100,36,100,36,136,136,0,0.187744140625,-0.187744140625,-0.187744140625,1,136,True
+,100,37,100,37,137,137,0,0.849609375,-0.849609375,-0.849609375,1,137,True
+,100,38,100,38,138,138,0,0.94775390625,-0.94775390625,-0.94775390625,1,118,False
+,100,39,100,39,139,139,0,0.4833984375,-0.4833984375,-0.4833984375,1,139,True
+,100,40,100,40,140,140,4,0.217529296875,-0.217529296875,-0.217529296875,1,140,True
+,100,41,100,41,141,141,0,0.52294921875,-0.52294921875,-0.52294921875,1,141,True
+,100,42,100,42,142,142,0,0.84228515625,-0.84228515625,-0.84228515625,1,122,False
+,100,43,100,43,143,143,1,0.27294921875,-0.27294921875,-0.27294921875,1,143,True
+,100,44,100,44,144,144,0,0.452880859375,-0.452880859375,-0.452880859375,1,144,True
+,100,45,100,45,145,145,4,0.10809326171875,-0.10809326171875,-0.10809326171875,1,145,True
+,100,46,100,46,146,146,0,0.2080078125,-0.2080078125,-0.2080078125,1,146,True
+,100,47,100,47,147,147,0,0.583984375,-0.583984375,-0.583984375,1,147,True
+,100,48,100,48,148,148,0,0.048187255859375,-0.048187255859375,-0.048187255859375,1,148,True
+,100,49,100,49,149,149,0,0.09674072265625,-0.09674072265625,-0.09674072265625,1,149,True
+,100,50,100,50,150,150,17,0.0298614501953125,-0.0298614501953125,-0.0298614501953125,1,150,True
+,100,51,100,51,151,151,0,0.035125732421875,-0.035125732421875,-0.035125732421875,1,151,True
+,100,52,100,52,152,152,0,0.132080078125,-0.132080078125,-0.132080078125,1,152,True
+,100,53,100,53,153,153,0,0.1290283203125,-0.1290283203125,-0.1290283203125,1,153,True
+,100,54,100,54,154,154,1,0.023529052734375,-0.023529052734375,-0.023529052734375,1,154,True
+,100,55,100,55,155,155,1,0.033233642578125,-0.033233642578125,-0.033233642578125,1,155,True
+,100,56,100,56,156,156,0,0.046173095703125,-0.046173095703125,-0.046173095703125,1,156,True
+,100,57,100,57,157,157,0,0.310546875,-0.310546875,-0.310546875,1,157,True
+,100,58,100,58,158,158,1,0.51806640625,-0.51806640625,-0.51806640625,1,158,True
+,100,59,100,59,159,159,0,0.386962890625,-0.386962890625,-0.386962890625,1,159,True
+,100,60,100,60,160,160,4,1.533203125,-1.533203125,-1.533203125,1,140,False
+,100,61,100,61,161,161,0,1.21875,-1.21875,-1.21875,1,161,True
+,100,62,100,62,162,162,0,0.48681640625,-0.48681640625,-0.48681640625,1,162,True
+,100,63,100,63,163,163,0,0.66455078125,-0.66455078125,-0.66455078125,1,163,True
+,100,64,100,64,164,164,3,0.64013671875,-0.64013671875,-0.64013671875,1,164,True
+,100,65,100,65,165,165,0,0.68017578125,-0.68017578125,-0.68017578125,1,165,True
+,100,66,100,66,166,166,0,0.022857666015625,-0.022857666015625,-0.022857666015625,1,166,True
+,100,67,100,67,167,167,0,0.08837890625,-0.08837890625,-0.08837890625,1,167,True
+,100,68,100,68,168,168,0,0.55517578125,-0.55517578125,-0.55517578125,1,168,True
+,100,69,100,69,169,169,0,0.3642578125,-0.3642578125,-0.3642578125,1,169,True
+,100,70,100,70,170,170,4,0.77783203125,-0.77783203125,-0.77783203125,1,170,True
+,100,71,100,71,171,171,0,0.51416015625,-0.51416015625,-0.51416015625,1,171,True
+,100,72,100,72,172,172,0,0.254150390625,-0.254150390625,-0.254150390625,1,172,True
+,100,73,100,73,173,173,0,1.330078125,-1.330078125,-1.330078125,1,73,False
+,100,74,100,74,174,174,0,0.58349609375,-0.58349609375,-0.58349609375,1,174,True
+,100,75,100,75,175,175,2,0.118896484375,-0.118896484375,-0.118896484375,1,175,True
+,100,76,100,76,176,176,0,0.388427734375,-0.388427734375,-0.388427734375,1,176,True
+,100,77,100,77,177,177,0,0.09002685546875,-0.09002685546875,-0.09002685546875,1,177,True
+,100,78,100,78,178,178,0,0.03302001953125,-0.03302001953125,-0.03302001953125,1,178,True
+,100,79,100,79,179,179,0,0.2012939453125,-0.2012939453125,-0.2012939453125,1,179,True
+,100,80,100,80,180,180,6,0.2301025390625,-0.2301025390625,-0.2301025390625,1,180,True
+,100,81,100,81,181,181,0,0.291259765625,-0.291259765625,-0.291259765625,1,181,True
+,100,82,100,82,182,182,0,0.1912841796875,-0.1912841796875,-0.1912841796875,1,182,True
+,100,83,100,83,183,183,0,0.270751953125,-0.270751953125,-0.270751953125,1,183,True
+,100,84,100,84,184,184,0,0.21826171875,-0.21826171875,-0.21826171875,1,184,True
+,100,85,100,85,185,185,1,0.422607421875,-0.422607421875,-0.422607421875,1,185,True
+,100,86,100,86,186,186,0,0.0428466796875,-0.0428466796875,-0.0428466796875,1,186,True
+,100,87,100,87,187,187,0,0.188232421875,-0.188232421875,-0.188232421875,1,187,True
+,100,88,100,88,188,188,0,0.304931640625,-0.304931640625,-0.304931640625,1,188,True
+,100,89,100,89,189,189,0,0.681640625,-0.681640625,-0.681640625,1,189,True
+,100,90,100,90,190,190,4,0.061431884765625,-0.061431884765625,-0.061431884765625,1,190,True
+,100,91,100,91,191,191,0,0.144287109375,-0.144287109375,-0.144287109375,1,191,True
+,100,92,100,92,192,192,0,0.221435546875,-0.221435546875,-0.221435546875,1,192,True
+,100,93,100,93,193,193,0,0.0966796875,-0.0966796875,-0.0966796875,1,193,True
+,100,94,100,94,194,194,0,0.0528564453125,-0.0528564453125,-0.0528564453125,1,194,True
+,100,95,100,95,195,195,1,0.0173797607421875,-0.0173797607421875,-0.0173797607421875,1,195,True
+,100,96,100,96,196,196,0,0.02880859375,-0.02880859375,-0.02880859375,1,196,True
+,100,97,100,97,197,197,0,0.051788330078125,-0.051788330078125,-0.051788330078125,1,197,True
+,100,98,100,98,198,198,0,0.1607666015625,-0.1607666015625,-0.1607666015625,1,198,True
+,100,99,100,99,199,199,0,0.08160400390625,-0.08160400390625,-0.08160400390625,1,199,True
+,100,100,100,100,200,200,40,0.1104736328125,-0.1104736328125,-0.1104736328125,1,200,True
