op,a,b,x,y,answer,problem_size,freq,surprisal,target_logprob,avg_target_logprob,n_target_tokens,prediction,correct
-,1,1,2,1,1,1,1106,3.84765625,-3.84765625,-3.84765625,1,-0,False
-,1,2,3,2,1,1,520,4.06640625,-4.06640625,-4.06640625,1,-0,False
-,1,3,4,3,1,1,259,3.923828125,-3.923828125,-3.923828125,1,-0,False
-,1,4,5,4,1,1,179,4.171875,-4.171875,-4.171875,1,-1,False
-,1,5,6,5,1,1,89,4.2421875,-4.2421875,-4.2421875,1,-2,False
-,1,6,7,6,1,1,76,4.171875,-4.171875,-4.171875,1,-3,False
-,1,7,8,7,1,1,60,4.28515625,-4.28515625,-4.28515625,1,-3,False
-,1,8,9,8,1,1,67,3.9375,-3.9375,-3.9375,1,-1,False
-,1,9,10,9,1,1,50,4.2578125,-4.2578125,-4.2578125,1,-1,False
-,1,10,11,10,1,1,27,4.203125,-4.203125,-4.203125,1,-3,False
-,1,11,12,11,1,1,10,4.80859375,-4.80859375,-4.80859375,1,-2,False
-,1,12,13,12,1,1,11,4.33984375,-4.33984375,-4.33984375,1,-6,False
-,1,13,14,13,1,1,7,3.94140625,-3.94140625,-3.94140625,1,-2,False
-,1,14,15,14,1,1,10,4.81640625,-4.81640625,-4.81640625,1,-6,False
-,1,15,16,15,1,1,16,4.05078125,-4.05078125,-4.05078125,1,-6,False
-,1,16,17,16,1,1,11,4.40625,-4.40625,-4.40625,1,-5,False
-,1,17,18,17,1,1,7,4.60546875,-4.60546875,-4.60546875,1,-6,False
-,1,18,19,18,1,1,1,4.71484375,-4.71484375,-4.71484375,1,-0,False
-,1,19,20,19,1,1,5,4.58984375,-4.58984375,-4.58984375,1,-2,False
-,1,20,21,20,1,1,16,4.58984375,-4.58984375,-4.58984375,1,-2,False
-,1,21,22,21,1,1,7,4.48828125,-4.48828125,-4.48828125,1,-6,False
-,1,22,23,22,1,1,5,4.46875,-4.46875,-4.46875,1,-6,False
-,1,23,24,23,1,1,0,4.1328125,-4.1328125,-4.1328125,1,-6,False
-,1,24,25,24,1,1,6,4.29296875,-4.29296875,-4.29296875,1,-0,False
-,1,25,26,25,1,1,1,4.41796875,-4.41796875,-4.41796875,1,-3,False
-,1,26,27,26,1,1,4,4.58203125,-4.58203125,-4.58203125,1,-0,False
-,1,27,28,27,1,1,4,4.640625,-4.640625,-4.640625,1,-2,False
-,1,28,29,28,1,1,2,3.90234375,-3.90234375,-3.90234375,1,-6,False
-,1,29,30,29,1,1,2,3.94921875,-3.94921875,-3.94921875,1,-0,False
-,1,30,31,30,1,1,4,4.28125,-4.28125,-4.28125,1,-3,False
-,1,31,32,31,1,1,1,4.0859375,-4.0859375,-4.0859375,1,-1,False
-,1,32,33,32,1,1,4,4.15234375,-4.15234375,-4.15234375,1,-6,False
-,1,33,34,33,1,1,2,4.4609375,-4.4609375,-4.4609375,1,-6,False
-,1,34,35,34,1,1,3,3.794921875,-3.794921875,-3.794921875,1,-3,False
-,1,35,36,35,1,1,4,3.94140625,-3.94140625,-3.94140625,1,-3,False
-,1,36,37,36,1,1,1,4.640625,-4.640625,-4.640625,1,-2,False
-,1,37,38,37,1,1,0,3.634765625,-3.634765625,-3.634765625,1,-2,False
-,1,38,39,38,1,1,3,4.109375,-4.109375,-4.109375,1,-6,False
-,1,39,40,39,1,1,1,4.05859375,-4.05859375,-4.05859375,1,-0,False
-,1,40,41,40,1,1,2,4.22265625,-4.22265625,-4.22265625,1,-5,False
-,1,41,42,41,1,1,0,3.810546875,-3.810546875,-3.810546875,1,-6,False
-,1,42,43,42,1,1,0,3.91796875,-3.91796875,-3.91796875,1,-0,False
-,1,43,44,43,1,1,0,3.802734375,-3.802734375,-3.802734375,1,-6,False
-,1,44,45,44,1,1,1,3.63671875,-3.63671875,-3.63671875,1,-0,False
-,1,45,46,45,1,1,0,3.9921875,-3.9921875,-3.9921875,1,-1,False
-,1,46,47,46,1,1,2,3.72265625,-3.72265625,-3.72265625,1,-2,False
-,1,47,48,47,1,1,0,4.55078125,-4.55078125,-4.55078125,1,-3,False
-,1,48,49,48,1,1,21,3.59765625,-3.59765625,-3.59765625,1,-2,False
-,1,49,50,49,1,1,1,3.564453125,-3.564453125,-3.564453125,1,-0,False
-,1,50,51,50,1,1,1,4.23046875,-4.23046875,-4.23046875,1,-6,False
-,1,51,52,51,1,1,2,3.919921875,-3.919921875,-3.919921875,1,-2,False
-,1,52,53,52,1,1,0,4.52734375,-4.52734375,-4.52734375,1,-2,False
-,1,53,54,53,1,1,0,4.51171875,-4.51171875,-4.51171875,1,-3,False
-,1,54,55,54,1,1,0,4.62890625,-4.62890625,-4.62890625,1,-2,False
-,1,55,56,55,1,1,0,4.0546875,-4.0546875,-4.0546875,1,-5,False
-,1,56,57,56,1,1,0,4.2109375,-4.2109375,-4.2109375,1,-2,False
-,1,57,58,57,1,1,1,4.1953125,-4.1953125,-4.1953125,1,-2,False
-,1,58,59,58,1,1,1,4.28515625,-4.28515625,-4.28515625,1,-2,False
-,1,59,60,59,1,1,1,4.3828125,-4.3828125,-4.3828125,1,-2,False
-,1,60,61,60,1,1,1,3.861328125,-3.861328125,-3.861328125,1,-5,False
-,1,61,62,61,1,1,0,4.03515625,-4.03515625,-4.03515625,1,-3,False
-,1,62,63,62,1,1,0,4.28515625,-4.28515625,-4.28515625,1,-3,False
-,1,63,64,63,1,1,1,4.1796875,-4.1796875,-4.1796875,1,-2,False
-,1,64,65,64,1,1,6,4.2890625,-4.2890625,-4.2890625,1,-1,False
-,1,65,66,65,1,1,4,4.2109375,-4.2109375,-4.2109375,1,-5,False
-,1,66,67,66,1,1,0,4.27734375,-4.27734375,-4.27734375,1,-6,False
-,1,67,68,67,1,1,0,3.744140625,-3.744140625,-3.744140625,1,-0,False
-,1,68,69,68,1,1,0,4.09765625,-4.09765625,-4.09765625,1,-6,False
-,1,69,70,69,1,1,0,3.939453125,-3.939453125,-3.939453125,1,-2,False
-,1,70,71,70,1,1,0,4.3359375,-4.3359375,-4.3359375,1,-6,False
-,1,71,72,71,1,1,0,3.740234375,-3.740234375,-3.740234375,1,-6,False
-,1,72,73,72,1,1,1,3.875,-3.875,-3.875,1,-6,False
-,1,73,74,73,1,1,0,4.234375,-4.234375,-4.234375,1,-0,False
-,1,74,75,74,1,1,1,3.7265625,-3.7265625,-3.7265625,1,-2,False
-,1,75,76,75,1,1,1,3.9453125,-3.9453125,-3.9453125,1,-3,False
-,1,76,77,76,1,1,0,3.8125,-3.8125,-3.8125,1,-2,False
-,1,77,78,77,1,1,0,3.810546875,-3.810546875,-3.810546875,1,-6,False
-,1,78,79,78,1,1,0,3.931640625,-3.931640625,-3.931640625,1,-2,False
-,1,79,80,79,1,1,0,3.853515625,-3.853515625,-3.853515625,1,-6,False
-,1,80,81,80,1,1,4,3.962890625,-3.962890625,-3.962890625,1,-1,False
-,1,81,82,81,1,1,0,3.669921875,-3.669921875,-3.669921875,1,-0,False
-,1,82,83,82,1,1,1,3.8359375,-3.8359375,-3.8359375,1,-6,False
-,1,83,84,83,1,1,0,3.8515625,-3.8515625,-3.8515625,1,-3,False
-,1,84,85,84,1,1,0,4.27734375,-4.27734375,-4.27734375,1,-69,False
-,1,85,86,85,1,1,0,4.58984375,-4.58984375,-4.58984375,1,-70,False
-,1,86,87,86,1,1,0,4.68359375,-4.68359375,-4.68359375,1,-6,False
-,1,87,88,87,1,1,0,4.17578125,-4.17578125,-4.17578125,1,-2,False
-,1,88,89,88,1,1,0,4.6171875,-4.6171875,-4.6171875,1,-2,False
-,1,89,90,89,1,1,2,4.1171875,-4.1171875,-4.1171875,1,-70,False
-,1,90,91,90,1,1,0,4.26171875,-4.26171875,-4.26171875,1,-88,False
-,1,91,92,91,1,1,1,4.7265625,-4.7265625,-4.7265625,1,-1,False
-,1,92,93,92,1,1,0,4.3671875,-4.3671875,-4.3671875,1,-6,False
-,1,93,94,93,1,1,0,4.0546875,-4.0546875,-4.0546875,1,-1,False
-,1,94,95,94,1,1,0,4.76171875,-4.76171875,-4.76171875,1,-0,False
-,1,95,96,95,1,1,1,4.67578125,-4.67578125,-4.67578125,1,-0,False
-,1,96,97,96,1,1,1,4.65625,-4.65625,-4.65625,1,-0,False
-,1,97,98,97,1,1,6,4.0625,-4.0625,-4.0625,1,-0,False
-,1,98,99,98,1,1,1,4.0546875,-4.0546875,-4.0546875,1,-0,False
-,1,99,100,99,1,1,4,4.94921875,-4.94921875,-4.94921875,1,-0,False
-,1,100,101,100,1,1,5,3.822265625,-3.822265625,-3.822265625,1,-0,False
-,2,1,3,1,2,2,1135,4.05859375,-4.05859375,-4.05859375,1,-1,False
-,2,2,4,2,2,2,685,4.21484375,-4.21484375,-4.21484375,1,-1,False
-,2,3,5,3,2,2,514,3.51171875,-3.51171875,-3.51171875,1,-2,False
-,2,4,6,4,2,2,298,4.4140625,-4.4140625,-4.4140625,1,-1,False
-,2,5,7,5,2,2,147,4.12890625,-4.12890625,-4.12890625,1,-1,False
-,2,6,8,6,2,2,132,4.2890625,-4.2890625,-4.2890625,1,-3,False
-,2,7,9,7,2,2,93,4.27734375,-4.27734375,-4.27734375,1,-6,False
-,2,8,10,8,2,2,111,3.859375,-3.859375,-3.859375,1,-2,False
-,2,9,11,9,2,2,55,4.40625,-4.40625,-4.40625,1,-1,False
-,2,10,12,10,2,2,50,4.0859375,-4.0859375,-4.0859375,1,-3,False
-,2,11,13,11,2,2,33,4.23046875,-4.23046875,-4.23046875,1,-1,False
-,2,12,14,12,2,2,21,4.3515625,-4.3515625,-4.3515625,1,-1,False
-,2,13,15,13,2,2,22,3.912109375,-3.912109375,-3.912109375,1,-2,False
-,2,14,16,14,2,2,18,3.90234375,-3.90234375,-3.90234375,1,-6,False
-,2,15,17,15,2,2,21,4.08203125,-4.08203125,-4.08203125,1,-6,False
-,2,16,18,16,2,2,18,4.5625,-4.5625,-4.5625,1,-1,False
-,2,17,19,17,2,2,9,3.62109375,-3.62109375,-3.62109375,1,-6,False
-,2,18,20,18,2,2,18,4.77734375,-4.77734375,-4.77734375,1,-18,False
-,2,19,21,19,2,2,14,3.556640625,-3.556640625,-3.556640625,1,-5,False
-,2,20,22,20,2,2,17,3.541015625,-3.541015625,-3.541015625,1,-3,False
-,2,21,23,21,2,2,14,4.5,-4.5,-4.5,1,-6,False
-,2,22,24,22,2,2,10,4.52734375,-4.52734375,-4.52734375,1,-6,False
-,2,23,25,23,2,2,6,4.52734375,-4.52734375,-4.52734375,1,-5,False
-,2,24,26,24,2,2,11,4.44921875,-4.44921875,-4.44921875,1,-1,False
-,2,25,27,25,2,2,8,4.44921875,-4.44921875,-4.44921875,1,-0,False
-,2,26,28,26,2,2,7,3.580078125,-3.580078125,-3.580078125,1,-2,False
-,2,27,29,27,2,2,3,3.646484375,-3.646484375,-3.646484375,1,-6,False
-,2,28,30,28,2,2,12,3.8359375,-3.8359375,-3.8359375,1,-6,False
-,2,29,31,29,2,2,19,4.12890625,-4.12890625,-4.12890625,1,-6,False
-,2,30,32,30,2,2,7,4.15234375,-4.15234375,-4.15234375,1,-3,False
-,2,31,33,31,2,2,4,3.994140625,-3.994140625,-3.994140625,1,-2,False
-,2,32,34,32,2,2,6,4.08984375,-4.08984375,-4.08984375,1,-6,False
-,2,33,35,33,2,2,1,4.453125,-4.453125,-4.453125,1,-6,False
-,2,34,36,34,2,2,3,3.8515625,-3.8515625,-3.8515625,1,-3,False
-,2,35,37,35,2,2,6,3.908203125,-3.908203125,-3.908203125,1,-2,False
-,2,36,38,36,2,2,2,3.763671875,-3.763671875,-3.763671875,1,-3,False
-,2,37,39,37,2,2,3,3.818359375,-3.818359375,-3.818359375,1,-6,False
-,2,38,40,38,2,2,7,4.23828125,-4.23828125,-4.23828125,1,-6,False
-,2,39,41,39,2,2,4,3.865234375,-3.865234375,-3.865234375,1,-2,False
-,2,40,42,40,2,2,0,4.25390625,-4.25390625,-4.25390625,1,-6,False
-,2,41,43,41,2,2,0,3.775390625,-3.775390625,-3.775390625,1,-2,False
-,2,42,44,42,2,2,4,3.98046875,-3.98046875,-3.98046875,1,-0,False
-,2,43,45,43,2,2,3,3.623046875,-3.623046875,-3.623046875,1,-6,False
-,2,44,46,44,2,2,0,3.853515625,-3.853515625,-3.853515625,1,-6,False
-,2,45,47,45,2,2,1,3.953125,-3.953125,-3.953125,1,-2,False
-,2,46,48,46,2,2,0,3.80078125,-3.80078125,-3.80078125,1,-1,False
-,2,47,49,47,2,2,1,3.537109375,-3.537109375,-3.537109375,1,-0,False
-,2,48,50,48,2,2,9,4.59765625,-4.59765625,-4.59765625,1,-5,False
-,2,49,51,49,2,2,1,3.515625,-3.515625,-3.515625,1,-5,False
-,2,50,52,50,2,2,2,4.2109375,-4.2109375,-4.2109375,1,-6,False
-,2,51,53,51,2,2,1,3.86328125,-3.86328125,-3.86328125,1,-1,False
-,2,52,54,52,2,2,2,3.544921875,-3.544921875,-3.544921875,1,-3,False
-,2,53,55,53,2,2,1,3.5390625,-3.5390625,-3.5390625,1,-5,False
-,2,54,56,54,2,2,2,3.71484375,-3.71484375,-3.71484375,1,-2,False
-,2,55,57,55,2,2,1,3.99609375,-3.99609375,-3.99609375,1,-3,False
-,2,56,58,56,2,2,1,4.15625,-4.15625,-4.15625,1,-2,False
-,2,57,59,57,2,2,0,4.24609375,-4.24609375,-4.24609375,1,-1,False
-,2,58,60,58,2,2,2,4.28125,-4.28125,-4.28125,1,-6,False
-,2,59,61,59,2,2,0,3.578125,-3.578125,-3.578125,1,-5,False
-,2,60,62,60,2,2,2,3.8203125,-3.8203125,-3.8203125,1,-3,False
-,2,61,63,61,2,2,1,3.607421875,-3.607421875,-3.607421875,1,-5,False
-,2,62,64,62,2,2,2,4.36328125,-4.36328125,-4.36328125,1,-6,False
-,2,63,65,63,2,2,2,4.25,-4.25,-4.25,1,-6,False
-,2,64,66,64,2,2,3,4.3203125,-4.3203125,-4.3203125,1,-2,False
-,2,65,67,65,2,2,6,3.310546875,-3.310546875,-3.310546875,1,-2,False
-,2,66,68,66,2,2,1,3.919921875,-3.919921875,-3.919921875,1,-6,False
-,2,67,69,67,2,2,0,4.12890625,-4.12890625,-4.12890625,1,-6,False
-,2,68,70,68,2,2,0,3.974609375,-3.974609375,-3.974609375,1,-6,False
-,2,69,71,69,2,2,1,3.8984375,-3.8984375,-3.8984375,1,-6,False
-,2,70,72,70,2,2,1,4.37109375,-4.37109375,-4.37109375,1,-2,False
-,2,71,73,71,2,2,0,3.736328125,-3.736328125,-3.736328125,1,-6,False
-,2,72,74,72,2,2,0,3.7578125,-3.7578125,-3.7578125,1,-6,False
-,2,73,75,73,2,2,0,4.1640625,-4.1640625,-4.1640625,1,-2,False
-,2,74,76,74,2,2,2,3.931640625,-3.931640625,-3.931640625,1,-2,False
-,2,75,77,75,2,2,0,3.71875,-3.71875,-3.71875,1,-2,False
-,2,76,78,76,2,2,0,3.890625,-3.890625,-3.890625,1,-1,False
-,2,77,79,77,2,2,2,3.71875,-3.71875,-3.71875,1,-3,False
-,2,78,80,78,2,2,1,4.08984375,-4.08984375,-4.08984375,1,-6,False
-,2,79,81,79,2,2,0,3.712890625,-3.712890625,-3.712890625,1,-5,False
-,2,80,82,80,2,2,2,3.986328125,-3.986328125,-3.986328125,1,-6,False
-,2,81,83,81,2,2,5,3.765625,-3.765625,-3.765625,1,-0,False
-,2,82,84,82,2,2,0,3.865234375,-3.865234375,-3.865234375,1,-76,False
-,2,83,85,83,2,2,1,3.748046875,-3.748046875,-3.748046875,1,-3,False
-,2,84,86,84,2,2,0,3.6328125,-3.6328125,-3.6328125,1,-6,False
-,2,85,87,85,2,2,0,3.625,-3.625,-3.625,1,-70,False
-,2,86,88,86,2,2,1,4.43359375,-4.43359375,-4.43359375,1,-70,False
-,2,87,89,87,2,2,0,4.4296875,-4.4296875,-4.4296875,1,-2,False
-,2,88,90,88,2,2,0,4.921875,-4.921875,-4.921875,1,-88,False
-,2,89,91,89,2,2,0,4.39453125,-4.39453125,-4.39453125,1,-1,False
-,2,90,92,90,2,2,0,4.24609375,-4.24609375,-4.24609375,1,-60,False
-,2,91,93,91,2,2,1,4.62890625,-4.62890625,-4.62890625,1,-1,False
-,2,92,94,92,2,2,3,4.33203125,-4.33203125,-4.33203125,1,-70,False
-,2,93,95,93,2,2,0,4.04296875,-4.04296875,-4.04296875,1,-0,False
-,2,94,96,94,2,2,0,3.984375,-3.984375,-3.984375,1,-0,False
-,2,95,97,95,2,2,1,3.650390625,-3.650390625,-3.650390625,1,-69,False
-,2,96,98,96,2,2,1,4.48828125,-4.48828125,-4.48828125,1,-0,False
-,2,97,99,97,2,2,3,4.74609375,-4.74609375,-4.74609375,1,-95,False
-,2,98,100,98,2,2,6,4.1171875,-4.1171875,-4.1171875,1,-0,False
-,2,99,101,99,2,2,1,3.908203125,-3.908203125,-3.908203125,1,-0,False
-,2,100,102,100,2,2,0,4.2890625,-4.2890625,-4.2890625,1,-69,False
-,3,1,4,1,3,3,748,4.15234375,-4.15234375,-4.15234375,1,-0,False
-,3,2,5,2,3,3,472,3.826171875,-3.826171875,-3.826171875,1,-1,False
-,3,3,6,3,3,3,323,4.1875,-4.1875,-4.1875,1,-1,False
-,3,4,7,4,3,3,165,4.2265625,-4.2265625,-4.2265625,1,-2,False
-,3,5,8,5,3,3,133,4.2421875,-4.2421875,-4.2421875,1,-2,False
-,3,6,9,6,3,3,123,4.234375,-4.234375,-4.234375,1,-2,False
-,3,7,10,7,3,3,91,3.361328125,-3.361328125,-3.361328125,1,-1,False
-,3,8,11,8,3,3,56,3.9609375,-3.9609375,-3.9609375,1,-2,False
-,3,9,12,9,3,3,49,4.3515625,-4.3515625,-4.3515625,1,-1,False
-,3,10,13,10,3,3,35,4.36328125,-4.36328125,-4.36328125,1,-2,False
-,3,11,14,11,3,3,30,4.21875,-4.21875,-4.21875,1,-2,False
-,3,12,15,12,3,3,44,3.908203125,-3.908203125,-3.908203125,1,-12,False
-,3,13,16,13,3,3,7,4.30078125,-4.30078125,-4.30078125,1,-2,False
-,3,14,17,14,3,3,22,3.90234375,-3.90234375,-3.90234375,1,-6,False
-,3,15,18,15,3,3,28,4.37890625,-4.37890625,-4.37890625,1,-3,False
-,3,16,19,16,3,3,20,3.58203125,-3.58203125,-3.58203125,1,-1,False
-,3,17,20,17,3,3,9,3.51953125,-3.51953125,-3.51953125,1,-0,False
-,3,18,21,18,3,3,10,3.78515625,-3.78515625,-3.78515625,1,-2,False
-,3,19,22,19,3,3,3,3.4296875,-3.4296875,-3.4296875,1,-6,False
-,3,20,23,20,3,3,10,3.580078125,-3.580078125,-3.580078125,1,-5,False
-,3,21,24,21,3,3,15,3.576171875,-3.576171875,-3.576171875,1,-6,False
-,3,22,25,22,3,3,5,3.732421875,-3.732421875,-3.732421875,1,-6,False
-,3,23,26,23,3,3,7,3.505859375,-3.505859375,-3.505859375,1,-6,False
-,3,24,27,24,3,3,10,3.533203125,-3.533203125,-3.533203125,1,-2,False
-,3,25,28,25,3,3,9,3.478515625,-3.478515625,-3.478515625,1,-3,False
-,3,26,29,26,3,3,6,3.728515625,-3.728515625,-3.728515625,1,-2,False
-,3,27,30,27,3,3,7,3.751953125,-3.751953125,-3.751953125,1,-0,False
-,3,28,31,28,3,3,12,4.01171875,-4.01171875,-4.01171875,1,-6,False
-,3,29,32,29,3,3,5,4.0625,-4.0625,-4.0625,1,-2,False
-,3,30,33,30,3,3,2,4.12890625,-4.12890625,-4.12890625,1,-3,False
-,3,31,34,31,3,3,3,3.9453125,-3.9453125,-3.9453125,1,-2,False
-,3,32,35,32,3,3,5,4.08203125,-4.08203125,-4.08203125,1,-0,False
-,3,33,36,33,3,3,5,3.6015625,-3.6015625,-3.6015625,1,-6,False
-,3,34,37,34,3,3,0,3.748046875,-3.748046875,-3.748046875,1,-2,False
-,3,35,38,35,3,3,6,3.984375,-3.984375,-3.984375,1,-74,False
-,3,36,39,36,3,3,2,3.796875,-3.796875,-3.796875,1,-2,False
-,3,37,40,37,3,3,3,4.04296875,-4.04296875,-4.04296875,1,-6,False
-,3,38,41,38,3,3,2,4.08203125,-4.08203125,-4.08203125,1,-6,False
-,3,39,42,39,3,3,2,3.8359375,-3.8359375,-3.8359375,1,-2,False
-,3,40,43,40,3,3,2,4.15625,-4.15625,-4.15625,1,-6,False
-,3,41,44,41,3,3,3,3.818359375,-3.818359375,-3.818359375,1,-5,False
-,3,42,45,42,3,3,4,3.845703125,-3.845703125,-3.845703125,1,-0,False
-,3,43,46,43,3,3,5,3.826171875,-3.826171875,-3.826171875,1,-2,False
-,3,44,47,44,3,3,2,3.78125,-3.78125,-3.78125,1,-0,False
-,3,45,48,45,3,3,3,4.02734375,-4.02734375,-4.02734375,1,-2,False
-,3,46,49,46,3,3,2,3.759765625,-3.759765625,-3.759765625,1,-1,False
-,3,47,50,47,3,3,5,3.646484375,-3.646484375,-3.646484375,1,-0,False
-,3,48,51,48,3,3,9,3.6875,-3.6875,-3.6875,1,-3,False
-,3,49,52,49,3,3,1,3.470703125,-3.470703125,-3.470703125,1,-2,False
-,3,50,53,50,3,3,1,4.01171875,-4.01171875,-4.01171875,1,-3,False
-,3,51,54,51,3,3,4,3.94140625,-3.94140625,-3.94140625,1,-1,False
-,3,52,55,52,3,3,3,3.65625,-3.65625,-3.65625,1,-3,False
-,3,53,56,53,3,3,0,3.62890625,-3.62890625,-3.62890625,1,-3,False
-,3,54,57,54,3,3,1,3.748046875,-3.748046875,-3.748046875,1,-6,False
-,3,55,58,55,3,3,2,4.1328125,-4.1328125,-4.1328125,1,-3,False
-,3,56,59,56,3,3,1,3.234375,-3.234375,-3.234375,1,-2,False
-,3,57,60,57,3,3,2,3.279296875,-3.279296875,-3.279296875,1,-6,False
-,3,58,61,58,3,3,4,3.388671875,-3.388671875,-3.388671875,1,-5,False
-,3,59,62,59,3,3,3,3.5234375,-3.5234375,-3.5234375,1,-6,False
-,3,60,63,60,3,3,2,3.5390625,-3.5390625,-3.5390625,1,-6,False
-,3,61,64,61,3,3,1,3.552734375,-3.552734375,-3.552734375,1,-1,False
-,3,62,65,62,3,3,0,3.375,-3.375,-3.375,1,-6,False
-,3,63,66,63,3,3,3,4.234375,-4.234375,-4.234375,1,-6,False
-,3,64,67,64,3,3,1,3.373046875,-3.373046875,-3.373046875,1,-6,False
-,3,65,68,65,3,3,0,4.05078125,-4.05078125,-4.05078125,1,-5,False
-,3,66,69,66,3,3,2,3.22265625,-3.22265625,-3.22265625,1,-6,False
-,3,67,70,67,3,3,1,4.05859375,-4.05859375,-4.05859375,1,-6,False
-,3,68,71,68,3,3,0,3.88671875,-3.88671875,-3.88671875,1,-6,False
-,3,69,72,69,3,3,1,3.955078125,-3.955078125,-3.955078125,1,-1,False
-,3,70,73,70,3,3,0,3.400390625,-3.400390625,-3.400390625,1,-2,False
-,3,71,74,71,3,3,0,3.580078125,-3.580078125,-3.580078125,1,-6,False
-,3,72,75,72,3,3,6,3.703125,-3.703125,-3.703125,1,-6,False
-,3,73,76,73,3,3,0,3.267578125,-3.267578125,-3.267578125,1,-2,False
-,3,74,77,74,3,3,0,3.7890625,-3.7890625,-3.7890625,1,-2,False
-,3,75,78,75,3,3,0,3.962890625,-3.962890625,-3.962890625,1,-2,False
-,3,76,79,76,3,3,1,3.767578125,-3.767578125,-3.767578125,1,-2,False
-,3,77,80,77,3,3,1,3.81640625,-3.81640625,-3.81640625,1,-77,False
-,3,78,81,78,3,3,0,3.859375,-3.859375,-3.859375,1,-69,False
-,3,79,82,79,3,3,0,3.69921875,-3.69921875,-3.69921875,1,-3,False
-,3,80,83,80,3,3,1,3.892578125,-3.892578125,-3.892578125,1,-3,False
-,3,81,84,81,3,3,0,3.865234375,-3.865234375,-3.865234375,1,-6,False
-,3,82,85,82,3,3,0,3.556640625,-3.556640625,-3.556640625,1,-82,False
-,3,83,86,83,3,3,0,3.896484375,-3.896484375,-3.896484375,1,-3,False
-,3,84,87,84,3,3,0,3.650390625,-3.650390625,-3.650390625,1,-3,False
-,3,85,88,85,3,3,0,3.490234375,-3.490234375,-3.490234375,1,-8,False
-,3,86,89,86,3,3,0,3.712890625,-3.712890625,-3.712890625,1,-3,False
-,3,87,90,87,3,3,1,4.04296875,-4.04296875,-4.04296875,1,-6,False
-,3,88,91,88,3,3,1,4.21484375,-4.21484375,-4.21484375,1,-88,False
-,3,89,92,89,3,3,0,4.5078125,-4.5078125,-4.5078125,1,-1,False
-,3,90,93,90,3,3,1,4.19140625,-4.19140625,-4.19140625,1,-70,False
-,3,91,94,91,3,3,0,4.28125,-4.28125,-4.28125,1,-70,False
-,3,92,95,92,3,3,1,4.25,-4.25,-4.25,1,-6,False
-,3,93,96,93,3,3,4,4.2890625,-4.2890625,-4.2890625,1,-1,False
-,3,94,97,94,3,3,0,3.8203125,-3.8203125,-3.8203125,1,-0,False
-,3,95,98,95,3,3,0,3.58203125,-3.58203125,-3.58203125,1,-69,False
-,3,96,99,96,3,3,4,4.19921875,-4.19921875,-4.19921875,1,-0,False
-,3,97,100,97,3,3,8,4.68359375,-4.68359375,-4.68359375,1,-0,False
-,3,98,101,98,3,3,0,4.01171875,-4.01171875,-4.01171875,1,-0,False
-,3,99,102,99,3,3,1,4.12890625,-4.12890625,-4.12890625,1,-0,False
-,3,100,103,100,3,3,2,4.0703125,-4.0703125,-4.0703125,1,-1,False
-,4,1,5,1,4,4,581,4.67578125,-4.67578125,-4.67578125,1,-1,False
-,4,2,6,2,4,4,428,4.2265625,-4.2265625,-4.2265625,1,-1,False
-,4,3,7,3,4,4,270,4.9453125,-4.9453125,-4.9453125,1,-2,False
-,4,4,8,4,4,4,211,4.3046875,-4.3046875,-4.3046875,1,-2,False
-,4,5,9,5,4,4,100,4.1640625,-4.1640625,-4.1640625,1,-1,False
-,4,6,10,6,4,4,135,4.1953125,-4.1953125,-4.1953125,1,-6,False
-,4,7,11,7,4,4,65,4.4921875,-4.4921875,-4.4921875,1,-2,False
-,4,8,12,8,4,4,81,4.86328125,-4.86328125,-4.86328125,1,-2,False
-,4,9,13,9,4,4,36,4.4921875,-4.4921875,-4.4921875,1,-1,False
-,4,10,14,10,4,4,29,4.23828125,-4.23828125,-4.23828125,1,-3,False
-,4,11,15,11,4,4,28,4.8515625,-4.8515625,-4.8515625,1,-2,False
-,4,12,16,12,4,4,46,4.15625,-4.15625,-4.15625,1,-12,False
-,4,13,17,13,4,4,18,4.203125,-4.203125,-4.203125,1,-2,False
-,4,14,18,14,4,4,27,4.0078125,-4.0078125,-4.0078125,1,-6,False
-,4,15,19,15,4,4,16,4.4609375,-4.4609375,-4.4609375,1,-5,False
-,4,16,20,16,4,4,37,4.6640625,-4.6640625,-4.6640625,1,-2,False
-,4,17,21,17,4,4,8,4.59765625,-4.59765625,-4.59765625,1,-0,False
-,4,18,22,18,4,4,18,4.72265625,-4.72265625,-4.72265625,1,-2,False
-,4,19,23,19,4,4,6,4.48828125,-4.48828125,-4.48828125,1,-6,False
-,4,20,24,20,4,4,16,4.7109375,-4.7109375,-4.7109375,1,-6,False
-,4,21,25,21,4,4,12,4.59765625,-4.59765625,-4.59765625,1,-5,False
-,4,22,26,22,4,4,9,4.75390625,-4.75390625,-4.75390625,1,-6,False
-,4,23,27,23,4,4,3,4.515625,-4.515625,-4.515625,1,-6,False
-,4,24,28,24,4,4,8,4.55859375,-4.55859375,-4.55859375,1,-2,False
-,4,25,29,25,4,4,7,4.5390625,-4.5390625,-4.5390625,1,-5,False
-,4,26,30,26,4,4,5,4.71484375,-4.71484375,-4.71484375,1,-0,False
-,4,27,31,27,4,4,4,3.8984375,-3.8984375,-3.8984375,1,-1,False
-,4,28,32,28,4,4,8,3.98828125,-3.98828125,-3.98828125,1,-3,False
-,4,29,33,29,4,4,5,3.953125,-3.953125,-3.953125,1,-1,False
-,4,30,34,30,4,4,4,4.03515625,-4.03515625,-4.03515625,1,-3,False
-,4,31,35,31,4,4,3,3.95703125,-3.95703125,-3.95703125,1,-2,False
-,4,32,36,32,4,4,7,4.1015625,-4.1015625,-4.1015625,1,-3,False
-,4,33,37,33,4,4,3,4.5234375,-4.5234375,-4.5234375,1,-3,False
-,4,34,38,34,4,4,8,3.853515625,-3.853515625,-3.853515625,1,-6,False
-,4,35,39,35,4,4,2,4.0390625,-4.0390625,-4.0390625,1,-2,False
-,4,36,40,36,4,4,3,3.97265625,-3.97265625,-3.97265625,1,-3,False
-,4,37,41,37,4,4,2,3.759765625,-3.759765625,-3.759765625,1,-5,False
-,4,38,42,38,4,4,6,4.109375,-4.109375,-4.109375,1,-0,False
-,4,39,43,39,4,4,3,3.810546875,-3.810546875,-3.810546875,1,-3,False
-,4,40,44,40,4,4,4,4.18359375,-4.18359375,-4.18359375,1,-0,False
-,4,41,45,41,4,4,4,3.7734375,-3.7734375,-3.7734375,1,-5,False
-,4,42,46,42,4,4,2,3.978515625,-3.978515625,-3.978515625,1,-2,False
-,4,43,47,43,4,4,2,4.73046875,-4.73046875,-4.73046875,1,-5,False
-,4,44,48,44,4,4,2,3.9296875,-3.9296875,-3.9296875,1,-6,False
-,4,45,49,45,4,4,3,4.0546875,-4.0546875,-4.0546875,1,-6,False
-,4,46,50,46,4,4,2,3.806640625,-3.806640625,-3.806640625,1,-1,False
-,4,47,51,47,4,4,1,4.58203125,-4.58203125,-4.58203125,1,-2,False
-,4,48,52,48,4,4,5,4.6015625,-4.6015625,-4.6015625,1,-2,False
-,4,49,53,49,4,4,3,4.34765625,-4.34765625,-4.34765625,1,-3,False
-,4,50,54,50,4,4,2,4.0625,-4.0625,-4.0625,1,-3,False
-,4,51,55,51,4,4,4,3.994140625,-3.994140625,-3.994140625,1,-1,False
-,4,52,56,52,4,4,2,3.689453125,-3.689453125,-3.689453125,1,-2,False
-,4,53,57,53,4,4,3,4.625,-4.625,-4.625,1,-2,False
-,4,54,58,54,4,4,1,3.837890625,-3.837890625,-3.837890625,1,-2,False
-,4,55,59,55,4,4,0,4.08203125,-4.08203125,-4.08203125,1,-6,False
-,4,56,60,56,4,4,4,4.29296875,-4.29296875,-4.29296875,1,-2,False
-,4,57,61,57,4,4,2,4.41796875,-4.41796875,-4.41796875,1,-5,False
-,4,58,62,58,4,4,0,4.3984375,-4.3984375,-4.3984375,1,-6,False
-,4,59,63,59,4,4,2,4.1953125,-4.1953125,-4.1953125,1,-2,False
-,4,60,64,60,4,4,2,4.578125,-4.578125,-4.578125,1,-6,False
-,4,61,65,61,4,4,2,3.755859375,-3.755859375,-3.755859375,1,-6,False
-,4,62,66,62,4,4,1,4.421875,-4.421875,-4.421875,1,-3,False
-,4,63,67,63,4,4,1,4.32421875,-4.32421875,-4.32421875,1,-5,False
-,4,64,68,64,4,4,3,4.1171875,-4.1171875,-4.1171875,1,-6,False
-,4,65,69,65,4,4,2,4.3046875,-4.3046875,-4.3046875,1,-2,False
-,4,66,70,66,4,4,1,4.125,-4.125,-4.125,1,-6,False
-,4,67,71,67,4,4,1,3.9453125,-3.9453125,-3.9453125,1,-6,False
-,4,68,72,68,4,4,1,3.994140625,-3.994140625,-3.994140625,1,-1,False
-,4,69,73,69,4,4,3,3.9921875,-3.9921875,-3.9921875,1,-6,False
-,4,70,74,70,4,4,0,4.24609375,-4.24609375,-4.24609375,1,-1,False
-,4,71,75,71,4,4,1,4.5625,-4.5625,-4.5625,1,-6,False
-,4,72,76,72,4,4,0,4.75,-4.75,-4.75,1,-6,False
-,4,73,77,73,4,4,1,4.21484375,-4.21484375,-4.21484375,1,-2,False
-,4,74,78,74,4,4,1,4.0390625,-4.0390625,-4.0390625,1,-3,False
-,4,75,79,75,4,4,0,3.841796875,-3.841796875,-3.841796875,1,-3,False
-,4,76,80,76,4,4,6,3.90234375,-3.90234375,-3.90234375,1,-3,False
-,4,77,81,77,4,4,1,3.78125,-3.78125,-3.78125,1,-3,False
-,4,78,82,78,4,4,0,3.921875,-3.921875,-3.921875,1,-5,False
-,4,79,83,79,4,4,2,3.755859375,-3.755859375,-3.755859375,1,-2,False
-,4,80,84,80,4,4,1,4.12109375,-4.12109375,-4.12109375,1,"-
85 - 80 =",False
-,4,81,85,81,4,4,0,4.734375,-4.734375,-4.734375,1,-2,False
-,4,82,86,82,4,4,1,3.986328125,-3.986328125,-3.986328125,1,-83,False
-,4,83,87,83,4,4,3,3.85546875,-3.85546875,-3.85546875,1,-2,False
-,4,84,88,84,4,4,1,4.48828125,-4.48828125,-4.48828125,1,-3,False
-,4,85,89,85,4,4,3,4.703125,-4.703125,-4.703125,1,-5,False
-,4,86,90,86,4,4,0,4.328125,-4.328125,-4.328125,1,-70,False
-,4,87,91,87,4,4,0,4.15234375,-4.15234375,-4.15234375,1,-1,False
-,4,88,92,88,4,4,0,4.38671875,-4.38671875,-4.38671875,1,-1,False
-,4,89,93,89,4,4,0,4.48828125,-4.48828125,-4.48828125,1,-1,False
-,4,90,94,90,4,4,2,4.95703125,-4.95703125,-4.95703125,1,-88,False
-,4,91,95,91,4,4,0,4.4140625,-4.4140625,-4.4140625,1,"-

A:",False
-,4,92,96,92,4,4,1,4.4140625,-4.4140625,-4.4140625,1,-72,False
-,4,93,97,93,4,4,1,4.28125,-4.28125,-4.28125,1,-0,False
-,4,94,98,94,4,4,0,4.75390625,-4.75390625,-4.75390625,1,-0,False
-,4,95,99,95,4,4,0,4.34765625,-4.34765625,-4.34765625,1,-0,False
-,4,96,100,96,4,4,8,4.30078125,-4.30078125,-4.30078125,1,-0,False
-,4,97,101,97,4,4,5,4.796875,-4.796875,-4.796875,1,-99,False
-,4,98,102,98,4,4,1,4.640625,-4.640625,-4.640625,1,-0,False
-,4,99,103,99,4,4,0,4.87109375,-4.87109375,-4.87109375,1,-0,False
-,4,100,104,100,4,4,1,5.15625,-5.15625,-5.15625,1,-0,False
-,5,1,6,1,5,5,390,4.20703125,-4.20703125,-4.20703125,1,-1,False
-,5,2,7,2,5,5,269,4.05078125,-4.05078125,-4.05078125,1,-2,False
-,5,3,8,3,5,5,218,4.19140625,-4.19140625,-4.19140625,1,-1,False
-,5,4,9,4,5,5,134,3.28515625,-3.28515625,-3.28515625,1,-0,False
-,5,5,10,5,5,5,153,3.22265625,-3.22265625,-3.22265625,1,-2,False
-,5,6,11,6,5,5,53,3.43359375,-3.43359375,-3.43359375,1,-6,False
-,5,7,12,7,5,5,51,4.21875,-4.21875,-4.21875,1,-2,False
-,5,8,13,8,5,5,54,4.109375,-4.109375,-4.109375,1,-1,False
-,5,9,14,9,5,5,34,3.435546875,-3.435546875,-3.435546875,1,-1,False
-,5,10,15,10,5,5,61,3.98046875,-3.98046875,-3.98046875,1,-6,False
-,5,11,16,11,5,5,39,3.927734375,-3.927734375,-3.927734375,1,-1,False
-,5,12,17,12,5,5,27,4.34375,-4.34375,-4.34375,1,-2,False
-,5,13,18,13,5,5,23,4.36328125,-4.36328125,-4.36328125,1,-2,False
-,5,14,19,14,5,5,10,4.24609375,-4.24609375,-4.24609375,1,-6,False
-,5,15,20,15,5,5,36,4.2734375,-4.2734375,-4.2734375,1,-3,False
-,5,16,21,16,5,5,11,3.55859375,-3.55859375,-3.55859375,1,-3,False
-,5,17,22,17,5,5,16,3.4765625,-3.4765625,-3.4765625,1,-2,False
-,5,18,23,18,5,5,9,3.712890625,-3.712890625,-3.712890625,1,-2,False
-,5,19,24,19,5,5,9,3.48828125,-3.48828125,-3.48828125,1,-6,False
-,5,20,25,20,5,5,17,3.841796875,-3.841796875,-3.841796875,1,-2,False
-,5,21,26,21,5,5,9,3.63671875,-3.63671875,-3.63671875,1,-5,False
-,5,22,27,22,5,5,15,3.8125,-3.8125,-3.8125,1,-6,False
-,5,23,28,23,5,5,6,3.568359375,-3.568359375,-3.568359375,1,-6,False
-,5,24,29,24,5,5,2,3.642578125,-3.642578125,-3.642578125,1,-2,False
-,5,25,30,25,5,5,12,3.55078125,-3.55078125,-3.55078125,1,-3,False
-,5,26,31,26,5,5,1,3.78515625,-3.78515625,-3.78515625,1,-1,False
-,5,27,32,27,5,5,4,3.828125,-3.828125,-3.828125,1,-1,False
-,5,28,33,28,5,5,9,3.916015625,-3.916015625,-3.916015625,1,-6,False
-,5,29,34,29,5,5,1,3.896484375,-3.896484375,-3.896484375,1,-1,False
-,5,30,35,30,5,5,11,4.0703125,-4.0703125,-4.0703125,1,-0,False
-,5,31,36,31,5,5,2,3.98046875,-3.98046875,-3.98046875,1,-1,False
-,5,32,37,32,5,5,9,4.05859375,-4.05859375,-4.05859375,1,-3,False
-,5,33,38,33,5,5,3,3.619140625,-3.619140625,-3.619140625,1,-0,False
-,5,34,39,34,5,5,2,3.912109375,-3.912109375,-3.912109375,1,-2,False
-,5,35,40,35,5,5,6,4.12109375,-4.12109375,-4.12109375,1,-0,False
-,5,36,41,36,5,5,1,3.732421875,-3.732421875,-3.732421875,1,-1,False
-,5,37,42,37,5,5,2,3.751953125,-3.751953125,-3.751953125,1,-1,False
-,5,38,43,38,5,5,1,4.02734375,-4.02734375,-4.02734375,1,-0,False
-,5,39,44,39,5,5,2,3.86328125,-3.86328125,-3.86328125,1,-0,False
-,5,40,45,40,5,5,6,4.0703125,-4.0703125,-4.0703125,1,-3,False
-,5,41,46,41,5,5,1,3.87890625,-3.87890625,-3.87890625,1,-2,False
-,5,42,47,42,5,5,2,3.89453125,-3.89453125,-3.89453125,1,-2,False
-,5,43,48,43,5,5,4,3.857421875,-3.857421875,-3.857421875,1,-3,False
-,5,44,49,44,5,5,1,3.82421875,-3.82421875,-3.82421875,1,-2,False
-,5,45,50,45,5,5,4,4.02734375,-4.02734375,-4.02734375,1,-0,False
-,5,46,51,46,5,5,2,3.8125,-3.8125,-3.8125,1,-1,False
-,5,47,52,47,5,5,2,3.546875,-3.546875,-3.546875,1,-2,False
-,5,48,53,48,5,5,10,3.5,-3.5,-3.5,1,-2,False
-,5,49,54,49,5,5,1,3.39453125,-3.39453125,-3.39453125,1,-3,False
-,5,50,55,50,5,5,5,3.212890625,-3.212890625,-3.212890625,1,-0,False
-,5,51,56,51,5,5,2,3.142578125,-3.142578125,-3.142578125,1,-1,False
-,5,52,57,52,5,5,3,3.69921875,-3.69921875,-3.69921875,1,-1,False
-,5,53,58,53,5,5,0,3.65625,-3.65625,-3.65625,1,-3,False
-,5,54,59,54,5,5,2,3.798828125,-3.798828125,-3.798828125,1,-6,False
-,5,55,60,55,5,5,6,3.08984375,-3.08984375,-3.08984375,1,-5,False
-,5,56,61,56,5,5,0,3.546875,-3.546875,-3.546875,1,-6,False
-,5,57,62,57,5,5,1,3.359375,-3.359375,-3.359375,1,-6,False
-,5,58,63,58,5,5,0,4.12890625,-4.12890625,-4.12890625,1,-3,False
-,5,59,64,59,5,5,2,3.2734375,-3.2734375,-3.2734375,1,-5,False
-,5,60,65,60,5,5,2,3.55859375,-3.55859375,-3.55859375,1,-3,False
-,5,61,66,61,5,5,3,3.873046875,-3.873046875,-3.873046875,1,-6,False
-,5,62,67,62,5,5,0,3.486328125,-3.486328125,-3.486328125,1,-6,False
-,5,63,68,63,5,5,2,4.03125,-4.03125,-4.03125,1,-1,False
-,5,64,69,64,5,5,2,3.37109375,-3.37109375,-3.37109375,1,-6,False
-,5,65,70,65,5,5,5,3.23046875,-3.23046875,-3.23046875,1,-3,False
-,5,66,71,66,5,5,1,4.04296875,-4.04296875,-4.04296875,1,-3,False
-,5,67,72,67,5,5,0,4.03125,-4.03125,-4.03125,1,-0,False
-,5,68,73,68,5,5,1,4.01171875,-4.01171875,-4.01171875,1,-6,False
-,5,69,74,69,5,5,0,3.849609375,-3.849609375,-3.849609375,1,-1,False
-,5,70,75,70,5,5,1,3.244140625,-3.244140625,-3.244140625,1,-3,False
-,5,71,76,71,5,5,1,3.60546875,-3.60546875,-3.60546875,1,-6,False
-,5,72,77,72,5,5,1,3.701171875,-3.701171875,-3.701171875,1,-6,False
-,5,73,78,73,5,5,0,3.28125,-3.28125,-3.28125,1,-3,False
-,5,74,79,74,5,5,1,3.828125,-3.828125,-3.828125,1,-6,False
-,5,75,80,75,5,5,0,3.9765625,-3.9765625,-3.9765625,1,-6,False
-,5,76,81,76,5,5,0,3.828125,-3.828125,-3.828125,1,-2,False
-,5,77,82,77,5,5,1,3.669921875,-3.669921875,-3.669921875,1,-6,False
-,5,78,83,78,5,5,0,3.919921875,-3.919921875,-3.919921875,1,-6,False
-,5,79,84,79,5,5,1,3.830078125,-3.830078125,-3.830078125,1,-6,False
-,5,80,85,80,5,5,3,3.814453125,-3.814453125,-3.814453125,1,-2,False
-,5,81,86,81,5,5,0,3.912109375,-3.912109375,-3.912109375,1,-0,False
-,5,82,87,82,5,5,1,3.89453125,-3.89453125,-3.89453125,1,-5,False
-,5,83,88,83,5,5,2,3.78515625,-3.78515625,-3.78515625,1,-1,False
-,5,84,89,84,5,5,0,3.677734375,-3.677734375,-3.677734375,1,-3,False
-,5,85,90,85,5,5,0,3.474609375,-3.474609375,-3.474609375,1,-88,False
-,5,86,91,86,5,5,1,4.37890625,-4.37890625,-4.37890625,1,-6,False
-,5,87,92,87,5,5,0,4.19140625,-4.19140625,-4.19140625,1,-6,False
-,5,88,93,88,5,5,2,4.40234375,-4.40234375,-4.40234375,1,-88,False
-,5,89,94,89,5,5,0,4.30859375,-4.30859375,-4.30859375,1,-88,False
-,5,90,95,90,5,5,1,4.0625,-4.0625,-4.0625,1,-70,False
-,5,91,96,91,5,5,0,3.71484375,-3.71484375,-3.71484375,1,-1,False
-,5,92,97,92,5,5,2,3.494140625,-3.494140625,-3.494140625,1,-6,False
-,5,93,98,93,5,5,2,4.0703125,-4.0703125,-4.0703125,1,-0,False
-,5,94,99,94,5,5,2,3.453125,-3.453125,-3.453125,1,-3,False
-,5,95,100,95,5,5,12,4.40234375,-4.40234375,-4.40234375,1,-69,False
-,5,96,101,96,5,5,0,4.01953125,-4.01953125,-4.01953125,1,-0,False
-,5,97,102,97,5,5,1,4.28515625,-4.28515625,-4.28515625,1,-3,False
-,5,98,103,98,5,5,0,4.203125,-4.203125,-4.203125,1,-2,False
-,5,99,104,99,5,5,0,4.10546875,-4.10546875,-4.10546875,1,-0,False
-,5,100,105,100,5,5,4,4.203125,-4.203125,-4.203125,1,-2,False
-,6,1,7,1,6,6,169,4.08984375,-4.08984375,-4.08984375,1,-1,False
-,6,2,8,2,6,6,183,4.21484375,-4.21484375,-4.21484375,1,-1,False
-,6,3,9,3,6,6,109,4.11328125,-4.11328125,-4.11328125,1,-1,False
-,6,4,10,4,6,6,134,4.37890625,-4.37890625,-4.37890625,1,-3,False
-,6,5,11,5,6,6,41,4.26171875,-4.26171875,-4.26171875,1,-3,False
-,6,6,12,6,6,6,50,4.03125,-4.03125,-4.03125,1,-6,False
-,6,7,13,7,6,6,21,3.5078125,-3.5078125,-3.5078125,1,-2,False
-,6,8,14,8,6,6,30,4.06640625,-4.06640625,-4.06640625,1,-6,False
-,6,9,15,9,6,6,38,4.19921875,-4.19921875,-4.19921875,1,-1,False
-,6,10,16,10,6,6,39,4.203125,-4.203125,-4.203125,1,-5,False
-,6,11,17,11,6,6,5,4.24609375,-4.24609375,-4.24609375,1,-2,False
-,6,12,18,12,6,6,20,4.390625,-4.390625,-4.390625,1,-1,False
-,6,13,19,13,6,6,8,4.375,-4.375,-4.375,1,-1,False
-,6,14,20,14,6,6,12,4.14453125,-4.14453125,-4.14453125,1,-3,False
-,6,15,21,15,6,6,17,4.48046875,-4.48046875,-4.48046875,1,-3,False
-,6,16,22,16,6,6,17,3.546875,-3.546875,-3.546875,1,-2,False
-,6,17,23,17,6,6,4,3.5390625,-3.5390625,-3.5390625,1,-6,False
-,6,18,24,18,6,6,15,3.673828125,-3.673828125,-3.673828125,1,-2,False
-,6,19,25,19,6,6,7,3.6875,-3.6875,-3.6875,1,-2,False
-,6,20,26,20,6,6,7,3.869140625,-3.869140625,-3.869140625,1,-2,False
-,6,21,27,21,6,6,9,3.755859375,-3.755859375,-3.755859375,1,-6,False
-,6,22,28,22,6,6,4,3.82421875,-3.82421875,-3.82421875,1,-6,False
-,6,23,29,23,6,6,3,3.658203125,-3.658203125,-3.658203125,1,-6,False
-,6,24,30,24,6,6,3,3.673828125,-3.673828125,-3.673828125,1,-1,False
-,6,25,31,25,6,6,4,3.642578125,-3.642578125,-3.642578125,1,-3,False
-,6,26,32,26,6,6,7,3.6171875,-3.6171875,-3.6171875,1,-0,False
-,6,27,33,27,6,6,2,3.720703125,-3.720703125,-3.720703125,1,-1,False
-,6,28,34,28,6,6,1,3.84375,-3.84375,-3.84375,1,-6,False
-,6,29,35,29,6,6,1,3.90234375,-3.90234375,-3.90234375,1,-29,False
-,6,30,36,30,6,6,7,4.1171875,-4.1171875,-4.1171875,1,-2,False
-,6,31,37,31,6,6,0,3.95703125,-3.95703125,-3.95703125,1,-1,False
-,6,32,38,32,6,6,2,4.09765625,-4.09765625,-4.09765625,1,-0,False
-,6,33,39,33,6,6,3,3.666015625,-3.666015625,-3.666015625,1,-3,False
-,6,34,40,34,6,6,4,4.02734375,-4.02734375,-4.02734375,1,-2,False
-,6,35,41,35,6,6,2,3.966796875,-3.966796875,-3.966796875,1,-2,False
-,6,36,42,36,6,6,2,3.748046875,-3.748046875,-3.748046875,1,-1,False
-,6,37,43,37,6,6,2,3.5859375,-3.5859375,-3.5859375,1,-0,False
-,6,38,44,38,6,6,2,4.08984375,-4.08984375,-4.08984375,1,-0,False
-,6,39,45,39,6,6,1,3.7734375,-3.7734375,-3.7734375,1,-6,False
-,6,40,46,40,6,6,0,3.2421875,-3.2421875,-3.2421875,1,-2,False
-,6,41,47,41,6,6,0,3.779296875,-3.779296875,-3.779296875,1,-3,False
-,6,42,48,42,6,6,1,3.068359375,-3.068359375,-3.068359375,1,-0,False
-,6,43,49,43,6,6,2,3.798828125,-3.798828125,-3.798828125,1,-2,False
-,6,44,50,44,6,6,3,3.931640625,-3.931640625,-3.931640625,1,-4,False
-,6,45,51,45,6,6,0,3.09765625,-3.09765625,-3.09765625,1,-1,False
-,6,46,52,46,6,6,3,3.765625,-3.765625,-3.765625,1,-2,False
-,6,47,53,47,6,6,4,3.43359375,-3.43359375,-3.43359375,1,-2,False
-,6,48,54,48,6,6,5,3.533203125,-3.533203125,-3.533203125,1,-3,False
-,6,49,55,49,6,6,3,3.51171875,-3.51171875,-3.51171875,1,-6,False
-,6,50,56,50,6,6,6,3.28515625,-3.28515625,-3.28515625,1,-6,False
-,6,51,57,51,6,6,0,3.142578125,-3.142578125,-3.142578125,1,-1,False
-,6,52,58,52,6,6,3,3.787109375,-3.787109375,-3.787109375,1,-2,False
-,6,53,59,53,6,6,1,3.658203125,-3.658203125,-3.658203125,1,-2,False
-,6,54,60,54,6,6,0,3.83203125,-3.83203125,-3.83203125,1,-6,False
-,6,55,61,55,6,6,0,3.21875,-3.21875,-3.21875,1,-1,False
-,6,56,62,56,6,6,1,3.34765625,-3.34765625,-3.34765625,1,-1,False
-,6,57,63,57,6,6,0,3.056640625,-3.056640625,-3.056640625,1,-2,False
-,6,58,64,58,6,6,1,3.224609375,-3.224609375,-3.224609375,1,-6,False
-,6,59,65,59,6,6,1,3.310546875,-3.310546875,-3.310546875,1,-2,False
-,6,60,66,60,6,6,0,3.697265625,-3.697265625,-3.697265625,1,-6,False
-,6,61,67,61,6,6,0,2.99609375,-2.99609375,-2.99609375,1,-5,False
-,6,62,68,62,6,6,1,3.298828125,-3.298828125,-3.298828125,1,-6,False
-,6,63,69,63,6,6,0,3.310546875,-3.310546875,-3.310546875,1,-6,False
-,6,64,70,64,6,6,1,3.26953125,-3.26953125,-3.26953125,1,-1,False
-,6,65,71,65,6,6,0,3.14453125,-3.14453125,-3.14453125,1,-5,False
-,6,66,72,66,6,6,1,3.1171875,-3.1171875,-3.1171875,1,-6,False
-,6,67,73,67,6,6,0,3.06640625,-3.06640625,-3.06640625,1,-6,False
-,6,68,74,68,6,6,0,3.880859375,-3.880859375,-3.880859375,1,-6,False
-,6,69,75,69,6,6,2,3.76171875,-3.76171875,-3.76171875,1,-2,False
-,6,70,76,70,6,6,0,3.26953125,-3.26953125,-3.26953125,1,-3,False
-,6,71,77,71,6,6,0,3.595703125,-3.595703125,-3.595703125,1,-1,False
-,6,72,78,72,6,6,0,3.80078125,-3.80078125,-3.80078125,1,-0,False
-,6,73,79,73,6,6,2,3.1484375,-3.1484375,-3.1484375,1,-2,False
-,6,74,80,74,6,6,0,3.177734375,-3.177734375,-3.177734375,1,-2,False
-,6,75,81,75,6,6,0,3.853515625,-3.853515625,-3.853515625,1,-3,False
-,6,76,82,76,6,6,0,3.76953125,-3.76953125,-3.76953125,1,-1,False
-,6,77,83,77,6,6,1,3.69921875,-3.69921875,-3.69921875,1,-69,False
-,6,78,84,78,6,6,1,3.94140625,-3.94140625,-3.94140625,1,-69,False
-,6,79,85,79,6,6,1,3.6484375,-3.6484375,-3.6484375,1,-69,False
-,6,80,86,80,6,6,0,3.15234375,-3.15234375,-3.15234375,1,-69,False
-,6,81,87,81,6,6,0,3.8515625,-3.8515625,-3.8515625,1,-2,False
-,6,82,88,82,6,6,0,3.798828125,-3.798828125,-3.798828125,1,-6,False
-,6,83,89,83,6,6,0,3.865234375,-3.865234375,-3.865234375,1,-2,False
-,6,84,90,84,6,6,0,4.33203125,-4.33203125,-4.33203125,1,-6,False
-,6,85,91,85,6,6,1,4.4375,-4.4375,-4.4375,1,-70,False
-,6,86,92,86,6,6,0,4.45703125,-4.45703125,-4.45703125,1,-7,False
-,6,87,93,87,6,6,0,4.07421875,-4.07421875,-4.07421875,1,-6,False
-,6,88,94,88,6,6,0,4.0390625,-4.0390625,-4.0390625,1,-88,False
-,6,89,95,89,6,6,2,4.09765625,-4.09765625,-4.09765625,1,-3,False
-,6,90,96,90,6,6,0,4.2109375,-4.2109375,-4.2109375,1,-70,False
-,6,91,97,91,6,6,1,4.46484375,-4.46484375,-4.46484375,1,-1,False
-,6,92,98,92,6,6,0,4.37890625,-4.37890625,-4.37890625,1,-3,False
-,6,93,99,93,6,6,0,3.984375,-3.984375,-3.984375,1,-1,False
-,6,94,100,94,6,6,3,4.43359375,-4.43359375,-4.43359375,1,-3,False
-,6,95,101,95,6,6,0,4.23046875,-4.23046875,-4.23046875,1,-0,False
-,6,96,102,96,6,6,1,3.765625,-3.765625,-3.765625,1,-0,False
-,6,97,103,97,6,6,0,4.0234375,-4.0234375,-4.0234375,1,-0,False
-,6,98,104,98,6,6,0,4.44140625,-4.44140625,-4.44140625,1,-0,False
-,6,99,105,99,6,6,0,4.9765625,-4.9765625,-4.9765625,1,-99,False
-,6,100,106,100,6,6,0,4.12109375,-4.12109375,-4.12109375,1,-0,False
-,7,1,8,1,7,7,154,3.9609375,-3.9609375,-3.9609375,1,-1,False
-,7,2,9,2,7,7,88,4.15625,-4.15625,-4.15625,1,-2,False
-,7,3,10,3,7,7,124,3.78515625,-3.78515625,-3.78515625,1,-2,False
-,7,4,11,4,7,7,34,4.44140625,-4.44140625,-4.44140625,1,-0,False
-,7,5,12,5,7,7,57,4.203125,-4.203125,-4.203125,1,-3,False
-,7,6,13,6,7,7,35,4.34765625,-4.34765625,-4.34765625,1,-6,False
-,7,7,14,7,7,7,40,3.40234375,-3.40234375,-3.40234375,1,-3,False
-,7,8,15,8,7,7,25,3.873046875,-3.873046875,-3.873046875,1,-2,False
-,7,9,16,9,7,7,37,3.4921875,-3.4921875,-3.4921875,1,-1,False
-,7,10,17,10,7,7,12,4.17578125,-4.17578125,-4.17578125,1,-3,False
-,7,11,18,11,7,7,9,4.40625,-4.40625,-4.40625,1,-1,False
-,7,12,19,12,7,7,14,4.51953125,-4.51953125,-4.51953125,1,-1,False
-,7,13,20,13,7,7,11,4.32421875,-4.32421875,-4.32421875,1,-2,False
-,7,14,21,14,7,7,10,4.18359375,-4.18359375,-4.18359375,1,-6,False
-,7,15,22,15,7,7,11,4.24609375,-4.24609375,-4.24609375,1,-3,False
-,7,16,23,16,7,7,9,4.4765625,-4.4765625,-4.4765625,1,-3,False
-,7,17,24,17,7,7,4,3.46875,-3.46875,-3.46875,1,-0,False
-,7,18,25,18,7,7,6,3.8515625,-3.8515625,-3.8515625,1,-0,False
-,7,19,26,19,7,7,5,3.625,-3.625,-3.625,1,-5,False
-,7,20,27,20,7,7,2,3.927734375,-3.927734375,-3.927734375,1,-2,False
-,7,21,28,21,7,7,7,3.787109375,-3.787109375,-3.787109375,1,-5,False
-,7,22,29,22,7,7,4,3.865234375,-3.865234375,-3.865234375,1,-6,False
-,7,23,30,23,7,7,4,3.701171875,-3.701171875,-3.701171875,1,-6,False
-,7,24,31,24,7,7,2,3.78125,-3.78125,-3.78125,1,-1,False
-,7,25,32,25,7,7,9,3.6328125,-3.6328125,-3.6328125,1,-2,False
-,7,26,33,26,7,7,2,3.5390625,-3.5390625,-3.5390625,1,-1,False
-,7,27,34,27,7,7,0,3.623046875,-3.623046875,-3.623046875,1,-0,False
-,7,28,35,28,7,7,7,3.87109375,-3.87109375,-3.87109375,1,-2,False
-,7,29,36,29,7,7,5,3.98828125,-3.98828125,-3.98828125,1,-0,False
-,7,30,37,30,7,7,0,4.08984375,-4.08984375,-4.08984375,1,-2,False
-,7,31,38,31,7,7,1,3.96875,-3.96875,-3.96875,1,-2,False
-,7,32,39,32,7,7,3,4.1796875,-4.1796875,-4.1796875,1,-2,False
-,7,33,40,33,7,7,3,3.8203125,-3.8203125,-3.8203125,1,-3,False
-,7,34,41,34,7,7,1,3.83984375,-3.83984375,-3.83984375,1,-2,False
-,7,35,42,35,7,7,4,4.015625,-4.015625,-4.015625,1,-1,False
-,7,36,43,36,7,7,0,3.6953125,-3.6953125,-3.6953125,1,-2,False
-,7,37,44,37,7,7,0,3.74609375,-3.74609375,-3.74609375,1,-2,False
-,7,38,45,38,7,7,3,3.98046875,-3.98046875,-3.98046875,1,-0,False
-,7,39,46,39,7,7,1,3.884765625,-3.884765625,-3.884765625,1,-6,False
-,7,40,47,40,7,7,2,3.17578125,-3.17578125,-3.17578125,1,-6,False
-,7,41,48,41,7,7,0,3.9375,-3.9375,-3.9375,1,-5,False
-,7,42,49,42,7,7,0,3.05078125,-3.05078125,-3.05078125,1,-0,False
-,7,43,50,43,7,7,0,3.869140625,-3.869140625,-3.869140625,1,-2,False
-,7,44,51,44,7,7,0,3.849609375,-3.849609375,-3.849609375,1,-3,False
-,7,45,52,45,7,7,4,3.98046875,-3.98046875,-3.98046875,1,-5,False
-,7,46,53,46,7,7,0,3.67578125,-3.67578125,-3.67578125,1,-1,False
-,7,47,54,47,7,7,2,3.458984375,-3.458984375,-3.458984375,1,-2,False
-,7,48,55,48,7,7,8,3.599609375,-3.599609375,-3.599609375,1,-5,False
-,7,49,56,49,7,7,0,3.513671875,-3.513671875,-3.513671875,1,-5,False
-,7,50,57,50,7,7,0,3.30078125,-3.30078125,-3.30078125,1,-5,False
-,7,51,58,51,7,7,1,3.169921875,-3.169921875,-3.169921875,1,-6,False
-,7,52,59,52,7,7,2,3.771484375,-3.771484375,-3.771484375,1,-1,False
-,7,53,60,53,7,7,2,3.748046875,-3.748046875,-3.748046875,1,-2,False
-,7,54,61,54,7,7,0,3.140625,-3.140625,-3.140625,1,-2,False
-,7,55,62,55,7,7,1,3.251953125,-3.251953125,-3.251953125,1,-1,False
-,7,56,63,56,7,7,2,3.111328125,-3.111328125,-3.111328125,1,-2,False
-,7,57,64,57,7,7,1,3.134765625,-3.134765625,-3.134765625,1,-3,False
-,7,58,65,58,7,7,2,3.228515625,-3.228515625,-3.228515625,1,-2,False
-,7,59,66,59,7,7,0,3.33203125,-3.33203125,-3.33203125,1,-2,False
-,7,60,67,60,7,7,0,2.767578125,-2.767578125,-2.767578125,1,-5,False
-,7,61,68,61,7,7,0,2.7890625,-2.7890625,-2.7890625,1,-6,False
-,7,62,69,62,7,7,0,2.6015625,-2.6015625,-2.6015625,1,-5,False
-,7,63,70,63,7,7,4,3.203125,-3.203125,-3.203125,1,-5,False
-,7,64,71,64,7,7,1,3.234375,-3.234375,-3.234375,1,-6,False
-,7,65,72,65,7,7,1,3.1953125,-3.1953125,-3.1953125,1,-3,False
-,7,66,73,66,7,7,0,3.177734375,-3.177734375,-3.177734375,1,-5,False
-,7,67,74,67,7,7,0,3.81640625,-3.81640625,-3.81640625,1,-0,False
-,7,68,75,68,7,7,0,3.857421875,-3.857421875,-3.857421875,1,-1,False
-,7,69,76,69,7,7,1,3.841796875,-3.841796875,-3.841796875,1,-2,False
-,7,70,77,70,7,7,2,3.255859375,-3.255859375,-3.255859375,1,-3,False
-,7,71,78,71,7,7,0,3.6953125,-3.6953125,-3.6953125,1,-0,False
-,7,72,79,72,7,7,0,3.65625,-3.65625,-3.65625,1,-3,False
-,7,73,80,73,7,7,4,3.310546875,-3.310546875,-3.310546875,1,-3,False
-,7,74,81,74,7,7,0,3.970703125,-3.970703125,-3.970703125,1,-2,False
-,7,75,82,75,7,7,0,3.84375,-3.84375,-3.84375,1,-1,False
-,7,76,83,76,7,7,0,3.7890625,-3.7890625,-3.7890625,1,-1,False
-,7,77,84,77,7,7,0,3.705078125,-3.705078125,-3.705078125,1,-70,False
-,7,78,85,78,7,7,1,3.822265625,-3.822265625,-3.822265625,1,-6,False
-,7,79,86,79,7,7,0,3.822265625,-3.822265625,-3.822265625,1,-6,False
-,7,80,87,80,7,7,2,3.974609375,-3.974609375,-3.974609375,1,"-

I have a",False
-,7,81,88,81,7,7,0,3.826171875,-3.826171875,-3.826171875,1,-6,False
-,7,82,89,82,7,7,0,3.8984375,-3.8984375,-3.8984375,1,-2,False
-,7,83,90,83,7,7,0,3.740234375,-3.740234375,-3.740234375,1,-2,False
-,7,84,91,84,7,7,0,3.578125,-3.578125,-3.578125,1,-6,False
-,7,85,92,85,7,7,0,3.509765625,-3.509765625,-3.509765625,1,-5,False
-,7,86,93,86,7,7,0,4.3984375,-4.3984375,-4.3984375,1,-6,False
-,7,87,94,87,7,7,0,3.966796875,-3.966796875,-3.966796875,1,-8,False
-,7,88,95,88,7,7,1,4.0703125,-4.0703125,-4.0703125,1,-70,False
-,7,89,96,89,7,7,1,4.46484375,-4.46484375,-4.46484375,1,-2,False
-,7,90,97,90,7,7,0,4.203125,-4.203125,-4.203125,1,-88,False
-,7,91,98,91,7,7,0,4.34375,-4.34375,-4.34375,1,-1,False
-,7,92,99,92,7,7,2,4.18359375,-4.18359375,-4.18359375,1,-72,False
-,7,93,100,93,7,7,5,4.828125,-4.828125,-4.828125,1,-88,False
-,7,94,101,94,7,7,0,4.3046875,-4.3046875,-4.3046875,1,-2,False
-,7,95,102,95,7,7,0,3.740234375,-3.740234375,-3.740234375,1,-2,False
-,7,96,103,96,7,7,0,4.453125,-4.453125,-4.453125,1,-0,False
-,7,97,104,97,7,7,0,4.16015625,-4.16015625,-4.16015625,1,-0,False
-,7,98,105,98,7,7,0,4.3515625,-4.3515625,-4.3515625,1,-0,False
-,7,99,106,99,7,7,1,3.970703125,-3.970703125,-3.970703125,1,-69,False
-,7,100,107,100,7,7,0,4.02734375,-4.02734375,-4.02734375,1,-1,False
-,8,1,9,1,8,8,136,4.1953125,-4.1953125,-4.1953125,1,-1,False
-,8,2,10,2,8,8,135,4.171875,-4.171875,-4.171875,1,-2,False
-,8,3,11,3,8,8,25,3.94140625,-3.94140625,-3.94140625,1,-0,False
-,8,4,12,4,8,8,72,4.07421875,-4.07421875,-4.07421875,1,-6,False
-,8,5,13,5,8,8,40,4.30078125,-4.30078125,-4.30078125,1,-3,False
-,8,6,14,6,8,8,29,4.30078125,-4.30078125,-4.30078125,1,-6,False
-,8,7,15,7,8,8,31,4.1640625,-4.1640625,-4.1640625,1,-6,False
-,8,8,16,8,8,8,37,4.12109375,-4.12109375,-4.12109375,1,-2,False
-,8,9,17,9,8,8,21,4.375,-4.375,-4.375,1,-1,False
-,8,10,18,10,8,8,18,4.48828125,-4.48828125,-4.48828125,1,-2,False
-,8,11,19,11,8,8,13,3.4609375,-3.4609375,-3.4609375,1,-1,False
-,8,12,20,12,8,8,27,4.390625,-4.390625,-4.390625,1,-12,False
-,8,13,21,13,8,8,4,4.36328125,-4.36328125,-4.36328125,1,-2,False
-,8,14,22,14,8,8,6,4.04296875,-4.04296875,-4.04296875,1,-6,False
-,8,15,23,15,8,8,5,4.22265625,-4.22265625,-4.22265625,1,-6,False
-,8,16,24,16,8,8,20,4.484375,-4.484375,-4.484375,1,-3,False
-,8,17,25,17,8,8,9,3.62890625,-3.62890625,-3.62890625,1,-0,False
-,8,18,26,18,8,8,5,3.86328125,-3.86328125,-3.86328125,1,-1,False
-,8,19,27,19,8,8,1,3.68359375,-3.68359375,-3.68359375,1,-2,False
-,8,20,28,20,8,8,2,3.884765625,-3.884765625,-3.884765625,1,-2,False
-,8,21,29,21,8,8,1,3.875,-3.875,-3.875,1,-6,False
-,8,22,30,22,8,8,5,3.888671875,-3.888671875,-3.888671875,1,-6,False
-,8,23,31,23,8,8,1,3.724609375,-3.724609375,-3.724609375,1,-5,False
-,8,24,32,24,8,8,29,4.6875,-4.6875,-4.6875,1,-1,False
-,8,25,33,25,8,8,5,4.45703125,-4.45703125,-4.45703125,1,-3,False
-,8,26,34,26,8,8,1,4.45703125,-4.45703125,-4.45703125,1,-2,False
-,8,27,35,27,8,8,4,3.62890625,-3.62890625,-3.62890625,1,-6,False
-,8,28,36,28,8,8,4,3.892578125,-3.892578125,-3.892578125,1,-3,False
-,8,29,37,29,8,8,2,3.904296875,-3.904296875,-3.904296875,1,-0,False
-,8,30,38,30,8,8,1,4.0703125,-4.0703125,-4.0703125,1,-6,False
-,8,31,39,31,8,8,1,4.12109375,-4.12109375,-4.12109375,1,-1,False
-,8,32,40,32,8,8,5,4.2578125,-4.2578125,-4.2578125,1,-6,False
-,8,33,41,33,8,8,2,3.607421875,-3.607421875,-3.607421875,1,-3,False
-,8,34,42,34,8,8,2,3.904296875,-3.904296875,-3.904296875,1,-1,False
-,8,35,43,35,8,8,1,3.939453125,-3.939453125,-3.939453125,1,-2,False
-,8,36,44,36,8,8,1,3.751953125,-3.751953125,-3.751953125,1,-2,False
-,8,37,45,37,8,8,0,3.529296875,-3.529296875,-3.529296875,1,-2,False
-,8,38,46,38,8,8,1,4.07421875,-4.07421875,-4.07421875,1,-0,False
-,8,39,47,39,8,8,0,3.8125,-3.8125,-3.8125,1,-6,False
-,8,40,48,40,8,8,1,3.298828125,-3.298828125,-3.298828125,1,-2,False
-,8,41,49,41,8,8,0,3.884765625,-3.884765625,-3.884765625,1,-1,False
-,8,42,50,42,8,8,1,4.1015625,-4.1015625,-4.1015625,1,-0,False
-,8,43,51,43,8,8,1,3.796875,-3.796875,-3.796875,1,-2,False
-,8,44,52,44,8,8,2,3.875,-3.875,-3.875,1,-3,False
-,8,45,53,45,8,8,0,3.9140625,-3.9140625,-3.9140625,1,-5,False
-,8,46,54,46,8,8,1,3.751953125,-3.751953125,-3.751953125,1,-2,False
-,8,47,55,47,8,8,1,3.5390625,-3.5390625,-3.5390625,1,-2,False
-,8,48,56,48,8,8,8,3.724609375,-3.724609375,-3.724609375,1,-3,False
-,8,49,57,49,8,8,1,3.587890625,-3.587890625,-3.587890625,1,-1,False
-,8,50,58,50,8,8,0,3.34765625,-3.34765625,-3.34765625,1,-0,False
-,8,51,59,51,8,8,0,3.138671875,-3.138671875,-3.138671875,1,-1,False
-,8,52,60,52,8,8,0,3.82421875,-3.82421875,-3.82421875,1,-2,False
-,8,53,61,53,8,8,0,3.91015625,-3.91015625,-3.91015625,1,-6,False
-,8,54,62,54,8,8,0,4.12109375,-4.12109375,-4.12109375,1,-6,False
-,8,55,63,55,8,8,0,3.763671875,-3.763671875,-3.763671875,1,-5,False
-,8,56,64,56,8,8,6,3.193359375,-3.193359375,-3.193359375,1,-6,False
-,8,57,65,57,8,8,0,3.185546875,-3.185546875,-3.185546875,1,-3,False
-,8,58,66,58,8,8,0,3.248046875,-3.248046875,-3.248046875,1,-3,False
-,8,59,67,59,8,8,1,3.423828125,-3.423828125,-3.423828125,1,-1,False
-,8,60,68,60,8,8,1,3.46875,-3.46875,-3.46875,1,-6,False
-,8,61,69,61,8,8,0,2.98046875,-2.98046875,-2.98046875,1,-6,False
-,8,62,70,62,8,8,1,3.390625,-3.390625,-3.390625,1,-3,False
-,8,63,71,63,8,8,0,3.15625,-3.15625,-3.15625,1,-6,False
-,8,64,72,64,8,8,2,3.263671875,-3.263671875,-3.263671875,1,-1,False
-,8,65,73,65,8,8,1,3.19921875,-3.19921875,-3.19921875,1,-2,False
-,8,66,74,66,8,8,0,3.90625,-3.90625,-3.90625,1,-6,False
-,8,67,75,67,8,8,1,3.787109375,-3.787109375,-3.787109375,1,-1,False
-,8,68,76,68,8,8,1,3.8828125,-3.8828125,-3.8828125,1,-3,False
-,8,69,77,69,8,8,0,3.70703125,-3.70703125,-3.70703125,1,-2,False
-,8,70,78,70,8,8,0,3.359375,-3.359375,-3.359375,1,-2,False
-,8,71,79,71,8,8,0,3.546875,-3.546875,-3.546875,1,-6,False
-,8,72,80,72,8,8,3,3.87109375,-3.87109375,-3.87109375,1,-6,False
-,8,73,81,73,8,8,0,3.18359375,-3.18359375,-3.18359375,1,-1,False
-,8,74,82,74,8,8,1,3.810546875,-3.810546875,-3.810546875,1,-1,False
-,8,75,83,75,8,8,0,3.89453125,-3.89453125,-3.89453125,1,-3,False
-,8,76,84,76,8,8,0,3.841796875,-3.841796875,-3.841796875,1,-1,False
-,8,77,85,77,8,8,1,3.591796875,-3.591796875,-3.591796875,1,-6,False
-,8,78,86,78,8,8,0,4.125,-4.125,-4.125,1,-6,False
-,8,79,87,79,8,8,0,3.8359375,-3.8359375,-3.8359375,1,-3,False
-,8,80,88,80,8,8,0,3.912109375,-3.912109375,-3.912109375,1,-6,False
-,8,81,89,81,8,8,0,3.927734375,-3.927734375,-3.927734375,1,-3,False
-,8,82,90,82,8,8,0,3.560546875,-3.560546875,-3.560546875,1,-69,False
-,8,83,91,83,8,8,0,3.767578125,-3.767578125,-3.767578125,1,-3,False
-,8,84,92,84,8,8,2,3.61328125,-3.61328125,-3.61328125,1,-3,False
-,8,85,93,85,8,8,0,4.54296875,-4.54296875,-4.54296875,1,-6,False
-,8,86,94,86,8,8,0,4.15625,-4.15625,-4.15625,1,-88,False
-,8,87,95,87,8,8,0,3.98828125,-3.98828125,-3.98828125,1,-88,False
-,8,88,96,88,8,8,0,4.34765625,-4.34765625,-4.34765625,1,-3,False
-,8,89,97,89,8,8,0,4.3125,-4.3125,-4.3125,1,-1,False
-,8,90,98,90,8,8,0,4.07421875,-4.07421875,-4.07421875,1,-72,False
-,8,91,99,91,8,8,0,4.16796875,-4.16796875,-4.16796875,1,-70,False
-,8,92,100,92,8,8,6,4.765625,-4.765625,-4.765625,1,"- 72
100 - 92",False
-,8,93,101,93,8,8,0,4.90234375,-4.90234375,-4.90234375,1,-2,False
-,8,94,102,94,8,8,0,3.8984375,-3.8984375,-3.8984375,1,-0,False
-,8,95,103,95,8,8,1,4.515625,-4.515625,-4.515625,1,-69,False
-,8,96,104,96,8,8,0,4.71484375,-4.71484375,-4.71484375,1,-0,False
-,8,97,105,97,8,8,0,4.06640625,-4.06640625,-4.06640625,1,-88,False
-,8,98,106,98,8,8,0,4.2734375,-4.2734375,-4.2734375,1,-99,False
-,8,99,107,99,8,8,0,4.15234375,-4.15234375,-4.15234375,1,-70,False
-,8,100,108,100,8,8,1,4.81640625,-4.81640625,-4.81640625,1,-60,False
-,9,1,10,1,9,9,164,4.96484375,-4.96484375,-4.96484375,1,-2,False
-,9,2,11,2,9,9,40,4.21875,-4.21875,-4.21875,1,-1,False
-,9,3,12,3,9,9,69,4.83984375,-4.83984375,-4.83984375,1,-2,False
-,9,4,13,4,9,9,35,4.421875,-4.421875,-4.421875,1,-6,False
-,9,5,14,5,9,9,20,4.2265625,-4.2265625,-4.2265625,1,-1,False
-,9,6,15,6,9,9,47,4.203125,-4.203125,-4.203125,1,-6,False
-,9,7,16,7,9,9,24,4.47265625,-4.47265625,-4.47265625,1,-3,False
-,9,8,17,8,9,9,10,4.11328125,-4.11328125,-4.11328125,1,-6,False
-,9,9,18,9,9,9,18,4.40625,-4.40625,-4.40625,1,-1,False
-,9,10,19,10,9,9,10,4.49609375,-4.49609375,-4.49609375,1,-2,False
-,9,11,20,11,9,9,13,4.3359375,-4.3359375,-4.3359375,1,-1,False
-,9,12,21,12,9,9,9,4.41015625,-4.41015625,-4.41015625,1,-2,False
-,9,13,22,13,9,9,11,4.30859375,-4.30859375,-4.30859375,1,-2,False
-,9,14,23,14,9,9,1,4.03515625,-4.03515625,-4.03515625,1,-3,False
-,9,15,24,15,9,9,9,4.26171875,-4.26171875,-4.26171875,1,-3,False
-,9,16,25,16,9,9,12,3.75390625,-3.75390625,-3.75390625,1,-2,False
-,9,17,26,17,9,9,6,3.703125,-3.703125,-3.703125,1,-2,False
-,9,18,27,18,9,9,5,3.84765625,-3.84765625,-3.84765625,1,-1,False
-,9,19,28,19,9,9,2,3.7578125,-3.7578125,-3.7578125,1,-5,False
-,9,20,29,20,9,9,2,4.015625,-4.015625,-4.015625,1,-2,False
-,9,21,30,21,9,9,5,3.86328125,-3.86328125,-3.86328125,1,-6,False
-,9,22,31,22,9,9,6,4.0234375,-4.0234375,-4.0234375,1,-5,False
-,9,23,32,23,9,9,5,4.71875,-4.71875,-4.71875,1,-6,False
-,9,24,33,24,9,9,0,4.55859375,-4.55859375,-4.55859375,1,-2,False
-,9,25,34,25,9,9,5,4.3828125,-4.3828125,-4.3828125,1,-3,False
-,9,26,35,26,9,9,2,4.49609375,-4.49609375,-4.49609375,1,-0,False
-,9,27,36,27,9,9,4,4.68359375,-4.68359375,-4.68359375,1,-6,False
-,9,28,37,28,9,9,2,3.775390625,-3.775390625,-3.775390625,1,-2,False
-,9,29,38,29,9,9,0,3.890625,-3.890625,-3.890625,1,-2,False
-,9,30,39,30,9,9,1,4.27734375,-4.27734375,-4.27734375,1,-2,False
-,9,31,40,31,9,9,1,4.25,-4.25,-4.25,1,-1,False
-,9,32,41,32,9,9,3,4.1171875,-4.1171875,-4.1171875,1,-3,False
-,9,33,42,33,9,9,1,4.62890625,-4.62890625,-4.62890625,1,-3,False
-,9,34,43,34,9,9,1,3.814453125,-3.814453125,-3.814453125,1,-2,False
-,9,35,44,35,9,9,1,4.00390625,-4.00390625,-4.00390625,1,-5,False
-,9,36,45,36,9,9,3,4.60546875,-4.60546875,-4.60546875,1,-2,False
-,9,37,46,37,9,9,0,3.775390625,-3.775390625,-3.775390625,1,-6,False
-,9,38,47,38,9,9,0,4.046875,-4.046875,-4.046875,1,-0,False
-,9,39,48,39,9,9,1,3.966796875,-3.966796875,-3.966796875,1,-0,False
-,9,40,49,40,9,9,0,4.2734375,-4.2734375,-4.2734375,1,-6,False
-,9,41,50,41,9,9,0,3.96484375,-3.96484375,-3.96484375,1,-2,False
-,9,42,51,42,9,9,0,4.09765625,-4.09765625,-4.09765625,1,-6,False
-,9,43,52,43,9,9,1,3.8671875,-3.8671875,-3.8671875,1,-2,False
-,9,44,53,44,9,9,0,3.78125,-3.78125,-3.78125,1,-2,False
-,9,45,54,45,9,9,5,3.978515625,-3.978515625,-3.978515625,1,-1,False
-,9,46,55,46,9,9,1,3.765625,-3.765625,-3.765625,1,-1,False
-,9,47,56,47,9,9,2,3.619140625,-3.619140625,-3.619140625,1,-2,False
-,9,48,57,48,9,9,7,3.744140625,-3.744140625,-3.744140625,1,-2,False
-,9,49,58,49,9,9,0,3.60546875,-3.60546875,-3.60546875,1,-2,False
-,9,50,59,50,9,9,1,3.353515625,-3.353515625,-3.353515625,1,-2,False
-,9,51,60,51,9,9,1,4.16796875,-4.16796875,-4.16796875,1,-1,False
-,9,52,61,52,9,9,2,4.0703125,-4.0703125,-4.0703125,1,-1,False
-,9,53,62,53,9,9,1,3.998046875,-3.998046875,-3.998046875,1,-1,False
-,9,54,63,54,9,9,1,3.6171875,-3.6171875,-3.6171875,1,-6,False
-,9,55,64,55,9,9,0,3.92578125,-3.92578125,-3.92578125,1,-6,False
-,9,56,65,56,9,9,0,3.26953125,-3.26953125,-3.26953125,1,-3,False
-,9,57,66,57,9,9,0,4.21875,-4.21875,-4.21875,1,-2,False
-,9,58,67,58,9,9,1,3.30859375,-3.30859375,-3.30859375,1,-6,False
-,9,59,68,59,9,9,1,4.19140625,-4.19140625,-4.19140625,1,-2,False
-,9,60,69,60,9,9,1,3.7890625,-3.7890625,-3.7890625,1,-5,False
-,9,61,70,61,9,9,0,3.759765625,-3.759765625,-3.759765625,1,-6,False
-,9,62,71,62,9,9,1,3.353515625,-3.353515625,-3.353515625,1,-3,False
-,9,63,72,63,9,9,1,4.2265625,-4.2265625,-4.2265625,1,-6,False
-,9,64,73,64,9,9,1,4.328125,-4.328125,-4.328125,1,-1,False
-,9,65,74,65,9,9,0,4.1015625,-4.1015625,-4.1015625,1,-5,False
-,9,66,75,66,9,9,0,3.91796875,-3.91796875,-3.91796875,1,-6,False
-,9,67,76,67,9,9,1,3.84765625,-3.84765625,-3.84765625,1,-3,False
-,9,68,77,68,9,9,0,3.83984375,-3.83984375,-3.83984375,1,-2,False
-,9,69,78,69,9,9,0,3.869140625,-3.869140625,-3.869140625,1,-2,False
-,9,70,79,70,9,9,0,4.2265625,-4.2265625,-4.2265625,1,-2,False
-,9,71,80,71,9,9,0,3.75,-3.75,-3.75,1,-1,False
-,9,72,81,72,9,9,0,3.759765625,-3.759765625,-3.759765625,1,-2,False
-,9,73,82,73,9,9,0,4.078125,-4.078125,-4.078125,1,-6,False
-,9,74,83,74,9,9,0,3.8828125,-3.8828125,-3.8828125,1,-2,False
-,9,75,84,75,9,9,1,3.90625,-3.90625,-3.90625,1,-2,False
-,9,76,85,76,9,9,0,3.78125,-3.78125,-3.78125,1,-2,False
-,9,77,86,77,9,9,0,3.8203125,-3.8203125,-3.8203125,1,-69,False
-,9,78,87,78,9,9,0,4.01171875,-4.01171875,-4.01171875,1,-6,False
-,9,79,88,79,9,9,0,3.80078125,-3.80078125,-3.80078125,1,-69,False
-,9,80,89,80,9,9,0,3.97265625,-3.97265625,-3.97265625,1,-6,False
-,9,81,90,81,9,9,0,3.8046875,-3.8046875,-3.8046875,1,-6,False
-,9,82,91,82,9,9,0,3.796875,-3.796875,-3.796875,1,-6,False
-,9,83,92,83,9,9,0,3.861328125,-3.861328125,-3.861328125,1,-1,False
-,9,84,93,84,9,9,0,4.5390625,-4.5390625,-4.5390625,1,-6,False
-,9,85,94,85,9,9,0,4.34375,-4.34375,-4.34375,1,-88,False
-,9,86,95,86,9,9,0,4.2265625,-4.2265625,-4.2265625,1,-70,False
-,9,87,96,87,9,9,0,4.265625,-4.265625,-4.265625,1,"-

A:",False
-,9,88,97,88,9,9,0,4.25,-4.25,-4.25,1,-88,False
-,9,89,98,89,9,9,1,4.078125,-4.078125,-4.078125,1,-1,False
-,9,90,99,90,9,9,2,3.73828125,-3.73828125,-3.73828125,1,-3,False
-,9,91,100,91,9,9,2,4.07421875,-4.07421875,-4.07421875,1,-70,False
-,9,92,101,92,9,9,0,4.0703125,-4.0703125,-4.0703125,1,-70,False
-,9,93,102,93,9,9,0,4.41796875,-4.41796875,-4.41796875,1,-1,False
-,9,94,103,94,9,9,0,4.6796875,-4.6796875,-4.6796875,1,-69,False
-,9,95,104,95,9,9,1,4.6484375,-4.6484375,-4.6484375,1,-3,False
-,9,96,105,96,9,9,0,4.49609375,-4.49609375,-4.49609375,1,-1,False
-,9,97,106,97,9,9,1,4.05859375,-4.05859375,-4.05859375,1,-88,False
-,9,98,107,98,9,9,0,4.46484375,-4.46484375,-4.46484375,1,-0,False
-,9,99,108,99,9,9,1,3.947265625,-3.947265625,-3.947265625,1,-70,False
-,9,100,109,100,9,9,1,4.8671875,-4.8671875,-4.8671875,1,-1,False
-,10,1,11,1,10,10,77,4.01171875,-4.01171875,-4.01171875,1,-1,False
-,10,2,12,2,10,10,63,4.859375,-4.859375,-4.859375,1,-1,False
-,10,3,13,3,10,10,38,4.19921875,-4.19921875,-4.19921875,1,-2,False
-,10,4,14,4,10,10,22,4.2890625,-4.2890625,-4.2890625,1,-2,False
-,10,5,15,5,10,10,48,3.962890625,-3.962890625,-3.962890625,1,-2,False
-,10,6,16,6,10,10,39,4.42578125,-4.42578125,-4.42578125,1,-6,False
-,10,7,17,7,10,10,12,4.234375,-4.234375,-4.234375,1,-5,False
-,10,8,18,8,10,10,17,4.22265625,-4.22265625,-4.22265625,1,-2,False
-,10,9,19,9,10,10,4,4.51171875,-4.51171875,-4.51171875,1,-1,False
-,10,10,20,10,10,10,51,4.32421875,-4.32421875,-4.32421875,1,-2,False
-,10,11,21,11,10,10,7,4.4765625,-4.4765625,-4.4765625,1,-2,False
-,10,12,22,12,10,10,13,4.43359375,-4.43359375,-4.43359375,1,-2,False
-,10,13,23,13,10,10,5,4.265625,-4.265625,-4.265625,1,-2,False
-,10,14,24,14,10,10,10,4.05078125,-4.05078125,-4.05078125,1,-3,False
-,10,15,25,15,10,10,18,4.60546875,-4.60546875,-4.60546875,1,-2,False
-,10,16,26,16,10,10,5,3.740234375,-3.740234375,-3.740234375,1,-5,False
-,10,17,27,17,10,10,4,3.708984375,-3.708984375,-3.708984375,1,-5,False
-,10,18,28,18,10,10,3,3.90234375,-3.90234375,-3.90234375,1,-1,False
-,10,19,29,19,10,10,2,3.818359375,-3.818359375,-3.818359375,1,-2,False
-,10,20,30,20,10,10,21,3.875,-3.875,-3.875,1,-2,False
-,10,21,31,21,10,10,4,3.904296875,-3.904296875,-3.904296875,1,-5,False
-,10,22,32,22,10,10,4,3.974609375,-3.974609375,-3.974609375,1,-6,False
-,10,23,33,23,10,10,2,4.5625,-4.5625,-4.5625,1,-3,False
-,10,24,34,24,10,10,0,4.4375,-4.4375,-4.4375,1,-2,False
-,10,25,35,25,10,10,11,4.33984375,-4.33984375,-4.33984375,1,-3,False
-,10,26,36,26,10,10,5,4.5625,-4.5625,-4.5625,1,-1,False
-,10,27,37,27,10,10,0,4.5703125,-4.5703125,-4.5703125,1,-0,False
-,10,28,38,28,10,10,1,3.8828125,-3.8828125,-3.8828125,1,-0,False
-,10,29,39,29,10,10,1,3.994140625,-3.994140625,-3.994140625,1,-0,False
-,10,30,40,30,10,10,13,4.23828125,-4.23828125,-4.23828125,1,-2,False
-,10,31,41,31,10,10,1,4.07421875,-4.07421875,-4.07421875,1,-1,False
-,10,32,42,32,10,10,1,4.1640625,-4.1640625,-4.1640625,1,-6,False
-,10,33,43,33,10,10,1,4.48828125,-4.48828125,-4.48828125,1,-5,False
-,10,34,44,34,10,10,0,3.861328125,-3.861328125,-3.861328125,1,-6,False
-,10,35,45,35,10,10,1,3.91796875,-3.91796875,-3.91796875,1,-0,False
-,10,36,46,36,10,10,0,3.7734375,-3.7734375,-3.7734375,1,-2,False
-,10,37,47,37,10,10,1,3.689453125,-3.689453125,-3.689453125,1,-2,False
-,10,38,48,38,10,10,0,4.11328125,-4.11328125,-4.11328125,1,-0,False
-,10,39,49,39,10,10,0,3.859375,-3.859375,-3.859375,1,-3,False
-,10,40,50,40,10,10,7,4.234375,-4.234375,-4.234375,1,-0,False
-,10,41,51,41,10,10,0,3.9609375,-3.9609375,-3.9609375,1,-2,False
-,10,42,52,42,10,10,1,3.96875,-3.96875,-3.96875,1,-6,False
-,10,43,53,43,10,10,1,4.60546875,-4.60546875,-4.60546875,1,-2,False
-,10,44,54,44,10,10,0,3.83984375,-3.83984375,-3.83984375,1,-2,False
-,10,45,55,45,10,10,4,4.04296875,-4.04296875,-4.04296875,1,-2,False
-,10,46,56,46,10,10,1,3.87890625,-3.87890625,-3.87890625,1,-1,False
-,10,47,57,47,10,10,1,3.64453125,-3.64453125,-3.64453125,1,-2,False
-,10,48,58,48,10,10,0,3.83984375,-3.83984375,-3.83984375,1,-2,False
-,10,49,59,49,10,10,1,4.59375,-4.59375,-4.59375,1,-2,False
-,10,50,60,50,10,10,9,4.24609375,-4.24609375,-4.24609375,1,-3,False
-,10,51,61,51,10,10,2,4.28515625,-4.28515625,-4.28515625,1,-6,False
-,10,52,62,52,10,10,1,4.0,-4.0,-4.0,1,-1,False
-,10,53,63,53,10,10,0,4.50390625,-4.50390625,-4.50390625,1,-3,False
-,10,54,64,54,10,10,2,3.767578125,-3.767578125,-3.767578125,1,-5,False
-,10,55,65,55,10,10,2,3.958984375,-3.958984375,-3.958984375,1,-6,False
-,10,56,66,56,10,10,0,3.26171875,-3.26171875,-3.26171875,1,-1,False
-,10,57,67,57,10,10,0,4.26171875,-4.26171875,-4.26171875,1,-1,False
-,10,58,68,58,10,10,1,4.09765625,-4.09765625,-4.09765625,1,-2,False
-,10,59,69,59,10,10,0,3.392578125,-3.392578125,-3.392578125,1,-1,False
-,10,60,70,60,10,10,3,3.65234375,-3.65234375,-3.65234375,1,-6,False
-,10,61,71,61,10,10,0,3.72265625,-3.72265625,-3.72265625,1,-6,False
-,10,62,72,62,10,10,2,3.404296875,-3.404296875,-3.404296875,1,-6,False
-,10,63,73,63,10,10,1,4.21484375,-4.21484375,-4.21484375,1,-6,False
-,10,64,74,64,10,10,1,4.17578125,-4.17578125,-4.17578125,1,-2,False
-,10,65,75,65,10,10,3,4.0625,-4.0625,-4.0625,1,-6,False
-,10,66,76,66,10,10,0,3.94140625,-3.94140625,-3.94140625,1,-2,False
-,10,67,77,67,10,10,0,3.734375,-3.734375,-3.734375,1,-0,False
-,10,68,78,68,10,10,0,3.939453125,-3.939453125,-3.939453125,1,-1,False
-,10,69,79,69,10,10,0,3.720703125,-3.720703125,-3.720703125,1,-3,False
-,10,70,80,70,10,10,3,3.375,-3.375,-3.375,1,-3,False
-,10,71,81,71,10,10,1,4.546875,-4.546875,-4.546875,1,-6,False
-,10,72,82,72,10,10,1,3.658203125,-3.658203125,-3.658203125,1,-2,False
-,10,73,83,73,10,10,0,4.20703125,-4.20703125,-4.20703125,1,-3,False
-,10,74,84,74,10,10,0,3.93359375,-3.93359375,-3.93359375,1,-2,False
-,10,75,85,75,10,10,1,3.734375,-3.734375,-3.734375,1,-5,False
-,10,76,86,76,10,10,0,3.935546875,-3.935546875,-3.935546875,1,-1,False
-,10,77,87,77,10,10,0,3.787109375,-3.787109375,-3.787109375,1,"-

I have a",False
-,10,78,88,78,10,10,0,3.87109375,-3.87109375,-3.87109375,1,-6,False
-,10,79,89,79,10,10,2,3.896484375,-3.896484375,-3.896484375,1,-69,False
-,10,80,90,80,10,10,4,3.81640625,-3.81640625,-3.81640625,1,-79,False
-,10,81,91,81,10,10,0,3.81640625,-3.81640625,-3.81640625,1,-2,False
-,10,82,92,82,10,10,0,3.705078125,-3.705078125,-3.705078125,1,-70,False
-,10,83,93,83,10,10,0,3.796875,-3.796875,-3.796875,1,-3,False
-,10,84,94,84,10,10,0,4.22265625,-4.22265625,-4.22265625,1,-6,False
-,10,85,95,85,10,10,0,4.3828125,-4.3828125,-4.3828125,1,"-

I have a",False
-,10,86,96,86,10,10,0,4.52734375,-4.52734375,-4.52734375,1,-70,False
-,10,87,97,87,10,10,1,4.13671875,-4.13671875,-4.13671875,1,-1,False
-,10,88,98,88,10,10,0,4.08984375,-4.08984375,-4.08984375,1,-88,False
-,10,89,99,89,10,10,1,3.98046875,-3.98046875,-3.98046875,1,-88,False
-,10,90,100,90,10,10,15,4.66015625,-4.66015625,-4.66015625,1,-90,False
-,10,91,101,91,10,10,1,4.11328125,-4.11328125,-4.11328125,1,-1,False
-,10,92,102,92,10,10,0,4.40234375,-4.40234375,-4.40234375,1,-69,False
-,10,93,103,93,10,10,0,4.11328125,-4.11328125,-4.11328125,1,-1,False
-,10,94,104,94,10,10,1,3.8046875,-3.8046875,-3.8046875,1,-0,False
-,10,95,105,95,10,10,0,4.671875,-4.671875,-4.671875,1,-69,False
-,10,96,106,96,10,10,0,4.546875,-4.546875,-4.546875,1,-1,False
-,10,97,107,97,10,10,1,4.16796875,-4.16796875,-4.16796875,1,-3,False
-,10,98,108,98,10,10,0,4.23046875,-4.23046875,-4.23046875,1,-98,False
-,10,99,109,99,10,10,0,3.951171875,-3.951171875,-3.951171875,1,-0,False
-,10,100,110,100,10,10,7,3.91796875,-3.91796875,-3.91796875,1,-6,False
-,11,1,12,1,11,11,36,4.8515625,-4.8515625,-4.8515625,1,-2,False
-,11,2,13,2,11,11,24,5.296875,-5.296875,-5.296875,1,-1,False
-,11,3,14,3,11,11,22,5.18359375,-5.18359375,-5.18359375,1,-1,False
-,11,4,15,4,11,11,28,5.03515625,-5.03515625,-5.03515625,1,-2,False
-,11,5,16,5,11,11,25,5.33203125,-5.33203125,-5.33203125,1,-0,False
-,11,6,17,6,11,11,9,5.2421875,-5.2421875,-5.2421875,1,-1,False
-,11,7,18,7,11,11,10,4.41796875,-4.41796875,-4.41796875,1,-2,False
-,11,8,19,8,11,11,8,4.55859375,-4.55859375,-4.55859375,1,-2,False
-,11,9,20,9,11,11,9,4.6328125,-4.6328125,-4.6328125,1,-1,False
-,11,10,21,10,11,11,12,4.57421875,-4.57421875,-4.57421875,1,-2,False
-,11,11,22,11,11,11,4,4.34765625,-4.34765625,-4.34765625,1,-2,False
-,11,12,23,12,11,11,8,4.2109375,-4.2109375,-4.2109375,1,-2,False
-,11,13,24,13,11,11,10,5.296875,-5.296875,-5.296875,1,-2,False
-,11,14,25,14,11,11,4,4.34765625,-4.34765625,-4.34765625,1,-2,False
-,11,15,26,15,11,11,3,4.53515625,-4.53515625,-4.53515625,1,-2,False
-,11,16,27,16,11,11,5,4.7421875,-4.7421875,-4.7421875,1,-2,False
-,11,17,28,17,11,11,4,4.72265625,-4.72265625,-4.72265625,1,-0,False
-,11,18,29,18,11,11,2,4.91015625,-4.91015625,-4.91015625,1,-2,False
-,11,19,30,19,11,11,5,4.78515625,-4.78515625,-4.78515625,1,-6,False
-,11,20,31,20,11,11,3,4.0859375,-4.0859375,-4.0859375,1,-2,False
-,11,21,32,21,11,11,7,4.890625,-4.890625,-4.890625,1,-6,False
-,11,22,33,22,11,11,4,4.828125,-4.828125,-4.828125,1,-2,False
-,11,23,34,23,11,11,0,4.4453125,-4.4453125,-4.4453125,1,-6,False
-,11,24,35,24,11,11,2,4.35546875,-4.35546875,-4.35546875,1,-1,False
-,11,25,36,25,11,11,6,4.45703125,-4.45703125,-4.45703125,1,-2,False
-,11,26,37,26,11,11,4,4.515625,-4.515625,-4.515625,1,-0,False
-,11,27,38,27,11,11,1,4.6875,-4.6875,-4.6875,1,-2,False
-,11,28,39,28,11,11,1,4.93359375,-4.93359375,-4.93359375,1,-2,False
-,11,29,40,29,11,11,1,4.08984375,-4.08984375,-4.08984375,1,-0,False
-,11,30,41,30,11,11,1,4.203125,-4.203125,-4.203125,1,-2,False
-,11,31,42,31,11,11,0,5.03515625,-5.03515625,-5.03515625,1,-1,False
-,11,32,43,32,11,11,0,5.07421875,-5.07421875,-5.07421875,1,-6,False
-,11,33,44,33,11,11,0,4.6015625,-4.6015625,-4.6015625,1,-6,False
-,11,34,45,34,11,11,2,4.796875,-4.796875,-4.796875,1,-3,False
-,11,35,46,35,11,11,1,4.99609375,-4.99609375,-4.99609375,1,-2,False
-,11,36,47,36,11,11,3,4.65625,-4.65625,-4.65625,1,-2,False
-,11,37,48,37,11,11,0,4.86328125,-4.86328125,-4.86328125,1,-0,False
-,11,38,49,38,11,11,1,5.109375,-5.109375,-5.109375,1,-0,False
-,11,39,50,39,11,11,0,4.90625,-4.90625,-4.90625,1,-3,False
-,11,40,51,40,11,11,0,4.30859375,-4.30859375,-4.30859375,1,-5,False
-,11,41,52,41,11,11,0,4.87890625,-4.87890625,-4.87890625,1,-2,False
-,11,42,53,42,11,11,0,4.921875,-4.921875,-4.921875,1,-6,False
-,11,43,54,43,11,11,2,4.81640625,-4.81640625,-4.81640625,1,-2,False
-,11,44,55,44,11,11,0,4.83203125,-4.83203125,-4.83203125,1,-3,False
-,11,45,56,45,11,11,3,4.13671875,-4.13671875,-4.13671875,1,-6,False
-,11,46,57,46,11,11,3,4.86328125,-4.86328125,-4.86328125,1,-6,False
-,11,47,58,47,11,11,1,4.7265625,-4.7265625,-4.7265625,1,-0,False
-,11,48,59,48,11,11,1,4.70703125,-4.70703125,-4.70703125,1,-2,False
-,11,49,60,49,11,11,1,4.55078125,-4.55078125,-4.55078125,1,-2,False
-,11,50,61,50,11,11,0,4.41796875,-4.41796875,-4.41796875,1,-6,False
-,11,51,62,51,11,11,0,4.30078125,-4.30078125,-4.30078125,1,-6,False
-,11,52,63,52,11,11,0,4.58984375,-4.58984375,-4.58984375,1,-2,False
-,11,53,64,53,11,11,0,4.6640625,-4.6640625,-4.6640625,1,-6,False
-,11,54,65,54,11,11,0,4.79296875,-4.79296875,-4.79296875,1,-6,False
-,11,55,66,55,11,11,0,4.0625,-4.0625,-4.0625,1,-3,False
-,11,56,67,56,11,11,1,4.33984375,-4.33984375,-4.33984375,1,-1,False
-,11,57,68,57,11,11,0,5.0625,-5.0625,-5.0625,1,-3,False
-,11,58,69,58,11,11,2,4.28125,-4.28125,-4.28125,1,-6,False
-,11,59,70,59,11,11,0,4.30078125,-4.30078125,-4.30078125,1,-2,False
-,11,60,71,60,11,11,0,4.51953125,-4.51953125,-4.51953125,1,-3,False
-,11,61,72,61,11,11,0,3.69140625,-3.69140625,-3.69140625,1,-1,False
-,11,62,73,62,11,11,0,4.39453125,-4.39453125,-4.39453125,1,-3,False
-,11,63,74,63,11,11,0,5.06640625,-5.06640625,-5.06640625,1,-2,False
-,11,64,75,64,11,11,2,4.13671875,-4.13671875,-4.13671875,1,-5,False
-,11,65,76,65,11,11,0,4.11328125,-4.11328125,-4.11328125,1,-6,False
-,11,66,77,66,11,11,0,4.87109375,-4.87109375,-4.87109375,1,-6,False
-,11,67,78,67,11,11,0,4.890625,-4.890625,-4.890625,1,-0,False
-,11,68,79,68,11,11,1,4.8359375,-4.8359375,-4.8359375,1,-6,False
-,11,69,80,69,11,11,2,4.91796875,-4.91796875,-4.91796875,1,-2,False
-,11,70,81,70,11,11,3,4.234375,-4.234375,-4.234375,1,-2,False
-,11,71,82,71,11,11,0,4.52734375,-4.52734375,-4.52734375,1,-3,False
-,11,72,83,72,11,11,3,4.7578125,-4.7578125,-4.7578125,1,-6,False
-,11,73,84,73,11,11,1,4.25,-4.25,-4.25,1,-1,False
-,11,74,85,74,11,11,2,4.84375,-4.84375,-4.84375,1,-2,False
-,11,75,86,75,11,11,0,4.9921875,-4.9921875,-4.9921875,1,-3,False
-,11,76,87,76,11,11,0,4.87890625,-4.87890625,-4.87890625,1,-69,False
-,11,77,88,77,11,11,1,4.71484375,-4.71484375,-4.71484375,1,-6,False
-,11,78,89,78,11,11,0,4.10546875,-4.10546875,-4.10546875,1,-3,False
-,11,79,90,79,11,11,3,4.421875,-4.421875,-4.421875,1,-5,False
-,11,80,91,80,11,11,1,4.86328125,-4.86328125,-4.86328125,1,-79,False
-,11,81,92,81,11,11,0,4.81640625,-4.81640625,-4.81640625,1,-69,False
-,11,82,93,82,11,11,0,4.82421875,-4.82421875,-4.82421875,1,-6,False
-,11,83,94,83,11,11,0,4.69140625,-4.69140625,-4.69140625,1,-3,False
-,11,84,95,84,11,11,0,5.15625,-5.15625,-5.15625,1,-69,False
-,11,85,96,85,11,11,0,4.58984375,-4.58984375,-4.58984375,1,-70,False
-,11,86,97,86,11,11,0,4.38671875,-4.38671875,-4.38671875,1,-1,False
-,11,87,98,87,11,11,0,4.94140625,-4.94140625,-4.94140625,1,-6,False
-,11,88,99,88,11,11,0,4.8828125,-4.8828125,-4.8828125,1,-88,False
-,11,89,100,89,11,11,4,4.94921875,-4.94921875,-4.94921875,1,-60,False
-,11,90,101,90,11,11,1,4.4453125,-4.4453125,-4.4453125,1,-60,False
-,11,91,102,91,11,11,0,4.48046875,-4.48046875,-4.48046875,1,-1,False
-,11,92,103,92,11,11,0,4.94921875,-4.94921875,-4.94921875,1,-69,False
-,11,93,104,93,11,11,0,5.0390625,-5.0390625,-5.0390625,1,-3,False
-,11,94,105,94,11,11,0,4.7578125,-4.7578125,-4.7578125,1,-2,False
-,11,95,106,95,11,11,0,4.42578125,-4.42578125,-4.42578125,1,-69,False
-,11,96,107,96,11,11,0,4.5703125,-4.5703125,-4.5703125,1,-0,False
-,11,97,108,97,11,11,0,4.99609375,-4.99609375,-4.99609375,1,-3,False
-,11,98,109,98,11,11,0,4.30859375,-4.30859375,-4.30859375,1,-3,False
-,11,99,110,99,11,11,1,4.84375,-4.84375,-4.84375,1,-69,False
-,11,100,111,100,11,11,3,4.859375,-4.859375,-4.859375,1,-1,False
-,12,1,13,1,12,12,31,4.28515625,-4.28515625,-4.28515625,1,-1,False
-,12,2,14,2,12,12,17,5.23828125,-5.23828125,-5.23828125,1,-2,False
-,12,3,15,3,12,12,44,4.73046875,-4.73046875,-4.73046875,1,-3,False
-,12,4,16,4,12,12,61,4.4609375,-4.4609375,-4.4609375,1,-0,False
-,12,5,17,5,12,12,24,5.21484375,-5.21484375,-5.21484375,1,-3,False
-,12,6,18,6,12,12,20,4.3671875,-4.3671875,-4.3671875,1,-1,False
-,12,7,19,7,12,12,11,4.53125,-4.53125,-4.53125,1,-2,False
-,12,8,20,8,12,12,16,4.3359375,-4.3359375,-4.3359375,1,-2,False
-,12,9,21,9,12,12,14,4.609375,-4.609375,-4.609375,1,-1,False
-,12,10,22,10,12,12,7,4.31640625,-4.31640625,-4.31640625,1,-2,False
-,12,11,23,11,12,12,5,4.28515625,-4.28515625,-4.28515625,1,-2,False
-,12,12,24,12,12,12,19,4.37890625,-4.37890625,-4.37890625,1,-2,False
-,12,13,25,13,12,12,7,4.5,-4.5,-4.5,1,-1,False
-,12,14,26,14,12,12,4,4.4140625,-4.4140625,-4.4140625,1,-6,False
-,12,15,27,15,12,12,4,4.640625,-4.640625,-4.640625,1,-2,False
-,12,16,28,16,12,12,4,4.75390625,-4.75390625,-4.75390625,1,-1,False
-,12,17,29,17,12,12,2,4.80859375,-4.80859375,-4.80859375,1,-0,False
-,12,18,30,18,12,12,9,4.81640625,-4.81640625,-4.81640625,1,-1,False
-,12,19,31,19,12,12,0,4.85546875,-4.85546875,-4.85546875,1,-2,False
-,12,20,32,20,12,12,16,4.0703125,-4.0703125,-4.0703125,1,-2,False
-,12,21,33,21,12,12,2,4.79296875,-4.79296875,-4.79296875,1,-5,False
-,12,22,34,22,12,12,2,4.70703125,-4.70703125,-4.70703125,1,-6,False
-,12,23,35,23,12,12,3,4.46875,-4.46875,-4.46875,1,-6,False
-,12,24,36,24,12,12,9,4.6015625,-4.6015625,-4.6015625,1,-0,False
-,12,25,37,25,12,12,14,4.43359375,-4.43359375,-4.43359375,1,-3,False
-,12,26,38,26,12,12,1,4.5078125,-4.5078125,-4.5078125,1,-2,False
-,12,27,39,27,12,12,0,4.83203125,-4.83203125,-4.83203125,1,-6,False
-,12,28,40,28,12,12,4,4.09765625,-4.09765625,-4.09765625,1,-6,False
-,12,29,41,29,12,12,0,3.935546875,-3.935546875,-3.935546875,1,-6,False
-,12,30,42,30,12,12,2,4.2109375,-4.2109375,-4.2109375,1,-2,False
-,12,31,43,31,12,12,0,4.95703125,-4.95703125,-4.95703125,1,-2,False
-,12,32,44,32,12,12,2,4.1328125,-4.1328125,-4.1328125,1,-6,False
-,12,33,45,33,12,12,2,4.35546875,-4.35546875,-4.35546875,1,-0,False
-,12,34,46,34,12,12,0,4.89453125,-4.89453125,-4.89453125,1,-2,False
-,12,35,47,35,12,12,0,3.953125,-3.953125,-3.953125,1,-5,False
-,12,36,48,36,12,12,0,4.78515625,-4.78515625,-4.78515625,1,-2,False
-,12,37,49,37,12,12,0,4.828125,-4.828125,-4.828125,1,-2,False
-,12,38,50,38,12,12,0,4.09375,-4.09375,-4.09375,1,-0,False
-,12,39,51,39,12,12,1,4.9296875,-4.9296875,-4.9296875,1,-2,False
-,12,40,52,40,12,12,2,4.2578125,-4.2578125,-4.2578125,1,-5,False
-,12,41,53,41,12,12,2,4.7421875,-4.7421875,-4.7421875,1,-1,False
-,12,42,54,42,12,12,1,4.94140625,-4.94140625,-4.94140625,1,-6,False
-,12,43,55,43,12,12,2,4.7734375,-4.7734375,-4.7734375,1,-2,False
-,12,44,56,44,12,12,1,4.921875,-4.921875,-4.921875,1,-2,False
-,12,45,57,45,12,12,0,4.140625,-4.140625,-4.140625,1,-2,False
-,12,46,58,46,12,12,0,4.92578125,-4.92578125,-4.92578125,1,-6,False
-,12,47,59,47,12,12,0,4.65234375,-4.65234375,-4.65234375,1,-1,False
-,12,48,60,48,12,12,3,4.734375,-4.734375,-4.734375,1,-2,False
-,12,49,61,49,12,12,0,4.7421875,-4.7421875,-4.7421875,1,-1,False
-,12,50,62,50,12,12,0,4.40234375,-4.40234375,-4.40234375,1,-1,False
-,12,51,63,51,12,12,0,3.900390625,-3.900390625,-3.900390625,1,-1,False
-,12,52,64,52,12,12,3,4.6953125,-4.6953125,-4.6953125,1,-5,False
-,12,53,65,53,12,12,1,4.6796875,-4.6796875,-4.6796875,1,-3,False
-,12,54,66,54,12,12,0,4.8046875,-4.8046875,-4.8046875,1,-6,False
-,12,55,67,55,12,12,1,4.1484375,-4.1484375,-4.1484375,1,-3,False
-,12,56,68,56,12,12,0,4.04296875,-4.04296875,-4.04296875,1,-2,False
-,12,57,69,57,12,12,0,4.2890625,-4.2890625,-4.2890625,1,-1,False
-,12,58,70,58,12,12,1,4.18359375,-4.18359375,-4.18359375,1,-6,False
-,12,59,71,59,12,12,0,4.1640625,-4.1640625,-4.1640625,1,-2,False
-,12,60,72,60,12,12,3,4.59375,-4.59375,-4.59375,1,-6,False
-,12,61,73,61,12,12,0,3.849609375,-3.849609375,-3.849609375,1,-6,False
-,12,62,74,62,12,12,0,4.265625,-4.265625,-4.265625,1,-6,False
-,12,63,75,63,12,12,2,4.00390625,-4.00390625,-4.00390625,1,-2,False
-,12,64,76,64,12,12,0,4.1640625,-4.1640625,-4.1640625,1,-3,False
-,12,65,77,65,12,12,0,3.974609375,-3.974609375,-3.974609375,1,-5,False
-,12,66,78,66,12,12,0,3.990234375,-3.990234375,-3.990234375,1,-1,False
-,12,67,79,67,12,12,0,4.77734375,-4.77734375,-4.77734375,1,-1,False
-,12,68,80,68,12,12,1,3.931640625,-3.931640625,-3.931640625,1,-2,False
-,12,69,81,69,12,12,0,4.79296875,-4.79296875,-4.79296875,1,-1,False
-,12,70,82,70,12,12,0,4.17578125,-4.17578125,-4.17578125,1,-1,False
-,12,71,83,71,12,12,0,4.56640625,-4.56640625,-4.56640625,1,-6,False
-,12,72,84,72,12,12,2,4.765625,-4.765625,-4.765625,1,-6,False
-,12,73,85,73,12,12,0,4.08984375,-4.08984375,-4.08984375,1,-2,False
-,12,74,86,74,12,12,1,4.0234375,-4.0234375,-4.0234375,1,-3,False
-,12,75,87,75,12,12,0,3.962890625,-3.962890625,-3.962890625,1,-2,False
-,12,76,88,76,12,12,0,4.84375,-4.84375,-4.84375,1,-69,False
-,12,77,89,77,12,12,1,4.84765625,-4.84765625,-4.84765625,1,-5,False
-,12,78,90,78,12,12,0,4.91796875,-4.91796875,-4.91796875,1,-5,False
-,12,79,91,79,12,12,0,4.78515625,-4.78515625,-4.78515625,1,-69,False
-,12,80,92,80,12,12,2,4.9140625,-4.9140625,-4.9140625,1,-83,False
-,12,81,93,81,12,12,4,4.8046875,-4.8046875,-4.8046875,1,-6,False
-,12,82,94,82,12,12,0,4.51171875,-4.51171875,-4.51171875,1,-6,False
-,12,83,95,83,12,12,0,4.87109375,-4.87109375,-4.87109375,1,-2,False
-,12,84,96,84,12,12,0,4.3984375,-4.3984375,-4.3984375,1,-6,False
-,12,85,97,85,12,12,0,4.36328125,-4.36328125,-4.36328125,1,-69,False
-,12,86,98,86,12,12,0,4.3203125,-4.3203125,-4.3203125,1,-1,False
-,12,87,99,87,12,12,0,4.7578125,-4.7578125,-4.7578125,1,-6,False
-,12,88,100,88,12,12,1,4.7734375,-4.7734375,-4.7734375,1,-88,False
-,12,89,101,89,12,12,0,4.7890625,-4.7890625,-4.7890625,1,-2,False
-,12,90,102,90,12,12,0,5.11328125,-5.11328125,-5.11328125,1,-60,False
-,12,91,103,91,12,12,0,5.16015625,-5.16015625,-5.16015625,1,-1,False
-,12,92,104,92,12,12,0,5.359375,-5.359375,-5.359375,1,-70,False
-,12,93,105,93,12,12,0,5.0703125,-5.0703125,-5.0703125,1,-3,False
-,12,94,106,94,12,12,0,4.71484375,-4.71484375,-4.71484375,1,-0,False
-,12,95,107,95,12,12,1,4.640625,-4.640625,-4.640625,1,-3,False
-,12,96,108,96,12,12,0,4.453125,-4.453125,-4.453125,1,-0,False
-,12,97,109,97,12,12,0,5.0,-5.0,-5.0,1,-0,False
-,12,98,110,98,12,12,0,4.421875,-4.421875,-4.421875,1,-70,False
-,12,99,111,99,12,12,0,4.98046875,-4.98046875,-4.98046875,1,-70,False
-,12,100,112,100,12,12,6,5.07421875,-5.07421875,-5.07421875,1,-3,False
-,13,1,14,1,13,13,13,5.04296875,-5.04296875,-5.04296875,1,-0,False
-,13,2,15,2,13,13,26,4.90234375,-4.90234375,-4.90234375,1,-1,False
-,13,3,16,3,13,13,24,5.21875,-5.21875,-5.21875,1,-1,False
-,13,4,17,4,13,13,15,5.2578125,-5.2578125,-5.2578125,1,-0,False
-,13,5,18,5,13,13,18,5.32421875,-5.32421875,-5.32421875,1,-5,False
-,13,6,19,6,13,13,10,4.4921875,-4.4921875,-4.4921875,1,-6,False
-,13,7,20,7,13,13,22,4.53515625,-4.53515625,-4.53515625,1,-2,False
-,13,8,21,8,13,13,8,4.41796875,-4.41796875,-4.41796875,1,-6,False
-,13,9,22,9,13,13,11,4.5390625,-4.5390625,-4.5390625,1,-1,False
-,13,10,23,10,13,13,10,4.265625,-4.265625,-4.265625,1,-6,False
-,13,11,24,11,13,13,7,4.3359375,-4.3359375,-4.3359375,1,-2,False
-,13,12,25,12,13,13,9,4.5703125,-4.5703125,-4.5703125,1,-1,False
-,13,13,26,13,13,13,5,4.51171875,-4.51171875,-4.51171875,1,-2,False
-,13,14,27,14,13,13,4,4.34765625,-4.34765625,-4.34765625,1,-6,False
-,13,15,28,15,13,13,4,4.6796875,-4.6796875,-4.6796875,1,-2,False
-,13,16,29,16,13,13,1,4.83984375,-4.83984375,-4.83984375,1,-2,False
-,13,17,30,17,13,13,3,4.78125,-4.78125,-4.78125,1,-0,False
-,13,18,31,18,13,13,2,4.90625,-4.90625,-4.90625,1,-6,False
-,13,19,32,19,13,13,3,4.8046875,-4.8046875,-4.8046875,1,-2,False
-,13,20,33,20,13,13,3,4.93359375,-4.93359375,-4.93359375,1,-2,False
-,13,21,34,21,13,13,4,4.62109375,-4.62109375,-4.62109375,1,-6,False
-,13,22,35,22,13,13,0,4.73828125,-4.73828125,-4.73828125,1,-6,False
-,13,23,36,23,13,13,2,4.53125,-4.53125,-4.53125,1,-6,False
-,13,24,37,24,13,13,0,5.4921875,-5.4921875,-5.4921875,1,-1,False
-,13,25,38,25,13,13,2,5.4140625,-5.4140625,-5.4140625,1,-0,False
-,13,26,39,26,13,13,1,4.5859375,-4.5859375,-4.5859375,1,-6,False
-,13,27,40,27,13,13,0,4.95703125,-4.95703125,-4.95703125,1,-1,False
-,13,28,41,28,13,13,0,4.953125,-4.953125,-4.953125,1,-2,False
-,13,29,42,29,13,13,0,4.98828125,-4.98828125,-4.98828125,1,-1,False
-,13,30,43,30,13,13,0,5.09375,-5.09375,-5.09375,1,-2,False
-,13,31,44,31,13,13,0,5.00390625,-5.00390625,-5.00390625,1,-2,False
-,13,32,45,32,13,13,1,5.09765625,-5.09765625,-5.09765625,1,-0,False
-,13,33,46,33,13,13,1,4.60546875,-4.60546875,-4.60546875,1,-6,False
-,13,34,47,34,13,13,1,4.796875,-4.796875,-4.796875,1,-3,False
-,13,35,48,35,13,13,2,4.9921875,-4.9921875,-4.9921875,1,-0,False
-,13,36,49,36,13,13,3,4.7734375,-4.7734375,-4.7734375,1,-1,False
-,13,37,50,37,13,13,0,4.8515625,-4.8515625,-4.8515625,1,-1,False
-,13,38,51,38,13,13,0,5.1796875,-5.1796875,-5.1796875,1,-6,False
-,13,39,52,39,13,13,3,4.8828125,-4.8828125,-4.8828125,1,-2,False
-,13,40,53,40,13,13,0,5.1484375,-5.1484375,-5.1484375,1,-2,False
-,13,41,54,41,13,13,0,4.91015625,-4.91015625,-4.91015625,1,-2,False
-,13,42,55,42,13,13,0,5.0234375,-5.0234375,-5.0234375,1,-6,False
-,13,43,56,43,13,13,1,4.875,-4.875,-4.875,1,-2,False
-,13,44,57,44,13,13,0,4.97265625,-4.97265625,-4.97265625,1,-2,False
-,13,45,58,45,13,13,0,5.171875,-5.171875,-5.171875,1,-5,False
-,13,46,59,46,13,13,0,4.8671875,-4.8671875,-4.8671875,1,-6,False
-,13,47,60,47,13,13,1,4.66796875,-4.66796875,-4.66796875,1,-2,False
-,13,48,61,48,13,13,0,4.98828125,-4.98828125,-4.98828125,1,-1,False
-,13,49,62,49,13,13,0,4.77734375,-4.77734375,-4.77734375,1,-1,False
-,13,50,63,50,13,13,1,5.23828125,-5.23828125,-5.23828125,1,-2,False
-,13,51,64,51,13,13,1,5.06640625,-5.06640625,-5.06640625,1,-3,False
-,13,52,65,52,13,13,1,4.80859375,-4.80859375,-4.80859375,1,-2,False
-,13,53,66,53,13,13,0,4.66796875,-4.66796875,-4.66796875,1,-2,False
-,13,54,67,54,13,13,0,4.90625,-4.90625,-4.90625,1,-6,False
-,13,55,68,55,13,13,0,4.80078125,-4.80078125,-4.80078125,1,-6,False
-,13,56,69,56,13,13,0,4.359375,-4.359375,-4.359375,1,-2,False
-,13,57,70,57,13,13,3,5.1953125,-5.1953125,-5.1953125,1,-6,False
-,13,58,71,58,13,13,1,5.13671875,-5.13671875,-5.13671875,1,-6,False
-,13,59,72,59,13,13,1,4.2890625,-4.2890625,-4.2890625,1,-2,False
-,13,60,73,60,13,13,0,4.6171875,-4.6171875,-4.6171875,1,-5,False
-,13,61,74,61,13,13,0,4.6015625,-4.6015625,-4.6015625,1,-6,False
-,13,62,75,62,13,13,0,5.1640625,-5.1640625,-5.1640625,1,-6,False
-,13,63,76,63,13,13,1,5.1328125,-5.1328125,-5.1328125,1,-2,False
-,13,64,77,64,13,13,2,5.05859375,-5.05859375,-5.05859375,1,-6,False
-,13,65,78,65,13,13,1,5.17578125,-5.17578125,-5.17578125,1,-5,False
-,13,66,79,66,13,13,0,4.8984375,-4.8984375,-4.8984375,1,-6,False
-,13,67,80,67,13,13,0,5.0703125,-5.0703125,-5.0703125,1,-6,False
-,13,68,81,68,13,13,1,4.8515625,-4.8515625,-4.8515625,1,-6,False
-,13,69,82,69,13,13,0,4.66796875,-4.66796875,-4.66796875,1,-6,False
-,13,70,83,70,13,13,2,4.2578125,-4.2578125,-4.2578125,1,-3,False
-,13,71,84,71,13,13,0,4.58203125,-4.58203125,-4.58203125,1,-6,False
-,13,72,85,72,13,13,0,4.67578125,-4.67578125,-4.67578125,1,-6,False
-,13,73,86,73,13,13,1,4.3359375,-4.3359375,-4.3359375,1,-1,False
-,13,74,87,74,13,13,1,4.98046875,-4.98046875,-4.98046875,1,-69,False
-,13,75,88,75,13,13,0,4.91015625,-4.91015625,-4.91015625,1,-1,False
-,13,76,89,76,13,13,0,4.95703125,-4.95703125,-4.95703125,1,-6,False
-,13,77,90,77,13,13,0,5.32421875,-5.32421875,-5.32421875,1,-5,False
-,13,78,91,78,13,13,1,4.9765625,-4.9765625,-4.9765625,1,-6,False
-,13,79,92,79,13,13,1,4.76953125,-4.76953125,-4.76953125,1,-3,False
-,13,80,93,80,13,13,0,4.94140625,-4.94140625,-4.94140625,1,-6,False
-,13,81,94,81,13,13,0,4.75390625,-4.75390625,-4.75390625,1,-6,False
-,13,82,95,82,13,13,1,4.61328125,-4.61328125,-4.61328125,1,-82,False
-,13,83,96,83,13,13,0,4.8671875,-4.8671875,-4.8671875,1,-6,False
-,13,84,97,84,13,13,1,5.48828125,-5.48828125,-5.48828125,1,-2,False
-,13,85,98,85,13,13,0,5.359375,-5.359375,-5.359375,1,-88,False
-,13,86,99,86,13,13,1,5.015625,-5.015625,-5.015625,1,-70,False
-,13,87,100,87,13,13,0,4.80859375,-4.80859375,-4.80859375,1,-6,False
-,13,88,101,88,13,13,0,5.5234375,-5.5234375,-5.5234375,1,-88,False
-,13,89,102,89,13,13,0,4.4453125,-4.4453125,-4.4453125,1,-69,False
-,13,90,103,90,13,13,0,4.8046875,-4.8046875,-4.8046875,1,-60,False
-,13,91,104,91,13,13,0,5.3828125,-5.3828125,-5.3828125,1,-2,False
-,13,92,105,92,13,13,0,5.2421875,-5.2421875,-5.2421875,1,-70,False
-,13,93,106,93,13,13,0,5.03515625,-5.03515625,-5.03515625,1,-3,False
-,13,94,107,94,13,13,1,4.734375,-4.734375,-4.734375,1,-0,False
-,13,95,108,95,13,13,1,5.390625,-5.390625,-5.390625,1,-69,False
-,13,96,109,96,13,13,1,4.45703125,-4.45703125,-4.45703125,1,-0,False
-,13,97,110,97,13,13,1,5.04296875,-5.04296875,-5.04296875,1,-70,False
-,13,98,111,98,13,13,0,5.25390625,-5.25390625,-5.25390625,1,-3,False
-,13,99,112,99,13,13,0,5.05859375,-5.05859375,-5.05859375,1,-70,False
-,13,100,113,100,13,13,2,4.796875,-4.796875,-4.796875,1,-1,False
-,14,1,15,1,14,14,35,4.875,-4.875,-4.875,1,-2,False
-,14,2,16,2,14,14,32,4.3515625,-4.3515625,-4.3515625,1,-1,False
-,14,3,17,3,14,14,9,5.16015625,-5.16015625,-5.16015625,1,-1,False
-,14,4,18,4,14,14,18,4.43359375,-4.43359375,-4.43359375,1,-1,False
-,14,5,19,5,14,14,5,4.48046875,-4.48046875,-4.48046875,1,-2,False
-,14,6,20,6,14,14,14,4.421875,-4.421875,-4.421875,1,-6,False
-,14,7,21,7,14,14,13,4.4921875,-4.4921875,-4.4921875,1,-5,False
-,14,8,22,8,14,14,4,4.3046875,-4.3046875,-4.3046875,1,-3,False
-,14,9,23,9,14,14,6,4.4375,-4.4375,-4.4375,1,-2,False
-,14,10,24,10,14,14,17,4.60546875,-4.60546875,-4.60546875,1,-6,False
-,14,11,25,11,14,14,7,3.625,-3.625,-3.625,1,-1,False
-,14,12,26,12,14,14,4,4.55859375,-4.55859375,-4.55859375,1,-2,False
-,14,13,27,13,14,14,9,3.630859375,-3.630859375,-3.630859375,1,-1,False
-,14,14,28,14,14,14,6,4.46875,-4.46875,-4.46875,1,-3,False
-,14,15,29,15,14,14,1,3.759765625,-3.759765625,-3.759765625,1,-5,False
-,14,16,30,16,14,14,8,3.802734375,-3.802734375,-3.802734375,1,-3,False
-,14,17,31,17,14,14,1,3.900390625,-3.900390625,-3.900390625,1,-1,False
-,14,18,32,18,14,14,5,3.93359375,-3.93359375,-3.93359375,1,-1,False
-,14,19,33,19,14,14,6,4.734375,-4.734375,-4.734375,1,-5,False
-,14,20,34,20,14,14,1,3.83984375,-3.83984375,-3.83984375,1,-3,False
-,14,21,35,21,14,14,9,4.66796875,-4.66796875,-4.66796875,1,-6,False
-,14,22,36,22,14,14,3,4.75390625,-4.75390625,-4.75390625,1,-2,False
-,14,23,37,23,14,14,5,4.484375,-4.484375,-4.484375,1,-3,False
-,14,24,38,24,14,14,0,4.52734375,-4.52734375,-4.52734375,1,-6,False
-,14,25,39,25,14,14,0,4.55078125,-4.55078125,-4.55078125,1,-5,False
-,14,26,40,26,14,14,1,4.765625,-4.765625,-4.765625,1,-1,False
-,14,27,41,27,14,14,0,4.734375,-4.734375,-4.734375,1,-0,False
-,14,28,42,28,14,14,5,3.91796875,-3.91796875,-3.91796875,1,-2,False
-,14,29,43,29,14,14,0,3.9375,-3.9375,-3.9375,1,-6,False
-,14,30,44,30,14,14,0,4.125,-4.125,-4.125,1,-6,False
-,14,31,45,31,14,14,0,3.935546875,-3.935546875,-3.935546875,1,-2,False
-,14,32,46,32,14,14,1,4.19921875,-4.19921875,-4.19921875,1,-3,False
-,14,33,47,33,14,14,4,4.53125,-4.53125,-4.53125,1,-2,False
-,14,34,48,34,14,14,0,3.94140625,-3.94140625,-3.94140625,1,-2,False
-,14,35,49,35,14,14,5,3.998046875,-3.998046875,-3.998046875,1,-2,False
-,14,36,50,36,14,14,2,3.75,-3.75,-3.75,1,-2,False
-,14,37,51,37,14,14,1,4.81640625,-4.81640625,-4.81640625,1,-6,False
-,14,38,52,38,14,14,0,4.0703125,-4.0703125,-4.0703125,1,-74,False
-,14,39,53,39,14,14,3,4.7890625,-4.7890625,-4.7890625,1,-3,False
-,14,40,54,40,14,14,0,4.16796875,-4.16796875,-4.16796875,1,-3,False
-,14,41,55,41,14,14,0,3.81640625,-3.81640625,-3.81640625,1,-2,False
-,14,42,56,42,14,14,0,4.16015625,-4.16015625,-4.16015625,1,-1,False
-,14,43,57,43,14,14,1,3.896484375,-3.896484375,-3.896484375,1,-2,False
-,14,44,58,44,14,14,1,3.96484375,-3.96484375,-3.96484375,1,-3,False
-,14,45,59,45,14,14,1,4.12109375,-4.12109375,-4.12109375,1,-2,False
-,14,46,60,46,14,14,1,3.861328125,-3.861328125,-3.861328125,1,-6,False
-,14,47,61,47,14,14,1,3.798828125,-3.798828125,-3.798828125,1,-2,False
-,14,48,62,48,14,14,1,3.91015625,-3.91015625,-3.91015625,1,-1,False
-,14,49,63,49,14,14,1,4.4375,-4.4375,-4.4375,1,-2,False
-,14,50,64,50,14,14,1,4.2734375,-4.2734375,-4.2734375,1,-6,False
-,14,51,65,51,14,14,0,4.1171875,-4.1171875,-4.1171875,1,-1,False
-,14,52,66,52,14,14,0,3.76953125,-3.76953125,-3.76953125,1,-2,False
-,14,53,67,53,14,14,0,3.78515625,-3.78515625,-3.78515625,1,-2,False
-,14,54,68,54,14,14,0,4.58203125,-4.58203125,-4.58203125,1,-6,False
-,14,55,69,55,14,14,0,4.1015625,-4.1015625,-4.1015625,1,-3,False
-,14,56,70,56,14,14,1,4.2109375,-4.2109375,-4.2109375,1,-2,False
-,14,57,71,57,14,14,0,4.10546875,-4.10546875,-4.10546875,1,-6,False
-,14,58,72,58,14,14,0,4.19140625,-4.19140625,-4.19140625,1,-2,False
-,14,59,73,59,14,14,0,4.26171875,-4.26171875,-4.26171875,1,-1,False
-,14,60,74,60,14,14,1,3.49609375,-3.49609375,-3.49609375,1,-6,False
-,14,61,75,61,14,14,1,4.41015625,-4.41015625,-4.41015625,1,-2,False
-,14,62,76,62,14,14,0,4.3046875,-4.3046875,-4.3046875,1,-6,False
-,14,63,77,63,14,14,0,4.078125,-4.078125,-4.078125,1,-6,False
-,14,64,78,64,14,14,0,4.2734375,-4.2734375,-4.2734375,1,-6,False
-,14,65,79,65,14,14,0,4.09765625,-4.09765625,-4.09765625,1,-5,False
-,14,66,80,66,14,14,0,4.12890625,-4.12890625,-4.12890625,1,-1,False
-,14,67,81,67,14,14,0,3.81640625,-3.81640625,-3.81640625,1,-6,False
-,14,68,82,68,14,14,0,3.806640625,-3.806640625,-3.806640625,1,-6,False
-,14,69,83,69,14,14,0,4.734375,-4.734375,-4.734375,1,-3,False
-,14,70,84,70,14,14,0,4.296875,-4.296875,-4.296875,1,-2,False
-,14,71,85,71,14,14,0,4.50390625,-4.50390625,-4.50390625,1,-1,False
-,14,72,86,72,14,14,0,3.814453125,-3.814453125,-3.814453125,1,-3,False
-,14,73,87,73,14,14,0,4.2734375,-4.2734375,-4.2734375,1,-1,False
-,14,74,88,74,14,14,0,3.921875,-3.921875,-3.921875,1,-69,False
-,14,75,89,75,14,14,0,4.1015625,-4.1015625,-4.1015625,1,-1,False
-,14,76,90,76,14,14,0,3.84765625,-3.84765625,-3.84765625,1,-76,False
-,14,77,91,77,14,14,1,4.7265625,-4.7265625,-4.7265625,1,-5,False
-,14,78,92,78,14,14,0,3.958984375,-3.958984375,-3.958984375,1,-3,False
-,14,79,93,79,14,14,0,4.75390625,-4.75390625,-4.75390625,1,-6,False
-,14,80,94,80,14,14,0,3.8125,-3.8125,-3.8125,1,-6,False
-,14,81,95,81,14,14,1,3.81640625,-3.81640625,-3.81640625,1,-6,False
-,14,82,96,82,14,14,0,4.6484375,-4.6484375,-4.6484375,1,-69,False
-,14,83,97,83,14,14,0,4.74609375,-4.74609375,-4.74609375,1,-69,False
-,14,84,98,84,14,14,0,4.26953125,-4.26953125,-4.26953125,1,-6,False
-,14,85,99,85,14,14,0,4.16796875,-4.16796875,-4.16796875,1,-5,False
-,14,86,100,86,14,14,2,4.1953125,-4.1953125,-4.1953125,1,-70,False
-,14,87,101,87,14,14,1,4.72265625,-4.72265625,-4.72265625,1,-1,False
-,14,88,102,88,14,14,0,4.421875,-4.421875,-4.421875,1,-1,False
-,14,89,103,89,14,14,1,4.09375,-4.09375,-4.09375,1,-1,False
-,14,90,104,90,14,14,0,3.927734375,-3.927734375,-3.927734375,1,-60,False
-,14,91,105,91,14,14,1,4.3515625,-4.3515625,-4.3515625,1,-1,False
-,14,92,106,92,14,14,0,4.3203125,-4.3203125,-4.3203125,1,-69,False
-,14,93,107,93,14,14,0,4.31640625,-4.31640625,-4.31640625,1,-1,False
-,14,94,108,94,14,14,0,4.63671875,-4.63671875,-4.63671875,1,-2,False
-,14,95,109,95,14,14,0,4.48828125,-4.48828125,-4.48828125,1,-70,False
-,14,96,110,96,14,14,0,4.42578125,-4.42578125,-4.42578125,1,-69,False
-,14,97,111,97,14,14,0,4.984375,-4.984375,-4.984375,1,-60,False
-,14,98,112,98,14,14,1,4.08203125,-4.08203125,-4.08203125,1,-99,False
-,14,99,113,99,14,14,0,4.85546875,-4.85546875,-4.85546875,1,-2,False
-,14,100,114,100,14,14,0,4.1875,-4.1875,-4.1875,1,-6,False
-,15,1,16,1,15,15,59,4.42578125,-4.42578125,-4.42578125,1,-0,False
-,15,2,17,2,15,15,14,5.16796875,-5.16796875,-5.16796875,1,-2,False
-,15,3,18,3,15,15,18,5.1796875,-5.1796875,-5.1796875,1,-1,False
-,15,4,19,4,15,15,12,4.546875,-4.546875,-4.546875,1,-2,False
-,15,5,20,5,15,15,29,4.4296875,-4.4296875,-4.4296875,1,-2,False
-,15,6,21,6,15,15,21,4.46875,-4.46875,-4.46875,1,-6,False
-,15,7,22,7,15,15,6,4.50390625,-4.50390625,-4.50390625,1,-6,False
-,15,8,23,8,15,15,5,4.26953125,-4.26953125,-4.26953125,1,-2,False
-,15,9,24,9,15,15,15,4.53515625,-4.53515625,-4.53515625,1,-1,False
-,15,10,25,10,15,15,22,4.46484375,-4.46484375,-4.46484375,1,-1,False
-,15,11,26,11,15,15,4,4.65234375,-4.65234375,-4.65234375,1,-2,False
-,15,12,27,12,15,15,3,4.62109375,-4.62109375,-4.62109375,1,-1,False
-,15,13,28,13,15,15,2,4.5625,-4.5625,-4.5625,1,-2,False
-,15,14,29,14,15,15,3,4.51953125,-4.51953125,-4.51953125,1,-6,False
-,15,15,30,15,15,15,18,3.408203125,-3.408203125,-3.408203125,1,-3,False
-,15,16,31,16,15,15,3,3.908203125,-3.908203125,-3.908203125,1,-1,False
-,15,17,32,17,15,15,9,4.796875,-4.796875,-4.796875,1,-1,False
-,15,18,33,18,15,15,4,4.91015625,-4.91015625,-4.91015625,1,-2,False
-,15,19,34,19,15,15,1,4.58203125,-4.58203125,-4.58203125,1,-6,False
-,15,20,35,20,15,15,13,4.73828125,-4.73828125,-4.73828125,1,-2,False
-,15,21,36,21,15,15,6,4.703125,-4.703125,-4.703125,1,-6,False
-,15,22,37,22,15,15,1,4.74609375,-4.74609375,-4.74609375,1,-2,False
-,15,23,38,23,15,15,1,4.51171875,-4.51171875,-4.51171875,1,-2,False
-,15,24,39,24,15,15,0,4.65234375,-4.65234375,-4.65234375,1,-1,False
-,15,25,40,25,15,15,3,4.79296875,-4.79296875,-4.79296875,1,-2,False
-,15,26,41,26,15,15,1,4.578125,-4.578125,-4.578125,1,-1,False
-,15,27,42,27,15,15,2,4.79296875,-4.79296875,-4.79296875,1,-1,False
-,15,28,43,28,15,15,0,4.88671875,-4.88671875,-4.88671875,1,-6,False
-,15,29,44,29,15,15,6,4.9921875,-4.9921875,-4.9921875,1,-2,False
-,15,30,45,30,15,15,6,5.0,-5.0,-5.0,1,-0,False
-,15,31,46,31,15,15,3,5.01953125,-5.01953125,-5.01953125,1,-2,False
-,15,32,47,32,15,15,3,5.1171875,-5.1171875,-5.1171875,1,-6,False
-,15,33,48,33,15,15,0,4.6484375,-4.6484375,-4.6484375,1,-5,False
-,15,34,49,34,15,15,0,4.89453125,-4.89453125,-4.89453125,1,-2,False
-,15,35,50,35,15,15,6,5.02734375,-5.02734375,-5.02734375,1,-2,False
-,15,36,51,36,15,15,1,4.78125,-4.78125,-4.78125,1,-1,False
-,15,37,52,37,15,15,1,4.75,-4.75,-4.75,1,-1,False
-,15,38,53,38,15,15,2,5.0234375,-5.0234375,-5.0234375,1,-74,False
-,15,39,54,39,15,15,0,4.859375,-4.859375,-4.859375,1,-3,False
-,15,40,55,40,15,15,1,4.23046875,-4.23046875,-4.23046875,1,-6,False
-,15,41,56,41,15,15,0,5.05859375,-5.05859375,-5.05859375,1,-2,False
-,15,42,57,42,15,15,0,5.17578125,-5.17578125,-5.17578125,1,-6,False
-,15,43,58,43,15,15,0,4.921875,-4.921875,-4.921875,1,-2,False
-,15,44,59,44,15,15,1,4.97265625,-4.97265625,-4.97265625,1,-2,False
-,15,45,60,45,15,15,0,5.19140625,-5.19140625,-5.19140625,1,-6,False
-,15,46,61,46,15,15,0,5.12109375,-5.12109375,-5.12109375,1,-5,False
-,15,47,62,47,15,15,0,4.89453125,-4.89453125,-4.89453125,1,-6,False
-,15,48,63,48,15,15,0,4.55078125,-4.55078125,-4.55078125,1,-2,False
-,15,49,64,49,15,15,1,4.49609375,-4.49609375,-4.49609375,1,-6,False
-,15,50,65,50,15,15,3,4.265625,-4.265625,-4.265625,1,-5,False
-,15,51,66,51,15,15,0,4.12890625,-4.12890625,-4.12890625,1,-1,False
-,15,52,67,52,15,15,0,4.86328125,-4.86328125,-4.86328125,1,-1,False
-,15,53,68,53,15,15,0,4.51171875,-4.51171875,-4.51171875,1,-2,False
-,15,54,69,54,15,15,0,4.859375,-4.859375,-4.859375,1,-6,False
-,15,55,70,55,15,15,1,5.0625,-5.0625,-5.0625,1,-2,False
-,15,56,71,56,15,15,2,4.171875,-4.171875,-4.171875,1,-2,False
-,15,57,72,57,15,15,0,4.1640625,-4.1640625,-4.1640625,1,-2,False
-,15,58,73,58,15,15,0,4.21875,-4.21875,-4.21875,1,-6,False
-,15,59,74,59,15,15,0,4.22265625,-4.22265625,-4.22265625,1,-2,False
-,15,60,75,60,15,15,2,4.3984375,-4.3984375,-4.3984375,1,-6,False
-,15,61,76,61,15,15,0,4.6171875,-4.6171875,-4.6171875,1,-1,False
-,15,62,77,62,15,15,0,4.2421875,-4.2421875,-4.2421875,1,-6,False
-,15,63,78,63,15,15,0,4.20703125,-4.20703125,-4.20703125,1,-2,False
-,15,64,79,64,15,15,0,4.1640625,-4.1640625,-4.1640625,1,-6,False
-,15,65,80,65,15,15,3,4.1640625,-4.1640625,-4.1640625,1,-5,False
-,15,66,81,66,15,15,0,4.91015625,-4.91015625,-4.91015625,1,-6,False
-,15,67,82,67,15,15,0,4.71875,-4.71875,-4.71875,1,-6,False
-,15,68,83,68,15,15,0,4.85546875,-4.85546875,-4.85546875,1,-2,False
-,15,69,84,69,15,15,0,4.8046875,-4.8046875,-4.8046875,1,-2,False
-,15,70,85,70,15,15,1,4.1953125,-4.1953125,-4.1953125,1,-2,False
-,15,71,86,71,15,15,0,4.703125,-4.703125,-4.703125,1,-6,False
-,15,72,87,72,15,15,0,4.75390625,-4.75390625,-4.75390625,1,-2,False
-,15,73,88,73,15,15,0,4.2265625,-4.2265625,-4.2265625,1,-6,False
-,15,74,89,74,15,15,0,4.109375,-4.109375,-4.109375,1,-6,False
-,15,75,90,75,15,15,1,4.9296875,-4.9296875,-4.9296875,1,-3,False
-,15,76,91,76,15,15,0,4.85546875,-4.85546875,-4.85546875,1,-6,False
-,15,77,92,77,15,15,1,4.79296875,-4.79296875,-4.79296875,1,-70,False
-,15,78,93,78,15,15,0,4.9296875,-4.9296875,-4.9296875,1,-5,False
-,15,79,94,79,15,15,0,4.609375,-4.609375,-4.609375,1,-3,False
-,15,80,95,80,15,15,0,4.87109375,-4.87109375,-4.87109375,1,-3,False
-,15,81,96,81,15,15,0,4.8203125,-4.8203125,-4.8203125,1,-2,False
-,15,82,97,82,15,15,0,4.70703125,-4.70703125,-4.70703125,1,-2,False
-,15,83,98,83,15,15,0,4.796875,-4.796875,-4.796875,1,-1,False
-,15,84,99,84,15,15,0,5.01171875,-5.01171875,-5.01171875,1,-6,False
-,15,85,100,85,15,15,6,5.265625,-5.265625,-5.265625,1,-70,False
-,15,86,101,86,15,15,0,5.13671875,-5.13671875,-5.13671875,1,- - - - - -,False
-,15,87,102,87,15,15,0,4.33984375,-4.33984375,-4.33984375,1,-1,False
-,15,88,103,88,15,15,0,5.01953125,-5.01953125,-5.01953125,1,-88,False
-,15,89,104,89,15,15,0,4.28125,-4.28125,-4.28125,1,-2,False
-,15,90,105,90,15,15,1,4.875,-4.875,-4.875,1,-70,False
-,15,91,106,91,15,15,0,4.30078125,-4.30078125,-4.30078125,1,-1,False
-,15,92,107,92,15,15,0,4.328125,-4.328125,-4.328125,1,-70,False
-,15,93,108,93,15,15,0,4.921875,-4.921875,-4.921875,1,-70,False
-,15,94,109,94,15,15,0,4.63671875,-4.63671875,-4.63671875,1,-0,False
-,15,95,110,95,15,15,0,4.6953125,-4.6953125,-4.6953125,1,-3,False
-,15,96,111,96,15,15,1,4.390625,-4.390625,-4.390625,1,-0,False
-,15,97,112,97,15,15,0,5.01171875,-5.01171875,-5.01171875,1,-60,False
-,15,98,113,98,15,15,0,5.140625,-5.140625,-5.140625,1,-0,False
-,15,99,114,99,15,15,0,4.9140625,-4.9140625,-4.9140625,1,-69,False
-,15,100,115,100,15,15,0,4.7890625,-4.7890625,-4.7890625,1,-60,False
-,16,1,17,1,16,16,20,5.1875,-5.1875,-5.1875,1,-0,False
-,16,2,18,2,16,16,13,4.25,-4.25,-4.25,1,-2,False
-,16,3,19,3,16,16,5,4.375,-4.375,-4.375,1,-0,False
-,16,4,20,4,16,16,26,4.54296875,-4.54296875,-4.54296875,1,-0,False
-,16,5,21,5,16,16,11,4.4609375,-4.4609375,-4.4609375,1,-3,False
-,16,6,22,6,16,16,7,4.4921875,-4.4921875,-4.4921875,1,-2,False
-,16,7,23,7,16,16,5,4.4375,-4.4375,-4.4375,1,-3,False
-,16,8,24,8,16,16,18,5.30078125,-5.30078125,-5.30078125,1,-2,False
-,16,9,25,9,16,16,17,4.74609375,-4.74609375,-4.74609375,1,-1,False
-,16,10,26,10,16,16,5,4.65625,-4.65625,-4.65625,1,-3,False
-,16,11,27,11,16,16,2,4.59375,-4.59375,-4.59375,1,-2,False
-,16,12,28,12,16,16,10,4.6328125,-4.6328125,-4.6328125,1,-2,False
-,16,13,29,13,16,16,5,4.61328125,-4.61328125,-4.61328125,1,-2,False
-,16,14,30,14,16,16,5,4.30078125,-4.30078125,-4.30078125,1,-6,False
-,16,15,31,15,16,16,3,3.75390625,-3.75390625,-3.75390625,1,-3,False
-,16,16,32,16,16,16,18,3.8828125,-3.8828125,-3.8828125,1,-1,False
-,16,17,33,17,16,16,3,4.77734375,-4.77734375,-4.77734375,1,-0,False
-,16,18,34,18,16,16,1,4.71484375,-4.71484375,-4.71484375,1,-2,False
-,16,19,35,19,16,16,4,4.5859375,-4.5859375,-4.5859375,1,-5,False
-,16,20,36,20,16,16,9,4.9453125,-4.9453125,-4.9453125,1,-2,False
-,16,21,37,21,16,16,2,4.65625,-4.65625,-4.65625,1,-5,False
-,16,22,38,22,16,16,0,4.72265625,-4.72265625,-4.72265625,1,-0,False
-,16,23,39,23,16,16,2,4.62109375,-4.62109375,-4.62109375,1,-3,False
-,16,24,40,24,16,16,1,4.83203125,-4.83203125,-4.83203125,1,-2,False
-,16,25,41,25,16,16,2,4.51171875,-4.51171875,-4.51171875,1,-3,False
-,16,26,42,26,16,16,0,4.5859375,-4.5859375,-4.5859375,1,-2,False
-,16,27,43,27,16,16,0,4.6015625,-4.6015625,-4.6015625,1,-0,False
-,16,28,44,28,16,16,1,4.9140625,-4.9140625,-4.9140625,1,-6,False
-,16,29,45,29,16,16,4,4.921875,-4.921875,-4.921875,1,-2,False
-,16,30,46,30,16,16,1,4.13671875,-4.13671875,-4.13671875,1,-6,False
-,16,31,47,31,16,16,1,4.9609375,-4.9609375,-4.9609375,1,-3,False
-,16,32,48,32,16,16,5,4.14453125,-4.14453125,-4.14453125,1,-6,False
-,16,33,49,33,16,16,2,4.609375,-4.609375,-4.609375,1,-6,False
-,16,34,50,34,16,16,2,4.91796875,-4.91796875,-4.91796875,1,-2,False
-,16,35,51,35,16,16,1,4.0859375,-4.0859375,-4.0859375,1,-2,False
-,16,36,52,36,16,16,3,4.7578125,-4.7578125,-4.7578125,1,-2,False
-,16,37,53,37,16,16,2,4.62890625,-4.62890625,-4.62890625,1,-1,False
-,16,38,54,38,16,16,1,5.05078125,-5.05078125,-5.05078125,1,-0,False
-,16,39,55,39,16,16,0,4.84375,-4.84375,-4.84375,1,-6,False
-,16,40,56,40,16,16,4,4.32421875,-4.32421875,-4.32421875,1,-6,False
-,16,41,57,41,16,16,0,4.1171875,-4.1171875,-4.1171875,1,-2,False
-,16,42,58,42,16,16,0,4.2109375,-4.2109375,-4.2109375,1,-6,False
-,16,43,59,43,16,16,1,4.87890625,-4.87890625,-4.87890625,1,-2,False
-,16,44,60,44,16,16,1,4.96484375,-4.96484375,-4.96484375,1,-2,False
-,16,45,61,45,16,16,1,4.2734375,-4.2734375,-4.2734375,1,-2,False
-,16,46,62,46,16,16,0,4.1328125,-4.1328125,-4.1328125,1,-6,False
-,16,47,63,47,16,16,0,4.5078125,-4.5078125,-4.5078125,1,-2,False
-,16,48,64,48,16,16,5,4.62890625,-4.62890625,-4.62890625,1,-3,False
-,16,49,65,49,16,16,0,4.5546875,-4.5546875,-4.5546875,1,-3,False
-,16,50,66,50,16,16,0,4.26953125,-4.26953125,-4.26953125,1,-2,False
-,16,51,67,51,16,16,0,4.1796875,-4.1796875,-4.1796875,1,-1,False
-,16,52,68,52,16,16,1,4.5546875,-4.5546875,-4.5546875,1,-5,False
-,16,53,69,53,16,16,0,4.69140625,-4.69140625,-4.69140625,1,-2,False
-,16,54,70,54,16,16,0,4.69921875,-4.69921875,-4.69921875,1,-6,False
-,16,55,71,55,16,16,0,4.86328125,-4.86328125,-4.86328125,1,-2,False
-,16,56,72,56,16,16,1,4.15625,-4.15625,-4.15625,1,-2,False
-,16,57,73,57,16,16,0,4.15625,-4.15625,-4.15625,1,-2,False
-,16,58,74,58,16,16,0,4.109375,-4.109375,-4.109375,1,-3,False
-,16,59,75,59,16,16,0,4.109375,-4.109375,-4.109375,1,-2,False
-,16,60,76,60,16,16,1,4.49609375,-4.49609375,-4.49609375,1,-2,False
-,16,61,77,61,16,16,0,4.42578125,-4.42578125,-4.42578125,1,-1,False
-,16,62,78,62,16,16,0,4.35546875,-4.35546875,-4.35546875,1,-6,False
-,16,63,79,63,16,16,1,4.0859375,-4.0859375,-4.0859375,1,-6,False
-,16,64,80,64,16,16,3,4.23046875,-4.23046875,-4.23046875,1,-3,False
-,16,65,81,65,16,16,2,4.0859375,-4.0859375,-4.0859375,1,-5,False
-,16,66,82,66,16,16,0,4.79296875,-4.79296875,-4.79296875,1,-6,False
-,16,67,83,67,16,16,1,4.78125,-4.78125,-4.78125,1,-2,False
-,16,68,84,68,16,16,0,4.86328125,-4.86328125,-4.86328125,1,-1,False
-,16,69,85,69,16,16,0,4.68359375,-4.68359375,-4.68359375,1,-3,False
-,16,70,86,70,16,16,0,4.3828125,-4.3828125,-4.3828125,1,-3,False
-,16,71,87,71,16,16,0,4.67578125,-4.67578125,-4.67578125,1,-6,False
-,16,72,88,72,16,16,2,4.7109375,-4.7109375,-4.7109375,1,-2,False
-,16,73,89,73,16,16,0,4.3359375,-4.3359375,-4.3359375,1,-6,False
-,16,74,90,74,16,16,0,4.0078125,-4.0078125,-4.0078125,1,-2,False
-,16,75,91,75,16,16,1,4.9140625,-4.9140625,-4.9140625,1,-2,False
-,16,76,92,76,16,16,1,4.875,-4.875,-4.875,1,-69,False
-,16,77,93,77,16,16,0,4.75,-4.75,-4.75,1,-6,False
-,16,78,94,78,16,16,0,4.84375,-4.84375,-4.84375,1,-6,False
-,16,79,95,79,16,16,0,4.66015625,-4.66015625,-4.66015625,1,-3,False
-,16,80,96,80,16,16,1,3.93359375,-3.93359375,-3.93359375,1,-3,False
-,16,81,97,81,16,16,0,4.8046875,-4.8046875,-4.8046875,1,-72,False
-,16,82,98,82,16,16,0,4.66015625,-4.66015625,-4.66015625,1,-6,False
-,16,83,99,83,16,16,0,4.6484375,-4.6484375,-4.6484375,1,-2,False
-,16,84,100,84,16,16,2,5.0703125,-5.0703125,-5.0703125,1,-6,False
-,16,85,101,85,16,16,0,5.12890625,-5.12890625,-5.12890625,1,-70,False
-,16,86,102,86,16,16,0,4.70703125,-4.70703125,-4.70703125,1,-1,False
-,16,87,103,87,16,16,0,5.00390625,-5.00390625,-5.00390625,1,-1,False
-,16,88,104,88,16,16,0,5.18359375,-5.18359375,-5.18359375,1,-88,False
-,16,89,105,89,16,16,0,5.18359375,-5.18359375,-5.18359375,1,-2,False
-,16,90,106,90,16,16,0,4.2890625,-4.2890625,-4.2890625,1,-70,False
-,16,91,107,91,16,16,0,4.4140625,-4.4140625,-4.4140625,1,-70,False
-,16,92,108,92,16,16,0,5.19921875,-5.19921875,-5.19921875,1,-70,False
-,16,93,109,93,16,16,0,5.0625,-5.0625,-5.0625,1,-0,False
-,16,94,110,94,16,16,0,4.69921875,-4.69921875,-4.69921875,1,-6,False
-,16,95,111,95,16,16,0,4.45703125,-4.45703125,-4.45703125,1,-1,False
-,16,96,112,96,16,16,1,4.3828125,-4.3828125,-4.3828125,1,-0,False
-,16,97,113,97,16,16,0,4.9765625,-4.9765625,-4.9765625,1,-1,False
-,16,98,114,98,16,16,0,4.28515625,-4.28515625,-4.28515625,1,-1,False
-,16,99,115,99,16,16,0,4.87109375,-4.87109375,-4.87109375,1,-70,False
-,16,100,116,100,16,16,1,4.44140625,-4.44140625,-4.44140625,1,-1,False
-,17,1,18,1,17,17,16,5.2734375,-5.2734375,-5.2734375,1,-0,False
-,17,2,19,2,17,17,9,4.39453125,-4.39453125,-4.39453125,1,-1,False
-,17,3,20,3,17,17,20,5.3359375,-5.3359375,-5.3359375,1,-0,False
-,17,4,21,4,17,17,7,4.42578125,-4.42578125,-4.42578125,1,-0,False
-,17,5,22,5,17,17,7,4.421875,-4.421875,-4.421875,1,-5,False
-,17,6,23,6,17,17,6,4.34765625,-4.34765625,-4.34765625,1,-1,False
-,17,7,24,7,17,17,3,4.453125,-4.453125,-4.453125,1,-5,False
-,17,8,25,8,17,17,5,4.6640625,-4.6640625,-4.6640625,1,-2,False
-,17,9,26,9,17,17,9,4.59765625,-4.59765625,-4.59765625,1,-1,False
-,17,10,27,10,17,17,4,4.74609375,-4.74609375,-4.74609375,1,-2,False
-,17,11,28,11,17,17,8,4.6484375,-4.6484375,-4.6484375,1,-2,False
-,17,12,29,12,17,17,3,4.7421875,-4.7421875,-4.7421875,1,-1,False
-,17,13,30,13,17,17,3,4.59765625,-4.59765625,-4.59765625,1,-3,False
-,17,14,31,14,17,17,3,4.609375,-4.609375,-4.609375,1,-6,False
-,17,15,32,15,17,17,7,4.70703125,-4.70703125,-4.70703125,1,-3,False
-,17,16,33,16,17,17,7,4.78515625,-4.78515625,-4.78515625,1,-1,False
-,17,17,34,17,17,17,4,4.55078125,-4.55078125,-4.55078125,1,-2,False
-,17,18,35,18,17,17,1,4.828125,-4.828125,-4.828125,1,-18,False
-,17,19,36,19,17,17,1,4.76171875,-4.76171875,-4.76171875,1,-2,False
-,17,20,37,20,17,17,0,4.921875,-4.921875,-4.921875,1,-2,False
-,17,21,38,21,17,17,2,4.65625,-4.65625,-4.65625,1,-6,False
-,17,22,39,22,17,17,0,4.8515625,-4.8515625,-4.8515625,1,-2,False
-,17,23,40,23,17,17,2,4.81640625,-4.81640625,-4.81640625,1,-6,False
-,17,24,41,24,17,17,1,4.53125,-4.53125,-4.53125,1,-1,False
-,17,25,42,25,17,17,2,4.51171875,-4.51171875,-4.51171875,1,-5,False
-,17,26,43,26,17,17,0,4.5625,-4.5625,-4.5625,1,-2,False
-,17,27,44,27,17,17,1,4.640625,-4.640625,-4.640625,1,-2,False
-,17,28,45,28,17,17,2,4.859375,-4.859375,-4.859375,1,-6,False
-,17,29,46,29,17,17,1,4.96875,-4.96875,-4.96875,1,-1,False
-,17,30,47,30,17,17,1,4.08984375,-4.08984375,-4.08984375,1,-0,False
-,17,31,48,31,17,17,1,5.01953125,-5.01953125,-5.01953125,1,-2,False
-,17,32,49,32,17,17,2,4.2109375,-4.2109375,-4.2109375,1,-3,False
-,17,33,50,33,17,17,3,4.71875,-4.71875,-4.71875,1,-6,False
-,17,34,51,34,17,17,1,4.92578125,-4.92578125,-4.92578125,1,-2,False
-,17,35,52,35,17,17,0,4.9765625,-4.9765625,-4.9765625,1,-2,False
-,17,36,53,36,17,17,0,4.61328125,-4.61328125,-4.61328125,1,-2,False
-,17,37,54,37,17,17,0,4.73046875,-4.73046875,-4.73046875,1,-1,False
-,17,38,55,38,17,17,2,5.04296875,-5.04296875,-5.04296875,1,-74,False
-,17,39,56,39,17,17,0,4.95703125,-4.95703125,-4.95703125,1,-2,False
-,17,40,57,40,17,17,0,4.34375,-4.34375,-4.34375,1,-2,False
-,17,41,58,41,17,17,0,5.15234375,-5.15234375,-5.15234375,1,-1,False
-,17,42,59,42,17,17,0,5.1796875,-5.1796875,-5.1796875,1,-6,False
-,17,43,60,43,17,17,0,5.01171875,-5.01171875,-5.01171875,1,-2,False
-,17,44,61,44,17,17,1,4.19140625,-4.19140625,-4.19140625,1,-0,False
-,17,45,62,45,17,17,0,4.29296875,-4.29296875,-4.29296875,1,-2,False
-,17,46,63,46,17,17,1,4.7109375,-4.7109375,-4.7109375,1,-1,False
-,17,47,64,47,17,17,1,4.59375,-4.59375,-4.59375,1,-2,False
-,17,48,65,48,17,17,1,4.6953125,-4.6953125,-4.6953125,1,-2,False
-,17,49,66,49,17,17,1,4.58203125,-4.58203125,-4.58203125,1,-2,False
-,17,50,67,50,17,17,0,4.3828125,-4.3828125,-4.3828125,1,-6,False
-,17,51,68,51,17,17,0,4.87890625,-4.87890625,-4.87890625,1,-2,False
-,17,52,69,52,17,17,0,4.84765625,-4.84765625,-4.84765625,1,-2,False
-,17,53,70,53,17,17,0,4.609375,-4.609375,-4.609375,1,-3,False
-,17,54,71,54,17,17,0,4.6171875,-4.6171875,-4.6171875,1,-2,False
-,17,55,72,55,17,17,0,5.01171875,-5.01171875,-5.01171875,1,-3,False
-,17,56,73,56,17,17,0,4.2109375,-4.2109375,-4.2109375,1,-2,False
-,17,57,74,57,17,17,1,5.046875,-5.046875,-5.046875,1,-2,False
-,17,58,75,58,17,17,0,5.0625,-5.0625,-5.0625,1,-3,False
-,17,59,76,59,17,17,0,4.171875,-4.171875,-4.171875,1,-3,False
-,17,60,77,60,17,17,3,4.40625,-4.40625,-4.40625,1,-6,False
-,17,61,78,61,17,17,0,4.62109375,-4.62109375,-4.62109375,1,-6,False
-,17,62,79,62,17,17,0,4.2734375,-4.2734375,-4.2734375,1,-3,False
-,17,63,80,63,17,17,1,4.20703125,-4.20703125,-4.20703125,1,-2,False
-,17,64,81,64,17,17,3,4.1796875,-4.1796875,-4.1796875,1,-1,False
-,17,65,82,65,17,17,2,4.94921875,-4.94921875,-4.94921875,1,-5,False
-,17,66,83,66,17,17,0,4.84765625,-4.84765625,-4.84765625,1,-6,False
-,17,67,84,67,17,17,0,4.8515625,-4.8515625,-4.8515625,1,-1,False
-,17,68,85,68,17,17,0,4.80859375,-4.80859375,-4.80859375,1,-69,False
-,17,69,86,69,17,17,1,4.88671875,-4.88671875,-4.88671875,1,-2,False
-,17,70,87,70,17,17,0,4.328125,-4.328125,-4.328125,1,-2,False
-,17,71,88,71,17,17,0,4.63671875,-4.63671875,-4.63671875,1,-3,False
-,17,72,89,72,17,17,0,4.83984375,-4.83984375,-4.83984375,1,-2,False
-,17,73,90,73,17,17,0,4.1796875,-4.1796875,-4.1796875,1,-0,False
-,17,74,91,74,17,17,0,4.98046875,-4.98046875,-4.98046875,1,-69,False
-,17,75,92,75,17,17,0,4.8359375,-4.8359375,-4.8359375,1,-1,False
-,17,76,93,76,17,17,0,4.8671875,-4.8671875,-4.8671875,1,-69,False
-,17,77,94,77,17,17,0,4.5625,-4.5625,-4.5625,1,-5,False
-,17,78,95,78,17,17,0,4.98046875,-4.98046875,-4.98046875,1,-5,False
-,17,79,96,79,17,17,0,4.79296875,-4.79296875,-4.79296875,1,-3,False
-,17,80,97,80,17,17,0,4.85546875,-4.85546875,-4.85546875,1,-6,False
-,17,81,98,81,17,17,0,4.75,-4.75,-4.75,1,-6,False
-,17,82,99,82,17,17,0,4.53125,-4.53125,-4.53125,1,-82,False
-,17,83,100,83,17,17,0,4.58203125,-4.58203125,-4.58203125,1,-1,False
-,17,84,101,84,17,17,0,5.02734375,-5.02734375,-5.02734375,1,-2,False
-,17,85,102,85,17,17,0,4.62890625,-4.62890625,-4.62890625,1,-3,False
-,17,86,103,86,17,17,0,5.28515625,-5.28515625,-5.28515625,1,-6,False
-,17,87,104,87,17,17,0,5.20703125,-5.20703125,-5.20703125,1,-1,False
-,17,88,105,88,17,17,0,5.1953125,-5.1953125,-5.1953125,1,-70,False
-,17,89,106,89,17,17,0,5.1484375,-5.1484375,-5.1484375,1,-2,False
-,17,90,107,90,17,17,1,4.9921875,-4.9921875,-4.9921875,1,-60,False
-,17,91,108,91,17,17,1,5.26171875,-5.26171875,-5.26171875,1,-2,False
-,17,92,109,92,17,17,0,5.2578125,-5.2578125,-5.2578125,1,-6,False
-,17,93,110,93,17,17,0,5.0390625,-5.0390625,-5.0390625,1,-6,False
-,17,94,111,94,17,17,1,4.5859375,-4.5859375,-4.5859375,1,-1,False
-,17,95,112,95,17,17,0,4.59765625,-4.59765625,-4.59765625,1,-2,False
-,17,96,113,96,17,17,0,4.40234375,-4.40234375,-4.40234375,1,-0,False
-,17,97,114,97,17,17,0,5.03515625,-5.03515625,-5.03515625,1,-0,False
-,17,98,115,98,17,17,0,5.16796875,-5.16796875,-5.16796875,1,-2,False
-,17,99,116,99,17,17,0,5.078125,-5.078125,-5.078125,1,-2,False
-,17,100,117,100,17,17,1,4.92578125,-4.92578125,-4.92578125,1,-60,False
-,18,1,19,1,18,18,17,4.46484375,-4.46484375,-4.46484375,1,-1,False
-,18,2,20,2,18,18,32,4.4140625,-4.4140625,-4.4140625,1,-1,False
-,18,3,21,3,18,18,21,4.32421875,-4.32421875,-4.32421875,1,-0,False
-,18,4,22,4,18,18,8,4.47265625,-4.47265625,-4.47265625,1,-0,False
-,18,5,23,5,18,18,4,4.3671875,-4.3671875,-4.3671875,1,-3,False
-,18,6,24,6,18,18,18,4.39453125,-4.39453125,-4.39453125,1,-1,False
-,18,7,25,7,18,18,3,4.65234375,-4.65234375,-4.65234375,1,-2,False
-,18,8,26,8,18,18,2,4.71484375,-4.71484375,-4.71484375,1,-1,False
-,18,9,27,9,18,18,12,4.63671875,-4.63671875,-4.63671875,1,-1,False
-,18,10,28,10,18,18,6,4.75,-4.75,-4.75,1,-6,False
-,18,11,29,11,18,18,2,4.66796875,-4.66796875,-4.66796875,1,-2,False
-,18,12,30,12,18,18,13,4.6875,-4.6875,-4.6875,1,-6,False
-,18,13,31,13,18,18,2,4.69921875,-4.69921875,-4.69921875,1,-1,False
-,18,14,32,14,18,18,4,4.59375,-4.59375,-4.59375,1,-6,False
-,18,15,33,15,18,18,3,4.671875,-4.671875,-4.671875,1,-3,False
-,18,16,34,16,18,18,0,4.62890625,-4.62890625,-4.62890625,1,-3,False
-,18,17,35,17,18,18,4,4.55078125,-4.55078125,-4.55078125,1,-0,False
-,18,18,36,18,18,18,4,3.8515625,-3.8515625,-3.8515625,1,-0,False
-,18,19,37,19,18,18,2,4.63671875,-4.63671875,-4.63671875,1,-2,False
-,18,20,38,20,18,18,2,4.91796875,-4.91796875,-4.91796875,1,-6,False
-,18,21,39,21,18,18,1,4.7578125,-4.7578125,-4.7578125,1,-5,False
-,18,22,40,22,18,18,2,4.0859375,-4.0859375,-4.0859375,1,-6,False
-,18,23,41,23,18,18,0,4.55078125,-4.55078125,-4.55078125,1,-2,False
-,18,24,42,24,18,18,2,4.46484375,-4.46484375,-4.46484375,1,-2,False
-,18,25,43,25,18,18,0,4.44921875,-4.44921875,-4.44921875,1,-5,False
-,18,26,44,26,18,18,0,4.5859375,-4.5859375,-4.5859375,1,-2,False
-,18,27,45,27,18,18,0,4.59765625,-4.59765625,-4.59765625,1,-2,False
-,18,28,46,28,18,18,1,4.8984375,-4.8984375,-4.8984375,1,-3,False
-,18,29,47,29,18,18,1,4.921875,-4.921875,-4.921875,1,-2,False
-,18,30,48,30,18,18,1,4.234375,-4.234375,-4.234375,1,-3,False
-,18,31,49,31,18,18,0,5.0546875,-5.0546875,-5.0546875,1,-2,False
-,18,32,50,32,18,18,4,4.265625,-4.265625,-4.265625,1,-6,False
-,18,33,51,33,18,18,0,4.61328125,-4.61328125,-4.61328125,1,-6,False
-,18,34,52,34,18,18,6,4.875,-4.875,-4.875,1,-2,False
-,18,35,53,35,18,18,2,3.91015625,-3.91015625,-3.91015625,1,-2,False
-,18,36,54,36,18,18,3,4.62890625,-4.62890625,-4.62890625,1,-2,False
-,18,37,55,37,18,18,1,4.703125,-4.703125,-4.703125,1,-2,False
-,18,38,56,38,18,18,0,4.1640625,-4.1640625,-4.1640625,1,-1,False
-,18,39,57,39,18,18,0,5.0546875,-5.0546875,-5.0546875,1,-2,False
-,18,40,58,40,18,18,1,4.359375,-4.359375,-4.359375,1,-3,False
-,18,41,59,41,18,18,1,5.11328125,-5.11328125,-5.11328125,1,-1,False
-,18,42,60,42,18,18,0,5.1640625,-5.1640625,-5.1640625,1,-6,False
-,18,43,61,43,18,18,0,5.15625,-5.15625,-5.15625,1,-6,False
-,18,44,62,44,18,18,0,4.23046875,-4.23046875,-4.23046875,1,-1,False
-,18,45,63,45,18,18,0,4.9609375,-4.9609375,-4.9609375,1,-3,False
-,18,46,64,46,18,18,1,4.8828125,-4.8828125,-4.8828125,1,-2,False
-,18,47,65,47,18,18,0,4.6328125,-4.6328125,-4.6328125,1,-0,False
-,18,48,66,48,18,18,0,4.71875,-4.71875,-4.71875,1,-1,False
-,18,49,67,49,18,18,0,4.64453125,-4.64453125,-4.64453125,1,-3,False
-,18,50,68,50,18,18,2,4.15234375,-4.15234375,-4.15234375,1,-5,False
-,18,51,69,51,18,18,0,4.1328125,-4.1328125,-4.1328125,1,-1,False
-,18,52,70,52,18,18,0,4.67578125,-4.67578125,-4.67578125,1,-2,False
-,18,53,71,53,18,18,0,4.5703125,-4.5703125,-4.5703125,1,-2,False
-,18,54,72,54,18,18,0,4.82421875,-4.82421875,-4.82421875,1,-6,False
-,18,55,73,55,18,18,0,5.0,-5.0,-5.0,1,-3,False
-,18,56,74,56,18,18,0,4.10546875,-4.10546875,-4.10546875,1,-2,False
-,18,57,75,57,18,18,1,5.078125,-5.078125,-5.078125,1,-2,False
-,18,58,76,58,18,18,0,4.1328125,-4.1328125,-4.1328125,1,-3,False
-,18,59,77,59,18,18,0,4.11328125,-4.11328125,-4.11328125,1,-3,False
-,18,60,78,60,18,18,0,4.5546875,-4.5546875,-4.5546875,1,-6,False
-,18,61,79,61,18,18,0,4.6171875,-4.6171875,-4.6171875,1,-1,False
-,18,62,80,62,18,18,0,4.34375,-4.34375,-4.34375,1,-6,False
-,18,63,81,63,18,18,0,4.11328125,-4.11328125,-4.11328125,1,-6,False
-,18,64,82,64,18,18,0,4.08984375,-4.08984375,-4.08984375,1,-1,False
-,18,65,83,65,18,18,1,4.109375,-4.109375,-4.109375,1,-5,False
-,18,66,84,66,18,18,1,4.9140625,-4.9140625,-4.9140625,1,-6,False
-,18,67,85,67,18,18,0,4.765625,-4.765625,-4.765625,1,-0,False
-,18,68,86,68,18,18,0,3.947265625,-3.947265625,-3.947265625,1,-3,False
-,18,69,87,69,18,18,0,4.8359375,-4.8359375,-4.8359375,1,-2,False
-,18,70,88,70,18,18,0,4.25,-4.25,-4.25,1,-1,False
-,18,71,89,71,18,18,1,4.7890625,-4.7890625,-4.7890625,1,-3,False
-,18,72,90,72,18,18,1,4.75390625,-4.75390625,-4.75390625,1,-3,False
-,18,73,91,73,18,18,0,4.26953125,-4.26953125,-4.26953125,1,-6,False
-,18,74,92,74,18,18,0,4.015625,-4.015625,-4.015625,1,-2,False
-,18,75,93,75,18,18,0,3.83203125,-3.83203125,-3.83203125,1,-2,False
-,18,76,94,76,18,18,1,4.80859375,-4.80859375,-4.80859375,1,-1,False
-,18,77,95,77,18,18,0,4.74609375,-4.74609375,-4.74609375,1,-5,False
-,18,78,96,78,18,18,0,3.984375,-3.984375,-3.984375,1,-5,False
-,18,79,97,79,18,18,0,4.7734375,-4.7734375,-4.7734375,1,-3,False
-,18,80,98,80,18,18,0,4.828125,-4.828125,-4.828125,1,-6,False
-,18,81,99,81,18,18,1,4.66015625,-4.66015625,-4.66015625,1,-1,False
-,18,82,100,82,18,18,2,5.1015625,-5.1015625,-5.1015625,1,-83,False
-,18,83,101,83,18,18,0,4.48046875,-4.48046875,-4.48046875,1,-2,False
-,18,84,102,84,18,18,0,4.5078125,-4.5078125,-4.5078125,1,-3,False
-,18,85,103,85,18,18,0,4.48046875,-4.48046875,-4.48046875,1,-6,False
-,18,86,104,86,18,18,0,4.4296875,-4.4296875,-4.4296875,1,-6,False
-,18,87,105,87,18,18,0,5.06640625,-5.06640625,-5.06640625,1,-2,False
-,18,88,106,88,18,18,0,4.2109375,-4.2109375,-4.2109375,1,-3,False
-,18,89,107,89,18,18,0,4.21484375,-4.21484375,-4.21484375,1,-2,False
-,18,90,108,90,18,18,0,5.09765625,-5.09765625,-5.09765625,1,-70,False
-,18,91,109,91,18,18,0,4.328125,-4.328125,-4.328125,1,-1,False
-,18,92,110,92,18,18,0,5.06640625,-5.06640625,-5.06640625,1,-70,False
-,18,93,111,93,18,18,0,5.02734375,-5.02734375,-5.02734375,1,-3,False
-,18,94,112,94,18,18,0,4.64453125,-4.64453125,-4.64453125,1,-2,False
-,18,95,113,95,18,18,0,4.5390625,-4.5390625,-4.5390625,1,-1,False
-,18,96,114,96,18,18,0,4.5859375,-4.5859375,-4.5859375,1,-0,False
-,18,97,115,97,18,18,1,4.953125,-4.953125,-4.953125,1,-0,False
-,18,98,116,98,18,18,0,4.4609375,-4.4609375,-4.4609375,1,-2,False
-,18,99,117,99,18,18,0,4.8671875,-4.8671875,-4.8671875,1,-70,False
-,18,100,118,100,18,18,0,4.9453125,-4.9453125,-4.9453125,1,-2,False
-,19,1,20,1,19,19,28,4.46875,-4.46875,-4.46875,1,-1,False
-,19,2,21,2,19,19,12,4.38671875,-4.38671875,-4.38671875,1,-2,False
-,19,3,22,3,19,19,7,5.2578125,-5.2578125,-5.2578125,1,-0,False
-,19,4,23,4,19,19,5,5.3359375,-5.3359375,-5.3359375,1,-3,False
-,19,5,24,5,19,19,4,5.43359375,-5.43359375,-5.43359375,1,-3,False
-,19,6,25,6,19,19,6,4.546875,-4.546875,-4.546875,1,-5,False
-,19,7,26,7,19,19,3,4.58203125,-4.58203125,-4.58203125,1,-2,False
-,19,8,27,8,19,19,15,4.48828125,-4.48828125,-4.48828125,1,-1,False
-,19,9,28,9,19,19,2,4.734375,-4.734375,-4.734375,1,-1,False
-,19,10,29,10,19,19,4,4.7734375,-4.7734375,-4.7734375,1,-2,False
-,19,11,30,11,19,19,9,4.47265625,-4.47265625,-4.47265625,1,-2,False
-,19,12,31,12,19,19,2,4.80078125,-4.80078125,-4.80078125,1,-1,False
-,19,13,32,13,19,19,7,4.5859375,-4.5859375,-4.5859375,1,-2,False
-,19,14,33,14,19,19,6,4.45703125,-4.45703125,-4.45703125,1,-6,False
-,19,15,34,15,19,19,4,4.515625,-4.515625,-4.515625,1,-6,False
-,19,16,35,16,19,19,4,4.6796875,-4.6796875,-4.6796875,1,-3,False
-,19,17,36,17,19,19,2,4.625,-4.625,-4.625,1,-2,False
-,19,18,37,18,19,19,1,4.765625,-4.765625,-4.765625,1,-0,False
-,19,19,38,19,19,19,2,4.66015625,-4.66015625,-4.66015625,1,-1,False
-,19,20,39,20,19,19,3,4.97265625,-4.97265625,-4.97265625,1,-2,False
-,19,21,40,21,19,19,2,4.94921875,-4.94921875,-4.94921875,1,-6,False
-,19,22,41,22,19,19,0,4.828125,-4.828125,-4.828125,1,-5,False
-,19,23,42,23,19,19,3,4.58203125,-4.58203125,-4.58203125,1,-6,False
-,19,24,43,24,19,19,1,4.40625,-4.40625,-4.40625,1,-2,False
-,19,25,44,25,19,19,2,4.4765625,-4.4765625,-4.4765625,1,-0,False
-,19,26,45,26,19,19,2,4.49609375,-4.49609375,-4.49609375,1,-2,False
-,19,27,46,27,19,19,1,4.74609375,-4.74609375,-4.74609375,1,-1,False
-,19,28,47,28,19,19,1,4.8515625,-4.8515625,-4.8515625,1,-6,False
-,19,29,48,29,19,19,1,5.00390625,-5.00390625,-5.00390625,1,-2,False
-,19,30,49,30,19,19,2,4.20703125,-4.20703125,-4.20703125,1,-2,False
-,19,31,50,31,19,19,1,5.2265625,-5.2265625,-5.2265625,1,-1,False
-,19,32,51,32,19,19,0,4.2578125,-4.2578125,-4.2578125,1,-6,False
-,19,33,52,33,19,19,0,4.65625,-4.65625,-4.65625,1,-6,False
-,19,34,53,34,19,19,2,4.75,-4.75,-4.75,1,-2,False
-,19,35,54,35,19,19,1,4.92578125,-4.92578125,-4.92578125,1,-2,False
-,19,36,55,36,19,19,0,4.75390625,-4.75390625,-4.75390625,1,-2,False
-,19,37,56,37,19,19,0,4.921875,-4.921875,-4.921875,1,-6,False
-,19,38,57,38,19,19,3,5.18359375,-5.18359375,-5.18359375,1,-6,False
-,19,39,58,39,19,19,0,5.08984375,-5.08984375,-5.08984375,1,-2,False
-,19,40,59,40,19,19,1,4.33984375,-4.33984375,-4.33984375,1,-3,False
-,19,41,60,41,19,19,0,5.109375,-5.109375,-5.109375,1,-1,False
-,19,42,61,42,19,19,0,5.32421875,-5.32421875,-5.32421875,1,-2,False
-,19,43,62,43,19,19,1,5.21875,-5.21875,-5.21875,1,-1,False
-,19,44,63,44,19,19,1,4.82421875,-4.82421875,-4.82421875,1,-2,False
-,19,45,64,45,19,19,1,5.06640625,-5.06640625,-5.06640625,1,-0,False
-,19,46,65,46,19,19,0,4.8125,-4.8125,-4.8125,1,-1,False
-,19,47,66,47,19,19,0,4.6875,-4.6875,-4.6875,1,-2,False
-,19,48,67,48,19,19,0,4.796875,-4.796875,-4.796875,1,-2,False
-,19,49,68,49,19,19,0,5.37109375,-5.37109375,-5.37109375,1,-3,False
-,19,50,69,50,19,19,0,5.35546875,-5.35546875,-5.35546875,1,-2,False
-,19,51,70,51,19,19,1,5.14453125,-5.14453125,-5.14453125,1,-1,False
-,19,52,71,52,19,19,1,4.65625,-4.65625,-4.65625,1,-1,False
-,19,53,72,53,19,19,1,4.66796875,-4.66796875,-4.66796875,1,-3,False
-,19,54,73,54,19,19,0,4.8046875,-4.8046875,-4.8046875,1,-6,False
-,19,55,74,55,19,19,0,4.7734375,-4.7734375,-4.7734375,1,-5,False
-,19,56,75,56,19,19,1,5.09375,-5.09375,-5.09375,1,-6,False
-,19,57,76,57,19,19,0,5.1484375,-5.1484375,-5.1484375,1,-3,False
-,19,58,77,58,19,19,0,5.05859375,-5.05859375,-5.05859375,1,-5,False
-,19,59,78,59,19,19,0,5.23046875,-5.23046875,-5.23046875,1,-3,False
-,19,60,79,60,19,19,0,4.46484375,-4.46484375,-4.46484375,1,-6,False
-,19,61,80,61,19,19,1,4.53125,-4.53125,-4.53125,1,-1,False
-,19,62,81,62,19,19,0,4.29296875,-4.29296875,-4.29296875,1,-3,False
-,19,63,82,63,19,19,0,4.83203125,-4.83203125,-4.83203125,1,-6,False
-,19,64,83,64,19,19,1,5.140625,-5.140625,-5.140625,1,-6,False
-,19,65,84,65,19,19,1,5.09765625,-5.09765625,-5.09765625,1,-5,False
-,19,66,85,66,19,19,0,4.8046875,-4.8046875,-4.8046875,1,-2,False
-,19,67,86,67,19,19,0,4.90234375,-4.90234375,-4.90234375,1,-1,False
-,19,68,87,68,19,19,0,4.8984375,-4.8984375,-4.8984375,1,-69,False
-,19,69,88,69,19,19,0,4.796875,-4.796875,-4.796875,1,-6,False
-,19,70,89,70,19,19,0,4.40234375,-4.40234375,-4.40234375,1,-74,False
-,19,71,90,71,19,19,1,4.734375,-4.734375,-4.734375,1,-6,False
-,19,72,91,72,19,19,1,4.734375,-4.734375,-4.734375,1,-2,False
-,19,73,92,73,19,19,0,4.2265625,-4.2265625,-4.2265625,1,-1,False
-,19,74,93,74,19,19,0,4.9296875,-4.9296875,-4.9296875,1,-74,False
-,19,75,94,75,19,19,0,4.76171875,-4.76171875,-4.76171875,1,-2,False
-,19,76,95,76,19,19,1,4.88671875,-4.88671875,-4.88671875,1,-1,False
-,19,77,96,77,19,19,0,4.8046875,-4.8046875,-4.8046875,1,-2,False
-,19,78,97,78,19,19,0,4.953125,-4.953125,-4.953125,1,-3,False
-,19,79,98,79,19,19,0,5.31640625,-5.31640625,-5.31640625,1,-2,False
-,19,80,99,80,19,19,0,4.7421875,-4.7421875,-4.7421875,1,-2,False
-,19,81,100,81,19,19,4,4.38671875,-4.38671875,-4.38671875,1,-70,False
-,19,82,101,82,19,19,0,5.3515625,-5.3515625,-5.3515625,1,-2,False
-,19,83,102,83,19,19,0,4.91015625,-4.91015625,-4.91015625,1,-1,False
-,19,84,103,84,19,19,0,5.203125,-5.203125,-5.203125,1,-6,False
-,19,85,104,85,19,19,0,5.5390625,-5.5390625,-5.5390625,1,-70,False
-,19,86,105,86,19,19,0,5.3671875,-5.3671875,-5.3671875,1,- - - - - -,False
-,19,87,106,87,19,19,1,5.06640625,-5.06640625,-5.06640625,1,-2,False
-,19,88,107,88,19,19,1,5.19921875,-5.19921875,-5.19921875,1,-88,False
-,19,89,108,89,19,19,0,5.15234375,-5.15234375,-5.15234375,1,-2,False
-,19,90,109,90,19,19,0,4.8515625,-4.8515625,-4.8515625,1,-70,False
-,19,91,110,91,19,19,0,4.3671875,-4.3671875,-4.3671875,1,-70,False
-,19,92,111,92,19,19,0,5.078125,-5.078125,-5.078125,1,-70,False
-,19,93,112,93,19,19,0,5.04296875,-5.04296875,-5.04296875,1,-3,False
-,19,94,113,94,19,19,0,4.52734375,-4.52734375,-4.52734375,1,-6,False
-,19,95,114,95,19,19,0,4.58984375,-4.58984375,-4.58984375,1,-1,False
-,19,96,115,96,19,19,0,4.4140625,-4.4140625,-4.4140625,1,-0,False
-,19,97,116,97,19,19,2,5.26953125,-5.26953125,-5.26953125,1,-3,False
-,19,98,117,98,19,19,0,5.12890625,-5.12890625,-5.12890625,1,-70,False
-,19,99,118,99,19,19,0,5.01953125,-5.01953125,-5.01953125,1,-2,False
-,19,100,119,100,19,19,0,4.9921875,-4.9921875,-4.9921875,1,-2,False
-,20,1,21,1,20,20,18,5.296875,-5.296875,-5.296875,1,-1,False
-,20,2,22,2,20,20,6,4.3046875,-4.3046875,-4.3046875,1,-0,False
-,20,3,23,3,20,20,9,5.19140625,-5.19140625,-5.19140625,1,-2,False
-,20,4,24,4,20,20,12,5.40234375,-5.40234375,-5.40234375,1,-6,False
-,20,5,25,5,20,20,25,4.55859375,-4.55859375,-4.55859375,1,-2,False
-,20,6,26,6,20,20,5,4.55078125,-4.55078125,-4.55078125,1,-3,False
-,20,7,27,7,20,20,5,4.59375,-4.59375,-4.59375,1,-1,False
-,20,8,28,8,20,20,13,4.76171875,-4.76171875,-4.76171875,1,-2,False
-,20,9,29,9,20,20,2,4.7421875,-4.7421875,-4.7421875,1,-1,False
-,20,10,30,10,20,20,25,4.48046875,-4.48046875,-4.48046875,1,-2,False
-,20,11,31,11,20,20,2,4.6875,-4.6875,-4.6875,1,-1,False
-,20,12,32,12,20,20,11,4.75390625,-4.75390625,-4.75390625,1,-1,False
-,20,13,33,13,20,20,3,4.57421875,-4.57421875,-4.57421875,1,-1,False
-,20,14,34,14,20,20,4,4.2421875,-4.2421875,-4.2421875,1,-6,False
-,20,15,35,15,20,20,10,4.58203125,-4.58203125,-4.58203125,1,-3,False
-,20,16,36,16,20,20,10,4.74609375,-4.74609375,-4.74609375,1,-0,False
-,20,17,37,17,20,20,2,4.609375,-4.609375,-4.609375,1,-5,False
-,20,18,38,18,20,20,2,4.74609375,-4.74609375,-4.74609375,1,-2,False
-,20,19,39,19,20,20,2,4.74609375,-4.74609375,-4.74609375,1,-5,False
-,20,20,40,20,20,20,17,5.04296875,-5.04296875,-5.04296875,1,-0,False
-,20,21,41,21,20,20,0,4.78515625,-4.78515625,-4.78515625,1,-2,False
-,20,22,42,22,20,20,3,4.859375,-4.859375,-4.859375,1,-2,False
-,20,23,43,23,20,20,0,4.51953125,-4.51953125,-4.51953125,1,-3,False
-,20,24,44,24,20,20,1,4.6171875,-4.6171875,-4.6171875,1,-3,False
-,20,25,45,25,20,20,6,4.2578125,-4.2578125,-4.2578125,1,-29,False
-,20,26,46,26,20,20,2,4.5859375,-4.5859375,-4.5859375,1,-2,False
-,20,27,47,27,20,20,0,4.703125,-4.703125,-4.703125,1,-2,False
-,20,28,48,28,20,20,1,4.93359375,-4.93359375,-4.93359375,1,-2,False
-,20,29,49,29,20,20,1,5.01171875,-5.01171875,-5.01171875,1,-0,False
-,20,30,50,30,20,20,13,5.140625,-5.140625,-5.140625,1,-2,False
-,20,31,51,31,20,20,1,5.125,-5.125,-5.125,1,-1,False
-,20,32,52,32,20,20,3,5.13671875,-5.13671875,-5.13671875,1,-6,False
-,20,33,53,33,20,20,0,4.48046875,-4.48046875,-4.48046875,1,-3,False
-,20,34,54,34,20,20,0,4.84765625,-4.84765625,-4.84765625,1,-2,False
-,20,35,55,35,20,20,1,4.94921875,-4.94921875,-4.94921875,1,-2,False
-,20,36,56,36,20,20,6,4.79296875,-4.79296875,-4.79296875,1,-2,False
-,20,37,57,37,20,20,0,4.89453125,-4.89453125,-4.89453125,1,-6,False
-,20,38,58,38,20,20,1,5.17578125,-5.17578125,-5.17578125,1,-6,False
-,20,39,59,39,20,20,0,5.08984375,-5.08984375,-5.08984375,1,-2,False
-,20,40,60,40,20,20,11,4.34765625,-4.34765625,-4.34765625,1,-6,False
-,20,41,61,41,20,20,0,5.31640625,-5.31640625,-5.31640625,1,-5,False
-,20,42,62,42,20,20,0,5.28515625,-5.28515625,-5.28515625,1,-2,False
-,20,43,63,43,20,20,0,4.75390625,-4.75390625,-4.75390625,1,-2,False
-,20,44,64,44,20,20,1,4.93359375,-4.93359375,-4.93359375,1,-5,False
-,20,45,65,45,20,20,1,5.12890625,-5.12890625,-5.12890625,1,-5,False
-,20,46,66,46,20,20,1,4.91796875,-4.91796875,-4.91796875,1,-1,False
-,20,47,67,47,20,20,0,4.6796875,-4.6796875,-4.6796875,1,-6,False
-,20,48,68,48,20,20,0,4.5078125,-4.5078125,-4.5078125,1,-2,False
-,20,49,69,49,20,20,0,4.609375,-4.609375,-4.609375,1,-2,False
-,20,50,70,50,20,20,6,5.1953125,-5.1953125,-5.1953125,1,-3,False
-,20,51,71,51,20,20,0,5.015625,-5.015625,-5.015625,1,-0,False
-,20,52,72,52,20,20,0,4.68359375,-4.68359375,-4.68359375,1,-2,False
-,20,53,73,53,20,20,0,4.65234375,-4.65234375,-4.65234375,1,-2,False
-,20,54,74,54,20,20,0,4.6328125,-4.6328125,-4.6328125,1,-6,False
-,20,55,75,55,20,20,1,4.72265625,-4.72265625,-4.72265625,1,-3,False
-,20,56,76,56,20,20,0,5.11328125,-5.11328125,-5.11328125,1,-6,False
-,20,57,77,57,20,20,1,4.9609375,-4.9609375,-4.9609375,1,-2,False
-,20,58,78,58,20,20,0,5.1796875,-5.1796875,-5.1796875,1,-3,False
-,20,59,79,59,20,20,1,5.13671875,-5.13671875,-5.13671875,1,-2,False
-,20,60,80,60,20,20,5,4.5078125,-4.5078125,-4.5078125,1,-6,False
-,20,61,81,61,20,20,0,4.58984375,-4.58984375,-4.58984375,1,-1,False
-,20,62,82,62,20,20,0,4.21484375,-4.21484375,-4.21484375,1,-3,False
-,20,63,83,63,20,20,0,4.9453125,-4.9453125,-4.9453125,1,-6,False
-,20,64,84,64,20,20,0,5.203125,-5.203125,-5.203125,1,-2,False
-,20,65,85,65,20,20,0,4.91796875,-4.91796875,-4.91796875,1,-5,False
-,20,66,86,66,20,20,0,4.9609375,-4.9609375,-4.9609375,1,-6,False
-,20,67,87,67,20,20,0,4.84375,-4.84375,-4.84375,1,-0,False
-,20,68,88,68,20,20,0,4.859375,-4.859375,-4.859375,1,-6,False
-,20,69,89,69,20,20,0,4.8984375,-4.8984375,-4.8984375,1,-6,False
-,20,70,90,70,20,20,0,4.19921875,-4.19921875,-4.19921875,1,-2,False
-,20,71,91,71,20,20,2,4.65234375,-4.65234375,-4.65234375,1,-3,False
-,20,72,92,72,20,20,0,4.75,-4.75,-4.75,1,-6,False
-,20,73,93,73,20,20,0,4.1640625,-4.1640625,-4.1640625,1,-1,False
-,20,74,94,74,20,20,0,4.84375,-4.84375,-4.84375,1,-2,False
-,20,75,95,75,20,20,1,4.93359375,-4.93359375,-4.93359375,1,-2,False
-,20,76,96,76,20,20,0,4.93359375,-4.93359375,-4.93359375,1,-6,False
-,20,77,97,77,20,20,0,4.77734375,-4.77734375,-4.77734375,1,-6,False
-,20,78,98,78,20,20,0,4.89453125,-4.89453125,-4.89453125,1,-5,False
-,20,79,99,79,20,20,1,5.26171875,-5.26171875,-5.26171875,1,-5,False
-,20,80,100,80,20,20,27,4.82421875,-4.82421875,-4.82421875,1,-79,False
-,20,81,101,81,20,20,0,4.52734375,-4.52734375,-4.52734375,1,-6,False
-,20,82,102,82,20,20,0,4.734375,-4.734375,-4.734375,1,-2,False
-,20,83,103,83,20,20,0,4.58984375,-4.58984375,-4.58984375,1,-3,False
-,20,84,104,84,20,20,0,4.38671875,-4.38671875,-4.38671875,1,-3,False
-,20,85,105,85,20,20,1,4.55859375,-4.55859375,-4.55859375,1,-70,False
-,20,86,106,86,20,20,0,5.2109375,-5.2109375,-5.2109375,1,-70,False
-,20,87,107,87,20,20,0,5.03125,-5.03125,-5.03125,1,-6,False
-,20,88,108,88,20,20,0,5.07421875,-5.07421875,-5.07421875,1,-3,False
-,20,89,109,89,20,20,0,5.05078125,-5.05078125,-5.05078125,1,-2,False
-,20,90,110,90,20,20,0,4.8203125,-4.8203125,-4.8203125,1,-70,False
-,20,91,111,91,20,20,0,5.1875,-5.1875,-5.1875,1,-1,False
-,20,92,112,92,20,20,1,4.234375,-4.234375,-4.234375,1,-70,False
-,20,93,113,93,20,20,0,4.8984375,-4.8984375,-4.8984375,1,-3,False
-,20,94,114,94,20,20,0,4.80078125,-4.80078125,-4.80078125,1,-0,False
-,20,95,115,95,20,20,0,4.33984375,-4.33984375,-4.33984375,1,-2,False
-,20,96,116,96,20,20,0,4.78515625,-4.78515625,-4.78515625,1,-0,False
-,20,97,117,97,20,20,0,4.9921875,-4.9921875,-4.9921875,1,-6,False
-,20,98,118,98,20,20,1,4.32421875,-4.32421875,-4.32421875,1,-0,False
-,20,99,119,99,20,20,1,4.73046875,-4.73046875,-4.73046875,1,-1,False
-,20,100,120,100,20,20,6,5.07421875,-5.07421875,-5.07421875,1,-3,False
-,21,1,22,1,21,21,14,5.46875,-5.46875,-5.46875,1,-0,False
-,21,2,23,2,21,21,5,5.23046875,-5.23046875,-5.23046875,1,-2,False
-,21,3,24,3,21,21,16,5.23046875,-5.23046875,-5.23046875,1,-0,False
-,21,4,25,4,21,21,15,5.546875,-5.546875,-5.546875,1,-1,False
-,21,5,26,5,21,21,5,5.546875,-5.546875,-5.546875,1,-2,False
-,21,6,27,6,21,21,5,5.53125,-5.53125,-5.53125,1,-3,False
-,21,7,28,7,21,21,3,5.55078125,-5.55078125,-5.55078125,1,-2,False
-,21,8,29,8,21,21,1,4.7578125,-4.7578125,-4.7578125,1,-2,False
-,21,9,30,9,21,21,10,4.70703125,-4.70703125,-4.70703125,1,-1,False
-,21,10,31,10,21,21,4,4.796875,-4.796875,-4.796875,1,-2,False
-,21,11,32,11,21,21,16,4.671875,-4.671875,-4.671875,1,-1,False
-,21,12,33,12,21,21,4,4.609375,-4.609375,-4.609375,1,-1,False
-,21,13,34,13,21,21,2,5.44921875,-5.44921875,-5.44921875,1,-2,False
-,21,14,35,14,21,21,2,4.375,-4.375,-4.375,1,-6,False
-,21,15,36,15,21,21,7,4.6953125,-4.6953125,-4.6953125,1,-2,False
-,21,16,37,16,21,21,0,4.609375,-4.609375,-4.609375,1,-2,False
-,21,17,38,17,21,21,3,5.5546875,-5.5546875,-5.5546875,1,-2,False
-,21,18,39,18,21,21,1,4.890625,-4.890625,-4.890625,1,-1,False
-,21,19,40,19,21,21,2,4.9140625,-4.9140625,-4.9140625,1,-2,False
-,21,20,41,20,21,21,1,4.921875,-4.921875,-4.921875,1,-2,False
-,21,21,42,21,21,21,3,4.77734375,-4.77734375,-4.77734375,1,-6,False
-,21,22,43,22,21,21,3,4.80859375,-4.80859375,-4.80859375,1,-6,False
-,21,23,44,23,21,21,3,5.5703125,-5.5703125,-5.5703125,1,-2,False
-,21,24,45,24,21,21,6,5.33203125,-5.33203125,-5.33203125,1,-3,False
-,21,25,46,25,21,21,1,5.5390625,-5.5390625,-5.5390625,1,-5,False
-,21,26,47,26,21,21,0,5.52734375,-5.52734375,-5.52734375,1,-3,False
-,21,27,48,27,21,21,3,5.796875,-5.796875,-5.796875,1,-1,False
-,21,28,49,28,21,21,0,4.8828125,-4.8828125,-4.8828125,1,-2,False
-,21,29,50,29,21,21,1,5.078125,-5.078125,-5.078125,1,-2,False
-,21,30,51,30,21,21,0,5.265625,-5.265625,-5.265625,1,-6,False
-,21,31,52,31,21,21,1,4.99609375,-4.99609375,-4.99609375,1,-2,False
-,21,32,53,32,21,21,1,5.05859375,-5.05859375,-5.05859375,1,-5,False
-,21,33,54,33,21,21,0,5.578125,-5.578125,-5.578125,1,-6,False
-,21,34,55,34,21,21,3,4.83984375,-4.83984375,-4.83984375,1,-3,False
-,21,35,56,35,21,21,0,5.13671875,-5.13671875,-5.13671875,1,-3,False
-,21,36,57,36,21,21,2,4.83984375,-4.83984375,-4.83984375,1,-1,False
-,21,37,58,37,21,21,1,5.01171875,-5.01171875,-5.01171875,1,-5,False
-,21,38,59,38,21,21,0,5.18359375,-5.18359375,-5.18359375,1,-0,False
-,21,39,60,39,21,21,1,5.1015625,-5.1015625,-5.1015625,1,-2,False
-,21,40,61,40,21,21,2,5.47265625,-5.47265625,-5.47265625,1,-5,False
-,21,41,62,41,21,21,0,5.2578125,-5.2578125,-5.2578125,1,-5,False
-,21,42,63,42,21,21,3,4.93359375,-4.93359375,-4.93359375,1,-6,False
-,21,43,64,43,21,21,0,4.921875,-4.921875,-4.921875,1,-5,False
-,21,44,65,44,21,21,2,4.8984375,-4.8984375,-4.8984375,1,-2,False
-,21,45,66,45,21,21,1,5.1484375,-5.1484375,-5.1484375,1,-2,False
-,21,46,67,46,21,21,0,4.9375,-4.9375,-4.9375,1,-0,False
-,21,47,68,47,21,21,0,5.48046875,-5.48046875,-5.48046875,1,-2,False
-,21,48,69,48,21,21,0,5.73828125,-5.73828125,-5.73828125,1,-2,False
-,21,49,70,49,21,21,1,5.52734375,-5.52734375,-5.52734375,1,-3,False
-,21,50,71,50,21,21,0,5.1953125,-5.1953125,-5.1953125,1,-0,False
-,21,51,72,51,21,21,0,5.05859375,-5.05859375,-5.05859375,1,-1,False
-,21,52,73,52,21,21,0,4.7734375,-4.7734375,-4.7734375,1,-2,False
-,21,53,74,53,21,21,0,5.5546875,-5.5546875,-5.5546875,1,-2,False
-,21,54,75,54,21,21,1,5.5703125,-5.5703125,-5.5703125,1,-0,False
-,21,55,76,55,21,21,0,4.875,-4.875,-4.875,1,-6,False
-,21,56,77,56,21,21,0,5.015625,-5.015625,-5.015625,1,-5,False
-,21,57,78,57,21,21,0,5.140625,-5.140625,-5.140625,1,-2,False
-,21,58,79,58,21,21,0,5.1328125,-5.1328125,-5.1328125,1,-3,False
-,21,59,80,59,21,21,1,5.21875,-5.21875,-5.21875,1,-3,False
-,21,60,81,60,21,21,0,5.50390625,-5.50390625,-5.50390625,1,-6,False
-,21,61,82,61,21,21,0,5.37109375,-5.37109375,-5.37109375,1,-5,False
-,21,62,83,62,21,21,0,5.2265625,-5.2265625,-5.2265625,1,-6,False
-,21,63,84,63,21,21,0,5.08984375,-5.08984375,-5.08984375,1,-2,False
-,21,64,85,64,21,21,1,5.08984375,-5.08984375,-5.08984375,1,-2,False
-,21,65,86,65,21,21,0,5.109375,-5.109375,-5.109375,1,-5,False
-,21,66,87,66,21,21,1,4.97265625,-4.97265625,-4.97265625,1,-6,False
-,21,67,88,67,21,21,0,4.81640625,-4.81640625,-4.81640625,1,-6,False
-,21,68,89,68,21,21,1,5.01171875,-5.01171875,-5.01171875,1,-6,False
-,21,69,90,69,21,21,1,4.83984375,-4.83984375,-4.83984375,1,-1,False
-,21,70,91,70,21,21,0,5.27734375,-5.27734375,-5.27734375,1,-1,False
-,21,71,92,71,21,21,0,4.7109375,-4.7109375,-4.7109375,1,-6,False
-,21,72,93,72,21,21,0,4.7421875,-4.7421875,-4.7421875,1,-3,False
-,21,73,94,73,21,21,1,5.08203125,-5.08203125,-5.08203125,1,-0,False
-,21,74,95,74,21,21,0,4.984375,-4.984375,-4.984375,1,-1,False
-,21,75,96,75,21,21,0,4.984375,-4.984375,-4.984375,1,-2,False
-,21,76,97,76,21,21,0,4.8359375,-4.8359375,-4.8359375,1,-1,False
-,21,77,98,77,21,21,0,5.26953125,-5.26953125,-5.26953125,1,-5,False
-,21,78,99,78,21,21,0,4.80859375,-4.80859375,-4.80859375,1,-6,False
-,21,79,100,79,21,21,3,5.2578125,-5.2578125,-5.2578125,1,-2,False
-,21,80,101,80,21,21,0,4.765625,-4.765625,-4.765625,1,-69,False
-,21,81,102,81,21,21,0,4.75,-4.75,-4.75,1,-3,False
-,21,82,103,82,21,21,0,5.5625,-5.5625,-5.5625,1,-70,False
-,21,83,104,83,21,21,0,5.625,-5.625,-5.625,1,-1,False
-,21,84,105,84,21,21,0,5.3046875,-5.3046875,-5.3046875,1,-6,False
-,21,85,106,85,21,21,1,5.35546875,-5.35546875,-5.35546875,1,-6,False
-,21,86,107,86,21,21,0,5.40234375,-5.40234375,-5.40234375,1,-6,False
-,21,87,108,87,21,21,0,5.03515625,-5.03515625,-5.03515625,1,-70,False
-,21,88,109,88,21,21,0,5.09375,-5.09375,-5.09375,1,-6,False
-,21,89,110,89,21,21,0,5.21484375,-5.21484375,-5.21484375,1,-2,False
-,21,90,111,90,21,21,0,4.78125,-4.78125,-4.78125,1,-60,False
-,21,91,112,91,21,21,0,5.19921875,-5.19921875,-5.19921875,1,-1,False
-,21,92,113,92,21,21,0,5.22265625,-5.22265625,-5.22265625,1,-70,False
-,21,93,114,93,21,21,0,5.17578125,-5.17578125,-5.17578125,1,-1,False
-,21,94,115,94,21,21,0,4.58984375,-4.58984375,-4.58984375,1,-0,False
-,21,95,116,95,21,21,0,4.75,-4.75,-4.75,1,-3,False
-,21,96,117,96,21,21,0,5.39453125,-5.39453125,-5.39453125,1,-0,False
-,21,97,118,97,21,21,0,5.1015625,-5.1015625,-5.1015625,1,-2,False
-,21,98,119,98,21,21,0,5.10546875,-5.10546875,-5.10546875,1,-2,False
-,21,99,120,99,21,21,0,5.05078125,-5.05078125,-5.05078125,1,-1,False
-,21,100,121,100,21,21,2,5.21484375,-5.21484375,-5.21484375,1,-69,False
-,22,1,23,1,22,22,9,5.21875,-5.21875,-5.21875,1,-0,False
-,22,2,24,2,22,22,15,5.28515625,-5.28515625,-5.28515625,1,-2,False
-,22,3,25,3,22,22,6,5.33203125,-5.33203125,-5.33203125,1,-1,False
-,22,4,26,4,22,22,2,5.53515625,-5.53515625,-5.53515625,1,-6,False
-,22,5,27,5,22,22,6,5.65625,-5.65625,-5.65625,1,-1,False
-,22,6,28,6,22,22,6,5.58203125,-5.58203125,-5.58203125,1,-5,False
-,22,7,29,7,22,22,0,5.66796875,-5.66796875,-5.66796875,1,-1,False
-,22,8,30,8,22,22,7,5.20703125,-5.20703125,-5.20703125,1,-2,False
-,22,9,31,9,22,22,1,4.7578125,-4.7578125,-4.7578125,1,-6,False
-,22,10,32,10,22,22,6,4.84375,-4.84375,-4.84375,1,-1,False
-,22,11,33,11,22,22,16,4.59765625,-4.59765625,-4.59765625,1,-2,False
-,22,12,34,12,22,22,6,5.51171875,-5.51171875,-5.51171875,1,-1,False
-,22,13,35,13,22,22,1,5.5078125,-5.5078125,-5.5078125,1,-3,False
-,22,14,36,14,22,22,4,5.58203125,-5.58203125,-5.58203125,1,-6,False
-,22,15,37,15,22,22,0,5.59765625,-5.59765625,-5.59765625,1,-2,False
-,22,16,38,16,22,22,0,5.6015625,-5.6015625,-5.6015625,1,-5,False
-,22,17,39,17,22,22,1,5.734375,-5.734375,-5.734375,1,-1,False
-,22,18,40,18,22,22,0,4.94140625,-4.94140625,-4.94140625,1,-2,False
-,22,19,41,19,22,22,2,4.6953125,-4.6953125,-4.6953125,1,-1,False
-,22,20,42,20,22,22,1,4.8515625,-4.8515625,-4.8515625,1,-2,False
-,22,21,43,21,22,22,1,5.63671875,-5.63671875,-5.63671875,1,-5,False
-,22,22,44,22,22,22,0,4.921875,-4.921875,-4.921875,1,-6,False
-,22,23,45,23,22,22,1,5.33203125,-5.33203125,-5.33203125,1,-6,False
-,22,24,46,24,22,22,1,5.5546875,-5.5546875,-5.5546875,1,-2,False
-,22,25,47,25,22,22,0,5.48046875,-5.48046875,-5.48046875,1,-0,False
-,22,26,48,26,22,22,2,5.58984375,-5.58984375,-5.58984375,1,-2,False
-,22,27,49,27,22,22,3,5.734375,-5.734375,-5.734375,1,-0,False
-,22,28,50,28,22,22,2,4.9765625,-4.9765625,-4.9765625,1,-3,False
-,22,29,51,29,22,22,0,5.05078125,-5.05078125,-5.05078125,1,-2,False
-,22,30,52,30,22,22,2,5.1953125,-5.1953125,-5.1953125,1,-1,False
-,22,31,53,31,22,22,1,4.92578125,-4.92578125,-4.92578125,1,-2,False
-,22,32,54,32,22,22,6,5.078125,-5.078125,-5.078125,1,-6,False
-,22,33,55,33,22,22,1,5.58984375,-5.58984375,-5.58984375,1,-6,False
-,22,34,56,34,22,22,1,4.96875,-4.96875,-4.96875,1,-2,False
-,22,35,57,35,22,22,3,5.23046875,-5.23046875,-5.23046875,1,-1,False
-,22,36,58,36,22,22,1,4.75,-4.75,-4.75,1,-0,False
-,22,37,59,37,22,22,0,5.0078125,-5.0078125,-5.0078125,1,-6,False
-,22,38,60,38,22,22,1,5.08203125,-5.08203125,-5.08203125,1,-0,False
-,22,39,61,39,22,22,0,5.2578125,-5.2578125,-5.2578125,1,-6,False
-,22,40,62,40,22,22,1,5.4609375,-5.4609375,-5.4609375,1,-2,False
-,22,41,63,41,22,22,0,5.84765625,-5.84765625,-5.84765625,1,-1,False
-,22,42,64,42,22,22,0,5.07421875,-5.07421875,-5.07421875,1,-2,False
-,22,43,65,43,22,22,4,4.89453125,-4.89453125,-4.89453125,1,-2,False
-,22,44,66,44,22,22,2,4.96484375,-4.96484375,-4.96484375,1,-3,False
-,22,45,67,45,22,22,0,5.20703125,-5.20703125,-5.20703125,1,-2,False
-,22,46,68,46,22,22,0,5.66015625,-5.66015625,-5.66015625,1,-1,False
-,22,47,69,47,22,22,0,5.6640625,-5.6640625,-5.6640625,1,-2,False
-,22,48,70,48,22,22,2,5.609375,-5.609375,-5.609375,1,-3,False
-,22,49,71,49,22,22,0,5.47265625,-5.47265625,-5.47265625,1,-0,False
-,22,50,72,50,22,22,3,5.25390625,-5.25390625,-5.25390625,1,-2,False
-,22,51,73,51,22,22,0,5.10546875,-5.10546875,-5.10546875,1,-0,False
-,22,52,74,52,22,22,0,5.6640625,-5.6640625,-5.6640625,1,-2,False
-,22,53,75,53,22,22,0,5.53125,-5.53125,-5.53125,1,-5,False
-,22,54,76,54,22,22,0,5.6640625,-5.6640625,-5.6640625,1,-2,False
-,22,55,77,55,22,22,0,4.7734375,-4.7734375,-4.7734375,1,-6,False
-,22,56,78,56,22,22,2,5.1171875,-5.1171875,-5.1171875,1,-3,False
-,22,57,79,57,22,22,0,5.10546875,-5.10546875,-5.10546875,1,-3,False
-,22,58,80,58,22,22,0,5.2265625,-5.2265625,-5.2265625,1,-5,False
-,22,59,81,59,22,22,0,5.125,-5.125,-5.125,1,-2,False
-,22,60,82,60,22,22,0,5.41796875,-5.41796875,-5.41796875,1,-3,False
-,22,61,83,61,22,22,0,5.4453125,-5.4453125,-5.4453125,1,-6,False
-,22,62,84,62,22,22,1,5.2734375,-5.2734375,-5.2734375,1,-6,False
-,22,63,85,63,22,22,1,4.953125,-4.953125,-4.953125,1,-3,False
-,22,64,86,64,22,22,1,5.25,-5.25,-5.25,1,-2,False
-,22,65,87,65,22,22,0,5.09375,-5.09375,-5.09375,1,-5,False
-,22,66,88,66,22,22,0,4.859375,-4.859375,-4.859375,1,-6,False
-,22,67,89,67,22,22,0,4.98828125,-4.98828125,-4.98828125,1,-6,False
-,22,68,90,68,22,22,1,4.890625,-4.890625,-4.890625,1,-69,False
-,22,69,91,69,22,22,0,4.84375,-4.84375,-4.84375,1,-6,False
-,22,70,92,70,22,22,0,5.2578125,-5.2578125,-5.2578125,1,-2,False
-,22,71,93,71,22,22,0,5.61328125,-5.61328125,-5.61328125,1,-0,False
-,22,72,94,72,22,22,1,5.60546875,-5.60546875,-5.60546875,1,-3,False
-,22,73,95,73,22,22,0,5.25390625,-5.25390625,-5.25390625,1,-2,False
-,22,74,96,74,22,22,3,5.02734375,-5.02734375,-5.02734375,1,-69,False
-,22,75,97,75,22,22,0,4.8046875,-4.8046875,-4.8046875,1,-1,False
-,22,76,98,76,22,22,0,4.796875,-4.796875,-4.796875,1,-6,False
-,22,77,99,77,22,22,0,5.3671875,-5.3671875,-5.3671875,1,-5,False
-,22,78,100,78,22,22,2,5.54296875,-5.54296875,-5.54296875,1,-6,False
-,22,79,101,79,22,22,0,5.34765625,-5.34765625,-5.34765625,1,-1,False
-,22,80,102,80,22,22,0,5.08203125,-5.08203125,-5.08203125,1,-2,False
-,22,81,103,81,22,22,0,5.60546875,-5.60546875,-5.60546875,1,-6,False
-,22,82,104,82,22,22,1,4.6875,-4.6875,-4.6875,1,-6,False
-,22,83,105,83,22,22,1,5.49609375,-5.49609375,-5.49609375,1,-6,False
-,22,84,106,84,22,22,0,5.2734375,-5.2734375,-5.2734375,1,-6,False
-,22,85,107,85,22,22,0,5.5234375,-5.5234375,-5.5234375,1,-6,False
-,22,86,108,86,22,22,2,5.21484375,-5.21484375,-5.21484375,1,-70,False
-,22,87,109,87,22,22,0,4.98828125,-4.98828125,-4.98828125,1,-2,False
-,22,88,110,88,22,22,0,4.9921875,-4.9921875,-4.9921875,1,-2,False
-,22,89,111,89,22,22,0,5.03515625,-5.03515625,-5.03515625,1,-2,False
-,22,90,112,90,22,22,1,4.9296875,-4.9296875,-4.9296875,1,-60,False
-,22,91,113,91,22,22,0,5.10546875,-5.10546875,-5.10546875,1,-70,False
-,22,92,114,92,22,22,0,5.3984375,-5.3984375,-5.3984375,1,-70,False
-,22,93,115,93,22,22,0,4.9453125,-4.9453125,-4.9453125,1,-2,False
-,22,94,116,94,22,22,0,4.890625,-4.890625,-4.890625,1,-0,False
-,22,95,117,95,22,22,0,5.47265625,-5.47265625,-5.47265625,1,-2,False
-,22,96,118,96,22,22,0,5.55078125,-5.55078125,-5.55078125,1,-0,False
-,22,97,119,97,22,22,0,5.88671875,-5.88671875,-5.88671875,1,-0,False
-,22,98,120,98,22,22,0,5.45703125,-5.45703125,-5.45703125,1,-3,False
-,22,99,121,99,22,22,0,5.21875,-5.21875,-5.21875,1,-0,False
-,22,100,122,100,22,22,0,4.90234375,-4.90234375,-4.90234375,1,-6,False
-,23,1,24,1,23,23,9,5.265625,-5.265625,-5.265625,1,-0,False
-,23,2,25,2,23,23,13,5.4453125,-5.4453125,-5.4453125,1,-1,False
-,23,3,26,3,23,23,5,5.4375,-5.4375,-5.4375,1,-0,False
-,23,4,27,4,23,23,4,5.56640625,-5.56640625,-5.56640625,1,-2,False
-,23,5,28,5,23,23,9,5.6640625,-5.6640625,-5.6640625,1,-2,False
-,23,6,29,6,23,23,4,5.62890625,-5.62890625,-5.62890625,1,-2,False
-,23,7,30,7,23,23,3,4.78515625,-4.78515625,-4.78515625,1,-1,False
-,23,8,31,8,23,23,1,4.6796875,-4.6796875,-4.6796875,1,-1,False
-,23,9,32,9,23,23,3,4.76171875,-4.76171875,-4.76171875,1,-6,False
-,23,10,33,10,23,23,7,4.7734375,-4.7734375,-4.7734375,1,-3,False
-,23,11,34,11,23,23,3,5.484375,-5.484375,-5.484375,1,-2,False
-,23,12,35,12,23,23,8,5.49609375,-5.49609375,-5.49609375,1,-1,False
-,23,13,36,13,23,23,2,5.546875,-5.546875,-5.546875,1,-2,False
-,23,14,37,14,23,23,0,5.5,-5.5,-5.5,1,-6,False
-,23,15,38,15,23,23,3,5.5234375,-5.5234375,-5.5234375,1,-6,False
-,23,16,39,16,23,23,0,4.8203125,-4.8203125,-4.8203125,1,-1,False
-,23,17,40,17,23,23,1,4.9140625,-4.9140625,-4.9140625,1,-0,False
-,23,18,41,18,23,23,0,4.86328125,-4.86328125,-4.86328125,1,-1,False
-,23,19,42,19,23,23,1,5.74609375,-5.74609375,-5.74609375,1,-6,False
-,23,20,43,20,23,23,2,4.8359375,-4.8359375,-4.8359375,1,-2,False
-,23,21,44,21,23,23,3,5.73828125,-5.73828125,-5.73828125,1,-6,False
-,23,22,45,22,23,23,1,4.65234375,-4.65234375,-4.65234375,1,-0,False
-,23,23,46,23,23,23,0,5.609375,-5.609375,-5.609375,1,-1,False
-,23,24,47,24,23,23,0,5.37890625,-5.37890625,-5.37890625,1,-3,False
-,23,25,48,25,23,23,3,5.56640625,-5.56640625,-5.56640625,1,-6,False
-,23,26,49,26,23,23,0,5.54296875,-5.54296875,-5.54296875,1,-2,False
-,23,27,50,27,23,23,1,5.78125,-5.78125,-5.78125,1,-1,False
-,23,28,51,28,23,23,1,4.97265625,-4.97265625,-4.97265625,1,-2,False
-,23,29,52,29,23,23,0,4.9609375,-4.9609375,-4.9609375,1,-1,False
-,23,30,53,30,23,23,1,5.08203125,-5.08203125,-5.08203125,1,-2,False
-,23,31,54,31,23,23,0,4.984375,-4.984375,-4.984375,1,-2,False
-,23,32,55,32,23,23,0,5.1640625,-5.1640625,-5.1640625,1,-6,False
-,23,33,56,33,23,23,1,5.70703125,-5.70703125,-5.70703125,1,-6,False
-,23,34,57,34,23,23,0,4.9765625,-4.9765625,-4.9765625,1,-2,False
-,23,35,58,35,23,23,0,5.1328125,-5.1328125,-5.1328125,1,-2,False
-,23,36,59,36,23,23,0,4.8046875,-4.8046875,-4.8046875,1,-1,False
-,23,37,60,37,23,23,1,5.05859375,-5.05859375,-5.05859375,1,-1,False
-,23,38,61,38,23,23,0,5.33203125,-5.33203125,-5.33203125,1,-3,False
-,23,39,62,39,23,23,0,5.26953125,-5.26953125,-5.26953125,1,-2,False
-,23,40,63,40,23,23,0,5.20703125,-5.20703125,-5.20703125,1,-3,False
-,23,41,64,41,23,23,2,4.9453125,-4.9453125,-4.9453125,1,-5,False
-,23,42,65,42,23,23,1,5.1328125,-5.1328125,-5.1328125,1,-6,False
-,23,43,66,43,23,23,0,4.9765625,-4.9765625,-4.9765625,1,-2,False
-,23,44,67,44,23,23,0,5.0546875,-5.0546875,-5.0546875,1,-2,False
-,23,45,68,45,23,23,1,4.90625,-4.90625,-4.90625,1,-6,False
-,23,46,69,46,23,23,0,4.8984375,-4.8984375,-4.8984375,1,-6,False
-,23,47,70,47,23,23,1,5.640625,-5.640625,-5.640625,1,-0,False
-,23,48,71,48,23,23,0,5.56640625,-5.56640625,-5.56640625,1,-2,False
-,23,49,72,49,23,23,1,5.51171875,-5.51171875,-5.51171875,1,-3,False
-,23,50,73,50,23,23,0,5.265625,-5.265625,-5.265625,1,-2,False
-,23,51,74,51,23,23,0,4.89453125,-4.89453125,-4.89453125,1,-1,False
-,23,52,75,52,23,23,0,5.60546875,-5.60546875,-5.60546875,1,-3,False
-,23,53,76,53,23,23,0,5.61328125,-5.61328125,-5.61328125,1,-6,False
-,23,54,77,54,23,23,0,5.58984375,-5.58984375,-5.58984375,1,-2,False
-,23,55,78,55,23,23,1,4.86328125,-4.86328125,-4.86328125,1,-6,False
-,23,56,79,56,23,23,0,5.1015625,-5.1015625,-5.1015625,1,-5,False
-,23,57,80,57,23,23,0,5.18359375,-5.18359375,-5.18359375,1,-5,False
-,23,58,81,58,23,23,0,5.03125,-5.03125,-5.03125,1,-2,False
-,23,59,82,59,23,23,1,5.0859375,-5.0859375,-5.0859375,1,-3,False
-,23,60,83,60,23,23,0,5.44921875,-5.44921875,-5.44921875,1,-6,False
-,23,61,84,61,23,23,0,5.4375,-5.4375,-5.4375,1,-5,False
-,23,62,85,62,23,23,1,5.1953125,-5.1953125,-5.1953125,1,-3,False
-,23,63,86,63,23,23,0,5.15234375,-5.15234375,-5.15234375,1,-6,False
-,23,64,87,64,23,23,1,5.16015625,-5.16015625,-5.16015625,1,-6,False
-,23,65,88,65,23,23,0,4.95703125,-4.95703125,-4.95703125,1,-3,False
-,23,66,89,66,23,23,0,5.0078125,-5.0078125,-5.0078125,1,-6,False
-,23,67,90,67,23,23,0,4.83203125,-4.83203125,-4.83203125,1,-0,False
-,23,68,91,68,23,23,0,4.890625,-4.890625,-4.890625,1,-6,False
-,23,69,92,69,23,23,0,4.8515625,-4.8515625,-4.8515625,1,-72,False
-,23,70,93,70,23,23,0,5.265625,-5.265625,-5.265625,1,-2,False
-,23,71,94,71,23,23,0,5.53515625,-5.53515625,-5.53515625,1,-6,False
-,23,72,95,72,23,23,0,4.77734375,-4.77734375,-4.77734375,1,-2,False
-,23,73,96,73,23,23,0,5.29296875,-5.29296875,-5.29296875,1,-6,False
-,23,74,97,74,23,23,0,4.9296875,-4.9296875,-4.9296875,1,-69,False
-,23,75,98,75,23,23,0,4.77734375,-4.77734375,-4.77734375,1,-1,False
-,23,76,99,76,23,23,0,5.7734375,-5.7734375,-5.7734375,1,-1,False
-,23,77,100,77,23,23,1,5.09375,-5.09375,-5.09375,1,-6,False
-,23,78,101,78,23,23,0,5.71875,-5.71875,-5.71875,1,-3,False
-,23,79,102,79,23,23,0,4.8515625,-4.8515625,-4.8515625,1,-6,False
-,23,80,103,80,23,23,0,4.84375,-4.84375,-4.84375,1,-6,False
-,23,81,104,81,23,23,0,4.765625,-4.765625,-4.765625,1,-3,False
-,23,82,105,82,23,23,1,5.66015625,-5.66015625,-5.66015625,1,-6,False
-,23,83,106,83,23,23,0,5.69140625,-5.69140625,-5.69140625,1,-2,False
-,23,84,107,84,23,23,1,5.27734375,-5.27734375,-5.27734375,1,-6,False
-,23,85,108,85,23,23,0,5.328125,-5.328125,-5.328125,1,-70,False
-,23,86,109,86,23,23,0,5.125,-5.125,-5.125,1,-70,False
-,23,87,110,87,23,23,0,5.921875,-5.921875,-5.921875,1,-6,False
-,23,88,111,88,23,23,0,5.796875,-5.796875,-5.796875,1,-1,False
-,23,89,112,89,23,23,0,5.140625,-5.140625,-5.140625,1,-6,False
-,23,90,113,90,23,23,0,4.78125,-4.78125,-4.78125,1,-70,False
-,23,91,114,91,23,23,0,5.3984375,-5.3984375,-5.3984375,1,-2,False
-,23,92,115,92,23,23,2,5.12109375,-5.12109375,-5.12109375,1,-70,False
-,23,93,116,93,23,23,0,5.4296875,-5.4296875,-5.4296875,1,-1,False
-,23,94,117,94,23,23,0,4.64453125,-4.64453125,-4.64453125,1,-2,False
-,23,95,118,95,23,23,0,4.640625,-4.640625,-4.640625,1,-3,False
-,23,96,119,96,23,23,0,5.34375,-5.34375,-5.34375,1,-0,False
-,23,97,120,97,23,23,1,5.18359375,-5.18359375,-5.18359375,1,-0,False
-,23,98,121,98,23,23,0,5.53125,-5.53125,-5.53125,1,-0,False
-,23,99,122,99,23,23,0,5.046875,-5.046875,-5.046875,1,-1,False
-,23,100,123,100,23,23,0,4.96875,-4.96875,-4.96875,1,-1,False
-,24,1,25,1,24,24,20,6.37890625,-6.37890625,-6.37890625,1,-1,False
-,24,2,26,2,24,24,6,5.46875,-5.46875,-5.46875,1,-2,False
-,24,3,27,3,24,24,11,5.390625,-5.390625,-5.390625,1,-2,False
-,24,4,28,4,24,24,15,5.546875,-5.546875,-5.546875,1,-2,False
-,24,5,29,5,24,24,2,5.63671875,-5.63671875,-5.63671875,1,-2,False
-,24,6,30,6,24,24,17,5.69140625,-5.69140625,-5.69140625,1,-2,False
-,24,7,31,7,24,24,6,5.72265625,-5.72265625,-5.72265625,1,-1,False
-,24,8,32,8,24,24,20,5.88671875,-5.88671875,-5.88671875,1,-1,False
-,24,9,33,9,24,24,3,5.7109375,-5.7109375,-5.7109375,1,-1,False
-,24,10,34,10,24,24,3,5.66015625,-5.66015625,-5.66015625,1,-2,False
-,24,11,35,11,24,24,4,5.5390625,-5.5390625,-5.5390625,1,-2,False
-,24,12,36,12,24,24,10,5.6171875,-5.6171875,-5.6171875,1,-12,False
-,24,13,37,13,24,24,3,5.46484375,-5.46484375,-5.46484375,1,-3,False
-,24,14,38,14,24,24,4,6.22265625,-6.22265625,-6.22265625,1,-1,False
-,24,15,39,15,24,24,4,5.6875,-5.6875,-5.6875,1,-2,False
-,24,16,40,16,24,24,5,5.01171875,-5.01171875,-5.01171875,1,-0,False
-,24,17,41,17,24,24,1,5.67578125,-5.67578125,-5.67578125,1,-6,False
-,24,18,42,18,24,24,3,5.859375,-5.859375,-5.859375,1,-1,False
-,24,19,43,19,24,24,1,5.6875,-5.6875,-5.6875,1,-6,False
-,24,20,44,20,24,24,1,5.96875,-5.96875,-5.96875,1,-2,False
-,24,21,45,21,24,24,3,5.640625,-5.640625,-5.640625,1,-6,False
-,24,22,46,22,24,24,2,5.86328125,-5.86328125,-5.86328125,1,-6,False
-,24,23,47,23,24,24,0,5.52734375,-5.52734375,-5.52734375,1,-1,False
-,24,24,48,24,24,24,5,5.640625,-5.640625,-5.640625,1,-3,False
-,24,25,49,25,24,24,4,5.51953125,-5.51953125,-5.51953125,1,-5,False
-,24,26,50,26,24,24,2,5.6640625,-5.6640625,-5.6640625,1,-2,False
-,24,27,51,27,24,24,0,5.76953125,-5.76953125,-5.76953125,1,-2,False
-,24,28,52,28,24,24,0,5.90625,-5.90625,-5.90625,1,-3,False
-,24,29,53,29,24,24,1,5.89453125,-5.89453125,-5.89453125,1,-1,False
-,24,30,54,30,24,24,1,6.1171875,-6.1171875,-6.1171875,1,-6,False
-,24,31,55,31,24,24,0,6.046875,-6.046875,-6.046875,1,-2,False
-,24,32,56,32,24,24,0,5.296875,-5.296875,-5.296875,1,-6,False
-,24,33,57,33,24,24,0,5.76171875,-5.76171875,-5.76171875,1,-3,False
-,24,34,58,34,24,24,0,5.0234375,-5.0234375,-5.0234375,1,-2,False
-,24,35,59,35,24,24,1,5.17578125,-5.17578125,-5.17578125,1,-1,False
-,24,36,60,36,24,24,1,4.921875,-4.921875,-4.921875,1,-2,False
-,24,37,61,37,24,24,1,6.171875,-6.171875,-6.171875,1,-2,False
-,24,38,62,38,24,24,2,6.19921875,-6.19921875,-6.19921875,1,-6,False
-,24,39,63,39,24,24,2,5.8671875,-5.8671875,-5.8671875,1,-2,False
-,24,40,64,40,24,24,3,5.30078125,-5.30078125,-5.30078125,1,-0,False
-,24,41,65,41,24,24,0,6.1015625,-6.1015625,-6.1015625,1,-1,False
-,24,42,66,42,24,24,0,6.1484375,-6.1484375,-6.1484375,1,-6,False
-,24,43,67,43,24,24,0,5.99609375,-5.99609375,-5.99609375,1,-2,False
-,24,44,68,44,24,24,0,5.74609375,-5.74609375,-5.74609375,1,-5,False
-,24,45,69,45,24,24,1,6.1015625,-6.1015625,-6.1015625,1,-2,False
-,24,46,70,46,24,24,1,5.87109375,-5.87109375,-5.87109375,1,-2,False
-,24,47,71,47,24,24,0,5.51171875,-5.51171875,-5.51171875,1,-0,False
-,24,48,72,48,24,24,3,5.61328125,-5.61328125,-5.61328125,1,-2,False
-,24,49,73,49,24,24,2,5.5078125,-5.5078125,-5.5078125,1,-2,False
-,24,50,74,50,24,24,1,6.1953125,-6.1953125,-6.1953125,1,-5,False
-,24,51,75,51,24,24,0,5.90234375,-5.90234375,-5.90234375,1,-2,False
-,24,52,76,52,24,24,0,5.6875,-5.6875,-5.6875,1,-6,False
-,24,53,77,53,24,24,0,5.5078125,-5.5078125,-5.5078125,1,-5,False
-,24,54,78,54,24,24,0,5.7734375,-5.7734375,-5.7734375,1,-2,False
-,24,55,79,55,24,24,0,5.9375,-5.9375,-5.9375,1,-6,False
-,24,56,80,56,24,24,0,5.13671875,-5.13671875,-5.13671875,1,-6,False
-,24,57,81,57,24,24,0,6.12109375,-6.12109375,-6.12109375,1,-2,False
-,24,58,82,58,24,24,0,6.046875,-6.046875,-6.046875,1,-2,False
-,24,59,83,59,24,24,0,6.1484375,-6.1484375,-6.1484375,1,-3,False
-,24,60,84,60,24,24,3,5.51171875,-5.51171875,-5.51171875,1,-6,False
-,24,61,85,61,24,24,0,5.37109375,-5.37109375,-5.37109375,1,-1,False
-,24,62,86,62,24,24,0,5.375,-5.375,-5.375,1,-6,False
-,24,63,87,63,24,24,1,6.00390625,-6.00390625,-6.00390625,1,-1,False
-,24,64,88,64,24,24,0,5.05078125,-5.05078125,-5.05078125,1,-6,False
-,24,65,89,65,24,24,0,5.203125,-5.203125,-5.203125,1,-3,False
-,24,66,90,66,24,24,0,5.9140625,-5.9140625,-5.9140625,1,-6,False
-,24,67,91,67,24,24,0,5.890625,-5.890625,-5.890625,1,-6,False
-,24,68,92,68,24,24,0,5.90234375,-5.90234375,-5.90234375,1,-69,False
-,24,69,93,69,24,24,0,5.796875,-5.796875,-5.796875,1,-2,False
-,24,70,94,70,24,24,0,5.15625,-5.15625,-5.15625,1,-1,False
-,24,71,95,71,24,24,1,5.76171875,-5.76171875,-5.76171875,1,-6,False
-,24,72,96,72,24,24,1,5.765625,-5.765625,-5.765625,1,-2,False
-,24,73,97,73,24,24,1,5.13671875,-5.13671875,-5.13671875,1,-6,False
-,24,74,98,74,24,24,0,5.8984375,-5.8984375,-5.8984375,1,-69,False
-,24,75,99,75,24,24,0,5.8046875,-5.8046875,-5.8046875,1,-3,False
-,24,76,100,76,24,24,1,5.68359375,-5.68359375,-5.68359375,1,-76,False
-,24,77,101,77,24,24,0,5.98828125,-5.98828125,-5.98828125,1,-3,False
-,24,78,102,78,24,24,0,5.11328125,-5.11328125,-5.11328125,1,-2,False
-,24,79,103,79,24,24,0,5.46484375,-5.46484375,-5.46484375,1,-69,False
-,24,80,104,80,24,24,0,5.9375,-5.9375,-5.9375,1,-6,False
-,24,81,105,81,24,24,0,5.7109375,-5.7109375,-5.7109375,1,-6,False
-,24,82,106,82,24,24,0,5.62109375,-5.62109375,-5.62109375,1,-3,False
-,24,83,107,83,24,24,1,5.6796875,-5.6796875,-5.6796875,1,-2,False
-,24,84,108,84,24,24,1,5.18359375,-5.18359375,-5.18359375,1,-3,False
-,24,85,109,85,24,24,0,5.37109375,-5.37109375,-5.37109375,1,-6,False
-,24,86,110,86,24,24,0,5.35546875,-5.35546875,-5.35546875,1,-6,False
-,24,87,111,87,24,24,0,5.9453125,-5.9453125,-5.9453125,1,-1,False
-,24,88,112,88,24,24,0,5.92578125,-5.92578125,-5.92578125,1,-2,False
-,24,89,113,89,24,24,0,6.015625,-6.015625,-6.015625,1,-6,False
-,24,90,114,90,24,24,0,5.23828125,-5.23828125,-5.23828125,1,-70,False
-,24,91,115,91,24,24,0,6.04296875,-6.04296875,-6.04296875,1,-2,False
-,24,92,116,92,24,24,0,5.54296875,-5.54296875,-5.54296875,1,-70,False
-,24,93,117,93,24,24,0,5.9453125,-5.9453125,-5.9453125,1,-3,False
-,24,94,118,94,24,24,0,5.734375,-5.734375,-5.734375,1,-69,False
-,24,95,119,95,24,24,1,5.34375,-5.34375,-5.34375,1,-2,False
-,24,96,120,96,24,24,0,5.62109375,-5.62109375,-5.62109375,1,-0,False
-,24,97,121,97,24,24,0,5.3046875,-5.3046875,-5.3046875,1,-60,False
-,24,98,122,98,24,24,0,5.375,-5.375,-5.375,1,-0,False
-,24,99,123,99,24,24,0,5.83984375,-5.83984375,-5.83984375,1,-2,False
-,24,100,124,100,24,24,0,5.8515625,-5.8515625,-5.8515625,1,-2,False
-,25,1,26,1,25,25,4,5.48046875,-5.48046875,-5.48046875,1,-2,False
-,25,2,27,2,25,25,11,5.4609375,-5.4609375,-5.4609375,1,-0,False
-,25,3,28,3,25,25,6,5.390625,-5.390625,-5.390625,1,-6,False
-,25,4,29,4,25,25,3,5.5859375,-5.5859375,-5.5859375,1,-1,False
-,25,5,30,5,25,25,15,5.65625,-5.65625,-5.65625,1,-2,False
-,25,6,31,6,25,25,3,5.68359375,-5.68359375,-5.68359375,1,-2,False
-,25,7,32,7,25,25,5,4.79296875,-4.79296875,-4.79296875,1,-2,False
-,25,8,33,8,25,25,3,4.84765625,-4.84765625,-4.84765625,1,-1,False
-,25,9,34,9,25,25,4,5.51953125,-5.51953125,-5.51953125,1,-1,False
-,25,10,35,10,25,25,8,4.69140625,-4.69140625,-4.69140625,1,-3,False
-,25,11,36,11,25,25,4,5.55859375,-5.55859375,-5.55859375,1,-1,False
-,25,12,37,12,25,25,2,4.54296875,-4.54296875,-4.54296875,1,-1,False
-,25,13,38,13,25,25,0,5.47265625,-5.47265625,-5.47265625,1,-3,False
-,25,14,39,14,25,25,0,5.69140625,-5.69140625,-5.69140625,1,-6,False
-,25,15,40,15,25,25,6,4.87890625,-4.87890625,-4.87890625,1,-2,False
-,25,16,41,16,25,25,1,4.78515625,-4.78515625,-4.78515625,1,-1,False
-,25,17,42,17,25,25,0,4.7578125,-4.7578125,-4.7578125,1,-0,False
-,25,18,43,18,25,25,0,4.859375,-4.859375,-4.859375,1,-2,False
-,25,19,44,19,25,25,0,5.71875,-5.71875,-5.71875,1,-6,False
-,25,20,45,20,25,25,6,4.7265625,-4.7265625,-4.7265625,1,-6,False
-,25,21,46,21,25,25,1,4.79296875,-4.79296875,-4.79296875,1,-6,False
-,25,22,47,22,25,25,1,4.7890625,-4.7890625,-4.7890625,1,-0,False
-,25,23,48,23,25,25,1,5.640625,-5.640625,-5.640625,1,-1,False
-,25,24,49,24,25,25,0,4.625,-4.625,-4.625,1,-2,False
-,25,25,50,25,25,25,9,4.5390625,-4.5390625,-4.5390625,1,-5,False
-,25,26,51,26,25,25,0,4.62890625,-4.62890625,-4.62890625,1,-2,False
-,25,27,52,27,25,25,1,4.79296875,-4.79296875,-4.79296875,1,-1,False
-,25,28,53,28,25,25,1,4.828125,-4.828125,-4.828125,1,-2,False
-,25,29,54,29,25,25,4,4.91015625,-4.91015625,-4.91015625,1,-1,False
-,25,30,55,30,25,25,2,5.25390625,-5.25390625,-5.25390625,1,-6,False
-,25,31,56,31,25,25,1,5.23046875,-5.23046875,-5.23046875,1,-2,False
-,25,32,57,32,25,25,1,5.3359375,-5.3359375,-5.3359375,1,-2,False
-,25,33,58,33,25,25,1,5.74609375,-5.74609375,-5.74609375,1,-3,False
-,25,34,59,34,25,25,0,5.078125,-5.078125,-5.078125,1,-2,False
-,25,35,60,35,25,25,6,5.25,-5.25,-5.25,1,-2,False
-,25,36,61,36,25,25,1,5.09765625,-5.09765625,-5.09765625,1,-1,False
-,25,37,62,37,25,25,0,5.16015625,-5.16015625,-5.16015625,1,-5,False
-,25,38,63,38,25,25,0,5.0546875,-5.0546875,-5.0546875,1,-74,False
-,25,39,64,39,25,25,1,4.984375,-4.984375,-4.984375,1,-6,False
-,25,40,65,40,25,25,1,5.32421875,-5.32421875,-5.32421875,1,-6,False
-,25,41,66,41,25,25,0,5.1171875,-5.1171875,-5.1171875,1,-1,False
-,25,42,67,42,25,25,0,5.18359375,-5.18359375,-5.18359375,1,-6,False
-,25,43,68,43,25,25,1,5.71484375,-5.71484375,-5.71484375,1,-3,False
-,25,44,69,44,25,25,1,4.92578125,-4.92578125,-4.92578125,1,-2,False
-,25,45,70,45,25,25,0,5.10546875,-5.10546875,-5.10546875,1,-5,False
-,25,46,71,46,25,25,0,5.734375,-5.734375,-5.734375,1,-6,False
-,25,47,72,47,25,25,2,5.53125,-5.53125,-5.53125,1,-2,False
-,25,48,73,48,25,25,0,5.66015625,-5.66015625,-5.66015625,1,-2,False
-,25,49,74,49,25,25,0,5.48828125,-5.48828125,-5.48828125,1,-3,False
-,25,50,75,50,25,25,8,5.171875,-5.171875,-5.171875,1,-5,False
-,25,51,76,51,25,25,0,5.078125,-5.078125,-5.078125,1,-2,False
-,25,52,77,52,25,25,0,5.58984375,-5.58984375,-5.58984375,1,-6,False
-,25,53,78,53,25,25,0,5.6328125,-5.6328125,-5.6328125,1,-3,False
-,25,54,79,54,25,25,0,5.65234375,-5.65234375,-5.65234375,1,-2,False
-,25,55,80,55,25,25,0,4.9375,-4.9375,-4.9375,1,-3,False
-,25,56,81,56,25,25,0,5.0390625,-5.0390625,-5.0390625,1,-2,False
-,25,57,82,57,25,25,0,4.9609375,-4.9609375,-4.9609375,1,-2,False
-,25,58,83,58,25,25,0,5.140625,-5.140625,-5.140625,1,-3,False
-,25,59,84,59,25,25,0,5.22265625,-5.22265625,-5.22265625,1,-3,False
-,25,60,85,60,25,25,1,5.39453125,-5.39453125,-5.39453125,1,-6,False
-,25,61,86,61,25,25,0,4.546875,-4.546875,-4.546875,1,-1,False
-,25,62,87,62,25,25,0,5.3515625,-5.3515625,-5.3515625,1,-6,False
-,25,63,88,63,25,25,1,4.95703125,-4.95703125,-4.95703125,1,-6,False
-,25,64,89,64,25,25,0,5.23828125,-5.23828125,-5.23828125,1,-6,False
-,25,65,90,65,25,25,4,4.98046875,-4.98046875,-4.98046875,1,-6,False
-,25,66,91,66,25,25,0,4.94921875,-4.94921875,-4.94921875,1,-6,False
-,25,67,92,67,25,25,1,4.87890625,-4.87890625,-4.87890625,1,-0,False
-,25,68,93,68,25,25,0,4.84765625,-4.84765625,-4.84765625,1,-69,False
-,25,69,94,69,25,25,0,5.6953125,-5.6953125,-5.6953125,1,-2,False
-,25,70,95,70,25,25,2,5.3359375,-5.3359375,-5.3359375,1,-1,False
-,25,71,96,71,25,25,0,4.75,-4.75,-4.75,1,-3,False
-,25,72,97,72,25,25,0,4.73828125,-4.73828125,-4.73828125,1,-2,False
-,25,73,98,73,25,25,0,5.203125,-5.203125,-5.203125,1,-6,False
-,25,74,99,74,25,25,0,4.890625,-4.890625,-4.890625,1,-2,False
-,25,75,100,75,25,25,12,4.74609375,-4.74609375,-4.74609375,1,-2,False
-,25,76,101,76,25,25,0,5.57421875,-5.57421875,-5.57421875,1,-6,False
-,25,77,102,77,25,25,0,4.85546875,-4.85546875,-4.85546875,1,-2,False
-,25,78,103,78,25,25,0,4.7890625,-4.7890625,-4.7890625,1,-3,False
-,25,79,104,79,25,25,0,5.32421875,-5.32421875,-5.32421875,1,-2,False
-,25,80,105,80,25,25,1,4.94140625,-4.94140625,-4.94140625,1,-6,False
-,25,81,106,81,25,25,0,4.76171875,-4.76171875,-4.76171875,1,-5,False
-,25,82,107,82,25,25,0,4.671875,-4.671875,-4.671875,1,-6,False
-,25,83,108,83,25,25,0,5.421875,-5.421875,-5.421875,1,-6,False
-,25,84,109,84,25,25,0,5.328125,-5.328125,-5.328125,1,-3,False
-,25,85,110,85,25,25,0,5.4765625,-5.4765625,-5.4765625,1,-70,False
-,25,86,111,86,25,25,0,5.17578125,-5.17578125,-5.17578125,1,-6,False
-,25,87,112,87,25,25,0,4.9296875,-4.9296875,-4.9296875,1,-3,False
-,25,88,113,88,25,25,0,5.04296875,-5.04296875,-5.04296875,1,-2,False
-,25,89,114,89,25,25,0,5.140625,-5.140625,-5.140625,1,-3,False
-,25,90,115,90,25,25,0,5.65625,-5.65625,-5.65625,1,-60,False
-,25,91,116,91,25,25,0,5.53515625,-5.53515625,-5.53515625,1,-1,False
-,25,92,117,92,25,25,0,5.19921875,-5.19921875,-5.19921875,1,-70,False
-,25,93,118,93,25,25,0,5.3046875,-5.3046875,-5.3046875,1,-1,False
-,25,94,119,94,25,25,0,5.4296875,-5.4296875,-5.4296875,1,-6,False
-,25,95,120,95,25,25,1,4.74609375,-4.74609375,-4.74609375,1,-0,False
-,25,96,121,96,25,25,0,4.83203125,-4.83203125,-4.83203125,1,-69,False
-,25,97,122,97,25,25,2,5.0,-5.0,-5.0,1,-2,False
-,25,98,123,98,25,25,0,5.2734375,-5.2734375,-5.2734375,1,-1,False
-,25,99,124,99,25,25,0,4.953125,-4.953125,-4.953125,1,-70,False
-,25,100,125,100,25,25,1,4.83984375,-4.83984375,-4.83984375,1,-60,False
-,26,1,27,1,26,26,12,5.546875,-5.546875,-5.546875,1,-2,False
-,26,2,28,2,26,26,7,5.49609375,-5.49609375,-5.49609375,1,-1,False
-,26,3,29,3,26,26,3,5.49609375,-5.49609375,-5.49609375,1,-1,False
-,26,4,30,4,26,26,3,4.76171875,-4.76171875,-4.76171875,1,-1,False
-,26,5,31,5,26,26,7,4.77734375,-4.77734375,-4.77734375,1,-1,False
-,26,6,32,6,26,26,3,4.66796875,-4.66796875,-4.66796875,1,-2,False
-,26,7,33,7,26,26,4,5.64453125,-5.64453125,-5.64453125,1,-2,False
-,26,8,34,8,26,26,4,4.71484375,-4.71484375,-4.71484375,1,-2,False
-,26,9,35,9,26,26,1,5.55859375,-5.55859375,-5.55859375,1,-1,False
-,26,10,36,10,26,26,10,4.71484375,-4.71484375,-4.71484375,1,-3,False
-,26,11,37,11,26,26,0,5.48046875,-5.48046875,-5.48046875,1,-2,False
-,26,12,38,12,26,26,3,5.55078125,-5.55078125,-5.55078125,1,-3,False
-,26,13,39,13,26,26,15,4.5703125,-4.5703125,-4.5703125,1,-2,False
-,26,14,40,14,26,26,14,4.87109375,-4.87109375,-4.87109375,1,-6,False
-,26,15,41,15,26,26,0,4.68359375,-4.68359375,-4.68359375,1,-2,False
-,26,16,42,16,26,26,3,4.76171875,-4.76171875,-4.76171875,1,-1,False
-,26,17,43,17,26,26,1,5.63671875,-5.63671875,-5.63671875,1,-2,False
-,26,18,44,18,26,26,0,4.8515625,-4.8515625,-4.8515625,1,-2,False
-,26,19,45,19,26,26,0,4.65625,-4.65625,-4.65625,1,-3,False
-,26,20,46,20,26,26,2,4.86328125,-4.86328125,-4.86328125,1,-3,False
-,26,21,47,21,26,26,0,4.6796875,-4.6796875,-4.6796875,1,-2,False
-,26,22,48,22,26,26,6,4.8671875,-4.8671875,-4.8671875,1,-6,False
-,26,23,49,23,26,26,3,5.5625,-5.5625,-5.5625,1,-6,False
-,26,24,50,24,26,26,2,4.59375,-4.59375,-4.59375,1,-2,False
-,26,25,51,25,26,26,0,4.5546875,-4.5546875,-4.5546875,1,-5,False
-,26,26,52,26,26,26,1,4.5703125,-4.5703125,-4.5703125,1,-2,False
-,26,27,53,27,26,26,0,4.55859375,-4.55859375,-4.55859375,1,-2,False
-,26,28,54,28,26,26,1,4.8515625,-4.8515625,-4.8515625,1,-6,False
-,26,29,55,29,26,26,0,4.9375,-4.9375,-4.9375,1,-2,False
-,26,30,56,30,26,26,0,5.30859375,-5.30859375,-5.30859375,1,-6,False
-,26,31,57,31,26,26,2,5.2109375,-5.2109375,-5.2109375,1,-1,False
-,26,32,58,32,26,26,2,5.33203125,-5.33203125,-5.33203125,1,-2,False
-,26,33,59,33,26,26,0,4.70703125,-4.70703125,-4.70703125,1,-3,False
-,26,34,60,34,26,26,0,5.1171875,-5.1171875,-5.1171875,1,-2,False
-,26,35,61,35,26,26,0,5.32421875,-5.32421875,-5.32421875,1,-1,False
-,26,36,62,36,26,26,0,5.0546875,-5.0546875,-5.0546875,1,-1,False
-,26,37,63,37,26,26,1,4.71484375,-4.71484375,-4.71484375,1,-1,False
-,26,38,64,38,26,26,0,5.125,-5.125,-5.125,1,-0,False
-,26,39,65,39,26,26,1,5.07421875,-5.07421875,-5.07421875,1,-3,False
-,26,40,66,40,26,26,0,5.35546875,-5.35546875,-5.35546875,1,-5,False
-,26,41,67,41,26,26,0,5.140625,-5.140625,-5.140625,1,-1,False
-,26,42,68,42,26,26,0,4.91015625,-4.91015625,-4.91015625,1,-1,False
-,26,43,69,43,26,26,0,4.93359375,-4.93359375,-4.93359375,1,-2,False
-,26,44,70,44,26,26,0,4.87890625,-4.87890625,-4.87890625,1,-2,False
-,26,45,71,45,26,26,0,4.921875,-4.921875,-4.921875,1,-2,False
-,26,46,72,46,26,26,0,4.75390625,-4.75390625,-4.75390625,1,-1,False
-,26,47,73,47,26,26,0,5.5703125,-5.5703125,-5.5703125,1,-0,False
-,26,48,74,48,26,26,0,5.52734375,-5.52734375,-5.52734375,1,-3,False
-,26,49,75,49,26,26,1,5.46484375,-5.46484375,-5.46484375,1,-5,False
-,26,50,76,50,26,26,1,5.2265625,-5.2265625,-5.2265625,1,-6,False
-,26,51,77,51,26,26,0,4.81640625,-4.81640625,-4.81640625,1,-2,False
-,26,52,78,52,26,26,2,4.74609375,-4.74609375,-4.74609375,1,-3,False
-,26,53,79,53,26,26,0,4.59375,-4.59375,-4.59375,1,-2,False
-,26,54,80,54,26,26,0,4.703125,-4.703125,-4.703125,1,-2,False
-,26,55,81,55,26,26,0,4.77734375,-4.77734375,-4.77734375,1,-3,False
-,26,56,82,56,26,26,0,4.97265625,-4.97265625,-4.97265625,1,-1,False
-,26,57,83,57,26,26,0,5.0625,-5.0625,-5.0625,1,-2,False
-,26,58,84,58,26,26,0,5.17578125,-5.17578125,-5.17578125,1,-3,False
-,26,59,85,59,26,26,0,5.0390625,-5.0390625,-5.0390625,1,-3,False
-,26,60,86,60,26,26,0,4.55859375,-4.55859375,-4.55859375,1,-6,False
-,26,61,87,61,26,26,0,5.4609375,-5.4609375,-5.4609375,1,-3,False
-,26,62,88,62,26,26,0,5.30078125,-5.30078125,-5.30078125,1,-2,False
-,26,63,89,63,26,26,0,5.23828125,-5.23828125,-5.23828125,1,-6,False
-,26,64,90,64,26,26,2,5.0234375,-5.0234375,-5.0234375,1,-1,False
-,26,65,91,65,26,26,0,5.08203125,-5.08203125,-5.08203125,1,-3,False
-,26,66,92,66,26,26,0,4.92578125,-4.92578125,-4.92578125,1,-6,False
-,26,67,93,67,26,26,1,4.84375,-4.84375,-4.84375,1,-0,False
-,26,68,94,68,26,26,0,4.7734375,-4.7734375,-4.7734375,1,-69,False
-,26,69,95,69,26,26,0,4.8671875,-4.8671875,-4.8671875,1,-69,False
-,26,70,96,70,26,26,0,4.34375,-4.34375,-4.34375,1,-2,False
-,26,71,97,71,26,26,0,4.70703125,-4.70703125,-4.70703125,1,-3,False
-,26,72,98,72,26,26,0,4.6953125,-4.6953125,-4.6953125,1,-2,False
-,26,73,99,73,26,26,0,5.09765625,-5.09765625,-5.09765625,1,-1,False
-,26,74,100,74,26,26,1,4.8125,-4.8125,-4.8125,1,-76,False
-,26,75,101,75,26,26,0,4.6875,-4.6875,-4.6875,1,-6,False
-,26,76,102,76,26,26,0,4.96875,-4.96875,-4.96875,1,-6,False
-,26,77,103,77,26,26,0,5.24609375,-5.24609375,-5.24609375,1,-6,False
-,26,78,104,78,26,26,0,4.9921875,-4.9921875,-4.9921875,1,-3,False
-,26,79,105,79,26,26,0,5.62109375,-5.62109375,-5.62109375,1,-3,False
-,26,80,106,80,26,26,0,4.8359375,-4.8359375,-4.8359375,1,-70,False
-,26,81,107,81,26,26,0,4.71875,-4.71875,-4.71875,1,-3,False
-,26,82,108,82,26,26,0,4.421875,-4.421875,-4.421875,1,-70,False
-,26,83,109,83,26,26,0,4.6875,-4.6875,-4.6875,1,-2,False
-,26,84,110,84,26,26,0,4.35546875,-4.35546875,-4.35546875,1,-2,False
-,26,85,111,85,26,26,0,5.26171875,-5.26171875,-5.26171875,1,-6,False
-,26,86,112,86,26,26,0,5.31640625,-5.31640625,-5.31640625,1,-6,False
-,26,87,113,87,26,26,0,4.96875,-4.96875,-4.96875,1,-2,False
-,26,88,114,88,26,26,0,5.140625,-5.140625,-5.140625,1,-5,False
-,26,89,115,89,26,26,1,5.03515625,-5.03515625,-5.03515625,1,-2,False
-,26,90,116,90,26,26,0,5.37890625,-5.37890625,-5.37890625,1,-60,False
-,26,91,117,91,26,26,1,5.125,-5.125,-5.125,1,-6,False
-,26,92,118,92,26,26,0,4.4375,-4.4375,-4.4375,1,-70,False
-,26,93,119,93,26,26,0,4.96875,-4.96875,-4.96875,1,-1,False
-,26,94,120,94,26,26,0,4.734375,-4.734375,-4.734375,1,-0,False
-,26,95,121,95,26,26,0,4.7109375,-4.7109375,-4.7109375,1,-2,False
-,26,96,122,96,26,26,0,4.59765625,-4.59765625,-4.59765625,1,-0,False
-,26,97,123,97,26,26,0,5.02734375,-5.02734375,-5.02734375,1,-70,False
-,26,98,124,98,26,26,0,5.3125,-5.3125,-5.3125,1,-1,False
-,26,99,125,99,26,26,0,5.625,-5.625,-5.625,1,-70,False
-,26,100,126,100,26,26,1,4.89453125,-4.89453125,-4.89453125,1,-69,False
-,27,1,28,1,27,27,4,5.58203125,-5.58203125,-5.58203125,1,-2,False
-,27,2,29,2,27,27,4,4.55859375,-4.55859375,-4.55859375,1,-1,False
-,27,3,30,3,27,27,16,5.53125,-5.53125,-5.53125,1,-0,False
-,27,4,31,4,27,27,4,4.76953125,-4.76953125,-4.76953125,1,-1,False
-,27,5,32,5,27,27,11,4.859375,-4.859375,-4.859375,1,-2,False
-,27,6,33,6,27,27,3,4.6171875,-4.6171875,-4.6171875,1,-5,False
-,27,7,34,7,27,27,4,5.53125,-5.53125,-5.53125,1,-2,False
-,27,8,35,8,27,27,4,4.703125,-4.703125,-4.703125,1,-2,False
-,27,9,36,9,27,27,4,4.67578125,-4.67578125,-4.67578125,1,-1,False
-,27,10,37,10,27,27,0,4.76953125,-4.76953125,-4.76953125,1,-2,False
-,27,11,38,11,27,27,1,5.48828125,-5.48828125,-5.48828125,1,-6,False
-,27,12,39,12,27,27,2,4.70703125,-4.70703125,-4.70703125,1,-1,False
-,27,13,40,13,27,27,1,4.8046875,-4.8046875,-4.8046875,1,-2,False
-,27,14,41,14,27,27,3,4.65625,-4.65625,-4.65625,1,-6,False
-,27,15,42,15,27,27,2,4.74609375,-4.74609375,-4.74609375,1,-2,False
-,27,16,43,16,27,27,0,4.78515625,-4.78515625,-4.78515625,1,-3,False
-,27,17,44,17,27,27,0,4.7265625,-4.7265625,-4.7265625,1,-3,False
-,27,18,45,18,27,27,4,4.84375,-4.84375,-4.84375,1,-2,False
-,27,19,46,19,27,27,1,4.76171875,-4.76171875,-4.76171875,1,-6,False
-,27,20,47,20,27,27,0,4.8125,-4.8125,-4.8125,1,-6,False
-,27,21,48,21,27,27,1,4.8984375,-4.8984375,-4.8984375,1,-6,False
-,27,22,49,22,27,27,0,4.8359375,-4.8359375,-4.8359375,1,-6,False
-,27,23,50,23,27,27,1,4.72265625,-4.72265625,-4.72265625,1,-3,False
-,27,24,51,24,27,27,0,4.703125,-4.703125,-4.703125,1,-3,False
-,27,25,52,25,27,27,0,4.56640625,-4.56640625,-4.56640625,1,-3,False
-,27,26,53,26,27,27,0,4.47265625,-4.47265625,-4.47265625,1,-2,False
-,27,27,54,27,27,27,0,4.68359375,-4.68359375,-4.68359375,1,-1,False
-,27,28,55,28,27,27,5,4.87109375,-4.87109375,-4.87109375,1,-3,False
-,27,29,56,29,27,27,0,5.09765625,-5.09765625,-5.09765625,1,-1,False
-,27,30,57,30,27,27,1,5.31640625,-5.31640625,-5.31640625,1,-6,False
-,27,31,58,31,27,27,0,5.25390625,-5.25390625,-5.25390625,1,-1,False
-,27,32,59,32,27,27,0,4.296875,-4.296875,-4.296875,1,-3,False
-,27,33,60,33,27,27,2,4.7734375,-4.7734375,-4.7734375,1,-6,False
-,27,34,61,34,27,27,3,5.2421875,-5.2421875,-5.2421875,1,-1,False
-,27,35,62,35,27,27,2,5.3125,-5.3125,-5.3125,1,-2,False
-,27,36,63,36,27,27,4,4.6953125,-4.6953125,-4.6953125,1,-2,False
-,27,37,64,37,27,27,2,4.875,-4.875,-4.875,1,-2,False
-,27,38,65,38,27,27,1,5.109375,-5.109375,-5.109375,1,-74,False
-,27,39,66,39,27,27,0,5.0625,-5.0625,-5.0625,1,-3,False
-,27,40,67,40,27,27,0,5.39453125,-5.39453125,-5.39453125,1,-6,False
-,27,41,68,41,27,27,1,4.80078125,-4.80078125,-4.80078125,1,-2,False
-,27,42,69,42,27,27,0,5.15625,-5.15625,-5.15625,1,-6,False
-,27,43,70,43,27,27,1,4.85546875,-4.85546875,-4.85546875,1,-2,False
-,27,44,71,44,27,27,0,4.82421875,-4.82421875,-4.82421875,1,-2,False
-,27,45,72,45,27,27,1,5.06640625,-5.06640625,-5.06640625,1,-6,False
-,27,46,73,46,27,27,0,4.8125,-4.8125,-4.8125,1,-1,False
-,27,47,74,47,27,27,1,5.4765625,-5.4765625,-5.4765625,1,-2,False
-,27,48,75,48,27,27,1,5.53515625,-5.53515625,-5.53515625,1,-5,False
-,27,49,76,49,27,27,0,5.453125,-5.453125,-5.453125,1,-6,False
-,27,50,77,50,27,27,1,5.1328125,-5.1328125,-5.1328125,1,-5,False
-,27,51,78,51,27,27,0,5.09375,-5.09375,-5.09375,1,-1,False
-,27,52,79,52,27,27,0,4.65234375,-4.65234375,-4.65234375,1,-3,False
-,27,53,80,53,27,27,0,4.66015625,-4.66015625,-4.66015625,1,-5,False
-,27,54,81,54,27,27,1,4.6796875,-4.6796875,-4.6796875,1,-2,False
-,27,55,82,55,27,27,0,4.73046875,-4.73046875,-4.73046875,1,-5,False
-,27,56,83,56,27,27,0,5.0546875,-5.0546875,-5.0546875,1,-6,False
-,27,57,84,57,27,27,1,5.05859375,-5.05859375,-5.05859375,1,-2,False
-,27,58,85,58,27,27,1,4.91796875,-4.91796875,-4.91796875,1,-3,False
-,27,59,86,59,27,27,0,5.25,-5.25,-5.25,1,-2,False
-,27,60,87,60,27,27,0,4.51171875,-4.51171875,-4.51171875,1,-6,False
-,27,61,88,61,27,27,0,4.4296875,-4.4296875,-4.4296875,1,-3,False
-,27,62,89,62,27,27,0,5.40625,-5.40625,-5.40625,1,-2,False
-,27,63,90,63,27,27,0,5.08203125,-5.08203125,-5.08203125,1,-6,False
-,27,64,91,64,27,27,1,5.0859375,-5.0859375,-5.0859375,1,-0,False
-,27,65,92,65,27,27,0,4.984375,-4.984375,-4.984375,1,-3,False
-,27,66,93,66,27,27,0,4.91796875,-4.91796875,-4.91796875,1,-6,False
-,27,67,94,67,27,27,0,4.78125,-4.78125,-4.78125,1,-0,False
-,27,68,95,68,27,27,0,4.9375,-4.9375,-4.9375,1,-6,False
-,27,69,96,69,27,27,0,4.87890625,-4.87890625,-4.87890625,1,-2,False
-,27,70,97,70,27,27,0,5.30078125,-5.30078125,-5.30078125,1,-1,False
-,27,71,98,71,27,27,0,4.62890625,-4.62890625,-4.62890625,1,-3,False
-,27,72,99,72,27,27,0,4.59765625,-4.59765625,-4.59765625,1,-2,False
-,27,73,100,73,27,27,0,4.83203125,-4.83203125,-4.83203125,1,-6,False
-,27,74,101,74,27,27,0,4.7109375,-4.7109375,-4.7109375,1,-6,False
-,27,75,102,75,27,27,0,4.9375,-4.9375,-4.9375,1,-1,False
-,27,76,103,76,27,27,0,4.7109375,-4.7109375,-4.7109375,1,-6,False
-,27,77,104,77,27,27,0,4.57421875,-4.57421875,-4.57421875,1,-6,False
-,27,78,105,78,27,27,0,4.83984375,-4.83984375,-4.83984375,1,-5,False
-,27,79,106,79,27,27,0,4.80859375,-4.80859375,-4.80859375,1,-2,False
-,27,80,107,80,27,27,0,4.9375,-4.9375,-4.9375,1,-6,False
-,27,81,108,81,27,27,0,4.703125,-4.703125,-4.703125,1,-6,False
-,27,82,109,82,27,27,0,4.54296875,-4.54296875,-4.54296875,1,-2,False
-,27,83,110,83,27,27,0,4.7890625,-4.7890625,-4.7890625,1,-2,False
-,27,84,111,84,27,27,0,5.20703125,-5.20703125,-5.20703125,1,-1,False
-,27,85,112,85,27,27,1,4.3828125,-4.3828125,-4.3828125,1,-60,False
-,27,86,113,86,27,27,0,5.15234375,-5.15234375,-5.15234375,1,-6,False
-,27,87,114,87,27,27,0,5.0390625,-5.0390625,-5.0390625,1,-70,False
-,27,88,115,88,27,27,0,5.015625,-5.015625,-5.015625,1,-2,False
-,27,89,116,89,27,27,0,4.3515625,-4.3515625,-4.3515625,1,-1,False
-,27,90,117,90,27,27,0,4.78515625,-4.78515625,-4.78515625,1,-70,False
-,27,91,118,91,27,27,0,4.4375,-4.4375,-4.4375,1,-2,False
-,27,92,119,92,27,27,0,5.16015625,-5.16015625,-5.16015625,1,-6,False
-,27,93,120,93,27,27,0,4.296875,-4.296875,-4.296875,1,-1,False
-,27,94,121,94,27,27,1,4.82421875,-4.82421875,-4.82421875,1,-0,False
-,27,95,122,95,27,27,0,4.74609375,-4.74609375,-4.74609375,1,-2,False
-,27,96,123,96,27,27,0,4.47265625,-4.47265625,-4.47265625,1,-0,False
-,27,97,124,97,27,27,0,5.078125,-5.078125,-5.078125,1,-0,False
-,27,98,125,98,27,27,0,5.16015625,-5.16015625,-5.16015625,1,-2,False
-,27,99,126,99,27,27,0,4.8046875,-4.8046875,-4.8046875,1,"-
127 - 99 =",False
-,27,100,127,100,27,27,0,4.73046875,-4.73046875,-4.73046875,1,-0,False
-,28,1,29,1,28,28,4,5.58984375,-5.58984375,-5.58984375,1,-1,False
-,28,2,30,2,28,28,6,5.56640625,-5.56640625,-5.56640625,1,-1,False
-,28,3,31,3,28,28,8,5.55078125,-5.55078125,-5.55078125,1,-1,False
-,28,4,32,4,28,28,10,5.78515625,-5.78515625,-5.78515625,1,-2,False
-,28,5,33,5,28,28,3,5.62109375,-5.62109375,-5.62109375,1,-2,False
-,28,6,34,6,28,28,7,5.53125,-5.53125,-5.53125,1,-3,False
-,28,7,35,7,28,28,2,5.546875,-5.546875,-5.546875,1,-2,False
-,28,8,36,8,28,28,5,4.83203125,-4.83203125,-4.83203125,1,-2,False
-,28,9,37,9,28,28,1,5.53125,-5.53125,-5.53125,1,-1,False
-,28,10,38,10,28,28,1,5.6796875,-5.6796875,-5.6796875,1,-6,False
-,28,11,39,11,28,28,0,4.71484375,-4.71484375,-4.71484375,1,-2,False
-,28,12,40,12,28,28,4,4.921875,-4.921875,-4.921875,1,-1,False
-,28,13,41,13,28,28,1,5.5859375,-5.5859375,-5.5859375,1,-2,False
-,28,14,42,14,28,28,2,5.546875,-5.546875,-5.546875,1,-6,False
-,28,15,43,15,28,28,1,5.61328125,-5.61328125,-5.61328125,1,-6,False
-,28,16,44,16,28,28,0,4.81640625,-4.81640625,-4.81640625,1,-3,False
-,28,17,45,17,28,28,1,5.59765625,-5.59765625,-5.59765625,1,-2,False
-,28,18,46,18,28,28,1,4.90234375,-4.90234375,-4.90234375,1,-1,False
-,28,19,47,19,28,28,1,5.73046875,-5.73046875,-5.73046875,1,-6,False
-,28,20,48,20,28,28,1,4.85546875,-4.85546875,-4.85546875,1,-2,False
-,28,21,49,21,28,28,2,5.8046875,-5.8046875,-5.8046875,1,-6,False
-,28,22,50,22,28,28,1,4.87890625,-4.87890625,-4.87890625,1,-6,False
-,28,23,51,23,28,28,1,5.64453125,-5.64453125,-5.64453125,1,-6,False
-,28,24,52,24,28,28,2,5.62890625,-5.62890625,-5.62890625,1,-3,False
-,28,25,53,25,28,28,0,5.3828125,-5.3828125,-5.3828125,1,-3,False
-,28,26,54,26,28,28,1,5.5234375,-5.5234375,-5.5234375,1,-2,False
-,28,27,55,27,28,28,1,4.7578125,-4.7578125,-4.7578125,1,-1,False
-,28,28,56,28,28,28,0,5.046875,-5.046875,-5.046875,1,-6,False
-,28,29,57,29,28,28,0,5.1328125,-5.1328125,-5.1328125,1,-6,False
-,28,30,58,30,28,28,1,5.31640625,-5.31640625,-5.31640625,1,-3,False
-,28,31,59,31,28,28,0,5.203125,-5.203125,-5.203125,1,-1,False
-,28,32,60,32,28,28,1,5.3125,-5.3125,-5.3125,1,-6,False
-,28,33,61,33,28,28,1,4.9453125,-4.9453125,-4.9453125,1,-2,False
-,28,34,62,34,28,28,0,5.28125,-5.28125,-5.28125,1,-2,False
-,28,35,63,35,28,28,2,4.9609375,-4.9609375,-4.9609375,1,-2,False
-,28,36,64,36,28,28,1,4.8203125,-4.8203125,-4.8203125,1,-6,False
-,28,37,65,37,28,28,2,5.86328125,-5.86328125,-5.86328125,1,-2,False
-,28,38,66,38,28,28,1,5.2265625,-5.2265625,-5.2265625,1,-74,False
-,28,39,67,39,28,28,0,5.10546875,-5.10546875,-5.10546875,1,-2,False
-,28,40,68,40,28,28,0,5.22265625,-5.22265625,-5.22265625,1,-6,False
-,28,41,69,41,28,28,0,5.171875,-5.171875,-5.171875,1,-1,False
-,28,42,70,42,28,28,0,5.11328125,-5.11328125,-5.11328125,1,-5,False
-,28,43,71,43,28,28,0,5.75390625,-5.75390625,-5.75390625,1,-2,False
-,28,44,72,44,28,28,0,4.88671875,-4.88671875,-4.88671875,1,-2,False
-,28,45,73,45,28,28,0,5.0859375,-5.0859375,-5.0859375,1,-6,False
-,28,46,74,46,28,28,0,5.734375,-5.734375,-5.734375,1,-1,False
-,28,47,75,47,28,28,0,5.50390625,-5.50390625,-5.50390625,1,-3,False
-,28,48,76,48,28,28,0,5.6171875,-5.6171875,-5.6171875,1,-3,False
-,28,49,77,49,28,28,0,5.37890625,-5.37890625,-5.37890625,1,-5,False
-,28,50,78,50,28,28,1,5.25,-5.25,-5.25,1,-6,False
-,28,51,79,51,28,28,0,5.046875,-5.046875,-5.046875,1,-1,False
-,28,52,80,52,28,28,2,5.69921875,-5.69921875,-5.69921875,1,-6,False
-,28,53,81,53,28,28,0,5.55078125,-5.55078125,-5.55078125,1,-2,False
-,28,54,82,54,28,28,0,5.546875,-5.546875,-5.546875,1,-6,False
-,28,55,83,55,28,28,0,4.8125,-4.8125,-4.8125,1,-6,False
-,28,56,84,56,28,28,0,5.09765625,-5.09765625,-5.09765625,1,-3,False
-,28,57,85,57,28,28,0,4.953125,-4.953125,-4.953125,1,-3,False
-,28,58,86,58,28,28,0,5.1875,-5.1875,-5.1875,1,-5,False
-,28,59,87,59,28,28,0,5.22265625,-5.22265625,-5.22265625,1,-3,False
-,28,60,88,60,28,28,0,5.51171875,-5.51171875,-5.51171875,1,-6,False
-,28,61,89,61,28,28,0,5.5390625,-5.5390625,-5.5390625,1,-3,False
-,28,62,90,62,28,28,0,5.26953125,-5.26953125,-5.26953125,1,-6,False
-,28,63,91,63,28,28,0,5.046875,-5.046875,-5.046875,1,-1,False
-,28,64,92,64,28,28,0,5.12890625,-5.12890625,-5.12890625,1,-2,False
-,28,65,93,65,28,28,0,4.9609375,-4.9609375,-4.9609375,1,-5,False
-,28,66,94,66,28,28,0,4.80859375,-4.80859375,-4.80859375,1,-6,False
-,28,67,95,67,28,28,0,4.91015625,-4.91015625,-4.91015625,1,-0,False
-,28,68,96,68,28,28,0,4.9375,-4.9375,-4.9375,1,-69,False
-,28,69,97,69,28,28,0,4.8046875,-4.8046875,-4.8046875,1,-1,False
-,28,70,98,70,28,28,0,5.1953125,-5.1953125,-5.1953125,1,-1,False
-,28,71,99,71,28,28,0,5.50390625,-5.50390625,-5.50390625,1,-6,False
-,28,72,100,72,28,28,4,5.359375,-5.359375,-5.359375,1,-2,False
-,28,73,101,73,28,28,0,5.0234375,-5.0234375,-5.0234375,1,-6,False
-,28,74,102,74,28,28,0,4.94921875,-4.94921875,-4.94921875,1,-1,False
-,28,75,103,75,28,28,0,4.796875,-4.796875,-4.796875,1,-1,False
-,28,76,104,76,28,28,0,4.93359375,-4.93359375,-4.93359375,1,-69,False
-,28,77,105,77,28,28,1,5.4609375,-5.4609375,-5.4609375,1,-6,False
-,28,78,106,78,28,28,0,4.921875,-4.921875,-4.921875,1,-5,False
-,28,79,107,79,28,28,0,5.60546875,-5.60546875,-5.60546875,1,-3,False
-,28,80,108,80,28,28,1,4.8515625,-4.8515625,-4.8515625,1,-6,False
-,28,81,109,81,28,28,0,4.79296875,-4.79296875,-4.79296875,1,-6,False
-,28,82,110,82,28,28,0,4.625,-4.625,-4.625,1,-6,False
-,28,83,111,83,28,28,0,5.51171875,-5.51171875,-5.51171875,1,-1,False
-,28,84,112,84,28,28,0,5.21484375,-5.21484375,-5.21484375,1,-3,False
-,28,85,113,85,28,28,0,5.13671875,-5.13671875,-5.13671875,1,-6,False
-,28,86,114,86,28,28,0,5.33203125,-5.33203125,-5.33203125,1,-6,False
-,28,87,115,87,28,28,0,4.91015625,-4.91015625,-4.91015625,1,-6,False
-,28,88,116,88,28,28,1,5.4609375,-5.4609375,-5.4609375,1,-2,False
-,28,89,117,89,28,28,0,5.0703125,-5.0703125,-5.0703125,1,-2,False
-,28,90,118,90,28,28,0,5.09765625,-5.09765625,-5.09765625,1,-60,False
-,28,91,119,91,28,28,0,5.08984375,-5.08984375,-5.08984375,1,-2,False
-,28,92,120,92,28,28,0,5.28515625,-5.28515625,-5.28515625,1,-70,False
-,28,93,121,93,28,28,0,5.4140625,-5.4140625,-5.4140625,1,-1,False
-,28,94,122,94,28,28,0,4.87890625,-4.87890625,-4.87890625,1,-69,False
-,28,95,123,95,28,28,0,5.5625,-5.5625,-5.5625,1,-70,False
-,28,96,124,96,28,28,0,4.58984375,-4.58984375,-4.58984375,1,-0,False
-,28,97,125,97,28,28,0,5.79296875,-5.79296875,-5.79296875,1,-70,False
-,28,98,126,98,28,28,0,5.18359375,-5.18359375,-5.18359375,1,-0,False
-,28,99,127,99,28,28,0,5.5625,-5.5625,-5.5625,1,-1,False
-,28,100,128,100,28,28,1,4.88671875,-4.88671875,-4.88671875,1,-1,False
-,29,1,30,1,29,29,13,5.63671875,-5.63671875,-5.63671875,1,-1,False
-,29,2,31,2,29,29,3,5.74609375,-5.74609375,-5.74609375,1,-1,False
-,29,3,32,3,29,29,6,5.65234375,-5.65234375,-5.65234375,1,-1,False
-,29,4,33,4,29,29,6,5.65625,-5.65625,-5.65625,1,-2,False
-,29,5,34,5,29,29,6,5.55859375,-5.55859375,-5.55859375,1,-3,False
-,29,6,35,6,29,29,1,5.54296875,-5.54296875,-5.54296875,1,-5,False
-,29,7,36,7,29,29,10,5.6484375,-5.6484375,-5.6484375,1,-2,False
-,29,8,37,8,29,29,1,5.703125,-5.703125,-5.703125,1,-2,False
-,29,9,38,9,29,29,2,5.6015625,-5.6015625,-5.6015625,1,-1,False
-,29,10,39,10,29,29,1,4.82421875,-4.82421875,-4.82421875,1,-3,False
-,29,11,40,11,29,29,3,4.76953125,-4.76953125,-4.76953125,1,-1,False
-,29,12,41,12,29,29,1,5.6875,-5.6875,-5.6875,1,-12,False
-,29,13,42,13,29,29,0,5.5703125,-5.5703125,-5.5703125,1,-3,False
-,29,14,43,14,29,29,1,5.484375,-5.484375,-5.484375,1,-3,False
-,29,15,44,15,29,29,0,5.75,-5.75,-5.75,1,-3,False
-,29,16,45,16,29,29,0,5.5234375,-5.5234375,-5.5234375,1,-3,False
-,29,17,46,17,29,29,0,5.703125,-5.703125,-5.703125,1,-2,False
-,29,18,47,18,29,29,0,4.83984375,-4.83984375,-4.83984375,1,-3,False
-,29,19,48,19,29,29,1,5.78125,-5.78125,-5.78125,1,-6,False
-,29,20,49,20,29,29,1,4.9375,-4.9375,-4.9375,1,-2,False
-,29,21,50,21,29,29,2,4.890625,-4.890625,-4.890625,1,-5,False
-,29,22,51,22,29,29,2,4.87890625,-4.87890625,-4.87890625,1,-6,False
-,29,23,52,23,29,29,1,5.6171875,-5.6171875,-5.6171875,1,-2,False
-,29,24,53,24,29,29,21,5.48046875,-5.48046875,-5.48046875,1,-2,False
-,29,25,54,25,29,29,0,5.46875,-5.46875,-5.46875,1,-5,False
-,29,26,55,26,29,29,1,5.58984375,-5.58984375,-5.58984375,1,-3,False
-,29,27,56,27,29,29,0,4.80859375,-4.80859375,-4.80859375,1,-1,False
-,29,28,57,28,29,29,1,5.13671875,-5.13671875,-5.13671875,1,-3,False
-,29,29,58,29,29,29,0,5.1640625,-5.1640625,-5.1640625,1,-6,False
-,29,30,59,30,29,29,0,5.328125,-5.328125,-5.328125,1,-3,False
-,29,31,60,31,29,29,1,5.28125,-5.28125,-5.28125,1,-1,False
-,29,32,61,32,29,29,0,5.4375,-5.4375,-5.4375,1,-3,False
-,29,33,62,33,29,29,1,4.9609375,-4.9609375,-4.9609375,1,-3,False
-,29,34,63,34,29,29,0,4.84765625,-4.84765625,-4.84765625,1,-2,False
-,29,35,64,35,29,29,2,5.0546875,-5.0546875,-5.0546875,1,-0,False
-,29,36,65,36,29,29,1,4.828125,-4.828125,-4.828125,1,-3,False
-,29,37,66,37,29,29,1,4.96484375,-4.96484375,-4.96484375,1,-6,False
-,29,38,67,38,29,29,0,5.18359375,-5.18359375,-5.18359375,1,-0,False
-,29,39,68,39,29,29,0,4.890625,-4.890625,-4.890625,1,-3,False
-,29,40,69,40,29,29,0,5.30859375,-5.30859375,-5.30859375,1,-6,False
-,29,41,70,41,29,29,0,5.10546875,-5.10546875,-5.10546875,1,-2,False
-,29,42,71,42,29,29,0,5.02734375,-5.02734375,-5.02734375,1,-2,False
-,29,43,72,43,29,29,0,5.8046875,-5.8046875,-5.8046875,1,-3,False
-,29,44,73,44,29,29,0,4.9375,-4.9375,-4.9375,1,-3,False
-,29,45,74,45,29,29,0,4.921875,-4.921875,-4.921875,1,-3,False
-,29,46,75,46,29,29,0,5.71484375,-5.71484375,-5.71484375,1,-3,False
-,29,47,76,47,29,29,0,5.54296875,-5.54296875,-5.54296875,1,-5,False
-,29,48,77,48,29,29,1,5.3515625,-5.3515625,-5.3515625,1,-6,False
-,29,49,78,49,29,29,0,5.50390625,-5.50390625,-5.50390625,1,-6,False
-,29,50,79,50,29,29,1,5.171875,-5.171875,-5.171875,1,-6,False
-,29,51,80,51,29,29,0,5.12890625,-5.12890625,-5.12890625,1,-3,False
-,29,52,81,52,29,29,0,5.6171875,-5.6171875,-5.6171875,1,-2,False
-,29,53,82,53,29,29,0,5.47265625,-5.47265625,-5.47265625,1,-2,False
-,29,54,83,54,29,29,0,5.6171875,-5.6171875,-5.6171875,1,-6,False
-,29,55,84,55,29,29,0,4.828125,-4.828125,-4.828125,1,-2,False
-,29,56,85,56,29,29,0,4.97265625,-4.97265625,-4.97265625,1,-3,False
-,29,57,86,57,29,29,0,5.16015625,-5.16015625,-5.16015625,1,-3,False
-,29,58,87,58,29,29,0,5.05078125,-5.05078125,-5.05078125,1,-5,False
-,29,59,88,59,29,29,0,5.1953125,-5.1953125,-5.1953125,1,-2,False
-,29,60,89,60,29,29,0,4.58203125,-4.58203125,-4.58203125,1,-5,False
-,29,61,90,61,29,29,0,5.421875,-5.421875,-5.421875,1,-6,False
-,29,62,91,62,29,29,0,5.35546875,-5.35546875,-5.35546875,1,-2,False
-,29,63,92,63,29,29,0,5.04296875,-5.04296875,-5.04296875,1,-6,False
-,29,64,93,64,29,29,0,5.125,-5.125,-5.125,1,-1,False
-,29,65,94,65,29,29,0,4.9140625,-4.9140625,-4.9140625,1,-5,False
-,29,66,95,66,29,29,0,5.0,-5.0,-5.0,1,-6,False
-,29,67,96,67,29,29,0,4.90625,-4.90625,-4.90625,1,-0,False
-,29,68,97,68,29,29,0,4.91015625,-4.91015625,-4.91015625,1,-6,False
-,29,69,98,69,29,29,0,4.76171875,-4.76171875,-4.76171875,1,-1,False
-,29,70,99,70,29,29,1,5.16796875,-5.16796875,-5.16796875,1,-1,False
-,29,71,100,71,29,29,0,5.65234375,-5.65234375,-5.65234375,1,-3,False
-,29,72,101,72,29,29,0,5.375,-5.375,-5.375,1,-2,False
-,29,73,102,73,29,29,0,5.296875,-5.296875,-5.296875,1,-0,False
-,29,74,103,74,29,29,0,4.82421875,-4.82421875,-4.82421875,1,-2,False
-,29,75,104,75,29,29,0,4.8515625,-4.8515625,-4.8515625,1,-1,False
-,29,76,105,76,29,29,0,4.8125,-4.8125,-4.8125,1,-1,False
-,29,77,106,77,29,29,1,5.6640625,-5.6640625,-5.6640625,1,-6,False
-,29,78,107,78,29,29,0,4.89453125,-4.89453125,-4.89453125,1,-5,False
-,29,79,108,79,29,29,1,5.39453125,-5.39453125,-5.39453125,1,-2,False
-,29,80,109,80,29,29,0,4.8984375,-4.8984375,-4.8984375,1,-6,False
-,29,81,110,81,29,29,0,4.62109375,-4.62109375,-4.62109375,1,-69,False
-,29,82,111,82,29,29,0,5.59765625,-5.59765625,-5.59765625,1,-6,False
-,29,83,112,83,29,29,0,5.359375,-5.359375,-5.359375,1,-6,False
-,29,84,113,84,29,29,0,5.09765625,-5.09765625,-5.09765625,1,-3,False
-,29,85,114,85,29,29,0,5.48828125,-5.48828125,-5.48828125,1,-6,False
-,29,86,115,86,29,29,0,5.09375,-5.09375,-5.09375,1,-6,False
-,29,87,116,87,29,29,0,5.1796875,-5.1796875,-5.1796875,1,-6,False
-,29,88,117,88,29,29,0,5.02734375,-5.02734375,-5.02734375,1,-6,False
-,29,89,118,89,29,29,0,5.17578125,-5.17578125,-5.17578125,1,-1,False
-,29,90,119,90,29,29,0,4.6953125,-4.6953125,-4.6953125,1,-3,False
-,29,91,120,91,29,29,0,5.50390625,-5.50390625,-5.50390625,1,-2,False
-,29,92,121,92,29,29,0,4.6015625,-4.6015625,-4.6015625,1,-70,False
-,29,93,122,93,29,29,1,5.29296875,-5.29296875,-5.29296875,1,-1,False
-,29,94,123,94,29,29,0,4.78125,-4.78125,-4.78125,1,-1,False
-,29,95,124,95,29,29,0,4.6640625,-4.6640625,-4.6640625,1,-2,False
-,29,96,125,96,29,29,0,5.23828125,-5.23828125,-5.23828125,1,-0,False
-,29,97,126,97,29,29,0,5.04296875,-5.04296875,-5.04296875,1,-3,False
-,29,98,127,98,29,29,0,5.765625,-5.765625,-5.765625,1,-1,False
-,29,99,128,99,29,29,0,6.0234375,-6.0234375,-6.0234375,1,-0,False
-,29,100,129,100,29,29,0,5.078125,-5.078125,-5.078125,1,-1,False
-,30,1,31,1,30,30,9,5.62109375,-5.62109375,-5.62109375,1,-1,False
-,30,2,32,2,30,30,18,4.72265625,-4.72265625,-4.72265625,1,-1,False
-,30,3,33,3,30,30,3,5.4296875,-5.4296875,-5.4296875,1,-0,False
-,30,4,34,4,30,30,2,5.5,-5.5,-5.5,1,-2,False
-,30,5,35,5,30,30,13,5.56640625,-5.56640625,-5.56640625,1,-2,False
-,30,6,36,6,30,30,14,5.58203125,-5.58203125,-5.58203125,1,-3,False
-,30,7,37,7,30,30,1,5.50390625,-5.50390625,-5.50390625,1,-2,False
-,30,8,38,8,30,30,5,5.6640625,-5.6640625,-5.6640625,1,-2,False
-,30,9,39,9,30,30,2,4.7109375,-4.7109375,-4.7109375,1,-1,False
-,30,10,40,10,30,30,7,4.9375,-4.9375,-4.9375,1,-2,False
-,30,11,41,11,30,30,0,4.671875,-4.671875,-4.671875,1,-1,False
-,30,12,42,12,30,30,0,4.6953125,-4.6953125,-4.6953125,1,-1,False
-,30,13,43,13,30,30,0,5.53125,-5.53125,-5.53125,1,-2,False
-,30,14,44,14,30,30,3,5.5234375,-5.5234375,-5.5234375,1,-0,False
-,30,15,45,15,30,30,2,4.453125,-4.453125,-4.453125,1,-3,False
-,30,16,46,16,30,30,1,4.77734375,-4.77734375,-4.77734375,1,-3,False
-,30,17,47,17,30,30,0,4.703125,-4.703125,-4.703125,1,-2,False
-,30,18,48,18,30,30,1,4.9140625,-4.9140625,-4.9140625,1,-2,False
-,30,19,49,19,30,30,0,4.71484375,-4.71484375,-4.71484375,1,-6,False
-,30,20,50,20,30,30,15,4.99609375,-4.99609375,-4.99609375,1,-3,False
-,30,21,51,21,30,30,0,4.81640625,-4.81640625,-4.81640625,1,-5,False
-,30,22,52,22,30,30,2,4.85546875,-4.85546875,-4.85546875,1,-1,False
-,30,23,53,23,30,30,0,5.46484375,-5.46484375,-5.46484375,1,-6,False
-,30,24,54,24,30,30,1,5.44140625,-5.44140625,-5.44140625,1,-2,False
-,30,25,55,25,30,30,2,5.52734375,-5.52734375,-5.52734375,1,-3,False
-,30,26,56,26,30,30,1,4.69921875,-4.69921875,-4.69921875,1,-2,False
-,30,27,57,27,30,30,1,4.890625,-4.890625,-4.890625,1,-1,False
-,30,28,58,28,30,30,0,5.0390625,-5.0390625,-5.0390625,1,-2,False
-,30,29,59,29,30,30,1,5.21484375,-5.21484375,-5.21484375,1,-0,False
-,30,30,60,30,30,30,6,5.33203125,-5.33203125,-5.33203125,1,-3,False
-,30,31,61,31,30,30,0,5.37109375,-5.37109375,-5.37109375,1,-1,False
-,30,32,62,32,30,30,1,4.421875,-4.421875,-4.421875,1,-6,False
-,30,33,63,33,30,30,3,5.54296875,-5.54296875,-5.54296875,1,-6,False
-,30,34,64,34,30,30,3,4.9609375,-4.9609375,-4.9609375,1,-6,False
-,30,35,65,35,30,30,1,5.1796875,-5.1796875,-5.1796875,1,-5,False
-,30,36,66,36,30,30,0,4.8203125,-4.8203125,-4.8203125,1,-2,False
-,30,37,67,37,30,30,0,4.9609375,-4.9609375,-4.9609375,1,-1,False
-,30,38,68,38,30,30,0,4.99609375,-4.99609375,-4.99609375,1,-0,False
-,30,39,69,39,30,30,0,5.09765625,-5.09765625,-5.09765625,1,-2,False
-,30,40,70,40,30,30,7,5.2734375,-5.2734375,-5.2734375,1,-3,False
-,30,41,71,41,30,30,0,5.015625,-5.015625,-5.015625,1,-1,False
-,30,42,72,42,30,30,1,5.0546875,-5.0546875,-5.0546875,1,-6,False
-,30,43,73,43,30,30,0,4.8125,-4.8125,-4.8125,1,-2,False
-,30,44,74,44,30,30,1,4.77734375,-4.77734375,-4.77734375,1,-2,False
-,30,45,75,45,30,30,0,4.921875,-4.921875,-4.921875,1,-0,False
-,30,46,76,46,30,30,1,4.78125,-4.78125,-4.78125,1,-2,False
-,30,47,77,47,30,30,0,5.44140625,-5.44140625,-5.44140625,1,-6,False
-,30,48,78,48,30,30,0,4.6484375,-4.6484375,-4.6484375,1,-5,False
-,30,49,79,49,30,30,0,5.4453125,-5.4453125,-5.4453125,1,-0,False
-,30,50,80,50,30,30,6,5.171875,-5.171875,-5.171875,1,-0,False
-,30,51,81,51,30,30,0,4.93359375,-4.93359375,-4.93359375,1,-1,False
-,30,52,82,52,30,30,0,5.53125,-5.53125,-5.53125,1,-2,False
-,30,53,83,53,30,30,0,5.53515625,-5.53515625,-5.53515625,1,-3,False
-,30,54,84,54,30,30,0,4.6484375,-4.6484375,-4.6484375,1,-6,False
-,30,55,85,55,30,30,0,4.76171875,-4.76171875,-4.76171875,1,-3,False
-,30,56,86,56,30,30,1,5.140625,-5.140625,-5.140625,1,-5,False
-,30,57,87,57,30,30,0,5.14453125,-5.14453125,-5.14453125,1,-2,False
-,30,58,88,58,30,30,0,4.984375,-4.984375,-4.984375,1,-2,False
-,30,59,89,59,30,30,1,5.2890625,-5.2890625,-5.2890625,1,-1,False
-,30,60,90,60,30,30,12,4.421875,-4.421875,-4.421875,1,-6,False
-,30,61,91,61,30,30,1,4.5703125,-4.5703125,-4.5703125,1,-3,False
-,30,62,92,62,30,30,0,5.27734375,-5.27734375,-5.27734375,1,-3,False
-,30,63,93,63,30,30,0,4.9921875,-4.9921875,-4.9921875,1,-6,False
-,30,64,94,64,30,30,0,4.98828125,-4.98828125,-4.98828125,1,-1,False
-,30,65,95,65,30,30,0,5.1484375,-5.1484375,-5.1484375,1,-5,False
-,30,66,96,66,30,30,0,4.984375,-4.984375,-4.984375,1,-6,False
-,30,67,97,67,30,30,1,4.83984375,-4.83984375,-4.83984375,1,-6,False
-,30,68,98,68,30,30,0,4.8203125,-4.8203125,-4.8203125,1,-6,False
-,30,69,99,69,30,30,0,4.71484375,-4.71484375,-4.71484375,1,-2,False
-,30,70,100,70,30,30,6,4.921875,-4.921875,-4.921875,1,-72,False
-,30,71,101,71,30,30,0,5.5546875,-5.5546875,-5.5546875,1,-3,False
-,30,72,102,72,30,30,0,4.8125,-4.8125,-4.8125,1,-2,False
-,30,73,103,73,30,30,1,5.05078125,-5.05078125,-5.05078125,1,-0,False
-,30,74,104,74,30,30,0,4.85546875,-4.85546875,-4.85546875,1,-69,False
-,30,75,105,75,30,30,0,4.890625,-4.890625,-4.890625,1,-2,False
-,30,76,106,76,30,30,0,4.83984375,-4.83984375,-4.83984375,1,-2,False
-,30,77,107,77,30,30,0,4.65234375,-4.65234375,-4.65234375,1,-5,False
-,30,78,108,78,30,30,0,4.91796875,-4.91796875,-4.91796875,1,-5,False
-,30,79,109,79,30,30,0,4.73828125,-4.73828125,-4.73828125,1,-6,False
-,30,80,110,80,30,30,2,4.8828125,-4.8828125,-4.8828125,1,-6,False
-,30,81,111,81,30,30,0,4.69921875,-4.69921875,-4.69921875,1,-2,False
-,30,82,112,82,30,30,1,4.58203125,-4.58203125,-4.58203125,1,-6,False
-,30,83,113,83,30,30,0,4.45703125,-4.45703125,-4.45703125,1,-6,False
-,30,84,114,84,30,30,0,4.33203125,-4.33203125,-4.33203125,1,-6,False
-,30,85,115,85,30,30,0,5.26171875,-5.26171875,-5.26171875,1,-6,False
-,30,86,116,86,30,30,0,4.51953125,-4.51953125,-4.51953125,1,-3,False
-,30,87,117,87,30,30,0,5.01953125,-5.01953125,-5.01953125,1,-3,False
-,30,88,118,88,30,30,0,5.26171875,-5.26171875,-5.26171875,1,-2,False
-,30,89,119,89,30,30,0,4.99609375,-4.99609375,-4.99609375,1,-69,False
-,30,90,120,90,30,30,2,5.07421875,-5.07421875,-5.07421875,1,-70,False
-,30,91,121,91,30,30,0,4.640625,-4.640625,-4.640625,1,-1,False
-,30,92,122,92,30,30,0,4.46875,-4.46875,-4.46875,1,-70,False
-,30,93,123,93,30,30,0,5.0,-5.0,-5.0,1,-2,False
-,30,94,124,94,30,30,0,4.73828125,-4.73828125,-4.73828125,1,-0,False
-,30,95,125,95,30,30,0,5.35546875,-5.35546875,-5.35546875,1,-70,False
-,30,96,126,96,30,30,0,4.48828125,-4.48828125,-4.48828125,1,-0,False
-,30,97,127,97,30,30,0,5.2265625,-5.2265625,-5.2265625,1,-69,False
-,30,98,128,98,30,30,0,5.19921875,-5.19921875,-5.19921875,1,-0,False
-,30,99,129,99,30,30,0,5.2421875,-5.2421875,-5.2421875,1,-70,False
-,30,100,130,100,30,30,5,5.078125,-5.078125,-5.078125,1,-3,False
-,31,1,32,1,31,31,11,5.671875,-5.671875,-5.671875,1,-2,False
-,31,2,33,2,31,31,2,5.5078125,-5.5078125,-5.5078125,1,-2,False
-,31,3,34,3,31,31,5,5.23046875,-5.23046875,-5.23046875,1,-3,False
-,31,4,35,4,31,31,2,5.52734375,-5.52734375,-5.52734375,1,-3,False
-,31,5,36,5,31,31,2,5.71875,-5.71875,-5.71875,1,-2,False
-,31,6,37,6,31,31,0,5.4921875,-5.4921875,-5.4921875,1,-6,False
-,31,7,38,7,31,31,4,5.53125,-5.53125,-5.53125,1,-6,False
-,31,8,39,8,31,31,0,4.88671875,-4.88671875,-4.88671875,1,-2,False
-,31,9,40,9,31,31,1,4.8671875,-4.8671875,-4.8671875,1,-1,False
-,31,10,41,10,31,31,0,4.734375,-4.734375,-4.734375,1,-3,False
-,31,11,42,11,31,31,2,4.6875,-4.6875,-4.6875,1,-2,False
-,31,12,43,12,31,31,1,4.71875,-4.71875,-4.71875,1,-2,False
-,31,13,44,13,31,31,0,5.625,-5.625,-5.625,1,-3,False
-,31,14,45,14,31,31,3,5.41015625,-5.41015625,-5.41015625,1,-6,False
-,31,15,46,15,31,31,2,4.6875,-4.6875,-4.6875,1,-6,False
-,31,16,47,16,31,31,3,4.75390625,-4.75390625,-4.75390625,1,-6,False
-,31,17,48,17,31,31,1,4.8046875,-4.8046875,-4.8046875,1,-6,False
-,31,18,49,18,31,31,0,4.85546875,-4.85546875,-4.85546875,1,-2,False
-,31,19,50,19,31,31,0,4.828125,-4.828125,-4.828125,1,-2,False
-,31,20,51,20,31,31,1,5.00390625,-5.00390625,-5.00390625,1,-5,False
-,31,21,52,21,31,31,1,5.76953125,-5.76953125,-5.76953125,1,-5,False
-,31,22,53,22,31,31,1,4.74609375,-4.74609375,-4.74609375,1,-1,False
-,31,23,54,23,31,31,1,5.55078125,-5.55078125,-5.55078125,1,-1,False
-,31,24,55,24,31,31,1,4.59765625,-4.59765625,-4.59765625,1,-3,False
-,31,25,56,25,31,31,1,5.66015625,-5.66015625,-5.66015625,1,-5,False
-,31,26,57,26,31,31,1,5.71484375,-5.71484375,-5.71484375,1,-2,False
-,31,27,58,27,31,31,0,4.90234375,-4.90234375,-4.90234375,1,-6,False
-,31,28,59,28,31,31,1,5.0859375,-5.0859375,-5.0859375,1,-2,False
-,31,29,60,29,31,31,0,5.19140625,-5.19140625,-5.19140625,1,-1,False
-,31,30,61,30,31,31,0,5.515625,-5.515625,-5.515625,1,-2,False
-,31,31,62,31,31,31,0,5.36328125,-5.36328125,-5.36328125,1,-1,False
-,31,32,63,32,31,31,1,5.08984375,-5.08984375,-5.08984375,1,-6,False
-,31,33,64,33,31,31,1,5.6796875,-5.6796875,-5.6796875,1,-1,False
-,31,34,65,34,31,31,0,4.9765625,-4.9765625,-4.9765625,1,-3,False
-,31,35,66,35,31,31,2,5.19140625,-5.19140625,-5.19140625,1,-2,False
-,31,36,67,36,31,31,0,4.96484375,-4.96484375,-4.96484375,1,-2,False
-,31,37,68,37,31,31,0,5.671875,-5.671875,-5.671875,1,-2,False
-,31,38,69,38,31,31,0,5.03515625,-5.03515625,-5.03515625,1,-0,False
-,31,39,70,39,31,31,0,4.95703125,-4.95703125,-4.95703125,1,-2,False
-,31,40,71,40,31,31,0,5.22265625,-5.22265625,-5.22265625,1,-2,False
-,31,41,72,41,31,31,0,5.01953125,-5.01953125,-5.01953125,1,-1,False
-,31,42,73,42,31,31,0,5.03515625,-5.03515625,-5.03515625,1,-6,False
-,31,43,74,43,31,31,0,5.75390625,-5.75390625,-5.75390625,1,-2,False
-,31,44,75,44,31,31,0,5.76953125,-5.76953125,-5.76953125,1,-6,False
-,31,45,76,45,31,31,0,5.046875,-5.046875,-5.046875,1,-6,False
-,31,46,77,46,31,31,0,5.68359375,-5.68359375,-5.68359375,1,-2,False
-,31,47,78,47,31,31,0,5.55859375,-5.55859375,-5.55859375,1,-3,False
-,31,48,79,48,31,31,0,5.60546875,-5.60546875,-5.60546875,1,-5,False
-,31,49,80,49,31,31,0,5.5078125,-5.5078125,-5.5078125,1,-5,False
-,31,50,81,50,31,31,0,5.1796875,-5.1796875,-5.1796875,1,-5,False
-,31,51,82,51,31,31,0,4.8515625,-4.8515625,-4.8515625,1,-0,False
-,31,52,83,52,31,31,0,5.6328125,-5.6328125,-5.6328125,1,-3,False
-,31,53,84,53,31,31,0,5.54296875,-5.54296875,-5.54296875,1,-3,False
-,31,54,85,54,31,31,0,5.53515625,-5.53515625,-5.53515625,1,-6,False
-,31,55,86,55,31,31,0,4.84765625,-4.84765625,-4.84765625,1,-6,False
-,31,56,87,56,31,31,0,5.14453125,-5.14453125,-5.14453125,1,-2,False
-,31,57,88,57,31,31,0,4.9921875,-4.9921875,-4.9921875,1,-2,False
-,31,58,89,58,31,31,0,5.21875,-5.21875,-5.21875,1,-2,False
-,31,59,90,59,31,31,0,5.140625,-5.140625,-5.140625,1,-5,False
-,31,60,91,60,31,31,0,4.51953125,-4.51953125,-4.51953125,1,-3,False
-,31,61,92,61,31,31,0,5.4921875,-5.4921875,-5.4921875,1,-1,False
-,31,62,93,62,31,31,1,5.3046875,-5.3046875,-5.3046875,1,-3,False
-,31,63,94,63,31,31,0,4.91796875,-4.91796875,-4.91796875,1,-6,False
-,31,64,95,64,31,31,1,5.046875,-5.046875,-5.046875,1,-2,False
-,31,65,96,65,31,31,0,4.99609375,-4.99609375,-4.99609375,1,-3,False
-,31,66,97,66,31,31,0,4.91796875,-4.91796875,-4.91796875,1,-6,False
-,31,67,98,67,31,31,1,4.80859375,-4.80859375,-4.80859375,1,-6,False
-,31,68,99,68,31,31,2,4.796875,-4.796875,-4.796875,1,-69,False
-,31,69,100,69,31,31,0,5.6796875,-5.6796875,-5.6796875,1,-6,False
-,31,70,101,70,31,31,0,5.10546875,-5.10546875,-5.10546875,1,-1,False
-,31,71,102,71,31,31,0,4.75,-4.75,-4.75,1,-3,False
-,31,72,103,72,31,31,0,4.5,-4.5,-4.5,1,-2,False
-,31,73,104,73,31,31,0,5.14453125,-5.14453125,-5.14453125,1,-1,False
-,31,74,105,74,31,31,0,4.91796875,-4.91796875,-4.91796875,1,-1,False
-,31,75,106,75,31,31,0,4.81640625,-4.81640625,-4.81640625,1,-2,False
-,31,76,107,76,31,31,0,4.78125,-4.78125,-4.78125,1,-1,False
-,31,77,108,77,31,31,0,5.39453125,-5.39453125,-5.39453125,1,-6,False
-,31,78,109,78,31,31,0,4.96484375,-4.96484375,-4.96484375,1,-1,False
-,31,79,110,79,31,31,0,5.328125,-5.328125,-5.328125,1,-6,False
-,31,80,111,80,31,31,0,4.80859375,-4.80859375,-4.80859375,1,-6,False
-,31,81,112,81,31,31,0,4.6796875,-4.6796875,-4.6796875,1,-6,False
-,31,82,113,82,31,31,0,5.37109375,-5.37109375,-5.37109375,1,-6,False
-,31,83,114,83,31,31,0,4.84765625,-4.84765625,-4.84765625,1,-6,False
-,31,84,115,84,31,31,0,5.09375,-5.09375,-5.09375,1,-6,False
-,31,85,116,85,31,31,0,4.60546875,-4.60546875,-4.60546875,1,-5,False
-,31,86,117,86,31,31,0,5.2265625,-5.2265625,-5.2265625,1,-3,False
-,31,87,118,87,31,31,0,5.1015625,-5.1015625,-5.1015625,1,-2,False
-,31,88,119,88,31,31,0,5.03515625,-5.03515625,-5.03515625,1,-1,False
-,31,89,120,89,31,31,0,5.2734375,-5.2734375,-5.2734375,1,-3,False
-,31,90,121,90,31,31,0,4.51171875,-4.51171875,-4.51171875,1,-60,False
-,31,91,122,91,31,31,0,4.55078125,-4.55078125,-4.55078125,1,-1,False
-,31,92,123,92,31,31,0,5.22265625,-5.22265625,-5.22265625,1,-70,False
-,31,93,124,93,31,31,0,5.15234375,-5.15234375,-5.15234375,1,-1,False
-,31,94,125,94,31,31,0,4.60546875,-4.60546875,-4.60546875,1,-0,False
-,31,95,126,95,31,31,0,4.4921875,-4.4921875,-4.4921875,1,-3,False
-,31,96,127,96,31,31,0,4.9375,-4.9375,-4.9375,1,-0,False
-,31,97,128,97,31,31,1,5.08984375,-5.08984375,-5.08984375,1,-1,False
-,31,98,129,98,31,31,0,4.640625,-4.640625,-4.640625,1,-0,False
-,31,99,130,99,31,31,0,5.1015625,-5.1015625,-5.1015625,1,-2,False
-,31,100,131,100,31,31,0,5.078125,-5.078125,-5.078125,1,-6,False
-,32,1,33,1,32,32,6,5.5,-5.5,-5.5,1,-2,False
-,32,2,34,2,32,32,5,5.359375,-5.359375,-5.359375,1,-2,False
-,32,3,35,3,32,32,3,5.2734375,-5.2734375,-5.2734375,1,-2,False
-,32,4,36,4,32,32,4,4.6484375,-4.6484375,-4.6484375,1,-2,False
-,32,5,37,5,32,32,1,5.51953125,-5.51953125,-5.51953125,1,-2,False
-,32,6,38,6,32,32,1,5.51171875,-5.51171875,-5.51171875,1,-6,False
-,32,7,39,7,32,32,2,4.625,-4.625,-4.625,1,-2,False
-,32,8,40,8,32,32,3,4.9453125,-4.9453125,-4.9453125,1,-2,False
-,32,9,41,9,32,32,0,4.6484375,-4.6484375,-4.6484375,1,-1,False
-,32,10,42,10,32,32,5,4.80078125,-4.80078125,-4.80078125,1,-3,False
-,32,11,43,11,32,32,1,4.6015625,-4.6015625,-4.6015625,1,-2,False
-,32,12,44,12,32,32,2,4.77734375,-4.77734375,-4.77734375,1,-2,False
-,32,13,45,13,32,32,1,4.4765625,-4.4765625,-4.4765625,1,-6,False
-,32,14,46,14,32,32,1,4.515625,-4.515625,-4.515625,1,-6,False
-,32,15,47,15,32,32,1,4.71875,-4.71875,-4.71875,1,-5,False
-,32,16,48,16,32,32,5,4.875,-4.875,-4.875,1,-5,False
-,32,17,49,17,32,32,0,4.65625,-4.65625,-4.65625,1,-2,False
-,32,18,50,18,32,32,2,4.9765625,-4.9765625,-4.9765625,1,-1,False
-,32,19,51,19,32,32,1,4.80859375,-4.80859375,-4.80859375,1,-6,False
-,32,20,52,20,32,32,1,5.01171875,-5.01171875,-5.01171875,1,-5,False
-,32,21,53,21,32,32,2,4.6484375,-4.6484375,-4.6484375,1,-6,False
-,32,22,54,22,32,32,1,4.7109375,-4.7109375,-4.7109375,1,-6,False
-,32,23,55,23,32,32,0,4.62890625,-4.62890625,-4.62890625,1,-1,False
-,32,24,56,24,32,32,1,4.703125,-4.703125,-4.703125,1,-3,False
-,32,25,57,25,32,32,0,4.6484375,-4.6484375,-4.6484375,1,-2,False
-,32,26,58,26,32,32,0,4.74609375,-4.74609375,-4.74609375,1,-2,False
-,32,27,59,27,32,32,1,4.8515625,-4.8515625,-4.8515625,1,-1,False
-,32,28,60,28,32,32,4,5.1484375,-5.1484375,-5.1484375,1,-6,False
-,32,29,61,29,32,32,1,4.33984375,-4.33984375,-4.33984375,1,-2,False
-,32,30,62,30,32,32,0,4.48046875,-4.48046875,-4.48046875,1,-3,False
-,32,31,63,31,32,32,1,4.99609375,-4.99609375,-4.99609375,1,-2,False
-,32,32,64,32,32,32,7,4.1953125,-4.1953125,-4.1953125,1,-0,False
-,32,33,65,33,32,32,2,4.73046875,-4.73046875,-4.73046875,1,-6,False
-,32,34,66,34,32,32,0,4.9765625,-4.9765625,-4.9765625,1,-3,False
-,32,35,67,35,32,32,0,5.19921875,-5.19921875,-5.19921875,1,-2,False
-,32,36,68,36,32,32,1,4.71484375,-4.71484375,-4.71484375,1,-2,False
-,32,37,69,37,32,32,0,5.03125,-5.03125,-5.03125,1,-1,False
-,32,38,70,38,32,32,0,5.1015625,-5.1015625,-5.1015625,1,-74,False
-,32,39,71,39,32,32,0,4.91015625,-4.91015625,-4.91015625,1,-2,False
-,32,40,72,40,32,32,4,5.28515625,-5.28515625,-5.28515625,1,-6,False
-,32,41,73,41,32,32,0,4.90234375,-4.90234375,-4.90234375,1,-1,False
-,32,42,74,42,32,32,0,4.87890625,-4.87890625,-4.87890625,1,-6,False
-,32,43,75,43,32,32,1,4.71484375,-4.71484375,-4.71484375,1,-3,False
-,32,44,76,44,32,32,0,4.84375,-4.84375,-4.84375,1,-6,False
-,32,45,77,45,32,32,1,4.90625,-4.90625,-4.90625,1,-6,False
-,32,46,78,46,32,32,1,4.796875,-4.796875,-4.796875,1,-1,False
-,32,47,79,47,32,32,1,4.55078125,-4.55078125,-4.55078125,1,-5,False
-,32,48,80,48,32,32,2,4.6328125,-4.6328125,-4.6328125,1,-6,False
-,32,49,81,49,32,32,1,5.4296875,-5.4296875,-5.4296875,1,-2,False
-,32,50,82,50,32,32,2,5.1328125,-5.1328125,-5.1328125,1,-2,False
-,32,51,83,51,32,32,0,4.9140625,-4.9140625,-4.9140625,1,-2,False
-,32,52,84,52,32,32,0,4.66796875,-4.66796875,-4.66796875,1,-2,False
-,32,53,85,53,32,32,0,4.4609375,-4.4609375,-4.4609375,1,-3,False
-,32,54,86,54,32,32,0,4.72265625,-4.72265625,-4.72265625,1,-6,False
-,32,55,87,55,32,32,0,4.859375,-4.859375,-4.859375,1,-5,False
-,32,56,88,56,32,32,1,5.046875,-5.046875,-5.046875,1,-2,False
-,32,57,89,57,32,32,0,5.21875,-5.21875,-5.21875,1,-2,False
-,32,58,90,58,32,32,0,4.9609375,-4.9609375,-4.9609375,1,-6,False
-,32,59,91,59,32,32,0,5.21484375,-5.21484375,-5.21484375,1,-1,False
-,32,60,92,60,32,32,0,4.51171875,-4.51171875,-4.51171875,1,-6,False
-,32,61,93,61,32,32,0,4.42578125,-4.42578125,-4.42578125,1,-6,False
-,32,62,94,62,32,32,0,5.21484375,-5.21484375,-5.21484375,1,-2,False
-,32,63,95,63,32,32,0,5.171875,-5.171875,-5.171875,1,-6,False
-,32,64,96,64,32,32,1,4.15234375,-4.15234375,-4.15234375,1,-6,False
-,32,65,97,65,32,32,6,5.06640625,-5.06640625,-5.06640625,1,-5,False
-,32,66,98,66,32,32,1,4.8671875,-4.8671875,-4.8671875,1,-6,False
-,32,67,99,67,32,32,0,4.70703125,-4.70703125,-4.70703125,1,-0,False
-,32,68,100,68,32,32,3,4.76171875,-4.76171875,-4.76171875,1,-6,False
-,32,69,101,69,32,32,0,4.7109375,-4.7109375,-4.7109375,1,-1,False
-,32,70,102,70,32,32,0,4.35546875,-4.35546875,-4.35546875,1,-2,False
-,32,71,103,71,32,32,0,4.609375,-4.609375,-4.609375,1,-6,False
-,32,72,104,72,32,32,1,4.578125,-4.578125,-4.578125,1,-3,False
-,32,73,105,73,32,32,0,5.18359375,-5.18359375,-5.18359375,1,-1,False
-,32,74,106,74,32,32,0,4.8671875,-4.8671875,-4.8671875,1,-2,False
-,32,75,107,75,32,32,0,4.765625,-4.765625,-4.765625,1,-2,False
-,32,76,108,76,32,32,0,4.75,-4.75,-4.75,1,-1,False
-,32,77,109,77,32,32,0,4.62890625,-4.62890625,-4.62890625,1,-6,False
-,32,78,110,78,32,32,0,4.96875,-4.96875,-4.96875,1,-2,False
-,32,79,111,79,32,32,0,4.4296875,-4.4296875,-4.4296875,1,-2,False
-,32,80,112,80,32,32,2,4.82421875,-4.82421875,-4.82421875,1,-6,False
-,32,81,113,81,32,32,0,4.49609375,-4.49609375,-4.49609375,1,-6,False
-,32,82,114,82,32,32,1,4.6328125,-4.6328125,-4.6328125,1,-6,False
-,32,83,115,83,32,32,0,4.48828125,-4.48828125,-4.48828125,1,-3,False
-,32,84,116,84,32,32,0,4.5078125,-4.5078125,-4.5078125,1,-2,False
-,32,85,117,85,32,32,0,4.1796875,-4.1796875,-4.1796875,1,-6,False
-,32,86,118,86,32,32,1,5.23828125,-5.23828125,-5.23828125,1,-3,False
-,32,87,119,87,32,32,0,4.87109375,-4.87109375,-4.87109375,1,-2,False
-,32,88,120,88,32,32,1,4.22265625,-4.22265625,-4.22265625,1,-6,False
-,32,89,121,89,32,32,0,4.5390625,-4.5390625,-4.5390625,1,-69,False
-,32,90,122,90,32,32,0,5.03515625,-5.03515625,-5.03515625,1,-60,False
-,32,91,123,91,32,32,0,5.265625,-5.265625,-5.265625,1,-2,False
-,32,92,124,92,32,32,0,4.2578125,-4.2578125,-4.2578125,1,-70,False
-,32,93,125,93,32,32,0,4.75390625,-4.75390625,-4.75390625,1,-3,False
-,32,94,126,94,32,32,0,4.7421875,-4.7421875,-4.7421875,1,-2,False
-,32,95,127,95,32,32,0,4.4375,-4.4375,-4.4375,1,-1,False
-,32,96,128,96,32,32,1,4.4296875,-4.4296875,-4.4296875,1,-0,False
-,32,97,129,97,32,32,0,5.1875,-5.1875,-5.1875,1,-6,False
-,32,98,130,98,32,32,1,4.58203125,-4.58203125,-4.58203125,1,-1,False
-,32,99,131,99,32,32,0,5.109375,-5.109375,-5.109375,1,-2,False
-,32,100,132,100,32,32,0,5.04296875,-5.04296875,-5.04296875,1,-3,False
-,33,1,34,1,33,33,12,5.31640625,-5.31640625,-5.31640625,1,-6,False
-,33,2,35,2,33,33,0,4.36328125,-4.36328125,-4.36328125,1,-1,False
-,33,3,36,3,33,33,7,4.40625,-4.40625,-4.40625,1,-0,False
-,33,4,37,4,33,33,4,4.48828125,-4.48828125,-4.48828125,1,-6,False
-,33,5,38,5,33,33,3,4.53515625,-4.53515625,-4.53515625,1,-5,False
-,33,6,39,6,33,33,1,4.6015625,-4.6015625,-4.6015625,1,-2,False
-,33,7,40,7,33,33,3,4.875,-4.875,-4.875,1,-2,False
-,33,8,41,8,33,33,0,4.85546875,-4.85546875,-4.85546875,1,-2,False
-,33,9,42,9,33,33,2,4.80859375,-4.80859375,-4.80859375,1,-1,False
-,33,10,43,10,33,33,1,4.83203125,-4.83203125,-4.83203125,1,-3,False
-,33,11,44,11,33,33,3,4.68359375,-4.68359375,-4.68359375,1,-2,False
-,33,12,45,12,33,33,4,4.4296875,-4.4296875,-4.4296875,1,-2,False
-,33,13,46,13,33,33,1,4.58203125,-4.58203125,-4.58203125,1,-5,False
-,33,14,47,14,33,33,0,4.40234375,-4.40234375,-4.40234375,1,-1,False
-,33,15,48,15,33,33,0,4.7734375,-4.7734375,-4.7734375,1,-3,False
-,33,16,49,16,33,33,6,4.80859375,-4.80859375,-4.80859375,1,-3,False
-,33,17,50,17,33,33,1,4.79296875,-4.79296875,-4.79296875,1,-2,False
-,33,18,51,18,33,33,1,4.89453125,-4.89453125,-4.89453125,1,-2,False
-,33,19,52,19,33,33,1,4.7421875,-4.7421875,-4.7421875,1,-6,False
-,33,20,53,20,33,33,0,4.85546875,-4.85546875,-4.85546875,1,-2,False
-,33,21,54,21,33,33,2,4.765625,-4.765625,-4.765625,1,-5,False
-,33,22,55,22,33,33,1,4.8125,-4.8125,-4.8125,1,-1,False
-,33,23,56,23,33,33,0,4.67578125,-4.67578125,-4.67578125,1,-1,False
-,33,24,57,24,33,33,2,4.76171875,-4.76171875,-4.76171875,1,-2,False
-,33,25,58,25,33,33,0,4.78515625,-4.78515625,-4.78515625,1,-3,False
-,33,26,59,26,33,33,0,4.66015625,-4.66015625,-4.66015625,1,-1,False
-,33,27,60,27,33,33,2,5.0,-5.0,-5.0,1,-1,False
-,33,28,61,28,33,33,0,5.28515625,-5.28515625,-5.28515625,1,-2,False
-,33,29,62,29,33,33,1,5.28515625,-5.28515625,-5.28515625,1,-1,False
-,33,30,63,30,33,33,0,4.234375,-4.234375,-4.234375,1,-6,False
-,33,31,64,31,33,33,1,5.04296875,-5.04296875,-5.04296875,1,-3,False
-,33,32,65,32,33,33,4,4.265625,-4.265625,-4.265625,1,-6,False
-,33,33,66,33,33,33,2,4.703125,-4.703125,-4.703125,1,-6,False
-,33,34,67,34,33,33,0,5.1953125,-5.1953125,-5.1953125,1,-2,False
-,33,35,68,35,33,33,0,4.9375,-4.9375,-4.9375,1,-6,False
-,33,36,69,36,33,33,0,4.8984375,-4.8984375,-4.8984375,1,-2,False
-,33,37,70,37,33,33,0,4.8515625,-4.8515625,-4.8515625,1,-2,False
-,33,38,71,38,33,33,0,5.05078125,-5.05078125,-5.05078125,1,-73,False
-,33,39,72,39,33,33,0,4.93359375,-4.93359375,-4.93359375,1,-3,False
-,33,40,73,40,33,33,0,5.30859375,-5.30859375,-5.30859375,1,-6,False
-,33,41,74,41,33,33,0,4.828125,-4.828125,-4.828125,1,-1,False
-,33,42,75,42,33,33,0,4.875,-4.875,-4.875,1,-0,False
-,33,43,76,43,33,33,0,4.8359375,-4.8359375,-4.8359375,1,-5,False
-,33,44,77,44,33,33,0,4.66796875,-4.66796875,-4.66796875,1,-5,False
-,33,45,78,45,33,33,0,5.08984375,-5.08984375,-5.08984375,1,-6,False
-,33,46,79,46,33,33,0,4.7734375,-4.7734375,-4.7734375,1,-2,False
-,33,47,80,47,33,33,0,4.55859375,-4.55859375,-4.55859375,1,-2,False
-,33,48,81,48,33,33,1,4.578125,-4.578125,-4.578125,1,-5,False
-,33,49,82,49,33,33,1,5.421875,-5.421875,-5.421875,1,-5,False
-,33,50,83,50,33,33,0,5.1953125,-5.1953125,-5.1953125,1,-6,False
-,33,51,84,51,33,33,0,4.91796875,-4.91796875,-4.91796875,1,-2,False
-,33,52,85,52,33,33,0,4.5546875,-4.5546875,-4.5546875,1,-2,False
-,33,53,86,53,33,33,0,4.62890625,-4.62890625,-4.62890625,1,-6,False
-,33,54,87,54,33,33,0,4.68359375,-4.68359375,-4.68359375,1,-6,False
-,33,55,88,55,33,33,0,4.8046875,-4.8046875,-4.8046875,1,-3,False
-,33,56,89,56,33,33,0,5.171875,-5.171875,-5.171875,1,-2,False
-,33,57,90,57,33,33,0,5.0,-5.0,-5.0,1,-2,False
-,33,58,91,58,33,33,0,5.0390625,-5.0390625,-5.0390625,1,-6,False
-,33,59,92,59,33,33,0,4.234375,-4.234375,-4.234375,1,-2,False
-,33,60,93,60,33,33,0,4.515625,-4.515625,-4.515625,1,-6,False
-,33,61,94,61,33,33,0,5.375,-5.375,-5.375,1,-6,False
-,33,62,95,62,33,33,0,4.3515625,-4.3515625,-4.3515625,1,-2,False
-,33,63,96,63,33,33,0,4.09765625,-4.09765625,-4.09765625,1,-6,False
-,33,64,97,64,33,33,0,5.0234375,-5.0234375,-5.0234375,1,-1,False
-,33,65,98,65,33,33,3,4.9375,-4.9375,-4.9375,1,-3,False
-,33,66,99,66,33,33,0,4.80078125,-4.80078125,-4.80078125,1,-6,False
-,33,67,100,67,33,33,2,4.51953125,-4.51953125,-4.51953125,1,-0,False
-,33,68,101,68,33,33,0,4.76953125,-4.76953125,-4.76953125,1,-6,False
-,33,69,102,69,33,33,0,4.91015625,-4.91015625,-4.91015625,1,-1,False
-,33,70,103,70,33,33,0,4.05078125,-4.05078125,-4.05078125,1,-1,False
-,33,71,104,71,33,33,0,4.671875,-4.671875,-4.671875,1,-6,False
-,33,72,105,72,33,33,0,4.625,-4.625,-4.625,1,-3,False
-,33,73,106,73,33,33,0,5.0859375,-5.0859375,-5.0859375,1,-1,False
-,33,74,107,74,33,33,0,4.84765625,-4.84765625,-4.84765625,1,-69,False
-,33,75,108,75,33,33,0,4.7734375,-4.7734375,-4.7734375,1,-3,False
-,33,76,109,76,33,33,0,4.875,-4.875,-4.875,1,-6,False
-,33,77,110,77,33,33,0,4.3671875,-4.3671875,-4.3671875,1,-6,False
-,33,78,111,78,33,33,0,4.7421875,-4.7421875,-4.7421875,1,-2,False
-,33,79,112,79,33,33,0,4.5390625,-4.5390625,-4.5390625,1,-6,False
-,33,80,113,80,33,33,0,4.7890625,-4.7890625,-4.7890625,1,-6,False
-,33,81,114,81,33,33,0,4.66015625,-4.66015625,-4.66015625,1,-69,False
-,33,82,115,82,33,33,0,4.375,-4.375,-4.375,1,-6,False
-,33,83,116,83,33,33,0,4.90625,-4.90625,-4.90625,1,-1,False
-,33,84,117,84,33,33,0,4.21484375,-4.21484375,-4.21484375,1,-3,False
-,33,85,118,85,33,33,0,4.34375,-4.34375,-4.34375,1,-6,False
-,33,86,119,86,33,33,0,4.10546875,-4.10546875,-4.10546875,1,-3,False
-,33,87,120,87,33,33,0,4.12109375,-4.12109375,-4.12109375,1,-6,False
-,33,88,121,88,33,33,1,4.49609375,-4.49609375,-4.49609375,1,-1,False
-,33,89,122,89,33,33,0,4.2421875,-4.2421875,-4.2421875,1,-1,False
-,33,90,123,90,33,33,1,4.984375,-4.984375,-4.984375,1,-60,False
-,33,91,124,91,33,33,0,4.37109375,-4.37109375,-4.37109375,1,-2,False
-,33,92,125,92,33,33,0,4.80078125,-4.80078125,-4.80078125,1,-70,False
-,33,93,126,93,33,33,0,4.05859375,-4.05859375,-4.05859375,1,-1,False
-,33,94,127,94,33,33,0,4.37890625,-4.37890625,-4.37890625,1,-3,False
-,33,95,128,95,33,33,0,4.73828125,-4.73828125,-4.73828125,1,-3,False
-,33,96,129,96,33,33,0,4.77734375,-4.77734375,-4.77734375,1,-0,False
-,33,97,130,97,33,33,0,5.09765625,-5.09765625,-5.09765625,1,-1,False
-,33,98,131,98,33,33,0,4.41015625,-4.41015625,-4.41015625,1,-3,False
-,33,99,132,99,33,33,0,4.9609375,-4.9609375,-4.9609375,1,"-
132 - 100 =",False
-,33,100,133,100,33,33,0,4.84375,-4.84375,-4.84375,1,-1,False
-,34,1,35,1,34,34,7,5.41015625,-5.41015625,-5.41015625,1,-2,False
-,34,2,36,2,34,34,5,5.51953125,-5.51953125,-5.51953125,1,-2,False
-,34,3,37,3,34,34,4,5.34375,-5.34375,-5.34375,1,-2,False
-,34,4,38,4,34,34,1,5.50390625,-5.50390625,-5.50390625,1,-0,False
-,34,5,39,5,34,34,3,5.64453125,-5.64453125,-5.64453125,1,-2,False
-,34,6,40,6,34,34,2,4.8828125,-4.8828125,-4.8828125,1,-5,False
-,34,7,41,7,34,34,0,5.67578125,-5.67578125,-5.67578125,1,-1,False
-,34,8,42,8,34,34,2,4.92578125,-4.92578125,-4.92578125,1,-3,False
-,34,9,43,9,34,34,1,4.76171875,-4.76171875,-4.76171875,1,-2,False
-,34,10,44,10,34,34,0,4.82421875,-4.82421875,-4.82421875,1,-5,False
-,34,11,45,11,34,34,3,5.37890625,-5.37890625,-5.37890625,1,-3,False
-,34,12,46,12,34,34,0,4.6875,-4.6875,-4.6875,1,-2,False
-,34,13,47,13,34,34,1,5.5390625,-5.5390625,-5.5390625,1,-5,False
-,34,14,48,14,34,34,0,4.62109375,-4.62109375,-4.62109375,1,-6,False
-,34,15,49,15,34,34,2,4.7109375,-4.7109375,-4.7109375,1,-3,False
-,34,16,50,16,34,34,2,4.91015625,-4.91015625,-4.91015625,1,-1,False
-,34,17,51,17,34,34,1,5.71875,-5.71875,-5.71875,1,-3,False
-,34,18,52,18,34,34,3,4.859375,-4.859375,-4.859375,1,-2,False
-,34,19,53,19,34,34,0,5.5625,-5.5625,-5.5625,1,-3,False
-,34,20,54,20,34,34,0,4.890625,-4.890625,-4.890625,1,-2,False
-,34,21,55,21,34,34,1,5.7421875,-5.7421875,-5.7421875,1,-6,False
-,34,22,56,22,34,34,2,4.8984375,-4.8984375,-4.8984375,1,-6,False
-,34,23,57,23,34,34,1,4.7734375,-4.7734375,-4.7734375,1,-3,False
-,34,24,58,24,34,34,1,4.80078125,-4.80078125,-4.80078125,1,-2,False
-,34,25,59,25,34,34,0,5.5859375,-5.5859375,-5.5859375,1,-0,False
-,34,26,60,26,34,34,1,5.7109375,-5.7109375,-5.7109375,1,-2,False
-,34,27,61,27,34,34,0,5.17578125,-5.17578125,-5.17578125,1,-5,False
-,34,28,62,28,34,34,0,5.265625,-5.265625,-5.265625,1,-2,False
-,34,29,63,29,34,34,0,4.94921875,-4.94921875,-4.94921875,1,-1,False
-,34,30,64,30,34,34,3,5.28515625,-5.28515625,-5.28515625,1,-6,False
-,34,31,65,31,34,34,0,5.19140625,-5.19140625,-5.19140625,1,-2,False
-,34,32,66,32,34,34,0,5.26171875,-5.26171875,-5.26171875,1,-6,False
-,34,33,67,33,34,34,0,4.78515625,-4.78515625,-4.78515625,1,-6,False
-,34,34,68,34,34,34,0,4.86328125,-4.86328125,-4.86328125,1,-3,False
-,34,35,69,35,34,34,0,5.15234375,-5.15234375,-5.15234375,1,-6,False
-,34,36,70,36,34,34,1,4.7890625,-4.7890625,-4.7890625,1,-1,False
-,34,37,71,37,34,34,0,5.6796875,-5.6796875,-5.6796875,1,-6,False
-,34,38,72,38,34,34,0,5.0546875,-5.0546875,-5.0546875,1,-0,False
-,34,39,73,39,34,34,0,4.96875,-4.96875,-4.96875,1,-2,False
-,34,40,74,40,34,34,0,5.21875,-5.21875,-5.21875,1,-6,False
-,34,41,75,41,34,34,0,5.7578125,-5.7578125,-5.7578125,1,-2,False
-,34,42,76,42,34,34,0,5.03125,-5.03125,-5.03125,1,-1,False
-,34,43,77,43,34,34,0,5.6953125,-5.6953125,-5.6953125,1,-3,False
-,34,44,78,44,34,34,1,4.89453125,-4.89453125,-4.89453125,1,-6,False
-,34,45,79,45,34,34,1,5.046875,-5.046875,-5.046875,1,-5,False
-,34,46,80,46,34,34,0,4.8203125,-4.8203125,-4.8203125,1,-5,False
-,34,47,81,47,34,34,1,5.45703125,-5.45703125,-5.45703125,1,-0,False
-,34,48,82,48,34,34,0,5.51171875,-5.51171875,-5.51171875,1,-3,False
-,34,49,83,49,34,34,0,5.4765625,-5.4765625,-5.4765625,1,-0,False
-,34,50,84,50,34,34,1,5.22265625,-5.22265625,-5.22265625,1,-6,False
-,34,51,85,51,34,34,0,4.828125,-4.828125,-4.828125,1,-2,False
-,34,52,86,52,34,34,0,5.6875,-5.6875,-5.6875,1,-3,False
-,34,53,87,53,34,34,0,5.58203125,-5.58203125,-5.58203125,1,-3,False
-,34,54,88,54,34,34,0,4.609375,-4.609375,-4.609375,1,-6,False
-,34,55,89,55,34,34,0,4.984375,-4.984375,-4.984375,1,-3,False
-,34,56,90,56,34,34,0,5.09765625,-5.09765625,-5.09765625,1,-3,False
-,34,57,91,57,34,34,0,5.1015625,-5.1015625,-5.1015625,1,-1,False
-,34,58,92,58,34,34,0,5.015625,-5.015625,-5.015625,1,-3,False
-,34,59,93,59,34,34,0,5.1796875,-5.1796875,-5.1796875,1,-2,False
-,34,60,94,60,34,34,0,5.41796875,-5.41796875,-5.41796875,1,-5,False
-,34,61,95,61,34,34,0,5.5546875,-5.5546875,-5.5546875,1,-5,False
-,34,62,96,62,34,34,0,5.4140625,-5.4140625,-5.4140625,1,-2,False
-,34,63,97,63,34,34,0,5.05078125,-5.05078125,-5.05078125,1,-6,False
-,34,64,98,64,34,34,1,4.921875,-4.921875,-4.921875,1,-6,False
-,34,65,99,65,34,34,0,4.9375,-4.9375,-4.9375,1,-5,False
-,34,66,100,66,34,34,1,4.890625,-4.890625,-4.890625,1,-5,False
-,34,67,101,67,34,34,0,4.72265625,-4.72265625,-4.72265625,1,-0,False
-,34,68,102,68,34,34,0,4.9765625,-4.9765625,-4.9765625,1,-69,False
-,34,69,103,69,34,34,0,4.6796875,-4.6796875,-4.6796875,1,-1,False
-,34,70,104,70,34,34,0,5.2109375,-5.2109375,-5.2109375,1,-2,False
-,34,71,105,71,34,34,0,4.6796875,-4.6796875,-4.6796875,1,-6,False
-,34,72,106,72,34,34,0,4.65234375,-4.65234375,-4.65234375,1,-3,False
-,34,73,107,73,34,34,0,5.14453125,-5.14453125,-5.14453125,1,-1,False
-,34,74,108,74,34,34,0,4.80859375,-4.80859375,-4.80859375,1,-2,False
-,34,75,109,75,34,34,0,4.76171875,-4.76171875,-4.76171875,1,-1,False
-,34,76,110,76,34,34,0,4.90625,-4.90625,-4.90625,1,-69,False
-,34,77,111,77,34,34,0,5.34765625,-5.34765625,-5.34765625,1,-6,False
-,34,78,112,78,34,34,0,4.8203125,-4.8203125,-4.8203125,1,-2,False
-,34,79,113,79,34,34,0,5.6640625,-5.6640625,-5.6640625,1,-69,False
-,34,80,114,80,34,34,1,4.89453125,-4.89453125,-4.89453125,1,-6,False
-,34,81,115,81,34,34,1,4.52734375,-4.52734375,-4.52734375,1,-6,False
-,34,82,116,82,34,34,0,4.6953125,-4.6953125,-4.6953125,1,-6,False
-,34,83,117,83,34,34,0,4.5859375,-4.5859375,-4.5859375,1,-3,False
-,34,84,118,84,34,34,0,5.3984375,-5.3984375,-5.3984375,1,-3,False
-,34,85,119,85,34,34,0,5.12109375,-5.12109375,-5.12109375,1,-6,False
-,34,86,120,86,34,34,0,4.4375,-4.4375,-4.4375,1,-6,False
-,34,87,121,87,34,34,0,5.328125,-5.328125,-5.328125,1,-1,False
-,34,88,122,88,34,34,0,5.20703125,-5.20703125,-5.20703125,1,-1,False
-,34,89,123,89,34,34,0,5.1640625,-5.1640625,-5.1640625,1,-6,False
-,34,90,124,90,34,34,0,5.15625,-5.15625,-5.15625,1,-60,False
-,34,91,125,91,34,34,0,5.03515625,-5.03515625,-5.03515625,1,-1,False
-,34,92,126,92,34,34,0,5.234375,-5.234375,-5.234375,1,-69,False
-,34,93,127,93,34,34,0,4.5078125,-4.5078125,-4.5078125,1,-60,False
-,34,94,128,94,34,34,0,4.71484375,-4.71484375,-4.71484375,1,-6,False
-,34,95,129,95,34,34,0,4.8125,-4.8125,-4.8125,1,-2,False
-,34,96,130,96,34,34,0,4.6640625,-4.6640625,-4.6640625,1,-69,False
-,34,97,131,97,34,34,0,5.17578125,-5.17578125,-5.17578125,1,-7,False
-,34,98,132,98,34,34,0,4.32421875,-4.32421875,-4.32421875,1,-1,False
-,34,99,133,99,34,34,0,5.02734375,-5.02734375,-5.02734375,1,-2,False
-,34,100,134,100,34,34,1,4.64453125,-4.64453125,-4.64453125,1,-3,False
-,35,1,36,1,35,35,6,5.61328125,-5.61328125,-5.61328125,1,-2,False
-,35,2,37,2,35,35,3,5.38671875,-5.38671875,-5.38671875,1,-0,False
-,35,3,38,3,35,35,1,5.37109375,-5.37109375,-5.37109375,1,-0,False
-,35,4,39,4,35,35,3,5.58984375,-5.58984375,-5.58984375,1,-1,False
-,35,5,40,5,35,35,6,5.828125,-5.828125,-5.828125,1,-2,False
-,35,6,41,6,35,35,0,5.56640625,-5.56640625,-5.56640625,1,-5,False
-,35,7,42,7,35,35,2,5.6484375,-5.6484375,-5.6484375,1,-3,False
-,35,8,43,8,35,35,0,4.828125,-4.828125,-4.828125,1,-2,False
-,35,9,44,9,35,35,0,4.8125,-4.8125,-4.8125,1,-2,False
-,35,10,45,10,35,35,6,4.5390625,-4.5390625,-4.5390625,1,-0,False
-,35,11,46,11,35,35,2,5.6796875,-5.6796875,-5.6796875,1,-2,False
-,35,12,47,12,35,35,0,4.66015625,-4.66015625,-4.66015625,1,-2,False
-,35,13,48,13,35,35,1,5.61328125,-5.61328125,-5.61328125,1,-6,False
-,35,14,49,14,35,35,12,4.7890625,-4.7890625,-4.7890625,1,-6,False
-,35,15,50,15,35,35,4,4.84765625,-4.84765625,-4.84765625,1,-3,False
-,35,16,51,16,35,35,3,4.80078125,-4.80078125,-4.80078125,1,-5,False
-,35,17,52,17,35,35,2,5.67578125,-5.67578125,-5.67578125,1,-2,False
-,35,18,53,18,35,35,0,4.74609375,-4.74609375,-4.74609375,1,-1,False
-,35,19,54,19,35,35,0,5.5859375,-5.5859375,-5.5859375,1,-6,False
-,35,20,55,20,35,35,0,4.97265625,-4.97265625,-4.97265625,1,-2,False
-,35,21,56,21,35,35,1,4.8984375,-4.8984375,-4.8984375,1,-6,False
-,35,22,57,22,35,35,0,4.92578125,-4.92578125,-4.92578125,1,-6,False
-,35,23,58,23,35,35,0,4.8046875,-4.8046875,-4.8046875,1,-6,False
-,35,24,59,24,35,35,2,4.77734375,-4.77734375,-4.77734375,1,-2,False
-,35,25,60,25,35,35,6,5.63671875,-5.63671875,-5.63671875,1,-3,False
-,35,26,61,26,35,35,2,4.90234375,-4.90234375,-4.90234375,1,-1,False
-,35,27,62,27,35,35,1,5.1953125,-5.1953125,-5.1953125,1,-1,False
-,35,28,63,28,35,35,2,4.94140625,-4.94140625,-4.94140625,1,-6,False
-,35,29,64,29,35,35,3,5.0,-5.0,-5.0,1,-2,False
-,35,30,65,30,35,35,2,5.3125,-5.3125,-5.3125,1,-3,False
-,35,31,66,31,35,35,0,5.20703125,-5.20703125,-5.20703125,1,-2,False
-,35,32,67,32,35,35,0,5.33203125,-5.33203125,-5.33203125,1,-6,False
-,35,33,68,33,35,35,0,5.55078125,-5.55078125,-5.55078125,1,-1,False
-,35,34,69,34,35,35,0,5.08203125,-5.08203125,-5.08203125,1,-2,False
-,35,35,70,35,35,35,2,5.09765625,-5.09765625,-5.09765625,1,-2,False
-,35,36,71,36,35,35,2,4.7734375,-4.7734375,-4.7734375,1,-2,False
-,35,37,72,37,35,35,2,5.8125,-5.8125,-5.8125,1,-1,False
-,35,38,73,38,35,35,0,5.046875,-5.046875,-5.046875,1,-73,False
-,35,39,74,39,35,35,0,5.84375,-5.84375,-5.84375,1,-2,False
-,35,40,75,40,35,35,1,5.15625,-5.15625,-5.15625,1,-0,False
-,35,41,76,41,35,35,0,5.9609375,-5.9609375,-5.9609375,1,-2,False
-,35,42,77,42,35,35,0,4.921875,-4.921875,-4.921875,1,-6,False
-,35,43,78,43,35,35,0,4.8125,-4.8125,-4.8125,1,-3,False
-,35,44,79,44,35,35,0,4.81640625,-4.81640625,-4.81640625,1,-2,False
-,35,45,80,45,35,35,0,4.95703125,-4.95703125,-4.95703125,1,-6,False
-,35,46,81,46,35,35,0,5.7421875,-5.7421875,-5.7421875,1,-1,False
-,35,47,82,47,35,35,0,5.4453125,-5.4453125,-5.4453125,1,-2,False
-,35,48,83,48,35,35,0,5.5703125,-5.5703125,-5.5703125,1,-5,False
-,35,49,84,49,35,35,0,5.48046875,-5.48046875,-5.48046875,1,-5,False
-,35,50,85,50,35,35,1,4.984375,-4.984375,-4.984375,1,-5,False
-,35,51,86,51,35,35,0,5.078125,-5.078125,-5.078125,1,-2,False
-,35,52,87,52,35,35,0,5.625,-5.625,-5.625,1,-2,False
-,35,53,88,53,35,35,0,5.5703125,-5.5703125,-5.5703125,1,-2,False
-,35,54,89,54,35,35,0,4.7890625,-4.7890625,-4.7890625,1,-6,False
-,35,55,90,55,35,35,1,4.7890625,-4.7890625,-4.7890625,1,-2,False
-,35,56,91,56,35,35,0,5.11328125,-5.11328125,-5.11328125,1,-1,False
-,35,57,92,57,35,35,0,5.09765625,-5.09765625,-5.09765625,1,-2,False
-,35,58,93,58,35,35,0,5.08203125,-5.08203125,-5.08203125,1,-2,False
-,35,59,94,59,35,35,1,5.0625,-5.0625,-5.0625,1,-2,False
-,35,60,95,60,35,35,1,5.53125,-5.53125,-5.53125,1,-6,False
-,35,61,96,61,35,35,1,5.5234375,-5.5234375,-5.5234375,1,-1,False
-,35,62,97,62,35,35,0,5.30859375,-5.30859375,-5.30859375,1,-2,False
-,35,63,98,63,35,35,2,5.01953125,-5.01953125,-5.01953125,1,-6,False
-,35,64,99,64,35,35,1,4.8671875,-4.8671875,-4.8671875,1,-2,False
-,35,65,100,65,35,35,4,4.93359375,-4.93359375,-4.93359375,1,-5,False
-,35,66,101,66,35,35,0,4.796875,-4.796875,-4.796875,1,-6,False
-,35,67,102,67,35,35,0,4.87890625,-4.87890625,-4.87890625,1,-0,False
-,35,68,103,68,35,35,0,4.73828125,-4.73828125,-4.73828125,1,-69,False
-,35,69,104,69,35,35,0,4.8203125,-4.8203125,-4.8203125,1,-1,False
-,35,70,105,70,35,35,1,5.1953125,-5.1953125,-5.1953125,1,-2,False
-,35,71,106,71,35,35,0,5.58203125,-5.58203125,-5.58203125,1,-6,False
-,35,72,107,72,35,35,0,4.6328125,-4.6328125,-4.6328125,1,-6,False
-,35,73,108,73,35,35,0,5.109375,-5.109375,-5.109375,1,-2,False
-,35,74,109,74,35,35,0,4.92578125,-4.92578125,-4.92578125,1,-69,False
-,35,75,110,75,35,35,0,4.765625,-4.765625,-4.765625,1,-2,False
-,35,76,111,76,35,35,0,4.69140625,-4.69140625,-4.69140625,1,-6,False
-,35,77,112,77,35,35,1,5.1796875,-5.1796875,-5.1796875,1,-3,False
-,35,78,113,78,35,35,0,4.86328125,-4.86328125,-4.86328125,1,-2,False
-,35,79,114,79,35,35,0,4.828125,-4.828125,-4.828125,1,-69,False
-,35,80,115,80,35,35,2,4.78125,-4.78125,-4.78125,1,-2,False
-,35,81,116,81,35,35,0,4.9140625,-4.9140625,-4.9140625,1,-2,False
-,35,82,117,82,35,35,0,5.515625,-5.515625,-5.515625,1,-5,False
-,35,83,118,83,35,35,0,4.7890625,-4.7890625,-4.7890625,1,-2,False
-,35,84,119,84,35,35,0,5.03515625,-5.03515625,-5.03515625,1,-3,False
-,35,85,120,85,35,35,0,4.54296875,-4.54296875,-4.54296875,1,-6,False
-,35,86,121,86,35,35,0,4.6171875,-4.6171875,-4.6171875,1,-6,False
-,35,87,122,87,35,35,0,5.203125,-5.203125,-5.203125,1,-2,False
-,35,88,123,88,35,35,0,5.06640625,-5.06640625,-5.06640625,1,-2,False
-,35,89,124,89,35,35,0,5.15625,-5.15625,-5.15625,1,-3,False
-,35,90,125,90,35,35,2,5.6015625,-5.6015625,-5.6015625,1,-60,False
-,35,91,126,91,35,35,0,5.30078125,-5.30078125,-5.30078125,1,-2,False
-,35,92,127,92,35,35,0,4.79296875,-4.79296875,-4.79296875,1,-70,False
-,35,93,128,93,35,35,0,5.0703125,-5.0703125,-5.0703125,1,-88,False
-,35,94,129,94,35,35,0,4.8984375,-4.8984375,-4.8984375,1,-0,False
-,35,95,130,95,35,35,1,4.76953125,-4.76953125,-4.76953125,1,-1,False
-,35,96,131,96,35,35,0,4.625,-4.625,-4.625,1,-3,False
-,35,97,132,97,35,35,0,5.07421875,-5.07421875,-5.07421875,1,-1,False
-,35,98,133,98,35,35,0,5.328125,-5.328125,-5.328125,1,-1,False
-,35,99,134,99,35,35,0,4.92578125,-4.92578125,-4.92578125,1,-2,False
-,35,100,135,100,35,35,0,4.91015625,-4.91015625,-4.91015625,1,-2,False
-,36,1,37,1,36,36,3,5.453125,-5.453125,-5.453125,1,-0,False
-,36,2,38,2,36,36,1,5.4140625,-5.4140625,-5.4140625,1,-0,False
-,36,3,39,3,36,36,2,5.4921875,-5.4921875,-5.4921875,1,-2,False
-,36,4,40,4,36,36,15,4.859375,-4.859375,-4.859375,1,-3,False
-,36,5,41,5,36,36,2,5.58984375,-5.58984375,-5.58984375,1,-2,False
-,36,6,42,6,36,36,9,4.61328125,-4.61328125,-4.61328125,1,-6,False
-,36,7,43,7,36,36,0,4.6171875,-4.6171875,-4.6171875,1,-6,False
-,36,8,44,8,36,36,1,4.8671875,-4.8671875,-4.8671875,1,-5,False
-,36,9,45,9,36,36,8,4.59375,-4.59375,-4.59375,1,-2,False
-,36,10,46,10,36,36,0,4.8046875,-4.8046875,-4.8046875,1,-6,False
-,36,11,47,11,36,36,0,5.60546875,-5.60546875,-5.60546875,1,-5,False
-,36,12,48,12,36,36,7,4.703125,-4.703125,-4.703125,1,-3,False
-,36,13,49,13,36,36,3,4.6015625,-4.6015625,-4.6015625,1,-3,False
-,36,14,50,14,36,36,1,4.87109375,-4.87109375,-4.87109375,1,-2,False
-,36,15,51,15,36,36,3,4.7265625,-4.7265625,-4.7265625,1,-2,False
-,36,16,52,16,36,36,10,4.82421875,-4.82421875,-4.82421875,1,-5,False
-,36,17,53,17,36,36,1,4.6171875,-4.6171875,-4.6171875,1,-1,False
-,36,18,54,18,36,36,1,4.79296875,-4.79296875,-4.79296875,1,-2,False
-,36,19,55,19,36,36,0,4.65625,-4.65625,-4.65625,1,-3,False
-,36,20,56,20,36,36,1,5.0546875,-5.0546875,-5.0546875,1,-1,False
-,36,21,57,21,36,36,0,4.89453125,-4.89453125,-4.89453125,1,-3,False
-,36,22,58,22,36,36,0,5.015625,-5.015625,-5.015625,1,-5,False
-,36,23,59,23,36,36,0,4.75,-4.75,-4.75,1,-3,False
-,36,24,60,24,36,36,7,4.75390625,-4.75390625,-4.75390625,1,-3,False
-,36,25,61,25,36,36,0,4.78515625,-4.78515625,-4.78515625,1,-3,False
-,36,26,62,26,36,36,2,4.921875,-4.921875,-4.921875,1,-1,False
-,36,27,63,27,36,36,0,4.65625,-4.65625,-4.65625,1,-2,False
-,36,28,64,28,36,36,0,4.97265625,-4.97265625,-4.97265625,1,-0,False
-,36,29,65,29,36,36,0,5.1328125,-5.1328125,-5.1328125,1,-2,False
-,36,30,66,30,36,36,2,5.32421875,-5.32421875,-5.32421875,1,-6,False
-,36,31,67,31,36,36,0,5.25390625,-5.25390625,-5.25390625,1,-1,False
-,36,32,68,32,36,36,0,5.06640625,-5.06640625,-5.06640625,1,-6,False
-,36,33,69,33,36,36,0,4.6875,-4.6875,-4.6875,1,-6,False
-,36,34,70,34,36,36,2,4.92578125,-4.92578125,-4.92578125,1,-2,False
-,36,35,71,35,36,36,0,4.94921875,-4.94921875,-4.94921875,1,-2,False
-,36,36,72,36,36,36,1,4.8515625,-4.8515625,-4.8515625,1,-3,False
-,36,37,73,37,36,36,0,4.78515625,-4.78515625,-4.78515625,1,-6,False
-,36,38,74,38,36,36,0,5.03125,-5.03125,-5.03125,1,-0,False
-,36,39,75,39,36,36,0,4.78125,-4.78125,-4.78125,1,-6,False
-,36,40,76,40,36,36,0,5.234375,-5.234375,-5.234375,1,-6,False
-,36,41,77,41,36,36,0,4.859375,-4.859375,-4.859375,1,-2,False
-,36,42,78,42,36,36,1,5.04296875,-5.04296875,-5.04296875,1,-2,False
-,36,43,79,43,36,36,0,4.765625,-4.765625,-4.765625,1,-3,False
-,36,44,80,44,36,36,0,4.88671875,-4.88671875,-4.88671875,1,-0,False
-,36,45,81,45,36,36,0,4.921875,-4.921875,-4.921875,1,-6,False
-,36,46,82,46,36,36,2,4.6640625,-4.6640625,-4.6640625,1,-1,False
-,36,47,83,47,36,36,0,5.5,-5.5,-5.5,1,-3,False
-,36,48,84,48,36,36,0,4.5625,-4.5625,-4.5625,1,-2,False
-,36,49,85,49,36,36,1,5.28125,-5.28125,-5.28125,1,-0,False
-,36,50,86,50,36,36,1,5.22265625,-5.22265625,-5.22265625,1,-6,False
-,36,51,87,51,36,36,0,5.01171875,-5.01171875,-5.01171875,1,-1,False
-,36,52,88,52,36,36,0,4.58203125,-4.58203125,-4.58203125,1,-2,False
-,36,53,89,53,36,36,0,4.7265625,-4.7265625,-4.7265625,1,-2,False
-,36,54,90,54,36,36,3,4.609375,-4.609375,-4.609375,1,-2,False
-,36,55,91,55,36,36,1,4.8203125,-4.8203125,-4.8203125,1,-3,False
-,36,56,92,56,36,36,1,5.1484375,-5.1484375,-5.1484375,1,-2,False
-,36,57,93,57,36,36,0,5.08203125,-5.08203125,-5.08203125,1,-3,False
-,36,58,94,58,36,36,0,4.92578125,-4.92578125,-4.92578125,1,-2,False
-,36,59,95,59,36,36,0,5.24609375,-5.24609375,-5.24609375,1,-3,False
-,36,60,96,60,36,36,1,4.5390625,-4.5390625,-4.5390625,1,-6,False
-,36,61,97,61,36,36,0,5.53125,-5.53125,-5.53125,1,-6,False
-,36,62,98,62,36,36,0,5.29296875,-5.29296875,-5.29296875,1,-3,False
-,36,63,99,63,36,36,1,4.9609375,-4.9609375,-4.9609375,1,-6,False
-,36,64,100,64,36,36,9,4.84375,-4.84375,-4.84375,1,-6,False
-,36,65,101,65,36,36,0,4.875,-4.875,-4.875,1,-6,False
-,36,66,102,66,36,36,0,4.9921875,-4.9921875,-4.9921875,1,-6,False
-,36,67,103,67,36,36,0,4.78125,-4.78125,-4.78125,1,-1,False
-,36,68,104,68,36,36,0,4.921875,-4.921875,-4.921875,1,-69,False
-,36,69,105,69,36,36,0,4.8046875,-4.8046875,-4.8046875,1,-2,False
-,36,70,106,70,36,36,0,5.2109375,-5.2109375,-5.2109375,1,-2,False
-,36,71,107,71,36,36,2,4.63671875,-4.63671875,-4.63671875,1,-6,False
-,36,72,108,72,36,36,1,4.5234375,-4.5234375,-4.5234375,1,-6,False
-,36,73,109,73,36,36,0,5.0859375,-5.0859375,-5.0859375,1,-1,False
-,36,74,110,74,36,36,0,4.9609375,-4.9609375,-4.9609375,1,-2,False
-,36,75,111,75,36,36,0,4.78515625,-4.78515625,-4.78515625,1,-6,False
-,36,76,112,76,36,36,0,4.80859375,-4.80859375,-4.80859375,1,-6,False
-,36,77,113,77,36,36,0,4.515625,-4.515625,-4.515625,1,-6,False
-,36,78,114,78,36,36,0,4.94140625,-4.94140625,-4.94140625,1,-6,False
-,36,79,115,79,36,36,0,4.37109375,-4.37109375,-4.37109375,1,-3,False
-,36,80,116,80,36,36,0,4.984375,-4.984375,-4.984375,1,-6,False
-,36,81,117,81,36,36,0,4.5625,-4.5625,-4.5625,1,-6,False
-,36,82,118,82,36,36,0,4.6484375,-4.6484375,-4.6484375,1,-2,False
-,36,83,119,83,36,36,0,4.60546875,-4.60546875,-4.60546875,1,-2,False
-,36,84,120,84,36,36,1,4.41015625,-4.41015625,-4.41015625,1,-6,False
-,36,85,121,85,36,36,0,4.66796875,-4.66796875,-4.66796875,1,-6,False
-,36,86,122,86,36,36,0,4.59375,-4.59375,-4.59375,1,-3,False
-,36,87,123,87,36,36,1,5.015625,-5.015625,-5.015625,1,-3,False
-,36,88,124,88,36,36,0,5.02734375,-5.02734375,-5.02734375,1,-88,False
-,36,89,125,89,36,36,0,4.98828125,-4.98828125,-4.98828125,1,-2,False
-,36,90,126,90,36,36,0,4.99609375,-4.99609375,-4.99609375,1,-70,False
-,36,91,127,91,36,36,1,4.65625,-4.65625,-4.65625,1,-70,False
-,36,92,128,92,36,36,0,5.1796875,-5.1796875,-5.1796875,1,"-
128 - 92 =",False
-,36,93,129,93,36,36,0,4.35546875,-4.35546875,-4.35546875,1,-1,False
-,36,94,130,94,36,36,0,4.8359375,-4.8359375,-4.8359375,1,-69,False
-,36,95,131,95,36,36,0,4.79296875,-4.79296875,-4.79296875,1,-1,False
-,36,96,132,96,36,36,1,4.53515625,-4.53515625,-4.53515625,1,-0,False
-,36,97,133,97,36,36,0,5.03515625,-5.03515625,-5.03515625,1,-1,False
-,36,98,134,98,36,36,0,4.1875,-4.1875,-4.1875,1,-2,False
-,36,99,135,99,36,36,0,4.94921875,-4.94921875,-4.94921875,1,-2,False
-,36,100,136,100,36,36,0,4.7734375,-4.7734375,-4.7734375,1,-1,False
-,37,1,38,1,37,37,5,6.375,-6.375,-6.375,1,-0,False
-,37,2,39,2,37,37,4,5.54296875,-5.54296875,-5.54296875,1,-2,False
-,37,3,40,3,37,37,2,5.6875,-5.6875,-5.6875,1,-0,False
-,37,4,41,4,37,37,1,5.59375,-5.59375,-5.59375,1,-2,False
-,37,5,42,5,37,37,3,5.7109375,-5.7109375,-5.7109375,1,-2,False
-,37,6,43,6,37,37,2,5.72265625,-5.72265625,-5.72265625,1,-6,False
-,37,7,44,7,37,37,6,5.6953125,-5.6953125,-5.6953125,1,-6,False
-,37,8,45,8,37,37,2,5.56640625,-5.56640625,-5.56640625,1,-6,False
-,37,9,46,9,37,37,1,5.73046875,-5.73046875,-5.73046875,1,-1,False
-,37,10,47,10,37,37,0,5.73828125,-5.73828125,-5.73828125,1,-6,False
-,37,11,48,11,37,37,2,5.71484375,-5.71484375,-5.71484375,1,-2,False
-,37,12,49,12,37,37,3,5.671875,-5.671875,-5.671875,1,-1,False
-,37,13,50,13,37,37,1,5.7421875,-5.7421875,-5.7421875,1,-2,False
-,37,14,51,14,37,37,0,5.71484375,-5.71484375,-5.71484375,1,-6,False
-,37,15,52,15,37,37,2,5.71875,-5.71875,-5.71875,1,-5,False
-,37,16,53,16,37,37,0,5.55859375,-5.55859375,-5.55859375,1,-3,False
-,37,17,54,17,37,37,0,5.62109375,-5.62109375,-5.62109375,1,-2,False
-,37,18,55,18,37,37,0,5.87890625,-5.87890625,-5.87890625,1,-2,False
-,37,19,56,19,37,37,0,5.859375,-5.859375,-5.859375,1,-6,False
-,37,20,57,20,37,37,1,5.07421875,-5.07421875,-5.07421875,1,-2,False
-,37,21,58,21,37,37,1,5.9140625,-5.9140625,-5.9140625,1,-5,False
-,37,22,59,22,37,37,0,4.87109375,-4.87109375,-4.87109375,1,-6,False
-,37,23,60,23,37,37,2,5.7421875,-5.7421875,-5.7421875,1,-1,False
-,37,24,61,24,37,37,2,5.88671875,-5.88671875,-5.88671875,1,-1,False
-,37,25,62,25,37,37,0,5.87890625,-5.87890625,-5.87890625,1,-2,False
-,37,26,63,26,37,37,1,5.5546875,-5.5546875,-5.5546875,1,-2,False
-,37,27,64,27,37,37,2,5.81640625,-5.81640625,-5.81640625,1,-2,False
-,37,28,65,28,37,37,0,5.0546875,-5.0546875,-5.0546875,1,-6,False
-,37,29,66,29,37,37,0,5.16015625,-5.16015625,-5.16015625,1,-2,False
-,37,30,67,30,37,37,0,5.34765625,-5.34765625,-5.34765625,1,-6,False
-,37,31,68,31,37,37,0,5.9765625,-5.9765625,-5.9765625,1,-2,False
-,37,32,69,32,37,37,0,5.33203125,-5.33203125,-5.33203125,1,-6,False
-,37,33,70,33,37,37,0,5.64453125,-5.64453125,-5.64453125,1,-6,False
-,37,34,71,34,37,37,1,5.87890625,-5.87890625,-5.87890625,1,-2,False
-,37,35,72,35,37,37,3,5.04296875,-5.04296875,-5.04296875,1,-6,False
-,37,36,73,36,37,37,0,5.890625,-5.890625,-5.890625,1,-2,False
-,37,37,74,37,37,37,1,5.671875,-5.671875,-5.671875,1,-2,False
-,37,38,75,38,37,37,0,5.96484375,-5.96484375,-5.96484375,1,-2,False
-,37,39,76,39,37,37,0,5.91796875,-5.91796875,-5.91796875,1,-6,False
-,37,40,77,40,37,37,0,5.12109375,-5.12109375,-5.12109375,1,-6,False
-,37,41,78,41,37,37,0,5.88671875,-5.88671875,-5.88671875,1,-2,False
-,37,42,79,42,37,37,0,6.046875,-6.046875,-6.046875,1,-6,False
-,37,43,80,43,37,37,0,5.83203125,-5.83203125,-5.83203125,1,-6,False
-,37,44,81,44,37,37,2,5.86328125,-5.86328125,-5.86328125,1,-3,False
-,37,45,82,45,37,37,0,5.90625,-5.90625,-5.90625,1,-3,False
-,37,46,83,46,37,37,0,5.7578125,-5.7578125,-5.7578125,1,-2,False
-,37,47,84,47,37,37,0,5.484375,-5.484375,-5.484375,1,-2,False
-,37,48,85,48,37,37,0,5.28125,-5.28125,-5.28125,1,-5,False
-,37,49,86,49,37,37,0,5.515625,-5.515625,-5.515625,1,-6,False
-,37,50,87,50,37,37,0,5.27734375,-5.27734375,-5.27734375,1,-3,False
-,37,51,88,51,37,37,0,5.90234375,-5.90234375,-5.90234375,1,-1,False
-,37,52,89,52,37,37,0,5.7734375,-5.7734375,-5.7734375,1,-2,False
-,37,53,90,53,37,37,0,5.546875,-5.546875,-5.546875,1,-5,False
-,37,54,91,54,37,37,0,5.6875,-5.6875,-5.6875,1,-6,False
-,37,55,92,55,37,37,0,5.84765625,-5.84765625,-5.84765625,1,-5,False
-,37,56,93,56,37,37,1,5.07421875,-5.07421875,-5.07421875,1,-2,False
-,37,57,94,57,37,37,0,5.90625,-5.90625,-5.90625,1,-2,False
-,37,58,95,58,37,37,0,5.0546875,-5.0546875,-5.0546875,1,-2,False
-,37,59,96,59,37,37,0,5.15234375,-5.15234375,-5.15234375,1,-2,False
-,37,60,97,60,37,37,0,5.5078125,-5.5078125,-5.5078125,1,-3,False
-,37,61,98,61,37,37,0,5.4921875,-5.4921875,-5.4921875,1,-6,False
-,37,62,99,62,37,37,1,5.26171875,-5.26171875,-5.26171875,1,-3,False
-,37,63,100,63,37,37,1,4.953125,-4.953125,-4.953125,1,-6,False
-,37,64,101,64,37,37,0,4.6796875,-4.6796875,-4.6796875,1,-1,False
-,37,65,102,65,37,37,1,5.08203125,-5.08203125,-5.08203125,1,-5,False
-,37,66,103,66,37,37,0,4.859375,-4.859375,-4.859375,1,-6,False
-,37,67,104,67,37,37,0,5.88671875,-5.88671875,-5.88671875,1,-1,False
-,37,68,105,68,37,37,0,4.78125,-4.78125,-4.78125,1,-69,False
-,37,69,106,69,37,37,0,5.69921875,-5.69921875,-5.69921875,1,-2,False
-,37,70,107,70,37,37,0,5.20703125,-5.20703125,-5.20703125,1,-2,False
-,37,71,108,71,37,37,0,5.6484375,-5.6484375,-5.6484375,1,-1,False
-,37,72,109,72,37,37,0,4.7421875,-4.7421875,-4.7421875,1,-2,False
-,37,73,110,73,37,37,0,4.8359375,-4.8359375,-4.8359375,1,-2,False
-,37,74,111,74,37,37,0,4.8046875,-4.8046875,-4.8046875,1,-6,False
-,37,75,112,75,37,37,0,4.79296875,-4.79296875,-4.79296875,1,-1,False
-,37,76,113,76,37,37,0,5.6640625,-5.6640625,-5.6640625,1,-6,False
-,37,77,114,77,37,37,0,5.6953125,-5.6953125,-5.6953125,1,-6,False
-,37,78,115,78,37,37,0,5.703125,-5.703125,-5.703125,1,-5,False
-,37,79,116,79,37,37,0,4.921875,-4.921875,-4.921875,1,-6,False
-,37,80,117,80,37,37,0,5.79296875,-5.79296875,-5.79296875,1,-6,False
-,37,81,118,81,37,37,0,5.6953125,-5.6953125,-5.6953125,1,-6,False
-,37,82,119,82,37,37,0,5.3203125,-5.3203125,-5.3203125,1,-3,False
-,37,83,120,83,37,37,0,4.8828125,-4.8828125,-4.8828125,1,-2,False
-,37,84,121,84,37,37,0,5.546875,-5.546875,-5.546875,1,-2,False
-,37,85,122,85,37,37,0,5.5078125,-5.5078125,-5.5078125,1,-5,False
-,37,86,123,86,37,37,0,5.25,-5.25,-5.25,1,-2,False
-,37,87,124,87,37,37,0,5.1015625,-5.1015625,-5.1015625,1,-2,False
-,37,88,125,88,37,37,0,5.73046875,-5.73046875,-5.73046875,1,-3,False
-,37,89,126,89,37,37,0,5.08984375,-5.08984375,-5.08984375,1,-2,False
-,37,90,127,90,37,37,2,5.16015625,-5.16015625,-5.16015625,1,-70,False
-,37,91,128,91,37,37,0,5.08203125,-5.08203125,-5.08203125,1,-1,False
-,37,92,129,92,37,37,0,5.65625,-5.65625,-5.65625,1,-70,False
-,37,93,130,93,37,37,0,5.14453125,-5.14453125,-5.14453125,1,-2,False
-,37,94,131,94,37,37,0,4.8515625,-4.8515625,-4.8515625,1,-69,False
-,37,95,132,95,37,37,0,4.6640625,-4.6640625,-4.6640625,1,-2,False
-,37,96,133,96,37,37,0,5.515625,-5.515625,-5.515625,1,-6,False
-,37,97,134,97,37,37,1,5.00390625,-5.00390625,-5.00390625,1,-1,False
-,37,98,135,98,37,37,0,5.3515625,-5.3515625,-5.3515625,1,-1,False
-,37,99,136,99,37,37,0,5.89453125,-5.89453125,-5.89453125,1,-1,False
-,37,100,137,100,37,37,0,4.8515625,-4.8515625,-4.8515625,1,-69,False
-,38,1,39,1,38,38,2,5.609375,-5.609375,-5.609375,1,-1,False
-,38,2,40,2,38,38,3,4.74609375,-4.74609375,-4.74609375,1,-1,False
-,38,3,41,3,38,38,2,5.46484375,-5.46484375,-5.46484375,1,-2,False
-,38,4,42,4,38,38,1,5.69140625,-5.69140625,-5.69140625,1,-2,False
-,38,5,43,5,38,38,0,5.59765625,-5.59765625,-5.59765625,1,-3,False
-,38,6,44,6,38,38,1,4.70703125,-4.70703125,-4.70703125,1,-1,False
-,38,7,45,7,38,38,9,4.62109375,-4.62109375,-4.62109375,1,-3,False
-,38,8,46,8,38,38,0,4.859375,-4.859375,-4.859375,1,-3,False
-,38,9,47,9,38,38,0,4.63671875,-4.63671875,-4.63671875,1,-2,False
-,38,10,48,10,38,38,0,4.79296875,-4.79296875,-4.79296875,1,-5,False
-,38,11,49,11,38,38,1,5.609375,-5.609375,-5.609375,1,-2,False
-,38,12,50,12,38,38,2,4.71484375,-4.71484375,-4.71484375,1,-12,False
-,38,13,51,13,38,38,0,4.60546875,-4.60546875,-4.60546875,1,-3,False
-,38,14,52,14,38,38,1,5.46875,-5.46875,-5.46875,1,-1,False
-,38,15,53,15,38,38,0,4.51171875,-4.51171875,-4.51171875,1,-6,False
-,38,16,54,16,38,38,2,4.61328125,-4.61328125,-4.61328125,1,-2,False
-,38,17,55,17,38,38,1,4.66796875,-4.66796875,-4.66796875,1,-2,False
-,38,18,56,18,38,38,0,4.9140625,-4.9140625,-4.9140625,1,-2,False
-,38,19,57,19,38,38,1,4.8671875,-4.8671875,-4.8671875,1,-5,False
-,38,20,58,20,38,38,0,5.03125,-5.03125,-5.03125,1,-2,False
-,38,21,59,21,38,38,0,4.90625,-4.90625,-4.90625,1,-6,False
-,38,22,60,22,38,38,0,4.8984375,-4.8984375,-4.8984375,1,-6,False
-,38,23,61,23,38,38,0,4.9375,-4.9375,-4.9375,1,-2,False
-,38,24,62,24,38,38,1,4.94140625,-4.94140625,-4.94140625,1,-2,False
-,38,25,63,25,38,38,1,4.49609375,-4.49609375,-4.49609375,1,-5,False
-,38,26,64,26,38,38,1,4.65234375,-4.65234375,-4.65234375,1,-2,False
-,38,27,65,27,38,38,0,4.83203125,-4.83203125,-4.83203125,1,-2,False
-,38,28,66,28,38,38,0,5.09765625,-5.09765625,-5.09765625,1,-6,False
-,38,29,67,29,38,38,1,5.1796875,-5.1796875,-5.1796875,1,-1,False
-,38,30,68,30,38,38,1,5.1484375,-5.1484375,-5.1484375,1,-1,False
-,38,31,69,31,38,38,1,5.203125,-5.203125,-5.203125,1,-2,False
-,38,32,70,32,38,38,1,4.1640625,-4.1640625,-4.1640625,1,-6,False
-,38,33,71,33,38,38,0,4.59765625,-4.59765625,-4.59765625,1,-3,False
-,38,34,72,34,38,38,1,4.9375,-4.9375,-4.9375,1,-3,False
-,38,35,73,35,38,38,0,5.10546875,-5.10546875,-5.10546875,1,-6,False
-,38,36,74,36,38,38,1,4.77734375,-4.77734375,-4.77734375,1,-2,False
-,38,37,75,37,38,38,1,5.66796875,-5.66796875,-5.66796875,1,-2,False
-,38,38,76,38,38,38,0,5.06640625,-5.06640625,-5.06640625,1,-2,False
-,38,39,77,39,38,38,0,4.84765625,-4.84765625,-4.84765625,1,-5,False
-,38,40,78,40,38,38,0,5.296875,-5.296875,-5.296875,1,-5,False
-,38,41,79,41,38,38,0,4.984375,-4.984375,-4.984375,1,-1,False
-,38,42,80,42,38,38,1,5.1015625,-5.1015625,-5.1015625,1,-2,False
-,38,43,81,43,38,38,0,4.72265625,-4.72265625,-4.72265625,1,-2,False
-,38,44,82,44,38,38,0,4.8203125,-4.8203125,-4.8203125,1,-2,False
-,38,45,83,45,38,38,0,5.015625,-5.015625,-5.015625,1,-1,False
-,38,46,84,46,38,38,0,4.76953125,-4.76953125,-4.76953125,1,-2,False
-,38,47,85,47,38,38,1,5.44921875,-5.44921875,-5.44921875,1,-3,False
-,38,48,86,48,38,38,0,4.56640625,-4.56640625,-4.56640625,1,-5,False
-,38,49,87,49,38,38,0,5.48828125,-5.48828125,-5.48828125,1,-6,False
-,38,50,88,50,38,38,0,5.0,-5.0,-5.0,1,-2,False
-,38,51,89,51,38,38,0,5.1484375,-5.1484375,-5.1484375,1,-1,False
-,38,52,90,52,38,38,1,4.32421875,-4.32421875,-4.32421875,1,-3,False
-,38,53,91,53,38,38,0,4.55078125,-4.55078125,-4.55078125,1,-2,False
-,38,54,92,54,38,38,0,4.73828125,-4.73828125,-4.73828125,1,-1,False
-,38,55,93,55,38,38,0,4.80859375,-4.80859375,-4.80859375,1,-5,False
-,38,56,94,56,38,38,1,4.828125,-4.828125,-4.828125,1,-3,False
-,38,57,95,57,38,38,1,5.21484375,-5.21484375,-5.21484375,1,-2,False
-,38,58,96,58,38,38,0,5.04296875,-5.04296875,-5.04296875,1,-2,False
-,38,59,97,59,38,38,0,5.19921875,-5.19921875,-5.19921875,1,-2,False
-,38,60,98,60,38,38,0,4.5,-4.5,-4.5,1,-6,False
-,38,61,99,61,38,38,0,5.4375,-5.4375,-5.4375,1,-1,False
-,38,62,100,62,38,38,1,4.8359375,-4.8359375,-4.8359375,1,-2,False
-,38,63,101,63,38,38,0,4.953125,-4.953125,-4.953125,1,-1,False
-,38,64,102,64,38,38,1,4.1171875,-4.1171875,-4.1171875,1,-6,False
-,38,65,103,65,38,38,1,4.95703125,-4.95703125,-4.95703125,1,-6,False
-,38,66,104,66,38,38,0,4.953125,-4.953125,-4.953125,1,-6,False
-,38,67,105,67,38,38,0,4.8671875,-4.8671875,-4.8671875,1,-2,False
-,38,68,106,68,38,38,0,4.81640625,-4.81640625,-4.81640625,1,-1,False
-,38,69,107,69,38,38,0,4.7734375,-4.7734375,-4.7734375,1,-2,False
-,38,70,108,70,38,38,0,4.12109375,-4.12109375,-4.12109375,1,-3,False
-,38,71,109,71,38,38,0,4.62890625,-4.62890625,-4.62890625,1,-6,False
-,38,72,110,72,38,38,0,4.24609375,-4.24609375,-4.24609375,1,-70,False
-,38,73,111,73,38,38,0,4.15625,-4.15625,-4.15625,1,-6,False
-,38,74,112,74,38,38,1,4.8359375,-4.8359375,-4.8359375,1,-2,False
-,38,75,113,75,38,38,0,4.671875,-4.671875,-4.671875,1,-2,False
-,38,76,114,76,38,38,0,4.78125,-4.78125,-4.78125,1,-1,False
-,38,77,115,77,38,38,0,4.14453125,-4.14453125,-4.14453125,1,-6,False
-,38,78,116,78,38,38,0,5.078125,-5.078125,-5.078125,1,-6,False
-,38,79,117,79,38,38,0,4.69140625,-4.69140625,-4.69140625,1,-69,False
-,38,80,118,80,38,38,0,4.859375,-4.859375,-4.859375,1,-70,False
-,38,81,119,81,38,38,0,4.48828125,-4.48828125,-4.48828125,1,-2,False
-,38,82,120,82,38,38,2,4.75,-4.75,-4.75,1,-3,False
-,38,83,121,83,38,38,0,4.97265625,-4.97265625,-4.97265625,1,-1,False
-,38,84,122,84,38,38,0,4.453125,-4.453125,-4.453125,1,-3,False
-,38,85,123,85,38,38,0,4.34765625,-4.34765625,-4.34765625,1,-6,False
-,38,86,124,86,38,38,0,4.328125,-4.328125,-4.328125,1,-6,False
-,38,87,125,87,38,38,0,4.73046875,-4.73046875,-4.73046875,1,-2,False
-,38,88,126,88,38,38,0,4.859375,-4.859375,-4.859375,1,-3,False
-,38,89,127,89,38,38,0,4.60546875,-4.60546875,-4.60546875,1,-6,False
-,38,90,128,90,38,38,0,4.8671875,-4.8671875,-4.8671875,1,-88,False
-,38,91,129,91,38,38,0,4.61328125,-4.61328125,-4.61328125,1,-1,False
-,38,92,130,92,38,38,0,4.203125,-4.203125,-4.203125,1,-70,False
-,38,93,131,93,38,38,0,4.30859375,-4.30859375,-4.30859375,1,-1,False
-,38,94,132,94,38,38,0,4.8046875,-4.8046875,-4.8046875,1,-69,False
-,38,95,133,95,38,38,0,4.7109375,-4.7109375,-4.7109375,1,-0,False
-,38,96,134,96,38,38,0,4.43359375,-4.43359375,-4.43359375,1,-6,False
-,38,97,135,97,38,38,0,5.03515625,-5.03515625,-5.03515625,1,-1,False
-,38,98,136,98,38,38,0,4.2109375,-4.2109375,-4.2109375,1,-0,False
-,38,99,137,99,38,38,0,5.05078125,-5.05078125,-5.05078125,1,-2,False
-,38,100,138,100,38,38,0,4.9921875,-4.9921875,-4.9921875,1,-2,False
-,39,1,40,1,39,39,5,5.68359375,-5.68359375,-5.68359375,1,-1,False
-,39,2,41,2,39,39,2,5.515625,-5.515625,-5.515625,1,-1,False
-,39,3,42,3,39,39,3,5.5078125,-5.5078125,-5.5078125,1,-6,False
-,39,4,43,4,39,39,0,5.6640625,-5.6640625,-5.6640625,1,-2,False
-,39,5,44,5,39,39,2,5.61328125,-5.61328125,-5.61328125,1,-5,False
-,39,6,45,6,39,39,6,5.55078125,-5.55078125,-5.55078125,1,-2,False
-,39,7,46,7,39,39,2,5.60546875,-5.60546875,-5.60546875,1,-6,False
-,39,8,47,8,39,39,1,4.80859375,-4.80859375,-4.80859375,1,-5,False
-,39,9,48,9,39,39,0,4.76953125,-4.76953125,-4.76953125,1,-1,False
-,39,10,49,10,39,39,2,4.765625,-4.765625,-4.765625,1,-5,False
-,39,11,50,11,39,39,1,5.70703125,-5.70703125,-5.70703125,1,-2,False
-,39,12,51,12,39,39,0,5.73046875,-5.73046875,-5.73046875,1,-3,False
-,39,13,52,13,39,39,8,5.6015625,-5.6015625,-5.6015625,1,-2,False
-,39,14,53,14,39,39,0,5.30859375,-5.30859375,-5.30859375,1,-6,False
-,39,15,54,15,39,39,0,5.55078125,-5.55078125,-5.55078125,1,-3,False
-,39,16,55,16,39,39,2,4.77734375,-4.77734375,-4.77734375,1,-3,False
-,39,17,56,17,39,39,0,5.77734375,-5.77734375,-5.77734375,1,-3,False
-,39,18,57,18,39,39,0,4.9296875,-4.9296875,-4.9296875,1,-6,False
-,39,19,58,19,39,39,0,4.92578125,-4.92578125,-4.92578125,1,-5,False
-,39,20,59,20,39,39,0,5.046875,-5.046875,-5.046875,1,-3,False
-,39,21,60,21,39,39,0,4.98828125,-4.98828125,-4.98828125,1,-5,False
-,39,22,61,22,39,39,0,5.14453125,-5.14453125,-5.14453125,1,-2,False
-,39,23,62,23,39,39,0,4.9921875,-4.9921875,-4.9921875,1,-6,False
-,39,24,63,24,39,39,0,5.58984375,-5.58984375,-5.58984375,1,-2,False
-,39,25,64,25,39,39,2,5.59765625,-5.59765625,-5.59765625,1,-3,False
-,39,26,65,26,39,39,0,5.62109375,-5.62109375,-5.62109375,1,-3,False
-,39,27,66,27,39,39,2,5.8125,-5.8125,-5.8125,1,-2,False
-,39,28,67,28,39,39,0,5.1640625,-5.1640625,-5.1640625,1,-6,False
-,39,29,68,29,39,39,1,4.88671875,-4.88671875,-4.88671875,1,-2,False
-,39,30,69,30,39,39,1,5.27734375,-5.27734375,-5.27734375,1,-6,False
-,39,31,70,31,39,39,0,5.1875,-5.1875,-5.1875,1,-2,False
-,39,32,71,32,39,39,0,5.13671875,-5.13671875,-5.13671875,1,-6,False
-,39,33,72,33,39,39,0,4.69140625,-4.69140625,-4.69140625,1,-1,False
-,39,34,73,34,39,39,0,4.98046875,-4.98046875,-4.98046875,1,-2,False
-,39,35,74,35,39,39,0,4.98828125,-4.98828125,-4.98828125,1,-2,False
-,39,36,75,36,39,39,0,4.71875,-4.71875,-4.71875,1,-6,False
-,39,37,76,37,39,39,0,5.7578125,-5.7578125,-5.7578125,1,-2,False
-,39,38,77,38,39,39,0,5.03125,-5.03125,-5.03125,1,-0,False
-,39,39,78,39,39,39,1,4.9375,-4.9375,-4.9375,1,-6,False
-,39,40,79,40,39,39,0,5.22265625,-5.22265625,-5.22265625,1,-6,False
-,39,41,80,41,39,39,0,5.0625,-5.0625,-5.0625,1,-6,False
-,39,42,81,42,39,39,0,4.98046875,-4.98046875,-4.98046875,1,-6,False
-,39,43,82,43,39,39,0,5.6875,-5.6875,-5.6875,1,-3,False
-,39,44,83,44,39,39,0,5.81640625,-5.81640625,-5.81640625,1,-6,False
-,39,45,84,45,39,39,0,4.9609375,-4.9609375,-4.9609375,1,-6,False
-,39,46,85,46,39,39,0,5.61328125,-5.61328125,-5.61328125,1,-3,False
-,39,47,86,47,39,39,0,5.52734375,-5.52734375,-5.52734375,1,-3,False
-,39,48,87,48,39,39,0,5.57421875,-5.57421875,-5.57421875,1,-2,False
-,39,49,88,49,39,39,0,5.34765625,-5.34765625,-5.34765625,1,-2,False
-,39,50,89,50,39,39,1,5.28515625,-5.28515625,-5.28515625,1,-3,False
-,39,51,90,51,39,39,0,4.87109375,-4.87109375,-4.87109375,1,-6,False
-,39,52,91,52,39,39,0,5.61328125,-5.61328125,-5.61328125,1,-2,False
-,39,53,92,53,39,39,0,5.62890625,-5.62890625,-5.62890625,1,-3,False
-,39,54,93,54,39,39,0,5.63671875,-5.63671875,-5.63671875,1,-6,False
-,39,55,94,55,39,39,0,4.78125,-4.78125,-4.78125,1,-5,False
-,39,56,95,56,39,39,0,5.19140625,-5.19140625,-5.19140625,1,-2,False
-,39,57,96,57,39,39,0,5.08984375,-5.08984375,-5.08984375,1,-2,False
-,39,58,97,58,39,39,0,5.00390625,-5.00390625,-5.00390625,1,-2,False
-,39,59,98,59,39,39,0,5.07421875,-5.07421875,-5.07421875,1,-2,False
-,39,60,99,60,39,39,0,5.42578125,-5.42578125,-5.42578125,1,-6,False
-,39,61,100,61,39,39,1,5.33984375,-5.33984375,-5.33984375,1,-0,False
-,39,62,101,62,39,39,0,5.19140625,-5.19140625,-5.19140625,1,-2,False
-,39,63,102,63,39,39,0,5.140625,-5.140625,-5.140625,1,-1,False
-,39,64,103,64,39,39,0,4.77734375,-4.77734375,-4.77734375,1,-6,False
-,39,65,104,65,39,39,0,5.0546875,-5.0546875,-5.0546875,1,-6,False
-,39,66,105,66,39,39,0,4.921875,-4.921875,-4.921875,1,-6,False
-,39,67,106,67,39,39,0,4.82421875,-4.82421875,-4.82421875,1,-1,False
-,39,68,107,68,39,39,1,4.90625,-4.90625,-4.90625,1,-2,False
-,39,69,108,69,39,39,0,5.6640625,-5.6640625,-5.6640625,1,-3,False
-,39,70,109,70,39,39,0,5.234375,-5.234375,-5.234375,1,-1,False
-,39,71,110,71,39,39,0,4.73046875,-4.73046875,-4.73046875,1,-1,False
-,39,72,111,72,39,39,0,4.6328125,-4.6328125,-4.6328125,1,-1,False
-,39,73,112,73,39,39,0,5.1953125,-5.1953125,-5.1953125,1,-1,False
-,39,74,113,74,39,39,0,4.69140625,-4.69140625,-4.69140625,1,-2,False
-,39,75,114,75,39,39,0,4.796875,-4.796875,-4.796875,1,-2,False
-,39,76,115,76,39,39,0,5.5625,-5.5625,-5.5625,1,-1,False
-,39,77,116,77,39,39,0,4.828125,-4.828125,-4.828125,1,-2,False
-,39,78,117,78,39,39,0,4.90234375,-4.90234375,-4.90234375,1,-5,False
-,39,79,118,79,39,39,0,4.8046875,-4.8046875,-4.8046875,1,-69,False
-,39,80,119,80,39,39,0,4.7734375,-4.7734375,-4.7734375,1,-6,False
-,39,81,120,81,39,39,0,4.7890625,-4.7890625,-4.7890625,1,-6,False
-,39,82,121,82,39,39,0,4.78125,-4.78125,-4.78125,1,-3,False
-,39,83,122,83,39,39,0,4.875,-4.875,-4.875,1,-1,False
-,39,84,123,84,39,39,0,5.19140625,-5.19140625,-5.19140625,1,-3,False
-,39,85,124,85,39,39,0,5.48828125,-5.48828125,-5.48828125,1,-6,False
-,39,86,125,86,39,39,0,5.234375,-5.234375,-5.234375,1,-6,False
-,39,87,126,87,39,39,0,5.01953125,-5.01953125,-5.01953125,1,-6,False
-,39,88,127,88,39,39,0,5.27734375,-5.27734375,-5.27734375,1,-7,False
-,39,89,128,89,39,39,0,5.15234375,-5.15234375,-5.15234375,1,-2,False
-,39,90,129,90,39,39,0,5.140625,-5.140625,-5.140625,1,-70,False
-,39,91,130,91,39,39,0,5.453125,-5.453125,-5.453125,1,-2,False
-,39,92,131,92,39,39,0,4.5,-4.5,-4.5,1,-70,False
-,39,93,132,93,39,39,0,5.20703125,-5.20703125,-5.20703125,1,-1,False
-,39,94,133,94,39,39,0,4.7890625,-4.7890625,-4.7890625,1,-0,False
-,39,95,134,95,39,39,0,4.46484375,-4.46484375,-4.46484375,1,-2,False
-,39,96,135,96,39,39,0,4.49609375,-4.49609375,-4.49609375,1,-72,False
-,39,97,136,97,39,39,0,5.046875,-5.046875,-5.046875,1,-0,False
-,39,98,137,98,39,39,0,5.296875,-5.296875,-5.296875,1,-0,False
-,39,99,138,99,39,39,0,5.01953125,-5.01953125,-5.01953125,1,-2,False
-,39,100,139,100,39,39,0,5.2734375,-5.2734375,-5.2734375,1,-1,False
-,40,1,41,1,40,40,3,5.58203125,-5.58203125,-5.58203125,1,-1,False
-,40,2,42,2,40,40,2,5.5703125,-5.5703125,-5.5703125,1,-2,False
-,40,3,43,3,40,40,1,5.52734375,-5.52734375,-5.52734375,1,-6,False
-,40,4,44,4,40,40,0,5.671875,-5.671875,-5.671875,1,-0,False
-,40,5,45,5,40,40,7,5.55859375,-5.55859375,-5.55859375,1,-3,False
-,40,6,46,6,40,40,0,5.609375,-5.609375,-5.609375,1,-6,False
-,40,7,47,7,40,40,3,5.5703125,-5.5703125,-5.5703125,1,-5,False
-,40,8,48,8,40,40,2,5.9375,-5.9375,-5.9375,1,-5,False
-,40,9,49,9,40,40,4,5.64453125,-5.64453125,-5.64453125,1,-1,False
-,40,10,50,10,40,40,24,5.8203125,-5.8203125,-5.8203125,1,-3,False
-,40,11,51,11,40,40,3,5.68359375,-5.68359375,-5.68359375,1,-3,False
-,40,12,52,12,40,40,7,5.671875,-5.671875,-5.671875,1,-2,False
-,40,13,53,13,40,40,0,5.39453125,-5.39453125,-5.39453125,1,-3,False
-,40,14,54,14,40,40,0,5.5703125,-5.5703125,-5.5703125,1,-6,False
-,40,15,55,15,40,40,2,5.6640625,-5.6640625,-5.6640625,1,-5,False
-,40,16,56,16,40,40,0,5.828125,-5.828125,-5.828125,1,-3,False
-,40,17,57,17,40,40,0,5.9140625,-5.9140625,-5.9140625,1,-2,False
-,40,18,58,18,40,40,0,5.03125,-5.03125,-5.03125,1,-2,False
-,40,19,59,19,40,40,1,5.83203125,-5.83203125,-5.83203125,1,-3,False
-,40,20,60,20,40,40,12,5.03515625,-5.03515625,-5.03515625,1,-5,False
-,40,21,61,21,40,40,0,6.18359375,-6.18359375,-6.18359375,1,-2,False
-,40,22,62,22,40,40,0,5.10546875,-5.10546875,-5.10546875,1,-6,False
-,40,23,63,23,40,40,0,5.53515625,-5.53515625,-5.53515625,1,-6,False
-,40,24,64,24,40,40,6,5.67578125,-5.67578125,-5.67578125,1,-2,False
-,40,25,65,25,40,40,2,5.61328125,-5.61328125,-5.61328125,1,-5,False
-,40,26,66,26,40,40,0,5.68359375,-5.68359375,-5.68359375,1,-2,False
-,40,27,67,27,40,40,0,5.921875,-5.921875,-5.921875,1,-1,False
-,40,28,68,28,40,40,0,5.87109375,-5.87109375,-5.87109375,1,-6,False
-,40,29,69,29,40,40,0,6.07421875,-6.07421875,-6.07421875,1,-0,False
-,40,30,70,30,40,40,5,5.27734375,-5.27734375,-5.27734375,1,-6,False
-,40,31,71,31,40,40,0,6.0859375,-6.0859375,-6.0859375,1,-1,False
-,40,32,72,32,40,40,1,5.21875,-5.21875,-5.21875,1,-6,False
-,40,33,73,33,40,40,0,5.69140625,-5.69140625,-5.69140625,1,-6,False
-,40,34,74,34,40,40,0,5.90625,-5.90625,-5.90625,1,-3,False
-,40,35,75,35,40,40,1,4.90625,-4.90625,-4.90625,1,-6,False
-,40,36,76,36,40,40,3,5.734375,-5.734375,-5.734375,1,-3,False
-,40,37,77,37,40,40,0,5.73828125,-5.73828125,-5.73828125,1,-2,False
-,40,38,78,38,40,40,0,5.1015625,-5.1015625,-5.1015625,1,-74,False
-,40,39,79,39,40,40,0,5.85546875,-5.85546875,-5.85546875,1,-3,False
-,40,40,80,40,40,40,5,5.23046875,-5.23046875,-5.23046875,1,-2,False
-,40,41,81,41,40,40,0,5.78515625,-5.78515625,-5.78515625,1,-1,False
-,40,42,82,42,40,40,0,5.91015625,-5.91015625,-5.91015625,1,-6,False
-,40,43,83,43,40,40,0,5.77734375,-5.77734375,-5.77734375,1,-2,False
-,40,44,84,44,40,40,1,5.8046875,-5.8046875,-5.8046875,1,-3,False
-,40,45,85,45,40,40,3,5.88671875,-5.88671875,-5.88671875,1,-2,False
-,40,46,86,46,40,40,0,5.828125,-5.828125,-5.828125,1,-3,False
-,40,47,87,47,40,40,0,5.5546875,-5.5546875,-5.5546875,1,-2,False
-,40,48,88,48,40,40,0,5.50390625,-5.50390625,-5.50390625,1,-2,False
-,40,49,89,49,40,40,0,5.58984375,-5.58984375,-5.58984375,1,-6,False
-,40,50,90,50,40,40,4,4.9921875,-4.9921875,-4.9921875,1,-0,False
-,40,51,91,51,40,40,0,5.91015625,-5.91015625,-5.91015625,1,-1,False
-,40,52,92,52,40,40,0,5.65234375,-5.65234375,-5.65234375,1,-2,False
-,40,53,93,53,40,40,0,5.546875,-5.546875,-5.546875,1,-3,False
-,40,54,94,54,40,40,0,5.59765625,-5.59765625,-5.59765625,1,-1,False
-,40,55,95,55,40,40,0,4.90234375,-4.90234375,-4.90234375,1,-1,False
-,40,56,96,56,40,40,0,5.140625,-5.140625,-5.140625,1,-2,False
-,40,57,97,57,40,40,0,5.09765625,-5.09765625,-5.09765625,1,-2,False
-,40,58,98,58,40,40,0,4.921875,-4.921875,-4.921875,1,-3,False
-,40,59,99,59,40,40,1,5.953125,-5.953125,-5.953125,1,-5,False
-,40,60,100,60,40,40,13,5.2890625,-5.2890625,-5.2890625,1,-6,False
-,40,61,101,61,40,40,0,5.38671875,-5.38671875,-5.38671875,1,-6,False
-,40,62,102,62,40,40,0,5.421875,-5.421875,-5.421875,1,-6,False
-,40,63,103,63,40,40,0,4.94921875,-4.94921875,-4.94921875,1,-1,False
-,40,64,104,64,40,40,1,4.75,-4.75,-4.75,1,-1,False
-,40,65,105,65,40,40,1,5.046875,-5.046875,-5.046875,1,-5,False
-,40,66,106,66,40,40,0,4.90625,-4.90625,-4.90625,1,-6,False
-,40,67,107,67,40,40,0,5.7890625,-5.7890625,-5.7890625,1,-1,False
-,40,68,108,68,40,40,0,4.8671875,-4.8671875,-4.8671875,1,-3,False
-,40,69,109,69,40,40,0,5.72265625,-5.72265625,-5.72265625,1,-1,False
-,40,70,110,70,40,40,1,4.96484375,-4.96484375,-4.96484375,1,-2,False
-,40,71,111,71,40,40,0,5.703125,-5.703125,-5.703125,1,-3,False
-,40,72,112,72,40,40,0,4.62109375,-4.62109375,-4.62109375,1,-2,False
-,40,73,113,73,40,40,0,4.9921875,-4.9921875,-4.9921875,1,-2,False
-,40,74,114,74,40,40,0,4.83203125,-4.83203125,-4.83203125,1,-2,False
-,40,75,115,75,40,40,0,5.5703125,-5.5703125,-5.5703125,1,-2,False
-,40,76,116,76,40,40,0,4.9765625,-4.9765625,-4.9765625,1,-6,False
-,40,77,117,77,40,40,0,5.4140625,-5.4140625,-5.4140625,1,-6,False
-,40,78,118,78,40,40,0,4.96875,-4.96875,-4.96875,1,-3,False
-,40,79,119,79,40,40,0,5.546875,-5.546875,-5.546875,1,-2,False
-,40,80,120,80,40,40,4,5.03125,-5.03125,-5.03125,1,-70,False
-,40,81,121,81,40,40,1,4.81640625,-4.81640625,-4.81640625,1,-3,False
-,40,82,122,82,40,40,0,5.6796875,-5.6796875,-5.6796875,1,-6,False
-,40,83,123,83,40,40,0,5.6015625,-5.6015625,-5.6015625,1,-2,False
-,40,84,124,84,40,40,0,5.296875,-5.296875,-5.296875,1,-6,False
-,40,85,125,85,40,40,0,5.27734375,-5.27734375,-5.27734375,1,-6,False
-,40,86,126,86,40,40,0,5.32421875,-5.32421875,-5.32421875,1,-6,False
-,40,87,127,87,40,40,0,5.19921875,-5.19921875,-5.19921875,1,-70,False
-,40,88,128,88,40,40,0,5.79296875,-5.79296875,-5.79296875,1,-88,False
-,40,89,129,89,40,40,0,5.37890625,-5.37890625,-5.37890625,1,-2,False
-,40,90,130,90,40,40,1,4.95703125,-4.95703125,-4.95703125,1,-60,False
-,40,91,131,91,40,40,0,5.51953125,-5.51953125,-5.51953125,1,-2,False
-,40,92,132,92,40,40,0,5.328125,-5.328125,-5.328125,1,-70,False
-,40,93,133,93,40,40,0,5.12109375,-5.12109375,-5.12109375,1,-1,False
-,40,94,134,94,40,40,0,5.68359375,-5.68359375,-5.68359375,1,-69,False
-,40,95,135,95,40,40,1,5.4921875,-5.4921875,-5.4921875,1,-2,False
-,40,96,136,96,40,40,0,5.4296875,-5.4296875,-5.4296875,1,-0,False
-,40,97,137,97,40,40,0,5.07421875,-5.07421875,-5.07421875,1,-0,False
-,40,98,138,98,40,40,0,5.2734375,-5.2734375,-5.2734375,1,-2,False
-,40,99,139,99,40,40,0,5.078125,-5.078125,-5.078125,1,-2,False
-,40,100,140,100,40,40,2,5.0859375,-5.0859375,-5.0859375,1,-1,False
-,41,1,42,1,41,41,1,5.625,-5.625,-5.625,1,-2,False
-,41,2,43,2,41,41,1,5.60546875,-5.60546875,-5.60546875,1,-2,False
-,41,3,44,3,41,41,1,5.48046875,-5.48046875,-5.48046875,1,-0,False
-,41,4,45,4,41,41,5,5.54296875,-5.54296875,-5.54296875,1,-0,False
-,41,5,46,5,41,41,5,5.6015625,-5.6015625,-5.6015625,1,-5,False
-,41,6,47,6,41,41,0,5.59765625,-5.59765625,-5.59765625,1,-6,False
-,41,7,48,7,41,41,0,5.7734375,-5.7734375,-5.7734375,1,-3,False
-,41,8,49,8,41,41,2,5.890625,-5.890625,-5.890625,1,-3,False
-,41,9,50,9,41,41,0,4.88671875,-4.88671875,-4.88671875,1,-1,False
-,41,10,51,10,41,41,3,5.7578125,-5.7578125,-5.7578125,1,-6,False
-,41,11,52,11,41,41,0,5.640625,-5.640625,-5.640625,1,-3,False
-,41,12,53,12,41,41,0,5.48828125,-5.48828125,-5.48828125,1,-2,False
-,41,13,54,13,41,41,0,5.5078125,-5.5078125,-5.5078125,1,-2,False
-,41,14,55,14,41,41,1,5.6171875,-5.6171875,-5.6171875,1,-6,False
-,41,15,56,15,41,41,1,5.75,-5.75,-5.75,1,-6,False
-,41,16,57,16,41,41,2,4.8125,-4.8125,-4.8125,1,-3,False
-,41,17,58,17,41,41,1,5.88671875,-5.88671875,-5.88671875,1,-2,False
-,41,18,59,18,41,41,0,4.89453125,-4.89453125,-4.89453125,1,-2,False
-,41,19,60,19,41,41,3,4.87890625,-4.87890625,-4.87890625,1,-6,False
-,41,20,61,20,41,41,2,5.2265625,-5.2265625,-5.2265625,1,-2,False
-,41,21,62,21,41,41,0,5.18359375,-5.18359375,-5.18359375,1,-2,False
-,41,22,63,22,41,41,0,4.78515625,-4.78515625,-4.78515625,1,-1,False
-,41,23,64,23,41,41,2,5.66796875,-5.66796875,-5.66796875,1,-1,False
-,41,24,65,24,41,41,0,5.734375,-5.734375,-5.734375,1,-3,False
-,41,25,66,25,41,41,0,5.70703125,-5.70703125,-5.70703125,1,-3,False
-,41,26,67,26,41,41,0,5.671875,-5.671875,-5.671875,1,-2,False
-,41,27,68,27,41,41,0,5.5703125,-5.5703125,-5.5703125,1,-2,False
-,41,28,69,28,41,41,0,5.1171875,-5.1171875,-5.1171875,1,-3,False
-,41,29,70,29,41,41,0,5.0,-5.0,-5.0,1,-0,False
-,41,30,71,30,41,41,0,5.2265625,-5.2265625,-5.2265625,1,-6,False
-,41,31,72,31,41,41,0,5.15234375,-5.15234375,-5.15234375,1,-2,False
-,41,32,73,32,41,41,0,5.25,-5.25,-5.25,1,-0,False
-,41,33,74,33,41,41,0,5.61328125,-5.61328125,-5.61328125,1,-6,False
-,41,34,75,34,41,41,2,5.83203125,-5.83203125,-5.83203125,1,-6,False
-,41,35,76,35,41,41,1,5.00390625,-5.00390625,-5.00390625,1,-6,False
-,41,36,77,36,41,41,0,4.60546875,-4.60546875,-4.60546875,1,-6,False
-,41,37,78,37,41,41,0,5.80859375,-5.80859375,-5.80859375,1,-2,False
-,41,38,79,38,41,41,0,5.14453125,-5.14453125,-5.14453125,1,-0,False
-,41,39,80,39,41,41,0,4.98046875,-4.98046875,-4.98046875,1,-6,False
-,41,40,81,40,41,41,2,5.22265625,-5.22265625,-5.22265625,1,-6,False
-,41,41,82,41,41,41,1,5.734375,-5.734375,-5.734375,1,-1,False
-,41,42,83,42,41,41,0,5.96875,-5.96875,-5.96875,1,-2,False
-,41,43,84,43,41,41,0,5.7890625,-5.7890625,-5.7890625,1,-3,False
-,41,44,85,44,41,41,0,4.8203125,-4.8203125,-4.8203125,1,-6,False
-,41,45,86,45,41,41,0,5.05078125,-5.05078125,-5.05078125,1,-6,False
-,41,46,87,46,41,41,0,4.83984375,-4.83984375,-4.83984375,1,-2,False
-,41,47,88,47,41,41,0,5.46875,-5.46875,-5.46875,1,-2,False
-,41,48,89,48,41,41,0,4.75390625,-4.75390625,-4.75390625,1,-3,False
-,41,49,90,49,41,41,1,5.3984375,-5.3984375,-5.3984375,1,-0,False
-,41,50,91,50,41,41,1,5.02734375,-5.02734375,-5.02734375,1,-2,False
-,41,51,92,51,41,41,1,4.94921875,-4.94921875,-4.94921875,1,-1,False
-,41,52,93,52,41,41,0,5.59375,-5.59375,-5.59375,1,-2,False
-,41,53,94,53,41,41,0,5.47265625,-5.47265625,-5.47265625,1,-3,False
-,41,54,95,54,41,41,0,5.77734375,-5.77734375,-5.77734375,1,-6,False
-,41,55,96,55,41,41,0,4.87109375,-4.87109375,-4.87109375,1,-6,False
-,41,56,97,56,41,41,0,5.13671875,-5.13671875,-5.13671875,1,-2,False
-,41,57,98,57,41,41,0,5.1015625,-5.1015625,-5.1015625,1,-1,False
-,41,58,99,58,41,41,0,5.0,-5.0,-5.0,1,-2,False
-,41,59,100,59,41,41,0,4.99609375,-4.99609375,-4.99609375,1,-2,False
-,41,60,101,60,41,41,0,5.4140625,-5.4140625,-5.4140625,1,-6,False
-,41,61,102,61,41,41,0,5.54296875,-5.54296875,-5.54296875,1,-6,False
-,41,62,103,62,41,41,1,5.296875,-5.296875,-5.296875,1,-6,False
-,41,63,104,63,41,41,0,5.046875,-5.046875,-5.046875,1,-1,False
-,41,64,105,64,41,41,0,4.8125,-4.8125,-4.8125,1,-1,False
-,41,65,106,65,41,41,0,4.98046875,-4.98046875,-4.98046875,1,-6,False
-,41,66,107,66,41,41,0,4.95703125,-4.95703125,-4.95703125,1,-6,False
-,41,67,108,67,41,41,0,5.703125,-5.703125,-5.703125,1,-2,False
-,41,68,109,68,41,41,1,4.8125,-4.8125,-4.8125,1,-6,False
-,41,69,110,69,41,41,0,5.71484375,-5.71484375,-5.71484375,1,-2,False
-,41,70,111,70,41,41,0,5.26171875,-5.26171875,-5.26171875,1,-73,False
-,41,71,112,71,41,41,0,5.67578125,-5.67578125,-5.67578125,1,-6,False
-,41,72,113,72,41,41,0,5.46875,-5.46875,-5.46875,1,-6,False
-,41,73,114,73,41,41,0,5.15625,-5.15625,-5.15625,1,-2,False
-,41,74,115,74,41,41,0,5.69921875,-5.69921875,-5.69921875,1,-2,False
-,41,75,116,75,41,41,0,4.890625,-4.890625,-4.890625,1,-1,False
-,41,76,117,76,41,41,0,5.65625,-5.65625,-5.65625,1,-1,False
-,41,77,118,77,41,41,0,5.65234375,-5.65234375,-5.65234375,1,-5,False
-,41,78,119,78,41,41,0,4.8359375,-4.8359375,-4.8359375,1,-3,False
-,41,79,120,79,41,41,0,4.8515625,-4.8515625,-4.8515625,1,-69,False
-,41,80,121,80,41,41,0,5.03125,-5.03125,-5.03125,1,-6,False
-,41,81,122,81,41,41,0,4.77734375,-4.77734375,-4.77734375,1,-6,False
-,41,82,123,82,41,41,0,5.6640625,-5.6640625,-5.6640625,1,-6,False
-,41,83,124,83,41,41,0,5.828125,-5.828125,-5.828125,1,-2,False
-,41,84,125,84,41,41,0,5.13671875,-5.13671875,-5.13671875,1,-3,False
-,41,85,126,85,41,41,0,5.2890625,-5.2890625,-5.2890625,1,-70,False
-,41,86,127,86,41,41,0,4.81640625,-4.81640625,-4.81640625,1,-60,False
-,41,87,128,87,41,41,0,4.9765625,-4.9765625,-4.9765625,1,-1,False
-,41,88,129,88,41,41,0,5.4765625,-5.4765625,-5.4765625,1,-1,False
-,41,89,130,89,41,41,0,5.33203125,-5.33203125,-5.33203125,1,-69,False
-,41,90,131,90,41,41,0,5.07421875,-5.07421875,-5.07421875,1,-60,False
-,41,91,132,91,41,41,0,5.40625,-5.40625,-5.40625,1,-2,False
-,41,92,133,92,41,41,0,5.24609375,-5.24609375,-5.24609375,1,-6,False
-,41,93,134,93,41,41,0,5.09375,-5.09375,-5.09375,1,-2,False
-,41,94,135,94,41,41,0,4.734375,-4.734375,-4.734375,1,-0,False
-,41,95,136,95,41,41,0,5.609375,-5.609375,-5.609375,1,-0,False
-,41,96,137,96,41,41,0,5.48828125,-5.48828125,-5.48828125,1,-6,False
-,41,97,138,97,41,41,0,4.97265625,-4.97265625,-4.97265625,1,"-
139 - 97 =",False
-,41,98,139,98,41,41,0,5.5078125,-5.5078125,-5.5078125,1,-0,False
-,41,99,140,99,41,41,0,4.99609375,-4.99609375,-4.99609375,1,-2,False
-,41,100,141,100,41,41,2,5.234375,-5.234375,-5.234375,1,-6,False
-,42,1,43,1,42,42,0,5.6015625,-5.6015625,-5.6015625,1,-2,False
-,42,2,44,2,42,42,1,5.59765625,-5.59765625,-5.59765625,1,-2,False
-,42,3,45,3,42,42,9,5.359375,-5.359375,-5.359375,1,-0,False
-,42,4,46,4,42,42,2,5.63671875,-5.63671875,-5.63671875,1,-2,False
-,42,5,47,5,42,42,0,5.54296875,-5.54296875,-5.54296875,1,-5,False
-,42,6,48,6,42,42,4,5.67578125,-5.67578125,-5.67578125,1,-6,False
-,42,7,49,7,42,42,1,5.66015625,-5.66015625,-5.66015625,1,-2,False
-,42,8,50,8,42,42,3,4.94140625,-4.94140625,-4.94140625,1,-3,False
-,42,9,51,9,42,42,2,5.703125,-5.703125,-5.703125,1,-1,False
-,42,10,52,10,42,42,5,4.76953125,-4.76953125,-4.76953125,1,-6,False
-,42,11,53,11,42,42,0,5.34375,-5.34375,-5.34375,1,-2,False
-,42,12,54,12,42,42,3,5.5546875,-5.5546875,-5.5546875,1,-2,False
-,42,13,55,13,42,42,3,5.58203125,-5.58203125,-5.58203125,1,-3,False
-,42,14,56,14,42,42,3,5.6953125,-5.6953125,-5.6953125,1,-1,False
-,42,15,57,15,42,42,0,4.80859375,-4.80859375,-4.80859375,1,-3,False
-,42,16,58,16,42,42,1,4.953125,-4.953125,-4.953125,1,-5,False
-,42,17,59,17,42,42,0,5.8828125,-5.8828125,-5.8828125,1,-1,False
-,42,18,60,18,42,42,6,4.8828125,-4.8828125,-4.8828125,1,-2,False
-,42,19,61,19,42,42,1,4.9765625,-4.9765625,-4.9765625,1,-2,False
-,42,20,62,20,42,42,0,5.17578125,-5.17578125,-5.17578125,1,-6,False
-,42,21,63,21,42,42,1,5.73828125,-5.73828125,-5.73828125,1,-5,False
-,42,22,64,22,42,42,2,4.875,-4.875,-4.875,1,-2,False
-,42,23,65,23,42,42,1,4.73046875,-4.73046875,-4.73046875,1,-2,False
-,42,24,66,24,42,42,1,5.73046875,-5.73046875,-5.73046875,1,-2,False
-,42,25,67,25,42,42,0,5.6015625,-5.6015625,-5.6015625,1,-0,False
-,42,26,68,26,42,42,0,5.4765625,-5.4765625,-5.4765625,1,-2,False
-,42,27,69,27,42,42,16,4.8671875,-4.8671875,-4.8671875,1,-2,False
-,42,28,70,28,42,42,1,4.9296875,-4.9296875,-4.9296875,1,-6,False
-,42,29,71,29,42,42,3,4.9453125,-4.9453125,-4.9453125,1,-0,False
-,42,30,72,30,42,42,4,5.3203125,-5.3203125,-5.3203125,1,-6,False
-,42,31,73,31,42,42,1,5.12109375,-5.12109375,-5.12109375,1,-1,False
-,42,32,74,32,42,42,0,5.12109375,-5.12109375,-5.12109375,1,-6,False
-,42,33,75,33,42,42,1,5.57421875,-5.57421875,-5.57421875,1,-0,False
-,42,34,76,34,42,42,0,4.87890625,-4.87890625,-4.87890625,1,-6,False
-,42,35,77,35,42,42,0,4.80078125,-4.80078125,-4.80078125,1,-6,False
-,42,36,78,36,42,42,2,4.8046875,-4.8046875,-4.8046875,1,-3,False
-,42,37,79,37,42,42,0,5.76953125,-5.76953125,-5.76953125,1,-2,False
-,42,38,80,38,42,42,0,5.07421875,-5.07421875,-5.07421875,1,-0,False
-,42,39,81,39,42,42,0,5.81640625,-5.81640625,-5.81640625,1,-3,False
-,42,40,82,40,42,42,0,5.125,-5.125,-5.125,1,-5,False
-,42,41,83,41,42,42,1,5.78515625,-5.78515625,-5.78515625,1,-3,False
-,42,42,84,42,42,42,1,5.05078125,-5.05078125,-5.05078125,1,-2,False
-,42,43,85,43,42,42,0,5.66796875,-5.66796875,-5.66796875,1,-4,False
-,42,44,86,44,42,42,0,4.91015625,-4.91015625,-4.91015625,1,-6,False
-,42,45,87,45,42,42,0,5.02734375,-5.02734375,-5.02734375,1,-6,False
-,42,46,88,46,42,42,0,4.71875,-4.71875,-4.71875,1,-1,False
-,42,47,89,47,42,42,1,4.671875,-4.671875,-4.671875,1,-5,False
-,42,48,90,48,42,42,2,5.28515625,-5.28515625,-5.28515625,1,-3,False
-,42,49,91,49,42,42,0,5.47265625,-5.47265625,-5.47265625,1,-2,False
-,42,50,92,50,42,42,0,5.08203125,-5.08203125,-5.08203125,1,-2,False
-,42,51,93,51,42,42,0,4.90234375,-4.90234375,-4.90234375,1,-1,False
-,42,52,94,52,42,42,0,5.43359375,-5.43359375,-5.43359375,1,-2,False
-,42,53,95,53,42,42,0,4.59765625,-4.59765625,-4.59765625,1,-2,False
-,42,54,96,54,42,42,0,4.74609375,-4.74609375,-4.74609375,1,-1,False
-,42,55,97,55,42,42,0,4.875,-4.875,-4.875,1,-6,False
-,42,56,98,56,42,42,0,5.03515625,-5.03515625,-5.03515625,1,-2,False
-,42,57,99,57,42,42,0,4.94921875,-4.94921875,-4.94921875,1,-2,False
-,42,58,100,58,42,42,1,4.8984375,-4.8984375,-4.8984375,1,-2,False
-,42,59,101,59,42,42,0,4.95703125,-4.95703125,-4.95703125,1,-2,False
-,42,60,102,60,42,42,0,4.5390625,-4.5390625,-4.5390625,1,-6,False
-,42,61,103,61,42,42,0,5.44140625,-5.44140625,-5.44140625,1,-0,False
-,42,62,104,62,42,42,0,5.28515625,-5.28515625,-5.28515625,1,-6,False
-,42,63,105,63,42,42,0,5.0546875,-5.0546875,-5.0546875,1,-1,False
-,42,64,106,64,42,42,0,4.9765625,-4.9765625,-4.9765625,1,-2,False
-,42,65,107,65,42,42,0,4.984375,-4.984375,-4.984375,1,-6,False
-,42,66,108,66,42,42,1,4.86328125,-4.86328125,-4.86328125,1,-1,False
-,42,67,109,67,42,42,0,4.8125,-4.8125,-4.8125,1,-0,False
-,42,68,110,68,42,42,0,4.90625,-4.90625,-4.90625,1,-2,False
-,42,69,111,69,42,42,0,4.78125,-4.78125,-4.78125,1,-1,False
-,42,70,112,70,42,42,0,5.28125,-5.28125,-5.28125,1,-2,False
-,42,71,113,71,42,42,0,5.52734375,-5.52734375,-5.52734375,1,-0,False
-,42,72,114,72,42,42,0,4.6953125,-4.6953125,-4.6953125,1,-6,False
-,42,73,115,73,42,42,1,4.87109375,-4.87109375,-4.87109375,1,-1,False
-,42,74,116,74,42,42,0,5.00390625,-5.00390625,-5.00390625,1,-69,False
-,42,75,117,75,42,42,0,4.69140625,-4.69140625,-4.69140625,1,-2,False
-,42,76,118,76,42,42,0,4.890625,-4.890625,-4.890625,1,-6,False
-,42,77,119,77,42,42,0,5.49609375,-5.49609375,-5.49609375,1,-2,False
-,42,78,120,78,42,42,0,5.0625,-5.0625,-5.0625,1,-6,False
-,42,79,121,79,42,42,0,4.9375,-4.9375,-4.9375,1,-6,False
-,42,80,122,80,42,42,0,4.94140625,-4.94140625,-4.94140625,1,-6,False
-,42,81,123,81,42,42,0,4.73046875,-4.73046875,-4.73046875,1,-6,False
-,42,82,124,82,42,42,0,4.6328125,-4.6328125,-4.6328125,1,-5,False
-,42,83,125,83,42,42,0,4.54296875,-4.54296875,-4.54296875,1,-2,False
-,42,84,126,84,42,42,0,5.30859375,-5.30859375,-5.30859375,1,-3,False
-,42,85,127,85,42,42,0,4.765625,-4.765625,-4.765625,1,-70,False
-,42,86,128,86,42,42,1,4.359375,-4.359375,-4.359375,1,- - - - - -,False
-,42,87,129,87,42,42,0,4.33984375,-4.33984375,-4.33984375,1,-3,False
-,42,88,130,88,42,42,0,5.1171875,-5.1171875,-5.1171875,1,-6,False
-,42,89,131,89,42,42,0,5.29296875,-5.29296875,-5.29296875,1,-2,False
-,42,90,132,90,42,42,0,4.99609375,-4.99609375,-4.99609375,1,-60,False
-,42,91,133,91,42,42,0,4.36328125,-4.36328125,-4.36328125,1,-1,False
-,42,92,134,92,42,42,0,4.24609375,-4.24609375,-4.24609375,1,-70,False
-,42,93,135,93,42,42,0,5.1796875,-5.1796875,-5.1796875,1,-3,False
-,42,94,136,94,42,42,0,4.8671875,-4.8671875,-4.8671875,1,-69,False
-,42,95,137,95,42,42,0,4.453125,-4.453125,-4.453125,1,-2,False
-,42,96,138,96,42,42,0,4.45703125,-4.45703125,-4.45703125,1,-6,False
-,42,97,139,97,42,42,0,5.15234375,-5.15234375,-5.15234375,1,-0,False
-,42,98,140,98,42,42,1,4.421875,-4.421875,-4.421875,1,-0,False
-,42,99,141,99,42,42,0,5.19140625,-5.19140625,-5.19140625,1,-3,False
-,42,100,142,100,42,42,2,5.08984375,-5.08984375,-5.08984375,1,-1,False
-,43,1,44,1,43,43,2,4.59765625,-4.59765625,-4.59765625,1,-0,False
-,43,2,45,2,43,43,4,5.39453125,-5.39453125,-5.39453125,1,-2,False
-,43,3,46,3,43,43,0,4.515625,-4.515625,-4.515625,1,-3,False
-,43,4,47,4,43,43,0,4.578125,-4.578125,-4.578125,1,-0,False
-,43,5,48,5,43,43,0,4.7109375,-4.7109375,-4.7109375,1,-3,False
-,43,6,49,6,43,43,3,4.578125,-4.578125,-4.578125,1,-5,False
-,43,7,50,7,43,43,5,4.8359375,-4.8359375,-4.8359375,1,-2,False
-,43,8,51,8,43,43,1,4.9375,-4.9375,-4.9375,1,-2,False
-,43,9,52,9,43,43,0,4.7734375,-4.7734375,-4.7734375,1,-2,False
-,43,10,53,10,43,43,0,4.60546875,-4.60546875,-4.60546875,1,-5,False
-,43,11,54,11,43,43,0,5.50390625,-5.50390625,-5.50390625,1,-2,False
-,43,12,55,12,43,43,0,5.625,-5.625,-5.625,1,-2,False
-,43,13,56,13,43,43,0,4.60546875,-4.60546875,-4.60546875,1,-3,False
-,43,14,57,14,43,43,0,4.81640625,-4.81640625,-4.81640625,1,-6,False
-,43,15,58,15,43,43,0,4.78125,-4.78125,-4.78125,1,-3,False
-,43,16,59,16,43,43,0,4.796875,-4.796875,-4.796875,1,-3,False
-,43,17,60,17,43,43,3,4.83984375,-4.83984375,-4.83984375,1,-1,False
-,43,18,61,18,43,43,0,5.22265625,-5.22265625,-5.22265625,1,-6,False
-,43,19,62,19,43,43,0,4.98828125,-4.98828125,-4.98828125,1,-3,False
-,43,20,63,20,43,43,2,4.9375,-4.9375,-4.9375,1,-5,False
-,43,21,64,21,43,43,4,4.8984375,-4.8984375,-4.8984375,1,-6,False
-,43,22,65,22,43,43,0,4.859375,-4.859375,-4.859375,1,-1,False
-,43,23,66,23,43,43,0,4.6796875,-4.6796875,-4.6796875,1,-1,False
-,43,24,67,24,43,43,0,4.79296875,-4.79296875,-4.79296875,1,-3,False
-,43,25,68,25,43,43,1,5.36328125,-5.36328125,-5.36328125,1,-2,False
-,43,26,69,26,43,43,1,4.65625,-4.65625,-4.65625,1,-2,False
-,43,27,70,27,43,43,0,4.8359375,-4.8359375,-4.8359375,1,-3,False
-,43,28,71,28,43,43,2,4.95703125,-4.95703125,-4.95703125,1,-3,False
-,43,29,72,29,43,43,0,5.02734375,-5.02734375,-5.02734375,1,-1,False
-,43,30,73,30,43,43,0,5.30859375,-5.30859375,-5.30859375,1,-6,False
-,43,31,74,31,43,43,0,4.9765625,-4.9765625,-4.9765625,1,-2,False
-,43,32,75,32,43,43,0,5.1171875,-5.1171875,-5.1171875,1,-1,False
-,43,33,76,33,43,43,0,4.609375,-4.609375,-4.609375,1,-2,False
-,43,34,77,34,43,43,0,4.8203125,-4.8203125,-4.8203125,1,-3,False
-,43,35,78,35,43,43,0,5.00390625,-5.00390625,-5.00390625,1,-6,False
-,43,36,79,36,43,43,0,4.7421875,-4.7421875,-4.7421875,1,-2,False
-,43,37,80,37,43,43,0,4.80078125,-4.80078125,-4.80078125,1,-2,False
-,43,38,81,38,43,43,0,5.0390625,-5.0390625,-5.0390625,1,-0,False
-,43,39,82,39,43,43,1,4.765625,-4.765625,-4.765625,1,-2,False
-,43,40,83,40,43,43,0,5.1796875,-5.1796875,-5.1796875,1,-6,False
-,43,41,84,41,43,43,0,4.88671875,-4.88671875,-4.88671875,1,-2,False
-,43,42,85,42,43,43,0,4.875,-4.875,-4.875,1,-2,False
-,43,43,86,43,43,43,0,4.8828125,-4.8828125,-4.8828125,1,-6,False
-,43,44,87,44,43,43,0,4.9140625,-4.9140625,-4.9140625,1,-3,False
-,43,45,88,45,43,43,0,4.9453125,-4.9453125,-4.9453125,1,-5,False
-,43,46,89,46,43,43,0,4.875,-4.875,-4.875,1,-1,False
-,43,47,90,47,43,43,1,4.421875,-4.421875,-4.421875,1,-3,False
-,43,48,91,48,43,43,0,4.55078125,-4.55078125,-4.55078125,1,-2,False
-,43,49,92,49,43,43,0,5.34765625,-5.34765625,-5.34765625,1,-1,False
-,43,50,93,50,43,43,0,5.07421875,-5.07421875,-5.07421875,1,-5,False
-,43,51,94,51,43,43,0,4.8203125,-4.8203125,-4.8203125,1,-1,False
-,43,52,95,52,43,43,0,4.64453125,-4.64453125,-4.64453125,1,-0,False
-,43,53,96,53,43,43,0,4.5546875,-4.5546875,-4.5546875,1,-2,False
-,43,54,97,54,43,43,0,4.67578125,-4.67578125,-4.67578125,1,-6,False
-,43,55,98,55,43,43,0,4.7421875,-4.7421875,-4.7421875,1,-6,False
-,43,56,99,56,43,43,0,5.0546875,-5.0546875,-5.0546875,1,-3,False
-,43,57,100,57,43,43,0,4.96484375,-4.96484375,-4.96484375,1,-2,False
-,43,58,101,58,43,43,0,4.94921875,-4.94921875,-4.94921875,1,-2,False
-,43,59,102,59,43,43,0,5.2578125,-5.2578125,-5.2578125,1,-2,False
-,43,60,103,60,43,43,0,4.4609375,-4.4609375,-4.4609375,1,-6,False
-,43,61,104,61,43,43,0,5.45703125,-5.45703125,-5.45703125,1,-1,False
-,43,62,105,62,43,43,0,4.33984375,-4.33984375,-4.33984375,1,-6,False
-,43,63,106,63,43,43,0,4.97265625,-4.97265625,-4.97265625,1,-2,False
-,43,64,107,64,43,43,0,4.9609375,-4.9609375,-4.9609375,1,-2,False
-,43,65,108,65,43,43,0,4.90625,-4.90625,-4.90625,1,-6,False
-,43,66,109,66,43,43,0,4.91015625,-4.91015625,-4.91015625,1,-6,False
-,43,67,110,67,43,43,0,4.69921875,-4.69921875,-4.69921875,1,-2,False
-,43,68,111,68,43,43,0,4.8359375,-4.8359375,-4.8359375,1,-6,False
-,43,69,112,69,43,43,0,4.82421875,-4.82421875,-4.82421875,1,-1,False
-,43,70,113,70,43,43,0,5.0703125,-5.0703125,-5.0703125,1,-2,False
-,43,71,114,71,43,43,0,4.6796875,-4.6796875,-4.6796875,1,-1,False
-,43,72,115,72,43,43,0,4.34765625,-4.34765625,-4.34765625,1,-6,False
-,43,73,116,73,43,43,0,4.375,-4.375,-4.375,1,-69,False
-,43,74,117,74,43,43,0,4.70703125,-4.70703125,-4.70703125,1,-2,False
-,43,75,118,75,43,43,0,4.81640625,-4.81640625,-4.81640625,1,-2,False
-,43,76,119,76,43,43,0,4.5703125,-4.5703125,-4.5703125,1,-6,False
-,43,77,120,77,43,43,0,4.8359375,-4.8359375,-4.8359375,1,-6,False
-,43,78,121,78,43,43,0,5.1328125,-5.1328125,-5.1328125,1,-3,False
-,43,79,122,79,43,43,0,4.87890625,-4.87890625,-4.87890625,1,-6,False
-,43,80,123,80,43,43,0,4.9296875,-4.9296875,-4.9296875,1,-6,False
-,43,81,124,81,43,43,0,4.671875,-4.671875,-4.671875,1,-6,False
-,43,82,125,82,43,43,0,4.48046875,-4.48046875,-4.48046875,1,-6,False
-,43,83,126,83,43,43,0,4.734375,-4.734375,-4.734375,1,-2,False
-,43,84,127,84,43,43,0,4.6640625,-4.6640625,-4.6640625,1,-6,False
-,43,85,128,85,43,43,1,4.48828125,-4.48828125,-4.48828125,1,-70,False
-,43,86,129,86,43,43,0,4.703125,-4.703125,-4.703125,1,-6,False
-,43,87,130,87,43,43,1,5.02734375,-5.02734375,-5.02734375,1,-6,False
-,43,88,131,88,43,43,0,5.125,-5.125,-5.125,1,-2,False
-,43,89,132,89,43,43,0,5.17578125,-5.17578125,-5.17578125,1,-2,False
-,43,90,133,90,43,43,0,4.921875,-4.921875,-4.921875,1,-60,False
-,43,91,134,91,43,43,0,4.203125,-4.203125,-4.203125,1,-2,False
-,43,92,135,92,43,43,0,4.1953125,-4.1953125,-4.1953125,1,-69,False
-,43,93,136,93,43,43,0,4.34765625,-4.34765625,-4.34765625,1,-0,False
-,43,94,137,94,43,43,0,4.69140625,-4.69140625,-4.69140625,1,-69,False
-,43,95,138,95,43,43,0,4.48828125,-4.48828125,-4.48828125,1,-2,False
-,43,96,139,96,43,43,0,4.72265625,-4.72265625,-4.72265625,1,-6,False
-,43,97,140,97,43,43,0,5.0703125,-5.0703125,-5.0703125,1,-2,False
-,43,98,141,98,43,43,0,4.55859375,-4.55859375,-4.55859375,1,-0,False
-,43,99,142,99,43,43,0,5.14453125,-5.14453125,-5.14453125,1,-1,False
-,43,100,143,100,43,43,1,5.0703125,-5.0703125,-5.0703125,1,-1,False
-,44,1,45,1,44,44,4,5.37890625,-5.37890625,-5.37890625,1,-0,False
-,44,2,46,2,44,44,0,5.5234375,-5.5234375,-5.5234375,1,-2,False
-,44,3,47,3,44,44,0,5.41015625,-5.41015625,-5.41015625,1,-1,False
-,44,4,48,4,44,44,2,5.765625,-5.765625,-5.765625,1,-3,False
-,44,5,49,5,44,44,2,5.625,-5.625,-5.625,1,-2,False
-,44,6,50,6,44,44,6,5.828125,-5.828125,-5.828125,1,-3,False
-,44,7,51,7,44,44,0,5.7109375,-5.7109375,-5.7109375,1,-2,False
-,44,8,52,8,44,44,6,4.86328125,-4.86328125,-4.86328125,1,-3,False
-,44,9,53,9,44,44,2,5.58984375,-5.58984375,-5.58984375,1,-1,False
-,44,10,54,10,44,44,2,5.69921875,-5.69921875,-5.69921875,1,-6,False
-,44,11,55,11,44,44,1,5.671875,-5.671875,-5.671875,1,-2,False
-,44,12,56,12,44,44,1,5.7578125,-5.7578125,-5.7578125,1,-2,False
-,44,13,57,13,44,44,2,5.73828125,-5.73828125,-5.73828125,1,-3,False
-,44,14,58,14,44,44,0,5.83984375,-5.83984375,-5.83984375,1,-6,False
-,44,15,59,15,44,44,2,5.7265625,-5.7265625,-5.7265625,1,-5,False
-,44,16,60,16,44,44,1,5.828125,-5.828125,-5.828125,1,-3,False
-,44,17,61,17,44,44,0,6.01953125,-6.01953125,-6.01953125,1,-6,False
-,44,18,62,18,44,44,0,5.16015625,-5.16015625,-5.16015625,1,-1,False
-,44,19,63,19,44,44,0,5.6875,-5.6875,-5.6875,1,-6,False
-,44,20,64,20,44,44,3,5.0546875,-5.0546875,-5.0546875,1,-7,False
-,44,21,65,21,44,44,1,5.890625,-5.890625,-5.890625,1,-6,False
-,44,22,66,22,44,44,0,4.90625,-4.90625,-4.90625,1,-2,False
-,44,23,67,23,44,44,0,5.72265625,-5.72265625,-5.72265625,1,-1,False
-,44,24,68,24,44,44,1,5.4453125,-5.4453125,-5.4453125,1,-3,False
-,44,25,69,25,44,44,1,5.5703125,-5.5703125,-5.5703125,1,-1,False
-,44,26,70,26,44,44,1,5.59375,-5.59375,-5.59375,1,-3,False
-,44,27,71,27,44,44,0,5.75,-5.75,-5.75,1,-0,False
-,44,28,72,28,44,44,1,5.953125,-5.953125,-5.953125,1,-0,False
-,44,29,73,29,44,44,0,4.97265625,-4.97265625,-4.97265625,1,-1,False
-,44,30,74,30,44,44,0,5.203125,-5.203125,-5.203125,1,-6,False
-,44,31,75,31,44,44,0,5.94921875,-5.94921875,-5.94921875,1,-3,False
-,44,32,76,32,44,44,0,5.19140625,-5.19140625,-5.19140625,1,-1,False
-,44,33,77,33,44,44,0,5.52734375,-5.52734375,-5.52734375,1,-6,False
-,44,34,78,34,44,44,0,4.94140625,-4.94140625,-4.94140625,1,-6,False
-,44,35,79,35,44,44,2,4.99609375,-4.99609375,-4.99609375,1,-5,False
-,44,36,80,36,44,44,1,4.75,-4.75,-4.75,1,-6,False
-,44,37,81,37,44,44,0,5.75,-5.75,-5.75,1,-6,False
-,44,38,82,38,44,44,1,5.0390625,-5.0390625,-5.0390625,1,-74,False
-,44,39,83,39,44,44,0,5.86328125,-5.86328125,-5.86328125,1,-6,False
-,44,40,84,40,44,44,1,5.20703125,-5.20703125,-5.20703125,1,-6,False
-,44,41,85,41,44,44,1,5.71875,-5.71875,-5.71875,1,-5,False
-,44,42,86,42,44,44,1,5.109375,-5.109375,-5.109375,1,-2,False
-,44,43,87,43,44,44,0,4.875,-4.875,-4.875,1,-6,False
-,44,44,88,44,44,44,0,4.84375,-4.84375,-4.84375,1,-3,False
-,44,45,89,45,44,44,1,5.203125,-5.203125,-5.203125,1,-6,False
-,44,46,90,46,44,44,0,4.70703125,-4.70703125,-4.70703125,1,-5,False
-,44,47,91,47,44,44,1,5.49609375,-5.49609375,-5.49609375,1,-2,False
-,44,48,92,48,44,44,0,5.58203125,-5.58203125,-5.58203125,1,-3,False
-,44,49,93,49,44,44,0,5.4609375,-5.4609375,-5.4609375,1,-6,False
-,44,50,94,50,44,44,0,5.0234375,-5.0234375,-5.0234375,1,-2,False
-,44,51,95,51,44,44,0,4.96875,-4.96875,-4.96875,1,-3,False
-,44,52,96,52,44,44,0,5.59765625,-5.59765625,-5.59765625,1,-3,False
-,44,53,97,53,44,44,0,5.5625,-5.5625,-5.5625,1,-2,False
-,44,54,98,54,44,44,0,5.65234375,-5.65234375,-5.65234375,1,-6,False
-,44,55,99,55,44,44,1,5.70703125,-5.70703125,-5.70703125,1,-6,False
-,44,56,100,56,44,44,3,4.875,-4.875,-4.875,1,-2,False
-,44,57,101,57,44,44,0,4.9375,-4.9375,-4.9375,1,-2,False
-,44,58,102,58,44,44,0,5.04296875,-5.04296875,-5.04296875,1,-3,False
-,44,59,103,59,44,44,0,5.03515625,-5.03515625,-5.03515625,1,-2,False
-,44,60,104,60,44,44,0,5.5078125,-5.5078125,-5.5078125,1,-6,False
-,44,61,105,61,44,44,1,5.5546875,-5.5546875,-5.5546875,1,-6,False
-,44,62,106,62,44,44,0,5.26953125,-5.26953125,-5.26953125,1,-6,False
-,44,63,107,63,44,44,2,5.015625,-5.015625,-5.015625,1,-6,False
-,44,64,108,64,44,44,0,4.90234375,-4.90234375,-4.90234375,1,-2,False
-,44,65,109,65,44,44,0,4.9453125,-4.9453125,-4.9453125,1,-3,False
-,44,66,110,66,44,44,0,4.94921875,-4.94921875,-4.94921875,1,-6,False
-,44,67,111,67,44,44,0,5.81640625,-5.81640625,-5.81640625,1,-0,False
-,44,68,112,68,44,44,1,4.7890625,-4.7890625,-4.7890625,1,-70,False
-,44,69,113,69,44,44,0,5.58203125,-5.58203125,-5.58203125,1,-2,False
-,44,70,114,70,44,44,0,5.27734375,-5.27734375,-5.27734375,1,-2,False
-,44,71,115,71,44,44,0,5.54296875,-5.54296875,-5.54296875,1,-0,False
-,44,72,116,72,44,44,0,4.69140625,-4.69140625,-4.69140625,1,-2,False
-,44,73,117,73,44,44,0,5.0234375,-5.0234375,-5.0234375,1,-2,False
-,44,74,118,74,44,44,0,4.84765625,-4.84765625,-4.84765625,1,-2,False
-,44,75,119,75,44,44,0,4.62890625,-4.62890625,-4.62890625,1,-1,False
-,44,76,120,76,44,44,2,4.95703125,-4.95703125,-4.95703125,1,-1,False
-,44,77,121,77,44,44,0,4.8828125,-4.8828125,-4.8828125,1,-2,False
-,44,78,122,78,44,44,0,5.03125,-5.03125,-5.03125,1,-6,False
-,44,79,123,79,44,44,0,5.578125,-5.578125,-5.578125,1,-1,False
-,44,80,124,80,44,44,0,4.8984375,-4.8984375,-4.8984375,1,-6,False
-,44,81,125,81,44,44,0,5.57421875,-5.57421875,-5.57421875,1,-6,False
-,44,82,126,82,44,44,1,5.54296875,-5.54296875,-5.54296875,1,-6,False
-,44,83,127,83,44,44,0,5.10546875,-5.10546875,-5.10546875,1,-69,False
-,44,84,128,84,44,44,0,5.3515625,-5.3515625,-5.3515625,1,-2,False
-,44,85,129,85,44,44,0,4.68359375,-4.68359375,-4.68359375,1,-5,False
-,44,86,130,86,44,44,0,4.546875,-4.546875,-4.546875,1,-6,False
-,44,87,131,87,44,44,1,5.12890625,-5.12890625,-5.12890625,1,-2,False
-,44,88,132,88,44,44,0,5.171875,-5.171875,-5.171875,1,-2,False
-,44,89,133,89,44,44,0,5.08203125,-5.08203125,-5.08203125,1,-2,False
-,44,90,134,90,44,44,1,5.00390625,-5.00390625,-5.00390625,1,-70,False
-,44,91,135,91,44,44,0,5.6015625,-5.6015625,-5.6015625,1,-6,False
-,44,92,136,92,44,44,0,5.31640625,-5.31640625,-5.31640625,1,-70,False
-,44,93,137,93,44,44,0,5.078125,-5.078125,-5.078125,1,-0,False
-,44,94,138,94,44,44,0,4.78125,-4.78125,-4.78125,1,-69,False
-,44,95,139,95,44,44,1,4.87109375,-4.87109375,-4.87109375,1,-2,False
-,44,96,140,96,44,44,0,4.64453125,-4.64453125,-4.64453125,1,-69,False
-,44,97,141,97,44,44,0,5.30078125,-5.30078125,-5.30078125,1,-0,False
-,44,98,142,98,44,44,0,5.4765625,-5.4765625,-5.4765625,1,-0,False
-,44,99,143,99,44,44,0,5.10546875,-5.10546875,-5.10546875,1,-2,False
-,44,100,144,100,44,44,0,4.98828125,-4.98828125,-4.98828125,1,-6,False
-,45,1,46,1,45,45,3,5.609375,-5.609375,-5.609375,1,-0,False
-,45,2,47,2,45,45,0,5.5078125,-5.5078125,-5.5078125,1,-0,False
-,45,3,48,3,45,45,3,4.58203125,-4.58203125,-4.58203125,1,-1,False
-,45,4,49,4,45,45,1,4.59765625,-4.59765625,-4.59765625,1,-2,False
-,45,5,50,5,45,45,11,4.6875,-4.6875,-4.6875,1,-2,False
-,45,6,51,6,45,45,0,4.6796875,-4.6796875,-4.6796875,1,-5,False
-,45,7,52,7,45,45,3,4.6640625,-4.6640625,-4.6640625,1,-3,False
-,45,8,53,8,45,45,0,4.73828125,-4.73828125,-4.73828125,1,-2,False
-,45,9,54,9,45,45,0,4.5625,-4.5625,-4.5625,1,-2,False
-,45,10,55,10,45,45,6,4.73828125,-4.73828125,-4.73828125,1,-5,False
-,45,11,56,11,45,45,0,5.69921875,-5.69921875,-5.69921875,1,-3,False
-,45,12,57,12,45,45,0,4.7578125,-4.7578125,-4.7578125,1,-1,False
-,45,13,58,13,45,45,0,4.75390625,-4.75390625,-4.75390625,1,-2,False
-,45,14,59,14,45,45,0,4.73828125,-4.73828125,-4.73828125,1,-6,False
-,45,15,60,15,45,45,5,4.765625,-4.765625,-4.765625,1,-6,False
-,45,16,61,16,45,45,2,4.953125,-4.953125,-4.953125,1,-2,False
-,45,17,62,17,45,45,0,4.92578125,-4.92578125,-4.92578125,1,-1,False
-,45,18,63,18,45,45,1,4.82421875,-4.82421875,-4.82421875,1,-3,False
-,45,19,64,19,45,45,4,4.78125,-4.78125,-4.78125,1,-6,False
-,45,20,65,20,45,45,2,5.0625,-5.0625,-5.0625,1,-6,False
-,45,21,66,21,45,45,0,4.875,-4.875,-4.875,1,-6,False
-,45,22,67,22,45,45,0,4.90234375,-4.90234375,-4.90234375,1,-1,False
-,45,23,68,23,45,45,0,5.4921875,-5.4921875,-5.4921875,1,-2,False
-,45,24,69,24,45,45,1,4.66796875,-4.66796875,-4.66796875,1,-6,False
-,45,25,70,25,45,45,1,5.55078125,-5.55078125,-5.55078125,1,-29,False
-,45,26,71,26,45,45,0,5.5703125,-5.5703125,-5.5703125,1,-2,False
-,45,27,72,27,45,45,2,4.8359375,-4.8359375,-4.8359375,1,-2,False
-,45,28,73,28,45,45,0,4.984375,-4.984375,-4.984375,1,-0,False
-,45,29,74,29,45,45,0,4.91015625,-4.91015625,-4.91015625,1,-2,False
-,45,30,75,30,45,45,1,5.15234375,-5.15234375,-5.15234375,1,-0,False
-,45,31,76,31,45,45,1,5.0859375,-5.0859375,-5.0859375,1,-6,False
-,45,32,77,32,45,45,2,5.140625,-5.140625,-5.140625,1,-1,False
-,45,33,78,33,45,45,0,4.75390625,-4.75390625,-4.75390625,1,-1,False
-,45,34,79,34,45,45,0,4.890625,-4.890625,-4.890625,1,-3,False
-,45,35,80,35,45,45,0,5.05859375,-5.05859375,-5.05859375,1,-6,False
-,45,36,81,36,45,45,1,4.70703125,-4.70703125,-4.70703125,1,-2,False
-,45,37,82,37,45,45,0,5.63671875,-5.63671875,-5.63671875,1,-1,False
-,45,38,83,38,45,45,1,5.05078125,-5.05078125,-5.05078125,1,-73,False
-,45,39,84,39,45,45,0,4.86328125,-4.86328125,-4.86328125,1,-6,False
-,45,40,85,40,45,45,0,5.1328125,-5.1328125,-5.1328125,1,-6,False
-,45,41,86,41,45,45,1,4.9140625,-4.9140625,-4.9140625,1,-2,False
-,45,42,87,42,45,45,0,5.0546875,-5.0546875,-5.0546875,1,-74,False
-,45,43,88,43,45,45,0,4.78125,-4.78125,-4.78125,1,-2,False
-,45,44,89,44,45,45,0,4.96484375,-4.96484375,-4.96484375,1,-3,False
-,45,45,90,45,45,45,2,4.93359375,-4.93359375,-4.93359375,1,-1,False
-,45,46,91,46,45,45,1,4.7578125,-4.7578125,-4.7578125,1,-1,False
-,45,47,92,47,45,45,0,4.52734375,-4.52734375,-4.52734375,1,-2,False
-,45,48,93,48,45,45,0,5.51171875,-5.51171875,-5.51171875,1,-3,False
-,45,49,94,49,45,45,0,5.2578125,-5.2578125,-5.2578125,1,-6,False
-,45,50,95,50,45,45,0,5.0078125,-5.0078125,-5.0078125,1,-5,False
-,45,51,96,51,45,45,0,4.9921875,-4.9921875,-4.9921875,1,-2,False
-,45,52,97,52,45,45,0,4.59765625,-4.59765625,-4.59765625,1,-3,False
-,45,53,98,53,45,45,1,5.55859375,-5.55859375,-5.55859375,1,-2,False
-,45,54,99,54,45,45,0,5.5,-5.5,-5.5,1,-1,False
-,45,55,100,55,45,45,4,4.7578125,-4.7578125,-4.7578125,1,-6,False
-,45,56,101,56,45,45,0,5.07421875,-5.07421875,-5.07421875,1,-2,False
-,45,57,102,57,45,45,0,5.078125,-5.078125,-5.078125,1,-2,False
-,45,58,103,58,45,45,0,4.9140625,-4.9140625,-4.9140625,1,-2,False
-,45,59,104,59,45,45,0,5.05859375,-5.05859375,-5.05859375,1,-2,False
-,45,60,105,60,45,45,2,4.5546875,-4.5546875,-4.5546875,1,-6,False
-,45,61,106,61,45,45,0,5.46875,-5.46875,-5.46875,1,-1,False
-,45,62,107,62,45,45,0,5.2890625,-5.2890625,-5.2890625,1,-6,False
-,45,63,108,63,45,45,0,4.94140625,-4.94140625,-4.94140625,1,-2,False
-,45,64,109,64,45,45,0,4.97265625,-4.97265625,-4.97265625,1,-6,False
-,45,65,110,65,45,45,0,5.01953125,-5.01953125,-5.01953125,1,-5,False
-,45,66,111,66,45,45,0,4.9375,-4.9375,-4.9375,1,-6,False
-,45,67,112,67,45,45,0,4.8515625,-4.8515625,-4.8515625,1,-1,False
-,45,68,113,68,45,45,0,4.69921875,-4.69921875,-4.69921875,1,-2,False
-,45,69,114,69,45,45,0,4.8046875,-4.8046875,-4.8046875,1,-3,False
-,45,70,115,70,45,45,0,4.97265625,-4.97265625,-4.97265625,1,-2,False
-,45,71,116,71,45,45,1,4.74609375,-4.74609375,-4.74609375,1,-6,False
-,45,72,117,72,45,45,0,4.41796875,-4.41796875,-4.41796875,1,-6,False
-,45,73,118,73,45,45,0,5.16796875,-5.16796875,-5.16796875,1,-2,False
-,45,74,119,74,45,45,0,4.671875,-4.671875,-4.671875,1,-2,False
-,45,75,120,75,45,45,1,4.95703125,-4.95703125,-4.95703125,1,-2,False
-,45,76,121,76,45,45,0,5.0,-5.0,-5.0,1,-6,False
-,45,77,122,77,45,45,0,4.7734375,-4.7734375,-4.7734375,1,-5,False
-,45,78,123,78,45,45,1,4.8359375,-4.8359375,-4.8359375,1,-6,False
-,45,79,124,79,45,45,0,4.78125,-4.78125,-4.78125,1,-69,False
-,45,80,125,80,45,45,2,4.79296875,-4.79296875,-4.79296875,1,-69,False
-,45,81,126,81,45,45,0,4.7109375,-4.7109375,-4.7109375,1,-6,False
-,45,82,127,82,45,45,0,4.9140625,-4.9140625,-4.9140625,1,-6,False
-,45,83,128,83,45,45,0,4.62109375,-4.62109375,-4.62109375,1,-1,False
-,45,84,129,84,45,45,0,4.6015625,-4.6015625,-4.6015625,1,-3,False
-,45,85,130,85,45,45,0,4.4296875,-4.4296875,-4.4296875,1,-6,False
-,45,86,131,86,45,45,0,4.57421875,-4.57421875,-4.57421875,1,-1,False
-,45,87,132,87,45,45,0,5.11328125,-5.11328125,-5.11328125,1,-2,False
-,45,88,133,88,45,45,0,5.046875,-5.046875,-5.046875,1,-3,False
-,45,89,134,89,45,45,0,5.3125,-5.3125,-5.3125,1,-2,False
-,45,90,135,90,45,45,0,4.0859375,-4.0859375,-4.0859375,1,-70,False
-,45,91,136,91,45,45,0,4.5234375,-4.5234375,-4.5234375,1,-1,False
-,45,92,137,92,45,45,0,4.31640625,-4.31640625,-4.31640625,1,-6,False
-,45,93,138,93,45,45,0,5.08984375,-5.08984375,-5.08984375,1,-2,False
-,45,94,139,94,45,45,0,4.9765625,-4.9765625,-4.9765625,1,-69,False
-,45,95,140,95,45,45,0,4.71875,-4.71875,-4.71875,1,-2,False
-,45,96,141,96,45,45,0,4.8046875,-4.8046875,-4.8046875,1,-3,False
-,45,97,142,97,45,45,0,5.21484375,-5.21484375,-5.21484375,1,-0,False
-,45,98,143,98,45,45,0,4.4453125,-4.4453125,-4.4453125,1,-0,False
-,45,99,144,99,45,45,0,4.8671875,-4.8671875,-4.8671875,1,-70,False
-,45,100,145,100,45,45,0,4.9453125,-4.9453125,-4.9453125,1,-69,False
-,46,1,47,1,46,46,3,5.4921875,-5.4921875,-5.4921875,1,-0,False
-,46,2,48,2,46,46,3,5.58203125,-5.58203125,-5.58203125,1,-2,False
-,46,3,49,3,46,46,3,5.4921875,-5.4921875,-5.4921875,1,-6,False
-,46,4,50,4,46,46,4,5.81640625,-5.81640625,-5.81640625,1,-1,False
-,46,5,51,5,46,46,1,5.61328125,-5.61328125,-5.61328125,1,-2,False
-,46,6,52,6,46,46,4,5.62109375,-5.62109375,-5.62109375,1,-1,False
-,46,7,53,7,46,46,0,5.53125,-5.53125,-5.53125,1,-3,False
-,46,8,54,8,46,46,0,5.75390625,-5.75390625,-5.75390625,1,-3,False
-,46,9,55,9,46,46,1,5.62890625,-5.62890625,-5.62890625,1,-2,False
-,46,10,56,10,46,46,2,5.859375,-5.859375,-5.859375,1,-6,False
-,46,11,57,11,46,46,2,5.71484375,-5.71484375,-5.71484375,1,-2,False
-,46,12,58,12,46,46,0,5.81640625,-5.81640625,-5.81640625,1,-2,False
-,46,13,59,13,46,46,0,5.69921875,-5.69921875,-5.69921875,1,-2,False
-,46,14,60,14,46,46,1,5.72265625,-5.72265625,-5.72265625,1,-6,False
-,46,15,61,15,46,46,0,5.94140625,-5.94140625,-5.94140625,1,-2,False
-,46,16,62,16,46,46,0,5.96484375,-5.96484375,-5.96484375,1,-3,False
-,46,17,63,17,46,46,0,5.6171875,-5.6171875,-5.6171875,1,-2,False
-,46,18,64,18,46,46,3,5.8828125,-5.8828125,-5.8828125,1,-3,False
-,46,19,65,19,46,46,0,5.77734375,-5.77734375,-5.77734375,1,-6,False
-,46,20,66,20,46,46,1,5.06640625,-5.06640625,-5.06640625,1,-6,False
-,46,21,67,21,46,46,1,6.0078125,-6.0078125,-6.0078125,1,-6,False
-,46,22,68,22,46,46,0,5.62890625,-5.62890625,-5.62890625,1,-2,False
-,46,23,69,23,46,46,1,5.65625,-5.65625,-5.65625,1,-1,False
-,46,24,70,24,46,46,1,5.58203125,-5.58203125,-5.58203125,1,-3,False
-,46,25,71,25,46,46,0,5.5,-5.5,-5.5,1,-5,False
-,46,26,72,26,46,46,0,5.5703125,-5.5703125,-5.5703125,1,-2,False
-,46,27,73,27,46,46,0,5.8046875,-5.8046875,-5.8046875,1,-2,False
-,46,28,74,28,46,46,0,5.85546875,-5.85546875,-5.85546875,1,-0,False
-,46,29,75,29,46,46,0,5.90234375,-5.90234375,-5.90234375,1,-0,False
-,46,30,76,30,46,46,0,5.20703125,-5.20703125,-5.20703125,1,-2,False
-,46,31,77,31,46,46,0,6.07421875,-6.07421875,-6.07421875,1,-3,False
-,46,32,78,32,46,46,0,5.21484375,-5.21484375,-5.21484375,1,-1,False
-,46,33,79,33,46,46,0,5.58984375,-5.58984375,-5.58984375,1,-6,False
-,46,34,80,34,46,46,1,5.98046875,-5.98046875,-5.98046875,1,-6,False
-,46,35,81,35,46,46,2,5.859375,-5.859375,-5.859375,1,-2,False
-,46,36,82,36,46,46,0,5.6875,-5.6875,-5.6875,1,-2,False
-,46,37,83,37,46,46,0,5.72265625,-5.72265625,-5.72265625,1,-2,False
-,46,38,84,38,46,46,0,5.0859375,-5.0859375,-5.0859375,1,-74,False
-,46,39,85,39,46,46,0,5.7578125,-5.7578125,-5.7578125,1,-0,False
-,46,40,86,40,46,46,0,5.28515625,-5.28515625,-5.28515625,1,-6,False
-,46,41,87,41,46,46,0,5.93359375,-5.93359375,-5.93359375,1,-2,False
-,46,42,88,42,46,46,0,5.91796875,-5.91796875,-5.91796875,1,-6,False
-,46,43,89,43,46,46,0,5.8984375,-5.8984375,-5.8984375,1,-2,False
-,46,44,90,44,46,46,1,4.8515625,-4.8515625,-4.8515625,1,-6,False
-,46,45,91,45,46,46,2,4.984375,-4.984375,-4.984375,1,-3,False
-,46,46,92,46,46,46,0,5.77734375,-5.77734375,-5.77734375,1,-1,False
-,46,47,93,47,46,46,0,5.48828125,-5.48828125,-5.48828125,1,-3,False
-,46,48,94,48,46,46,0,5.43359375,-5.43359375,-5.43359375,1,-3,False
-,46,49,95,49,46,46,0,5.484375,-5.484375,-5.484375,1,-3,False
-,46,50,96,50,46,46,0,5.09375,-5.09375,-5.09375,1,-3,False
-,46,51,97,51,46,46,0,4.890625,-4.890625,-4.890625,1,-5,False
-,46,52,98,52,46,46,0,5.35546875,-5.35546875,-5.35546875,1,-6,False
-,46,53,99,53,46,46,0,5.35546875,-5.35546875,-5.35546875,1,-6,False
-,46,54,100,54,46,46,3,5.29296875,-5.29296875,-5.29296875,1,-6,False
-,46,55,101,55,46,46,0,5.66015625,-5.66015625,-5.66015625,1,-3,False
-,46,56,102,56,46,46,0,5.15234375,-5.15234375,-5.15234375,1,-2,False
-,46,57,103,57,46,46,0,4.94140625,-4.94140625,-4.94140625,1,-2,False
-,46,58,104,58,46,46,0,4.96875,-4.96875,-4.96875,1,-2,False
-,46,59,105,59,46,46,0,5.125,-5.125,-5.125,1,-2,False
-,46,60,106,60,46,46,0,5.4921875,-5.4921875,-5.4921875,1,-6,False
-,46,61,107,61,46,46,0,5.52734375,-5.52734375,-5.52734375,1,-1,False
-,46,62,108,62,46,46,0,5.16796875,-5.16796875,-5.16796875,1,-1,False
-,46,63,109,63,46,46,0,4.97265625,-4.97265625,-4.97265625,1,-6,False
-,46,64,110,64,46,46,0,5.0859375,-5.0859375,-5.0859375,1,-2,False
-,46,65,111,65,46,46,0,4.96875,-4.96875,-4.96875,1,-2,False
-,46,66,112,66,46,46,0,4.91015625,-4.91015625,-4.91015625,1,-6,False
-,46,67,113,67,46,46,0,5.66796875,-5.66796875,-5.66796875,1,-2,False
-,46,68,114,68,46,46,1,5.87890625,-5.87890625,-5.87890625,1,-2,False
-,46,69,115,69,46,46,0,5.59375,-5.59375,-5.59375,1,-2,False
-,46,70,116,70,46,46,0,5.41015625,-5.41015625,-5.41015625,1,-2,False
-,46,71,117,71,46,46,0,5.5,-5.5,-5.5,1,-1,False
-,46,72,118,72,46,46,0,5.7421875,-5.7421875,-5.7421875,1,-6,False
-,46,73,119,73,46,46,0,4.9765625,-4.9765625,-4.9765625,1,-1,False
-,46,74,120,74,46,46,0,4.99609375,-4.99609375,-4.99609375,1,-2,False
-,46,75,121,75,46,46,0,4.96875,-4.96875,-4.96875,1,-1,False
-,46,76,122,76,46,46,0,4.95703125,-4.95703125,-4.95703125,1,-6,False
-,46,77,123,77,46,46,0,5.35546875,-5.35546875,-5.35546875,1,-6,False
-,46,78,124,78,46,46,0,4.92578125,-4.92578125,-4.92578125,1,-3,False
-,46,79,125,79,46,46,0,5.2109375,-5.2109375,-5.2109375,1,-3,False
-,46,80,126,80,46,46,0,4.87109375,-4.87109375,-4.87109375,1,-6,False
-,46,81,127,81,46,46,0,5.28125,-5.28125,-5.28125,1,-6,False
-,46,82,128,82,46,46,0,5.4765625,-5.4765625,-5.4765625,1,-6,False
-,46,83,129,83,46,46,0,5.0078125,-5.0078125,-5.0078125,1,-2,False
-,46,84,130,84,46,46,0,5.4453125,-5.4453125,-5.4453125,1,-69,False
-,46,85,131,85,46,46,0,5.59765625,-5.59765625,-5.59765625,1,-5,False
-,46,86,132,86,46,46,0,5.33984375,-5.33984375,-5.33984375,1,-6,False
-,46,87,133,87,46,46,0,5.02734375,-5.02734375,-5.02734375,1,-1,False
-,46,88,134,88,46,46,0,5.203125,-5.203125,-5.203125,1,-3,False
-,46,89,135,89,46,46,0,5.27734375,-5.27734375,-5.27734375,1,-6,False
-,46,90,136,90,46,46,0,5.1484375,-5.1484375,-5.1484375,1,-2,False
-,46,91,137,91,46,46,0,5.4765625,-5.4765625,-5.4765625,1,-1,False
-,46,92,138,92,46,46,0,5.17578125,-5.17578125,-5.17578125,1,-70,False
-,46,93,139,93,46,46,0,5.33203125,-5.33203125,-5.33203125,1,-0,False
-,46,94,140,94,46,46,0,4.8359375,-4.8359375,-4.8359375,1,-0,False
-,46,95,141,95,46,46,0,4.796875,-4.796875,-4.796875,1,-1,False
-,46,96,142,96,46,46,0,4.63671875,-4.63671875,-4.63671875,1,-3,False
-,46,97,143,97,46,46,0,5.16015625,-5.16015625,-5.16015625,1,-0,False
-,46,98,144,98,46,46,0,5.41015625,-5.41015625,-5.41015625,1,-1,False
-,46,99,145,99,46,46,0,5.99609375,-5.99609375,-5.99609375,1,-2,False
-,46,100,146,100,46,46,1,5.140625,-5.140625,-5.140625,1,-1,False
-,47,1,48,1,47,47,2,5.66015625,-5.66015625,-5.66015625,1,-6,False
-,47,2,49,2,47,47,3,5.5234375,-5.5234375,-5.5234375,1,-2,False
-,47,3,50,3,47,47,5,5.65234375,-5.65234375,-5.65234375,1,-2,False
-,47,4,51,4,47,47,2,5.6953125,-5.6953125,-5.6953125,1,-0,False
-,47,5,52,5,47,47,8,5.59765625,-5.59765625,-5.59765625,1,-3,False
-,47,6,53,6,47,47,0,5.53515625,-5.53515625,-5.53515625,1,-6,False
-,47,7,54,7,47,47,1,5.5703125,-5.5703125,-5.5703125,1,-2,False
-,47,8,55,8,47,47,1,5.83984375,-5.83984375,-5.83984375,1,-3,False
-,47,9,56,9,47,47,1,5.84375,-5.84375,-5.84375,1,-2,False
-,47,10,57,10,47,47,2,5.88671875,-5.88671875,-5.88671875,1,-5,False
-,47,11,58,11,47,47,0,5.734375,-5.734375,-5.734375,1,-2,False
-,47,12,59,12,47,47,1,5.76171875,-5.76171875,-5.76171875,1,-2,False
-,47,13,60,13,47,47,1,5.65234375,-5.65234375,-5.65234375,1,-3,False
-,47,14,61,14,47,47,0,5.88671875,-5.88671875,-5.88671875,1,-5,False
-,47,15,62,15,47,47,0,5.94921875,-5.94921875,-5.94921875,1,-3,False
-,47,16,63,16,47,47,1,5.578125,-5.578125,-5.578125,1,-6,False
-,47,17,64,17,47,47,0,5.80078125,-5.80078125,-5.80078125,1,-3,False
-,47,18,65,18,47,47,3,4.90625,-4.90625,-4.90625,1,-5,False
-,47,19,66,19,47,47,0,5.89453125,-5.89453125,-5.89453125,1,-6,False
-,47,20,67,20,47,47,0,5.11328125,-5.11328125,-5.11328125,1,-6,False
-,47,21,68,21,47,47,0,5.625,-5.625,-5.625,1,-6,False
-,47,22,69,22,47,47,0,5.84765625,-5.84765625,-5.84765625,1,-1,False
-,47,23,70,23,47,47,0,5.671875,-5.671875,-5.671875,1,-1,False
-,47,24,71,24,47,47,0,5.59765625,-5.59765625,-5.59765625,1,-2,False
-,47,25,72,25,47,47,2,5.49609375,-5.49609375,-5.49609375,1,-0,False
-,47,26,73,26,47,47,0,5.578125,-5.578125,-5.578125,1,-2,False
-,47,27,74,27,47,47,1,5.71875,-5.71875,-5.71875,1,-2,False
-,47,28,75,28,47,47,0,5.86328125,-5.86328125,-5.86328125,1,-0,False
-,47,29,76,29,47,47,0,4.97265625,-4.97265625,-4.97265625,1,-2,False
-,47,30,77,30,47,47,0,5.1875,-5.1875,-5.1875,1,-2,False
-,47,31,78,31,47,47,1,5.17578125,-5.17578125,-5.17578125,1,-5,False
-,47,32,79,32,47,47,0,5.19140625,-5.19140625,-5.19140625,1,-6,False
-,47,33,80,33,47,47,0,5.66796875,-5.66796875,-5.66796875,1,-2,False
-,47,34,81,34,47,47,0,5.875,-5.875,-5.875,1,-3,False
-,47,35,82,35,47,47,0,4.91796875,-4.91796875,-4.91796875,1,-2,False
-,47,36,83,36,47,47,0,5.7109375,-5.7109375,-5.7109375,1,-6,False
-,47,37,84,37,47,47,0,5.7265625,-5.7265625,-5.7265625,1,-2,False
-,47,38,85,38,47,47,0,4.953125,-4.953125,-4.953125,1,-2,False
-,47,39,86,39,47,47,0,4.953125,-4.953125,-4.953125,1,-0,False
-,47,40,87,40,47,47,0,5.31640625,-5.31640625,-5.31640625,1,-6,False
-,47,41,88,41,47,47,0,5.8125,-5.8125,-5.8125,1,-2,False
-,47,42,89,42,47,47,0,5.16015625,-5.16015625,-5.16015625,1,-6,False
-,47,43,90,43,47,47,0,4.828125,-4.828125,-4.828125,1,-6,False
-,47,44,91,44,47,47,0,4.8359375,-4.8359375,-4.8359375,1,-2,False
-,47,45,92,45,47,47,0,5.00390625,-5.00390625,-5.00390625,1,-6,False
-,47,46,93,46,47,47,0,4.73046875,-4.73046875,-4.73046875,1,-2,False
-,47,47,94,47,47,47,0,5.42578125,-5.42578125,-5.42578125,1,-5,False
-,47,48,95,48,47,47,1,5.578125,-5.578125,-5.578125,1,-1,False
-,47,49,96,49,47,47,0,5.375,-5.375,-5.375,1,-3,False
-,47,50,97,50,47,47,0,4.9921875,-4.9921875,-4.9921875,1,-5,False
-,47,51,98,51,47,47,0,4.828125,-4.828125,-4.828125,1,-2,False
-,47,52,99,52,47,47,0,5.32421875,-5.32421875,-5.32421875,1,-1,False
-,47,53,100,53,47,47,0,5.0078125,-5.0078125,-5.0078125,1,-2,False
-,47,54,101,54,47,47,0,5.39453125,-5.39453125,-5.39453125,1,-6,False
-,47,55,102,55,47,47,0,4.9140625,-4.9140625,-4.9140625,1,-3,False
-,47,56,103,56,47,47,0,5.03125,-5.03125,-5.03125,1,-2,False
-,47,57,104,57,47,47,0,5.05859375,-5.05859375,-5.05859375,1,-3,False
-,47,58,105,58,47,47,0,4.9921875,-4.9921875,-4.9921875,1,-5,False
-,47,59,106,59,47,47,0,5.1328125,-5.1328125,-5.1328125,1,-3,False
-,47,60,107,60,47,47,0,5.44140625,-5.44140625,-5.44140625,1,-6,False
-,47,61,108,61,47,47,0,5.421875,-5.421875,-5.421875,1,-1,False
-,47,62,109,62,47,47,1,5.29296875,-5.29296875,-5.29296875,1,-3,False
-,47,63,110,63,47,47,1,4.9765625,-4.9765625,-4.9765625,1,-1,False
-,47,64,111,64,47,47,0,4.81640625,-4.81640625,-4.81640625,1,-6,False
-,47,65,112,65,47,47,0,4.9375,-4.9375,-4.9375,1,-6,False
-,47,66,113,66,47,47,0,5.76171875,-5.76171875,-5.76171875,1,-6,False
-,47,67,114,67,47,47,1,5.83203125,-5.83203125,-5.83203125,1,-2,False
-,47,68,115,68,47,47,0,5.6171875,-5.6171875,-5.6171875,1,-2,False
-,47,69,116,69,47,47,0,5.84375,-5.84375,-5.84375,1,-2,False
-,47,70,117,70,47,47,0,5.12890625,-5.12890625,-5.12890625,1,-6,False
-,47,71,118,71,47,47,0,5.6640625,-5.6640625,-5.6640625,1,-0,False
-,47,72,119,72,47,47,1,5.3203125,-5.3203125,-5.3203125,1,-3,False
-,47,73,120,73,47,47,0,5.25,-5.25,-5.25,1,-1,False
-,47,74,121,74,47,47,0,5.01171875,-5.01171875,-5.01171875,1,-69,False
-,47,75,122,75,47,47,0,4.86328125,-4.86328125,-4.86328125,1,-2,False
-,47,76,123,76,47,47,0,5.75390625,-5.75390625,-5.75390625,1,-1,False
-,47,77,124,77,47,47,0,5.64453125,-5.64453125,-5.64453125,1,-6,False
-,47,78,125,78,47,47,0,5.73046875,-5.73046875,-5.73046875,1,-3,False
-,47,79,126,79,47,47,0,5.7890625,-5.7890625,-5.7890625,1,-2,False
-,47,80,127,80,47,47,0,5.17578125,-5.17578125,-5.17578125,1,-72,False
-,47,81,128,81,47,47,1,5.68359375,-5.68359375,-5.68359375,1,-70,False
-,47,82,129,82,47,47,0,4.82421875,-4.82421875,-4.82421875,1,-3,False
-,47,83,130,83,47,47,0,5.69140625,-5.69140625,-5.69140625,1,-6,False
-,47,84,131,84,47,47,0,5.5078125,-5.5078125,-5.5078125,1,-2,False
-,47,85,132,85,47,47,0,5.4140625,-5.4140625,-5.4140625,1,-70,False
-,47,86,133,86,47,47,0,5.38671875,-5.38671875,-5.38671875,1,-6,False
-,47,87,134,87,47,47,0,5.04296875,-5.04296875,-5.04296875,1,-2,False
-,47,88,135,88,47,47,0,5.3203125,-5.3203125,-5.3203125,1,-3,False
-,47,89,136,89,47,47,0,5.125,-5.125,-5.125,1,-1,False
-,47,90,137,90,47,47,0,5.19921875,-5.19921875,-5.19921875,1,-70,False
-,47,91,138,91,47,47,0,5.18359375,-5.18359375,-5.18359375,1,-2,False
-,47,92,139,92,47,47,0,4.53515625,-4.53515625,-4.53515625,1,-6,False
-,47,93,140,93,47,47,0,5.32421875,-5.32421875,-5.32421875,1,-1,False
-,47,94,141,94,47,47,0,4.8671875,-4.8671875,-4.8671875,1,-69,False
-,47,95,142,95,47,47,0,4.80078125,-4.80078125,-4.80078125,1,-0,False
-,47,96,143,96,47,47,0,4.6640625,-4.6640625,-4.6640625,1,-6,False
-,47,97,144,97,47,47,0,4.98046875,-4.98046875,-4.98046875,1,-70,False
-,47,98,145,98,47,47,0,5.27734375,-5.27734375,-5.27734375,1,-2,False
-,47,99,146,99,47,47,0,5.1640625,-5.1640625,-5.1640625,1,-70,False
-,47,100,147,100,47,47,0,5.13671875,-5.13671875,-5.13671875,1,-1,False
-,48,1,49,1,48,48,5,4.578125,-4.578125,-4.578125,1,-2,False
-,48,2,50,2,48,48,5,4.69921875,-4.69921875,-4.69921875,1,-1,False
-,48,3,51,3,48,48,4,4.5234375,-4.5234375,-4.5234375,1,-3,False
-,48,4,52,4,48,48,15,4.62109375,-4.62109375,-4.62109375,1,-5,False
-,48,5,53,5,48,48,3,4.5234375,-4.5234375,-4.5234375,1,-3,False
-,48,6,54,6,48,48,2,4.55859375,-4.55859375,-4.55859375,1,-5,False
-,48,7,55,7,48,48,1,5.5703125,-5.5703125,-5.5703125,1,-3,False
-,48,8,56,8,48,48,5,4.92578125,-4.92578125,-4.92578125,1,-3,False
-,48,9,57,9,48,48,1,4.84765625,-4.84765625,-4.84765625,1,-1,False
-,48,10,58,10,48,48,0,4.83984375,-4.83984375,-4.83984375,1,-3,False
-,48,11,59,11,48,48,1,4.70703125,-4.70703125,-4.70703125,1,-2,False
-,48,12,60,12,48,48,9,4.83203125,-4.83203125,-4.83203125,1,-2,False
-,48,13,61,13,48,48,0,4.859375,-4.859375,-4.859375,1,-1,False
-,48,14,62,14,48,48,1,4.88671875,-4.88671875,-4.88671875,1,-6,False
-,48,15,63,15,48,48,1,4.63671875,-4.63671875,-4.63671875,1,-5,False
-,48,16,64,16,48,48,22,4.82421875,-4.82421875,-4.82421875,1,-5,False
-,48,17,65,17,48,48,0,4.75,-4.75,-4.75,1,-2,False
-,48,18,66,18,48,48,0,4.9296875,-4.9296875,-4.9296875,1,-3,False
-,48,19,67,19,48,48,0,4.8828125,-4.8828125,-4.8828125,1,-6,False
-,48,20,68,20,48,48,2,4.78515625,-4.78515625,-4.78515625,1,-6,False
-,48,21,69,21,48,48,1,4.94921875,-4.94921875,-4.94921875,1,-6,False
-,48,22,70,22,48,48,2,4.83984375,-4.83984375,-4.83984375,1,-0,False
-,48,23,71,23,48,48,2,4.5703125,-4.5703125,-4.5703125,1,-5,False
-,48,24,72,24,48,48,4,4.6171875,-4.6171875,-4.6171875,1,-3,False
-,48,25,73,25,48,48,0,4.5546875,-4.5546875,-4.5546875,1,-0,False
-,48,26,74,26,48,48,2,4.5390625,-4.5390625,-4.5390625,1,-2,False
-,48,27,75,27,48,48,0,4.6640625,-4.6640625,-4.6640625,1,-2,False
-,48,28,76,28,48,48,0,4.91015625,-4.91015625,-4.91015625,1,-2,False
-,48,29,77,29,48,48,0,4.93359375,-4.93359375,-4.93359375,1,-2,False
-,48,30,78,30,48,48,1,4.296875,-4.296875,-4.296875,1,-0,False
-,48,31,79,31,48,48,1,5.11328125,-5.11328125,-5.11328125,1,-3,False
-,48,32,80,32,48,48,2,4.18359375,-4.18359375,-4.18359375,1,-0,False
-,48,33,81,33,48,48,2,4.61328125,-4.61328125,-4.61328125,1,-2,False
-,48,34,82,34,48,48,0,4.81640625,-4.81640625,-4.81640625,1,-2,False
-,48,35,83,35,48,48,0,4.9609375,-4.9609375,-4.9609375,1,-6,False
-,48,36,84,36,48,48,0,4.66796875,-4.66796875,-4.66796875,1,-2,False
-,48,37,85,37,48,48,0,4.57421875,-4.57421875,-4.57421875,1,-2,False
-,48,38,86,38,48,48,0,5.09375,-5.09375,-5.09375,1,-73,False
-,48,39,87,39,48,48,0,4.96484375,-4.96484375,-4.96484375,1,-6,False
-,48,40,88,40,48,48,2,5.16796875,-5.16796875,-5.16796875,1,-6,False
-,48,41,89,41,48,48,0,5.09375,-5.09375,-5.09375,1,-1,False
-,48,42,90,42,48,48,2,5.01953125,-5.01953125,-5.01953125,1,-2,False
-,48,43,91,43,48,48,4,4.8125,-4.8125,-4.8125,1,-3,False
-,48,44,92,44,48,48,0,4.9140625,-4.9140625,-4.9140625,1,-6,False
-,48,45,93,45,48,48,1,4.9609375,-4.9609375,-4.9609375,1,-6,False
-,48,46,94,46,48,48,0,4.62109375,-4.62109375,-4.62109375,1,-2,False
-,48,47,95,47,48,48,0,4.46875,-4.46875,-4.46875,1,-5,False
-,48,48,96,48,48,48,0,4.5859375,-4.5859375,-4.5859375,1,-3,False
-,48,49,97,49,48,48,0,4.40234375,-4.40234375,-4.40234375,1,-0,False
-,48,50,98,50,48,48,0,4.953125,-4.953125,-4.953125,1,-0,False
-,48,51,99,51,48,48,0,4.80078125,-4.80078125,-4.80078125,1,-0,False
-,48,52,100,52,48,48,1,3.986328125,-3.986328125,-3.986328125,1,-2,False
-,48,53,101,53,48,48,1,4.03125,-4.03125,-4.03125,1,-2,False
-,48,54,102,54,48,48,0,4.765625,-4.765625,-4.765625,1,-1,False
-,48,55,103,55,48,48,0,4.74609375,-4.74609375,-4.74609375,1,-3,False
-,48,56,104,56,48,48,0,5.12890625,-5.12890625,-5.12890625,1,-3,False
-,48,57,105,57,48,48,0,5.05078125,-5.05078125,-5.05078125,1,-2,False
-,48,58,106,58,48,48,0,5.03515625,-5.03515625,-5.03515625,1,-3,False
-,48,59,107,59,48,48,0,5.125,-5.125,-5.125,1,-2,False
-,48,60,108,60,48,48,0,4.36328125,-4.36328125,-4.36328125,1,-6,False
-,48,61,109,61,48,48,0,4.45703125,-4.45703125,-4.45703125,1,-6,False
-,48,62,110,62,48,48,0,4.83203125,-4.83203125,-4.83203125,1,-6,False
-,48,63,111,63,48,48,1,4.98046875,-4.98046875,-4.98046875,1,-6,False
-,48,64,112,64,48,48,0,4.88671875,-4.88671875,-4.88671875,1,-1,False
-,48,65,113,65,48,48,0,4.78515625,-4.78515625,-4.78515625,1,-6,False
-,48,66,114,66,48,48,0,4.890625,-4.890625,-4.890625,1,-1,False
-,48,67,115,67,48,48,0,4.65234375,-4.65234375,-4.65234375,1,-2,False
-,48,68,116,68,48,48,0,4.9140625,-4.9140625,-4.9140625,1,-70,False
-,48,69,117,69,48,48,0,4.61328125,-4.61328125,-4.61328125,1,-3,False
-,48,70,118,70,48,48,0,4.1484375,-4.1484375,-4.1484375,1,-2,False
-,48,71,119,71,48,48,0,4.51171875,-4.51171875,-4.51171875,1,-6,False
-,48,72,120,72,48,48,4,4.72265625,-4.72265625,-4.72265625,1,-3,False
-,48,73,121,73,48,48,0,4.32421875,-4.32421875,-4.32421875,1,-6,False
-,48,74,122,74,48,48,0,4.8515625,-4.8515625,-4.8515625,1,-2,False
-,48,75,123,75,48,48,0,4.88671875,-4.88671875,-4.88671875,1,-2,False
-,48,76,124,76,48,48,0,4.87890625,-4.87890625,-4.87890625,1,-1,False
-,48,77,125,77,48,48,0,5.03515625,-5.03515625,-5.03515625,1,-6,False
-,48,78,126,78,48,48,1,4.9453125,-4.9453125,-4.9453125,1,-3,False
-,48,79,127,79,48,48,0,4.6875,-4.6875,-4.6875,1,-3,False
-,48,80,128,80,48,48,2,4.96875,-4.96875,-4.96875,1,"-
128 - 80 =",False
-,48,81,129,81,48,48,0,4.86328125,-4.86328125,-4.86328125,1,-6,False
-,48,82,130,82,48,48,0,4.78515625,-4.78515625,-4.78515625,1,-6,False
-,48,83,131,83,48,48,0,4.78125,-4.78125,-4.78125,1,-1,False
-,48,84,132,84,48,48,0,4.234375,-4.234375,-4.234375,1,-3,False
-,48,85,133,85,48,48,0,4.484375,-4.484375,-4.484375,1,-6,False
-,48,86,134,86,48,48,0,4.44921875,-4.44921875,-4.44921875,1,-2,False
-,48,87,135,87,48,48,1,4.08203125,-4.08203125,-4.08203125,1,-2,False
-,48,88,136,88,48,48,0,4.12109375,-4.12109375,-4.12109375,1,-2,False
-,48,89,137,89,48,48,0,4.171875,-4.171875,-4.171875,1,-69,False
-,48,90,138,90,48,48,0,4.859375,-4.859375,-4.859375,1,-60,False
-,48,91,139,91,48,48,0,4.7109375,-4.7109375,-4.7109375,1,-1,False
-,48,92,140,92,48,48,0,4.453125,-4.453125,-4.453125,1,-70,False
-,48,93,141,93,48,48,0,4.41015625,-4.41015625,-4.41015625,1,-1,False
-,48,94,142,94,48,48,0,4.828125,-4.828125,-4.828125,1,-6,False
-,48,95,143,95,48,48,0,4.765625,-4.765625,-4.765625,1,-3,False
-,48,96,144,96,48,48,0,4.56640625,-4.56640625,-4.56640625,1,-69,False
-,48,97,145,97,48,48,0,5.01953125,-5.01953125,-5.01953125,1,-69,False
-,48,98,146,98,48,48,0,4.609375,-4.609375,-4.609375,1,-0,False
-,48,99,147,99,48,48,1,5.15625,-5.15625,-5.15625,1,-70,False
-,48,100,148,100,48,48,0,4.87109375,-4.87109375,-4.87109375,1,-2,False
-,49,1,50,1,49,49,14,5.64453125,-5.64453125,-5.64453125,1,-2,False
-,49,2,51,2,49,49,1,5.62109375,-5.62109375,-5.62109375,1,-2,False
-,49,3,52,3,49,49,5,5.49609375,-5.49609375,-5.49609375,1,-1,False
-,49,4,53,4,49,49,1,5.51953125,-5.51953125,-5.51953125,1,-2,False
-,49,5,54,5,49,49,0,5.5390625,-5.5390625,-5.5390625,1,-2,False
-,49,6,55,6,49,49,1,5.59765625,-5.59765625,-5.59765625,1,-6,False
-,49,7,56,7,49,49,0,5.72265625,-5.72265625,-5.72265625,1,-2,False
-,49,8,57,8,49,49,0,4.97265625,-4.97265625,-4.97265625,1,-2,False
-,49,9,58,9,49,49,0,4.83984375,-4.83984375,-4.83984375,1,-1,False
-,49,10,59,10,49,49,0,4.8046875,-4.8046875,-4.8046875,1,-5,False
-,49,11,60,11,49,49,2,5.765625,-5.765625,-5.765625,1,-3,False
-,49,12,61,12,49,49,1,4.98046875,-4.98046875,-4.98046875,1,-1,False
-,49,13,62,13,49,49,0,4.8046875,-4.8046875,-4.8046875,1,-1,False
-,49,14,63,14,49,49,0,5.56640625,-5.56640625,-5.56640625,1,-1,False
-,49,15,64,15,49,49,1,4.73046875,-4.73046875,-4.73046875,1,-6,False
-,49,16,65,16,49,49,0,4.80078125,-4.80078125,-4.80078125,1,-6,False
-,49,17,66,17,49,49,0,4.79296875,-4.79296875,-4.79296875,1,-2,False
-,49,18,67,18,49,49,0,4.9296875,-4.9296875,-4.9296875,1,-2,False
-,49,19,68,19,49,49,0,5.578125,-5.578125,-5.578125,1,-1,False
-,49,20,69,20,49,49,1,5.05078125,-5.05078125,-5.05078125,1,-6,False
-,49,21,70,21,49,49,0,4.8671875,-4.8671875,-4.8671875,1,-6,False
-,49,22,71,22,49,49,1,4.8125,-4.8125,-4.8125,1,-6,False
-,49,23,72,23,49,49,2,4.6328125,-4.6328125,-4.6328125,1,-1,False
-,49,24,73,24,49,49,0,4.640625,-4.640625,-4.640625,1,-6,False
-,49,25,74,25,49,49,0,5.44921875,-5.44921875,-5.44921875,1,-0,False
-,49,26,75,26,49,49,0,5.5234375,-5.5234375,-5.5234375,1,-3,False
-,49,27,76,27,49,49,0,4.75,-4.75,-4.75,1,-3,False
-,49,28,77,28,49,49,1,4.8984375,-4.8984375,-4.8984375,1,-0,False
-,49,29,78,29,49,49,0,5.03125,-5.03125,-5.03125,1,-2,False
-,49,30,79,30,49,49,1,5.22265625,-5.22265625,-5.22265625,1,-0,False
-,49,31,80,31,49,49,1,5.171875,-5.171875,-5.171875,1,-6,False
-,49,32,81,32,49,49,0,5.1484375,-5.1484375,-5.1484375,1,-6,False
-,49,33,82,33,49,49,0,5.53125,-5.53125,-5.53125,1,-6,False
-,49,34,83,34,49,49,1,4.8359375,-4.8359375,-4.8359375,1,-6,False
-,49,35,84,35,49,49,0,4.96484375,-4.96484375,-4.96484375,1,-5,False
-,49,36,85,36,49,49,1,4.5390625,-4.5390625,-4.5390625,1,-3,False
-,49,37,86,37,49,49,0,4.8125,-4.8125,-4.8125,1,-2,False
-,49,38,87,38,49,49,0,5.078125,-5.078125,-5.078125,1,-76,False
-,49,39,88,39,49,49,0,4.84375,-4.84375,-4.84375,1,-2,False
-,49,40,89,40,49,49,0,5.33203125,-5.33203125,-5.33203125,1,-6,False
-,49,41,90,41,49,49,0,4.85546875,-4.85546875,-4.85546875,1,-2,False
-,49,42,91,42,49,49,0,4.9375,-4.9375,-4.9375,1,-6,False
-,49,43,92,43,49,49,0,4.84765625,-4.84765625,-4.84765625,1,-6,False
-,49,44,93,44,49,49,0,4.87109375,-4.87109375,-4.87109375,1,-6,False
-,49,45,94,45,49,49,0,4.890625,-4.890625,-4.890625,1,-0,False
-,49,46,95,46,49,49,0,4.78515625,-4.78515625,-4.78515625,1,-2,False
-,49,47,96,47,49,49,4,4.54296875,-4.54296875,-4.54296875,1,-2,False
-,49,48,97,48,49,49,1,4.56640625,-4.56640625,-4.56640625,1,-3,False
-,49,49,98,49,49,49,0,4.33203125,-4.33203125,-4.33203125,1,-0,False
-,49,50,99,50,49,49,0,4.87890625,-4.87890625,-4.87890625,1,-0,False
-,49,51,100,51,49,49,0,4.8671875,-4.8671875,-4.8671875,1,-1,False
-,49,52,101,52,49,49,0,5.08984375,-5.08984375,-5.08984375,1,-2,False
-,49,53,102,53,49,49,0,4.58984375,-4.58984375,-4.58984375,1,-2,False
-,49,54,103,54,49,49,1,4.4453125,-4.4453125,-4.4453125,1,-6,False
-,49,55,104,55,49,49,0,4.87890625,-4.87890625,-4.87890625,1,-6,False
-,49,56,105,56,49,49,0,5.23046875,-5.23046875,-5.23046875,1,-6,False
-,49,57,106,57,49,49,0,5.0546875,-5.0546875,-5.0546875,1,-2,False
-,49,58,107,58,49,49,0,5.05078125,-5.05078125,-5.05078125,1,-3,False
-,49,59,108,59,49,49,0,5.00390625,-5.00390625,-5.00390625,1,-3,False
-,49,60,109,60,49,49,0,5.5078125,-5.5078125,-5.5078125,1,-6,False
-,49,61,110,61,49,49,0,5.42578125,-5.42578125,-5.42578125,1,-1,False
-,49,62,111,62,49,49,0,5.31640625,-5.31640625,-5.31640625,1,-2,False
-,49,63,112,63,49,49,0,5.0234375,-5.0234375,-5.0234375,1,-1,False
-,49,64,113,64,49,49,3,4.82421875,-4.82421875,-4.82421875,1,-1,False
-,49,65,114,65,49,49,0,4.9296875,-4.9296875,-4.9296875,1,-6,False
-,49,66,115,66,49,49,0,4.796875,-4.796875,-4.796875,1,-6,False
-,49,67,116,67,49,49,0,4.953125,-4.953125,-4.953125,1,-1,False
-,49,68,117,68,49,49,0,4.765625,-4.765625,-4.765625,1,-2,False
-,49,69,118,69,49,49,0,4.734375,-4.734375,-4.734375,1,-2,False
-,49,70,119,70,49,49,0,5.046875,-5.046875,-5.046875,1,-2,False
-,49,71,120,71,49,49,0,4.796875,-4.796875,-4.796875,1,-0,False
-,49,72,121,72,49,49,0,4.83203125,-4.83203125,-4.83203125,1,-2,False
-,49,73,122,73,49,49,1,5.26953125,-5.26953125,-5.26953125,1,-0,False
-,49,74,123,74,49,49,0,4.85546875,-4.85546875,-4.85546875,1,-2,False
-,49,75,124,75,49,49,0,4.78125,-4.78125,-4.78125,1,-3,False
-,49,76,125,76,49,49,0,4.62890625,-4.62890625,-4.62890625,1,-1,False
-,49,77,126,77,49,49,0,5.51171875,-5.51171875,-5.51171875,1,-70,False
-,49,78,127,78,49,49,0,5.05078125,-5.05078125,-5.05078125,1,-6,False
-,49,79,128,79,49,49,0,5.32421875,-5.32421875,-5.32421875,1,-2,False
-,49,80,129,80,49,49,0,5.0703125,-5.0703125,-5.0703125,1,-6,False
-,49,81,130,81,49,49,0,4.81640625,-4.81640625,-4.81640625,1,-6,False
-,49,82,131,82,49,49,0,4.83203125,-4.83203125,-4.83203125,1,-3,False
-,49,83,132,83,49,49,0,4.671875,-4.671875,-4.671875,1,-2,False
-,49,84,133,84,49,49,1,5.296875,-5.296875,-5.296875,1,-3,False
-,49,85,134,85,49,49,0,4.44921875,-4.44921875,-4.44921875,1,-6,False
-,49,86,135,86,49,49,0,5.24609375,-5.24609375,-5.24609375,1,- - - - - -,False
-,49,87,136,87,49,49,0,5.0703125,-5.0703125,-5.0703125,1,-1,False
-,49,88,137,88,49,49,0,5.1484375,-5.1484375,-5.1484375,1,-2,False
-,49,89,138,89,49,49,0,5.1796875,-5.1796875,-5.1796875,1,-2,False
-,49,90,139,90,49,49,0,4.4296875,-4.4296875,-4.4296875,1,-2,False
-,49,91,140,91,49,49,0,4.6796875,-4.6796875,-4.6796875,1,-1,False
-,49,92,141,92,49,49,0,4.59765625,-4.59765625,-4.59765625,1,-2,False
-,49,93,142,93,49,49,0,4.203125,-4.203125,-4.203125,1,-1,False
-,49,94,143,94,49,49,0,4.86328125,-4.86328125,-4.86328125,1,-69,False
-,49,95,144,95,49,49,0,4.59765625,-4.59765625,-4.59765625,1,-1,False
-,49,96,145,96,49,49,0,4.46875,-4.46875,-4.46875,1,-0,False
-,49,97,146,97,49,49,0,4.24609375,-4.24609375,-4.24609375,1,-3,False
-,49,98,147,98,49,49,0,4.58984375,-4.58984375,-4.58984375,1,-1,False
-,49,99,148,99,49,49,0,5.03515625,-5.03515625,-5.03515625,1,-3,False
-,49,100,149,100,49,49,0,4.84765625,-4.84765625,-4.84765625,1,-69,False
-,50,1,51,1,50,50,1,5.58203125,-5.58203125,-5.58203125,1,-2,False
-,50,2,52,2,50,50,4,5.5625,-5.5625,-5.5625,1,-0,False
-,50,3,53,3,50,50,3,5.3203125,-5.3203125,-5.3203125,1,-1,False
-,50,4,54,4,50,50,1,5.56640625,-5.56640625,-5.56640625,1,-3,False
-,50,5,55,5,50,50,7,5.54296875,-5.54296875,-5.54296875,1,-2,False
-,50,6,56,6,50,50,2,4.72265625,-4.72265625,-4.72265625,1,-3,False
-,50,7,57,7,50,50,0,5.71484375,-5.71484375,-5.71484375,1,-2,False
-,50,8,58,8,50,50,2,5.03125,-5.03125,-5.03125,1,-2,False
-,50,9,59,9,50,50,0,4.76953125,-4.76953125,-4.76953125,1,-1,False
-,50,10,60,10,50,50,10,4.890625,-4.890625,-4.890625,1,-2,False
-,50,11,61,11,50,50,0,4.828125,-4.828125,-4.828125,1,-2,False
-,50,12,62,12,50,50,0,4.984375,-4.984375,-4.984375,1,-1,False
-,50,13,63,13,50,50,1,5.48828125,-5.48828125,-5.48828125,1,-3,False
-,50,14,64,14,50,50,6,4.7421875,-4.7421875,-4.7421875,1,-1,False
-,50,15,65,15,50,50,1,4.73828125,-4.73828125,-4.73828125,1,-1,False
-,50,16,66,16,50,50,0,4.8203125,-4.8203125,-4.8203125,1,-6,False
-,50,17,67,17,50,50,1,5.71484375,-5.71484375,-5.71484375,1,-2,False
-,50,18,68,18,50,50,1,4.67578125,-4.67578125,-4.67578125,1,-5,False
-,50,19,69,19,50,50,0,5.734375,-5.734375,-5.734375,1,-6,False
-,50,20,70,20,50,50,6,4.96484375,-4.96484375,-4.96484375,1,-2,False
-,50,21,71,21,50,50,0,4.79296875,-4.79296875,-4.79296875,1,-6,False
-,50,22,72,22,50,50,1,4.828125,-4.828125,-4.828125,1,-1,False
-,50,23,73,23,50,50,0,5.62890625,-5.62890625,-5.62890625,1,-6,False
-,50,24,74,24,50,50,1,5.5546875,-5.5546875,-5.5546875,1,-3,False
-,50,25,75,25,50,50,6,5.4609375,-5.4609375,-5.4609375,1,-0,False
-,50,26,76,26,50,50,0,5.578125,-5.578125,-5.578125,1,-3,False
-,50,27,77,27,50,50,0,5.6484375,-5.6484375,-5.6484375,1,-3,False
-,50,28,78,28,50,50,2,4.96875,-4.96875,-4.96875,1,-1,False
-,50,29,79,29,50,50,2,4.91796875,-4.91796875,-4.91796875,1,-2,False
-,50,30,80,30,50,50,6,5.25,-5.25,-5.25,1,-0,False
-,50,31,81,31,50,50,0,5.1484375,-5.1484375,-5.1484375,1,-2,False
-,50,32,82,32,50,50,0,5.07421875,-5.07421875,-5.07421875,1,-6,False
-,50,33,83,33,50,50,0,5.55859375,-5.55859375,-5.55859375,1,-1,False
-,50,34,84,34,50,50,0,4.90625,-4.90625,-4.90625,1,-3,False
-,50,35,85,35,50,50,1,4.8203125,-4.8203125,-4.8203125,1,-6,False
-,50,36,86,36,50,50,0,4.71875,-4.71875,-4.71875,1,-3,False
-,50,37,87,37,50,50,0,4.76953125,-4.76953125,-4.76953125,1,-2,False
-,50,38,88,38,50,50,1,5.00390625,-5.00390625,-5.00390625,1,-76,False
-,50,39,89,39,50,50,0,5.03515625,-5.03515625,-5.03515625,1,-3,False
-,50,40,90,40,50,50,7,5.13671875,-5.13671875,-5.13671875,1,-0,False
-,50,41,91,41,50,50,0,4.8984375,-4.8984375,-4.8984375,1,-1,False
-,50,42,92,42,50,50,0,4.96875,-4.96875,-4.96875,1,-2,False
-,50,43,93,43,50,50,0,4.7734375,-4.7734375,-4.7734375,1,-3,False
-,50,44,94,44,50,50,0,4.7578125,-4.7578125,-4.7578125,1,-3,False
-,50,45,95,45,50,50,0,5.046875,-5.046875,-5.046875,1,-2,False
-,50,46,96,46,50,50,1,4.8203125,-4.8203125,-4.8203125,1,-2,False
-,50,47,97,47,50,50,0,4.48046875,-4.48046875,-4.48046875,1,-0,False
-,50,48,98,48,50,50,0,4.32421875,-4.32421875,-4.32421875,1,-5,False
-,50,49,99,49,50,50,1,5.28515625,-5.28515625,-5.28515625,1,-0,False
-,50,50,100,50,50,50,26,4.76953125,-4.76953125,-4.76953125,1,-2,False
-,50,51,101,51,50,50,1,4.80859375,-4.80859375,-4.80859375,1,-1,False
-,50,52,102,52,50,50,0,4.62890625,-4.62890625,-4.62890625,1,-2,False
-,50,53,103,53,50,50,0,5.10546875,-5.10546875,-5.10546875,1,-3,False
-,50,54,104,54,50,50,0,4.69140625,-4.69140625,-4.69140625,1,-1,False
-,50,55,105,55,50,50,0,4.890625,-4.890625,-4.890625,1,-6,False
-,50,56,106,56,50,50,0,5.109375,-5.109375,-5.109375,1,-5,False
-,50,57,107,57,50,50,2,5.015625,-5.015625,-5.015625,1,-3,False
-,50,58,108,58,50,50,0,4.9453125,-4.9453125,-4.9453125,1,-5,False
-,50,59,109,59,50,50,0,5.11328125,-5.11328125,-5.11328125,1,-2,False
-,50,60,110,60,50,50,2,5.24609375,-5.24609375,-5.24609375,1,-6,False
-,50,61,111,61,50,50,0,5.46484375,-5.46484375,-5.46484375,1,-6,False
-,50,62,112,62,50,50,0,5.34765625,-5.34765625,-5.34765625,1,-6,False
-,50,63,113,63,50,50,0,4.859375,-4.859375,-4.859375,1,-2,False
-,50,64,114,64,50,50,0,4.96875,-4.96875,-4.96875,1,-2,False
-,50,65,115,65,50,50,0,4.7890625,-4.7890625,-4.7890625,1,-5,False
-,50,66,116,66,50,50,0,4.9765625,-4.9765625,-4.9765625,1,-6,False
-,50,67,117,67,50,50,0,4.6796875,-4.6796875,-4.6796875,1,-2,False
-,50,68,118,68,50,50,0,4.87890625,-4.87890625,-4.87890625,1,-2,False
-,50,69,119,69,50,50,0,5.58203125,-5.58203125,-5.58203125,1,-2,False
-,50,70,120,70,50,50,1,5.359375,-5.359375,-5.359375,1,-2,False
-,50,71,121,71,50,50,0,4.8125,-4.8125,-4.8125,1,-3,False
-,50,72,122,72,50,50,0,4.7109375,-4.7109375,-4.7109375,1,-3,False
-,50,73,123,73,50,50,0,5.19140625,-5.19140625,-5.19140625,1,-2,False
-,50,74,124,74,50,50,0,4.78515625,-4.78515625,-4.78515625,1,-2,False
-,50,75,125,75,50,50,2,4.703125,-4.703125,-4.703125,1,-2,False
-,50,76,126,76,50,50,0,4.74609375,-4.74609375,-4.74609375,1,-1,False
-,50,77,127,77,50,50,0,5.22265625,-5.22265625,-5.22265625,1,-70,False
-,50,78,128,78,50,50,1,4.984375,-4.984375,-4.984375,1,-3,False
-,50,79,129,79,50,50,0,4.93359375,-4.93359375,-4.93359375,1,-69,False
-,50,80,130,80,50,50,0,5.02734375,-5.02734375,-5.02734375,1,-6,False
-,50,81,131,81,50,50,0,4.83984375,-4.83984375,-4.83984375,1,-2,False
-,50,82,132,82,50,50,0,4.55078125,-4.55078125,-4.55078125,1,-3,False
-,50,83,133,83,50,50,0,4.86328125,-4.86328125,-4.86328125,1,-2,False
-,50,84,134,84,50,50,0,5.24609375,-5.24609375,-5.24609375,1,-6,False
-,50,85,135,85,50,50,0,4.50390625,-4.50390625,-4.50390625,1,-70,False
-,50,86,136,86,50,50,0,5.3828125,-5.3828125,-5.3828125,1,-2,False
-,50,87,137,87,50,50,0,5.04296875,-5.04296875,-5.04296875,1,-2,False
-,50,88,138,88,50,50,0,5.140625,-5.140625,-5.140625,1,-2,False
-,50,89,139,89,50,50,0,5.5625,-5.5625,-5.5625,1,-69,False
-,50,90,140,90,50,50,2,5.32421875,-5.32421875,-5.32421875,1,-6,False
-,50,91,141,91,50,50,0,4.72265625,-4.72265625,-4.72265625,1,-0,False
-,50,92,142,92,50,50,0,4.49609375,-4.49609375,-4.49609375,1,-6,False
-,50,93,143,93,50,50,0,5.234375,-5.234375,-5.234375,1,-1,False
-,50,94,144,94,50,50,0,4.7265625,-4.7265625,-4.7265625,1,-69,False
-,50,95,145,95,50,50,0,4.5390625,-4.5390625,-4.5390625,1,-3,False
-,50,96,146,96,50,50,0,4.83984375,-4.83984375,-4.83984375,1,-6,False
-,50,97,147,97,50,50,0,5.23046875,-5.23046875,-5.23046875,1,-7,False
-,50,98,148,98,50,50,0,4.390625,-4.390625,-4.390625,1,-2,False
-,50,99,149,99,50,50,0,5.07421875,-5.07421875,-5.07421875,1,-60,False
-,50,100,150,100,50,50,9,4.8125,-4.8125,-4.8125,1,-0,False
-,51,1,52,1,51,51,3,5.5390625,-5.5390625,-5.5390625,1,-6,False
-,51,2,53,2,51,51,3,5.44921875,-5.44921875,-5.44921875,1,-6,False
-,51,3,54,3,51,51,3,5.4375,-5.4375,-5.4375,1,-6,False
-,51,4,55,4,51,51,0,5.58203125,-5.58203125,-5.58203125,1,-2,False
-,51,5,56,5,51,51,0,5.75390625,-5.75390625,-5.75390625,1,-3,False
-,51,6,57,6,51,51,1,5.8046875,-5.8046875,-5.8046875,1,-5,False
-,51,7,58,7,51,51,0,5.80859375,-5.80859375,-5.80859375,1,-2,False
-,51,8,59,8,51,51,1,5.91796875,-5.91796875,-5.91796875,1,-2,False
-,51,9,60,9,51,51,0,5.8671875,-5.8671875,-5.8671875,1,-1,False
-,51,10,61,10,51,51,3,6.1015625,-6.1015625,-6.1015625,1,-2,False
-,51,11,62,11,51,51,0,5.83984375,-5.83984375,-5.83984375,1,-2,False
-,51,12,63,12,51,51,0,5.5859375,-5.5859375,-5.5859375,1,-2,False
-,51,13,64,13,51,51,1,5.640625,-5.640625,-5.640625,1,-3,False
-,51,14,65,14,51,51,0,5.7578125,-5.7578125,-5.7578125,1,-1,False
-,51,15,66,15,51,51,3,5.7578125,-5.7578125,-5.7578125,1,-6,False
-,51,16,67,16,51,51,0,5.80859375,-5.80859375,-5.80859375,1,-6,False
-,51,17,68,17,51,51,0,5.5234375,-5.5234375,-5.5234375,1,-3,False
-,51,18,69,18,51,51,0,5.875,-5.875,-5.875,1,-2,False
-,51,19,70,19,51,51,0,5.8359375,-5.8359375,-5.8359375,1,-6,False
-,51,20,71,20,51,51,0,5.96484375,-5.96484375,-5.96484375,1,-5,False
-,51,21,72,21,51,51,2,5.85546875,-5.85546875,-5.85546875,1,-6,False
-,51,22,73,22,51,51,0,5.84375,-5.84375,-5.84375,1,-6,False
-,51,23,74,23,51,51,0,5.57421875,-5.57421875,-5.57421875,1,-2,False
-,51,24,75,24,51,51,0,5.515625,-5.515625,-5.515625,1,-3,False
-,51,25,76,25,51,51,0,5.5546875,-5.5546875,-5.5546875,1,-5,False
-,51,26,77,26,51,51,0,5.53515625,-5.53515625,-5.53515625,1,-3,False
-,51,27,78,27,51,51,1,5.828125,-5.828125,-5.828125,1,-5,False
-,51,28,79,28,51,51,0,5.96484375,-5.96484375,-5.96484375,1,-6,False
-,51,29,80,29,51,51,1,6.05859375,-6.05859375,-6.05859375,1,-2,False
-,51,30,81,30,51,51,0,5.23828125,-5.23828125,-5.23828125,1,-1,False
-,51,31,82,31,51,51,0,5.96484375,-5.96484375,-5.96484375,1,-2,False
-,51,32,83,32,51,51,1,5.11328125,-5.11328125,-5.11328125,1,-1,False
-,51,33,84,33,51,51,0,5.5546875,-5.5546875,-5.5546875,1,-6,False
-,51,34,85,34,51,51,0,5.765625,-5.765625,-5.765625,1,-3,False
-,51,35,86,35,51,51,0,5.98828125,-5.98828125,-5.98828125,1,-1,False
-,51,36,87,36,51,51,0,5.65234375,-5.65234375,-5.65234375,1,-2,False
-,51,37,88,37,51,51,1,5.7109375,-5.7109375,-5.7109375,1,-2,False
-,51,38,89,38,51,51,2,5.1484375,-5.1484375,-5.1484375,1,-6,False
-,51,39,90,39,51,51,1,5.890625,-5.890625,-5.890625,1,-6,False
-,51,40,91,40,51,51,0,6.16015625,-6.16015625,-6.16015625,1,-6,False
-,51,41,92,41,51,51,0,5.8984375,-5.8984375,-5.8984375,1,-2,False
-,51,42,93,42,51,51,0,5.9609375,-5.9609375,-5.9609375,1,-2,False
-,51,43,94,43,51,51,0,5.7421875,-5.7421875,-5.7421875,1,-3,False
-,51,44,95,44,51,51,0,5.94140625,-5.94140625,-5.94140625,1,-6,False
-,51,45,96,45,51,51,1,6.03515625,-6.03515625,-6.03515625,1,-3,False
-,51,46,97,46,51,51,0,5.76953125,-5.76953125,-5.76953125,1,-2,False
-,51,47,98,47,51,51,1,5.54296875,-5.54296875,-5.54296875,1,-2,False
-,51,48,99,48,51,51,1,5.375,-5.375,-5.375,1,-1,False
-,51,49,100,49,51,51,3,4.96875,-4.96875,-4.96875,1,-3,False
-,51,50,101,50,51,51,0,4.76171875,-4.76171875,-4.76171875,1,-2,False
-,51,51,102,51,51,51,0,6.01953125,-6.01953125,-6.01953125,1,-2,False
-,51,52,103,52,51,51,0,5.20703125,-5.20703125,-5.20703125,1,-2,False
-,51,53,104,53,51,51,0,5.20703125,-5.20703125,-5.20703125,1,-6,False
-,51,54,105,54,51,51,1,5.57421875,-5.57421875,-5.57421875,1,-2,False
-,51,55,106,55,51,51,0,5.83984375,-5.83984375,-5.83984375,1,-6,False
-,51,56,107,56,51,51,0,6.1875,-6.1875,-6.1875,1,-6,False
-,51,57,108,57,51,51,0,5.91796875,-5.91796875,-5.91796875,1,-3,False
-,51,58,109,58,51,51,0,6.01953125,-6.01953125,-6.01953125,1,-2,False
-,51,59,110,59,51,51,0,6.20703125,-6.20703125,-6.20703125,1,-2,False
-,51,60,111,60,51,51,0,5.47265625,-5.47265625,-5.47265625,1,-6,False
-,51,61,112,61,51,51,0,5.53125,-5.53125,-5.53125,1,-1,False
-,51,62,113,62,51,51,0,6.140625,-6.140625,-6.140625,1,-1,False
-,51,63,114,63,51,51,0,5.98828125,-5.98828125,-5.98828125,1,-2,False
-,51,64,115,64,51,51,1,5.58984375,-5.58984375,-5.58984375,1,-2,False
-,51,65,116,65,51,51,0,6.125,-6.125,-6.125,1,-5,False
-,51,66,117,66,51,51,0,5.78515625,-5.78515625,-5.78515625,1,-1,False
-,51,67,118,67,51,51,0,5.8125,-5.8125,-5.8125,1,-1,False
-,51,68,119,68,51,51,0,5.703125,-5.703125,-5.703125,1,-1,False
-,51,69,120,69,51,51,0,5.94140625,-5.94140625,-5.94140625,1,-2,False
-,51,70,121,70,51,51,0,5.375,-5.375,-5.375,1,-1,False
-,51,71,122,71,51,51,0,5.7578125,-5.7578125,-5.7578125,1,-6,False
-,51,72,123,72,51,51,0,5.5625,-5.5625,-5.5625,1,-6,False
-,51,73,124,73,51,51,0,6.11328125,-6.11328125,-6.11328125,1,-2,False
-,51,74,125,74,51,51,0,5.70703125,-5.70703125,-5.70703125,1,-2,False
-,51,75,126,75,51,51,3,5.83203125,-5.83203125,-5.83203125,1,-2,False
-,51,76,127,76,51,51,0,5.48828125,-5.48828125,-5.48828125,1,-1,False
-,51,77,128,77,51,51,0,5.203125,-5.203125,-5.203125,1,-6,False
-,51,78,129,78,51,51,0,6.17578125,-6.17578125,-6.17578125,1,-2,False
-,51,79,130,79,51,51,0,5.4609375,-5.4609375,-5.4609375,1,-70,False
-,51,80,131,80,51,51,0,6.00390625,-6.00390625,-6.00390625,1,-5,False
-,51,81,132,81,51,51,0,5.69140625,-5.69140625,-5.69140625,1,-6,False
-,51,82,133,82,51,51,0,5.76171875,-5.76171875,-5.76171875,1,-5,False
-,51,83,134,83,51,51,0,5.69921875,-5.69921875,-5.69921875,1,-2,False
-,51,84,135,84,51,51,0,5.34765625,-5.34765625,-5.34765625,1,-6,False
-,51,85,136,85,51,51,0,5.41796875,-5.41796875,-5.41796875,1,-3,False
-,51,86,137,86,51,51,0,5.3203125,-5.3203125,-5.3203125,1,-6,False
-,51,87,138,87,51,51,0,5.0703125,-5.0703125,-5.0703125,1,-2,False
-,51,88,139,88,51,51,0,5.59375,-5.59375,-5.59375,1,-69,False
-,51,89,140,89,51,51,0,5.61328125,-5.61328125,-5.61328125,1,-69,False
-,51,90,141,90,51,51,0,5.4765625,-5.4765625,-5.4765625,1,-6,False
-,51,91,142,91,51,51,0,5.51171875,-5.51171875,-5.51171875,1,-1,False
-,51,92,143,92,51,51,0,5.640625,-5.640625,-5.640625,1,-6,False
-,51,93,144,93,51,51,0,5.19140625,-5.19140625,-5.19140625,1,-2,False
-,51,94,145,94,51,51,0,5.57421875,-5.57421875,-5.57421875,1,-70,False
-,51,95,146,95,51,51,0,5.87890625,-5.87890625,-5.87890625,1,-0,False
-,51,96,147,96,51,51,0,5.78125,-5.78125,-5.78125,1,-0,False
-,51,97,148,97,51,51,0,5.05859375,-5.05859375,-5.05859375,1,-3,False
-,51,98,149,98,51,51,0,5.1875,-5.1875,-5.1875,1,-2,False
-,51,99,150,99,51,51,0,5.6796875,-5.6796875,-5.6796875,1,-69,False
-,51,100,151,100,51,51,0,4.88671875,-4.88671875,-4.88671875,1,-1,False
-,52,1,53,1,52,52,2,5.47265625,-5.47265625,-5.47265625,1,-2,False
-,52,2,54,2,52,52,0,5.484375,-5.484375,-5.484375,1,-3,False
-,52,3,55,3,52,52,2,5.4765625,-5.4765625,-5.4765625,1,-1,False
-,52,4,56,4,52,52,0,5.76953125,-5.76953125,-5.76953125,1,-3,False
-,52,5,57,5,52,52,0,5.78515625,-5.78515625,-5.78515625,1,-2,False
-,52,6,58,6,52,52,0,5.8671875,-5.8671875,-5.8671875,1,-5,False
-,52,7,59,7,52,52,1,5.80078125,-5.80078125,-5.80078125,1,-2,False
-,52,8,60,8,52,52,0,5.88671875,-5.88671875,-5.88671875,1,-2,False
-,52,9,61,9,52,52,1,6.01953125,-6.01953125,-6.01953125,1,-1,False
-,52,10,62,10,52,52,1,5.02734375,-5.02734375,-5.02734375,1,-2,False
-,52,11,63,11,52,52,1,5.5703125,-5.5703125,-5.5703125,1,-3,False
-,52,12,64,12,52,52,3,5.7734375,-5.7734375,-5.7734375,1,-2,False
-,52,13,65,13,52,52,2,5.65234375,-5.65234375,-5.65234375,1,-3,False
-,52,14,66,14,52,52,2,5.7109375,-5.7109375,-5.7109375,1,-6,False
-,52,15,67,15,52,52,1,5.77734375,-5.77734375,-5.77734375,1,-6,False
-,52,16,68,16,52,52,0,5.546875,-5.546875,-5.546875,1,-6,False
-,52,17,69,17,52,52,0,5.640625,-5.640625,-5.640625,1,-2,False
-,52,18,70,18,52,52,0,5.89453125,-5.89453125,-5.89453125,1,-2,False
-,52,19,71,19,52,52,0,5.66796875,-5.66796875,-5.66796875,1,-2,False
-,52,20,72,20,52,52,1,6.0,-6.0,-6.0,1,-1,False
-,52,21,73,21,52,52,1,5.8828125,-5.8828125,-5.8828125,1,-6,False
-,52,22,74,22,52,52,0,5.77734375,-5.77734375,-5.77734375,1,-0,False
-,52,23,75,23,52,52,0,5.4921875,-5.4921875,-5.4921875,1,-6,False
-,52,24,76,24,52,52,0,5.58203125,-5.58203125,-5.58203125,1,-6,False
-,52,25,77,25,52,52,1,5.484375,-5.484375,-5.484375,1,-5,False
-,52,26,78,26,52,52,2,5.61328125,-5.61328125,-5.61328125,1,-3,False
-,52,27,79,27,52,52,0,5.75,-5.75,-5.75,1,-3,False
-,52,28,80,28,52,52,0,5.9765625,-5.9765625,-5.9765625,1,-2,False
-,52,29,81,29,52,52,0,5.95703125,-5.95703125,-5.95703125,1,-1,False
-,52,30,82,30,52,52,0,5.10546875,-5.10546875,-5.10546875,1,-6,False
-,52,31,83,31,52,52,0,6.00390625,-6.00390625,-6.00390625,1,-6,False
-,52,32,84,32,52,52,0,5.1171875,-5.1171875,-5.1171875,1,-6,False
-,52,33,85,33,52,52,0,5.49609375,-5.49609375,-5.49609375,1,-1,False
-,52,34,86,34,52,52,0,5.9296875,-5.9296875,-5.9296875,1,-6,False
-,52,35,87,35,52,52,0,4.98046875,-4.98046875,-4.98046875,1,-6,False
-,52,36,88,36,52,52,0,5.5703125,-5.5703125,-5.5703125,1,-2,False
-,52,37,89,37,52,52,0,5.90234375,-5.90234375,-5.90234375,1,-1,False
-,52,38,90,38,52,52,1,4.98828125,-4.98828125,-4.98828125,1,-73,False
-,52,39,91,39,52,52,0,5.921875,-5.921875,-5.921875,1,-3,False
-,52,40,92,40,52,52,2,5.1953125,-5.1953125,-5.1953125,1,-6,False
-,52,41,93,41,52,52,0,5.90625,-5.90625,-5.90625,1,-2,False
-,52,42,94,42,52,52,1,5.88671875,-5.88671875,-5.88671875,1,-74,False
-,52,43,95,43,52,52,0,5.84765625,-5.84765625,-5.84765625,1,-6,False
-,52,44,96,44,52,52,0,4.94140625,-4.94140625,-4.94140625,1,-3,False
-,52,45,97,45,52,52,0,4.95703125,-4.95703125,-4.95703125,1,-1,False
-,52,46,98,46,52,52,0,5.68359375,-5.68359375,-5.68359375,1,-2,False
-,52,47,99,47,52,52,1,5.34765625,-5.34765625,-5.34765625,1,-6,False
-,52,48,100,48,52,52,2,5.22265625,-5.22265625,-5.22265625,1,-3,False
-,52,49,101,49,52,52,0,4.9765625,-4.9765625,-4.9765625,1,-3,False
-,52,50,102,50,52,52,0,4.921875,-4.921875,-4.921875,1,-3,False
-,52,51,103,51,52,52,0,4.8671875,-4.8671875,-4.8671875,1,-1,False
-,52,52,104,52,52,52,0,4.34375,-4.34375,-4.34375,1,-2,False
-,52,53,105,53,52,52,0,5.5,-5.5,-5.5,1,-3,False
-,52,54,106,54,52,52,0,5.61328125,-5.61328125,-5.61328125,1,-2,False
-,52,55,107,55,52,52,0,5.8125,-5.8125,-5.8125,1,-3,False
-,52,56,108,56,52,52,0,5.9296875,-5.9296875,-5.9296875,1,-6,False
-,52,57,109,57,52,52,0,5.07421875,-5.07421875,-5.07421875,1,-2,False
-,52,58,110,58,52,52,1,4.98828125,-4.98828125,-4.98828125,1,-3,False
-,52,59,111,59,52,52,0,5.0,-5.0,-5.0,1,-3,False
-,52,60,112,60,52,52,1,5.4453125,-5.4453125,-5.4453125,1,-6,False
-,52,61,113,61,52,52,0,5.3671875,-5.3671875,-5.3671875,1,-1,False
-,52,62,114,62,52,52,0,5.30859375,-5.30859375,-5.30859375,1,-6,False
-,52,63,115,63,52,52,0,5.859375,-5.859375,-5.859375,1,-1,False
-,52,64,116,64,52,52,0,5.1640625,-5.1640625,-5.1640625,1,-1,False
-,52,65,117,65,52,52,0,5.828125,-5.828125,-5.828125,1,-6,False
-,52,66,118,66,52,52,0,5.92578125,-5.92578125,-5.92578125,1,-6,False
-,52,67,119,67,52,52,0,5.64453125,-5.64453125,-5.64453125,1,-0,False
-,52,68,120,68,52,52,0,4.953125,-4.953125,-4.953125,1,-1,False
-,52,69,121,69,52,52,0,5.94140625,-5.94140625,-5.94140625,1,-1,False
-,52,70,122,70,52,52,0,5.30078125,-5.30078125,-5.30078125,1,-2,False
-,52,71,123,71,52,52,0,5.6796875,-5.6796875,-5.6796875,1,-1,False
-,52,72,124,72,52,52,0,5.69140625,-5.69140625,-5.69140625,1,-6,False
-,52,73,125,73,52,52,0,5.8671875,-5.8671875,-5.8671875,1,-2,False
-,52,74,126,74,52,52,0,5.8515625,-5.8515625,-5.8515625,1,-3,False
-,52,75,127,75,52,52,0,5.27734375,-5.27734375,-5.27734375,1,-3,False
-,52,76,128,76,52,52,0,5.85546875,-5.85546875,-5.85546875,1,-2,False
-,52,77,129,77,52,52,0,5.87109375,-5.87109375,-5.87109375,1,-5,False
-,52,78,130,78,52,52,0,4.93359375,-4.93359375,-4.93359375,1,-2,False
-,52,79,131,79,52,52,0,5.90625,-5.90625,-5.90625,1,-6,False
-,52,80,132,80,52,52,0,4.8828125,-4.8828125,-4.8828125,1,-6,False
-,52,81,133,81,52,52,0,5.75,-5.75,-5.75,1,-3,False
-,52,82,134,82,52,52,0,5.55078125,-5.55078125,-5.55078125,1,-6,False
-,52,83,135,83,52,52,0,5.69140625,-5.69140625,-5.69140625,1,-3,False
-,52,84,136,84,52,52,1,5.296875,-5.296875,-5.296875,1,-6,False
-,52,85,137,85,52,52,0,5.56640625,-5.56640625,-5.56640625,1,-5,False
-,52,86,138,86,52,52,0,5.31640625,-5.31640625,-5.31640625,1,-2,False
-,52,87,139,87,52,52,0,5.15234375,-5.15234375,-5.15234375,1,-1,False
-,52,88,140,88,52,52,0,5.4609375,-5.4609375,-5.4609375,1,-2,False
-,52,89,141,89,52,52,0,5.53125,-5.53125,-5.53125,1,-69,False
-,52,90,142,90,52,52,0,5.2890625,-5.2890625,-5.2890625,1,-60,False
-,52,91,143,91,52,52,0,5.70703125,-5.70703125,-5.70703125,1,-1,False
-,52,92,144,92,52,52,0,5.29296875,-5.29296875,-5.29296875,1,-70,False
-,52,93,145,93,52,52,0,5.0234375,-5.0234375,-5.0234375,1,-2,False
-,52,94,146,94,52,52,0,4.96875,-4.96875,-4.96875,1,-69,False
-,52,95,147,95,52,52,0,4.8984375,-4.8984375,-4.8984375,1,-2,False
-,52,96,148,96,52,52,0,5.51171875,-5.51171875,-5.51171875,1,-69,False
-,52,97,149,97,52,52,0,5.046875,-5.046875,-5.046875,1,-6,False
-,52,98,150,98,52,52,0,5.01953125,-5.01953125,-5.01953125,1,-99,False
-,52,99,151,99,52,52,0,5.00390625,-5.00390625,-5.00390625,1,-70,False
-,52,100,152,100,52,52,0,4.94140625,-4.94140625,-4.94140625,1,-1,False
-,53,1,54,1,53,53,1,5.52734375,-5.52734375,-5.52734375,1,-2,False
-,53,2,55,2,53,53,0,5.5390625,-5.5390625,-5.5390625,1,-1,False
-,53,3,56,3,53,53,0,5.59375,-5.59375,-5.59375,1,-1,False
-,53,4,57,4,53,53,0,5.8359375,-5.8359375,-5.8359375,1,-5,False
-,53,5,58,5,53,53,0,5.91015625,-5.91015625,-5.91015625,1,-2,False
-,53,6,59,6,53,53,0,5.68359375,-5.68359375,-5.68359375,1,-5,False
-,53,7,60,7,53,53,1,5.80859375,-5.80859375,-5.80859375,1,-2,False
-,53,8,61,8,53,53,0,6.04296875,-6.04296875,-6.04296875,1,-1,False
-,53,9,62,9,53,53,0,6.03515625,-6.03515625,-6.03515625,1,-1,False
-,53,10,63,10,53,53,0,5.72265625,-5.72265625,-5.72265625,1,-5,False
-,53,11,64,11,53,53,2,5.69921875,-5.69921875,-5.69921875,1,-5,False
-,53,12,65,12,53,53,1,5.765625,-5.765625,-5.765625,1,-3,False
-,53,13,66,13,53,53,1,5.69921875,-5.69921875,-5.69921875,1,-3,False
-,53,14,67,14,53,53,0,5.68359375,-5.68359375,-5.68359375,1,-1,False
-,53,15,68,15,53,53,3,5.54296875,-5.54296875,-5.54296875,1,-6,False
-,53,16,69,16,53,53,2,5.65625,-5.65625,-5.65625,1,-6,False
-,53,17,70,17,53,53,0,5.8046875,-5.8046875,-5.8046875,1,-2,False
-,53,18,71,18,53,53,1,5.83203125,-5.83203125,-5.83203125,1,-1,False
-,53,19,72,19,53,53,0,5.71484375,-5.71484375,-5.71484375,1,-6,False
-,53,20,73,20,53,53,0,6.0234375,-6.0234375,-6.0234375,1,-1,False
-,53,21,74,21,53,53,0,5.7734375,-5.7734375,-5.7734375,1,-6,False
-,53,22,75,22,53,53,0,5.79296875,-5.79296875,-5.79296875,1,-1,False
-,53,23,76,23,53,53,1,5.640625,-5.640625,-5.640625,1,-2,False
-,53,24,77,24,53,53,1,5.375,-5.375,-5.375,1,-1,False
-,53,25,78,25,53,53,0,5.578125,-5.578125,-5.578125,1,-0,False
-,53,26,79,26,53,53,0,5.58984375,-5.58984375,-5.58984375,1,-3,False
-,53,27,80,27,53,53,0,5.87109375,-5.87109375,-5.87109375,1,-5,False
-,53,28,81,28,53,53,0,5.89453125,-5.89453125,-5.89453125,1,-6,False
-,53,29,82,29,53,53,0,5.87109375,-5.87109375,-5.87109375,1,-1,False
-,53,30,83,30,53,53,0,5.1328125,-5.1328125,-5.1328125,1,-1,False
-,53,31,84,31,53,53,0,6.015625,-6.015625,-6.015625,1,-5,False
-,53,32,85,32,53,53,0,6.03125,-6.03125,-6.03125,1,-1,False
-,53,33,86,33,53,53,1,5.63671875,-5.63671875,-5.63671875,1,-1,False
-,53,34,87,34,53,53,0,5.94921875,-5.94921875,-5.94921875,1,-3,False
-,53,35,88,35,53,53,0,5.84375,-5.84375,-5.84375,1,-3,False
-,53,36,89,36,53,53,0,5.7578125,-5.7578125,-5.7578125,1,-2,False
-,53,37,90,37,53,53,3,5.79296875,-5.79296875,-5.79296875,1,-2,False
-,53,38,91,38,53,53,0,5.08203125,-5.08203125,-5.08203125,1,-6,False
-,53,39,92,39,53,53,0,5.9453125,-5.9453125,-5.9453125,1,-3,False
-,53,40,93,40,53,53,0,5.203125,-5.203125,-5.203125,1,-6,False
-,53,41,94,41,53,53,1,5.84375,-5.84375,-5.84375,1,-1,False
-,53,42,95,42,53,53,0,6.1015625,-6.1015625,-6.1015625,1,-74,False
-,53,43,96,43,53,53,0,5.875,-5.875,-5.875,1,-3,False
-,53,44,97,44,53,53,0,5.87109375,-5.87109375,-5.87109375,1,-5,False
-,53,45,98,45,53,53,0,5.9140625,-5.9140625,-5.9140625,1,-3,False
-,53,46,99,46,53,53,0,5.6640625,-5.6640625,-5.6640625,1,-1,False
-,53,47,100,47,53,53,1,5.2578125,-5.2578125,-5.2578125,1,-0,False
-,53,48,101,48,53,53,0,5.1875,-5.1875,-5.1875,1,-3,False
-,53,49,102,49,53,53,0,5.55859375,-5.55859375,-5.55859375,1,-0,False
-,53,50,103,50,53,53,0,4.890625,-4.890625,-4.890625,1,-0,False
-,53,51,104,51,53,53,0,4.9609375,-4.9609375,-4.9609375,1,-2,False
-,53,52,105,52,53,53,0,5.30859375,-5.30859375,-5.30859375,1,-3,False
-,53,53,106,53,53,53,0,5.56640625,-5.56640625,-5.56640625,1,-5,False
-,53,54,107,54,53,53,1,5.58203125,-5.58203125,-5.58203125,1,-6,False
-,53,55,108,55,53,53,0,5.65625,-5.65625,-5.65625,1,-6,False
-,53,56,109,56,53,53,0,6.11328125,-6.11328125,-6.11328125,1,-1,False
-,53,57,110,57,53,53,0,6.03515625,-6.03515625,-6.03515625,1,-3,False
-,53,58,111,58,53,53,0,5.9296875,-5.9296875,-5.9296875,1,-1,False
-,53,59,112,59,53,53,0,6.0546875,-6.0546875,-6.0546875,1,-2,False
-,53,60,113,60,53,53,0,5.40234375,-5.40234375,-5.40234375,1,-6,False
-,53,61,114,61,53,53,0,5.4765625,-5.4765625,-5.4765625,1,-1,False
-,53,62,115,62,53,53,0,6.1015625,-6.1015625,-6.1015625,1,-6,False
-,53,63,116,63,53,53,0,6.09765625,-6.09765625,-6.09765625,1,-6,False
-,53,64,117,64,53,53,0,5.9140625,-5.9140625,-5.9140625,1,-2,False
-,53,65,118,65,53,53,0,5.921875,-5.921875,-5.921875,1,-6,False
-,53,66,119,66,53,53,0,5.765625,-5.765625,-5.765625,1,-6,False
-,53,67,120,67,53,53,0,5.95703125,-5.95703125,-5.95703125,1,-1,False
-,53,68,121,68,53,53,0,6.0390625,-6.0390625,-6.0390625,1,-6,False
-,53,69,122,69,53,53,0,5.85546875,-5.85546875,-5.85546875,1,-2,False
-,53,70,123,70,53,53,0,5.26953125,-5.26953125,-5.26953125,1,-6,False
-,53,71,124,71,53,53,1,5.6328125,-5.6328125,-5.6328125,1,-1,False
-,53,72,125,72,53,53,0,5.359375,-5.359375,-5.359375,1,-6,False
-,53,73,126,73,53,53,0,5.15625,-5.15625,-5.15625,1,-2,False
-,53,74,127,74,53,53,0,5.77734375,-5.77734375,-5.77734375,1,-6,False
-,53,75,128,75,53,53,0,5.88671875,-5.88671875,-5.88671875,1,-1,False
-,53,76,129,76,53,53,0,6.0,-6.0,-6.0,1,-69,False
-,53,77,130,77,53,53,0,5.171875,-5.171875,-5.171875,1,-6,False
-,53,78,131,78,53,53,0,6.10546875,-6.10546875,-6.10546875,1,-1,False
-,53,79,132,79,53,53,0,5.53515625,-5.53515625,-5.53515625,1,-1,False
-,53,80,133,80,53,53,0,5.90234375,-5.90234375,-5.90234375,1,-6,False
-,53,81,134,81,53,53,0,5.69921875,-5.69921875,-5.69921875,1,-6,False
-,53,82,135,82,53,53,0,5.76953125,-5.76953125,-5.76953125,1,-6,False
-,53,83,136,83,53,53,0,5.7265625,-5.7265625,-5.7265625,1,-2,False
-,53,84,137,84,53,53,0,5.3828125,-5.3828125,-5.3828125,1,-2,False
-,53,85,138,85,53,53,0,5.34375,-5.34375,-5.34375,1,-5,False
-,53,86,139,86,53,53,0,5.57421875,-5.57421875,-5.57421875,1,-5,False
-,53,87,140,87,53,53,0,5.25,-5.25,-5.25,1,-1,False
-,53,88,141,88,53,53,0,5.51953125,-5.51953125,-5.51953125,1,-1,False
-,53,89,142,89,53,53,0,5.47265625,-5.47265625,-5.47265625,1,-69,False
-,53,90,143,90,53,53,0,5.22265625,-5.22265625,-5.22265625,1,-2,False
-,53,91,144,91,53,53,0,5.34765625,-5.34765625,-5.34765625,1,-6,False
-,53,92,145,92,53,53,0,5.30859375,-5.30859375,-5.30859375,1,-70,False
-,53,93,146,93,53,53,0,5.5,-5.5,-5.5,1,-1,False
-,53,94,147,94,53,53,0,5.88671875,-5.88671875,-5.88671875,1,- - - - - -,False
-,53,95,148,95,53,53,0,5.5859375,-5.5859375,-5.5859375,1,-2,False
-,53,96,149,96,53,53,0,5.46875,-5.46875,-5.46875,1,-69,False
-,53,97,150,97,53,53,0,5.53125,-5.53125,-5.53125,1,-88,False
-,53,98,151,98,53,53,0,5.1640625,-5.1640625,-5.1640625,1,-0,False
-,53,99,152,99,53,53,0,6.03125,-6.03125,-6.03125,1,-70,False
-,53,100,153,100,53,53,0,5.86328125,-5.86328125,-5.86328125,1,-1,False
-,54,1,55,1,54,54,3,5.578125,-5.578125,-5.578125,1,-0,False
-,54,2,56,2,54,54,2,5.66796875,-5.66796875,-5.66796875,1,-0,False
-,54,3,57,3,54,54,1,5.65234375,-5.65234375,-5.65234375,1,-6,False
-,54,4,58,4,54,54,1,5.88671875,-5.88671875,-5.88671875,1,-2,False
-,54,5,59,5,54,54,0,5.73828125,-5.73828125,-5.73828125,1,-2,False
-,54,6,60,6,54,54,5,5.83984375,-5.83984375,-5.83984375,1,-3,False
-,54,7,61,7,54,54,0,5.8984375,-5.8984375,-5.8984375,1,-2,False
-,54,8,62,8,54,54,2,5.03125,-5.03125,-5.03125,1,-1,False
-,54,9,63,9,54,54,1,5.6640625,-5.6640625,-5.6640625,1,-1,False
-,54,10,64,10,54,54,1,5.79296875,-5.79296875,-5.79296875,1,-5,False
-,54,11,65,11,54,54,1,5.66796875,-5.66796875,-5.66796875,1,-3,False
-,54,12,66,12,54,54,0,5.734375,-5.734375,-5.734375,1,-2,False
-,54,13,67,13,54,54,2,5.64453125,-5.64453125,-5.64453125,1,-2,False
-,54,14,68,14,54,54,0,5.1953125,-5.1953125,-5.1953125,1,-1,False
-,54,15,69,15,54,54,0,5.62890625,-5.62890625,-5.62890625,1,-1,False
-,54,16,70,16,54,54,1,5.7578125,-5.7578125,-5.7578125,1,-3,False
-,54,17,71,17,54,54,0,5.56640625,-5.56640625,-5.56640625,1,-6,False
-,54,18,72,18,54,54,0,5.87109375,-5.87109375,-5.87109375,1,-3,False
-,54,19,73,19,54,54,0,5.71484375,-5.71484375,-5.71484375,1,-6,False
-,54,20,74,20,54,54,0,5.97265625,-5.97265625,-5.97265625,1,-6,False
-,54,21,75,21,54,54,2,5.7109375,-5.7109375,-5.7109375,1,-6,False
-,54,22,76,22,54,54,0,5.79296875,-5.79296875,-5.79296875,1,-2,False
-,54,23,77,23,54,54,0,5.51953125,-5.51953125,-5.51953125,1,-2,False
-,54,24,78,24,54,54,0,5.71875,-5.71875,-5.71875,1,-5,False
-,54,25,79,25,54,54,1,5.5,-5.5,-5.5,1,-2,False
-,54,26,80,26,54,54,0,5.6796875,-5.6796875,-5.6796875,1,-6,False
-,54,27,81,27,54,54,4,5.77734375,-5.77734375,-5.77734375,1,-2,False
-,54,28,82,28,54,54,1,5.79296875,-5.79296875,-5.79296875,1,-6,False
-,54,29,83,29,54,54,0,5.94921875,-5.94921875,-5.94921875,1,-2,False
-,54,30,84,30,54,54,0,5.265625,-5.265625,-5.265625,1,-6,False
-,54,31,85,31,54,54,0,5.94921875,-5.94921875,-5.94921875,1,-6,False
-,54,32,86,32,54,54,1,5.21484375,-5.21484375,-5.21484375,1,-1,False
-,54,33,87,33,54,54,0,5.6015625,-5.6015625,-5.6015625,1,-1,False
-,54,34,88,34,54,54,0,5.8359375,-5.8359375,-5.8359375,1,-3,False
-,54,35,89,35,54,54,0,5.07421875,-5.07421875,-5.07421875,1,-2,False
-,54,36,90,36,54,54,1,5.4296875,-5.4296875,-5.4296875,1,-3,False
-,54,37,91,37,54,54,0,5.78125,-5.78125,-5.78125,1,-1,False
-,54,38,92,38,54,54,0,5.0,-5.0,-5.0,1,-74,False
-,54,39,93,39,54,54,0,5.875,-5.875,-5.875,1,-6,False
-,54,40,94,40,54,54,0,5.09765625,-5.09765625,-5.09765625,1,-6,False
-,54,41,95,41,54,54,0,5.99609375,-5.99609375,-5.99609375,1,-2,False
-,54,42,96,42,54,54,0,6.0,-6.0,-6.0,1,-1,False
-,54,43,97,43,54,54,4,5.84765625,-5.84765625,-5.84765625,1,-3,False
-,54,44,98,44,54,54,0,4.890625,-4.890625,-4.890625,1,-6,False
-,54,45,99,45,54,54,2,4.94921875,-4.94921875,-4.94921875,1,-0,False
-,54,46,100,46,54,54,1,5.34375,-5.34375,-5.34375,1,-2,False
-,54,47,101,47,54,54,0,5.0234375,-5.0234375,-5.0234375,1,-2,False
-,54,48,102,48,54,54,0,5.53125,-5.53125,-5.53125,1,-2,False
-,54,49,103,49,54,54,0,5.35546875,-5.35546875,-5.35546875,1,-2,False
-,54,50,104,50,54,54,0,5.04296875,-5.04296875,-5.04296875,1,-2,False
-,54,51,105,51,54,54,0,4.96875,-4.96875,-4.96875,1,-1,False
-,54,52,106,52,54,54,0,5.56640625,-5.56640625,-5.56640625,1,-5,False
-,54,53,107,53,54,54,0,5.5703125,-5.5703125,-5.5703125,1,-3,False
-,54,54,108,54,54,54,0,5.40625,-5.40625,-5.40625,1,-2,False
-,54,55,109,55,54,54,0,5.80859375,-5.80859375,-5.80859375,1,-2,False
-,54,56,110,56,54,54,1,6.14453125,-6.14453125,-6.14453125,1,-6,False
-,54,57,111,57,54,54,0,4.98828125,-4.98828125,-4.98828125,1,-2,False
-,54,58,112,58,54,54,0,4.94921875,-4.94921875,-4.94921875,1,-2,False
-,54,59,113,59,54,54,0,5.94140625,-5.94140625,-5.94140625,1,-3,False
-,54,60,114,60,54,54,0,5.5,-5.5,-5.5,1,-6,False
-,54,61,115,61,54,54,0,5.33203125,-5.33203125,-5.33203125,1,-1,False
-,54,62,116,62,54,54,0,5.421875,-5.421875,-5.421875,1,-6,False
-,54,63,117,63,54,54,0,5.80859375,-5.80859375,-5.80859375,1,-2,False
-,54,64,118,64,54,54,0,4.953125,-4.953125,-4.953125,1,-1,False
-,54,65,119,65,54,54,0,5.8203125,-5.8203125,-5.8203125,1,-6,False
-,54,66,120,66,54,54,0,5.05859375,-5.05859375,-5.05859375,1,-6,False
-,54,67,121,67,54,54,1,5.96875,-5.96875,-5.96875,1,-0,False
-,54,68,122,68,54,54,0,5.9296875,-5.9296875,-5.9296875,1,-1,False
-,54,69,123,69,54,54,0,5.7421875,-5.7421875,-5.7421875,1,-2,False
-,54,70,124,70,54,54,0,5.20703125,-5.20703125,-5.20703125,1,-3,False
-,54,71,125,71,54,54,0,5.5234375,-5.5234375,-5.5234375,1,-0,False
-,54,72,126,72,54,54,0,5.62109375,-5.62109375,-5.62109375,1,-6,False
-,54,73,127,73,54,54,0,4.8828125,-4.8828125,-4.8828125,1,-3,False
-,54,74,128,74,54,54,0,4.9140625,-4.9140625,-4.9140625,1,-2,False
-,54,75,129,75,54,54,0,5.12109375,-5.12109375,-5.12109375,1,-1,False
-,54,76,130,76,54,54,0,5.8828125,-5.8828125,-5.8828125,1,-6,False
-,54,77,131,77,54,54,0,5.73828125,-5.73828125,-5.73828125,1,-6,False
-,54,78,132,78,54,54,0,4.9609375,-4.9609375,-4.9609375,1,-3,False
-,54,79,133,79,54,54,0,5.83203125,-5.83203125,-5.83203125,1,-6,False
-,54,80,134,80,54,54,0,5.8046875,-5.8046875,-5.8046875,1,-6,False
-,54,81,135,81,54,54,1,5.5703125,-5.5703125,-5.5703125,1,-6,False
-,54,82,136,82,54,54,0,5.6171875,-5.6171875,-5.6171875,1,-3,False
-,54,83,137,83,54,54,0,5.74609375,-5.74609375,-5.74609375,1,-2,False
-,54,84,138,84,54,54,0,5.28515625,-5.28515625,-5.28515625,1,-3,False
-,54,85,139,85,54,54,0,5.66796875,-5.66796875,-5.66796875,1,-2,False
-,54,86,140,86,54,54,0,5.71484375,-5.71484375,-5.71484375,1,-2,False
-,54,87,141,87,54,54,0,5.34765625,-5.34765625,-5.34765625,1,-1,False
-,54,88,142,88,54,54,0,5.41796875,-5.41796875,-5.41796875,1,-1,False
-,54,89,143,89,54,54,0,5.4375,-5.4375,-5.4375,1,-1,False
-,54,90,144,90,54,54,0,5.1640625,-5.1640625,-5.1640625,1,-70,False
-,54,91,145,91,54,54,0,5.3203125,-5.3203125,-5.3203125,1,-1,False
-,54,92,146,92,54,54,0,4.5859375,-4.5859375,-4.5859375,1,-70,False
-,54,93,147,93,54,54,0,5.43359375,-5.43359375,-5.43359375,1,-1,False
-,54,94,148,94,54,54,0,4.84375,-4.84375,-4.84375,1,-69,False
-,54,95,149,95,54,54,0,5.55859375,-5.55859375,-5.55859375,1,-1,False
-,54,96,150,96,54,54,1,5.140625,-5.140625,-5.140625,1,-0,False
-,54,97,151,97,54,54,0,4.90234375,-4.90234375,-4.90234375,1,-88,False
-,54,98,152,98,54,54,0,5.40625,-5.40625,-5.40625,1,-0,False
-,54,99,153,99,54,54,0,4.94140625,-4.94140625,-4.94140625,1,-3,False
-,54,100,154,100,54,54,0,5.6640625,-5.6640625,-5.6640625,1,-2,False
-,55,1,56,1,55,55,2,5.65234375,-5.65234375,-5.65234375,1,-2,False
-,55,2,57,2,55,55,2,5.79296875,-5.79296875,-5.79296875,1,-2,False
-,55,3,58,3,55,55,0,5.7734375,-5.7734375,-5.7734375,1,-3,False
-,55,4,59,4,55,55,1,5.765625,-5.765625,-5.765625,1,-3,False
-,55,5,60,5,55,55,1,5.796875,-5.796875,-5.796875,1,-2,False
-,55,6,61,6,55,55,0,5.9375,-5.9375,-5.9375,1,-2,False
-,55,7,62,7,55,55,0,5.91015625,-5.91015625,-5.91015625,1,-2,False
-,55,8,63,8,55,55,1,5.84375,-5.84375,-5.84375,1,-2,False
-,55,9,64,9,55,55,3,5.765625,-5.765625,-5.765625,1,-1,False
-,55,10,65,10,55,55,4,4.8984375,-4.8984375,-4.8984375,1,-6,False
-,55,11,66,11,55,55,0,5.66796875,-5.66796875,-5.66796875,1,-3,False
-,55,12,67,12,55,55,0,5.79296875,-5.79296875,-5.79296875,1,-2,False
-,55,13,68,13,55,55,0,5.47265625,-5.47265625,-5.47265625,1,-3,False
-,55,14,69,14,55,55,0,5.5625,-5.5625,-5.5625,1,-1,False
-,55,15,70,15,55,55,3,5.71484375,-5.71484375,-5.71484375,1,-3,False
-,55,16,71,16,55,55,0,5.6953125,-5.6953125,-5.6953125,1,-3,False
-,55,17,72,17,55,55,0,5.64453125,-5.64453125,-5.64453125,1,-2,False
-,55,18,73,18,55,55,0,5.87890625,-5.87890625,-5.87890625,1,-2,False
-,55,19,74,19,55,55,2,5.67578125,-5.67578125,-5.67578125,1,-6,False
-,55,20,75,20,55,55,3,4.9453125,-4.9453125,-4.9453125,1,-0,False
-,55,21,76,21,55,55,0,5.8125,-5.8125,-5.8125,1,-6,False
-,55,22,77,22,55,55,0,5.75,-5.75,-5.75,1,-2,False
-,55,23,78,23,55,55,0,5.67578125,-5.67578125,-5.67578125,1,-2,False
-,55,24,79,24,55,55,0,5.5546875,-5.5546875,-5.5546875,1,-1,False
-,55,25,80,25,55,55,2,5.625,-5.625,-5.625,1,-2,False
-,55,26,81,26,55,55,0,5.5390625,-5.5390625,-5.5390625,1,-2,False
-,55,27,82,27,55,55,0,5.6484375,-5.6484375,-5.6484375,1,-2,False
-,55,28,83,28,55,55,0,5.875,-5.875,-5.875,1,-2,False
-,55,29,84,29,55,55,0,4.9453125,-4.9453125,-4.9453125,1,-2,False
-,55,30,85,30,55,55,0,5.08203125,-5.08203125,-5.08203125,1,-1,False
-,55,31,86,31,55,55,1,5.0859375,-5.0859375,-5.0859375,1,-6,False
-,55,32,87,32,55,55,1,5.19140625,-5.19140625,-5.19140625,1,-6,False
-,55,33,88,33,55,55,0,5.62109375,-5.62109375,-5.62109375,1,-6,False
-,55,34,89,34,55,55,0,5.0234375,-5.0234375,-5.0234375,1,-3,False
-,55,35,90,35,55,55,1,4.8671875,-4.8671875,-4.8671875,1,-0,False
-,55,36,91,36,55,55,0,5.6171875,-5.6171875,-5.6171875,1,-1,False
-,55,37,92,37,55,55,1,5.7578125,-5.7578125,-5.7578125,1,-2,False
-,55,38,93,38,55,55,0,4.9921875,-4.9921875,-4.9921875,1,-74,False
-,55,39,94,39,55,55,0,5.796875,-5.796875,-5.796875,1,-6,False
-,55,40,95,40,55,55,2,5.22265625,-5.22265625,-5.22265625,1,-0,False
-,55,41,96,41,55,55,0,4.98046875,-4.98046875,-4.98046875,1,-2,False
-,55,42,97,42,55,55,0,4.98828125,-4.98828125,-4.98828125,1,-2,False
-,55,43,98,43,55,55,0,4.8515625,-4.8515625,-4.8515625,1,-3,False
-,55,44,99,44,55,55,0,4.8515625,-4.8515625,-4.8515625,1,-44,False
-,55,45,100,45,55,55,5,4.71875,-4.71875,-4.71875,1,-0,False
-,55,46,101,46,55,55,0,5.48046875,-5.48046875,-5.48046875,1,-2,False
-,55,47,102,47,55,55,0,5.578125,-5.578125,-5.578125,1,-6,False
-,55,48,103,48,55,55,0,5.2578125,-5.2578125,-5.2578125,1,-2,False
-,55,49,104,49,55,55,0,5.53125,-5.53125,-5.53125,1,-3,False
-,55,50,105,50,55,55,1,4.97265625,-4.97265625,-4.97265625,1,-3,False
-,55,51,106,51,55,55,0,4.9296875,-4.9296875,-4.9296875,1,-2,False
-,55,52,107,52,55,55,0,5.42578125,-5.42578125,-5.42578125,1,-2,False
-,55,53,108,53,55,55,0,5.33984375,-5.33984375,-5.33984375,1,-6,False
-,55,54,109,54,55,55,0,5.61328125,-5.61328125,-5.61328125,1,-6,False
-,55,55,110,55,55,55,0,4.81640625,-4.81640625,-4.81640625,1,-6,False
-,55,56,111,56,55,55,0,5.08984375,-5.08984375,-5.08984375,1,-2,False
-,55,57,112,57,55,55,0,4.94921875,-4.94921875,-4.94921875,1,-2,False
-,55,58,113,58,55,55,0,4.85546875,-4.85546875,-4.85546875,1,-3,False
-,55,59,114,59,55,55,1,5.01953125,-5.01953125,-5.01953125,1,-3,False
-,55,60,115,60,55,55,0,5.3359375,-5.3359375,-5.3359375,1,-6,False
-,55,61,116,61,55,55,0,5.57421875,-5.57421875,-5.57421875,1,-6,False
-,55,62,117,62,55,55,0,5.19140625,-5.19140625,-5.19140625,1,-6,False
-,55,63,118,63,55,55,0,4.984375,-4.984375,-4.984375,1,-1,False
-,55,64,119,64,55,55,0,4.828125,-4.828125,-4.828125,1,-1,False
-,55,65,120,65,55,55,0,5.15625,-5.15625,-5.15625,1,-6,False
-,55,66,121,66,55,55,0,5.09765625,-5.09765625,-5.09765625,1,-6,False
-,55,67,122,67,55,55,0,4.9296875,-4.9296875,-4.9296875,1,-0,False
-,55,68,123,68,55,55,0,4.84765625,-4.84765625,-4.84765625,1,-2,False
-,55,69,124,69,55,55,0,5.73828125,-5.73828125,-5.73828125,1,-2,False
-,55,70,125,70,55,55,0,4.98046875,-4.98046875,-4.98046875,1,-2,False
-,55,71,126,71,55,55,0,5.640625,-5.640625,-5.640625,1,-1,False
-,55,72,127,72,55,55,0,5.35546875,-5.35546875,-5.35546875,1,-6,False
-,55,73,128,73,55,55,2,5.1953125,-5.1953125,-5.1953125,1,-1,False
-,55,74,129,74,55,55,0,5.22265625,-5.22265625,-5.22265625,1,-69,False
-,55,75,130,75,55,55,0,4.98046875,-4.98046875,-4.98046875,1,-1,False
-,55,76,131,76,55,55,0,5.0,-5.0,-5.0,1,-6,False
-,55,77,132,77,55,55,0,5.66796875,-5.66796875,-5.66796875,1,-5,False
-,55,78,133,78,55,55,0,4.97265625,-4.97265625,-4.97265625,1,-2,False
-,55,79,134,79,55,55,0,5.70703125,-5.70703125,-5.70703125,1,-69,False
-,55,80,135,80,55,55,1,4.8203125,-4.8203125,-4.8203125,1,-70,False
-,55,81,136,81,55,55,0,5.7265625,-5.7265625,-5.7265625,1,-6,False
-,55,82,137,82,55,55,0,5.69921875,-5.69921875,-5.69921875,1,-2,False
-,55,83,138,83,55,55,0,5.62109375,-5.62109375,-5.62109375,1,-3,False
-,55,84,139,84,55,55,0,5.6640625,-5.6640625,-5.6640625,1,-6,False
-,55,85,140,85,55,55,1,5.62890625,-5.62890625,-5.62890625,1,-70,False
-,55,86,141,86,55,55,0,4.6875,-4.6875,-4.6875,1,-2,False
-,55,87,142,87,55,55,0,5.140625,-5.140625,-5.140625,1,-1,False
-,55,88,143,88,55,55,0,5.27734375,-5.27734375,-5.27734375,1,-2,False
-,55,89,144,89,55,55,0,5.47265625,-5.47265625,-5.47265625,1,-2,False
-,55,90,145,90,55,55,1,5.12890625,-5.12890625,-5.12890625,1,-60,False
-,55,91,146,91,55,55,0,5.62890625,-5.62890625,-5.62890625,1,-1,False
-,55,92,147,92,55,55,0,4.5546875,-4.5546875,-4.5546875,1,-70,False
-,55,93,148,93,55,55,0,5.12890625,-5.12890625,-5.12890625,1,-1,False
-,55,94,149,94,55,55,1,4.7734375,-4.7734375,-4.7734375,1,-69,False
-,55,95,150,95,55,55,0,4.35546875,-4.35546875,-4.35546875,1,-69,False
-,55,96,151,96,55,55,0,5.37890625,-5.37890625,-5.37890625,1,-0,False
-,55,97,152,97,55,55,0,5.08984375,-5.08984375,-5.08984375,1,-0,False
-,55,98,153,98,55,55,0,5.24609375,-5.24609375,-5.24609375,1,-0,False
-,55,99,154,99,55,55,0,4.70703125,-4.70703125,-4.70703125,1,-0,False
-,55,100,155,100,55,55,1,4.7265625,-4.7265625,-4.7265625,1,-69,False
-,56,1,57,1,56,56,0,5.6875,-5.6875,-5.6875,1,-2,False
-,56,2,58,2,56,56,0,5.7890625,-5.7890625,-5.7890625,1,-0,False
-,56,3,59,3,56,56,1,5.5625,-5.5625,-5.5625,1,-2,False
-,56,4,60,4,56,56,3,5.83984375,-5.83984375,-5.83984375,1,-6,False
-,56,5,61,5,56,56,0,5.9140625,-5.9140625,-5.9140625,1,-1,False
-,56,6,62,6,56,56,0,5.875,-5.875,-5.875,1,-3,False
-,56,7,63,7,56,56,0,5.55859375,-5.55859375,-5.55859375,1,-5,False
-,56,8,64,8,56,56,18,5.89453125,-5.89453125,-5.89453125,1,-3,False
-,56,9,65,9,56,56,1,5.76171875,-5.76171875,-5.76171875,1,-2,False
-,56,10,66,10,56,56,1,5.82421875,-5.82421875,-5.82421875,1,-5,False
-,56,11,67,11,56,56,1,5.609375,-5.609375,-5.609375,1,-3,False
-,56,12,68,12,56,56,2,5.51953125,-5.51953125,-5.51953125,1,-3,False
-,56,13,69,13,56,56,0,5.5703125,-5.5703125,-5.5703125,1,-3,False
-,56,14,70,14,56,56,4,5.77734375,-5.77734375,-5.77734375,1,-6,False
-,56,15,71,15,56,56,0,5.6953125,-5.6953125,-5.6953125,1,-5,False
-,56,16,72,16,56,56,2,5.75390625,-5.75390625,-5.75390625,1,-6,False
-,56,17,73,17,56,56,2,5.6171875,-5.6171875,-5.6171875,1,-2,False
-,56,18,74,18,56,56,0,5.78515625,-5.78515625,-5.78515625,1,-3,False
-,56,19,75,19,56,56,2,5.671875,-5.671875,-5.671875,1,-1,False
-,56,20,76,20,56,56,0,5.953125,-5.953125,-5.953125,1,-2,False
-,56,21,77,21,56,56,0,5.7109375,-5.7109375,-5.7109375,1,-2,False
-,56,22,78,22,56,56,1,5.859375,-5.859375,-5.859375,1,-2,False
-,56,23,79,23,56,56,1,5.546875,-5.546875,-5.546875,1,-2,False
-,56,24,80,24,56,56,2,5.66015625,-5.66015625,-5.66015625,1,-6,False
-,56,25,81,25,56,56,0,5.53515625,-5.53515625,-5.53515625,1,-0,False
-,56,26,82,26,56,56,0,5.53125,-5.53125,-5.53125,1,-2,False
-,56,27,83,27,56,56,0,5.66796875,-5.66796875,-5.66796875,1,-3,False
-,56,28,84,28,56,56,1,5.875,-5.875,-5.875,1,-1,False
-,56,29,85,29,56,56,6,5.84375,-5.84375,-5.84375,1,-2,False
-,56,30,86,30,56,56,0,5.2890625,-5.2890625,-5.2890625,1,-2,False
-,56,31,87,31,56,56,0,6.03515625,-6.03515625,-6.03515625,1,-6,False
-,56,32,88,32,56,56,0,6.1015625,-6.1015625,-6.1015625,1,-6,False
-,56,33,89,33,56,56,0,5.7421875,-5.7421875,-5.7421875,1,-6,False
-,56,34,90,34,56,56,0,5.8515625,-5.8515625,-5.8515625,1,-6,False
-,56,35,91,35,56,56,0,5.87890625,-5.87890625,-5.87890625,1,-2,False
-,56,36,92,36,56,56,0,5.61328125,-5.61328125,-5.61328125,1,-2,False
-,56,37,93,37,56,56,0,5.765625,-5.765625,-5.765625,1,-3,False
-,56,38,94,38,56,56,1,5.984375,-5.984375,-5.984375,1,-74,False
-,56,39,95,39,56,56,0,5.95703125,-5.95703125,-5.95703125,1,-3,False
-,56,40,96,40,56,56,0,5.25,-5.25,-5.25,1,-6,False
-,56,41,97,41,56,56,0,5.97265625,-5.97265625,-5.97265625,1,-1,False
-,56,42,98,42,56,56,0,5.98046875,-5.98046875,-5.98046875,1,-0,False
-,56,43,99,43,56,56,0,5.79296875,-5.79296875,-5.79296875,1,-6,False
-,56,44,100,44,56,56,1,5.81640625,-5.81640625,-5.81640625,1,-3,False
-,56,45,101,45,56,56,1,5.78125,-5.78125,-5.78125,1,-6,False
-,56,46,102,46,56,56,0,5.84375,-5.84375,-5.84375,1,-2,False
-,56,47,103,47,56,56,0,5.46484375,-5.46484375,-5.46484375,1,-2,False
-,56,48,104,48,56,56,0,5.41796875,-5.41796875,-5.41796875,1,-3,False
-,56,49,105,49,56,56,0,5.2578125,-5.2578125,-5.2578125,1,-2,False
-,56,50,106,50,56,56,0,6.01171875,-6.01171875,-6.01171875,1,-3,False
-,56,51,107,51,56,56,0,5.94921875,-5.94921875,-5.94921875,1,-2,False
-,56,52,108,52,56,56,0,5.265625,-5.265625,-5.265625,1,-6,False
-,56,53,109,53,56,56,0,5.5,-5.5,-5.5,1,-2,False
-,56,54,110,54,56,56,0,5.6953125,-5.6953125,-5.6953125,1,-1,False
-,56,55,111,55,56,56,0,5.73828125,-5.73828125,-5.73828125,1,-3,False
-,56,56,112,56,56,56,0,6.1796875,-6.1796875,-6.1796875,1,-2,False
-,56,57,113,57,56,56,0,5.80859375,-5.80859375,-5.80859375,1,-3,False
-,56,58,114,58,56,56,0,5.98046875,-5.98046875,-5.98046875,1,-3,False
-,56,59,115,59,56,56,0,5.9921875,-5.9921875,-5.9921875,1,-3,False
-,56,60,116,60,56,56,0,5.546875,-5.546875,-5.546875,1,-6,False
-,56,61,117,61,56,56,0,6.38671875,-6.38671875,-6.38671875,1,-2,False
-,56,62,118,62,56,56,0,6.27734375,-6.27734375,-6.27734375,1,-6,False
-,56,63,119,63,56,56,0,5.81640625,-5.81640625,-5.81640625,1,-6,False
-,56,64,120,64,56,56,5,5.18359375,-5.18359375,-5.18359375,1,-1,False
-,56,65,121,65,56,56,0,6.234375,-6.234375,-6.234375,1,-3,False
-,56,66,122,66,56,56,0,5.99609375,-5.99609375,-5.99609375,1,-6,False
-,56,67,123,67,56,56,0,5.84375,-5.84375,-5.84375,1,-2,False
-,56,68,124,68,56,56,0,5.8515625,-5.8515625,-5.8515625,1,-2,False
-,56,69,125,69,56,56,0,5.64453125,-5.64453125,-5.64453125,1,-2,False
-,56,70,126,70,56,56,0,6.23046875,-6.23046875,-6.23046875,1,-3,False
-,56,71,127,71,56,56,0,5.37890625,-5.37890625,-5.37890625,1,-1,False
-,56,72,128,72,56,56,0,5.70703125,-5.70703125,-5.70703125,1,-6,False
-,56,73,129,73,56,56,0,5.4296875,-5.4296875,-5.4296875,1,-69,False
-,56,74,130,74,56,56,0,6.046875,-6.046875,-6.046875,1,-2,False
-,56,75,131,75,56,56,0,6.0625,-6.0625,-6.0625,1,-1,False
-,56,76,132,76,56,56,0,5.76953125,-5.76953125,-5.76953125,1,-1,False
-,56,77,133,77,56,56,0,5.5,-5.5,-5.5,1,-3,False
-,56,78,134,78,56,56,0,5.87109375,-5.87109375,-5.87109375,1,-3,False
-,56,79,135,79,56,56,0,5.7109375,-5.7109375,-5.7109375,1,-2,False
-,56,80,136,80,56,56,0,5.81640625,-5.81640625,-5.81640625,1,-5,False
-,56,81,137,81,56,56,0,5.84375,-5.84375,-5.84375,1,-2,False
-,56,82,138,82,56,56,0,5.62109375,-5.62109375,-5.62109375,1,-6,False
-,56,83,139,83,56,56,0,5.88671875,-5.88671875,-5.88671875,1,-2,False
-,56,84,140,84,56,56,0,5.65625,-5.65625,-5.65625,1,-2,False
-,56,85,141,85,56,56,0,5.7109375,-5.7109375,-5.7109375,1,-2,False
-,56,86,142,86,56,56,0,5.546875,-5.546875,-5.546875,1,-2,False
-,56,87,143,87,56,56,0,5.11328125,-5.11328125,-5.11328125,1,-3,False
-,56,88,144,88,56,56,0,5.3125,-5.3125,-5.3125,1,-3,False
-,56,89,145,89,56,56,0,5.16015625,-5.16015625,-5.16015625,1,-2,False
-,56,90,146,90,56,56,0,5.17578125,-5.17578125,-5.17578125,1,-60,False
-,56,91,147,91,56,56,0,5.59765625,-5.59765625,-5.59765625,1,-2,False
-,56,92,148,92,56,56,0,5.26953125,-5.26953125,-5.26953125,1,"-
149 - 92 =",False
-,56,93,149,93,56,56,0,5.11328125,-5.11328125,-5.11328125,1,-1,False
-,56,94,150,94,56,56,0,5.61328125,-5.61328125,-5.61328125,1,-69,False
-,56,95,151,95,56,56,0,5.4921875,-5.4921875,-5.4921875,1,-0,False
-,56,96,152,96,56,56,0,5.5,-5.5,-5.5,1,-69,False
-,56,97,153,97,56,56,0,6.0390625,-6.0390625,-6.0390625,1,-0,False
-,56,98,154,98,56,56,0,5.08984375,-5.08984375,-5.08984375,1,-1,False
-,56,99,155,99,56,56,0,5.6953125,-5.6953125,-5.6953125,1,-2,False
-,56,100,156,100,56,56,0,5.9453125,-5.9453125,-5.9453125,1,-1,False
-,57,1,58,1,57,57,0,5.83203125,-5.83203125,-5.83203125,1,-1,False
-,57,2,59,2,57,57,0,6.62890625,-6.62890625,-6.62890625,1,-2,False
-,57,3,60,3,57,57,2,5.734375,-5.734375,-5.734375,1,-0,False
-,57,4,61,4,57,57,0,5.91796875,-5.91796875,-5.91796875,1,-2,False
-,57,5,62,5,57,57,0,5.90234375,-5.90234375,-5.90234375,1,-1,False
-,57,6,63,6,57,57,3,6.58203125,-6.58203125,-6.58203125,1,-5,False
-,57,7,64,7,57,57,4,6.64453125,-6.64453125,-6.64453125,1,-2,False
-,57,8,65,8,57,57,0,5.96875,-5.96875,-5.96875,1,-2,False
-,57,9,66,9,57,57,0,5.84765625,-5.84765625,-5.84765625,1,-1,False
-,57,10,67,10,57,57,1,5.93359375,-5.93359375,-5.93359375,1,-6,False
-,57,11,68,11,57,57,0,6.4609375,-6.4609375,-6.4609375,1,-5,False
-,57,12,69,12,57,57,0,5.7265625,-5.7265625,-5.7265625,1,-2,False
-,57,13,70,13,57,57,0,6.609375,-6.609375,-6.609375,1,-3,False
-,57,14,71,14,57,57,1,6.5625,-6.5625,-6.5625,1,-6,False
-,57,15,72,15,57,57,2,5.65625,-5.65625,-5.65625,1,-5,False
-,57,16,73,16,57,57,0,5.65625,-5.65625,-5.65625,1,-6,False
-,57,17,74,17,57,57,1,6.5859375,-6.5859375,-6.5859375,1,-2,False
-,57,18,75,18,57,57,0,5.765625,-5.765625,-5.765625,1,-5,False
-,57,19,76,19,57,57,1,5.703125,-5.703125,-5.703125,1,-1,False
-,57,20,77,20,57,57,1,5.7109375,-5.7109375,-5.7109375,1,-2,False
-,57,21,78,21,57,57,0,5.87109375,-5.87109375,-5.87109375,1,-6,False
-,57,22,79,22,57,57,0,5.77734375,-5.77734375,-5.77734375,1,-1,False
-,57,23,80,23,57,57,1,5.6640625,-5.6640625,-5.6640625,1,-2,False
-,57,24,81,24,57,57,1,6.625,-6.625,-6.625,1,-6,False
-,57,25,82,25,57,57,0,6.4140625,-6.4140625,-6.4140625,1,-5,False
-,57,26,83,26,57,57,0,6.5625,-6.5625,-6.5625,1,-3,False
-,57,27,84,27,57,57,0,5.765625,-5.765625,-5.765625,1,-2,False
-,57,28,85,28,57,57,0,5.734375,-5.734375,-5.734375,1,-7,False
-,57,29,86,29,57,57,0,5.97265625,-5.97265625,-5.97265625,1,-5,False
-,57,30,87,30,57,57,0,6.16796875,-6.16796875,-6.16796875,1,-6,False
-,57,31,88,31,57,57,1,6.05078125,-6.05078125,-6.05078125,1,-2,False
-,57,32,89,32,57,57,0,6.2578125,-6.2578125,-6.2578125,1,-6,False
-,57,33,90,33,57,57,1,5.625,-5.625,-5.625,1,-1,False
-,57,34,91,34,57,57,0,5.8515625,-5.8515625,-5.8515625,1,-2,False
-,57,35,92,35,57,57,0,5.97265625,-5.97265625,-5.97265625,1,-6,False
-,57,36,93,36,57,57,0,5.66796875,-5.66796875,-5.66796875,1,-2,False
-,57,37,94,37,57,57,0,5.72265625,-5.72265625,-5.72265625,1,-2,False
-,57,38,95,38,57,57,0,6.03515625,-6.03515625,-6.03515625,1,-73,False
-,57,39,96,39,57,57,0,5.9296875,-5.9296875,-5.9296875,1,-3,False
-,57,40,97,40,57,57,0,6.14453125,-6.14453125,-6.14453125,1,-6,False
-,57,41,98,41,57,57,0,5.9140625,-5.9140625,-5.9140625,1,-1,False
-,57,42,99,42,57,57,0,5.9453125,-5.9453125,-5.9453125,1,-1,False
-,57,43,100,43,57,57,3,5.796875,-5.796875,-5.796875,1,-2,False
-,57,44,101,44,57,57,0,5.6875,-5.6875,-5.6875,1,-3,False
-,57,45,102,45,57,57,0,6.08203125,-6.08203125,-6.08203125,1,-6,False
-,57,46,103,46,57,57,0,5.5859375,-5.5859375,-5.5859375,1,-2,False
-,57,47,104,47,57,57,0,5.58984375,-5.58984375,-5.58984375,1,-2,False
-,57,48,105,48,57,57,2,5.421875,-5.421875,-5.421875,1,-3,False
-,57,49,106,49,57,57,0,6.4453125,-6.4453125,-6.4453125,1,-6,False
-,57,50,107,50,57,57,0,6.01171875,-6.01171875,-6.01171875,1,-2,False
-,57,51,108,51,57,57,0,5.859375,-5.859375,-5.859375,1,-3,False
-,57,52,109,52,57,57,1,5.51171875,-5.51171875,-5.51171875,1,-2,False
-,57,53,110,53,57,57,0,5.5703125,-5.5703125,-5.5703125,1,-6,False
-,57,54,111,54,57,57,0,6.375,-6.375,-6.375,1,-6,False
-,57,55,112,55,57,57,0,5.7890625,-5.7890625,-5.7890625,1,-5,False
-,57,56,113,56,57,57,0,6.015625,-6.015625,-6.015625,1,-3,False
-,57,57,114,57,57,57,0,5.9375,-5.9375,-5.9375,1,-3,False
-,57,58,115,58,57,57,0,5.89453125,-5.89453125,-5.89453125,1,-2,False
-,57,59,116,59,57,57,0,6.23828125,-6.23828125,-6.23828125,1,-2,False
-,57,60,117,60,57,57,0,6.4140625,-6.4140625,-6.4140625,1,-1,False
-,57,61,118,61,57,57,0,6.4453125,-6.4453125,-6.4453125,1,-1,False
-,57,62,119,62,57,57,0,6.1015625,-6.1015625,-6.1015625,1,-6,False
-,57,63,120,63,57,57,0,6.16796875,-6.16796875,-6.16796875,1,-6,False
-,57,64,121,64,57,57,1,6.20703125,-6.20703125,-6.20703125,1,-6,False
-,57,65,122,65,57,57,0,6.03125,-6.03125,-6.03125,1,-6,False
-,57,66,123,66,57,57,0,5.890625,-5.890625,-5.890625,1,-1,False
-,57,67,124,67,57,57,0,5.83203125,-5.83203125,-5.83203125,1,-2,False
-,57,68,125,68,57,57,0,5.6328125,-5.6328125,-5.6328125,1,-2,False
-,57,69,126,69,57,57,0,5.76953125,-5.76953125,-5.76953125,1,-2,False
-,57,70,127,70,57,57,0,5.890625,-5.890625,-5.890625,1,-6,False
-,57,71,128,71,57,57,0,5.7734375,-5.7734375,-5.7734375,1,-0,False
-,57,72,129,72,57,57,0,5.9375,-5.9375,-5.9375,1,-3,False
-,57,73,130,73,57,57,0,6.32421875,-6.32421875,-6.32421875,1,-1,False
-,57,74,131,74,57,57,0,6.0234375,-6.0234375,-6.0234375,1,-2,False
-,57,75,132,75,57,57,0,5.83203125,-5.83203125,-5.83203125,1,-2,False
-,57,76,133,76,57,57,0,5.91015625,-5.91015625,-5.91015625,1,-6,False
-,57,77,134,77,57,57,0,5.63671875,-5.63671875,-5.63671875,1,-6,False
-,57,78,135,78,57,57,1,5.83984375,-5.83984375,-5.83984375,1,-6,False
-,57,79,136,79,57,57,0,5.6953125,-5.6953125,-5.6953125,1,-69,False
-,57,80,137,80,57,57,0,5.87109375,-5.87109375,-5.87109375,1,-6,False
-,57,81,138,81,57,57,0,5.67578125,-5.67578125,-5.67578125,1,-3,False
-,57,82,139,82,57,57,0,5.91015625,-5.91015625,-5.91015625,1,-5,False
-,57,83,140,83,57,57,0,5.77734375,-5.77734375,-5.77734375,1,-2,False
-,57,84,141,84,57,57,0,5.5078125,-5.5078125,-5.5078125,1,-1,False
-,57,85,142,85,57,57,0,5.53125,-5.53125,-5.53125,1,-3,False
-,57,86,143,86,57,57,0,5.5703125,-5.5703125,-5.5703125,1,-2,False
-,57,87,144,87,57,57,0,6.13671875,-6.13671875,-6.13671875,1,-2,False
-,57,88,145,88,57,57,0,6.140625,-6.140625,-6.140625,1,-2,False
-,57,89,146,89,57,57,0,5.58203125,-5.58203125,-5.58203125,1,-69,False
-,57,90,147,90,57,57,0,6.10546875,-6.10546875,-6.10546875,1,-72,False
-,57,91,148,91,57,57,0,5.328125,-5.328125,-5.328125,1,-2,False
-,57,92,149,92,57,57,0,5.37109375,-5.37109375,-5.37109375,1,-6,False
-,57,93,150,93,57,57,0,5.87890625,-5.87890625,-5.87890625,1,-0,False
-,57,94,151,94,57,57,0,5.7421875,-5.7421875,-5.7421875,1,-69,False
-,57,95,152,95,57,57,0,5.75,-5.75,-5.75,1,-1,False
-,57,96,153,96,57,57,0,5.48828125,-5.48828125,-5.48828125,1,-69,False
-,57,97,154,97,57,57,0,5.6328125,-5.6328125,-5.6328125,1,-3,False
-,57,98,155,98,57,57,0,6.1171875,-6.1171875,-6.1171875,1,-2,False
-,57,99,156,99,57,57,0,5.7734375,-5.7734375,-5.7734375,1,-3,False
-,57,100,157,100,57,57,0,6.0078125,-6.0078125,-6.0078125,1,-1,False
-,58,1,59,1,58,58,0,5.6640625,-5.6640625,-5.6640625,1,-1,False
-,58,2,60,2,58,58,9,5.71484375,-5.71484375,-5.71484375,1,-2,False
-,58,3,61,3,58,58,1,5.828125,-5.828125,-5.828125,1,-2,False
-,58,4,62,4,58,58,0,4.9453125,-4.9453125,-4.9453125,1,-2,False
-,58,5,63,5,58,58,1,5.5859375,-5.5859375,-5.5859375,1,-3,False
-,58,6,64,6,58,58,6,5.7265625,-5.7265625,-5.7265625,1,-3,False
-,58,7,65,7,58,58,2,5.7890625,-5.7890625,-5.7890625,1,-5,False
-,58,8,66,8,58,58,1,4.95703125,-4.95703125,-4.95703125,1,-2,False
-,58,9,67,9,58,58,1,4.875,-4.875,-4.875,1,-1,False
-,58,10,68,10,58,58,0,5.5859375,-5.5859375,-5.5859375,1,-6,False
-,58,11,69,11,58,58,0,5.5703125,-5.5703125,-5.5703125,1,-6,False
-,58,12,70,12,58,58,0,5.74609375,-5.74609375,-5.74609375,1,-2,False
-,58,13,71,13,58,58,1,5.55859375,-5.55859375,-5.55859375,1,-1,False
-,58,14,72,14,58,58,1,4.5234375,-4.5234375,-4.5234375,1,-1,False
-,58,15,73,15,58,58,0,4.73046875,-4.73046875,-4.73046875,1,-6,False
-,58,16,74,16,58,58,1,5.640625,-5.640625,-5.640625,1,-6,False
-,58,17,75,17,58,58,2,5.58203125,-5.58203125,-5.58203125,1,-2,False
-,58,18,76,18,58,58,1,4.80859375,-4.80859375,-4.80859375,1,-2,False
-,58,19,77,19,58,58,1,5.625,-5.625,-5.625,1,-6,False
-,58,20,78,20,58,58,0,5.0078125,-5.0078125,-5.0078125,1,-2,False
-,58,21,79,21,58,58,1,5.76953125,-5.76953125,-5.76953125,1,-6,False
-,58,22,80,22,58,58,0,4.93359375,-4.93359375,-4.93359375,1,-2,False
-,58,23,81,23,58,58,0,5.56640625,-5.56640625,-5.56640625,1,-6,False
-,58,24,82,24,58,58,0,5.46484375,-5.46484375,-5.46484375,1,-2,False
-,58,25,83,25,58,58,0,5.4921875,-5.4921875,-5.4921875,1,-2,False
-,58,26,84,26,58,58,0,5.55078125,-5.55078125,-5.55078125,1,-2,False
-,58,27,85,27,58,58,0,5.69140625,-5.69140625,-5.69140625,1,-6,False
-,58,28,86,28,58,58,0,4.95703125,-4.95703125,-4.95703125,1,-2,False
-,58,29,87,29,58,58,0,5.0,-5.0,-5.0,1,-2,False
-,58,30,88,30,58,58,0,5.09765625,-5.09765625,-5.09765625,1,-3,False
-,58,31,89,31,58,58,0,5.21875,-5.21875,-5.21875,1,-2,False
-,58,32,90,32,58,58,1,5.05078125,-5.05078125,-5.05078125,1,-1,False
-,58,33,91,33,58,58,1,5.5625,-5.5625,-5.5625,1,-6,False
-,58,34,92,34,58,58,0,4.90234375,-4.90234375,-4.90234375,1,-3,False
-,58,35,93,35,58,58,0,4.9609375,-4.9609375,-4.9609375,1,-6,False
-,58,36,94,36,58,58,0,5.56640625,-5.56640625,-5.56640625,1,-3,False
-,58,37,95,37,58,58,0,4.89453125,-4.89453125,-4.89453125,1,-2,False
-,58,38,96,38,58,58,0,5.1328125,-5.1328125,-5.1328125,1,-76,False
-,58,39,97,39,58,58,0,4.9453125,-4.9453125,-4.9453125,1,-3,False
-,58,40,98,40,58,58,0,5.140625,-5.140625,-5.140625,1,-3,False
-,58,41,99,41,58,58,0,4.859375,-4.859375,-4.859375,1,-2,False
-,58,42,100,42,58,58,4,4.8046875,-4.8046875,-4.8046875,1,-1,False
-,58,43,101,43,58,58,0,4.56640625,-4.56640625,-4.56640625,1,-2,False
-,58,44,102,44,58,58,1,4.84375,-4.84375,-4.84375,1,-6,False
-,58,45,103,45,58,58,0,4.9609375,-4.9609375,-4.9609375,1,-6,False
-,58,46,104,46,58,58,0,4.66015625,-4.66015625,-4.66015625,1,-3,False
-,58,47,105,47,58,58,0,4.46875,-4.46875,-4.46875,1,-2,False
-,58,48,106,48,58,58,0,5.38671875,-5.38671875,-5.38671875,1,-3,False
-,58,49,107,49,58,58,0,5.5703125,-5.5703125,-5.5703125,1,-6,False
-,58,50,108,50,58,58,0,4.8359375,-4.8359375,-4.8359375,1,-2,False
-,58,51,109,51,58,58,0,4.83984375,-4.83984375,-4.83984375,1,-1,False
-,58,52,110,52,58,58,0,4.34765625,-4.34765625,-4.34765625,1,-1,False
-,58,53,111,53,58,58,0,5.06640625,-5.06640625,-5.06640625,1,-2,False
-,58,54,112,54,58,58,0,4.453125,-4.453125,-4.453125,1,-6,False
-,58,55,113,55,58,58,0,4.640625,-4.640625,-4.640625,1,-6,False
-,58,56,114,56,58,58,0,4.9921875,-4.9921875,-4.9921875,1,-3,False
-,58,57,115,57,58,58,1,4.88671875,-4.88671875,-4.88671875,1,-2,False
-,58,58,116,58,58,58,0,5.16796875,-5.16796875,-5.16796875,1,-2,False
-,58,59,117,59,58,58,0,4.93359375,-4.93359375,-4.93359375,1,-6,False
-,58,60,118,60,58,58,0,5.43359375,-5.43359375,-5.43359375,1,-6,False
-,58,61,119,61,58,58,0,5.38671875,-5.38671875,-5.38671875,1,-6,False
-,58,62,120,62,58,58,0,5.33984375,-5.33984375,-5.33984375,1,-6,False
-,58,63,121,63,58,58,0,5.23046875,-5.23046875,-5.23046875,1,-6,False
-,58,64,122,64,58,58,1,5.0234375,-5.0234375,-5.0234375,1,-1,False
-,58,65,123,65,58,58,0,4.9453125,-4.9453125,-4.9453125,1,-6,False
-,58,66,124,66,58,58,0,4.91015625,-4.91015625,-4.91015625,1,-1,False
-,58,67,125,67,58,58,0,4.71875,-4.71875,-4.71875,1,-2,False
-,58,68,126,68,58,58,0,4.8671875,-4.8671875,-4.8671875,1,-2,False
-,58,69,127,69,58,58,0,5.26953125,-5.26953125,-5.26953125,1,-6,False
-,58,70,128,70,58,58,1,5.24609375,-5.24609375,-5.24609375,1,-2,False
-,58,71,129,71,58,58,0,4.8828125,-4.8828125,-4.8828125,1,-6,False
-,58,72,130,72,58,58,0,4.6875,-4.6875,-4.6875,1,-3,False
-,58,73,131,73,58,58,0,5.37890625,-5.37890625,-5.37890625,1,-6,False
-,58,74,132,74,58,58,0,4.83984375,-4.83984375,-4.83984375,1,-2,False
-,58,75,133,75,58,58,0,4.88671875,-4.88671875,-4.88671875,1,-2,False
-,58,76,134,76,58,58,0,4.73046875,-4.73046875,-4.73046875,1,-1,False
-,58,77,135,77,58,58,0,5.6484375,-5.6484375,-5.6484375,1,-6,False
-,58,78,136,78,58,58,0,4.8515625,-4.8515625,-4.8515625,1,-5,False
-,58,79,137,79,58,58,0,4.74609375,-4.74609375,-4.74609375,1,-2,False
-,58,80,138,80,58,58,0,4.83203125,-4.83203125,-4.83203125,1,-6,False
-,58,81,139,81,58,58,0,4.96875,-4.96875,-4.96875,1,-2,False
-,58,82,140,82,58,58,1,4.69921875,-4.69921875,-4.69921875,1,-2,False
-,58,83,141,83,58,58,0,4.9296875,-4.9296875,-4.9296875,1,-1,False
-,58,84,142,84,58,58,0,5.46484375,-5.46484375,-5.46484375,1,-2,False
-,58,85,143,85,58,58,0,4.56640625,-4.56640625,-4.56640625,1,-6,False
-,58,86,144,86,58,58,0,4.546875,-4.546875,-4.546875,1,-6,False
-,58,87,145,87,58,58,0,5.0078125,-5.0078125,-5.0078125,1,-2,False
-,58,88,146,88,58,58,0,4.40234375,-4.40234375,-4.40234375,1,-3,False
-,58,89,147,89,58,58,0,4.4140625,-4.4140625,-4.4140625,1,-5,False
-,58,90,148,90,58,58,0,4.9453125,-4.9453125,-4.9453125,1,-60,False
-,58,91,149,91,58,58,0,5.1328125,-5.1328125,-5.1328125,1,-2,False
-,58,92,150,92,58,58,0,5.046875,-5.046875,-5.046875,1,-6,False
-,58,93,151,93,58,58,0,5.0078125,-5.0078125,-5.0078125,1,-3,False
-,58,94,152,94,58,58,0,4.86328125,-4.86328125,-4.86328125,1,-69,False
-,58,95,153,95,58,58,0,4.63671875,-4.63671875,-4.63671875,1,-1,False
-,58,96,154,96,58,58,0,5.2578125,-5.2578125,-5.2578125,1,-0,False
-,58,97,155,97,58,58,0,4.84375,-4.84375,-4.84375,1,-0,False
-,58,98,156,98,58,58,0,4.4140625,-4.4140625,-4.4140625,1,-0,False
-,58,99,157,99,58,58,0,4.99609375,-4.99609375,-4.99609375,1,-0,False
-,58,100,158,100,58,58,0,4.85546875,-4.85546875,-4.85546875,1,-69,False
-,59,1,60,1,59,59,9,5.7734375,-5.7734375,-5.7734375,1,-1,False
-,59,2,61,2,59,59,0,5.859375,-5.859375,-5.859375,1,-2,False
-,59,3,62,3,59,59,2,5.87890625,-5.87890625,-5.87890625,1,-2,False
-,59,4,63,4,59,59,1,5.58984375,-5.58984375,-5.58984375,1,-3,False
-,59,5,64,5,59,59,4,5.7421875,-5.7421875,-5.7421875,1,-1,False
-,59,6,65,6,59,59,0,5.78515625,-5.78515625,-5.78515625,1,-5,False
-,59,7,66,7,59,59,1,5.765625,-5.765625,-5.765625,1,-5,False
-,59,8,67,8,59,59,0,5.92578125,-5.92578125,-5.92578125,1,-2,False
-,59,9,68,9,59,59,0,5.5625,-5.5625,-5.5625,1,-1,False
-,59,10,69,10,59,59,0,5.7890625,-5.7890625,-5.7890625,1,-6,False
-,59,11,70,11,59,59,2,5.6953125,-5.6953125,-5.6953125,1,-2,False
-,59,12,71,12,59,59,2,5.6171875,-5.6171875,-5.6171875,1,-1,False
-,59,13,72,13,59,59,1,5.54296875,-5.54296875,-5.54296875,1,-2,False
-,59,14,73,14,59,59,0,5.5859375,-5.5859375,-5.5859375,1,-6,False
-,59,15,74,15,59,59,0,5.59765625,-5.59765625,-5.59765625,1,-1,False
-,59,16,75,16,59,59,1,5.65234375,-5.65234375,-5.65234375,1,-5,False
-,59,17,76,17,59,59,0,5.7421875,-5.7421875,-5.7421875,1,-5,False
-,59,18,77,18,59,59,0,5.796875,-5.796875,-5.796875,1,-6,False
-,59,19,78,19,59,59,0,5.796875,-5.796875,-5.796875,1,-2,False
-,59,20,79,20,59,59,1,5.984375,-5.984375,-5.984375,1,-6,False
-,59,21,80,21,59,59,0,5.8828125,-5.8828125,-5.8828125,1,-6,False
-,59,22,81,22,59,59,0,5.78125,-5.78125,-5.78125,1,-6,False
-,59,23,82,23,59,59,0,5.54296875,-5.54296875,-5.54296875,1,-1,False
-,59,24,83,24,59,59,0,5.52734375,-5.52734375,-5.52734375,1,-6,False
-,59,25,84,25,59,59,1,5.53515625,-5.53515625,-5.53515625,1,-0,False
-,59,26,85,26,59,59,0,5.5234375,-5.5234375,-5.5234375,1,-3,False
-,59,27,86,27,59,59,0,5.84765625,-5.84765625,-5.84765625,1,-6,False
-,59,28,87,28,59,59,1,5.9375,-5.9375,-5.9375,1,-2,False
-,59,29,88,29,59,59,0,4.890625,-4.890625,-4.890625,1,-1,False
-,59,30,89,30,59,59,0,5.32421875,-5.32421875,-5.32421875,1,-6,False
-,59,31,90,31,59,59,1,5.1015625,-5.1015625,-5.1015625,1,-6,False
-,59,32,91,32,59,59,0,5.1484375,-5.1484375,-5.1484375,1,-6,False
-,59,33,92,33,59,59,0,5.70703125,-5.70703125,-5.70703125,1,-1,False
-,59,34,93,34,59,59,0,5.87890625,-5.87890625,-5.87890625,1,-3,False
-,59,35,94,35,59,59,0,5.79296875,-5.79296875,-5.79296875,1,-2,False
-,59,36,95,36,59,59,0,5.578125,-5.578125,-5.578125,1,-3,False
-,59,37,96,37,59,59,0,5.8671875,-5.8671875,-5.8671875,1,-2,False
-,59,38,97,38,59,59,0,5.05859375,-5.05859375,-5.05859375,1,-76,False
-,59,39,98,39,59,59,0,4.9453125,-4.9453125,-4.9453125,1,-3,False
-,59,40,99,40,59,59,0,5.0390625,-5.0390625,-5.0390625,1,-6,False
-,59,41,100,41,59,59,3,5.84765625,-5.84765625,-5.84765625,1,-2,False
-,59,42,101,42,59,59,0,5.921875,-5.921875,-5.921875,1,-2,False
-,59,43,102,43,59,59,0,5.91796875,-5.91796875,-5.91796875,1,-2,False
-,59,44,103,44,59,59,0,4.74609375,-4.74609375,-4.74609375,1,-3,False
-,59,45,104,45,59,59,0,5.078125,-5.078125,-5.078125,1,-0,False
-,59,46,105,46,59,59,0,5.6796875,-5.6796875,-5.6796875,1,-2,False
-,59,47,106,47,59,59,0,5.55078125,-5.55078125,-5.55078125,1,-5,False
-,59,48,107,48,59,59,1,5.42578125,-5.42578125,-5.42578125,1,-3,False
-,59,49,108,49,59,59,0,5.15234375,-5.15234375,-5.15234375,1,-0,False
-,59,50,109,50,59,59,0,5.0546875,-5.0546875,-5.0546875,1,-2,False
-,59,51,110,51,59,59,0,5.93359375,-5.93359375,-5.93359375,1,-6,False
-,59,52,111,52,59,59,0,5.1640625,-5.1640625,-5.1640625,1,-2,False
-,59,53,112,53,59,59,0,5.12109375,-5.12109375,-5.12109375,1,-2,False
-,59,54,113,54,59,59,0,5.34375,-5.34375,-5.34375,1,-2,False
-,59,55,114,55,59,59,0,5.78125,-5.78125,-5.78125,1,-6,False
-,59,56,115,56,59,59,0,5.89453125,-5.89453125,-5.89453125,1,-6,False
-,59,57,116,57,59,59,0,6.15234375,-6.15234375,-6.15234375,1,-2,False
-,59,58,117,58,59,59,0,4.875,-4.875,-4.875,1,-6,False
-,59,59,118,59,59,59,0,5.04296875,-5.04296875,-5.04296875,1,-2,False
-,59,60,119,60,59,59,0,5.38671875,-5.38671875,-5.38671875,1,-6,False
-,59,61,120,61,59,59,0,5.49609375,-5.49609375,-5.49609375,1,-1,False
-,59,62,121,62,59,59,0,5.4296875,-5.4296875,-5.4296875,1,-3,False
-,59,63,122,63,59,59,1,5.06640625,-5.06640625,-5.06640625,1,-6,False
-,59,64,123,64,59,59,1,5.7890625,-5.7890625,-5.7890625,1,-2,False
-,59,65,124,65,59,59,0,5.984375,-5.984375,-5.984375,1,-6,False
-,59,66,125,66,59,59,0,5.8046875,-5.8046875,-5.8046875,1,-6,False
-,59,67,126,67,59,59,0,5.8359375,-5.8359375,-5.8359375,1,-2,False
-,59,68,127,68,59,59,0,5.61328125,-5.61328125,-5.61328125,1,-6,False
-,59,69,128,69,59,59,0,5.86328125,-5.86328125,-5.86328125,1,-2,False
-,59,70,129,70,59,59,0,5.44140625,-5.44140625,-5.44140625,1,-1,False
-,59,71,130,71,59,59,0,5.84765625,-5.84765625,-5.84765625,1,-6,False
-,59,72,131,72,59,59,0,5.89453125,-5.89453125,-5.89453125,1,-2,False
-,59,73,132,73,59,59,0,5.15234375,-5.15234375,-5.15234375,1,-2,False
-,59,74,133,74,59,59,0,4.9921875,-4.9921875,-4.9921875,1,-2,False
-,59,75,134,75,59,59,0,5.72265625,-5.72265625,-5.72265625,1,-2,False
-,59,76,135,76,59,59,0,5.69921875,-5.69921875,-5.69921875,1,-1,False
-,59,77,136,77,59,59,0,5.5703125,-5.5703125,-5.5703125,1,-5,False
-,59,78,137,78,59,59,0,5.94140625,-5.94140625,-5.94140625,1,-2,False
-,59,79,138,79,59,59,0,5.7109375,-5.7109375,-5.7109375,1,-69,False
-,59,80,139,80,59,59,0,5.0390625,-5.0390625,-5.0390625,1,-5,False
-,59,81,140,81,59,59,0,5.81640625,-5.81640625,-5.81640625,1,-6,False
-,59,82,141,82,59,59,0,5.76953125,-5.76953125,-5.76953125,1,-6,False
-,59,83,142,83,59,59,0,5.75,-5.75,-5.75,1,-2,False
-,59,84,143,84,59,59,0,5.5390625,-5.5390625,-5.5390625,1,-2,False
-,59,85,144,85,59,59,0,5.51953125,-5.51953125,-5.51953125,1,-6,False
-,59,86,145,86,59,59,0,5.23828125,-5.23828125,-5.23828125,1,- - - - - -,False
-,59,87,146,87,59,59,0,5.3359375,-5.3359375,-5.3359375,1,-2,False
-,59,88,147,88,59,59,0,5.4375,-5.4375,-5.4375,1,-6,False
-,59,89,148,89,59,59,0,5.21875,-5.21875,-5.21875,1,-2,False
-,59,90,149,90,59,59,0,4.94921875,-4.94921875,-4.94921875,1,-60,False
-,59,91,150,91,59,59,0,5.09765625,-5.09765625,-5.09765625,1,-2,False
-,59,92,151,92,59,59,0,5.2734375,-5.2734375,-5.2734375,1,-6,False
-,59,93,152,93,59,59,0,5.29296875,-5.29296875,-5.29296875,1,-1,False
-,59,94,153,94,59,59,0,4.8046875,-4.8046875,-4.8046875,1,-69,False
-,59,95,154,95,59,59,1,5.35546875,-5.35546875,-5.35546875,1,-3,False
-,59,96,155,96,59,59,0,5.34765625,-5.34765625,-5.34765625,1,-0,False
-,59,97,156,97,59,59,0,5.0234375,-5.0234375,-5.0234375,1,"-
157 - 97 =",False
-,59,98,157,98,59,59,0,5.19140625,-5.19140625,-5.19140625,1,-1,False
-,59,99,158,99,59,59,0,4.9765625,-4.9765625,-4.9765625,1,-6,False
-,59,100,159,100,59,59,0,4.91015625,-4.91015625,-4.91015625,1,-3,False
-,60,1,61,1,60,60,2,5.828125,-5.828125,-5.828125,1,-1,False
-,60,2,62,2,60,60,1,5.8671875,-5.8671875,-5.8671875,1,-2,False
-,60,3,63,3,60,60,1,5.4609375,-5.4609375,-5.4609375,1,-0,False
-,60,4,64,4,60,60,14,5.79296875,-5.79296875,-5.79296875,1,-1,False
-,60,5,65,5,60,60,1,5.76171875,-5.76171875,-5.76171875,1,-2,False
-,60,6,66,6,60,60,1,5.75,-5.75,-5.75,1,-5,False
-,60,7,67,7,60,60,1,5.71484375,-5.71484375,-5.71484375,1,-3,False
-,60,8,68,8,60,60,0,5.6328125,-5.6328125,-5.6328125,1,-2,False
-,60,9,69,9,60,60,1,5.703125,-5.703125,-5.703125,1,-1,False
-,60,10,70,10,60,60,0,5.80078125,-5.80078125,-5.80078125,1,-5,False
-,60,11,71,11,60,60,0,5.56640625,-5.56640625,-5.56640625,1,-2,False
-,60,12,72,12,60,60,3,5.7265625,-5.7265625,-5.7265625,1,-2,False
-,60,13,73,13,60,60,0,5.58984375,-5.58984375,-5.58984375,1,-2,False
-,60,14,74,14,60,60,2,5.421875,-5.421875,-5.421875,1,-1,False
-,60,15,75,15,60,60,0,5.6640625,-5.6640625,-5.6640625,1,-6,False
-,60,16,76,16,60,60,0,5.72265625,-5.72265625,-5.72265625,1,-1,False
-,60,17,77,17,60,60,0,5.66015625,-5.66015625,-5.66015625,1,-5,False
-,60,18,78,18,60,60,0,5.88671875,-5.88671875,-5.88671875,1,-6,False
-,60,19,79,19,60,60,0,5.6875,-5.6875,-5.6875,1,-6,False
-,60,20,80,20,60,60,7,5.87109375,-5.87109375,-5.87109375,1,-6,False
-,60,21,81,21,60,60,0,5.6640625,-5.6640625,-5.6640625,1,-6,False
-,60,22,82,22,60,60,0,5.75390625,-5.75390625,-5.75390625,1,-6,False
-,60,23,83,23,60,60,1,5.55078125,-5.55078125,-5.55078125,1,-2,False
-,60,24,84,24,60,60,0,5.515625,-5.515625,-5.515625,1,-3,False
-,60,25,85,25,60,60,1,5.3984375,-5.3984375,-5.3984375,1,-2,False
-,60,26,86,26,60,60,0,5.55859375,-5.55859375,-5.55859375,1,-3,False
-,60,27,87,27,60,60,0,5.69140625,-5.69140625,-5.69140625,1,-2,False
-,60,28,88,28,60,60,0,5.8125,-5.8125,-5.8125,1,-6,False
-,60,29,89,29,60,60,0,6.12109375,-6.12109375,-6.12109375,1,-1,False
-,60,30,90,30,60,60,6,5.078125,-5.078125,-5.078125,1,-1,False
-,60,31,91,31,60,60,1,6.07421875,-6.07421875,-6.07421875,1,-1,False
-,60,32,92,32,60,60,0,6.140625,-6.140625,-6.140625,1,-0,False
-,60,33,93,33,60,60,0,5.6171875,-5.6171875,-5.6171875,1,-1,False
-,60,34,94,34,60,60,0,5.7734375,-5.7734375,-5.7734375,1,-3,False
-,60,35,95,35,60,60,1,5.96484375,-5.96484375,-5.96484375,1,-7,False
-,60,36,96,36,60,60,0,5.59375,-5.59375,-5.59375,1,-2,False
-,60,37,97,37,60,60,0,5.8671875,-5.8671875,-5.8671875,1,-2,False
-,60,38,98,38,60,60,0,6.05078125,-6.05078125,-6.05078125,1,-76,False
-,60,39,99,39,60,60,0,5.90625,-5.90625,-5.90625,1,-6,False
-,60,40,100,40,60,60,12,5.03125,-5.03125,-5.03125,1,-6,False
-,60,41,101,41,60,60,0,5.8359375,-5.8359375,-5.8359375,1,-2,False
-,60,42,102,42,60,60,0,6.09765625,-6.09765625,-6.09765625,1,-1,False
-,60,43,103,43,60,60,0,5.66796875,-5.66796875,-5.66796875,1,-2,False
-,60,44,104,44,60,60,0,5.828125,-5.828125,-5.828125,1,-5,False
-,60,45,105,45,60,60,2,5.06640625,-5.06640625,-5.06640625,1,-0,False
-,60,46,106,46,60,60,0,5.75390625,-5.75390625,-5.75390625,1,-2,False
-,60,47,107,47,60,60,1,5.546875,-5.546875,-5.546875,1,-2,False
-,60,48,108,48,60,60,0,5.22265625,-5.22265625,-5.22265625,1,-5,False
-,60,49,109,49,60,60,0,5.42578125,-5.42578125,-5.42578125,1,-2,False
-,60,50,110,50,60,60,1,5.9296875,-5.9296875,-5.9296875,1,-6,False
-,60,51,111,51,60,60,0,5.8359375,-5.8359375,-5.8359375,1,-1,False
-,60,52,112,52,60,60,0,5.24609375,-5.24609375,-5.24609375,1,-3,False
-,60,53,113,53,60,60,4,5.2734375,-5.2734375,-5.2734375,1,-6,False
-,60,54,114,54,60,60,1,5.4296875,-5.4296875,-5.4296875,1,-2,False
-,60,55,115,55,60,60,0,5.640625,-5.640625,-5.640625,1,-6,False
-,60,56,116,56,60,60,0,6.21484375,-6.21484375,-6.21484375,1,-2,False
-,60,57,117,57,60,60,0,5.8203125,-5.8203125,-5.8203125,1,-6,False
-,60,58,118,58,60,60,0,4.98046875,-4.98046875,-4.98046875,1,-3,False
-,60,59,119,59,60,60,0,5.9296875,-5.9296875,-5.9296875,1,-2,False
-,60,60,120,60,60,60,5,5.54296875,-5.54296875,-5.54296875,1,-6,False
-,60,61,121,61,60,60,1,5.56640625,-5.56640625,-5.56640625,1,-6,False
-,60,62,122,62,60,60,0,5.42578125,-5.42578125,-5.42578125,1,-6,False
-,60,63,123,63,60,60,0,6.0234375,-6.0234375,-6.0234375,1,-2,False
-,60,64,124,64,60,60,0,5.96875,-5.96875,-5.96875,1,-2,False
-,60,65,125,65,60,60,0,5.8671875,-5.8671875,-5.8671875,1,-6,False
-,60,66,126,66,60,60,0,5.90625,-5.90625,-5.90625,1,-6,False
-,60,67,127,67,60,60,0,5.51953125,-5.51953125,-5.51953125,1,-6,False
-,60,68,128,68,60,60,1,5.94140625,-5.94140625,-5.94140625,1,-3,False
-,60,69,129,69,60,60,0,5.9921875,-5.9921875,-5.9921875,1,-1,False
-,60,70,130,70,60,60,2,5.3515625,-5.3515625,-5.3515625,1,-73,False
-,60,71,131,71,60,60,0,5.83984375,-5.83984375,-5.83984375,1,-6,False
-,60,72,132,72,60,60,0,5.60546875,-5.60546875,-5.60546875,1,-6,False
-,60,73,133,73,60,60,0,5.33984375,-5.33984375,-5.33984375,1,-2,False
-,60,74,134,74,60,60,0,5.67578125,-5.67578125,-5.67578125,1,-3,False
-,60,75,135,75,60,60,0,5.7265625,-5.7265625,-5.7265625,1,-3,False
-,60,76,136,76,60,60,0,5.7578125,-5.7578125,-5.7578125,1,-6,False
-,60,77,137,77,60,60,0,5.63671875,-5.63671875,-5.63671875,1,-3,False
-,60,78,138,78,60,60,0,5.796875,-5.796875,-5.796875,1,-6,False
-,60,79,139,79,60,60,0,5.89453125,-5.89453125,-5.89453125,1,-6,False
-,60,80,140,80,60,60,3,5.98828125,-5.98828125,-5.98828125,1,- - - - - -,False
-,60,81,141,81,60,60,0,5.8671875,-5.8671875,-5.8671875,1,-2,False
-,60,82,142,82,60,60,0,5.77734375,-5.77734375,-5.77734375,1,-2,False
-,60,83,143,83,60,60,0,5.8671875,-5.8671875,-5.8671875,1,-2,False
-,60,84,144,84,60,60,0,5.33984375,-5.33984375,-5.33984375,1,-6,False
-,60,85,145,85,60,60,0,5.52734375,-5.52734375,-5.52734375,1,-6,False
-,60,86,146,86,60,60,0,5.69140625,-5.69140625,-5.69140625,1,-2,False
-,60,87,147,87,60,60,0,5.140625,-5.140625,-5.140625,1,-6,False
-,60,88,148,88,60,60,0,5.15234375,-5.15234375,-5.15234375,1,-3,False
-,60,89,149,89,60,60,0,5.12109375,-5.12109375,-5.12109375,1,-2,False
-,60,90,150,90,60,60,0,4.78125,-4.78125,-4.78125,1,-60,False
-,60,91,151,91,60,60,0,5.2890625,-5.2890625,-5.2890625,1,-1,False
-,60,92,152,92,60,60,0,5.44140625,-5.44140625,-5.44140625,1,-6,False
-,60,93,153,93,60,60,0,5.1171875,-5.1171875,-5.1171875,1,-1,False
-,60,94,154,94,60,60,0,5.6640625,-5.6640625,-5.6640625,1,-0,False
-,60,95,155,95,60,60,1,5.55859375,-5.55859375,-5.55859375,1,-0,False
-,60,96,156,96,60,60,0,5.55078125,-5.55078125,-5.55078125,1,-0,False
-,60,97,157,97,60,60,0,6.0078125,-6.0078125,-6.0078125,1,-0,False
-,60,98,158,98,60,60,0,5.1953125,-5.1953125,-5.1953125,1,-2,False
-,60,99,159,99,60,60,0,5.02734375,-5.02734375,-5.02734375,1,-60,False
-,60,100,160,100,60,60,1,5.0234375,-5.0234375,-5.0234375,1,-0,False
-,61,1,62,1,61,61,1,5.8203125,-5.8203125,-5.8203125,1,-1,False
-,61,2,63,2,61,61,0,5.48046875,-5.48046875,-5.48046875,1,-2,False
-,61,3,64,3,61,61,7,5.5625,-5.5625,-5.5625,1,-2,False
-,61,4,65,4,61,61,0,4.765625,-4.765625,-4.765625,1,-3,False
-,61,5,66,5,61,61,0,5.79296875,-5.79296875,-5.79296875,1,-3,False
-,61,6,67,6,61,61,2,5.74609375,-5.74609375,-5.74609375,1,-6,False
-,61,7,68,7,61,61,1,5.484375,-5.484375,-5.484375,1,-3,False
-,61,8,69,8,61,61,0,5.66015625,-5.66015625,-5.66015625,1,-2,False
-,61,9,70,9,61,61,2,5.77734375,-5.77734375,-5.77734375,1,-1,False
-,61,10,71,10,61,61,0,5.77734375,-5.77734375,-5.77734375,1,-2,False
-,61,11,72,11,61,61,2,5.65234375,-5.65234375,-5.65234375,1,-3,False
-,61,12,73,12,61,61,1,5.765625,-5.765625,-5.765625,1,-2,False
-,61,13,74,13,61,61,0,5.55078125,-5.55078125,-5.55078125,1,-3,False
-,61,14,75,14,61,61,1,5.453125,-5.453125,-5.453125,1,-6,False
-,61,15,76,15,61,61,0,5.71875,-5.71875,-5.71875,1,-6,False
-,61,16,77,16,61,61,2,5.671875,-5.671875,-5.671875,1,-1,False
-,61,17,78,17,61,61,0,5.81640625,-5.81640625,-5.81640625,1,-3,False
-,61,18,79,18,61,61,0,4.81640625,-4.81640625,-4.81640625,1,-3,False
-,61,19,80,19,61,61,2,5.77734375,-5.77734375,-5.77734375,1,-6,False
-,61,20,81,20,61,61,1,4.8359375,-4.8359375,-4.8359375,1,-6,False
-,61,21,82,21,61,61,0,5.65625,-5.65625,-5.65625,1,-5,False
-,61,22,83,22,61,61,0,4.796875,-4.796875,-4.796875,1,-2,False
-,61,23,84,23,61,61,0,5.5859375,-5.5859375,-5.5859375,1,-1,False
-,61,24,85,24,61,61,0,5.4765625,-5.4765625,-5.4765625,1,-6,False
-,61,25,86,25,61,61,2,5.53125,-5.53125,-5.53125,1,-0,False
-,61,26,87,26,61,61,2,5.56640625,-5.56640625,-5.56640625,1,-3,False
-,61,27,88,27,61,61,0,5.66015625,-5.66015625,-5.66015625,1,-2,False
-,61,28,89,28,61,61,0,4.97265625,-4.97265625,-4.97265625,1,-6,False
-,61,29,90,29,61,61,0,4.859375,-4.859375,-4.859375,1,-2,False
-,61,30,91,30,61,61,1,5.15625,-5.15625,-5.15625,1,-0,False
-,61,31,92,31,61,61,0,5.08984375,-5.08984375,-5.08984375,1,-3,False
-,61,32,93,32,61,61,0,5.1015625,-5.1015625,-5.1015625,1,-0,False
-,61,33,94,33,61,61,0,5.546875,-5.546875,-5.546875,1,-0,False
-,61,34,95,34,61,61,1,4.94140625,-4.94140625,-4.94140625,1,-3,False
-,61,35,96,35,61,61,0,4.90625,-4.90625,-4.90625,1,-3,False
-,61,36,97,36,61,61,0,5.6171875,-5.6171875,-5.6171875,1,-2,False
-,61,37,98,37,61,61,0,4.8671875,-4.8671875,-4.8671875,1,-2,False
-,61,38,99,38,61,61,1,5.03515625,-5.03515625,-5.03515625,1,-74,False
-,61,39,100,39,61,61,1,4.78515625,-4.78515625,-4.78515625,1,-2,False
-,61,40,101,40,61,61,0,5.01953125,-5.01953125,-5.01953125,1,-6,False
-,61,41,102,41,61,61,0,4.9921875,-4.9921875,-4.9921875,1,-2,False
-,61,42,103,42,61,61,0,4.98828125,-4.98828125,-4.98828125,1,-2,False
-,61,43,104,43,61,61,0,4.9140625,-4.9140625,-4.9140625,1,-3,False
-,61,44,105,44,61,61,0,4.86328125,-4.86328125,-4.86328125,1,-6,False
-,61,45,106,45,61,61,0,4.9453125,-4.9453125,-4.9453125,1,-1,False
-,61,46,107,46,61,61,0,4.82421875,-4.82421875,-4.82421875,1,-2,False
-,61,47,108,47,61,61,0,5.41796875,-5.41796875,-5.41796875,1,-6,False
-,61,48,109,48,61,61,0,5.27734375,-5.27734375,-5.27734375,1,-2,False
-,61,49,110,49,61,61,0,5.48046875,-5.48046875,-5.48046875,1,-0,False
-,61,50,111,50,61,61,0,4.89453125,-4.89453125,-4.89453125,1,-2,False
-,61,51,112,51,61,61,0,4.91015625,-4.91015625,-4.91015625,1,-2,False
-,61,52,113,52,61,61,0,5.20703125,-5.20703125,-5.20703125,1,-3,False
-,61,53,114,53,61,61,0,5.41796875,-5.41796875,-5.41796875,1,-6,False
-,61,54,115,54,61,61,0,5.3359375,-5.3359375,-5.3359375,1,-2,False
-,61,55,116,55,61,61,0,4.91796875,-4.91796875,-4.91796875,1,-3,False
-,61,56,117,56,61,61,0,5.90625,-5.90625,-5.90625,1,-6,False
-,61,57,118,57,61,61,0,4.984375,-4.984375,-4.984375,1,-2,False
-,61,58,119,58,61,61,0,4.86328125,-4.86328125,-4.86328125,1,-2,False
-,61,59,120,59,61,61,0,5.25390625,-5.25390625,-5.25390625,1,-3,False
-,61,60,121,60,61,61,0,5.578125,-5.578125,-5.578125,1,-6,False
-,61,61,122,61,61,61,0,5.53125,-5.53125,-5.53125,1,-1,False
-,61,62,123,62,61,61,0,5.26953125,-5.26953125,-5.26953125,1,-6,False
-,61,63,124,63,61,61,0,4.97265625,-4.97265625,-4.97265625,1,-2,False
-,61,64,125,64,61,61,0,4.80859375,-4.80859375,-4.80859375,1,-2,False
-,61,65,126,65,61,61,0,5.015625,-5.015625,-5.015625,1,-6,False
-,61,66,127,66,61,61,0,4.69921875,-4.69921875,-4.69921875,1,-2,False
-,61,67,128,67,61,61,0,4.89453125,-4.89453125,-4.89453125,1,-3,False
-,61,68,129,68,61,61,0,5.06640625,-5.06640625,-5.06640625,1,-69,False
-,61,69,130,69,61,61,0,4.88671875,-4.88671875,-4.88671875,1,-69,False
-,61,70,131,70,61,61,0,5.421875,-5.421875,-5.421875,1,-2,False
-,61,71,132,71,61,61,0,5.71484375,-5.71484375,-5.71484375,1,-1,False
-,61,72,133,72,61,61,0,4.84375,-4.84375,-4.84375,1,-6,False
-,61,73,134,73,61,61,0,5.0625,-5.0625,-5.0625,1,-2,False
-,61,74,135,74,61,61,0,4.7734375,-4.7734375,-4.7734375,1,-3,False
-,61,75,136,75,61,61,0,5.67578125,-5.67578125,-5.67578125,1,-2,False
-,61,76,137,76,61,61,0,4.72265625,-4.72265625,-4.72265625,1,-6,False
-,61,77,138,77,61,61,0,5.54296875,-5.54296875,-5.54296875,1,-6,False
-,61,78,139,78,61,61,0,5.0,-5.0,-5.0,1,-2,False
-,61,79,140,79,61,61,0,4.82421875,-4.82421875,-4.82421875,1,-6,False
-,61,80,141,80,61,61,0,5.08984375,-5.08984375,-5.08984375,1,-3,False
-,61,81,142,81,61,61,0,4.7421875,-4.7421875,-4.7421875,1,-2,False
-,61,82,143,82,61,61,0,4.7890625,-4.7890625,-4.7890625,1,-6,False
-,61,83,144,83,61,61,0,4.59375,-4.59375,-4.59375,1,-6,False
-,61,84,145,84,61,61,0,5.390625,-5.390625,-5.390625,1,-6,False
-,61,85,146,85,61,61,0,4.796875,-4.796875,-4.796875,1,-5,False
-,61,86,147,86,61,61,0,4.609375,-4.609375,-4.609375,1,- - - - - -,False
-,61,87,148,87,61,61,0,5.16796875,-5.16796875,-5.16796875,1,-2,False
-,61,88,149,88,61,61,0,5.12109375,-5.12109375,-5.12109375,1,-2,False
-,61,89,150,89,61,61,0,5.09765625,-5.09765625,-5.09765625,1,-1,False
-,61,90,151,90,61,61,0,5.0703125,-5.0703125,-5.0703125,1,-60,False
-,61,91,152,91,61,61,1,4.4921875,-4.4921875,-4.4921875,1,-1,False
-,61,92,153,92,61,61,0,5.296875,-5.296875,-5.296875,1,-70,False
-,61,93,154,93,61,61,0,4.85546875,-4.85546875,-4.85546875,1,-2,False
-,61,94,155,94,61,61,0,4.62109375,-4.62109375,-4.62109375,1,-0,False
-,61,95,156,95,61,61,0,4.77734375,-4.77734375,-4.77734375,1,-0,False
-,61,96,157,96,61,61,0,4.4375,-4.4375,-4.4375,1,-6,False
-,61,97,158,97,61,61,0,5.01171875,-5.01171875,-5.01171875,1,-69,False
-,61,98,159,98,61,61,0,5.19140625,-5.19140625,-5.19140625,1,-2,False
-,61,99,160,99,61,61,0,5.125,-5.125,-5.125,1,-0,False
-,61,100,161,100,61,61,0,5.41796875,-5.41796875,-5.41796875,1,-0,False
-,62,1,63,1,62,62,1,5.58984375,-5.58984375,-5.58984375,1,-2,False
-,62,2,64,2,62,62,13,5.56640625,-5.56640625,-5.56640625,1,-2,False
-,62,3,65,3,62,62,2,5.61328125,-5.61328125,-5.61328125,1,-2,False
-,62,4,66,4,62,62,1,5.7734375,-5.7734375,-5.7734375,1,-0,False
-,62,5,67,5,62,62,1,5.75390625,-5.75390625,-5.75390625,1,-2,False
-,62,6,68,6,62,62,1,5.5,-5.5,-5.5,1,-5,False
-,62,7,69,7,62,62,1,5.62890625,-5.62890625,-5.62890625,1,-2,False
-,62,8,70,8,62,62,1,5.8671875,-5.8671875,-5.8671875,1,-2,False
-,62,9,71,9,62,62,0,5.70703125,-5.70703125,-5.70703125,1,-1,False
-,62,10,72,10,62,62,1,5.80078125,-5.80078125,-5.80078125,1,-6,False
-,62,11,73,11,62,62,0,5.59375,-5.59375,-5.59375,1,-2,False
-,62,12,74,12,62,62,1,5.640625,-5.640625,-5.640625,1,-2,False
-,62,13,75,13,62,62,0,5.5546875,-5.5546875,-5.5546875,1,-6,False
-,62,14,76,14,62,62,0,5.60546875,-5.60546875,-5.60546875,1,-2,False
-,62,15,77,15,62,62,0,5.4375,-5.4375,-5.4375,1,-5,False
-,62,16,78,16,62,62,0,5.7890625,-5.7890625,-5.7890625,1,-0,False
-,62,17,79,17,62,62,0,5.58984375,-5.58984375,-5.58984375,1,-5,False
-,62,18,80,18,62,62,1,5.89453125,-5.89453125,-5.89453125,1,-5,False
-,62,19,81,19,62,62,1,5.703125,-5.703125,-5.703125,1,-3,False
-,62,20,82,20,62,62,2,5.84765625,-5.84765625,-5.84765625,1,-3,False
-,62,21,83,21,62,62,1,5.71875,-5.71875,-5.71875,1,-2,False
-,62,22,84,22,62,62,0,5.8046875,-5.8046875,-5.8046875,1,-1,False
-,62,23,85,23,62,62,0,5.46875,-5.46875,-5.46875,1,-2,False
-,62,24,86,24,62,62,0,5.59375,-5.59375,-5.59375,1,-1,False
-,62,25,87,25,62,62,0,5.50390625,-5.50390625,-5.50390625,1,-0,False
-,62,26,88,26,62,62,0,5.4921875,-5.4921875,-5.4921875,1,-2,False
-,62,27,89,27,62,62,0,5.84375,-5.84375,-5.84375,1,-2,False
-,62,28,90,28,62,62,0,5.7890625,-5.7890625,-5.7890625,1,-1,False
-,62,29,91,29,62,62,0,5.92578125,-5.92578125,-5.92578125,1,-2,False
-,62,30,92,30,62,62,0,5.18359375,-5.18359375,-5.18359375,1,-0,False
-,62,31,93,31,62,62,0,6.01953125,-6.01953125,-6.01953125,1,-6,False
-,62,32,94,32,62,62,0,5.0,-5.0,-5.0,1,-0,False
-,62,33,95,33,62,62,0,5.6796875,-5.6796875,-5.6796875,1,-6,False
-,62,34,96,34,62,62,0,5.94140625,-5.94140625,-5.94140625,1,-3,False
-,62,35,97,35,62,62,0,5.91015625,-5.91015625,-5.91015625,1,-2,False
-,62,36,98,36,62,62,0,5.5703125,-5.5703125,-5.5703125,1,-1,False
-,62,37,99,37,62,62,1,5.734375,-5.734375,-5.734375,1,-2,False
-,62,38,100,38,62,62,2,5.375,-5.375,-5.375,1,-74,False
-,62,39,101,39,62,62,0,5.76171875,-5.76171875,-5.76171875,1,-3,False
-,62,40,102,40,62,62,1,5.19140625,-5.19140625,-5.19140625,1,-6,False
-,62,41,103,41,62,62,0,5.90625,-5.90625,-5.90625,1,-2,False
-,62,42,104,42,62,62,0,5.03125,-5.03125,-5.03125,1,-2,False
-,62,43,105,43,62,62,0,5.87109375,-5.87109375,-5.87109375,1,-3,False
-,62,44,106,44,62,62,0,5.87109375,-5.87109375,-5.87109375,1,-6,False
-,62,45,107,45,62,62,0,5.02734375,-5.02734375,-5.02734375,1,-6,False
-,62,46,108,46,62,62,0,5.546875,-5.546875,-5.546875,1,-3,False
-,62,47,109,47,62,62,0,5.515625,-5.515625,-5.515625,1,-2,False
-,62,48,110,48,62,62,0,5.39453125,-5.39453125,-5.39453125,1,-6,False
-,62,49,111,49,62,62,0,5.05859375,-5.05859375,-5.05859375,1,-2,False
-,62,50,112,50,62,62,1,4.8828125,-4.8828125,-4.8828125,1,-2,False
-,62,51,113,51,62,62,0,5.7734375,-5.7734375,-5.7734375,1,-2,False
-,62,52,114,52,62,62,0,5.328125,-5.328125,-5.328125,1,-6,False
-,62,53,115,53,62,62,0,5.05859375,-5.05859375,-5.05859375,1,-6,False
-,62,54,116,54,62,62,0,5.75,-5.75,-5.75,1,-6,False
-,62,55,117,55,62,62,0,5.62890625,-5.62890625,-5.62890625,1,-6,False
-,62,56,118,56,62,62,0,6.1171875,-6.1171875,-6.1171875,1,-2,False
-,62,57,119,57,62,62,0,5.828125,-5.828125,-5.828125,1,-2,False
-,62,58,120,58,62,62,1,5.078125,-5.078125,-5.078125,1,-2,False
-,62,59,121,59,62,62,0,5.26953125,-5.26953125,-5.26953125,1,-1,False
-,62,60,122,60,62,62,0,5.546875,-5.546875,-5.546875,1,-6,False
-,62,61,123,61,62,62,0,5.44140625,-5.44140625,-5.44140625,1,-1,False
-,62,62,124,62,62,62,0,5.28515625,-5.28515625,-5.28515625,1,-6,False
-,62,63,125,63,62,62,0,5.87890625,-5.87890625,-5.87890625,1,-6,False
-,62,64,126,64,62,62,0,5.0390625,-5.0390625,-5.0390625,1,-2,False
-,62,65,127,65,62,62,0,5.6484375,-5.6484375,-5.6484375,1,-6,False
-,62,66,128,66,62,62,0,5.96484375,-5.96484375,-5.96484375,1,-0,False
-,62,67,129,67,62,62,0,6.1015625,-6.1015625,-6.1015625,1,-0,False
-,62,68,130,68,62,62,0,5.96484375,-5.96484375,-5.96484375,1,-69,False
-,62,69,131,69,62,62,0,5.92578125,-5.92578125,-5.92578125,1,-1,False
-,62,70,132,70,62,62,1,5.26171875,-5.26171875,-5.26171875,1,-6,False
-,62,71,133,71,62,62,0,5.7890625,-5.7890625,-5.7890625,1,-6,False
-,62,72,134,72,62,62,0,5.60546875,-5.60546875,-5.60546875,1,-6,False
-,62,73,135,73,62,62,0,5.96875,-5.96875,-5.96875,1,-3,False
-,62,74,136,74,62,62,0,5.65234375,-5.65234375,-5.65234375,1,-2,False
-,62,75,137,75,62,62,0,5.765625,-5.765625,-5.765625,1,-2,False
-,62,76,138,76,62,62,0,5.69921875,-5.69921875,-5.69921875,1,-6,False
-,62,77,139,77,62,62,0,5.7890625,-5.7890625,-5.7890625,1,-5,False
-,62,78,140,78,62,62,0,5.984375,-5.984375,-5.984375,1,-5,False
-,62,79,141,79,62,62,0,5.9140625,-5.9140625,-5.9140625,1,-6,False
-,62,80,142,80,62,62,0,4.9375,-4.9375,-4.9375,1,-6,False
-,62,81,143,81,62,62,0,5.8984375,-5.8984375,-5.8984375,1,-2,False
-,62,82,144,82,62,62,0,5.65234375,-5.65234375,-5.65234375,1,-70,False
-,62,83,145,83,62,62,0,5.61328125,-5.61328125,-5.61328125,1,-3,False
-,62,84,146,84,62,62,1,5.63671875,-5.63671875,-5.63671875,1,-3,False
-,62,85,147,85,62,62,0,5.671875,-5.671875,-5.671875,1,- - - - - -,False
-,62,86,148,86,62,62,0,5.37890625,-5.37890625,-5.37890625,1,-6,False
-,62,87,149,87,62,62,0,5.00390625,-5.00390625,-5.00390625,1,-3,False
-,62,88,150,88,62,62,0,5.640625,-5.640625,-5.640625,1,-6,False
-,62,89,151,89,62,62,0,5.14453125,-5.14453125,-5.14453125,1,-69,False
-,62,90,152,90,62,62,0,5.0,-5.0,-5.0,1,-60,False
-,62,91,153,91,62,62,0,5.234375,-5.234375,-5.234375,1,-1,False
-,62,92,154,92,62,62,0,5.046875,-5.046875,-5.046875,1,-70,False
-,62,93,155,93,62,62,0,5.00390625,-5.00390625,-5.00390625,1,-1,False
-,62,94,156,94,62,62,0,4.890625,-4.890625,-4.890625,1,-0,False
-,62,95,157,95,62,62,0,5.59765625,-5.59765625,-5.59765625,1,-0,False
-,62,96,158,96,62,62,0,5.3671875,-5.3671875,-5.3671875,1,-69,False
-,62,97,159,97,62,62,0,5.921875,-5.921875,-5.921875,1,-3,False
-,62,98,160,98,62,62,0,5.44140625,-5.44140625,-5.44140625,1,-0,False
-,62,99,161,99,62,62,0,5.3125,-5.3125,-5.3125,1,-0,False
-,62,100,162,100,62,62,0,5.08984375,-5.08984375,-5.08984375,1,-2,False
-,63,1,64,1,63,63,10,5.66015625,-5.66015625,-5.66015625,1,-2,False
-,63,2,65,2,63,63,0,5.6484375,-5.6484375,-5.6484375,1,-3,False
-,63,3,66,3,63,63,3,5.61328125,-5.61328125,-5.61328125,1,-6,False
-,63,4,67,4,63,63,4,5.75390625,-5.75390625,-5.75390625,1,-3,False
-,63,5,68,5,63,63,0,5.54296875,-5.54296875,-5.54296875,1,-3,False
-,63,6,69,6,63,63,0,5.67578125,-5.67578125,-5.67578125,1,-3,False
-,63,7,70,7,63,63,4,5.69921875,-5.69921875,-5.69921875,1,-3,False
-,63,8,71,8,63,63,1,5.78125,-5.78125,-5.78125,1,-2,False
-,63,9,72,9,63,63,1,5.81640625,-5.81640625,-5.81640625,1,-1,False
-,63,10,73,10,63,63,1,5.90234375,-5.90234375,-5.90234375,1,-6,False
-,63,11,74,11,63,63,0,5.5078125,-5.5078125,-5.5078125,1,-3,False
-,63,12,75,12,63,63,6,5.6484375,-5.6484375,-5.6484375,1,-3,False
-,63,13,76,13,63,63,0,5.5625,-5.5625,-5.5625,1,-6,False
-,63,14,77,14,63,63,0,5.47265625,-5.47265625,-5.47265625,1,-2,False
-,63,15,78,15,63,63,0,5.75390625,-5.75390625,-5.75390625,1,-6,False
-,63,16,79,16,63,63,2,5.6875,-5.6875,-5.6875,1,-1,False
-,63,17,80,17,63,63,0,5.84375,-5.84375,-5.84375,1,-5,False
-,63,18,81,18,63,63,1,5.8125,-5.8125,-5.8125,1,-3,False
-,63,19,82,19,63,63,0,5.58203125,-5.58203125,-5.58203125,1,-5,False
-,63,20,83,20,63,63,2,5.98046875,-5.98046875,-5.98046875,1,-2,False
-,63,21,84,21,63,63,0,5.71484375,-5.71484375,-5.71484375,1,-6,False
-,63,22,85,22,63,63,0,5.6875,-5.6875,-5.6875,1,-2,False
-,63,23,86,23,63,63,1,5.61328125,-5.61328125,-5.61328125,1,-2,False
-,63,24,87,24,63,63,0,5.515625,-5.515625,-5.515625,1,-6,False
-,63,25,88,25,63,63,0,5.42578125,-5.42578125,-5.42578125,1,-5,False
-,63,26,89,26,63,63,0,5.70703125,-5.70703125,-5.70703125,1,-2,False
-,63,27,90,27,63,63,1,5.6640625,-5.6640625,-5.6640625,1,-2,False
-,63,28,91,28,63,63,0,5.765625,-5.765625,-5.765625,1,-0,False
-,63,29,92,29,63,63,0,5.94140625,-5.94140625,-5.94140625,1,-2,False
-,63,30,93,30,63,63,0,5.1484375,-5.1484375,-5.1484375,1,-73,False
-,63,31,94,31,63,63,0,4.9453125,-4.9453125,-4.9453125,1,-3,False
-,63,32,95,32,63,63,0,5.20703125,-5.20703125,-5.20703125,1,-0,False
-,63,33,96,33,63,63,2,5.6796875,-5.6796875,-5.6796875,1,-1,False
-,63,34,97,34,63,63,0,5.84375,-5.84375,-5.84375,1,-3,False
-,63,35,98,35,63,63,0,5.78125,-5.78125,-5.78125,1,-2,False
-,63,36,99,36,63,63,0,5.53515625,-5.53515625,-5.53515625,1,-2,False
-,63,37,100,37,63,63,2,5.83203125,-5.83203125,-5.83203125,1,-2,False
-,63,38,101,38,63,63,0,4.8359375,-4.8359375,-4.8359375,1,-74,False
-,63,39,102,39,63,63,0,4.97265625,-4.97265625,-4.97265625,1,-6,False
-,63,40,103,40,63,63,1,5.0703125,-5.0703125,-5.0703125,1,-6,False
-,63,41,104,41,63,63,0,4.93359375,-4.93359375,-4.93359375,1,-3,False
-,63,42,105,42,63,63,0,5.13671875,-5.13671875,-5.13671875,1,-2,False
-,63,43,106,43,63,63,0,5.8203125,-5.8203125,-5.8203125,1,-6,False
-,63,44,107,44,63,63,0,4.83984375,-4.83984375,-4.83984375,1,-6,False
-,63,45,108,45,63,63,0,4.8125,-4.8125,-4.8125,1,-1,False
-,63,46,109,46,63,63,0,5.734375,-5.734375,-5.734375,1,-2,False
-,63,47,110,47,63,63,0,5.54296875,-5.54296875,-5.54296875,1,-6,False
-,63,48,111,48,63,63,1,5.25,-5.25,-5.25,1,-5,False
-,63,49,112,49,63,63,0,5.16796875,-5.16796875,-5.16796875,1,-5,False
-,63,50,113,50,63,63,0,5.7890625,-5.7890625,-5.7890625,1,-2,False
-,63,51,114,51,63,63,0,4.90234375,-4.90234375,-4.90234375,1,-2,False
-,63,52,115,52,63,63,0,5.12890625,-5.12890625,-5.12890625,1,-2,False
-,63,53,116,53,63,63,0,5.65625,-5.65625,-5.65625,1,-3,False
-,63,54,117,54,63,63,0,5.32421875,-5.32421875,-5.32421875,1,-2,False
-,63,55,118,55,63,63,2,5.73828125,-5.73828125,-5.73828125,1,-6,False
-,63,56,119,56,63,63,0,5.89453125,-5.89453125,-5.89453125,1,-2,False
-,63,57,120,57,63,63,0,5.09765625,-5.09765625,-5.09765625,1,-2,False
-,63,58,121,58,63,63,0,5.140625,-5.140625,-5.140625,1,-1,False
-,63,59,122,59,63,63,0,5.26171875,-5.26171875,-5.26171875,1,-2,False
-,63,60,123,60,63,63,0,5.46875,-5.46875,-5.46875,1,-6,False
-,63,61,124,61,63,63,0,5.4140625,-5.4140625,-5.4140625,1,-1,False
-,63,62,125,62,63,63,0,5.08203125,-5.08203125,-5.08203125,1,-6,False
-,63,63,126,63,63,63,0,4.984375,-4.984375,-4.984375,1,-1,False
-,63,64,127,64,63,63,0,4.0,-4.0,-4.0,1,-6,False
-,63,65,128,65,63,63,0,5.05078125,-5.05078125,-5.05078125,1,-0,False
-,63,66,129,66,63,63,0,5.22265625,-5.22265625,-5.22265625,1,-6,False
-,63,67,130,67,63,63,0,5.9921875,-5.9921875,-5.9921875,1,-1,False
-,63,68,131,68,63,63,0,5.0078125,-5.0078125,-5.0078125,1,-6,False
-,63,69,132,69,63,63,0,5.8125,-5.8125,-5.8125,1,-2,False
-,63,70,133,70,63,63,0,5.33984375,-5.33984375,-5.33984375,1,-2,False
-,63,71,134,71,63,63,0,5.52734375,-5.52734375,-5.52734375,1,-1,False
-,63,72,135,72,63,63,0,5.4296875,-5.4296875,-5.4296875,1,-70,False
-,63,73,136,73,63,63,0,6.0234375,-6.0234375,-6.0234375,1,-1,False
-,63,74,137,74,63,63,0,5.7890625,-5.7890625,-5.7890625,1,-0,False
-,63,75,138,75,63,63,0,5.7265625,-5.7265625,-5.7265625,1,-2,False
-,63,76,139,76,63,63,0,5.87890625,-5.87890625,-5.87890625,1,-6,False
-,63,77,140,77,63,63,0,5.78515625,-5.78515625,-5.78515625,1,-5,False
-,63,78,141,78,63,63,0,5.15234375,-5.15234375,-5.15234375,1,-0,False
-,63,79,142,79,63,63,0,5.8046875,-5.8046875,-5.8046875,1,-6,False
-,63,80,143,80,63,63,0,4.97265625,-4.97265625,-4.97265625,1,-6,False
-,63,81,144,81,63,63,1,5.6484375,-5.6484375,-5.6484375,1,-6,False
-,63,82,145,82,63,63,0,5.64453125,-5.64453125,-5.64453125,1,-5,False
-,63,83,146,83,63,63,0,4.9765625,-4.9765625,-4.9765625,1,-2,False
-,63,84,147,84,63,63,0,5.5390625,-5.5390625,-5.5390625,1,-6,False
-,63,85,148,85,63,63,0,5.56640625,-5.56640625,-5.56640625,1,-6,False
-,63,86,149,86,63,63,0,5.26953125,-5.26953125,-5.26953125,1,-2,False
-,63,87,150,87,63,63,0,4.98046875,-4.98046875,-4.98046875,1,-2,False
-,63,88,151,88,63,63,0,5.1171875,-5.1171875,-5.1171875,1,-1,False
-,63,89,152,89,63,63,0,5.23828125,-5.23828125,-5.23828125,1,-2,False
-,63,90,153,90,63,63,0,4.82421875,-4.82421875,-4.82421875,1,-2,False
-,63,91,154,91,63,63,0,5.015625,-5.015625,-5.015625,1,-2,False
-,63,92,155,92,63,63,0,5.171875,-5.171875,-5.171875,1,-70,False
-,63,93,156,93,63,63,0,5.06640625,-5.06640625,-5.06640625,1,-1,False
-,63,94,157,94,63,63,0,5.75,-5.75,-5.75,1,-69,False
-,63,95,158,95,63,63,0,5.48828125,-5.48828125,-5.48828125,1,-2,False
-,63,96,159,96,63,63,0,5.4296875,-5.4296875,-5.4296875,1,-0,False
-,63,97,160,97,63,63,0,5.0859375,-5.0859375,-5.0859375,1,-0,False
-,63,98,161,98,63,63,0,5.48046875,-5.48046875,-5.48046875,1,-2,False
-,63,99,162,99,63,63,0,5.10546875,-5.10546875,-5.10546875,1,-60,False
-,63,100,163,100,63,63,0,5.05078125,-5.05078125,-5.05078125,1,-3,False
-,64,1,65,1,64,64,1,5.69921875,-5.69921875,-5.69921875,1,-6,False
-,64,2,66,2,64,64,0,5.6484375,-5.6484375,-5.6484375,1,-2,False
-,64,3,67,3,64,64,1,5.640625,-5.640625,-5.640625,1,-0,False
-,64,4,68,4,64,64,2,5.48828125,-5.48828125,-5.48828125,1,-6,False
-,64,5,69,5,64,64,0,5.640625,-5.640625,-5.640625,1,-3,False
-,64,6,70,6,64,64,4,5.671875,-5.671875,-5.671875,1,-3,False
-,64,7,71,7,64,64,0,5.6015625,-5.6015625,-5.6015625,1,-1,False
-,64,8,72,8,64,64,3,5.76953125,-5.76953125,-5.76953125,1,-1,False
-,64,9,73,9,64,64,1,5.8046875,-5.8046875,-5.8046875,1,-1,False
-,64,10,74,10,64,64,1,5.80078125,-5.80078125,-5.80078125,1,-6,False
-,64,11,75,11,64,64,0,5.63671875,-5.63671875,-5.63671875,1,-5,False
-,64,12,76,12,64,64,0,5.66796875,-5.66796875,-5.66796875,1,-3,False
-,64,13,77,13,64,64,0,5.51171875,-5.51171875,-5.51171875,1,-6,False
-,64,14,78,14,64,64,1,5.5625,-5.5625,-5.5625,1,-2,False
-,64,15,79,15,64,64,1,5.68359375,-5.68359375,-5.68359375,1,-6,False
-,64,16,80,16,64,64,3,4.85546875,-4.85546875,-4.85546875,1,-6,False
-,64,17,81,17,64,64,1,5.65234375,-5.65234375,-5.65234375,1,-2,False
-,64,18,82,18,64,64,0,5.80859375,-5.80859375,-5.80859375,1,-2,False
-,64,19,83,19,64,64,3,5.62890625,-5.62890625,-5.62890625,1,-6,False
-,64,20,84,20,64,64,2,5.9375,-5.9375,-5.9375,1,-5,False
-,64,21,85,21,64,64,1,5.65234375,-5.65234375,-5.65234375,1,-1,False
-,64,22,86,22,64,64,0,5.8515625,-5.8515625,-5.8515625,1,-2,False
-,64,23,87,23,64,64,0,5.5546875,-5.5546875,-5.5546875,1,-2,False
-,64,24,88,24,64,64,0,5.53125,-5.53125,-5.53125,1,-2,False
-,64,25,89,25,64,64,0,5.59375,-5.59375,-5.59375,1,-0,False
-,64,26,90,26,64,64,0,5.546875,-5.546875,-5.546875,1,-2,False
-,64,27,91,27,64,64,0,5.6875,-5.6875,-5.6875,1,-2,False
-,64,28,92,28,64,64,1,5.8203125,-5.8203125,-5.8203125,1,-1,False
-,64,29,93,29,64,64,0,5.9375,-5.9375,-5.9375,1,-2,False
-,64,30,94,30,64,64,0,5.15234375,-5.15234375,-5.15234375,1,-0,False
-,64,31,95,31,64,64,0,5.1171875,-5.1171875,-5.1171875,1,-6,False
-,64,32,96,32,64,64,1,5.1875,-5.1875,-5.1875,1,-6,False
-,64,33,97,33,64,64,0,5.671875,-5.671875,-5.671875,1,-6,False
-,64,34,98,34,64,64,1,5.79296875,-5.79296875,-5.79296875,1,-3,False
-,64,35,99,35,64,64,0,5.83984375,-5.83984375,-5.83984375,1,-3,False
-,64,36,100,36,64,64,6,5.41796875,-5.41796875,-5.41796875,1,-1,False
-,64,37,101,37,64,64,0,5.765625,-5.765625,-5.765625,1,-1,False
-,64,38,102,38,64,64,0,5.1015625,-5.1015625,-5.1015625,1,-0,False
-,64,39,103,39,64,64,0,5.9375,-5.9375,-5.9375,1,-6,False
-,64,40,104,40,64,64,0,5.171875,-5.171875,-5.171875,1,-6,False
-,64,41,105,41,64,64,0,5.97265625,-5.97265625,-5.97265625,1,-2,False
-,64,42,106,42,64,64,0,4.99609375,-4.99609375,-4.99609375,1,-2,False
-,64,43,107,43,64,64,0,5.83984375,-5.83984375,-5.83984375,1,-6,False
-,64,44,108,44,64,64,0,5.703125,-5.703125,-5.703125,1,-1,False
-,64,45,109,45,64,64,0,6.01953125,-6.01953125,-6.01953125,1,-6,False
-,64,46,110,46,64,64,0,5.71875,-5.71875,-5.71875,1,-6,False
-,64,47,111,47,64,64,0,5.06640625,-5.06640625,-5.06640625,1,-3,False
-,64,48,112,48,64,64,0,5.41015625,-5.41015625,-5.41015625,1,-2,False
-,64,49,113,49,64,64,0,5.28125,-5.28125,-5.28125,1,-6,False
-,64,50,114,50,64,64,0,5.89453125,-5.89453125,-5.89453125,1,-6,False
-,64,51,115,51,64,64,0,5.83203125,-5.83203125,-5.83203125,1,-2,False
-,64,52,116,52,64,64,0,5.67578125,-5.67578125,-5.67578125,1,-5,False
-,64,53,117,53,64,64,0,5.30859375,-5.30859375,-5.30859375,1,-6,False
-,64,54,118,54,64,64,0,5.6171875,-5.6171875,-5.6171875,1,-1,False
-,64,55,119,55,64,64,1,5.61328125,-5.61328125,-5.61328125,1,-6,False
-,64,56,120,56,64,64,2,5.171875,-5.171875,-5.171875,1,-6,False
-,64,57,121,57,64,64,0,5.22265625,-5.22265625,-5.22265625,1,-2,False
-,64,58,122,58,64,64,0,5.08203125,-5.08203125,-5.08203125,1,-3,False
-,64,59,123,59,64,64,0,5.05078125,-5.05078125,-5.05078125,1,-3,False
-,64,60,124,60,64,64,0,5.4375,-5.4375,-5.4375,1,-1,False
-,64,61,125,61,64,64,0,5.36328125,-5.36328125,-5.36328125,1,-1,False
-,64,62,126,62,64,64,0,5.3046875,-5.3046875,-5.3046875,1,-6,False
-,64,63,127,63,64,64,0,5.69140625,-5.69140625,-5.69140625,1,-6,False
-,64,64,128,64,64,64,5,4.890625,-4.890625,-4.890625,1,-1,False
-,64,65,129,65,64,64,0,5.3359375,-5.3359375,-5.3359375,1,-6,False
-,64,66,130,66,64,64,1,5.0625,-5.0625,-5.0625,1,-6,False
-,64,67,131,67,64,64,0,5.0625,-5.0625,-5.0625,1,-0,False
-,64,68,132,68,64,64,0,5.88671875,-5.88671875,-5.88671875,1,-2,False
-,64,69,133,69,64,64,0,5.8671875,-5.8671875,-5.8671875,1,-2,False
-,64,70,134,70,64,64,0,5.08984375,-5.08984375,-5.08984375,1,-6,False
-,64,71,135,71,64,64,0,5.578125,-5.578125,-5.578125,1,-2,False
-,64,72,136,72,64,64,0,5.5859375,-5.5859375,-5.5859375,1,-6,False
-,64,73,137,73,64,64,0,5.22265625,-5.22265625,-5.22265625,1,-0,False
-,64,74,138,74,64,64,0,5.7421875,-5.7421875,-5.7421875,1,-3,False
-,64,75,139,75,64,64,0,5.90234375,-5.90234375,-5.90234375,1,-1,False
-,64,76,140,76,64,64,0,5.859375,-5.859375,-5.859375,1,-1,False
-,64,77,141,77,64,64,0,5.87109375,-5.87109375,-5.87109375,1,-2,False
-,64,78,142,78,64,64,0,5.8125,-5.8125,-5.8125,1,-3,False
-,64,79,143,79,64,64,0,5.8515625,-5.8515625,-5.8515625,1,-6,False
-,64,80,144,80,64,64,1,4.84765625,-4.84765625,-4.84765625,1,-70,False
-,64,81,145,81,64,64,0,5.73828125,-5.73828125,-5.73828125,1,-6,False
-,64,82,146,82,64,64,1,4.84375,-4.84375,-4.84375,1,-3,False
-,64,83,147,83,64,64,0,5.703125,-5.703125,-5.703125,1,-6,False
-,64,84,148,84,64,64,0,5.44921875,-5.44921875,-5.44921875,1,-6,False
-,64,85,149,85,64,64,0,5.453125,-5.453125,-5.453125,1,-6,False
-,64,86,150,86,64,64,0,5.09765625,-5.09765625,-5.09765625,1,-6,False
-,64,87,151,87,64,64,0,5.05859375,-5.05859375,-5.05859375,1,-2,False
-,64,88,152,88,64,64,0,5.14453125,-5.14453125,-5.14453125,1,-2,False
-,64,89,153,89,64,64,0,5.203125,-5.203125,-5.203125,1,-2,False
-,64,90,154,90,64,64,2,5.609375,-5.609375,-5.609375,1,-60,False
-,64,91,155,91,64,64,0,5.04296875,-5.04296875,-5.04296875,1,-1,False
-,64,92,156,92,64,64,0,5.4453125,-5.4453125,-5.4453125,1,-6,False
-,64,93,157,93,64,64,0,5.08984375,-5.08984375,-5.08984375,1,-0,False
-,64,94,158,94,64,64,0,5.71875,-5.71875,-5.71875,1,-69,False
-,64,95,159,95,64,64,0,5.40625,-5.40625,-5.40625,1,-2,False
-,64,96,160,96,64,64,0,5.5859375,-5.5859375,-5.5859375,1,-69,False
-,64,97,161,97,64,64,0,5.24609375,-5.24609375,-5.24609375,1,-0,False
-,64,98,162,98,64,64,0,5.38671875,-5.38671875,-5.38671875,1,-0,False
-,64,99,163,99,64,64,0,4.97265625,-4.97265625,-4.97265625,1,-2,False
-,64,100,164,100,64,64,0,5.19921875,-5.19921875,-5.19921875,1,-6,False
-,65,1,66,1,65,65,0,5.69921875,-5.69921875,-5.69921875,1,-2,False
-,65,2,67,2,65,65,0,5.6484375,-5.6484375,-5.6484375,1,-0,False
-,65,3,68,3,65,65,1,5.43359375,-5.43359375,-5.43359375,1,-3,False
-,65,4,69,4,65,65,0,5.625,-5.625,-5.625,1,-0,False
-,65,5,70,5,65,65,5,5.63671875,-5.63671875,-5.63671875,1,-2,False
-,65,6,71,6,65,65,1,5.5703125,-5.5703125,-5.5703125,1,-3,False
-,65,7,72,7,65,65,0,5.58984375,-5.58984375,-5.58984375,1,-3,False
-,65,8,73,8,65,65,2,4.890625,-4.890625,-4.890625,1,-2,False
-,65,9,74,9,65,65,1,5.6640625,-5.6640625,-5.6640625,1,-1,False
-,65,10,75,10,65,65,1,5.76171875,-5.76171875,-5.76171875,1,-6,False
-,65,11,76,11,65,65,0,5.64453125,-5.64453125,-5.64453125,1,-6,False
-,65,12,77,12,65,65,0,5.640625,-5.640625,-5.640625,1,-3,False
-,65,13,78,13,65,65,0,5.67578125,-5.67578125,-5.67578125,1,-6,False
-,65,14,79,14,65,65,1,5.46484375,-5.46484375,-5.46484375,1,-6,False
-,65,15,80,15,65,65,3,5.75390625,-5.75390625,-5.75390625,1,-5,False
-,65,16,81,16,65,65,2,5.703125,-5.703125,-5.703125,1,-6,False
-,65,17,82,17,65,65,1,5.625,-5.625,-5.625,1,-2,False
-,65,18,83,18,65,65,1,4.82421875,-4.82421875,-4.82421875,1,-3,False
-,65,19,84,19,65,65,0,5.69921875,-5.69921875,-5.69921875,1,-6,False
-,65,20,85,20,65,65,0,5.69921875,-5.69921875,-5.69921875,1,-2,False
-,65,21,86,21,65,65,0,5.83203125,-5.83203125,-5.83203125,1,-2,False
-,65,22,87,22,65,65,0,5.80859375,-5.80859375,-5.80859375,1,-1,False
-,65,23,88,23,65,65,0,5.57421875,-5.57421875,-5.57421875,1,-6,False
-,65,24,89,24,65,65,0,5.70703125,-5.70703125,-5.70703125,1,-3,False
-,65,25,90,25,65,65,5,5.47265625,-5.47265625,-5.47265625,1,-2,False
-,65,26,91,26,65,65,2,5.5,-5.5,-5.5,1,-2,False
-,65,27,92,27,65,65,0,5.72265625,-5.72265625,-5.72265625,1,-2,False
-,65,28,93,28,65,65,1,5.859375,-5.859375,-5.859375,1,-2,False
-,65,29,94,29,65,65,0,5.90234375,-5.90234375,-5.90234375,1,-1,False
-,65,30,95,30,65,65,0,5.1875,-5.1875,-5.1875,1,-0,False
-,65,31,96,31,65,65,1,5.11328125,-5.11328125,-5.11328125,1,-2,False
-,65,32,97,32,65,65,3,5.12890625,-5.12890625,-5.12890625,1,-6,False
-,65,33,98,33,65,65,0,5.57421875,-5.57421875,-5.57421875,1,-3,False
-,65,34,99,34,65,65,0,5.71484375,-5.71484375,-5.71484375,1,-3,False
-,65,35,100,35,65,65,3,5.85546875,-5.85546875,-5.85546875,1,-2,False
-,65,36,101,36,65,65,0,5.3125,-5.3125,-5.3125,1,-2,False
-,65,37,102,37,65,65,0,4.94140625,-4.94140625,-4.94140625,1,-2,False
-,65,38,103,38,65,65,0,4.984375,-4.984375,-4.984375,1,-74,False
-,65,39,104,39,65,65,0,4.9609375,-4.9609375,-4.9609375,1,-6,False
-,65,40,105,40,65,65,0,5.23046875,-5.23046875,-5.23046875,1,-6,False
-,65,41,106,41,65,65,1,4.88671875,-4.88671875,-4.88671875,1,-2,False
-,65,42,107,42,65,65,0,5.17578125,-5.17578125,-5.17578125,1,-2,False
-,65,43,108,43,65,65,0,5.8203125,-5.8203125,-5.8203125,1,-69,False
-,65,44,109,44,65,65,0,4.9140625,-4.9140625,-4.9140625,1,-3,False
-,65,45,110,45,65,65,0,4.9375,-4.9375,-4.9375,1,-72,False
-,65,46,111,46,65,65,0,5.44140625,-5.44140625,-5.44140625,1,-2,False
-,65,47,112,47,65,65,0,5.36328125,-5.36328125,-5.36328125,1,-6,False
-,65,48,113,48,65,65,0,5.1484375,-5.1484375,-5.1484375,1,-5,False
-,65,49,114,49,65,65,0,5.39453125,-5.39453125,-5.39453125,1,-0,False
-,65,50,115,50,65,65,0,4.83203125,-4.83203125,-4.83203125,1,-5,False
-,65,51,116,51,65,65,0,5.03515625,-5.03515625,-5.03515625,1,-2,False
-,65,52,117,52,65,65,0,5.296875,-5.296875,-5.296875,1,-6,False
-,65,53,118,53,65,65,0,5.5,-5.5,-5.5,1,-6,False
-,65,54,119,54,65,65,0,5.47265625,-5.47265625,-5.47265625,1,-1,False
-,65,55,120,55,65,65,1,4.93359375,-4.93359375,-4.93359375,1,-6,False
-,65,56,121,56,65,65,0,5.1875,-5.1875,-5.1875,1,-2,False
-,65,57,122,57,65,65,0,5.12109375,-5.12109375,-5.12109375,1,-2,False
-,65,58,123,58,65,65,0,4.97265625,-4.97265625,-4.97265625,1,-5,False
-,65,59,124,59,65,65,0,5.10546875,-5.10546875,-5.10546875,1,-3,False
-,65,60,125,60,65,65,0,5.42578125,-5.42578125,-5.42578125,1,-6,False
-,65,61,126,61,65,65,0,5.5,-5.5,-5.5,1,-1,False
-,65,62,127,62,65,65,0,4.93359375,-4.93359375,-4.93359375,1,-1,False
-,65,63,128,63,65,65,0,5.0234375,-5.0234375,-5.0234375,1,-1,False
-,65,64,129,64,65,65,0,5.2265625,-5.2265625,-5.2265625,1,-1,False
-,65,65,130,65,65,65,0,5.22265625,-5.22265625,-5.22265625,1,-6,False
-,65,66,131,66,65,65,0,5.0703125,-5.0703125,-5.0703125,1,-6,False
-,65,67,132,67,65,65,0,4.890625,-4.890625,-4.890625,1,-2,False
-,65,68,133,68,65,65,0,4.95703125,-4.95703125,-4.95703125,1,-1,False
-,65,69,134,69,65,65,0,5.6640625,-5.6640625,-5.6640625,1,-2,False
-,65,70,135,70,65,65,1,5.1171875,-5.1171875,-5.1171875,1,-6,False
-,65,71,136,71,65,65,0,5.53515625,-5.53515625,-5.53515625,1,-6,False
-,65,72,137,72,65,65,0,5.74609375,-5.74609375,-5.74609375,1,-3,False
-,65,73,138,73,65,65,0,5.01171875,-5.01171875,-5.01171875,1,-2,False
-,65,74,139,74,65,65,0,4.96484375,-4.96484375,-4.96484375,1,-2,False
-,65,75,140,75,65,65,0,4.82421875,-4.82421875,-4.82421875,1,-2,False
-,65,76,141,76,65,65,0,5.078125,-5.078125,-5.078125,1,-6,False
-,65,77,142,77,65,65,0,5.6953125,-5.6953125,-5.6953125,1,-2,False
-,65,78,143,78,65,65,1,5.0390625,-5.0390625,-5.0390625,1,-3,False
-,65,79,144,79,65,65,0,5.37109375,-5.37109375,-5.37109375,1,-3,False
-,65,80,145,80,65,65,0,4.9375,-4.9375,-4.9375,1,-6,False
-,65,81,146,81,65,65,0,5.04296875,-5.04296875,-5.04296875,1,-2,False
-,65,82,147,82,65,65,0,4.8515625,-4.8515625,-4.8515625,1,-6,False
-,65,83,148,83,65,65,0,4.73046875,-4.73046875,-4.73046875,1,-3,False
-,65,84,149,84,65,65,0,5.1328125,-5.1328125,-5.1328125,1,-6,False
-,65,85,150,85,65,65,0,5.48046875,-5.48046875,-5.48046875,1,-6,False
-,65,86,151,86,65,65,0,5.30859375,-5.30859375,-5.30859375,1,-3,False
-,65,87,152,87,65,65,0,5.125,-5.125,-5.125,1,-2,False
-,65,88,153,88,65,65,0,4.99609375,-4.99609375,-4.99609375,1,-3,False
-,65,89,154,89,65,65,0,5.07421875,-5.07421875,-5.07421875,1,-2,False
-,65,90,155,90,65,65,1,5.484375,-5.484375,-5.484375,1,-60,False
-,65,91,156,91,65,65,0,5.35546875,-5.35546875,-5.35546875,1,-1,False
-,65,92,157,92,65,65,0,5.36328125,-5.36328125,-5.36328125,1,-6,False
-,65,93,158,93,65,65,0,5.03125,-5.03125,-5.03125,1,-2,False
-,65,94,159,94,65,65,0,5.6328125,-5.6328125,-5.6328125,1,-69,False
-,65,95,160,95,65,65,0,4.75390625,-4.75390625,-4.75390625,1,-0,False
-,65,96,161,96,65,65,0,5.7734375,-5.7734375,-5.7734375,1,-3,False
-,65,97,162,97,65,65,0,5.140625,-5.140625,-5.140625,1,-0,False
-,65,98,163,98,65,65,0,5.1953125,-5.1953125,-5.1953125,1,-0,False
-,65,99,164,99,65,65,0,5.13671875,-5.13671875,-5.13671875,1,-2,False
-,65,100,165,100,65,65,0,5.734375,-5.734375,-5.734375,1,-0,False
-,66,1,67,1,66,66,1,5.66796875,-5.66796875,-5.66796875,1,-1,False
-,66,2,68,2,66,66,1,5.3671875,-5.3671875,-5.3671875,1,-0,False
-,66,3,69,3,66,66,1,5.5078125,-5.5078125,-5.5078125,1,-0,False
-,66,4,70,4,66,66,0,5.734375,-5.734375,-5.734375,1,-3,False
-,66,5,71,5,66,66,3,5.64453125,-5.64453125,-5.64453125,1,-2,False
-,66,6,72,6,66,66,3,5.5859375,-5.5859375,-5.5859375,1,-3,False
-,66,7,73,7,66,66,1,5.6015625,-5.6015625,-5.6015625,1,-2,False
-,66,8,74,8,66,66,0,4.78515625,-4.78515625,-4.78515625,1,-6,False
-,66,9,75,9,66,66,0,5.64453125,-5.64453125,-5.64453125,1,-2,False
-,66,10,76,10,66,66,2,5.75,-5.75,-5.75,1,-6,False
-,66,11,77,11,66,66,0,5.55859375,-5.55859375,-5.55859375,1,-3,False
-,66,12,78,12,66,66,1,5.8046875,-5.8046875,-5.8046875,1,-6,False
-,66,13,79,13,66,66,0,5.5234375,-5.5234375,-5.5234375,1,-6,False
-,66,14,80,14,66,66,2,4.6484375,-4.6484375,-4.6484375,1,-6,False
-,66,15,81,15,66,66,1,5.671875,-5.671875,-5.671875,1,-6,False
-,66,16,82,16,66,66,1,5.66796875,-5.66796875,-5.66796875,1,-2,False
-,66,17,83,17,66,66,0,5.625,-5.625,-5.625,1,-5,False
-,66,18,84,18,66,66,1,4.82421875,-4.82421875,-4.82421875,1,-3,False
-,66,19,85,19,66,66,0,5.55078125,-5.55078125,-5.55078125,1,-1,False
-,66,20,86,20,66,66,1,4.97265625,-4.97265625,-4.97265625,1,-2,False
-,66,21,87,21,66,66,0,5.79296875,-5.79296875,-5.79296875,1,-6,False
-,66,22,88,22,66,66,1,5.734375,-5.734375,-5.734375,1,-6,False
-,66,23,89,23,66,66,0,5.73828125,-5.73828125,-5.73828125,1,-6,False
-,66,24,90,24,66,66,1,5.515625,-5.515625,-5.515625,1,-1,False
-,66,25,91,25,66,66,0,5.39453125,-5.39453125,-5.39453125,1,-29,False
-,66,26,92,26,66,66,1,5.54296875,-5.54296875,-5.54296875,1,-2,False
-,66,27,93,27,66,66,0,5.68359375,-5.68359375,-5.68359375,1,-3,False
-,66,28,94,28,66,66,0,5.73046875,-5.73046875,-5.73046875,1,-1,False
-,66,29,95,29,66,66,0,4.99609375,-4.99609375,-4.99609375,1,-1,False
-,66,30,96,30,66,66,0,5.18359375,-5.18359375,-5.18359375,1,-0,False
-,66,31,97,31,66,66,0,5.05078125,-5.05078125,-5.05078125,1,-2,False
-,66,32,98,32,66,66,1,5.0703125,-5.0703125,-5.0703125,1,-6,False
-,66,33,99,33,66,66,0,5.51953125,-5.51953125,-5.51953125,1,-1,False
-,66,34,100,34,66,66,0,4.8828125,-4.8828125,-4.8828125,1,-2,False
-,66,35,101,35,66,66,0,5.765625,-5.765625,-5.765625,1,-6,False
-,66,36,102,36,66,66,0,5.62890625,-5.62890625,-5.62890625,1,-2,False
-,66,37,103,37,66,66,0,4.8125,-4.8125,-4.8125,1,-2,False
-,66,38,104,38,66,66,0,5.02734375,-5.02734375,-5.02734375,1,-74,False
-,66,39,105,39,66,66,0,4.953125,-4.953125,-4.953125,1,-6,False
-,66,40,106,40,66,66,0,5.17578125,-5.17578125,-5.17578125,1,-6,False
-,66,41,107,41,66,66,0,5.046875,-5.046875,-5.046875,1,-2,False
-,66,42,108,42,66,66,1,5.01171875,-5.01171875,-5.01171875,1,-6,False
-,66,43,109,43,66,66,0,5.83203125,-5.83203125,-5.83203125,1,-3,False
-,66,44,110,44,66,66,0,4.9140625,-4.9140625,-4.9140625,1,-6,False
-,66,45,111,45,66,66,0,4.7734375,-4.7734375,-4.7734375,1,-6,False
-,66,46,112,46,66,66,0,4.6328125,-4.6328125,-4.6328125,1,-2,False
-,66,47,113,47,66,66,0,5.296875,-5.296875,-5.296875,1,-3,False
-,66,48,114,48,66,66,2,5.31640625,-5.31640625,-5.31640625,1,-3,False
-,66,49,115,49,66,66,0,5.078125,-5.078125,-5.078125,1,-6,False
-,66,50,116,50,66,66,1,5.2421875,-5.2421875,-5.2421875,1,-2,False
-,66,51,117,51,66,66,0,5.78515625,-5.78515625,-5.78515625,1,-5,False
-,66,52,118,52,66,66,0,5.33984375,-5.33984375,-5.33984375,1,-3,False
-,66,53,119,53,66,66,0,5.2265625,-5.2265625,-5.2265625,1,-6,False
-,66,54,120,54,66,66,0,4.7890625,-4.7890625,-4.7890625,1,-1,False
-,66,55,121,55,66,66,0,4.9453125,-4.9453125,-4.9453125,1,-5,False
-,66,56,122,56,66,66,0,5.16015625,-5.16015625,-5.16015625,1,-2,False
-,66,57,123,57,66,66,0,4.98046875,-4.98046875,-4.98046875,1,-6,False
-,66,58,124,58,66,66,0,4.9453125,-4.9453125,-4.9453125,1,-5,False
-,66,59,125,59,66,66,0,4.98828125,-4.98828125,-4.98828125,1,-5,False
-,66,60,126,60,66,66,0,5.50390625,-5.50390625,-5.50390625,1,-1,False
-,66,61,127,61,66,66,0,5.3203125,-5.3203125,-5.3203125,1,-1,False
-,66,62,128,62,66,66,0,5.31640625,-5.31640625,-5.31640625,1,-0,False
-,66,63,129,63,66,66,0,5.234375,-5.234375,-5.234375,1,-6,False
-,66,64,130,64,66,66,0,4.921875,-4.921875,-4.921875,1,-1,False
-,66,65,131,65,66,66,0,5.20703125,-5.20703125,-5.20703125,1,-5,False
-,66,66,132,66,66,66,0,4.9296875,-4.9296875,-4.9296875,1,-1,False
-,66,67,133,67,66,66,1,4.91796875,-4.91796875,-4.91796875,1,-1,False
-,66,68,134,68,66,66,0,4.79296875,-4.79296875,-4.79296875,1,-3,False
-,66,69,135,69,66,66,0,5.6640625,-5.6640625,-5.6640625,1,-3,False
-,66,70,136,70,66,66,0,5.17578125,-5.17578125,-5.17578125,1,-2,False
-,66,71,137,71,66,66,0,5.59765625,-5.59765625,-5.59765625,1,-6,False
-,66,72,138,72,66,66,0,5.44921875,-5.44921875,-5.44921875,1,-6,False
-,66,73,139,73,66,66,0,5.2734375,-5.2734375,-5.2734375,1,-2,False
-,66,74,140,74,66,66,0,4.9453125,-4.9453125,-4.9453125,1,-2,False
-,66,75,141,75,66,66,0,5.09765625,-5.09765625,-5.09765625,1,-6,False
-,66,76,142,76,66,66,0,4.7421875,-4.7421875,-4.7421875,1,-6,False
-,66,77,143,77,66,66,0,4.75,-4.75,-4.75,1,-3,False
-,66,78,144,78,66,66,0,4.76171875,-4.76171875,-4.76171875,1,-6,False
-,66,79,145,79,66,66,0,4.80078125,-4.80078125,-4.80078125,1,-69,False
-,66,80,146,80,66,66,0,5.0390625,-5.0390625,-5.0390625,1,-6,False
-,66,81,147,81,66,66,0,4.91015625,-4.91015625,-4.91015625,1,-6,False
-,66,82,148,82,66,66,0,4.73046875,-4.73046875,-4.73046875,1,-6,False
-,66,83,149,83,66,66,0,4.5546875,-4.5546875,-4.5546875,1,-2,False
-,66,84,150,84,66,66,1,5.13671875,-5.13671875,-5.13671875,1,-6,False
-,66,85,151,85,66,66,0,5.45703125,-5.45703125,-5.45703125,1,-5,False
-,66,86,152,86,66,66,0,4.484375,-4.484375,-4.484375,1,-2,False
-,66,87,153,87,66,66,0,5.01953125,-5.01953125,-5.01953125,1,-5,False
-,66,88,154,88,66,66,0,4.94140625,-4.94140625,-4.94140625,1,-3,False
-,66,89,155,89,66,66,0,5.08984375,-5.08984375,-5.08984375,1,-2,False
-,66,90,156,90,66,66,1,4.91015625,-4.91015625,-4.91015625,1,-1,False
-,66,91,157,91,66,66,0,5.33203125,-5.33203125,-5.33203125,1,-1,False
-,66,92,158,92,66,66,0,5.17578125,-5.17578125,-5.17578125,1,-70,False
-,66,93,159,93,66,66,0,5.0546875,-5.0546875,-5.0546875,1,-2,False
-,66,94,160,94,66,66,0,4.82421875,-4.82421875,-4.82421875,1,-69,False
-,66,95,161,95,66,66,1,4.88671875,-4.88671875,-4.88671875,1,-0,False
-,66,96,162,96,66,66,0,4.53125,-4.53125,-4.53125,1,-3,False
-,66,97,163,97,66,66,0,5.00390625,-5.00390625,-5.00390625,1,-6,False
-,66,98,164,98,66,66,0,5.41796875,-5.41796875,-5.41796875,1,-3,False
-,66,99,165,99,66,66,0,4.8671875,-4.8671875,-4.8671875,1,-3,False
-,66,100,166,100,66,66,0,4.9609375,-4.9609375,-4.9609375,1,-69,False
-,67,1,68,1,67,67,0,5.5625,-5.5625,-5.5625,1,-2,False
-,67,2,69,2,67,67,1,5.5078125,-5.5078125,-5.5078125,1,-0,False
-,67,3,70,3,67,67,1,5.56640625,-5.56640625,-5.56640625,1,-2,False
-,67,4,71,4,67,67,0,4.56640625,-4.56640625,-4.56640625,1,-2,False
-,67,5,72,5,67,67,4,4.6171875,-4.6171875,-4.6171875,1,-3,False
-,67,6,73,6,67,67,2,5.66796875,-5.66796875,-5.66796875,1,-6,False
-,67,7,74,7,67,67,1,5.53515625,-5.53515625,-5.53515625,1,-3,False
-,67,8,75,8,67,67,0,4.8046875,-4.8046875,-4.8046875,1,-6,False
-,67,9,76,9,67,67,0,5.6953125,-5.6953125,-5.6953125,1,-2,False
-,67,10,77,10,67,67,0,5.55078125,-5.55078125,-5.55078125,1,-2,False
-,67,11,78,11,67,67,0,5.69140625,-5.69140625,-5.69140625,1,-6,False
-,67,12,79,12,67,67,0,5.66015625,-5.66015625,-5.66015625,1,-5,False
-,67,13,80,13,67,67,1,5.62890625,-5.62890625,-5.62890625,1,-6,False
-,67,14,81,14,67,67,0,4.69921875,-4.69921875,-4.69921875,1,-1,False
-,67,15,82,15,67,67,2,5.55859375,-5.55859375,-5.55859375,1,-3,False
-,67,16,83,16,67,67,1,4.73828125,-4.73828125,-4.73828125,1,-0,False
-,67,17,84,17,67,67,1,4.66015625,-4.66015625,-4.66015625,1,-3,False
-,67,18,85,18,67,67,0,4.65625,-4.65625,-4.65625,1,-5,False
-,67,19,86,19,67,67,1,4.7265625,-4.7265625,-4.7265625,1,-1,False
-,67,20,87,20,67,67,0,4.94921875,-4.94921875,-4.94921875,1,-6,False
-,67,21,88,21,67,67,0,4.7109375,-4.7109375,-4.7109375,1,-6,False
-,67,22,89,22,67,67,1,4.859375,-4.859375,-4.859375,1,-1,False
-,67,23,90,23,67,67,1,5.60546875,-5.60546875,-5.60546875,1,-1,False
-,67,24,91,24,67,67,0,5.55859375,-5.55859375,-5.55859375,1,-3,False
-,67,25,92,25,67,67,0,5.4921875,-5.4921875,-5.4921875,1,-0,False
-,67,26,93,26,67,67,0,5.546875,-5.546875,-5.546875,1,-2,False
-,67,27,94,27,67,67,0,5.5390625,-5.5390625,-5.5390625,1,-2,False
-,67,28,95,28,67,67,1,4.94921875,-4.94921875,-4.94921875,1,-1,False
-,67,29,96,29,67,67,0,4.91796875,-4.91796875,-4.91796875,1,-1,False
-,67,30,97,30,67,67,1,5.09375,-5.09375,-5.09375,1,-0,False
-,67,31,98,31,67,67,0,5.00390625,-5.00390625,-5.00390625,1,-2,False
-,67,32,99,32,67,67,0,5.04296875,-5.04296875,-5.04296875,1,-1,False
-,67,33,100,33,67,67,1,5.578125,-5.578125,-5.578125,1,-3,False
-,67,34,101,34,67,67,0,4.55859375,-4.55859375,-4.55859375,1,-3,False
-,67,35,102,35,67,67,0,5.00390625,-5.00390625,-5.00390625,1,-6,False
-,67,36,103,36,67,67,0,5.46484375,-5.46484375,-5.46484375,1,-2,False
-,67,37,104,37,67,67,0,4.9453125,-4.9453125,-4.9453125,1,-2,False
-,67,38,105,38,67,67,0,5.02734375,-5.02734375,-5.02734375,1,-74,False
-,67,39,106,39,67,67,0,4.91796875,-4.91796875,-4.91796875,1,-6,False
-,67,40,107,40,67,67,0,5.10546875,-5.10546875,-5.10546875,1,-6,False
-,67,41,108,41,67,67,0,4.89453125,-4.89453125,-4.89453125,1,-6,False
-,67,42,109,42,67,67,0,5.01953125,-5.01953125,-5.01953125,1,-2,False
-,67,43,110,43,67,67,0,4.83203125,-4.83203125,-4.83203125,1,-6,False
-,67,44,111,44,67,67,0,4.78125,-4.78125,-4.78125,1,-5,False
-,67,45,112,45,67,67,1,4.86328125,-4.86328125,-4.86328125,1,-6,False
-,67,46,113,46,67,67,0,5.375,-5.375,-5.375,1,-2,False
-,67,47,114,47,67,67,0,5.46875,-5.46875,-5.46875,1,-5,False
-,67,48,115,48,67,67,0,5.203125,-5.203125,-5.203125,1,-6,False
-,67,49,116,49,67,67,0,5.59765625,-5.59765625,-5.59765625,1,-6,False
-,67,50,117,50,67,67,0,4.89453125,-4.89453125,-4.89453125,1,-6,False
-,67,51,118,51,67,67,0,4.90234375,-4.90234375,-4.90234375,1,-2,False
-,67,52,119,52,67,67,0,5.125,-5.125,-5.125,1,-3,False
-,67,53,120,53,67,67,0,5.484375,-5.484375,-5.484375,1,-6,False
-,67,54,121,54,67,67,0,4.82421875,-4.82421875,-4.82421875,1,-6,False
-,67,55,122,55,67,67,0,4.890625,-4.890625,-4.890625,1,-6,False
-,67,56,123,56,67,67,0,5.16015625,-5.16015625,-5.16015625,1,-6,False
-,67,57,124,57,67,67,0,4.98828125,-4.98828125,-4.98828125,1,-3,False
-,67,58,125,58,67,67,0,4.9296875,-4.9296875,-4.9296875,1,-5,False
-,67,59,126,59,67,67,0,5.22265625,-5.22265625,-5.22265625,1,-3,False
-,67,60,127,60,67,67,0,4.82421875,-4.82421875,-4.82421875,1,-6,False
-,67,61,128,61,67,67,2,5.5859375,-5.5859375,-5.5859375,1,-1,False
-,67,62,129,62,67,67,0,5.4296875,-5.4296875,-5.4296875,1,-6,False
-,67,63,130,63,67,67,0,5.0703125,-5.0703125,-5.0703125,1,-1,False
-,67,64,131,64,67,67,0,5.0546875,-5.0546875,-5.0546875,1,-1,False
-,67,65,132,65,67,67,0,4.984375,-4.984375,-4.984375,1,-6,False
-,67,66,133,66,67,67,1,5.0546875,-5.0546875,-5.0546875,1,-6,False
-,67,67,134,67,67,67,1,4.72265625,-4.72265625,-4.72265625,1,-2,False
-,67,68,135,68,67,67,0,4.80078125,-4.80078125,-4.80078125,1,-3,False
-,67,69,136,69,67,67,0,4.6796875,-4.6796875,-4.6796875,1,-1,False
-,67,70,137,70,67,67,0,5.29296875,-5.29296875,-5.29296875,1,-2,False
-,67,71,138,71,67,67,0,5.54296875,-5.54296875,-5.54296875,1,-1,False
-,67,72,139,72,67,67,0,4.80859375,-4.80859375,-4.80859375,1,-6,False
-,67,73,140,73,67,67,0,5.21875,-5.21875,-5.21875,1,-2,False
-,67,74,141,74,67,67,0,5.0546875,-5.0546875,-5.0546875,1,-6,False
-,67,75,142,75,67,67,0,4.8046875,-4.8046875,-4.8046875,1,-2,False
-,67,76,143,76,67,67,0,4.7890625,-4.7890625,-4.7890625,1,-1,False
-,67,77,144,77,67,67,0,4.515625,-4.515625,-4.515625,1,-6,False
-,67,78,145,78,67,67,0,4.9140625,-4.9140625,-4.9140625,1,-3,False
-,67,79,146,79,67,67,0,4.96484375,-4.96484375,-4.96484375,1,-69,False
-,67,80,147,80,67,67,0,5.07421875,-5.07421875,-5.07421875,1,"-
147 - 80 =",False
-,67,81,148,81,67,67,0,4.7421875,-4.7421875,-4.7421875,1,-6,False
-,67,82,149,82,67,67,0,4.5703125,-4.5703125,-4.5703125,1,-5,False
-,67,83,150,83,67,67,0,4.578125,-4.578125,-4.578125,1,-3,False
-,67,84,151,84,67,67,0,5.1953125,-5.1953125,-5.1953125,1,-6,False
-,67,85,152,85,67,67,0,4.515625,-4.515625,-4.515625,1,-6,False
-,67,86,153,86,67,67,0,4.36328125,-4.36328125,-4.36328125,1,-3,False
-,67,87,154,87,67,67,0,4.8046875,-4.8046875,-4.8046875,1,-6,False
-,67,88,155,88,67,67,0,4.98828125,-4.98828125,-4.98828125,1,-2,False
-,67,89,156,89,67,67,0,5.14453125,-5.14453125,-5.14453125,1,-69,False
-,67,90,157,90,67,67,0,4.9296875,-4.9296875,-4.9296875,1,-60,False
-,67,91,158,91,67,67,1,5.16015625,-5.16015625,-5.16015625,1,-6,False
-,67,92,159,92,67,67,0,5.18359375,-5.18359375,-5.18359375,1,-70,False
-,67,93,160,93,67,67,0,5.1015625,-5.1015625,-5.1015625,1,-0,False
-,67,94,161,94,67,67,0,5.04296875,-5.04296875,-5.04296875,1,-6,False
-,67,95,162,95,67,67,0,4.73828125,-4.73828125,-4.73828125,1,-0,False
-,67,96,163,96,67,67,0,4.4609375,-4.4609375,-4.4609375,1,-6,False
-,67,97,164,97,67,67,0,5.140625,-5.140625,-5.140625,1,-0,False
-,67,98,165,98,67,67,0,5.140625,-5.140625,-5.140625,1,-70,False
-,67,99,166,99,67,67,0,5.06640625,-5.06640625,-5.06640625,1,-70,False
-,67,100,167,100,67,67,0,5.06640625,-5.06640625,-5.06640625,1,-3,False
-,68,1,69,1,68,68,0,5.6015625,-5.6015625,-5.6015625,1,-2,False
-,68,2,70,2,68,68,1,5.6328125,-5.6328125,-5.6328125,1,-2,False
-,68,3,71,3,68,68,0,5.51171875,-5.51171875,-5.51171875,1,-2,False
-,68,4,72,4,68,68,0,5.62109375,-5.62109375,-5.62109375,1,-0,False
-,68,5,73,5,68,68,1,5.6328125,-5.6328125,-5.6328125,1,-2,False
-,68,6,74,6,68,68,1,5.5390625,-5.5390625,-5.5390625,1,-2,False
-,68,7,75,7,68,68,0,5.5859375,-5.5859375,-5.5859375,1,-3,False
-,68,8,76,8,68,68,0,4.80078125,-4.80078125,-4.80078125,1,-6,False
-,68,9,77,9,68,68,0,5.6328125,-5.6328125,-5.6328125,1,-2,False
-,68,10,78,10,68,68,0,4.83984375,-4.83984375,-4.83984375,1,-1,False
-,68,11,79,11,68,68,0,5.59375,-5.59375,-5.59375,1,-3,False
-,68,12,80,12,68,68,1,5.80859375,-5.80859375,-5.80859375,1,-3,False
-,68,13,81,13,68,68,1,5.62890625,-5.62890625,-5.62890625,1,-5,False
-,68,14,82,14,68,68,0,5.640625,-5.640625,-5.640625,1,-6,False
-,68,15,83,15,68,68,0,5.66015625,-5.66015625,-5.66015625,1,-1,False
-,68,16,84,16,68,68,3,5.75390625,-5.75390625,-5.75390625,1,-3,False
-,68,17,85,17,68,68,1,5.640625,-5.640625,-5.640625,1,-3,False
-,68,18,86,18,68,68,0,4.84375,-4.84375,-4.84375,1,-6,False
-,68,19,87,19,68,68,0,5.66015625,-5.66015625,-5.66015625,1,-6,False
-,68,20,88,20,68,68,0,4.80859375,-4.80859375,-4.80859375,1,-3,False
-,68,21,89,21,68,68,0,4.953125,-4.953125,-4.953125,1,-6,False
-,68,22,90,22,68,68,1,5.6953125,-5.6953125,-5.6953125,1,-1,False
-,68,23,91,23,68,68,0,5.58984375,-5.58984375,-5.58984375,1,-6,False
-,68,24,92,24,68,68,0,5.625,-5.625,-5.625,1,-3,False
-,68,25,93,25,68,68,1,5.41015625,-5.41015625,-5.41015625,1,-0,False
-,68,26,94,26,68,68,2,5.33984375,-5.33984375,-5.33984375,1,-2,False
-,68,27,95,27,68,68,1,5.6953125,-5.6953125,-5.6953125,1,-5,False
-,68,28,96,28,68,68,0,4.91015625,-4.91015625,-4.91015625,1,-1,False
-,68,29,97,29,68,68,0,5.8828125,-5.8828125,-5.8828125,1,-2,False
-,68,30,98,30,68,68,1,5.09375,-5.09375,-5.09375,1,-6,False
-,68,31,99,31,68,68,0,4.98828125,-4.98828125,-4.98828125,1,-6,False
-,68,32,100,32,68,68,2,4.8515625,-4.8515625,-4.8515625,1,-6,False
-,68,33,101,33,68,68,1,5.50390625,-5.50390625,-5.50390625,1,-6,False
-,68,34,102,34,68,68,0,4.953125,-4.953125,-4.953125,1,-6,False
-,68,35,103,35,68,68,0,4.8671875,-4.8671875,-4.8671875,1,-7,False
-,68,36,104,36,68,68,0,5.484375,-5.484375,-5.484375,1,-3,False
-,68,37,105,37,68,68,0,4.9375,-4.9375,-4.9375,1,-2,False
-,68,38,106,38,68,68,0,5.00390625,-5.00390625,-5.00390625,1,-1,False
-,68,39,107,39,68,68,0,5.02734375,-5.02734375,-5.02734375,1,-6,False
-,68,40,108,40,68,68,0,5.0703125,-5.0703125,-5.0703125,1,-2,False
-,68,41,109,41,68,68,0,4.87890625,-4.87890625,-4.87890625,1,-2,False
-,68,42,110,42,68,68,0,5.01953125,-5.01953125,-5.01953125,1,-2,False
-,68,43,111,43,68,68,0,5.62890625,-5.62890625,-5.62890625,1,-3,False
-,68,44,112,44,68,68,0,4.78125,-4.78125,-4.78125,1,-6,False
-,68,45,113,45,68,68,0,4.6640625,-4.6640625,-4.6640625,1,-6,False
-,68,46,114,46,68,68,0,5.56640625,-5.56640625,-5.56640625,1,-2,False
-,68,47,115,47,68,68,0,5.07421875,-5.07421875,-5.07421875,1,-3,False
-,68,48,116,48,68,68,0,5.5078125,-5.5078125,-5.5078125,1,-2,False
-,68,49,117,49,68,68,0,5.109375,-5.109375,-5.109375,1,-0,False
-,68,50,118,50,68,68,0,5.0546875,-5.0546875,-5.0546875,1,-6,False
-,68,51,119,51,68,68,0,5.796875,-5.796875,-5.796875,1,-2,False
-,68,52,120,52,68,68,0,5.60546875,-5.60546875,-5.60546875,1,-6,False
-,68,53,121,53,68,68,0,5.76953125,-5.76953125,-5.76953125,1,-2,False
-,68,54,122,54,68,68,0,5.7265625,-5.7265625,-5.7265625,1,-1,False
-,68,55,123,55,68,68,0,4.8046875,-4.8046875,-4.8046875,1,-6,False
-,68,56,124,56,68,68,0,5.1484375,-5.1484375,-5.1484375,1,-6,False
-,68,57,125,57,68,68,0,4.92578125,-4.92578125,-4.92578125,1,-5,False
-,68,58,126,58,68,68,0,4.9609375,-4.9609375,-4.9609375,1,-3,False
-,68,59,127,59,68,68,0,5.76171875,-5.76171875,-5.76171875,1,-6,False
-,68,60,128,60,68,68,0,5.4921875,-5.4921875,-5.4921875,1,-1,False
-,68,61,129,61,68,68,0,5.62109375,-5.62109375,-5.62109375,1,-6,False
-,68,62,130,62,68,68,0,5.328125,-5.328125,-5.328125,1,-6,False
-,68,63,131,63,68,68,0,5.27734375,-5.27734375,-5.27734375,1,-6,False
-,68,64,132,64,68,68,0,5.0625,-5.0625,-5.0625,1,-2,False
-,68,65,133,65,68,68,0,5.125,-5.125,-5.125,1,-6,False
-,68,66,134,66,68,68,0,4.8359375,-4.8359375,-4.8359375,1,-2,False
-,68,67,135,67,68,68,0,5.69921875,-5.69921875,-5.69921875,1,-2,False
-,68,68,136,68,68,68,0,5.734375,-5.734375,-5.734375,1,-1,False
-,68,69,137,69,68,68,0,4.7421875,-4.7421875,-4.7421875,1,-1,False
-,68,70,138,70,68,68,0,5.1796875,-5.1796875,-5.1796875,1,-6,False
-,68,71,139,71,68,68,0,5.73046875,-5.73046875,-5.73046875,1,-6,False
-,68,72,140,72,68,68,0,4.7890625,-4.7890625,-4.7890625,1,-6,False
-,68,73,141,73,68,68,0,5.36328125,-5.36328125,-5.36328125,1,-6,False
-,68,74,142,74,68,68,0,4.75,-4.75,-4.75,1,-2,False
-,68,75,143,75,68,68,0,4.828125,-4.828125,-4.828125,1,-2,False
-,68,76,144,76,68,68,0,4.6484375,-4.6484375,-4.6484375,1,-2,False
-,68,77,145,77,68,68,0,5.62890625,-5.62890625,-5.62890625,1,-6,False
-,68,78,146,78,68,68,0,5.1171875,-5.1171875,-5.1171875,1,-5,False
-,68,79,147,79,68,68,0,4.76171875,-4.76171875,-4.76171875,1,-5,False
-,68,80,148,80,68,68,0,4.92578125,-4.92578125,-4.92578125,1,-70,False
-,68,81,149,81,68,68,0,4.734375,-4.734375,-4.734375,1,-5,False
-,68,82,150,82,68,68,0,4.6171875,-4.6171875,-4.6171875,1,-5,False
-,68,83,151,83,68,68,0,4.4921875,-4.4921875,-4.4921875,1,-3,False
-,68,84,152,84,68,68,0,4.3984375,-4.3984375,-4.3984375,1,-6,False
-,68,85,153,85,68,68,0,4.34765625,-4.34765625,-4.34765625,1,-70,False
-,68,86,154,86,68,68,0,5.05078125,-5.05078125,-5.05078125,1,-70,False
-,68,87,155,87,68,68,0,4.9765625,-4.9765625,-4.9765625,1,-1,False
-,68,88,156,88,68,68,0,5.109375,-5.109375,-5.109375,1,-1,False
-,68,89,157,89,68,68,0,5.203125,-5.203125,-5.203125,1,-69,False
-,68,90,158,90,68,68,0,4.92578125,-4.92578125,-4.92578125,1,-6,False
-,68,91,159,91,68,68,0,5.12890625,-5.12890625,-5.12890625,1,-6,False
-,68,92,160,92,68,68,0,5.03125,-5.03125,-5.03125,1,-70,False
-,68,93,161,93,68,68,0,5.69921875,-5.69921875,-5.69921875,1,-69,False
-,68,94,162,94,68,68,0,4.84765625,-4.84765625,-4.84765625,1,-69,False
-,68,95,163,95,68,68,0,5.60546875,-5.60546875,-5.60546875,1,-0,False
-,68,96,164,96,68,68,0,4.578125,-4.578125,-4.578125,1,-0,False
-,68,97,165,97,68,68,0,4.9921875,-4.9921875,-4.9921875,1,-0,False
-,68,98,166,98,68,68,0,5.48828125,-5.48828125,-5.48828125,1,-0,False
-,68,99,167,99,68,68,0,5.0703125,-5.0703125,-5.0703125,1,-69,False
-,68,100,168,100,68,68,0,5.4296875,-5.4296875,-5.4296875,1,-1,False
-,69,1,70,1,69,69,3,4.68359375,-4.68359375,-4.68359375,1,-2,False
-,69,2,71,2,69,69,0,5.4921875,-5.4921875,-5.4921875,1,-1,False
-,69,3,72,3,69,69,0,4.54296875,-4.54296875,-4.54296875,1,-0,False
-,69,4,73,4,69,69,0,4.640625,-4.640625,-4.640625,1,-3,False
-,69,5,74,5,69,69,1,5.53515625,-5.53515625,-5.53515625,1,-3,False
-,69,6,75,6,69,69,1,4.5859375,-4.5859375,-4.5859375,1,-6,False
-,69,7,76,7,69,69,0,5.60546875,-5.60546875,-5.60546875,1,-6,False
-,69,8,77,8,69,69,1,4.74609375,-4.74609375,-4.74609375,1,-5,False
-,69,9,78,9,69,69,0,5.71875,-5.71875,-5.71875,1,-2,False
-,69,10,79,10,69,69,0,4.703125,-4.703125,-4.703125,1,-1,False
-,69,11,80,11,69,69,2,5.68359375,-5.68359375,-5.68359375,1,-6,False
-,69,12,81,12,69,69,0,5.7421875,-5.7421875,-5.7421875,1,-3,False
-,69,13,82,13,69,69,1,5.515625,-5.515625,-5.515625,1,-3,False
-,69,14,83,14,69,69,0,4.59375,-4.59375,-4.59375,1,-1,False
-,69,15,84,15,69,69,2,5.71875,-5.71875,-5.71875,1,-5,False
-,69,16,85,16,69,69,1,5.62890625,-5.62890625,-5.62890625,1,-1,False
-,69,17,86,17,69,69,1,5.71484375,-5.71484375,-5.71484375,1,-3,False
-,69,18,87,18,69,69,0,4.8046875,-4.8046875,-4.8046875,1,-6,False
-,69,19,88,19,69,69,2,4.66015625,-4.66015625,-4.66015625,1,-6,False
-,69,20,89,20,69,69,2,4.9140625,-4.9140625,-4.9140625,1,-6,False
-,69,21,90,21,69,69,4,4.76953125,-4.76953125,-4.76953125,1,-1,False
-,69,22,91,22,69,69,0,5.734375,-5.734375,-5.734375,1,-0,False
-,69,23,92,23,69,69,0,4.671875,-4.671875,-4.671875,1,-1,False
-,69,24,93,24,69,69,0,4.57421875,-4.57421875,-4.57421875,1,-6,False
-,69,25,94,25,69,69,0,5.3671875,-5.3671875,-5.3671875,1,-3,False
-,69,26,95,26,69,69,1,5.53125,-5.53125,-5.53125,1,-2,False
-,69,27,96,27,69,69,0,5.6953125,-5.6953125,-5.6953125,1,-2,False
-,69,28,97,28,69,69,0,5.75,-5.75,-5.75,1,-1,False
-,69,29,98,29,69,69,0,4.86328125,-4.86328125,-4.86328125,1,-2,False
-,69,30,99,30,69,69,0,5.01953125,-5.01953125,-5.01953125,1,-0,False
-,69,31,100,31,69,69,0,4.828125,-4.828125,-4.828125,1,-1,False
-,69,32,101,32,69,69,0,4.93359375,-4.93359375,-4.93359375,1,-0,False
-,69,33,102,33,69,69,0,4.75,-4.75,-4.75,1,-1,False
-,69,34,103,34,69,69,0,4.78515625,-4.78515625,-4.78515625,1,-3,False
-,69,35,104,35,69,69,0,5.01171875,-5.01171875,-5.01171875,1,-0,False
-,69,36,105,36,69,69,1,4.49609375,-4.49609375,-4.49609375,1,-6,False
-,69,37,106,37,69,69,0,4.890625,-4.890625,-4.890625,1,-2,False
-,69,38,107,38,69,69,0,5.0234375,-5.0234375,-5.0234375,1,-2,False
-,69,39,108,39,69,69,0,4.8671875,-4.8671875,-4.8671875,1,-1,False
-,69,40,109,40,69,69,0,5.203125,-5.203125,-5.203125,1,-6,False
-,69,41,110,41,69,69,0,4.90234375,-4.90234375,-4.90234375,1,-6,False
-,69,42,111,42,69,69,0,5.046875,-5.046875,-5.046875,1,-1,False
-,69,43,112,43,69,69,0,4.76953125,-4.76953125,-4.76953125,1,-3,False
-,69,44,113,44,69,69,1,4.71875,-4.71875,-4.71875,1,-0,False
-,69,45,114,45,69,69,0,4.83984375,-4.83984375,-4.83984375,1,-1,False
-,69,46,115,46,69,69,0,4.47265625,-4.47265625,-4.47265625,1,-2,False
-,69,47,116,47,69,69,0,5.625,-5.625,-5.625,1,-2,False
-,69,48,117,48,69,69,0,5.203125,-5.203125,-5.203125,1,-6,False
-,69,49,118,49,69,69,0,5.42578125,-5.42578125,-5.42578125,1,-6,False
-,69,50,119,50,69,69,0,4.89453125,-4.89453125,-4.89453125,1,-2,False
-,69,51,120,51,69,69,0,5.03515625,-5.03515625,-5.03515625,1,-2,False
-,69,52,121,52,69,69,0,4.76953125,-4.76953125,-4.76953125,1,-2,False
-,69,53,122,53,69,69,0,4.6015625,-4.6015625,-4.6015625,1,-5,False
-,69,54,123,54,69,69,1,4.4609375,-4.4609375,-4.4609375,1,-2,False
-,69,55,124,55,69,69,0,4.80859375,-4.80859375,-4.80859375,1,-6,False
-,69,56,125,56,69,69,0,4.98046875,-4.98046875,-4.98046875,1,-3,False
-,69,57,126,57,69,69,0,5.078125,-5.078125,-5.078125,1,-5,False
-,69,58,127,58,69,69,0,4.42578125,-4.42578125,-4.42578125,1,-6,False
-,69,59,128,59,69,69,0,5.09375,-5.09375,-5.09375,1,-6,False
-,69,60,129,60,69,69,0,4.6640625,-4.6640625,-4.6640625,1,-6,False
-,69,61,130,61,69,69,0,5.58984375,-5.58984375,-5.58984375,1,-1,False
-,69,62,131,62,69,69,0,5.46875,-5.46875,-5.46875,1,-3,False
-,69,63,132,63,69,69,0,5.03125,-5.03125,-5.03125,1,-2,False
-,69,64,133,64,69,69,1,5.0703125,-5.0703125,-5.0703125,1,-1,False
-,69,65,134,65,69,69,0,4.9140625,-4.9140625,-4.9140625,1,-6,False
-,69,66,135,66,69,69,0,4.8203125,-4.8203125,-4.8203125,1,-1,False
-,69,67,136,67,69,69,0,4.73046875,-4.73046875,-4.73046875,1,-0,False
-,69,68,137,68,69,69,0,4.87890625,-4.87890625,-4.87890625,1,-1,False
-,69,69,138,69,69,69,0,4.6875,-4.6875,-4.6875,1,-2,False
-,69,70,139,70,69,69,0,5.33984375,-5.33984375,-5.33984375,1,-2,False
-,69,71,140,71,69,69,0,4.6796875,-4.6796875,-4.6796875,1,-6,False
-,69,72,141,72,69,69,0,4.890625,-4.890625,-4.890625,1,-2,False
-,69,73,142,73,69,69,0,5.12890625,-5.12890625,-5.12890625,1,-1,False
-,69,74,143,74,69,69,0,4.84375,-4.84375,-4.84375,1,-2,False
-,69,75,144,75,69,69,0,4.71484375,-4.71484375,-4.71484375,1,-6,False
-,69,76,145,76,69,69,0,4.734375,-4.734375,-4.734375,1,-1,False
-,69,77,146,77,69,69,0,4.84375,-4.84375,-4.84375,1,-6,False
-,69,78,147,78,69,69,0,4.94921875,-4.94921875,-4.94921875,1,-6,False
-,69,79,148,79,69,69,0,4.64453125,-4.64453125,-4.64453125,1,-69,False
-,69,80,149,80,69,69,0,4.83203125,-4.83203125,-4.83203125,1,-6,False
-,69,81,150,81,69,69,0,4.6796875,-4.6796875,-4.6796875,1,-6,False
-,69,82,151,82,69,69,0,4.625,-4.625,-4.625,1,-3,False
-,69,83,152,83,69,69,0,4.64453125,-4.64453125,-4.64453125,1,-2,False
-,69,84,153,84,69,69,0,4.26953125,-4.26953125,-4.26953125,1,-5,False
-,69,85,154,85,69,69,0,4.23828125,-4.23828125,-4.23828125,1,-6,False
-,69,86,155,86,69,69,0,4.19921875,-4.19921875,-4.19921875,1,-2,False
-,69,87,156,87,69,69,0,5.11328125,-5.11328125,-5.11328125,1,-2,False
-,69,88,157,88,69,69,0,5.1484375,-5.1484375,-5.1484375,1,-1,False
-,69,89,158,89,69,69,0,5.1171875,-5.1171875,-5.1171875,1,-69,False
-,69,90,159,90,69,69,0,4.8984375,-4.8984375,-4.8984375,1,-60,False
-,69,91,160,91,69,69,0,4.37890625,-4.37890625,-4.37890625,1,-1,False
-,69,92,161,92,69,69,0,4.66015625,-4.66015625,-4.66015625,1,-2,False
-,69,93,162,93,69,69,0,5.0625,-5.0625,-5.0625,1,-0,False
-,69,94,163,94,69,69,0,4.81640625,-4.81640625,-4.81640625,1,-0,False
-,69,95,164,95,69,69,0,4.73046875,-4.73046875,-4.73046875,1,-2,False
-,69,96,165,96,69,69,0,4.4296875,-4.4296875,-4.4296875,1,-0,False
-,69,97,166,97,69,69,0,5.09375,-5.09375,-5.09375,1,-0,False
-,69,98,167,98,69,69,0,4.30859375,-4.30859375,-4.30859375,1,-0,False
-,69,99,168,99,69,69,1,5.08984375,-5.08984375,-5.08984375,1,-3,False
-,69,100,169,100,69,69,0,4.390625,-4.390625,-4.390625,1,-69,False
-,70,1,71,1,70,70,4,5.58984375,-5.58984375,-5.58984375,1,-0,False
-,70,2,72,2,70,70,0,5.5390625,-5.5390625,-5.5390625,1,-1,False
-,70,3,73,3,70,70,0,5.53515625,-5.53515625,-5.53515625,1,-3,False
-,70,4,74,4,70,70,0,5.53125,-5.53125,-5.53125,1,-3,False
-,70,5,75,5,70,70,3,5.52734375,-5.52734375,-5.52734375,1,-2,False
-,70,6,76,6,70,70,0,5.5859375,-5.5859375,-5.5859375,1,-6,False
-,70,7,77,7,70,70,0,5.65234375,-5.65234375,-5.65234375,1,-5,False
-,70,8,78,8,70,70,2,5.83984375,-5.83984375,-5.83984375,1,-6,False
-,70,9,79,9,70,70,0,5.53515625,-5.53515625,-5.53515625,1,-6,False
-,70,10,80,10,70,70,8,5.8359375,-5.8359375,-5.8359375,1,-1,False
-,70,11,81,11,70,70,1,5.59765625,-5.59765625,-5.59765625,1,-3,False
-,70,12,82,12,70,70,1,5.52734375,-5.52734375,-5.52734375,1,-2,False
-,70,13,83,13,70,70,0,5.53515625,-5.53515625,-5.53515625,1,-6,False
-,70,14,84,14,70,70,2,5.6796875,-5.6796875,-5.6796875,1,-6,False
-,70,15,85,15,70,70,1,5.5546875,-5.5546875,-5.5546875,1,-5,False
-,70,16,86,16,70,70,2,5.7265625,-5.7265625,-5.7265625,1,-3,False
-,70,17,87,17,70,70,1,5.6875,-5.6875,-5.6875,1,-5,False
-,70,18,88,18,70,70,0,5.6953125,-5.6953125,-5.6953125,1,-2,False
-,70,19,89,19,70,70,0,5.765625,-5.765625,-5.765625,1,-6,False
-,70,20,90,20,70,70,4,5.56640625,-5.56640625,-5.56640625,1,-1,False
-,70,21,91,21,70,70,0,5.75,-5.75,-5.75,1,-6,False
-,70,22,92,22,70,70,1,5.7734375,-5.7734375,-5.7734375,1,-1,False
-,70,23,93,23,70,70,0,5.5390625,-5.5390625,-5.5390625,1,-2,False
-,70,24,94,24,70,70,0,5.3671875,-5.3671875,-5.3671875,1,-3,False
-,70,25,95,25,70,70,0,5.38671875,-5.38671875,-5.38671875,1,-0,False
-,70,26,96,26,70,70,0,5.5078125,-5.5078125,-5.5078125,1,-3,False
-,70,27,97,27,70,70,0,5.6953125,-5.6953125,-5.6953125,1,-3,False
-,70,28,98,28,70,70,0,5.72265625,-5.72265625,-5.72265625,1,-0,False
-,70,29,99,29,70,70,0,5.8515625,-5.8515625,-5.8515625,1,-0,False
-,70,30,100,30,70,70,20,4.80078125,-4.80078125,-4.80078125,1,-2,False
-,70,31,101,31,70,70,0,5.84765625,-5.84765625,-5.84765625,1,-2,False
-,70,32,102,32,70,70,0,5.12109375,-5.12109375,-5.12109375,1,-6,False
-,70,33,103,33,70,70,0,5.46875,-5.46875,-5.46875,1,-1,False
-,70,34,104,34,70,70,0,4.92578125,-4.92578125,-4.92578125,1,-69,False
-,70,35,105,35,70,70,0,4.921875,-4.921875,-4.921875,1,-0,False
-,70,36,106,36,70,70,0,5.58203125,-5.58203125,-5.58203125,1,-3,False
-,70,37,107,37,70,70,0,5.81640625,-5.81640625,-5.81640625,1,-3,False
-,70,38,108,38,70,70,0,4.8984375,-4.8984375,-4.8984375,1,-2,False
-,70,39,109,39,70,70,0,5.90234375,-5.90234375,-5.90234375,1,-2,False
-,70,40,110,40,70,70,1,5.14453125,-5.14453125,-5.14453125,1,-73,False
-,70,41,111,41,70,70,0,5.83984375,-5.83984375,-5.83984375,1,-2,False
-,70,42,112,42,70,70,0,4.9140625,-4.9140625,-4.9140625,1,-2,False
-,70,43,113,43,70,70,0,5.640625,-5.640625,-5.640625,1,-6,False
-,70,44,114,44,70,70,0,4.7421875,-4.7421875,-4.7421875,1,-6,False
-,70,45,115,45,70,70,0,5.7578125,-5.7578125,-5.7578125,1,-0,False
-,70,46,116,46,70,70,0,4.87890625,-4.87890625,-4.87890625,1,-2,False
-,70,47,117,47,70,70,0,5.1796875,-5.1796875,-5.1796875,1,-0,False
-,70,48,118,48,70,70,0,5.359375,-5.359375,-5.359375,1,-3,False
-,70,49,119,49,70,70,0,5.21484375,-5.21484375,-5.21484375,1,-6,False
-,70,50,120,50,70,70,2,4.9765625,-4.9765625,-4.9765625,1,-6,False
-,70,51,121,51,70,70,0,6.05078125,-6.05078125,-6.05078125,1,-1,False
-,70,52,122,52,70,70,0,5.3359375,-5.3359375,-5.3359375,1,-6,False
-,70,53,123,53,70,70,0,5.15234375,-5.15234375,-5.15234375,1,-6,False
-,70,54,124,54,70,70,0,5.47265625,-5.47265625,-5.47265625,1,-2,False
-,70,55,125,55,70,70,0,5.7578125,-5.7578125,-5.7578125,1,-6,False
-,70,56,126,56,70,70,0,5.15234375,-5.15234375,-5.15234375,1,-6,False
-,70,57,127,57,70,70,0,5.47265625,-5.47265625,-5.47265625,1,-5,False
-,70,58,128,58,70,70,0,4.8515625,-4.8515625,-4.8515625,1,-5,False
-,70,59,129,59,70,70,0,5.37890625,-5.37890625,-5.37890625,1,-2,False
-,70,60,130,60,70,70,2,5.59765625,-5.59765625,-5.59765625,1,-6,False
-,70,61,131,61,70,70,0,5.7421875,-5.7421875,-5.7421875,1,-6,False
-,70,62,132,62,70,70,0,5.296875,-5.296875,-5.296875,1,-1,False
-,70,63,133,63,70,70,1,5.171875,-5.171875,-5.171875,1,-6,False
-,70,64,134,64,70,70,0,4.921875,-4.921875,-4.921875,1,-2,False
-,70,65,135,65,70,70,0,5.92578125,-5.92578125,-5.92578125,1,-6,False
-,70,66,136,66,70,70,0,5.81640625,-5.81640625,-5.81640625,1,-6,False
-,70,67,137,67,70,70,0,5.8515625,-5.8515625,-5.8515625,1,-0,False
-,70,68,138,68,70,70,0,5.8125,-5.8125,-5.8125,1,-2,False
-,70,69,139,69,70,70,0,5.859375,-5.859375,-5.859375,1,-2,False
-,70,70,140,70,70,70,1,5.28515625,-5.28515625,-5.28515625,1,-2,False
-,70,71,141,71,70,70,0,5.90625,-5.90625,-5.90625,1,-3,False
-,70,72,142,72,70,70,0,5.625,-5.625,-5.625,1,-3,False
-,70,73,143,73,70,70,0,5.18359375,-5.18359375,-5.18359375,1,-2,False
-,70,74,144,74,70,70,0,4.7578125,-4.7578125,-4.7578125,1,-6,False
-,70,75,145,75,70,70,0,4.7734375,-4.7734375,-4.7734375,1,-5,False
-,70,76,146,76,70,70,0,4.96875,-4.96875,-4.96875,1,-1,False
-,70,77,147,77,70,70,0,4.62890625,-4.62890625,-4.62890625,1,- - - - - -,False
-,70,78,148,78,70,70,0,4.85546875,-4.85546875,-4.85546875,1,-6,False
-,70,79,149,79,70,70,0,5.515625,-5.515625,-5.515625,1,-2,False
-,70,80,150,80,70,70,2,4.87890625,-4.87890625,-4.87890625,1,-70,False
-,70,81,151,81,70,70,0,5.6015625,-5.6015625,-5.6015625,1,-2,False
-,70,82,152,82,70,70,0,4.75390625,-4.75390625,-4.75390625,1,-6,False
-,70,83,153,83,70,70,0,5.6875,-5.6875,-5.6875,1,-2,False
-,70,84,154,84,70,70,0,5.08203125,-5.08203125,-5.08203125,1,-6,False
-,70,85,155,85,70,70,0,5.42578125,-5.42578125,-5.42578125,1,-6,False
-,70,86,156,86,70,70,0,5.515625,-5.515625,-5.515625,1,-2,False
-,70,87,157,87,70,70,0,5.02734375,-5.02734375,-5.02734375,1,-2,False
-,70,88,158,88,70,70,0,5.09765625,-5.09765625,-5.09765625,1,-5,False
-,70,89,159,89,70,70,0,5.1171875,-5.1171875,-5.1171875,1,-2,False
-,70,90,160,90,70,70,1,5.11328125,-5.11328125,-5.11328125,1,-60,False
-,70,91,161,91,70,70,0,5.73828125,-5.73828125,-5.73828125,1,-0,False
-,70,92,162,92,70,70,2,5.359375,-5.359375,-5.359375,1,-6,False
-,70,93,163,93,70,70,0,4.99609375,-4.99609375,-4.99609375,1,-2,False
-,70,94,164,94,70,70,0,4.796875,-4.796875,-4.796875,1,-0,False
-,70,95,165,95,70,70,0,5.515625,-5.515625,-5.515625,1,-0,False
-,70,96,166,96,70,70,0,5.484375,-5.484375,-5.484375,1,-0,False
-,70,97,167,97,70,70,0,5.09765625,-5.09765625,-5.09765625,1,-69,False
-,70,98,168,98,70,70,0,5.44921875,-5.44921875,-5.44921875,1,-0,False
-,70,99,169,99,70,70,0,5.09375,-5.09375,-5.09375,1,-3,False
-,70,100,170,100,70,70,2,5.0625,-5.0625,-5.0625,1,-69,False
-,71,1,72,1,71,71,4,5.5859375,-5.5859375,-5.5859375,1,-1,False
-,71,2,73,2,71,71,1,5.546875,-5.546875,-5.546875,1,-2,False
-,71,3,74,3,71,71,0,5.4765625,-5.4765625,-5.4765625,1,-0,False
-,71,4,75,4,71,71,0,5.53515625,-5.53515625,-5.53515625,1,-2,False
-,71,5,76,5,71,71,0,5.69921875,-5.69921875,-5.69921875,1,-5,False
-,71,6,77,6,71,71,1,5.5703125,-5.5703125,-5.5703125,1,-6,False
-,71,7,78,7,71,71,0,5.71484375,-5.71484375,-5.71484375,1,-5,False
-,71,8,79,8,71,71,0,5.75390625,-5.75390625,-5.75390625,1,-5,False
-,71,9,80,9,71,71,3,5.7265625,-5.7265625,-5.7265625,1,-3,False
-,71,10,81,10,71,71,0,5.73046875,-5.73046875,-5.73046875,1,-1,False
-,71,11,82,11,71,71,1,5.51171875,-5.51171875,-5.51171875,1,-2,False
-,71,12,83,12,71,71,0,5.5859375,-5.5859375,-5.5859375,1,-5,False
-,71,13,84,13,71,71,2,5.55859375,-5.55859375,-5.55859375,1,-3,False
-,71,14,85,14,71,71,2,5.4140625,-5.4140625,-5.4140625,1,-2,False
-,71,15,86,15,71,71,0,5.6875,-5.6875,-5.6875,1,-2,False
-,71,16,87,16,71,71,2,5.70703125,-5.70703125,-5.70703125,1,-6,False
-,71,17,88,17,71,71,0,5.64453125,-5.64453125,-5.64453125,1,-2,False
-,71,18,89,18,71,71,0,4.875,-4.875,-4.875,1,-2,False
-,71,19,90,19,71,71,1,5.60546875,-5.60546875,-5.60546875,1,-6,False
-,71,20,91,20,71,71,0,5.703125,-5.703125,-5.703125,1,-1,False
-,71,21,92,21,71,71,0,5.75,-5.75,-5.75,1,-6,False
-,71,22,93,22,71,71,2,5.7109375,-5.7109375,-5.7109375,1,-2,False
-,71,23,94,23,71,71,0,5.48828125,-5.48828125,-5.48828125,1,-6,False
-,71,24,95,24,71,71,0,5.52734375,-5.52734375,-5.52734375,1,-6,False
-,71,25,96,25,71,71,3,5.44921875,-5.44921875,-5.44921875,1,-5,False
-,71,26,97,26,71,71,2,5.515625,-5.515625,-5.515625,1,-2,False
-,71,27,98,27,71,71,0,5.68359375,-5.68359375,-5.68359375,1,-2,False
-,71,28,99,28,71,71,0,5.73828125,-5.73828125,-5.73828125,1,-1,False
-,71,29,100,29,71,71,1,5.80078125,-5.80078125,-5.80078125,1,-0,False
-,71,30,101,30,71,71,0,4.953125,-4.953125,-4.953125,1,-6,False
-,71,31,102,31,71,71,0,5.06640625,-5.06640625,-5.06640625,1,-6,False
-,71,32,103,32,71,71,0,5.01953125,-5.01953125,-5.01953125,1,-6,False
-,71,33,104,33,71,71,0,5.6953125,-5.6953125,-5.6953125,1,-1,False
-,71,34,105,34,71,71,0,4.8984375,-4.8984375,-4.8984375,1,-6,False
-,71,35,106,35,71,71,0,5.82421875,-5.82421875,-5.82421875,1,-1,False
-,71,36,107,36,71,71,0,5.40625,-5.40625,-5.40625,1,-3,False
-,71,37,108,37,71,71,1,5.81640625,-5.81640625,-5.81640625,1,-3,False
-,71,38,109,38,71,71,0,4.94140625,-4.94140625,-4.94140625,1,-73,False
-,71,39,110,39,71,71,0,4.9296875,-4.9296875,-4.9296875,1,-6,False
-,71,40,111,40,71,71,0,5.02734375,-5.02734375,-5.02734375,1,-6,False
-,71,41,112,41,71,71,0,5.89453125,-5.89453125,-5.89453125,1,-2,False
-,71,42,113,42,71,71,0,5.8984375,-5.8984375,-5.8984375,1,-2,False
-,71,43,114,43,71,71,0,4.83984375,-4.83984375,-4.83984375,1,-6,False
-,71,44,115,44,71,71,0,5.54296875,-5.54296875,-5.54296875,1,-6,False
-,71,45,116,45,71,71,0,5.14453125,-5.14453125,-5.14453125,1,-6,False
-,71,46,117,46,71,71,0,5.51171875,-5.51171875,-5.51171875,1,-3,False
-,71,47,118,47,71,71,0,5.48046875,-5.48046875,-5.48046875,1,-6,False
-,71,48,119,48,71,71,0,5.12109375,-5.12109375,-5.12109375,1,-5,False
-,71,49,120,49,71,71,0,5.453125,-5.453125,-5.453125,1,-6,False
-,71,50,121,50,71,71,0,5.15234375,-5.15234375,-5.15234375,1,-1,False
-,71,51,122,51,71,71,0,5.015625,-5.015625,-5.015625,1,-2,False
-,71,52,123,52,71,71,0,5.29296875,-5.29296875,-5.29296875,1,-6,False
-,71,53,124,53,71,71,0,5.19140625,-5.19140625,-5.19140625,1,-6,False
-,71,54,125,54,71,71,0,5.37890625,-5.37890625,-5.37890625,1,-2,False
-,71,55,126,55,71,71,0,5.8671875,-5.8671875,-5.8671875,1,-6,False
-,71,56,127,56,71,71,0,5.73828125,-5.73828125,-5.73828125,1,-1,False
-,71,57,128,57,71,71,0,5.0,-5.0,-5.0,1,-5,False
-,71,58,129,58,71,71,0,5.1328125,-5.1328125,-5.1328125,1,-5,False
-,71,59,130,59,71,71,0,5.1796875,-5.1796875,-5.1796875,1,-2,False
-,71,60,131,60,71,71,0,5.61328125,-5.61328125,-5.61328125,1,-6,False
-,71,61,132,61,71,71,0,5.4921875,-5.4921875,-5.4921875,1,-1,False
-,71,62,133,62,71,71,0,5.37890625,-5.37890625,-5.37890625,1,-6,False
-,71,63,134,63,71,71,0,4.90234375,-4.90234375,-4.90234375,1,-2,False
-,71,64,135,64,71,71,0,5.02734375,-5.02734375,-5.02734375,1,-2,False
-,71,65,136,65,71,71,0,5.90625,-5.90625,-5.90625,1,-6,False
-,71,66,137,66,71,71,0,5.953125,-5.953125,-5.953125,1,-6,False
-,71,67,138,67,71,71,0,5.72265625,-5.72265625,-5.72265625,1,-6,False
-,71,68,139,68,71,71,0,4.9140625,-4.9140625,-4.9140625,1,-2,False
-,71,69,140,69,71,71,0,5.828125,-5.828125,-5.828125,1,-1,False
-,71,70,141,70,71,71,0,5.44921875,-5.44921875,-5.44921875,1,-1,False
-,71,71,142,71,71,71,0,5.69921875,-5.69921875,-5.69921875,1,-6,False
-,71,72,143,72,71,71,0,5.8203125,-5.8203125,-5.8203125,1,-6,False
-,71,73,144,73,71,71,0,5.01953125,-5.01953125,-5.01953125,1,-6,False
-,71,74,145,74,71,71,0,4.79296875,-4.79296875,-4.79296875,1,-2,False
-,71,75,146,75,71,71,0,4.94140625,-4.94140625,-4.94140625,1,-2,False
-,71,76,147,76,71,71,0,4.86328125,-4.86328125,-4.86328125,1,-1,False
-,71,77,148,77,71,71,0,5.48828125,-5.48828125,-5.48828125,1,-5,False
-,71,78,149,78,71,71,0,4.73046875,-4.73046875,-4.73046875,1,-5,False
-,71,79,150,79,71,71,0,5.44140625,-5.44140625,-5.44140625,1,-2,False
-,71,80,151,80,71,71,0,4.796875,-4.796875,-4.796875,1,-70,False
-,71,81,152,81,71,71,0,4.734375,-4.734375,-4.734375,1,-6,False
-,71,82,153,82,71,71,1,4.6953125,-4.6953125,-4.6953125,1,-6,False
-,71,83,154,83,71,71,0,5.48046875,-5.48046875,-5.48046875,1,-2,False
-,71,84,155,84,71,71,0,5.1875,-5.1875,-5.1875,1,-3,False
-,71,85,156,85,71,71,0,4.60546875,-4.60546875,-4.60546875,1,-3,False
-,71,86,157,86,71,71,0,5.4375,-5.4375,-5.4375,1,-2,False
-,71,87,158,87,71,71,0,4.98046875,-4.98046875,-4.98046875,1,-2,False
-,71,88,159,88,71,71,0,5.10546875,-5.10546875,-5.10546875,1,-3,False
-,71,89,160,89,71,71,0,5.515625,-5.515625,-5.515625,1,-69,False
-,71,90,161,90,71,71,0,5.578125,-5.578125,-5.578125,1,-2,False
-,71,91,162,91,71,71,1,5.359375,-5.359375,-5.359375,1,-1,False
-,71,92,163,92,71,71,0,5.29296875,-5.29296875,-5.29296875,1,-6,False
-,71,93,164,93,71,71,0,5.25390625,-5.25390625,-5.25390625,1,-0,False
-,71,94,165,94,71,71,0,5.67578125,-5.67578125,-5.67578125,1,-0,False
-,71,95,166,95,71,71,0,5.69921875,-5.69921875,-5.69921875,1,-69,False
-,71,96,167,96,71,71,0,4.60546875,-4.60546875,-4.60546875,1,-0,False
-,71,97,168,97,71,71,0,5.2421875,-5.2421875,-5.2421875,1,-2,False
-,71,98,169,98,71,71,0,5.546875,-5.546875,-5.546875,1,-3,False
-,71,99,170,99,71,71,0,4.875,-4.875,-4.875,1,-69,False
-,71,100,171,100,71,71,0,5.06640625,-5.06640625,-5.06640625,1,-3,False
-,72,1,73,1,72,72,2,5.58203125,-5.58203125,-5.58203125,1,-1,False
-,72,2,74,2,72,72,0,5.4921875,-5.4921875,-5.4921875,1,-0,False
-,72,3,75,3,72,72,2,5.4140625,-5.4140625,-5.4140625,1,-2,False
-,72,4,76,4,72,72,2,5.6796875,-5.6796875,-5.6796875,1,-3,False
-,72,5,77,5,72,72,1,5.60546875,-5.60546875,-5.60546875,1,-6,False
-,72,6,78,6,72,72,0,5.7421875,-5.7421875,-5.7421875,1,-6,False
-,72,7,79,7,72,72,1,5.51953125,-5.51953125,-5.51953125,1,-6,False
-,72,8,80,8,72,72,6,4.84375,-4.84375,-4.84375,1,-0,False
-,72,9,81,9,72,72,4,5.66015625,-5.66015625,-5.66015625,1,-2,False
-,72,10,82,10,72,72,2,5.6484375,-5.6484375,-5.6484375,1,-6,False
-,72,11,83,11,72,72,1,5.578125,-5.578125,-5.578125,1,-5,False
-,72,12,84,12,72,72,0,5.640625,-5.640625,-5.640625,1,-3,False
-,72,13,85,13,72,72,0,5.48828125,-5.48828125,-5.48828125,1,-6,False
-,72,14,86,14,72,72,0,4.67578125,-4.67578125,-4.67578125,1,-2,False
-,72,15,87,15,72,72,1,5.57421875,-5.57421875,-5.57421875,1,-6,False
-,72,16,88,16,72,72,1,5.62890625,-5.62890625,-5.62890625,1,-2,False
-,72,17,89,17,72,72,0,4.890625,-4.890625,-4.890625,1,-3,False
-,72,18,90,18,72,72,2,4.70703125,-4.70703125,-4.70703125,1,-5,False
-,72,19,91,19,72,72,0,5.64453125,-5.64453125,-5.64453125,1,-2,False
-,72,20,92,20,72,72,0,4.8671875,-4.8671875,-4.8671875,1,-6,False
-,72,21,93,21,72,72,0,4.734375,-4.734375,-4.734375,1,-1,False
-,72,22,94,22,72,72,1,4.6875,-4.6875,-4.6875,1,-1,False
-,72,23,95,23,72,72,0,5.5859375,-5.5859375,-5.5859375,1,-2,False
-,72,24,96,24,72,72,2,5.45703125,-5.45703125,-5.45703125,1,-6,False
-,72,25,97,25,72,72,0,5.3359375,-5.3359375,-5.3359375,1,-2,False
-,72,26,98,26,72,72,0,5.45703125,-5.45703125,-5.45703125,1,-2,False
-,72,27,99,27,72,72,0,5.546875,-5.546875,-5.546875,1,-0,False
-,72,28,100,28,72,72,0,5.6171875,-5.6171875,-5.6171875,1,-0,False
-,72,29,101,29,72,72,0,5.72265625,-5.72265625,-5.72265625,1,-1,False
-,72,30,102,30,72,72,0,5.1953125,-5.1953125,-5.1953125,1,-0,False
-,72,31,103,31,72,72,1,4.921875,-4.921875,-4.921875,1,-2,False
-,72,32,104,32,72,72,0,5.08203125,-5.08203125,-5.08203125,1,-1,False
-,72,33,105,33,72,72,0,4.625,-4.625,-4.625,1,-1,False
-,72,34,106,34,72,72,0,4.828125,-4.828125,-4.828125,1,-6,False
-,72,35,107,35,72,72,0,4.875,-4.875,-4.875,1,-74,False
-,72,36,108,36,72,72,0,4.390625,-4.390625,-4.390625,1,-6,False
-,72,37,109,37,72,72,0,4.84765625,-4.84765625,-4.84765625,1,-2,False
-,72,38,110,38,72,72,0,4.3203125,-4.3203125,-4.3203125,1,-73,False
-,72,39,111,39,72,72,0,4.86328125,-4.86328125,-4.86328125,1,-2,False
-,72,40,112,40,72,72,0,5.1171875,-5.1171875,-5.1171875,1,-6,False
-,72,41,113,41,72,72,0,4.76171875,-4.76171875,-4.76171875,1,-6,False
-,72,42,114,42,72,72,0,5.03125,-5.03125,-5.03125,1,-2,False
-,72,43,115,43,72,72,0,4.55078125,-4.55078125,-4.55078125,1,-6,False
-,72,44,116,44,72,72,0,4.95703125,-4.95703125,-4.95703125,1,-6,False
-,72,45,117,45,72,72,0,4.9140625,-4.9140625,-4.9140625,1,-6,False
-,72,46,118,46,72,72,0,4.8125,-4.8125,-4.8125,1,-2,False
-,72,47,119,47,72,72,0,5.30859375,-5.30859375,-5.30859375,1,-3,False
-,72,48,120,48,72,72,4,4.4375,-4.4375,-4.4375,1,-6,False
-,72,49,121,49,72,72,0,5.6015625,-5.6015625,-5.6015625,1,-2,False
-,72,50,122,50,72,72,0,5.14453125,-5.14453125,-5.14453125,1,-2,False
-,72,51,123,51,72,72,0,4.8984375,-4.8984375,-4.8984375,1,-2,False
-,72,52,124,52,72,72,0,5.42578125,-5.42578125,-5.42578125,1,-6,False
-,72,53,125,53,72,72,0,5.1328125,-5.1328125,-5.1328125,1,-6,False
-,72,54,126,54,72,72,0,4.4765625,-4.4765625,-4.4765625,1,-2,False
-,72,55,127,55,72,72,0,5.03515625,-5.03515625,-5.03515625,1,-1,False
-,72,56,128,56,72,72,3,5.11328125,-5.11328125,-5.11328125,1,-5,False
-,72,57,129,57,72,72,0,5.30859375,-5.30859375,-5.30859375,1,-2,False
-,72,58,130,58,72,72,0,5.0859375,-5.0859375,-5.0859375,1,-5,False
-,72,59,131,59,72,72,0,5.3125,-5.3125,-5.3125,1,-2,False
-,72,60,132,60,72,72,0,5.47265625,-5.47265625,-5.47265625,1,-1,False
-,72,61,133,61,72,72,0,5.51953125,-5.51953125,-5.51953125,1,-6,False
-,72,62,134,62,72,72,0,5.1484375,-5.1484375,-5.1484375,1,-1,False
-,72,63,135,63,72,72,0,4.921875,-4.921875,-4.921875,1,-2,False
-,72,64,136,64,72,72,0,4.95703125,-4.95703125,-4.95703125,1,-6,False
-,72,65,137,65,72,72,0,5.03515625,-5.03515625,-5.03515625,1,-5,False
-,72,66,138,66,72,72,0,4.8203125,-4.8203125,-4.8203125,1,-1,False
-,72,67,139,67,72,72,0,4.89453125,-4.89453125,-4.89453125,1,-0,False
-,72,68,140,68,72,72,3,4.91015625,-4.91015625,-4.91015625,1,-2,False
-,72,69,141,69,72,72,1,5.00390625,-5.00390625,-5.00390625,1,-1,False
-,72,70,142,70,72,72,0,5.25,-5.25,-5.25,1,-2,False
-,72,71,143,71,72,72,0,4.6953125,-4.6953125,-4.6953125,1,-0,False
-,72,72,144,72,72,72,4,4.5078125,-4.5078125,-4.5078125,1,-70,False
-,72,73,145,73,72,72,0,5.15625,-5.15625,-5.15625,1,-1,False
-,72,74,146,74,72,72,0,5.0,-5.0,-5.0,1,-2,False
-,72,75,147,75,72,72,1,4.8359375,-4.8359375,-4.8359375,1,-6,False
-,72,76,148,76,72,72,0,4.71875,-4.71875,-4.71875,1,-1,False
-,72,77,149,77,72,72,0,5.30859375,-5.30859375,-5.30859375,1,-5,False
-,72,78,150,78,72,72,0,4.734375,-4.734375,-4.734375,1,-5,False
-,72,79,151,79,72,72,0,5.6484375,-5.6484375,-5.6484375,1,-1,False
-,72,80,152,80,72,72,0,4.94140625,-4.94140625,-4.94140625,1,-6,False
-,72,81,153,81,72,72,0,4.7421875,-4.7421875,-4.7421875,1,-6,False
-,72,82,154,82,72,72,0,5.37890625,-5.37890625,-5.37890625,1,-6,False
-,72,83,155,83,72,72,0,4.484375,-4.484375,-4.484375,1,-2,False
-,72,84,156,84,72,72,0,5.4140625,-5.4140625,-5.4140625,1,-6,False
-,72,85,157,85,72,72,0,4.4296875,-4.4296875,-4.4296875,1,-2,False
-,72,86,158,86,72,72,0,5.1796875,-5.1796875,-5.1796875,1,-6,False
-,72,87,159,87,72,72,0,4.9140625,-4.9140625,-4.9140625,1,-6,False
-,72,88,160,88,72,72,0,4.35546875,-4.35546875,-4.35546875,1,-69,False
-,72,89,161,89,72,72,0,4.65234375,-4.65234375,-4.65234375,1,-69,False
-,72,90,162,90,72,72,0,5.17578125,-5.17578125,-5.17578125,1,-60,False
-,72,91,163,91,72,72,0,5.328125,-5.328125,-5.328125,1,-2,False
-,72,92,164,92,72,72,0,4.375,-4.375,-4.375,1,-6,False
-,72,93,165,93,72,72,0,5.0859375,-5.0859375,-5.0859375,1,-1,False
-,72,94,166,94,72,72,0,4.9375,-4.9375,-4.9375,1,-69,False
-,72,95,167,95,72,72,1,4.71875,-4.71875,-4.71875,1,-2,False
-,72,96,168,96,72,72,0,4.7890625,-4.7890625,-4.7890625,1,-0,False
-,72,97,169,97,72,72,0,5.25,-5.25,-5.25,1,-3,False
-,72,98,170,98,72,72,0,5.37890625,-5.37890625,-5.37890625,1,-0,False
-,72,99,171,99,72,72,0,4.953125,-4.953125,-4.953125,1,-69,False
-,72,100,172,100,72,72,0,5.171875,-5.171875,-5.171875,1,-6,False
-,73,1,74,1,73,73,1,5.5546875,-5.5546875,-5.5546875,1,-2,False
-,73,2,75,2,73,73,1,5.48046875,-5.48046875,-5.48046875,1,-2,False
-,73,3,76,3,73,73,0,5.54296875,-5.54296875,-5.54296875,1,-1,False
-,73,4,77,4,73,73,1,5.5546875,-5.5546875,-5.5546875,1,-3,False
-,73,5,78,5,73,73,0,5.76171875,-5.76171875,-5.76171875,1,-5,False
-,73,6,79,6,73,73,1,6.54296875,-6.54296875,-6.54296875,1,-2,False
-,73,7,80,7,73,73,1,5.77734375,-5.77734375,-5.77734375,1,-6,False
-,73,8,81,8,73,73,1,5.80078125,-5.80078125,-5.80078125,1,-3,False
-,73,9,82,9,73,73,1,6.5859375,-6.5859375,-6.5859375,1,-2,False
-,73,10,83,10,73,73,0,5.7265625,-5.7265625,-5.7265625,1,-6,False
-,73,11,84,11,73,73,1,6.59375,-6.59375,-6.59375,1,-2,False
-,73,12,85,12,73,73,0,6.5078125,-6.5078125,-6.5078125,1,-5,False
-,73,13,86,13,73,73,1,5.58203125,-5.58203125,-5.58203125,1,-6,False
-,73,14,87,14,73,73,0,5.4765625,-5.4765625,-5.4765625,1,-6,False
-,73,15,88,15,73,73,0,6.51953125,-6.51953125,-6.51953125,1,-2,False
-,73,16,89,16,73,73,1,5.83984375,-5.83984375,-5.83984375,1,-5,False
-,73,17,90,17,73,73,0,6.6875,-6.6875,-6.6875,1,-3,False
-,73,18,91,18,73,73,1,5.734375,-5.734375,-5.734375,1,-2,False
-,73,19,92,19,73,73,0,5.66796875,-5.66796875,-5.66796875,1,-6,False
-,73,20,93,20,73,73,0,5.87109375,-5.87109375,-5.87109375,1,-1,False
-,73,21,94,21,73,73,1,5.59765625,-5.59765625,-5.59765625,1,-6,False
-,73,22,95,22,73,73,0,5.78515625,-5.78515625,-5.78515625,1,-1,False
-,73,23,96,23,73,73,0,5.65234375,-5.65234375,-5.65234375,1,-1,False
-,73,24,97,24,73,73,0,5.53125,-5.53125,-5.53125,1,-6,False
-,73,25,98,25,73,73,0,6.46484375,-6.46484375,-6.46484375,1,-5,False
-,73,26,99,26,73,73,0,6.39453125,-6.39453125,-6.39453125,1,-3,False
-,73,27,100,27,73,73,1,5.6796875,-5.6796875,-5.6796875,1,-1,False
-,73,28,101,28,73,73,0,5.703125,-5.703125,-5.703125,1,-2,False
-,73,29,102,29,73,73,0,5.9140625,-5.9140625,-5.9140625,1,-2,False
-,73,30,103,30,73,73,0,5.9375,-5.9375,-5.9375,1,-73,False
-,73,31,104,31,73,73,0,6.0546875,-6.0546875,-6.0546875,1,-6,False
-,73,32,105,32,73,73,0,6.12109375,-6.12109375,-6.12109375,1,-6,False
-,73,33,106,33,73,73,0,5.59375,-5.59375,-5.59375,1,-2,False
-,73,34,107,34,73,73,0,5.78125,-5.78125,-5.78125,1,-6,False
-,73,35,108,35,73,73,0,5.80078125,-5.80078125,-5.80078125,1,-1,False
-,73,36,109,36,73,73,0,5.5546875,-5.5546875,-5.5546875,1,-2,False
-,73,37,110,37,73,73,0,5.8359375,-5.8359375,-5.8359375,1,-3,False
-,73,38,111,38,73,73,0,5.98046875,-5.98046875,-5.98046875,1,-74,False
-,73,39,112,39,73,73,0,5.9140625,-5.9140625,-5.9140625,1,-6,False
-,73,40,113,40,73,73,1,6.09765625,-6.09765625,-6.09765625,1,-1,False
-,73,41,114,41,73,73,0,5.921875,-5.921875,-5.921875,1,-6,False
-,73,42,115,42,73,73,0,5.79296875,-5.79296875,-5.79296875,1,-2,False
-,73,43,116,43,73,73,1,5.90625,-5.90625,-5.90625,1,-6,False
-,73,44,117,44,73,73,1,5.6640625,-5.6640625,-5.6640625,1,-1,False
-,73,45,118,45,73,73,0,5.9453125,-5.9453125,-5.9453125,1,-0,False
-,73,46,119,46,73,73,0,5.58984375,-5.58984375,-5.58984375,1,-2,False
-,73,47,120,47,73,73,1,5.62890625,-5.62890625,-5.62890625,1,-2,False
-,73,48,121,48,73,73,1,5.5546875,-5.5546875,-5.5546875,1,-2,False
-,73,49,122,49,73,73,0,5.51953125,-5.51953125,-5.51953125,1,-6,False
-,73,50,123,50,73,73,0,6.0234375,-6.0234375,-6.0234375,1,-5,False
-,73,51,124,51,73,73,0,5.95703125,-5.95703125,-5.95703125,1,-2,False
-,73,52,125,52,73,73,1,5.05078125,-5.05078125,-5.05078125,1,-6,False
-,73,53,126,53,73,73,0,5.55859375,-5.55859375,-5.55859375,1,-6,False
-,73,54,127,54,73,73,0,5.0546875,-5.0546875,-5.0546875,1,-2,False
-,73,55,128,55,73,73,0,5.61328125,-5.61328125,-5.61328125,1,-5,False
-,73,56,129,56,73,73,0,6.37890625,-6.37890625,-6.37890625,1,-3,False
-,73,57,130,57,73,73,0,6.1171875,-6.1171875,-6.1171875,1,-3,False
-,73,58,131,58,73,73,0,6.0859375,-6.0859375,-6.0859375,1,-2,False
-,73,59,132,59,73,73,0,6.22265625,-6.22265625,-6.22265625,1,-3,False
-,73,60,133,60,73,73,0,5.59765625,-5.59765625,-5.59765625,1,-6,False
-,73,61,134,61,73,73,0,6.33984375,-6.33984375,-6.33984375,1,-1,False
-,73,62,135,62,73,73,0,6.109375,-6.109375,-6.109375,1,-1,False
-,73,63,136,63,73,73,1,5.8671875,-5.8671875,-5.8671875,1,-6,False
-,73,64,137,64,73,73,0,6.11328125,-6.11328125,-6.11328125,1,-1,False
-,73,65,138,65,73,73,0,5.87890625,-5.87890625,-5.87890625,1,-6,False
-,73,66,139,66,73,73,0,5.99609375,-5.99609375,-5.99609375,1,-6,False
-,73,67,140,67,73,73,0,5.8671875,-5.8671875,-5.8671875,1,-6,False
-,73,68,141,68,73,73,0,6.10546875,-6.10546875,-6.10546875,1,-6,False
-,73,69,142,69,73,73,0,5.8046875,-5.8046875,-5.8046875,1,-2,False
-,73,70,143,70,73,73,0,6.28125,-6.28125,-6.28125,1,-3,False
-,73,71,144,71,73,73,0,5.640625,-5.640625,-5.640625,1,-2,False
-,73,72,145,72,73,73,0,5.74609375,-5.74609375,-5.74609375,1,-6,False
-,73,73,146,73,73,73,0,5.296875,-5.296875,-5.296875,1,-1,False
-,73,74,147,74,73,73,0,5.875,-5.875,-5.875,1,-6,False
-,73,75,148,75,73,73,0,5.81640625,-5.81640625,-5.81640625,1,-2,False
-,73,76,149,76,73,73,0,5.6484375,-5.6484375,-5.6484375,1,-6,False
-,73,77,150,77,73,73,0,5.28515625,-5.28515625,-5.28515625,1,-6,False
-,73,78,151,78,73,73,0,5.83203125,-5.83203125,-5.83203125,1,-3,False
-,73,79,152,79,73,73,0,5.7890625,-5.7890625,-5.7890625,1,-69,False
-,73,80,153,80,73,73,0,5.88671875,-5.88671875,-5.88671875,1,-6,False
-,73,81,154,81,73,73,0,5.4609375,-5.4609375,-5.4609375,1,-5,False
-,73,82,155,82,73,73,0,5.58203125,-5.58203125,-5.58203125,1,-3,False
-,73,83,156,83,73,73,0,5.9375,-5.9375,-5.9375,1,-2,False
-,73,84,157,84,73,73,0,5.21484375,-5.21484375,-5.21484375,1,-2,False
-,73,85,158,85,73,73,1,5.4375,-5.4375,-5.4375,1,-6,False
-,73,86,159,86,73,73,0,5.11328125,-5.11328125,-5.11328125,1,-6,False
-,73,87,160,87,73,73,0,5.21875,-5.21875,-5.21875,1,-1,False
-,73,88,161,88,73,73,0,5.6328125,-5.6328125,-5.6328125,1,-1,False
-,73,89,162,89,73,73,0,5.203125,-5.203125,-5.203125,1,-2,False
-,73,90,163,90,73,73,0,5.09765625,-5.09765625,-5.09765625,1,-3,False
-,73,91,164,91,73,73,0,5.33203125,-5.33203125,-5.33203125,1,-1,False
-,73,92,165,92,73,73,0,5.3046875,-5.3046875,-5.3046875,1,-6,False
-,73,93,166,93,73,73,0,5.33984375,-5.33984375,-5.33984375,1,-0,False
-,73,94,167,94,73,73,0,5.83203125,-5.83203125,-5.83203125,1,-69,False
-,73,95,168,95,73,73,0,5.796875,-5.796875,-5.796875,1,-3,False
-,73,96,169,96,73,73,0,5.73828125,-5.73828125,-5.73828125,1,-0,False
-,73,97,170,97,73,73,0,6.01953125,-6.01953125,-6.01953125,1,-0,False
-,73,98,171,98,73,73,0,6.12109375,-6.12109375,-6.12109375,1,-0,False
-,73,99,172,99,73,73,0,6.01171875,-6.01171875,-6.01171875,1,-2,False
-,73,100,173,100,73,73,0,5.55859375,-5.55859375,-5.55859375,1,-6,False
-,74,1,75,1,74,74,0,5.49609375,-5.49609375,-5.49609375,1,-0,False
-,74,2,76,2,74,74,0,5.53125,-5.53125,-5.53125,1,-0,False
-,74,3,77,3,74,74,2,5.5,-5.5,-5.5,1,-3,False
-,74,4,78,4,74,74,0,5.78515625,-5.78515625,-5.78515625,1,-2,False
-,74,5,79,5,74,74,0,5.53515625,-5.53515625,-5.53515625,1,-3,False
-,74,6,80,6,74,74,2,5.75390625,-5.75390625,-5.75390625,1,-6,False
-,74,7,81,7,74,74,0,5.609375,-5.609375,-5.609375,1,-3,False
-,74,8,82,8,74,74,0,5.70703125,-5.70703125,-5.70703125,1,-2,False
-,74,9,83,9,74,74,1,5.59375,-5.59375,-5.59375,1,-6,False
-,74,10,84,10,74,74,2,5.79296875,-5.79296875,-5.79296875,1,-1,False
-,74,11,85,11,74,74,0,5.56640625,-5.56640625,-5.56640625,1,-5,False
-,74,12,86,12,74,74,0,5.71484375,-5.71484375,-5.71484375,1,-3,False
-,74,13,87,13,74,74,1,5.52734375,-5.52734375,-5.52734375,1,-3,False
-,74,14,88,14,74,74,0,5.40234375,-5.40234375,-5.40234375,1,-6,False
-,74,15,89,15,74,74,0,5.73046875,-5.73046875,-5.73046875,1,-5,False
-,74,16,90,16,74,74,3,6.66796875,-6.66796875,-6.66796875,1,-5,False
-,74,17,91,17,74,74,0,5.66796875,-5.66796875,-5.66796875,1,-3,False
-,74,18,92,18,74,74,2,5.72265625,-5.72265625,-5.72265625,1,-6,False
-,74,19,93,19,74,74,1,5.578125,-5.578125,-5.578125,1,-1,False
-,74,20,94,20,74,74,1,5.62109375,-5.62109375,-5.62109375,1,-3,False
-,74,21,95,21,74,74,0,5.80859375,-5.80859375,-5.80859375,1,-6,False
-,74,22,96,22,74,74,0,5.7109375,-5.7109375,-5.7109375,1,-1,False
-,74,23,97,23,74,74,0,5.56640625,-5.56640625,-5.56640625,1,-1,False
-,74,24,98,24,74,74,0,5.5,-5.5,-5.5,1,-3,False
-,74,25,99,25,74,74,1,6.33203125,-6.33203125,-6.33203125,1,-1,False
-,74,26,100,26,74,74,1,5.5390625,-5.5390625,-5.5390625,1,-1,False
-,74,27,101,27,74,74,0,5.5625,-5.5625,-5.5625,1,-3,False
-,74,28,102,28,74,74,0,5.859375,-5.859375,-5.859375,1,-1,False
-,74,29,103,29,74,74,1,5.87890625,-5.87890625,-5.87890625,1,-1,False
-,74,30,104,30,74,74,0,5.01171875,-5.01171875,-5.01171875,1,-1,False
-,74,31,105,31,74,74,0,6.03515625,-6.03515625,-6.03515625,1,-6,False
-,74,32,106,32,74,74,0,6.03125,-6.03125,-6.03125,1,-1,False
-,74,33,107,33,74,74,0,5.5234375,-5.5234375,-5.5234375,1,-2,False
-,74,34,108,34,74,74,0,5.73046875,-5.73046875,-5.73046875,1,-1,False
-,74,35,109,35,74,74,0,5.76953125,-5.76953125,-5.76953125,1,-6,False
-,74,36,110,36,74,74,0,5.40234375,-5.40234375,-5.40234375,1,-72,False
-,74,37,111,37,74,74,0,5.8515625,-5.8515625,-5.8515625,1,-2,False
-,74,38,112,38,74,74,0,4.890625,-4.890625,-4.890625,1,-73,False
-,74,39,113,39,74,74,0,5.8203125,-5.8203125,-5.8203125,1,-6,False
-,74,40,114,40,74,74,0,5.08984375,-5.08984375,-5.08984375,1,-1,False
-,74,41,115,41,74,74,0,5.8515625,-5.8515625,-5.8515625,1,-6,False
-,74,42,116,42,74,74,0,5.1640625,-5.1640625,-5.1640625,1,-2,False
-,74,43,117,43,74,74,0,5.52734375,-5.52734375,-5.52734375,1,-1,False
-,74,44,118,44,74,74,0,5.921875,-5.921875,-5.921875,1,-6,False
-,74,45,119,45,74,74,0,5.84765625,-5.84765625,-5.84765625,1,-6,False
-,74,46,120,46,74,74,0,5.765625,-5.765625,-5.765625,1,-2,False
-,74,47,121,47,74,74,0,5.65625,-5.65625,-5.65625,1,-2,False
-,74,48,122,48,74,74,0,5.46484375,-5.46484375,-5.46484375,1,-3,False
-,74,49,123,49,74,74,1,5.15234375,-5.15234375,-5.15234375,1,-5,False
-,74,50,124,50,74,74,0,4.9609375,-4.9609375,-4.9609375,1,-6,False
-,74,51,125,51,74,74,0,5.8515625,-5.8515625,-5.8515625,1,-2,False
-,74,52,126,52,74,74,0,5.390625,-5.390625,-5.390625,1,-6,False
-,74,53,127,53,74,74,0,5.421875,-5.421875,-5.421875,1,-1,False
-,74,54,128,54,74,74,2,5.48046875,-5.48046875,-5.48046875,1,-2,False
-,74,55,129,55,74,74,0,4.9921875,-4.9921875,-4.9921875,1,-3,False
-,74,56,130,56,74,74,0,6.2734375,-6.2734375,-6.2734375,1,-3,False
-,74,57,131,57,74,74,0,6.203125,-6.203125,-6.203125,1,-2,False
-,74,58,132,58,74,74,0,4.984375,-4.984375,-4.984375,1,-5,False
-,74,59,133,59,74,74,0,6.2734375,-6.2734375,-6.2734375,1,-2,False
-,74,60,134,60,74,74,0,5.40625,-5.40625,-5.40625,1,-2,False
-,74,61,135,61,74,74,0,6.31640625,-6.31640625,-6.31640625,1,-1,False
-,74,62,136,62,74,74,0,6.23828125,-6.23828125,-6.23828125,1,-6,False
-,74,63,137,63,74,74,1,5.984375,-5.984375,-5.984375,1,-6,False
-,74,64,138,64,74,74,0,4.9765625,-4.9765625,-4.9765625,1,-2,False
-,74,65,139,65,74,74,0,6.140625,-6.140625,-6.140625,1,-6,False
-,74,66,140,66,74,74,0,5.98046875,-5.98046875,-5.98046875,1,-6,False
-,74,67,141,67,74,74,0,6.078125,-6.078125,-6.078125,1,-0,False
-,74,68,142,68,74,74,0,5.87890625,-5.87890625,-5.87890625,1,-2,False
-,74,69,143,69,74,74,0,5.8203125,-5.8203125,-5.8203125,1,-2,False
-,74,70,144,70,74,74,0,5.0078125,-5.0078125,-5.0078125,1,-6,False
-,74,71,145,71,74,74,0,5.625,-5.625,-5.625,1,-6,False
-,74,72,146,72,74,74,0,5.890625,-5.890625,-5.890625,1,-6,False
-,74,73,147,73,74,74,0,5.1875,-5.1875,-5.1875,1,-2,False
-,74,74,148,74,74,74,0,5.8046875,-5.8046875,-5.8046875,1,-3,False
-,74,75,149,75,74,74,1,5.7734375,-5.7734375,-5.7734375,1,-2,False
-,74,76,150,76,74,74,0,5.62109375,-5.62109375,-5.62109375,1,-2,False
-,74,77,151,77,74,74,0,5.53515625,-5.53515625,-5.53515625,1,-6,False
-,74,78,152,78,74,74,0,4.98828125,-4.98828125,-4.98828125,1,-5,False
-,74,79,153,79,74,74,0,5.7734375,-5.7734375,-5.7734375,1,-2,False
-,74,80,154,80,74,74,0,5.69140625,-5.69140625,-5.69140625,1,-6,False
-,74,81,155,81,74,74,0,5.62890625,-5.62890625,-5.62890625,1,-3,False
-,74,82,156,82,74,74,0,5.80078125,-5.80078125,-5.80078125,1,-2,False
-,74,83,157,83,74,74,0,5.5234375,-5.5234375,-5.5234375,1,-1,False
-,74,84,158,84,74,74,0,5.1328125,-5.1328125,-5.1328125,1,-3,False
-,74,85,159,85,74,74,0,5.25,-5.25,-5.25,1,-70,False
-,74,86,160,86,74,74,0,5.453125,-5.453125,-5.453125,1,-5,False
-,74,87,161,87,74,74,0,5.38671875,-5.38671875,-5.38671875,1,-1,False
-,74,88,162,88,74,74,0,5.16796875,-5.16796875,-5.16796875,1,-2,False
-,74,89,163,89,74,74,0,5.1171875,-5.1171875,-5.1171875,1,-2,False
-,74,90,164,90,74,74,0,5.0,-5.0,-5.0,1,-60,False
-,74,91,165,91,74,74,0,5.078125,-5.078125,-5.078125,1,-2,False
-,74,92,166,92,74,74,0,5.46875,-5.46875,-5.46875,1,-6,False
-,74,93,167,93,74,74,0,5.203125,-5.203125,-5.203125,1,-69,False
-,74,94,168,94,74,74,0,4.88671875,-4.88671875,-4.88671875,1,-0,False
-,74,95,169,95,74,74,0,5.75,-5.75,-5.75,1,-0,False
-,74,96,170,96,74,74,0,5.421875,-5.421875,-5.421875,1,-0,False
-,74,97,171,97,74,74,0,5.9609375,-5.9609375,-5.9609375,1,-0,False
-,74,98,172,98,74,74,0,5.390625,-5.390625,-5.390625,1,-0,False
-,74,99,173,99,74,74,0,5.5625,-5.5625,-5.5625,1,-0,False
-,74,100,174,100,74,74,0,5.078125,-5.078125,-5.078125,1,-0,False
-,75,1,76,1,75,75,0,5.625,-5.625,-5.625,1,-0,False
-,75,2,77,2,75,75,4,5.49609375,-5.49609375,-5.49609375,1,-2,False
-,75,3,78,3,75,75,1,5.57421875,-5.57421875,-5.57421875,1,-0,False
-,75,4,79,4,75,75,1,5.5703125,-5.5703125,-5.5703125,1,-3,False
-,75,5,80,5,75,75,2,5.78125,-5.78125,-5.78125,1,-2,False
-,75,6,81,6,75,75,1,5.640625,-5.640625,-5.640625,1,-1,False
-,75,7,82,7,75,75,1,5.55078125,-5.55078125,-5.55078125,1,-5,False
-,75,8,83,8,75,75,0,5.81640625,-5.81640625,-5.81640625,1,-1,False
-,75,9,84,9,75,75,1,5.60546875,-5.60546875,-5.60546875,1,-2,False
-,75,10,85,10,75,75,0,5.59765625,-5.59765625,-5.59765625,1,-1,False
-,75,11,86,11,75,75,0,5.65625,-5.65625,-5.65625,1,-6,False
-,75,12,87,12,75,75,0,5.65234375,-5.65234375,-5.65234375,1,-2,False
-,75,13,88,13,75,75,1,5.4375,-5.4375,-5.4375,1,-2,False
-,75,14,89,14,75,75,1,5.6953125,-5.6953125,-5.6953125,1,-6,False
-,75,15,90,15,75,75,3,5.328125,-5.328125,-5.328125,1,-5,False
-,75,16,91,16,75,75,0,5.62109375,-5.62109375,-5.62109375,1,-6,False
-,75,17,92,17,75,75,1,5.68359375,-5.68359375,-5.68359375,1,-2,False
-,75,18,93,18,75,75,0,5.66015625,-5.66015625,-5.66015625,1,-6,False
-,75,19,94,19,75,75,0,5.45703125,-5.45703125,-5.45703125,1,-6,False
-,75,20,95,20,75,75,1,5.83203125,-5.83203125,-5.83203125,1,-0,False
-,75,21,96,21,75,75,0,5.7734375,-5.7734375,-5.7734375,1,-6,False
-,75,22,97,22,75,75,1,5.7109375,-5.7109375,-5.7109375,1,-1,False
-,75,23,98,23,75,75,2,5.62109375,-5.62109375,-5.62109375,1,-1,False
-,75,24,99,24,75,75,0,5.41796875,-5.41796875,-5.41796875,1,-3,False
-,75,25,100,25,75,75,8,5.23828125,-5.23828125,-5.23828125,1,-3,False
-,75,26,101,26,75,75,0,5.3671875,-5.3671875,-5.3671875,1,-2,False
-,75,27,102,27,75,75,0,5.796875,-5.796875,-5.796875,1,-2,False
-,75,28,103,28,75,75,0,5.79296875,-5.79296875,-5.79296875,1,-1,False
-,75,29,104,29,75,75,0,4.984375,-4.984375,-4.984375,1,-2,False
-,75,30,105,30,75,75,0,5.19921875,-5.19921875,-5.19921875,1,-1,False
-,75,31,106,31,75,75,0,5.01953125,-5.01953125,-5.01953125,1,-6,False
-,75,32,107,32,75,75,0,4.97265625,-4.97265625,-4.97265625,1,-1,False
-,75,33,108,33,75,75,1,5.5390625,-5.5390625,-5.5390625,1,-2,False
-,75,34,109,34,75,75,0,5.86328125,-5.86328125,-5.86328125,1,-3,False
-,75,35,110,35,75,75,0,5.8671875,-5.8671875,-5.8671875,1,-1,False
-,75,36,111,36,75,75,0,5.390625,-5.390625,-5.390625,1,-2,False
-,75,37,112,37,75,75,0,5.875,-5.875,-5.875,1,-2,False
-,75,38,113,38,75,75,0,4.8359375,-4.8359375,-4.8359375,1,-2,False
-,75,39,114,39,75,75,0,4.91796875,-4.91796875,-4.91796875,1,-1,False
-,75,40,115,40,75,75,0,4.953125,-4.953125,-4.953125,1,-1,False
-,75,41,116,41,75,75,0,5.078125,-5.078125,-5.078125,1,-2,False
-,75,42,117,42,75,75,0,4.78515625,-4.78515625,-4.78515625,1,-3,False
-,75,43,118,43,75,75,0,5.83203125,-5.83203125,-5.83203125,1,-6,False
-,75,44,119,44,75,75,0,5.6796875,-5.6796875,-5.6796875,1,-6,False
-,75,45,120,45,75,75,1,5.046875,-5.046875,-5.046875,1,-0,False
-,75,46,121,46,75,75,0,4.91015625,-4.91015625,-4.91015625,1,-1,False
-,75,47,122,47,75,75,0,5.57421875,-5.57421875,-5.57421875,1,-2,False
-,75,48,123,48,75,75,0,5.37109375,-5.37109375,-5.37109375,1,-5,False
-,75,49,124,49,75,75,0,5.37890625,-5.37890625,-5.37890625,1,-6,False
-,75,50,125,50,75,75,2,4.93359375,-4.93359375,-4.93359375,1,-2,False
-,75,51,126,51,75,75,0,4.9140625,-4.9140625,-4.9140625,1,-2,False
-,75,52,127,52,75,75,0,4.77734375,-4.77734375,-4.77734375,1,-1,False
-,75,53,128,53,75,75,0,5.19140625,-5.19140625,-5.19140625,1,-6,False
-,75,54,129,54,75,75,0,5.86328125,-5.86328125,-5.86328125,1,-1,False
-,75,55,130,55,75,75,0,4.984375,-4.984375,-4.984375,1,-5,False
-,75,56,131,56,75,75,0,5.29296875,-5.29296875,-5.29296875,1,-2,False
-,75,57,132,57,75,75,0,5.03515625,-5.03515625,-5.03515625,1,-6,False
-,75,58,133,58,75,75,0,5.12890625,-5.12890625,-5.12890625,1,-2,False
-,75,59,134,59,75,75,0,5.03125,-5.03125,-5.03125,1,-3,False
-,75,60,135,60,75,75,0,5.33984375,-5.33984375,-5.33984375,1,-2,False
-,75,61,136,61,75,75,0,5.453125,-5.453125,-5.453125,1,-6,False
-,75,62,137,62,75,75,0,5.27734375,-5.27734375,-5.27734375,1,-6,False
-,75,63,138,63,75,75,0,4.91015625,-4.91015625,-4.91015625,1,-2,False
-,75,64,139,64,75,75,0,5.171875,-5.171875,-5.171875,1,-0,False
-,75,65,140,65,75,75,0,6.15234375,-6.15234375,-6.15234375,1,-5,False
-,75,66,141,66,75,75,0,5.1796875,-5.1796875,-5.1796875,1,-6,False
-,75,67,142,67,75,75,0,5.8515625,-5.8515625,-5.8515625,1,-2,False
-,75,68,143,68,75,75,0,4.91015625,-4.91015625,-4.91015625,1,-2,False
-,75,69,144,69,75,75,0,5.69140625,-5.69140625,-5.69140625,1,-6,False
-,75,70,145,70,75,75,0,5.25,-5.25,-5.25,1,-2,False
-,75,71,146,71,75,75,0,5.83984375,-5.83984375,-5.83984375,1,-0,False
-,75,72,147,72,75,75,0,4.8671875,-4.8671875,-4.8671875,1,-6,False
-,75,73,148,73,75,75,0,5.13671875,-5.13671875,-5.13671875,1,-2,False
-,75,74,149,74,75,75,0,5.734375,-5.734375,-5.734375,1,-1,False
-,75,75,150,75,75,75,1,4.75,-4.75,-4.75,1,-2,False
-,75,76,151,76,75,75,0,5.55859375,-5.55859375,-5.55859375,1,-1,False
-,75,77,152,77,75,75,0,5.67578125,-5.67578125,-5.67578125,1,-6,False
-,75,78,153,78,75,75,0,4.91796875,-4.91796875,-4.91796875,1,-6,False
-,75,79,154,79,75,75,0,5.07421875,-5.07421875,-5.07421875,1,-3,False
-,75,80,155,80,75,75,0,4.85546875,-4.85546875,-4.85546875,1,-5,False
-,75,81,156,81,75,75,0,4.83203125,-4.83203125,-4.83203125,1,-2,False
-,75,82,157,82,75,75,0,5.65625,-5.65625,-5.65625,1,-2,False
-,75,83,158,83,75,75,0,5.54296875,-5.54296875,-5.54296875,1,-2,False
-,75,84,159,84,75,75,0,5.09765625,-5.09765625,-5.09765625,1,-6,False
-,75,85,160,85,75,75,0,4.6484375,-4.6484375,-4.6484375,1,-2,False
-,75,86,161,86,75,75,0,5.62890625,-5.62890625,-5.62890625,1,-69,False
-,75,87,162,87,75,75,0,5.0703125,-5.0703125,-5.0703125,1,-2,False
-,75,88,163,88,75,75,0,5.125,-5.125,-5.125,1,-2,False
-,75,89,164,89,75,75,0,5.2734375,-5.2734375,-5.2734375,1,-2,False
-,75,90,165,90,75,75,0,5.10546875,-5.10546875,-5.10546875,1,-60,False
-,75,91,166,91,75,75,0,5.6328125,-5.6328125,-5.6328125,1,-0,False
-,75,92,167,92,75,75,0,5.4375,-5.4375,-5.4375,1,-6,False
-,75,93,168,93,75,75,0,5.4765625,-5.4765625,-5.4765625,1,-1,False
-,75,94,169,94,75,75,0,4.84765625,-4.84765625,-4.84765625,1,-0,False
-,75,95,170,95,75,75,0,5.60546875,-5.60546875,-5.60546875,1,-70,False
-,75,96,171,96,75,75,0,5.3125,-5.3125,-5.3125,1,-0,False
-,75,97,172,97,75,75,0,5.08203125,-5.08203125,-5.08203125,1,-0,False
-,75,98,173,98,75,75,0,5.1328125,-5.1328125,-5.1328125,1,-0,False
-,75,99,174,99,75,75,0,5.14453125,-5.14453125,-5.14453125,1,-3,False
-,75,100,175,100,75,75,0,5.3359375,-5.3359375,-5.3359375,1,-0,False
-,76,1,77,1,76,76,0,5.58984375,-5.58984375,-5.58984375,1,-0,False
-,76,2,78,2,76,76,0,5.65234375,-5.65234375,-5.65234375,1,-1,False
-,76,3,79,3,76,76,2,5.43359375,-5.43359375,-5.43359375,1,-2,False
-,76,4,80,4,76,76,1,5.8046875,-5.8046875,-5.8046875,1,-3,False
-,76,5,81,5,76,76,2,5.6171875,-5.6171875,-5.6171875,1,-3,False
-,76,6,82,6,76,76,2,5.546875,-5.546875,-5.546875,1,-1,False
-,76,7,83,7,76,76,0,5.546875,-5.546875,-5.546875,1,-6,False
-,76,8,84,8,76,76,0,5.87109375,-5.87109375,-5.87109375,1,-6,False
-,76,9,85,9,76,76,1,5.4296875,-5.4296875,-5.4296875,1,-3,False
-,76,10,86,10,76,76,1,5.734375,-5.734375,-5.734375,1,-1,False
-,76,11,87,11,76,76,0,5.43359375,-5.43359375,-5.43359375,1,-6,False
-,76,12,88,12,76,76,0,5.58984375,-5.58984375,-5.58984375,1,-1,False
-,76,13,89,13,76,76,0,5.6953125,-5.6953125,-5.6953125,1,-2,False
-,76,14,90,14,76,76,1,5.25390625,-5.25390625,-5.25390625,1,-1,False
-,76,15,91,15,76,76,0,5.53515625,-5.53515625,-5.53515625,1,-6,False
-,76,16,92,16,76,76,0,5.62890625,-5.62890625,-5.62890625,1,-3,False
-,76,17,93,17,76,76,0,5.62109375,-5.62109375,-5.62109375,1,-3,False
-,76,18,94,18,76,76,0,5.59375,-5.59375,-5.59375,1,-3,False
-,76,19,95,19,76,76,0,5.6875,-5.6875,-5.6875,1,-6,False
-,76,20,96,20,76,76,0,5.71875,-5.71875,-5.71875,1,-1,False
-,76,21,97,21,76,76,0,5.7578125,-5.7578125,-5.7578125,1,-6,False
-,76,22,98,22,76,76,0,5.6015625,-5.6015625,-5.6015625,1,-1,False
-,76,23,99,23,76,76,0,5.47265625,-5.47265625,-5.47265625,1,-1,False
-,76,24,100,24,76,76,5,5.30078125,-5.30078125,-5.30078125,1,-2,False
-,76,25,101,25,76,76,0,6.1015625,-6.1015625,-6.1015625,1,-5,False
-,76,26,102,26,76,76,0,5.58984375,-5.58984375,-5.58984375,1,-2,False
-,76,27,103,27,76,76,0,5.63671875,-5.63671875,-5.63671875,1,-2,False
-,76,28,104,28,76,76,0,5.80859375,-5.80859375,-5.80859375,1,-2,False
-,76,29,105,29,76,76,0,5.87890625,-5.87890625,-5.87890625,1,-2,False
-,76,30,106,30,76,76,0,5.06640625,-5.06640625,-5.06640625,1,-2,False
-,76,31,107,31,76,76,0,5.0546875,-5.0546875,-5.0546875,1,-6,False
-,76,32,108,32,76,76,0,5.0078125,-5.0078125,-5.0078125,1,-1,False
-,76,33,109,33,76,76,0,5.5625,-5.5625,-5.5625,1,-1,False
-,76,34,110,34,76,76,1,5.93359375,-5.93359375,-5.93359375,1,-69,False
-,76,35,111,35,76,76,0,5.828125,-5.828125,-5.828125,1,-6,False
-,76,36,112,36,76,76,0,5.45703125,-5.45703125,-5.45703125,1,-2,False
-,76,37,113,37,76,76,1,5.62890625,-5.62890625,-5.62890625,1,-2,False
-,76,38,114,38,76,76,0,5.0390625,-5.0390625,-5.0390625,1,-1,False
-,76,39,115,39,76,76,0,5.78125,-5.78125,-5.78125,1,-6,False
-,76,40,116,40,76,76,0,5.296875,-5.296875,-5.296875,1,-6,False
-,76,41,117,41,76,76,0,5.73828125,-5.73828125,-5.73828125,1,-6,False
-,76,42,118,42,76,76,0,6.02734375,-6.02734375,-6.02734375,1,-2,False
-,76,43,119,43,76,76,0,5.62890625,-5.62890625,-5.62890625,1,-6,False
-,76,44,120,44,76,76,1,5.859375,-5.859375,-5.859375,1,-6,False
-,76,45,121,45,76,76,0,5.12109375,-5.12109375,-5.12109375,1,-6,False
-,76,46,122,46,76,76,0,5.8359375,-5.8359375,-5.8359375,1,-2,False
-,76,47,123,47,76,76,0,5.38671875,-5.38671875,-5.38671875,1,-5,False
-,76,48,124,48,76,76,1,5.31640625,-5.31640625,-5.31640625,1,-5,False
-,76,49,125,49,76,76,0,6.0546875,-6.0546875,-6.0546875,1,-6,False
-,76,50,126,50,76,76,1,4.94140625,-4.94140625,-4.94140625,1,-3,False
-,76,51,127,51,76,76,0,5.50390625,-5.50390625,-5.50390625,1,-6,False
-,76,52,128,52,76,76,0,5.09765625,-5.09765625,-5.09765625,1,-2,False
-,76,53,129,53,76,76,0,5.78125,-5.78125,-5.78125,1,-3,False
-,76,54,130,54,76,76,0,5.62109375,-5.62109375,-5.62109375,1,-6,False
-,76,55,131,55,76,76,0,5.94140625,-5.94140625,-5.94140625,1,-3,False
-,76,56,132,56,76,76,0,6.19140625,-6.19140625,-6.19140625,1,-3,False
-,76,57,133,57,76,76,0,5.18359375,-5.18359375,-5.18359375,1,-2,False
-,76,58,134,58,76,76,0,5.90234375,-5.90234375,-5.90234375,1,-6,False
-,76,59,135,59,76,76,0,6.0390625,-6.0390625,-6.0390625,1,-6,False
-,76,60,136,60,76,76,0,5.42578125,-5.42578125,-5.42578125,1,-6,False
-,76,61,137,61,76,76,0,5.51171875,-5.51171875,-5.51171875,1,-6,False
-,76,62,138,62,76,76,0,5.16796875,-5.16796875,-5.16796875,1,-1,False
-,76,63,139,63,76,76,0,6.0703125,-6.0703125,-6.0703125,1,-6,False
-,76,64,140,64,76,76,0,6.125,-6.125,-6.125,1,-1,False
-,76,65,141,65,76,76,0,6.28125,-6.28125,-6.28125,1,-5,False
-,76,66,142,66,76,76,0,5.8984375,-5.8984375,-5.8984375,1,-6,False
-,76,67,143,67,76,76,0,5.88671875,-5.88671875,-5.88671875,1,-2,False
-,76,68,144,68,76,76,1,5.81640625,-5.81640625,-5.81640625,1,-6,False
-,76,69,145,69,76,76,0,5.734375,-5.734375,-5.734375,1,-2,False
-,76,70,146,70,76,76,0,5.37109375,-5.37109375,-5.37109375,1,-2,False
-,76,71,147,71,76,76,0,5.75390625,-5.75390625,-5.75390625,1,-2,False
-,76,72,148,72,76,76,0,5.609375,-5.609375,-5.609375,1,-6,False
-,76,73,149,73,76,76,0,6.0703125,-6.0703125,-6.0703125,1,-0,False
-,76,74,150,74,76,76,0,5.67578125,-5.67578125,-5.67578125,1,-2,False
-,76,75,151,75,76,76,0,5.6640625,-5.6640625,-5.6640625,1,-2,False
-,76,76,152,76,76,76,1,5.72265625,-5.72265625,-5.72265625,1,-1,False
-,76,77,153,77,76,76,0,5.625,-5.625,-5.625,1,-5,False
-,76,78,154,78,76,76,0,5.6796875,-5.6796875,-5.6796875,1,-5,False
-,76,79,155,79,76,76,0,5.640625,-5.640625,-5.640625,1,-2,False
-,76,80,156,80,76,76,0,4.9765625,-4.9765625,-4.9765625,1,-5,False
-,76,81,157,81,76,76,0,5.578125,-5.578125,-5.578125,1,-2,False
-,76,82,158,82,76,76,0,5.578125,-5.578125,-5.578125,1,-5,False
-,76,83,159,83,76,76,0,5.42578125,-5.42578125,-5.42578125,1,-3,False
-,76,84,160,84,76,76,0,5.51171875,-5.51171875,-5.51171875,1,-1,False
-,76,85,161,85,76,76,0,5.73046875,-5.73046875,-5.73046875,1,-3,False
-,76,86,162,86,76,76,0,5.52734375,-5.52734375,-5.52734375,1,-6,False
-,76,87,163,87,76,76,0,4.98046875,-4.98046875,-4.98046875,1,-3,False
-,76,88,164,88,76,76,0,5.2890625,-5.2890625,-5.2890625,1,-3,False
-,76,89,165,89,76,76,0,5.0859375,-5.0859375,-5.0859375,1,-2,False
-,76,90,166,90,76,76,0,5.32421875,-5.32421875,-5.32421875,1,-3,False
-,76,91,167,91,76,76,0,5.37890625,-5.37890625,-5.37890625,1,-2,False
-,76,92,168,92,76,76,0,5.30859375,-5.30859375,-5.30859375,1,-70,False
-,76,93,169,93,76,76,0,5.3203125,-5.3203125,-5.3203125,1,-0,False
-,76,94,170,94,76,76,0,5.67578125,-5.67578125,-5.67578125,1,-69,False
-,76,95,171,95,76,76,0,5.48828125,-5.48828125,-5.48828125,1,-3,False
-,76,96,172,96,76,76,0,5.5859375,-5.5859375,-5.5859375,1,-0,False
-,76,97,173,97,76,76,0,5.94921875,-5.94921875,-5.94921875,1,-0,False
-,76,98,174,98,76,76,0,5.5,-5.5,-5.5,1,-2,False
-,76,99,175,99,76,76,0,5.15234375,-5.15234375,-5.15234375,1,-69,False
-,76,100,176,100,76,76,0,5.109375,-5.109375,-5.109375,1,-1,False
-,77,1,78,1,77,77,1,6.62109375,-6.62109375,-6.62109375,1,-2,False
-,77,2,79,2,77,77,1,6.45703125,-6.45703125,-6.45703125,1,-0,False
-,77,3,80,3,77,77,2,5.59375,-5.59375,-5.59375,1,-3,False
-,77,4,81,4,77,77,0,6.57421875,-6.57421875,-6.57421875,1,-0,False
-,77,5,82,5,77,77,0,6.53125,-6.53125,-6.53125,1,-5,False
-,77,6,83,6,77,77,3,6.59765625,-6.59765625,-6.59765625,1,-2,False
-,77,7,84,7,77,77,0,5.6484375,-5.6484375,-5.6484375,1,-3,False
-,77,8,85,8,77,77,0,5.6484375,-5.6484375,-5.6484375,1,-6,False
-,77,9,86,9,77,77,0,5.67578125,-5.67578125,-5.67578125,1,-3,False
-,77,10,87,10,77,77,2,5.73828125,-5.73828125,-5.73828125,1,-6,False
-,77,11,88,11,77,77,0,6.51953125,-6.51953125,-6.51953125,1,-2,False
-,77,12,89,12,77,77,1,5.734375,-5.734375,-5.734375,1,-2,False
-,77,13,90,13,77,77,0,6.5078125,-6.5078125,-6.5078125,1,-3,False
-,77,14,91,14,77,77,3,6.30859375,-6.30859375,-6.30859375,1,-1,False
-,77,15,92,15,77,77,0,6.56640625,-6.56640625,-6.56640625,1,-6,False
-,77,16,93,16,77,77,1,6.5859375,-6.5859375,-6.5859375,1,-6,False
-,77,17,94,17,77,77,0,6.5546875,-6.5546875,-6.5546875,1,-2,False
-,77,18,95,18,77,77,0,5.77734375,-5.77734375,-5.77734375,1,-3,False
-,77,19,96,19,77,77,0,6.69140625,-6.69140625,-6.69140625,1,-6,False
-,77,20,97,20,77,77,0,5.7109375,-5.7109375,-5.7109375,1,-1,False
-,77,21,98,21,77,77,0,5.79296875,-5.79296875,-5.79296875,1,-6,False
-,77,22,99,22,77,77,0,5.6796875,-5.6796875,-5.6796875,1,-1,False
-,77,23,100,23,77,77,1,6.20703125,-6.20703125,-6.20703125,1,-3,False
-,77,24,101,24,77,77,0,6.1640625,-6.1640625,-6.1640625,1,-3,False
-,77,25,102,25,77,77,0,6.53515625,-6.53515625,-6.53515625,1,-0,False
-,77,26,103,26,77,77,1,6.4453125,-6.4453125,-6.4453125,1,-2,False
-,77,27,104,27,77,77,0,5.80078125,-5.80078125,-5.80078125,1,-3,False
-,77,28,105,28,77,77,0,5.82421875,-5.82421875,-5.82421875,1,-2,False
-,77,29,106,29,77,77,0,5.85546875,-5.85546875,-5.85546875,1,-3,False
-,77,30,107,30,77,77,1,5.984375,-5.984375,-5.984375,1,-2,False
-,77,31,108,31,77,77,0,5.9296875,-5.9296875,-5.9296875,1,-1,False
-,77,32,109,32,77,77,0,6.015625,-6.015625,-6.015625,1,-1,False
-,77,33,110,33,77,77,0,5.62890625,-5.62890625,-5.62890625,1,-2,False
-,77,34,111,34,77,77,0,5.5859375,-5.5859375,-5.5859375,1,-6,False
-,77,35,112,35,77,77,2,5.890625,-5.890625,-5.890625,1,-2,False
-,77,36,113,36,77,77,0,6.30078125,-6.30078125,-6.30078125,1,-2,False
-,77,37,114,37,77,77,1,5.8359375,-5.8359375,-5.8359375,1,-3,False
-,77,38,115,38,77,77,0,5.703125,-5.703125,-5.703125,1,-0,False
-,77,39,116,39,77,77,0,6.02734375,-6.02734375,-6.02734375,1,-6,False
-,77,40,117,40,77,77,0,5.94921875,-5.94921875,-5.94921875,1,-2,False
-,77,41,118,41,77,77,0,5.94140625,-5.94140625,-5.94140625,1,-6,False
-,77,42,119,42,77,77,0,5.85546875,-5.85546875,-5.85546875,1,-2,False
-,77,43,120,43,77,77,0,5.93359375,-5.93359375,-5.93359375,1,-6,False
-,77,44,121,44,77,77,0,5.984375,-5.984375,-5.984375,1,-3,False
-,77,45,122,45,77,77,0,6.03125,-6.03125,-6.03125,1,-6,False
-,77,46,123,46,77,77,0,5.62890625,-5.62890625,-5.62890625,1,-3,False
-,77,47,124,47,77,77,0,5.46484375,-5.46484375,-5.46484375,1,-5,False
-,77,48,125,48,77,77,0,6.234375,-6.234375,-6.234375,1,-3,False
-,77,49,126,49,77,77,0,6.21484375,-6.21484375,-6.21484375,1,-6,False
-,77,50,127,50,77,77,0,5.44140625,-5.44140625,-5.44140625,1,-0,False
-,77,51,128,51,77,77,0,5.94140625,-5.94140625,-5.94140625,1,-2,False
-,77,52,129,52,77,77,0,5.80859375,-5.80859375,-5.80859375,1,-2,False
-,77,53,130,53,77,77,0,5.359375,-5.359375,-5.359375,1,-5,False
-,77,54,131,54,77,77,0,5.84375,-5.84375,-5.84375,1,-6,False
-,77,55,132,55,77,77,0,5.78515625,-5.78515625,-5.78515625,1,-6,False
-,77,56,133,56,77,77,0,6.33203125,-6.33203125,-6.33203125,1,-5,False
-,77,57,134,57,77,77,0,5.9296875,-5.9296875,-5.9296875,1,-6,False
-,77,58,135,58,77,77,0,5.97265625,-5.97265625,-5.97265625,1,-2,False
-,77,59,136,59,77,77,0,6.0859375,-6.0859375,-6.0859375,1,-2,False
-,77,60,137,60,77,77,0,6.453125,-6.453125,-6.453125,1,-6,False
-,77,61,138,61,77,77,0,6.36328125,-6.36328125,-6.36328125,1,-1,False
-,77,62,139,62,77,77,0,6.3359375,-6.3359375,-6.3359375,1,-6,False
-,77,63,140,63,77,77,0,6.015625,-6.015625,-6.015625,1,-6,False
-,77,64,141,64,77,77,0,6.31640625,-6.31640625,-6.31640625,1,-6,False
-,77,65,142,65,77,77,0,5.94140625,-5.94140625,-5.94140625,1,-6,False
-,77,66,143,66,77,77,0,5.9296875,-5.9296875,-5.9296875,1,-1,False
-,77,67,144,67,77,77,0,5.765625,-5.765625,-5.765625,1,-6,False
-,77,68,145,68,77,77,0,5.875,-5.875,-5.875,1,-2,False
-,77,69,146,69,77,77,0,5.9296875,-5.9296875,-5.9296875,1,-2,False
-,77,70,147,70,77,77,0,6.2578125,-6.2578125,-6.2578125,1,-6,False
-,77,71,148,71,77,77,0,5.6953125,-5.6953125,-5.6953125,1,-1,False
-,77,72,149,72,77,77,0,5.64453125,-5.64453125,-5.64453125,1,-3,False
-,77,73,150,73,77,77,0,5.9453125,-5.9453125,-5.9453125,1,-2,False
-,77,74,151,74,77,77,0,5.59375,-5.59375,-5.59375,1,-2,False
-,77,75,152,75,77,77,0,5.859375,-5.859375,-5.859375,1,-2,False
-,77,76,153,76,77,77,0,5.7109375,-5.7109375,-5.7109375,1,-1,False
-,77,77,154,77,77,77,0,5.140625,-5.140625,-5.140625,1,-6,False
-,77,78,155,78,77,77,0,5.734375,-5.734375,-5.734375,1,-5,False
-,77,79,156,79,77,77,0,5.875,-5.875,-5.875,1,-6,False
-,77,80,157,80,77,77,0,5.8515625,-5.8515625,-5.8515625,1,-2,False
-,77,81,158,81,77,77,0,5.5703125,-5.5703125,-5.5703125,1,-5,False
-,77,82,159,82,77,77,0,5.53125,-5.53125,-5.53125,1,-6,False
-,77,83,160,83,77,77,0,5.62890625,-5.62890625,-5.62890625,1,-6,False
-,77,84,161,84,77,77,0,5.53515625,-5.53515625,-5.53515625,1,-2,False
-,77,85,162,85,77,77,0,5.44921875,-5.44921875,-5.44921875,1,-6,False
-,77,86,163,86,77,77,0,5.1875,-5.1875,-5.1875,1,-5,False
-,77,87,164,87,77,77,0,6.0546875,-6.0546875,-6.0546875,1,-6,False
-,77,88,165,88,77,77,0,5.07421875,-5.07421875,-5.07421875,1,-3,False
-,77,89,166,89,77,77,0,5.19921875,-5.19921875,-5.19921875,1,-1,False
-,77,90,167,90,77,77,0,5.203125,-5.203125,-5.203125,1,-60,False
-,77,91,168,91,77,77,1,5.31640625,-5.31640625,-5.31640625,1,-1,False
-,77,92,169,92,77,77,0,5.515625,-5.515625,-5.515625,1,-6,False
-,77,93,170,93,77,77,3,6.03125,-6.03125,-6.03125,1,-0,False
-,77,94,171,94,77,77,0,5.54296875,-5.54296875,-5.54296875,1,-0,False
-,77,95,172,95,77,77,0,5.65625,-5.65625,-5.65625,1,-60,False
-,77,96,173,96,77,77,0,5.2421875,-5.2421875,-5.2421875,1,-0,False
-,77,97,174,97,77,77,0,5.1953125,-5.1953125,-5.1953125,1,-69,False
-,77,98,175,98,77,77,0,5.34375,-5.34375,-5.34375,1,-69,False
-,77,99,176,99,77,77,0,5.875,-5.875,-5.875,1,-0,False
-,77,100,177,100,77,77,1,6.08984375,-6.08984375,-6.08984375,1,-2,False
-,78,1,79,1,78,78,1,5.5390625,-5.5390625,-5.5390625,1,-0,False
-,78,2,80,2,78,78,2,5.6640625,-5.6640625,-5.6640625,1,-2,False
-,78,3,81,3,78,78,0,5.515625,-5.515625,-5.515625,1,-2,False
-,78,4,82,4,78,78,0,5.51953125,-5.51953125,-5.51953125,1,-2,False
-,78,5,83,5,78,78,3,5.57421875,-5.57421875,-5.57421875,1,-5,False
-,78,6,84,6,78,78,0,5.62109375,-5.62109375,-5.62109375,1,-5,False
-,78,7,85,7,78,78,0,5.515625,-5.515625,-5.515625,1,-3,False
-,78,8,86,8,78,78,0,5.87109375,-5.87109375,-5.87109375,1,-6,False
-,78,9,87,9,78,78,0,5.5,-5.5,-5.5,1,-2,False
-,78,10,88,10,78,78,0,5.64453125,-5.64453125,-5.64453125,1,-3,False
-,78,11,89,11,78,78,0,5.67578125,-5.67578125,-5.67578125,1,-3,False
-,78,12,90,12,78,78,4,5.546875,-5.546875,-5.546875,1,-3,False
-,78,13,91,13,78,78,0,5.5078125,-5.5078125,-5.5078125,1,-3,False
-,78,14,92,14,78,78,0,5.25,-5.25,-5.25,1,-1,False
-,78,15,93,15,78,78,0,5.4765625,-5.4765625,-5.4765625,1,-6,False
-,78,16,94,16,78,78,1,5.58984375,-5.58984375,-5.58984375,1,-5,False
-,78,17,95,17,78,78,1,5.75,-5.75,-5.75,1,-2,False
-,78,18,96,18,78,78,0,5.8046875,-5.8046875,-5.8046875,1,-3,False
-,78,19,97,19,78,78,0,5.6796875,-5.6796875,-5.6796875,1,-6,False
-,78,20,98,20,78,78,0,5.63671875,-5.63671875,-5.63671875,1,-2,False
-,78,21,99,21,78,78,0,5.6328125,-5.6328125,-5.6328125,1,-2,False
-,78,22,100,22,78,78,2,5.52734375,-5.52734375,-5.52734375,1,-6,False
-,78,23,101,23,78,78,1,5.1796875,-5.1796875,-5.1796875,1,-6,False
-,78,24,102,24,78,78,0,5.46484375,-5.46484375,-5.46484375,1,-3,False
-,78,25,103,25,78,78,0,5.29296875,-5.29296875,-5.29296875,1,-3,False
-,78,26,104,26,78,78,0,5.58203125,-5.58203125,-5.58203125,1,-2,False
-,78,27,105,27,78,78,0,5.72265625,-5.72265625,-5.72265625,1,-2,False
-,78,28,106,28,78,78,0,5.7421875,-5.7421875,-5.7421875,1,-2,False
-,78,29,107,29,78,78,0,5.90625,-5.90625,-5.90625,1,-2,False
-,78,30,108,30,78,78,0,5.859375,-5.859375,-5.859375,1,-2,False
-,78,31,109,31,78,78,0,6.01953125,-6.01953125,-6.01953125,1,-2,False
-,78,32,110,32,78,78,0,4.8828125,-4.8828125,-4.8828125,1,-1,False
-,78,33,111,33,78,78,0,5.43359375,-5.43359375,-5.43359375,1,-1,False
-,78,34,112,34,78,78,0,5.6796875,-5.6796875,-5.6796875,1,-6,False
-,78,35,113,35,78,78,0,5.6796875,-5.6796875,-5.6796875,1,-1,False
-,78,36,114,36,78,78,0,5.47265625,-5.47265625,-5.47265625,1,-6,False
-,78,37,115,37,78,78,0,5.50390625,-5.50390625,-5.50390625,1,-2,False
-,78,38,116,38,78,78,0,5.07421875,-5.07421875,-5.07421875,1,-74,False
-,78,39,117,39,78,78,0,5.8359375,-5.8359375,-5.8359375,1,-1,False
-,78,40,118,40,78,78,0,5.046875,-5.046875,-5.046875,1,-1,False
-,78,41,119,41,78,78,0,5.71875,-5.71875,-5.71875,1,-2,False
-,78,42,120,42,78,78,0,5.16015625,-5.16015625,-5.16015625,1,-2,False
-,78,43,121,43,78,78,0,5.94921875,-5.94921875,-5.94921875,1,-3,False
-,78,44,122,44,78,78,0,5.82421875,-5.82421875,-5.82421875,1,-6,False
-,78,45,123,45,78,78,0,4.88671875,-4.88671875,-4.88671875,1,-1,False
-,78,46,124,46,78,78,0,5.640625,-5.640625,-5.640625,1,-3,False
-,78,47,125,47,78,78,0,5.17578125,-5.17578125,-5.17578125,1,-3,False
-,78,48,126,48,78,78,2,5.30078125,-5.30078125,-5.30078125,1,-5,False
-,78,49,127,49,78,78,0,4.9375,-4.9375,-4.9375,1,-0,False
-,78,50,128,50,78,78,0,5.05859375,-5.05859375,-5.05859375,1,-2,False
-,78,51,129,51,78,78,0,5.109375,-5.109375,-5.109375,1,-1,False
-,78,52,130,52,78,78,1,5.5390625,-5.5390625,-5.5390625,1,-6,False
-,78,53,131,53,78,78,0,5.6015625,-5.6015625,-5.6015625,1,-5,False
-,78,54,132,54,78,78,0,5.671875,-5.671875,-5.671875,1,-2,False
-,78,55,133,55,78,78,1,4.890625,-4.890625,-4.890625,1,-6,False
-,78,56,134,56,78,78,0,5.9609375,-5.9609375,-5.9609375,1,-6,False
-,78,57,135,57,78,78,0,5.96875,-5.96875,-5.96875,1,-6,False
-,78,58,136,58,78,78,0,5.9765625,-5.9765625,-5.9765625,1,-5,False
-,78,59,137,59,78,78,0,6.1796875,-6.1796875,-6.1796875,1,-2,False
-,78,60,138,60,78,78,0,5.3203125,-5.3203125,-5.3203125,1,-6,False
-,78,61,139,61,78,78,0,5.671875,-5.671875,-5.671875,1,-1,False
-,78,62,140,62,78,78,0,5.2421875,-5.2421875,-5.2421875,1,-6,False
-,78,63,141,63,78,78,0,5.28515625,-5.28515625,-5.28515625,1,-6,False
-,78,64,142,64,78,78,0,4.9921875,-4.9921875,-4.9921875,1,-1,False
-,78,65,143,65,78,78,1,5.046875,-5.046875,-5.046875,1,-6,False
-,78,66,144,66,78,78,0,5.875,-5.875,-5.875,1,-2,False
-,78,67,145,67,78,78,0,5.7890625,-5.7890625,-5.7890625,1,-1,False
-,78,68,146,68,78,78,0,5.0,-5.0,-5.0,1,-2,False
-,78,69,147,69,78,78,0,4.8828125,-4.8828125,-4.8828125,1,-6,False
-,78,70,148,70,78,78,0,5.2265625,-5.2265625,-5.2265625,1,-3,False
-,78,71,149,71,78,78,0,5.546875,-5.546875,-5.546875,1,-6,False
-,78,72,150,72,78,78,0,5.4375,-5.4375,-5.4375,1,-6,False
-,78,73,151,73,78,78,0,4.984375,-4.984375,-4.984375,1,-0,False
-,78,74,152,74,78,78,0,5.81640625,-5.81640625,-5.81640625,1,-2,False
-,78,75,153,75,78,78,0,4.78125,-4.78125,-4.78125,1,-2,False
-,78,76,154,76,78,78,0,5.48046875,-5.48046875,-5.48046875,1,-1,False
-,78,77,155,77,78,78,0,5.203125,-5.203125,-5.203125,1,-70,False
-,78,78,156,78,78,78,1,5.046875,-5.046875,-5.046875,1,-2,False
-,78,79,157,79,78,78,0,5.703125,-5.703125,-5.703125,1,-6,False
-,78,80,158,80,78,78,0,4.79296875,-4.79296875,-4.79296875,1,-6,False
-,78,81,159,81,78,78,0,5.44140625,-5.44140625,-5.44140625,1,-6,False
-,78,82,160,82,78,78,0,5.72265625,-5.72265625,-5.72265625,1,-6,False
-,78,83,161,83,78,78,0,5.90234375,-5.90234375,-5.90234375,1,-6,False
-,78,84,162,84,78,78,0,5.359375,-5.359375,-5.359375,1,-3,False
-,78,85,163,85,78,78,0,5.41015625,-5.41015625,-5.41015625,1,-6,False
-,78,86,164,86,78,78,0,5.3984375,-5.3984375,-5.3984375,1,-5,False
-,78,87,165,87,78,78,0,5.0546875,-5.0546875,-5.0546875,1,-2,False
-,78,88,166,88,78,78,0,5.34375,-5.34375,-5.34375,1,-2,False
-,78,89,167,89,78,78,0,5.31640625,-5.31640625,-5.31640625,1,-69,False
-,78,90,168,90,78,78,0,5.0546875,-5.0546875,-5.0546875,1,-3,False
-,78,91,169,91,78,78,1,5.46484375,-5.46484375,-5.46484375,1,-1,False
-,78,92,170,92,78,78,0,5.2265625,-5.2265625,-5.2265625,1,-6,False
-,78,93,171,93,78,78,0,5.04296875,-5.04296875,-5.04296875,1,-0,False
-,78,94,172,94,78,78,0,5.765625,-5.765625,-5.765625,1,-0,False
-,78,95,173,95,78,78,1,5.421875,-5.421875,-5.421875,1,-0,False
-,78,96,174,96,78,78,0,4.75390625,-4.75390625,-4.75390625,1,-0,False
-,78,97,175,97,78,78,0,5.12109375,-5.12109375,-5.12109375,1,-69,False
-,78,98,176,98,78,78,0,5.2734375,-5.2734375,-5.2734375,1,-0,False
-,78,99,177,99,78,78,0,4.984375,-4.984375,-4.984375,1,-69,False
-,78,100,178,100,78,78,0,5.1015625,-5.1015625,-5.1015625,1,-6,False
-,79,1,80,1,79,79,1,6.71875,-6.71875,-6.71875,1,-2,False
-,79,2,81,2,79,79,2,6.5234375,-6.5234375,-6.5234375,1,-1,False
-,79,3,82,3,79,79,0,6.453125,-6.453125,-6.453125,1,-0,False
-,79,4,83,4,79,79,0,6.5703125,-6.5703125,-6.5703125,1,-6,False
-,79,5,84,5,79,79,2,6.65625,-6.65625,-6.65625,1,-3,False
-,79,6,85,6,79,79,0,6.44921875,-6.44921875,-6.44921875,1,-5,False
-,79,7,86,7,79,79,0,6.60546875,-6.60546875,-6.60546875,1,-1,False
-,79,8,87,8,79,79,1,5.74609375,-5.74609375,-5.74609375,1,-2,False
-,79,9,88,9,79,79,0,6.546875,-6.546875,-6.546875,1,-1,False
-,79,10,89,10,79,79,0,6.83984375,-6.83984375,-6.83984375,1,-3,False
-,79,11,90,11,79,79,2,6.421875,-6.421875,-6.421875,1,-6,False
-,79,12,91,12,79,79,1,6.61328125,-6.61328125,-6.61328125,1,-2,False
-,79,13,92,13,79,79,1,6.58203125,-6.58203125,-6.58203125,1,-6,False
-,79,14,93,14,79,79,0,6.25390625,-6.25390625,-6.25390625,1,-1,False
-,79,15,94,15,79,79,1,6.42578125,-6.42578125,-6.42578125,1,-5,False
-,79,16,95,16,79,79,1,6.6953125,-6.6953125,-6.6953125,1,-6,False
-,79,17,96,17,79,79,0,6.75,-6.75,-6.75,1,-1,False
-,79,18,97,18,79,79,0,6.76171875,-6.76171875,-6.76171875,1,-3,False
-,79,19,98,19,79,79,0,6.58984375,-6.58984375,-6.58984375,1,-3,False
-,79,20,99,20,79,79,1,6.53125,-6.53125,-6.53125,1,-1,False
-,79,21,100,21,79,79,2,6.65625,-6.65625,-6.65625,1,-6,False
-,79,22,101,22,79,79,0,6.51953125,-6.51953125,-6.51953125,1,-1,False
-,79,23,102,23,79,79,1,6.64453125,-6.64453125,-6.64453125,1,-1,False
-,79,24,103,24,79,79,0,6.39453125,-6.39453125,-6.39453125,1,-3,False
-,79,25,104,25,79,79,0,6.5625,-6.5625,-6.5625,1,-0,False
-,79,26,105,26,79,79,0,6.5546875,-6.5546875,-6.5546875,1,-2,False
-,79,27,106,27,79,79,0,6.6640625,-6.6640625,-6.6640625,1,-3,False
-,79,28,107,28,79,79,0,5.859375,-5.859375,-5.859375,1,-2,False
-,79,29,108,29,79,79,0,5.8125,-5.8125,-5.8125,1,-6,False
-,79,30,109,30,79,79,0,6.0546875,-6.0546875,-6.0546875,1,-73,False
-,79,31,110,31,79,79,0,5.921875,-5.921875,-5.921875,1,-6,False
-,79,32,111,32,79,79,0,5.890625,-5.890625,-5.890625,1,-6,False
-,79,33,112,33,79,79,0,6.4609375,-6.4609375,-6.4609375,1,-1,False
-,79,34,113,34,79,79,0,6.67578125,-6.67578125,-6.67578125,1,-1,False
-,79,35,114,35,79,79,0,5.83984375,-5.83984375,-5.83984375,1,-1,False
-,79,36,115,36,79,79,0,6.33984375,-6.33984375,-6.33984375,1,-6,False
-,79,37,116,37,79,79,0,5.9296875,-5.9296875,-5.9296875,1,-2,False
-,79,38,117,38,79,79,0,5.93359375,-5.93359375,-5.93359375,1,-2,False
-,79,39,118,39,79,79,0,5.9140625,-5.9140625,-5.9140625,1,-6,False
-,79,40,119,40,79,79,0,5.984375,-5.984375,-5.984375,1,-1,False
-,79,41,120,41,79,79,0,5.98828125,-5.98828125,-5.98828125,1,-6,False
-,79,42,121,42,79,79,0,6.15625,-6.15625,-6.15625,1,-1,False
-,79,43,122,43,79,79,0,5.890625,-5.890625,-5.890625,1,-6,False
-,79,44,123,44,79,79,0,5.80859375,-5.80859375,-5.80859375,1,-1,False
-,79,45,124,45,79,79,1,5.97265625,-5.97265625,-5.97265625,1,-0,False
-,79,46,125,46,79,79,0,5.5625,-5.5625,-5.5625,1,-4,False
-,79,47,126,47,79,79,0,6.3046875,-6.3046875,-6.3046875,1,-5,False
-,79,48,127,48,79,79,0,6.1171875,-6.1171875,-6.1171875,1,-1,False
-,79,49,128,49,79,79,0,6.203125,-6.203125,-6.203125,1,-3,False
-,79,50,129,50,79,79,0,6.33203125,-6.33203125,-6.33203125,1,-0,False
-,79,51,130,51,79,79,0,6.08984375,-6.08984375,-6.08984375,1,-1,False
-,79,52,131,52,79,79,0,6.58203125,-6.58203125,-6.58203125,1,-3,False
-,79,53,132,53,79,79,0,6.58203125,-6.58203125,-6.58203125,1,-6,False
-,79,54,133,54,79,79,0,5.7421875,-5.7421875,-5.7421875,1,-1,False
-,79,55,134,55,79,79,0,5.71875,-5.71875,-5.71875,1,-6,False
-,79,56,135,56,79,79,0,6.07421875,-6.07421875,-6.07421875,1,-6,False
-,79,57,136,57,79,79,0,5.8984375,-5.8984375,-5.8984375,1,-3,False
-,79,58,137,58,79,79,0,6.01953125,-6.01953125,-6.01953125,1,-2,False
-,79,59,138,59,79,79,0,5.9765625,-5.9765625,-5.9765625,1,-6,False
-,79,60,139,60,79,79,0,6.54296875,-6.54296875,-6.54296875,1,-6,False
-,79,61,140,61,79,79,0,6.41796875,-6.41796875,-6.41796875,1,-6,False
-,79,62,141,62,79,79,0,6.50390625,-6.50390625,-6.50390625,1,-2,False
-,79,63,142,63,79,79,0,5.984375,-5.984375,-5.984375,1,-1,False
-,79,64,143,64,79,79,0,6.07421875,-6.07421875,-6.07421875,1,-2,False
-,79,65,144,65,79,79,0,5.9140625,-5.9140625,-5.9140625,1,-2,False
-,79,66,145,66,79,79,0,5.8984375,-5.8984375,-5.8984375,1,-2,False
-,79,67,146,67,79,79,0,5.9921875,-5.9921875,-5.9921875,1,-2,False
-,79,68,147,68,79,79,1,5.875,-5.875,-5.875,1,-6,False
-,79,69,148,69,79,79,0,5.7734375,-5.7734375,-5.7734375,1,-2,False
-,79,70,149,70,79,79,0,6.15234375,-6.15234375,-6.15234375,1,-2,False
-,79,71,150,71,79,79,0,6.6015625,-6.6015625,-6.6015625,1,-0,False
-,79,72,151,72,79,79,1,6.58984375,-6.58984375,-6.58984375,1,-3,False
-,79,73,152,73,79,79,0,6.2578125,-6.2578125,-6.2578125,1,-2,False
-,79,74,153,74,79,79,0,5.7890625,-5.7890625,-5.7890625,1,-5,False
-,79,75,154,75,79,79,0,5.5625,-5.5625,-5.5625,1,-2,False
-,79,76,155,76,79,79,0,5.578125,-5.578125,-5.578125,1,-1,False
-,79,77,156,77,79,79,0,5.6953125,-5.6953125,-5.6953125,1,-5,False
-,79,78,157,78,79,79,0,5.90234375,-5.90234375,-5.90234375,1,-2,False
-,79,79,158,79,79,79,0,5.5390625,-5.5390625,-5.5390625,1,-2,False
-,79,80,159,80,79,79,0,5.7421875,-5.7421875,-5.7421875,1,-70,False
-,79,81,160,81,79,79,0,5.76953125,-5.76953125,-5.76953125,1,-2,False
-,79,82,161,82,79,79,0,5.92578125,-5.92578125,-5.92578125,1,-2,False
-,79,83,162,83,79,79,0,5.6875,-5.6875,-5.6875,1,-2,False
-,79,84,163,84,79,79,0,6.234375,-6.234375,-6.234375,1,-3,False
-,79,85,164,85,79,79,0,5.55859375,-5.55859375,-5.55859375,1,-6,False
-,79,86,165,86,79,79,0,6.17578125,-6.17578125,-6.17578125,1,-6,False
-,79,87,166,87,79,79,0,6.12109375,-6.12109375,-6.12109375,1,-2,False
-,79,88,167,88,79,79,0,5.3984375,-5.3984375,-5.3984375,1,-2,False
-,79,89,168,89,79,79,0,5.37109375,-5.37109375,-5.37109375,1,-2,False
-,79,90,169,90,79,79,0,5.3828125,-5.3828125,-5.3828125,1,-2,False
-,79,91,170,91,79,79,0,6.35546875,-6.35546875,-6.35546875,1,-1,False
-,79,92,171,92,79,79,0,6.2421875,-6.2421875,-6.2421875,1,-70,False
-,79,93,172,93,79,79,0,6.171875,-6.171875,-6.171875,1,-0,False
-,79,94,173,94,79,79,0,5.62109375,-5.62109375,-5.62109375,1,-0,False
-,79,95,174,95,79,79,0,5.796875,-5.796875,-5.796875,1,-70,False
-,79,96,175,96,79,79,0,5.57421875,-5.57421875,-5.57421875,1,-69,False
-,79,97,176,97,79,79,0,5.98828125,-5.98828125,-5.98828125,1,-0,False
-,79,98,177,98,79,79,0,6.2734375,-6.2734375,-6.2734375,1,-0,False
-,79,99,178,99,79,79,0,5.9765625,-5.9765625,-5.9765625,1,-70,False
-,79,100,179,100,79,79,0,5.83203125,-5.83203125,-5.83203125,1,-3,False
-,80,1,81,1,80,80,3,5.55078125,-5.55078125,-5.55078125,1,-0,False
-,80,2,82,2,80,80,1,5.50390625,-5.50390625,-5.50390625,1,-2,False
-,80,3,83,3,80,80,1,5.50390625,-5.50390625,-5.50390625,1,-1,False
-,80,4,84,4,80,80,3,5.640625,-5.640625,-5.640625,1,-2,False
-,80,5,85,5,80,80,1,5.50390625,-5.50390625,-5.50390625,1,-3,False
-,80,6,86,6,80,80,0,5.6015625,-5.6015625,-5.6015625,1,-6,False
-,80,7,87,7,80,80,0,5.56640625,-5.56640625,-5.56640625,1,-6,False
-,80,8,88,8,80,80,0,5.54296875,-5.54296875,-5.54296875,1,-2,False
-,80,9,89,9,80,80,0,5.71875,-5.71875,-5.71875,1,-1,False
-,80,10,90,10,80,80,9,5.46875,-5.46875,-5.46875,1,-2,False
-,80,11,91,11,80,80,0,5.55078125,-5.55078125,-5.55078125,1,-3,False
-,80,12,92,12,80,80,2,5.65625,-5.65625,-5.65625,1,-2,False
-,80,13,93,13,80,80,0,5.5078125,-5.5078125,-5.5078125,1,-3,False
-,80,14,94,14,80,80,3,5.25390625,-5.25390625,-5.25390625,1,-6,False
-,80,15,95,15,80,80,0,5.328125,-5.328125,-5.328125,1,-5,False
-,80,16,96,16,80,80,0,5.7109375,-5.7109375,-5.7109375,1,-5,False
-,80,17,97,17,80,80,0,5.73046875,-5.73046875,-5.73046875,1,-3,False
-,80,18,98,18,80,80,2,5.71484375,-5.71484375,-5.71484375,1,-3,False
-,80,19,99,19,80,80,0,5.4609375,-5.4609375,-5.4609375,1,-1,False
-,80,20,100,20,80,80,22,5.53125,-5.53125,-5.53125,1,-6,False
-,80,21,101,21,80,80,0,5.6875,-5.6875,-5.6875,1,-6,False
-,80,22,102,22,80,80,0,5.671875,-5.671875,-5.671875,1,-1,False
-,80,23,103,23,80,80,0,5.3515625,-5.3515625,-5.3515625,1,-1,False
-,80,24,104,24,80,80,0,5.50390625,-5.50390625,-5.50390625,1,-3,False
-,80,25,105,25,80,80,0,5.34765625,-5.34765625,-5.34765625,1,-6,False
-,80,26,106,26,80,80,0,5.47265625,-5.47265625,-5.47265625,1,-3,False
-,80,27,107,27,80,80,0,5.79296875,-5.79296875,-5.79296875,1,-3,False
-,80,28,108,28,80,80,0,5.67578125,-5.67578125,-5.67578125,1,-3,False
-,80,29,109,29,80,80,0,5.82421875,-5.82421875,-5.82421875,1,-2,False
-,80,30,110,30,80,80,4,4.734375,-4.734375,-4.734375,1,-1,False
-,80,31,111,31,80,80,0,6.015625,-6.015625,-6.015625,1,-2,False
-,80,32,112,32,80,80,2,5.95703125,-5.95703125,-5.95703125,1,-1,False
-,80,33,113,33,80,80,0,5.40234375,-5.40234375,-5.40234375,1,-2,False
-,80,34,114,34,80,80,0,5.88671875,-5.88671875,-5.88671875,1,-1,False
-,80,35,115,35,80,80,0,5.7734375,-5.7734375,-5.7734375,1,-72,False
-,80,36,116,36,80,80,1,5.67578125,-5.67578125,-5.67578125,1,-6,False
-,80,37,117,37,80,80,0,5.7265625,-5.7265625,-5.7265625,1,-6,False
-,80,38,118,38,80,80,0,5.00390625,-5.00390625,-5.00390625,1,-2,False
-,80,39,119,39,80,80,0,5.78515625,-5.78515625,-5.78515625,1,-6,False
-,80,40,120,40,80,80,8,5.15625,-5.15625,-5.15625,1,-1,False
-,80,41,121,41,80,80,0,6.1015625,-6.1015625,-6.1015625,1,-1,False
-,80,42,122,42,80,80,0,5.1171875,-5.1171875,-5.1171875,1,-2,False
-,80,43,123,43,80,80,0,5.7421875,-5.7421875,-5.7421875,1,-1,False
-,80,44,124,44,80,80,0,5.75,-5.75,-5.75,1,-6,False
-,80,45,125,45,80,80,0,5.84765625,-5.84765625,-5.84765625,1,-0,False
-,80,46,126,46,80,80,0,5.6875,-5.6875,-5.6875,1,-2,False
-,80,47,127,47,80,80,0,4.87890625,-4.87890625,-4.87890625,1,-6,False
-,80,48,128,48,80,80,2,5.3515625,-5.3515625,-5.3515625,1,-2,False
-,80,49,129,49,80,80,0,5.640625,-5.640625,-5.640625,1,-3,False
-,80,50,130,50,80,80,1,5.0859375,-5.0859375,-5.0859375,1,-2,False
-,80,51,131,51,80,80,0,6.04296875,-6.04296875,-6.04296875,1,-1,False
-,80,52,132,52,80,80,0,5.39453125,-5.39453125,-5.39453125,1,-6,False
-,80,53,133,53,80,80,0,5.5625,-5.5625,-5.5625,1,-3,False
-,80,54,134,54,80,80,0,5.51171875,-5.51171875,-5.51171875,1,-2,False
-,80,55,135,55,80,80,0,5.76953125,-5.76953125,-5.76953125,1,-6,False
-,80,56,136,56,80,80,0,6.07421875,-6.07421875,-6.07421875,1,-3,False
-,80,57,137,57,80,80,0,6.10546875,-6.10546875,-6.10546875,1,-2,False
-,80,58,138,58,80,80,0,4.93359375,-4.93359375,-4.93359375,1,-6,False
-,80,59,139,59,80,80,0,5.26171875,-5.26171875,-5.26171875,1,-2,False
-,80,60,140,60,80,80,0,5.48828125,-5.48828125,-5.48828125,1,-6,False
-,80,61,141,61,80,80,0,5.7265625,-5.7265625,-5.7265625,1,-3,False
-,80,62,142,62,80,80,0,5.3046875,-5.3046875,-5.3046875,1,-6,False
-,80,63,143,63,80,80,1,4.9921875,-4.9921875,-4.9921875,1,-2,False
-,80,64,144,64,80,80,0,5.98046875,-5.98046875,-5.98046875,1,-3,False
-,80,65,145,65,80,80,0,5.9921875,-5.9921875,-5.9921875,1,-5,False
-,80,66,146,66,80,80,0,5.09765625,-5.09765625,-5.09765625,1,-1,False
-,80,67,147,67,80,80,0,4.96484375,-4.96484375,-4.96484375,1,-70,False
-,80,68,148,68,80,80,0,5.859375,-5.859375,-5.859375,1,-2,False
-,80,69,149,69,80,80,0,5.71875,-5.71875,-5.71875,1,-2,False
-,80,70,150,70,80,80,0,5.1875,-5.1875,-5.1875,1,-6,False
-,80,71,151,71,80,80,0,5.5,-5.5,-5.5,1,-6,False
-,80,72,152,72,80,80,1,5.8046875,-5.8046875,-5.8046875,1,-6,False
-,80,73,153,73,80,80,0,5.140625,-5.140625,-5.140625,1,-2,False
-,80,74,154,74,80,80,0,5.58203125,-5.58203125,-5.58203125,1,-3,False
-,80,75,155,75,80,80,1,5.625,-5.625,-5.625,1,-2,False
-,80,76,156,76,80,80,0,5.8203125,-5.8203125,-5.8203125,1,-1,False
-,80,77,157,77,80,80,0,5.55078125,-5.55078125,-5.55078125,1,-5,False
-,80,78,158,78,80,80,0,5.6953125,-5.6953125,-5.6953125,1,-5,False
-,80,79,159,79,80,80,0,5.36328125,-5.36328125,-5.36328125,1,-69,False
-,80,80,160,80,80,80,0,4.87890625,-4.87890625,-4.87890625,1,-5,False
-,80,81,161,81,80,80,0,5.91015625,-5.91015625,-5.91015625,1,-2,False
-,80,82,162,82,80,80,0,5.73828125,-5.73828125,-5.73828125,1,-2,False
-,80,83,163,83,80,80,0,5.5546875,-5.5546875,-5.5546875,1,-2,False
-,80,84,164,84,80,80,1,5.3125,-5.3125,-5.3125,1,-6,False
-,80,85,165,85,80,80,0,5.3125,-5.3125,-5.3125,1,-6,False
-,80,86,166,86,80,80,0,5.484375,-5.484375,-5.484375,1,-3,False
-,80,87,167,87,80,80,0,5.078125,-5.078125,-5.078125,1,-2,False
-,80,88,168,88,80,80,0,5.4296875,-5.4296875,-5.4296875,1,-6,False
-,80,89,169,89,80,80,0,5.44140625,-5.44140625,-5.44140625,1,-2,False
-,80,90,170,90,80,80,0,4.88671875,-4.88671875,-4.88671875,1,-60,False
-,80,91,171,91,80,80,0,5.265625,-5.265625,-5.265625,1,-6,False
-,80,92,172,92,80,80,0,5.359375,-5.359375,-5.359375,1,-6,False
-,80,93,173,93,80,80,0,5.03125,-5.03125,-5.03125,1,-2,False
-,80,94,174,94,80,80,0,5.88671875,-5.88671875,-5.88671875,1,-0,False
-,80,95,175,95,80,80,0,5.6796875,-5.6796875,-5.6796875,1,-70,False
-,80,96,176,96,80,80,0,5.41015625,-5.41015625,-5.41015625,1,-0,False
-,80,97,177,97,80,80,0,5.03515625,-5.03515625,-5.03515625,1,-2,False
-,80,98,178,98,80,80,0,5.2734375,-5.2734375,-5.2734375,1,-2,False
-,80,99,179,99,80,80,0,4.93359375,-4.93359375,-4.93359375,1,-70,False
-,80,100,180,100,80,80,1,4.7578125,-4.7578125,-4.7578125,1,-60,False
-,81,1,82,1,81,81,2,5.5234375,-5.5234375,-5.5234375,1,-2,False
-,81,2,83,2,81,81,1,5.50390625,-5.50390625,-5.50390625,1,-0,False
-,81,3,84,3,81,81,0,5.54296875,-5.54296875,-5.54296875,1,-1,False
-,81,4,85,4,81,81,0,5.515625,-5.515625,-5.515625,1,-3,False
-,81,5,86,5,81,81,0,5.6328125,-5.6328125,-5.6328125,1,-5,False
-,81,6,87,6,81,81,0,5.53125,-5.53125,-5.53125,1,-6,False
-,81,7,88,7,81,81,0,5.59375,-5.59375,-5.59375,1,-2,False
-,81,8,89,8,81,81,1,5.890625,-5.890625,-5.890625,1,-1,False
-,81,9,90,9,81,81,5,5.57421875,-5.57421875,-5.57421875,1,-1,False
-,81,10,91,10,81,81,0,5.65234375,-5.65234375,-5.65234375,1,-5,False
-,81,11,92,11,81,81,1,5.5234375,-5.5234375,-5.5234375,1,-6,False
-,81,12,93,12,81,81,0,5.5859375,-5.5859375,-5.5859375,1,-3,False
-,81,13,94,13,81,81,2,6.37890625,-6.37890625,-6.37890625,1,-3,False
-,81,14,95,14,81,81,0,5.3515625,-5.3515625,-5.3515625,1,-1,False
-,81,15,96,15,81,81,0,5.65625,-5.65625,-5.65625,1,-3,False
-,81,16,97,16,81,81,0,5.609375,-5.609375,-5.609375,1,-5,False
-,81,17,98,17,81,81,2,5.6875,-5.6875,-5.6875,1,-3,False
-,81,18,99,18,81,81,1,5.70703125,-5.70703125,-5.70703125,1,-6,False
-,81,19,100,19,81,81,3,5.30859375,-5.30859375,-5.30859375,1,-2,False
-,81,20,101,20,81,81,0,5.5859375,-5.5859375,-5.5859375,1,-6,False
-,81,21,102,21,81,81,1,5.8125,-5.8125,-5.8125,1,-6,False
-,81,22,103,22,81,81,0,5.58984375,-5.58984375,-5.58984375,1,-6,False
-,81,23,104,23,81,81,0,5.62109375,-5.62109375,-5.62109375,1,-1,False
-,81,24,105,24,81,81,0,5.37890625,-5.37890625,-5.37890625,1,-6,False
-,81,25,106,25,81,81,0,6.45703125,-6.45703125,-6.45703125,1,-5,False
-,81,26,107,26,81,81,0,5.55859375,-5.55859375,-5.55859375,1,-3,False
-,81,27,108,27,81,81,0,5.57421875,-5.57421875,-5.57421875,1,-6,False
-,81,28,109,28,81,81,0,5.74609375,-5.74609375,-5.74609375,1,-1,False
-,81,29,110,29,81,81,0,5.765625,-5.765625,-5.765625,1,-2,False
-,81,30,111,30,81,81,0,6.1171875,-6.1171875,-6.1171875,1,-6,False
-,81,31,112,31,81,81,0,6.0234375,-6.0234375,-6.0234375,1,-6,False
-,81,32,113,32,81,81,0,5.90625,-5.90625,-5.90625,1,-1,False
-,81,33,114,33,81,81,0,5.35546875,-5.35546875,-5.35546875,1,-2,False
-,81,34,115,34,81,81,0,5.58984375,-5.58984375,-5.58984375,1,-69,False
-,81,35,116,35,81,81,0,5.98828125,-5.98828125,-5.98828125,1,-72,False
-,81,36,117,36,81,81,0,5.359375,-5.359375,-5.359375,1,-6,False
-,81,37,118,37,81,81,0,5.79296875,-5.79296875,-5.79296875,1,-2,False
-,81,38,119,38,81,81,0,5.8515625,-5.8515625,-5.8515625,1,-73,False
-,81,39,120,39,81,81,0,5.97265625,-5.97265625,-5.97265625,1,-0,False
-,81,40,121,40,81,81,0,5.34765625,-5.34765625,-5.34765625,1,-6,False
-,81,41,122,41,81,81,1,5.9140625,-5.9140625,-5.9140625,1,-2,False
-,81,42,123,42,81,81,0,5.953125,-5.953125,-5.953125,1,-6,False
-,81,43,124,43,81,81,0,5.81640625,-5.81640625,-5.81640625,1,-6,False
-,81,44,125,44,81,81,1,5.69921875,-5.69921875,-5.69921875,1,-6,False
-,81,45,126,45,81,81,1,5.88671875,-5.88671875,-5.88671875,1,-0,False
-,81,46,127,46,81,81,0,5.13671875,-5.13671875,-5.13671875,1,-44,False
-,81,47,128,47,81,81,0,5.23828125,-5.23828125,-5.23828125,1,-2,False
-,81,48,129,48,81,81,0,5.609375,-5.609375,-5.609375,1,-2,False
-,81,49,130,49,81,81,0,5.62109375,-5.62109375,-5.62109375,1,-3,False
-,81,50,131,50,81,81,0,5.2109375,-5.2109375,-5.2109375,1,-2,False
-,81,51,132,51,81,81,0,5.99609375,-5.99609375,-5.99609375,1,-2,False
-,81,52,133,52,81,81,0,5.5625,-5.5625,-5.5625,1,-2,False
-,81,53,134,53,81,81,1,5.44140625,-5.44140625,-5.44140625,1,-6,False
-,81,54,135,54,81,81,0,5.609375,-5.609375,-5.609375,1,-2,False
-,81,55,136,55,81,81,0,5.69921875,-5.69921875,-5.69921875,1,-5,False
-,81,56,137,56,81,81,0,6.14453125,-6.14453125,-6.14453125,1,-6,False
-,81,57,138,57,81,81,0,5.9609375,-5.9609375,-5.9609375,1,-5,False
-,81,58,139,58,81,81,0,5.1796875,-5.1796875,-5.1796875,1,-2,False
-,81,59,140,59,81,81,0,6.20703125,-6.20703125,-6.20703125,1,-2,False
-,81,60,141,60,81,81,0,5.6328125,-5.6328125,-5.6328125,1,-6,False
-,81,61,142,61,81,81,0,5.421875,-5.421875,-5.421875,1,-6,False
-,81,62,143,62,81,81,0,5.2890625,-5.2890625,-5.2890625,1,-0,False
-,81,63,144,63,81,81,0,5.90234375,-5.90234375,-5.90234375,1,-6,False
-,81,64,145,64,81,81,0,5.984375,-5.984375,-5.984375,1,-2,False
-,81,65,146,65,81,81,0,5.1875,-5.1875,-5.1875,1,-6,False
-,81,66,147,66,81,81,0,5.0390625,-5.0390625,-5.0390625,1,-6,False
-,81,67,148,67,81,81,0,5.890625,-5.890625,-5.890625,1,-2,False
-,81,68,149,68,81,81,0,5.8046875,-5.8046875,-5.8046875,1,-2,False
-,81,69,150,69,81,81,0,5.76953125,-5.76953125,-5.76953125,1,-2,False
-,81,70,151,70,81,81,0,6.08984375,-6.08984375,-6.08984375,1,-2,False
-,81,71,152,71,81,81,0,5.66015625,-5.66015625,-5.66015625,1,-0,False
-,81,72,153,72,81,81,2,5.69140625,-5.69140625,-5.69140625,1,-6,False
-,81,73,154,73,81,81,0,5.96875,-5.96875,-5.96875,1,-2,False
-,81,74,155,74,81,81,0,5.59765625,-5.59765625,-5.59765625,1,-2,False
-,81,75,156,75,81,81,0,5.84375,-5.84375,-5.84375,1,-2,False
-,81,76,157,76,81,81,0,5.60546875,-5.60546875,-5.60546875,1,-6,False
-,81,77,158,77,81,81,0,5.26953125,-5.26953125,-5.26953125,1,-6,False
-,81,78,159,78,81,81,0,5.55078125,-5.55078125,-5.55078125,1,-3,False
-,81,79,160,79,81,81,0,4.875,-4.875,-4.875,1,-6,False
-,81,80,161,80,81,81,0,5.15625,-5.15625,-5.15625,1,-5,False
-,81,81,162,81,81,81,0,5.71484375,-5.71484375,-5.71484375,1,-6,False
-,81,82,163,82,81,81,0,5.6328125,-5.6328125,-5.6328125,1,-6,False
-,81,83,164,83,81,81,0,5.640625,-5.640625,-5.640625,1,-6,False
-,81,84,165,84,81,81,1,5.21484375,-5.21484375,-5.21484375,1,-6,False
-,81,85,166,85,81,81,0,5.5625,-5.5625,-5.5625,1,-5,False
-,81,86,167,86,81,81,0,5.37890625,-5.37890625,-5.37890625,1,-6,False
-,81,87,168,87,81,81,0,5.19140625,-5.19140625,-5.19140625,1,-3,False
-,81,88,169,88,81,81,0,5.515625,-5.515625,-5.515625,1,-2,False
-,81,89,170,89,81,81,0,5.1015625,-5.1015625,-5.1015625,1,-1,False
-,81,90,171,90,81,81,0,5.08203125,-5.08203125,-5.08203125,1,-60,False
-,81,91,172,91,81,81,0,5.31640625,-5.31640625,-5.31640625,1,-2,False
-,81,92,173,92,81,81,0,5.125,-5.125,-5.125,1,-70,False
-,81,93,174,93,81,81,0,5.4375,-5.4375,-5.4375,1,-2,False
-,81,94,175,94,81,81,0,5.82421875,-5.82421875,-5.82421875,1,-0,False
-,81,95,176,95,81,81,0,5.4375,-5.4375,-5.4375,1,-69,False
-,81,96,177,96,81,81,0,5.41796875,-5.41796875,-5.41796875,1,-0,False
-,81,97,178,97,81,81,0,5.01171875,-5.01171875,-5.01171875,1,-69,False
-,81,98,179,98,81,81,0,5.15234375,-5.15234375,-5.15234375,1,-0,False
-,81,99,180,99,81,81,0,4.82421875,-4.82421875,-4.82421875,1,-70,False
-,81,100,181,100,81,81,0,5.07421875,-5.07421875,-5.07421875,1,-6,False
-,82,1,83,1,82,82,1,5.5078125,-5.5078125,-5.5078125,1,-0,False
-,82,2,84,2,82,82,1,5.5390625,-5.5390625,-5.5390625,1,-2,False
-,82,3,85,3,82,82,1,5.33984375,-5.33984375,-5.33984375,1,-1,False
-,82,4,86,4,82,82,0,4.63671875,-4.63671875,-4.63671875,1,-0,False
-,82,5,87,5,82,82,0,5.57421875,-5.57421875,-5.57421875,1,-3,False
-,82,6,88,6,82,82,0,5.53515625,-5.53515625,-5.53515625,1,-3,False
-,82,7,89,7,82,82,0,5.6953125,-5.6953125,-5.6953125,1,-2,False
-,82,8,90,8,82,82,1,5.32421875,-5.32421875,-5.32421875,1,-3,False
-,82,9,91,9,82,82,1,5.55078125,-5.55078125,-5.55078125,1,-1,False
-,82,10,92,10,82,82,0,5.66015625,-5.66015625,-5.66015625,1,-6,False
-,82,11,93,11,82,82,0,5.41796875,-5.41796875,-5.41796875,1,-6,False
-,82,12,94,12,82,82,1,5.1640625,-5.1640625,-5.1640625,1,-2,False
-,82,13,95,13,82,82,1,5.69140625,-5.69140625,-5.69140625,1,-5,False
-,82,14,96,14,82,82,1,5.43359375,-5.43359375,-5.43359375,1,-1,False
-,82,15,97,15,82,82,0,5.6328125,-5.6328125,-5.6328125,1,-5,False
-,82,16,98,16,82,82,1,5.69921875,-5.69921875,-5.69921875,1,-3,False
-,82,17,99,17,82,82,0,5.60546875,-5.60546875,-5.60546875,1,-3,False
-,82,18,100,18,82,82,3,5.38671875,-5.38671875,-5.38671875,1,-2,False
-,82,19,101,19,82,82,0,5.3671875,-5.3671875,-5.3671875,1,-2,False
-,82,20,102,20,82,82,0,4.734375,-4.734375,-4.734375,1,-5,False
-,82,21,103,21,82,82,1,4.7578125,-4.7578125,-4.7578125,1,-6,False
-,82,22,104,22,82,82,0,4.6796875,-4.6796875,-4.6796875,1,-1,False
-,82,23,105,23,82,82,0,5.6015625,-5.6015625,-5.6015625,1,-1,False
-,82,24,106,24,82,82,0,5.43359375,-5.43359375,-5.43359375,1,-6,False
-,82,25,107,25,82,82,0,5.41015625,-5.41015625,-5.41015625,1,-5,False
-,82,26,108,26,82,82,0,5.4453125,-5.4453125,-5.4453125,1,-3,False
-,82,27,109,27,82,82,0,5.6796875,-5.6796875,-5.6796875,1,-2,False
-,82,28,110,28,82,82,1,5.3671875,-5.3671875,-5.3671875,1,-2,False
-,82,29,111,29,82,82,0,4.8515625,-4.8515625,-4.8515625,1,-1,False
-,82,30,112,30,82,82,0,4.98828125,-4.98828125,-4.98828125,1,-6,False
-,82,31,113,31,82,82,0,4.8671875,-4.8671875,-4.8671875,1,-6,False
-,82,32,114,32,82,82,0,5.05078125,-5.05078125,-5.05078125,1,-1,False
-,82,33,115,33,82,82,0,5.2578125,-5.2578125,-5.2578125,1,-2,False
-,82,34,116,34,82,82,0,4.9453125,-4.9453125,-4.9453125,1,-6,False
-,82,35,117,35,82,82,0,4.82421875,-4.82421875,-4.82421875,1,-1,False
-,82,36,118,36,82,82,0,5.578125,-5.578125,-5.578125,1,-6,False
-,82,37,119,37,82,82,0,5.62109375,-5.62109375,-5.62109375,1,-2,False
-,82,38,120,38,82,82,2,5.01171875,-5.01171875,-5.01171875,1,-0,False
-,82,39,121,39,82,82,0,5.04296875,-5.04296875,-5.04296875,1,-2,False
-,82,40,122,40,82,82,0,5.15625,-5.15625,-5.15625,1,-6,False
-,82,41,123,41,82,82,0,4.88671875,-4.88671875,-4.88671875,1,-3,False
-,82,42,124,42,82,82,0,4.86328125,-4.86328125,-4.86328125,1,-2,False
-,82,43,125,43,82,82,0,4.5703125,-4.5703125,-4.5703125,1,-3,False
-,82,44,126,44,82,82,0,4.828125,-4.828125,-4.828125,1,-1,False
-,82,45,127,45,82,82,0,4.65625,-4.65625,-4.65625,1,-2,False
-,82,46,128,46,82,82,1,4.53515625,-4.53515625,-4.53515625,1,-2,False
-,82,47,129,47,82,82,0,4.80859375,-4.80859375,-4.80859375,1,-2,False
-,82,48,130,48,82,82,0,4.64453125,-4.64453125,-4.64453125,1,-3,False
-,82,49,131,49,82,82,0,5.546875,-5.546875,-5.546875,1,-3,False
-,82,50,132,50,82,82,2,5.03515625,-5.03515625,-5.03515625,1,-6,False
-,82,51,133,51,82,82,0,5.05859375,-5.05859375,-5.05859375,1,-1,False
-,82,52,134,52,82,82,0,5.51953125,-5.51953125,-5.51953125,1,-6,False
-,82,53,135,53,82,82,0,5.52734375,-5.52734375,-5.52734375,1,-6,False
-,82,54,136,54,82,82,0,5.515625,-5.515625,-5.515625,1,-1,False
-,82,55,137,55,82,82,0,4.828125,-4.828125,-4.828125,1,-6,False
-,82,56,138,56,82,82,1,4.93359375,-4.93359375,-4.93359375,1,-6,False
-,82,57,139,57,82,82,0,5.234375,-5.234375,-5.234375,1,-2,False
-,82,58,140,58,82,82,0,5.11328125,-5.11328125,-5.11328125,1,-2,False
-,82,59,141,59,82,82,0,5.3828125,-5.3828125,-5.3828125,1,-2,False
-,82,60,142,60,82,82,0,5.4296875,-5.4296875,-5.4296875,1,-6,False
-,82,61,143,61,82,82,0,5.45703125,-5.45703125,-5.45703125,1,-1,False
-,82,62,144,62,82,82,0,5.0234375,-5.0234375,-5.0234375,1,-2,False
-,82,63,145,63,82,82,0,4.94140625,-4.94140625,-4.94140625,1,-6,False
-,82,64,146,64,82,82,0,5.19140625,-5.19140625,-5.19140625,1,-2,False
-,82,65,147,65,82,82,0,5.10546875,-5.10546875,-5.10546875,1,-3,False
-,82,66,148,66,82,82,0,4.91796875,-4.91796875,-4.91796875,1,-1,False
-,82,67,149,67,82,82,0,4.8046875,-4.8046875,-4.8046875,1,-0,False
-,82,68,150,68,82,82,0,4.71484375,-4.71484375,-4.71484375,1,-3,False
-,82,69,151,69,82,82,0,4.72265625,-4.72265625,-4.72265625,1,-2,False
-,82,70,152,70,82,82,0,5.27734375,-5.27734375,-5.27734375,1,-6,False
-,82,71,153,71,82,82,0,5.62109375,-5.62109375,-5.62109375,1,-1,False
-,82,72,154,72,82,82,0,5.3203125,-5.3203125,-5.3203125,1,-6,False
-,82,73,155,73,82,82,0,4.94140625,-4.94140625,-4.94140625,1,-1,False
-,82,74,156,74,82,82,0,4.81640625,-4.81640625,-4.81640625,1,-2,False
-,82,75,157,75,82,82,0,4.61328125,-4.61328125,-4.61328125,1,-2,False
-,82,76,158,76,82,82,0,4.62109375,-4.62109375,-4.62109375,1,-1,False
-,82,77,159,77,82,82,0,5.125,-5.125,-5.125,1,-6,False
-,82,78,160,78,82,82,0,4.99609375,-4.99609375,-4.99609375,1,-0,False
-,82,79,161,79,82,82,0,4.8671875,-4.8671875,-4.8671875,1,-6,False
-,82,80,162,80,82,82,0,4.890625,-4.890625,-4.890625,1,-6,False
-,82,81,163,81,82,82,0,4.6328125,-4.6328125,-4.6328125,1,-6,False
-,82,82,164,82,82,82,0,4.6953125,-4.6953125,-4.6953125,1,-6,False
-,82,83,165,83,82,82,0,4.69140625,-4.69140625,-4.69140625,1,-2,False
-,82,84,166,84,82,82,0,4.4140625,-4.4140625,-4.4140625,1,-3,False
-,82,85,167,85,82,82,0,4.54296875,-4.54296875,-4.54296875,1,-5,False
-,82,86,168,86,82,82,0,4.5234375,-4.5234375,-4.5234375,1,-6,False
-,82,87,169,87,82,82,0,4.22265625,-4.22265625,-4.22265625,1,-2,False
-,82,88,170,88,82,82,0,4.1328125,-4.1328125,-4.1328125,1,-2,False
-,82,89,171,89,82,82,0,5.0859375,-5.0859375,-5.0859375,1,-1,False
-,82,90,172,90,82,82,0,4.06640625,-4.06640625,-4.06640625,1,-60,False
-,82,91,173,91,82,82,0,5.08203125,-5.08203125,-5.08203125,1,-1,False
-,82,92,174,92,82,82,0,4.44140625,-4.44140625,-4.44140625,1,-70,False
-,82,93,175,93,82,82,0,4.2421875,-4.2421875,-4.2421875,1,-6,False
-,82,94,176,94,82,82,0,4.69921875,-4.69921875,-4.69921875,1,-0,False
-,82,95,177,95,82,82,0,5.48046875,-5.48046875,-5.48046875,1,-0,False
-,82,96,178,96,82,82,0,4.4609375,-4.4609375,-4.4609375,1,-0,False
-,82,97,179,97,82,82,0,4.94921875,-4.94921875,-4.94921875,1,-0,False
-,82,98,180,98,82,82,1,5.05078125,-5.05078125,-5.05078125,1,-70,False
-,82,99,181,99,82,82,0,5.0546875,-5.0546875,-5.0546875,1,-69,False
-,82,100,182,100,82,82,0,4.078125,-4.078125,-4.078125,1,-2,False
-,83,1,84,1,83,83,0,5.5859375,-5.5859375,-5.5859375,1,-0,False
-,83,2,85,2,83,83,0,5.390625,-5.390625,-5.390625,1,-2,False
-,83,3,86,3,83,83,0,5.52734375,-5.52734375,-5.52734375,1,-1,False
-,83,4,87,4,83,83,0,5.5703125,-5.5703125,-5.5703125,1,-0,False
-,83,5,88,5,83,83,0,5.57421875,-5.57421875,-5.57421875,1,-2,False
-,83,6,89,6,83,83,0,5.6640625,-5.6640625,-5.6640625,1,-3,False
-,83,7,90,7,83,83,2,5.609375,-5.609375,-5.609375,1,-2,False
-,83,8,91,8,83,83,0,5.44921875,-5.44921875,-5.44921875,1,-2,False
-,83,9,92,9,83,83,0,5.6484375,-5.6484375,-5.6484375,1,-1,False
-,83,10,93,10,83,83,0,5.60546875,-5.60546875,-5.60546875,1,-1,False
-,83,11,94,11,83,83,0,5.26171875,-5.26171875,-5.26171875,1,-3,False
-,83,12,95,12,83,83,1,5.64453125,-5.64453125,-5.64453125,1,-2,False
-,83,13,96,13,83,83,0,5.640625,-5.640625,-5.640625,1,-5,False
-,83,14,97,14,83,83,0,5.3046875,-5.3046875,-5.3046875,1,-2,False
-,83,15,98,15,83,83,0,5.53515625,-5.53515625,-5.53515625,1,-6,False
-,83,16,99,16,83,83,2,5.6484375,-5.6484375,-5.6484375,1,-6,False
-,83,17,100,17,83,83,2,5.58203125,-5.58203125,-5.58203125,1,-2,False
-,83,18,101,18,83,83,0,5.3984375,-5.3984375,-5.3984375,1,-3,False
-,83,19,102,19,83,83,0,5.703125,-5.703125,-5.703125,1,-6,False
-,83,20,103,20,83,83,0,5.75,-5.75,-5.75,1,-6,False
-,83,21,104,21,83,83,1,4.859375,-4.859375,-4.859375,1,-1,False
-,83,22,105,22,83,83,0,5.8046875,-5.8046875,-5.8046875,1,-1,False
-,83,23,106,23,83,83,0,5.515625,-5.515625,-5.515625,1,-2,False
-,83,24,107,24,83,83,0,5.40234375,-5.40234375,-5.40234375,1,-6,False
-,83,25,108,25,83,83,0,5.3125,-5.3125,-5.3125,1,-5,False
-,83,26,109,26,83,83,0,5.5078125,-5.5078125,-5.5078125,1,-2,False
-,83,27,110,27,83,83,0,5.73046875,-5.73046875,-5.73046875,1,-6,False
-,83,28,111,28,83,83,0,5.72265625,-5.72265625,-5.72265625,1,-1,False
-,83,29,112,29,83,83,1,5.89453125,-5.89453125,-5.89453125,1,-2,False
-,83,30,113,30,83,83,0,4.9375,-4.9375,-4.9375,1,-1,False
-,83,31,114,31,83,83,0,4.98828125,-4.98828125,-4.98828125,1,-1,False
-,83,32,115,32,83,83,0,4.77734375,-4.77734375,-4.77734375,1,-1,False
-,83,33,116,33,83,83,0,5.6640625,-5.6640625,-5.6640625,1,-2,False
-,83,34,117,34,83,83,0,5.765625,-5.765625,-5.765625,1,-1,False
-,83,35,118,35,83,83,0,5.87890625,-5.87890625,-5.87890625,1,-1,False
-,83,36,119,36,83,83,0,5.5390625,-5.5390625,-5.5390625,1,-6,False
-,83,37,120,37,83,83,1,4.8828125,-4.8828125,-4.8828125,1,-2,False
-,83,38,121,38,83,83,0,5.109375,-5.109375,-5.109375,1,-73,False
-,83,39,122,39,83,83,0,4.953125,-4.953125,-4.953125,1,-6,False
-,83,40,123,40,83,83,0,5.15234375,-5.15234375,-5.15234375,1,-2,False
-,83,41,124,41,83,83,0,4.890625,-4.890625,-4.890625,1,-6,False
-,83,42,125,42,83,83,0,4.80078125,-4.80078125,-4.80078125,1,-2,False
-,83,43,126,43,83,83,0,4.83203125,-4.83203125,-4.83203125,1,-6,False
-,83,44,127,44,83,83,1,5.53125,-5.53125,-5.53125,1,-2,False
-,83,45,128,45,83,83,1,4.8671875,-4.8671875,-4.8671875,1,-0,False
-,83,46,129,46,83,83,0,4.9921875,-4.9921875,-4.9921875,1,-2,False
-,83,47,130,47,83,83,0,5.73046875,-5.73046875,-5.73046875,1,-6,False
-,83,48,131,48,83,83,1,5.5234375,-5.5234375,-5.5234375,1,-2,False
-,83,49,132,49,83,83,0,5.25390625,-5.25390625,-5.25390625,1,-0,False
-,83,50,133,50,83,83,1,5.06640625,-5.06640625,-5.06640625,1,-2,False
-,83,51,134,51,83,83,1,4.84765625,-4.84765625,-4.84765625,1,-6,False
-,83,52,135,52,83,83,0,5.59375,-5.59375,-5.59375,1,-6,False
-,83,53,136,53,83,83,0,5.4921875,-5.4921875,-5.4921875,1,-6,False
-,83,54,137,54,83,83,0,5.5859375,-5.5859375,-5.5859375,1,-1,False
-,83,55,138,55,83,83,1,4.75,-4.75,-4.75,1,-6,False
-,83,56,139,56,83,83,0,5.1953125,-5.1953125,-5.1953125,1,-2,False
-,83,57,140,57,83,83,0,5.171875,-5.171875,-5.171875,1,-2,False
-,83,58,141,58,83,83,0,5.30859375,-5.30859375,-5.30859375,1,-2,False
-,83,59,142,59,83,83,0,5.19921875,-5.19921875,-5.19921875,1,-2,False
-,83,60,143,60,83,83,0,5.46875,-5.46875,-5.46875,1,-6,False
-,83,61,144,61,83,83,0,5.3359375,-5.3359375,-5.3359375,1,-6,False
-,83,62,145,62,83,83,0,5.2578125,-5.2578125,-5.2578125,1,-6,False
-,83,63,146,63,83,83,0,5.15625,-5.15625,-5.15625,1,-2,False
-,83,64,147,64,83,83,0,4.9609375,-4.9609375,-4.9609375,1,-6,False
-,83,65,148,65,83,83,0,5.0,-5.0,-5.0,1,-6,False
-,83,66,149,66,83,83,0,4.8515625,-4.8515625,-4.8515625,1,-6,False
-,83,67,150,67,83,83,0,4.8359375,-4.8359375,-4.8359375,1,-2,False
-,83,68,151,68,83,83,0,5.73046875,-5.73046875,-5.73046875,1,-2,False
-,83,69,152,69,83,83,0,4.87109375,-4.87109375,-4.87109375,1,-2,False
-,83,70,153,70,83,83,0,5.23828125,-5.23828125,-5.23828125,1,-6,False
-,83,71,154,71,83,83,0,5.421875,-5.421875,-5.421875,1,-1,False
-,83,72,155,72,83,83,0,5.55078125,-5.55078125,-5.55078125,1,-6,False
-,83,73,156,73,83,83,0,5.21484375,-5.21484375,-5.21484375,1,-1,False
-,83,74,157,74,83,83,0,4.57421875,-4.57421875,-4.57421875,1,-2,False
-,83,75,158,75,83,83,0,4.75,-4.75,-4.75,1,-2,False
-,83,76,159,76,83,83,0,5.4140625,-5.4140625,-5.4140625,1,-1,False
-,83,77,160,77,83,83,0,4.51953125,-4.51953125,-4.51953125,1,-5,False
-,83,78,161,78,83,83,0,5.125,-5.125,-5.125,1,-2,False
-,83,79,162,79,83,83,1,4.80859375,-4.80859375,-4.80859375,1,-69,False
-,83,80,163,80,83,83,0,4.84765625,-4.84765625,-4.84765625,1,-6,False
-,83,81,164,81,83,83,1,4.66796875,-4.66796875,-4.66796875,1,-6,False
-,83,82,165,82,83,83,0,4.515625,-4.515625,-4.515625,1,-6,False
-,83,83,166,83,83,83,0,4.75390625,-4.75390625,-4.75390625,1,-2,False
-,83,84,167,84,83,83,0,5.33203125,-5.33203125,-5.33203125,1,-3,False
-,83,85,168,85,83,83,0,4.54296875,-4.54296875,-4.54296875,1,-6,False
-,83,86,169,86,83,83,0,4.484375,-4.484375,-4.484375,1,- - - - - -,False
-,83,87,170,87,83,83,0,5.0,-5.0,-5.0,1,-2,False
-,83,88,171,88,83,83,1,5.28515625,-5.28515625,-5.28515625,1,-2,False
-,83,89,172,89,83,83,0,5.1484375,-5.1484375,-5.1484375,1,-2,False
-,83,90,173,90,83,83,0,4.75,-4.75,-4.75,1,-2,False
-,83,91,174,91,83,83,0,4.6171875,-4.6171875,-4.6171875,1,-2,False
-,83,92,175,92,83,83,0,5.33984375,-5.33984375,-5.33984375,1,-70,False
-,83,93,176,93,83,83,0,5.16796875,-5.16796875,-5.16796875,1,-1,False
-,83,94,177,94,83,83,0,5.640625,-5.640625,-5.640625,1,-0,False
-,83,95,178,95,83,83,1,5.64453125,-5.64453125,-5.64453125,1,-70,False
-,83,96,179,96,83,83,0,5.3359375,-5.3359375,-5.3359375,1,-0,False
-,83,97,180,97,83,83,0,4.78125,-4.78125,-4.78125,1,-69,False
-,83,98,181,98,83,83,0,5.41015625,-5.41015625,-5.41015625,1,-0,False
-,83,99,182,99,83,83,0,5.0078125,-5.0078125,-5.0078125,1,-2,False
-,83,100,183,100,83,83,0,5.15625,-5.15625,-5.15625,1,-6,False
-,84,1,85,1,84,84,0,5.36328125,-5.36328125,-5.36328125,1,-2,False
-,84,2,86,2,84,84,0,5.52734375,-5.52734375,-5.52734375,1,-2,False
-,84,3,87,3,84,84,0,5.359375,-5.359375,-5.359375,1,-0,False
-,84,4,88,4,84,84,0,5.55859375,-5.55859375,-5.55859375,1,-1,False
-,84,5,89,5,84,84,1,5.7734375,-5.7734375,-5.7734375,1,-3,False
-,84,6,90,6,84,84,2,5.546875,-5.546875,-5.546875,1,-6,False
-,84,7,91,7,84,84,0,5.54296875,-5.54296875,-5.54296875,1,-3,False
-,84,8,92,8,84,84,0,5.32421875,-5.32421875,-5.32421875,1,-3,False
-,84,9,93,9,84,84,0,5.54296875,-5.54296875,-5.54296875,1,-2,False
-,84,10,94,10,84,84,1,5.484375,-5.484375,-5.484375,1,-6,False
-,84,11,95,11,84,84,0,5.625,-5.625,-5.625,1,-3,False
-,84,12,96,12,84,84,1,5.6171875,-5.6171875,-5.6171875,1,-1,False
-,84,13,97,13,84,84,1,5.453125,-5.453125,-5.453125,1,-3,False
-,84,14,98,14,84,84,0,5.296875,-5.296875,-5.296875,1,-1,False
-,84,15,99,15,84,84,0,5.44140625,-5.44140625,-5.44140625,1,-5,False
-,84,16,100,16,84,84,3,5.40234375,-5.40234375,-5.40234375,1,-1,False
-,84,17,101,17,84,84,0,6.33203125,-6.33203125,-6.33203125,1,-2,False
-,84,18,102,18,84,84,0,5.7421875,-5.7421875,-5.7421875,1,-2,False
-,84,19,103,19,84,84,1,5.6015625,-5.6015625,-5.6015625,1,-6,False
-,84,20,104,20,84,84,3,5.80078125,-5.80078125,-5.80078125,1,-6,False
-,84,21,105,21,84,84,1,5.8359375,-5.8359375,-5.8359375,1,-1,False
-,84,22,106,22,84,84,0,5.66015625,-5.66015625,-5.66015625,1,-2,False
-,84,23,107,23,84,84,0,5.43359375,-5.43359375,-5.43359375,1,-2,False
-,84,24,108,24,84,84,0,5.35546875,-5.35546875,-5.35546875,1,-1,False
-,84,25,109,25,84,84,0,6.40625,-6.40625,-6.40625,1,-2,False
-,84,26,110,26,84,84,0,5.5703125,-5.5703125,-5.5703125,1,-6,False
-,84,27,111,27,84,84,0,5.65234375,-5.65234375,-5.65234375,1,-2,False
-,84,28,112,28,84,84,0,5.76953125,-5.76953125,-5.76953125,1,-1,False
-,84,29,113,29,84,84,0,5.6953125,-5.6953125,-5.6953125,1,-2,False
-,84,30,114,30,84,84,1,5.109375,-5.109375,-5.109375,1,-2,False
-,84,31,115,31,84,84,0,5.8984375,-5.8984375,-5.8984375,1,-6,False
-,84,32,116,32,84,84,1,5.1640625,-5.1640625,-5.1640625,1,-1,False
-,84,33,117,33,84,84,1,5.25390625,-5.25390625,-5.25390625,1,-2,False
-,84,34,118,34,84,84,0,5.87109375,-5.87109375,-5.87109375,1,-69,False
-,84,35,119,35,84,84,0,5.7421875,-5.7421875,-5.7421875,1,-69,False
-,84,36,120,36,84,84,2,5.69921875,-5.69921875,-5.69921875,1,-6,False
-,84,37,121,37,84,84,0,5.91015625,-5.91015625,-5.91015625,1,-1,False
-,84,38,122,38,84,84,0,5.05078125,-5.05078125,-5.05078125,1,-73,False
-,84,39,123,39,84,84,0,5.9453125,-5.9453125,-5.9453125,1,-1,False
-,84,40,124,40,84,84,0,5.10546875,-5.10546875,-5.10546875,1,-1,False
-,84,41,125,41,84,84,0,5.8515625,-5.8515625,-5.8515625,1,-6,False
-,84,42,126,42,84,84,0,5.01953125,-5.01953125,-5.01953125,1,-2,False
-,84,43,127,43,84,84,0,5.27734375,-5.27734375,-5.27734375,1,-2,False
-,84,44,128,44,84,84,2,5.796875,-5.796875,-5.796875,1,-6,False
-,84,45,129,45,84,84,0,5.1875,-5.1875,-5.1875,1,-6,False
-,84,46,130,46,84,84,0,5.8125,-5.8125,-5.8125,1,-3,False
-,84,47,131,47,84,84,0,5.66015625,-5.66015625,-5.66015625,1,-2,False
-,84,48,132,48,84,84,1,5.4609375,-5.4609375,-5.4609375,1,-3,False
-,84,49,133,49,84,84,0,5.546875,-5.546875,-5.546875,1,-2,False
-,84,50,134,50,84,84,0,6.0,-6.0,-6.0,1,-6,False
-,84,51,135,51,84,84,0,5.88671875,-5.88671875,-5.88671875,1,-2,False
-,84,52,136,52,84,84,0,5.515625,-5.515625,-5.515625,1,-2,False
-,84,53,137,53,84,84,0,5.5234375,-5.5234375,-5.5234375,1,-5,False
-,84,54,138,54,84,84,0,5.359375,-5.359375,-5.359375,1,-2,False
-,84,55,139,55,84,84,0,5.8984375,-5.8984375,-5.8984375,1,-2,False
-,84,56,140,56,84,84,0,6.1484375,-6.1484375,-6.1484375,1,-6,False
-,84,57,141,57,84,84,0,5.2265625,-5.2265625,-5.2265625,1,-2,False
-,84,58,142,58,84,84,0,5.0234375,-5.0234375,-5.0234375,1,-2,False
-,84,59,143,59,84,84,0,5.2265625,-5.2265625,-5.2265625,1,-6,False
-,84,60,144,60,84,84,1,5.34765625,-5.34765625,-5.34765625,1,-3,False
-,84,61,145,61,84,84,0,5.41796875,-5.41796875,-5.41796875,1,-6,False
-,84,62,146,62,84,84,0,5.34765625,-5.34765625,-5.34765625,1,-6,False
-,84,63,147,63,84,84,0,5.0390625,-5.0390625,-5.0390625,1,-2,False
-,84,64,148,64,84,84,0,4.88671875,-4.88671875,-4.88671875,1,-2,False
-,84,65,149,65,84,84,0,5.953125,-5.953125,-5.953125,1,-5,False
-,84,66,150,66,84,84,0,5.83984375,-5.83984375,-5.83984375,1,-1,False
-,84,67,151,67,84,84,0,5.71875,-5.71875,-5.71875,1,-1,False
-,84,68,152,68,84,84,0,5.89453125,-5.89453125,-5.89453125,1,-2,False
-,84,69,153,69,84,84,0,5.73828125,-5.73828125,-5.73828125,1,-3,False
-,84,70,154,70,84,84,0,5.046875,-5.046875,-5.046875,1,-6,False
-,84,71,155,71,84,84,0,5.49609375,-5.49609375,-5.49609375,1,-0,False
-,84,72,156,72,84,84,0,5.77734375,-5.77734375,-5.77734375,1,-3,False
-,84,73,157,73,84,84,0,6.00390625,-6.00390625,-6.00390625,1,-2,False
-,84,74,158,74,84,84,0,5.69140625,-5.69140625,-5.69140625,1,-2,False
-,84,75,159,75,84,84,0,5.60546875,-5.60546875,-5.60546875,1,-2,False
-,84,76,160,76,84,84,0,5.76953125,-5.76953125,-5.76953125,1,-0,False
-,84,77,161,77,84,84,0,5.828125,-5.828125,-5.828125,1,-5,False
-,84,78,162,78,84,84,1,4.859375,-4.859375,-4.859375,1,-5,False
-,84,79,163,79,84,84,0,5.4375,-5.4375,-5.4375,1,-2,False
-,84,80,164,80,84,84,0,4.86328125,-4.86328125,-4.86328125,1,-6,False
-,84,81,165,81,84,84,0,5.59375,-5.59375,-5.59375,1,-6,False
-,84,82,166,82,84,84,0,5.6484375,-5.6484375,-5.6484375,1,-3,False
-,84,83,167,83,84,84,0,5.640625,-5.640625,-5.640625,1,-2,False
-,84,84,168,84,84,84,0,5.41015625,-5.41015625,-5.41015625,1,-70,False
-,84,85,169,85,84,84,0,5.671875,-5.671875,-5.671875,1,-6,False
-,84,86,170,86,84,84,0,5.4140625,-5.4140625,-5.4140625,1,-2,False
-,84,87,171,87,84,84,0,5.00390625,-5.00390625,-5.00390625,1,-3,False
-,84,88,172,88,84,84,0,5.33984375,-5.33984375,-5.33984375,1,-5,False
-,84,89,173,89,84,84,0,5.0546875,-5.0546875,-5.0546875,1,-1,False
-,84,90,174,90,84,84,0,5.35546875,-5.35546875,-5.35546875,1,-3,False
-,84,91,175,91,84,84,0,5.3046875,-5.3046875,-5.3046875,1,-70,False
-,84,92,176,92,84,84,0,5.21875,-5.21875,-5.21875,1,-70,False
-,84,93,177,93,84,84,0,5.0625,-5.0625,-5.0625,1,-0,False
-,84,94,178,94,84,84,1,5.68359375,-5.68359375,-5.68359375,1,-69,False
-,84,95,179,95,84,84,0,5.51171875,-5.51171875,-5.51171875,1,-2,False
-,84,96,180,96,84,84,0,5.20703125,-5.20703125,-5.20703125,1,-0,False
-,84,97,181,97,84,84,0,5.15234375,-5.15234375,-5.15234375,1,-0,False
-,84,98,182,98,84,84,0,5.47265625,-5.47265625,-5.47265625,1,-0,False
-,84,99,183,99,84,84,0,5.03515625,-5.03515625,-5.03515625,1,-70,False
-,84,100,184,100,84,84,0,4.91015625,-4.91015625,-4.91015625,1,-6,False
-,85,1,86,1,85,85,0,5.6015625,-5.6015625,-5.6015625,1,-0,False
-,85,2,87,2,85,85,0,5.28515625,-5.28515625,-5.28515625,1,-2,False
-,85,3,88,3,85,85,0,5.484375,-5.484375,-5.484375,1,-2,False
-,85,4,89,4,85,85,1,5.734375,-5.734375,-5.734375,1,-3,False
-,85,5,90,5,85,85,4,5.5859375,-5.5859375,-5.5859375,1,-2,False
-,85,6,91,6,85,85,1,5.515625,-5.515625,-5.515625,1,-6,False
-,85,7,92,7,85,85,0,5.56640625,-5.56640625,-5.56640625,1,-3,False
-,85,8,93,8,85,85,1,5.390625,-5.390625,-5.390625,1,-6,False
-,85,9,94,9,85,85,0,5.36328125,-5.36328125,-5.36328125,1,-1,False
-,85,10,95,10,85,85,1,5.6640625,-5.6640625,-5.6640625,1,-6,False
-,85,11,96,11,85,85,0,5.65625,-5.65625,-5.65625,1,-3,False
-,85,12,97,12,85,85,0,5.58203125,-5.58203125,-5.58203125,1,-2,False
-,85,13,98,13,85,85,0,5.4296875,-5.4296875,-5.4296875,1,-3,False
-,85,14,99,14,85,85,0,5.33984375,-5.33984375,-5.33984375,1,-1,False
-,85,15,100,15,85,85,7,5.10546875,-5.10546875,-5.10546875,1,-2,False
-,85,16,101,16,85,85,1,5.44140625,-5.44140625,-5.44140625,1,-5,False
-,85,17,102,17,85,85,0,5.78515625,-5.78515625,-5.78515625,1,-2,False
-,85,18,103,18,85,85,0,5.51171875,-5.51171875,-5.51171875,1,-3,False
-,85,19,104,19,85,85,1,5.64453125,-5.64453125,-5.64453125,1,-6,False
-,85,20,105,20,85,85,1,5.765625,-5.765625,-5.765625,1,-1,False
-,85,21,106,21,85,85,1,5.66796875,-5.66796875,-5.66796875,1,-2,False
-,85,22,107,22,85,85,0,5.625,-5.625,-5.625,1,-2,False
-,85,23,108,23,85,85,3,5.296875,-5.296875,-5.296875,1,-2,False
-,85,24,109,24,85,85,0,5.49609375,-5.49609375,-5.49609375,1,-3,False
-,85,25,110,25,85,85,1,5.3984375,-5.3984375,-5.3984375,1,-1,False
-,85,26,111,26,85,85,0,5.2734375,-5.2734375,-5.2734375,1,-2,False
-,85,27,112,27,85,85,1,5.65234375,-5.65234375,-5.65234375,1,-2,False
-,85,28,113,28,85,85,0,5.61328125,-5.61328125,-5.61328125,1,-2,False
-,85,29,114,29,85,85,0,5.87890625,-5.87890625,-5.87890625,1,-3,False
-,85,30,115,30,85,85,0,4.80859375,-4.80859375,-4.80859375,1,-73,False
-,85,31,116,31,85,85,0,5.11328125,-5.11328125,-5.11328125,1,-6,False
-,85,32,117,32,85,85,0,5.0078125,-5.0078125,-5.0078125,1,-2,False
-,85,33,118,33,85,85,0,5.64453125,-5.64453125,-5.64453125,1,-2,False
-,85,34,119,34,85,85,0,5.6171875,-5.6171875,-5.6171875,1,-6,False
-,85,35,120,35,85,85,2,5.97265625,-5.97265625,-5.97265625,1,-72,False
-,85,36,121,36,85,85,0,5.734375,-5.734375,-5.734375,1,-2,False
-,85,37,122,37,85,85,0,5.83203125,-5.83203125,-5.83203125,1,-2,False
-,85,38,123,38,85,85,0,4.90234375,-4.90234375,-4.90234375,1,-2,False
-,85,39,124,39,85,85,0,4.8984375,-4.8984375,-4.8984375,1,-6,False
-,85,40,125,40,85,85,0,4.97265625,-4.97265625,-4.97265625,1,-1,False
-,85,41,126,41,85,85,0,4.953125,-4.953125,-4.953125,1,-5,False
-,85,42,127,42,85,85,0,4.86328125,-4.86328125,-4.86328125,1,-70,False
-,85,43,128,43,85,85,0,4.73828125,-4.73828125,-4.73828125,1,-6,False
-,85,44,129,44,85,85,0,5.05078125,-5.05078125,-5.05078125,1,-6,False
-,85,45,130,45,85,85,0,5.0078125,-5.0078125,-5.0078125,1,-6,False
-,85,46,131,46,85,85,0,5.8359375,-5.8359375,-5.8359375,1,-1,False
-,85,47,132,47,85,85,0,5.578125,-5.578125,-5.578125,1,-6,False
-,85,48,133,48,85,85,0,5.45703125,-5.45703125,-5.45703125,1,-2,False
-,85,49,134,49,85,85,0,5.34765625,-5.34765625,-5.34765625,1,-0,False
-,85,50,135,50,85,85,0,6.0078125,-6.0078125,-6.0078125,1,-0,False
-,85,51,136,51,85,85,0,5.87109375,-5.87109375,-5.87109375,1,-1,False
-,85,52,137,52,85,85,0,5.62890625,-5.62890625,-5.62890625,1,-2,False
-,85,53,138,53,85,85,0,5.50390625,-5.50390625,-5.50390625,1,-6,False
-,85,54,139,54,85,85,0,5.7421875,-5.7421875,-5.7421875,1,-6,False
-,85,55,140,55,85,85,1,5.87109375,-5.87109375,-5.87109375,1,-5,False
-,85,56,141,56,85,85,0,5.33984375,-5.33984375,-5.33984375,1,-2,False
-,85,57,142,57,85,85,1,5.00390625,-5.00390625,-5.00390625,1,-2,False
-,85,58,143,58,85,85,0,5.1328125,-5.1328125,-5.1328125,1,-5,False
-,85,59,144,59,85,85,0,4.98828125,-4.98828125,-4.98828125,1,-1,False
-,85,60,145,60,85,85,0,5.44140625,-5.44140625,-5.44140625,1,-6,False
-,85,61,146,61,85,85,0,5.61328125,-5.61328125,-5.61328125,1,-1,False
-,85,62,147,62,85,85,0,5.28515625,-5.28515625,-5.28515625,1,-1,False
-,85,63,148,63,85,85,0,4.984375,-4.984375,-4.984375,1,-2,False
-,85,64,149,64,85,85,0,5.66796875,-5.66796875,-5.66796875,1,-1,False
-,85,65,150,65,85,85,0,5.8203125,-5.8203125,-5.8203125,1,-6,False
-,85,66,151,66,85,85,0,5.80078125,-5.80078125,-5.80078125,1,-6,False
-,85,67,152,67,85,85,0,4.87109375,-4.87109375,-4.87109375,1,-2,False
-,85,68,153,68,85,85,0,4.8671875,-4.8671875,-4.8671875,1,-3,False
-,85,69,154,69,85,85,0,5.6015625,-5.6015625,-5.6015625,1,-2,False
-,85,70,155,70,85,85,0,5.1328125,-5.1328125,-5.1328125,1,-2,False
-,85,71,156,71,85,85,0,5.6640625,-5.6640625,-5.6640625,1,-6,False
-,85,72,157,72,85,85,0,5.58203125,-5.58203125,-5.58203125,1,-6,False
-,85,73,158,73,85,85,0,5.03125,-5.03125,-5.03125,1,-2,False
-,85,74,159,74,85,85,0,5.65625,-5.65625,-5.65625,1,-2,False
-,85,75,160,75,85,85,0,4.828125,-4.828125,-4.828125,1,-1,False
-,85,76,161,76,85,85,0,5.8671875,-5.8671875,-5.8671875,1,-6,False
-,85,77,162,77,85,85,0,5.6796875,-5.6796875,-5.6796875,1,-5,False
-,85,78,163,78,85,85,0,4.71875,-4.71875,-4.71875,1,-5,False
-,85,79,164,79,85,85,0,4.75,-4.75,-4.75,1,-2,False
-,85,80,165,80,85,85,0,4.78125,-4.78125,-4.78125,1,-6,False
-,85,81,166,81,85,85,0,5.83984375,-5.83984375,-5.83984375,1,-5,False
-,85,82,167,82,85,85,1,4.671875,-4.671875,-4.671875,1,"-
168 - 82 =",False
-,85,83,168,83,85,85,0,4.72265625,-4.72265625,-4.72265625,1,-3,False
-,85,84,169,84,85,85,0,5.421875,-5.421875,-5.421875,1,-6,False
-,85,85,170,85,85,85,0,5.31640625,-5.31640625,-5.31640625,1,-6,False
-,85,86,171,86,85,85,0,5.28515625,-5.28515625,-5.28515625,1,-6,False
-,85,87,172,87,85,85,0,5.0390625,-5.0390625,-5.0390625,1,-2,False
-,85,88,173,88,85,85,0,4.9765625,-4.9765625,-4.9765625,1,-5,False
-,85,89,174,89,85,85,0,5.515625,-5.515625,-5.515625,1,-2,False
-,85,90,175,90,85,85,0,4.98828125,-4.98828125,-4.98828125,1,-6,False
-,85,91,176,91,85,85,0,5.04296875,-5.04296875,-5.04296875,1,-2,False
-,85,92,177,92,85,85,0,5.25390625,-5.25390625,-5.25390625,1,-6,False
-,85,93,178,93,85,85,0,5.06640625,-5.06640625,-5.06640625,1,-0,False
-,85,94,179,94,85,85,0,5.6015625,-5.6015625,-5.6015625,1,-0,False
-,85,95,180,95,85,85,0,5.2421875,-5.2421875,-5.2421875,1,-69,False
-,85,96,181,96,85,85,0,5.6015625,-5.6015625,-5.6015625,1,-6,False
-,85,97,182,97,85,85,0,5.08203125,-5.08203125,-5.08203125,1,-0,False
-,85,98,183,98,85,85,0,5.26171875,-5.26171875,-5.26171875,1,-0,False
-,85,99,184,99,85,85,0,4.875,-4.875,-4.875,1,-3,False
-,85,100,185,100,85,85,0,4.51171875,-4.51171875,-4.51171875,1,-6,False
-,86,1,87,1,86,86,0,6.40625,-6.40625,-6.40625,1,-0,False
-,86,2,88,2,86,86,1,6.4453125,-6.4453125,-6.4453125,1,-1,False
-,86,3,89,3,86,86,0,6.66015625,-6.66015625,-6.66015625,1,-2,False
-,86,4,90,4,86,86,0,6.578125,-6.578125,-6.578125,1,-3,False
-,86,5,91,5,86,86,0,6.546875,-6.546875,-6.546875,1,-3,False
-,86,6,92,6,86,86,0,6.53515625,-6.53515625,-6.53515625,1,-6,False
-,86,7,93,7,86,86,2,6.5234375,-6.5234375,-6.5234375,1,-6,False
-,86,8,94,8,86,86,0,6.328125,-6.328125,-6.328125,1,-2,False
-,86,9,95,9,86,86,1,6.62109375,-6.62109375,-6.62109375,1,-1,False
-,86,10,96,10,86,86,0,6.71875,-6.71875,-6.71875,1,-6,False
-,86,11,97,11,86,86,1,6.60546875,-6.60546875,-6.60546875,1,-3,False
-,86,12,98,12,86,86,1,6.30078125,-6.30078125,-6.30078125,1,-2,False
-,86,13,99,13,86,86,0,6.40625,-6.40625,-6.40625,1,-3,False
-,86,14,100,14,86,86,2,6.109375,-6.109375,-6.109375,1,-3,False
-,86,15,101,15,86,86,3,6.19921875,-6.19921875,-6.19921875,1,-5,False
-,86,16,102,16,86,86,0,6.69921875,-6.69921875,-6.69921875,1,-3,False
-,86,17,103,17,86,86,0,6.5859375,-6.5859375,-6.5859375,1,-2,False
-,86,18,104,18,86,86,0,5.58203125,-5.58203125,-5.58203125,1,-6,False
-,86,19,105,19,86,86,1,6.53125,-6.53125,-6.53125,1,-6,False
-,86,20,106,20,86,86,0,6.6640625,-6.6640625,-6.6640625,1,-1,False
-,86,21,107,21,86,86,0,5.8359375,-5.8359375,-5.8359375,1,-1,False
-,86,22,108,22,86,86,0,6.47265625,-6.47265625,-6.47265625,1,-2,False
-,86,23,109,23,86,86,0,6.515625,-6.515625,-6.515625,1,-6,False
-,86,24,110,24,86,86,0,6.41015625,-6.41015625,-6.41015625,1,-1,False
-,86,25,111,25,86,86,0,6.30078125,-6.30078125,-6.30078125,1,-3,False
-,86,26,112,26,86,86,1,6.515625,-6.515625,-6.515625,1,-2,False
-,86,27,113,27,86,86,0,6.4609375,-6.4609375,-6.4609375,1,-6,False
-,86,28,114,28,86,86,0,5.8046875,-5.8046875,-5.8046875,1,-2,False
-,86,29,115,29,86,86,0,5.74609375,-5.74609375,-5.74609375,1,-2,False
-,86,30,116,30,86,86,0,6.1953125,-6.1953125,-6.1953125,1,-73,False
-,86,31,117,31,86,86,0,5.8984375,-5.8984375,-5.8984375,1,-1,False
-,86,32,118,32,86,86,0,6.03125,-6.03125,-6.03125,1,-1,False
-,86,33,119,33,86,86,0,6.359375,-6.359375,-6.359375,1,-1,False
-,86,34,120,34,86,86,0,5.94140625,-5.94140625,-5.94140625,1,-69,False
-,86,35,121,35,86,86,1,6.0078125,-6.0078125,-6.0078125,1,-2,False
-,86,36,122,36,86,86,0,6.66015625,-6.66015625,-6.66015625,1,-2,False
-,86,37,123,37,86,86,0,6.65625,-6.65625,-6.65625,1,-6,False
-,86,38,124,38,86,86,0,6.0390625,-6.0390625,-6.0390625,1,-73,False
-,86,39,125,39,86,86,0,5.8046875,-5.8046875,-5.8046875,1,-0,False
-,86,40,126,40,86,86,2,6.16015625,-6.16015625,-6.16015625,1,-1,False
-,86,41,127,41,86,86,0,5.6953125,-5.6953125,-5.6953125,1,-0,False
-,86,42,128,42,86,86,0,6.0234375,-6.0234375,-6.0234375,1,-3,False
-,86,43,129,43,86,86,0,6.01953125,-6.01953125,-6.01953125,1,-3,False
-,86,44,130,44,86,86,0,5.953125,-5.953125,-5.953125,1,-6,False
-,86,45,131,45,86,86,0,6.0234375,-6.0234375,-6.0234375,1,-6,False
-,86,46,132,46,86,86,0,5.7578125,-5.7578125,-5.7578125,1,-3,False
-,86,47,133,47,86,86,0,6.6015625,-6.6015625,-6.6015625,1,-2,False
-,86,48,134,48,86,86,0,6.22265625,-6.22265625,-6.22265625,1,-5,False
-,86,49,135,49,86,86,0,6.32421875,-6.32421875,-6.32421875,1,-0,False
-,86,50,136,50,86,86,0,6.03125,-6.03125,-6.03125,1,-2,False
-,86,51,137,51,86,86,0,6.03125,-6.03125,-6.03125,1,-1,False
-,86,52,138,52,86,86,0,6.40625,-6.40625,-6.40625,1,-6,False
-,86,53,139,53,86,86,0,6.65234375,-6.65234375,-6.65234375,1,-2,False
-,86,54,140,54,86,86,0,6.6484375,-6.6484375,-6.6484375,1,-1,False
-,86,55,141,55,86,86,0,6.0078125,-6.0078125,-6.0078125,1,-2,False
-,86,56,142,56,86,86,0,6.13671875,-6.13671875,-6.13671875,1,-2,False
-,86,57,143,57,86,86,0,6.09375,-6.09375,-6.09375,1,-3,False
-,86,58,144,58,86,86,0,5.95703125,-5.95703125,-5.95703125,1,-6,False
-,86,59,145,59,86,86,0,6.203125,-6.203125,-6.203125,1,-2,False
-,86,60,146,60,86,86,0,6.59375,-6.59375,-6.59375,1,-6,False
-,86,61,147,61,86,86,0,6.4609375,-6.4609375,-6.4609375,1,-1,False
-,86,62,148,62,86,86,0,6.28125,-6.28125,-6.28125,1,-0,False
-,86,63,149,63,86,86,0,5.87890625,-5.87890625,-5.87890625,1,-6,False
-,86,64,150,64,86,86,0,5.8359375,-5.8359375,-5.8359375,1,-2,False
-,86,65,151,65,86,86,0,5.91796875,-5.91796875,-5.91796875,1,-6,False
-,86,66,152,66,86,86,0,5.96484375,-5.96484375,-5.96484375,1,-0,False
-,86,67,153,67,86,86,0,5.87109375,-5.87109375,-5.87109375,1,-6,False
-,86,68,154,68,86,86,0,6.5234375,-6.5234375,-6.5234375,1,-3,False
-,86,69,155,69,86,86,0,6.65625,-6.65625,-6.65625,1,-2,False
-,86,70,156,70,86,86,0,6.30859375,-6.30859375,-6.30859375,1,-2,False
-,86,71,157,71,86,86,0,6.46484375,-6.46484375,-6.46484375,1,-6,False
-,86,72,158,72,86,86,0,6.390625,-6.390625,-6.390625,1,-6,False
-,86,73,159,73,86,86,1,5.921875,-5.921875,-5.921875,1,-1,False
-,86,74,160,74,86,86,0,5.8828125,-5.8828125,-5.8828125,1,-76,False
-,86,75,161,75,86,86,0,5.8125,-5.8125,-5.8125,1,-1,False
-,86,76,162,76,86,86,0,5.6953125,-5.6953125,-5.6953125,1,-0,False
-,86,77,163,77,86,86,0,6.35546875,-6.35546875,-6.35546875,1,-6,False
-,86,78,164,78,86,86,0,5.8984375,-5.8984375,-5.8984375,1,-6,False
-,86,79,165,79,86,86,0,5.6953125,-5.6953125,-5.6953125,1,-2,False
-,86,80,166,80,86,86,0,5.859375,-5.859375,-5.859375,1,-6,False
-,86,81,167,81,86,86,0,5.83984375,-5.83984375,-5.83984375,1,-6,False
-,86,82,168,82,86,86,1,5.7265625,-5.7265625,-5.7265625,1,-6,False
-,86,83,169,83,86,86,0,5.80859375,-5.80859375,-5.80859375,1,-6,False
-,86,84,170,84,86,86,0,6.23828125,-6.23828125,-6.23828125,1,-6,False
-,86,85,171,85,86,86,0,6.28515625,-6.28515625,-6.28515625,1,-5,False
-,86,86,172,86,86,86,0,5.21484375,-5.21484375,-5.21484375,1,-3,False
-,86,87,173,87,86,86,0,5.8203125,-5.8203125,-5.8203125,1,-6,False
-,86,88,174,88,86,86,0,5.6484375,-5.6484375,-5.6484375,1,-5,False
-,86,89,175,89,86,86,0,5.23046875,-5.23046875,-5.23046875,1,-2,False
-,86,90,176,90,86,86,0,6.046875,-6.046875,-6.046875,1,-2,False
-,86,91,177,91,86,86,0,6.1015625,-6.1015625,-6.1015625,1,-2,False
-,86,92,178,92,86,86,0,6.04296875,-6.04296875,-6.04296875,1,"-
179 - 92 =",False
-,86,93,179,93,86,86,0,5.9921875,-5.9921875,-5.9921875,1,-1,False
-,86,94,180,94,86,86,0,5.421875,-5.421875,-5.421875,1,-0,False
-,86,95,181,95,86,86,0,5.625,-5.625,-5.625,1,-70,False
-,86,96,182,96,86,86,0,5.55859375,-5.55859375,-5.55859375,1,-0,False
-,86,97,183,97,86,86,0,6.05859375,-6.05859375,-6.05859375,1,-0,False
-,86,98,184,98,86,86,0,6.11328125,-6.11328125,-6.11328125,1,-0,False
-,86,99,185,99,86,86,0,5.46875,-5.46875,-5.46875,1,-69,False
-,86,100,186,100,86,86,0,5.9140625,-5.9140625,-5.9140625,1,-6,False
-,87,1,88,1,87,87,0,6.5546875,-6.5546875,-6.5546875,1,-1,False
-,87,2,89,2,87,87,0,6.5859375,-6.5859375,-6.5859375,1,-1,False
-,87,3,90,3,87,87,1,6.41796875,-6.41796875,-6.41796875,1,-0,False
-,87,4,91,4,87,87,2,6.51953125,-6.51953125,-6.51953125,1,-3,False
-,87,5,92,5,87,87,1,6.578125,-6.578125,-6.578125,1,-6,False
-,87,6,93,6,87,87,0,6.46484375,-6.46484375,-6.46484375,1,-1,False
-,87,7,94,7,87,87,0,6.3984375,-6.3984375,-6.3984375,1,-2,False
-,87,8,95,8,87,87,0,6.62890625,-6.62890625,-6.62890625,1,-3,False
-,87,9,96,9,87,87,0,6.5859375,-6.5859375,-6.5859375,1,-1,False
-,87,10,97,10,87,87,0,6.67578125,-6.67578125,-6.67578125,1,-6,False
-,87,11,98,11,87,87,0,6.375,-6.375,-6.375,1,-6,False
-,87,12,99,12,87,87,1,6.3515625,-6.3515625,-6.3515625,1,-2,False
-,87,13,100,13,87,87,0,6.25,-6.25,-6.25,1,-1,False
-,87,14,101,14,87,87,0,5.98046875,-5.98046875,-5.98046875,1,-1,False
-,87,15,102,15,87,87,0,6.5,-6.5,-6.5,1,-6,False
-,87,16,103,16,87,87,0,6.26953125,-6.26953125,-6.26953125,1,-3,False
-,87,17,104,17,87,87,0,6.7734375,-6.7734375,-6.7734375,1,-2,False
-,87,18,105,18,87,87,0,5.73828125,-5.73828125,-5.73828125,1,-6,False
-,87,19,106,19,87,87,0,6.54296875,-6.54296875,-6.54296875,1,-2,False
-,87,20,107,20,87,87,0,5.74609375,-5.74609375,-5.74609375,1,-2,False
-,87,21,108,21,87,87,1,6.71484375,-6.71484375,-6.71484375,1,-2,False
-,87,22,109,22,87,87,0,6.69140625,-6.69140625,-6.69140625,1,-1,False
-,87,23,110,23,87,87,0,6.19921875,-6.19921875,-6.19921875,1,-2,False
-,87,24,111,24,87,87,0,6.31640625,-6.31640625,-6.31640625,1,-3,False
-,87,25,112,25,87,87,0,6.328125,-6.328125,-6.328125,1,-3,False
-,87,26,113,26,87,87,0,6.34375,-6.34375,-6.34375,1,-3,False
-,87,27,114,27,87,87,0,6.67578125,-6.67578125,-6.67578125,1,-6,False
-,87,28,115,28,87,87,0,6.6015625,-6.6015625,-6.6015625,1,-2,False
-,87,29,116,29,87,87,0,5.9609375,-5.9609375,-5.9609375,1,-2,False
-,87,30,117,30,87,87,0,6.03125,-6.03125,-6.03125,1,-2,False
-,87,31,118,31,87,87,0,6.05859375,-6.05859375,-6.05859375,1,-6,False
-,87,32,119,32,87,87,0,5.9375,-5.9375,-5.9375,1,-1,False
-,87,33,120,33,87,87,0,6.734375,-6.734375,-6.734375,1,-1,False
-,87,34,121,34,87,87,0,6.0234375,-6.0234375,-6.0234375,1,-3,False
-,87,35,122,35,87,87,1,6.98046875,-6.98046875,-6.98046875,1,-6,False
-,87,36,123,36,87,87,0,6.67578125,-6.67578125,-6.67578125,1,-6,False
-,87,37,124,37,87,87,0,5.78515625,-5.78515625,-5.78515625,1,-3,False
-,87,38,125,38,87,87,1,5.6640625,-5.6640625,-5.6640625,1,-73,False
-,87,39,126,39,87,87,0,5.92578125,-5.92578125,-5.92578125,1,-1,False
-,87,40,127,40,87,87,0,5.8046875,-5.8046875,-5.8046875,1,-1,False
-,87,41,128,41,87,87,0,5.96875,-5.96875,-5.96875,1,-6,False
-,87,42,129,42,87,87,0,6.26953125,-6.26953125,-6.26953125,1,-1,False
-,87,43,130,43,87,87,1,5.9765625,-5.9765625,-5.9765625,1,-5,False
-,87,44,131,44,87,87,0,5.859375,-5.859375,-5.859375,1,-3,False
-,87,45,132,45,87,87,1,5.984375,-5.984375,-5.984375,1,-1,False
-,87,46,133,46,87,87,0,5.7734375,-5.7734375,-5.7734375,1,-2,False
-,87,47,134,47,87,87,0,6.38671875,-6.38671875,-6.38671875,1,-5,False
-,87,48,135,48,87,87,0,6.4765625,-6.4765625,-6.4765625,1,-6,False
-,87,49,136,49,87,87,0,6.2734375,-6.2734375,-6.2734375,1,-2,False
-,87,50,137,50,87,87,0,6.07421875,-6.07421875,-6.07421875,1,-0,False
-,87,51,138,51,87,87,0,5.875,-5.875,-5.875,1,-2,False
-,87,52,139,52,87,87,0,6.74609375,-6.74609375,-6.74609375,1,-2,False
-,87,53,140,53,87,87,0,6.58984375,-6.58984375,-6.58984375,1,-6,False
-,87,54,141,54,87,87,0,5.84375,-5.84375,-5.84375,1,-6,False
-,87,55,142,55,87,87,1,5.82421875,-5.82421875,-5.82421875,1,-5,False
-,87,56,143,56,87,87,0,6.14453125,-6.14453125,-6.14453125,1,-6,False
-,87,57,144,57,87,87,0,5.9140625,-5.9140625,-5.9140625,1,-2,False
-,87,58,145,58,87,87,0,6.015625,-6.015625,-6.015625,1,-2,False
-,87,59,146,59,87,87,0,6.29296875,-6.29296875,-6.29296875,1,-2,False
-,87,60,147,60,87,87,0,6.4375,-6.4375,-6.4375,1,-5,False
-,87,61,148,61,87,87,0,6.43359375,-6.43359375,-6.43359375,1,-1,False
-,87,62,149,62,87,87,0,6.265625,-6.265625,-6.265625,1,-6,False
-,87,63,150,63,87,87,0,5.921875,-5.921875,-5.921875,1,-2,False
-,87,64,151,64,87,87,0,5.9609375,-5.9609375,-5.9609375,1,-2,False
-,87,65,152,65,87,87,0,6.03125,-6.03125,-6.03125,1,-6,False
-,87,66,153,66,87,87,0,5.91796875,-5.91796875,-5.91796875,1,-1,False
-,87,67,154,67,87,87,0,6.68359375,-6.68359375,-6.68359375,1,-2,False
-,87,68,155,68,87,87,0,5.72265625,-5.72265625,-5.72265625,1,-2,False
-,87,69,156,69,87,87,0,5.87109375,-5.87109375,-5.87109375,1,-2,False
-,87,70,157,70,87,87,0,6.1640625,-6.1640625,-6.1640625,1,-2,False
-,87,71,158,71,87,87,0,6.49609375,-6.49609375,-6.49609375,1,-1,False
-,87,72,159,72,87,87,0,6.25,-6.25,-6.25,1,-6,False
-,87,73,160,73,87,87,0,6.1171875,-6.1171875,-6.1171875,1,-72,False
-,87,74,161,74,87,87,0,5.796875,-5.796875,-5.796875,1,-69,False
-,87,75,162,75,87,87,0,5.765625,-5.765625,-5.765625,1,-2,False
-,87,76,163,76,87,87,0,5.58203125,-5.58203125,-5.58203125,1,-1,False
-,87,77,164,77,87,87,0,6.68359375,-6.68359375,-6.68359375,1,-5,False
-,87,78,165,78,87,87,0,5.7890625,-5.7890625,-5.7890625,1,-6,False
-,87,79,166,79,87,87,0,5.7109375,-5.7109375,-5.7109375,1,-1,False
-,87,80,167,80,87,87,1,5.8828125,-5.8828125,-5.8828125,1,-6,False
-,87,81,168,81,87,87,0,5.73828125,-5.73828125,-5.73828125,1,-6,False
-,87,82,169,82,87,87,0,5.7421875,-5.7421875,-5.7421875,1,-6,False
-,87,83,170,83,87,87,0,5.48046875,-5.48046875,-5.48046875,1,-2,False
-,87,84,171,84,87,87,0,6.01953125,-6.01953125,-6.01953125,1,-6,False
-,87,85,172,85,87,87,0,5.3046875,-5.3046875,-5.3046875,1,-6,False
-,87,86,173,86,87,87,0,6.0546875,-6.0546875,-6.0546875,1,-70,False
-,87,87,174,87,87,87,0,5.14453125,-5.14453125,-5.14453125,1,-6,False
-,87,88,175,88,87,87,0,5.30859375,-5.30859375,-5.30859375,1,-5,False
-,87,89,176,89,87,87,0,6.06640625,-6.06640625,-6.06640625,1,-1,False
-,87,90,177,90,87,87,0,6.0390625,-6.0390625,-6.0390625,1,-6,False
-,87,91,178,91,87,87,0,6.28125,-6.28125,-6.28125,1,-2,False
-,87,92,179,92,87,87,0,6.1328125,-6.1328125,-6.1328125,1,-70,False
-,87,93,180,93,87,87,0,5.78515625,-5.78515625,-5.78515625,1,-3,False
-,87,94,181,94,87,87,0,5.84765625,-5.84765625,-5.84765625,1,-69,False
-,87,95,182,95,87,87,0,5.6796875,-5.6796875,-5.6796875,1,-0,False
-,87,96,183,96,87,87,0,5.37109375,-5.37109375,-5.37109375,1,-69,False
-,87,97,184,97,87,87,0,5.9609375,-5.9609375,-5.9609375,1,-0,False
-,87,98,185,98,87,87,0,5.98828125,-5.98828125,-5.98828125,1,-0,False
-,87,99,186,99,87,87,0,6.015625,-6.015625,-6.015625,1,-2,False
-,87,100,187,100,87,87,0,5.8671875,-5.8671875,-5.8671875,1,-6,False
-,88,1,89,1,88,88,1,6.671875,-6.671875,-6.671875,1,-2,False
-,88,2,90,2,88,88,2,6.44921875,-6.44921875,-6.44921875,1,-0,False
-,88,3,91,3,88,88,1,6.38671875,-6.38671875,-6.38671875,1,-3,False
-,88,4,92,4,88,88,0,6.57421875,-6.57421875,-6.57421875,1,-0,False
-,88,5,93,5,88,88,0,6.5078125,-6.5078125,-6.5078125,1,-6,False
-,88,6,94,6,88,88,1,6.3828125,-6.3828125,-6.3828125,1,-6,False
-,88,7,95,7,88,88,0,6.67578125,-6.67578125,-6.67578125,1,-2,False
-,88,8,96,8,88,88,2,6.55078125,-6.55078125,-6.55078125,1,-3,False
-,88,9,97,9,88,88,0,6.5390625,-6.5390625,-6.5390625,1,-2,False
-,88,10,98,10,88,88,1,6.44140625,-6.44140625,-6.44140625,1,-5,False
-,88,11,99,11,88,88,0,6.3671875,-6.3671875,-6.3671875,1,-6,False
-,88,12,100,12,88,88,4,6.30078125,-6.30078125,-6.30078125,1,-1,False
-,88,13,101,13,88,88,0,6.02734375,-6.02734375,-6.02734375,1,-6,False
-,88,14,102,14,88,88,0,6.30078125,-6.30078125,-6.30078125,1,-1,False
-,88,15,103,15,88,88,0,6.2109375,-6.2109375,-6.2109375,1,-6,False
-,88,16,104,16,88,88,0,6.6875,-6.6875,-6.6875,1,-2,False
-,88,17,105,17,88,88,0,6.58203125,-6.58203125,-6.58203125,1,-2,False
-,88,18,106,18,88,88,0,6.48046875,-6.48046875,-6.48046875,1,-6,False
-,88,19,107,19,88,88,1,6.6171875,-6.6171875,-6.6171875,1,-2,False
-,88,20,108,20,88,88,0,6.66015625,-6.66015625,-6.66015625,1,-2,False
-,88,21,109,21,88,88,0,6.75390625,-6.75390625,-6.75390625,1,-6,False
-,88,22,110,22,88,88,0,5.453125,-5.453125,-5.453125,1,-3,False
-,88,23,111,23,88,88,0,6.3359375,-6.3359375,-6.3359375,1,-1,False
-,88,24,112,24,88,88,0,6.37890625,-6.37890625,-6.37890625,1,-3,False
-,88,25,113,25,88,88,0,7.140625,-7.140625,-7.140625,1,-0,False
-,88,26,114,26,88,88,0,6.30859375,-6.30859375,-6.30859375,1,-6,False
-,88,27,115,27,88,88,1,6.546875,-6.546875,-6.546875,1,-2,False
-,88,28,116,28,88,88,0,5.94140625,-5.94140625,-5.94140625,1,-2,False
-,88,29,117,29,88,88,0,6.80078125,-6.80078125,-6.80078125,1,-2,False
-,88,30,118,30,88,88,1,6.06640625,-6.06640625,-6.06640625,1,-1,False
-,88,31,119,31,88,88,0,5.859375,-5.859375,-5.859375,1,-6,False
-,88,32,120,32,88,88,0,6.18359375,-6.18359375,-6.18359375,1,-1,False
-,88,33,121,33,88,88,0,6.76953125,-6.76953125,-6.76953125,1,-6,False
-,88,34,122,34,88,88,0,5.890625,-5.890625,-5.890625,1,-6,False
-,88,35,123,35,88,88,0,5.96484375,-5.96484375,-5.96484375,1,-1,False
-,88,36,124,36,88,88,0,6.62890625,-6.62890625,-6.62890625,1,-3,False
-,88,37,125,37,88,88,0,6.53125,-6.53125,-6.53125,1,-2,False
-,88,38,126,38,88,88,0,5.99609375,-5.99609375,-5.99609375,1,-2,False
-,88,39,127,39,88,88,1,6.50390625,-6.50390625,-6.50390625,1,-3,False
-,88,40,128,40,88,88,1,6.20703125,-6.20703125,-6.20703125,1,-0,False
-,88,41,129,41,88,88,0,6.203125,-6.203125,-6.203125,1,-2,False
-,88,42,130,42,88,88,1,6.1640625,-6.1640625,-6.1640625,1,-2,False
-,88,43,131,43,88,88,0,5.9609375,-5.9609375,-5.9609375,1,-3,False
-,88,44,132,44,88,88,0,5.796875,-5.796875,-5.796875,1,-6,False
-,88,45,133,45,88,88,0,5.96484375,-5.96484375,-5.96484375,1,-6,False
-,88,46,134,46,88,88,0,6.71484375,-6.71484375,-6.71484375,1,-3,False
-,88,47,135,47,88,88,0,6.49609375,-6.49609375,-6.49609375,1,-6,False
-,88,48,136,48,88,88,1,6.2890625,-6.2890625,-6.2890625,1,-2,False
-,88,49,137,49,88,88,0,6.40625,-6.40625,-6.40625,1,-2,False
-,88,50,138,50,88,88,2,5.95703125,-5.95703125,-5.95703125,1,-6,False
-,88,51,139,51,88,88,0,6.140625,-6.140625,-6.140625,1,-1,False
-,88,52,140,52,88,88,0,6.65234375,-6.65234375,-6.65234375,1,-6,False
-,88,53,141,53,88,88,0,6.765625,-6.765625,-6.765625,1,-2,False
-,88,54,142,54,88,88,0,6.4765625,-6.4765625,-6.4765625,1,-2,False
-,88,55,143,55,88,88,0,5.875,-5.875,-5.875,1,-6,False
-,88,56,144,56,88,88,0,5.9296875,-5.9296875,-5.9296875,1,-6,False
-,88,57,145,57,88,88,0,6.109375,-6.109375,-6.109375,1,-2,False
-,88,58,146,58,88,88,0,6.1015625,-6.1015625,-6.1015625,1,-6,False
-,88,59,147,59,88,88,0,6.24609375,-6.24609375,-6.24609375,1,-6,False
-,88,60,148,60,88,88,0,6.44921875,-6.44921875,-6.44921875,1,-1,False
-,88,61,149,61,88,88,0,6.46875,-6.46875,-6.46875,1,-5,False
-,88,62,150,62,88,88,0,6.25390625,-6.25390625,-6.25390625,1,-6,False
-,88,63,151,63,88,88,0,5.8828125,-5.8828125,-5.8828125,1,-1,False
-,88,64,152,64,88,88,0,6.03125,-6.03125,-6.03125,1,-2,False
-,88,65,153,65,88,88,0,5.9765625,-5.9765625,-5.9765625,1,-6,False
-,88,66,154,66,88,88,0,6.703125,-6.703125,-6.703125,1,-1,False
-,88,67,155,67,88,88,0,5.7421875,-5.7421875,-5.7421875,1,-2,False
-,88,68,156,68,88,88,0,5.9140625,-5.9140625,-5.9140625,1,-2,False
-,88,69,157,69,88,88,0,6.64453125,-6.64453125,-6.64453125,1,-2,False
-,88,70,158,70,88,88,0,6.05859375,-6.05859375,-6.05859375,1,-6,False
-,88,71,159,71,88,88,0,6.4296875,-6.4296875,-6.4296875,1,-0,False
-,88,72,160,72,88,88,0,5.67578125,-5.67578125,-5.67578125,1,-2,False
-,88,73,161,73,88,88,0,6.24609375,-6.24609375,-6.24609375,1,-6,False
-,88,74,162,74,88,88,0,5.79296875,-5.79296875,-5.79296875,1,-2,False
-,88,75,163,75,88,88,0,5.625,-5.625,-5.625,1,-3,False
-,88,76,164,76,88,88,0,5.6328125,-5.6328125,-5.6328125,1,-2,False
-,88,77,165,77,88,88,0,6.5625,-6.5625,-6.5625,1,-6,False
-,88,78,166,78,88,88,0,5.9296875,-5.9296875,-5.9296875,1,-3,False
-,88,79,167,79,88,88,0,5.76953125,-5.76953125,-5.76953125,1,-6,False
-,88,80,168,80,88,88,0,5.890625,-5.890625,-5.890625,1,-70,False
-,88,81,169,81,88,88,0,5.8984375,-5.8984375,-5.8984375,1,-3,False
-,88,82,170,82,88,88,0,5.59765625,-5.59765625,-5.59765625,1,-2,False
-,88,83,171,83,88,88,0,6.3671875,-6.3671875,-6.3671875,1,-2,False
-,88,84,172,84,88,88,0,6.21484375,-6.21484375,-6.21484375,1,-6,False
-,88,85,173,85,88,88,0,6.26171875,-6.26171875,-6.26171875,1,-6,False
-,88,86,174,86,88,88,0,5.5703125,-5.5703125,-5.5703125,1,-6,False
-,88,87,175,87,88,88,0,6.07421875,-6.07421875,-6.07421875,1,-6,False
-,88,88,176,88,88,88,0,5.09765625,-5.09765625,-5.09765625,1,-2,False
-,88,89,177,89,88,88,0,6.078125,-6.078125,-6.078125,1,-2,False
-,88,90,178,90,88,88,0,5.74609375,-5.74609375,-5.74609375,1,-3,False
-,88,91,179,91,88,88,0,6.09375,-6.09375,-6.09375,1,-2,False
-,88,92,180,92,88,88,0,5.6796875,-5.6796875,-5.6796875,1,-69,False
-,88,93,181,93,88,88,0,6.25,-6.25,-6.25,1,-69,False
-,88,94,182,94,88,88,0,5.80859375,-5.80859375,-5.80859375,1,-69,False
-,88,95,183,95,88,88,0,5.609375,-5.609375,-5.609375,1,-2,False
-,88,96,184,96,88,88,0,5.421875,-5.421875,-5.421875,1,-0,False
-,88,97,185,97,88,88,0,5.6796875,-5.6796875,-5.6796875,1,-88,False
-,88,98,186,98,88,88,0,5.265625,-5.265625,-5.265625,1,-0,False
-,88,99,187,99,88,88,0,5.73046875,-5.73046875,-5.73046875,1,-3,False
-,88,100,188,100,88,88,1,5.8359375,-5.8359375,-5.8359375,1,-1,False
-,89,1,90,1,89,89,3,6.4375,-6.4375,-6.4375,1,-1,False
-,89,2,91,2,89,89,0,6.3359375,-6.3359375,-6.3359375,1,-1,False
-,89,3,92,3,89,89,0,6.46484375,-6.46484375,-6.46484375,1,-0,False
-,89,4,93,4,89,89,1,6.50390625,-6.50390625,-6.50390625,1,-0,False
-,89,5,94,5,89,89,0,6.50390625,-6.50390625,-6.50390625,1,-2,False
-,89,6,95,6,89,89,0,6.578125,-6.578125,-6.578125,1,-5,False
-,89,7,96,7,89,89,0,6.69921875,-6.69921875,-6.69921875,1,-2,False
-,89,8,97,8,89,89,1,6.45703125,-6.45703125,-6.45703125,1,-2,False
-,89,9,98,9,89,89,0,6.51953125,-6.51953125,-6.51953125,1,-1,False
-,89,10,99,10,89,89,2,6.22265625,-6.22265625,-6.22265625,1,-1,False
-,89,11,100,11,89,89,3,6.109375,-6.109375,-6.109375,1,-2,False
-,89,12,101,12,89,89,0,6.0,-6.0,-6.0,1,-2,False
-,89,13,102,13,89,89,0,6.6171875,-6.6171875,-6.6171875,1,-2,False
-,89,14,103,14,89,89,0,6.0546875,-6.0546875,-6.0546875,1,-6,False
-,89,15,104,15,89,89,0,6.3359375,-6.3359375,-6.3359375,1,-6,False
-,89,16,105,16,89,89,0,6.52734375,-6.52734375,-6.52734375,1,-5,False
-,89,17,106,17,89,89,0,6.609375,-6.609375,-6.609375,1,-3,False
-,89,18,107,18,89,89,0,6.52734375,-6.52734375,-6.52734375,1,-6,False
-,89,19,108,19,89,89,0,6.5390625,-6.5390625,-6.5390625,1,-2,False
-,89,20,109,20,89,89,0,6.8359375,-6.8359375,-6.8359375,1,-3,False
-,89,21,110,21,89,89,0,5.6953125,-5.6953125,-5.6953125,1,-2,False
-,89,22,111,22,89,89,0,6.5625,-6.5625,-6.5625,1,-1,False
-,89,23,112,23,89,89,0,6.40234375,-6.40234375,-6.40234375,1,-1,False
-,89,24,113,24,89,89,0,6.21875,-6.21875,-6.21875,1,-1,False
-,89,25,114,25,89,89,0,6.23828125,-6.23828125,-6.23828125,1,-1,False
-,89,26,115,26,89,89,0,6.4140625,-6.4140625,-6.4140625,1,-2,False
-,89,27,116,27,89,89,0,6.78515625,-6.78515625,-6.78515625,1,-2,False
-,89,28,117,28,89,89,0,6.71875,-6.71875,-6.71875,1,-3,False
-,89,29,118,29,89,89,0,5.87890625,-5.87890625,-5.87890625,1,-2,False
-,89,30,119,30,89,89,0,5.9296875,-5.9296875,-5.9296875,1,-1,False
-,89,31,120,31,89,89,0,6.16796875,-6.16796875,-6.16796875,1,-6,False
-,89,32,121,32,89,89,0,6.23046875,-6.23046875,-6.23046875,1,-0,False
-,89,33,122,33,89,89,0,6.6953125,-6.6953125,-6.6953125,1,-1,False
-,89,34,123,34,89,89,0,5.6796875,-5.6796875,-5.6796875,1,-1,False
-,89,35,124,35,89,89,1,6.92578125,-6.92578125,-6.92578125,1,-1,False
-,89,36,125,36,89,89,0,6.44140625,-6.44140625,-6.44140625,1,-6,False
-,89,37,126,37,89,89,0,5.8671875,-5.8671875,-5.8671875,1,-3,False
-,89,38,127,38,89,89,0,5.71875,-5.71875,-5.71875,1,-3,False
-,89,39,128,39,89,89,0,5.92578125,-5.92578125,-5.92578125,1,-6,False
-,89,40,129,40,89,89,0,6.453125,-6.453125,-6.453125,1,-6,False
-,89,41,130,41,89,89,0,6.1015625,-6.1015625,-6.1015625,1,-2,False
-,89,42,131,42,89,89,0,6.28515625,-6.28515625,-6.28515625,1,-1,False
-,89,43,132,43,89,89,0,5.8515625,-5.8515625,-5.8515625,1,-6,False
-,89,44,133,44,89,89,0,5.875,-5.875,-5.875,1,-6,False
-,89,45,134,45,89,89,0,5.94921875,-5.94921875,-5.94921875,1,-6,False
-,89,46,135,46,89,89,0,5.68359375,-5.68359375,-5.68359375,1,-2,False
-,89,47,136,47,89,89,0,6.453125,-6.453125,-6.453125,1,-2,False
-,89,48,137,48,89,89,0,6.32421875,-6.32421875,-6.32421875,1,-2,False
-,89,49,138,49,89,89,0,6.17578125,-6.17578125,-6.17578125,1,-6,False
-,89,50,139,50,89,89,0,6.31640625,-6.31640625,-6.31640625,1,-2,False
-,89,51,140,51,89,89,0,5.984375,-5.984375,-5.984375,1,-2,False
-,89,52,141,52,89,89,0,6.82421875,-6.82421875,-6.82421875,1,-2,False
-,89,53,142,53,89,89,0,6.5859375,-6.5859375,-6.5859375,1,-3,False
-,89,54,143,54,89,89,0,6.52734375,-6.52734375,-6.52734375,1,-2,False
-,89,55,144,55,89,89,1,5.7578125,-5.7578125,-5.7578125,1,-2,False
-,89,56,145,56,89,89,0,6.08203125,-6.08203125,-6.08203125,1,-3,False
-,89,57,146,57,89,89,0,6.21484375,-6.21484375,-6.21484375,1,-3,False
-,89,58,147,58,89,89,0,6.125,-6.125,-6.125,1,-6,False
-,89,59,148,59,89,89,0,6.1953125,-6.1953125,-6.1953125,1,-3,False
-,89,60,149,60,89,89,0,6.41015625,-6.41015625,-6.41015625,1,-6,False
-,89,61,150,61,89,89,0,6.4140625,-6.4140625,-6.4140625,1,-6,False
-,89,62,151,62,89,89,0,6.1953125,-6.1953125,-6.1953125,1,-6,False
-,89,63,152,63,89,89,0,5.99609375,-5.99609375,-5.99609375,1,-1,False
-,89,64,153,64,89,89,0,5.92578125,-5.92578125,-5.92578125,1,-2,False
-,89,65,154,65,89,89,0,5.7890625,-5.7890625,-5.7890625,1,-6,False
-,89,66,155,66,89,89,0,5.8046875,-5.8046875,-5.8046875,1,-6,False
-,89,67,156,67,89,89,0,5.9140625,-5.9140625,-5.9140625,1,-2,False
-,89,68,157,68,89,89,0,5.66796875,-5.66796875,-5.66796875,1,-2,False
-,89,69,158,69,89,89,0,6.625,-6.625,-6.625,1,-2,False
-,89,70,159,70,89,89,0,5.95703125,-5.95703125,-5.95703125,1,-2,False
-,89,71,160,71,89,89,0,5.76953125,-5.76953125,-5.76953125,1,-6,False
-,89,72,161,72,89,89,0,5.77734375,-5.77734375,-5.77734375,1,-2,False
-,89,73,162,73,89,89,0,6.1953125,-6.1953125,-6.1953125,1,-2,False
-,89,74,163,74,89,89,0,5.62890625,-5.62890625,-5.62890625,1,-2,False
-,89,75,164,75,89,89,0,5.75,-5.75,-5.75,1,-5,False
-,89,76,165,76,89,89,0,5.5078125,-5.5078125,-5.5078125,1,-5,False
-,89,77,166,77,89,89,0,6.6640625,-6.6640625,-6.6640625,1,-5,False
-,89,78,167,78,89,89,0,5.94921875,-5.94921875,-5.94921875,1,-5,False
-,89,79,168,79,89,89,0,5.72265625,-5.72265625,-5.72265625,1,-2,False
-,89,80,169,80,89,89,0,5.95703125,-5.95703125,-5.95703125,1,-70,False
-,89,81,170,81,89,89,0,5.59375,-5.59375,-5.59375,1,-6,False
-,89,82,171,82,89,89,0,6.4453125,-6.4453125,-6.4453125,1,-6,False
-,89,83,172,83,89,89,0,5.55078125,-5.55078125,-5.55078125,1,-2,False
-,89,84,173,84,89,89,0,6.1015625,-6.1015625,-6.1015625,1,-6,False
-,89,85,174,85,89,89,0,5.625,-5.625,-5.625,1,-6,False
-,89,86,175,86,89,89,0,5.23828125,-5.23828125,-5.23828125,1,-70,False
-,89,87,176,87,89,89,0,5.984375,-5.984375,-5.984375,1,-2,False
-,89,88,177,88,89,89,0,5.1328125,-5.1328125,-5.1328125,1,-3,False
-,89,89,178,89,89,89,0,6.15234375,-6.15234375,-6.15234375,1,-69,False
-,89,90,179,90,89,89,0,5.0078125,-5.0078125,-5.0078125,1,-60,False
-,89,91,180,91,89,89,0,4.9609375,-4.9609375,-4.9609375,1,-70,False
-,89,92,181,92,89,89,0,5.4609375,-5.4609375,-5.4609375,1,-70,False
-,89,93,182,93,89,89,0,6.171875,-6.171875,-6.171875,1,-1,False
-,89,94,183,94,89,89,0,5.75,-5.75,-5.75,1,-0,False
-,89,95,184,95,89,89,0,6.47265625,-6.47265625,-6.47265625,1,-3,False
-,89,96,185,96,89,89,0,6.171875,-6.171875,-6.171875,1,-0,False
-,89,97,186,97,89,89,0,6.11328125,-6.11328125,-6.11328125,1,-3,False
-,89,98,187,98,89,89,0,6.00390625,-6.00390625,-6.00390625,1,-3,False
-,89,99,188,99,89,89,0,5.88671875,-5.88671875,-5.88671875,1,-2,False
-,89,100,189,100,89,89,0,5.45703125,-5.45703125,-5.45703125,1,-3,False
-,90,1,91,1,90,90,1,5.35546875,-5.35546875,-5.35546875,1,-2,False
-,90,2,92,2,90,90,0,5.4375,-5.4375,-5.4375,1,-0,False
-,90,3,93,3,90,90,1,5.28515625,-5.28515625,-5.28515625,1,-3,False
-,90,4,94,4,90,90,1,5.45703125,-5.45703125,-5.45703125,1,-3,False
-,90,5,95,5,90,90,4,5.578125,-5.578125,-5.578125,1,-3,False
-,90,6,96,6,90,90,3,5.5234375,-5.5234375,-5.5234375,1,-5,False
-,90,7,97,7,90,90,1,5.5390625,-5.5390625,-5.5390625,1,-5,False
-,90,8,98,8,90,90,2,5.4921875,-5.4921875,-5.4921875,1,-2,False
-,90,9,99,9,90,90,4,5.5,-5.5,-5.5,1,-2,False
-,90,10,100,10,90,90,39,5.27734375,-5.27734375,-5.27734375,1,-2,False
-,90,11,101,11,90,90,0,5.97265625,-5.97265625,-5.97265625,1,-3,False
-,90,12,102,12,90,90,1,5.703125,-5.703125,-5.703125,1,-2,False
-,90,13,103,13,90,90,0,5.171875,-5.171875,-5.171875,1,-2,False
-,90,14,104,14,90,90,1,5.21484375,-5.21484375,-5.21484375,1,-1,False
-,90,15,105,15,90,90,1,5.3359375,-5.3359375,-5.3359375,1,-6,False
-,90,16,106,16,90,90,0,5.5,-5.5,-5.5,1,-6,False
-,90,17,107,17,90,90,0,5.765625,-5.765625,-5.765625,1,-3,False
-,90,18,108,18,90,90,0,5.3515625,-5.3515625,-5.3515625,1,-6,False
-,90,19,109,19,90,90,0,5.51171875,-5.51171875,-5.51171875,1,-6,False
-,90,20,110,20,90,90,1,5.625,-5.625,-5.625,1,-2,False
-,90,21,111,21,90,90,0,5.7734375,-5.7734375,-5.7734375,1,-6,False
-,90,22,112,22,90,90,0,5.59765625,-5.59765625,-5.59765625,1,-1,False
-,90,23,113,23,90,90,0,5.3984375,-5.3984375,-5.3984375,1,-2,False
-,90,24,114,24,90,90,0,5.33984375,-5.33984375,-5.33984375,1,-6,False
-,90,25,115,25,90,90,0,6.18359375,-6.18359375,-6.18359375,1,-6,False
-,90,26,116,26,90,90,0,5.59375,-5.59375,-5.59375,1,-2,False
-,90,27,117,27,90,90,0,5.6015625,-5.6015625,-5.6015625,1,-6,False
-,90,28,118,28,90,90,0,5.78515625,-5.78515625,-5.78515625,1,-2,False
-,90,29,119,29,90,90,0,5.796875,-5.796875,-5.796875,1,-2,False
-,90,30,120,30,90,90,3,5.2109375,-5.2109375,-5.2109375,1,-6,False
-,90,31,121,31,90,90,0,6.26171875,-6.26171875,-6.26171875,1,-2,False
-,90,32,122,32,90,90,0,6.03125,-6.03125,-6.03125,1,-0,False
-,90,33,123,33,90,90,0,5.5078125,-5.5078125,-5.5078125,1,-2,False
-,90,34,124,34,90,90,0,5.8515625,-5.8515625,-5.8515625,1,-69,False
-,90,35,125,35,90,90,0,5.8359375,-5.8359375,-5.8359375,1,-0,False
-,90,36,126,36,90,90,0,5.59765625,-5.59765625,-5.59765625,1,-6,False
-,90,37,127,37,90,90,1,5.56640625,-5.56640625,-5.56640625,1,-0,False
-,90,38,128,38,90,90,0,5.015625,-5.015625,-5.015625,1,-2,False
-,90,39,129,39,90,90,0,5.109375,-5.109375,-5.109375,1,-6,False
-,90,40,130,40,90,90,0,5.4140625,-5.4140625,-5.4140625,1,-6,False
-,90,41,131,41,90,90,0,6.10546875,-6.10546875,-6.10546875,1,-1,False
-,90,42,132,42,90,90,0,5.91796875,-5.91796875,-5.91796875,1,-2,False
-,90,43,133,43,90,90,0,5.9140625,-5.9140625,-5.9140625,1,-3,False
-,90,44,134,44,90,90,1,5.7421875,-5.7421875,-5.7421875,1,-6,False
-,90,45,135,45,90,90,0,5.94921875,-5.94921875,-5.94921875,1,-0,False
-,90,46,136,46,90,90,0,5.69140625,-5.69140625,-5.69140625,1,-2,False
-,90,47,137,47,90,90,0,5.52734375,-5.52734375,-5.52734375,1,-2,False
-,90,48,138,48,90,90,3,5.34375,-5.34375,-5.34375,1,-5,False
-,90,49,139,49,90,90,0,5.56640625,-5.56640625,-5.56640625,1,-5,False
-,90,50,140,50,90,90,1,6.1015625,-6.1015625,-6.1015625,1,-6,False
-,90,51,141,51,90,90,0,6.1171875,-6.1171875,-6.1171875,1,-1,False
-,90,52,142,52,90,90,0,5.484375,-5.484375,-5.484375,1,-2,False
-,90,53,143,53,90,90,0,5.60546875,-5.60546875,-5.60546875,1,-6,False
-,90,54,144,54,90,90,0,5.45703125,-5.45703125,-5.45703125,1,-3,False
-,90,55,145,55,90,90,0,5.84765625,-5.84765625,-5.84765625,1,-6,False
-,90,56,146,56,90,90,0,6.2421875,-6.2421875,-6.2421875,1,-6,False
-,90,57,147,57,90,90,0,6.09375,-6.09375,-6.09375,1,-2,False
-,90,58,148,58,90,90,0,5.01171875,-5.01171875,-5.01171875,1,-3,False
-,90,59,149,59,90,90,0,6.01171875,-6.01171875,-6.01171875,1,-2,False
-,90,60,150,60,90,90,1,5.33203125,-5.33203125,-5.33203125,1,-6,False
-,90,61,151,61,90,90,0,5.39453125,-5.39453125,-5.39453125,1,-1,False
-,90,62,152,62,90,90,0,5.296875,-5.296875,-5.296875,1,-6,False
-,90,63,153,63,90,90,0,5.96875,-5.96875,-5.96875,1,-2,False
-,90,64,154,64,90,90,0,5.58984375,-5.58984375,-5.58984375,1,-2,False
-,90,65,155,65,90,90,1,5.84765625,-5.84765625,-5.84765625,1,-5,False
-,90,66,156,66,90,90,0,5.95703125,-5.95703125,-5.95703125,1,-6,False
-,90,67,157,67,90,90,1,5.76953125,-5.76953125,-5.76953125,1,-2,False
-,90,68,158,68,90,90,0,5.5859375,-5.5859375,-5.5859375,1,-3,False
-,90,69,159,69,90,90,0,5.4921875,-5.4921875,-5.4921875,1,-2,False
-,90,70,160,70,90,90,0,5.265625,-5.265625,-5.265625,1,-2,False
-,90,71,161,71,90,90,0,5.62109375,-5.62109375,-5.62109375,1,-6,False
-,90,72,162,72,90,90,0,5.64453125,-5.64453125,-5.64453125,1,-6,False
-,90,73,163,73,90,90,0,5.03515625,-5.03515625,-5.03515625,1,-3,False
-,90,74,164,74,90,90,0,5.71484375,-5.71484375,-5.71484375,1,-5,False
-,90,75,165,75,90,90,0,5.6171875,-5.6171875,-5.6171875,1,-2,False
-,90,76,166,76,90,90,0,5.796875,-5.796875,-5.796875,1,-1,False
-,90,77,167,77,90,90,0,5.63671875,-5.63671875,-5.63671875,1,-5,False
-,90,78,168,78,90,90,0,5.82421875,-5.82421875,-5.82421875,1,-6,False
-,90,79,169,79,90,90,0,5.84765625,-5.84765625,-5.84765625,1,-2,False
-,90,80,170,80,90,90,0,5.828125,-5.828125,-5.828125,1,-70,False
-,90,81,171,81,90,90,0,5.41796875,-5.41796875,-5.41796875,1,-6,False
-,90,82,172,82,90,90,0,5.62109375,-5.62109375,-5.62109375,1,-6,False
-,90,83,173,83,90,90,0,5.59765625,-5.59765625,-5.59765625,1,-3,False
-,90,84,174,84,90,90,0,5.48046875,-5.48046875,-5.48046875,1,-6,False
-,90,85,175,85,90,90,0,5.4765625,-5.4765625,-5.4765625,1,-6,False
-,90,86,176,86,90,90,0,5.0859375,-5.0859375,-5.0859375,1,-6,False
-,90,87,177,87,90,90,0,5.0078125,-5.0078125,-5.0078125,1,-2,False
-,90,88,178,88,90,90,0,5.20703125,-5.20703125,-5.20703125,1,-3,False
-,90,89,179,89,90,90,0,5.05859375,-5.05859375,-5.05859375,1,-1,False
-,90,90,180,90,90,90,3,4.578125,-4.578125,-4.578125,1,-70,False
-,90,91,181,91,90,90,0,5.45703125,-5.45703125,-5.45703125,1,-1,False
-,90,92,182,92,90,90,0,5.35546875,-5.35546875,-5.35546875,1,-70,False
-,90,93,183,93,90,90,0,5.078125,-5.078125,-5.078125,1,-2,False
-,90,94,184,94,90,90,0,5.69140625,-5.69140625,-5.69140625,1,-0,False
-,90,95,185,95,90,90,0,5.359375,-5.359375,-5.359375,1,-0,False
-,90,96,186,96,90,90,0,5.4921875,-5.4921875,-5.4921875,1,-69,False
-,90,97,187,97,90,90,0,4.828125,-4.828125,-4.828125,1,-0,False
-,90,98,188,98,90,90,0,5.1640625,-5.1640625,-5.1640625,1,-0,False
-,90,99,189,99,90,90,0,5.2734375,-5.2734375,-5.2734375,1,-0,False
-,90,100,190,100,90,90,1,5.30859375,-5.30859375,-5.30859375,1,-0,False
-,91,1,92,1,91,91,0,6.36328125,-6.36328125,-6.36328125,1,-0,False
-,91,2,93,2,91,91,0,6.359375,-6.359375,-6.359375,1,-0,False
-,91,3,94,3,91,91,0,6.28125,-6.28125,-6.28125,1,-2,False
-,91,4,95,4,91,91,3,6.5625,-6.5625,-6.5625,1,-3,False
-,91,5,96,5,91,91,1,6.5625,-6.5625,-6.5625,1,-3,False
-,91,6,97,6,91,91,0,6.47265625,-6.47265625,-6.47265625,1,-1,False
-,91,7,98,7,91,91,1,6.59765625,-6.59765625,-6.59765625,1,-3,False
-,91,8,99,8,91,91,0,5.3515625,-5.3515625,-5.3515625,1,-6,False
-,91,9,100,9,91,91,3,6.6640625,-6.6640625,-6.6640625,1,-6,False
-,91,10,101,10,91,91,6,6.234375,-6.234375,-6.234375,1,-3,False
-,91,11,102,11,91,91,0,6.6015625,-6.6015625,-6.6015625,1,-6,False
-,91,12,103,12,91,91,0,6.1875,-6.1875,-6.1875,1,-2,False
-,91,13,104,13,91,91,0,6.4921875,-6.4921875,-6.4921875,1,-3,False
-,91,14,105,14,91,91,1,5.171875,-5.171875,-5.171875,1,-1,False
-,91,15,106,15,91,91,0,6.19140625,-6.19140625,-6.19140625,1,-6,False
-,91,16,107,16,91,91,2,5.58984375,-5.58984375,-5.58984375,1,-6,False
-,91,17,108,17,91,91,0,6.58984375,-6.58984375,-6.58984375,1,-6,False
-,91,18,109,18,91,91,0,6.62109375,-6.62109375,-6.62109375,1,-3,False
-,91,19,110,19,91,91,0,6.26171875,-6.26171875,-6.26171875,1,-2,False
-,91,20,111,20,91,91,0,5.71875,-5.71875,-5.71875,1,-5,False
-,91,21,112,21,91,91,0,5.80078125,-5.80078125,-5.80078125,1,-6,False
-,91,22,113,22,91,91,0,6.375,-6.375,-6.375,1,-2,False
-,91,23,114,23,91,91,0,6.38671875,-6.38671875,-6.38671875,1,-2,False
-,91,24,115,24,91,91,0,6.31640625,-6.31640625,-6.31640625,1,-6,False
-,91,25,116,25,91,91,0,6.546875,-6.546875,-6.546875,1,-5,False
-,91,26,117,26,91,91,0,6.4140625,-6.4140625,-6.4140625,1,-6,False
-,91,27,118,27,91,91,0,6.68359375,-6.68359375,-6.68359375,1,-2,False
-,91,28,119,28,91,91,0,6.64453125,-6.64453125,-6.64453125,1,-2,False
-,91,29,120,29,91,91,0,6.00390625,-6.00390625,-6.00390625,1,-2,False
-,91,30,121,30,91,91,0,6.25390625,-6.25390625,-6.25390625,1,-6,False
-,91,31,122,31,91,91,0,6.12109375,-6.12109375,-6.12109375,1,-6,False
-,91,32,123,32,91,91,2,5.98828125,-5.98828125,-5.98828125,1,-2,False
-,91,33,124,33,91,91,0,6.59765625,-6.59765625,-6.59765625,1,-2,False
-,91,34,125,34,91,91,0,5.58984375,-5.58984375,-5.58984375,1,-6,False
-,91,35,126,35,91,91,0,5.875,-5.875,-5.875,1,-7,False
-,91,36,127,36,91,91,0,6.19140625,-6.19140625,-6.19140625,1,-0,False
-,91,37,128,37,91,91,0,5.90234375,-5.90234375,-5.90234375,1,-2,False
-,91,38,129,38,91,91,0,6.1796875,-6.1796875,-6.1796875,1,-74,False
-,91,39,130,39,91,91,0,6.03515625,-6.03515625,-6.03515625,1,-6,False
-,91,40,131,40,91,91,0,6.3203125,-6.3203125,-6.3203125,1,-6,False
-,91,41,132,41,91,91,0,5.95703125,-5.95703125,-5.95703125,1,-5,False
-,91,42,133,42,91,91,0,6.2109375,-6.2109375,-6.2109375,1,-2,False
-,91,43,134,43,91,91,0,5.68359375,-5.68359375,-5.68359375,1,-6,False
-,91,44,135,44,91,91,0,5.80078125,-5.80078125,-5.80078125,1,-0,False
-,91,45,136,45,91,91,0,5.953125,-5.953125,-5.953125,1,-6,False
-,91,46,137,46,91,91,0,5.82421875,-5.82421875,-5.82421875,1,-2,False
-,91,47,138,47,91,91,0,6.38671875,-6.38671875,-6.38671875,1,-5,False
-,91,48,139,48,91,91,0,5.73828125,-5.73828125,-5.73828125,1,-2,False
-,91,49,140,49,91,91,0,6.46484375,-6.46484375,-6.46484375,1,-6,False
-,91,50,141,50,91,91,0,6.2890625,-6.2890625,-6.2890625,1,-0,False
-,91,51,142,51,91,91,0,5.96875,-5.96875,-5.96875,1,-1,False
-,91,52,143,52,91,91,0,5.56640625,-5.56640625,-5.56640625,1,-6,False
-,91,53,144,53,91,91,0,6.4609375,-6.4609375,-6.4609375,1,-2,False
-,91,54,145,54,91,91,0,6.5859375,-6.5859375,-6.5859375,1,-2,False
-,91,55,146,55,91,91,0,5.984375,-5.984375,-5.984375,1,-6,False
-,91,56,147,56,91,91,0,6.19140625,-6.19140625,-6.19140625,1,-1,False
-,91,57,148,57,91,91,0,6.12890625,-6.12890625,-6.12890625,1,-5,False
-,91,58,149,58,91,91,0,5.97265625,-5.97265625,-5.97265625,1,-2,False
-,91,59,150,59,91,91,0,6.078125,-6.078125,-6.078125,1,-3,False
-,91,60,151,60,91,91,0,6.3671875,-6.3671875,-6.3671875,1,-6,False
-,91,61,152,61,91,91,0,6.43359375,-6.43359375,-6.43359375,1,-1,False
-,91,62,153,62,91,91,0,6.26171875,-6.26171875,-6.26171875,1,-6,False
-,91,63,154,63,91,91,0,5.75,-5.75,-5.75,1,-2,False
-,91,64,155,64,91,91,0,5.88671875,-5.88671875,-5.88671875,1,-2,False
-,91,65,156,65,91,91,0,6.15234375,-6.15234375,-6.15234375,1,-6,False
-,91,66,157,66,91,91,0,5.8046875,-5.8046875,-5.8046875,1,-6,False
-,91,67,158,67,91,91,0,5.734375,-5.734375,-5.734375,1,-3,False
-,91,68,159,68,91,91,0,5.44140625,-5.44140625,-5.44140625,1,-2,False
-,91,69,160,69,91,91,0,5.8828125,-5.8828125,-5.8828125,1,-72,False
-,91,70,161,70,91,91,0,6.2890625,-6.2890625,-6.2890625,1,-2,False
-,91,71,162,71,91,91,0,6.59375,-6.59375,-6.59375,1,-0,False
-,91,72,163,72,91,91,0,6.59375,-6.59375,-6.59375,1,-6,False
-,91,73,164,73,91,91,0,6.08984375,-6.08984375,-6.08984375,1,-2,False
-,91,74,165,74,91,91,0,5.59375,-5.59375,-5.59375,1,-6,False
-,91,75,166,75,91,91,0,5.75,-5.75,-5.75,1,-2,False
-,91,76,167,76,91,91,0,5.6953125,-5.6953125,-5.6953125,1,-6,False
-,91,77,168,77,91,91,0,5.6796875,-5.6796875,-5.6796875,1,-6,False
-,91,78,169,78,91,91,0,5.921875,-5.921875,-5.921875,1,-5,False
-,91,79,170,79,91,91,0,5.69921875,-5.69921875,-5.69921875,1,-6,False
-,91,80,171,80,91,91,0,5.68359375,-5.68359375,-5.68359375,1,-69,False
-,91,81,172,81,91,91,0,6.5859375,-6.5859375,-6.5859375,1,-6,False
-,91,82,173,82,91,91,0,5.515625,-5.515625,-5.515625,1,-6,False
-,91,83,174,83,91,91,0,5.703125,-5.703125,-5.703125,1,-2,False
-,91,84,175,84,91,91,0,5.31640625,-5.31640625,-5.31640625,1,-70,False
-,91,85,176,85,91,91,0,6.28515625,-6.28515625,-6.28515625,1,-6,False
-,91,86,177,86,91,91,0,6.28515625,-6.28515625,-6.28515625,1,-2,False
-,91,87,178,87,91,91,0,6.0234375,-6.0234375,-6.0234375,1,-2,False
-,91,88,179,88,91,91,0,5.10546875,-5.10546875,-5.10546875,1,-2,False
-,91,89,180,89,91,91,0,4.9765625,-4.9765625,-4.9765625,1,-60,False
-,91,90,181,90,91,91,0,5.0,-5.0,-5.0,1,-60,False
-,91,91,182,91,91,91,0,5.48828125,-5.48828125,-5.48828125,1,-1,False
-,91,92,183,92,91,91,0,5.3125,-5.3125,-5.3125,1,-70,False
-,91,93,184,93,91,91,0,5.984375,-5.984375,-5.984375,1,-2,False
-,91,94,185,94,91,91,0,5.515625,-5.515625,-5.515625,1,-0,False
-,91,95,186,95,91,91,1,5.69921875,-5.69921875,-5.69921875,1,-2,False
-,91,96,187,96,91,91,0,5.13671875,-5.13671875,-5.13671875,1,-0,False
-,91,97,188,97,91,91,0,5.95703125,-5.95703125,-5.95703125,1,-0,False
-,91,98,189,98,91,91,0,5.84375,-5.84375,-5.84375,1,-2,False
-,91,99,190,99,91,91,0,5.5234375,-5.5234375,-5.5234375,1,-2,False
-,91,100,191,100,91,91,0,5.21875,-5.21875,-5.21875,1,-1,False
-,92,1,93,1,92,92,0,6.30859375,-6.30859375,-6.30859375,1,-0,False
-,92,2,94,2,92,92,0,6.25390625,-6.25390625,-6.25390625,1,-1,False
-,92,3,95,3,92,92,1,6.4765625,-6.4765625,-6.4765625,1,-2,False
-,92,4,96,4,92,92,0,5.59765625,-5.59765625,-5.59765625,1,-0,False
-,92,5,97,5,92,92,1,6.51171875,-6.51171875,-6.51171875,1,-0,False
-,92,6,98,6,92,92,0,5.4453125,-5.4453125,-5.4453125,1,-1,False
-,92,7,99,7,92,92,0,6.53125,-6.53125,-6.53125,1,-2,False
-,92,8,100,8,92,92,5,5.1171875,-5.1171875,-5.1171875,1,-1,False
-,92,9,101,9,92,92,2,5.3828125,-5.3828125,-5.3828125,1,-1,False
-,92,10,102,10,92,92,1,5.55859375,-5.55859375,-5.55859375,1,-6,False
-,92,11,103,11,92,92,0,6.0390625,-6.0390625,-6.0390625,1,-1,False
-,92,12,104,12,92,92,0,5.328125,-5.328125,-5.328125,1,-3,False
-,92,13,105,13,92,92,1,5.1953125,-5.1953125,-5.1953125,1,-6,False
-,92,14,106,14,92,92,0,6.1171875,-6.1171875,-6.1171875,1,-2,False
-,92,15,107,15,92,92,0,6.24609375,-6.24609375,-6.24609375,1,-6,False
-,92,16,108,16,92,92,0,5.5546875,-5.5546875,-5.5546875,1,-6,False
-,92,17,109,17,92,92,1,6.6171875,-6.6171875,-6.6171875,1,-2,False
-,92,18,110,18,92,92,1,5.28125,-5.28125,-5.28125,1,-1,False
-,92,19,111,19,92,92,0,5.53125,-5.53125,-5.53125,1,-6,False
-,92,20,112,20,92,92,1,5.75390625,-5.75390625,-5.75390625,1,-6,False
-,92,21,113,21,92,92,0,5.578125,-5.578125,-5.578125,1,-6,False
-,92,22,114,22,92,92,0,5.52734375,-5.52734375,-5.52734375,1,-2,False
-,92,23,115,23,92,92,0,6.1953125,-6.1953125,-6.1953125,1,-2,False
-,92,24,116,24,92,92,0,5.48046875,-5.48046875,-5.48046875,1,-6,False
-,92,25,117,25,92,92,0,6.1875,-6.1875,-6.1875,1,-2,False
-,92,26,118,26,92,92,0,6.5078125,-6.5078125,-6.5078125,1,-2,False
-,92,27,119,27,92,92,0,5.53125,-5.53125,-5.53125,1,-2,False
-,92,28,120,28,92,92,3,5.90234375,-5.90234375,-5.90234375,1,-2,False
-,92,29,121,29,92,92,0,6.109375,-6.109375,-6.109375,1,-1,False
-,92,30,122,30,92,92,0,6.19140625,-6.19140625,-6.19140625,1,-0,False
-,92,31,123,31,92,92,0,6.00390625,-6.00390625,-6.00390625,1,-1,False
-,92,32,124,32,92,92,0,6.0625,-6.0625,-6.0625,1,-1,False
-,92,33,125,33,92,92,0,5.42578125,-5.42578125,-5.42578125,1,-2,False
-,92,34,126,34,92,92,0,5.87109375,-5.87109375,-5.87109375,1,-1,False
-,92,35,127,35,92,92,0,6.4453125,-6.4453125,-6.4453125,1,-1,False
-,92,36,128,36,92,92,0,5.44140625,-5.44140625,-5.44140625,1,-3,False
-,92,37,129,37,92,92,0,6.0390625,-6.0390625,-6.0390625,1,-2,False
-,92,38,130,38,92,92,0,5.92578125,-5.92578125,-5.92578125,1,-73,False
-,92,39,131,39,92,92,0,6.08984375,-6.08984375,-6.08984375,1,-6,False
-,92,40,132,40,92,92,0,6.09765625,-6.09765625,-6.09765625,1,-2,False
-,92,41,133,41,92,92,0,6.0859375,-6.0859375,-6.0859375,1,-2,False
-,92,42,134,42,92,92,0,5.94140625,-5.94140625,-5.94140625,1,-3,False
-,92,43,135,43,92,92,0,5.7265625,-5.7265625,-5.7265625,1,-2,False
-,92,44,136,44,92,92,0,5.81640625,-5.81640625,-5.81640625,1,-5,False
-,92,45,137,45,92,92,0,6.01953125,-6.01953125,-6.01953125,1,-6,False
-,92,46,138,46,92,92,0,5.76171875,-5.76171875,-5.76171875,1,-2,False
-,92,47,139,47,92,92,0,5.6875,-5.6875,-5.6875,1,-2,False
-,92,48,140,48,92,92,0,5.5859375,-5.5859375,-5.5859375,1,-5,False
-,92,49,141,49,92,92,0,5.67578125,-5.67578125,-5.67578125,1,-2,False
-,92,50,142,50,92,92,0,5.98828125,-5.98828125,-5.98828125,1,-2,False
-,92,51,143,51,92,92,0,6.04296875,-6.04296875,-6.04296875,1,-2,False
-,92,52,144,52,92,92,0,5.3828125,-5.3828125,-5.3828125,1,-2,False
-,92,53,145,53,92,92,0,5.52734375,-5.52734375,-5.52734375,1,-3,False
-,92,54,146,54,92,92,0,5.7890625,-5.7890625,-5.7890625,1,-2,False
-,92,55,147,55,92,92,0,5.75390625,-5.75390625,-5.75390625,1,-2,False
-,92,56,148,56,92,92,0,6.14453125,-6.14453125,-6.14453125,1,-6,False
-,92,57,149,57,92,92,0,6.01953125,-6.01953125,-6.01953125,1,-3,False
-,92,58,150,58,92,92,0,6.0078125,-6.0078125,-6.0078125,1,-5,False
-,92,59,151,59,92,92,0,6.0,-6.0,-6.0,1,-3,False
-,92,60,152,60,92,92,0,5.484375,-5.484375,-5.484375,1,-6,False
-,92,61,153,61,92,92,0,6.41796875,-6.41796875,-6.41796875,1,-1,False
-,92,62,154,62,92,92,0,6.1015625,-6.1015625,-6.1015625,1,-1,False
-,92,63,155,63,92,92,0,5.84375,-5.84375,-5.84375,1,-2,False
-,92,64,156,64,92,92,0,6.0546875,-6.0546875,-6.0546875,1,-2,False
-,92,65,157,65,92,92,0,5.89453125,-5.89453125,-5.89453125,1,-5,False
-,92,66,158,66,92,92,0,5.77734375,-5.77734375,-5.77734375,1,-2,False
-,92,67,159,67,92,92,0,5.625,-5.625,-5.625,1,-2,False
-,92,68,160,68,92,92,0,5.90625,-5.90625,-5.90625,1,-1,False
-,92,69,161,69,92,92,0,5.87109375,-5.87109375,-5.87109375,1,-1,False
-,92,70,162,70,92,92,0,6.171875,-6.171875,-6.171875,1,-6,False
-,92,71,163,71,92,92,0,5.49609375,-5.49609375,-5.49609375,1,-1,False
-,92,72,164,72,92,92,0,5.6484375,-5.6484375,-5.6484375,1,-6,False
-,92,73,165,73,92,92,0,5.94140625,-5.94140625,-5.94140625,1,-2,False
-,92,74,166,74,92,92,0,5.68359375,-5.68359375,-5.68359375,1,-2,False
-,92,75,167,75,92,92,0,5.765625,-5.765625,-5.765625,1,-2,False
-,92,76,168,76,92,92,0,5.7578125,-5.7578125,-5.7578125,1,-2,False
-,92,77,169,77,92,92,0,5.7109375,-5.7109375,-5.7109375,1,-5,False
-,92,78,170,78,92,92,2,5.83203125,-5.83203125,-5.83203125,1,-6,False
-,92,79,171,79,92,92,0,5.5546875,-5.5546875,-5.5546875,1,-2,False
-,92,80,172,80,92,92,0,5.796875,-5.796875,-5.796875,1,-6,False
-,92,81,173,81,92,92,1,5.44140625,-5.44140625,-5.44140625,1,-6,False
-,92,82,174,82,92,92,0,5.82421875,-5.82421875,-5.82421875,1,-6,False
-,92,83,175,83,92,92,0,5.640625,-5.640625,-5.640625,1,-5,False
-,92,84,176,84,92,92,0,5.21484375,-5.21484375,-5.21484375,1,-6,False
-,92,85,177,85,92,92,0,5.3203125,-5.3203125,-5.3203125,1,-6,False
-,92,86,178,86,92,92,0,5.19921875,-5.19921875,-5.19921875,1,-3,False
-,92,87,179,87,92,92,0,5.88671875,-5.88671875,-5.88671875,1,-5,False
-,92,88,180,88,92,92,0,4.7734375,-4.7734375,-4.7734375,1,-6,False
-,92,89,181,89,92,92,0,5.26171875,-5.26171875,-5.26171875,1,-1,False
-,92,90,182,90,92,92,0,5.29296875,-5.29296875,-5.29296875,1,-70,False
-,92,91,183,91,92,92,0,5.27734375,-5.27734375,-5.27734375,1,-2,False
-,92,92,184,92,92,92,0,5.16015625,-5.16015625,-5.16015625,1,-70,False
-,92,93,185,93,92,92,0,5.79296875,-5.79296875,-5.79296875,1,-1,False
-,92,94,186,94,92,92,0,5.8359375,-5.8359375,-5.8359375,1,-0,False
-,92,95,187,95,92,92,0,5.21875,-5.21875,-5.21875,1,-69,False
-,92,96,188,96,92,92,0,5.3125,-5.3125,-5.3125,1,-69,False
-,92,97,189,97,92,92,0,5.515625,-5.515625,-5.515625,1,-0,False
-,92,98,190,98,92,92,0,4.98046875,-4.98046875,-4.98046875,1,-2,False
-,92,99,191,99,92,92,0,5.00390625,-5.00390625,-5.00390625,1,-0,False
-,92,100,192,100,92,92,0,4.68359375,-4.68359375,-4.68359375,1,-69,False
-,93,1,94,1,93,93,0,6.26171875,-6.26171875,-6.26171875,1,-1,False
-,93,2,95,2,93,93,1,6.4375,-6.4375,-6.4375,1,-2,False
-,93,3,96,3,93,93,2,6.5234375,-6.5234375,-6.5234375,1,-1,False
-,93,4,97,4,93,93,1,6.53125,-6.53125,-6.53125,1,-0,False
-,93,5,98,5,93,93,1,6.57421875,-6.57421875,-6.57421875,1,-1,False
-,93,6,99,6,93,93,0,6.375,-6.375,-6.375,1,-1,False
-,93,7,100,7,93,93,2,6.51171875,-6.51171875,-6.51171875,1,-6,False
-,93,8,101,8,93,93,0,6.0859375,-6.0859375,-6.0859375,1,-2,False
-,93,9,102,9,93,93,0,6.671875,-6.671875,-6.671875,1,-1,False
-,93,10,103,10,93,93,0,6.234375,-6.234375,-6.234375,1,-1,False
-,93,11,104,11,93,93,0,6.41015625,-6.41015625,-6.41015625,1,-6,False
-,93,12,105,12,93,93,0,6.26171875,-6.26171875,-6.26171875,1,-6,False
-,93,13,106,13,93,93,0,6.4296875,-6.4296875,-6.4296875,1,-6,False
-,93,14,107,14,93,93,0,6.19921875,-6.19921875,-6.19921875,1,-1,False
-,93,15,108,15,93,93,0,6.2265625,-6.2265625,-6.2265625,1,-6,False
-,93,16,109,16,93,93,0,6.5625,-6.5625,-6.5625,1,-5,False
-,93,17,110,17,93,93,1,6.21875,-6.21875,-6.21875,1,-1,False
-,93,18,111,18,93,93,0,6.4921875,-6.4921875,-6.4921875,1,-6,False
-,93,19,112,19,93,93,0,6.5625,-6.5625,-6.5625,1,-6,False
-,93,20,113,20,93,93,0,6.50390625,-6.50390625,-6.50390625,1,-2,False
-,93,21,114,21,93,93,0,6.7578125,-6.7578125,-6.7578125,1,-1,False
-,93,22,115,22,93,93,0,6.4375,-6.4375,-6.4375,1,-1,False
-,93,23,116,23,93,93,0,6.6171875,-6.6171875,-6.6171875,1,-2,False
-,93,24,117,24,93,93,0,6.25,-6.25,-6.25,1,-1,False
-,93,25,118,25,93,93,0,6.3515625,-6.3515625,-6.3515625,1,-1,False
-,93,26,119,26,93,93,0,6.3671875,-6.3671875,-6.3671875,1,-2,False
-,93,27,120,27,93,93,0,6.796875,-6.796875,-6.796875,1,-2,False
-,93,28,121,28,93,93,0,5.984375,-5.984375,-5.984375,1,-0,False
-,93,29,122,29,93,93,0,5.94921875,-5.94921875,-5.94921875,1,-2,False
-,93,30,123,30,93,93,1,6.19140625,-6.19140625,-6.19140625,1,-2,False
-,93,31,124,31,93,93,0,6.0546875,-6.0546875,-6.0546875,1,-1,False
-,93,32,125,32,93,93,3,5.90625,-5.90625,-5.90625,1,-1,False
-,93,33,126,33,93,93,0,6.62890625,-6.62890625,-6.62890625,1,-2,False
-,93,34,127,34,93,93,0,6.28515625,-6.28515625,-6.28515625,1,-1,False
-,93,35,128,35,93,93,0,5.8671875,-5.8671875,-5.8671875,1,-7,False
-,93,36,129,36,93,93,0,6.8359375,-6.8359375,-6.8359375,1,-3,False
-,93,37,130,37,93,93,0,5.984375,-5.984375,-5.984375,1,-2,False
-,93,38,131,38,93,93,0,6.15625,-6.15625,-6.15625,1,-74,False
-,93,39,132,39,93,93,0,5.921875,-5.921875,-5.921875,1,-6,False
-,93,40,133,40,93,93,0,6.34765625,-6.34765625,-6.34765625,1,-6,False
-,93,41,134,41,93,93,0,6.80078125,-6.80078125,-6.80078125,1,-6,False
-,93,42,135,42,93,93,0,5.921875,-5.921875,-5.921875,1,-2,False
-,93,43,136,43,93,93,0,6.66015625,-6.66015625,-6.66015625,1,-6,False
-,93,44,137,44,93,93,0,5.8671875,-5.8671875,-5.8671875,1,-3,False
-,93,45,138,45,93,93,0,5.86328125,-5.86328125,-5.86328125,1,-0,False
-,93,46,139,46,93,93,0,5.90234375,-5.90234375,-5.90234375,1,-2,False
-,93,47,140,47,93,93,0,6.58984375,-6.58984375,-6.58984375,1,-5,False
-,93,48,141,48,93,93,0,6.6015625,-6.6015625,-6.6015625,1,-2,False
-,93,49,142,49,93,93,0,6.23828125,-6.23828125,-6.23828125,1,-3,False
-,93,50,143,50,93,93,0,6.10546875,-6.10546875,-6.10546875,1,-5,False
-,93,51,144,51,93,93,0,5.8671875,-5.8671875,-5.8671875,1,-6,False
-,93,52,145,52,93,93,0,6.44140625,-6.44140625,-6.44140625,1,-3,False
-,93,53,146,53,93,93,0,6.71484375,-6.71484375,-6.71484375,1,-6,False
-,93,54,147,54,93,93,0,6.55859375,-6.55859375,-6.55859375,1,-3,False
-,93,55,148,55,93,93,0,5.8984375,-5.8984375,-5.8984375,1,-6,False
-,93,56,149,56,93,93,0,6.09765625,-6.09765625,-6.09765625,1,-2,False
-,93,57,150,57,93,93,0,6.015625,-6.015625,-6.015625,1,-3,False
-,93,58,151,58,93,93,0,5.91015625,-5.91015625,-5.91015625,1,-2,False
-,93,59,152,59,93,93,0,6.1953125,-6.1953125,-6.1953125,1,-6,False
-,93,60,153,60,93,93,0,6.4296875,-6.4296875,-6.4296875,1,-2,False
-,93,61,154,61,93,93,0,6.3671875,-6.3671875,-6.3671875,1,-1,False
-,93,62,155,62,93,93,0,6.20703125,-6.20703125,-6.20703125,1,-6,False
-,93,63,156,63,93,93,0,6.00390625,-6.00390625,-6.00390625,1,-6,False
-,93,64,157,64,93,93,0,5.99609375,-5.99609375,-5.99609375,1,-2,False
-,93,65,158,65,93,93,0,5.921875,-5.921875,-5.921875,1,-6,False
-,93,66,159,66,93,93,0,6.6796875,-6.6796875,-6.6796875,1,-0,False
-,93,67,160,67,93,93,0,5.90234375,-5.90234375,-5.90234375,1,-6,False
-,93,68,161,68,93,93,0,5.890625,-5.890625,-5.890625,1,-0,False
-,93,69,162,69,93,93,0,6.75,-6.75,-6.75,1,-2,False
-,93,70,163,70,93,93,0,6.1171875,-6.1171875,-6.1171875,1,-6,False
-,93,71,164,71,93,93,0,6.51171875,-6.51171875,-6.51171875,1,-0,False
-,93,72,165,72,93,93,0,6.53125,-6.53125,-6.53125,1,-6,False
-,93,73,166,73,93,93,0,6.17578125,-6.17578125,-6.17578125,1,-1,False
-,93,74,167,74,93,93,0,5.74609375,-5.74609375,-5.74609375,1,-2,False
-,93,75,168,75,93,93,1,5.734375,-5.734375,-5.734375,1,-3,False
-,93,76,169,76,93,93,0,6.6953125,-6.6953125,-6.6953125,1,-1,False
-,93,77,170,77,93,93,0,6.5703125,-6.5703125,-6.5703125,1,-5,False
-,93,78,171,78,93,93,0,6.51953125,-6.51953125,-6.51953125,1,-6,False
-,93,79,172,79,93,93,0,6.66015625,-6.66015625,-6.66015625,1,-5,False
-,93,80,173,80,93,93,0,5.75,-5.75,-5.75,1,-6,False
-,93,81,174,81,93,93,0,5.9375,-5.9375,-5.9375,1,-6,False
-,93,82,175,82,93,93,0,5.74609375,-5.74609375,-5.74609375,1,-6,False
-,93,83,176,83,93,93,0,6.46875,-6.46875,-6.46875,1,-2,False
-,93,84,177,84,93,93,0,6.21484375,-6.21484375,-6.21484375,1,-6,False
-,93,85,178,85,93,93,0,6.2734375,-6.2734375,-6.2734375,1,-6,False
-,93,86,179,86,93,93,0,6.05078125,-6.05078125,-6.05078125,1,-6,False
-,93,87,180,87,93,93,0,5.70703125,-5.70703125,-5.70703125,1,-70,False
-,93,88,181,88,93,93,0,5.36328125,-5.36328125,-5.36328125,1,-2,False
-,93,89,182,89,93,93,0,6.44140625,-6.44140625,-6.44140625,1,-1,False
-,93,90,183,90,93,93,0,5.921875,-5.921875,-5.921875,1,-6,False
-,93,91,184,91,93,93,0,6.0546875,-6.0546875,-6.0546875,1,-6,False
-,93,92,185,92,93,93,0,5.921875,-5.921875,-5.921875,1,-70,False
-,93,93,186,93,93,93,0,6.13671875,-6.13671875,-6.13671875,1,-1,False
-,93,94,187,94,93,93,0,5.42578125,-5.42578125,-5.42578125,1,-0,False
-,93,95,188,95,93,93,0,5.4453125,-5.4453125,-5.4453125,1,-2,False
-,93,96,189,96,93,93,0,5.9296875,-5.9296875,-5.9296875,1,-0,False
-,93,97,190,97,93,93,0,5.69921875,-5.69921875,-5.69921875,1,-0,False
-,93,98,191,98,93,93,0,6.47265625,-6.47265625,-6.47265625,1,-0,False
-,93,99,192,99,93,93,0,5.671875,-5.671875,-5.671875,1,-3,False
-,93,100,193,100,93,93,0,5.796875,-5.796875,-5.796875,1,-1,False
-,94,1,95,1,94,94,2,6.48046875,-6.48046875,-6.48046875,1,-0,False
-,94,2,96,2,94,94,0,6.48828125,-6.48828125,-6.48828125,1,-2,False
-,94,3,97,3,94,94,2,6.3984375,-6.3984375,-6.3984375,1,-3,False
-,94,4,98,4,94,94,0,6.62109375,-6.62109375,-6.62109375,1,-3,False
-,94,5,99,5,94,94,0,6.484375,-6.484375,-6.484375,1,-3,False
-,94,6,100,6,94,94,3,6.51953125,-6.51953125,-6.51953125,1,-3,False
-,94,7,101,7,94,94,0,7.23828125,-7.23828125,-7.23828125,1,-6,False
-,94,8,102,8,94,94,1,6.5,-6.5,-6.5,1,-2,False
-,94,9,103,9,94,94,0,6.49609375,-6.49609375,-6.49609375,1,-3,False
-,94,10,104,10,94,94,0,6.51953125,-6.51953125,-6.51953125,1,-6,False
-,94,11,105,11,94,94,0,6.1015625,-6.1015625,-6.1015625,1,-1,False
-,94,12,106,12,94,94,0,6.24609375,-6.24609375,-6.24609375,1,-6,False
-,94,13,107,13,94,94,0,6.2890625,-6.2890625,-6.2890625,1,-6,False
-,94,14,108,14,94,94,0,6.15234375,-6.15234375,-6.15234375,1,-2,False
-,94,15,109,15,94,94,0,6.21875,-6.21875,-6.21875,1,-6,False
-,94,16,110,16,94,94,0,6.23046875,-6.23046875,-6.23046875,1,-1,False
-,94,17,111,17,94,94,0,6.63671875,-6.63671875,-6.63671875,1,-5,False
-,94,18,112,18,94,94,0,6.48046875,-6.48046875,-6.48046875,1,-3,False
-,94,19,113,19,94,94,0,6.32421875,-6.32421875,-6.32421875,1,-2,False
-,94,20,114,20,94,94,0,6.66015625,-6.66015625,-6.66015625,1,-2,False
-,94,21,115,21,94,94,0,6.62890625,-6.62890625,-6.62890625,1,-6,False
-,94,22,116,22,94,94,0,6.82421875,-6.82421875,-6.82421875,1,-2,False
-,94,23,117,23,94,94,0,6.17578125,-6.17578125,-6.17578125,1,-2,False
-,94,24,118,24,94,94,0,6.43359375,-6.43359375,-6.43359375,1,-6,False
-,94,25,119,25,94,94,0,7.1015625,-7.1015625,-7.1015625,1,-5,False
-,94,26,120,26,94,94,0,6.64453125,-6.64453125,-6.64453125,1,-2,False
-,94,27,121,27,94,94,1,6.81640625,-6.81640625,-6.81640625,1,-2,False
-,94,28,122,28,94,94,0,6.87890625,-6.87890625,-6.87890625,1,-2,False
-,94,29,123,29,94,94,0,6.91015625,-6.91015625,-6.91015625,1,-2,False
-,94,30,124,30,94,94,0,6.13671875,-6.13671875,-6.13671875,1,-1,False
-,94,31,125,31,94,94,0,6.89453125,-6.89453125,-6.89453125,1,-6,False
-,94,32,126,32,94,94,2,7.04296875,-7.04296875,-7.04296875,1,-1,False
-,94,33,127,33,94,94,1,6.2890625,-6.2890625,-6.2890625,1,-3,False
-,94,34,128,34,94,94,1,6.875,-6.875,-6.875,1,-3,False
-,94,35,129,35,94,94,0,7.15234375,-7.15234375,-7.15234375,1,-6,False
-,94,36,130,36,94,94,0,6.75390625,-6.75390625,-6.75390625,1,-3,False
-,94,37,131,37,94,94,0,7.0,-7.0,-7.0,1,-1,False
-,94,38,132,38,94,94,0,6.00390625,-6.00390625,-6.00390625,1,-2,False
-,94,39,133,39,94,94,0,6.0625,-6.0625,-6.0625,1,-6,False
-,94,40,134,40,94,94,0,7.05859375,-7.05859375,-7.05859375,1,-2,False
-,94,41,135,41,94,94,0,6.80859375,-6.80859375,-6.80859375,1,-0,False
-,94,42,136,42,94,94,0,6.94140625,-6.94140625,-6.94140625,1,-2,False
-,94,43,137,43,94,94,0,6.84375,-6.84375,-6.84375,1,-3,False
-,94,44,138,44,94,94,0,6.76171875,-6.76171875,-6.76171875,1,-6,False
-,94,45,139,45,94,94,0,6.078125,-6.078125,-6.078125,1,-6,False
-,94,46,140,46,94,94,1,6.828125,-6.828125,-6.828125,1,-2,False
-,94,47,141,47,94,94,0,6.74609375,-6.74609375,-6.74609375,1,-2,False
-,94,48,142,48,94,94,1,6.390625,-6.390625,-6.390625,1,-2,False
-,94,49,143,49,94,94,0,6.48828125,-6.48828125,-6.48828125,1,-6,False
-,94,50,144,50,94,94,0,6.859375,-6.859375,-6.859375,1,-0,False
-,94,51,145,51,94,94,0,6.98046875,-6.98046875,-6.98046875,1,-1,False
-,94,52,146,52,94,94,0,6.78125,-6.78125,-6.78125,1,-5,False
-,94,53,147,53,94,94,0,6.6796875,-6.6796875,-6.6796875,1,-1,False
-,94,54,148,54,94,94,0,6.5390625,-6.5390625,-6.5390625,1,-2,False
-,94,55,149,55,94,94,0,6.83984375,-6.83984375,-6.83984375,1,-5,False
-,94,56,150,56,94,94,1,7.078125,-7.078125,-7.078125,1,-1,False
-,94,57,151,57,94,94,0,6.94140625,-6.94140625,-6.94140625,1,-2,False
-,94,58,152,58,94,94,1,7.0546875,-7.0546875,-7.0546875,1,-5,False
-,94,59,153,59,94,94,0,6.125,-6.125,-6.125,1,-3,False
-,94,60,154,60,94,94,0,6.296875,-6.296875,-6.296875,1,-6,False
-,94,61,155,61,94,94,0,7.36328125,-7.36328125,-7.36328125,1,-1,False
-,94,62,156,62,94,94,0,6.34375,-6.34375,-6.34375,1,-6,False
-,94,63,157,63,94,94,0,6.83203125,-6.83203125,-6.83203125,1,-6,False
-,94,64,158,64,94,94,0,6.640625,-6.640625,-6.640625,1,-3,False
-,94,65,159,65,94,94,0,6.796875,-6.796875,-6.796875,1,-6,False
-,94,66,160,66,94,94,1,6.9296875,-6.9296875,-6.9296875,1,-0,False
-,94,67,161,67,94,94,0,6.87109375,-6.87109375,-6.87109375,1,-0,False
-,94,68,162,68,94,94,0,6.86328125,-6.86328125,-6.86328125,1,-2,False
-,94,69,163,69,94,94,0,6.609375,-6.609375,-6.609375,1,-3,False
-,94,70,164,70,94,94,0,7.171875,-7.171875,-7.171875,1,-6,False
-,94,71,165,71,94,94,0,6.453125,-6.453125,-6.453125,1,-1,False
-,94,72,166,72,94,94,0,6.625,-6.625,-6.625,1,-6,False
-,94,73,167,73,94,94,0,6.17578125,-6.17578125,-6.17578125,1,-2,False
-,94,74,168,74,94,94,0,6.70703125,-6.70703125,-6.70703125,1,-3,False
-,94,75,169,75,94,94,0,6.8515625,-6.8515625,-6.8515625,1,-2,False
-,94,76,170,76,94,94,0,6.5234375,-6.5234375,-6.5234375,1,-6,False
-,94,77,171,77,94,94,0,6.32421875,-6.32421875,-6.32421875,1,-6,False
-,94,78,172,78,94,94,0,6.71875,-6.71875,-6.71875,1,-5,False
-,94,79,173,79,94,94,0,6.53125,-6.53125,-6.53125,1,-2,False
-,94,80,174,80,94,94,0,5.97265625,-5.97265625,-5.97265625,1,-6,False
-,94,81,175,81,94,94,0,6.71875,-6.71875,-6.71875,1,-6,False
-,94,82,176,82,94,94,0,6.4765625,-6.4765625,-6.4765625,1,-69,False
-,94,83,177,83,94,94,0,6.67578125,-6.67578125,-6.67578125,1,-2,False
-,94,84,178,84,94,94,0,6.24609375,-6.24609375,-6.24609375,1,-6,False
-,94,85,179,85,94,94,0,6.21484375,-6.21484375,-6.21484375,1,-6,False
-,94,86,180,86,94,94,0,6.0,-6.0,-6.0,1,-70,False
-,94,87,181,87,94,94,0,6.1328125,-6.1328125,-6.1328125,1,-2,False
-,94,88,182,88,94,94,0,6.2734375,-6.2734375,-6.2734375,1,-2,False
-,94,89,183,89,94,94,0,6.12890625,-6.12890625,-6.12890625,1,-2,False
-,94,90,184,90,94,94,0,6.04296875,-6.04296875,-6.04296875,1,-70,False
-,94,91,185,91,94,94,0,5.9453125,-5.9453125,-5.9453125,1,-1,False
-,94,92,186,92,94,94,0,6.3203125,-6.3203125,-6.3203125,1,-70,False
-,94,93,187,93,94,94,0,5.8125,-5.8125,-5.8125,1,-2,False
-,94,94,188,94,94,94,0,6.640625,-6.640625,-6.640625,1,-69,False
-,94,95,189,95,94,94,0,6.09765625,-6.09765625,-6.09765625,1,-2,False
-,94,96,190,96,94,94,0,6.203125,-6.203125,-6.203125,1,-0,False
-,94,97,191,97,94,94,0,6.16015625,-6.16015625,-6.16015625,1,-0,False
-,94,98,192,98,94,94,0,6.14453125,-6.14453125,-6.14453125,1,-0,False
-,94,99,193,99,94,94,0,5.82421875,-5.82421875,-5.82421875,1,-2,False
-,94,100,194,100,94,94,1,5.71484375,-5.71484375,-5.71484375,1,-1,False
-,95,1,96,1,95,95,3,6.54296875,-6.54296875,-6.54296875,1,-2,False
-,95,2,97,2,95,95,0,6.3359375,-6.3359375,-6.3359375,1,-0,False
-,95,3,98,3,95,95,2,6.30859375,-6.30859375,-6.30859375,1,-1,False
-,95,4,99,4,95,95,1,6.5546875,-6.5546875,-6.5546875,1,-0,False
-,95,5,100,5,95,95,7,6.54296875,-6.54296875,-6.54296875,1,-1,False
-,95,6,101,6,95,95,0,7.25,-7.25,-7.25,1,-1,False
-,95,7,102,7,95,95,0,6.7109375,-6.7109375,-6.7109375,1,-3,False
-,95,8,103,8,95,95,0,6.25390625,-6.25390625,-6.25390625,1,-2,False
-,95,9,104,9,95,95,0,6.5546875,-6.5546875,-6.5546875,1,-2,False
-,95,10,105,10,95,95,0,6.328125,-6.328125,-6.328125,1,-1,False
-,95,11,106,11,95,95,0,7.32421875,-7.32421875,-7.32421875,1,-6,False
-,95,12,107,12,95,95,0,6.28515625,-6.28515625,-6.28515625,1,-6,False
-,95,13,108,13,95,95,0,6.4375,-6.4375,-6.4375,1,-6,False
-,95,14,109,14,95,95,0,6.125,-6.125,-6.125,1,-6,False
-,95,15,110,15,95,95,1,7.015625,-7.015625,-7.015625,1,-1,False
-,95,16,111,16,95,95,0,7.390625,-7.390625,-7.390625,1,-5,False
-,95,17,112,17,95,95,0,6.75,-6.75,-6.75,1,-5,False
-,95,18,113,18,95,95,0,6.26171875,-6.26171875,-6.26171875,1,-6,False
-,95,19,114,19,95,95,0,6.51953125,-6.51953125,-6.51953125,1,-1,False
-,95,20,115,20,95,95,0,6.59375,-6.59375,-6.59375,1,-1,False
-,95,21,116,21,95,95,0,6.8359375,-6.8359375,-6.8359375,1,-6,False
-,95,22,117,22,95,95,0,6.5,-6.5,-6.5,1,-2,False
-,95,23,118,23,95,95,0,6.5703125,-6.5703125,-6.5703125,1,-2,False
-,95,24,119,24,95,95,0,7.1796875,-7.1796875,-7.1796875,1,-6,False
-,95,25,120,25,95,95,11,6.52734375,-6.52734375,-6.52734375,1,-0,False
-,95,26,121,26,95,95,0,6.72265625,-6.72265625,-6.72265625,1,-2,False
-,95,27,122,27,95,95,0,6.7421875,-6.7421875,-6.7421875,1,-2,False
-,95,28,123,28,95,95,0,6.8671875,-6.8671875,-6.8671875,1,-2,False
-,95,29,124,29,95,95,0,6.8828125,-6.8828125,-6.8828125,1,-2,False
-,95,30,125,30,95,95,0,6.875,-6.875,-6.875,1,-0,False
-,95,31,126,31,95,95,0,7.0546875,-7.0546875,-7.0546875,1,-6,False
-,95,32,127,32,95,95,1,6.5859375,-6.5859375,-6.5859375,1,-6,False
-,95,33,128,33,95,95,0,6.68359375,-6.68359375,-6.68359375,1,-1,False
-,95,34,129,34,95,95,0,7.0078125,-7.0078125,-7.0078125,1,-6,False
-,95,35,130,35,95,95,0,7.1171875,-7.1171875,-7.1171875,1,-7,False
-,95,36,131,36,95,95,0,6.5625,-6.5625,-6.5625,1,-2,False
-,95,37,132,37,95,95,0,6.859375,-6.859375,-6.859375,1,-3,False
-,95,38,133,38,95,95,0,6.12109375,-6.12109375,-6.12109375,1,-74,False
-,95,39,134,39,95,95,0,6.84375,-6.84375,-6.84375,1,-0,False
-,95,40,135,40,95,95,1,7.0859375,-7.0859375,-7.0859375,1,-2,False
-,95,41,136,41,95,95,0,6.87890625,-6.87890625,-6.87890625,1,-5,False
-,95,42,137,42,95,95,0,7.109375,-7.109375,-7.109375,1,-2,False
-,95,43,138,43,95,95,0,6.70703125,-6.70703125,-6.70703125,1,-6,False
-,95,44,139,44,95,95,0,6.94921875,-6.94921875,-6.94921875,1,-3,False
-,95,45,140,45,95,95,0,6.99609375,-6.99609375,-6.99609375,1,-6,False
-,95,46,141,46,95,95,0,6.953125,-6.953125,-6.953125,1,-1,False
-,95,47,142,47,95,95,1,6.39453125,-6.39453125,-6.39453125,1,-2,False
-,95,48,143,48,95,95,0,6.4765625,-6.4765625,-6.4765625,1,-3,False
-,95,49,144,49,95,95,0,7.125,-7.125,-7.125,1,-0,False
-,95,50,145,50,95,95,0,7.0859375,-7.0859375,-7.0859375,1,-2,False
-,95,51,146,51,95,95,0,7.171875,-7.171875,-7.171875,1,-2,False
-,95,52,147,52,95,95,0,6.578125,-6.578125,-6.578125,1,-1,False
-,95,53,148,53,95,95,0,6.55078125,-6.55078125,-6.55078125,1,-6,False
-,95,54,149,54,95,95,1,6.4609375,-6.4609375,-6.4609375,1,-2,False
-,95,55,150,55,95,95,0,6.7421875,-6.7421875,-6.7421875,1,-6,False
-,95,56,151,56,95,95,0,7.0546875,-7.0546875,-7.0546875,1,-3,False
-,95,57,152,57,95,95,0,7.06640625,-7.06640625,-7.06640625,1,-6,False
-,95,58,153,58,95,95,0,7.0234375,-7.0234375,-7.0234375,1,-5,False
-,95,59,154,59,95,95,0,6.91015625,-6.91015625,-6.91015625,1,-3,False
-,95,60,155,60,95,95,0,7.37890625,-7.37890625,-7.37890625,1,-6,False
-,95,61,156,61,95,95,0,6.515625,-6.515625,-6.515625,1,-1,False
-,95,62,157,62,95,95,0,7.1640625,-7.1640625,-7.1640625,1,-6,False
-,95,63,158,63,95,95,0,6.88671875,-6.88671875,-6.88671875,1,-2,False
-,95,64,159,64,95,95,0,6.80859375,-6.80859375,-6.80859375,1,-2,False
-,95,65,160,65,95,95,0,6.984375,-6.984375,-6.984375,1,-6,False
-,95,66,161,66,95,95,0,6.9609375,-6.9609375,-6.9609375,1,-6,False
-,95,67,162,67,95,95,0,6.84375,-6.84375,-6.84375,1,-2,False
-,95,68,163,68,95,95,0,6.7421875,-6.7421875,-6.7421875,1,-3,False
-,95,69,164,69,95,95,0,6.73828125,-6.73828125,-6.73828125,1,-3,False
-,95,70,165,70,95,95,0,7.04296875,-7.04296875,-7.04296875,1,-6,False
-,95,71,166,71,95,95,0,6.56640625,-6.56640625,-6.56640625,1,-6,False
-,95,72,167,72,95,95,0,6.6484375,-6.6484375,-6.6484375,1,-6,False
-,95,73,168,73,95,95,0,7.125,-7.125,-7.125,1,-2,False
-,95,74,169,74,95,95,0,6.859375,-6.859375,-6.859375,1,-2,False
-,95,75,170,75,95,95,0,6.61328125,-6.61328125,-6.61328125,1,-2,False
-,95,76,171,76,95,95,0,6.3515625,-6.3515625,-6.3515625,1,-2,False
-,95,77,172,77,95,95,0,6.578125,-6.578125,-6.578125,1,-5,False
-,95,78,173,78,95,95,0,6.7265625,-6.7265625,-6.7265625,1,-5,False
-,95,79,174,79,95,95,0,6.875,-6.875,-6.875,1,-2,False
-,95,80,175,80,95,95,1,6.83203125,-6.83203125,-6.83203125,1,-70,False
-,95,81,176,81,95,95,0,6.484375,-6.484375,-6.484375,1,-6,False
-,95,82,177,82,95,95,0,6.6015625,-6.6015625,-6.6015625,1,-5,False
-,95,83,178,83,95,95,0,6.57421875,-6.57421875,-6.57421875,1,-2,False
-,95,84,179,84,95,95,0,7.12890625,-7.12890625,-7.12890625,1,-5,False
-,95,85,180,85,95,95,0,6.13671875,-6.13671875,-6.13671875,1,-70,False
-,95,86,181,86,95,95,0,6.484375,-6.484375,-6.484375,1,-2,False
-,95,87,182,87,95,95,0,6.0625,-6.0625,-6.0625,1,-2,False
-,95,88,183,88,95,95,0,6.22265625,-6.22265625,-6.22265625,1,-5,False
-,95,89,184,89,95,95,0,6.10546875,-6.10546875,-6.10546875,1,-2,False
-,95,90,185,90,95,95,0,5.625,-5.625,-5.625,1,-2,False
-,95,91,186,91,95,95,0,6.33984375,-6.33984375,-6.33984375,1,-1,False
-,95,92,187,92,95,95,0,5.91015625,-5.91015625,-5.91015625,1,-69,False
-,95,93,188,93,95,95,0,5.9609375,-5.9609375,-5.9609375,1,-2,False
-,95,94,189,94,95,95,0,6.171875,-6.171875,-6.171875,1,-0,False
-,95,95,190,95,95,95,0,6.36328125,-6.36328125,-6.36328125,1,-0,False
-,95,96,191,96,95,95,0,6.52734375,-6.52734375,-6.52734375,1,-0,False
-,95,97,192,97,95,95,0,5.8046875,-5.8046875,-5.8046875,1,-3,False
-,95,98,193,98,95,95,0,6.1015625,-6.1015625,-6.1015625,1,-1,False
-,95,99,194,99,95,95,0,5.79296875,-5.79296875,-5.79296875,1,-69,False
-,95,100,195,100,95,95,0,6.44921875,-6.44921875,-6.44921875,1,-6,False
-,96,1,97,1,96,96,1,7.40625,-7.40625,-7.40625,1,-0,False
-,96,2,98,2,96,96,2,7.265625,-7.265625,-7.265625,1,-0,False
-,96,3,99,3,96,96,1,7.3515625,-7.3515625,-7.3515625,1,-0,False
-,96,4,100,4,96,96,14,6.5078125,-6.5078125,-6.5078125,1,-1,False
-,96,5,101,5,96,96,0,7.390625,-7.390625,-7.390625,1,-5,False
-,96,6,102,6,96,96,0,7.6015625,-7.6015625,-7.6015625,1,-6,False
-,96,7,103,7,96,96,1,7.50390625,-7.50390625,-7.50390625,1,-5,False
-,96,8,104,8,96,96,0,6.3984375,-6.3984375,-6.3984375,1,-2,False
-,96,9,105,9,96,96,0,6.51171875,-6.51171875,-6.51171875,1,-1,False
-,96,10,106,10,96,96,0,7.546875,-7.546875,-7.546875,1,-6,False
-,96,11,107,11,96,96,1,7.22265625,-7.22265625,-7.22265625,1,-1,False
-,96,12,108,12,96,96,1,7.2578125,-7.2578125,-7.2578125,1,-3,False
-,96,13,109,13,96,96,0,7.4296875,-7.4296875,-7.4296875,1,-2,False
-,96,14,110,14,96,96,0,6.890625,-6.890625,-6.890625,1,-1,False
-,96,15,111,15,96,96,0,7.203125,-7.203125,-7.203125,1,-6,False
-,96,16,112,16,96,96,0,7.49609375,-7.49609375,-7.49609375,1,-3,False
-,96,17,113,17,96,96,0,7.3828125,-7.3828125,-7.3828125,1,-3,False
-,96,18,114,18,96,96,0,7.47265625,-7.47265625,-7.47265625,1,-6,False
-,96,19,115,19,96,96,0,7.1640625,-7.1640625,-7.1640625,1,-6,False
-,96,20,116,20,96,96,0,6.796875,-6.796875,-6.796875,1,-6,False
-,96,21,117,21,96,96,0,7.60546875,-7.60546875,-7.60546875,1,-2,False
-,96,22,118,22,96,96,0,7.71484375,-7.71484375,-7.71484375,1,-2,False
-,96,23,119,23,96,96,0,7.32421875,-7.32421875,-7.32421875,1,-1,False
-,96,24,120,24,96,96,2,7.4375,-7.4375,-7.4375,1,-6,False
-,96,25,121,25,96,96,0,7.58203125,-7.58203125,-7.58203125,1,-3,False
-,96,26,122,26,96,96,0,7.62109375,-7.62109375,-7.62109375,1,-2,False
-,96,27,123,27,96,96,0,7.7265625,-7.7265625,-7.7265625,1,-2,False
-,96,28,124,28,96,96,0,6.83203125,-6.83203125,-6.83203125,1,-2,False
-,96,29,125,29,96,96,0,6.81640625,-6.81640625,-6.81640625,1,-2,False
-,96,30,126,30,96,96,0,7.1640625,-7.1640625,-7.1640625,1,-2,False
-,96,31,127,31,96,96,1,6.66796875,-6.66796875,-6.66796875,1,-1,False
-,96,32,128,32,96,96,5,6.9609375,-6.9609375,-6.9609375,1,-0,False
-,96,33,129,33,96,96,0,6.8515625,-6.8515625,-6.8515625,1,-1,False
-,96,34,130,34,96,96,0,6.98828125,-6.98828125,-6.98828125,1,-3,False
-,96,35,131,35,96,96,0,7.0,-7.0,-7.0,1,-6,False
-,96,36,132,36,96,96,0,7.640625,-7.640625,-7.640625,1,-6,False
-,96,37,133,37,96,96,0,6.9375,-6.9375,-6.9375,1,-2,False
-,96,38,134,38,96,96,0,6.9140625,-6.9140625,-6.9140625,1,-2,False
-,96,39,135,39,96,96,0,6.77734375,-6.77734375,-6.77734375,1,-0,False
-,96,40,136,40,96,96,2,7.1484375,-7.1484375,-7.1484375,1,-6,False
-,96,41,137,41,96,96,0,6.92578125,-6.92578125,-6.92578125,1,-2,False
-,96,42,138,42,96,96,0,6.890625,-6.890625,-6.890625,1,-2,False
-,96,43,139,43,96,96,0,6.91015625,-6.91015625,-6.91015625,1,-6,False
-,96,44,140,44,96,96,0,6.90234375,-6.90234375,-6.90234375,1,-6,False
-,96,45,141,45,96,96,0,7.265625,-7.265625,-7.265625,1,-2,False
-,96,46,142,46,96,96,0,6.6796875,-6.6796875,-6.6796875,1,-2,False
-,96,47,143,47,96,96,0,7.62109375,-7.62109375,-7.62109375,1,-5,False
-,96,48,144,48,96,96,0,7.30078125,-7.30078125,-7.30078125,1,-6,False
-,96,49,145,49,96,96,0,7.44921875,-7.44921875,-7.44921875,1,-6,False
-,96,50,146,50,96,96,0,7.21484375,-7.21484375,-7.21484375,1,-5,False
-,96,51,147,51,96,96,0,7.03515625,-7.03515625,-7.03515625,1,-6,False
-,96,52,148,52,96,96,0,7.50390625,-7.50390625,-7.50390625,1,-6,False
-,96,53,149,53,96,96,0,7.109375,-7.109375,-7.109375,1,-6,False
-,96,54,150,54,96,96,1,7.37890625,-7.37890625,-7.37890625,1,-2,False
-,96,55,151,55,96,96,0,7.74609375,-7.74609375,-7.74609375,1,-5,False
-,96,56,152,56,96,96,0,7.17578125,-7.17578125,-7.17578125,1,-6,False
-,96,57,153,57,96,96,0,7.02734375,-7.02734375,-7.02734375,1,-5,False
-,96,58,154,58,96,96,0,6.91796875,-6.91796875,-6.91796875,1,-6,False
-,96,59,155,59,96,96,0,6.97265625,-6.97265625,-6.97265625,1,-2,False
-,96,60,156,60,96,96,0,7.5546875,-7.5546875,-7.5546875,1,-6,False
-,96,61,157,61,96,96,0,7.390625,-7.390625,-7.390625,1,-1,False
-,96,62,158,62,96,96,0,7.16796875,-7.16796875,-7.16796875,1,-6,False
-,96,63,159,63,96,96,0,6.73046875,-6.73046875,-6.73046875,1,-1,False
-,96,64,160,64,96,96,0,6.99609375,-6.99609375,-6.99609375,1,-0,False
-,96,65,161,65,96,96,0,7.13671875,-7.13671875,-7.13671875,1,-3,False
-,96,66,162,66,96,96,0,6.91796875,-6.91796875,-6.91796875,1,-0,False
-,96,67,163,67,96,96,0,6.73046875,-6.73046875,-6.73046875,1,-2,False
-,96,68,164,68,96,96,0,6.83984375,-6.83984375,-6.83984375,1,-3,False
-,96,69,165,69,96,96,0,7.6015625,-7.6015625,-7.6015625,1,-2,False
-,96,70,166,70,96,96,0,7.20703125,-7.20703125,-7.20703125,1,-2,False
-,96,71,167,71,96,96,0,7.578125,-7.578125,-7.578125,1,-6,False
-,96,72,168,72,96,96,0,7.51171875,-7.51171875,-7.51171875,1,-6,False
-,96,73,169,73,96,96,0,7.20703125,-7.20703125,-7.20703125,1,-2,False
-,96,74,170,74,96,96,0,7.5625,-7.5625,-7.5625,1,-2,False
-,96,75,171,75,96,96,0,7.43359375,-7.43359375,-7.43359375,1,-2,False
-,96,76,172,76,96,96,0,7.5,-7.5,-7.5,1,-2,False
-,96,77,173,77,96,96,0,7.4921875,-7.4921875,-7.4921875,1,-5,False
-,96,78,174,78,96,96,0,7.0078125,-7.0078125,-7.0078125,1,-6,False
-,96,79,175,79,96,96,0,6.8203125,-6.8203125,-6.8203125,1,-5,False
-,96,80,176,80,96,96,0,6.7578125,-6.7578125,-6.7578125,1,-6,False
-,96,81,177,81,96,96,0,7.49609375,-7.49609375,-7.49609375,1,-2,False
-,96,82,178,82,96,96,0,7.625,-7.625,-7.625,1,-5,False
-,96,83,179,83,96,96,0,7.4609375,-7.4609375,-7.4609375,1,-2,False
-,96,84,180,84,96,96,1,7.03125,-7.03125,-7.03125,1,-6,False
-,96,85,181,85,96,96,0,6.55078125,-6.55078125,-6.55078125,1,-5,False
-,96,86,182,86,96,96,0,7.44140625,-7.44140625,-7.44140625,1,-2,False
-,96,87,183,87,96,96,0,6.97265625,-6.97265625,-6.97265625,1,-2,False
-,96,88,184,88,96,96,0,7.15234375,-7.15234375,-7.15234375,1,-5,False
-,96,89,185,89,96,96,0,6.90625,-6.90625,-6.90625,1,-2,False
-,96,90,186,90,96,96,0,6.015625,-6.015625,-6.015625,1,-70,False
-,96,91,187,91,96,96,0,7.04296875,-7.04296875,-7.04296875,1,-6,False
-,96,92,188,92,96,96,0,7.078125,-7.078125,-7.078125,1,-6,False
-,96,93,189,93,96,96,0,6.625,-6.625,-6.625,1,-0,False
-,96,94,190,94,96,96,0,7.5078125,-7.5078125,-7.5078125,1,-69,False
-,96,95,191,95,96,96,0,6.80078125,-6.80078125,-6.80078125,1,-0,False
-,96,96,192,96,96,96,0,6.3046875,-6.3046875,-6.3046875,1,-0,False
-,96,97,193,97,96,96,0,6.90234375,-6.90234375,-6.90234375,1,-0,False
-,96,98,194,98,96,96,0,7.12890625,-7.12890625,-7.12890625,1,-0,False
-,96,99,195,99,96,96,0,6.5546875,-6.5546875,-6.5546875,1,-60,False
-,96,100,196,100,96,96,0,6.9375,-6.9375,-6.9375,1,-2,False
-,97,1,98,1,97,97,2,6.45703125,-6.45703125,-6.45703125,1,-2,False
-,97,2,99,2,97,97,2,6.33984375,-6.33984375,-6.33984375,1,-2,False
-,97,3,100,3,97,97,12,6.10546875,-6.10546875,-6.10546875,1,-2,False
-,97,4,101,4,97,97,0,6.09765625,-6.09765625,-6.09765625,1,-1,False
-,97,5,102,5,97,97,0,6.68359375,-6.68359375,-6.68359375,1,-1,False
-,97,6,103,6,97,97,0,6.1796875,-6.1796875,-6.1796875,1,-1,False
-,97,7,104,7,97,97,0,6.734375,-6.734375,-6.734375,1,-3,False
-,97,8,105,8,97,97,1,6.44921875,-6.44921875,-6.44921875,1,-6,False
-,97,9,106,9,97,97,0,6.50390625,-6.50390625,-6.50390625,1,-2,False
-,97,10,107,10,97,97,1,6.39453125,-6.39453125,-6.39453125,1,-6,False
-,97,11,108,11,97,97,0,7.359375,-7.359375,-7.359375,1,-1,False
-,97,12,109,12,97,97,1,6.44921875,-6.44921875,-6.44921875,1,-2,False
-,97,13,110,13,97,97,0,7.19921875,-7.19921875,-7.19921875,1,-6,False
-,97,14,111,14,97,97,0,7.16796875,-7.16796875,-7.16796875,1,-1,False
-,97,15,112,15,97,97,1,7.296875,-7.296875,-7.296875,1,-6,False
-,97,16,113,16,97,97,2,7.2109375,-7.2109375,-7.2109375,1,-6,False
-,97,17,114,17,97,97,1,6.6953125,-6.6953125,-6.6953125,1,-2,False
-,97,18,115,18,97,97,1,6.3125,-6.3125,-6.3125,1,-6,False
-,97,19,116,19,97,97,0,6.71875,-6.71875,-6.71875,1,-1,False
-,97,20,117,20,97,97,0,6.5859375,-6.5859375,-6.5859375,1,-2,False
-,97,21,118,21,97,97,1,6.7421875,-6.7421875,-6.7421875,1,-1,False
-,97,22,119,22,97,97,0,6.53125,-6.53125,-6.53125,1,-1,False
-,97,23,120,23,97,97,0,6.6796875,-6.6796875,-6.6796875,1,-1,False
-,97,24,121,24,97,97,0,6.671875,-6.671875,-6.671875,1,-3,False
-,97,25,122,25,97,97,0,6.38671875,-6.38671875,-6.38671875,1,-5,False
-,97,26,123,26,97,97,0,6.515625,-6.515625,-6.515625,1,-6,False
-,97,27,124,27,97,97,0,6.68359375,-6.68359375,-6.68359375,1,-3,False
-,97,28,125,28,97,97,0,6.6953125,-6.6953125,-6.6953125,1,-2,False
-,97,29,126,29,97,97,0,6.8828125,-6.8828125,-6.8828125,1,-6,False
-,97,30,127,30,97,97,1,6.58203125,-6.58203125,-6.58203125,1,-6,False
-,97,31,128,31,97,97,0,7.08203125,-7.08203125,-7.08203125,1,-6,False
-,97,32,129,32,97,97,0,6.26953125,-6.26953125,-6.26953125,1,-0,False
-,97,33,130,33,97,97,0,6.82421875,-6.82421875,-6.82421875,1,-1,False
-,97,34,131,34,97,97,0,6.97265625,-6.97265625,-6.97265625,1,-6,False
-,97,35,132,35,97,97,0,6.93359375,-6.93359375,-6.93359375,1,-1,False
-,97,36,133,36,97,97,0,6.71875,-6.71875,-6.71875,1,-3,False
-,97,37,134,37,97,97,0,6.6171875,-6.6171875,-6.6171875,1,-6,False
-,97,38,135,38,97,97,0,6.6171875,-6.6171875,-6.6171875,1,-2,False
-,97,39,136,39,97,97,0,6.87890625,-6.87890625,-6.87890625,1,-6,False
-,97,40,137,40,97,97,0,6.296875,-6.296875,-6.296875,1,-6,False
-,97,41,138,41,97,97,0,6.90625,-6.90625,-6.90625,1,-6,False
-,97,42,139,42,97,97,1,6.16015625,-6.16015625,-6.16015625,1,-2,False
-,97,43,140,43,97,97,0,6.8203125,-6.8203125,-6.8203125,1,-6,False
-,97,44,141,44,97,97,0,6.91015625,-6.91015625,-6.91015625,1,-2,False
-,97,45,142,45,97,97,0,6.89453125,-6.89453125,-6.89453125,1,-6,False
-,97,46,143,46,97,97,0,6.875,-6.875,-6.875,1,-2,False
-,97,47,144,47,97,97,0,6.46875,-6.46875,-6.46875,1,-6,False
-,97,48,145,48,97,97,0,6.40234375,-6.40234375,-6.40234375,1,-3,False
-,97,49,146,49,97,97,0,6.6328125,-6.6328125,-6.6328125,1,-3,False
-,97,50,147,50,97,97,0,6.109375,-6.109375,-6.109375,1,-0,False
-,97,51,148,51,97,97,0,7.01953125,-7.01953125,-7.01953125,1,-2,False
-,97,52,149,52,97,97,0,6.2109375,-6.2109375,-6.2109375,1,-5,False
-,97,53,150,53,97,97,0,6.18359375,-6.18359375,-6.18359375,1,-6,False
-,97,54,151,54,97,97,0,6.41015625,-6.41015625,-6.41015625,1,-2,False
-,97,55,152,55,97,97,0,6.85546875,-6.85546875,-6.85546875,1,-6,False
-,97,56,153,56,97,97,0,7.13671875,-7.13671875,-7.13671875,1,-6,False
-,97,57,154,57,97,97,0,6.875,-6.875,-6.875,1,-3,False
-,97,58,155,58,97,97,0,6.96875,-6.96875,-6.96875,1,-2,False
-,97,59,156,59,97,97,0,7.234375,-7.234375,-7.234375,1,-2,False
-,97,60,157,60,97,97,0,6.359375,-6.359375,-6.359375,1,-6,False
-,97,61,158,61,97,97,0,6.40625,-6.40625,-6.40625,1,-1,False
-,97,62,159,62,97,97,0,6.9921875,-6.9921875,-6.9921875,1,-6,False
-,97,63,160,63,97,97,0,7.0,-7.0,-7.0,1,-1,False
-,97,64,161,64,97,97,0,7.140625,-7.140625,-7.140625,1,-2,False
-,97,65,162,65,97,97,0,6.921875,-6.921875,-6.921875,1,-6,False
-,97,66,163,66,97,97,0,6.73828125,-6.73828125,-6.73828125,1,-1,False
-,97,67,164,67,97,97,0,6.8515625,-6.8515625,-6.8515625,1,-2,False
-,97,68,165,68,97,97,0,6.7265625,-6.7265625,-6.7265625,1,-2,False
-,97,69,166,69,97,97,0,6.7421875,-6.7421875,-6.7421875,1,-2,False
-,97,70,167,70,97,97,0,6.1953125,-6.1953125,-6.1953125,1,-2,False
-,97,71,168,71,97,97,0,6.58203125,-6.58203125,-6.58203125,1,-1,False
-,97,72,169,72,97,97,0,6.671875,-6.671875,-6.671875,1,-6,False
-,97,73,170,73,97,97,0,6.90625,-6.90625,-6.90625,1,-2,False
-,97,74,171,74,97,97,0,6.41796875,-6.41796875,-6.41796875,1,-2,False
-,97,75,172,75,97,97,0,6.60546875,-6.60546875,-6.60546875,1,-2,False
-,97,76,173,76,97,97,0,6.46875,-6.46875,-6.46875,1,-2,False
-,97,77,174,77,97,97,0,6.765625,-6.765625,-6.765625,1,-6,False
-,97,78,175,78,97,97,0,6.80078125,-6.80078125,-6.80078125,1,-6,False
-,97,79,176,79,97,97,0,6.6875,-6.6875,-6.6875,1,-2,False
-,97,80,177,80,97,97,0,6.76953125,-6.76953125,-6.76953125,1,-6,False
-,97,81,178,81,97,97,0,6.6328125,-6.6328125,-6.6328125,1,-6,False
-,97,82,179,82,97,97,0,6.4921875,-6.4921875,-6.4921875,1,-6,False
-,97,83,180,83,97,97,0,6.26953125,-6.26953125,-6.26953125,1,-3,False
-,97,84,181,84,97,97,0,6.42578125,-6.42578125,-6.42578125,1,-2,False
-,97,85,182,85,97,97,0,6.53125,-6.53125,-6.53125,1,-5,False
-,97,86,183,86,97,97,0,6.1640625,-6.1640625,-6.1640625,1,-6,False
-,97,87,184,87,97,97,0,6.00390625,-6.00390625,-6.00390625,1,-3,False
-,97,88,185,88,97,97,0,5.68359375,-5.68359375,-5.68359375,1,-2,False
-,97,89,186,89,97,97,0,6.22265625,-6.22265625,-6.22265625,1,-2,False
-,97,90,187,90,97,97,0,5.63671875,-5.63671875,-5.63671875,1,-70,False
-,97,91,188,91,97,97,0,6.12890625,-6.12890625,-6.12890625,1,-2,False
-,97,92,189,92,97,97,0,6.890625,-6.890625,-6.890625,1,-70,False
-,97,93,190,93,97,97,0,5.8671875,-5.8671875,-5.8671875,1,-0,False
-,97,94,191,94,97,97,0,6.90625,-6.90625,-6.90625,1,-69,False
-,97,95,192,95,97,97,0,6.42578125,-6.42578125,-6.42578125,1,-2,False
-,97,96,193,96,97,97,0,6.23046875,-6.23046875,-6.23046875,1,-0,False
-,97,97,194,97,97,97,0,5.93359375,-5.93359375,-5.93359375,1,-0,False
-,97,98,195,98,97,97,0,6.01953125,-6.01953125,-6.01953125,1,-2,False
-,97,99,196,99,97,97,0,5.9296875,-5.9296875,-5.9296875,1,-0,False
-,97,100,197,100,97,97,0,5.94140625,-5.94140625,-5.94140625,1,-1,False
-,98,1,99,1,98,98,0,6.31640625,-6.31640625,-6.31640625,1,-0,False
-,98,2,100,2,98,98,8,6.31640625,-6.31640625,-6.31640625,1,-1,False
-,98,3,101,3,98,98,2,6.98046875,-6.98046875,-6.98046875,1,-1,False
-,98,4,102,4,98,98,0,6.67578125,-6.67578125,-6.67578125,1,-6,False
-,98,5,103,5,98,98,0,6.5,-6.5,-6.5,1,-1,False
-,98,6,104,6,98,98,0,6.5859375,-6.5859375,-6.5859375,1,-3,False
-,98,7,105,7,98,98,0,6.546875,-6.546875,-6.546875,1,-6,False
-,98,8,106,8,98,98,0,6.33203125,-6.33203125,-6.33203125,1,-6,False
-,98,9,107,9,98,98,0,6.578125,-6.578125,-6.578125,1,-6,False
-,98,10,108,10,98,98,1,6.35546875,-6.35546875,-6.35546875,1,-1,False
-,98,11,109,11,98,98,0,7.29296875,-7.29296875,-7.29296875,1,-6,False
-,98,12,110,12,98,98,0,6.203125,-6.203125,-6.203125,1,-6,False
-,98,13,111,13,98,98,0,7.47265625,-7.47265625,-7.47265625,1,-3,False
-,98,14,112,14,98,98,1,7.16796875,-7.16796875,-7.16796875,1,-6,False
-,98,15,113,15,98,98,0,7.0078125,-7.0078125,-7.0078125,1,-1,False
-,98,16,114,16,98,98,0,6.32421875,-6.32421875,-6.32421875,1,-6,False
-,98,17,115,17,98,98,0,6.5546875,-6.5546875,-6.5546875,1,-3,False
-,98,18,116,18,98,98,0,6.7421875,-6.7421875,-6.7421875,1,-6,False
-,98,19,117,19,98,98,0,7.39453125,-7.39453125,-7.39453125,1,-2,False
-,98,20,118,20,98,98,0,6.64453125,-6.64453125,-6.64453125,1,-1,False
-,98,21,119,21,98,98,0,6.5703125,-6.5703125,-6.5703125,1,-6,False
-,98,22,120,22,98,98,0,6.83203125,-6.83203125,-6.83203125,1,-1,False
-,98,23,121,23,98,98,0,6.75,-6.75,-6.75,1,-6,False
-,98,24,122,24,98,98,0,6.5,-6.5,-6.5,1,-3,False
-,98,25,123,25,98,98,0,6.40234375,-6.40234375,-6.40234375,1,-0,False
-,98,26,124,26,98,98,1,6.54296875,-6.54296875,-6.54296875,1,-3,False
-,98,27,125,27,98,98,1,6.609375,-6.609375,-6.609375,1,-2,False
-,98,28,126,28,98,98,0,6.87109375,-6.87109375,-6.87109375,1,-2,False
-,98,29,127,29,98,98,0,6.4609375,-6.4609375,-6.4609375,1,-29,False
-,98,30,128,30,98,98,1,7.14453125,-7.14453125,-7.14453125,1,-0,False
-,98,31,129,31,98,98,0,6.21484375,-6.21484375,-6.21484375,1,-6,False
-,98,32,130,32,98,98,0,7.19140625,-7.19140625,-7.19140625,1,-0,False
-,98,33,131,33,98,98,0,6.74609375,-6.74609375,-6.74609375,1,-1,False
-,98,34,132,34,98,98,0,6.90625,-6.90625,-6.90625,1,-1,False
-,98,35,133,35,98,98,0,7.0390625,-7.0390625,-7.0390625,1,-6,False
-,98,36,134,36,98,98,0,6.63671875,-6.63671875,-6.63671875,1,-6,False
-,98,37,135,37,98,98,0,6.62890625,-6.62890625,-6.62890625,1,-3,False
-,98,38,136,38,98,98,0,6.96875,-6.96875,-6.96875,1,-0,False
-,98,39,137,39,98,98,0,6.94921875,-6.94921875,-6.94921875,1,-6,False
-,98,40,138,40,98,98,0,7.05078125,-7.05078125,-7.05078125,1,-6,False
-,98,41,139,41,98,98,0,7.08984375,-7.08984375,-7.08984375,1,-2,False
-,98,42,140,42,98,98,0,7.04296875,-7.04296875,-7.04296875,1,-2,False
-,98,43,141,43,98,98,0,7.00390625,-7.00390625,-7.00390625,1,-2,False
-,98,44,142,44,98,98,0,6.765625,-6.765625,-6.765625,1,-3,False
-,98,45,143,45,98,98,0,7.0234375,-7.0234375,-7.0234375,1,-6,False
-,98,46,144,46,98,98,0,6.71875,-6.71875,-6.71875,1,-6,False
-,98,47,145,47,98,98,0,6.5625,-6.5625,-6.5625,1,-2,False
-,98,48,146,48,98,98,1,6.63671875,-6.63671875,-6.63671875,1,-2,False
-,98,49,147,49,98,98,0,6.421875,-6.421875,-6.421875,1,-0,False
-,98,50,148,50,98,98,0,7.04296875,-7.04296875,-7.04296875,1,-5,False
-,98,51,149,51,98,98,0,6.92578125,-6.92578125,-6.92578125,1,-2,False
-,98,52,150,52,98,98,0,6.27734375,-6.27734375,-6.27734375,1,-6,False
-,98,53,151,53,98,98,0,7.42578125,-7.42578125,-7.42578125,1,-5,False
-,98,54,152,54,98,98,1,6.453125,-6.453125,-6.453125,1,-2,False
-,98,55,153,55,98,98,0,6.84375,-6.84375,-6.84375,1,-6,False
-,98,56,154,56,98,98,0,6.796875,-6.796875,-6.796875,1,-6,False
-,98,57,155,57,98,98,0,6.94921875,-6.94921875,-6.94921875,1,-3,False
-,98,58,156,58,98,98,0,6.1875,-6.1875,-6.1875,1,-3,False
-,98,59,157,59,98,98,0,6.984375,-6.984375,-6.984375,1,-3,False
-,98,60,158,60,98,98,0,6.3828125,-6.3828125,-6.3828125,1,-6,False
-,98,61,159,61,98,98,0,6.40625,-6.40625,-6.40625,1,-6,False
-,98,62,160,62,98,98,0,7.265625,-7.265625,-7.265625,1,-0,False
-,98,63,161,63,98,98,0,7.11328125,-7.11328125,-7.11328125,1,-6,False
-,98,64,162,64,98,98,0,7.0234375,-7.0234375,-7.0234375,1,-2,False
-,98,65,163,65,98,98,0,6.83984375,-6.83984375,-6.83984375,1,-6,False
-,98,66,164,66,98,98,0,6.87109375,-6.87109375,-6.87109375,1,-2,False
-,98,67,165,67,98,98,0,6.65625,-6.65625,-6.65625,1,-2,False
-,98,68,166,68,98,98,0,6.796875,-6.796875,-6.796875,1,-2,False
-,98,69,167,69,98,98,0,6.76171875,-6.76171875,-6.76171875,1,-2,False
-,98,70,168,70,98,98,0,6.1796875,-6.1796875,-6.1796875,1,-6,False
-,98,71,169,71,98,98,0,6.5390625,-6.5390625,-6.5390625,1,-0,False
-,98,72,170,72,98,98,0,6.390625,-6.390625,-6.390625,1,-6,False
-,98,73,171,73,98,98,0,6.73828125,-6.73828125,-6.73828125,1,-2,False
-,98,74,172,74,98,98,0,6.53125,-6.53125,-6.53125,1,-5,False
-,98,75,173,75,98,98,0,6.56640625,-6.56640625,-6.56640625,1,-3,False
-,98,76,174,76,98,98,0,6.7734375,-6.7734375,-6.7734375,1,-2,False
-,98,77,175,77,98,98,0,6.5234375,-6.5234375,-6.5234375,1,-6,False
-,98,78,176,78,98,98,0,6.82421875,-6.82421875,-6.82421875,1,-5,False
-,98,79,177,79,98,98,0,6.59375,-6.59375,-6.59375,1,-2,False
-,98,80,178,80,98,98,0,6.80859375,-6.80859375,-6.80859375,1,-6,False
-,98,81,179,81,98,98,0,6.49609375,-6.49609375,-6.49609375,1,-3,False
-,98,82,180,82,98,98,0,6.453125,-6.453125,-6.453125,1,-6,False
-,98,83,181,83,98,98,0,6.6640625,-6.6640625,-6.6640625,1,-1,False
-,98,84,182,84,98,98,0,6.39453125,-6.39453125,-6.39453125,1,-5,False
-,98,85,183,85,98,98,0,6.38671875,-6.38671875,-6.38671875,1,-6,False
-,98,86,184,86,98,98,0,6.09765625,-6.09765625,-6.09765625,1,-70,False
-,98,87,185,87,98,98,0,6.73046875,-6.73046875,-6.73046875,1,-6,False
-,98,88,186,88,98,98,0,6.23828125,-6.23828125,-6.23828125,1,-3,False
-,98,89,187,89,98,98,0,5.98046875,-5.98046875,-5.98046875,1,-2,False
-,98,90,188,90,98,98,0,5.85546875,-5.85546875,-5.85546875,1,-6,False
-,98,91,189,91,98,98,0,6.7734375,-6.7734375,-6.7734375,1,-2,False
-,98,92,190,92,98,98,0,5.9296875,-5.9296875,-5.9296875,1,-70,False
-,98,93,191,93,98,98,0,6.4140625,-6.4140625,-6.4140625,1,-0,False
-,98,94,192,94,98,98,0,6.66015625,-6.66015625,-6.66015625,1,-0,False
-,98,95,193,95,98,98,0,6.4375,-6.4375,-6.4375,1,-3,False
-,98,96,194,96,98,98,0,6.203125,-6.203125,-6.203125,1,-0,False
-,98,97,195,97,98,98,0,5.73046875,-5.73046875,-5.73046875,1,-6,False
-,98,98,196,98,98,98,0,6.3359375,-6.3359375,-6.3359375,1,-0,False
-,98,99,197,99,98,98,0,6.00390625,-6.00390625,-6.00390625,1,-3,False
-,98,100,198,100,98,98,0,5.73828125,-5.73828125,-5.73828125,1,-3,False
-,99,1,100,1,99,99,22,7.31640625,-7.31640625,-7.31640625,1,-0,False
-,99,2,101,2,99,99,2,6.9609375,-6.9609375,-6.9609375,1,-0,False
-,99,3,102,3,99,99,1,7.51171875,-7.51171875,-7.51171875,1,-0,False
-,99,4,103,4,99,99,0,6.54296875,-6.54296875,-6.54296875,1,-0,False
-,99,5,104,5,99,99,0,6.64453125,-6.64453125,-6.64453125,1,-6,False
-,99,6,105,6,99,99,1,7.48828125,-7.48828125,-7.48828125,1,-1,False
-,99,7,106,7,99,99,0,7.46875,-7.46875,-7.46875,1,-5,False
-,99,8,107,8,99,99,0,6.52734375,-6.52734375,-6.52734375,1,-6,False
-,99,9,108,9,99,99,0,7.52734375,-7.52734375,-7.52734375,1,-3,False
-,99,10,109,10,99,99,0,7.390625,-7.390625,-7.390625,1,-6,False
-,99,11,110,11,99,99,2,7.03515625,-7.03515625,-7.03515625,1,-1,False
-,99,12,111,12,99,99,0,7.4140625,-7.4140625,-7.4140625,1,-2,False
-,99,13,112,13,99,99,0,7.5546875,-7.5546875,-7.5546875,1,-3,False
-,99,14,113,14,99,99,0,6.95703125,-6.95703125,-6.95703125,1,-1,False
-,99,15,114,15,99,99,0,7.3515625,-7.3515625,-7.3515625,1,-1,False
-,99,16,115,16,99,99,0,7.1171875,-7.1171875,-7.1171875,1,-6,False
-,99,17,116,17,99,99,0,7.75,-7.75,-7.75,1,-2,False
-,99,18,117,18,99,99,0,7.30078125,-7.30078125,-7.30078125,1,-1,False
-,99,19,118,19,99,99,0,7.53125,-7.53125,-7.53125,1,-1,False
-,99,20,119,20,99,99,0,7.5625,-7.5625,-7.5625,1,-1,False
-,99,21,120,21,99,99,1,6.8515625,-6.8515625,-6.8515625,1,-6,False
-,99,22,121,22,99,99,0,6.87890625,-6.87890625,-6.87890625,1,-6,False
-,99,23,122,23,99,99,0,7.65625,-7.65625,-7.65625,1,-1,False
-,99,24,123,24,99,99,0,6.4140625,-6.4140625,-6.4140625,1,-1,False
-,99,25,124,25,99,99,0,7.51953125,-7.51953125,-7.51953125,1,-0,False
-,99,26,125,26,99,99,0,7.28125,-7.28125,-7.28125,1,-2,False
-,99,27,126,27,99,99,1,7.69921875,-7.69921875,-7.69921875,1,-3,False
-,99,28,127,28,99,99,1,7.18359375,-7.18359375,-7.18359375,1,-6,False
-,99,29,128,29,99,99,1,6.92578125,-6.92578125,-6.92578125,1,-2,False
-,99,30,129,30,99,99,0,7.2890625,-7.2890625,-7.2890625,1,-0,False
-,99,31,130,31,99,99,0,7.16015625,-7.16015625,-7.16015625,1,-6,False
-,99,32,131,32,99,99,0,7.234375,-7.234375,-7.234375,1,-6,False
-,99,33,132,33,99,99,0,7.63671875,-7.63671875,-7.63671875,1,-2,False
-,99,34,133,34,99,99,0,6.97265625,-6.97265625,-6.97265625,1,-6,False
-,99,35,134,35,99,99,0,6.85546875,-6.85546875,-6.85546875,1,-72,False
-,99,36,135,36,99,99,0,7.66796875,-7.66796875,-7.66796875,1,-0,False
-,99,37,136,37,99,99,1,6.7890625,-6.7890625,-6.7890625,1,-2,False
-,99,38,137,38,99,99,0,7.0859375,-7.0859375,-7.0859375,1,-73,False
-,99,39,138,39,99,99,0,6.91015625,-6.91015625,-6.91015625,1,-6,False
-,99,40,139,40,99,99,0,7.33203125,-7.33203125,-7.33203125,1,-6,False
-,99,41,140,41,99,99,0,6.91796875,-6.91796875,-6.91796875,1,-6,False
-,99,42,141,42,99,99,0,7.28515625,-7.28515625,-7.28515625,1,-1,False
-,99,43,142,43,99,99,0,6.71875,-6.71875,-6.71875,1,-6,False
-,99,44,143,44,99,99,0,6.82421875,-6.82421875,-6.82421875,1,-6,False
-,99,45,144,45,99,99,2,6.8046875,-6.8046875,-6.8046875,1,-2,False
-,99,46,145,46,99,99,0,6.80078125,-6.80078125,-6.80078125,1,-2,False
-,99,47,146,47,99,99,0,6.7421875,-6.7421875,-6.7421875,1,-2,False
-,99,48,147,48,99,99,0,6.5546875,-6.5546875,-6.5546875,1,-6,False
-,99,49,148,49,99,99,0,6.30078125,-6.30078125,-6.30078125,1,-3,False
-,99,50,149,50,99,99,0,6.93359375,-6.93359375,-6.93359375,1,-2,False
-,99,51,150,51,99,99,0,6.94140625,-6.94140625,-6.94140625,1,-2,False
-,99,52,151,52,99,99,0,7.37890625,-7.37890625,-7.37890625,1,-2,False
-,99,53,152,53,99,99,0,7.55859375,-7.55859375,-7.55859375,1,-6,False
-,99,54,153,54,99,99,0,7.453125,-7.453125,-7.453125,1,-2,False
-,99,55,154,55,99,99,0,6.66015625,-6.66015625,-6.66015625,1,-6,False
-,99,56,155,56,99,99,0,7.078125,-7.078125,-7.078125,1,-3,False
-,99,57,156,57,99,99,0,7.19140625,-7.19140625,-7.19140625,1,-3,False
-,99,58,157,58,99,99,0,6.96875,-6.96875,-6.96875,1,-3,False
-,99,59,158,59,99,99,0,7.015625,-7.015625,-7.015625,1,-5,False
-,99,60,159,60,99,99,0,7.2421875,-7.2421875,-7.2421875,1,-6,False
-,99,61,160,61,99,99,0,7.41796875,-7.41796875,-7.41796875,1,-6,False
-,99,62,161,62,99,99,0,7.328125,-7.328125,-7.328125,1,-2,False
-,99,63,162,63,99,99,0,6.92578125,-6.92578125,-6.92578125,1,-2,False
-,99,64,163,64,99,99,0,6.91796875,-6.91796875,-6.91796875,1,-2,False
-,99,65,164,65,99,99,0,6.93359375,-6.93359375,-6.93359375,1,-6,False
-,99,66,165,66,99,99,0,6.76953125,-6.76953125,-6.76953125,1,-2,False
-,99,67,166,67,99,99,0,6.796875,-6.796875,-6.796875,1,-2,False
-,99,68,167,68,99,99,0,6.83203125,-6.83203125,-6.83203125,1,-2,False
-,99,69,168,69,99,99,0,6.7578125,-6.7578125,-6.7578125,1,-3,False
-,99,70,169,70,99,99,0,7.25390625,-7.25390625,-7.25390625,1,-6,False
-,99,71,170,71,99,99,0,7.48046875,-7.48046875,-7.48046875,1,-0,False
-,99,72,171,72,99,99,0,7.21875,-7.21875,-7.21875,1,-6,False
-,99,73,172,73,99,99,0,6.984375,-6.984375,-6.984375,1,-2,False
-,99,74,173,74,99,99,0,6.4609375,-6.4609375,-6.4609375,1,-3,False
-,99,75,174,75,99,99,0,6.82421875,-6.82421875,-6.82421875,1,-2,False
-,99,76,175,76,99,99,0,6.71875,-6.71875,-6.71875,1,-2,False
-,99,77,176,77,99,99,0,7.5390625,-7.5390625,-7.5390625,1,-6,False
-,99,78,177,78,99,99,0,6.77734375,-6.77734375,-6.77734375,1,-6,False
-,99,79,178,79,99,99,0,6.703125,-6.703125,-6.703125,1,-2,False
-,99,80,179,80,99,99,0,6.76171875,-6.76171875,-6.76171875,1,-6,False
-,99,81,180,81,99,99,0,7.4453125,-7.4453125,-7.4453125,1,-6,False
-,99,82,181,82,99,99,0,6.734375,-6.734375,-6.734375,1,-3,False
-,99,83,182,83,99,99,0,6.89453125,-6.89453125,-6.89453125,1,-2,False
-,99,84,183,84,99,99,0,7.20703125,-7.20703125,-7.20703125,1,-6,False
-,99,85,184,85,99,99,0,7.375,-7.375,-7.375,1,-70,False
-,99,86,185,86,99,99,0,6.953125,-6.953125,-6.953125,1,-6,False
-,99,87,186,87,99,99,0,7.08203125,-7.08203125,-7.08203125,1,-2,False
-,99,88,187,88,99,99,0,6.99609375,-6.99609375,-6.99609375,1,-6,False
-,99,89,188,89,99,99,0,7.046875,-7.046875,-7.046875,1,-2,False
-,99,90,189,90,99,99,0,6.44140625,-6.44140625,-6.44140625,1,-60,False
-,99,91,190,91,99,99,1,7.0234375,-7.0234375,-7.0234375,1,-2,False
-,99,92,191,92,99,99,0,6.578125,-6.578125,-6.578125,1,-70,False
-,99,93,192,93,99,99,0,6.87890625,-6.87890625,-6.87890625,1,-70,False
-,99,94,193,94,99,99,0,6.64453125,-6.64453125,-6.64453125,1,-69,False
-,99,95,194,95,99,99,0,6.50390625,-6.50390625,-6.50390625,1,-2,False
-,99,96,195,96,99,99,0,6.125,-6.125,-6.125,1,-0,False
-,99,97,196,97,99,99,0,6.0546875,-6.0546875,-6.0546875,1,-0,False
-,99,98,197,98,99,99,0,6.203125,-6.203125,-6.203125,1,-1,False
-,99,99,198,99,99,99,0,5.75390625,-5.75390625,-5.75390625,1,-70,False
-,99,100,199,100,99,99,0,5.87109375,-5.87109375,-5.87109375,1,-6,False
-,100,1,101,1,100,100,7,6.2890625,-6.2890625,-6.2890625,1,-0,False
-,100,2,102,2,100,100,0,6.53515625,-6.53515625,-6.53515625,1,-2,False
-,100,3,103,3,100,100,2,6.1484375,-6.1484375,-6.1484375,1,-1,False
-,100,4,104,4,100,100,1,5.7109375,-5.7109375,-5.7109375,1,-0,False
-,100,5,105,5,100,100,6,5.59765625,-5.59765625,-5.59765625,1,-6,False
-,100,6,106,6,100,100,1,6.33203125,-6.33203125,-6.33203125,1,-5,False
-,100,7,107,7,100,100,0,6.53125,-6.53125,-6.53125,1,-6,False
-,100,8,108,8,100,100,1,6.35546875,-6.35546875,-6.35546875,1,-3,False
-,100,9,109,9,100,100,0,6.48828125,-6.48828125,-6.48828125,1,-1,False
-,100,10,110,10,100,100,3,6.30859375,-6.30859375,-6.30859375,1,-1,False
-,100,11,111,11,100,100,4,6.20703125,-6.20703125,-6.20703125,1,-6,False
-,100,12,112,12,100,100,0,6.5078125,-6.5078125,-6.5078125,1,-2,False
-,100,13,113,13,100,100,0,5.99609375,-5.99609375,-5.99609375,1,-6,False
-,100,14,114,14,100,100,0,6.203125,-6.203125,-6.203125,1,-1,False
-,100,15,115,15,100,100,0,6.12109375,-6.12109375,-6.12109375,1,-3,False
-,100,16,116,16,100,100,0,6.6640625,-6.6640625,-6.6640625,1,-6,False
-,100,17,117,17,100,100,0,6.54296875,-6.54296875,-6.54296875,1,-5,False
-,100,18,118,18,100,100,0,6.41796875,-6.41796875,-6.41796875,1,-6,False
-,100,19,119,19,100,100,0,6.33984375,-6.33984375,-6.33984375,1,-6,False
-,100,20,120,20,100,100,4,5.796875,-5.796875,-5.796875,1,-6,False
-,100,21,121,21,100,100,0,5.9375,-5.9375,-5.9375,1,-6,False
-,100,22,122,22,100,100,0,6.64453125,-6.64453125,-6.64453125,1,-1,False
-,100,23,123,23,100,100,0,6.47265625,-6.47265625,-6.47265625,1,-2,False
-,100,24,124,24,100,100,0,6.4296875,-6.4296875,-6.4296875,1,-6,False
-,100,25,125,25,100,100,1,6.27734375,-6.27734375,-6.27734375,1,-5,False
-,100,26,126,26,100,100,0,6.5,-6.5,-6.5,1,-5,False
-,100,27,127,27,100,100,0,6.32421875,-6.32421875,-6.32421875,1,-0,False
-,100,28,128,28,100,100,1,5.7890625,-5.7890625,-5.7890625,1,-2,False
-,100,29,129,29,100,100,0,6.1875,-6.1875,-6.1875,1,-2,False
-,100,30,130,30,100,100,1,6.25,-6.25,-6.25,1,-0,False
-,100,31,131,31,100,100,0,6.23828125,-6.23828125,-6.23828125,1,-6,False
-,100,32,132,32,100,100,0,6.08203125,-6.08203125,-6.08203125,1,-1,False
-,100,33,133,33,100,100,0,6.70703125,-6.70703125,-6.70703125,1,-1,False
-,100,34,134,34,100,100,0,6.76953125,-6.76953125,-6.76953125,1,-1,False
-,100,35,135,35,100,100,1,5.953125,-5.953125,-5.953125,1,-2,False
-,100,36,136,36,100,100,0,6.5859375,-6.5859375,-6.5859375,1,-2,False
-,100,37,137,37,100,100,0,5.859375,-5.859375,-5.859375,1,-2,False
-,100,38,138,38,100,100,0,5.8125,-5.8125,-5.8125,1,-2,False
-,100,39,139,39,100,100,0,5.984375,-5.984375,-5.984375,1,-2,False
-,100,40,140,40,100,100,1,6.17578125,-6.17578125,-6.17578125,1,-0,False
-,100,41,141,41,100,100,0,6.23828125,-6.23828125,-6.23828125,1,-1,False
-,100,42,142,42,100,100,0,5.90234375,-5.90234375,-5.90234375,1,-2,False
-,100,43,143,43,100,100,0,5.87109375,-5.87109375,-5.87109375,1,-6,False
-,100,44,144,44,100,100,1,5.63671875,-5.63671875,-5.63671875,1,-0,False
-,100,45,145,45,100,100,0,6.0078125,-6.0078125,-6.0078125,1,-6,False
-,100,46,146,46,100,100,0,5.98046875,-5.98046875,-5.98046875,1,-2,False
-,100,47,147,47,100,100,0,5.48828125,-5.48828125,-5.48828125,1,-5,False
-,100,48,148,48,100,100,1,6.453125,-6.453125,-6.453125,1,-3,False
-,100,49,149,49,100,100,0,6.171875,-6.171875,-6.171875,1,-0,False
-,100,50,150,50,100,100,6,5.87890625,-5.87890625,-5.87890625,1,-3,False
-,100,51,151,51,100,100,0,5.87109375,-5.87109375,-5.87109375,1,-1,False
-,100,52,152,52,100,100,0,6.48046875,-6.48046875,-6.48046875,1,-6,False
-,100,53,153,53,100,100,0,6.49609375,-6.49609375,-6.49609375,1,-6,False
-,100,54,154,54,100,100,0,6.203125,-6.203125,-6.203125,1,-2,False
-,100,55,155,55,100,100,0,5.7109375,-5.7109375,-5.7109375,1,-5,False
-,100,56,156,56,100,100,0,6.2109375,-6.2109375,-6.2109375,1,-3,False
-,100,57,157,57,100,100,0,5.98046875,-5.98046875,-5.98046875,1,-3,False
-,100,58,158,58,100,100,0,5.91796875,-5.91796875,-5.91796875,1,-5,False
-,100,59,159,59,100,100,0,5.85546875,-5.85546875,-5.85546875,1,-3,False
-,100,60,160,60,100,100,0,6.39453125,-6.39453125,-6.39453125,1,-6,False
-,100,61,161,61,100,100,0,6.48828125,-6.48828125,-6.48828125,1,-6,False
-,100,62,162,62,100,100,0,6.234375,-6.234375,-6.234375,1,-6,False
-,100,63,163,63,100,100,0,5.82421875,-5.82421875,-5.82421875,1,-2,False
-,100,64,164,64,100,100,0,5.8203125,-5.8203125,-5.8203125,1,-5,False
-,100,65,165,65,100,100,0,6.8515625,-6.8515625,-6.8515625,1,-6,False
-,100,66,166,66,100,100,0,5.890625,-5.890625,-5.890625,1,-6,False
-,100,67,167,67,100,100,0,5.87109375,-5.87109375,-5.87109375,1,-2,False
-,100,68,168,68,100,100,0,5.875,-5.875,-5.875,1,-3,False
-,100,69,169,69,100,100,0,5.81640625,-5.81640625,-5.81640625,1,-2,False
-,100,70,170,70,100,100,1,6.0546875,-6.0546875,-6.0546875,1,-2,False
-,100,71,171,71,100,100,0,6.3828125,-6.3828125,-6.3828125,1,-0,False
-,100,72,172,72,100,100,0,6.34765625,-6.34765625,-6.34765625,1,-6,False
-,100,73,173,73,100,100,0,5.8828125,-5.8828125,-5.8828125,1,-2,False
-,100,74,174,74,100,100,0,5.80078125,-5.80078125,-5.80078125,1,-5,False
-,100,75,175,75,100,100,0,5.71484375,-5.71484375,-5.71484375,1,-6,False
-,100,76,176,76,100,100,0,6.49609375,-6.49609375,-6.49609375,1,-1,False
-,100,77,177,77,100,100,0,6.52734375,-6.52734375,-6.52734375,1,-5,False
-,100,78,178,78,100,100,0,5.84765625,-5.84765625,-5.84765625,1,-6,False
-,100,79,179,79,100,100,0,6.62109375,-6.62109375,-6.62109375,1,-5,False
-,100,80,180,80,100,100,1,5.5859375,-5.5859375,-5.5859375,1,-6,False
-,100,81,181,81,100,100,0,6.68359375,-6.68359375,-6.68359375,1,-6,False
-,100,82,182,82,100,100,0,5.7265625,-5.7265625,-5.7265625,1,-6,False
-,100,83,183,83,100,100,0,6.58984375,-6.58984375,-6.58984375,1,-3,False
-,100,84,184,84,100,100,0,6.140625,-6.140625,-6.140625,1,-6,False
-,100,85,185,85,100,100,0,6.2265625,-6.2265625,-6.2265625,1,-70,False
-,100,86,186,86,100,100,0,6.27734375,-6.27734375,-6.27734375,1,-3,False
-,100,87,187,87,100,100,0,5.80078125,-5.80078125,-5.80078125,1,-5,False
-,100,88,188,88,100,100,0,6.01953125,-6.01953125,-6.01953125,1,-5,False
-,100,89,189,89,100,100,0,5.7265625,-5.7265625,-5.7265625,1,-2,False
-,100,90,190,90,100,100,0,5.51953125,-5.51953125,-5.51953125,1,-70,False
-,100,91,191,91,100,100,0,6.640625,-6.640625,-6.640625,1,-1,False
-,100,92,192,92,100,100,0,5.98046875,-5.98046875,-5.98046875,1,-70,False
-,100,93,193,93,100,100,0,5.9453125,-5.9453125,-5.9453125,1,-1,False
-,100,94,194,94,100,100,0,5.73046875,-5.73046875,-5.73046875,1,-0,False
-,100,95,195,95,100,100,0,5.27734375,-5.27734375,-5.27734375,1,-0,False
-,100,96,196,96,100,100,0,5.48046875,-5.48046875,-5.48046875,1,-0,False
-,100,97,197,97,100,100,0,6.07421875,-6.07421875,-6.07421875,1,-0,False
-,100,98,198,98,100,100,0,6.109375,-6.109375,-6.109375,1,-2,False
-,100,99,199,99,100,100,0,4.765625,-4.765625,-4.765625,1,-2,False
-,100,100,200,100,100,100,18,4.6796875,-4.6796875,-4.6796875,1,-1,False
