op,a,b,x,y,answer,problem_size,freq,surprisal,target_logprob,avg_target_logprob,n_target_tokens,prediction,correct
+,10,10,10,10,20,20,228,0.039459228515625,-0.039459228515625,-0.039459228515625,1,20,True
+,10,11,10,11,21,21,21,0.0117340087890625,-0.0117340087890625,-0.0117340087890625,1,21,True
+,10,12,10,12,22,22,31,0.04156494140625,-0.04156494140625,-0.04156494140625,1,22,True
+,10,13,10,13,23,23,17,0.0097808837890625,-0.0097808837890625,-0.0097808837890625,1,23,True
+,10,14,10,14,24,24,13,0.03173828125,-0.03173828125,-0.03173828125,1,24,True
+,10,15,10,15,25,25,56,0.01328277587890625,-0.01328277587890625,-0.01328277587890625,1,25,True
+,10,16,10,16,26,26,18,0.01233673095703125,-0.01233673095703125,-0.01233673095703125,1,26,True
+,10,17,10,17,27,27,8,0.033905029296875,-0.033905029296875,-0.033905029296875,1,27,True
+,10,18,10,18,28,28,8,0.020263671875,-0.020263671875,-0.020263671875,1,28,True
+,10,19,10,19,29,29,1,0.0251617431640625,-0.0251617431640625,-0.0251617431640625,1,29,True
+,10,20,10,20,30,30,89,0.020263671875,-0.020263671875,-0.020263671875,1,30,True
+,10,21,10,21,31,31,7,0.0091094970703125,-0.0091094970703125,-0.0091094970703125,1,31,True
+,10,22,10,22,32,32,17,0.074462890625,-0.074462890625,-0.074462890625,1,32,True
+,10,23,10,23,33,33,5,0.0081329345703125,-0.0081329345703125,-0.0081329345703125,1,33,True
+,10,24,10,24,34,34,8,0.0259552001953125,-0.0259552001953125,-0.0259552001953125,1,34,True
+,10,25,10,25,35,35,15,0.053863525390625,-0.053863525390625,-0.053863525390625,1,35,True
+,10,26,10,26,36,36,6,0.037689208984375,-0.037689208984375,-0.037689208984375,1,36,True
+,10,27,10,27,37,37,2,0.01070404052734375,-0.01070404052734375,-0.01070404052734375,1,37,True
+,10,28,10,28,38,38,1,0.06951904296875,-0.06951904296875,-0.06951904296875,1,38,True
+,10,29,10,29,39,39,2,0.0196685791015625,-0.0196685791015625,-0.0196685791015625,1,39,True
+,10,30,10,30,40,40,32,0.0406494140625,-0.0406494140625,-0.0406494140625,1,40,True
+,10,31,10,31,41,41,1,0.01361846923828125,-0.01361846923828125,-0.01361846923828125,1,41,True
+,10,32,10,32,42,42,3,0.0506591796875,-0.0506591796875,-0.0506591796875,1,42,True
+,10,33,10,33,43,43,1,0.030975341796875,-0.030975341796875,-0.030975341796875,1,43,True
+,10,34,10,34,44,44,1,0.045684814453125,-0.045684814453125,-0.045684814453125,1,44,True
+,10,35,10,35,45,45,2,0.0176544189453125,-0.0176544189453125,-0.0176544189453125,1,45,True
+,10,36,10,36,46,46,4,0.00878143310546875,-0.00878143310546875,-0.00878143310546875,1,46,True
+,10,37,10,37,47,47,0,0.01739501953125,-0.01739501953125,-0.01739501953125,1,47,True
+,10,38,10,38,48,48,2,0.0833740234375,-0.0833740234375,-0.0833740234375,1,48,True
+,10,39,10,39,49,49,0,0.01507568359375,-0.01507568359375,-0.01507568359375,1,49,True
+,10,40,10,40,50,50,10,0.037139892578125,-0.037139892578125,-0.037139892578125,1,50,True
+,10,41,10,41,51,51,0,0.0235595703125,-0.0235595703125,-0.0235595703125,1,51,True
+,10,42,10,42,52,52,0,0.2291259765625,-0.2291259765625,-0.2291259765625,1,52,True
+,10,43,10,43,53,53,0,0.12347412109375,-0.12347412109375,-0.12347412109375,1,53,True
+,10,44,10,44,54,54,0,0.12890625,-0.12890625,-0.12890625,1,54,True
+,10,45,10,45,55,55,10,0.089599609375,-0.089599609375,-0.089599609375,1,55,True
+,10,46,10,46,56,56,0,0.157958984375,-0.157958984375,-0.157958984375,1,56,True
+,10,47,10,47,57,57,0,0.153564453125,-0.153564453125,-0.153564453125,1,57,True
+,10,48,10,48,58,58,1,0.089599609375,-0.089599609375,-0.089599609375,1,58,True
+,10,49,10,49,59,59,1,0.059722900390625,-0.059722900390625,-0.059722900390625,1,59,True
+,10,50,10,50,60,60,13,0.08636474609375,-0.08636474609375,-0.08636474609375,1,60,True
+,10,51,10,51,61,61,0,0.06732177734375,-0.06732177734375,-0.06732177734375,1,61,True
+,10,52,10,52,62,62,0,0.139892578125,-0.139892578125,-0.139892578125,1,62,True
+,10,53,10,53,63,63,0,0.022308349609375,-0.022308349609375,-0.022308349609375,1,63,True
+,10,54,10,54,64,64,0,0.065185546875,-0.065185546875,-0.065185546875,1,64,True
+,10,55,10,55,65,65,3,0.027191162109375,-0.027191162109375,-0.027191162109375,1,65,True
+,10,56,10,56,66,66,0,0.01800537109375,-0.01800537109375,-0.01800537109375,1,66,True
+,10,57,10,57,67,67,0,0.06744384765625,-0.06744384765625,-0.06744384765625,1,67,True
+,10,58,10,58,68,68,0,0.330810546875,-0.330810546875,-0.330810546875,1,68,True
+,10,59,10,59,69,69,0,0.03851318359375,-0.03851318359375,-0.03851318359375,1,69,True
+,10,60,10,60,70,70,8,0.0160675048828125,-0.0160675048828125,-0.0160675048828125,1,70,True
+,10,61,10,61,71,71,0,0.068115234375,-0.068115234375,-0.068115234375,1,71,True
+,10,62,10,62,72,72,0,0.043426513671875,-0.043426513671875,-0.043426513671875,1,72,True
+,10,63,10,63,73,73,0,0.07037353515625,-0.07037353515625,-0.07037353515625,1,73,True
+,10,64,10,64,74,74,0,0.05029296875,-0.05029296875,-0.05029296875,1,74,True
+,10,65,10,65,75,75,1,0.0063934326171875,-0.0063934326171875,-0.0063934326171875,1,75,True
+,10,66,10,66,76,76,1,0.0166168212890625,-0.0166168212890625,-0.0166168212890625,1,76,True
+,10,67,10,67,77,77,0,0.020050048828125,-0.020050048828125,-0.020050048828125,1,77,True
+,10,68,10,68,78,78,0,0.016571044921875,-0.016571044921875,-0.016571044921875,1,78,True
+,10,69,10,69,79,79,0,0.1475830078125,-0.1475830078125,-0.1475830078125,1,79,True
+,10,70,10,70,80,80,4,0.0816650390625,-0.0816650390625,-0.0816650390625,1,80,True
+,10,71,10,71,81,81,0,0.00853729248046875,-0.00853729248046875,-0.00853729248046875,1,81,True
+,10,72,10,72,82,82,0,0.057037353515625,-0.057037353515625,-0.057037353515625,1,82,True
+,10,73,10,73,83,83,0,0.059661865234375,-0.059661865234375,-0.059661865234375,1,83,True
+,10,74,10,74,84,84,0,0.07171630859375,-0.07171630859375,-0.07171630859375,1,84,True
+,10,75,10,75,85,85,2,0.020172119140625,-0.020172119140625,-0.020172119140625,1,85,True
+,10,76,10,76,86,86,0,0.01554107666015625,-0.01554107666015625,-0.01554107666015625,1,86,True
+,10,77,10,77,87,87,0,0.0208892822265625,-0.0208892822265625,-0.0208892822265625,1,87,True
+,10,78,10,78,88,88,0,0.09405517578125,-0.09405517578125,-0.09405517578125,1,88,True
+,10,79,10,79,89,89,0,0.06640625,-0.06640625,-0.06640625,1,89,True
+,10,80,10,80,90,90,7,0.01788330078125,-0.01788330078125,-0.01788330078125,1,90,True
+,10,81,10,81,91,91,0,0.00946044921875,-0.00946044921875,-0.00946044921875,1,91,True
+,10,82,10,82,92,92,0,0.059356689453125,-0.059356689453125,-0.059356689453125,1,92,True
+,10,83,10,83,93,93,0,0.03424072265625,-0.03424072265625,-0.03424072265625,1,93,True
+,10,84,10,84,94,94,1,0.1043701171875,-0.1043701171875,-0.1043701171875,1,94,True
+,10,85,10,85,95,95,0,0.0941162109375,-0.0941162109375,-0.0941162109375,1,95,True
+,10,86,10,86,96,96,0,0.04736328125,-0.04736328125,-0.04736328125,1,96,True
+,10,87,10,87,97,97,0,0.0743408203125,-0.0743408203125,-0.0743408203125,1,97,True
+,10,88,10,88,98,98,0,0.055633544921875,-0.055633544921875,-0.055633544921875,1,98,True
+,10,89,10,89,99,99,0,0.1630859375,-0.1630859375,-0.1630859375,1,99,True
+,10,90,10,90,100,100,2,0.223388671875,-0.223388671875,-0.223388671875,1,100,True
+,10,91,10,91,101,101,0,0.366455078125,-0.366455078125,-0.366455078125,1,101,True
+,10,92,10,92,102,102,0,0.364990234375,-0.364990234375,-0.364990234375,1,102,True
+,10,93,10,93,103,103,2,0.61767578125,-0.61767578125,-0.61767578125,1,103,True
+,10,94,10,94,104,104,0,0.50439453125,-0.50439453125,-0.50439453125,1,104,True
+,10,95,10,95,105,105,1,0.521484375,-0.521484375,-0.521484375,1,105,True
+,10,96,10,96,106,106,0,0.057769775390625,-0.057769775390625,-0.057769775390625,1,106,True
+,10,97,10,97,107,107,0,0.4033203125,-0.4033203125,-0.4033203125,1,107,True
+,10,98,10,98,108,108,0,0.24951171875,-0.24951171875,-0.24951171875,1,108,True
+,10,99,10,99,109,109,0,1.1015625,-1.1015625,-1.1015625,1,119,False
+,11,10,11,10,21,21,22,0.0216064453125,-0.0216064453125,-0.0216064453125,1,21,True
+,11,11,11,11,22,22,32,0.038116455078125,-0.038116455078125,-0.038116455078125,1,22,True
+,11,12,11,12,23,23,20,0.0875244140625,-0.0875244140625,-0.0875244140625,1,23,True
+,11,13,11,13,24,24,17,0.0277557373046875,-0.0277557373046875,-0.0277557373046875,1,24,True
+,11,14,11,14,25,25,9,0.03662109375,-0.03662109375,-0.03662109375,1,25,True
+,11,15,11,15,26,26,12,0.0212860107421875,-0.0212860107421875,-0.0212860107421875,1,26,True
+,11,16,11,16,27,27,12,0.046417236328125,-0.046417236328125,-0.046417236328125,1,27,True
+,11,17,11,17,28,28,7,0.07025146484375,-0.07025146484375,-0.07025146484375,1,28,True
+,11,18,11,18,29,29,5,0.131591796875,-0.131591796875,-0.131591796875,1,29,True
+,11,19,11,19,30,30,3,0.06292724609375,-0.06292724609375,-0.06292724609375,1,30,True
+,11,20,11,20,31,31,4,0.0401611328125,-0.0401611328125,-0.0401611328125,1,31,True
+,11,21,11,21,32,32,4,0.042724609375,-0.042724609375,-0.042724609375,1,32,True
+,11,22,11,22,33,33,17,0.042755126953125,-0.042755126953125,-0.042755126953125,1,33,True
+,11,23,11,23,34,34,0,0.0460205078125,-0.0460205078125,-0.0460205078125,1,34,True
+,11,24,11,24,35,35,1,0.02972412109375,-0.02972412109375,-0.02972412109375,1,35,True
+,11,25,11,25,36,36,0,0.032073974609375,-0.032073974609375,-0.032073974609375,1,36,True
+,11,26,11,26,37,37,0,0.03424072265625,-0.03424072265625,-0.03424072265625,1,37,True
+,11,27,11,27,38,38,0,0.033538818359375,-0.033538818359375,-0.033538818359375,1,38,True
+,11,28,11,28,39,39,1,0.043853759765625,-0.043853759765625,-0.043853759765625,1,39,True
+,11,29,11,29,40,40,1,0.12384033203125,-0.12384033203125,-0.12384033203125,1,40,True
+,11,30,11,30,41,41,2,0.01385498046875,-0.01385498046875,-0.01385498046875,1,41,True
+,11,31,11,31,42,42,1,0.0245513916015625,-0.0245513916015625,-0.0245513916015625,1,42,True
+,11,32,11,32,43,43,1,0.050506591796875,-0.050506591796875,-0.050506591796875,1,43,True
+,11,33,11,33,44,44,0,0.0187225341796875,-0.0187225341796875,-0.0187225341796875,1,44,True
+,11,34,11,34,45,45,1,0.05029296875,-0.05029296875,-0.05029296875,1,45,True
+,11,35,11,35,46,46,1,0.018890380859375,-0.018890380859375,-0.018890380859375,1,46,True
+,11,36,11,36,47,47,1,0.0203857421875,-0.0203857421875,-0.0203857421875,1,47,True
+,11,37,11,37,48,48,0,0.016754150390625,-0.016754150390625,-0.016754150390625,1,48,True
+,11,38,11,38,49,49,1,0.0882568359375,-0.0882568359375,-0.0882568359375,1,49,True
+,11,39,11,39,50,50,2,0.01161956787109375,-0.01161956787109375,-0.01161956787109375,1,50,True
+,11,40,11,40,51,51,1,0.05450439453125,-0.05450439453125,-0.05450439453125,1,51,True
+,11,41,11,41,52,52,1,0.09112548828125,-0.09112548828125,-0.09112548828125,1,52,True
+,11,42,11,42,53,53,1,0.162353515625,-0.162353515625,-0.162353515625,1,53,True
+,11,43,11,43,54,54,0,0.1007080078125,-0.1007080078125,-0.1007080078125,1,54,True
+,11,44,11,44,55,55,0,0.22314453125,-0.22314453125,-0.22314453125,1,55,True
+,11,45,11,45,56,56,2,0.096923828125,-0.096923828125,-0.096923828125,1,56,True
+,11,46,11,46,57,57,0,0.26953125,-0.26953125,-0.26953125,1,57,True
+,11,47,11,47,58,58,0,0.53271484375,-0.53271484375,-0.53271484375,1,58,True
+,11,48,11,48,59,59,1,0.06671142578125,-0.06671142578125,-0.06671142578125,1,59,True
+,11,49,11,49,60,60,0,0.1058349609375,-0.1058349609375,-0.1058349609375,1,60,True
+,11,50,11,50,61,61,1,0.09405517578125,-0.09405517578125,-0.09405517578125,1,61,True
+,11,51,11,51,62,62,0,0.06781005859375,-0.06781005859375,-0.06781005859375,1,62,True
+,11,52,11,52,63,63,0,0.035400390625,-0.035400390625,-0.035400390625,1,63,True
+,11,53,11,53,64,64,0,0.11077880859375,-0.11077880859375,-0.11077880859375,1,64,True
+,11,54,11,54,65,65,1,0.0672607421875,-0.0672607421875,-0.0672607421875,1,65,True
+,11,55,11,55,66,66,1,0.039459228515625,-0.039459228515625,-0.039459228515625,1,66,True
+,11,56,11,56,67,67,0,0.0528564453125,-0.0528564453125,-0.0528564453125,1,67,True
+,11,57,11,57,68,68,1,0.055023193359375,-0.055023193359375,-0.055023193359375,1,68,True
+,11,58,11,58,69,69,0,0.190673828125,-0.190673828125,-0.190673828125,1,69,True
+,11,59,11,59,70,70,1,0.135986328125,-0.135986328125,-0.135986328125,1,70,True
+,11,60,11,60,71,71,1,0.007205963134765625,-0.007205963134765625,-0.007205963134765625,1,71,True
+,11,61,11,61,72,72,1,0.056243896484375,-0.056243896484375,-0.056243896484375,1,72,True
+,11,62,11,62,73,73,0,0.126708984375,-0.126708984375,-0.126708984375,1,73,True
+,11,63,11,63,74,74,1,0.065673828125,-0.065673828125,-0.065673828125,1,74,True
+,11,64,11,64,75,75,0,0.06292724609375,-0.06292724609375,-0.06292724609375,1,75,True
+,11,65,11,65,76,76,3,0.0306243896484375,-0.0306243896484375,-0.0306243896484375,1,76,True
+,11,66,11,66,77,77,0,0.01904296875,-0.01904296875,-0.01904296875,1,77,True
+,11,67,11,67,78,78,1,0.0267181396484375,-0.0267181396484375,-0.0267181396484375,1,78,True
+,11,68,11,68,79,79,0,0.08172607421875,-0.08172607421875,-0.08172607421875,1,79,True
+,11,69,11,69,80,80,0,0.0396728515625,-0.0396728515625,-0.0396728515625,1,80,True
+,11,70,11,70,81,81,0,0.01058197021484375,-0.01058197021484375,-0.01058197021484375,1,81,True
+,11,71,11,71,82,82,0,0.0704345703125,-0.0704345703125,-0.0704345703125,1,82,True
+,11,72,11,72,83,83,0,0.040130615234375,-0.040130615234375,-0.040130615234375,1,83,True
+,11,73,11,73,84,84,0,0.0374755859375,-0.0374755859375,-0.0374755859375,1,84,True
+,11,74,11,74,85,85,0,0.11712646484375,-0.11712646484375,-0.11712646484375,1,85,True
+,11,75,11,75,86,86,0,0.031341552734375,-0.031341552734375,-0.031341552734375,1,86,True
+,11,76,11,76,87,87,0,0.018096923828125,-0.018096923828125,-0.018096923828125,1,87,True
+,11,77,11,77,88,88,0,0.0670166015625,-0.0670166015625,-0.0670166015625,1,88,True
+,11,78,11,78,89,89,0,0.0286712646484375,-0.0286712646484375,-0.0286712646484375,1,89,True
+,11,79,11,79,90,90,0,0.10235595703125,-0.10235595703125,-0.10235595703125,1,90,True
+,11,80,11,80,91,91,1,0.06787109375,-0.06787109375,-0.06787109375,1,91,True
+,11,81,11,81,92,92,0,0.057525634765625,-0.057525634765625,-0.057525634765625,1,92,True
+,11,82,11,82,93,93,0,0.05645751953125,-0.05645751953125,-0.05645751953125,1,93,True
+,11,83,11,83,94,94,0,0.20751953125,-0.20751953125,-0.20751953125,1,94,True
+,11,84,11,84,95,95,0,0.06463623046875,-0.06463623046875,-0.06463623046875,1,95,True
+,11,85,11,85,96,96,0,0.0239410400390625,-0.0239410400390625,-0.0239410400390625,1,96,True
+,11,86,11,86,97,97,0,0.07647705078125,-0.07647705078125,-0.07647705078125,1,97,True
+,11,87,11,87,98,98,0,0.1751708984375,-0.1751708984375,-0.1751708984375,1,98,True
+,11,88,11,88,99,99,0,0.02825927734375,-0.02825927734375,-0.02825927734375,1,99,True
+,11,89,11,89,100,100,2,0.2073974609375,-0.2073974609375,-0.2073974609375,1,100,True
+,11,90,11,90,101,101,1,0.058349609375,-0.058349609375,-0.058349609375,1,101,True
+,11,91,11,91,102,102,0,0.80859375,-0.80859375,-0.80859375,1,102,True
+,11,92,11,92,103,103,0,0.6298828125,-0.6298828125,-0.6298828125,1,103,True
+,11,93,11,93,104,104,0,0.2177734375,-0.2177734375,-0.2177734375,1,104,True
+,11,94,11,94,105,105,0,0.681640625,-0.681640625,-0.681640625,1,105,True
+,11,95,11,95,106,106,0,0.83837890625,-0.83837890625,-0.83837890625,1,106,True
+,11,96,11,96,107,107,0,0.172607421875,-0.172607421875,-0.172607421875,1,107,True
+,11,97,11,97,108,108,0,0.290283203125,-0.290283203125,-0.290283203125,1,108,True
+,11,98,11,98,109,109,0,0.136962890625,-0.136962890625,-0.136962890625,1,109,True
+,11,99,11,99,110,110,1,0.64990234375,-0.64990234375,-0.64990234375,1,110,True
+,12,10,12,10,22,22,29,0.016845703125,-0.016845703125,-0.016845703125,1,22,True
+,12,11,12,11,23,23,13,0.0290985107421875,-0.0290985107421875,-0.0290985107421875,1,23,True
+,12,12,12,12,24,24,83,0.02484130859375,-0.02484130859375,-0.02484130859375,1,24,True
+,12,13,12,13,25,25,17,0.0640869140625,-0.0640869140625,-0.0640869140625,1,25,True
+,12,14,12,14,26,26,24,0.02191162109375,-0.02191162109375,-0.02191162109375,1,26,True
+,12,15,12,15,27,27,39,0.050811767578125,-0.050811767578125,-0.050811767578125,1,27,True
+,12,16,12,16,28,28,22,0.009185791015625,-0.009185791015625,-0.009185791015625,1,28,True
+,12,17,12,17,29,29,11,0.0262451171875,-0.0262451171875,-0.0262451171875,1,29,True
+,12,18,12,18,30,30,15,0.027008056640625,-0.027008056640625,-0.027008056640625,1,30,True
+,12,19,12,19,31,31,5,0.0189361572265625,-0.0189361572265625,-0.0189361572265625,1,31,True
+,12,20,12,20,32,32,16,0.05816650390625,-0.05816650390625,-0.05816650390625,1,32,True
+,12,21,12,21,33,33,13,0.0236968994140625,-0.0236968994140625,-0.0236968994140625,1,33,True
+,12,22,12,22,34,34,14,0.1253662109375,-0.1253662109375,-0.1253662109375,1,34,True
+,12,23,12,23,35,35,1,0.08868408203125,-0.08868408203125,-0.08868408203125,1,35,True
+,12,24,12,24,36,36,13,0.050750732421875,-0.050750732421875,-0.050750732421875,1,36,True
+,12,25,12,25,37,37,2,0.0210418701171875,-0.0210418701171875,-0.0210418701171875,1,37,True
+,12,26,12,26,38,38,4,0.03759765625,-0.03759765625,-0.03759765625,1,38,True
+,12,27,12,27,39,39,4,0.0248870849609375,-0.0248870849609375,-0.0248870849609375,1,39,True
+,12,28,12,28,40,40,2,0.2010498046875,-0.2010498046875,-0.2010498046875,1,40,True
+,12,29,12,29,41,41,2,0.040008544921875,-0.040008544921875,-0.040008544921875,1,41,True
+,12,30,12,30,42,42,6,0.01485443115234375,-0.01485443115234375,-0.01485443115234375,1,42,True
+,12,31,12,31,43,43,4,0.029022216796875,-0.029022216796875,-0.029022216796875,1,43,True
+,12,32,12,32,44,44,4,0.63037109375,-0.63037109375,-0.63037109375,1,44,True
+,12,33,12,33,45,45,3,0.02288818359375,-0.02288818359375,-0.02288818359375,1,45,True
+,12,34,12,34,46,46,13,0.029541015625,-0.029541015625,-0.029541015625,1,46,True
+,12,35,12,35,47,47,2,0.02337646484375,-0.02337646484375,-0.02337646484375,1,47,True
+,12,36,12,36,48,48,8,0.06201171875,-0.06201171875,-0.06201171875,1,48,True
+,12,37,12,37,49,49,1,0.0166778564453125,-0.0166778564453125,-0.0166778564453125,1,49,True
+,12,38,12,38,50,50,1,0.02093505859375,-0.02093505859375,-0.02093505859375,1,50,True
+,12,39,12,39,51,51,1,0.0139312744140625,-0.0139312744140625,-0.0139312744140625,1,51,True
+,12,40,12,40,52,52,2,0.0306854248046875,-0.0306854248046875,-0.0306854248046875,1,52,True
+,12,41,12,41,53,53,0,0.0266265869140625,-0.0266265869140625,-0.0266265869140625,1,53,True
+,12,42,12,42,54,54,0,0.10955810546875,-0.10955810546875,-0.10955810546875,1,54,True
+,12,43,12,43,55,55,1,0.05340576171875,-0.05340576171875,-0.05340576171875,1,55,True
+,12,44,12,44,56,56,0,0.153564453125,-0.153564453125,-0.153564453125,1,56,True
+,12,45,12,45,57,57,1,0.042266845703125,-0.042266845703125,-0.042266845703125,1,57,True
+,12,46,12,46,58,58,0,0.039520263671875,-0.039520263671875,-0.039520263671875,1,58,True
+,12,47,12,47,59,59,1,0.061798095703125,-0.061798095703125,-0.061798095703125,1,59,True
+,12,48,12,48,60,60,8,0.0465087890625,-0.0465087890625,-0.0465087890625,1,60,True
+,12,49,12,49,61,61,1,0.09423828125,-0.09423828125,-0.09423828125,1,61,True
+,12,50,12,50,62,62,4,0.0102996826171875,-0.0102996826171875,-0.0102996826171875,1,62,True
+,12,51,12,51,63,63,0,0.02447509765625,-0.02447509765625,-0.02447509765625,1,63,True
+,12,52,12,52,64,64,0,0.2529296875,-0.2529296875,-0.2529296875,1,64,True
+,12,53,12,53,65,65,0,0.031585693359375,-0.031585693359375,-0.031585693359375,1,65,True
+,12,54,12,54,66,66,0,0.047576904296875,-0.047576904296875,-0.047576904296875,1,66,True
+,12,55,12,55,67,67,0,0.057891845703125,-0.057891845703125,-0.057891845703125,1,67,True
+,12,56,12,56,68,68,0,0.06646728515625,-0.06646728515625,-0.06646728515625,1,68,True
+,12,57,12,57,69,69,0,0.01042938232421875,-0.01042938232421875,-0.01042938232421875,1,69,True
+,12,58,12,58,70,70,0,0.1094970703125,-0.1094970703125,-0.1094970703125,1,70,True
+,12,59,12,59,71,71,0,0.0159759521484375,-0.0159759521484375,-0.0159759521484375,1,71,True
+,12,60,12,60,72,72,2,0.0186920166015625,-0.0186920166015625,-0.0186920166015625,1,72,True
+,12,61,12,61,73,73,0,0.0699462890625,-0.0699462890625,-0.0699462890625,1,73,True
+,12,62,12,62,74,74,0,0.1368408203125,-0.1368408203125,-0.1368408203125,1,74,True
+,12,63,12,63,75,75,0,0.0672607421875,-0.0672607421875,-0.0672607421875,1,75,True
+,12,64,12,64,76,76,5,0.0218658447265625,-0.0218658447265625,-0.0218658447265625,1,76,True
+,12,65,12,65,77,77,2,0.01702880859375,-0.01702880859375,-0.01702880859375,1,77,True
+,12,66,12,66,78,78,0,0.00473785400390625,-0.00473785400390625,-0.00473785400390625,1,78,True
+,12,67,12,67,79,79,1,0.08489990234375,-0.08489990234375,-0.08489990234375,1,79,True
+,12,68,12,68,80,80,0,0.06646728515625,-0.06646728515625,-0.06646728515625,1,80,True
+,12,69,12,69,81,81,1,0.0382080078125,-0.0382080078125,-0.0382080078125,1,81,True
+,12,70,12,70,82,82,0,0.012298583984375,-0.012298583984375,-0.012298583984375,1,82,True
+,12,71,12,71,83,83,0,0.0118255615234375,-0.0118255615234375,-0.0118255615234375,1,83,True
+,12,72,12,72,84,84,1,0.1708984375,-0.1708984375,-0.1708984375,1,84,True
+,12,73,12,73,85,85,0,0.040283203125,-0.040283203125,-0.040283203125,1,85,True
+,12,74,12,74,86,86,0,0.08709716796875,-0.08709716796875,-0.08709716796875,1,86,True
+,12,75,12,75,87,87,0,0.00846099853515625,-0.00846099853515625,-0.00846099853515625,1,87,True
+,12,76,12,76,88,88,0,0.0792236328125,-0.0792236328125,-0.0792236328125,1,88,True
+,12,77,12,77,89,89,0,0.01212310791015625,-0.01212310791015625,-0.01212310791015625,1,89,True
+,12,78,12,78,90,90,0,0.01465606689453125,-0.01465606689453125,-0.01465606689453125,1,90,True
+,12,79,12,79,91,91,0,0.020233154296875,-0.020233154296875,-0.020233154296875,1,91,True
+,12,80,12,80,92,92,2,0.00897979736328125,-0.00897979736328125,-0.00897979736328125,1,92,True
+,12,81,12,81,93,93,0,0.0195159912109375,-0.0195159912109375,-0.0195159912109375,1,93,True
+,12,82,12,82,94,94,0,0.09588623046875,-0.09588623046875,-0.09588623046875,1,94,True
+,12,83,12,83,95,95,0,0.08636474609375,-0.08636474609375,-0.08636474609375,1,95,True
+,12,84,12,84,96,96,0,0.35986328125,-0.35986328125,-0.35986328125,1,96,True
+,12,85,12,85,97,97,1,0.0364990234375,-0.0364990234375,-0.0364990234375,1,97,True
+,12,86,12,86,98,98,0,0.0225830078125,-0.0225830078125,-0.0225830078125,1,98,True
+,12,87,12,87,99,99,0,0.0226898193359375,-0.0226898193359375,-0.0226898193359375,1,99,True
+,12,88,12,88,100,100,0,0.03436279296875,-0.03436279296875,-0.03436279296875,1,100,True
+,12,89,12,89,101,101,0,0.07666015625,-0.07666015625,-0.07666015625,1,101,True
+,12,90,12,90,102,102,0,0.016571044921875,-0.016571044921875,-0.016571044921875,1,102,True
+,12,91,12,91,103,103,0,0.5302734375,-0.5302734375,-0.5302734375,1,103,True
+,12,92,12,92,104,104,0,0.599609375,-0.599609375,-0.599609375,1,104,True
+,12,93,12,93,105,105,0,0.1307373046875,-0.1307373046875,-0.1307373046875,1,105,True
+,12,94,12,94,106,106,0,0.2283935546875,-0.2283935546875,-0.2283935546875,1,106,True
+,12,95,12,95,107,107,0,0.204345703125,-0.204345703125,-0.204345703125,1,107,True
+,12,96,12,96,108,108,3,0.0361328125,-0.0361328125,-0.0361328125,1,108,True
+,12,97,12,97,109,109,0,0.27587890625,-0.27587890625,-0.27587890625,1,109,True
+,12,98,12,98,110,110,4,0.188720703125,-0.188720703125,-0.188720703125,1,110,True
+,12,99,12,99,111,111,3,0.38427734375,-0.38427734375,-0.38427734375,1,111,True
+,13,10,13,10,23,23,14,0.0150909423828125,-0.0150909423828125,-0.0150909423828125,1,23,True
+,13,11,13,11,24,24,15,0.0184326171875,-0.0184326171875,-0.0184326171875,1,24,True
+,13,12,13,12,25,25,10,0.0640869140625,-0.0640869140625,-0.0640869140625,1,25,True
+,13,13,13,13,26,26,24,0.09124755859375,-0.09124755859375,-0.09124755859375,1,26,True
+,13,14,13,14,27,27,9,0.0323486328125,-0.0323486328125,-0.0323486328125,1,27,True
+,13,15,13,15,28,28,18,0.009918212890625,-0.009918212890625,-0.009918212890625,1,28,True
+,13,16,13,16,29,29,7,0.0291290283203125,-0.0291290283203125,-0.0291290283203125,1,29,True
+,13,17,13,17,30,30,0,0.01445770263671875,-0.01445770263671875,-0.01445770263671875,1,30,True
+,13,18,13,18,31,31,10,0.030609130859375,-0.030609130859375,-0.030609130859375,1,31,True
+,13,19,13,19,32,32,3,0.06317138671875,-0.06317138671875,-0.06317138671875,1,32,True
+,13,20,13,20,33,33,5,0.0237274169921875,-0.0237274169921875,-0.0237274169921875,1,33,True
+,13,21,13,21,34,34,23,0.02984619140625,-0.02984619140625,-0.02984619140625,1,34,True
+,13,22,13,22,35,35,4,0.071533203125,-0.071533203125,-0.071533203125,1,35,True
+,13,23,13,23,36,36,7,0.2039794921875,-0.2039794921875,-0.2039794921875,1,36,True
+,13,24,13,24,37,37,2,0.03680419921875,-0.03680419921875,-0.03680419921875,1,37,True
+,13,25,13,25,38,38,4,0.03570556640625,-0.03570556640625,-0.03570556640625,1,38,True
+,13,26,13,26,39,39,1,0.02276611328125,-0.02276611328125,-0.02276611328125,1,39,True
+,13,27,13,27,40,40,0,0.057525634765625,-0.057525634765625,-0.057525634765625,1,40,True
+,13,28,13,28,41,41,4,0.04205322265625,-0.04205322265625,-0.04205322265625,1,41,True
+,13,29,13,29,42,42,4,0.03802490234375,-0.03802490234375,-0.03802490234375,1,42,True
+,13,30,13,30,43,43,3,0.0225982666015625,-0.0225982666015625,-0.0225982666015625,1,43,True
+,13,31,13,31,44,44,4,0.044342041015625,-0.044342041015625,-0.044342041015625,1,44,True
+,13,32,13,32,45,45,1,0.034698486328125,-0.034698486328125,-0.034698486328125,1,45,True
+,13,33,13,33,46,46,1,0.2039794921875,-0.2039794921875,-0.2039794921875,1,46,True
+,13,34,13,34,47,47,0,0.0643310546875,-0.0643310546875,-0.0643310546875,1,47,True
+,13,35,13,35,48,48,0,0.023162841796875,-0.023162841796875,-0.023162841796875,1,48,True
+,13,36,13,36,49,49,3,0.10418701171875,-0.10418701171875,-0.10418701171875,1,49,True
+,13,37,13,37,50,50,0,0.03668212890625,-0.03668212890625,-0.03668212890625,1,50,True
+,13,38,13,38,51,51,1,0.0180206298828125,-0.0180206298828125,-0.0180206298828125,1,51,True
+,13,39,13,39,52,52,0,0.0079803466796875,-0.0079803466796875,-0.0079803466796875,1,52,True
+,13,40,13,40,53,53,0,0.0258941650390625,-0.0258941650390625,-0.0258941650390625,1,53,True
+,13,41,13,41,54,54,0,0.0212249755859375,-0.0212249755859375,-0.0212249755859375,1,54,True
+,13,42,13,42,55,55,0,0.06915283203125,-0.06915283203125,-0.06915283203125,1,55,True
+,13,43,13,43,56,56,0,0.07342529296875,-0.07342529296875,-0.07342529296875,1,56,True
+,13,44,13,44,57,57,0,0.04425048828125,-0.04425048828125,-0.04425048828125,1,57,True
+,13,45,13,45,58,58,2,0.0765380859375,-0.0765380859375,-0.0765380859375,1,58,True
+,13,46,13,46,59,59,0,0.11114501953125,-0.11114501953125,-0.11114501953125,1,59,True
+,13,47,13,47,60,60,0,0.0870361328125,-0.0870361328125,-0.0870361328125,1,60,True
+,13,48,13,48,61,61,1,0.03839111328125,-0.03839111328125,-0.03839111328125,1,61,True
+,13,49,13,49,62,62,1,0.037353515625,-0.037353515625,-0.037353515625,1,62,True
+,13,50,13,50,63,63,1,0.033294677734375,-0.033294677734375,-0.033294677734375,1,63,True
+,13,51,13,51,64,64,1,0.11724853515625,-0.11724853515625,-0.11724853515625,1,64,True
+,13,52,13,52,65,65,0,0.0390625,-0.0390625,-0.0390625,1,65,True
+,13,53,13,53,66,66,2,0.07037353515625,-0.07037353515625,-0.07037353515625,1,66,True
+,13,54,13,54,67,67,1,0.1729736328125,-0.1729736328125,-0.1729736328125,1,67,True
+,13,55,13,55,68,68,1,0.06817626953125,-0.06817626953125,-0.06817626953125,1,68,True
+,13,56,13,56,69,69,2,0.09466552734375,-0.09466552734375,-0.09466552734375,1,69,True
+,13,57,13,57,70,70,1,0.1068115234375,-0.1068115234375,-0.1068115234375,1,70,True
+,13,58,13,58,71,71,0,0.0816650390625,-0.0816650390625,-0.0816650390625,1,71,True
+,13,59,13,59,72,72,0,0.0232086181640625,-0.0232086181640625,-0.0232086181640625,1,72,True
+,13,60,13,60,73,73,1,0.038177490234375,-0.038177490234375,-0.038177490234375,1,73,True
+,13,61,13,61,74,74,0,0.052154541015625,-0.052154541015625,-0.052154541015625,1,74,True
+,13,62,13,62,75,75,0,0.0189361572265625,-0.0189361572265625,-0.0189361572265625,1,75,True
+,13,63,13,63,76,76,0,0.09112548828125,-0.09112548828125,-0.09112548828125,1,76,True
+,13,64,13,64,77,77,0,0.062164306640625,-0.062164306640625,-0.062164306640625,1,77,True
+,13,65,13,65,78,78,1,0.059173583984375,-0.059173583984375,-0.059173583984375,1,78,True
+,13,66,13,66,79,79,0,0.04620361328125,-0.04620361328125,-0.04620361328125,1,79,True
+,13,67,13,67,80,80,0,0.06341552734375,-0.06341552734375,-0.06341552734375,1,80,True
+,13,68,13,68,81,81,0,0.055206298828125,-0.055206298828125,-0.055206298828125,1,81,True
+,13,69,13,69,82,82,0,0.1708984375,-0.1708984375,-0.1708984375,1,82,True
+,13,70,13,70,83,83,0,0.0760498046875,-0.0760498046875,-0.0760498046875,1,83,True
+,13,71,13,71,84,84,1,0.0309295654296875,-0.0309295654296875,-0.0309295654296875,1,84,True
+,13,72,13,72,85,85,0,0.078369140625,-0.078369140625,-0.078369140625,1,85,True
+,13,73,13,73,86,86,0,0.0928955078125,-0.0928955078125,-0.0928955078125,1,86,True
+,13,74,13,74,87,87,0,0.0382080078125,-0.0382080078125,-0.0382080078125,1,87,True
+,13,75,13,75,88,88,0,0.07672119140625,-0.07672119140625,-0.07672119140625,1,88,True
+,13,76,13,76,89,89,0,0.12310791015625,-0.12310791015625,-0.12310791015625,1,89,True
+,13,77,13,77,90,90,0,0.10272216796875,-0.10272216796875,-0.10272216796875,1,90,True
+,13,78,13,78,91,91,0,0.050201416015625,-0.050201416015625,-0.050201416015625,1,91,True
+,13,79,13,79,92,92,1,0.0806884765625,-0.0806884765625,-0.0806884765625,1,92,True
+,13,80,13,80,93,93,1,0.01253509521484375,-0.01253509521484375,-0.01253509521484375,1,93,True
+,13,81,13,81,94,94,0,0.039703369140625,-0.039703369140625,-0.039703369140625,1,94,True
+,13,82,13,82,95,95,0,0.08538818359375,-0.08538818359375,-0.08538818359375,1,95,True
+,13,83,13,83,96,96,0,0.09930419921875,-0.09930419921875,-0.09930419921875,1,96,True
+,13,84,13,84,97,97,0,0.1661376953125,-0.1661376953125,-0.1661376953125,1,97,True
+,13,85,13,85,98,98,0,0.320068359375,-0.320068359375,-0.320068359375,1,98,True
+,13,86,13,86,99,99,0,0.1256103515625,-0.1256103515625,-0.1256103515625,1,99,True
+,13,87,13,87,100,100,0,0.104248046875,-0.104248046875,-0.104248046875,1,100,True
+,13,88,13,88,101,101,0,0.2265625,-0.2265625,-0.2265625,1,101,True
+,13,89,13,89,102,102,0,0.2327880859375,-0.2327880859375,-0.2327880859375,1,102,True
+,13,90,13,90,103,103,0,0.1995849609375,-0.1995849609375,-0.1995849609375,1,103,True
+,13,91,13,91,104,104,0,0.67919921875,-0.67919921875,-0.67919921875,1,104,True
+,13,92,13,92,105,105,0,0.346923828125,-0.346923828125,-0.346923828125,1,105,True
+,13,93,13,93,106,106,0,1.2021484375,-1.2021484375,-1.2021484375,1,116,False
+,13,94,13,94,107,107,0,0.85009765625,-0.85009765625,-0.85009765625,1,117,False
+,13,95,13,95,108,108,0,0.34423828125,-0.34423828125,-0.34423828125,1,108,True
+,13,96,13,96,109,109,0,0.19189453125,-0.19189453125,-0.19189453125,1,109,True
+,13,97,13,97,110,110,0,0.88623046875,-0.88623046875,-0.88623046875,1,110,True
+,13,98,13,98,111,111,0,0.303466796875,-0.303466796875,-0.303466796875,1,111,True
+,13,99,13,99,112,112,0,0.89453125,-0.89453125,-0.89453125,1,122,False
+,14,10,14,10,24,24,16,0.021728515625,-0.021728515625,-0.021728515625,1,24,True
+,14,11,14,11,25,25,4,0.03814697265625,-0.03814697265625,-0.03814697265625,1,25,True
+,14,12,14,12,26,26,9,0.035430908203125,-0.035430908203125,-0.035430908203125,1,26,True
+,14,13,14,13,27,27,7,0.037200927734375,-0.037200927734375,-0.037200927734375,1,27,True
+,14,14,14,14,28,28,21,0.05615234375,-0.05615234375,-0.05615234375,1,28,True
+,14,15,14,15,29,29,16,0.06878662109375,-0.06878662109375,-0.06878662109375,1,29,True
+,14,16,14,16,30,30,14,0.0180511474609375,-0.0180511474609375,-0.0180511474609375,1,30,True
+,14,17,14,17,31,31,6,0.02764892578125,-0.02764892578125,-0.02764892578125,1,31,True
+,14,18,14,18,32,32,8,0.07366943359375,-0.07366943359375,-0.07366943359375,1,32,True
+,14,19,14,19,33,33,4,0.040374755859375,-0.040374755859375,-0.040374755859375,1,33,True
+,14,20,14,20,34,34,5,0.0239410400390625,-0.0239410400390625,-0.0239410400390625,1,34,True
+,14,21,14,21,35,35,7,0.10003662109375,-0.10003662109375,-0.10003662109375,1,35,True
+,14,22,14,22,36,36,4,0.2919921875,-0.2919921875,-0.2919921875,1,36,True
+,14,23,14,23,37,37,4,0.258544921875,-0.258544921875,-0.258544921875,1,37,True
+,14,24,14,24,38,38,3,0.080810546875,-0.080810546875,-0.080810546875,1,38,True
+,14,25,14,25,39,39,3,0.0215911865234375,-0.0215911865234375,-0.0215911865234375,1,39,True
+,14,26,14,26,40,40,3,0.1170654296875,-0.1170654296875,-0.1170654296875,1,40,True
+,14,27,14,27,41,41,1,0.050537109375,-0.050537109375,-0.050537109375,1,41,True
+,14,28,14,28,42,42,8,0.03729248046875,-0.03729248046875,-0.03729248046875,1,42,True
+,14,29,14,29,43,43,1,0.04925537109375,-0.04925537109375,-0.04925537109375,1,43,True
+,14,30,14,30,44,44,0,0.00592803955078125,-0.00592803955078125,-0.00592803955078125,1,44,True
+,14,31,14,31,45,45,1,0.0221405029296875,-0.0221405029296875,-0.0221405029296875,1,45,True
+,14,32,14,32,46,46,2,0.026031494140625,-0.026031494140625,-0.026031494140625,1,46,True
+,14,33,14,33,47,47,1,0.1217041015625,-0.1217041015625,-0.1217041015625,1,47,True
+,14,34,14,34,48,48,0,0.07763671875,-0.07763671875,-0.07763671875,1,48,True
+,14,35,14,35,49,49,1,0.046295166015625,-0.046295166015625,-0.046295166015625,1,49,True
+,14,36,14,36,50,50,0,0.07598876953125,-0.07598876953125,-0.07598876953125,1,50,True
+,14,37,14,37,51,51,0,0.03936767578125,-0.03936767578125,-0.03936767578125,1,51,True
+,14,38,14,38,52,52,1,0.160400390625,-0.160400390625,-0.160400390625,1,52,True
+,14,39,14,39,53,53,2,0.018402099609375,-0.018402099609375,-0.018402099609375,1,53,True
+,14,40,14,40,54,54,14,0.01849365234375,-0.01849365234375,-0.01849365234375,1,54,True
+,14,41,14,41,55,55,3,0.04669189453125,-0.04669189453125,-0.04669189453125,1,55,True
+,14,42,14,42,56,56,1,0.2435302734375,-0.2435302734375,-0.2435302734375,1,56,True
+,14,43,14,43,57,57,0,0.0263824462890625,-0.0263824462890625,-0.0263824462890625,1,57,True
+,14,44,14,44,58,58,0,0.045501708984375,-0.045501708984375,-0.045501708984375,1,58,True
+,14,45,14,45,59,59,0,0.01039886474609375,-0.01039886474609375,-0.01039886474609375,1,59,True
+,14,46,14,46,60,60,0,0.06591796875,-0.06591796875,-0.06591796875,1,60,True
+,14,47,14,47,61,61,0,0.083740234375,-0.083740234375,-0.083740234375,1,61,True
+,14,48,14,48,62,62,0,0.0052947998046875,-0.0052947998046875,-0.0052947998046875,1,62,True
+,14,49,14,49,63,63,1,0.028533935546875,-0.028533935546875,-0.028533935546875,1,63,True
+,14,50,14,50,64,64,1,0.0765380859375,-0.0765380859375,-0.0765380859375,1,64,True
+,14,51,14,51,65,65,0,0.04931640625,-0.04931640625,-0.04931640625,1,65,True
+,14,52,14,52,66,66,0,0.05462646484375,-0.05462646484375,-0.05462646484375,1,66,True
+,14,53,14,53,67,67,0,0.040557861328125,-0.040557861328125,-0.040557861328125,1,67,True
+,14,54,14,54,68,68,0,0.210693359375,-0.210693359375,-0.210693359375,1,68,True
+,14,55,14,55,69,69,0,0.10467529296875,-0.10467529296875,-0.10467529296875,1,69,True
+,14,56,14,56,70,70,0,0.1138916015625,-0.1138916015625,-0.1138916015625,1,70,True
+,14,57,14,57,71,71,0,0.103271484375,-0.103271484375,-0.103271484375,1,71,True
+,14,58,14,58,72,72,0,0.15576171875,-0.15576171875,-0.15576171875,1,72,True
+,14,59,14,59,73,73,0,0.154296875,-0.154296875,-0.154296875,1,73,True
+,14,60,14,60,74,74,0,0.01239013671875,-0.01239013671875,-0.01239013671875,1,74,True
+,14,61,14,61,75,75,0,0.07086181640625,-0.07086181640625,-0.07086181640625,1,75,True
+,14,62,14,62,76,76,0,0.162109375,-0.162109375,-0.162109375,1,76,True
+,14,63,14,63,77,77,0,0.1021728515625,-0.1021728515625,-0.1021728515625,1,77,True
+,14,64,14,64,78,78,1,0.1011962890625,-0.1011962890625,-0.1011962890625,1,78,True
+,14,65,14,65,79,79,1,0.149169921875,-0.149169921875,-0.149169921875,1,79,True
+,14,66,14,66,80,80,0,0.03173828125,-0.03173828125,-0.03173828125,1,80,True
+,14,67,14,67,81,81,0,0.1090087890625,-0.1090087890625,-0.1090087890625,1,81,True
+,14,68,14,68,82,82,0,0.020965576171875,-0.020965576171875,-0.020965576171875,1,82,True
+,14,69,14,69,83,83,0,0.018310546875,-0.018310546875,-0.018310546875,1,83,True
+,14,70,14,70,84,84,2,0.052093505859375,-0.052093505859375,-0.052093505859375,1,84,True
+,14,71,14,71,85,85,0,0.03948974609375,-0.03948974609375,-0.03948974609375,1,85,True
+,14,72,14,72,86,86,1,0.053466796875,-0.053466796875,-0.053466796875,1,86,True
+,14,73,14,73,87,87,0,0.054473876953125,-0.054473876953125,-0.054473876953125,1,87,True
+,14,74,14,74,88,88,0,0.312255859375,-0.312255859375,-0.312255859375,1,88,True
+,14,75,14,75,89,89,0,0.018341064453125,-0.018341064453125,-0.018341064453125,1,89,True
+,14,76,14,76,90,90,0,0.03887939453125,-0.03887939453125,-0.03887939453125,1,90,True
+,14,77,14,77,91,91,0,0.1748046875,-0.1748046875,-0.1748046875,1,91,True
+,14,78,14,78,92,92,0,0.09698486328125,-0.09698486328125,-0.09698486328125,1,92,True
+,14,79,14,79,93,93,0,0.0364990234375,-0.0364990234375,-0.0364990234375,1,93,True
+,14,80,14,80,94,94,0,0.0086822509765625,-0.0086822509765625,-0.0086822509765625,1,94,True
+,14,81,14,81,95,95,0,0.0194244384765625,-0.0194244384765625,-0.0194244384765625,1,95,True
+,14,82,14,82,96,96,0,0.24658203125,-0.24658203125,-0.24658203125,1,96,True
+,14,83,14,83,97,97,0,0.193115234375,-0.193115234375,-0.193115234375,1,97,True
+,14,84,14,84,98,98,0,0.0251922607421875,-0.0251922607421875,-0.0251922607421875,1,98,True
+,14,85,14,85,99,99,0,0.01134490966796875,-0.01134490966796875,-0.01134490966796875,1,99,True
+,14,86,14,86,100,100,1,0.26025390625,-0.26025390625,-0.26025390625,1,100,True
+,14,87,14,87,101,101,0,0.0275726318359375,-0.0275726318359375,-0.0275726318359375,1,101,True
+,14,88,14,88,102,102,0,0.01004791259765625,-0.01004791259765625,-0.01004791259765625,1,102,True
+,14,89,14,89,103,103,0,0.1910400390625,-0.1910400390625,-0.1910400390625,1,103,True
+,14,90,14,90,104,104,0,0.10491943359375,-0.10491943359375,-0.10491943359375,1,104,True
+,14,91,14,91,105,105,0,0.75341796875,-0.75341796875,-0.75341796875,1,105,True
+,14,92,14,92,106,106,0,0.247802734375,-0.247802734375,-0.247802734375,1,106,True
+,14,93,14,93,107,107,0,0.24658203125,-0.24658203125,-0.24658203125,1,107,True
+,14,94,14,94,108,108,0,0.63232421875,-0.63232421875,-0.63232421875,1,108,True
+,14,95,14,95,109,109,0,0.2685546875,-0.2685546875,-0.2685546875,1,109,True
+,14,96,14,96,110,110,1,0.054473876953125,-0.054473876953125,-0.054473876953125,1,110,True
+,14,97,14,97,111,111,0,0.150390625,-0.150390625,-0.150390625,1,111,True
+,14,98,14,98,112,112,0,1.22265625,-1.22265625,-1.22265625,1,122,False
+,14,99,14,99,113,113,0,0.7431640625,-0.7431640625,-0.7431640625,1,113,True
+,15,10,15,10,25,25,33,0.0146026611328125,-0.0146026611328125,-0.0146026611328125,1,25,True
+,15,11,15,11,26,26,5,0.0172882080078125,-0.0172882080078125,-0.0172882080078125,1,26,True
+,15,12,15,12,27,27,13,0.04974365234375,-0.04974365234375,-0.04974365234375,1,27,True
+,15,13,15,13,28,28,19,0.0069732666015625,-0.0069732666015625,-0.0069732666015625,1,28,True
+,15,14,15,14,29,29,9,0.032073974609375,-0.032073974609375,-0.032073974609375,1,29,True
+,15,15,15,15,30,30,50,0.0543212890625,-0.0543212890625,-0.0543212890625,1,30,True
+,15,16,15,16,31,31,11,0.044677734375,-0.044677734375,-0.044677734375,1,31,True
+,15,17,15,17,32,32,10,0.045013427734375,-0.045013427734375,-0.045013427734375,1,32,True
+,15,18,15,18,33,33,16,0.0185394287109375,-0.0185394287109375,-0.0185394287109375,1,33,True
+,15,19,15,19,34,34,4,0.05706787109375,-0.05706787109375,-0.05706787109375,1,34,True
+,15,20,15,20,35,35,22,0.18408203125,-0.18408203125,-0.18408203125,1,35,True
+,15,21,15,21,36,36,4,0.01126861572265625,-0.01126861572265625,-0.01126861572265625,1,36,True
+,15,22,15,22,37,37,2,0.04827880859375,-0.04827880859375,-0.04827880859375,1,37,True
+,15,23,15,23,38,38,1,0.12054443359375,-0.12054443359375,-0.12054443359375,1,38,True
+,15,24,15,24,39,39,2,0.055389404296875,-0.055389404296875,-0.055389404296875,1,39,True
+,15,25,15,25,40,40,14,0.07659912109375,-0.07659912109375,-0.07659912109375,1,40,True
+,15,26,15,26,41,41,0,0.0341796875,-0.0341796875,-0.0341796875,1,41,True
+,15,27,15,27,42,42,3,0.05535888671875,-0.05535888671875,-0.05535888671875,1,42,True
+,15,28,15,28,43,43,3,0.03863525390625,-0.03863525390625,-0.03863525390625,1,43,True
+,15,29,15,29,44,44,3,0.00766754150390625,-0.00766754150390625,-0.00766754150390625,1,44,True
+,15,30,15,30,45,45,24,0.0148162841796875,-0.0148162841796875,-0.0148162841796875,1,45,True
+,15,31,15,31,46,46,1,0.0110321044921875,-0.0110321044921875,-0.0110321044921875,1,46,True
+,15,32,15,32,47,47,1,0.0261077880859375,-0.0261077880859375,-0.0261077880859375,1,47,True
+,15,33,15,33,48,48,2,0.019744873046875,-0.019744873046875,-0.019744873046875,1,48,True
+,15,34,15,34,49,49,1,0.060333251953125,-0.060333251953125,-0.060333251953125,1,49,True
+,15,35,15,35,50,50,6,0.080078125,-0.080078125,-0.080078125,1,50,True
+,15,36,15,36,51,51,2,0.0670166015625,-0.0670166015625,-0.0670166015625,1,51,True
+,15,37,15,37,52,52,2,0.0479736328125,-0.0479736328125,-0.0479736328125,1,52,True
+,15,38,15,38,53,53,0,0.043243408203125,-0.043243408203125,-0.043243408203125,1,53,True
+,15,39,15,39,54,54,1,0.0134124755859375,-0.0134124755859375,-0.0134124755859375,1,54,True
+,15,40,15,40,55,55,7,0.0192108154296875,-0.0192108154296875,-0.0192108154296875,1,55,True
+,15,41,15,41,56,56,1,0.0229949951171875,-0.0229949951171875,-0.0229949951171875,1,56,True
+,15,42,15,42,57,57,1,0.023040771484375,-0.023040771484375,-0.023040771484375,1,57,True
+,15,43,15,43,58,58,0,0.038177490234375,-0.038177490234375,-0.038177490234375,1,58,True
+,15,44,15,44,59,59,0,0.03472900390625,-0.03472900390625,-0.03472900390625,1,59,True
+,15,45,15,45,60,60,7,0.03240966796875,-0.03240966796875,-0.03240966796875,1,60,True
+,15,46,15,46,61,61,0,0.06988525390625,-0.06988525390625,-0.06988525390625,1,61,True
+,15,47,15,47,62,62,1,0.02691650390625,-0.02691650390625,-0.02691650390625,1,62,True
+,15,48,15,48,63,63,0,0.01177978515625,-0.01177978515625,-0.01177978515625,1,63,True
+,15,49,15,49,64,64,0,0.0286407470703125,-0.0286407470703125,-0.0286407470703125,1,64,True
+,15,50,15,50,65,65,2,0.0140838623046875,-0.0140838623046875,-0.0140838623046875,1,65,True
+,15,51,15,51,66,66,2,0.0305023193359375,-0.0305023193359375,-0.0305023193359375,1,66,True
+,15,52,15,52,67,67,0,0.02789306640625,-0.02789306640625,-0.02789306640625,1,67,True
+,15,53,15,53,68,68,0,0.041839599609375,-0.041839599609375,-0.041839599609375,1,68,True
+,15,54,15,54,69,69,0,0.056396484375,-0.056396484375,-0.056396484375,1,69,True
+,15,55,15,55,70,70,5,0.0310516357421875,-0.0310516357421875,-0.0310516357421875,1,70,True
+,15,56,15,56,71,71,0,0.0626220703125,-0.0626220703125,-0.0626220703125,1,71,True
+,15,57,15,57,72,72,0,0.0244598388671875,-0.0244598388671875,-0.0244598388671875,1,72,True
+,15,58,15,58,73,73,0,0.04931640625,-0.04931640625,-0.04931640625,1,73,True
+,15,59,15,59,74,74,0,0.045196533203125,-0.045196533203125,-0.045196533203125,1,74,True
+,15,60,15,60,75,75,5,0.007633209228515625,-0.007633209228515625,-0.007633209228515625,1,75,True
+,15,61,15,61,76,76,0,0.25537109375,-0.25537109375,-0.25537109375,1,76,True
+,15,62,15,62,77,77,1,0.0760498046875,-0.0760498046875,-0.0760498046875,1,77,True
+,15,63,15,63,78,78,1,0.0679931640625,-0.0679931640625,-0.0679931640625,1,78,True
+,15,64,15,64,79,79,0,0.485107421875,-0.485107421875,-0.485107421875,1,79,True
+,15,65,15,65,80,80,4,0.0154876708984375,-0.0154876708984375,-0.0154876708984375,1,80,True
+,15,66,15,66,81,81,0,0.022064208984375,-0.022064208984375,-0.022064208984375,1,81,True
+,15,67,15,67,82,82,1,0.1151123046875,-0.1151123046875,-0.1151123046875,1,82,True
+,15,68,15,68,83,83,0,0.04302978515625,-0.04302978515625,-0.04302978515625,1,83,True
+,15,69,15,69,84,84,0,0.01168060302734375,-0.01168060302734375,-0.01168060302734375,1,84,True
+,15,70,15,70,85,85,1,0.0142974853515625,-0.0142974853515625,-0.0142974853515625,1,85,True
+,15,71,15,71,86,86,0,0.0186920166015625,-0.0186920166015625,-0.0186920166015625,1,86,True
+,15,72,15,72,87,87,0,0.00438690185546875,-0.00438690185546875,-0.00438690185546875,1,87,True
+,15,73,15,73,88,88,1,0.08660888671875,-0.08660888671875,-0.08660888671875,1,88,True
+,15,74,15,74,89,89,0,0.0540771484375,-0.0540771484375,-0.0540771484375,1,89,True
+,15,75,15,75,90,90,0,0.048797607421875,-0.048797607421875,-0.048797607421875,1,90,True
+,15,76,15,76,91,91,0,0.069580078125,-0.069580078125,-0.069580078125,1,91,True
+,15,77,15,77,92,92,0,0.052825927734375,-0.052825927734375,-0.052825927734375,1,92,True
+,15,78,15,78,93,93,1,0.009674072265625,-0.009674072265625,-0.009674072265625,1,93,True
+,15,79,15,79,94,94,0,0.031036376953125,-0.031036376953125,-0.031036376953125,1,94,True
+,15,80,15,80,95,95,1,0.07476806640625,-0.07476806640625,-0.07476806640625,1,95,True
+,15,81,15,81,96,96,0,0.0155029296875,-0.0155029296875,-0.0155029296875,1,96,True
+,15,82,15,82,97,97,0,0.043609619140625,-0.043609619140625,-0.043609619140625,1,97,True
+,15,83,15,83,98,98,0,0.06591796875,-0.06591796875,-0.06591796875,1,98,True
+,15,84,15,84,99,99,0,0.0592041015625,-0.0592041015625,-0.0592041015625,1,99,True
+,15,85,15,85,100,100,0,0.0682373046875,-0.0682373046875,-0.0682373046875,1,100,True
+,15,86,15,86,101,101,0,0.06744384765625,-0.06744384765625,-0.06744384765625,1,101,True
+,15,87,15,87,102,102,0,0.07940673828125,-0.07940673828125,-0.07940673828125,1,102,True
+,15,88,15,88,103,103,0,0.30419921875,-0.30419921875,-0.30419921875,1,103,True
+,15,89,15,89,104,104,0,0.1976318359375,-0.1976318359375,-0.1976318359375,1,104,True
+,15,90,15,90,105,105,3,0.07989501953125,-0.07989501953125,-0.07989501953125,1,105,True
+,15,91,15,91,106,106,0,0.53076171875,-0.53076171875,-0.53076171875,1,106,True
+,15,92,15,92,107,107,0,0.09521484375,-0.09521484375,-0.09521484375,1,107,True
+,15,93,15,93,108,108,0,0.0870361328125,-0.0870361328125,-0.0870361328125,1,108,True
+,15,94,15,94,109,109,0,0.276611328125,-0.276611328125,-0.276611328125,1,109,True
+,15,95,15,95,110,110,0,0.1549072265625,-0.1549072265625,-0.1549072265625,1,110,True
+,15,96,15,96,111,111,2,0.03302001953125,-0.03302001953125,-0.03302001953125,1,111,True
+,15,97,15,97,112,112,0,0.441162109375,-0.441162109375,-0.441162109375,1,112,True
+,15,98,15,98,113,113,0,0.09197998046875,-0.09197998046875,-0.09197998046875,1,113,True
+,15,99,15,99,114,114,1,0.4892578125,-0.4892578125,-0.4892578125,1,114,True
+,16,10,16,10,26,26,17,0.012847900390625,-0.012847900390625,-0.012847900390625,1,26,True
+,16,11,16,11,27,27,8,0.04443359375,-0.04443359375,-0.04443359375,1,27,True
+,16,12,16,12,28,28,24,0.018218994140625,-0.018218994140625,-0.018218994140625,1,28,True
+,16,13,16,13,29,29,5,0.0272674560546875,-0.0272674560546875,-0.0272674560546875,1,29,True
+,16,14,16,14,30,30,5,0.0302886962890625,-0.0302886962890625,-0.0302886962890625,1,30,True
+,16,15,16,15,31,31,12,0.05194091796875,-0.05194091796875,-0.05194091796875,1,31,True
+,16,16,16,16,32,32,69,0.0211639404296875,-0.0211639404296875,-0.0211639404296875,1,32,True
+,16,17,16,17,33,33,9,0.006076812744140625,-0.006076812744140625,-0.006076812744140625,1,33,True
+,16,18,16,18,34,34,15,0.044097900390625,-0.044097900390625,-0.044097900390625,1,34,True
+,16,19,16,19,35,35,6,0.1517333984375,-0.1517333984375,-0.1517333984375,1,35,True
+,16,20,16,20,36,36,13,0.0113677978515625,-0.0113677978515625,-0.0113677978515625,1,36,True
+,16,21,16,21,37,37,4,0.03826904296875,-0.03826904296875,-0.03826904296875,1,37,True
+,16,22,16,22,38,38,2,0.0621337890625,-0.0621337890625,-0.0621337890625,1,38,True
+,16,23,16,23,39,39,3,0.046844482421875,-0.046844482421875,-0.046844482421875,1,39,True
+,16,24,16,24,40,40,19,0.009246826171875,-0.009246826171875,-0.009246826171875,1,40,True
+,16,25,16,25,41,41,6,0.0188751220703125,-0.0188751220703125,-0.0188751220703125,1,41,True
+,16,26,16,26,42,42,3,0.04254150390625,-0.04254150390625,-0.04254150390625,1,42,True
+,16,27,16,27,43,43,3,0.054229736328125,-0.054229736328125,-0.054229736328125,1,43,True
+,16,28,16,28,44,44,6,0.03729248046875,-0.03729248046875,-0.03729248046875,1,44,True
+,16,29,16,29,45,45,1,0.0199737548828125,-0.0199737548828125,-0.0199737548828125,1,45,True
+,16,30,16,30,46,46,5,0.00812530517578125,-0.00812530517578125,-0.00812530517578125,1,46,True
+,16,31,16,31,47,47,1,0.0230255126953125,-0.0230255126953125,-0.0230255126953125,1,47,True
+,16,32,16,32,48,48,12,0.01003265380859375,-0.01003265380859375,-0.01003265380859375,1,48,True
+,16,33,16,33,49,49,1,0.0083465576171875,-0.0083465576171875,-0.0083465576171875,1,49,True
+,16,34,16,34,50,50,0,0.0452880859375,-0.0452880859375,-0.0452880859375,1,50,True
+,16,35,16,35,51,51,0,0.0587158203125,-0.0587158203125,-0.0587158203125,1,51,True
+,16,36,16,36,52,52,3,0.060943603515625,-0.060943603515625,-0.060943603515625,1,52,True
+,16,37,16,37,53,53,1,0.054534912109375,-0.054534912109375,-0.054534912109375,1,53,True
+,16,38,16,38,54,54,1,0.0440673828125,-0.0440673828125,-0.0440673828125,1,54,True
+,16,39,16,39,55,55,0,0.06689453125,-0.06689453125,-0.06689453125,1,55,True
+,16,40,16,40,56,56,2,0.020843505859375,-0.020843505859375,-0.020843505859375,1,56,True
+,16,41,16,41,57,57,0,0.02001953125,-0.02001953125,-0.02001953125,1,57,True
+,16,42,16,42,58,58,0,0.07806396484375,-0.07806396484375,-0.07806396484375,1,58,True
+,16,43,16,43,59,59,0,0.1317138671875,-0.1317138671875,-0.1317138671875,1,59,True
+,16,44,16,44,60,60,4,0.0244903564453125,-0.0244903564453125,-0.0244903564453125,1,60,True
+,16,45,16,45,61,61,0,0.15087890625,-0.15087890625,-0.15087890625,1,61,True
+,16,46,16,46,62,62,1,0.11572265625,-0.11572265625,-0.11572265625,1,62,True
+,16,47,16,47,63,63,1,0.0450439453125,-0.0450439453125,-0.0450439453125,1,63,True
+,16,48,16,48,64,64,7,0.0169830322265625,-0.0169830322265625,-0.0169830322265625,1,64,True
+,16,49,16,49,65,65,4,0.08331298828125,-0.08331298828125,-0.08331298828125,1,65,True
+,16,50,16,50,66,66,1,0.01385498046875,-0.01385498046875,-0.01385498046875,1,66,True
+,16,51,16,51,67,67,0,0.2154541015625,-0.2154541015625,-0.2154541015625,1,67,True
+,16,52,16,52,68,68,0,0.0207672119140625,-0.0207672119140625,-0.0207672119140625,1,68,True
+,16,53,16,53,69,69,0,0.0237884521484375,-0.0237884521484375,-0.0237884521484375,1,69,True
+,16,54,16,54,70,70,0,0.041107177734375,-0.041107177734375,-0.041107177734375,1,70,True
+,16,55,16,55,71,71,0,0.13818359375,-0.13818359375,-0.13818359375,1,71,True
+,16,56,16,56,72,72,1,0.088623046875,-0.088623046875,-0.088623046875,1,72,True
+,16,57,16,57,73,73,1,0.267578125,-0.267578125,-0.267578125,1,73,True
+,16,58,16,58,74,74,1,0.08062744140625,-0.08062744140625,-0.08062744140625,1,74,True
+,16,59,16,59,75,75,0,0.0745849609375,-0.0745849609375,-0.0745849609375,1,75,True
+,16,60,16,60,76,76,1,0.01172637939453125,-0.01172637939453125,-0.01172637939453125,1,76,True
+,16,61,16,61,77,77,2,0.389892578125,-0.389892578125,-0.389892578125,1,77,True
+,16,62,16,62,78,78,1,0.02215576171875,-0.02215576171875,-0.02215576171875,1,78,True
+,16,63,16,63,79,79,0,0.7001953125,-0.7001953125,-0.7001953125,1,79,True
+,16,64,16,64,80,80,10,0.041412353515625,-0.041412353515625,-0.041412353515625,1,80,True
+,16,65,16,65,81,81,1,0.00691986083984375,-0.00691986083984375,-0.00691986083984375,1,81,True
+,16,66,16,66,82,82,0,0.02569580078125,-0.02569580078125,-0.02569580078125,1,82,True
+,16,67,16,67,83,83,0,0.15478515625,-0.15478515625,-0.15478515625,1,83,True
+,16,68,16,68,84,84,1,0.0198822021484375,-0.0198822021484375,-0.0198822021484375,1,84,True
+,16,69,16,69,85,85,0,0.192138671875,-0.192138671875,-0.192138671875,1,85,True
+,16,70,16,70,86,86,1,0.008697509765625,-0.008697509765625,-0.008697509765625,1,86,True
+,16,71,16,71,87,87,1,0.02606201171875,-0.02606201171875,-0.02606201171875,1,87,True
+,16,72,16,72,88,88,0,0.09088134765625,-0.09088134765625,-0.09088134765625,1,88,True
+,16,73,16,73,89,89,0,0.273193359375,-0.273193359375,-0.273193359375,1,89,True
+,16,74,16,74,90,90,0,0.01561737060546875,-0.01561737060546875,-0.01561737060546875,1,90,True
+,16,75,16,75,91,91,0,0.08172607421875,-0.08172607421875,-0.08172607421875,1,91,True
+,16,76,16,76,92,92,0,0.45654296875,-0.45654296875,-0.45654296875,1,92,True
+,16,77,16,77,93,93,0,0.0240325927734375,-0.0240325927734375,-0.0240325927734375,1,93,True
+,16,78,16,78,94,94,0,0.018768310546875,-0.018768310546875,-0.018768310546875,1,94,True
+,16,79,16,79,95,95,0,0.12017822265625,-0.12017822265625,-0.12017822265625,1,95,True
+,16,80,16,80,96,96,1,0.0020503997802734375,-0.0020503997802734375,-0.0020503997802734375,1,96,True
+,16,81,16,81,97,97,3,0.0281219482421875,-0.0281219482421875,-0.0281219482421875,1,97,True
+,16,82,16,82,98,98,0,0.08282470703125,-0.08282470703125,-0.08282470703125,1,98,True
+,16,83,16,83,99,99,2,0.303955078125,-0.303955078125,-0.303955078125,1,99,True
+,16,84,16,84,100,100,4,0.0086212158203125,-0.0086212158203125,-0.0086212158203125,1,100,True
+,16,85,16,85,101,101,0,0.192138671875,-0.192138671875,-0.192138671875,1,101,True
+,16,86,16,86,102,102,0,0.0714111328125,-0.0714111328125,-0.0714111328125,1,102,True
+,16,87,16,87,103,103,0,0.1785888671875,-0.1785888671875,-0.1785888671875,1,103,True
+,16,88,16,88,104,104,0,0.130859375,-0.130859375,-0.130859375,1,104,True
+,16,89,16,89,105,105,0,0.6953125,-0.6953125,-0.6953125,1,105,True
+,16,90,16,90,106,106,0,0.089599609375,-0.089599609375,-0.089599609375,1,106,True
+,16,91,16,91,107,107,0,1.4736328125,-1.4736328125,-1.4736328125,1,117,False
+,16,92,16,92,108,108,1,0.0269622802734375,-0.0269622802734375,-0.0269622802734375,1,108,True
+,16,93,16,93,109,109,0,0.241455078125,-0.241455078125,-0.241455078125,1,109,True
+,16,94,16,94,110,110,0,0.72265625,-0.72265625,-0.72265625,1,110,True
+,16,95,16,95,111,111,0,0.08074951171875,-0.08074951171875,-0.08074951171875,1,111,True
+,16,96,16,96,112,112,0,0.47216796875,-0.47216796875,-0.47216796875,1,112,True
+,16,97,16,97,113,113,0,0.53662109375,-0.53662109375,-0.53662109375,1,113,True
+,16,98,16,98,114,114,0,1.591796875,-1.591796875,-1.591796875,1,124,False
+,16,99,16,99,115,115,0,1.4951171875,-1.4951171875,-1.4951171875,1,125,False
+,17,10,17,10,27,27,10,0.0089111328125,-0.0089111328125,-0.0089111328125,1,27,True
+,17,11,17,11,28,28,12,0.01157379150390625,-0.01157379150390625,-0.01157379150390625,1,28,True
+,17,12,17,12,29,29,5,0.0264434814453125,-0.0264434814453125,-0.0264434814453125,1,29,True
+,17,13,17,13,30,30,5,0.006961822509765625,-0.006961822509765625,-0.006961822509765625,1,30,True
+,17,14,17,14,31,31,3,0.03204345703125,-0.03204345703125,-0.03204345703125,1,31,True
+,17,15,17,15,32,32,5,0.01654052734375,-0.01654052734375,-0.01654052734375,1,32,True
+,17,16,17,16,33,33,9,0.00623321533203125,-0.00623321533203125,-0.00623321533203125,1,33,True
+,17,17,17,17,34,34,15,0.00905609130859375,-0.00905609130859375,-0.00905609130859375,1,34,True
+,17,18,17,18,35,35,9,0.326416015625,-0.326416015625,-0.326416015625,1,35,True
+,17,19,17,19,36,36,13,0.03155517578125,-0.03155517578125,-0.03155517578125,1,36,True
+,17,20,17,20,37,37,1,0.036346435546875,-0.036346435546875,-0.036346435546875,1,37,True
+,17,21,17,21,38,38,2,0.0116424560546875,-0.0116424560546875,-0.0116424560546875,1,38,True
+,17,22,17,22,39,39,1,0.029327392578125,-0.029327392578125,-0.029327392578125,1,39,True
+,17,23,17,23,40,40,1,0.1556396484375,-0.1556396484375,-0.1556396484375,1,40,True
+,17,24,17,24,41,41,4,0.01171875,-0.01171875,-0.01171875,1,41,True
+,17,25,17,25,42,42,2,0.01050567626953125,-0.01050567626953125,-0.01050567626953125,1,42,True
+,17,26,17,26,43,43,0,0.02410888671875,-0.02410888671875,-0.02410888671875,1,43,True
+,17,27,17,27,44,44,1,0.0911865234375,-0.0911865234375,-0.0911865234375,1,44,True
+,17,28,17,28,45,45,6,0.0194244384765625,-0.0194244384765625,-0.0194244384765625,1,45,True
+,17,29,17,29,46,46,3,0.00852203369140625,-0.00852203369140625,-0.00852203369140625,1,46,True
+,17,30,17,30,47,47,2,0.0157470703125,-0.0157470703125,-0.0157470703125,1,47,True
+,17,31,17,31,48,48,2,0.00978851318359375,-0.00978851318359375,-0.00978851318359375,1,48,True
+,17,32,17,32,49,49,2,0.010223388671875,-0.010223388671875,-0.010223388671875,1,49,True
+,17,33,17,33,50,50,1,0.03045654296875,-0.03045654296875,-0.03045654296875,1,50,True
+,17,34,17,34,51,51,1,0.0304412841796875,-0.0304412841796875,-0.0304412841796875,1,51,True
+,17,35,17,35,52,52,1,0.0662841796875,-0.0662841796875,-0.0662841796875,1,52,True
+,17,36,17,36,53,53,2,0.06329345703125,-0.06329345703125,-0.06329345703125,1,53,True
+,17,37,17,37,54,54,0,0.0323486328125,-0.0323486328125,-0.0323486328125,1,54,True
+,17,38,17,38,55,55,0,0.1673583984375,-0.1673583984375,-0.1673583984375,1,55,True
+,17,39,17,39,56,56,0,0.191162109375,-0.191162109375,-0.191162109375,1,56,True
+,17,40,17,40,57,57,0,0.031524658203125,-0.031524658203125,-0.031524658203125,1,57,True
+,17,41,17,41,58,58,1,0.0222015380859375,-0.0222015380859375,-0.0222015380859375,1,58,True
+,17,42,17,42,59,59,0,0.061981201171875,-0.061981201171875,-0.061981201171875,1,59,True
+,17,43,17,43,60,60,0,0.08807373046875,-0.08807373046875,-0.08807373046875,1,60,True
+,17,44,17,44,61,61,0,0.09417724609375,-0.09417724609375,-0.09417724609375,1,61,True
+,17,45,17,45,62,62,1,0.018768310546875,-0.018768310546875,-0.018768310546875,1,62,True
+,17,46,17,46,63,63,0,0.01934814453125,-0.01934814453125,-0.01934814453125,1,63,True
+,17,47,17,47,64,64,0,0.09521484375,-0.09521484375,-0.09521484375,1,64,True
+,17,48,17,48,65,65,0,0.0262298583984375,-0.0262298583984375,-0.0262298583984375,1,65,True
+,17,49,17,49,66,66,0,0.018310546875,-0.018310546875,-0.018310546875,1,66,True
+,17,50,17,50,67,67,1,0.06939697265625,-0.06939697265625,-0.06939697265625,1,67,True
+,17,51,17,51,68,68,0,0.168212890625,-0.168212890625,-0.168212890625,1,68,True
+,17,52,17,52,69,69,1,0.03521728515625,-0.03521728515625,-0.03521728515625,1,69,True
+,17,53,17,53,70,70,0,0.1363525390625,-0.1363525390625,-0.1363525390625,1,70,True
+,17,54,17,54,71,71,0,0.035858154296875,-0.035858154296875,-0.035858154296875,1,71,True
+,17,55,17,55,72,72,1,0.041595458984375,-0.041595458984375,-0.041595458984375,1,72,True
+,17,56,17,56,73,73,0,0.0859375,-0.0859375,-0.0859375,1,73,True
+,17,57,17,57,74,74,0,0.05029296875,-0.05029296875,-0.05029296875,1,74,True
+,17,58,17,58,75,75,0,0.1041259765625,-0.1041259765625,-0.1041259765625,1,75,True
+,17,59,17,59,76,76,1,0.0213470458984375,-0.0213470458984375,-0.0213470458984375,1,76,True
+,17,60,17,60,77,77,0,0.032440185546875,-0.032440185546875,-0.032440185546875,1,77,True
+,17,61,17,61,78,78,0,0.030548095703125,-0.030548095703125,-0.030548095703125,1,78,True
+,17,62,17,62,79,79,0,0.04669189453125,-0.04669189453125,-0.04669189453125,1,79,True
+,17,63,17,63,80,80,0,0.0701904296875,-0.0701904296875,-0.0701904296875,1,80,True
+,17,64,17,64,81,81,1,0.032135009765625,-0.032135009765625,-0.032135009765625,1,81,True
+,17,65,17,65,82,82,0,0.061309814453125,-0.061309814453125,-0.061309814453125,1,82,True
+,17,66,17,66,83,83,0,0.02593994140625,-0.02593994140625,-0.02593994140625,1,83,True
+,17,67,17,67,84,84,0,0.1357421875,-0.1357421875,-0.1357421875,1,84,True
+,17,68,17,68,85,85,0,0.182373046875,-0.182373046875,-0.182373046875,1,85,True
+,17,69,17,69,86,86,0,0.0230712890625,-0.0230712890625,-0.0230712890625,1,86,True
+,17,70,17,70,87,87,0,0.01546478271484375,-0.01546478271484375,-0.01546478271484375,1,87,True
+,17,71,17,71,88,88,1,0.052825927734375,-0.052825927734375,-0.052825927734375,1,88,True
+,17,72,17,72,89,89,0,0.03466796875,-0.03466796875,-0.03466796875,1,89,True
+,17,73,17,73,90,90,0,0.059722900390625,-0.059722900390625,-0.059722900390625,1,90,True
+,17,74,17,74,91,91,0,0.07684326171875,-0.07684326171875,-0.07684326171875,1,91,True
+,17,75,17,75,92,92,2,0.01059722900390625,-0.01059722900390625,-0.01059722900390625,1,92,True
+,17,76,17,76,93,93,1,0.01302337646484375,-0.01302337646484375,-0.01302337646484375,1,93,True
+,17,77,17,77,94,94,1,0.21240234375,-0.21240234375,-0.21240234375,1,94,True
+,17,78,17,78,95,95,0,0.038238525390625,-0.038238525390625,-0.038238525390625,1,95,True
+,17,79,17,79,96,96,0,0.0269927978515625,-0.0269927978515625,-0.0269927978515625,1,96,True
+,17,80,17,80,97,97,1,0.09027099609375,-0.09027099609375,-0.09027099609375,1,97,True
+,17,81,17,81,98,98,0,0.1617431640625,-0.1617431640625,-0.1617431640625,1,98,True
+,17,82,17,82,99,99,1,0.08740234375,-0.08740234375,-0.08740234375,1,99,True
+,17,83,17,83,100,100,1,0.1461181640625,-0.1461181640625,-0.1461181640625,1,100,True
+,17,84,17,84,101,101,0,0.0167083740234375,-0.0167083740234375,-0.0167083740234375,1,101,True
+,17,85,17,85,102,102,0,0.07037353515625,-0.07037353515625,-0.07037353515625,1,102,True
+,17,86,17,86,103,103,0,0.2939453125,-0.2939453125,-0.2939453125,1,103,True
+,17,87,17,87,104,104,0,0.10736083984375,-0.10736083984375,-0.10736083984375,1,104,True
+,17,88,17,88,105,105,1,0.54833984375,-0.54833984375,-0.54833984375,1,105,True
+,17,89,17,89,106,106,0,0.17236328125,-0.17236328125,-0.17236328125,1,106,True
+,17,90,17,90,107,107,1,0.11248779296875,-0.11248779296875,-0.11248779296875,1,107,True
+,17,91,17,91,108,108,0,0.1427001953125,-0.1427001953125,-0.1427001953125,1,108,True
+,17,92,17,92,109,109,0,0.9755859375,-0.9755859375,-0.9755859375,1,109,True
+,17,93,17,93,110,110,0,0.2381591796875,-0.2381591796875,-0.2381591796875,1,110,True
+,17,94,17,94,111,111,0,0.09527587890625,-0.09527587890625,-0.09527587890625,1,111,True
+,17,95,17,95,112,112,0,0.3701171875,-0.3701171875,-0.3701171875,1,112,True
+,17,96,17,96,113,113,1,0.288330078125,-0.288330078125,-0.288330078125,1,113,True
+,17,97,17,97,114,114,0,0.2449951171875,-0.2449951171875,-0.2449951171875,1,114,True
+,17,98,17,98,115,115,0,0.25390625,-0.25390625,-0.25390625,1,115,True
+,17,99,17,99,116,116,0,0.69287109375,-0.69287109375,-0.69287109375,1,116,True
+,18,10,18,10,28,28,3,0.006710052490234375,-0.006710052490234375,-0.006710052490234375,1,28,True
+,18,11,18,11,29,29,4,0.021087646484375,-0.021087646484375,-0.021087646484375,1,29,True
+,18,12,18,12,30,30,21,0.021942138671875,-0.021942138671875,-0.021942138671875,1,30,True
+,18,13,18,13,31,31,4,0.01097869873046875,-0.01097869873046875,-0.01097869873046875,1,31,True
+,18,14,18,14,32,32,3,0.034332275390625,-0.034332275390625,-0.034332275390625,1,32,True
+,18,15,18,15,33,33,11,0.010345458984375,-0.010345458984375,-0.010345458984375,1,33,True
+,18,16,18,16,34,34,5,0.019317626953125,-0.019317626953125,-0.019317626953125,1,34,True
+,18,17,18,17,35,35,7,0.0190582275390625,-0.0190582275390625,-0.0190582275390625,1,35,True
+,18,18,18,18,36,36,30,0.06231689453125,-0.06231689453125,-0.06231689453125,1,36,True
+,18,19,18,19,37,37,4,0.0118408203125,-0.0118408203125,-0.0118408203125,1,37,True
+,18,20,18,20,38,38,9,0.0289459228515625,-0.0289459228515625,-0.0289459228515625,1,38,True
+,18,21,18,21,39,39,2,0.01013946533203125,-0.01013946533203125,-0.01013946533203125,1,39,True
+,18,22,18,22,40,40,6,0.05303955078125,-0.05303955078125,-0.05303955078125,1,40,True
+,18,23,18,23,41,41,7,0.0711669921875,-0.0711669921875,-0.0711669921875,1,41,True
+,18,24,18,24,42,42,4,0.030548095703125,-0.030548095703125,-0.030548095703125,1,42,True
+,18,25,18,25,43,43,5,0.0291748046875,-0.0291748046875,-0.0291748046875,1,43,True
+,18,26,18,26,44,44,1,0.0211181640625,-0.0211181640625,-0.0211181640625,1,44,True
+,18,27,18,27,45,45,3,0.03582763671875,-0.03582763671875,-0.03582763671875,1,45,True
+,18,28,18,28,46,46,3,0.0097808837890625,-0.0097808837890625,-0.0097808837890625,1,46,True
+,18,29,18,29,47,47,4,0.00482940673828125,-0.00482940673828125,-0.00482940673828125,1,47,True
+,18,30,18,30,48,48,2,0.01004791259765625,-0.01004791259765625,-0.01004791259765625,1,48,True
+,18,31,18,31,49,49,0,0.01129913330078125,-0.01129913330078125,-0.01129913330078125,1,49,True
+,18,32,18,32,50,50,5,0.0204315185546875,-0.0204315185546875,-0.0204315185546875,1,50,True
+,18,33,18,33,51,51,1,0.1573486328125,-0.1573486328125,-0.1573486328125,1,51,True
+,18,34,18,34,52,52,2,0.043609619140625,-0.043609619140625,-0.043609619140625,1,52,True
+,18,35,18,35,53,53,1,0.0194091796875,-0.0194091796875,-0.0194091796875,1,53,True
+,18,36,18,36,54,54,1,0.037811279296875,-0.037811279296875,-0.037811279296875,1,54,True
+,18,37,18,37,55,55,0,0.021026611328125,-0.021026611328125,-0.021026611328125,1,55,True
+,18,38,18,38,56,56,3,0.76171875,-0.76171875,-0.76171875,1,46,False
+,18,39,18,39,57,57,0,0.049224853515625,-0.049224853515625,-0.049224853515625,1,57,True
+,18,40,18,40,58,58,3,0.01233673095703125,-0.01233673095703125,-0.01233673095703125,1,58,True
+,18,41,18,41,59,59,0,0.047882080078125,-0.047882080078125,-0.047882080078125,1,59,True
+,18,42,18,42,60,60,1,0.421875,-0.421875,-0.421875,1,60,True
+,18,43,18,43,61,61,1,0.2138671875,-0.2138671875,-0.2138671875,1,61,True
+,18,44,18,44,62,62,0,0.01457977294921875,-0.01457977294921875,-0.01457977294921875,1,62,True
+,18,45,18,45,63,63,0,0.01085662841796875,-0.01085662841796875,-0.01085662841796875,1,63,True
+,18,46,18,46,64,64,0,0.06317138671875,-0.06317138671875,-0.06317138671875,1,64,True
+,18,47,18,47,65,65,0,0.06982421875,-0.06982421875,-0.06982421875,1,65,True
+,18,48,18,48,66,66,1,0.0135345458984375,-0.0135345458984375,-0.0135345458984375,1,66,True
+,18,49,18,49,67,67,2,0.046142578125,-0.046142578125,-0.046142578125,1,67,True
+,18,50,18,50,68,68,1,0.061065673828125,-0.061065673828125,-0.061065673828125,1,68,True
+,18,51,18,51,69,69,0,0.035369873046875,-0.035369873046875,-0.035369873046875,1,69,True
+,18,52,18,52,70,70,0,0.0408935546875,-0.0408935546875,-0.0408935546875,1,70,True
+,18,53,18,53,71,71,0,0.0850830078125,-0.0850830078125,-0.0850830078125,1,71,True
+,18,54,18,54,72,72,1,0.0989990234375,-0.0989990234375,-0.0989990234375,1,72,True
+,18,55,18,55,73,73,4,0.064208984375,-0.064208984375,-0.064208984375,1,73,True
+,18,56,18,56,74,74,1,0.0306243896484375,-0.0306243896484375,-0.0306243896484375,1,74,True
+,18,57,18,57,75,75,0,0.09332275390625,-0.09332275390625,-0.09332275390625,1,75,True
+,18,58,18,58,76,76,0,0.185302734375,-0.185302734375,-0.185302734375,1,76,True
+,18,59,18,59,77,77,2,0.050506591796875,-0.050506591796875,-0.050506591796875,1,77,True
+,18,60,18,60,78,78,0,0.00585174560546875,-0.00585174560546875,-0.00585174560546875,1,78,True
+,18,61,18,61,79,79,1,0.1522216796875,-0.1522216796875,-0.1522216796875,1,79,True
+,18,62,18,62,80,80,0,0.053924560546875,-0.053924560546875,-0.053924560546875,1,80,True
+,18,63,18,63,81,81,0,0.08148193359375,-0.08148193359375,-0.08148193359375,1,81,True
+,18,64,18,64,82,82,0,0.017242431640625,-0.017242431640625,-0.017242431640625,1,82,True
+,18,65,18,65,83,83,0,0.0283355712890625,-0.0283355712890625,-0.0283355712890625,1,83,True
+,18,66,18,66,84,84,0,0.019439697265625,-0.019439697265625,-0.019439697265625,1,84,True
+,18,67,18,67,85,85,1,0.08416748046875,-0.08416748046875,-0.08416748046875,1,85,True
+,18,68,18,68,86,86,0,0.0303192138671875,-0.0303192138671875,-0.0303192138671875,1,86,True
+,18,69,18,69,87,87,0,0.1246337890625,-0.1246337890625,-0.1246337890625,1,87,True
+,18,70,18,70,88,88,0,0.0728759765625,-0.0728759765625,-0.0728759765625,1,88,True
+,18,71,18,71,89,89,0,0.0804443359375,-0.0804443359375,-0.0804443359375,1,89,True
+,18,72,18,72,90,90,0,0.08489990234375,-0.08489990234375,-0.08489990234375,1,90,True
+,18,73,18,73,91,91,0,0.048614501953125,-0.048614501953125,-0.048614501953125,1,91,True
+,18,74,18,74,92,92,0,0.11676025390625,-0.11676025390625,-0.11676025390625,1,92,True
+,18,75,18,75,93,93,2,0.01552581787109375,-0.01552581787109375,-0.01552581787109375,1,93,True
+,18,76,18,76,94,94,0,0.0246124267578125,-0.0246124267578125,-0.0246124267578125,1,94,True
+,18,77,18,77,95,95,0,0.06402587890625,-0.06402587890625,-0.06402587890625,1,95,True
+,18,78,18,78,96,96,0,0.1326904296875,-0.1326904296875,-0.1326904296875,1,96,True
+,18,79,18,79,97,97,0,0.08184814453125,-0.08184814453125,-0.08184814453125,1,97,True
+,18,80,18,80,98,98,0,0.00933837890625,-0.00933837890625,-0.00933837890625,1,98,True
+,18,81,18,81,99,99,2,0.01129913330078125,-0.01129913330078125,-0.01129913330078125,1,99,True
+,18,82,18,82,100,100,0,0.2259521484375,-0.2259521484375,-0.2259521484375,1,100,True
+,18,83,18,83,101,101,0,0.08746337890625,-0.08746337890625,-0.08746337890625,1,101,True
+,18,84,18,84,102,102,0,0.02587890625,-0.02587890625,-0.02587890625,1,102,True
+,18,85,18,85,103,103,0,0.03466796875,-0.03466796875,-0.03466796875,1,103,True
+,18,86,18,86,104,104,1,0.106689453125,-0.106689453125,-0.106689453125,1,104,True
+,18,87,18,87,105,105,0,0.175537109375,-0.175537109375,-0.175537109375,1,105,True
+,18,88,18,88,106,106,0,0.0308990478515625,-0.0308990478515625,-0.0308990478515625,1,106,True
+,18,89,18,89,107,107,0,0.04547119140625,-0.04547119140625,-0.04547119140625,1,107,True
+,18,90,18,90,108,108,0,0.040740966796875,-0.040740966796875,-0.040740966796875,1,108,True
+,18,91,18,91,109,109,0,0.08056640625,-0.08056640625,-0.08056640625,1,109,True
+,18,92,18,92,110,110,0,1.4658203125,-1.4658203125,-1.4658203125,1,106,False
+,18,93,18,93,111,111,0,0.05938720703125,-0.05938720703125,-0.05938720703125,1,111,True
+,18,94,18,94,112,112,0,0.1810302734375,-0.1810302734375,-0.1810302734375,1,112,True
+,18,95,18,95,113,113,0,0.31201171875,-0.31201171875,-0.31201171875,1,113,True
+,18,96,18,96,114,114,1,0.0244598388671875,-0.0244598388671875,-0.0244598388671875,1,114,True
+,18,97,18,97,115,115,0,0.08056640625,-0.08056640625,-0.08056640625,1,115,True
+,18,98,18,98,116,116,0,0.7890625,-0.7890625,-0.7890625,1,116,True
+,18,99,18,99,117,117,0,0.366943359375,-0.366943359375,-0.366943359375,1,117,True
+,19,10,19,10,29,29,9,0.01122283935546875,-0.01122283935546875,-0.01122283935546875,1,29,True
+,19,11,19,11,30,30,5,0.021881103515625,-0.021881103515625,-0.021881103515625,1,30,True
+,19,12,19,12,31,31,3,0.0088348388671875,-0.0088348388671875,-0.0088348388671875,1,31,True
+,19,13,19,13,32,32,7,0.013946533203125,-0.013946533203125,-0.013946533203125,1,32,True
+,19,14,19,14,33,33,4,0.01076507568359375,-0.01076507568359375,-0.01076507568359375,1,33,True
+,19,15,19,15,34,34,3,0.02105712890625,-0.02105712890625,-0.02105712890625,1,34,True
+,19,16,19,16,35,35,5,0.5009765625,-0.5009765625,-0.5009765625,1,35,True
+,19,17,19,17,36,36,10,0.01513671875,-0.01513671875,-0.01513671875,1,36,True
+,19,18,19,18,37,37,4,0.0290069580078125,-0.0290069580078125,-0.0290069580078125,1,37,True
+,19,19,19,19,38,38,8,0.0144805908203125,-0.0144805908203125,-0.0144805908203125,1,38,True
+,19,20,19,20,39,39,2,0.02178955078125,-0.02178955078125,-0.02178955078125,1,39,True
+,19,21,19,21,40,40,5,0.01448822021484375,-0.01448822021484375,-0.01448822021484375,1,40,True
+,19,22,19,22,41,41,6,0.038238525390625,-0.038238525390625,-0.038238525390625,1,41,True
+,19,23,19,23,42,42,5,0.0258331298828125,-0.0258331298828125,-0.0258331298828125,1,42,True
+,19,24,19,24,43,43,2,0.01131439208984375,-0.01131439208984375,-0.01131439208984375,1,43,True
+,19,25,19,25,44,44,3,0.007724761962890625,-0.007724761962890625,-0.007724761962890625,1,44,True
+,19,26,19,26,45,45,1,0.028961181640625,-0.028961181640625,-0.028961181640625,1,45,True
+,19,27,19,27,46,46,2,0.01058197021484375,-0.01058197021484375,-0.01058197021484375,1,46,True
+,19,28,19,28,47,47,1,0.03912353515625,-0.03912353515625,-0.03912353515625,1,47,True
+,19,29,19,29,48,48,1,0.005382537841796875,-0.005382537841796875,-0.005382537841796875,1,48,True
+,19,30,19,30,49,49,1,0.0152740478515625,-0.0152740478515625,-0.0152740478515625,1,49,True
+,19,31,19,31,50,50,2,0.0657958984375,-0.0657958984375,-0.0657958984375,1,50,True
+,19,32,19,32,51,51,1,0.041351318359375,-0.041351318359375,-0.041351318359375,1,51,True
+,19,33,19,33,52,52,0,0.031646728515625,-0.031646728515625,-0.031646728515625,1,52,True
+,19,34,19,34,53,53,0,0.1519775390625,-0.1519775390625,-0.1519775390625,1,53,True
+,19,35,19,35,54,54,0,0.047454833984375,-0.047454833984375,-0.047454833984375,1,54,True
+,19,36,19,36,55,55,0,0.04486083984375,-0.04486083984375,-0.04486083984375,1,55,True
+,19,37,19,37,56,56,1,0.0665283203125,-0.0665283203125,-0.0665283203125,1,56,True
+,19,38,19,38,57,57,0,0.2142333984375,-0.2142333984375,-0.2142333984375,1,57,True
+,19,39,19,39,58,58,0,0.0235137939453125,-0.0235137939453125,-0.0235137939453125,1,58,True
+,19,40,19,40,59,59,3,0.0235748291015625,-0.0235748291015625,-0.0235748291015625,1,59,True
+,19,41,19,41,60,60,0,0.0306396484375,-0.0306396484375,-0.0306396484375,1,60,True
+,19,42,19,42,61,61,0,0.054290771484375,-0.054290771484375,-0.054290771484375,1,61,True
+,19,43,19,43,62,62,0,0.05352783203125,-0.05352783203125,-0.05352783203125,1,62,True
+,19,44,19,44,63,63,0,0.016204833984375,-0.016204833984375,-0.016204833984375,1,63,True
+,19,45,19,45,64,64,1,0.01250457763671875,-0.01250457763671875,-0.01250457763671875,1,64,True
+,19,46,19,46,65,65,1,0.2049560546875,-0.2049560546875,-0.2049560546875,1,65,True
+,19,47,19,47,66,66,0,0.0256500244140625,-0.0256500244140625,-0.0256500244140625,1,66,True
+,19,48,19,48,67,67,2,0.0394287109375,-0.0394287109375,-0.0394287109375,1,67,True
+,19,49,19,49,68,68,1,0.237060546875,-0.237060546875,-0.237060546875,1,68,True
+,19,50,19,50,69,69,1,0.08221435546875,-0.08221435546875,-0.08221435546875,1,69,True
+,19,51,19,51,70,70,1,0.09735107421875,-0.09735107421875,-0.09735107421875,1,70,True
+,19,52,19,52,71,71,0,0.2127685546875,-0.2127685546875,-0.2127685546875,1,71,True
+,19,53,19,53,72,72,0,0.07403564453125,-0.07403564453125,-0.07403564453125,1,72,True
+,19,54,19,54,73,73,0,0.106201171875,-0.106201171875,-0.106201171875,1,73,True
+,19,55,19,55,74,74,0,0.200439453125,-0.200439453125,-0.200439453125,1,74,True
+,19,56,19,56,75,75,0,0.12445068359375,-0.12445068359375,-0.12445068359375,1,75,True
+,19,57,19,57,76,76,0,0.074462890625,-0.074462890625,-0.074462890625,1,76,True
+,19,58,19,58,77,77,2,0.1387939453125,-0.1387939453125,-0.1387939453125,1,77,True
+,19,59,19,59,78,78,0,0.0716552734375,-0.0716552734375,-0.0716552734375,1,78,True
+,19,60,19,60,79,79,0,0.08282470703125,-0.08282470703125,-0.08282470703125,1,79,True
+,19,61,19,61,80,80,2,0.1741943359375,-0.1741943359375,-0.1741943359375,1,80,True
+,19,62,19,62,81,81,1,0.07342529296875,-0.07342529296875,-0.07342529296875,1,81,True
+,19,63,19,63,82,82,0,0.1741943359375,-0.1741943359375,-0.1741943359375,1,82,True
+,19,64,19,64,83,83,1,0.07916259765625,-0.07916259765625,-0.07916259765625,1,83,True
+,19,65,19,65,84,84,0,0.0255279541015625,-0.0255279541015625,-0.0255279541015625,1,84,True
+,19,66,19,66,85,85,0,0.09466552734375,-0.09466552734375,-0.09466552734375,1,85,True
+,19,67,19,67,86,86,0,0.1778564453125,-0.1778564453125,-0.1778564453125,1,86,True
+,19,68,19,68,87,87,1,0.0736083984375,-0.0736083984375,-0.0736083984375,1,87,True
+,19,69,19,69,88,88,0,0.098876953125,-0.098876953125,-0.098876953125,1,88,True
+,19,70,19,70,89,89,0,0.043975830078125,-0.043975830078125,-0.043975830078125,1,89,True
+,19,71,19,71,90,90,0,0.08477783203125,-0.08477783203125,-0.08477783203125,1,90,True
+,19,72,19,72,91,91,0,0.0280609130859375,-0.0280609130859375,-0.0280609130859375,1,91,True
+,19,73,19,73,92,92,0,0.145263671875,-0.145263671875,-0.145263671875,1,92,True
+,19,74,19,74,93,93,0,0.047943115234375,-0.047943115234375,-0.047943115234375,1,93,True
+,19,75,19,75,94,94,0,0.02349853515625,-0.02349853515625,-0.02349853515625,1,94,True
+,19,76,19,76,95,95,1,0.10687255859375,-0.10687255859375,-0.10687255859375,1,95,True
+,19,77,19,77,96,96,0,0.09814453125,-0.09814453125,-0.09814453125,1,96,True
+,19,78,19,78,97,97,1,0.330078125,-0.330078125,-0.330078125,1,97,True
+,19,79,19,79,98,98,0,0.8251953125,-0.8251953125,-0.8251953125,1,98,True
+,19,80,19,80,99,99,0,0.046173095703125,-0.046173095703125,-0.046173095703125,1,99,True
+,19,81,19,81,100,100,0,0.14208984375,-0.14208984375,-0.14208984375,1,100,True
+,19,82,19,82,101,101,0,0.379150390625,-0.379150390625,-0.379150390625,1,101,True
+,19,83,19,83,102,102,1,0.352294921875,-0.352294921875,-0.352294921875,1,102,True
+,19,84,19,84,103,103,0,0.5595703125,-0.5595703125,-0.5595703125,1,103,True
+,19,85,19,85,104,104,0,0.212890625,-0.212890625,-0.212890625,1,104,True
+,19,86,19,86,105,105,0,0.537109375,-0.537109375,-0.537109375,1,105,True
+,19,87,19,87,106,106,0,0.462890625,-0.462890625,-0.462890625,1,106,True
+,19,88,19,88,107,107,0,0.71240234375,-0.71240234375,-0.71240234375,1,107,True
+,19,89,19,89,108,108,0,0.61083984375,-0.61083984375,-0.61083984375,1,108,True
+,19,90,19,90,109,109,0,0.2181396484375,-0.2181396484375,-0.2181396484375,1,109,True
+,19,91,19,91,110,110,3,0.497314453125,-0.497314453125,-0.497314453125,1,110,True
+,19,92,19,92,111,111,0,0.1551513671875,-0.1551513671875,-0.1551513671875,1,111,True
+,19,93,19,93,112,112,0,0.36767578125,-0.36767578125,-0.36767578125,1,112,True
+,19,94,19,94,113,113,0,0.465087890625,-0.465087890625,-0.465087890625,1,113,True
+,19,95,19,95,114,114,1,0.1612548828125,-0.1612548828125,-0.1612548828125,1,114,True
+,19,96,19,96,115,115,1,0.040618896484375,-0.040618896484375,-0.040618896484375,1,115,True
+,19,97,19,97,116,116,0,0.55419921875,-0.55419921875,-0.55419921875,1,116,True
+,19,98,19,98,117,117,0,0.78271484375,-0.78271484375,-0.78271484375,1,117,True
+,19,99,19,99,118,118,0,0.398681640625,-0.398681640625,-0.398681640625,1,118,True
+,20,10,20,10,30,30,55,0.0265655517578125,-0.0265655517578125,-0.0265655517578125,1,30,True
+,20,11,20,11,31,31,8,0.037841796875,-0.037841796875,-0.037841796875,1,31,True
+,20,12,20,12,32,32,19,0.0251007080078125,-0.0251007080078125,-0.0251007080078125,1,32,True
+,20,13,20,13,33,33,8,0.01507568359375,-0.01507568359375,-0.01507568359375,1,33,True
+,20,14,20,14,34,34,8,0.01381683349609375,-0.01381683349609375,-0.01381683349609375,1,34,True
+,20,15,20,15,35,35,20,0.0283203125,-0.0283203125,-0.0283203125,1,35,True
+,20,16,20,16,36,36,5,0.00946807861328125,-0.00946807861328125,-0.00946807861328125,1,36,True
+,20,17,20,17,37,37,7,0.0122528076171875,-0.0122528076171875,-0.0122528076171875,1,37,True
+,20,18,20,18,38,38,6,0.0118408203125,-0.0118408203125,-0.0118408203125,1,38,True
+,20,19,20,19,39,39,4,0.006793975830078125,-0.006793975830078125,-0.006793975830078125,1,39,True
+,20,20,20,20,40,40,91,0.017181396484375,-0.017181396484375,-0.017181396484375,1,40,True
+,20,21,20,21,41,41,1,0.01441192626953125,-0.01441192626953125,-0.01441192626953125,1,41,True
+,20,22,20,22,42,42,8,0.033935546875,-0.033935546875,-0.033935546875,1,42,True
+,20,23,20,23,43,43,2,0.2335205078125,-0.2335205078125,-0.2335205078125,1,43,True
+,20,24,20,24,44,44,11,0.02886962890625,-0.02886962890625,-0.02886962890625,1,44,True
+,20,25,20,25,45,45,22,0.026123046875,-0.026123046875,-0.026123046875,1,45,True
+,20,26,20,26,46,46,4,0.00685882568359375,-0.00685882568359375,-0.00685882568359375,1,46,True
+,20,27,20,27,47,47,2,0.0199432373046875,-0.0199432373046875,-0.0199432373046875,1,47,True
+,20,28,20,28,48,48,3,0.04638671875,-0.04638671875,-0.04638671875,1,48,True
+,20,29,20,29,49,49,3,0.07916259765625,-0.07916259765625,-0.07916259765625,1,49,True
+,20,30,20,30,50,50,47,0.0279388427734375,-0.0279388427734375,-0.0279388427734375,1,50,True
+,20,31,20,31,51,51,1,0.0360107421875,-0.0360107421875,-0.0360107421875,1,51,True
+,20,32,20,32,52,52,3,0.1785888671875,-0.1785888671875,-0.1785888671875,1,52,True
+,20,33,20,33,53,53,2,0.5185546875,-0.5185546875,-0.5185546875,1,53,True
+,20,34,20,34,54,54,0,0.09893798828125,-0.09893798828125,-0.09893798828125,1,54,True
+,20,35,20,35,55,55,8,0.11566162109375,-0.11566162109375,-0.11566162109375,1,55,True
+,20,36,20,36,56,56,3,0.2666015625,-0.2666015625,-0.2666015625,1,56,True
+,20,37,20,37,57,57,1,0.061431884765625,-0.061431884765625,-0.061431884765625,1,57,True
+,20,38,20,38,58,58,1,0.081298828125,-0.081298828125,-0.081298828125,1,58,True
+,20,39,20,39,59,59,0,0.11468505859375,-0.11468505859375,-0.11468505859375,1,59,True
+,20,40,20,40,60,60,25,0.044647216796875,-0.044647216796875,-0.044647216796875,1,60,True
+,20,41,20,41,61,61,0,0.024444580078125,-0.024444580078125,-0.024444580078125,1,61,True
+,20,42,20,42,62,62,1,0.033416748046875,-0.033416748046875,-0.033416748046875,1,62,True
+,20,43,20,43,63,63,0,0.039337158203125,-0.039337158203125,-0.039337158203125,1,63,True
+,20,44,20,44,64,64,3,0.06756591796875,-0.06756591796875,-0.06756591796875,1,64,True
+,20,45,20,45,65,65,9,0.01221466064453125,-0.01221466064453125,-0.01221466064453125,1,65,True
+,20,46,20,46,66,66,1,0.0280609130859375,-0.0280609130859375,-0.0280609130859375,1,66,True
+,20,47,20,47,67,67,3,0.06268310546875,-0.06268310546875,-0.06268310546875,1,67,True
+,20,48,20,48,68,68,1,0.020172119140625,-0.020172119140625,-0.020172119140625,1,68,True
+,20,49,20,49,69,69,0,0.1285400390625,-0.1285400390625,-0.1285400390625,1,69,True
+,20,50,20,50,70,70,10,0.0635986328125,-0.0635986328125,-0.0635986328125,1,70,True
+,20,51,20,51,71,71,0,0.045440673828125,-0.045440673828125,-0.045440673828125,1,71,True
+,20,52,20,52,72,72,1,0.207275390625,-0.207275390625,-0.207275390625,1,72,True
+,20,53,20,53,73,73,0,0.327880859375,-0.327880859375,-0.327880859375,1,73,True
+,20,54,20,54,74,74,2,0.1676025390625,-0.1676025390625,-0.1676025390625,1,74,True
+,20,55,20,55,75,75,3,0.2171630859375,-0.2171630859375,-0.2171630859375,1,75,True
+,20,56,20,56,76,76,0,0.07830810546875,-0.07830810546875,-0.07830810546875,1,76,True
+,20,57,20,57,77,77,0,0.033843994140625,-0.033843994140625,-0.033843994140625,1,77,True
+,20,58,20,58,78,78,0,0.01125335693359375,-0.01125335693359375,-0.01125335693359375,1,78,True
+,20,59,20,59,79,79,0,0.1151123046875,-0.1151123046875,-0.1151123046875,1,79,True
+,20,60,20,60,80,80,14,0.02154541015625,-0.02154541015625,-0.02154541015625,1,80,True
+,20,61,20,61,81,81,0,0.04827880859375,-0.04827880859375,-0.04827880859375,1,81,True
+,20,62,20,62,82,82,0,0.1708984375,-0.1708984375,-0.1708984375,1,82,True
+,20,63,20,63,83,83,0,0.07666015625,-0.07666015625,-0.07666015625,1,83,True
+,20,64,20,64,84,84,1,0.046417236328125,-0.046417236328125,-0.046417236328125,1,84,True
+,20,65,20,65,85,85,1,0.105224609375,-0.105224609375,-0.105224609375,1,85,True
+,20,66,20,66,86,86,0,0.0352783203125,-0.0352783203125,-0.0352783203125,1,86,True
+,20,67,20,67,87,87,0,0.11370849609375,-0.11370849609375,-0.11370849609375,1,87,True
+,20,68,20,68,88,88,1,0.1722412109375,-0.1722412109375,-0.1722412109375,1,88,True
+,20,69,20,69,89,89,1,0.056427001953125,-0.056427001953125,-0.056427001953125,1,89,True
+,20,70,20,70,90,90,9,0.06402587890625,-0.06402587890625,-0.06402587890625,1,90,True
+,20,71,20,71,91,91,0,0.166015625,-0.166015625,-0.166015625,1,91,True
+,20,72,20,72,92,92,1,0.09454345703125,-0.09454345703125,-0.09454345703125,1,92,True
+,20,73,20,73,93,93,0,0.165771484375,-0.165771484375,-0.165771484375,1,93,True
+,20,74,20,74,94,94,0,0.849609375,-0.849609375,-0.849609375,1,84,False
+,20,75,20,75,95,95,1,0.1529541015625,-0.1529541015625,-0.1529541015625,1,95,True
+,20,76,20,76,96,96,1,0.09295654296875,-0.09295654296875,-0.09295654296875,1,96,True
+,20,77,20,77,97,97,0,0.20263671875,-0.20263671875,-0.20263671875,1,97,True
+,20,78,20,78,98,98,0,0.08001708984375,-0.08001708984375,-0.08001708984375,1,98,True
+,20,79,20,79,99,99,0,0.322265625,-0.322265625,-0.322265625,1,99,True
+,20,80,20,80,100,100,4,0.062744140625,-0.062744140625,-0.062744140625,1,100,True
+,20,81,20,81,101,101,0,0.432373046875,-0.432373046875,-0.432373046875,1,101,True
+,20,82,20,82,102,102,0,0.1640625,-0.1640625,-0.1640625,1,102,True
+,20,83,20,83,103,103,0,1.146484375,-1.146484375,-1.146484375,1,93,False
+,20,84,20,84,104,104,1,0.1644287109375,-0.1644287109375,-0.1644287109375,1,104,True
+,20,85,20,85,105,105,0,0.287353515625,-0.287353515625,-0.287353515625,1,105,True
+,20,86,20,86,106,106,0,0.1319580078125,-0.1319580078125,-0.1319580078125,1,106,True
+,20,87,20,87,107,107,0,0.2261962890625,-0.2261962890625,-0.2261962890625,1,107,True
+,20,88,20,88,108,108,0,0.1253662109375,-0.1253662109375,-0.1253662109375,1,108,True
+,20,89,20,89,109,109,0,0.658203125,-0.658203125,-0.658203125,1,109,True
+,20,90,20,90,110,110,0,0.14404296875,-0.14404296875,-0.14404296875,1,110,True
+,20,91,20,91,111,111,0,0.224853515625,-0.224853515625,-0.224853515625,1,111,True
+,20,92,20,92,112,112,0,0.65771484375,-0.65771484375,-0.65771484375,1,112,True
+,20,93,20,93,113,113,0,0.2841796875,-0.2841796875,-0.2841796875,1,113,True
+,20,94,20,94,114,114,0,0.351318359375,-0.351318359375,-0.351318359375,1,114,True
+,20,95,20,95,115,115,0,0.30322265625,-0.30322265625,-0.30322265625,1,115,True
+,20,96,20,96,116,116,0,0.22119140625,-0.22119140625,-0.22119140625,1,116,True
+,20,97,20,97,117,117,0,0.142578125,-0.142578125,-0.142578125,1,117,True
+,20,98,20,98,118,118,0,0.4462890625,-0.4462890625,-0.4462890625,1,118,True
+,20,99,20,99,119,119,1,0.466552734375,-0.466552734375,-0.466552734375,1,119,True
+,21,10,21,10,31,31,3,0.01519775390625,-0.01519775390625,-0.01519775390625,1,31,True
+,21,11,21,11,32,32,6,0.031829833984375,-0.031829833984375,-0.031829833984375,1,32,True
+,21,12,21,12,33,33,7,0.01279449462890625,-0.01279449462890625,-0.01279449462890625,1,33,True
+,21,13,21,13,34,34,27,0.0394287109375,-0.0394287109375,-0.0394287109375,1,34,True
+,21,14,21,14,35,35,3,0.023712158203125,-0.023712158203125,-0.023712158203125,1,35,True
+,21,15,21,15,36,36,7,0.00984954833984375,-0.00984954833984375,-0.00984954833984375,1,36,True
+,21,16,21,16,37,37,0,0.041656494140625,-0.041656494140625,-0.041656494140625,1,37,True
+,21,17,21,17,38,38,2,0.0214080810546875,-0.0214080810546875,-0.0214080810546875,1,38,True
+,21,18,21,18,39,39,6,0.0130157470703125,-0.0130157470703125,-0.0130157470703125,1,39,True
+,21,19,21,19,40,40,6,0.035491943359375,-0.035491943359375,-0.035491943359375,1,40,True
+,21,20,21,20,41,41,2,0.00962066650390625,-0.00962066650390625,-0.00962066650390625,1,41,True
+,21,21,21,21,42,42,8,0.01261138916015625,-0.01261138916015625,-0.01261138916015625,1,42,True
+,21,22,21,22,43,43,3,0.043609619140625,-0.043609619140625,-0.043609619140625,1,43,True
+,21,23,21,23,44,44,3,0.0361328125,-0.0361328125,-0.0361328125,1,44,True
+,21,24,21,24,45,45,5,0.01476287841796875,-0.01476287841796875,-0.01476287841796875,1,45,True
+,21,25,21,25,46,46,4,0.006946563720703125,-0.006946563720703125,-0.006946563720703125,1,46,True
+,21,26,21,26,47,47,2,0.00400543212890625,-0.00400543212890625,-0.00400543212890625,1,47,True
+,21,27,21,27,48,48,2,0.007381439208984375,-0.007381439208984375,-0.007381439208984375,1,48,True
+,21,28,21,28,49,49,5,0.06365966796875,-0.06365966796875,-0.06365966796875,1,49,True
+,21,29,21,29,50,50,1,0.047454833984375,-0.047454833984375,-0.047454833984375,1,50,True
+,21,30,21,30,51,51,2,0.01678466796875,-0.01678466796875,-0.01678466796875,1,51,True
+,21,31,21,31,52,52,2,0.045745849609375,-0.045745849609375,-0.045745849609375,1,52,True
+,21,32,21,32,53,53,8,0.06903076171875,-0.06903076171875,-0.06903076171875,1,53,True
+,21,33,21,33,54,54,5,0.12042236328125,-0.12042236328125,-0.12042236328125,1,54,True
+,21,34,21,34,55,55,34,0.049163818359375,-0.049163818359375,-0.049163818359375,1,55,True
+,21,35,21,35,56,56,5,0.21240234375,-0.21240234375,-0.21240234375,1,56,True
+,21,36,21,36,57,57,2,0.302001953125,-0.302001953125,-0.302001953125,1,57,True
+,21,37,21,37,58,58,0,0.017425537109375,-0.017425537109375,-0.017425537109375,1,58,True
+,21,38,21,38,59,59,0,0.0848388671875,-0.0848388671875,-0.0848388671875,1,59,True
+,21,39,21,39,60,60,1,0.0379638671875,-0.0379638671875,-0.0379638671875,1,60,True
+,21,40,21,40,61,61,0,0.01016998291015625,-0.01016998291015625,-0.01016998291015625,1,61,True
+,21,41,21,41,62,62,0,0.0125885009765625,-0.0125885009765625,-0.0125885009765625,1,62,True
+,21,42,21,42,63,63,2,0.01529693603515625,-0.01529693603515625,-0.01529693603515625,1,63,True
+,21,43,21,43,64,64,3,0.05389404296875,-0.05389404296875,-0.05389404296875,1,64,True
+,21,44,21,44,65,65,0,0.0703125,-0.0703125,-0.0703125,1,65,True
+,21,45,21,45,66,66,0,0.016021728515625,-0.016021728515625,-0.016021728515625,1,66,True
+,21,46,21,46,67,67,0,0.03924560546875,-0.03924560546875,-0.03924560546875,1,67,True
+,21,47,21,47,68,68,1,0.208984375,-0.208984375,-0.208984375,1,68,True
+,21,48,21,48,69,69,0,0.01415252685546875,-0.01415252685546875,-0.01415252685546875,1,69,True
+,21,49,21,49,70,70,0,0.07501220703125,-0.07501220703125,-0.07501220703125,1,70,True
+,21,50,21,50,71,71,2,0.135009765625,-0.135009765625,-0.135009765625,1,71,True
+,21,51,21,51,72,72,0,0.061492919921875,-0.061492919921875,-0.061492919921875,1,72,True
+,21,52,21,52,73,73,0,0.1129150390625,-0.1129150390625,-0.1129150390625,1,73,True
+,21,53,21,53,74,74,1,0.2890625,-0.2890625,-0.2890625,1,74,True
+,21,54,21,54,75,75,0,0.07391357421875,-0.07391357421875,-0.07391357421875,1,75,True
+,21,55,21,55,76,76,0,0.10009765625,-0.10009765625,-0.10009765625,1,76,True
+,21,56,21,56,77,77,1,0.06683349609375,-0.06683349609375,-0.06683349609375,1,77,True
+,21,57,21,57,78,78,0,0.0116729736328125,-0.0116729736328125,-0.0116729736328125,1,78,True
+,21,58,21,58,79,79,0,0.07476806640625,-0.07476806640625,-0.07476806640625,1,79,True
+,21,59,21,59,80,80,0,0.1796875,-0.1796875,-0.1796875,1,80,True
+,21,60,21,60,81,81,1,0.007080078125,-0.007080078125,-0.007080078125,1,81,True
+,21,61,21,61,82,82,0,0.11639404296875,-0.11639404296875,-0.11639404296875,1,82,True
+,21,62,21,62,83,83,0,0.08148193359375,-0.08148193359375,-0.08148193359375,1,83,True
+,21,63,21,63,84,84,0,0.0156402587890625,-0.0156402587890625,-0.0156402587890625,1,84,True
+,21,64,21,64,85,85,0,0.0430908203125,-0.0430908203125,-0.0430908203125,1,85,True
+,21,65,21,65,86,86,1,0.03790283203125,-0.03790283203125,-0.03790283203125,1,86,True
+,21,66,21,66,87,87,1,0.01253509521484375,-0.01253509521484375,-0.01253509521484375,1,87,True
+,21,67,21,67,88,88,0,0.09100341796875,-0.09100341796875,-0.09100341796875,1,88,True
+,21,68,21,68,89,89,0,0.037445068359375,-0.037445068359375,-0.037445068359375,1,89,True
+,21,69,21,69,90,90,0,0.07269287109375,-0.07269287109375,-0.07269287109375,1,90,True
+,21,70,21,70,91,91,0,0.020721435546875,-0.020721435546875,-0.020721435546875,1,91,True
+,21,71,21,71,92,92,0,0.268310546875,-0.268310546875,-0.268310546875,1,92,True
+,21,72,21,72,93,93,0,0.0260772705078125,-0.0260772705078125,-0.0260772705078125,1,93,True
+,21,73,21,73,94,94,1,0.1400146484375,-0.1400146484375,-0.1400146484375,1,94,True
+,21,74,21,74,95,95,0,0.290283203125,-0.290283203125,-0.290283203125,1,95,True
+,21,75,21,75,96,96,1,0.0165863037109375,-0.0165863037109375,-0.0165863037109375,1,96,True
+,21,76,21,76,97,97,0,0.05010986328125,-0.05010986328125,-0.05010986328125,1,97,True
+,21,77,21,77,98,98,0,0.3017578125,-0.3017578125,-0.3017578125,1,98,True
+,21,78,21,78,99,99,0,0.021453857421875,-0.021453857421875,-0.021453857421875,1,99,True
+,21,79,21,79,100,100,1,0.1368408203125,-0.1368408203125,-0.1368408203125,1,100,True
+,21,80,21,80,101,101,0,0.332275390625,-0.332275390625,-0.332275390625,1,101,True
+,21,81,21,81,102,102,0,0.04180908203125,-0.04180908203125,-0.04180908203125,1,102,True
+,21,82,21,82,103,103,0,0.2386474609375,-0.2386474609375,-0.2386474609375,1,103,True
+,21,83,21,83,104,104,0,0.2396240234375,-0.2396240234375,-0.2396240234375,1,104,True
+,21,84,21,84,105,105,1,0.29736328125,-0.29736328125,-0.29736328125,1,105,True
+,21,85,21,85,106,106,0,0.0748291015625,-0.0748291015625,-0.0748291015625,1,106,True
+,21,86,21,86,107,107,0,0.21337890625,-0.21337890625,-0.21337890625,1,107,True
+,21,87,21,87,108,108,0,0.023223876953125,-0.023223876953125,-0.023223876953125,1,108,True
+,21,88,21,88,109,109,0,0.324951171875,-0.324951171875,-0.324951171875,1,109,True
+,21,89,21,89,110,110,0,0.302001953125,-0.302001953125,-0.302001953125,1,110,True
+,21,90,21,90,111,111,0,0.01491546630859375,-0.01491546630859375,-0.01491546630859375,1,111,True
+,21,91,21,91,112,112,0,0.192626953125,-0.192626953125,-0.192626953125,1,112,True
+,21,92,21,92,113,113,0,0.251953125,-0.251953125,-0.251953125,1,113,True
+,21,93,21,93,114,114,0,0.15087890625,-0.15087890625,-0.15087890625,1,114,True
+,21,94,21,94,115,115,0,0.14111328125,-0.14111328125,-0.14111328125,1,115,True
+,21,95,21,95,116,116,0,0.435791015625,-0.435791015625,-0.435791015625,1,116,True
+,21,96,21,96,117,117,0,0.0615234375,-0.0615234375,-0.0615234375,1,117,True
+,21,97,21,97,118,118,0,0.3095703125,-0.3095703125,-0.3095703125,1,118,True
+,21,98,21,98,119,119,0,0.412109375,-0.412109375,-0.412109375,1,119,True
+,21,99,21,99,120,120,0,0.2066650390625,-0.2066650390625,-0.2066650390625,1,120,True
+,22,10,22,10,32,32,5,0.031280517578125,-0.031280517578125,-0.031280517578125,1,32,True
+,22,11,22,11,33,33,6,0.032867431640625,-0.032867431640625,-0.032867431640625,1,33,True
+,22,12,22,12,34,34,5,0.03375244140625,-0.03375244140625,-0.03375244140625,1,34,True
+,22,13,22,13,35,35,2,0.0243682861328125,-0.0243682861328125,-0.0243682861328125,1,35,True
+,22,14,22,14,36,36,5,0.0263671875,-0.0263671875,-0.0263671875,1,36,True
+,22,15,22,15,37,37,3,0.0197601318359375,-0.0197601318359375,-0.0197601318359375,1,37,True
+,22,16,22,16,38,38,2,0.02996826171875,-0.02996826171875,-0.02996826171875,1,38,True
+,22,17,22,17,39,39,1,0.01641845703125,-0.01641845703125,-0.01641845703125,1,39,True
+,22,18,22,18,40,40,4,0.025726318359375,-0.025726318359375,-0.025726318359375,1,40,True
+,22,19,22,19,41,41,2,0.0164794921875,-0.0164794921875,-0.0164794921875,1,41,True
+,22,20,22,20,42,42,5,0.01190948486328125,-0.01190948486328125,-0.01190948486328125,1,42,True
+,22,21,22,21,43,43,3,0.010345458984375,-0.010345458984375,-0.010345458984375,1,43,True
+,22,22,22,22,44,44,18,0.033660888671875,-0.033660888671875,-0.033660888671875,1,44,True
+,22,23,22,23,45,45,5,0.015167236328125,-0.015167236328125,-0.015167236328125,1,45,True
+,22,24,22,24,46,46,3,0.01132965087890625,-0.01132965087890625,-0.01132965087890625,1,46,True
+,22,25,22,25,47,47,2,0.0283966064453125,-0.0283966064453125,-0.0283966064453125,1,47,True
+,22,26,22,26,48,48,1,0.0170440673828125,-0.0170440673828125,-0.0170440673828125,1,48,True
+,22,27,22,27,49,49,4,0.012908935546875,-0.012908935546875,-0.012908935546875,1,49,True
+,22,28,22,28,50,50,2,0.056884765625,-0.056884765625,-0.056884765625,1,50,True
+,22,29,22,29,51,51,2,0.045257568359375,-0.045257568359375,-0.045257568359375,1,51,True
+,22,30,22,30,52,52,3,0.046661376953125,-0.046661376953125,-0.046661376953125,1,52,True
+,22,31,22,31,53,53,5,0.08428955078125,-0.08428955078125,-0.08428955078125,1,53,True
+,22,32,22,32,54,54,0,1.0517578125,-1.0517578125,-1.0517578125,1,53,False
+,22,33,22,33,55,55,2,0.1693115234375,-0.1693115234375,-0.1693115234375,1,55,True
+,22,34,22,34,56,56,1,0.1796875,-0.1796875,-0.1796875,1,56,True
+,22,35,22,35,57,57,0,0.107421875,-0.107421875,-0.107421875,1,57,True
+,22,36,22,36,58,58,1,0.3359375,-0.3359375,-0.3359375,1,58,True
+,22,37,22,37,59,59,0,0.08135986328125,-0.08135986328125,-0.08135986328125,1,59,True
+,22,38,22,38,60,60,1,0.08563232421875,-0.08563232421875,-0.08563232421875,1,60,True
+,22,39,22,39,61,61,0,0.172119140625,-0.172119140625,-0.172119140625,1,61,True
+,22,40,22,40,62,62,1,0.0205078125,-0.0205078125,-0.0205078125,1,62,True
+,22,41,22,41,63,63,0,0.0341796875,-0.0341796875,-0.0341796875,1,63,True
+,22,42,22,42,64,64,0,0.6494140625,-0.6494140625,-0.6494140625,1,64,True
+,22,43,22,43,65,65,0,0.147216796875,-0.147216796875,-0.147216796875,1,65,True
+,22,44,22,44,66,66,2,0.081787109375,-0.081787109375,-0.081787109375,1,66,True
+,22,45,22,45,67,67,0,0.04962158203125,-0.04962158203125,-0.04962158203125,1,67,True
+,22,46,22,46,68,68,1,0.170654296875,-0.170654296875,-0.170654296875,1,68,True
+,22,47,22,47,69,69,0,0.074951171875,-0.074951171875,-0.074951171875,1,69,True
+,22,48,22,48,70,70,0,0.01812744140625,-0.01812744140625,-0.01812744140625,1,70,True
+,22,49,22,49,71,71,0,0.10113525390625,-0.10113525390625,-0.10113525390625,1,71,True
+,22,50,22,50,72,72,2,0.1436767578125,-0.1436767578125,-0.1436767578125,1,72,True
+,22,51,22,51,73,73,0,0.06488037109375,-0.06488037109375,-0.06488037109375,1,73,True
+,22,52,22,52,74,74,0,2.029296875,-2.029296875,-2.029296875,1,73,False
+,22,53,22,53,75,75,1,0.1121826171875,-0.1121826171875,-0.1121826171875,1,75,True
+,22,54,22,54,76,76,0,0.1614990234375,-0.1614990234375,-0.1614990234375,1,76,True
+,22,55,22,55,77,77,0,0.1812744140625,-0.1812744140625,-0.1812744140625,1,77,True
+,22,56,22,56,78,78,1,0.056304931640625,-0.056304931640625,-0.056304931640625,1,78,True
+,22,57,22,57,79,79,0,0.07391357421875,-0.07391357421875,-0.07391357421875,1,79,True
+,22,58,22,58,80,80,1,0.8330078125,-0.8330078125,-0.8330078125,1,80,True
+,22,59,22,59,81,81,0,0.11932373046875,-0.11932373046875,-0.11932373046875,1,81,True
+,22,60,22,60,82,82,1,0.01763916015625,-0.01763916015625,-0.01763916015625,1,82,True
+,22,61,22,61,83,83,1,0.164306640625,-0.164306640625,-0.164306640625,1,83,True
+,22,62,22,62,84,84,0,0.1754150390625,-0.1754150390625,-0.1754150390625,1,84,True
+,22,63,22,63,85,85,0,0.160400390625,-0.160400390625,-0.160400390625,1,85,True
+,22,64,22,64,86,86,0,0.038665771484375,-0.038665771484375,-0.038665771484375,1,86,True
+,22,65,22,65,87,87,1,0.0254058837890625,-0.0254058837890625,-0.0254058837890625,1,87,True
+,22,66,22,66,88,88,0,0.0501708984375,-0.0501708984375,-0.0501708984375,1,88,True
+,22,67,22,67,89,89,0,0.125244140625,-0.125244140625,-0.125244140625,1,89,True
+,22,68,22,68,90,90,0,1.1513671875,-1.1513671875,-1.1513671875,1,91,False
+,22,69,22,69,91,91,0,0.0275115966796875,-0.0275115966796875,-0.0275115966796875,1,91,True
+,22,70,22,70,92,92,8,0.133544921875,-0.133544921875,-0.133544921875,1,92,True
+,22,71,22,71,93,93,0,0.05859375,-0.05859375,-0.05859375,1,93,True
+,22,72,22,72,94,94,0,1.537109375,-1.537109375,-1.537109375,1,93,False
+,22,73,22,73,95,95,0,0.349365234375,-0.349365234375,-0.349365234375,1,95,True
+,22,74,22,74,96,96,1,0.736328125,-0.736328125,-0.736328125,1,96,True
+,22,75,22,75,97,97,0,0.03839111328125,-0.03839111328125,-0.03839111328125,1,97,True
+,22,76,22,76,98,98,0,0.7412109375,-0.7412109375,-0.7412109375,1,98,True
+,22,77,22,77,99,99,0,0.0826416015625,-0.0826416015625,-0.0826416015625,1,99,True
+,22,78,22,78,100,100,1,0.09478759765625,-0.09478759765625,-0.09478759765625,1,100,True
+,22,79,22,79,101,101,0,0.178955078125,-0.178955078125,-0.178955078125,1,101,True
+,22,80,22,80,102,102,0,0.0250244140625,-0.0250244140625,-0.0250244140625,1,102,True
+,22,81,22,81,103,103,0,0.1470947265625,-0.1470947265625,-0.1470947265625,1,103,True
+,22,82,22,82,104,104,0,1.6943359375,-1.6943359375,-1.6943359375,1,103,False
+,22,83,22,83,105,105,0,0.2362060546875,-0.2362060546875,-0.2362060546875,1,105,True
+,22,84,22,84,106,106,0,0.0574951171875,-0.0574951171875,-0.0574951171875,1,106,True
+,22,85,22,85,107,107,0,0.408203125,-0.408203125,-0.408203125,1,107,True
+,22,86,22,86,108,108,0,0.168701171875,-0.168701171875,-0.168701171875,1,108,True
+,22,87,22,87,109,109,0,0.10101318359375,-0.10101318359375,-0.10101318359375,1,109,True
+,22,88,22,88,110,110,0,0.330810546875,-0.330810546875,-0.330810546875,1,110,True
+,22,89,22,89,111,111,1,0.1195068359375,-0.1195068359375,-0.1195068359375,1,111,True
+,22,90,22,90,112,112,0,0.11126708984375,-0.11126708984375,-0.11126708984375,1,112,True
+,22,91,22,91,113,113,0,0.251220703125,-0.251220703125,-0.251220703125,1,113,True
+,22,92,22,92,114,114,0,1.8330078125,-1.8330078125,-1.8330078125,1,113,False
+,22,93,22,93,115,115,0,0.1744384765625,-0.1744384765625,-0.1744384765625,1,115,True
+,22,94,22,94,116,116,0,1.3037109375,-1.3037109375,-1.3037109375,1,106,False
+,22,95,22,95,117,117,0,0.7412109375,-0.7412109375,-0.7412109375,1,117,True
+,22,96,22,96,118,118,0,0.1705322265625,-0.1705322265625,-0.1705322265625,1,118,True
+,22,97,22,97,119,119,0,0.88671875,-0.88671875,-0.88671875,1,119,True
+,22,98,22,98,120,120,0,0.744140625,-0.744140625,-0.744140625,1,120,True
+,22,99,22,99,121,121,0,0.48681640625,-0.48681640625,-0.48681640625,1,121,True
+,23,10,23,10,33,33,4,0.00891876220703125,-0.00891876220703125,-0.00891876220703125,1,33,True
+,23,11,23,11,34,34,10,0.023345947265625,-0.023345947265625,-0.023345947265625,1,34,True
+,23,12,23,12,35,35,5,0.032135009765625,-0.032135009765625,-0.032135009765625,1,35,True
+,23,13,23,13,36,36,3,0.0245208740234375,-0.0245208740234375,-0.0245208740234375,1,36,True
+,23,14,23,14,37,37,0,0.01727294921875,-0.01727294921875,-0.01727294921875,1,37,True
+,23,15,23,15,38,38,1,0.01690673828125,-0.01690673828125,-0.01690673828125,1,38,True
+,23,16,23,16,39,39,2,0.1131591796875,-0.1131591796875,-0.1131591796875,1,39,True
+,23,17,23,17,40,40,4,0.10906982421875,-0.10906982421875,-0.10906982421875,1,40,True
+,23,18,23,18,41,41,5,0.0154876708984375,-0.0154876708984375,-0.0154876708984375,1,41,True
+,23,19,23,19,42,42,1,0.004852294921875,-0.004852294921875,-0.004852294921875,1,42,True
+,23,20,23,20,43,43,3,0.11627197265625,-0.11627197265625,-0.11627197265625,1,43,True
+,23,21,23,21,44,44,1,0.009307861328125,-0.009307861328125,-0.009307861328125,1,44,True
+,23,22,23,22,45,45,6,0.0178680419921875,-0.0178680419921875,-0.0178680419921875,1,45,True
+,23,23,23,23,46,46,16,0.021636962890625,-0.021636962890625,-0.021636962890625,1,46,True
+,23,24,23,24,47,47,2,0.039031982421875,-0.039031982421875,-0.039031982421875,1,47,True
+,23,25,23,25,48,48,4,0.0290985107421875,-0.0290985107421875,-0.0290985107421875,1,48,True
+,23,26,23,26,49,49,2,0.0482177734375,-0.0482177734375,-0.0482177734375,1,49,True
+,23,27,23,27,50,50,5,0.1661376953125,-0.1661376953125,-0.1661376953125,1,50,True
+,23,28,23,28,51,51,5,0.034088134765625,-0.034088134765625,-0.034088134765625,1,51,True
+,23,29,23,29,52,52,2,0.060821533203125,-0.060821533203125,-0.060821533203125,1,52,True
+,23,30,23,30,53,53,0,0.0303802490234375,-0.0303802490234375,-0.0303802490234375,1,53,True
+,23,31,23,31,54,54,0,0.036376953125,-0.036376953125,-0.036376953125,1,54,True
+,23,32,23,32,55,55,3,0.2020263671875,-0.2020263671875,-0.2020263671875,1,55,True
+,23,33,23,33,56,56,0,0.19140625,-0.19140625,-0.19140625,1,56,True
+,23,34,23,34,57,57,1,0.1961669921875,-0.1961669921875,-0.1961669921875,1,57,True
+,23,35,23,35,58,58,3,0.051177978515625,-0.051177978515625,-0.051177978515625,1,58,True
+,23,36,23,36,59,59,0,0.135986328125,-0.135986328125,-0.135986328125,1,59,True
+,23,37,23,37,60,60,4,0.05523681640625,-0.05523681640625,-0.05523681640625,1,60,True
+,23,38,23,38,61,61,1,0.69091796875,-0.69091796875,-0.69091796875,1,61,True
+,23,39,23,39,62,62,1,0.021820068359375,-0.021820068359375,-0.021820068359375,1,62,True
+,23,40,23,40,63,63,0,0.06280517578125,-0.06280517578125,-0.06280517578125,1,63,True
+,23,41,23,41,64,64,1,0.0582275390625,-0.0582275390625,-0.0582275390625,1,64,True
+,23,42,23,42,65,65,2,0.1348876953125,-0.1348876953125,-0.1348876953125,1,65,True
+,23,43,23,43,66,66,0,0.1427001953125,-0.1427001953125,-0.1427001953125,1,66,True
+,23,44,23,44,67,67,1,0.09393310546875,-0.09393310546875,-0.09393310546875,1,67,True
+,23,45,23,45,68,68,1,0.0208740234375,-0.0208740234375,-0.0208740234375,1,68,True
+,23,46,23,46,69,69,2,0.11492919921875,-0.11492919921875,-0.11492919921875,1,69,True
+,23,47,23,47,70,70,1,0.2059326171875,-0.2059326171875,-0.2059326171875,1,70,True
+,23,48,23,48,71,71,0,0.04486083984375,-0.04486083984375,-0.04486083984375,1,71,True
+,23,49,23,49,72,72,2,0.073486328125,-0.073486328125,-0.073486328125,1,72,True
+,23,50,23,50,73,73,0,0.033172607421875,-0.033172607421875,-0.033172607421875,1,73,True
+,23,51,23,51,74,74,1,0.04571533203125,-0.04571533203125,-0.04571533203125,1,74,True
+,23,52,23,52,75,75,1,0.06866455078125,-0.06866455078125,-0.06866455078125,1,75,True
+,23,53,23,53,76,76,0,0.337646484375,-0.337646484375,-0.337646484375,1,76,True
+,23,54,23,54,77,77,1,0.054229736328125,-0.054229736328125,-0.054229736328125,1,77,True
+,23,55,23,55,78,78,1,0.09942626953125,-0.09942626953125,-0.09942626953125,1,78,True
+,23,56,23,56,79,79,1,0.15478515625,-0.15478515625,-0.15478515625,1,79,True
+,23,57,23,57,80,80,0,0.060302734375,-0.060302734375,-0.060302734375,1,80,True
+,23,58,23,58,81,81,0,0.1748046875,-0.1748046875,-0.1748046875,1,81,True
+,23,59,23,59,82,82,1,0.280517578125,-0.280517578125,-0.280517578125,1,82,True
+,23,60,23,60,83,83,1,0.00522613525390625,-0.00522613525390625,-0.00522613525390625,1,83,True
+,23,61,23,61,84,84,1,0.056976318359375,-0.056976318359375,-0.056976318359375,1,84,True
+,23,62,23,62,85,85,0,0.305419921875,-0.305419921875,-0.305419921875,1,85,True
+,23,63,23,63,86,86,0,0.053802490234375,-0.053802490234375,-0.053802490234375,1,86,True
+,23,64,23,64,87,87,0,0.041015625,-0.041015625,-0.041015625,1,87,True
+,23,65,23,65,88,88,0,0.057830810546875,-0.057830810546875,-0.057830810546875,1,88,True
+,23,66,23,66,89,89,0,0.044769287109375,-0.044769287109375,-0.044769287109375,1,89,True
+,23,67,23,67,90,90,0,0.041259765625,-0.041259765625,-0.041259765625,1,90,True
+,23,68,23,68,91,91,0,0.048370361328125,-0.048370361328125,-0.048370361328125,1,91,True
+,23,69,23,69,92,92,0,0.0191192626953125,-0.0191192626953125,-0.0191192626953125,1,92,True
+,23,70,23,70,93,93,0,0.0177459716796875,-0.0177459716796875,-0.0177459716796875,1,93,True
+,23,71,23,71,94,94,2,0.1474609375,-0.1474609375,-0.1474609375,1,94,True
+,23,72,23,72,95,95,0,0.5400390625,-0.5400390625,-0.5400390625,1,95,True
+,23,73,23,73,96,96,1,0.0687255859375,-0.0687255859375,-0.0687255859375,1,96,True
+,23,74,23,74,97,97,1,0.338623046875,-0.338623046875,-0.338623046875,1,97,True
+,23,75,23,75,98,98,0,0.10302734375,-0.10302734375,-0.10302734375,1,98,True
+,23,76,23,76,99,99,1,0.0653076171875,-0.0653076171875,-0.0653076171875,1,99,True
+,23,77,23,77,100,100,2,0.236572265625,-0.236572265625,-0.236572265625,1,100,True
+,23,78,23,78,101,101,0,0.0237884521484375,-0.0237884521484375,-0.0237884521484375,1,101,True
+,23,79,23,79,102,102,1,0.189453125,-0.189453125,-0.189453125,1,102,True
+,23,80,23,80,103,103,0,0.0250244140625,-0.0250244140625,-0.0250244140625,1,103,True
+,23,81,23,81,104,104,0,0.052825927734375,-0.052825927734375,-0.052825927734375,1,104,True
+,23,82,23,82,105,105,0,0.185546875,-0.185546875,-0.185546875,1,105,True
+,23,83,23,83,106,106,1,0.2998046875,-0.2998046875,-0.2998046875,1,106,True
+,23,84,23,84,107,107,0,0.1053466796875,-0.1053466796875,-0.1053466796875,1,107,True
+,23,85,23,85,108,108,1,0.06719970703125,-0.06719970703125,-0.06719970703125,1,108,True
+,23,86,23,86,109,109,0,1.1630859375,-1.1630859375,-1.1630859375,1,111,False
+,23,87,23,87,110,110,1,0.19677734375,-0.19677734375,-0.19677734375,1,110,True
+,23,88,23,88,111,111,0,0.1947021484375,-0.1947021484375,-0.1947021484375,1,111,True
+,23,89,23,89,112,112,0,0.6494140625,-0.6494140625,-0.6494140625,1,112,True
+,23,90,23,90,113,113,0,0.06036376953125,-0.06036376953125,-0.06036376953125,1,113,True
+,23,91,23,91,114,114,0,0.4501953125,-0.4501953125,-0.4501953125,1,114,True
+,23,92,23,92,115,115,0,0.84716796875,-0.84716796875,-0.84716796875,1,115,True
+,23,93,23,93,116,116,3,0.2998046875,-0.2998046875,-0.2998046875,1,116,True
+,23,94,23,94,117,117,0,0.3828125,-0.3828125,-0.3828125,1,117,True
+,23,95,23,95,118,118,0,0.91943359375,-0.91943359375,-0.91943359375,1,128,False
+,23,96,23,96,119,119,2,0.217529296875,-0.217529296875,-0.217529296875,1,119,True
+,23,97,23,97,120,120,0,0.42919921875,-0.42919921875,-0.42919921875,1,120,True
+,23,98,23,98,121,121,0,0.06329345703125,-0.06329345703125,-0.06329345703125,1,121,True
+,23,99,23,99,122,122,0,0.29541015625,-0.29541015625,-0.29541015625,1,122,True
+,24,10,24,10,34,34,6,0.0140533447265625,-0.0140533447265625,-0.0140533447265625,1,34,True
+,24,11,24,11,35,35,2,0.026611328125,-0.026611328125,-0.026611328125,1,35,True
+,24,12,24,12,36,36,14,0.0124664306640625,-0.0124664306640625,-0.0124664306640625,1,36,True
+,24,13,24,13,37,37,2,0.0237884521484375,-0.0237884521484375,-0.0237884521484375,1,37,True
+,24,14,24,14,38,38,5,0.0310821533203125,-0.0310821533203125,-0.0310821533203125,1,38,True
+,24,15,24,15,39,39,8,0.01079559326171875,-0.01079559326171875,-0.01079559326171875,1,39,True
+,24,16,24,16,40,40,9,0.01435089111328125,-0.01435089111328125,-0.01435089111328125,1,40,True
+,24,17,24,17,41,41,6,0.006023406982421875,-0.006023406982421875,-0.006023406982421875,1,41,True
+,24,18,24,18,42,42,7,0.039093017578125,-0.039093017578125,-0.039093017578125,1,42,True
+,24,19,24,19,43,43,3,0.00539398193359375,-0.00539398193359375,-0.00539398193359375,1,43,True
+,24,20,24,20,44,44,7,0.01235198974609375,-0.01235198974609375,-0.01235198974609375,1,44,True
+,24,21,24,21,45,45,0,0.0074310302734375,-0.0074310302734375,-0.0074310302734375,1,45,True
+,24,22,24,22,46,46,5,0.01629638671875,-0.01629638671875,-0.01629638671875,1,46,True
+,24,23,24,23,47,47,7,0.01015472412109375,-0.01015472412109375,-0.01015472412109375,1,47,True
+,24,24,24,24,48,48,33,0.01500701904296875,-0.01500701904296875,-0.01500701904296875,1,48,True
+,24,25,24,25,49,49,4,0.0191192626953125,-0.0191192626953125,-0.0191192626953125,1,49,True
+,24,26,24,26,50,50,1,0.027862548828125,-0.027862548828125,-0.027862548828125,1,50,True
+,24,27,24,27,51,51,2,0.03082275390625,-0.03082275390625,-0.03082275390625,1,51,True
+,24,28,24,28,52,52,1,0.046722412109375,-0.046722412109375,-0.046722412109375,1,52,True
+,24,29,24,29,53,53,2,0.162353515625,-0.162353515625,-0.162353515625,1,53,True
+,24,30,24,30,54,54,5,0.08575439453125,-0.08575439453125,-0.08575439453125,1,54,True
+,24,31,24,31,55,55,1,0.040496826171875,-0.040496826171875,-0.040496826171875,1,55,True
+,24,32,24,32,56,56,10,0.0521240234375,-0.0521240234375,-0.0521240234375,1,56,True
+,24,33,24,33,57,57,3,0.163818359375,-0.163818359375,-0.163818359375,1,57,True
+,24,34,24,34,58,58,1,0.1826171875,-0.1826171875,-0.1826171875,1,58,True
+,24,35,24,35,59,59,1,0.2161865234375,-0.2161865234375,-0.2161865234375,1,59,True
+,24,36,24,36,60,60,10,0.07928466796875,-0.07928466796875,-0.07928466796875,1,60,True
+,24,37,24,37,61,61,0,0.0701904296875,-0.0701904296875,-0.0701904296875,1,61,True
+,24,38,24,38,62,62,1,0.0733642578125,-0.0733642578125,-0.0733642578125,1,62,True
+,24,39,24,39,63,63,1,0.03045654296875,-0.03045654296875,-0.03045654296875,1,63,True
+,24,40,24,40,64,64,4,0.02850341796875,-0.02850341796875,-0.02850341796875,1,64,True
+,24,41,24,41,65,65,0,0.036712646484375,-0.036712646484375,-0.036712646484375,1,65,True
+,24,42,24,42,66,66,4,0.07305908203125,-0.07305908203125,-0.07305908203125,1,66,True
+,24,43,24,43,67,67,0,0.1424560546875,-0.1424560546875,-0.1424560546875,1,67,True
+,24,44,24,44,68,68,0,0.1748046875,-0.1748046875,-0.1748046875,1,68,True
+,24,45,24,45,69,69,1,0.0555419921875,-0.0555419921875,-0.0555419921875,1,69,True
+,24,46,24,46,70,70,1,0.322509765625,-0.322509765625,-0.322509765625,1,70,True
+,24,47,24,47,71,71,1,0.30615234375,-0.30615234375,-0.30615234375,1,71,True
+,24,48,24,48,72,72,3,0.102783203125,-0.102783203125,-0.102783203125,1,72,True
+,24,49,24,49,73,73,0,0.059783935546875,-0.059783935546875,-0.059783935546875,1,73,True
+,24,50,24,50,74,74,0,0.1455078125,-0.1455078125,-0.1455078125,1,74,True
+,24,51,24,51,75,75,0,0.03656005859375,-0.03656005859375,-0.03656005859375,1,75,True
+,24,52,24,52,76,76,0,0.03582763671875,-0.03582763671875,-0.03582763671875,1,76,True
+,24,53,24,53,77,77,1,0.0660400390625,-0.0660400390625,-0.0660400390625,1,77,True
+,24,54,24,54,78,78,0,0.345458984375,-0.345458984375,-0.345458984375,1,78,True
+,24,55,24,55,79,79,0,0.11004638671875,-0.11004638671875,-0.11004638671875,1,79,True
+,24,56,24,56,80,80,0,0.1063232421875,-0.1063232421875,-0.1063232421875,1,80,True
+,24,57,24,57,81,81,0,0.03741455078125,-0.03741455078125,-0.03741455078125,1,81,True
+,24,58,24,58,82,82,0,0.101318359375,-0.101318359375,-0.101318359375,1,82,True
+,24,59,24,59,83,83,0,0.049774169921875,-0.049774169921875,-0.049774169921875,1,83,True
+,24,60,24,60,84,84,1,0.0031414031982421875,-0.0031414031982421875,-0.0031414031982421875,1,84,True
+,24,61,24,61,85,85,1,0.09344482421875,-0.09344482421875,-0.09344482421875,1,85,True
+,24,62,24,62,86,86,0,0.07073974609375,-0.07073974609375,-0.07073974609375,1,86,True
+,24,63,24,63,87,87,2,0.08428955078125,-0.08428955078125,-0.08428955078125,1,87,True
+,24,64,24,64,88,88,2,0.1861572265625,-0.1861572265625,-0.1861572265625,1,88,True
+,24,65,24,65,89,89,0,0.0245208740234375,-0.0245208740234375,-0.0245208740234375,1,89,True
+,24,66,24,66,90,90,0,0.09722900390625,-0.09722900390625,-0.09722900390625,1,90,True
+,24,67,24,67,91,91,0,0.024383544921875,-0.024383544921875,-0.024383544921875,1,91,True
+,24,68,24,68,92,92,0,0.10797119140625,-0.10797119140625,-0.10797119140625,1,92,True
+,24,69,24,69,93,93,0,0.059783935546875,-0.059783935546875,-0.059783935546875,1,93,True
+,24,70,24,70,94,94,1,0.0328369140625,-0.0328369140625,-0.0328369140625,1,94,True
+,24,71,24,71,95,95,0,0.05926513671875,-0.05926513671875,-0.05926513671875,1,95,True
+,24,72,24,72,96,96,6,0.1534423828125,-0.1534423828125,-0.1534423828125,1,96,True
+,24,73,24,73,97,97,0,0.119873046875,-0.119873046875,-0.119873046875,1,97,True
+,24,74,24,74,98,98,0,0.85693359375,-0.85693359375,-0.85693359375,1,98,True
+,24,75,24,75,99,99,0,0.09014892578125,-0.09014892578125,-0.09014892578125,1,99,True
+,24,76,24,76,100,100,1,0.8017578125,-0.8017578125,-0.8017578125,1,100,True
+,24,77,24,77,101,101,0,0.3486328125,-0.3486328125,-0.3486328125,1,101,True
+,24,78,24,78,102,102,2,0.11468505859375,-0.11468505859375,-0.11468505859375,1,102,True
+,24,79,24,79,103,103,0,0.345458984375,-0.345458984375,-0.345458984375,1,103,True
+,24,80,24,80,104,104,0,0.18505859375,-0.18505859375,-0.18505859375,1,104,True
+,24,81,24,81,105,105,0,0.0567626953125,-0.0567626953125,-0.0567626953125,1,105,True
+,24,82,24,82,106,106,0,0.0205535888671875,-0.0205535888671875,-0.0205535888671875,1,106,True
+,24,83,24,83,107,107,0,0.272705078125,-0.272705078125,-0.272705078125,1,107,True
+,24,84,24,84,108,108,0,0.218505859375,-0.218505859375,-0.218505859375,1,108,True
+,24,85,24,85,109,109,0,0.06256103515625,-0.06256103515625,-0.06256103515625,1,109,True
+,24,86,24,86,110,110,0,0.12213134765625,-0.12213134765625,-0.12213134765625,1,110,True
+,24,87,24,87,111,111,0,0.036102294921875,-0.036102294921875,-0.036102294921875,1,111,True
+,24,88,24,88,112,112,0,0.85400390625,-0.85400390625,-0.85400390625,1,122,False
+,24,89,24,89,113,113,0,0.03424072265625,-0.03424072265625,-0.03424072265625,1,113,True
+,24,90,24,90,114,114,0,0.0214691162109375,-0.0214691162109375,-0.0214691162109375,1,114,True
+,24,91,24,91,115,115,0,0.26171875,-0.26171875,-0.26171875,1,115,True
+,24,92,24,92,116,116,0,0.5419921875,-0.5419921875,-0.5419921875,1,116,True
+,24,93,24,93,117,117,0,0.272216796875,-0.272216796875,-0.272216796875,1,117,True
+,24,94,24,94,118,118,0,0.198974609375,-0.198974609375,-0.198974609375,1,118,True
+,24,95,24,95,119,119,0,0.8310546875,-0.8310546875,-0.8310546875,1,109,False
+,24,96,24,96,120,120,1,0.316162109375,-0.316162109375,-0.316162109375,1,120,True
+,24,97,24,97,121,121,0,0.1405029296875,-0.1405029296875,-0.1405029296875,1,121,True
+,24,98,24,98,122,122,0,0.0908203125,-0.0908203125,-0.0908203125,1,122,True
+,24,99,24,99,123,123,0,0.08807373046875,-0.08807373046875,-0.08807373046875,1,123,True
+,25,10,25,10,35,35,6,0.03857421875,-0.03857421875,-0.03857421875,1,35,True
+,25,11,25,11,36,36,3,0.0246429443359375,-0.0246429443359375,-0.0246429443359375,1,36,True
+,25,12,25,12,37,37,4,0.009124755859375,-0.009124755859375,-0.009124755859375,1,37,True
+,25,13,25,13,38,38,2,0.0207061767578125,-0.0207061767578125,-0.0207061767578125,1,38,True
+,25,14,25,14,39,39,6,0.01056671142578125,-0.01056671142578125,-0.01056671142578125,1,39,True
+,25,15,25,15,40,40,20,0.06585693359375,-0.06585693359375,-0.06585693359375,1,40,True
+,25,16,25,16,41,41,8,0.004573822021484375,-0.004573822021484375,-0.004573822021484375,1,41,True
+,25,17,25,17,42,42,3,0.02093505859375,-0.02093505859375,-0.02093505859375,1,42,True
+,25,18,25,18,43,43,3,0.008270263671875,-0.008270263671875,-0.008270263671875,1,43,True
+,25,19,25,19,44,44,2,0.00582122802734375,-0.00582122802734375,-0.00582122802734375,1,44,True
+,25,20,25,20,45,45,20,0.02032470703125,-0.02032470703125,-0.02032470703125,1,45,True
+,25,21,25,21,46,46,1,0.004917144775390625,-0.004917144775390625,-0.004917144775390625,1,46,True
+,25,22,25,22,47,47,3,0.03399658203125,-0.03399658203125,-0.03399658203125,1,47,True
+,25,23,25,23,48,48,0,0.007404327392578125,-0.007404327392578125,-0.007404327392578125,1,48,True
+,25,24,25,24,49,49,5,0.04071044921875,-0.04071044921875,-0.04071044921875,1,49,True
+,25,25,25,25,50,50,23,0.04266357421875,-0.04266357421875,-0.04266357421875,1,50,True
+,25,26,25,26,51,51,5,0.0150299072265625,-0.0150299072265625,-0.0150299072265625,1,51,True
+,25,27,25,27,52,52,4,0.0750732421875,-0.0750732421875,-0.0750732421875,1,52,True
+,25,28,25,28,53,53,0,0.1055908203125,-0.1055908203125,-0.1055908203125,1,53,True
+,25,29,25,29,54,54,1,0.055755615234375,-0.055755615234375,-0.055755615234375,1,54,True
+,25,30,25,30,55,55,9,0.0245208740234375,-0.0245208740234375,-0.0245208740234375,1,55,True
+,25,31,25,31,56,56,1,0.2054443359375,-0.2054443359375,-0.2054443359375,1,56,True
+,25,32,25,32,57,57,6,0.097900390625,-0.097900390625,-0.097900390625,1,57,True
+,25,33,25,33,58,58,2,0.035797119140625,-0.035797119140625,-0.035797119140625,1,58,True
+,25,34,25,34,59,59,1,0.06976318359375,-0.06976318359375,-0.06976318359375,1,59,True
+,25,35,25,35,60,60,5,0.07196044921875,-0.07196044921875,-0.07196044921875,1,60,True
+,25,36,25,36,61,61,6,0.0455322265625,-0.0455322265625,-0.0455322265625,1,61,True
+,25,37,25,37,62,62,0,0.039154052734375,-0.039154052734375,-0.039154052734375,1,62,True
+,25,38,25,38,63,63,0,0.046630859375,-0.046630859375,-0.046630859375,1,63,True
+,25,39,25,39,64,64,1,0.087890625,-0.087890625,-0.087890625,1,64,True
+,25,40,25,40,65,65,8,0.0189971923828125,-0.0189971923828125,-0.0189971923828125,1,65,True
+,25,41,25,41,66,66,1,0.02349853515625,-0.02349853515625,-0.02349853515625,1,66,True
+,25,42,25,42,67,67,0,0.09405517578125,-0.09405517578125,-0.09405517578125,1,67,True
+,25,43,25,43,68,68,0,0.264404296875,-0.264404296875,-0.264404296875,1,68,True
+,25,44,25,44,69,69,0,0.300537109375,-0.300537109375,-0.300537109375,1,69,True
+,25,45,25,45,70,70,4,0.058929443359375,-0.058929443359375,-0.058929443359375,1,70,True
+,25,46,25,46,71,71,0,0.37109375,-0.37109375,-0.37109375,1,71,True
+,25,47,25,47,72,72,0,0.2005615234375,-0.2005615234375,-0.2005615234375,1,72,True
+,25,48,25,48,73,73,0,0.0280609130859375,-0.0280609130859375,-0.0280609130859375,1,73,True
+,25,49,25,49,74,74,4,0.044677734375,-0.044677734375,-0.044677734375,1,74,True
+,25,50,25,50,75,75,14,0.0293426513671875,-0.0293426513671875,-0.0293426513671875,1,75,True
+,25,51,25,51,76,76,0,0.02386474609375,-0.02386474609375,-0.02386474609375,1,76,True
+,25,52,25,52,77,77,1,0.03790283203125,-0.03790283203125,-0.03790283203125,1,77,True
+,25,53,25,53,78,78,0,0.0716552734375,-0.0716552734375,-0.0716552734375,1,78,True
+,25,54,25,54,79,79,0,0.0792236328125,-0.0792236328125,-0.0792236328125,1,79,True
+,25,55,25,55,80,80,1,0.351318359375,-0.351318359375,-0.351318359375,1,80,True
+,25,56,25,56,81,81,2,0.07867431640625,-0.07867431640625,-0.07867431640625,1,81,True
+,25,57,25,57,82,82,0,0.041961669921875,-0.041961669921875,-0.041961669921875,1,82,True
+,25,58,25,58,83,83,0,0.159912109375,-0.159912109375,-0.159912109375,1,83,True
+,25,59,25,59,84,84,1,0.0919189453125,-0.0919189453125,-0.0919189453125,1,84,True
+,25,60,25,60,85,85,2,0.0177001953125,-0.0177001953125,-0.0177001953125,1,85,True
+,25,61,25,61,86,86,0,0.12274169921875,-0.12274169921875,-0.12274169921875,1,86,True
+,25,62,25,62,87,87,0,0.272705078125,-0.272705078125,-0.272705078125,1,87,True
+,25,63,25,63,88,88,0,0.0296783447265625,-0.0296783447265625,-0.0296783447265625,1,88,True
+,25,64,25,64,89,89,4,0.143798828125,-0.143798828125,-0.143798828125,1,89,True
+,25,65,25,65,90,90,0,0.396728515625,-0.396728515625,-0.396728515625,1,90,True
+,25,66,25,66,91,91,1,0.05224609375,-0.05224609375,-0.05224609375,1,91,True
+,25,67,25,67,92,92,1,0.12335205078125,-0.12335205078125,-0.12335205078125,1,92,True
+,25,68,25,68,93,93,0,0.1302490234375,-0.1302490234375,-0.1302490234375,1,93,True
+,25,69,25,69,94,94,1,0.0596923828125,-0.0596923828125,-0.0596923828125,1,94,True
+,25,70,25,70,95,95,1,1.59765625,-1.59765625,-1.59765625,1,85,False
+,25,71,25,71,96,96,0,0.285888671875,-0.285888671875,-0.285888671875,1,96,True
+,25,72,25,72,97,97,0,0.07525634765625,-0.07525634765625,-0.07525634765625,1,97,True
+,25,73,25,73,98,98,0,0.689453125,-0.689453125,-0.689453125,1,98,True
+,25,74,25,74,99,99,0,0.63623046875,-0.63623046875,-0.63623046875,1,99,True
+,25,75,25,75,100,100,5,0.334228515625,-0.334228515625,-0.334228515625,1,100,True
+,25,76,25,76,101,101,0,0.60546875,-0.60546875,-0.60546875,1,101,True
+,25,77,25,77,102,102,0,0.045013427734375,-0.045013427734375,-0.045013427734375,1,102,True
+,25,78,25,78,103,103,0,0.2039794921875,-0.2039794921875,-0.2039794921875,1,103,True
+,25,79,25,79,104,104,0,1.0126953125,-1.0126953125,-1.0126953125,1,94,False
+,25,80,25,80,105,105,0,0.544921875,-0.544921875,-0.544921875,1,105,True
+,25,81,25,81,106,106,3,0.0731201171875,-0.0731201171875,-0.0731201171875,1,106,True
+,25,82,25,82,107,107,0,0.45166015625,-0.45166015625,-0.45166015625,1,107,True
+,25,83,25,83,108,108,0,0.1417236328125,-0.1417236328125,-0.1417236328125,1,108,True
+,25,84,25,84,109,109,0,0.1004638671875,-0.1004638671875,-0.1004638671875,1,109,True
+,25,85,25,85,110,110,0,0.56103515625,-0.56103515625,-0.56103515625,1,110,True
+,25,86,25,86,111,111,0,0.09429931640625,-0.09429931640625,-0.09429931640625,1,111,True
+,25,87,25,87,112,112,0,0.06475830078125,-0.06475830078125,-0.06475830078125,1,112,True
+,25,88,25,88,113,113,0,0.37548828125,-0.37548828125,-0.37548828125,1,113,True
+,25,89,25,89,114,114,1,0.431640625,-0.431640625,-0.431640625,1,114,True
+,25,90,25,90,115,115,0,0.04412841796875,-0.04412841796875,-0.04412841796875,1,115,True
+,25,91,25,91,116,116,0,0.54345703125,-0.54345703125,-0.54345703125,1,116,True
+,25,92,25,92,117,117,0,0.264404296875,-0.264404296875,-0.264404296875,1,117,True
+,25,93,25,93,118,118,0,0.270263671875,-0.270263671875,-0.270263671875,1,118,True
+,25,94,25,94,119,119,0,0.42041015625,-0.42041015625,-0.42041015625,1,119,True
+,25,95,25,95,120,120,1,0.25927734375,-0.25927734375,-0.25927734375,1,120,True
+,25,96,25,96,121,121,0,0.263427734375,-0.263427734375,-0.263427734375,1,121,True
+,25,97,25,97,122,122,1,0.30078125,-0.30078125,-0.30078125,1,122,True
+,25,98,25,98,123,123,0,0.060577392578125,-0.060577392578125,-0.060577392578125,1,123,True
+,25,99,25,99,124,124,0,0.43798828125,-0.43798828125,-0.43798828125,1,124,True
+,26,10,26,10,36,36,12,0.0146636962890625,-0.0146636962890625,-0.0146636962890625,1,36,True
+,26,11,26,11,37,37,3,0.0174713134765625,-0.0174713134765625,-0.0174713134765625,1,37,True
+,26,12,26,12,38,38,3,0.0114898681640625,-0.0114898681640625,-0.0114898681640625,1,38,True
+,26,13,26,13,39,39,6,0.004047393798828125,-0.004047393798828125,-0.004047393798828125,1,39,True
+,26,14,26,14,40,40,1,0.0379638671875,-0.0379638671875,-0.0379638671875,1,40,True
+,26,15,26,15,41,41,3,0.0135955810546875,-0.0135955810546875,-0.0135955810546875,1,41,True
+,26,16,26,16,42,42,2,0.00588226318359375,-0.00588226318359375,-0.00588226318359375,1,42,True
+,26,17,26,17,43,43,3,0.0172882080078125,-0.0172882080078125,-0.0172882080078125,1,43,True
+,26,18,26,18,44,44,3,0.00545501708984375,-0.00545501708984375,-0.00545501708984375,1,44,True
+,26,19,26,19,45,45,0,0.005615234375,-0.005615234375,-0.005615234375,1,45,True
+,26,20,26,20,46,46,3,0.005725860595703125,-0.005725860595703125,-0.005725860595703125,1,46,True
+,26,21,26,21,47,47,1,0.006832122802734375,-0.006832122802734375,-0.006832122802734375,1,47,True
+,26,22,26,22,48,48,2,0.00861358642578125,-0.00861358642578125,-0.00861358642578125,1,48,True
+,26,23,26,23,49,49,1,0.012847900390625,-0.012847900390625,-0.012847900390625,1,49,True
+,26,24,26,24,50,50,4,0.031585693359375,-0.031585693359375,-0.031585693359375,1,50,True
+,26,25,26,25,51,51,3,0.00806427001953125,-0.00806427001953125,-0.00806427001953125,1,51,True
+,26,26,26,26,52,52,8,0.0262908935546875,-0.0262908935546875,-0.0262908935546875,1,52,True
+,26,27,26,27,53,53,2,0.05230712890625,-0.05230712890625,-0.05230712890625,1,53,True
+,26,28,26,28,54,54,5,0.04632568359375,-0.04632568359375,-0.04632568359375,1,54,True
+,26,29,26,29,55,55,1,0.10186767578125,-0.10186767578125,-0.10186767578125,1,55,True
+,26,30,26,30,56,56,3,0.0369873046875,-0.0369873046875,-0.0369873046875,1,56,True
+,26,31,26,31,57,57,0,0.0791015625,-0.0791015625,-0.0791015625,1,57,True
+,26,32,26,32,58,58,1,0.05072021484375,-0.05072021484375,-0.05072021484375,1,58,True
+,26,33,26,33,59,59,0,0.108154296875,-0.108154296875,-0.108154296875,1,59,True
+,26,34,26,34,60,60,2,0.1669921875,-0.1669921875,-0.1669921875,1,60,True
+,26,35,26,35,61,61,0,0.5,-0.5,-0.5,1,61,True
+,26,36,26,36,62,62,1,0.133056640625,-0.133056640625,-0.133056640625,1,62,True
+,26,37,26,37,63,63,5,0.054351806640625,-0.054351806640625,-0.054351806640625,1,63,True
+,26,38,26,38,64,64,0,0.255615234375,-0.255615234375,-0.255615234375,1,64,True
+,26,39,26,39,65,65,1,0.0904541015625,-0.0904541015625,-0.0904541015625,1,65,True
+,26,40,26,40,66,66,1,0.0087127685546875,-0.0087127685546875,-0.0087127685546875,1,66,True
+,26,41,26,41,67,67,0,0.08892822265625,-0.08892822265625,-0.08892822265625,1,67,True
+,26,42,26,42,68,68,1,0.126708984375,-0.126708984375,-0.126708984375,1,68,True
+,26,43,26,43,69,69,0,0.1522216796875,-0.1522216796875,-0.1522216796875,1,69,True
+,26,44,26,44,70,70,0,0.044647216796875,-0.044647216796875,-0.044647216796875,1,70,True
+,26,45,26,45,71,71,0,0.06396484375,-0.06396484375,-0.06396484375,1,71,True
+,26,46,26,46,72,72,0,0.2362060546875,-0.2362060546875,-0.2362060546875,1,72,True
+,26,47,26,47,73,73,0,0.328857421875,-0.328857421875,-0.328857421875,1,73,True
+,26,48,26,48,74,74,0,0.01468658447265625,-0.01468658447265625,-0.01468658447265625,1,74,True
+,26,49,26,49,75,75,0,0.054107666015625,-0.054107666015625,-0.054107666015625,1,75,True
+,26,50,26,50,76,76,3,0.306884765625,-0.306884765625,-0.306884765625,1,76,True
+,26,51,26,51,77,77,1,0.039520263671875,-0.039520263671875,-0.039520263671875,1,77,True
+,26,52,26,52,78,78,2,0.048828125,-0.048828125,-0.048828125,1,78,True
+,26,53,26,53,79,79,0,0.07489013671875,-0.07489013671875,-0.07489013671875,1,79,True
+,26,54,26,54,80,80,0,0.06805419921875,-0.06805419921875,-0.06805419921875,1,80,True
+,26,55,26,55,81,81,1,0.057861328125,-0.057861328125,-0.057861328125,1,81,True
+,26,56,26,56,82,82,0,0.1754150390625,-0.1754150390625,-0.1754150390625,1,82,True
+,26,57,26,57,83,83,0,0.0355224609375,-0.0355224609375,-0.0355224609375,1,83,True
+,26,58,26,58,84,84,0,0.279541015625,-0.279541015625,-0.279541015625,1,84,True
+,26,59,26,59,85,85,1,0.262451171875,-0.262451171875,-0.262451171875,1,85,True
+,26,60,26,60,86,86,0,0.00530242919921875,-0.00530242919921875,-0.00530242919921875,1,86,True
+,26,61,26,61,87,87,0,0.05633544921875,-0.05633544921875,-0.05633544921875,1,87,True
+,26,62,26,62,88,88,2,0.364990234375,-0.364990234375,-0.364990234375,1,88,True
+,26,63,26,63,89,89,0,0.041778564453125,-0.041778564453125,-0.041778564453125,1,89,True
+,26,64,26,64,90,90,0,0.0234375,-0.0234375,-0.0234375,1,90,True
+,26,65,26,65,91,91,2,0.303466796875,-0.303466796875,-0.303466796875,1,91,True
+,26,66,26,66,92,92,0,0.251953125,-0.251953125,-0.251953125,1,92,True
+,26,67,26,67,93,93,0,0.0202178955078125,-0.0202178955078125,-0.0202178955078125,1,93,True
+,26,68,26,68,94,94,0,0.37451171875,-0.37451171875,-0.37451171875,1,94,True
+,26,69,26,69,95,95,0,0.153564453125,-0.153564453125,-0.153564453125,1,95,True
+,26,70,26,70,96,96,0,0.234375,-0.234375,-0.234375,1,96,True
+,26,71,26,71,97,97,0,0.2666015625,-0.2666015625,-0.2666015625,1,97,True
+,26,72,26,72,98,98,0,0.0231170654296875,-0.0231170654296875,-0.0231170654296875,1,98,True
+,26,73,26,73,99,99,0,0.07415771484375,-0.07415771484375,-0.07415771484375,1,99,True
+,26,74,26,74,100,100,0,2.5625,-2.5625,-2.5625,1,90,False
+,26,75,26,75,101,101,0,0.486328125,-0.486328125,-0.486328125,1,101,True
+,26,76,26,76,102,102,0,0.359619140625,-0.359619140625,-0.359619140625,1,102,True
+,26,77,26,77,103,103,0,0.324462890625,-0.324462890625,-0.324462890625,1,103,True
+,26,78,26,78,104,104,1,0.313720703125,-0.313720703125,-0.313720703125,1,104,True
+,26,79,26,79,105,105,1,1.53515625,-1.53515625,-1.53515625,1,95,False
+,26,80,26,80,106,106,0,0.0269927978515625,-0.0269927978515625,-0.0269927978515625,1,106,True
+,26,81,26,81,107,107,0,0.2384033203125,-0.2384033203125,-0.2384033203125,1,107,True
+,26,82,26,82,108,108,0,0.09161376953125,-0.09161376953125,-0.09161376953125,1,108,True
+,26,83,26,83,109,109,0,0.347900390625,-0.347900390625,-0.347900390625,1,109,True
+,26,84,26,84,110,110,0,0.026031494140625,-0.026031494140625,-0.026031494140625,1,110,True
+,26,85,26,85,111,111,0,0.060577392578125,-0.060577392578125,-0.060577392578125,1,111,True
+,26,86,26,86,112,112,1,0.36083984375,-0.36083984375,-0.36083984375,1,112,True
+,26,87,26,87,113,113,0,0.2322998046875,-0.2322998046875,-0.2322998046875,1,113,True
+,26,88,26,88,114,114,0,0.05023193359375,-0.05023193359375,-0.05023193359375,1,114,True
+,26,89,26,89,115,115,1,0.11810302734375,-0.11810302734375,-0.11810302734375,1,115,True
+,26,90,26,90,116,116,0,0.06982421875,-0.06982421875,-0.06982421875,1,116,True
+,26,91,26,91,117,117,0,0.272705078125,-0.272705078125,-0.272705078125,1,117,True
+,26,92,26,92,118,118,0,0.37890625,-0.37890625,-0.37890625,1,118,True
+,26,93,26,93,119,119,0,0.151123046875,-0.151123046875,-0.151123046875,1,119,True
+,26,94,26,94,120,120,0,0.293701171875,-0.293701171875,-0.293701171875,1,120,True
+,26,95,26,95,121,121,0,0.59619140625,-0.59619140625,-0.59619140625,1,121,True
+,26,96,26,96,122,122,0,0.08135986328125,-0.08135986328125,-0.08135986328125,1,122,True
+,26,97,26,97,123,123,0,0.25634765625,-0.25634765625,-0.25634765625,1,123,True
+,26,98,26,98,124,124,0,0.489013671875,-0.489013671875,-0.489013671875,1,124,True
+,26,99,26,99,125,125,0,0.587890625,-0.587890625,-0.587890625,1,125,True
+,27,10,27,10,37,37,3,0.01435089111328125,-0.01435089111328125,-0.01435089111328125,1,37,True
+,27,11,27,11,38,38,2,0.035308837890625,-0.035308837890625,-0.035308837890625,1,38,True
+,27,12,27,12,39,39,3,0.0258941650390625,-0.0258941650390625,-0.0258941650390625,1,39,True
+,27,13,27,13,40,40,7,0.0250091552734375,-0.0250091552734375,-0.0250091552734375,1,40,True
+,27,14,27,14,41,41,1,0.124267578125,-0.124267578125,-0.124267578125,1,41,True
+,27,15,27,15,42,42,1,0.0143890380859375,-0.0143890380859375,-0.0143890380859375,1,42,True
+,27,16,27,16,43,43,3,0.03021240234375,-0.03021240234375,-0.03021240234375,1,43,True
+,27,17,27,17,44,44,4,0.03216552734375,-0.03216552734375,-0.03216552734375,1,44,True
+,27,18,27,18,45,45,3,0.028533935546875,-0.028533935546875,-0.028533935546875,1,45,True
+,27,19,27,19,46,46,2,0.0205535888671875,-0.0205535888671875,-0.0205535888671875,1,46,True
+,27,20,27,20,47,47,1,0.032318115234375,-0.032318115234375,-0.032318115234375,1,47,True
+,27,21,27,21,48,48,1,0.0092010498046875,-0.0092010498046875,-0.0092010498046875,1,48,True
+,27,22,27,22,49,49,1,0.0634765625,-0.0634765625,-0.0634765625,1,49,True
+,27,23,27,23,50,50,1,0.10870361328125,-0.10870361328125,-0.10870361328125,1,50,True
+,27,24,27,24,51,51,6,0.431396484375,-0.431396484375,-0.431396484375,1,51,True
+,27,25,27,25,52,52,2,0.0655517578125,-0.0655517578125,-0.0655517578125,1,52,True
+,27,26,27,26,53,53,2,0.01320648193359375,-0.01320648193359375,-0.01320648193359375,1,53,True
+,27,27,27,27,54,54,13,0.08233642578125,-0.08233642578125,-0.08233642578125,1,54,True
+,27,28,27,28,55,55,1,0.216552734375,-0.216552734375,-0.216552734375,1,55,True
+,27,29,27,29,56,56,4,0.1861572265625,-0.1861572265625,-0.1861572265625,1,56,True
+,27,30,27,30,57,57,4,0.08819580078125,-0.08819580078125,-0.08819580078125,1,57,True
+,27,31,27,31,58,58,0,0.0477294921875,-0.0477294921875,-0.0477294921875,1,58,True
+,27,32,27,32,59,59,3,0.468017578125,-0.468017578125,-0.468017578125,1,59,True
+,27,33,27,33,60,60,0,0.17822265625,-0.17822265625,-0.17822265625,1,60,True
+,27,34,27,34,61,61,2,0.274169921875,-0.274169921875,-0.274169921875,1,61,True
+,27,35,27,35,62,62,1,0.1927490234375,-0.1927490234375,-0.1927490234375,1,62,True
+,27,36,27,36,63,63,3,0.041290283203125,-0.041290283203125,-0.041290283203125,1,63,True
+,27,37,27,37,64,64,0,0.0701904296875,-0.0701904296875,-0.0701904296875,1,64,True
+,27,38,27,38,65,65,0,0.5966796875,-0.5966796875,-0.5966796875,1,65,True
+,27,39,27,39,66,66,1,0.049530029296875,-0.049530029296875,-0.049530029296875,1,66,True
+,27,40,27,40,67,67,0,0.09051513671875,-0.09051513671875,-0.09051513671875,1,67,True
+,27,41,27,41,68,68,0,0.1512451171875,-0.1512451171875,-0.1512451171875,1,68,True
+,27,42,27,42,69,69,1,0.0928955078125,-0.0928955078125,-0.0928955078125,1,69,True
+,27,43,27,43,70,70,2,0.401611328125,-0.401611328125,-0.401611328125,1,70,True
+,27,44,27,44,71,71,1,0.173095703125,-0.173095703125,-0.173095703125,1,71,True
+,27,45,27,45,72,72,1,0.05194091796875,-0.05194091796875,-0.05194091796875,1,72,True
+,27,46,27,46,73,73,0,0.51171875,-0.51171875,-0.51171875,1,73,True
+,27,47,27,47,74,74,0,0.93310546875,-0.93310546875,-0.93310546875,1,64,False
+,27,48,27,48,75,75,1,0.09625244140625,-0.09625244140625,-0.09625244140625,1,75,True
+,27,49,27,49,76,76,0,0.1138916015625,-0.1138916015625,-0.1138916015625,1,76,True
+,27,50,27,50,77,77,1,0.13330078125,-0.13330078125,-0.13330078125,1,77,True
+,27,51,27,51,78,78,1,0.032470703125,-0.032470703125,-0.032470703125,1,78,True
+,27,52,27,52,79,79,1,0.034149169921875,-0.034149169921875,-0.034149169921875,1,79,True
+,27,53,27,53,80,80,0,0.2237548828125,-0.2237548828125,-0.2237548828125,1,80,True
+,27,54,27,54,81,81,1,0.026214599609375,-0.026214599609375,-0.026214599609375,1,81,True
+,27,55,27,55,82,82,1,0.07818603515625,-0.07818603515625,-0.07818603515625,1,82,True
+,27,56,27,56,83,83,0,0.2724609375,-0.2724609375,-0.2724609375,1,83,True
+,27,57,27,57,84,84,0,0.0263519287109375,-0.0263519287109375,-0.0263519287109375,1,84,True
+,27,58,27,58,85,85,0,0.1822509765625,-0.1822509765625,-0.1822509765625,1,85,True
+,27,59,27,59,86,86,1,0.52783203125,-0.52783203125,-0.52783203125,1,86,True
+,27,60,27,60,87,87,2,0.021240234375,-0.021240234375,-0.021240234375,1,87,True
+,27,61,27,61,88,88,1,0.322509765625,-0.322509765625,-0.322509765625,1,88,True
+,27,62,27,62,89,89,0,0.11407470703125,-0.11407470703125,-0.11407470703125,1,89,True
+,27,63,27,63,90,90,0,0.17919921875,-0.17919921875,-0.17919921875,1,90,True
+,27,64,27,64,91,91,2,0.50048828125,-0.50048828125,-0.50048828125,1,91,True
+,27,65,27,65,92,92,1,0.422119140625,-0.422119140625,-0.422119140625,1,92,True
+,27,66,27,66,93,93,0,0.01441192626953125,-0.01441192626953125,-0.01441192626953125,1,93,True
+,27,67,27,67,94,94,0,0.103515625,-0.103515625,-0.103515625,1,94,True
+,27,68,27,68,95,95,0,0.64892578125,-0.64892578125,-0.64892578125,1,95,True
+,27,69,27,69,96,96,1,0.043731689453125,-0.043731689453125,-0.043731689453125,1,96,True
+,27,70,27,70,97,97,0,0.1470947265625,-0.1470947265625,-0.1470947265625,1,97,True
+,27,71,27,71,98,98,0,0.427490234375,-0.427490234375,-0.427490234375,1,98,True
+,27,72,27,72,99,99,2,0.042144775390625,-0.042144775390625,-0.042144775390625,1,99,True
+,27,73,27,73,100,100,0,0.2467041015625,-0.2467041015625,-0.2467041015625,1,100,True
+,27,74,27,74,101,101,0,0.5234375,-0.5234375,-0.5234375,1,101,True
+,27,75,27,75,102,102,0,0.0386962890625,-0.0386962890625,-0.0386962890625,1,102,True
+,27,76,27,76,103,103,0,0.0762939453125,-0.0762939453125,-0.0762939453125,1,103,True
+,27,77,27,77,104,104,0,0.189697265625,-0.189697265625,-0.189697265625,1,104,True
+,27,78,27,78,105,105,1,0.343994140625,-0.343994140625,-0.343994140625,1,105,True
+,27,79,27,79,106,106,0,0.222900390625,-0.222900390625,-0.222900390625,1,106,True
+,27,80,27,80,107,107,0,0.73583984375,-0.73583984375,-0.73583984375,1,97,False
+,27,81,27,81,108,108,1,0.034912109375,-0.034912109375,-0.034912109375,1,108,True
+,27,82,27,82,109,109,0,0.1998291015625,-0.1998291015625,-0.1998291015625,1,109,True
+,27,83,27,83,110,110,0,0.5654296875,-0.5654296875,-0.5654296875,1,110,True
+,27,84,27,84,111,111,0,0.01352691650390625,-0.01352691650390625,-0.01352691650390625,1,111,True
+,27,85,27,85,112,112,0,0.1209716796875,-0.1209716796875,-0.1209716796875,1,112,True
+,27,86,27,86,113,113,1,0.26953125,-0.26953125,-0.26953125,1,113,True
+,27,87,27,87,114,114,0,0.0908203125,-0.0908203125,-0.0908203125,1,114,True
+,27,88,27,88,115,115,0,0.5009765625,-0.5009765625,-0.5009765625,1,115,True
+,27,89,27,89,116,116,0,0.1737060546875,-0.1737060546875,-0.1737060546875,1,116,True
+,27,90,27,90,117,117,0,0.05035400390625,-0.05035400390625,-0.05035400390625,1,117,True
+,27,91,27,91,118,118,0,0.2109375,-0.2109375,-0.2109375,1,118,True
+,27,92,27,92,119,119,1,0.39599609375,-0.39599609375,-0.39599609375,1,119,True
+,27,93,27,93,120,120,0,0.09326171875,-0.09326171875,-0.09326171875,1,120,True
+,27,94,27,94,121,121,0,0.09967041015625,-0.09967041015625,-0.09967041015625,1,121,True
+,27,95,27,95,122,122,0,0.241455078125,-0.241455078125,-0.241455078125,1,122,True
+,27,96,27,96,123,123,0,0.048980712890625,-0.048980712890625,-0.048980712890625,1,123,True
+,27,97,27,97,124,124,0,0.400146484375,-0.400146484375,-0.400146484375,1,124,True
+,27,98,27,98,125,125,0,0.64111328125,-0.64111328125,-0.64111328125,1,125,True
+,27,99,27,99,126,126,0,0.259521484375,-0.259521484375,-0.259521484375,1,126,True
+,28,10,28,10,38,38,3,0.071044921875,-0.071044921875,-0.071044921875,1,38,True
+,28,11,28,11,39,39,0,0.0264129638671875,-0.0264129638671875,-0.0264129638671875,1,39,True
+,28,12,28,12,40,40,5,0.030181884765625,-0.030181884765625,-0.030181884765625,1,40,True
+,28,13,28,13,41,41,5,0.01373291015625,-0.01373291015625,-0.01373291015625,1,41,True
+,28,14,28,14,42,42,6,0.2135009765625,-0.2135009765625,-0.2135009765625,1,42,True
+,28,15,28,15,43,43,0,0.0168304443359375,-0.0168304443359375,-0.0168304443359375,1,43,True
+,28,16,28,16,44,44,7,0.01348876953125,-0.01348876953125,-0.01348876953125,1,44,True
+,28,17,28,17,45,45,3,0.006793975830078125,-0.006793975830078125,-0.006793975830078125,1,45,True
+,28,18,28,18,46,46,5,0.059051513671875,-0.059051513671875,-0.059051513671875,1,46,True
+,28,19,28,19,47,47,3,0.01788330078125,-0.01788330078125,-0.01788330078125,1,47,True
+,28,20,28,20,48,48,1,0.004962921142578125,-0.004962921142578125,-0.004962921142578125,1,48,True
+,28,21,28,21,49,49,0,0.0222320556640625,-0.0222320556640625,-0.0222320556640625,1,49,True
+,28,22,28,22,50,50,4,0.0142974853515625,-0.0142974853515625,-0.0142974853515625,1,50,True
+,28,23,28,23,51,51,0,0.007297515869140625,-0.007297515869140625,-0.007297515869140625,1,51,True
+,28,24,28,24,52,52,3,0.018829345703125,-0.018829345703125,-0.018829345703125,1,52,True
+,28,25,28,25,53,53,2,0.0250396728515625,-0.0250396728515625,-0.0250396728515625,1,53,True
+,28,26,28,26,54,54,1,0.0298919677734375,-0.0298919677734375,-0.0298919677734375,1,54,True
+,28,27,28,27,55,55,1,0.06939697265625,-0.06939697265625,-0.06939697265625,1,55,True
+,28,28,28,28,56,56,5,0.07647705078125,-0.07647705078125,-0.07647705078125,1,56,True
+,28,29,28,29,57,57,5,0.0245208740234375,-0.0245208740234375,-0.0245208740234375,1,57,True
+,28,30,28,30,58,58,5,0.1044921875,-0.1044921875,-0.1044921875,1,58,True
+,28,31,28,31,59,59,0,0.1298828125,-0.1298828125,-0.1298828125,1,59,True
+,28,32,28,32,60,60,6,0.0633544921875,-0.0633544921875,-0.0633544921875,1,60,True
+,28,33,28,33,61,61,4,0.449951171875,-0.449951171875,-0.449951171875,1,61,True
+,28,34,28,34,62,62,0,0.27490234375,-0.27490234375,-0.27490234375,1,62,True
+,28,35,28,35,63,63,6,0.28759765625,-0.28759765625,-0.28759765625,1,63,True
+,28,36,28,36,64,64,3,0.157470703125,-0.157470703125,-0.157470703125,1,64,True
+,28,37,28,37,65,65,0,0.70947265625,-0.70947265625,-0.70947265625,1,65,True
+,28,38,28,38,66,66,0,0.197998046875,-0.197998046875,-0.197998046875,1,66,True
+,28,39,28,39,67,67,0,0.10357666015625,-0.10357666015625,-0.10357666015625,1,67,True
+,28,40,28,40,68,68,1,0.0814208984375,-0.0814208984375,-0.0814208984375,1,68,True
+,28,41,28,41,69,69,0,0.034210205078125,-0.034210205078125,-0.034210205078125,1,69,True
+,28,42,28,42,70,70,0,0.150390625,-0.150390625,-0.150390625,1,70,True
+,28,43,28,43,71,71,1,0.2235107421875,-0.2235107421875,-0.2235107421875,1,71,True
+,28,44,28,44,72,72,1,0.197021484375,-0.197021484375,-0.197021484375,1,72,True
+,28,45,28,45,73,73,1,0.149658203125,-0.149658203125,-0.149658203125,1,73,True
+,28,46,28,46,74,74,0,1.3994140625,-1.3994140625,-1.3994140625,1,64,False
+,28,47,28,47,75,75,0,0.32666015625,-0.32666015625,-0.32666015625,1,75,True
+,28,48,28,48,76,76,2,0.1378173828125,-0.1378173828125,-0.1378173828125,1,76,True
+,28,49,28,49,77,77,1,0.6455078125,-0.6455078125,-0.6455078125,1,77,True
+,28,50,28,50,78,78,2,0.1865234375,-0.1865234375,-0.1865234375,1,78,True
+,28,51,28,51,79,79,0,0.21630859375,-0.21630859375,-0.21630859375,1,79,True
+,28,52,28,52,80,80,0,1.1826171875,-1.1826171875,-1.1826171875,1,80,True
+,28,53,28,53,81,81,0,0.285400390625,-0.285400390625,-0.285400390625,1,81,True
+,28,54,28,54,82,82,0,0.36767578125,-0.36767578125,-0.36767578125,1,82,True
+,28,55,28,55,83,83,0,0.26904296875,-0.26904296875,-0.26904296875,1,83,True
+,28,56,28,56,84,84,2,0.1038818359375,-0.1038818359375,-0.1038818359375,1,84,True
+,28,57,28,57,85,85,0,0.0531005859375,-0.0531005859375,-0.0531005859375,1,85,True
+,28,58,28,58,86,86,1,0.353515625,-0.353515625,-0.353515625,1,86,True
+,28,59,28,59,87,87,0,0.035614013671875,-0.035614013671875,-0.035614013671875,1,87,True
+,28,60,28,60,88,88,0,0.0089111328125,-0.0089111328125,-0.0089111328125,1,88,True
+,28,61,28,61,89,89,0,1.6650390625,-1.6650390625,-1.6650390625,1,93,False
+,28,62,28,62,90,90,0,0.048919677734375,-0.048919677734375,-0.048919677734375,1,90,True
+,28,63,28,63,91,91,1,0.364013671875,-0.364013671875,-0.364013671875,1,91,True
+,28,64,28,64,92,92,2,0.3330078125,-0.3330078125,-0.3330078125,1,92,True
+,28,65,28,65,93,93,0,0.050445556640625,-0.050445556640625,-0.050445556640625,1,93,True
+,28,66,28,66,94,94,0,0.4833984375,-0.4833984375,-0.4833984375,1,94,True
+,28,67,28,67,95,95,1,0.1397705078125,-0.1397705078125,-0.1397705078125,1,95,True
+,28,68,28,68,96,96,1,0.60693359375,-0.60693359375,-0.60693359375,1,96,True
+,28,69,28,69,97,97,0,0.1063232421875,-0.1063232421875,-0.1063232421875,1,97,True
+,28,70,28,70,98,98,0,0.386474609375,-0.386474609375,-0.386474609375,1,98,True
+,28,71,28,71,99,99,1,0.08514404296875,-0.08514404296875,-0.08514404296875,1,99,True
+,28,72,28,72,100,100,0,0.603515625,-0.603515625,-0.603515625,1,100,True
+,28,73,28,73,101,101,0,0.49072265625,-0.49072265625,-0.49072265625,1,101,True
+,28,74,28,74,102,102,0,0.927734375,-0.927734375,-0.927734375,1,102,True
+,28,75,28,75,103,103,0,0.08514404296875,-0.08514404296875,-0.08514404296875,1,103,True
+,28,76,28,76,104,104,0,2.12890625,-2.12890625,-2.12890625,1,94,False
+,28,77,28,77,105,105,0,0.9443359375,-0.9443359375,-0.9443359375,1,105,True
+,28,78,28,78,106,106,0,0.3916015625,-0.3916015625,-0.3916015625,1,106,True
+,28,79,28,79,107,107,0,0.80615234375,-0.80615234375,-0.80615234375,1,97,False
+,28,80,28,80,108,108,0,0.568359375,-0.568359375,-0.568359375,1,108,True
+,28,81,28,81,109,109,0,0.1483154296875,-0.1483154296875,-0.1483154296875,1,109,True
+,28,82,28,82,110,110,3,0.9365234375,-0.9365234375,-0.9365234375,1,110,True
+,28,83,28,83,111,111,0,0.1612548828125,-0.1612548828125,-0.1612548828125,1,111,True
+,28,84,28,84,112,112,0,1.08203125,-1.08203125,-1.08203125,1,112,True
+,28,85,28,85,113,113,0,1.037109375,-1.037109375,-1.037109375,1,113,True
+,28,86,28,86,114,114,0,0.30322265625,-0.30322265625,-0.30322265625,1,114,True
+,28,87,28,87,115,115,0,0.0750732421875,-0.0750732421875,-0.0750732421875,1,115,True
+,28,88,28,88,116,116,1,2.150390625,-2.150390625,-2.150390625,1,106,False
+,28,89,28,89,117,117,0,0.354248046875,-0.354248046875,-0.354248046875,1,117,True
+,28,90,28,90,118,118,1,0.1605224609375,-0.1605224609375,-0.1605224609375,1,118,True
+,28,91,28,91,119,119,0,0.2191162109375,-0.2191162109375,-0.2191162109375,1,119,True
+,28,92,28,92,120,120,0,2.455078125,-2.455078125,-2.455078125,1,122,False
+,28,93,28,93,121,121,0,0.10491943359375,-0.10491943359375,-0.10491943359375,1,121,True
+,28,94,28,94,122,122,0,0.3916015625,-0.3916015625,-0.3916015625,1,122,True
+,28,95,28,95,123,123,0,0.403076171875,-0.403076171875,-0.403076171875,1,123,True
+,28,96,28,96,124,124,0,1.3603515625,-1.3603515625,-1.3603515625,1,114,False
+,28,97,28,97,125,125,0,1.037109375,-1.037109375,-1.037109375,1,115,False
+,28,98,28,98,126,126,0,0.2227783203125,-0.2227783203125,-0.2227783203125,1,126,True
+,28,99,28,99,127,127,0,0.455078125,-0.455078125,-0.455078125,1,127,True
+,29,10,29,10,39,39,3,0.0103759765625,-0.0103759765625,-0.0103759765625,1,39,True
+,29,11,29,11,40,40,2,0.0223236083984375,-0.0223236083984375,-0.0223236083984375,1,40,True
+,29,12,29,12,41,41,2,0.0106201171875,-0.0106201171875,-0.0106201171875,1,41,True
+,29,13,29,13,42,42,1,0.01039886474609375,-0.01039886474609375,-0.01039886474609375,1,42,True
+,29,14,29,14,43,43,5,0.0250091552734375,-0.0250091552734375,-0.0250091552734375,1,43,True
+,29,15,29,15,44,44,3,0.0049896240234375,-0.0049896240234375,-0.0049896240234375,1,44,True
+,29,16,29,16,45,45,3,0.026336669921875,-0.026336669921875,-0.026336669921875,1,45,True
+,29,17,29,17,46,46,0,0.00865936279296875,-0.00865936279296875,-0.00865936279296875,1,46,True
+,29,18,29,18,47,47,0,0.002552032470703125,-0.002552032470703125,-0.002552032470703125,1,47,True
+,29,19,29,19,48,48,1,0.00226593017578125,-0.00226593017578125,-0.00226593017578125,1,48,True
+,29,20,29,20,49,49,1,0.0374755859375,-0.0374755859375,-0.0374755859375,1,49,True
+,29,21,29,21,50,50,1,0.010528564453125,-0.010528564453125,-0.010528564453125,1,50,True
+,29,22,29,22,51,51,3,0.018310546875,-0.018310546875,-0.018310546875,1,51,True
+,29,23,29,23,52,52,3,0.0521240234375,-0.0521240234375,-0.0521240234375,1,52,True
+,29,24,29,24,53,53,2,0.09649658203125,-0.09649658203125,-0.09649658203125,1,53,True
+,29,25,29,25,54,54,3,0.04205322265625,-0.04205322265625,-0.04205322265625,1,54,True
+,29,26,29,26,55,55,4,0.041656494140625,-0.041656494140625,-0.041656494140625,1,55,True
+,29,27,29,27,56,56,1,0.0303192138671875,-0.0303192138671875,-0.0303192138671875,1,56,True
+,29,28,29,28,57,57,2,0.0570068359375,-0.0570068359375,-0.0570068359375,1,57,True
+,29,29,29,29,58,58,6,0.043609619140625,-0.043609619140625,-0.043609619140625,1,58,True
+,29,30,29,30,59,59,3,0.052490234375,-0.052490234375,-0.052490234375,1,59,True
+,29,31,29,31,60,60,2,0.1871337890625,-0.1871337890625,-0.1871337890625,1,60,True
+,29,32,29,32,61,61,1,0.376953125,-0.376953125,-0.376953125,1,61,True
+,29,33,29,33,62,62,0,1.212890625,-1.212890625,-1.212890625,1,52,False
+,29,34,29,34,63,63,0,0.17626953125,-0.17626953125,-0.17626953125,1,63,True
+,29,35,29,35,64,64,3,0.72705078125,-0.72705078125,-0.72705078125,1,64,True
+,29,36,29,36,65,65,1,0.54443359375,-0.54443359375,-0.54443359375,1,65,True
+,29,37,29,37,66,66,0,0.236083984375,-0.236083984375,-0.236083984375,1,66,True
+,29,38,29,38,67,67,0,0.82373046875,-0.82373046875,-0.82373046875,1,57,False
+,29,39,29,39,68,68,1,0.364501953125,-0.364501953125,-0.364501953125,1,68,True
+,29,40,29,40,69,69,0,0.072998046875,-0.072998046875,-0.072998046875,1,69,True
+,29,41,29,41,70,70,1,0.33056640625,-0.33056640625,-0.33056640625,1,70,True
+,29,42,29,42,71,71,0,0.1689453125,-0.1689453125,-0.1689453125,1,71,True
+,29,43,29,43,72,72,0,0.181640625,-0.181640625,-0.181640625,1,72,True
+,29,44,29,44,73,73,0,0.1943359375,-0.1943359375,-0.1943359375,1,73,True
+,29,45,29,45,74,74,0,0.38623046875,-0.38623046875,-0.38623046875,1,74,True
+,29,46,29,46,75,75,0,0.305419921875,-0.305419921875,-0.305419921875,1,75,True
+,29,47,29,47,76,76,4,0.47412109375,-0.47412109375,-0.47412109375,1,76,True
+,29,48,29,48,77,77,0,0.59130859375,-0.59130859375,-0.59130859375,1,77,True
+,29,49,29,49,78,78,0,0.49365234375,-0.49365234375,-0.49365234375,1,78,True
+,29,50,29,50,79,79,0,0.330078125,-0.330078125,-0.330078125,1,79,True
+,29,51,29,51,80,80,0,0.330810546875,-0.330810546875,-0.330810546875,1,80,True
+,29,52,29,52,81,81,0,0.240234375,-0.240234375,-0.240234375,1,81,True
+,29,53,29,53,82,82,0,0.98095703125,-0.98095703125,-0.98095703125,1,72,False
+,29,54,29,54,83,83,0,0.1483154296875,-0.1483154296875,-0.1483154296875,1,83,True
+,29,55,29,55,84,84,0,0.1904296875,-0.1904296875,-0.1904296875,1,84,True
+,29,56,29,56,85,85,0,0.46435546875,-0.46435546875,-0.46435546875,1,85,True
+,29,57,29,57,86,86,0,0.08544921875,-0.08544921875,-0.08544921875,1,86,True
+,29,58,29,58,87,87,0,0.17724609375,-0.17724609375,-0.17724609375,1,87,True
+,29,59,29,59,88,88,1,0.483642578125,-0.483642578125,-0.483642578125,1,88,True
+,29,60,29,60,89,89,0,0.053680419921875,-0.053680419921875,-0.053680419921875,1,89,True
+,29,61,29,61,90,90,0,1.1748046875,-1.1748046875,-1.1748046875,1,90,True
+,29,62,29,62,91,91,0,0.1500244140625,-0.1500244140625,-0.1500244140625,1,91,True
+,29,63,29,63,92,92,0,0.1497802734375,-0.1497802734375,-0.1497802734375,1,92,True
+,29,64,29,64,93,93,0,0.14501953125,-0.14501953125,-0.14501953125,1,93,True
+,29,65,29,65,94,94,0,1.2470703125,-1.2470703125,-1.2470703125,1,84,False
+,29,66,29,66,95,95,0,0.27001953125,-0.27001953125,-0.27001953125,1,95,True
+,29,67,29,67,96,96,0,0.10906982421875,-0.10906982421875,-0.10906982421875,1,96,True
+,29,68,29,68,97,97,0,1.353515625,-1.353515625,-1.353515625,1,87,False
+,29,69,29,69,98,98,0,1.7041015625,-1.7041015625,-1.7041015625,1,88,False
+,29,70,29,70,99,99,2,1.09765625,-1.09765625,-1.09765625,1,89,False
+,29,71,29,71,100,100,1,1.0400390625,-1.0400390625,-1.0400390625,1,90,False
+,29,72,29,72,101,101,0,1.9189453125,-1.9189453125,-1.9189453125,1,91,False
+,29,73,29,73,102,102,1,0.49267578125,-0.49267578125,-0.49267578125,1,102,True
+,29,74,29,74,103,103,0,3.53515625,-3.53515625,-3.53515625,1,93,False
+,29,75,29,75,104,104,0,1.4580078125,-1.4580078125,-1.4580078125,1,94,False
+,29,76,29,76,105,105,0,3.84375,-3.84375,-3.84375,1,95,False
+,29,77,29,77,106,106,1,2.119140625,-2.119140625,-2.119140625,1,96,False
+,29,78,29,78,107,107,1,1.171875,-1.171875,-1.171875,1,97,False
+,29,79,29,79,108,108,0,1.5869140625,-1.5869140625,-1.5869140625,1,98,False
+,29,80,29,80,109,109,0,3.81640625,-3.81640625,-3.81640625,1,99,False
+,29,81,29,81,110,110,0,1.2529296875,-1.2529296875,-1.2529296875,1,100,False
+,29,82,29,82,111,111,0,1.146484375,-1.146484375,-1.146484375,1,101,False
+,29,83,29,83,112,112,1,0.86669921875,-0.86669921875,-0.86669921875,1,112,True
+,29,84,29,84,113,113,1,0.54052734375,-0.54052734375,-0.54052734375,1,113,True
+,29,85,29,85,114,114,0,1.2158203125,-1.2158203125,-1.2158203125,1,104,False
+,29,86,29,86,115,115,1,0.5390625,-0.5390625,-0.5390625,1,115,True
+,29,87,29,87,116,116,0,0.41064453125,-0.41064453125,-0.41064453125,1,116,True
+,29,88,29,88,117,117,0,0.529296875,-0.529296875,-0.529296875,1,117,True
+,29,89,29,89,118,118,0,0.9150390625,-0.9150390625,-0.9150390625,1,108,False
+,29,90,29,90,119,119,0,0.335693359375,-0.335693359375,-0.335693359375,1,119,True
+,29,91,29,91,120,120,0,0.152587890625,-0.152587890625,-0.152587890625,1,120,True
+,29,92,29,92,121,121,1,0.8046875,-0.8046875,-0.8046875,1,121,True
+,29,93,29,93,122,122,0,0.2890625,-0.2890625,-0.2890625,1,122,True
+,29,94,29,94,123,123,0,0.354736328125,-0.354736328125,-0.354736328125,1,123,True
+,29,95,29,95,124,124,0,0.92236328125,-0.92236328125,-0.92236328125,1,114,False
+,29,96,29,96,125,125,1,0.64501953125,-0.64501953125,-0.64501953125,1,125,True
+,29,97,29,97,126,126,0,0.68505859375,-0.68505859375,-0.68505859375,1,126,True
+,29,98,29,98,127,127,0,0.6162109375,-0.6162109375,-0.6162109375,1,127,True
+,29,99,29,99,128,128,0,0.51513671875,-0.51513671875,-0.51513671875,1,128,True
+,30,10,30,10,40,40,26,0.01500701904296875,-0.01500701904296875,-0.01500701904296875,1,40,True
+,30,11,30,11,41,41,3,0.0218048095703125,-0.0218048095703125,-0.0218048095703125,1,41,True
+,30,12,30,12,42,42,14,0.0093994140625,-0.0093994140625,-0.0093994140625,1,42,True
+,30,13,30,13,43,43,0,0.0101165771484375,-0.0101165771484375,-0.0101165771484375,1,43,True
+,30,14,30,14,44,44,3,0.002864837646484375,-0.002864837646484375,-0.002864837646484375,1,44,True
+,30,15,30,15,45,45,27,0.0059356689453125,-0.0059356689453125,-0.0059356689453125,1,45,True
+,30,16,30,16,46,46,2,0.0010852813720703125,-0.0010852813720703125,-0.0010852813720703125,1,46,True
+,30,17,30,17,47,47,2,0.0027561187744140625,-0.0027561187744140625,-0.0027561187744140625,1,47,True
+,30,18,30,18,48,48,6,0.004459381103515625,-0.004459381103515625,-0.004459381103515625,1,48,True
+,30,19,30,19,49,49,2,0.0494384765625,-0.0494384765625,-0.0494384765625,1,49,True
+,30,20,30,20,50,50,31,0.005191802978515625,-0.005191802978515625,-0.005191802978515625,1,50,True
+,30,21,30,21,51,51,3,0.00518798828125,-0.00518798828125,-0.00518798828125,1,51,True
+,30,22,30,22,52,52,3,0.031097412109375,-0.031097412109375,-0.031097412109375,1,52,True
+,30,23,30,23,53,53,1,0.027252197265625,-0.027252197265625,-0.027252197265625,1,53,True
+,30,24,30,24,54,54,4,0.00841522216796875,-0.00841522216796875,-0.00841522216796875,1,54,True
+,30,25,30,25,55,55,18,0.019989013671875,-0.019989013671875,-0.019989013671875,1,55,True
+,30,26,30,26,56,56,3,0.016357421875,-0.016357421875,-0.016357421875,1,56,True
+,30,27,30,27,57,57,3,0.02105712890625,-0.02105712890625,-0.02105712890625,1,57,True
+,30,28,30,28,58,58,3,0.00864410400390625,-0.00864410400390625,-0.00864410400390625,1,58,True
+,30,29,30,29,59,59,4,0.01374053955078125,-0.01374053955078125,-0.01374053955078125,1,59,True
+,30,30,30,30,60,60,55,0.016357421875,-0.016357421875,-0.016357421875,1,60,True
+,30,31,30,31,61,61,3,0.040283203125,-0.040283203125,-0.040283203125,1,61,True
+,30,32,30,32,62,62,2,0.144287109375,-0.144287109375,-0.144287109375,1,62,True
+,30,33,30,33,63,63,1,0.07623291015625,-0.07623291015625,-0.07623291015625,1,63,True
+,30,34,30,34,64,64,1,0.2783203125,-0.2783203125,-0.2783203125,1,64,True
+,30,35,30,35,65,65,9,0.52294921875,-0.52294921875,-0.52294921875,1,65,True
+,30,36,30,36,66,66,1,0.262939453125,-0.262939453125,-0.262939453125,1,66,True
+,30,37,30,37,67,67,0,0.156005859375,-0.156005859375,-0.156005859375,1,67,True
+,30,38,30,38,68,68,0,1.3212890625,-1.3212890625,-1.3212890625,1,58,False
+,30,39,30,39,69,69,1,0.23193359375,-0.23193359375,-0.23193359375,1,69,True
+,30,40,30,40,70,70,17,0.01235198974609375,-0.01235198974609375,-0.01235198974609375,1,70,True
+,30,41,30,41,71,71,0,0.032073974609375,-0.032073974609375,-0.032073974609375,1,71,True
+,30,42,30,42,72,72,4,0.5576171875,-0.5576171875,-0.5576171875,1,72,True
+,30,43,30,43,73,73,0,0.31103515625,-0.31103515625,-0.31103515625,1,73,True
+,30,44,30,44,74,74,0,0.185302734375,-0.185302734375,-0.185302734375,1,74,True
+,30,45,30,45,75,75,6,0.049163818359375,-0.049163818359375,-0.049163818359375,1,75,True
+,30,46,30,46,76,76,1,0.21923828125,-0.21923828125,-0.21923828125,1,76,True
+,30,47,30,47,77,77,1,0.5087890625,-0.5087890625,-0.5087890625,1,77,True
+,30,48,30,48,78,78,4,0.0223236083984375,-0.0223236083984375,-0.0223236083984375,1,78,True
+,30,49,30,49,79,79,1,0.1591796875,-0.1591796875,-0.1591796875,1,79,True
+,30,50,30,50,80,80,16,2.908203125,-2.908203125,-2.908203125,1,70,False
+,30,51,30,51,81,81,0,0.04449462890625,-0.04449462890625,-0.04449462890625,1,81,True
+,30,52,30,52,82,82,0,0.1595458984375,-0.1595458984375,-0.1595458984375,1,82,True
+,30,53,30,53,83,83,0,0.4287109375,-0.4287109375,-0.4287109375,1,83,True
+,30,54,30,54,84,84,1,0.08380126953125,-0.08380126953125,-0.08380126953125,1,84,True
+,30,55,30,55,85,85,3,0.0760498046875,-0.0760498046875,-0.0760498046875,1,85,True
+,30,56,30,56,86,86,0,0.04669189453125,-0.04669189453125,-0.04669189453125,1,86,True
+,30,57,30,57,87,87,0,0.003292083740234375,-0.003292083740234375,-0.003292083740234375,1,87,True
+,30,58,30,58,88,88,0,0.05926513671875,-0.05926513671875,-0.05926513671875,1,88,True
+,30,59,30,59,89,89,0,0.054931640625,-0.054931640625,-0.054931640625,1,89,True
+,30,60,30,60,90,90,21,0.01074981689453125,-0.01074981689453125,-0.01074981689453125,1,90,True
+,30,61,30,61,91,91,0,0.019073486328125,-0.019073486328125,-0.019073486328125,1,91,True
+,30,62,30,62,92,92,0,0.29248046875,-0.29248046875,-0.29248046875,1,92,True
+,30,63,30,63,93,93,1,0.0216522216796875,-0.0216522216796875,-0.0216522216796875,1,93,True
+,30,64,30,64,94,94,2,0.033935546875,-0.033935546875,-0.033935546875,1,94,True
+,30,65,30,65,95,95,1,1.279296875,-1.279296875,-1.279296875,1,85,False
+,30,66,30,66,96,96,0,0.055023193359375,-0.055023193359375,-0.055023193359375,1,96,True
+,30,67,30,67,97,97,0,0.073486328125,-0.073486328125,-0.073486328125,1,97,True
+,30,68,30,68,98,98,0,0.634765625,-0.634765625,-0.634765625,1,98,True
+,30,69,30,69,99,99,1,0.1414794921875,-0.1414794921875,-0.1414794921875,1,99,True
+,30,70,30,70,100,100,7,0.9248046875,-0.9248046875,-0.9248046875,1,90,False
+,30,71,30,71,101,101,0,2.177734375,-2.177734375,-2.177734375,1,91,False
+,30,72,30,72,102,102,1,0.04864501953125,-0.04864501953125,-0.04864501953125,1,102,True
+,30,73,30,73,103,103,0,1.3115234375,-1.3115234375,-1.3115234375,1,93,False
+,30,74,30,74,104,104,0,3.53125,-3.53125,-3.53125,1,94,False
+,30,75,30,75,105,105,1,0.51318359375,-0.51318359375,-0.51318359375,1,105,True
+,30,76,30,76,106,106,0,0.5380859375,-0.5380859375,-0.5380859375,1,106,True
+,30,77,30,77,107,107,0,2.2890625,-2.2890625,-2.2890625,1,97,False
+,30,78,30,78,108,108,0,1.43359375,-1.43359375,-1.43359375,1,98,False
+,30,79,30,79,109,109,0,2.15625,-2.15625,-2.15625,1,99,False
+,30,80,30,80,110,110,1,1.2490234375,-1.2490234375,-1.2490234375,1,100,False
+,30,81,30,81,111,111,0,0.1925048828125,-0.1925048828125,-0.1925048828125,1,111,True
+,30,82,30,82,112,112,2,0.7451171875,-0.7451171875,-0.7451171875,1,112,True
+,30,83,30,83,113,113,0,1.1640625,-1.1640625,-1.1640625,1,103,False
+,30,84,30,84,114,114,0,0.057586669921875,-0.057586669921875,-0.057586669921875,1,114,True
+,30,85,30,85,115,115,0,0.5771484375,-0.5771484375,-0.5771484375,1,115,True
+,30,86,30,86,116,116,0,2.212890625,-2.212890625,-2.212890625,1,106,False
+,30,87,30,87,117,117,0,0.1693115234375,-0.1693115234375,-0.1693115234375,1,117,True
+,30,88,30,88,118,118,0,0.10675048828125,-0.10675048828125,-0.10675048828125,1,118,True
+,30,89,30,89,119,119,0,0.8359375,-0.8359375,-0.8359375,1,109,False
+,30,90,30,90,120,120,2,0.265625,-0.265625,-0.265625,1,120,True
+,30,91,30,91,121,121,0,0.1827392578125,-0.1827392578125,-0.1827392578125,1,121,True
+,30,92,30,92,122,122,0,0.2315673828125,-0.2315673828125,-0.2315673828125,1,122,True
+,30,93,30,93,123,123,0,0.159912109375,-0.159912109375,-0.159912109375,1,123,True
+,30,94,30,94,124,124,1,0.509765625,-0.509765625,-0.509765625,1,124,True
+,30,95,30,95,125,125,0,1.1064453125,-1.1064453125,-1.1064453125,1,115,False
+,30,96,30,96,126,126,1,0.1416015625,-0.1416015625,-0.1416015625,1,126,True
+,30,97,30,97,127,127,0,0.6240234375,-0.6240234375,-0.6240234375,1,127,True
+,30,98,30,98,128,128,0,0.765625,-0.765625,-0.765625,1,118,False
+,30,99,30,99,129,129,0,0.34814453125,-0.34814453125,-0.34814453125,1,129,True
+,31,10,31,10,41,41,1,0.00707244873046875,-0.00707244873046875,-0.00707244873046875,1,41,True
+,31,11,31,11,42,42,4,0.018524169921875,-0.018524169921875,-0.018524169921875,1,42,True
+,31,12,31,12,43,43,3,0.01419830322265625,-0.01419830322265625,-0.01419830322265625,1,43,True
+,31,13,31,13,44,44,5,0.02935791015625,-0.02935791015625,-0.02935791015625,1,44,True
+,31,14,31,14,45,45,4,0.00980377197265625,-0.00980377197265625,-0.00980377197265625,1,45,True
+,31,15,31,15,46,46,1,0.0062713623046875,-0.0062713623046875,-0.0062713623046875,1,46,True
+,31,16,31,16,47,47,2,0.01024627685546875,-0.01024627685546875,-0.01024627685546875,1,47,True
+,31,17,31,17,48,48,0,0.00754547119140625,-0.00754547119140625,-0.00754547119140625,1,48,True
+,31,18,31,18,49,49,1,0.018157958984375,-0.018157958984375,-0.018157958984375,1,49,True
+,31,19,31,19,50,50,3,0.16015625,-0.16015625,-0.16015625,1,50,True
+,31,20,31,20,51,51,1,0.023895263671875,-0.023895263671875,-0.023895263671875,1,51,True
+,31,21,31,21,52,52,2,0.011688232421875,-0.011688232421875,-0.011688232421875,1,52,True
+,31,22,31,22,53,53,1,0.058868408203125,-0.058868408203125,-0.058868408203125,1,53,True
+,31,23,31,23,54,54,0,0.020477294921875,-0.020477294921875,-0.020477294921875,1,54,True
+,31,24,31,24,55,55,1,0.03851318359375,-0.03851318359375,-0.03851318359375,1,55,True
+,31,25,31,25,56,56,0,0.0562744140625,-0.0562744140625,-0.0562744140625,1,56,True
+,31,26,31,26,57,57,2,0.09881591796875,-0.09881591796875,-0.09881591796875,1,57,True
+,31,27,31,27,58,58,1,0.03375244140625,-0.03375244140625,-0.03375244140625,1,58,True
+,31,28,31,28,59,59,1,0.10064697265625,-0.10064697265625,-0.10064697265625,1,59,True
+,31,29,31,29,60,60,5,0.07513427734375,-0.07513427734375,-0.07513427734375,1,60,True
+,31,30,31,30,61,61,2,0.05926513671875,-0.05926513671875,-0.05926513671875,1,61,True
+,31,31,31,31,62,62,5,0.2138671875,-0.2138671875,-0.2138671875,1,62,True
+,31,32,31,32,63,63,7,0.03875732421875,-0.03875732421875,-0.03875732421875,1,63,True
+,31,33,31,33,64,64,0,0.26025390625,-0.26025390625,-0.26025390625,1,64,True
+,31,34,31,34,65,65,0,0.417236328125,-0.417236328125,-0.417236328125,1,65,True
+,31,35,31,35,66,66,0,0.4736328125,-0.4736328125,-0.4736328125,1,66,True
+,31,36,31,36,67,67,0,0.32568359375,-0.32568359375,-0.32568359375,1,67,True
+,31,37,31,37,68,68,3,0.9443359375,-0.9443359375,-0.9443359375,1,58,False
+,31,38,31,38,69,69,1,0.3037109375,-0.3037109375,-0.3037109375,1,69,True
+,31,39,31,39,70,70,0,0.1103515625,-0.1103515625,-0.1103515625,1,70,True
+,31,40,31,40,71,71,0,0.09075927734375,-0.09075927734375,-0.09075927734375,1,71,True
+,31,41,31,41,72,72,0,0.11761474609375,-0.11761474609375,-0.11761474609375,1,72,True
+,31,42,31,42,73,73,0,0.210693359375,-0.210693359375,-0.210693359375,1,73,True
+,31,43,31,43,74,74,1,0.429931640625,-0.429931640625,-0.429931640625,1,74,True
+,31,44,31,44,75,75,1,0.193115234375,-0.193115234375,-0.193115234375,1,75,True
+,31,45,31,45,76,76,0,0.1318359375,-0.1318359375,-0.1318359375,1,76,True
+,31,46,31,46,77,77,1,0.86962890625,-0.86962890625,-0.86962890625,1,67,False
+,31,47,31,47,78,78,2,0.66162109375,-0.66162109375,-0.66162109375,1,78,True
+,31,48,31,48,79,79,1,0.091064453125,-0.091064453125,-0.091064453125,1,79,True
+,31,49,31,49,80,80,2,0.479736328125,-0.479736328125,-0.479736328125,1,80,True
+,31,50,31,50,81,81,0,0.99951171875,-0.99951171875,-0.99951171875,1,71,False
+,31,51,31,51,82,82,0,0.267822265625,-0.267822265625,-0.267822265625,1,82,True
+,31,52,31,52,83,83,0,0.97900390625,-0.97900390625,-0.97900390625,1,73,False
+,31,53,31,53,84,84,0,0.466552734375,-0.466552734375,-0.466552734375,1,84,True
+,31,54,31,54,85,85,0,0.151123046875,-0.151123046875,-0.151123046875,1,85,True
+,31,55,31,55,86,86,0,0.47900390625,-0.47900390625,-0.47900390625,1,86,True
+,31,56,31,56,87,87,1,0.496826171875,-0.496826171875,-0.496826171875,1,87,True
+,31,57,31,57,88,88,0,0.0416259765625,-0.0416259765625,-0.0416259765625,1,88,True
+,31,58,31,58,89,89,1,0.2265625,-0.2265625,-0.2265625,1,89,True
+,31,59,31,59,90,90,0,0.2122802734375,-0.2122802734375,-0.2122802734375,1,90,True
+,31,60,31,60,91,91,0,0.012939453125,-0.012939453125,-0.012939453125,1,91,True
+,31,61,31,61,92,92,0,0.097900390625,-0.097900390625,-0.097900390625,1,92,True
+,31,62,31,62,93,93,0,0.08984375,-0.08984375,-0.08984375,1,93,True
+,31,63,31,63,94,94,0,0.10821533203125,-0.10821533203125,-0.10821533203125,1,94,True
+,31,64,31,64,95,95,1,0.269775390625,-0.269775390625,-0.269775390625,1,95,True
+,31,65,31,65,96,96,0,0.315673828125,-0.315673828125,-0.315673828125,1,96,True
+,31,66,31,66,97,97,0,0.0831298828125,-0.0831298828125,-0.0831298828125,1,97,True
+,31,67,31,67,98,98,0,1.1015625,-1.1015625,-1.1015625,1,88,False
+,31,68,31,68,99,99,0,0.42041015625,-0.42041015625,-0.42041015625,1,99,True
+,31,69,31,69,100,100,0,0.332763671875,-0.332763671875,-0.332763671875,1,100,True
+,31,70,31,70,101,101,1,4.3515625,-4.3515625,-4.3515625,1,91,False
+,31,71,31,71,102,102,0,0.95166015625,-0.95166015625,-0.95166015625,1,92,False
+,31,72,31,72,103,103,0,1.662109375,-1.662109375,-1.662109375,1,93,False
+,31,73,31,73,104,104,1,1.546875,-1.546875,-1.546875,1,94,False
+,31,74,31,74,105,105,0,3.55859375,-3.55859375,-3.55859375,1,95,False
+,31,75,31,75,106,106,0,1.083984375,-1.083984375,-1.083984375,1,96,False
+,31,76,31,76,107,107,0,2.8828125,-2.8828125,-2.8828125,1,97,False
+,31,77,31,77,108,108,0,1.205078125,-1.205078125,-1.205078125,1,98,False
+,31,78,31,78,109,109,0,1.3955078125,-1.3955078125,-1.3955078125,1,99,False
+,31,79,31,79,110,110,0,2.9140625,-2.9140625,-2.9140625,1,100,False
+,31,80,31,80,111,111,0,3.404296875,-3.404296875,-3.404296875,1,101,False
+,31,81,31,81,112,112,0,0.75146484375,-0.75146484375,-0.75146484375,1,112,True
+,31,82,31,82,113,113,0,2.17578125,-2.17578125,-2.17578125,1,103,False
+,31,83,31,83,114,114,0,1.3759765625,-1.3759765625,-1.3759765625,1,104,False
+,31,84,31,84,115,115,0,0.3681640625,-0.3681640625,-0.3681640625,1,115,True
+,31,85,31,85,116,116,0,2.19921875,-2.19921875,-2.19921875,1,106,False
+,31,86,31,86,117,117,0,1.6259765625,-1.6259765625,-1.6259765625,1,107,False
+,31,87,31,87,118,118,0,0.18603515625,-0.18603515625,-0.18603515625,1,118,True
+,31,88,31,88,119,119,1,0.89990234375,-0.89990234375,-0.89990234375,1,109,False
+,31,89,31,89,120,120,0,0.6416015625,-0.6416015625,-0.6416015625,1,120,True
+,31,90,31,90,121,121,2,0.66845703125,-0.66845703125,-0.66845703125,1,121,True
+,31,91,31,91,122,122,0,1.09375,-1.09375,-1.09375,1,112,False
+,31,92,31,92,123,123,0,0.865234375,-0.865234375,-0.865234375,1,113,False
+,31,93,31,93,124,124,0,0.50537109375,-0.50537109375,-0.50537109375,1,124,True
+,31,94,31,94,125,125,0,1.2109375,-1.2109375,-1.2109375,1,115,False
+,31,95,31,95,126,126,0,1.5166015625,-1.5166015625,-1.5166015625,1,116,False
+,31,96,31,96,127,127,1,0.66162109375,-0.66162109375,-0.66162109375,1,127,True
+,31,97,31,97,128,128,0,1.0439453125,-1.0439453125,-1.0439453125,1,118,False
+,31,98,31,98,129,129,0,0.9560546875,-0.9560546875,-0.9560546875,1,119,False
+,31,99,31,99,130,130,0,0.740234375,-0.740234375,-0.740234375,1,130,True
+,32,10,32,10,42,42,15,0.005519866943359375,-0.005519866943359375,-0.005519866943359375,1,42,True
+,32,11,32,11,43,43,4,0.0277557373046875,-0.0277557373046875,-0.0277557373046875,1,43,True
+,32,12,32,12,44,44,5,0.0237579345703125,-0.0237579345703125,-0.0237579345703125,1,44,True
+,32,13,32,13,45,45,5,0.00844573974609375,-0.00844573974609375,-0.00844573974609375,1,45,True
+,32,14,32,14,46,46,5,0.00487518310546875,-0.00487518310546875,-0.00487518310546875,1,46,True
+,32,15,32,15,47,47,2,0.00748443603515625,-0.00748443603515625,-0.00748443603515625,1,47,True
+,32,16,32,16,48,48,26,0.0167999267578125,-0.0167999267578125,-0.0167999267578125,1,48,True
+,32,17,32,17,49,49,0,0.006168365478515625,-0.006168365478515625,-0.006168365478515625,1,49,True
+,32,18,32,18,50,50,5,0.0158233642578125,-0.0158233642578125,-0.0158233642578125,1,50,True
+,32,19,32,19,51,51,1,0.1163330078125,-0.1163330078125,-0.1163330078125,1,51,True
+,32,20,32,20,52,52,2,0.0181884765625,-0.0181884765625,-0.0181884765625,1,52,True
+,32,21,32,21,53,53,1,0.037841796875,-0.037841796875,-0.037841796875,1,53,True
+,32,22,32,22,54,54,1,0.05377197265625,-0.05377197265625,-0.05377197265625,1,54,True
+,32,23,32,23,55,55,1,0.0635986328125,-0.0635986328125,-0.0635986328125,1,55,True
+,32,24,32,24,56,56,10,0.025360107421875,-0.025360107421875,-0.025360107421875,1,56,True
+,32,25,32,25,57,57,3,0.015594482421875,-0.015594482421875,-0.015594482421875,1,57,True
+,32,26,32,26,58,58,2,0.03857421875,-0.03857421875,-0.03857421875,1,58,True
+,32,27,32,27,59,59,1,0.07275390625,-0.07275390625,-0.07275390625,1,59,True
+,32,28,32,28,60,60,3,0.020538330078125,-0.020538330078125,-0.020538330078125,1,60,True
+,32,29,32,29,61,61,3,0.10040283203125,-0.10040283203125,-0.10040283203125,1,61,True
+,32,30,32,30,62,62,2,0.10809326171875,-0.10809326171875,-0.10809326171875,1,62,True
+,32,31,32,31,63,63,4,0.05401611328125,-0.05401611328125,-0.05401611328125,1,63,True
+,32,32,32,32,64,64,40,0.0478515625,-0.0478515625,-0.0478515625,1,64,True
+,32,33,32,33,65,65,1,0.03411865234375,-0.03411865234375,-0.03411865234375,1,65,True
+,32,34,32,34,66,66,1,0.1990966796875,-0.1990966796875,-0.1990966796875,1,66,True
+,32,35,32,35,67,67,0,0.264404296875,-0.264404296875,-0.264404296875,1,67,True
+,32,36,32,36,68,68,0,0.04669189453125,-0.04669189453125,-0.04669189453125,1,68,True
+,32,37,32,37,69,69,3,0.1099853515625,-0.1099853515625,-0.1099853515625,1,69,True
+,32,38,32,38,70,70,0,0.10064697265625,-0.10064697265625,-0.10064697265625,1,70,True
+,32,39,32,39,71,71,1,0.1781005859375,-0.1781005859375,-0.1781005859375,1,71,True
+,32,40,32,40,72,72,2,0.0328369140625,-0.0328369140625,-0.0328369140625,1,72,True
+,32,41,32,41,73,73,0,0.04498291015625,-0.04498291015625,-0.04498291015625,1,73,True
+,32,42,32,42,74,74,0,0.5107421875,-0.5107421875,-0.5107421875,1,74,True
+,32,43,32,43,75,75,1,0.89453125,-0.89453125,-0.89453125,1,65,False
+,32,44,32,44,76,76,0,0.268798828125,-0.268798828125,-0.268798828125,1,76,True
+,32,45,32,45,77,77,2,0.413330078125,-0.413330078125,-0.413330078125,1,77,True
+,32,46,32,46,78,78,0,0.91845703125,-0.91845703125,-0.91845703125,1,68,False
+,32,47,32,47,79,79,0,0.7587890625,-0.7587890625,-0.7587890625,1,79,True
+,32,48,32,48,80,80,2,0.07122802734375,-0.07122802734375,-0.07122802734375,1,80,True
+,32,49,32,49,81,81,1,0.30859375,-0.30859375,-0.30859375,1,81,True
+,32,50,32,50,82,82,2,1.005859375,-1.005859375,-1.005859375,1,72,False
+,32,51,32,51,83,83,0,0.82470703125,-0.82470703125,-0.82470703125,1,73,False
+,32,52,32,52,84,84,0,0.79345703125,-0.79345703125,-0.79345703125,1,84,True
+,32,53,32,53,85,85,1,0.677734375,-0.677734375,-0.677734375,1,85,True
+,32,54,32,54,86,86,0,0.728515625,-0.728515625,-0.728515625,1,86,True
+,32,55,32,55,87,87,0,0.361328125,-0.361328125,-0.361328125,1,87,True
+,32,56,32,56,88,88,3,0.1943359375,-0.1943359375,-0.1943359375,1,88,True
+,32,57,32,57,89,89,2,0.052459716796875,-0.052459716796875,-0.052459716796875,1,89,True
+,32,58,32,58,90,90,0,0.1025390625,-0.1025390625,-0.1025390625,1,90,True
+,32,59,32,59,91,91,2,0.226806640625,-0.226806640625,-0.226806640625,1,91,True
+,32,60,32,60,92,92,1,0.01222991943359375,-0.01222991943359375,-0.01222991943359375,1,92,True
+,32,61,32,61,93,93,0,0.046142578125,-0.046142578125,-0.046142578125,1,93,True
+,32,62,32,62,94,94,0,0.472900390625,-0.472900390625,-0.472900390625,1,94,True
+,32,63,32,63,95,95,0,0.298583984375,-0.298583984375,-0.298583984375,1,95,True
+,32,64,32,64,96,96,11,0.01763916015625,-0.01763916015625,-0.01763916015625,1,96,True
+,32,65,32,65,97,97,0,0.5322265625,-0.5322265625,-0.5322265625,1,97,True
+,32,66,32,66,98,98,0,1.8466796875,-1.8466796875,-1.8466796875,1,88,False
+,32,67,32,67,99,99,0,0.359375,-0.359375,-0.359375,1,99,True
+,32,68,32,68,100,100,1,0.6708984375,-0.6708984375,-0.6708984375,1,100,True
+,32,69,32,69,101,101,0,2.017578125,-2.017578125,-2.017578125,1,91,False
+,32,70,32,70,102,102,0,2.234375,-2.234375,-2.234375,1,92,False
+,32,71,32,71,103,103,0,3.46484375,-3.46484375,-3.46484375,1,93,False
+,32,72,32,72,104,104,2,2.453125,-2.453125,-2.453125,1,94,False
+,32,73,32,73,105,105,0,2.2578125,-2.2578125,-2.2578125,1,95,False
+,32,74,32,74,106,106,0,2.515625,-2.515625,-2.515625,1,96,False
+,32,75,32,75,107,107,0,4.671875,-4.671875,-4.671875,1,97,False
+,32,76,32,76,108,108,0,0.79052734375,-0.79052734375,-0.79052734375,1,108,True
+,32,77,32,77,109,109,0,2.228515625,-2.228515625,-2.228515625,1,99,False
+,32,78,32,78,110,110,0,4.46875,-4.46875,-4.46875,1,100,False
+,32,79,32,79,111,111,0,1.724609375,-1.724609375,-1.724609375,1,101,False
+,32,80,32,80,112,112,0,0.88916015625,-0.88916015625,-0.88916015625,1,102,False
+,32,81,32,81,113,113,0,2.29296875,-2.29296875,-2.29296875,1,103,False
+,32,82,32,82,114,114,0,2.09375,-2.09375,-2.09375,1,104,False
+,32,83,32,83,115,115,0,3.083984375,-3.083984375,-3.083984375,1,105,False
+,32,84,32,84,116,116,0,0.298583984375,-0.298583984375,-0.298583984375,1,116,True
+,32,85,32,85,117,117,0,1.111328125,-1.111328125,-1.111328125,1,107,False
+,32,86,32,86,118,118,0,4.08984375,-4.08984375,-4.08984375,1,108,False
+,32,87,32,87,119,119,0,2.59375,-2.59375,-2.59375,1,109,False
+,32,88,32,88,120,120,0,0.256591796875,-0.256591796875,-0.256591796875,1,120,True
+,32,89,32,89,121,121,0,0.391845703125,-0.391845703125,-0.391845703125,1,121,True
+,32,90,32,90,122,122,0,0.7490234375,-0.7490234375,-0.7490234375,1,112,False
+,32,91,32,91,123,123,0,0.546875,-0.546875,-0.546875,1,123,True
+,32,92,32,92,124,124,0,2.14453125,-2.14453125,-2.14453125,1,114,False
+,32,93,32,93,125,125,0,2.078125,-2.078125,-2.078125,1,115,False
+,32,94,32,94,126,126,0,1.1767578125,-1.1767578125,-1.1767578125,1,116,False
+,32,95,32,95,127,127,0,2.380859375,-2.380859375,-2.380859375,1,117,False
+,32,96,32,96,128,128,1,1.2509765625,-1.2509765625,-1.2509765625,1,118,False
+,32,97,32,97,129,129,0,0.6640625,-0.6640625,-0.6640625,1,129,True
+,32,98,32,98,130,130,0,3.38671875,-3.38671875,-3.38671875,1,120,False
+,32,99,32,99,131,131,0,0.615234375,-0.615234375,-0.615234375,1,131,True
+,33,10,33,10,43,43,2,0.0058135986328125,-0.0058135986328125,-0.0058135986328125,1,43,True
+,33,11,33,11,44,44,1,0.01358795166015625,-0.01358795166015625,-0.01358795166015625,1,44,True
+,33,12,33,12,45,45,1,0.0098876953125,-0.0098876953125,-0.0098876953125,1,45,True
+,33,13,33,13,46,46,2,0.10198974609375,-0.10198974609375,-0.10198974609375,1,46,True
+,33,14,33,14,47,47,3,0.0219573974609375,-0.0219573974609375,-0.0219573974609375,1,47,True
+,33,15,33,15,48,48,0,0.0023784637451171875,-0.0023784637451171875,-0.0023784637451171875,1,48,True
+,33,16,33,16,49,49,2,0.00146484375,-0.00146484375,-0.00146484375,1,49,True
+,33,17,33,17,50,50,2,0.00504302978515625,-0.00504302978515625,-0.00504302978515625,1,50,True
+,33,18,33,18,51,51,1,0.005229949951171875,-0.005229949951171875,-0.005229949951171875,1,51,True
+,33,19,33,19,52,52,0,0.0132598876953125,-0.0132598876953125,-0.0132598876953125,1,52,True
+,33,20,33,20,53,53,1,0.05877685546875,-0.05877685546875,-0.05877685546875,1,53,True
+,33,21,33,21,54,54,0,0.037841796875,-0.037841796875,-0.037841796875,1,54,True
+,33,22,33,22,55,55,1,0.1048583984375,-0.1048583984375,-0.1048583984375,1,55,True
+,33,23,33,23,56,56,0,0.09112548828125,-0.09112548828125,-0.09112548828125,1,56,True
+,33,24,33,24,57,57,3,0.0284423828125,-0.0284423828125,-0.0284423828125,1,57,True
+,33,25,33,25,58,58,2,0.0130615234375,-0.0130615234375,-0.0130615234375,1,58,True
+,33,26,33,26,59,59,0,0.01085662841796875,-0.01085662841796875,-0.01085662841796875,1,59,True
+,33,27,33,27,60,60,1,0.01898193359375,-0.01898193359375,-0.01898193359375,1,60,True
+,33,28,33,28,61,61,3,0.045928955078125,-0.045928955078125,-0.045928955078125,1,61,True
+,33,29,33,29,62,62,0,0.1243896484375,-0.1243896484375,-0.1243896484375,1,62,True
+,33,30,33,30,63,63,1,0.018310546875,-0.018310546875,-0.018310546875,1,63,True
+,33,31,33,31,64,64,0,0.0860595703125,-0.0860595703125,-0.0860595703125,1,64,True
+,33,32,33,32,65,65,1,0.0225372314453125,-0.0225372314453125,-0.0225372314453125,1,65,True
+,33,33,33,33,66,66,6,0.038116455078125,-0.038116455078125,-0.038116455078125,1,66,True
+,33,34,33,34,67,67,0,0.10797119140625,-0.10797119140625,-0.10797119140625,1,67,True
+,33,35,33,35,68,68,1,0.119873046875,-0.119873046875,-0.119873046875,1,68,True
+,33,36,33,36,69,69,0,0.043853759765625,-0.043853759765625,-0.043853759765625,1,69,True
+,33,37,33,37,70,70,1,0.01399993896484375,-0.01399993896484375,-0.01399993896484375,1,70,True
+,33,38,33,38,71,71,2,0.15283203125,-0.15283203125,-0.15283203125,1,71,True
+,33,39,33,39,72,72,1,0.068359375,-0.068359375,-0.068359375,1,72,True
+,33,40,33,40,73,73,1,0.0254058837890625,-0.0254058837890625,-0.0254058837890625,1,73,True
+,33,41,33,41,74,74,3,0.0897216796875,-0.0897216796875,-0.0897216796875,1,74,True
+,33,42,33,42,75,75,0,0.38232421875,-0.38232421875,-0.38232421875,1,75,True
+,33,43,33,43,76,76,0,0.63671875,-0.63671875,-0.63671875,1,76,True
+,33,44,33,44,77,77,0,0.56005859375,-0.56005859375,-0.56005859375,1,77,True
+,33,45,33,45,78,78,1,0.1217041015625,-0.1217041015625,-0.1217041015625,1,78,True
+,33,46,33,46,79,79,0,0.25732421875,-0.25732421875,-0.25732421875,1,79,True
+,33,47,33,47,80,80,1,0.70458984375,-0.70458984375,-0.70458984375,1,80,True
+,33,48,33,48,81,81,0,0.07989501953125,-0.07989501953125,-0.07989501953125,1,81,True
+,33,49,33,49,82,82,0,0.119873046875,-0.119873046875,-0.119873046875,1,82,True
+,33,50,33,50,83,83,0,0.69873046875,-0.69873046875,-0.69873046875,1,83,True
+,33,51,33,51,84,84,0,0.065673828125,-0.065673828125,-0.065673828125,1,84,True
+,33,52,33,52,85,85,0,0.488525390625,-0.488525390625,-0.488525390625,1,85,True
+,33,53,33,53,86,86,0,0.81396484375,-0.81396484375,-0.81396484375,1,86,True
+,33,54,33,54,87,87,0,0.28125,-0.28125,-0.28125,1,87,True
+,33,55,33,55,88,88,0,0.1539306640625,-0.1539306640625,-0.1539306640625,1,88,True
+,33,56,33,56,89,89,0,0.826171875,-0.826171875,-0.826171875,1,79,False
+,33,57,33,57,90,90,0,0.059295654296875,-0.059295654296875,-0.059295654296875,1,90,True
+,33,58,33,58,91,91,0,0.060455322265625,-0.060455322265625,-0.060455322265625,1,91,True
+,33,59,33,59,92,92,2,0.150146484375,-0.150146484375,-0.150146484375,1,92,True
+,33,60,33,60,93,93,0,0.01248931884765625,-0.01248931884765625,-0.01248931884765625,1,93,True
+,33,61,33,61,94,94,0,0.373779296875,-0.373779296875,-0.373779296875,1,94,True
+,33,62,33,62,95,95,0,0.88671875,-0.88671875,-0.88671875,1,85,False
+,33,63,33,63,96,96,1,0.483154296875,-0.483154296875,-0.483154296875,1,96,True
+,33,64,33,64,97,97,0,0.62158203125,-0.62158203125,-0.62158203125,1,97,True
+,33,65,33,65,98,98,0,1.75,-1.75,-1.75,1,88,False
+,33,66,33,66,99,99,2,0.0165252685546875,-0.0165252685546875,-0.0165252685546875,1,99,True
+,33,67,33,67,100,100,0,0.137939453125,-0.137939453125,-0.137939453125,1,100,True
+,33,68,33,68,101,101,0,4.0078125,-4.0078125,-4.0078125,1,91,False
+,33,69,33,69,102,102,1,0.220703125,-0.220703125,-0.220703125,1,102,True
+,33,70,33,70,103,103,0,1.9501953125,-1.9501953125,-1.9501953125,1,93,False
+,33,71,33,71,104,104,0,2.814453125,-2.814453125,-2.814453125,1,94,False
+,33,72,33,72,105,105,0,4.10546875,-4.10546875,-4.10546875,1,93,False
+,33,73,33,73,106,106,0,2.17578125,-2.17578125,-2.17578125,1,94,False
+,33,74,33,74,107,107,1,4.375,-4.375,-4.375,1,97,False
+,33,75,33,75,108,108,0,0.591796875,-0.591796875,-0.591796875,1,108,True
+,33,76,33,76,109,109,0,2.150390625,-2.150390625,-2.150390625,1,99,False
+,33,77,33,77,110,110,2,2.294921875,-2.294921875,-2.294921875,1,100,False
+,33,78,33,78,111,111,0,0.273193359375,-0.273193359375,-0.273193359375,1,111,True
+,33,79,33,79,112,112,0,1.2900390625,-1.2900390625,-1.2900390625,1,112,True
+,33,80,33,80,113,113,0,3.75,-3.75,-3.75,1,103,False
+,33,81,33,81,114,114,0,0.11920166015625,-0.11920166015625,-0.11920166015625,1,114,True
+,33,82,33,82,115,115,0,1.775390625,-1.775390625,-1.775390625,1,105,False
+,33,83,33,83,116,116,0,1.623046875,-1.623046875,-1.623046875,1,106,False
+,33,84,33,84,117,117,0,0.414306640625,-0.414306640625,-0.414306640625,1,117,True
+,33,85,33,85,118,118,0,0.56591796875,-0.56591796875,-0.56591796875,1,118,True
+,33,86,33,86,119,119,0,2.546875,-2.546875,-2.546875,1,109,False
+,33,87,33,87,120,120,0,0.0740966796875,-0.0740966796875,-0.0740966796875,1,120,True
+,33,88,33,88,121,121,0,0.0811767578125,-0.0811767578125,-0.0811767578125,1,121,True
+,33,89,33,89,122,122,0,0.25146484375,-0.25146484375,-0.25146484375,1,122,True
+,33,90,33,90,123,123,0,0.1763916015625,-0.1763916015625,-0.1763916015625,1,123,True
+,33,91,33,91,124,124,0,0.501953125,-0.501953125,-0.501953125,1,124,True
+,33,92,33,92,125,125,0,2.724609375,-2.724609375,-2.724609375,1,115,False
+,33,93,33,93,126,126,0,0.97265625,-0.97265625,-0.97265625,1,126,True
+,33,94,33,94,127,127,0,0.34228515625,-0.34228515625,-0.34228515625,1,127,True
+,33,95,33,95,128,128,1,0.7880859375,-0.7880859375,-0.7880859375,1,118,False
+,33,96,33,96,129,129,0,0.4072265625,-0.4072265625,-0.4072265625,1,129,True
+,33,97,33,97,130,130,0,0.394775390625,-0.394775390625,-0.394775390625,1,130,True
+,33,98,33,98,131,131,0,0.865234375,-0.865234375,-0.865234375,1,121,False
+,33,99,33,99,132,132,0,0.0697021484375,-0.0697021484375,-0.0697021484375,1,132,True
+,34,10,34,10,44,44,2,0.00736236572265625,-0.00736236572265625,-0.00736236572265625,1,44,True
+,34,11,34,11,45,45,1,0.0310516357421875,-0.0310516357421875,-0.0310516357421875,1,45,True
+,34,12,34,12,46,46,5,0.0101318359375,-0.0101318359375,-0.0101318359375,1,46,True
+,34,13,34,13,47,47,0,0.00974273681640625,-0.00974273681640625,-0.00974273681640625,1,47,True
+,34,14,34,14,48,48,2,0.00955963134765625,-0.00955963134765625,-0.00955963134765625,1,48,True
+,34,15,34,15,49,49,1,0.00908660888671875,-0.00908660888671875,-0.00908660888671875,1,49,True
+,34,16,34,16,50,50,0,0.01690673828125,-0.01690673828125,-0.01690673828125,1,50,True
+,34,17,34,17,51,51,0,0.01387786865234375,-0.01387786865234375,-0.01387786865234375,1,51,True
+,34,18,34,18,52,52,1,0.01123046875,-0.01123046875,-0.01123046875,1,52,True
+,34,19,34,19,53,53,2,0.25537109375,-0.25537109375,-0.25537109375,1,53,True
+,34,20,34,20,54,54,2,0.01849365234375,-0.01849365234375,-0.01849365234375,1,54,True
+,34,21,34,21,55,55,6,0.03436279296875,-0.03436279296875,-0.03436279296875,1,55,True
+,34,22,34,22,56,56,1,0.039764404296875,-0.039764404296875,-0.039764404296875,1,56,True
+,34,23,34,23,57,57,1,0.024627685546875,-0.024627685546875,-0.024627685546875,1,57,True
+,34,24,34,24,58,58,1,0.005672454833984375,-0.005672454833984375,-0.005672454833984375,1,58,True
+,34,25,34,25,59,59,0,0.04083251953125,-0.04083251953125,-0.04083251953125,1,59,True
+,34,26,34,26,60,60,0,0.051971435546875,-0.051971435546875,-0.051971435546875,1,60,True
+,34,27,34,27,61,61,2,0.059417724609375,-0.059417724609375,-0.059417724609375,1,61,True
+,34,28,34,28,62,62,0,0.01152801513671875,-0.01152801513671875,-0.01152801513671875,1,62,True
+,34,29,34,29,63,63,0,0.079833984375,-0.079833984375,-0.079833984375,1,63,True
+,34,30,34,30,64,64,0,0.05657958984375,-0.05657958984375,-0.05657958984375,1,64,True
+,34,31,34,31,65,65,1,0.327880859375,-0.327880859375,-0.327880859375,1,65,True
+,34,32,34,32,66,66,3,0.10577392578125,-0.10577392578125,-0.10577392578125,1,66,True
+,34,33,34,33,67,67,2,0.08929443359375,-0.08929443359375,-0.08929443359375,1,67,True
+,34,34,34,34,68,68,2,0.33154296875,-0.33154296875,-0.33154296875,1,68,True
+,34,35,34,35,69,69,0,0.0304718017578125,-0.0304718017578125,-0.0304718017578125,1,69,True
+,34,36,34,36,70,70,0,0.01312255859375,-0.01312255859375,-0.01312255859375,1,70,True
+,34,37,34,37,71,71,3,0.034088134765625,-0.034088134765625,-0.034088134765625,1,71,True
+,34,38,34,38,72,72,0,0.09014892578125,-0.09014892578125,-0.09014892578125,1,72,True
+,34,39,34,39,73,73,0,0.089599609375,-0.089599609375,-0.089599609375,1,73,True
+,34,40,34,40,74,74,0,0.00931549072265625,-0.00931549072265625,-0.00931549072265625,1,74,True
+,34,41,34,41,75,75,1,0.0161590576171875,-0.0161590576171875,-0.0161590576171875,1,75,True
+,34,42,34,42,76,76,1,0.141845703125,-0.141845703125,-0.141845703125,1,76,True
+,34,43,34,43,77,77,1,0.43701171875,-0.43701171875,-0.43701171875,1,77,True
+,34,44,34,44,78,78,0,0.0687255859375,-0.0687255859375,-0.0687255859375,1,78,True
+,34,45,34,45,79,79,0,0.037200927734375,-0.037200927734375,-0.037200927734375,1,79,True
+,34,46,34,46,80,80,1,0.7509765625,-0.7509765625,-0.7509765625,1,80,True
+,34,47,34,47,81,81,1,0.2568359375,-0.2568359375,-0.2568359375,1,81,True
+,34,48,34,48,82,82,0,0.0167694091796875,-0.0167694091796875,-0.0167694091796875,1,82,True
+,34,49,34,49,83,83,1,0.5703125,-0.5703125,-0.5703125,1,83,True
+,34,50,34,50,84,84,0,0.383056640625,-0.383056640625,-0.383056640625,1,84,True
+,34,51,34,51,85,85,1,0.1123046875,-0.1123046875,-0.1123046875,1,85,True
+,34,52,34,52,86,86,0,0.240478515625,-0.240478515625,-0.240478515625,1,86,True
+,34,53,34,53,87,87,0,0.355712890625,-0.355712890625,-0.355712890625,1,87,True
+,34,54,34,54,88,88,0,0.2462158203125,-0.2462158203125,-0.2462158203125,1,88,True
+,34,55,34,55,89,89,5,0.15966796875,-0.15966796875,-0.15966796875,1,89,True
+,34,56,34,56,90,90,0,0.1964111328125,-0.1964111328125,-0.1964111328125,1,90,True
+,34,57,34,57,91,91,0,0.036651611328125,-0.036651611328125,-0.036651611328125,1,91,True
+,34,58,34,58,92,92,0,0.205810546875,-0.205810546875,-0.205810546875,1,92,True
+,34,59,34,59,93,93,0,0.09783935546875,-0.09783935546875,-0.09783935546875,1,93,True
+,34,60,34,60,94,94,0,0.017059326171875,-0.017059326171875,-0.017059326171875,1,94,True
+,34,61,34,61,95,95,0,0.49072265625,-0.49072265625,-0.49072265625,1,95,True
+,34,62,34,62,96,96,0,0.57568359375,-0.57568359375,-0.57568359375,1,96,True
+,34,63,34,63,97,97,0,0.1654052734375,-0.1654052734375,-0.1654052734375,1,97,True
+,34,64,34,64,98,98,0,0.34326171875,-0.34326171875,-0.34326171875,1,98,True
+,34,65,34,65,99,99,0,1.4658203125,-1.4658203125,-1.4658203125,1,89,False
+,34,66,34,66,100,100,0,3.478515625,-3.478515625,-3.478515625,1,90,False
+,34,67,34,67,101,101,0,1.267578125,-1.267578125,-1.267578125,1,91,False
+,34,68,34,68,102,102,1,0.2391357421875,-0.2391357421875,-0.2391357421875,1,102,True
+,34,69,34,69,103,103,0,2.41015625,-2.41015625,-2.41015625,1,93,False
+,34,70,34,70,104,104,0,5.90234375,-5.90234375,-5.90234375,1,94,False
+,34,71,34,71,105,105,1,5.45703125,-5.45703125,-5.45703125,1,95,False
+,34,72,34,72,106,106,0,1.421875,-1.421875,-1.421875,1,106,True
+,34,73,34,73,107,107,0,3.19921875,-3.19921875,-3.19921875,1,97,False
+,34,74,34,74,108,108,0,4.32421875,-4.32421875,-4.32421875,1,98,False
+,34,75,34,75,109,109,0,4.2890625,-4.2890625,-4.2890625,1,99,False
+,34,76,34,76,110,110,2,3.5859375,-3.5859375,-3.5859375,1,100,False
+,34,77,34,77,111,111,0,3.4921875,-3.4921875,-3.4921875,1,101,False
+,34,78,34,78,112,112,0,1.3681640625,-1.3681640625,-1.3681640625,1,102,False
+,34,79,34,79,113,113,0,3.306640625,-3.306640625,-3.306640625,1,103,False
+,34,80,34,80,114,114,0,1.4091796875,-1.4091796875,-1.4091796875,1,94,False
+,34,81,34,81,115,115,0,1.9931640625,-1.9931640625,-1.9931640625,1,103,False
+,34,82,34,82,116,116,0,4.71484375,-4.71484375,-4.71484375,1,106,False
+,34,83,34,83,117,117,0,2.234375,-2.234375,-2.234375,1,107,False
+,34,84,34,84,118,118,0,1.04296875,-1.04296875,-1.04296875,1,118,True
+,34,85,34,85,119,119,0,3.548828125,-3.548828125,-3.548828125,1,109,False
+,34,86,34,86,120,120,0,2.9921875,-2.9921875,-2.9921875,1,110,False
+,34,87,34,87,121,121,0,0.578125,-0.578125,-0.578125,1,121,True
+,34,88,34,88,122,122,0,0.134033203125,-0.134033203125,-0.134033203125,1,122,True
+,34,89,34,89,123,123,0,1.3662109375,-1.3662109375,-1.3662109375,1,113,False
+,34,90,34,90,124,124,0,1.2900390625,-1.2900390625,-1.2900390625,1,114,False
+,34,91,34,91,125,125,0,1.412109375,-1.412109375,-1.412109375,1,115,False
+,34,92,34,92,126,126,0,1.33984375,-1.33984375,-1.33984375,1,122,False
+,34,93,34,93,127,127,1,0.4482421875,-0.4482421875,-0.4482421875,1,127,True
+,34,94,34,94,128,128,0,2.6640625,-2.6640625,-2.6640625,1,118,False
+,34,95,34,95,129,129,0,1.763671875,-1.763671875,-1.763671875,1,119,False
+,34,96,34,96,130,130,0,2.373046875,-2.373046875,-2.373046875,1,110,False
+,34,97,34,97,131,131,0,2.171875,-2.171875,-2.171875,1,121,False
+,34,98,34,98,132,132,0,1.3935546875,-1.3935546875,-1.3935546875,1,122,False
+,34,99,34,99,133,133,0,0.9892578125,-0.9892578125,-0.9892578125,1,133,True
+,35,10,35,10,45,45,17,0.0092315673828125,-0.0092315673828125,-0.0092315673828125,1,45,True
+,35,11,35,11,46,46,0,0.006412506103515625,-0.006412506103515625,-0.006412506103515625,1,46,True
+,35,12,35,12,47,47,1,0.007198333740234375,-0.007198333740234375,-0.007198333740234375,1,47,True
+,35,13,35,13,48,48,0,0.00901031494140625,-0.00901031494140625,-0.00901031494140625,1,48,True
+,35,14,35,14,49,49,2,0.006183624267578125,-0.006183624267578125,-0.006183624267578125,1,49,True
+,35,15,35,15,50,50,13,0.037261962890625,-0.037261962890625,-0.037261962890625,1,50,True
+,35,16,35,16,51,51,3,0.016998291015625,-0.016998291015625,-0.016998291015625,1,51,True
+,35,17,35,17,52,52,1,0.0709228515625,-0.0709228515625,-0.0709228515625,1,52,True
+,35,18,35,18,53,53,4,0.00662994384765625,-0.00662994384765625,-0.00662994384765625,1,53,True
+,35,19,35,19,54,54,0,0.2437744140625,-0.2437744140625,-0.2437744140625,1,54,True
+,35,20,35,20,55,55,10,0.078369140625,-0.078369140625,-0.078369140625,1,55,True
+,35,21,35,21,56,56,0,0.01251220703125,-0.01251220703125,-0.01251220703125,1,56,True
+,35,22,35,22,57,57,1,0.0655517578125,-0.0655517578125,-0.0655517578125,1,57,True
+,35,23,35,23,58,58,1,0.02362060546875,-0.02362060546875,-0.02362060546875,1,58,True
+,35,24,35,24,59,59,2,0.08612060546875,-0.08612060546875,-0.08612060546875,1,59,True
+,35,25,35,25,60,60,8,0.05804443359375,-0.05804443359375,-0.05804443359375,1,60,True
+,35,26,35,26,61,61,1,0.1162109375,-0.1162109375,-0.1162109375,1,61,True
+,35,27,35,27,62,62,11,0.05157470703125,-0.05157470703125,-0.05157470703125,1,62,True
+,35,28,35,28,63,63,0,0.0516357421875,-0.0516357421875,-0.0516357421875,1,63,True
+,35,29,35,29,64,64,0,0.1544189453125,-0.1544189453125,-0.1544189453125,1,64,True
+,35,30,35,30,65,65,6,0.0546875,-0.0546875,-0.0546875,1,65,True
+,35,31,35,31,66,66,0,0.334228515625,-0.334228515625,-0.334228515625,1,66,True
+,35,32,35,32,67,67,0,0.094970703125,-0.094970703125,-0.094970703125,1,67,True
+,35,33,35,33,68,68,1,0.06158447265625,-0.06158447265625,-0.06158447265625,1,68,True
+,35,34,35,34,69,69,0,0.0287322998046875,-0.0287322998046875,-0.0287322998046875,1,69,True
+,35,35,35,35,70,70,24,0.043487548828125,-0.043487548828125,-0.043487548828125,1,70,True
+,35,36,35,36,71,71,0,0.00965118408203125,-0.00965118408203125,-0.00965118408203125,1,71,True
+,35,37,35,37,72,72,2,0.22509765625,-0.22509765625,-0.22509765625,1,72,True
+,35,38,35,38,73,73,0,0.2330322265625,-0.2330322265625,-0.2330322265625,1,73,True
+,35,39,35,39,74,74,1,0.0316162109375,-0.0316162109375,-0.0316162109375,1,74,True
+,35,40,35,40,75,75,12,0.01197052001953125,-0.01197052001953125,-0.01197052001953125,1,75,True
+,35,41,35,41,76,76,2,0.0186004638671875,-0.0186004638671875,-0.0186004638671875,1,76,True
+,35,42,35,42,77,77,2,0.160888671875,-0.160888671875,-0.160888671875,1,77,True
+,35,43,35,43,78,78,0,0.259033203125,-0.259033203125,-0.259033203125,1,78,True
+,35,44,35,44,79,79,0,0.08544921875,-0.08544921875,-0.08544921875,1,79,True
+,35,45,35,45,80,80,7,0.1517333984375,-0.1517333984375,-0.1517333984375,1,80,True
+,35,46,35,46,81,81,0,0.264404296875,-0.264404296875,-0.264404296875,1,81,True
+,35,47,35,47,82,82,1,1.025390625,-1.025390625,-1.025390625,1,72,False
+,35,48,35,48,83,83,0,0.10565185546875,-0.10565185546875,-0.10565185546875,1,83,True
+,35,49,35,49,84,84,2,0.33203125,-0.33203125,-0.33203125,1,84,True
+,35,50,35,50,85,85,2,0.477294921875,-0.477294921875,-0.477294921875,1,85,True
+,35,51,35,51,86,86,0,0.293212890625,-0.293212890625,-0.293212890625,1,86,True
+,35,52,35,52,87,87,0,0.4873046875,-0.4873046875,-0.4873046875,1,87,True
+,35,53,35,53,88,88,1,0.66650390625,-0.66650390625,-0.66650390625,1,88,True
+,35,54,35,54,89,89,0,0.384765625,-0.384765625,-0.384765625,1,89,True
+,35,55,35,55,90,90,9,0.43505859375,-0.43505859375,-0.43505859375,1,90,True
+,35,56,35,56,91,91,0,1.611328125,-1.611328125,-1.611328125,1,81,False
+,35,57,35,57,92,92,0,0.25537109375,-0.25537109375,-0.25537109375,1,92,True
+,35,58,35,58,93,93,0,0.1917724609375,-0.1917724609375,-0.1917724609375,1,93,True
+,35,59,35,59,94,94,0,0.61328125,-0.61328125,-0.61328125,1,94,True
+,35,60,35,60,95,95,5,0.474609375,-0.474609375,-0.474609375,1,95,True
+,35,61,35,61,96,96,1,0.06365966796875,-0.06365966796875,-0.06365966796875,1,96,True
+,35,62,35,62,97,97,1,1.3505859375,-1.3505859375,-1.3505859375,1,87,False
+,35,63,35,63,98,98,0,1.0927734375,-1.0927734375,-1.0927734375,1,88,False
+,35,64,35,64,99,99,0,0.96240234375,-0.96240234375,-0.96240234375,1,89,False
+,35,65,35,65,100,100,2,3.255859375,-3.255859375,-3.255859375,1,90,False
+,35,66,35,66,101,101,0,4.2265625,-4.2265625,-4.2265625,1,91,False
+,35,67,35,67,102,102,2,1.0234375,-1.0234375,-1.0234375,1,92,False
+,35,68,35,68,103,103,0,3.017578125,-3.017578125,-3.017578125,1,93,False
+,35,69,35,69,104,104,0,3.669921875,-3.669921875,-3.669921875,1,94,False
+,35,70,35,70,105,105,1,5.6796875,-5.6796875,-5.6796875,1,95,False
+,35,71,35,71,106,106,1,3.587890625,-3.587890625,-3.587890625,1,96,False
+,35,72,35,72,107,107,2,3.4921875,-3.4921875,-3.4921875,1,97,False
+,35,73,35,73,108,108,0,1.5224609375,-1.5224609375,-1.5224609375,1,98,False
+,35,74,35,74,109,109,0,4.28515625,-4.28515625,-4.28515625,1,99,False
+,35,75,35,75,110,110,0,3.62109375,-3.62109375,-3.62109375,1,100,False
+,35,76,35,76,111,111,0,2.064453125,-2.064453125,-2.064453125,1,101,False
+,35,77,35,77,112,112,0,1.8291015625,-1.8291015625,-1.8291015625,1,102,False
+,35,78,35,78,113,113,0,2.322265625,-2.322265625,-2.322265625,1,103,False
+,35,79,35,79,114,114,0,2.451171875,-2.451171875,-2.451171875,1,104,False
+,35,80,35,80,115,115,1,4.46484375,-4.46484375,-4.46484375,1,105,False
+,35,81,35,81,116,116,0,2.435546875,-2.435546875,-2.435546875,1,106,False
+,35,82,35,82,117,117,0,2.587890625,-2.587890625,-2.587890625,1,107,False
+,35,83,35,83,118,118,0,3.27734375,-3.27734375,-3.27734375,1,108,False
+,35,84,35,84,119,119,0,2.771484375,-2.771484375,-2.771484375,1,109,False
+,35,85,35,85,120,120,0,3.419921875,-3.419921875,-3.419921875,1,110,False
+,35,86,35,86,121,121,0,5.26171875,-5.26171875,-5.26171875,1,111,False
+,35,87,35,87,122,122,0,1.302734375,-1.302734375,-1.302734375,1,112,False
+,35,88,35,88,123,123,0,1.1640625,-1.1640625,-1.1640625,1,113,False
+,35,89,35,89,124,124,0,2.482421875,-2.482421875,-2.482421875,1,114,False
+,35,90,35,90,125,125,1,2.49609375,-2.49609375,-2.49609375,1,115,False
+,35,91,35,91,126,126,0,1.86328125,-1.86328125,-1.86328125,1,116,False
+,35,92,35,92,127,127,0,2.646484375,-2.646484375,-2.646484375,1,117,False
+,35,93,35,93,128,128,0,1.7841796875,-1.7841796875,-1.7841796875,1,118,False
+,35,94,35,94,129,129,0,1.833984375,-1.833984375,-1.833984375,1,119,False
+,35,95,35,95,130,130,0,2.873046875,-2.873046875,-2.873046875,1,120,False
+,35,96,35,96,131,131,0,2.033203125,-2.033203125,-2.033203125,1,121,False
+,35,97,35,97,132,132,0,1.4287109375,-1.4287109375,-1.4287109375,1,122,False
+,35,98,35,98,133,133,1,1.4716796875,-1.4716796875,-1.4716796875,1,123,False
+,35,99,35,99,134,134,0,1.26953125,-1.26953125,-1.26953125,1,124,False
+,36,10,36,10,46,46,1,0.0028171539306640625,-0.0028171539306640625,-0.0028171539306640625,1,46,True
+,36,11,36,11,47,47,1,0.0178070068359375,-0.0178070068359375,-0.0178070068359375,1,47,True
+,36,12,36,12,48,48,7,0.0098876953125,-0.0098876953125,-0.0098876953125,1,48,True
+,36,13,36,13,49,49,0,0.0506591796875,-0.0506591796875,-0.0506591796875,1,49,True
+,36,14,36,14,50,50,2,0.01554107666015625,-0.01554107666015625,-0.01554107666015625,1,50,True
+,36,15,36,15,51,51,2,0.00872039794921875,-0.00872039794921875,-0.00872039794921875,1,51,True
+,36,16,36,16,52,52,8,0.013702392578125,-0.013702392578125,-0.013702392578125,1,52,True
+,36,17,36,17,53,53,2,0.006313323974609375,-0.006313323974609375,-0.006313323974609375,1,53,True
+,36,18,36,18,54,54,3,0.018768310546875,-0.018768310546875,-0.018768310546875,1,54,True
+,36,19,36,19,55,55,1,0.049102783203125,-0.049102783203125,-0.049102783203125,1,55,True
+,36,20,36,20,56,56,1,0.01023101806640625,-0.01023101806640625,-0.01023101806640625,1,56,True
+,36,21,36,21,57,57,1,0.0308074951171875,-0.0308074951171875,-0.0308074951171875,1,57,True
+,36,22,36,22,58,58,1,0.0295867919921875,-0.0295867919921875,-0.0295867919921875,1,58,True
+,36,23,36,23,59,59,1,0.023101806640625,-0.023101806640625,-0.023101806640625,1,59,True
+,36,24,36,24,60,60,9,0.0112457275390625,-0.0112457275390625,-0.0112457275390625,1,60,True
+,36,25,36,25,61,61,3,0.0445556640625,-0.0445556640625,-0.0445556640625,1,61,True
+,36,26,36,26,62,62,0,0.023834228515625,-0.023834228515625,-0.023834228515625,1,62,True
+,36,27,36,27,63,63,3,0.0240631103515625,-0.0240631103515625,-0.0240631103515625,1,63,True
+,36,28,36,28,64,64,2,0.009796142578125,-0.009796142578125,-0.009796142578125,1,64,True
+,36,29,36,29,65,65,1,0.049285888671875,-0.049285888671875,-0.049285888671875,1,65,True
+,36,30,36,30,66,66,0,0.022705078125,-0.022705078125,-0.022705078125,1,66,True
+,36,31,36,31,67,67,0,0.08074951171875,-0.08074951171875,-0.08074951171875,1,67,True
+,36,32,36,32,68,68,6,0.0345458984375,-0.0345458984375,-0.0345458984375,1,68,True
+,36,33,36,33,69,69,0,0.04168701171875,-0.04168701171875,-0.04168701171875,1,69,True
+,36,34,36,34,70,70,3,0.0274810791015625,-0.0274810791015625,-0.0274810791015625,1,70,True
+,36,35,36,35,71,71,0,0.009796142578125,-0.009796142578125,-0.009796142578125,1,71,True
+,36,36,36,36,72,72,21,0.02508544921875,-0.02508544921875,-0.02508544921875,1,72,True
+,36,37,36,37,73,73,1,0.01552581787109375,-0.01552581787109375,-0.01552581787109375,1,73,True
+,36,38,36,38,74,74,2,0.06585693359375,-0.06585693359375,-0.06585693359375,1,74,True
+,36,39,36,39,75,75,1,0.0205078125,-0.0205078125,-0.0205078125,1,75,True
+,36,40,36,40,76,76,1,0.00396728515625,-0.00396728515625,-0.00396728515625,1,76,True
+,36,41,36,41,77,77,0,0.016815185546875,-0.016815185546875,-0.016815185546875,1,77,True
+,36,42,36,42,78,78,2,0.047149658203125,-0.047149658203125,-0.047149658203125,1,78,True
+,36,43,36,43,79,79,3,0.0215911865234375,-0.0215911865234375,-0.0215911865234375,1,79,True
+,36,44,36,44,80,80,1,0.84033203125,-0.84033203125,-0.84033203125,1,80,True
+,36,45,36,45,81,81,2,0.0162506103515625,-0.0162506103515625,-0.0162506103515625,1,81,True
+,36,46,36,46,82,82,1,0.2486572265625,-0.2486572265625,-0.2486572265625,1,82,True
+,36,47,36,47,83,83,0,0.1641845703125,-0.1641845703125,-0.1641845703125,1,83,True
+,36,48,36,48,84,84,8,0.06756591796875,-0.06756591796875,-0.06756591796875,1,84,True
+,36,49,36,49,85,85,3,0.11468505859375,-0.11468505859375,-0.11468505859375,1,85,True
+,36,50,36,50,86,86,1,0.183349609375,-0.183349609375,-0.183349609375,1,86,True
+,36,51,36,51,87,87,1,0.0149078369140625,-0.0149078369140625,-0.0149078369140625,1,87,True
+,36,52,36,52,88,88,2,0.17578125,-0.17578125,-0.17578125,1,88,True
+,36,53,36,53,89,89,0,0.53076171875,-0.53076171875,-0.53076171875,1,89,True
+,36,54,36,54,90,90,3,0.2254638671875,-0.2254638671875,-0.2254638671875,1,90,True
+,36,55,36,55,91,91,0,0.03240966796875,-0.03240966796875,-0.03240966796875,1,91,True
+,36,56,36,56,92,92,0,1.12890625,-1.12890625,-1.12890625,1,82,False
+,36,57,36,57,93,93,1,0.0111236572265625,-0.0111236572265625,-0.0111236572265625,1,93,True
+,36,58,36,58,94,94,1,0.08123779296875,-0.08123779296875,-0.08123779296875,1,94,True
+,36,59,36,59,95,95,0,0.03900146484375,-0.03900146484375,-0.03900146484375,1,95,True
+,36,60,36,60,96,96,2,0.0156707763671875,-0.0156707763671875,-0.0156707763671875,1,96,True
+,36,61,36,61,97,97,0,0.0555419921875,-0.0555419921875,-0.0555419921875,1,97,True
+,36,62,36,62,98,98,1,0.1436767578125,-0.1436767578125,-0.1436767578125,1,98,True
+,36,63,36,63,99,99,8,0.0728759765625,-0.0728759765625,-0.0728759765625,1,99,True
+,36,64,36,64,100,100,24,0.245361328125,-0.245361328125,-0.245361328125,1,100,True
+,36,65,36,65,101,101,0,3.39453125,-3.39453125,-3.39453125,1,91,False
+,36,66,36,66,102,102,2,1.2958984375,-1.2958984375,-1.2958984375,1,90,False
+,36,67,36,67,103,103,0,0.5556640625,-0.5556640625,-0.5556640625,1,103,True
+,36,68,36,68,104,104,0,2.373046875,-2.373046875,-2.373046875,1,94,False
+,36,69,36,69,105,105,0,0.947265625,-0.947265625,-0.947265625,1,93,False
+,36,70,36,70,106,106,0,0.92236328125,-0.92236328125,-0.92236328125,1,106,True
+,36,71,36,71,107,107,0,1.84375,-1.84375,-1.84375,1,97,False
+,36,72,36,72,108,108,0,0.8046875,-0.8046875,-0.8046875,1,108,True
+,36,73,36,73,109,109,0,1.212890625,-1.212890625,-1.212890625,1,109,True
+,36,74,36,74,110,110,0,2.564453125,-2.564453125,-2.564453125,1,100,False
+,36,75,36,75,111,111,0,0.422119140625,-0.422119140625,-0.422119140625,1,111,True
+,36,76,36,76,112,112,0,4.17578125,-4.17578125,-4.17578125,1,101,False
+,36,77,36,77,113,113,0,1.7099609375,-1.7099609375,-1.7099609375,1,103,False
+,36,78,36,78,114,114,0,1.162109375,-1.162109375,-1.162109375,1,102,False
+,36,79,36,79,115,115,0,0.9501953125,-0.9501953125,-0.9501953125,1,115,True
+,36,80,36,80,116,116,1,2.349609375,-2.349609375,-2.349609375,1,106,False
+,36,81,36,81,117,117,2,1.5498046875,-1.5498046875,-1.5498046875,1,111,False
+,36,82,36,82,118,118,0,1.3525390625,-1.3525390625,-1.3525390625,1,118,True
+,36,83,36,83,119,119,0,3.62109375,-3.62109375,-3.62109375,1,109,False
+,36,84,36,84,120,120,8,1.759765625,-1.759765625,-1.759765625,1,111,False
+,36,85,36,85,121,121,0,1.2431640625,-1.2431640625,-1.2431640625,1,111,False
+,36,86,36,86,122,122,0,3.080078125,-3.080078125,-3.080078125,1,112,False
+,36,87,36,87,123,123,0,0.8037109375,-0.8037109375,-0.8037109375,1,123,True
+,36,88,36,88,124,124,0,0.3896484375,-0.3896484375,-0.3896484375,1,124,True
+,36,89,36,89,125,125,0,2.76171875,-2.76171875,-2.76171875,1,115,False
+,36,90,36,90,126,126,1,0.389892578125,-0.389892578125,-0.389892578125,1,126,True
+,36,91,36,91,127,127,0,0.57568359375,-0.57568359375,-0.57568359375,1,127,True
+,36,92,36,92,128,128,0,3.7421875,-3.7421875,-3.7421875,1,118,False
+,36,93,36,93,129,129,0,2.4140625,-2.4140625,-2.4140625,1,117,False
+,36,94,36,94,130,130,1,2.373046875,-2.373046875,-2.373046875,1,122,False
+,36,95,36,95,131,131,0,1.900390625,-1.900390625,-1.900390625,1,121,False
+,36,96,36,96,132,132,0,3.35546875,-3.35546875,-3.35546875,1,111,False
+,36,97,36,97,133,133,0,0.99072265625,-0.99072265625,-0.99072265625,1,113,False
+,36,98,36,98,134,134,0,1.2373046875,-1.2373046875,-1.2373046875,1,124,False
+,36,99,36,99,135,135,0,0.476318359375,-0.476318359375,-0.476318359375,1,135,True
+,37,10,37,10,47,47,1,0.0135345458984375,-0.0135345458984375,-0.0135345458984375,1,47,True
+,37,11,37,11,48,48,4,0.0071258544921875,-0.0071258544921875,-0.0071258544921875,1,48,True
+,37,12,37,12,49,49,4,0.00713348388671875,-0.00713348388671875,-0.00713348388671875,1,49,True
+,37,13,37,13,50,50,2,0.0059356689453125,-0.0059356689453125,-0.0059356689453125,1,50,True
+,37,14,37,14,51,51,0,0.048126220703125,-0.048126220703125,-0.048126220703125,1,51,True
+,37,15,37,15,52,52,1,0.01080322265625,-0.01080322265625,-0.01080322265625,1,52,True
+,37,16,37,16,53,53,1,0.0265350341796875,-0.0265350341796875,-0.0265350341796875,1,53,True
+,37,17,37,17,54,54,2,0.0226593017578125,-0.0226593017578125,-0.0226593017578125,1,54,True
+,37,18,37,18,55,55,1,0.0114593505859375,-0.0114593505859375,-0.0114593505859375,1,55,True
+,37,19,37,19,56,56,0,0.06817626953125,-0.06817626953125,-0.06817626953125,1,56,True
+,37,20,37,20,57,57,2,0.0228424072265625,-0.0228424072265625,-0.0228424072265625,1,57,True
+,37,21,37,21,58,58,0,0.00927734375,-0.00927734375,-0.00927734375,1,58,True
+,37,22,37,22,59,59,0,0.0479736328125,-0.0479736328125,-0.0479736328125,1,59,True
+,37,23,37,23,60,60,0,0.0216064453125,-0.0216064453125,-0.0216064453125,1,60,True
+,37,24,37,24,61,61,3,0.08062744140625,-0.08062744140625,-0.08062744140625,1,61,True
+,37,25,37,25,62,62,0,0.033203125,-0.033203125,-0.033203125,1,62,True
+,37,26,37,26,63,63,0,0.01264190673828125,-0.01264190673828125,-0.01264190673828125,1,63,True
+,37,27,37,27,64,64,1,0.05615234375,-0.05615234375,-0.05615234375,1,64,True
+,37,28,37,28,65,65,2,0.29443359375,-0.29443359375,-0.29443359375,1,65,True
+,37,29,37,29,66,66,1,0.01441192626953125,-0.01441192626953125,-0.01441192626953125,1,66,True
+,37,30,37,30,67,67,1,0.07598876953125,-0.07598876953125,-0.07598876953125,1,67,True
+,37,31,37,31,68,68,0,0.09222412109375,-0.09222412109375,-0.09222412109375,1,68,True
+,37,32,37,32,69,69,2,0.01248931884765625,-0.01248931884765625,-0.01248931884765625,1,69,True
+,37,33,37,33,70,70,0,0.009735107421875,-0.009735107421875,-0.009735107421875,1,70,True
+,37,34,37,34,71,71,1,0.06201171875,-0.06201171875,-0.06201171875,1,71,True
+,37,35,37,35,72,72,1,0.056976318359375,-0.056976318359375,-0.056976318359375,1,72,True
+,37,36,37,36,73,73,1,0.00836944580078125,-0.00836944580078125,-0.00836944580078125,1,73,True
+,37,37,37,37,74,74,1,0.1480712890625,-0.1480712890625,-0.1480712890625,1,74,True
+,37,38,37,38,75,75,2,0.049285888671875,-0.049285888671875,-0.049285888671875,1,75,True
+,37,39,37,39,76,76,0,0.04107666015625,-0.04107666015625,-0.04107666015625,1,76,True
+,37,40,37,40,77,77,0,0.03802490234375,-0.03802490234375,-0.03802490234375,1,77,True
+,37,41,37,41,78,78,0,0.05047607421875,-0.05047607421875,-0.05047607421875,1,78,True
+,37,42,37,42,79,79,1,0.008941650390625,-0.008941650390625,-0.008941650390625,1,79,True
+,37,43,37,43,80,80,0,0.61865234375,-0.61865234375,-0.61865234375,1,80,True
+,37,44,37,44,81,81,0,0.1444091796875,-0.1444091796875,-0.1444091796875,1,81,True
+,37,45,37,45,82,82,0,0.11444091796875,-0.11444091796875,-0.11444091796875,1,82,True
+,37,46,37,46,83,83,0,0.93408203125,-0.93408203125,-0.93408203125,1,73,False
+,37,47,37,47,84,84,0,1.095703125,-1.095703125,-1.095703125,1,74,False
+,37,48,37,48,85,85,2,0.098388671875,-0.098388671875,-0.098388671875,1,85,True
+,37,49,37,49,86,86,2,1.3330078125,-1.3330078125,-1.3330078125,1,76,False
+,37,50,37,50,87,87,0,0.2120361328125,-0.2120361328125,-0.2120361328125,1,87,True
+,37,51,37,51,88,88,0,0.1658935546875,-0.1658935546875,-0.1658935546875,1,88,True
+,37,52,37,52,89,89,0,1.271484375,-1.271484375,-1.271484375,1,79,False
+,37,53,37,53,90,90,0,2.0234375,-2.0234375,-2.0234375,1,80,False
+,37,54,37,54,91,91,0,0.42236328125,-0.42236328125,-0.42236328125,1,91,True
+,37,55,37,55,92,92,0,0.336181640625,-0.336181640625,-0.336181640625,1,92,True
+,37,56,37,56,93,93,0,0.27587890625,-0.27587890625,-0.27587890625,1,93,True
+,37,57,37,57,94,94,0,0.330078125,-0.330078125,-0.330078125,1,94,True
+,37,58,37,58,95,95,0,0.48779296875,-0.48779296875,-0.48779296875,1,95,True
+,37,59,37,59,96,96,0,0.08917236328125,-0.08917236328125,-0.08917236328125,1,96,True
+,37,60,37,60,97,97,0,0.0233306884765625,-0.0233306884765625,-0.0233306884765625,1,97,True
+,37,61,37,61,98,98,0,0.320556640625,-0.320556640625,-0.320556640625,1,98,True
+,37,62,37,62,99,99,1,0.10784912109375,-0.10784912109375,-0.10784912109375,1,99,True
+,37,63,37,63,100,100,0,0.1689453125,-0.1689453125,-0.1689453125,1,100,True
+,37,64,37,64,101,101,0,1.1123046875,-1.1123046875,-1.1123046875,1,91,False
+,37,65,37,65,102,102,0,1.873046875,-1.873046875,-1.873046875,1,92,False
+,37,66,37,66,103,103,0,2.26953125,-2.26953125,-2.26953125,1,93,False
+,37,67,37,67,104,104,0,2.57421875,-2.57421875,-2.57421875,1,94,False
+,37,68,37,68,105,105,0,3.60546875,-3.60546875,-3.60546875,1,95,False
+,37,69,37,69,106,106,0,1.052734375,-1.052734375,-1.052734375,1,106,True
+,37,70,37,70,107,107,0,3.96875,-3.96875,-3.96875,1,97,False
+,37,71,37,71,108,108,0,1.3798828125,-1.3798828125,-1.3798828125,1,98,False
+,37,72,37,72,109,109,0,1.71484375,-1.71484375,-1.71484375,1,99,False
+,37,73,37,73,110,110,1,2.572265625,-2.572265625,-2.572265625,1,100,False
+,37,74,37,74,111,111,0,1.607421875,-1.607421875,-1.607421875,1,101,False
+,37,75,37,75,112,112,0,0.56591796875,-0.56591796875,-0.56591796875,1,112,True
+,37,76,37,76,113,113,0,1.958984375,-1.958984375,-1.958984375,1,103,False
+,37,77,37,77,114,114,0,0.90869140625,-0.90869140625,-0.90869140625,1,114,True
+,37,78,37,78,115,115,0,1.185546875,-1.185546875,-1.185546875,1,115,True
+,37,79,37,79,116,116,0,1.751953125,-1.751953125,-1.751953125,1,106,False
+,37,80,37,80,117,117,0,1.8623046875,-1.8623046875,-1.8623046875,1,107,False
+,37,81,37,81,118,118,0,0.5556640625,-0.5556640625,-0.5556640625,1,118,True
+,37,82,37,82,119,119,0,5.015625,-5.015625,-5.015625,1,109,False
+,37,83,37,83,120,120,0,1.373046875,-1.373046875,-1.373046875,1,110,False
+,37,84,37,84,121,121,0,0.377197265625,-0.377197265625,-0.377197265625,1,121,True
+,37,85,37,85,122,122,0,1.8935546875,-1.8935546875,-1.8935546875,1,112,False
+,37,86,37,86,123,123,0,2.98046875,-2.98046875,-2.98046875,1,113,False
+,37,87,37,87,124,124,0,0.9365234375,-0.9365234375,-0.9365234375,1,124,True
+,37,88,37,88,125,125,0,1.353515625,-1.353515625,-1.353515625,1,115,False
+,37,89,37,89,126,126,0,0.67138671875,-0.67138671875,-0.67138671875,1,126,True
+,37,90,37,90,127,127,0,0.7177734375,-0.7177734375,-0.7177734375,1,127,True
+,37,91,37,91,128,128,0,1.6279296875,-1.6279296875,-1.6279296875,1,118,False
+,37,92,37,92,129,129,0,3.501953125,-3.501953125,-3.501953125,1,119,False
+,37,93,37,93,130,130,0,2.033203125,-2.033203125,-2.033203125,1,120,False
+,37,94,37,94,131,131,0,3.64453125,-3.64453125,-3.64453125,1,121,False
+,37,95,37,95,132,132,0,3.431640625,-3.431640625,-3.431640625,1,122,False
+,37,96,37,96,133,133,0,3.005859375,-3.005859375,-3.005859375,1,113,False
+,37,97,37,97,134,134,0,3.861328125,-3.861328125,-3.861328125,1,124,False
+,37,98,37,98,135,135,0,1.5234375,-1.5234375,-1.5234375,1,125,False
+,37,99,37,99,136,136,0,0.84912109375,-0.84912109375,-0.84912109375,1,136,True
+,38,10,38,10,48,48,3,0.00824737548828125,-0.00824737548828125,-0.00824737548828125,1,48,True
+,38,11,38,11,49,49,2,0.0267791748046875,-0.0267791748046875,-0.0267791748046875,1,49,True
+,38,12,38,12,50,50,0,0.01480865478515625,-0.01480865478515625,-0.01480865478515625,1,50,True
+,38,13,38,13,51,51,0,0.00829315185546875,-0.00829315185546875,-0.00829315185546875,1,51,True
+,38,14,38,14,52,52,2,0.150146484375,-0.150146484375,-0.150146484375,1,52,True
+,38,15,38,15,53,53,0,0.0232696533203125,-0.0232696533203125,-0.0232696533203125,1,53,True
+,38,16,38,16,54,54,1,0.0165252685546875,-0.0165252685546875,-0.0165252685546875,1,54,True
+,38,17,38,17,55,55,2,0.0447998046875,-0.0447998046875,-0.0447998046875,1,55,True
+,38,18,38,18,56,56,0,0.0296478271484375,-0.0296478271484375,-0.0296478271484375,1,56,True
+,38,19,38,19,57,57,2,0.039093017578125,-0.039093017578125,-0.039093017578125,1,57,True
+,38,20,38,20,58,58,3,0.01806640625,-0.01806640625,-0.01806640625,1,58,True
+,38,21,38,21,59,59,0,0.044647216796875,-0.044647216796875,-0.044647216796875,1,59,True
+,38,22,38,22,60,60,0,0.0194854736328125,-0.0194854736328125,-0.0194854736328125,1,60,True
+,38,23,38,23,61,61,1,0.061370849609375,-0.061370849609375,-0.061370849609375,1,61,True
+,38,24,38,24,62,62,2,0.03643798828125,-0.03643798828125,-0.03643798828125,1,62,True
+,38,25,38,25,63,63,3,0.047882080078125,-0.047882080078125,-0.047882080078125,1,63,True
+,38,26,38,26,64,64,1,0.1688232421875,-0.1688232421875,-0.1688232421875,1,64,True
+,38,27,38,27,65,65,0,0.047576904296875,-0.047576904296875,-0.047576904296875,1,65,True
+,38,28,38,28,66,66,1,0.0308837890625,-0.0308837890625,-0.0308837890625,1,66,True
+,38,29,38,29,67,67,0,0.10284423828125,-0.10284423828125,-0.10284423828125,1,67,True
+,38,30,38,30,68,68,1,0.0188751220703125,-0.0188751220703125,-0.0188751220703125,1,68,True
+,38,31,38,31,69,69,2,0.222900390625,-0.222900390625,-0.222900390625,1,69,True
+,38,32,38,32,70,70,3,0.03955078125,-0.03955078125,-0.03955078125,1,70,True
+,38,33,38,33,71,71,0,0.058685302734375,-0.058685302734375,-0.058685302734375,1,71,True
+,38,34,38,34,72,72,1,0.10211181640625,-0.10211181640625,-0.10211181640625,1,72,True
+,38,35,38,35,73,73,1,0.07275390625,-0.07275390625,-0.07275390625,1,73,True
+,38,36,38,36,74,74,1,0.025360107421875,-0.025360107421875,-0.025360107421875,1,74,True
+,38,37,38,37,75,75,0,0.00676727294921875,-0.00676727294921875,-0.00676727294921875,1,75,True
+,38,38,38,38,76,76,1,0.156982421875,-0.156982421875,-0.156982421875,1,76,True
+,38,39,38,39,77,77,1,0.022705078125,-0.022705078125,-0.022705078125,1,77,True
+,38,40,38,40,78,78,0,0.02886962890625,-0.02886962890625,-0.02886962890625,1,78,True
+,38,41,38,41,79,79,0,0.040008544921875,-0.040008544921875,-0.040008544921875,1,79,True
+,38,42,38,42,80,80,1,0.345703125,-0.345703125,-0.345703125,1,80,True
+,38,43,38,43,81,81,0,0.219482421875,-0.219482421875,-0.219482421875,1,81,True
+,38,44,38,44,82,82,0,0.259765625,-0.259765625,-0.259765625,1,82,True
+,38,45,38,45,83,83,0,0.415771484375,-0.415771484375,-0.415771484375,1,83,True
+,38,46,38,46,84,84,0,0.984375,-0.984375,-0.984375,1,74,False
+,38,47,38,47,85,85,0,0.7998046875,-0.7998046875,-0.7998046875,1,75,False
+,38,48,38,48,86,86,2,0.063232421875,-0.063232421875,-0.063232421875,1,86,True
+,38,49,38,49,87,87,0,0.69140625,-0.69140625,-0.69140625,1,87,True
+,38,50,38,50,88,88,1,1.1787109375,-1.1787109375,-1.1787109375,1,78,False
+,38,51,38,51,89,89,0,0.40673828125,-0.40673828125,-0.40673828125,1,89,True
+,38,52,38,52,90,90,0,0.8544921875,-0.8544921875,-0.8544921875,1,90,True
+,38,53,38,53,91,91,3,1.9970703125,-1.9970703125,-1.9970703125,1,81,False
+,38,54,38,54,92,92,1,2.248046875,-2.248046875,-2.248046875,1,82,False
+,38,55,38,55,93,93,0,0.32275390625,-0.32275390625,-0.32275390625,1,93,True
+,38,56,38,56,94,94,0,1.2998046875,-1.2998046875,-1.2998046875,1,84,False
+,38,57,38,57,95,95,0,1.3271484375,-1.3271484375,-1.3271484375,1,85,False
+,38,58,38,58,96,96,0,1.46875,-1.46875,-1.46875,1,86,False
+,38,59,38,59,97,97,0,1.119140625,-1.119140625,-1.119140625,1,87,False
+,38,60,38,60,98,98,0,0.1231689453125,-0.1231689453125,-0.1231689453125,1,98,True
+,38,61,38,61,99,99,0,0.1839599609375,-0.1839599609375,-0.1839599609375,1,99,True
+,38,62,38,62,100,100,1,0.50390625,-0.50390625,-0.50390625,1,100,True
+,38,63,38,63,101,101,0,0.5927734375,-0.5927734375,-0.5927734375,1,101,True
+,38,64,38,64,102,102,0,0.496826171875,-0.496826171875,-0.496826171875,1,102,True
+,38,65,38,65,103,103,0,3.427734375,-3.427734375,-3.427734375,1,93,False
+,38,66,38,66,104,104,1,3.7734375,-3.7734375,-3.7734375,1,94,False
+,38,67,38,67,105,105,0,3.486328125,-3.486328125,-3.486328125,1,95,False
+,38,68,38,68,106,106,0,2.0078125,-2.0078125,-2.0078125,1,96,False
+,38,69,38,69,107,107,0,2.978515625,-2.978515625,-2.978515625,1,97,False
+,38,70,38,70,108,108,0,3.169921875,-3.169921875,-3.169921875,1,98,False
+,38,71,38,71,109,109,0,3.474609375,-3.474609375,-3.474609375,1,99,False
+,38,72,38,72,110,110,0,1.646484375,-1.646484375,-1.646484375,1,100,False
+,38,73,38,73,111,111,0,1.43359375,-1.43359375,-1.43359375,1,101,False
+,38,74,38,74,112,112,0,2.544921875,-2.544921875,-2.544921875,1,102,False
+,38,75,38,75,113,113,0,2.126953125,-2.126953125,-2.126953125,1,103,False
+,38,76,38,76,114,114,0,0.95361328125,-0.95361328125,-0.95361328125,1,114,True
+,38,77,38,77,115,115,1,0.92236328125,-0.92236328125,-0.92236328125,1,105,False
+,38,78,38,78,116,116,0,2.23828125,-2.23828125,-2.23828125,1,106,False
+,38,79,38,79,117,117,0,1.4228515625,-1.4228515625,-1.4228515625,1,107,False
+,38,80,38,80,118,118,0,0.52783203125,-0.52783203125,-0.52783203125,1,118,True
+,38,81,38,81,119,119,0,3.30859375,-3.30859375,-3.30859375,1,109,False
+,38,82,38,82,120,120,0,2.62109375,-2.62109375,-2.62109375,1,110,False
+,38,83,38,83,121,121,2,1.6904296875,-1.6904296875,-1.6904296875,1,111,False
+,38,84,38,84,122,122,0,0.1650390625,-0.1650390625,-0.1650390625,1,122,True
+,38,85,38,85,123,123,1,1.7119140625,-1.7119140625,-1.7119140625,1,113,False
+,38,86,38,86,124,124,0,3.05859375,-3.05859375,-3.05859375,1,114,False
+,38,87,38,87,125,125,0,3.23828125,-3.23828125,-3.23828125,1,115,False
+,38,88,38,88,126,126,0,0.51953125,-0.51953125,-0.51953125,1,126,True
+,38,89,38,89,127,127,0,1.517578125,-1.517578125,-1.517578125,1,117,False
+,38,90,38,90,128,128,0,2.70703125,-2.70703125,-2.70703125,1,118,False
+,38,91,38,91,129,129,0,0.923828125,-0.923828125,-0.923828125,1,119,False
+,38,92,38,92,130,130,0,3.490234375,-3.490234375,-3.490234375,1,121,False
+,38,93,38,93,131,131,0,2.8984375,-2.8984375,-2.8984375,1,121,False
+,38,94,38,94,132,132,0,3.38671875,-3.38671875,-3.38671875,1,122,False
+,38,95,38,95,133,133,0,3.439453125,-3.439453125,-3.439453125,1,123,False
+,38,96,38,96,134,134,0,1.8564453125,-1.8564453125,-1.8564453125,1,114,False
+,38,97,38,97,135,135,0,1.6279296875,-1.6279296875,-1.6279296875,1,115,False
+,38,98,38,98,136,136,0,1.9111328125,-1.9111328125,-1.9111328125,1,126,False
+,38,99,38,99,137,137,0,1.7958984375,-1.7958984375,-1.7958984375,1,127,False
+,39,10,39,10,49,49,1,0.004863739013671875,-0.004863739013671875,-0.004863739013671875,1,49,True
+,39,11,39,11,50,50,0,0.01200103759765625,-0.01200103759765625,-0.01200103759765625,1,50,True
+,39,12,39,12,51,51,3,0.01058197021484375,-0.01058197021484375,-0.01058197021484375,1,51,True
+,39,13,39,13,52,52,1,0.0033702850341796875,-0.0033702850341796875,-0.0033702850341796875,1,52,True
+,39,14,39,14,53,53,1,0.008270263671875,-0.008270263671875,-0.008270263671875,1,53,True
+,39,15,39,15,54,54,5,0.011383056640625,-0.011383056640625,-0.011383056640625,1,54,True
+,39,16,39,16,55,55,2,0.0518798828125,-0.0518798828125,-0.0518798828125,1,55,True
+,39,17,39,17,56,56,2,0.0255279541015625,-0.0255279541015625,-0.0255279541015625,1,56,True
+,39,18,39,18,57,57,1,0.033447265625,-0.033447265625,-0.033447265625,1,57,True
+,39,19,39,19,58,58,0,0.05975341796875,-0.05975341796875,-0.05975341796875,1,58,True
+,39,20,39,20,59,59,0,0.042144775390625,-0.042144775390625,-0.042144775390625,1,59,True
+,39,21,39,21,60,60,1,0.042236328125,-0.042236328125,-0.042236328125,1,60,True
+,39,22,39,22,61,61,0,0.052154541015625,-0.052154541015625,-0.052154541015625,1,61,True
+,39,23,39,23,62,62,0,0.0138702392578125,-0.0138702392578125,-0.0138702392578125,1,62,True
+,39,24,39,24,63,63,0,0.0200042724609375,-0.0200042724609375,-0.0200042724609375,1,63,True
+,39,25,39,25,64,64,8,0.1522216796875,-0.1522216796875,-0.1522216796875,1,64,True
+,39,26,39,26,65,65,2,0.14306640625,-0.14306640625,-0.14306640625,1,65,True
+,39,27,39,27,66,66,1,0.03857421875,-0.03857421875,-0.03857421875,1,66,True
+,39,28,39,28,67,67,0,0.15234375,-0.15234375,-0.15234375,1,67,True
+,39,29,39,29,68,68,0,0.0740966796875,-0.0740966796875,-0.0740966796875,1,68,True
+,39,30,39,30,69,69,1,0.03515625,-0.03515625,-0.03515625,1,69,True
+,39,31,39,31,70,70,0,0.1190185546875,-0.1190185546875,-0.1190185546875,1,70,True
+,39,32,39,32,71,71,0,0.05401611328125,-0.05401611328125,-0.05401611328125,1,71,True
+,39,33,39,33,72,72,0,0.024749755859375,-0.024749755859375,-0.024749755859375,1,72,True
+,39,34,39,34,73,73,3,0.037322998046875,-0.037322998046875,-0.037322998046875,1,73,True
+,39,35,39,35,74,74,0,0.0301971435546875,-0.0301971435546875,-0.0301971435546875,1,74,True
+,39,36,39,36,75,75,3,0.01641845703125,-0.01641845703125,-0.01641845703125,1,75,True
+,39,37,39,37,76,76,0,0.01324462890625,-0.01324462890625,-0.01324462890625,1,76,True
+,39,38,39,38,77,77,0,0.01074981689453125,-0.01074981689453125,-0.01074981689453125,1,77,True
+,39,39,39,39,78,78,4,0.2236328125,-0.2236328125,-0.2236328125,1,78,True
+,39,40,39,40,79,79,0,0.013397216796875,-0.013397216796875,-0.013397216796875,1,79,True
+,39,41,39,41,80,80,0,0.18017578125,-0.18017578125,-0.18017578125,1,80,True
+,39,42,39,42,81,81,0,0.0382080078125,-0.0382080078125,-0.0382080078125,1,81,True
+,39,43,39,43,82,82,1,0.0546875,-0.0546875,-0.0546875,1,82,True
+,39,44,39,44,83,83,0,0.263671875,-0.263671875,-0.263671875,1,83,True
+,39,45,39,45,84,84,0,0.07232666015625,-0.07232666015625,-0.07232666015625,1,84,True
+,39,46,39,46,85,85,0,0.256591796875,-0.256591796875,-0.256591796875,1,85,True
+,39,47,39,47,86,86,0,1.59375,-1.59375,-1.59375,1,76,False
+,39,48,39,48,87,87,0,0.08099365234375,-0.08099365234375,-0.08099365234375,1,87,True
+,39,49,39,49,88,88,1,0.2425537109375,-0.2425537109375,-0.2425537109375,1,88,True
+,39,50,39,50,89,89,0,1.248046875,-1.248046875,-1.248046875,1,79,False
+,39,51,39,51,90,90,1,0.49267578125,-0.49267578125,-0.49267578125,1,90,True
+,39,52,39,52,91,91,0,0.76708984375,-0.76708984375,-0.76708984375,1,91,True
+,39,53,39,53,92,92,0,1.3076171875,-1.3076171875,-1.3076171875,1,82,False
+,39,54,39,54,93,93,1,0.51171875,-0.51171875,-0.51171875,1,93,True
+,39,55,39,55,94,94,0,0.6044921875,-0.6044921875,-0.6044921875,1,94,True
+,39,56,39,56,95,95,0,1.951171875,-1.951171875,-1.951171875,1,85,False
+,39,57,39,57,96,96,0,0.28857421875,-0.28857421875,-0.28857421875,1,96,True
+,39,58,39,58,97,97,0,0.9775390625,-0.9775390625,-0.9775390625,1,97,True
+,39,59,39,59,98,98,0,2.2578125,-2.2578125,-2.2578125,1,88,False
+,39,60,39,60,99,99,1,0.1708984375,-0.1708984375,-0.1708984375,1,99,True
+,39,61,39,61,100,100,3,1.2177734375,-1.2177734375,-1.2177734375,1,100,True
+,39,62,39,62,101,101,1,1.94921875,-1.94921875,-1.94921875,1,91,False
+,39,63,39,63,102,102,0,0.4873046875,-0.4873046875,-0.4873046875,1,102,True
+,39,64,39,64,103,103,3,1.609375,-1.609375,-1.609375,1,93,False
+,39,65,39,65,104,104,0,3.681640625,-3.681640625,-3.681640625,1,94,False
+,39,66,39,66,105,105,0,2.505859375,-2.505859375,-2.505859375,1,93,False
+,39,67,39,67,106,106,0,1.5927734375,-1.5927734375,-1.5927734375,1,86,False
+,39,68,39,68,107,107,0,4.23046875,-4.23046875,-4.23046875,1,97,False
+,39,69,39,69,108,108,0,1.001953125,-1.001953125,-1.001953125,1,108,True
+,39,70,39,70,109,109,0,3.615234375,-3.615234375,-3.615234375,1,99,False
+,39,71,39,71,110,110,0,2.416015625,-2.416015625,-2.416015625,1,100,False
+,39,72,39,72,111,111,0,0.5146484375,-0.5146484375,-0.5146484375,1,111,True
+,39,73,39,73,112,112,0,1.4794921875,-1.4794921875,-1.4794921875,1,92,False
+,39,74,39,74,113,113,0,2.1640625,-2.1640625,-2.1640625,1,103,False
+,39,75,39,75,114,114,0,0.83251953125,-0.83251953125,-0.83251953125,1,114,True
+,39,76,39,76,115,115,0,3.10546875,-3.10546875,-3.10546875,1,95,False
+,39,77,39,77,116,116,0,1.478515625,-1.478515625,-1.478515625,1,106,False
+,39,78,39,78,117,117,0,1.1083984375,-1.1083984375,-1.1083984375,1,117,True
+,39,79,39,79,118,118,0,0.53857421875,-0.53857421875,-0.53857421875,1,118,True
+,39,80,39,80,119,119,0,2.7578125,-2.7578125,-2.7578125,1,109,False
+,39,81,39,81,120,120,0,0.350341796875,-0.350341796875,-0.350341796875,1,120,True
+,39,82,39,82,121,121,0,1.197265625,-1.197265625,-1.197265625,1,101,False
+,39,83,39,83,122,122,0,0.8779296875,-0.8779296875,-0.8779296875,1,112,False
+,39,84,39,84,123,123,0,0.693359375,-0.693359375,-0.693359375,1,123,True
+,39,85,39,85,124,124,0,2.705078125,-2.705078125,-2.705078125,1,104,False
+,39,86,39,86,125,125,0,3.57421875,-3.57421875,-3.57421875,1,115,False
+,39,87,39,87,126,126,0,0.2298583984375,-0.2298583984375,-0.2298583984375,1,126,True
+,39,88,39,88,127,127,0,0.5517578125,-0.5517578125,-0.5517578125,1,127,True
+,39,89,39,89,128,128,0,1.552734375,-1.552734375,-1.552734375,1,118,False
+,39,90,39,90,129,129,0,1.466796875,-1.466796875,-1.466796875,1,119,False
+,39,91,39,91,130,130,0,0.9404296875,-0.9404296875,-0.9404296875,1,130,True
+,39,92,39,92,131,131,0,2.794921875,-2.794921875,-2.794921875,1,121,False
+,39,93,39,93,132,132,1,0.60205078125,-0.60205078125,-0.60205078125,1,132,True
+,39,94,39,94,133,133,0,1.36328125,-1.36328125,-1.36328125,1,113,False
+,39,95,39,95,134,134,1,1.54296875,-1.54296875,-1.54296875,1,124,False
+,39,96,39,96,135,135,0,0.69189453125,-0.69189453125,-0.69189453125,1,135,True
+,39,97,39,97,136,136,0,1.431640625,-1.431640625,-1.431640625,1,116,False
+,39,98,39,98,137,137,1,1.078125,-1.078125,-1.078125,1,127,False
+,39,99,39,99,138,138,0,1.412109375,-1.412109375,-1.412109375,1,118,False
+,40,10,40,10,50,50,23,0.015380859375,-0.015380859375,-0.015380859375,1,50,True
+,40,11,40,11,51,51,2,0.07855224609375,-0.07855224609375,-0.07855224609375,1,51,True
+,40,12,40,12,52,52,5,0.0325927734375,-0.0325927734375,-0.0325927734375,1,52,True
+,40,13,40,13,53,53,2,0.03509521484375,-0.03509521484375,-0.03509521484375,1,53,True
+,40,14,40,14,54,54,2,0.0099334716796875,-0.0099334716796875,-0.0099334716796875,1,54,True
+,40,15,40,15,55,55,10,0.039794921875,-0.039794921875,-0.039794921875,1,55,True
+,40,16,40,16,56,56,3,0.01537322998046875,-0.01537322998046875,-0.01537322998046875,1,56,True
+,40,17,40,17,57,57,1,0.06512451171875,-0.06512451171875,-0.06512451171875,1,57,True
+,40,18,40,18,58,58,4,0.0284271240234375,-0.0284271240234375,-0.0284271240234375,1,58,True
+,40,19,40,19,59,59,0,0.154052734375,-0.154052734375,-0.154052734375,1,59,True
+,40,20,40,20,60,60,20,0.122314453125,-0.122314453125,-0.122314453125,1,60,True
+,40,21,40,21,61,61,0,0.035003662109375,-0.035003662109375,-0.035003662109375,1,61,True
+,40,22,40,22,62,62,0,0.05230712890625,-0.05230712890625,-0.05230712890625,1,62,True
+,40,23,40,23,63,63,1,0.032958984375,-0.032958984375,-0.032958984375,1,63,True
+,40,24,40,24,64,64,1,0.0126800537109375,-0.0126800537109375,-0.0126800537109375,1,64,True
+,40,25,40,25,65,65,9,0.07220458984375,-0.07220458984375,-0.07220458984375,1,65,True
+,40,26,40,26,66,66,0,0.018829345703125,-0.018829345703125,-0.018829345703125,1,66,True
+,40,27,40,27,67,67,2,0.642578125,-0.642578125,-0.642578125,1,67,True
+,40,28,40,28,68,68,1,0.2242431640625,-0.2242431640625,-0.2242431640625,1,68,True
+,40,29,40,29,69,69,1,0.317138671875,-0.317138671875,-0.317138671875,1,69,True
+,40,30,40,30,70,70,19,0.022857666015625,-0.022857666015625,-0.022857666015625,1,70,True
+,40,31,40,31,71,71,0,0.1376953125,-0.1376953125,-0.1376953125,1,71,True
+,40,32,40,32,72,72,0,0.0765380859375,-0.0765380859375,-0.0765380859375,1,72,True
+,40,33,40,33,73,73,3,0.0770263671875,-0.0770263671875,-0.0770263671875,1,73,True
+,40,34,40,34,74,74,0,0.01422882080078125,-0.01422882080078125,-0.01422882080078125,1,74,True
+,40,35,40,35,75,75,12,0.012420654296875,-0.012420654296875,-0.012420654296875,1,75,True
+,40,36,40,36,76,76,2,0.0058135986328125,-0.0058135986328125,-0.0058135986328125,1,76,True
+,40,37,40,37,77,77,1,0.017120361328125,-0.017120361328125,-0.017120361328125,1,77,True
+,40,38,40,38,78,78,2,0.023834228515625,-0.023834228515625,-0.023834228515625,1,78,True
+,40,39,40,39,79,79,0,0.0142364501953125,-0.0142364501953125,-0.0142364501953125,1,79,True
+,40,40,40,40,80,80,32,0.0557861328125,-0.0557861328125,-0.0557861328125,1,80,True
+,40,41,40,41,81,81,3,0.00872802734375,-0.00872802734375,-0.00872802734375,1,81,True
+,40,42,40,42,82,82,2,0.09442138671875,-0.09442138671875,-0.09442138671875,1,82,True
+,40,43,40,43,83,83,0,0.25830078125,-0.25830078125,-0.25830078125,1,83,True
+,40,44,40,44,84,84,2,0.0592041015625,-0.0592041015625,-0.0592041015625,1,84,True
+,40,45,40,45,85,85,14,0.0228271484375,-0.0228271484375,-0.0228271484375,1,85,True
+,40,46,40,46,86,86,0,0.07763671875,-0.07763671875,-0.07763671875,1,86,True
+,40,47,40,47,87,87,0,0.2139892578125,-0.2139892578125,-0.2139892578125,1,87,True
+,40,48,40,48,88,88,0,0.069091796875,-0.069091796875,-0.069091796875,1,88,True
+,40,49,40,49,89,89,0,0.341064453125,-0.341064453125,-0.341064453125,1,89,True
+,40,50,40,50,90,90,20,0.09832763671875,-0.09832763671875,-0.09832763671875,1,90,True
+,40,51,40,51,91,91,1,0.18408203125,-0.18408203125,-0.18408203125,1,91,True
+,40,52,40,52,92,92,0,0.32080078125,-0.32080078125,-0.32080078125,1,92,True
+,40,53,40,53,93,93,0,0.300048828125,-0.300048828125,-0.300048828125,1,93,True
+,40,54,40,54,94,94,0,0.281005859375,-0.281005859375,-0.281005859375,1,94,True
+,40,55,40,55,95,95,3,0.37890625,-0.37890625,-0.37890625,1,95,True
+,40,56,40,56,96,96,1,0.478759765625,-0.478759765625,-0.478759765625,1,96,True
+,40,57,40,57,97,97,0,0.469482421875,-0.469482421875,-0.469482421875,1,97,True
+,40,58,40,58,98,98,0,0.492919921875,-0.492919921875,-0.492919921875,1,98,True
+,40,59,40,59,99,99,0,0.374267578125,-0.374267578125,-0.374267578125,1,99,True
+,40,60,40,60,100,100,11,0.149658203125,-0.149658203125,-0.149658203125,1,100,True
+,40,61,40,61,101,101,0,0.66455078125,-0.66455078125,-0.66455078125,1,101,True
+,40,62,40,62,102,102,1,0.37255859375,-0.37255859375,-0.37255859375,1,102,True
+,40,63,40,63,103,103,0,0.7353515625,-0.7353515625,-0.7353515625,1,103,True
+,40,64,40,64,104,104,0,0.583984375,-0.583984375,-0.583984375,1,104,True
+,40,65,40,65,105,105,4,4.1875,-4.1875,-4.1875,1,95,False
+,40,66,40,66,106,106,0,2.7421875,-2.7421875,-2.7421875,1,86,False
+,40,67,40,67,107,107,0,2.37890625,-2.37890625,-2.37890625,1,97,False
+,40,68,40,68,108,108,0,2.375,-2.375,-2.375,1,98,False
+,40,69,40,69,109,109,0,1.92578125,-1.92578125,-1.92578125,1,99,False
+,40,70,40,70,110,110,4,3.208984375,-3.208984375,-3.208984375,1,100,False
+,40,71,40,71,111,111,0,1.2763671875,-1.2763671875,-1.2763671875,1,101,False
+,40,72,40,72,112,112,1,1.1259765625,-1.1259765625,-1.1259765625,1,92,False
+,40,73,40,73,113,113,0,2.3671875,-2.3671875,-2.3671875,1,93,False
+,40,74,40,74,114,114,0,1.869140625,-1.869140625,-1.869140625,1,94,False
+,40,75,40,75,115,115,0,3.16796875,-3.16796875,-3.16796875,1,95,False
+,40,76,40,76,116,116,0,2.05859375,-2.05859375,-2.05859375,1,96,False
+,40,77,40,77,117,117,0,1.8671875,-1.8671875,-1.8671875,1,107,False
+,40,78,40,78,118,118,0,2.6484375,-2.6484375,-2.6484375,1,98,False
+,40,79,40,79,119,119,0,2.080078125,-2.080078125,-2.080078125,1,99,False
+,40,80,40,80,120,120,2,0.73095703125,-0.73095703125,-0.73095703125,1,120,True
+,40,81,40,81,121,121,0,0.58251953125,-0.58251953125,-0.58251953125,1,121,True
+,40,82,40,82,122,122,0,1.048828125,-1.048828125,-1.048828125,1,102,False
+,40,83,40,83,123,123,0,1.470703125,-1.470703125,-1.470703125,1,113,False
+,40,84,40,84,124,124,0,0.7294921875,-0.7294921875,-0.7294921875,1,124,True
+,40,85,40,85,125,125,0,2.5546875,-2.5546875,-2.5546875,1,115,False
+,40,86,40,86,126,126,1,1.6669921875,-1.6669921875,-1.6669921875,1,116,False
+,40,87,40,87,127,127,0,1.0224609375,-1.0224609375,-1.0224609375,1,127,True
+,40,88,40,88,128,128,0,1.03515625,-1.03515625,-1.03515625,1,108,False
+,40,89,40,89,129,129,0,1.072265625,-1.072265625,-1.072265625,1,119,False
+,40,90,40,90,130,130,3,1.599609375,-1.599609375,-1.599609375,1,110,False
+,40,91,40,91,131,131,0,1.546875,-1.546875,-1.546875,1,121,False
+,40,92,40,92,132,132,0,2.587890625,-2.587890625,-2.587890625,1,122,False
+,40,93,40,93,133,133,0,1.1962890625,-1.1962890625,-1.1962890625,1,113,False
+,40,94,40,94,134,134,0,1.0009765625,-1.0009765625,-1.0009765625,1,134,True
+,40,95,40,95,135,135,2,2.359375,-2.359375,-2.359375,1,125,False
+,40,96,40,96,136,136,0,0.96484375,-0.96484375,-0.96484375,1,116,False
+,40,97,40,97,137,137,0,1.6875,-1.6875,-1.6875,1,117,False
+,40,98,40,98,138,138,0,1.1787109375,-1.1787109375,-1.1787109375,1,128,False
+,40,99,40,99,139,139,0,1.4140625,-1.4140625,-1.4140625,1,119,False
+,41,10,41,10,51,51,3,0.00640869140625,-0.00640869140625,-0.00640869140625,1,51,True
+,41,11,41,11,52,52,0,0.039093017578125,-0.039093017578125,-0.039093017578125,1,52,True
+,41,12,41,12,53,53,2,0.052734375,-0.052734375,-0.052734375,1,53,True
+,41,13,41,13,54,54,1,0.031280517578125,-0.031280517578125,-0.031280517578125,1,54,True
+,41,14,41,14,55,55,1,0.0482177734375,-0.0482177734375,-0.0482177734375,1,55,True
+,41,15,41,15,56,56,2,0.022613525390625,-0.022613525390625,-0.022613525390625,1,56,True
+,41,16,41,16,57,57,0,0.03594970703125,-0.03594970703125,-0.03594970703125,1,57,True
+,41,17,41,17,58,58,0,0.06536865234375,-0.06536865234375,-0.06536865234375,1,58,True
+,41,18,41,18,59,59,0,0.0333251953125,-0.0333251953125,-0.0333251953125,1,59,True
+,41,19,41,19,60,60,0,0.5283203125,-0.5283203125,-0.5283203125,1,60,True
+,41,20,41,20,61,61,1,0.1834716796875,-0.1834716796875,-0.1834716796875,1,61,True
+,41,21,41,21,62,62,0,0.0150146484375,-0.0150146484375,-0.0150146484375,1,62,True
+,41,22,41,22,63,63,2,0.2734375,-0.2734375,-0.2734375,1,63,True
+,41,23,41,23,64,64,0,0.07415771484375,-0.07415771484375,-0.07415771484375,1,64,True
+,41,24,41,24,65,65,1,0.0247344970703125,-0.0247344970703125,-0.0247344970703125,1,65,True
+,41,25,41,25,66,66,0,0.03033447265625,-0.03033447265625,-0.03033447265625,1,66,True
+,41,26,41,26,67,67,0,0.09295654296875,-0.09295654296875,-0.09295654296875,1,67,True
+,41,27,41,27,68,68,0,0.1092529296875,-0.1092529296875,-0.1092529296875,1,68,True
+,41,28,41,28,69,69,0,0.2149658203125,-0.2149658203125,-0.2149658203125,1,69,True
+,41,29,41,29,70,70,0,0.0906982421875,-0.0906982421875,-0.0906982421875,1,70,True
+,41,30,41,30,71,71,2,0.01132965087890625,-0.01132965087890625,-0.01132965087890625,1,71,True
+,41,31,41,31,72,72,1,0.036895751953125,-0.036895751953125,-0.036895751953125,1,72,True
+,41,32,41,32,73,73,0,0.04559326171875,-0.04559326171875,-0.04559326171875,1,73,True
+,41,33,41,33,74,74,0,0.045013427734375,-0.045013427734375,-0.045013427734375,1,74,True
+,41,34,41,34,75,75,0,0.0197906494140625,-0.0197906494140625,-0.0197906494140625,1,75,True
+,41,35,41,35,76,76,0,0.01451873779296875,-0.01451873779296875,-0.01451873779296875,1,76,True
+,41,36,41,36,77,77,2,0.0203094482421875,-0.0203094482421875,-0.0203094482421875,1,77,True
+,41,37,41,37,78,78,0,0.06036376953125,-0.06036376953125,-0.06036376953125,1,78,True
+,41,38,41,38,79,79,1,0.029052734375,-0.029052734375,-0.029052734375,1,79,True
+,41,39,41,39,80,80,0,0.06787109375,-0.06787109375,-0.06787109375,1,80,True
+,41,40,41,40,81,81,0,0.01141357421875,-0.01141357421875,-0.01141357421875,1,81,True
+,41,41,41,41,82,82,3,0.1015625,-0.1015625,-0.1015625,1,82,True
+,41,42,41,42,83,83,1,0.330810546875,-0.330810546875,-0.330810546875,1,83,True
+,41,43,41,43,84,84,5,0.12249755859375,-0.12249755859375,-0.12249755859375,1,84,True
+,41,44,41,44,85,85,1,0.2193603515625,-0.2193603515625,-0.2193603515625,1,85,True
+,41,45,41,45,86,86,1,0.042724609375,-0.042724609375,-0.042724609375,1,86,True
+,41,46,41,46,87,87,0,0.11895751953125,-0.11895751953125,-0.11895751953125,1,87,True
+,41,47,41,47,88,88,0,0.5,-0.5,-0.5,1,88,True
+,41,48,41,48,89,89,0,0.08404541015625,-0.08404541015625,-0.08404541015625,1,89,True
+,41,49,41,49,90,90,0,0.1925048828125,-0.1925048828125,-0.1925048828125,1,90,True
+,41,50,41,50,91,91,2,0.360107421875,-0.360107421875,-0.360107421875,1,91,True
+,41,51,41,51,92,92,1,0.2156982421875,-0.2156982421875,-0.2156982421875,1,92,True
+,41,52,41,52,93,93,0,0.1849365234375,-0.1849365234375,-0.1849365234375,1,93,True
+,41,53,41,53,94,94,0,0.40576171875,-0.40576171875,-0.40576171875,1,94,True
+,41,54,41,54,95,95,0,0.226806640625,-0.226806640625,-0.226806640625,1,95,True
+,41,55,41,55,96,96,0,0.1644287109375,-0.1644287109375,-0.1644287109375,1,96,True
+,41,56,41,56,97,97,1,1.466796875,-1.466796875,-1.466796875,1,87,False
+,41,57,41,57,98,98,0,1.3515625,-1.3515625,-1.3515625,1,88,False
+,41,58,41,58,99,99,2,0.11431884765625,-0.11431884765625,-0.11431884765625,1,99,True
+,41,59,41,59,100,100,1,1.1083984375,-1.1083984375,-1.1083984375,1,100,True
+,41,60,41,60,101,101,0,0.771484375,-0.771484375,-0.771484375,1,91,False
+,41,61,41,61,102,102,0,0.5693359375,-0.5693359375,-0.5693359375,1,102,True
+,41,62,41,62,103,103,0,2.955078125,-2.955078125,-2.955078125,1,93,False
+,41,63,41,63,104,104,0,1.3193359375,-1.3193359375,-1.3193359375,1,94,False
+,41,64,41,64,105,105,1,2.9609375,-2.9609375,-2.9609375,1,95,False
+,41,65,41,65,106,106,0,4.19921875,-4.19921875,-4.19921875,1,96,False
+,41,66,41,66,107,107,0,3.03515625,-3.03515625,-3.03515625,1,97,False
+,41,67,41,67,108,108,0,1.4248046875,-1.4248046875,-1.4248046875,1,98,False
+,41,68,41,68,109,109,0,3.595703125,-3.595703125,-3.595703125,1,99,False
+,41,69,41,69,110,110,0,2.564453125,-2.564453125,-2.564453125,1,100,False
+,41,70,41,70,111,111,0,3.08984375,-3.08984375,-3.08984375,1,101,False
+,41,71,41,71,112,112,0,1.2197265625,-1.2197265625,-1.2197265625,1,102,False
+,41,72,41,72,113,113,0,1.4052734375,-1.4052734375,-1.4052734375,1,103,False
+,41,73,41,73,114,114,0,1.6025390625,-1.6025390625,-1.6025390625,1,104,False
+,41,74,41,74,115,115,0,2.453125,-2.453125,-2.453125,1,95,False
+,41,75,41,75,116,116,0,3.54296875,-3.54296875,-3.54296875,1,106,False
+,41,76,41,76,117,117,0,2.5390625,-2.5390625,-2.5390625,1,107,False
+,41,77,41,77,118,118,0,2.91015625,-2.91015625,-2.91015625,1,108,False
+,41,78,41,78,119,119,0,2.857421875,-2.857421875,-2.857421875,1,109,False
+,41,79,41,79,120,120,0,2.173828125,-2.173828125,-2.173828125,1,100,False
+,41,80,41,80,121,121,0,2.53125,-2.53125,-2.53125,1,101,False
+,41,81,41,81,122,122,0,0.86962890625,-0.86962890625,-0.86962890625,1,112,False
+,41,82,41,82,123,123,0,1.7216796875,-1.7216796875,-1.7216796875,1,113,False
+,41,83,41,83,124,124,0,2.51953125,-2.51953125,-2.51953125,1,114,False
+,41,84,41,84,125,125,0,1.5234375,-1.5234375,-1.5234375,1,115,False
+,41,85,41,85,126,126,0,2.00390625,-2.00390625,-2.00390625,1,116,False
+,41,86,41,86,127,127,0,2.390625,-2.390625,-2.390625,1,117,False
+,41,87,41,87,128,128,0,1.884765625,-1.884765625,-1.884765625,1,118,False
+,41,88,41,88,129,129,1,0.7900390625,-0.7900390625,-0.7900390625,1,129,True
+,41,89,41,89,130,130,0,2.091796875,-2.091796875,-2.091796875,1,120,False
+,41,90,41,90,131,131,0,1.9638671875,-1.9638671875,-1.9638671875,1,121,False
+,41,91,41,91,132,132,0,2.51171875,-2.51171875,-2.51171875,1,122,False
+,41,92,41,92,133,133,0,4.3828125,-4.3828125,-4.3828125,1,123,False
+,41,93,41,93,134,134,0,2.03515625,-2.03515625,-2.03515625,1,124,False
+,41,94,41,94,135,135,0,1.8125,-1.8125,-1.8125,1,125,False
+,41,95,41,95,136,136,0,2.669921875,-2.669921875,-2.669921875,1,126,False
+,41,96,41,96,137,137,0,3.1796875,-3.1796875,-3.1796875,1,127,False
+,41,97,41,97,138,138,0,2.390625,-2.390625,-2.390625,1,128,False
+,41,98,41,98,139,139,0,2.2265625,-2.2265625,-2.2265625,1,129,False
+,41,99,41,99,140,140,0,2.193359375,-2.193359375,-2.193359375,1,130,False
+,42,10,42,10,52,52,2,0.04534912109375,-0.04534912109375,-0.04534912109375,1,52,True
+,42,11,42,11,53,53,2,0.041778564453125,-0.041778564453125,-0.041778564453125,1,53,True
+,42,12,42,12,54,54,4,0.042022705078125,-0.042022705078125,-0.042022705078125,1,54,True
+,42,13,42,13,55,55,0,0.2255859375,-0.2255859375,-0.2255859375,1,55,True
+,42,14,42,14,56,56,4,0.062042236328125,-0.062042236328125,-0.062042236328125,1,56,True
+,42,15,42,15,57,57,3,0.0219879150390625,-0.0219879150390625,-0.0219879150390625,1,57,True
+,42,16,42,16,58,58,1,0.0183868408203125,-0.0183868408203125,-0.0183868408203125,1,58,True
+,42,17,42,17,59,59,0,0.039398193359375,-0.039398193359375,-0.039398193359375,1,59,True
+,42,18,42,18,60,60,2,0.048095703125,-0.048095703125,-0.048095703125,1,60,True
+,42,19,42,19,61,61,0,0.39892578125,-0.39892578125,-0.39892578125,1,61,True
+,42,20,42,20,62,62,1,0.1322021484375,-0.1322021484375,-0.1322021484375,1,62,True
+,42,21,42,21,63,63,2,0.03875732421875,-0.03875732421875,-0.03875732421875,1,63,True
+,42,22,42,22,64,64,1,0.427978515625,-0.427978515625,-0.427978515625,1,64,True
+,42,23,42,23,65,65,8,0.06134033203125,-0.06134033203125,-0.06134033203125,1,65,True
+,42,24,42,24,66,66,3,0.01140594482421875,-0.01140594482421875,-0.01140594482421875,1,66,True
+,42,25,42,25,67,67,2,0.2301025390625,-0.2301025390625,-0.2301025390625,1,67,True
+,42,26,42,26,68,68,1,0.073486328125,-0.073486328125,-0.073486328125,1,68,True
+,42,27,42,27,69,69,3,0.031402587890625,-0.031402587890625,-0.031402587890625,1,69,True
+,42,28,42,28,70,70,2,0.0146942138671875,-0.0146942138671875,-0.0146942138671875,1,70,True
+,42,29,42,29,71,71,0,0.033477783203125,-0.033477783203125,-0.033477783203125,1,71,True
+,42,30,42,30,72,72,3,0.01284027099609375,-0.01284027099609375,-0.01284027099609375,1,72,True
+,42,31,42,31,73,73,1,0.054473876953125,-0.054473876953125,-0.054473876953125,1,73,True
+,42,32,42,32,74,74,1,0.1556396484375,-0.1556396484375,-0.1556396484375,1,74,True
+,42,33,42,33,75,75,0,0.167236328125,-0.167236328125,-0.167236328125,1,75,True
+,42,34,42,34,76,76,4,0.0885009765625,-0.0885009765625,-0.0885009765625,1,76,True
+,42,35,42,35,77,77,0,0.06402587890625,-0.06402587890625,-0.06402587890625,1,77,True
+,42,36,42,36,78,78,6,0.0172576904296875,-0.0172576904296875,-0.0172576904296875,1,78,True
+,42,37,42,37,79,79,0,0.006778717041015625,-0.006778717041015625,-0.006778717041015625,1,79,True
+,42,38,42,38,80,80,0,0.0712890625,-0.0712890625,-0.0712890625,1,80,True
+,42,39,42,39,81,81,0,0.010833740234375,-0.010833740234375,-0.010833740234375,1,81,True
+,42,40,42,40,82,82,0,0.026885986328125,-0.026885986328125,-0.026885986328125,1,82,True
+,42,41,42,41,83,83,0,0.01995849609375,-0.01995849609375,-0.01995849609375,1,83,True
+,42,42,42,42,84,84,9,0.04931640625,-0.04931640625,-0.04931640625,1,84,True
+,42,43,42,43,85,85,2,0.0408935546875,-0.0408935546875,-0.0408935546875,1,85,True
+,42,44,42,44,86,86,0,0.055389404296875,-0.055389404296875,-0.055389404296875,1,86,True
+,42,45,42,45,87,87,2,0.02679443359375,-0.02679443359375,-0.02679443359375,1,87,True
+,42,46,42,46,88,88,0,0.109619140625,-0.109619140625,-0.109619140625,1,88,True
+,42,47,42,47,89,89,0,0.174560546875,-0.174560546875,-0.174560546875,1,89,True
+,42,48,42,48,90,90,3,0.053741455078125,-0.053741455078125,-0.053741455078125,1,90,True
+,42,49,42,49,91,91,1,0.05023193359375,-0.05023193359375,-0.05023193359375,1,91,True
+,42,50,42,50,92,92,1,0.246826171875,-0.246826171875,-0.246826171875,1,92,True
+,42,51,42,51,93,93,0,0.09368896484375,-0.09368896484375,-0.09368896484375,1,93,True
+,42,52,42,52,94,94,0,0.57275390625,-0.57275390625,-0.57275390625,1,94,True
+,42,53,42,53,95,95,7,0.52587890625,-0.52587890625,-0.52587890625,1,95,True
+,42,54,42,54,96,96,0,0.365478515625,-0.365478515625,-0.365478515625,1,96,True
+,42,55,42,55,97,97,0,0.57373046875,-0.57373046875,-0.57373046875,1,97,True
+,42,56,42,56,98,98,1,0.63525390625,-0.63525390625,-0.63525390625,1,98,True
+,42,57,42,57,99,99,0,0.340087890625,-0.340087890625,-0.340087890625,1,99,True
+,42,58,42,58,100,100,1,0.0966796875,-0.0966796875,-0.0966796875,1,100,True
+,42,59,42,59,101,101,0,0.461669921875,-0.461669921875,-0.461669921875,1,101,True
+,42,60,42,60,102,102,0,0.0770263671875,-0.0770263671875,-0.0770263671875,1,102,True
+,42,61,42,61,103,103,0,1.3173828125,-1.3173828125,-1.3173828125,1,93,False
+,42,62,42,62,104,104,3,1.703125,-1.703125,-1.703125,1,94,False
+,42,63,42,63,105,105,0,0.74609375,-0.74609375,-0.74609375,1,105,True
+,42,64,42,64,106,106,0,0.5068359375,-0.5068359375,-0.5068359375,1,106,True
+,42,65,42,65,107,107,0,4.328125,-4.328125,-4.328125,1,97,False
+,42,66,42,66,108,108,0,1.177734375,-1.177734375,-1.177734375,1,108,True
+,42,67,42,67,109,109,0,0.61328125,-0.61328125,-0.61328125,1,109,True
+,42,68,42,68,110,110,0,1.70703125,-1.70703125,-1.70703125,1,100,False
+,42,69,42,69,111,111,1,0.1470947265625,-0.1470947265625,-0.1470947265625,1,111,True
+,42,70,42,70,112,112,1,3.23046875,-3.23046875,-3.23046875,1,92,False
+,42,71,42,71,113,113,0,0.7392578125,-0.7392578125,-0.7392578125,1,113,True
+,42,72,42,72,114,114,0,1.625,-1.625,-1.625,1,102,False
+,42,73,42,73,115,115,0,2.4453125,-2.4453125,-2.4453125,1,95,False
+,42,74,42,74,116,116,0,2.755859375,-2.755859375,-2.755859375,1,106,False
+,42,75,42,75,117,117,0,2.8984375,-2.8984375,-2.8984375,1,97,False
+,42,76,42,76,118,118,0,2.931640625,-2.931640625,-2.931640625,1,98,False
+,42,77,42,77,119,119,1,2.529296875,-2.529296875,-2.529296875,1,109,False
+,42,78,42,78,120,120,0,2.79296875,-2.79296875,-2.79296875,1,100,False
+,42,79,42,79,121,121,0,1.119140625,-1.119140625,-1.119140625,1,101,False
+,42,80,42,80,122,122,0,0.9169921875,-0.9169921875,-0.9169921875,1,122,True
+,42,81,42,81,123,123,0,0.71728515625,-0.71728515625,-0.71728515625,1,123,True
+,42,82,42,82,124,124,0,2.380859375,-2.380859375,-2.380859375,1,104,False
+,42,83,42,83,125,125,0,2.216796875,-2.216796875,-2.216796875,1,115,False
+,42,84,42,84,126,126,0,0.55419921875,-0.55419921875,-0.55419921875,1,126,True
+,42,85,42,85,127,127,0,1.3916015625,-1.3916015625,-1.3916015625,1,107,False
+,42,86,42,86,128,128,0,2.51953125,-2.51953125,-2.51953125,1,118,False
+,42,87,42,87,129,129,0,1.1494140625,-1.1494140625,-1.1494140625,1,129,True
+,42,88,42,88,130,130,0,1.111328125,-1.111328125,-1.111328125,1,110,False
+,42,89,42,89,131,131,0,1.6533203125,-1.6533203125,-1.6533203125,1,121,False
+,42,90,42,90,132,132,0,2.103515625,-2.103515625,-2.103515625,1,112,False
+,42,91,42,91,133,133,0,2.794921875,-2.794921875,-2.794921875,1,113,False
+,42,92,42,92,134,134,0,2.955078125,-2.955078125,-2.955078125,1,114,False
+,42,93,42,93,135,135,0,1.59375,-1.59375,-1.59375,1,115,False
+,42,94,42,94,136,136,0,1.8662109375,-1.8662109375,-1.8662109375,1,116,False
+,42,95,42,95,137,137,0,2.970703125,-2.970703125,-2.970703125,1,127,False
+,42,96,42,96,138,138,0,1.5400390625,-1.5400390625,-1.5400390625,1,118,False
+,42,97,42,97,139,139,0,3.228515625,-3.228515625,-3.228515625,1,119,False
+,42,98,42,98,140,140,0,2.349609375,-2.349609375,-2.349609375,1,130,False
+,42,99,42,99,141,141,0,0.498291015625,-0.498291015625,-0.498291015625,1,141,True
+,43,10,43,10,53,53,1,0.028228759765625,-0.028228759765625,-0.028228759765625,1,53,True
+,43,11,43,11,54,54,1,0.035186767578125,-0.035186767578125,-0.035186767578125,1,54,True
+,43,12,43,12,55,55,0,0.05084228515625,-0.05084228515625,-0.05084228515625,1,55,True
+,43,13,43,13,56,56,0,0.0777587890625,-0.0777587890625,-0.0777587890625,1,56,True
+,43,14,43,14,57,57,0,0.032562255859375,-0.032562255859375,-0.032562255859375,1,57,True
+,43,15,43,15,58,58,1,0.02960205078125,-0.02960205078125,-0.02960205078125,1,58,True
+,43,16,43,16,59,59,0,0.16455078125,-0.16455078125,-0.16455078125,1,59,True
+,43,17,43,17,60,60,0,0.1060791015625,-0.1060791015625,-0.1060791015625,1,60,True
+,43,18,43,18,61,61,0,0.03656005859375,-0.03656005859375,-0.03656005859375,1,61,True
+,43,19,43,19,62,62,0,0.5712890625,-0.5712890625,-0.5712890625,1,62,True
+,43,20,43,20,63,63,2,0.2919921875,-0.2919921875,-0.2919921875,1,63,True
+,43,21,43,21,64,64,1,0.228759765625,-0.228759765625,-0.228759765625,1,64,True
+,43,22,43,22,65,65,5,0.466796875,-0.466796875,-0.466796875,1,65,True
+,43,23,43,23,66,66,1,0.04498291015625,-0.04498291015625,-0.04498291015625,1,66,True
+,43,24,43,24,67,67,1,0.06671142578125,-0.06671142578125,-0.06671142578125,1,67,True
+,43,25,43,25,68,68,0,0.145263671875,-0.145263671875,-0.145263671875,1,68,True
+,43,26,43,26,69,69,0,0.11114501953125,-0.11114501953125,-0.11114501953125,1,69,True
+,43,27,43,27,70,70,0,0.1077880859375,-0.1077880859375,-0.1077880859375,1,70,True
+,43,28,43,28,71,71,1,0.1761474609375,-0.1761474609375,-0.1761474609375,1,71,True
+,43,29,43,29,72,72,0,0.027099609375,-0.027099609375,-0.027099609375,1,72,True
+,43,30,43,30,73,73,1,0.083984375,-0.083984375,-0.083984375,1,73,True
+,43,31,43,31,74,74,0,0.09393310546875,-0.09393310546875,-0.09393310546875,1,74,True
+,43,32,43,32,75,75,0,0.0977783203125,-0.0977783203125,-0.0977783203125,1,75,True
+,43,33,43,33,76,76,1,0.45556640625,-0.45556640625,-0.45556640625,1,76,True
+,43,34,43,34,77,77,1,0.061279296875,-0.061279296875,-0.061279296875,1,77,True
+,43,35,43,35,78,78,0,0.1119384765625,-0.1119384765625,-0.1119384765625,1,78,True
+,43,36,43,36,79,79,1,0.049468994140625,-0.049468994140625,-0.049468994140625,1,79,True
+,43,37,43,37,80,80,0,0.037200927734375,-0.037200927734375,-0.037200927734375,1,80,True
+,43,38,43,38,81,81,1,0.01309967041015625,-0.01309967041015625,-0.01309967041015625,1,81,True
+,43,39,43,39,82,82,0,0.047210693359375,-0.047210693359375,-0.047210693359375,1,82,True
+,43,40,43,40,83,83,1,0.09112548828125,-0.09112548828125,-0.09112548828125,1,83,True
+,43,41,43,41,84,84,5,0.0560302734375,-0.0560302734375,-0.0560302734375,1,84,True
+,43,42,43,42,85,85,1,0.03936767578125,-0.03936767578125,-0.03936767578125,1,85,True
+,43,43,43,43,86,86,1,0.10015869140625,-0.10015869140625,-0.10015869140625,1,86,True
+,43,44,43,44,87,87,1,0.07464599609375,-0.07464599609375,-0.07464599609375,1,87,True
+,43,45,43,45,88,88,1,0.0260772705078125,-0.0260772705078125,-0.0260772705078125,1,88,True
+,43,46,43,46,89,89,0,0.1334228515625,-0.1334228515625,-0.1334228515625,1,89,True
+,43,47,43,47,90,90,0,0.1427001953125,-0.1427001953125,-0.1427001953125,1,90,True
+,43,48,43,48,91,91,0,0.0288238525390625,-0.0288238525390625,-0.0288238525390625,1,91,True
+,43,49,43,49,92,92,0,0.144287109375,-0.144287109375,-0.144287109375,1,92,True
+,43,50,43,50,93,93,0,0.02789306640625,-0.02789306640625,-0.02789306640625,1,93,True
+,43,51,43,51,94,94,0,0.0992431640625,-0.0992431640625,-0.0992431640625,1,94,True
+,43,52,43,52,95,95,1,1.2646484375,-1.2646484375,-1.2646484375,1,95,True
+,43,53,43,53,96,96,1,0.384521484375,-0.384521484375,-0.384521484375,1,96,True
+,43,54,43,54,97,97,0,0.347900390625,-0.347900390625,-0.347900390625,1,97,True
+,43,55,43,55,98,98,0,0.39306640625,-0.39306640625,-0.39306640625,1,98,True
+,43,56,43,56,99,99,0,0.30419921875,-0.30419921875,-0.30419921875,1,99,True
+,43,57,43,57,100,100,0,0.27880859375,-0.27880859375,-0.27880859375,1,100,True
+,43,58,43,58,101,101,0,0.379150390625,-0.379150390625,-0.379150390625,1,101,True
+,43,59,43,59,102,102,0,0.521484375,-0.521484375,-0.521484375,1,102,True
+,43,60,43,60,103,103,0,0.241943359375,-0.241943359375,-0.241943359375,1,103,True
+,43,61,43,61,104,104,0,2.060546875,-2.060546875,-2.060546875,1,94,False
+,43,62,43,62,105,105,0,1.8623046875,-1.8623046875,-1.8623046875,1,95,False
+,43,63,43,63,106,106,1,1.7421875,-1.7421875,-1.7421875,1,106,True
+,43,64,43,64,107,107,0,2.953125,-2.953125,-2.953125,1,97,False
+,43,65,43,65,108,108,0,1.88671875,-1.88671875,-1.88671875,1,98,False
+,43,66,43,66,109,109,0,1.390625,-1.390625,-1.390625,1,89,False
+,43,67,43,67,110,110,0,2.390625,-2.390625,-2.390625,1,100,False
+,43,68,43,68,111,111,0,1.8095703125,-1.8095703125,-1.8095703125,1,101,False
+,43,69,43,69,112,112,0,0.98779296875,-0.98779296875,-0.98779296875,1,112,True
+,43,70,43,70,113,113,2,2.376953125,-2.376953125,-2.376953125,1,103,False
+,43,71,43,71,114,114,0,1.23046875,-1.23046875,-1.23046875,1,104,False
+,43,72,43,72,115,115,1,3.98828125,-3.98828125,-3.98828125,1,95,False
+,43,73,43,73,116,116,1,2.400390625,-2.400390625,-2.400390625,1,96,False
+,43,74,43,74,117,117,0,2.248046875,-2.248046875,-2.248046875,1,107,False
+,43,75,43,75,118,118,0,2.642578125,-2.642578125,-2.642578125,1,98,False
+,43,76,43,76,119,119,1,5.234375,-5.234375,-5.234375,1,109,False
+,43,77,43,77,120,120,0,1.6064453125,-1.6064453125,-1.6064453125,1,110,False
+,43,78,43,78,121,121,0,1.6845703125,-1.6845703125,-1.6845703125,1,101,False
+,43,79,43,79,122,122,0,1.0712890625,-1.0712890625,-1.0712890625,1,112,False
+,43,80,43,80,123,123,0,1.728515625,-1.728515625,-1.728515625,1,113,False
+,43,81,43,81,124,124,0,1.4013671875,-1.4013671875,-1.4013671875,1,104,False
+,43,82,43,82,125,125,0,2.759765625,-2.759765625,-2.759765625,1,115,False
+,43,83,43,83,126,126,0,0.71630859375,-0.71630859375,-0.71630859375,1,126,True
+,43,84,43,84,127,127,0,0.40283203125,-0.40283203125,-0.40283203125,1,127,True
+,43,85,43,85,128,128,0,1.3828125,-1.3828125,-1.3828125,1,118,False
+,43,86,43,86,129,129,1,1.9697265625,-1.9697265625,-1.9697265625,1,119,False
+,43,87,43,87,130,130,0,0.90966796875,-0.90966796875,-0.90966796875,1,130,True
+,43,88,43,88,131,131,0,2.134765625,-2.134765625,-2.134765625,1,121,False
+,43,89,43,89,132,132,0,1.1640625,-1.1640625,-1.1640625,1,122,False
+,43,90,43,90,133,133,0,2.54296875,-2.54296875,-2.54296875,1,113,False
+,43,91,43,91,134,134,0,2.7890625,-2.7890625,-2.7890625,1,124,False
+,43,92,43,92,135,135,0,3.13671875,-3.13671875,-3.13671875,1,115,False
+,43,93,43,93,136,136,0,2.640625,-2.640625,-2.640625,1,122,False
+,43,94,43,94,137,137,0,3.474609375,-3.474609375,-3.474609375,1,127,False
+,43,95,43,95,138,138,0,1.87109375,-1.87109375,-1.87109375,1,128,False
+,43,96,43,96,139,139,1,3.482421875,-3.482421875,-3.482421875,1,119,False
+,43,97,43,97,140,140,0,3.2578125,-3.2578125,-3.2578125,1,130,False
+,43,98,43,98,141,141,0,1.654296875,-1.654296875,-1.654296875,1,121,False
+,43,99,43,99,142,142,0,0.461181640625,-0.461181640625,-0.461181640625,1,142,True
+,44,10,44,10,54,54,1,0.0300750732421875,-0.0300750732421875,-0.0300750732421875,1,54,True
+,44,11,44,11,55,55,1,0.11297607421875,-0.11297607421875,-0.11297607421875,1,55,True
+,44,12,44,12,56,56,2,0.07025146484375,-0.07025146484375,-0.07025146484375,1,56,True
+,44,13,44,13,57,57,0,0.07366943359375,-0.07366943359375,-0.07366943359375,1,57,True
+,44,14,44,14,58,58,0,0.01177215576171875,-0.01177215576171875,-0.01177215576171875,1,58,True
+,44,15,44,15,59,59,2,0.0262908935546875,-0.0262908935546875,-0.0262908935546875,1,59,True
+,44,16,44,16,60,60,2,0.020965576171875,-0.020965576171875,-0.020965576171875,1,60,True
+,44,17,44,17,61,61,1,0.12890625,-0.12890625,-0.12890625,1,61,True
+,44,18,44,18,62,62,0,0.007633209228515625,-0.007633209228515625,-0.007633209228515625,1,62,True
+,44,19,44,19,63,63,2,0.28466796875,-0.28466796875,-0.28466796875,1,63,True
+,44,20,44,20,64,64,0,0.33984375,-0.33984375,-0.33984375,1,64,True
+,44,21,44,21,65,65,0,0.057708740234375,-0.057708740234375,-0.057708740234375,1,65,True
+,44,22,44,22,66,66,3,0.1920166015625,-0.1920166015625,-0.1920166015625,1,66,True
+,44,23,44,23,67,67,0,0.064697265625,-0.064697265625,-0.064697265625,1,67,True
+,44,24,44,24,68,68,3,0.04876708984375,-0.04876708984375,-0.04876708984375,1,68,True
+,44,25,44,25,69,69,0,0.454345703125,-0.454345703125,-0.454345703125,1,69,True
+,44,26,44,26,70,70,0,0.0654296875,-0.0654296875,-0.0654296875,1,70,True
+,44,27,44,27,71,71,1,0.043975830078125,-0.043975830078125,-0.043975830078125,1,71,True
+,44,28,44,28,72,72,0,0.363037109375,-0.363037109375,-0.363037109375,1,72,True
+,44,29,44,29,73,73,0,0.175048828125,-0.175048828125,-0.175048828125,1,73,True
+,44,30,44,30,74,74,1,0.0086517333984375,-0.0086517333984375,-0.0086517333984375,1,74,True
+,44,31,44,31,75,75,1,0.0390625,-0.0390625,-0.0390625,1,75,True
+,44,32,44,32,76,76,0,0.16162109375,-0.16162109375,-0.16162109375,1,76,True
+,44,33,44,33,77,77,1,0.09271240234375,-0.09271240234375,-0.09271240234375,1,77,True
+,44,34,44,34,78,78,0,0.078857421875,-0.078857421875,-0.078857421875,1,78,True
+,44,35,44,35,79,79,0,0.0357666015625,-0.0357666015625,-0.0357666015625,1,79,True
+,44,36,44,36,80,80,1,0.1414794921875,-0.1414794921875,-0.1414794921875,1,80,True
+,44,37,44,37,81,81,0,0.043701171875,-0.043701171875,-0.043701171875,1,81,True
+,44,38,44,38,82,82,1,0.049896240234375,-0.049896240234375,-0.049896240234375,1,82,True
+,44,39,44,39,83,83,3,0.005687713623046875,-0.005687713623046875,-0.005687713623046875,1,83,True
+,44,40,44,40,84,84,0,0.046722412109375,-0.046722412109375,-0.046722412109375,1,84,True
+,44,41,44,41,85,85,0,0.04876708984375,-0.04876708984375,-0.04876708984375,1,85,True
+,44,42,44,42,86,86,0,0.0289154052734375,-0.0289154052734375,-0.0289154052734375,1,86,True
+,44,43,44,43,87,87,1,0.0753173828125,-0.0753173828125,-0.0753173828125,1,87,True
+,44,44,44,44,88,88,5,0.1776123046875,-0.1776123046875,-0.1776123046875,1,88,True
+,44,45,44,45,89,89,1,0.0293731689453125,-0.0293731689453125,-0.0293731689453125,1,89,True
+,44,46,44,46,90,90,1,0.06494140625,-0.06494140625,-0.06494140625,1,90,True
+,44,47,44,47,91,91,0,0.06964111328125,-0.06964111328125,-0.06964111328125,1,91,True
+,44,48,44,48,92,92,0,0.0584716796875,-0.0584716796875,-0.0584716796875,1,92,True
+,44,49,44,49,93,93,0,0.058685302734375,-0.058685302734375,-0.058685302734375,1,93,True
+,44,50,44,50,94,94,2,0.0748291015625,-0.0748291015625,-0.0748291015625,1,94,True
+,44,51,44,51,95,95,1,0.038055419921875,-0.038055419921875,-0.038055419921875,1,95,True
+,44,52,44,52,96,96,0,0.55615234375,-0.55615234375,-0.55615234375,1,96,True
+,44,53,44,53,97,97,0,0.334228515625,-0.334228515625,-0.334228515625,1,97,True
+,44,54,44,54,98,98,0,0.375,-0.375,-0.375,1,98,True
+,44,55,44,55,99,99,2,0.06683349609375,-0.06683349609375,-0.06683349609375,1,99,True
+,44,56,44,56,100,100,1,2.6875,-2.6875,-2.6875,1,90,False
+,44,57,44,57,101,101,0,0.65283203125,-0.65283203125,-0.65283203125,1,101,True
+,44,58,44,58,102,102,1,0.1348876953125,-0.1348876953125,-0.1348876953125,1,102,True
+,44,59,44,59,103,103,0,1.3544921875,-1.3544921875,-1.3544921875,1,93,False
+,44,60,44,60,104,104,0,0.434814453125,-0.434814453125,-0.434814453125,1,104,True
+,44,61,44,61,105,105,0,1.552734375,-1.552734375,-1.552734375,1,95,False
+,44,62,44,62,106,106,0,1.0439453125,-1.0439453125,-1.0439453125,1,106,True
+,44,63,44,63,107,107,0,2.337890625,-2.337890625,-2.337890625,1,97,False
+,44,64,44,64,108,108,0,2.298828125,-2.298828125,-2.298828125,1,98,False
+,44,65,44,65,109,109,1,4.546875,-4.546875,-4.546875,1,99,False
+,44,66,44,66,110,110,0,2.681640625,-2.681640625,-2.681640625,1,100,False
+,44,67,44,67,111,111,0,1.49609375,-1.49609375,-1.49609375,1,101,False
+,44,68,44,68,112,112,0,4.7265625,-4.7265625,-4.7265625,1,102,False
+,44,69,44,69,113,113,0,1.4248046875,-1.4248046875,-1.4248046875,1,103,False
+,44,70,44,70,114,114,0,3.037109375,-3.037109375,-3.037109375,1,94,False
+,44,71,44,71,115,115,1,1.6796875,-1.6796875,-1.6796875,1,105,False
+,44,72,44,72,116,116,0,3.486328125,-3.486328125,-3.486328125,1,106,False
+,44,73,44,73,117,117,0,2.27734375,-2.27734375,-2.27734375,1,107,False
+,44,74,44,74,118,118,0,3.537109375,-3.537109375,-3.537109375,1,98,False
+,44,75,44,75,119,119,0,5.1875,-5.1875,-5.1875,1,109,False
+,44,76,44,76,120,120,0,4.26953125,-4.26953125,-4.26953125,1,110,False
+,44,77,44,77,121,121,0,1.8046875,-1.8046875,-1.8046875,1,111,False
+,44,78,44,78,122,122,0,0.450927734375,-0.450927734375,-0.450927734375,1,122,True
+,44,79,44,79,123,123,0,1.2431640625,-1.2431640625,-1.2431640625,1,113,False
+,44,80,44,80,124,124,0,1.88671875,-1.88671875,-1.88671875,1,114,False
+,44,81,44,81,125,125,0,1.9033203125,-1.9033203125,-1.9033203125,1,115,False
+,44,82,44,82,126,126,1,1.158203125,-1.158203125,-1.158203125,1,106,False
+,44,83,44,83,127,127,0,0.96533203125,-0.96533203125,-0.96533203125,1,127,True
+,44,84,44,84,128,128,4,2.640625,-2.640625,-2.640625,1,118,False
+,44,85,44,85,129,129,0,2.1953125,-2.1953125,-2.1953125,1,109,False
+,44,86,44,86,130,130,0,2.478515625,-2.478515625,-2.478515625,1,120,False
+,44,87,44,87,131,131,0,2.306640625,-2.306640625,-2.306640625,1,121,False
+,44,88,44,88,132,132,2,2.599609375,-2.599609375,-2.599609375,1,122,False
+,44,89,44,89,133,133,0,1.62890625,-1.62890625,-1.62890625,1,123,False
+,44,90,44,90,134,134,0,0.7548828125,-0.7548828125,-0.7548828125,1,134,True
+,44,91,44,91,135,135,0,1.1435546875,-1.1435546875,-1.1435546875,1,125,False
+,44,92,44,92,136,136,0,4.0625,-4.0625,-4.0625,1,126,False
+,44,93,44,93,137,137,0,1.9853515625,-1.9853515625,-1.9853515625,1,127,False
+,44,94,44,94,138,138,0,1.439453125,-1.439453125,-1.439453125,1,138,True
+,44,95,44,95,139,139,0,2.955078125,-2.955078125,-2.955078125,1,129,False
+,44,96,44,96,140,140,0,4.625,-4.625,-4.625,1,130,False
+,44,97,44,97,141,141,0,1.177734375,-1.177734375,-1.177734375,1,121,False
+,44,98,44,98,142,142,0,1.66796875,-1.66796875,-1.66796875,1,122,False
+,44,99,44,99,143,143,0,0.55078125,-0.55078125,-0.55078125,1,143,True
+,45,10,45,10,55,55,9,0.0108184814453125,-0.0108184814453125,-0.0108184814453125,1,55,True
+,45,11,45,11,56,56,2,0.00865936279296875,-0.00865936279296875,-0.00865936279296875,1,56,True
+,45,12,45,12,57,57,5,0.0167999267578125,-0.0167999267578125,-0.0167999267578125,1,57,True
+,45,13,45,13,58,58,1,0.045745849609375,-0.045745849609375,-0.045745849609375,1,58,True
+,45,14,45,14,59,59,2,0.005985260009765625,-0.005985260009765625,-0.005985260009765625,1,59,True
+,45,15,45,15,60,60,21,0.0235443115234375,-0.0235443115234375,-0.0235443115234375,1,60,True
+,45,16,45,16,61,61,2,0.07696533203125,-0.07696533203125,-0.07696533203125,1,61,True
+,45,17,45,17,62,62,0,0.1761474609375,-0.1761474609375,-0.1761474609375,1,62,True
+,45,18,45,18,63,63,1,0.017730712890625,-0.017730712890625,-0.017730712890625,1,63,True
+,45,19,45,19,64,64,1,1.6982421875,-1.6982421875,-1.6982421875,1,74,False
+,45,20,45,20,65,65,10,0.2371826171875,-0.2371826171875,-0.2371826171875,1,65,True
+,45,21,45,21,66,66,2,0.01500701904296875,-0.01500701904296875,-0.01500701904296875,1,66,True
+,45,22,45,22,67,67,0,0.493896484375,-0.493896484375,-0.493896484375,1,67,True
+,45,23,45,23,68,68,0,0.0179595947265625,-0.0179595947265625,-0.0179595947265625,1,68,True
+,45,24,45,24,69,69,0,0.10333251953125,-0.10333251953125,-0.10333251953125,1,69,True
+,45,25,45,25,70,70,7,0.130859375,-0.130859375,-0.130859375,1,70,True
+,45,26,45,26,71,71,2,0.314208984375,-0.314208984375,-0.314208984375,1,71,True
+,45,27,45,27,72,72,1,0.028472900390625,-0.028472900390625,-0.028472900390625,1,72,True
+,45,28,45,28,73,73,1,0.4228515625,-0.4228515625,-0.4228515625,1,73,True
+,45,29,45,29,74,74,1,0.10174560546875,-0.10174560546875,-0.10174560546875,1,74,True
+,45,30,45,30,75,75,11,0.006969451904296875,-0.006969451904296875,-0.006969451904296875,1,75,True
+,45,31,45,31,76,76,0,0.0897216796875,-0.0897216796875,-0.0897216796875,1,76,True
+,45,32,45,32,77,77,54,0.048858642578125,-0.048858642578125,-0.048858642578125,1,77,True
+,45,33,45,33,78,78,0,0.026885986328125,-0.026885986328125,-0.026885986328125,1,78,True
+,45,34,45,34,79,79,3,0.2342529296875,-0.2342529296875,-0.2342529296875,1,79,True
+,45,35,45,35,80,80,11,0.09197998046875,-0.09197998046875,-0.09197998046875,1,80,True
+,45,36,45,36,81,81,3,0.01238250732421875,-0.01238250732421875,-0.01238250732421875,1,81,True
+,45,37,45,37,82,82,0,0.053070068359375,-0.053070068359375,-0.053070068359375,1,82,True
+,45,38,45,38,83,83,0,0.04937744140625,-0.04937744140625,-0.04937744140625,1,83,True
+,45,39,45,39,84,84,1,0.0121612548828125,-0.0121612548828125,-0.0121612548828125,1,84,True
+,45,40,45,40,85,85,12,0.04986572265625,-0.04986572265625,-0.04986572265625,1,85,True
+,45,41,45,41,86,86,0,0.06475830078125,-0.06475830078125,-0.06475830078125,1,86,True
+,45,42,45,42,87,87,1,0.035736083984375,-0.035736083984375,-0.035736083984375,1,87,True
+,45,43,45,43,88,88,0,0.04736328125,-0.04736328125,-0.04736328125,1,88,True
+,45,44,45,44,89,89,3,0.1309814453125,-0.1309814453125,-0.1309814453125,1,89,True
+,45,45,45,45,90,90,10,0.025390625,-0.025390625,-0.025390625,1,90,True
+,45,46,45,46,91,91,0,0.007083892822265625,-0.007083892822265625,-0.007083892822265625,1,91,True
+,45,47,45,47,92,92,0,0.0572509765625,-0.0572509765625,-0.0572509765625,1,92,True
+,45,48,45,48,93,93,0,0.01424407958984375,-0.01424407958984375,-0.01424407958984375,1,93,True
+,45,49,45,49,94,94,3,0.053009033203125,-0.053009033203125,-0.053009033203125,1,94,True
+,45,50,45,50,95,95,8,0.01461029052734375,-0.01461029052734375,-0.01461029052734375,1,95,True
+,45,51,45,51,96,96,1,0.0176239013671875,-0.0176239013671875,-0.0176239013671875,1,96,True
+,45,52,45,52,97,97,0,0.0853271484375,-0.0853271484375,-0.0853271484375,1,97,True
+,45,53,45,53,98,98,0,0.143798828125,-0.143798828125,-0.143798828125,1,98,True
+,45,54,45,54,99,99,1,0.183349609375,-0.183349609375,-0.183349609375,1,99,True
+,45,55,45,55,100,100,6,0.2215576171875,-0.2215576171875,-0.2215576171875,1,100,True
+,45,56,45,56,101,101,2,0.71337890625,-0.71337890625,-0.71337890625,1,101,True
+,45,57,45,57,102,102,0,0.053070068359375,-0.053070068359375,-0.053070068359375,1,102,True
+,45,58,45,58,103,103,0,0.34228515625,-0.34228515625,-0.34228515625,1,103,True
+,45,59,45,59,104,104,0,0.1348876953125,-0.1348876953125,-0.1348876953125,1,104,True
+,45,60,45,60,105,105,1,0.0869140625,-0.0869140625,-0.0869140625,1,105,True
+,45,61,45,61,106,106,0,0.277587890625,-0.277587890625,-0.277587890625,1,106,True
+,45,62,45,62,107,107,0,0.8359375,-0.8359375,-0.8359375,1,97,False
+,45,63,45,63,108,108,0,0.12127685546875,-0.12127685546875,-0.12127685546875,1,108,True
+,45,64,45,64,109,109,0,0.81787109375,-0.81787109375,-0.81787109375,1,109,True
+,45,65,45,65,110,110,2,2.5859375,-2.5859375,-2.5859375,1,100,False
+,45,66,45,66,111,111,1,0.2225341796875,-0.2225341796875,-0.2225341796875,1,111,True
+,45,67,45,67,112,112,0,0.2408447265625,-0.2408447265625,-0.2408447265625,1,112,True
+,45,68,45,68,113,113,0,1.7529296875,-1.7529296875,-1.7529296875,1,103,False
+,45,69,45,69,114,114,1,0.4267578125,-0.4267578125,-0.4267578125,1,114,True
+,45,70,45,70,115,115,2,3.138671875,-3.138671875,-3.138671875,1,95,False
+,45,71,45,71,116,116,0,1.3154296875,-1.3154296875,-1.3154296875,1,106,False
+,45,72,45,72,117,117,0,1.08984375,-1.08984375,-1.08984375,1,117,True
+,45,73,45,73,118,118,0,1.1455078125,-1.1455078125,-1.1455078125,1,118,True
+,45,74,45,74,119,119,0,2.890625,-2.890625,-2.890625,1,109,False
+,45,75,45,75,120,120,3,2.001953125,-2.001953125,-2.001953125,1,110,False
+,45,76,45,76,121,121,0,2.03125,-2.03125,-2.03125,1,101,False
+,45,77,45,77,122,122,1,1.0751953125,-1.0751953125,-1.0751953125,1,112,False
+,45,78,45,78,123,123,1,0.91552734375,-0.91552734375,-0.91552734375,1,123,True
+,45,79,45,79,124,124,0,1.5078125,-1.5078125,-1.5078125,1,104,False
+,45,80,45,80,125,125,2,3.767578125,-3.767578125,-3.767578125,1,115,False
+,45,81,45,81,126,126,1,0.60400390625,-0.60400390625,-0.60400390625,1,126,True
+,45,82,45,82,127,127,0,2.451171875,-2.451171875,-2.451171875,1,107,False
+,45,83,45,83,128,128,0,1.2841796875,-1.2841796875,-1.2841796875,1,118,False
+,45,84,45,84,129,129,0,0.78955078125,-0.78955078125,-0.78955078125,1,129,True
+,45,85,45,85,130,130,0,2.166015625,-2.166015625,-2.166015625,1,110,False
+,45,86,45,86,131,131,0,2.58984375,-2.58984375,-2.58984375,1,121,False
+,45,87,45,87,132,132,0,0.25390625,-0.25390625,-0.25390625,1,132,True
+,45,88,45,88,133,133,1,1.103515625,-1.103515625,-1.103515625,1,113,False
+,45,89,45,89,134,134,0,0.87841796875,-0.87841796875,-0.87841796875,1,124,False
+,45,90,45,90,135,135,3,0.51025390625,-0.51025390625,-0.51025390625,1,135,True
+,45,91,45,91,136,136,0,0.7587890625,-0.7587890625,-0.7587890625,1,136,True
+,45,92,45,92,137,137,0,1.951171875,-1.951171875,-1.951171875,1,127,False
+,45,93,45,93,138,138,0,0.60986328125,-0.60986328125,-0.60986328125,1,138,True
+,45,94,45,94,139,139,0,1.0224609375,-1.0224609375,-1.0224609375,1,139,True
+,45,95,45,95,140,140,0,1.9736328125,-1.9736328125,-1.9736328125,1,130,False
+,45,96,45,96,141,141,0,1.228515625,-1.228515625,-1.228515625,1,111,False
+,45,97,45,97,142,142,0,1.09375,-1.09375,-1.09375,1,122,False
+,45,98,45,98,143,143,0,0.314453125,-0.314453125,-0.314453125,1,143,True
+,45,99,45,99,144,144,0,0.1253662109375,-0.1253662109375,-0.1253662109375,1,144,True
+,46,10,46,10,56,56,1,0.00972747802734375,-0.00972747802734375,-0.00972747802734375,1,56,True
+,46,11,46,11,57,57,1,0.04327392578125,-0.04327392578125,-0.04327392578125,1,57,True
+,46,12,46,12,58,58,0,0.0075836181640625,-0.0075836181640625,-0.0075836181640625,1,58,True
+,46,13,46,13,59,59,1,0.036773681640625,-0.036773681640625,-0.036773681640625,1,59,True
+,46,14,46,14,60,60,1,0.0447998046875,-0.0447998046875,-0.0447998046875,1,60,True
+,46,15,46,15,61,61,1,0.042083740234375,-0.042083740234375,-0.042083740234375,1,61,True
+,46,16,46,16,62,62,0,0.059295654296875,-0.059295654296875,-0.059295654296875,1,62,True
+,46,17,46,17,63,63,0,0.759765625,-0.759765625,-0.759765625,1,73,False
+,46,18,46,18,64,64,1,0.427734375,-0.427734375,-0.427734375,1,64,True
+,46,19,46,19,65,65,1,5.53125,-5.53125,-5.53125,1,75,False
+,46,20,46,20,66,66,0,0.302001953125,-0.302001953125,-0.302001953125,1,66,True
+,46,21,46,21,67,67,0,0.197021484375,-0.197021484375,-0.197021484375,1,67,True
+,46,22,46,22,68,68,1,0.1190185546875,-0.1190185546875,-0.1190185546875,1,68,True
+,46,23,46,23,69,69,0,0.04132080078125,-0.04132080078125,-0.04132080078125,1,69,True
+,46,24,46,24,70,70,1,0.06243896484375,-0.06243896484375,-0.06243896484375,1,70,True
+,46,25,46,25,71,71,0,1.5537109375,-1.5537109375,-1.5537109375,1,81,False
+,46,26,46,26,72,72,0,0.340087890625,-0.340087890625,-0.340087890625,1,72,True
+,46,27,46,27,73,73,16,0.52392578125,-0.52392578125,-0.52392578125,1,73,True
+,46,28,46,28,74,74,1,0.32080078125,-0.32080078125,-0.32080078125,1,74,True
+,46,29,46,29,75,75,0,0.7763671875,-0.7763671875,-0.7763671875,1,85,False
+,46,30,46,30,76,76,0,0.10235595703125,-0.10235595703125,-0.10235595703125,1,76,True
+,46,31,46,31,77,77,0,0.415283203125,-0.415283203125,-0.415283203125,1,77,True
+,46,32,46,32,78,78,0,0.1336669921875,-0.1336669921875,-0.1336669921875,1,78,True
+,46,33,46,33,79,79,0,0.333740234375,-0.333740234375,-0.333740234375,1,79,True
+,46,34,46,34,80,80,0,0.2266845703125,-0.2266845703125,-0.2266845703125,1,80,True
+,46,35,46,35,81,81,0,0.2496337890625,-0.2496337890625,-0.2496337890625,1,81,True
+,46,36,46,36,82,82,0,0.982421875,-0.982421875,-0.982421875,1,82,True
+,46,37,46,37,83,83,1,2.734375,-2.734375,-2.734375,1,93,False
+,46,38,46,38,84,84,0,0.03131103515625,-0.03131103515625,-0.03131103515625,1,84,True
+,46,39,46,39,85,85,0,1.1376953125,-1.1376953125,-1.1376953125,1,95,False
+,46,40,46,40,86,86,0,0.1629638671875,-0.1629638671875,-0.1629638671875,1,86,True
+,46,41,46,41,87,87,1,0.5615234375,-0.5615234375,-0.5615234375,1,87,True
+,46,42,46,42,88,88,0,0.126220703125,-0.126220703125,-0.126220703125,1,88,True
+,46,43,46,43,89,89,0,0.65087890625,-0.65087890625,-0.65087890625,1,89,True
+,46,44,46,44,90,90,0,0.03271484375,-0.03271484375,-0.03271484375,1,90,True
+,46,45,46,45,91,91,1,0.0197906494140625,-0.0197906494140625,-0.0197906494140625,1,91,True
+,46,46,46,46,92,92,4,0.140380859375,-0.140380859375,-0.140380859375,1,92,True
+,46,47,46,47,93,93,0,0.01044464111328125,-0.01044464111328125,-0.01044464111328125,1,93,True
+,46,48,46,48,94,94,1,0.0233306884765625,-0.0233306884765625,-0.0233306884765625,1,94,True
+,46,49,46,49,95,95,0,0.07940673828125,-0.07940673828125,-0.07940673828125,1,95,True
+,46,50,46,50,96,96,0,0.026123046875,-0.026123046875,-0.026123046875,1,96,True
+,46,51,46,51,97,97,0,1.072265625,-1.072265625,-1.072265625,1,107,False
+,46,52,46,52,98,98,0,0.0997314453125,-0.0997314453125,-0.0997314453125,1,98,True
+,46,53,46,53,99,99,0,0.10394287109375,-0.10394287109375,-0.10394287109375,1,99,True
+,46,54,46,54,100,100,0,0.453125,-0.453125,-0.453125,1,100,True
+,46,55,46,55,101,101,1,0.6142578125,-0.6142578125,-0.6142578125,1,101,True
+,46,56,46,56,102,102,0,0.432373046875,-0.432373046875,-0.432373046875,1,102,True
+,46,57,46,57,103,103,0,2.068359375,-2.068359375,-2.068359375,1,113,False
+,46,58,46,58,104,104,0,0.385498046875,-0.385498046875,-0.385498046875,1,104,True
+,46,59,46,59,105,105,0,0.3740234375,-0.3740234375,-0.3740234375,1,105,True
+,46,60,46,60,106,106,0,0.048614501953125,-0.048614501953125,-0.048614501953125,1,106,True
+,46,61,46,61,107,107,0,0.136474609375,-0.136474609375,-0.136474609375,1,107,True
+,46,62,46,62,108,108,0,0.04864501953125,-0.04864501953125,-0.04864501953125,1,108,True
+,46,63,46,63,109,109,0,0.5419921875,-0.5419921875,-0.5419921875,1,109,True
+,46,64,46,64,110,110,1,1.35546875,-1.35546875,-1.35546875,1,90,False
+,46,65,46,65,111,111,0,0.18212890625,-0.18212890625,-0.18212890625,1,111,True
+,46,66,46,66,112,112,0,0.1807861328125,-0.1807861328125,-0.1807861328125,1,112,True
+,46,67,46,67,113,113,0,0.1962890625,-0.1962890625,-0.1962890625,1,113,True
+,46,68,46,68,114,114,0,0.426513671875,-0.426513671875,-0.426513671875,1,114,True
+,46,69,46,69,115,115,0,0.2257080078125,-0.2257080078125,-0.2257080078125,1,115,True
+,46,70,46,70,116,116,0,2.380859375,-2.380859375,-2.380859375,1,106,False
+,46,71,46,71,117,117,0,0.2978515625,-0.2978515625,-0.2978515625,1,117,True
+,46,72,46,72,118,118,0,0.297119140625,-0.297119140625,-0.297119140625,1,118,True
+,46,73,46,73,119,119,0,2.283203125,-2.283203125,-2.283203125,1,109,False
+,46,74,46,74,120,120,0,1.345703125,-1.345703125,-1.345703125,1,110,False
+,46,75,46,75,121,121,0,1.1015625,-1.1015625,-1.1015625,1,111,False
+,46,76,46,76,122,122,0,2.40625,-2.40625,-2.40625,1,111,False
+,46,77,46,77,123,123,0,0.85693359375,-0.85693359375,-0.85693359375,1,113,False
+,46,78,46,78,124,124,0,1.921875,-1.921875,-1.921875,1,112,False
+,46,79,46,79,125,125,0,2.892578125,-2.892578125,-2.892578125,1,115,False
+,46,80,46,80,126,126,0,2.056640625,-2.056640625,-2.056640625,1,106,False
+,46,81,46,81,127,127,0,0.75,-0.75,-0.75,1,127,True
+,46,82,46,82,128,128,0,2.919921875,-2.919921875,-2.919921875,1,108,False
+,46,83,46,83,129,129,0,1.6884765625,-1.6884765625,-1.6884765625,1,119,False
+,46,84,46,84,130,130,0,1.9833984375,-1.9833984375,-1.9833984375,1,110,False
+,46,85,46,85,131,131,0,2.17578125,-2.17578125,-2.17578125,1,111,False
+,46,86,46,86,132,132,0,2.251953125,-2.251953125,-2.251953125,1,122,False
+,46,87,46,87,133,133,0,0.416748046875,-0.416748046875,-0.416748046875,1,133,True
+,46,88,46,88,134,134,0,1.134765625,-1.134765625,-1.134765625,1,134,True
+,46,89,46,89,135,135,0,1.7783203125,-1.7783203125,-1.7783203125,1,115,False
+,46,90,46,90,136,136,0,1.4052734375,-1.4052734375,-1.4052734375,1,116,False
+,46,91,46,91,137,137,0,1.580078125,-1.580078125,-1.580078125,1,127,False
+,46,92,46,92,138,138,1,1.658203125,-1.658203125,-1.658203125,1,128,False
+,46,93,46,93,139,139,0,2.43359375,-2.43359375,-2.43359375,1,127,False
+,46,94,46,94,140,140,0,3.306640625,-3.306640625,-3.306640625,1,130,False
+,46,95,46,95,141,141,0,1.6064453125,-1.6064453125,-1.6064453125,1,131,False
+,46,96,46,96,142,142,0,1.88671875,-1.88671875,-1.88671875,1,122,False
+,46,97,46,97,143,143,0,1.1015625,-1.1015625,-1.1015625,1,143,True
+,46,98,46,98,144,144,0,0.9033203125,-0.9033203125,-0.9033203125,1,144,True
+,46,99,46,99,145,145,0,0.190185546875,-0.190185546875,-0.190185546875,1,145,True
+,47,10,47,10,57,57,3,0.025482177734375,-0.025482177734375,-0.025482177734375,1,57,True
+,47,11,47,11,58,58,1,0.0391845703125,-0.0391845703125,-0.0391845703125,1,58,True
+,47,12,47,12,59,59,0,0.04754638671875,-0.04754638671875,-0.04754638671875,1,59,True
+,47,13,47,13,60,60,1,0.007354736328125,-0.007354736328125,-0.007354736328125,1,60,True
+,47,14,47,14,61,61,0,0.0555419921875,-0.0555419921875,-0.0555419921875,1,61,True
+,47,15,47,15,62,62,0,0.0120697021484375,-0.0120697021484375,-0.0120697021484375,1,62,True
+,47,16,47,16,63,63,1,0.035400390625,-0.035400390625,-0.035400390625,1,63,True
+,47,17,47,17,64,64,1,1.8154296875,-1.8154296875,-1.8154296875,1,74,False
+,47,18,47,18,65,65,1,0.270751953125,-0.270751953125,-0.270751953125,1,65,True
+,47,19,47,19,66,66,2,1.7880859375,-1.7880859375,-1.7880859375,1,76,False
+,47,20,47,20,67,67,0,1.5390625,-1.5390625,-1.5390625,1,77,False
+,47,21,47,21,68,68,2,0.06719970703125,-0.06719970703125,-0.06719970703125,1,68,True
+,47,22,47,22,69,69,0,0.364501953125,-0.364501953125,-0.364501953125,1,69,True
+,47,23,47,23,70,70,0,0.059783935546875,-0.059783935546875,-0.059783935546875,1,70,True
+,47,24,47,24,71,71,1,0.06573486328125,-0.06573486328125,-0.06573486328125,1,71,True
+,47,25,47,25,72,72,1,0.434326171875,-0.434326171875,-0.434326171875,1,72,True
+,47,26,47,26,73,73,1,1.9697265625,-1.9697265625,-1.9697265625,1,83,False
+,47,27,47,27,74,74,2,0.049407958984375,-0.049407958984375,-0.049407958984375,1,74,True
+,47,28,47,28,75,75,1,0.43408203125,-0.43408203125,-0.43408203125,1,75,True
+,47,29,47,29,76,76,1,0.07049560546875,-0.07049560546875,-0.07049560546875,1,76,True
+,47,30,47,30,77,77,1,0.03155517578125,-0.03155517578125,-0.03155517578125,1,77,True
+,47,31,47,31,78,78,0,0.16943359375,-0.16943359375,-0.16943359375,1,78,True
+,47,32,47,32,79,79,2,0.09930419921875,-0.09930419921875,-0.09930419921875,1,79,True
+,47,33,47,33,80,80,3,0.0170745849609375,-0.0170745849609375,-0.0170745849609375,1,80,True
+,47,34,47,34,81,81,0,0.0672607421875,-0.0672607421875,-0.0672607421875,1,81,True
+,47,35,47,35,82,82,1,0.049407958984375,-0.049407958984375,-0.049407958984375,1,82,True
+,47,36,47,36,83,83,0,0.0302886962890625,-0.0302886962890625,-0.0302886962890625,1,83,True
+,47,37,47,37,84,84,0,0.046722412109375,-0.046722412109375,-0.046722412109375,1,84,True
+,47,38,47,38,85,85,0,0.028472900390625,-0.028472900390625,-0.028472900390625,1,85,True
+,47,39,47,39,86,86,0,0.042205810546875,-0.042205810546875,-0.042205810546875,1,86,True
+,47,40,47,40,87,87,0,0.035980224609375,-0.035980224609375,-0.035980224609375,1,87,True
+,47,41,47,41,88,88,0,0.1103515625,-0.1103515625,-0.1103515625,1,88,True
+,47,42,47,42,89,89,0,0.06365966796875,-0.06365966796875,-0.06365966796875,1,89,True
+,47,43,47,43,90,90,0,0.0693359375,-0.0693359375,-0.0693359375,1,90,True
+,47,44,47,44,91,91,0,0.040985107421875,-0.040985107421875,-0.040985107421875,1,91,True
+,47,45,47,45,92,92,0,0.0152740478515625,-0.0152740478515625,-0.0152740478515625,1,92,True
+,47,46,47,46,93,93,0,0.028717041015625,-0.028717041015625,-0.028717041015625,1,93,True
+,47,47,47,47,94,94,2,0.2626953125,-0.2626953125,-0.2626953125,1,94,True
+,47,48,47,48,95,95,0,0.053375244140625,-0.053375244140625,-0.053375244140625,1,95,True
+,47,49,47,49,96,96,0,0.08795166015625,-0.08795166015625,-0.08795166015625,1,96,True
+,47,50,47,50,97,97,1,0.07830810546875,-0.07830810546875,-0.07830810546875,1,97,True
+,47,51,47,51,98,98,0,0.463134765625,-0.463134765625,-0.463134765625,1,98,True
+,47,52,47,52,99,99,3,0.07489013671875,-0.07489013671875,-0.07489013671875,1,99,True
+,47,53,47,53,100,100,4,0.6552734375,-0.6552734375,-0.6552734375,1,100,True
+,47,54,47,54,101,101,0,0.3486328125,-0.3486328125,-0.3486328125,1,101,True
+,47,55,47,55,102,102,0,0.1890869140625,-0.1890869140625,-0.1890869140625,1,102,True
+,47,56,47,56,103,103,1,2.041015625,-2.041015625,-2.041015625,1,93,False
+,47,57,47,57,104,104,0,0.58837890625,-0.58837890625,-0.58837890625,1,104,True
+,47,58,47,58,105,105,0,0.291748046875,-0.291748046875,-0.291748046875,1,105,True
+,47,59,47,59,106,106,0,0.54150390625,-0.54150390625,-0.54150390625,1,106,True
+,47,60,47,60,107,107,1,0.09197998046875,-0.09197998046875,-0.09197998046875,1,107,True
+,47,61,47,61,108,108,1,0.1156005859375,-0.1156005859375,-0.1156005859375,1,108,True
+,47,62,47,62,109,109,0,0.50390625,-0.50390625,-0.50390625,1,109,True
+,47,63,47,63,110,110,0,0.67626953125,-0.67626953125,-0.67626953125,1,110,True
+,47,64,47,64,111,111,0,0.41064453125,-0.41064453125,-0.41064453125,1,111,True
+,47,65,47,65,112,112,0,1.0810546875,-1.0810546875,-1.0810546875,1,102,False
+,47,66,47,66,113,113,0,0.35107421875,-0.35107421875,-0.35107421875,1,113,True
+,47,67,47,67,114,114,0,0.83642578125,-0.83642578125,-0.83642578125,1,114,True
+,47,68,47,68,115,115,0,1.1552734375,-1.1552734375,-1.1552734375,1,105,False
+,47,69,47,69,116,116,0,2.09765625,-2.09765625,-2.09765625,1,106,False
+,47,70,47,70,117,117,0,2.16015625,-2.16015625,-2.16015625,1,107,False
+,47,71,47,71,118,118,0,1.9970703125,-1.9970703125,-1.9970703125,1,108,False
+,47,72,47,72,119,119,0,1.5908203125,-1.5908203125,-1.5908203125,1,109,False
+,47,73,47,73,120,120,0,0.446044921875,-0.446044921875,-0.446044921875,1,120,True
+,47,74,47,74,121,121,11,1.8505859375,-1.8505859375,-1.8505859375,1,111,False
+,47,75,47,75,122,122,0,1.2890625,-1.2890625,-1.2890625,1,112,False
+,47,76,47,76,123,123,0,1.29296875,-1.29296875,-1.29296875,1,113,False
+,47,77,47,77,124,124,0,1.6376953125,-1.6376953125,-1.6376953125,1,114,False
+,47,78,47,78,125,125,0,2.90234375,-2.90234375,-2.90234375,1,115,False
+,47,79,47,79,126,126,0,0.5478515625,-0.5478515625,-0.5478515625,1,126,True
+,47,80,47,80,127,127,0,2.259765625,-2.259765625,-2.259765625,1,117,False
+,47,81,47,81,128,128,0,1.427734375,-1.427734375,-1.427734375,1,118,False
+,47,82,47,82,129,129,0,3.353515625,-3.353515625,-3.353515625,1,119,False
+,47,83,47,83,130,130,0,3.0390625,-3.0390625,-3.0390625,1,120,False
+,47,84,47,84,131,131,0,3.6796875,-3.6796875,-3.6796875,1,121,False
+,47,85,47,85,132,132,0,3.005859375,-3.005859375,-3.005859375,1,122,False
+,47,86,47,86,133,133,1,3.41015625,-3.41015625,-3.41015625,1,123,False
+,47,87,47,87,134,134,0,3.09375,-3.09375,-3.09375,1,124,False
+,47,88,47,88,135,135,0,1.5078125,-1.5078125,-1.5078125,1,125,False
+,47,89,47,89,136,136,0,1.8271484375,-1.8271484375,-1.8271484375,1,126,False
+,47,90,47,90,137,137,0,1.939453125,-1.939453125,-1.939453125,1,127,False
+,47,91,47,91,138,138,1,1.658203125,-1.658203125,-1.658203125,1,128,False
+,47,92,47,92,139,139,0,3.771484375,-3.771484375,-3.771484375,1,129,False
+,47,93,47,93,140,140,0,1.78125,-1.78125,-1.78125,1,130,False
+,47,94,47,94,141,141,0,1.046875,-1.046875,-1.046875,1,131,False
+,47,95,47,95,142,142,1,1.5576171875,-1.5576171875,-1.5576171875,1,132,False
+,47,96,47,96,143,143,0,1.0126953125,-1.0126953125,-1.0126953125,1,133,False
+,47,97,47,97,144,144,0,0.4404296875,-0.4404296875,-0.4404296875,1,144,True
+,47,98,47,98,145,145,1,0.457275390625,-0.457275390625,-0.457275390625,1,145,True
+,47,99,47,99,146,146,0,0.67041015625,-0.67041015625,-0.67041015625,1,146,True
+,48,10,48,10,58,58,8,0.0168609619140625,-0.0168609619140625,-0.0168609619140625,1,58,True
+,48,11,48,11,59,59,4,0.022491455078125,-0.022491455078125,-0.022491455078125,1,59,True
+,48,12,48,12,60,60,8,0.0160369873046875,-0.0160369873046875,-0.0160369873046875,1,60,True
+,48,13,48,13,61,61,2,0.020172119140625,-0.020172119140625,-0.020172119140625,1,61,True
+,48,14,48,14,62,62,0,0.01508331298828125,-0.01508331298828125,-0.01508331298828125,1,62,True
+,48,15,48,15,63,63,1,0.00788116455078125,-0.00788116455078125,-0.00788116455078125,1,63,True
+,48,16,48,16,64,64,6,0.0156707763671875,-0.0156707763671875,-0.0156707763671875,1,64,True
+,48,17,48,17,65,65,0,0.0447998046875,-0.0447998046875,-0.0447998046875,1,65,True
+,48,18,48,18,66,66,1,0.0347900390625,-0.0347900390625,-0.0347900390625,1,66,True
+,48,19,48,19,67,67,0,1.853515625,-1.853515625,-1.853515625,1,77,False
+,48,20,48,20,68,68,1,0.0287017822265625,-0.0287017822265625,-0.0287017822265625,1,68,True
+,48,21,48,21,69,69,1,0.02423095703125,-0.02423095703125,-0.02423095703125,1,69,True
+,48,22,48,22,70,70,0,0.0157470703125,-0.0157470703125,-0.0157470703125,1,70,True
+,48,23,48,23,71,71,1,0.015380859375,-0.015380859375,-0.015380859375,1,71,True
+,48,24,48,24,72,72,4,0.06048583984375,-0.06048583984375,-0.06048583984375,1,72,True
+,48,25,48,25,73,73,1,0.1943359375,-0.1943359375,-0.1943359375,1,73,True
+,48,26,48,26,74,74,1,0.0670166015625,-0.0670166015625,-0.0670166015625,1,74,True
+,48,27,48,27,75,75,1,0.0963134765625,-0.0963134765625,-0.0963134765625,1,75,True
+,48,28,48,28,76,76,0,0.038665771484375,-0.038665771484375,-0.038665771484375,1,76,True
+,48,29,48,29,77,77,1,0.181396484375,-0.181396484375,-0.181396484375,1,77,True
+,48,30,48,30,78,78,4,0.01861572265625,-0.01861572265625,-0.01861572265625,1,78,True
+,48,31,48,31,79,79,0,0.325927734375,-0.325927734375,-0.325927734375,1,79,True
+,48,32,48,32,80,80,3,0.028900146484375,-0.028900146484375,-0.028900146484375,1,80,True
+,48,33,48,33,81,81,0,0.0189971923828125,-0.0189971923828125,-0.0189971923828125,1,81,True
+,48,34,48,34,82,82,0,0.09173583984375,-0.09173583984375,-0.09173583984375,1,82,True
+,48,35,48,35,83,83,1,0.042938232421875,-0.042938232421875,-0.042938232421875,1,83,True
+,48,36,48,36,84,84,1,0.027099609375,-0.027099609375,-0.027099609375,1,84,True
+,48,37,48,37,85,85,0,0.08831787109375,-0.08831787109375,-0.08831787109375,1,85,True
+,48,38,48,38,86,86,0,0.01140594482421875,-0.01140594482421875,-0.01140594482421875,1,86,True
+,48,39,48,39,87,87,0,0.01078033447265625,-0.01078033447265625,-0.01078033447265625,1,87,True
+,48,40,48,40,88,88,3,0.0256805419921875,-0.0256805419921875,-0.0256805419921875,1,88,True
+,48,41,48,41,89,89,0,0.3798828125,-0.3798828125,-0.3798828125,1,89,True
+,48,42,48,42,90,90,1,0.148681640625,-0.148681640625,-0.148681640625,1,90,True
+,48,43,48,43,91,91,0,0.0533447265625,-0.0533447265625,-0.0533447265625,1,91,True
+,48,44,48,44,92,92,0,0.021453857421875,-0.021453857421875,-0.021453857421875,1,92,True
+,48,45,48,45,93,93,0,0.0193328857421875,-0.0193328857421875,-0.0193328857421875,1,93,True
+,48,46,48,46,94,94,1,0.0258331298828125,-0.0258331298828125,-0.0258331298828125,1,94,True
+,48,47,48,47,95,95,1,0.0286712646484375,-0.0286712646484375,-0.0286712646484375,1,95,True
+,48,48,48,48,96,96,9,0.3154296875,-0.3154296875,-0.3154296875,1,96,True
+,48,49,48,49,97,97,1,0.045684814453125,-0.045684814453125,-0.045684814453125,1,97,True
+,48,50,48,50,98,98,3,0.037109375,-0.037109375,-0.037109375,1,98,True
+,48,51,48,51,99,99,1,0.06304931640625,-0.06304931640625,-0.06304931640625,1,99,True
+,48,52,48,52,100,100,3,0.150390625,-0.150390625,-0.150390625,1,100,True
+,48,53,48,53,101,101,3,0.357177734375,-0.357177734375,-0.357177734375,1,101,True
+,48,54,48,54,102,102,0,0.427490234375,-0.427490234375,-0.427490234375,1,102,True
+,48,55,48,55,103,103,0,0.974609375,-0.974609375,-0.974609375,1,113,False
+,48,56,48,56,104,104,0,0.41552734375,-0.41552734375,-0.41552734375,1,104,True
+,48,57,48,57,105,105,1,0.360595703125,-0.360595703125,-0.360595703125,1,105,True
+,48,58,48,58,106,106,1,0.0989990234375,-0.0989990234375,-0.0989990234375,1,106,True
+,48,59,48,59,107,107,1,0.1744384765625,-0.1744384765625,-0.1744384765625,1,107,True
+,48,60,48,60,108,108,0,0.0643310546875,-0.0643310546875,-0.0643310546875,1,108,True
+,48,61,48,61,109,109,0,0.50048828125,-0.50048828125,-0.50048828125,1,109,True
+,48,62,48,62,110,110,0,0.1591796875,-0.1591796875,-0.1591796875,1,110,True
+,48,63,48,63,111,111,0,0.0478515625,-0.0478515625,-0.0478515625,1,111,True
+,48,64,48,64,112,112,8,0.1702880859375,-0.1702880859375,-0.1702880859375,1,112,True
+,48,65,48,65,113,113,1,0.325927734375,-0.325927734375,-0.325927734375,1,113,True
+,48,66,48,66,114,114,0,0.62451171875,-0.62451171875,-0.62451171875,1,114,True
+,48,67,48,67,115,115,1,0.41455078125,-0.41455078125,-0.41455078125,1,115,True
+,48,68,48,68,116,116,0,1.072265625,-1.072265625,-1.072265625,1,106,False
+,48,69,48,69,117,117,1,0.479248046875,-0.479248046875,-0.479248046875,1,117,True
+,48,70,48,70,118,118,2,1.2783203125,-1.2783203125,-1.2783203125,1,98,False
+,48,71,48,71,119,119,0,0.6904296875,-0.6904296875,-0.6904296875,1,119,True
+,48,72,48,72,120,120,2,1.56640625,-1.56640625,-1.56640625,1,111,False
+,48,73,48,73,121,121,0,0.08807373046875,-0.08807373046875,-0.08807373046875,1,121,True
+,48,74,48,74,122,122,0,0.568359375,-0.568359375,-0.568359375,1,122,True
+,48,75,48,75,123,123,0,0.8173828125,-0.8173828125,-0.8173828125,1,123,True
+,48,76,48,76,124,124,0,0.943359375,-0.943359375,-0.943359375,1,124,True
+,48,77,48,77,125,125,0,2.46484375,-2.46484375,-2.46484375,1,115,False
+,48,78,48,78,126,126,0,1.5634765625,-1.5634765625,-1.5634765625,1,126,True
+,48,79,48,79,127,127,0,0.471923828125,-0.471923828125,-0.471923828125,1,127,True
+,48,80,48,80,128,128,0,0.331787109375,-0.331787109375,-0.331787109375,1,128,True
+,48,81,48,81,129,129,0,0.72265625,-0.72265625,-0.72265625,1,129,True
+,48,82,48,82,130,130,0,2.416015625,-2.416015625,-2.416015625,1,110,False
+,48,83,48,83,131,131,1,4.34765625,-4.34765625,-4.34765625,1,121,False
+,48,84,48,84,132,132,1,0.79541015625,-0.79541015625,-0.79541015625,1,132,True
+,48,85,48,85,133,133,0,1.5029296875,-1.5029296875,-1.5029296875,1,113,False
+,48,86,48,86,134,134,0,2.255859375,-2.255859375,-2.255859375,1,124,False
+,48,87,48,87,135,135,0,0.5458984375,-0.5458984375,-0.5458984375,1,135,True
+,48,88,48,88,136,136,0,0.94580078125,-0.94580078125,-0.94580078125,1,116,False
+,48,89,48,89,137,137,0,1.6953125,-1.6953125,-1.6953125,1,127,False
+,48,90,48,90,138,138,0,0.82763671875,-0.82763671875,-0.82763671875,1,138,True
+,48,91,48,91,139,139,0,0.4541015625,-0.4541015625,-0.4541015625,1,139,True
+,48,92,48,92,140,140,0,3.919921875,-3.919921875,-3.919921875,1,122,False
+,48,93,48,93,141,141,0,0.89892578125,-0.89892578125,-0.89892578125,1,141,True
+,48,94,48,94,142,142,0,1.630859375,-1.630859375,-1.630859375,1,122,False
+,48,95,48,95,143,143,0,0.57861328125,-0.57861328125,-0.57861328125,1,143,True
+,48,96,48,96,144,144,0,1.79296875,-1.79296875,-1.79296875,1,132,False
+,48,97,48,97,145,145,0,0.9384765625,-0.9384765625,-0.9384765625,1,145,True
+,48,98,48,98,146,146,0,0.9453125,-0.9453125,-0.9453125,1,146,True
+,48,99,48,99,147,147,0,0.60107421875,-0.60107421875,-0.60107421875,1,147,True
+,49,10,49,10,59,59,0,0.031768798828125,-0.031768798828125,-0.031768798828125,1,59,True
+,49,11,49,11,60,60,0,0.03369140625,-0.03369140625,-0.03369140625,1,60,True
+,49,12,49,12,61,61,4,0.02337646484375,-0.02337646484375,-0.02337646484375,1,61,True
+,49,13,49,13,62,62,1,0.0181427001953125,-0.0181427001953125,-0.0181427001953125,1,62,True
+,49,14,49,14,63,63,0,0.0164031982421875,-0.0164031982421875,-0.0164031982421875,1,63,True
+,49,15,49,15,64,64,4,0.0195465087890625,-0.0195465087890625,-0.0195465087890625,1,64,True
+,49,16,49,16,65,65,2,0.10125732421875,-0.10125732421875,-0.10125732421875,1,65,True
+,49,17,49,17,66,66,0,0.4130859375,-0.4130859375,-0.4130859375,1,66,True
+,49,18,49,18,67,67,1,0.6171875,-0.6171875,-0.6171875,1,67,True
+,49,19,49,19,68,68,0,3.35546875,-3.35546875,-3.35546875,1,78,False
+,49,20,49,20,69,69,1,1.560546875,-1.560546875,-1.560546875,1,79,False
+,49,21,49,21,70,70,1,0.19970703125,-0.19970703125,-0.19970703125,1,70,True
+,49,22,49,22,71,71,0,0.64208984375,-0.64208984375,-0.64208984375,1,71,True
+,49,23,49,23,72,72,0,0.0460205078125,-0.0460205078125,-0.0460205078125,1,72,True
+,49,24,49,24,73,73,2,0.08807373046875,-0.08807373046875,-0.08807373046875,1,73,True
+,49,25,49,25,74,74,3,0.210205078125,-0.210205078125,-0.210205078125,1,74,True
+,49,26,49,26,75,75,0,0.939453125,-0.939453125,-0.939453125,1,85,False
+,49,27,49,27,76,76,1,0.375244140625,-0.375244140625,-0.375244140625,1,76,True
+,49,28,49,28,77,77,0,1.205078125,-1.205078125,-1.205078125,1,87,False
+,49,29,49,29,78,78,0,0.423583984375,-0.423583984375,-0.423583984375,1,78,True
+,49,30,49,30,79,79,0,0.25927734375,-0.25927734375,-0.25927734375,1,79,True
+,49,31,49,31,80,80,0,0.46826171875,-0.46826171875,-0.46826171875,1,80,True
+,49,32,49,32,81,81,2,0.05084228515625,-0.05084228515625,-0.05084228515625,1,81,True
+,49,33,49,33,82,82,2,0.1239013671875,-0.1239013671875,-0.1239013671875,1,82,True
+,49,34,49,34,83,83,0,0.3212890625,-0.3212890625,-0.3212890625,1,83,True
+,49,35,49,35,84,84,0,0.017120361328125,-0.017120361328125,-0.017120361328125,1,84,True
+,49,36,49,36,85,85,0,0.09906005859375,-0.09906005859375,-0.09906005859375,1,85,True
+,49,37,49,37,86,86,0,0.359130859375,-0.359130859375,-0.359130859375,1,86,True
+,49,38,49,38,87,87,0,0.028167724609375,-0.028167724609375,-0.028167724609375,1,87,True
+,49,39,49,39,88,88,0,0.022308349609375,-0.022308349609375,-0.022308349609375,1,88,True
+,49,40,49,40,89,89,0,0.0582275390625,-0.0582275390625,-0.0582275390625,1,89,True
+,49,41,49,41,90,90,1,0.129150390625,-0.129150390625,-0.129150390625,1,90,True
+,49,42,49,42,91,91,0,0.08154296875,-0.08154296875,-0.08154296875,1,91,True
+,49,43,49,43,92,92,0,0.10858154296875,-0.10858154296875,-0.10858154296875,1,92,True
+,49,44,49,44,93,93,0,0.031036376953125,-0.031036376953125,-0.031036376953125,1,93,True
+,49,45,49,45,94,94,0,0.0254364013671875,-0.0254364013671875,-0.0254364013671875,1,94,True
+,49,46,49,46,95,95,1,0.04559326171875,-0.04559326171875,-0.04559326171875,1,95,True
+,49,47,49,47,96,96,0,0.0687255859375,-0.0687255859375,-0.0687255859375,1,96,True
+,49,48,49,48,97,97,0,0.052337646484375,-0.052337646484375,-0.052337646484375,1,97,True
+,49,49,49,49,98,98,6,0.059295654296875,-0.059295654296875,-0.059295654296875,1,98,True
+,49,50,49,50,99,99,2,0.0230865478515625,-0.0230865478515625,-0.0230865478515625,1,99,True
+,49,51,49,51,100,100,2,0.344482421875,-0.344482421875,-0.344482421875,1,100,True
+,49,52,49,52,101,101,5,0.21240234375,-0.21240234375,-0.21240234375,1,101,True
+,49,53,49,53,102,102,0,0.499267578125,-0.499267578125,-0.499267578125,1,102,True
+,49,54,49,54,103,103,0,0.6630859375,-0.6630859375,-0.6630859375,1,103,True
+,49,55,49,55,104,104,0,0.486328125,-0.486328125,-0.486328125,1,104,True
+,49,56,49,56,105,105,0,0.90087890625,-0.90087890625,-0.90087890625,1,105,True
+,49,57,49,57,106,106,0,0.7734375,-0.7734375,-0.7734375,1,116,False
+,49,58,49,58,107,107,0,0.349365234375,-0.349365234375,-0.349365234375,1,107,True
+,49,59,49,59,108,108,1,0.489013671875,-0.489013671875,-0.489013671875,1,108,True
+,49,60,49,60,109,109,0,0.1788330078125,-0.1788330078125,-0.1788330078125,1,109,True
+,49,61,49,61,110,110,0,1.5859375,-1.5859375,-1.5859375,1,120,False
+,49,62,49,62,111,111,0,0.66064453125,-0.66064453125,-0.66064453125,1,111,True
+,49,63,49,63,112,112,1,0.83984375,-0.83984375,-0.83984375,1,122,False
+,49,64,49,64,113,113,2,0.7119140625,-0.7119140625,-0.7119140625,1,113,True
+,49,65,49,65,114,114,0,0.85595703125,-0.85595703125,-0.85595703125,1,114,True
+,49,66,49,66,115,115,0,0.6640625,-0.6640625,-0.6640625,1,115,True
+,49,67,49,67,116,116,0,0.91357421875,-0.91357421875,-0.91357421875,1,116,True
+,49,68,49,68,117,117,0,0.77490234375,-0.77490234375,-0.77490234375,1,117,True
+,49,69,49,69,118,118,0,0.302490234375,-0.302490234375,-0.302490234375,1,118,True
+,49,70,49,70,119,119,1,2.66796875,-2.66796875,-2.66796875,1,109,False
+,49,71,49,71,120,120,0,0.216064453125,-0.216064453125,-0.216064453125,1,120,True
+,49,72,49,72,121,121,1,0.17138671875,-0.17138671875,-0.17138671875,1,121,True
+,49,73,49,73,122,122,0,0.414794921875,-0.414794921875,-0.414794921875,1,122,True
+,49,74,49,74,123,123,0,0.81494140625,-0.81494140625,-0.81494140625,1,123,True
+,49,75,49,75,124,124,0,1.470703125,-1.470703125,-1.470703125,1,104,False
+,49,76,49,76,125,125,0,2.078125,-2.078125,-2.078125,1,115,False
+,49,77,49,77,126,126,0,0.7705078125,-0.7705078125,-0.7705078125,1,126,True
+,49,78,49,78,127,127,0,1.908203125,-1.908203125,-1.908203125,1,107,False
+,49,79,49,79,128,128,0,1.5556640625,-1.5556640625,-1.5556640625,1,118,False
+,49,80,49,80,129,129,0,1.6005859375,-1.6005859375,-1.6005859375,1,119,False
+,49,81,49,81,130,130,2,0.9912109375,-0.9912109375,-0.9912109375,1,130,True
+,49,82,49,82,131,131,0,3.576171875,-3.576171875,-3.576171875,1,121,False
+,49,83,49,83,132,132,0,1.1962890625,-1.1962890625,-1.1962890625,1,122,False
+,49,84,49,84,133,133,0,0.73193359375,-0.73193359375,-0.73193359375,1,133,True
+,49,85,49,85,134,134,0,1.9208984375,-1.9208984375,-1.9208984375,1,124,False
+,49,86,49,86,135,135,0,1.08203125,-1.08203125,-1.08203125,1,135,True
+,49,87,49,87,136,136,0,1.4267578125,-1.4267578125,-1.4267578125,1,116,False
+,49,88,49,88,137,137,0,1.49609375,-1.49609375,-1.49609375,1,127,False
+,49,89,49,89,138,138,0,0.37646484375,-0.37646484375,-0.37646484375,1,138,True
+,49,90,49,90,139,139,0,0.64990234375,-0.64990234375,-0.64990234375,1,139,True
+,49,91,49,91,140,140,0,0.99560546875,-0.99560546875,-0.99560546875,1,140,True
+,49,92,49,92,141,141,0,0.72314453125,-0.72314453125,-0.72314453125,1,141,True
+,49,93,49,93,142,142,0,0.284423828125,-0.284423828125,-0.284423828125,1,142,True
+,49,94,49,94,143,143,3,0.53125,-0.53125,-0.53125,1,143,True
+,49,95,49,95,144,144,0,0.1806640625,-0.1806640625,-0.1806640625,1,144,True
+,49,96,49,96,145,145,0,0.2191162109375,-0.2191162109375,-0.2191162109375,1,145,True
+,49,97,49,97,146,146,0,0.8212890625,-0.8212890625,-0.8212890625,1,146,True
+,49,98,49,98,147,147,1,0.027130126953125,-0.027130126953125,-0.027130126953125,1,147,True
+,49,99,49,99,148,148,0,0.720703125,-0.720703125,-0.720703125,1,148,True
+,50,10,50,10,60,60,15,0.026458740234375,-0.026458740234375,-0.026458740234375,1,60,True
+,50,11,50,11,61,61,0,0.0264434814453125,-0.0264434814453125,-0.0264434814453125,1,61,True
+,50,12,50,12,62,62,4,0.021209716796875,-0.021209716796875,-0.021209716796875,1,62,True
+,50,13,50,13,63,63,3,0.011260986328125,-0.011260986328125,-0.011260986328125,1,63,True
+,50,14,50,14,64,64,0,0.039825439453125,-0.039825439453125,-0.039825439453125,1,64,True
+,50,15,50,15,65,65,9,0.015716552734375,-0.015716552734375,-0.015716552734375,1,65,True
+,50,16,50,16,66,66,4,0.00467681884765625,-0.00467681884765625,-0.00467681884765625,1,66,True
+,50,17,50,17,67,67,2,0.10382080078125,-0.10382080078125,-0.10382080078125,1,67,True
+,50,18,50,18,68,68,0,0.052154541015625,-0.052154541015625,-0.052154541015625,1,68,True
+,50,19,50,19,69,69,0,2.091796875,-2.091796875,-2.091796875,1,79,False
+,50,20,50,20,70,70,16,0.0271453857421875,-0.0271453857421875,-0.0271453857421875,1,70,True
+,50,21,50,21,71,71,0,0.013427734375,-0.013427734375,-0.013427734375,1,71,True
+,50,22,50,22,72,72,0,0.032257080078125,-0.032257080078125,-0.032257080078125,1,72,True
+,50,23,50,23,73,73,1,0.0167388916015625,-0.0167388916015625,-0.0167388916015625,1,73,True
+,50,24,50,24,74,74,1,0.007190704345703125,-0.007190704345703125,-0.007190704345703125,1,74,True
+,50,25,50,25,75,75,14,0.0059814453125,-0.0059814453125,-0.0059814453125,1,75,True
+,50,26,50,26,76,76,0,0.045501708984375,-0.045501708984375,-0.045501708984375,1,76,True
+,50,27,50,27,77,77,1,0.00959014892578125,-0.00959014892578125,-0.00959014892578125,1,77,True
+,50,28,50,28,78,78,2,0.0227813720703125,-0.0227813720703125,-0.0227813720703125,1,78,True
+,50,29,50,29,79,79,1,0.26904296875,-0.26904296875,-0.26904296875,1,79,True
+,50,30,50,30,80,80,21,0.0271148681640625,-0.0271148681640625,-0.0271148681640625,1,80,True
+,50,31,50,31,81,81,0,0.018035888671875,-0.018035888671875,-0.018035888671875,1,81,True
+,50,32,50,32,82,82,0,0.039154052734375,-0.039154052734375,-0.039154052734375,1,82,True
+,50,33,50,33,83,83,1,0.017120361328125,-0.017120361328125,-0.017120361328125,1,83,True
+,50,34,50,34,84,84,1,0.036376953125,-0.036376953125,-0.036376953125,1,84,True
+,50,35,50,35,85,85,5,0.016357421875,-0.016357421875,-0.016357421875,1,85,True
+,50,36,50,36,86,86,2,0.0112152099609375,-0.0112152099609375,-0.0112152099609375,1,86,True
+,50,37,50,37,87,87,0,0.0208740234375,-0.0208740234375,-0.0208740234375,1,87,True
+,50,38,50,38,88,88,0,0.0292205810546875,-0.0292205810546875,-0.0292205810546875,1,88,True
+,50,39,50,39,89,89,0,0.01294708251953125,-0.01294708251953125,-0.01294708251953125,1,89,True
+,50,40,50,40,90,90,19,0.019622802734375,-0.019622802734375,-0.019622802734375,1,90,True
+,50,41,50,41,91,91,0,0.0400390625,-0.0400390625,-0.0400390625,1,91,True
+,50,42,50,42,92,92,2,0.07781982421875,-0.07781982421875,-0.07781982421875,1,92,True
+,50,43,50,43,93,93,0,0.0179443359375,-0.0179443359375,-0.0179443359375,1,93,True
+,50,44,50,44,94,94,1,0.041229248046875,-0.041229248046875,-0.041229248046875,1,94,True
+,50,45,50,45,95,95,18,0.01263427734375,-0.01263427734375,-0.01263427734375,1,95,True
+,50,46,50,46,96,96,1,0.026275634765625,-0.026275634765625,-0.026275634765625,1,96,True
+,50,47,50,47,97,97,0,0.054901123046875,-0.054901123046875,-0.054901123046875,1,97,True
+,50,48,50,48,98,98,4,0.02886962890625,-0.02886962890625,-0.02886962890625,1,98,True
+,50,49,50,49,99,99,2,0.047882080078125,-0.047882080078125,-0.047882080078125,1,99,True
+,50,50,50,50,100,100,54,0.044952392578125,-0.044952392578125,-0.044952392578125,1,100,True
+,50,51,50,51,101,101,6,0.035888671875,-0.035888671875,-0.035888671875,1,101,True
+,50,52,50,52,102,102,0,0.0244903564453125,-0.0244903564453125,-0.0244903564453125,1,102,True
+,50,53,50,53,103,103,0,0.143310546875,-0.143310546875,-0.143310546875,1,103,True
+,50,54,50,54,104,104,0,0.7587890625,-0.7587890625,-0.7587890625,1,104,True
+,50,55,50,55,105,105,4,0.1488037109375,-0.1488037109375,-0.1488037109375,1,105,True
+,50,56,50,56,106,106,0,0.045806884765625,-0.045806884765625,-0.045806884765625,1,106,True
+,50,57,50,57,107,107,0,0.07373046875,-0.07373046875,-0.07373046875,1,107,True
+,50,58,50,58,108,108,0,0.1876220703125,-0.1876220703125,-0.1876220703125,1,108,True
+,50,59,50,59,109,109,0,0.245361328125,-0.245361328125,-0.245361328125,1,109,True
+,50,60,50,60,110,110,10,0.1005859375,-0.1005859375,-0.1005859375,1,110,True
+,50,61,50,61,111,111,0,0.365478515625,-0.365478515625,-0.365478515625,1,111,True
+,50,62,50,62,112,112,1,0.53515625,-0.53515625,-0.53515625,1,112,True
+,50,63,50,63,113,113,0,0.2734375,-0.2734375,-0.2734375,1,113,True
+,50,64,50,64,114,114,0,0.8115234375,-0.8115234375,-0.8115234375,1,114,True
+,50,65,50,65,115,115,3,0.364501953125,-0.364501953125,-0.364501953125,1,115,True
+,50,66,50,66,116,116,0,1.23828125,-1.23828125,-1.23828125,1,106,False
+,50,67,50,67,117,117,0,0.50390625,-0.50390625,-0.50390625,1,117,True
+,50,68,50,68,118,118,1,1.068359375,-1.068359375,-1.068359375,1,108,False
+,50,69,50,69,119,119,0,0.65625,-0.65625,-0.65625,1,119,True
+,50,70,50,70,120,120,14,0.94287109375,-0.94287109375,-0.94287109375,1,110,False
+,50,71,50,71,121,121,1,0.49267578125,-0.49267578125,-0.49267578125,1,121,True
+,50,72,50,72,122,122,1,0.08551025390625,-0.08551025390625,-0.08551025390625,1,122,True
+,50,73,50,73,123,123,0,0.66064453125,-0.66064453125,-0.66064453125,1,123,True
+,50,74,50,74,124,124,0,1.0166015625,-1.0166015625,-1.0166015625,1,124,True
+,50,75,50,75,125,125,1,0.2227783203125,-0.2227783203125,-0.2227783203125,1,125,True
+,50,76,50,76,126,126,0,0.46435546875,-0.46435546875,-0.46435546875,1,126,True
+,50,77,50,77,127,127,0,1.4716796875,-1.4716796875,-1.4716796875,1,117,False
+,50,78,50,78,128,128,0,2.099609375,-2.099609375,-2.099609375,1,118,False
+,50,79,50,79,129,129,0,1.4208984375,-1.4208984375,-1.4208984375,1,119,False
+,50,80,50,80,130,130,0,1.1552734375,-1.1552734375,-1.1552734375,1,120,False
+,50,81,50,81,131,131,0,2.03515625,-2.03515625,-2.03515625,1,121,False
+,50,82,50,82,132,132,0,3.4453125,-3.4453125,-3.4453125,1,122,False
+,50,83,50,83,133,133,0,1.9560546875,-1.9560546875,-1.9560546875,1,123,False
+,50,84,50,84,134,134,0,0.21484375,-0.21484375,-0.21484375,1,134,True
+,50,85,50,85,135,135,1,1.1416015625,-1.1416015625,-1.1416015625,1,125,False
+,50,86,50,86,136,136,0,3.28515625,-3.28515625,-3.28515625,1,126,False
+,50,87,50,87,137,137,0,1.748046875,-1.748046875,-1.748046875,1,127,False
+,50,88,50,88,138,138,0,0.392333984375,-0.392333984375,-0.392333984375,1,138,True
+,50,89,50,89,139,139,0,1.1982421875,-1.1982421875,-1.1982421875,1,129,False
+,50,90,50,90,140,140,4,2.26171875,-2.26171875,-2.26171875,1,130,False
+,50,91,50,91,141,141,0,0.6171875,-0.6171875,-0.6171875,1,141,True
+,50,92,50,92,142,142,0,1.4873046875,-1.4873046875,-1.4873046875,1,122,False
+,50,93,50,93,143,143,0,0.375,-0.375,-0.375,1,143,True
+,50,94,50,94,144,144,0,1.33984375,-1.33984375,-1.33984375,1,134,False
+,50,95,50,95,145,145,0,0.328125,-0.328125,-0.328125,1,145,True
+,50,96,50,96,146,146,1,0.480712890625,-0.480712890625,-0.480712890625,1,146,True
+,50,97,50,97,147,147,0,0.12115478515625,-0.12115478515625,-0.12115478515625,1,147,True
+,50,98,50,98,148,148,1,1.375,-1.375,-1.375,1,128,False
+,50,99,50,99,149,149,0,0.277099609375,-0.277099609375,-0.277099609375,1,149,True
+,51,10,51,10,61,61,1,0.0213165283203125,-0.0213165283203125,-0.0213165283203125,1,61,True
+,51,11,51,11,62,62,3,0.019256591796875,-0.019256591796875,-0.019256591796875,1,62,True
+,51,12,51,12,63,63,1,0.0024662017822265625,-0.0024662017822265625,-0.0024662017822265625,1,63,True
+,51,13,51,13,64,64,0,0.041107177734375,-0.041107177734375,-0.041107177734375,1,64,True
+,51,14,51,14,65,65,0,0.01129150390625,-0.01129150390625,-0.01129150390625,1,65,True
+,51,15,51,15,66,66,1,0.0102996826171875,-0.0102996826171875,-0.0102996826171875,1,66,True
+,51,16,51,16,67,67,0,0.025482177734375,-0.025482177734375,-0.025482177734375,1,67,True
+,51,17,51,17,68,68,2,0.1710205078125,-0.1710205078125,-0.1710205078125,1,68,True
+,51,18,51,18,69,69,0,0.035125732421875,-0.035125732421875,-0.035125732421875,1,69,True
+,51,19,51,19,70,70,0,3.16796875,-3.16796875,-3.16796875,1,80,False
+,51,20,51,20,71,71,1,0.1658935546875,-0.1658935546875,-0.1658935546875,1,71,True
+,51,21,51,21,72,72,0,0.01678466796875,-0.01678466796875,-0.01678466796875,1,72,True
+,51,22,51,22,73,73,0,0.09368896484375,-0.09368896484375,-0.09368896484375,1,73,True
+,51,23,51,23,74,74,1,0.0164794921875,-0.0164794921875,-0.0164794921875,1,74,True
+,51,24,51,24,75,75,1,0.0087432861328125,-0.0087432861328125,-0.0087432861328125,1,75,True
+,51,25,51,25,76,76,0,0.04522705078125,-0.04522705078125,-0.04522705078125,1,76,True
+,51,26,51,26,77,77,0,0.057464599609375,-0.057464599609375,-0.057464599609375,1,77,True
+,51,27,51,27,78,78,1,0.0140380859375,-0.0140380859375,-0.0140380859375,1,78,True
+,51,28,51,28,79,79,0,0.14892578125,-0.14892578125,-0.14892578125,1,79,True
+,51,29,51,29,80,80,0,0.19482421875,-0.19482421875,-0.19482421875,1,80,True
+,51,30,51,30,81,81,0,0.01812744140625,-0.01812744140625,-0.01812744140625,1,81,True
+,51,31,51,31,82,82,0,0.08160400390625,-0.08160400390625,-0.08160400390625,1,82,True
+,51,32,51,32,83,83,0,0.0546875,-0.0546875,-0.0546875,1,83,True
+,51,33,51,33,84,84,0,0.0106964111328125,-0.0106964111328125,-0.0106964111328125,1,84,True
+,51,34,51,34,85,85,2,0.035858154296875,-0.035858154296875,-0.035858154296875,1,85,True
+,51,35,51,35,86,86,0,0.03533935546875,-0.03533935546875,-0.03533935546875,1,86,True
+,51,36,51,36,87,87,0,0.006946563720703125,-0.006946563720703125,-0.006946563720703125,1,87,True
+,51,37,51,37,88,88,0,0.02569580078125,-0.02569580078125,-0.02569580078125,1,88,True
+,51,38,51,38,89,89,0,0.036529541015625,-0.036529541015625,-0.036529541015625,1,89,True
+,51,39,51,39,90,90,0,0.030914306640625,-0.030914306640625,-0.030914306640625,1,90,True
+,51,40,51,40,91,91,1,0.044525146484375,-0.044525146484375,-0.044525146484375,1,91,True
+,51,41,51,41,92,92,1,0.0433349609375,-0.0433349609375,-0.0433349609375,1,92,True
+,51,42,51,42,93,93,1,0.033966064453125,-0.033966064453125,-0.033966064453125,1,93,True
+,51,43,51,43,94,94,1,0.03851318359375,-0.03851318359375,-0.03851318359375,1,94,True
+,51,44,51,44,95,95,0,0.0679931640625,-0.0679931640625,-0.0679931640625,1,95,True
+,51,45,51,45,96,96,0,0.01361846923828125,-0.01361846923828125,-0.01361846923828125,1,96,True
+,51,46,51,46,97,97,0,0.029998779296875,-0.029998779296875,-0.029998779296875,1,97,True
+,51,47,51,47,98,98,0,0.075927734375,-0.075927734375,-0.075927734375,1,98,True
+,51,48,51,48,99,99,2,0.0166015625,-0.0166015625,-0.0166015625,1,99,True
+,51,49,51,49,100,100,0,0.0941162109375,-0.0941162109375,-0.0941162109375,1,100,True
+,51,50,51,50,101,101,2,0.0207061767578125,-0.0207061767578125,-0.0207061767578125,1,101,True
+,51,51,51,51,102,102,0,0.026123046875,-0.026123046875,-0.026123046875,1,102,True
+,51,52,51,52,103,103,0,0.10174560546875,-0.10174560546875,-0.10174560546875,1,103,True
+,51,53,51,53,104,104,1,0.2037353515625,-0.2037353515625,-0.2037353515625,1,104,True
+,51,54,51,54,105,105,0,0.0582275390625,-0.0582275390625,-0.0582275390625,1,105,True
+,51,55,51,55,106,106,0,0.0845947265625,-0.0845947265625,-0.0845947265625,1,106,True
+,51,56,51,56,107,107,0,0.169189453125,-0.169189453125,-0.169189453125,1,107,True
+,51,57,51,57,108,108,0,0.07244873046875,-0.07244873046875,-0.07244873046875,1,108,True
+,51,58,51,58,109,109,0,0.0863037109375,-0.0863037109375,-0.0863037109375,1,109,True
+,51,59,51,59,110,110,0,0.317626953125,-0.317626953125,-0.317626953125,1,110,True
+,51,60,51,60,111,111,1,0.1490478515625,-0.1490478515625,-0.1490478515625,1,111,True
+,51,61,51,61,112,112,0,0.8974609375,-0.8974609375,-0.8974609375,1,122,False
+,51,62,51,62,113,113,0,0.49658203125,-0.49658203125,-0.49658203125,1,113,True
+,51,63,51,63,114,114,0,0.90185546875,-0.90185546875,-0.90185546875,1,114,True
+,51,64,51,64,115,115,0,0.26220703125,-0.26220703125,-0.26220703125,1,115,True
+,51,65,51,65,116,116,0,0.56494140625,-0.56494140625,-0.56494140625,1,116,True
+,51,66,51,66,117,117,0,0.1307373046875,-0.1307373046875,-0.1307373046875,1,117,True
+,51,67,51,67,118,118,0,0.26171875,-0.26171875,-0.26171875,1,118,True
+,51,68,51,68,119,119,0,1.8359375,-1.8359375,-1.8359375,1,109,False
+,51,69,51,69,120,120,0,0.1348876953125,-0.1348876953125,-0.1348876953125,1,120,True
+,51,70,51,70,121,121,0,0.354248046875,-0.354248046875,-0.354248046875,1,121,True
+,51,71,51,71,122,122,0,0.338134765625,-0.338134765625,-0.338134765625,1,122,True
+,51,72,51,72,123,123,0,0.42431640625,-0.42431640625,-0.42431640625,1,123,True
+,51,73,51,73,124,124,0,0.892578125,-0.892578125,-0.892578125,1,124,True
+,51,74,51,74,125,125,0,0.69677734375,-0.69677734375,-0.69677734375,1,125,True
+,51,75,51,75,126,126,0,0.4384765625,-0.4384765625,-0.4384765625,1,126,True
+,51,76,51,76,127,127,1,0.4609375,-0.4609375,-0.4609375,1,127,True
+,51,77,51,77,128,128,0,0.6591796875,-0.6591796875,-0.6591796875,1,128,True
+,51,78,51,78,129,129,0,0.63671875,-0.63671875,-0.63671875,1,129,True
+,51,79,51,79,130,130,0,0.7529296875,-0.7529296875,-0.7529296875,1,130,True
+,51,80,51,80,131,131,0,1.6767578125,-1.6767578125,-1.6767578125,1,121,False
+,51,81,51,81,132,132,0,1.255859375,-1.255859375,-1.255859375,1,122,False
+,51,82,51,82,133,133,0,2.931640625,-2.931640625,-2.931640625,1,113,False
+,51,83,51,83,134,134,0,1.4287109375,-1.4287109375,-1.4287109375,1,124,False
+,51,84,51,84,135,135,0,0.6689453125,-0.6689453125,-0.6689453125,1,135,True
+,51,85,51,85,136,136,0,1.1376953125,-1.1376953125,-1.1376953125,1,116,False
+,51,86,51,86,137,137,0,2.302734375,-2.302734375,-2.302734375,1,127,False
+,51,87,51,87,138,138,0,0.4248046875,-0.4248046875,-0.4248046875,1,138,True
+,51,88,51,88,139,139,0,0.50244140625,-0.50244140625,-0.50244140625,1,139,True
+,51,89,51,89,140,140,0,1.0224609375,-1.0224609375,-1.0224609375,1,130,False
+,51,90,51,90,141,141,0,0.279541015625,-0.279541015625,-0.279541015625,1,141,True
+,51,91,51,91,142,142,0,0.46875,-0.46875,-0.46875,1,142,True
+,51,92,51,92,143,143,2,1.244140625,-1.244140625,-1.244140625,1,133,False
+,51,93,51,93,144,144,0,0.438232421875,-0.438232421875,-0.438232421875,1,144,True
+,51,94,51,94,145,145,0,0.908203125,-0.908203125,-0.908203125,1,145,True
+,51,95,51,95,146,146,0,1.1171875,-1.1171875,-1.1171875,1,136,False
+,51,96,51,96,147,147,0,0.434326171875,-0.434326171875,-0.434326171875,1,147,True
+,51,97,51,97,148,148,0,2.693359375,-2.693359375,-2.693359375,1,128,False
+,51,98,51,98,149,149,0,0.517578125,-0.517578125,-0.517578125,1,149,True
+,51,99,51,99,150,150,0,0.60400390625,-0.60400390625,-0.60400390625,1,150,True
+,52,10,52,10,62,62,1,0.0509033203125,-0.0509033203125,-0.0509033203125,1,62,True
+,52,11,52,11,63,63,0,0.02593994140625,-0.02593994140625,-0.02593994140625,1,63,True
+,52,12,52,12,64,64,4,0.065185546875,-0.065185546875,-0.065185546875,1,64,True
+,52,13,52,13,65,65,3,0.034942626953125,-0.034942626953125,-0.034942626953125,1,65,True
+,52,14,52,14,66,66,2,0.01016998291015625,-0.01016998291015625,-0.01016998291015625,1,66,True
+,52,15,52,15,67,67,0,0.03851318359375,-0.03851318359375,-0.03851318359375,1,67,True
+,52,16,52,16,68,68,0,0.0709228515625,-0.0709228515625,-0.0709228515625,1,68,True
+,52,17,52,17,69,69,0,0.130859375,-0.130859375,-0.130859375,1,69,True
+,52,18,52,18,70,70,0,0.054046630859375,-0.054046630859375,-0.054046630859375,1,70,True
+,52,19,52,19,71,71,0,2.248046875,-2.248046875,-2.248046875,1,81,False
+,52,20,52,20,72,72,2,0.3916015625,-0.3916015625,-0.3916015625,1,72,True
+,52,21,52,21,73,73,0,0.11102294921875,-0.11102294921875,-0.11102294921875,1,73,True
+,52,22,52,22,74,74,0,0.2724609375,-0.2724609375,-0.2724609375,1,74,True
+,52,23,52,23,75,75,1,0.01494598388671875,-0.01494598388671875,-0.01494598388671875,1,75,True
+,52,24,52,24,76,76,2,0.00968170166015625,-0.00968170166015625,-0.00968170166015625,1,76,True
+,52,25,52,25,77,77,1,0.04388427734375,-0.04388427734375,-0.04388427734375,1,77,True
+,52,26,52,26,78,78,0,0.083251953125,-0.083251953125,-0.083251953125,1,78,True
+,52,27,52,27,79,79,1,0.049835205078125,-0.049835205078125,-0.049835205078125,1,79,True
+,52,28,52,28,80,80,0,0.467529296875,-0.467529296875,-0.467529296875,1,80,True
+,52,29,52,29,81,81,0,0.09686279296875,-0.09686279296875,-0.09686279296875,1,81,True
+,52,30,52,30,82,82,2,0.04547119140625,-0.04547119140625,-0.04547119140625,1,82,True
+,52,31,52,31,83,83,0,0.3544921875,-0.3544921875,-0.3544921875,1,83,True
+,52,32,52,32,84,84,0,0.2061767578125,-0.2061767578125,-0.2061767578125,1,84,True
+,52,33,52,33,85,85,0,0.041748046875,-0.041748046875,-0.041748046875,1,85,True
+,52,34,52,34,86,86,0,0.04052734375,-0.04052734375,-0.04052734375,1,86,True
+,52,35,52,35,87,87,2,0.0220794677734375,-0.0220794677734375,-0.0220794677734375,1,87,True
+,52,36,52,36,88,88,0,0.09967041015625,-0.09967041015625,-0.09967041015625,1,88,True
+,52,37,52,37,89,89,0,0.08001708984375,-0.08001708984375,-0.08001708984375,1,89,True
+,52,38,52,38,90,90,0,0.103515625,-0.103515625,-0.103515625,1,90,True
+,52,39,52,39,91,91,0,0.039886474609375,-0.039886474609375,-0.039886474609375,1,91,True
+,52,40,52,40,92,92,1,0.038726806640625,-0.038726806640625,-0.038726806640625,1,92,True
+,52,41,52,41,93,93,0,0.044464111328125,-0.044464111328125,-0.044464111328125,1,93,True
+,52,42,52,42,94,94,0,0.393798828125,-0.393798828125,-0.393798828125,1,94,True
+,52,43,52,43,95,95,0,0.204345703125,-0.204345703125,-0.204345703125,1,95,True
+,52,44,52,44,96,96,0,0.095458984375,-0.095458984375,-0.095458984375,1,96,True
+,52,45,52,45,97,97,1,0.06695556640625,-0.06695556640625,-0.06695556640625,1,97,True
+,52,46,52,46,98,98,0,0.12103271484375,-0.12103271484375,-0.12103271484375,1,98,True
+,52,47,52,47,99,99,1,0.0311279296875,-0.0311279296875,-0.0311279296875,1,99,True
+,52,48,52,48,100,100,3,0.12371826171875,-0.12371826171875,-0.12371826171875,1,100,True
+,52,49,52,49,101,101,0,0.65380859375,-0.65380859375,-0.65380859375,1,101,True
+,52,50,52,50,102,102,0,0.06353759765625,-0.06353759765625,-0.06353759765625,1,102,True
+,52,51,52,51,103,103,0,0.333251953125,-0.333251953125,-0.333251953125,1,103,True
+,52,52,52,52,104,104,0,0.09619140625,-0.09619140625,-0.09619140625,1,104,True
+,52,53,52,53,105,105,0,0.0281219482421875,-0.0281219482421875,-0.0281219482421875,1,105,True
+,52,54,52,54,106,106,0,0.0679931640625,-0.0679931640625,-0.0679931640625,1,106,True
+,52,55,52,55,107,107,0,0.45751953125,-0.45751953125,-0.45751953125,1,107,True
+,52,56,52,56,108,108,0,0.250244140625,-0.250244140625,-0.250244140625,1,108,True
+,52,57,52,57,109,109,0,0.049468994140625,-0.049468994140625,-0.049468994140625,1,109,True
+,52,58,52,58,110,110,0,0.82177734375,-0.82177734375,-0.82177734375,1,110,True
+,52,59,52,59,111,111,1,0.369140625,-0.369140625,-0.369140625,1,111,True
+,52,60,52,60,112,112,0,0.98779296875,-0.98779296875,-0.98779296875,1,122,False
+,52,61,52,61,113,113,1,0.65673828125,-0.65673828125,-0.65673828125,1,113,True
+,52,62,52,62,114,114,0,0.689453125,-0.689453125,-0.689453125,1,114,True
+,52,63,52,63,115,115,0,0.63916015625,-0.63916015625,-0.63916015625,1,115,True
+,52,64,52,64,116,116,1,0.176025390625,-0.176025390625,-0.176025390625,1,116,True
+,52,65,52,65,117,117,0,0.1619873046875,-0.1619873046875,-0.1619873046875,1,117,True
+,52,66,52,66,118,118,0,0.333984375,-0.333984375,-0.333984375,1,118,True
+,52,67,52,67,119,119,0,1.0546875,-1.0546875,-1.0546875,1,109,False
+,52,68,52,68,120,120,1,1.009765625,-1.009765625,-1.009765625,1,120,True
+,52,69,52,69,121,121,0,0.134765625,-0.134765625,-0.134765625,1,121,True
+,52,70,52,70,122,122,0,0.1497802734375,-0.1497802734375,-0.1497802734375,1,122,True
+,52,71,52,71,123,123,0,0.5283203125,-0.5283203125,-0.5283203125,1,123,True
+,52,72,52,72,124,124,0,2.63671875,-2.63671875,-2.63671875,1,122,False
+,52,73,52,73,125,125,0,1.25390625,-1.25390625,-1.25390625,1,115,False
+,52,74,52,74,126,126,0,0.304931640625,-0.304931640625,-0.304931640625,1,126,True
+,52,75,52,75,127,127,0,0.41748046875,-0.41748046875,-0.41748046875,1,127,True
+,52,76,52,76,128,128,0,2.509765625,-2.509765625,-2.509765625,1,118,False
+,52,77,52,77,129,129,0,0.79150390625,-0.79150390625,-0.79150390625,1,129,True
+,52,78,52,78,130,130,0,1.15234375,-1.15234375,-1.15234375,1,130,True
+,52,79,52,79,131,131,0,1.205078125,-1.205078125,-1.205078125,1,121,False
+,52,80,52,80,132,132,0,2.537109375,-2.537109375,-2.537109375,1,122,False
+,52,81,52,81,133,133,0,2.0703125,-2.0703125,-2.0703125,1,123,False
+,52,82,52,82,134,134,0,3.537109375,-3.537109375,-3.537109375,1,122,False
+,52,83,52,83,135,135,0,1.00390625,-1.00390625,-1.00390625,1,135,True
+,52,84,52,84,136,136,1,1.1884765625,-1.1884765625,-1.1884765625,1,136,True
+,52,85,52,85,137,137,0,2.193359375,-2.193359375,-2.193359375,1,127,False
+,52,86,52,86,138,138,0,1.0869140625,-1.0869140625,-1.0869140625,1,128,False
+,52,87,52,87,139,139,0,1.435546875,-1.435546875,-1.435546875,1,129,False
+,52,88,52,88,140,140,0,2.560546875,-2.560546875,-2.560546875,1,130,False
+,52,89,52,89,141,141,0,0.36279296875,-0.36279296875,-0.36279296875,1,141,True
+,52,90,52,90,142,142,0,0.409912109375,-0.409912109375,-0.409912109375,1,142,True
+,52,91,52,91,143,143,0,0.71484375,-0.71484375,-0.71484375,1,143,True
+,52,92,52,92,144,144,0,2.267578125,-2.267578125,-2.267578125,1,143,False
+,52,93,52,93,145,145,0,0.865234375,-0.865234375,-0.865234375,1,145,True
+,52,94,52,94,146,146,0,0.9794921875,-0.9794921875,-0.9794921875,1,146,True
+,52,95,52,95,147,147,0,0.77392578125,-0.77392578125,-0.77392578125,1,147,True
+,52,96,52,96,148,148,0,2.111328125,-2.111328125,-2.111328125,1,128,False
+,52,97,52,97,149,149,0,2.14453125,-2.14453125,-2.14453125,1,129,False
+,52,98,52,98,150,150,0,1.8916015625,-1.8916015625,-1.8916015625,1,130,False
+,52,99,52,99,151,151,0,1.7607421875,-1.7607421875,-1.7607421875,1,141,False
+,53,10,53,10,63,63,2,0.049041748046875,-0.049041748046875,-0.049041748046875,1,63,True
+,53,11,53,11,64,64,2,0.1048583984375,-0.1048583984375,-0.1048583984375,1,64,True
+,53,12,53,12,65,65,1,0.016571044921875,-0.016571044921875,-0.016571044921875,1,65,True
+,53,13,53,13,66,66,0,0.1395263671875,-0.1395263671875,-0.1395263671875,1,66,True
+,53,14,53,14,67,67,1,0.04278564453125,-0.04278564453125,-0.04278564453125,1,67,True
+,53,15,53,15,68,68,0,0.0222320556640625,-0.0222320556640625,-0.0222320556640625,1,68,True
+,53,16,53,16,69,69,0,0.07122802734375,-0.07122802734375,-0.07122802734375,1,69,True
+,53,17,53,17,70,70,0,0.1419677734375,-0.1419677734375,-0.1419677734375,1,70,True
+,53,18,53,18,71,71,0,0.0264892578125,-0.0264892578125,-0.0264892578125,1,71,True
+,53,19,53,19,72,72,0,1.3642578125,-1.3642578125,-1.3642578125,1,82,False
+,53,20,53,20,73,73,3,0.452880859375,-0.452880859375,-0.452880859375,1,73,True
+,53,21,53,21,74,74,2,0.03582763671875,-0.03582763671875,-0.03582763671875,1,74,True
+,53,22,53,22,75,75,2,0.147705078125,-0.147705078125,-0.147705078125,1,75,True
+,53,23,53,23,76,76,3,0.0478515625,-0.0478515625,-0.0478515625,1,76,True
+,53,24,53,24,77,77,0,0.07952880859375,-0.07952880859375,-0.07952880859375,1,77,True
+,53,25,53,25,78,78,0,0.305908203125,-0.305908203125,-0.305908203125,1,78,True
+,53,26,53,26,79,79,2,0.323486328125,-0.323486328125,-0.323486328125,1,79,True
+,53,27,53,27,80,80,0,0.0086669921875,-0.0086669921875,-0.0086669921875,1,80,True
+,53,28,53,28,81,81,0,0.07000732421875,-0.07000732421875,-0.07000732421875,1,81,True
+,53,29,53,29,82,82,1,0.07098388671875,-0.07098388671875,-0.07098388671875,1,82,True
+,53,30,53,30,83,83,1,0.0162200927734375,-0.0162200927734375,-0.0162200927734375,1,83,True
+,53,31,53,31,84,84,0,0.054473876953125,-0.054473876953125,-0.054473876953125,1,84,True
+,53,32,53,32,85,85,0,0.0369873046875,-0.0369873046875,-0.0369873046875,1,85,True
+,53,33,53,33,86,86,0,0.20263671875,-0.20263671875,-0.20263671875,1,86,True
+,53,34,53,34,87,87,0,0.031341552734375,-0.031341552734375,-0.031341552734375,1,87,True
+,53,35,53,35,88,88,1,0.0308685302734375,-0.0308685302734375,-0.0308685302734375,1,88,True
+,53,36,53,36,89,89,0,0.025421142578125,-0.025421142578125,-0.025421142578125,1,89,True
+,53,37,53,37,90,90,0,0.025390625,-0.025390625,-0.025390625,1,90,True
+,53,38,53,38,91,91,1,0.0166473388671875,-0.0166473388671875,-0.0166473388671875,1,91,True
+,53,39,53,39,92,92,1,0.01091766357421875,-0.01091766357421875,-0.01091766357421875,1,92,True
+,53,40,53,40,93,93,0,0.01041412353515625,-0.01041412353515625,-0.01041412353515625,1,93,True
+,53,41,53,41,94,94,0,0.07965087890625,-0.07965087890625,-0.07965087890625,1,94,True
+,53,42,53,42,95,95,0,0.09503173828125,-0.09503173828125,-0.09503173828125,1,95,True
+,53,43,53,43,96,96,0,0.07135009765625,-0.07135009765625,-0.07135009765625,1,96,True
+,53,44,53,44,97,97,0,0.04754638671875,-0.04754638671875,-0.04754638671875,1,97,True
+,53,45,53,45,98,98,1,0.07855224609375,-0.07855224609375,-0.07855224609375,1,98,True
+,53,46,53,46,99,99,0,0.0333251953125,-0.0333251953125,-0.0333251953125,1,99,True
+,53,47,53,47,100,100,0,0.185302734375,-0.185302734375,-0.185302734375,1,100,True
+,53,48,53,48,101,101,0,0.0499267578125,-0.0499267578125,-0.0499267578125,1,101,True
+,53,49,53,49,102,102,1,0.213623046875,-0.213623046875,-0.213623046875,1,102,True
+,53,50,53,50,103,103,0,0.1949462890625,-0.1949462890625,-0.1949462890625,1,103,True
+,53,51,53,51,104,104,1,0.09039306640625,-0.09039306640625,-0.09039306640625,1,104,True
+,53,52,53,52,105,105,0,0.035736083984375,-0.035736083984375,-0.035736083984375,1,105,True
+,53,53,53,53,106,106,0,0.68701171875,-0.68701171875,-0.68701171875,1,106,True
+,53,54,53,54,107,107,0,0.450439453125,-0.450439453125,-0.450439453125,1,107,True
+,53,55,53,55,108,108,0,0.0782470703125,-0.0782470703125,-0.0782470703125,1,108,True
+,53,56,53,56,109,109,0,0.0823974609375,-0.0823974609375,-0.0823974609375,1,109,True
+,53,57,53,57,110,110,1,0.40380859375,-0.40380859375,-0.40380859375,1,110,True
+,53,58,53,58,111,111,0,0.271484375,-0.271484375,-0.271484375,1,111,True
+,53,59,53,59,112,112,0,0.53125,-0.53125,-0.53125,1,112,True
+,53,60,53,60,113,113,1,0.06170654296875,-0.06170654296875,-0.06170654296875,1,113,True
+,53,61,53,61,114,114,0,0.5478515625,-0.5478515625,-0.5478515625,1,114,True
+,53,62,53,62,115,115,0,0.6025390625,-0.6025390625,-0.6025390625,1,115,True
+,53,63,53,63,116,116,0,0.445556640625,-0.445556640625,-0.445556640625,1,116,True
+,53,64,53,64,117,117,0,0.100830078125,-0.100830078125,-0.100830078125,1,117,True
+,53,65,53,65,118,118,0,0.493408203125,-0.493408203125,-0.493408203125,1,118,True
+,53,66,53,66,119,119,0,0.779296875,-0.779296875,-0.779296875,1,109,False
+,53,67,53,67,120,120,0,0.06732177734375,-0.06732177734375,-0.06732177734375,1,120,True
+,53,68,53,68,121,121,0,0.2091064453125,-0.2091064453125,-0.2091064453125,1,121,True
+,53,69,53,69,122,122,0,0.0948486328125,-0.0948486328125,-0.0948486328125,1,122,True
+,53,70,53,70,123,123,1,1.1123046875,-1.1123046875,-1.1123046875,1,113,False
+,53,71,53,71,124,124,0,1.67578125,-1.67578125,-1.67578125,1,114,False
+,53,72,53,72,125,125,1,2.18359375,-2.18359375,-2.18359375,1,115,False
+,53,73,53,73,126,126,0,0.47021484375,-0.47021484375,-0.47021484375,1,126,True
+,53,74,53,74,127,127,0,0.86572265625,-0.86572265625,-0.86572265625,1,127,True
+,53,75,53,75,128,128,2,1.5927734375,-1.5927734375,-1.5927734375,1,118,False
+,53,76,53,76,129,129,0,1.82421875,-1.82421875,-1.82421875,1,119,False
+,53,77,53,77,130,130,0,3.0625,-3.0625,-3.0625,1,120,False
+,53,78,53,78,131,131,0,4.015625,-4.015625,-4.015625,1,121,False
+,53,79,53,79,132,132,0,1.1884765625,-1.1884765625,-1.1884765625,1,122,False
+,53,80,53,80,133,133,0,2.927734375,-2.927734375,-2.927734375,1,123,False
+,53,81,53,81,134,134,0,2.626953125,-2.626953125,-2.626953125,1,124,False
+,53,82,53,82,135,135,1,2.833984375,-2.833984375,-2.833984375,1,125,False
+,53,83,53,83,136,136,0,2.921875,-2.921875,-2.921875,1,126,False
+,53,84,53,84,137,137,0,1.92578125,-1.92578125,-1.92578125,1,127,False
+,53,85,53,85,138,138,0,1.462890625,-1.462890625,-1.462890625,1,128,False
+,53,86,53,86,139,139,0,2.37109375,-2.37109375,-2.37109375,1,129,False
+,53,87,53,87,140,140,0,1.45703125,-1.45703125,-1.45703125,1,130,False
+,53,88,53,88,141,141,0,0.2763671875,-0.2763671875,-0.2763671875,1,141,True
+,53,89,53,89,142,142,0,0.378173828125,-0.378173828125,-0.378173828125,1,142,True
+,53,90,53,90,143,143,0,0.5625,-0.5625,-0.5625,1,143,True
+,53,91,53,91,144,144,0,0.310546875,-0.310546875,-0.310546875,1,144,True
+,53,92,53,92,145,145,0,1.6103515625,-1.6103515625,-1.6103515625,1,125,False
+,53,93,53,93,146,146,0,1.1494140625,-1.1494140625,-1.1494140625,1,146,True
+,53,94,53,94,147,147,0,0.8466796875,-0.8466796875,-0.8466796875,1,147,True
+,53,95,53,95,148,148,0,1.4111328125,-1.4111328125,-1.4111328125,1,128,False
+,53,96,53,96,149,149,0,1.365234375,-1.365234375,-1.365234375,1,129,False
+,53,97,53,97,150,150,0,1.462890625,-1.462890625,-1.462890625,1,150,True
+,53,98,53,98,151,151,0,1.1005859375,-1.1005859375,-1.1005859375,1,141,False
+,53,99,53,99,152,152,0,1.3203125,-1.3203125,-1.3203125,1,142,False
+,54,10,54,10,64,64,1,0.0491943359375,-0.0491943359375,-0.0491943359375,1,64,True
+,54,11,54,11,65,65,2,0.030426025390625,-0.030426025390625,-0.030426025390625,1,65,True
+,54,12,54,12,66,66,4,0.0384521484375,-0.0384521484375,-0.0384521484375,1,66,True
+,54,13,54,13,67,67,2,0.2037353515625,-0.2037353515625,-0.2037353515625,1,67,True
+,54,14,54,14,68,68,3,0.0533447265625,-0.0533447265625,-0.0533447265625,1,68,True
+,54,15,54,15,69,69,1,0.019561767578125,-0.019561767578125,-0.019561767578125,1,69,True
+,54,16,54,16,70,70,0,0.0144500732421875,-0.0144500732421875,-0.0144500732421875,1,70,True
+,54,17,54,17,71,71,0,0.0214385986328125,-0.0214385986328125,-0.0214385986328125,1,71,True
+,54,18,54,18,72,72,1,0.04608154296875,-0.04608154296875,-0.04608154296875,1,72,True
+,54,19,54,19,73,73,0,2.529296875,-2.529296875,-2.529296875,1,83,False
+,54,20,54,20,74,74,3,0.072509765625,-0.072509765625,-0.072509765625,1,74,True
+,54,21,54,21,75,75,1,0.063720703125,-0.063720703125,-0.063720703125,1,75,True
+,54,22,54,22,76,76,2,0.1328125,-0.1328125,-0.1328125,1,76,True
+,54,23,54,23,77,77,1,0.0207061767578125,-0.0207061767578125,-0.0207061767578125,1,77,True
+,54,24,54,24,78,78,2,0.10125732421875,-0.10125732421875,-0.10125732421875,1,78,True
+,54,25,54,25,79,79,1,0.7119140625,-0.7119140625,-0.7119140625,1,89,False
+,54,26,54,26,80,80,0,0.05645751953125,-0.05645751953125,-0.05645751953125,1,80,True
+,54,27,54,27,81,81,3,0.0184478759765625,-0.0184478759765625,-0.0184478759765625,1,81,True
+,54,28,54,28,82,82,2,0.038970947265625,-0.038970947265625,-0.038970947265625,1,82,True
+,54,29,54,29,83,83,0,0.1226806640625,-0.1226806640625,-0.1226806640625,1,83,True
+,54,30,54,30,84,84,0,0.00508880615234375,-0.00508880615234375,-0.00508880615234375,1,84,True
+,54,31,54,31,85,85,1,0.362060546875,-0.362060546875,-0.362060546875,1,85,True
+,54,32,54,32,86,86,1,0.046875,-0.046875,-0.046875,1,86,True
+,54,33,54,33,87,87,0,0.050079345703125,-0.050079345703125,-0.050079345703125,1,87,True
+,54,34,54,34,88,88,0,0.1273193359375,-0.1273193359375,-0.1273193359375,1,88,True
+,54,35,54,35,89,89,0,0.037567138671875,-0.037567138671875,-0.037567138671875,1,89,True
+,54,36,54,36,90,90,2,0.0118408203125,-0.0118408203125,-0.0118408203125,1,90,True
+,54,37,54,37,91,91,0,0.07354736328125,-0.07354736328125,-0.07354736328125,1,91,True
+,54,38,54,38,92,92,0,0.028717041015625,-0.028717041015625,-0.028717041015625,1,92,True
+,54,39,54,39,93,93,0,0.0108489990234375,-0.0108489990234375,-0.0108489990234375,1,93,True
+,54,40,54,40,94,94,0,0.006908416748046875,-0.006908416748046875,-0.006908416748046875,1,94,True
+,54,41,54,41,95,95,0,0.0110015869140625,-0.0110015869140625,-0.0110015869140625,1,95,True
+,54,42,54,42,96,96,1,0.11572265625,-0.11572265625,-0.11572265625,1,96,True
+,54,43,54,43,97,97,0,0.087158203125,-0.087158203125,-0.087158203125,1,97,True
+,54,44,54,44,98,98,0,0.016448974609375,-0.016448974609375,-0.016448974609375,1,98,True
+,54,45,54,45,99,99,2,0.0172882080078125,-0.0172882080078125,-0.0172882080078125,1,99,True
+,54,46,54,46,100,100,0,0.09600830078125,-0.09600830078125,-0.09600830078125,1,100,True
+,54,47,54,47,101,101,1,0.042388916015625,-0.042388916015625,-0.042388916015625,1,101,True
+,54,48,54,48,102,102,1,0.060150146484375,-0.060150146484375,-0.060150146484375,1,102,True
+,54,49,54,49,103,103,0,0.39306640625,-0.39306640625,-0.39306640625,1,103,True
+,54,50,54,50,104,104,0,0.097900390625,-0.097900390625,-0.097900390625,1,104,True
+,54,51,54,51,105,105,0,0.040435791015625,-0.040435791015625,-0.040435791015625,1,105,True
+,54,52,54,52,106,106,0,0.035980224609375,-0.035980224609375,-0.035980224609375,1,106,True
+,54,53,54,53,107,107,2,0.5537109375,-0.5537109375,-0.5537109375,1,107,True
+,54,54,54,54,108,108,6,0.28466796875,-0.28466796875,-0.28466796875,1,108,True
+,54,55,54,55,109,109,0,0.02630615234375,-0.02630615234375,-0.02630615234375,1,109,True
+,54,56,54,56,110,110,1,0.236572265625,-0.236572265625,-0.236572265625,1,110,True
+,54,57,54,57,111,111,0,0.0200347900390625,-0.0200347900390625,-0.0200347900390625,1,111,True
+,54,58,54,58,112,112,0,0.1751708984375,-0.1751708984375,-0.1751708984375,1,112,True
+,54,59,54,59,113,113,0,0.05560302734375,-0.05560302734375,-0.05560302734375,1,113,True
+,54,60,54,60,114,114,0,0.0086517333984375,-0.0086517333984375,-0.0086517333984375,1,114,True
+,54,61,54,61,115,115,0,0.2386474609375,-0.2386474609375,-0.2386474609375,1,115,True
+,54,62,54,62,116,116,0,0.1318359375,-0.1318359375,-0.1318359375,1,116,True
+,54,63,54,63,117,117,0,1.130859375,-1.130859375,-1.130859375,1,111,False
+,54,64,54,64,118,118,0,0.421142578125,-0.421142578125,-0.421142578125,1,118,True
+,54,65,54,65,119,119,0,1.142578125,-1.142578125,-1.142578125,1,109,False
+,54,66,54,66,120,120,0,0.0643310546875,-0.0643310546875,-0.0643310546875,1,120,True
+,54,67,54,67,121,121,0,0.04376220703125,-0.04376220703125,-0.04376220703125,1,121,True
+,54,68,54,68,122,122,0,0.039947509765625,-0.039947509765625,-0.039947509765625,1,122,True
+,54,69,54,69,123,123,0,0.2210693359375,-0.2210693359375,-0.2210693359375,1,123,True
+,54,70,54,70,124,124,0,0.76904296875,-0.76904296875,-0.76904296875,1,124,True
+,54,71,54,71,125,125,0,0.263427734375,-0.263427734375,-0.263427734375,1,125,True
+,54,72,54,72,126,126,0,0.61376953125,-0.61376953125,-0.61376953125,1,126,True
+,54,73,54,73,127,127,0,0.55322265625,-0.55322265625,-0.55322265625,1,127,True
+,54,74,54,74,128,128,0,1.9033203125,-1.9033203125,-1.9033203125,1,118,False
+,54,75,54,75,129,129,0,0.869140625,-0.869140625,-0.869140625,1,129,True
+,54,76,54,76,130,130,0,2.048828125,-2.048828125,-2.048828125,1,110,False
+,54,77,54,77,131,131,0,3.287109375,-3.287109375,-3.287109375,1,121,False
+,54,78,54,78,132,132,0,1.04296875,-1.04296875,-1.04296875,1,132,True
+,54,79,54,79,133,133,0,0.98046875,-0.98046875,-0.98046875,1,133,True
+,54,80,54,80,134,134,0,0.2156982421875,-0.2156982421875,-0.2156982421875,1,134,True
+,54,81,54,81,135,135,1,0.58203125,-0.58203125,-0.58203125,1,135,True
+,54,82,54,82,136,136,0,2.83984375,-2.83984375,-2.83984375,1,116,False
+,54,83,54,83,137,137,0,1.7646484375,-1.7646484375,-1.7646484375,1,127,False
+,54,84,54,84,138,138,1,0.57421875,-0.57421875,-0.57421875,1,138,True
+,54,85,54,85,139,139,0,0.7939453125,-0.7939453125,-0.7939453125,1,139,True
+,54,86,54,86,140,140,0,2.669921875,-2.669921875,-2.669921875,1,130,False
+,54,87,54,87,141,141,0,0.261474609375,-0.261474609375,-0.261474609375,1,141,True
+,54,88,54,88,142,142,0,0.295654296875,-0.295654296875,-0.295654296875,1,142,True
+,54,89,54,89,143,143,0,0.431640625,-0.431640625,-0.431640625,1,143,True
+,54,90,54,90,144,144,0,0.69921875,-0.69921875,-0.69921875,1,144,True
+,54,91,54,91,145,145,0,0.402587890625,-0.402587890625,-0.402587890625,1,145,True
+,54,92,54,92,146,146,0,2.46484375,-2.46484375,-2.46484375,1,127,False
+,54,93,54,93,147,147,0,0.69970703125,-0.69970703125,-0.69970703125,1,147,True
+,54,94,54,94,148,148,0,2.689453125,-2.689453125,-2.689453125,1,128,False
+,54,95,54,95,149,149,0,1.6328125,-1.6328125,-1.6328125,1,139,False
+,54,96,54,96,150,150,0,0.7158203125,-0.7158203125,-0.7158203125,1,150,True
+,54,97,54,97,151,151,0,1.2177734375,-1.2177734375,-1.2177734375,1,121,False
+,54,98,54,98,152,152,0,2.052734375,-2.052734375,-2.052734375,1,142,False
+,54,99,54,99,153,153,0,0.4521484375,-0.4521484375,-0.4521484375,1,153,True
+,55,10,55,10,65,65,2,0.0287017822265625,-0.0287017822265625,-0.0287017822265625,1,65,True
+,55,11,55,11,66,66,2,0.0280303955078125,-0.0280303955078125,-0.0280303955078125,1,66,True
+,55,12,55,12,67,67,1,0.0850830078125,-0.0850830078125,-0.0850830078125,1,67,True
+,55,13,55,13,68,68,0,0.05633544921875,-0.05633544921875,-0.05633544921875,1,68,True
+,55,14,55,14,69,69,0,0.11724853515625,-0.11724853515625,-0.11724853515625,1,69,True
+,55,15,55,15,70,70,4,0.035491943359375,-0.035491943359375,-0.035491943359375,1,70,True
+,55,16,55,16,71,71,0,0.060272216796875,-0.060272216796875,-0.060272216796875,1,71,True
+,55,17,55,17,72,72,0,0.0980224609375,-0.0980224609375,-0.0980224609375,1,72,True
+,55,18,55,18,73,73,1,0.86962890625,-0.86962890625,-0.86962890625,1,83,False
+,55,19,55,19,74,74,0,3.537109375,-3.537109375,-3.537109375,1,84,False
+,55,20,55,20,75,75,0,0.34033203125,-0.34033203125,-0.34033203125,1,75,True
+,55,21,55,21,76,76,2,0.55419921875,-0.55419921875,-0.55419921875,1,76,True
+,55,22,55,22,77,77,2,0.319580078125,-0.319580078125,-0.319580078125,1,77,True
+,55,23,55,23,78,78,0,0.19189453125,-0.19189453125,-0.19189453125,1,78,True
+,55,24,55,24,79,79,0,0.62109375,-0.62109375,-0.62109375,1,79,True
+,55,25,55,25,80,80,2,0.91162109375,-0.91162109375,-0.91162109375,1,90,False
+,55,26,55,26,81,81,0,0.9892578125,-0.9892578125,-0.9892578125,1,91,False
+,55,27,55,27,82,82,1,0.055419921875,-0.055419921875,-0.055419921875,1,82,True
+,55,28,55,28,83,83,0,0.302490234375,-0.302490234375,-0.302490234375,1,83,True
+,55,29,55,29,84,84,0,0.0306396484375,-0.0306396484375,-0.0306396484375,1,84,True
+,55,30,55,30,85,85,1,0.11846923828125,-0.11846923828125,-0.11846923828125,1,85,True
+,55,31,55,31,86,86,1,0.471923828125,-0.471923828125,-0.471923828125,1,86,True
+,55,32,55,32,87,87,2,0.1396484375,-0.1396484375,-0.1396484375,1,87,True
+,55,33,55,33,88,88,0,0.0841064453125,-0.0841064453125,-0.0841064453125,1,88,True
+,55,34,55,34,89,89,4,0.27001953125,-0.27001953125,-0.27001953125,1,89,True
+,55,35,55,35,90,90,2,0.1650390625,-0.1650390625,-0.1650390625,1,90,True
+,55,36,55,36,91,91,2,0.06402587890625,-0.06402587890625,-0.06402587890625,1,91,True
+,55,37,55,37,92,92,1,0.0460205078125,-0.0460205078125,-0.0460205078125,1,92,True
+,55,38,55,38,93,93,0,0.036163330078125,-0.036163330078125,-0.036163330078125,1,93,True
+,55,39,55,39,94,94,0,0.08233642578125,-0.08233642578125,-0.08233642578125,1,94,True
+,55,40,55,40,95,95,5,0.0214080810546875,-0.0214080810546875,-0.0214080810546875,1,95,True
+,55,41,55,41,96,96,0,0.0330810546875,-0.0330810546875,-0.0330810546875,1,96,True
+,55,42,55,42,97,97,0,0.253173828125,-0.253173828125,-0.253173828125,1,97,True
+,55,43,55,43,98,98,0,0.119384765625,-0.119384765625,-0.119384765625,1,98,True
+,55,44,55,44,99,99,0,0.04364013671875,-0.04364013671875,-0.04364013671875,1,99,True
+,55,45,55,45,100,100,2,0.1484375,-0.1484375,-0.1484375,1,100,True
+,55,46,55,46,101,101,0,0.168701171875,-0.168701171875,-0.168701171875,1,101,True
+,55,47,55,47,102,102,1,0.06878662109375,-0.06878662109375,-0.06878662109375,1,102,True
+,55,48,55,48,103,103,0,0.63525390625,-0.63525390625,-0.63525390625,1,103,True
+,55,49,55,49,104,104,0,0.23583984375,-0.23583984375,-0.23583984375,1,104,True
+,55,50,55,50,105,105,3,0.036712646484375,-0.036712646484375,-0.036712646484375,1,105,True
+,55,51,55,51,106,106,0,0.0709228515625,-0.0709228515625,-0.0709228515625,1,106,True
+,55,52,55,52,107,107,0,0.451416015625,-0.451416015625,-0.451416015625,1,107,True
+,55,53,55,53,108,108,0,0.326171875,-0.326171875,-0.326171875,1,108,True
+,55,54,55,54,109,109,0,0.05352783203125,-0.05352783203125,-0.05352783203125,1,109,True
+,55,55,55,55,110,110,11,0.045989990234375,-0.045989990234375,-0.045989990234375,1,110,True
+,55,56,55,56,111,111,0,0.032806396484375,-0.032806396484375,-0.032806396484375,1,111,True
+,55,57,55,57,112,112,0,0.08935546875,-0.08935546875,-0.08935546875,1,112,True
+,55,58,55,58,113,113,0,0.06427001953125,-0.06427001953125,-0.06427001953125,1,113,True
+,55,59,55,59,114,114,1,0.06207275390625,-0.06207275390625,-0.06207275390625,1,114,True
+,55,60,55,60,115,115,3,0.0347900390625,-0.0347900390625,-0.0347900390625,1,115,True
+,55,61,55,61,116,116,0,0.2064208984375,-0.2064208984375,-0.2064208984375,1,116,True
+,55,62,55,62,117,117,0,0.2330322265625,-0.2330322265625,-0.2330322265625,1,117,True
+,55,63,55,63,118,118,0,0.4970703125,-0.4970703125,-0.4970703125,1,118,True
+,55,64,55,64,119,119,0,2.482421875,-2.482421875,-2.482421875,1,109,False
+,55,65,55,65,120,120,4,0.273681640625,-0.273681640625,-0.273681640625,1,120,True
+,55,66,55,66,121,121,1,0.07391357421875,-0.07391357421875,-0.07391357421875,1,121,True
+,55,67,55,67,122,122,0,0.1820068359375,-0.1820068359375,-0.1820068359375,1,122,True
+,55,68,55,68,123,123,0,1.3125,-1.3125,-1.3125,1,113,False
+,55,69,55,69,124,124,0,0.94580078125,-0.94580078125,-0.94580078125,1,124,True
+,55,70,55,70,125,125,0,1.0703125,-1.0703125,-1.0703125,1,115,False
+,55,71,55,71,126,126,0,0.2734375,-0.2734375,-0.2734375,1,126,True
+,55,72,55,72,127,127,0,0.287109375,-0.287109375,-0.287109375,1,127,True
+,55,73,55,73,128,128,0,0.95703125,-0.95703125,-0.95703125,1,118,False
+,55,74,55,74,129,129,0,1.6787109375,-1.6787109375,-1.6787109375,1,109,False
+,55,75,55,75,130,130,1,2.3359375,-2.3359375,-2.3359375,1,110,False
+,55,76,55,76,131,131,0,2.767578125,-2.767578125,-2.767578125,1,121,False
+,55,77,55,77,132,132,0,1.5576171875,-1.5576171875,-1.5576171875,1,122,False
+,55,78,55,78,133,133,0,1.478515625,-1.478515625,-1.478515625,1,113,False
+,55,79,55,79,134,134,0,1.5205078125,-1.5205078125,-1.5205078125,1,144,False
+,55,80,55,80,135,135,1,1.8837890625,-1.8837890625,-1.8837890625,1,125,False
+,55,81,55,81,136,136,0,2.765625,-2.765625,-2.765625,1,116,False
+,55,82,55,82,137,137,0,5.0234375,-5.0234375,-5.0234375,1,117,False
+,55,83,55,83,138,138,0,1.18359375,-1.18359375,-1.18359375,1,128,False
+,55,84,55,84,139,139,0,0.483154296875,-0.483154296875,-0.483154296875,1,139,True
+,55,85,55,85,140,140,0,1.541015625,-1.541015625,-1.541015625,1,130,False
+,55,86,55,86,141,141,0,1.1611328125,-1.1611328125,-1.1611328125,1,131,False
+,55,87,55,87,142,142,0,0.61376953125,-0.61376953125,-0.61376953125,1,142,True
+,55,88,55,88,143,143,0,0.64697265625,-0.64697265625,-0.64697265625,1,143,True
+,55,89,55,89,144,144,3,0.324462890625,-0.324462890625,-0.324462890625,1,144,True
+,55,90,55,90,145,145,1,1.353515625,-1.353515625,-1.353515625,1,125,False
+,55,91,55,91,146,146,0,0.92724609375,-0.92724609375,-0.92724609375,1,146,True
+,55,92,55,92,147,147,0,1.1181640625,-1.1181640625,-1.1181640625,1,127,False
+,55,93,55,93,148,148,0,0.296142578125,-0.296142578125,-0.296142578125,1,148,True
+,55,94,55,94,149,149,0,1.9990234375,-1.9990234375,-1.9990234375,1,139,False
+,55,95,55,95,150,150,0,2.349609375,-2.349609375,-2.349609375,1,140,False
+,55,96,55,96,151,151,0,2.123046875,-2.123046875,-2.123046875,1,131,False
+,55,97,55,97,152,152,0,1.525390625,-1.525390625,-1.525390625,1,142,False
+,55,98,55,98,153,153,0,1.384765625,-1.384765625,-1.384765625,1,143,False
+,55,99,55,99,154,154,0,1.0302734375,-1.0302734375,-1.0302734375,1,154,True
+,56,10,56,10,66,66,2,0.0087127685546875,-0.0087127685546875,-0.0087127685546875,1,66,True
+,56,11,56,11,67,67,1,0.0263671875,-0.0263671875,-0.0263671875,1,67,True
+,56,12,56,12,68,68,1,0.005840301513671875,-0.005840301513671875,-0.005840301513671875,1,68,True
+,56,13,56,13,69,69,0,0.012847900390625,-0.012847900390625,-0.012847900390625,1,69,True
+,56,14,56,14,70,70,2,0.040985107421875,-0.040985107421875,-0.040985107421875,1,70,True
+,56,15,56,15,71,71,0,0.012939453125,-0.012939453125,-0.012939453125,1,71,True
+,56,16,56,16,72,72,2,0.036895751953125,-0.036895751953125,-0.036895751953125,1,72,True
+,56,17,56,17,73,73,0,0.1162109375,-0.1162109375,-0.1162109375,1,73,True
+,56,18,56,18,74,74,0,0.01215362548828125,-0.01215362548828125,-0.01215362548828125,1,74,True
+,56,19,56,19,75,75,0,1.9189453125,-1.9189453125,-1.9189453125,1,85,False
+,56,20,56,20,76,76,3,0.04620361328125,-0.04620361328125,-0.04620361328125,1,76,True
+,56,21,56,21,77,77,1,0.0211639404296875,-0.0211639404296875,-0.0211639404296875,1,77,True
+,56,22,56,22,78,78,1,0.01413726806640625,-0.01413726806640625,-0.01413726806640625,1,78,True
+,56,23,56,23,79,79,1,0.03216552734375,-0.03216552734375,-0.03216552734375,1,79,True
+,56,24,56,24,80,80,2,0.0153961181640625,-0.0153961181640625,-0.0153961181640625,1,80,True
+,56,25,56,25,81,81,1,0.09002685546875,-0.09002685546875,-0.09002685546875,1,81,True
+,56,26,56,26,82,82,0,0.1448974609375,-0.1448974609375,-0.1448974609375,1,82,True
+,56,27,56,27,83,83,0,0.0060882568359375,-0.0060882568359375,-0.0060882568359375,1,83,True
+,56,28,56,28,84,84,3,0.01248931884765625,-0.01248931884765625,-0.01248931884765625,1,84,True
+,56,29,56,29,85,85,1,0.444091796875,-0.444091796875,-0.444091796875,1,85,True
+,56,30,56,30,86,86,3,0.003955841064453125,-0.003955841064453125,-0.003955841064453125,1,86,True
+,56,31,56,31,87,87,0,0.4677734375,-0.4677734375,-0.4677734375,1,87,True
+,56,32,56,32,88,88,3,0.1328125,-0.1328125,-0.1328125,1,88,True
+,56,33,56,33,89,89,1,0.007274627685546875,-0.007274627685546875,-0.007274627685546875,1,89,True
+,56,34,56,34,90,90,0,0.01325225830078125,-0.01325225830078125,-0.01325225830078125,1,90,True
+,56,35,56,35,91,91,0,0.04541015625,-0.04541015625,-0.04541015625,1,91,True
+,56,36,56,36,92,92,3,0.09051513671875,-0.09051513671875,-0.09051513671875,1,92,True
+,56,37,56,37,93,93,0,0.040283203125,-0.040283203125,-0.040283203125,1,93,True
+,56,38,56,38,94,94,0,0.03131103515625,-0.03131103515625,-0.03131103515625,1,94,True
+,56,39,56,39,95,95,0,0.00591278076171875,-0.00591278076171875,-0.00591278076171875,1,95,True
+,56,40,56,40,96,96,3,0.0043487548828125,-0.0043487548828125,-0.0043487548828125,1,96,True
+,56,41,56,41,97,97,0,0.1788330078125,-0.1788330078125,-0.1788330078125,1,97,True
+,56,42,56,42,98,98,0,0.04815673828125,-0.04815673828125,-0.04815673828125,1,98,True
+,56,43,56,43,99,99,0,0.0294952392578125,-0.0294952392578125,-0.0294952392578125,1,99,True
+,56,44,56,44,100,100,0,0.071044921875,-0.071044921875,-0.071044921875,1,100,True
+,56,45,56,45,101,101,1,0.03814697265625,-0.03814697265625,-0.03814697265625,1,101,True
+,56,46,56,46,102,102,0,0.282470703125,-0.282470703125,-0.282470703125,1,102,True
+,56,47,56,47,103,103,1,0.7451171875,-0.7451171875,-0.7451171875,1,103,True
+,56,48,56,48,104,104,0,0.06884765625,-0.06884765625,-0.06884765625,1,104,True
+,56,49,56,49,105,105,0,0.462158203125,-0.462158203125,-0.462158203125,1,105,True
+,56,50,56,50,106,106,3,0.032012939453125,-0.032012939453125,-0.032012939453125,1,106,True
+,56,51,56,51,107,107,0,0.159423828125,-0.159423828125,-0.159423828125,1,107,True
+,56,52,56,52,108,108,0,0.1895751953125,-0.1895751953125,-0.1895751953125,1,108,True
+,56,53,56,53,109,109,0,0.0709228515625,-0.0709228515625,-0.0709228515625,1,109,True
+,56,54,56,54,110,110,0,0.260498046875,-0.260498046875,-0.260498046875,1,110,True
+,56,55,56,55,111,111,1,0.06982421875,-0.06982421875,-0.06982421875,1,111,True
+,56,56,56,56,112,112,2,0.1669921875,-0.1669921875,-0.1669921875,1,112,True
+,56,57,56,57,113,113,0,0.1541748046875,-0.1541748046875,-0.1541748046875,1,113,True
+,56,58,56,58,114,114,0,0.1710205078125,-0.1710205078125,-0.1710205078125,1,114,True
+,56,59,56,59,115,115,0,0.1904296875,-0.1904296875,-0.1904296875,1,115,True
+,56,60,56,60,116,116,0,0.00439453125,-0.00439453125,-0.00439453125,1,116,True
+,56,61,56,61,117,117,0,0.06304931640625,-0.06304931640625,-0.06304931640625,1,117,True
+,56,62,56,62,118,118,0,0.23193359375,-0.23193359375,-0.23193359375,1,118,True
+,56,63,56,63,119,119,0,0.21044921875,-0.21044921875,-0.21044921875,1,119,True
+,56,64,56,64,120,120,2,0.039825439453125,-0.039825439453125,-0.039825439453125,1,120,True
+,56,65,56,65,121,121,3,0.14794921875,-0.14794921875,-0.14794921875,1,121,True
+,56,66,56,66,122,122,0,0.0799560546875,-0.0799560546875,-0.0799560546875,1,122,True
+,56,67,56,67,123,123,0,0.240478515625,-0.240478515625,-0.240478515625,1,123,True
+,56,68,56,68,124,124,0,1.4560546875,-1.4560546875,-1.4560546875,1,114,False
+,56,69,56,69,125,125,0,1.40625,-1.40625,-1.40625,1,115,False
+,56,70,56,70,126,126,2,0.051422119140625,-0.051422119140625,-0.051422119140625,1,126,True
+,56,71,56,71,127,127,0,0.344482421875,-0.344482421875,-0.344482421875,1,127,True
+,56,72,56,72,128,128,0,1.6611328125,-1.6611328125,-1.6611328125,1,118,False
+,56,73,56,73,129,129,0,1.1640625,-1.1640625,-1.1640625,1,119,False
+,56,74,56,74,130,130,0,1.033203125,-1.033203125,-1.033203125,1,120,False
+,56,75,56,75,131,131,0,2.8984375,-2.8984375,-2.8984375,1,121,False
+,56,76,56,76,132,132,0,3.986328125,-3.986328125,-3.986328125,1,122,False
+,56,77,56,77,133,133,0,3.935546875,-3.935546875,-3.935546875,1,123,False
+,56,78,56,78,134,134,1,1.4599609375,-1.4599609375,-1.4599609375,1,124,False
+,56,79,56,79,135,135,0,1.33203125,-1.33203125,-1.33203125,1,125,False
+,56,80,56,80,136,136,1,2.708984375,-2.708984375,-2.708984375,1,126,False
+,56,81,56,81,137,137,0,4.34765625,-4.34765625,-4.34765625,1,127,False
+,56,82,56,82,138,138,0,1.7724609375,-1.7724609375,-1.7724609375,1,118,False
+,56,83,56,83,139,139,0,3.5,-3.5,-3.5,1,129,False
+,56,84,56,84,140,140,1,2.974609375,-2.974609375,-2.974609375,1,130,False
+,56,85,56,85,141,141,0,1.615234375,-1.615234375,-1.615234375,1,131,False
+,56,86,56,86,142,142,0,1.1064453125,-1.1064453125,-1.1064453125,1,132,False
+,56,87,56,87,143,143,0,1.984375,-1.984375,-1.984375,1,133,False
+,56,88,56,88,144,144,0,0.6982421875,-0.6982421875,-0.6982421875,1,144,True
+,56,89,56,89,145,145,1,1.2568359375,-1.2568359375,-1.2568359375,1,135,False
+,56,90,56,90,146,146,1,0.78076171875,-0.78076171875,-0.78076171875,1,146,True
+,56,91,56,91,147,147,0,0.366943359375,-0.366943359375,-0.366943359375,1,147,True
+,56,92,56,92,148,148,0,2.650390625,-2.650390625,-2.650390625,1,138,False
+,56,93,56,93,149,149,1,1.083984375,-1.083984375,-1.083984375,1,139,False
+,56,94,56,94,150,150,0,1.69921875,-1.69921875,-1.69921875,1,130,False
+,56,95,56,95,151,151,0,3.8359375,-3.8359375,-3.8359375,1,141,False
+,56,96,56,96,152,152,0,3.544921875,-3.544921875,-3.544921875,1,142,False
+,56,97,56,97,153,153,0,1.6875,-1.6875,-1.6875,1,143,False
+,56,98,56,98,154,154,0,3.267578125,-3.267578125,-3.267578125,1,144,False
+,56,99,56,99,155,155,0,1.66015625,-1.66015625,-1.66015625,1,145,False
+,57,10,57,10,67,67,0,0.046478271484375,-0.046478271484375,-0.046478271484375,1,67,True
+,57,11,57,11,68,68,2,0.01175689697265625,-0.01175689697265625,-0.01175689697265625,1,68,True
+,57,12,57,12,69,69,1,0.005741119384765625,-0.005741119384765625,-0.005741119384765625,1,69,True
+,57,13,57,13,70,70,1,0.03314208984375,-0.03314208984375,-0.03314208984375,1,70,True
+,57,14,57,14,71,71,1,0.11016845703125,-0.11016845703125,-0.11016845703125,1,71,True
+,57,15,57,15,72,72,0,0.01666259765625,-0.01666259765625,-0.01666259765625,1,72,True
+,57,16,57,16,73,73,1,0.08282470703125,-0.08282470703125,-0.08282470703125,1,73,True
+,57,17,57,17,74,74,0,0.215576171875,-0.215576171875,-0.215576171875,1,74,True
+,57,18,57,18,75,75,0,0.282958984375,-0.282958984375,-0.282958984375,1,75,True
+,57,19,57,19,76,76,1,3.583984375,-3.583984375,-3.583984375,1,86,False
+,57,20,57,20,77,77,1,1.26953125,-1.26953125,-1.26953125,1,87,False
+,57,21,57,21,78,78,0,0.234619140625,-0.234619140625,-0.234619140625,1,78,True
+,57,22,57,22,79,79,0,0.3896484375,-0.3896484375,-0.3896484375,1,79,True
+,57,23,57,23,80,80,0,0.0230255126953125,-0.0230255126953125,-0.0230255126953125,1,80,True
+,57,24,57,24,81,81,1,0.1134033203125,-0.1134033203125,-0.1134033203125,1,81,True
+,57,25,57,25,82,82,0,1.2314453125,-1.2314453125,-1.2314453125,1,92,False
+,57,26,57,26,83,83,0,2.537109375,-2.537109375,-2.537109375,1,93,False
+,57,27,57,27,84,84,0,0.1475830078125,-0.1475830078125,-0.1475830078125,1,84,True
+,57,28,57,28,85,85,0,0.2020263671875,-0.2020263671875,-0.2020263671875,1,85,True
+,57,29,57,29,86,86,0,0.9306640625,-0.9306640625,-0.9306640625,1,96,False
+,57,30,57,30,87,87,0,0.020477294921875,-0.020477294921875,-0.020477294921875,1,87,True
+,57,31,57,31,88,88,1,0.1702880859375,-0.1702880859375,-0.1702880859375,1,88,True
+,57,32,57,32,89,89,2,0.0849609375,-0.0849609375,-0.0849609375,1,89,True
+,57,33,57,33,90,90,1,0.015655517578125,-0.015655517578125,-0.015655517578125,1,90,True
+,57,34,57,34,91,91,1,0.1253662109375,-0.1253662109375,-0.1253662109375,1,91,True
+,57,35,57,35,92,92,1,0.07928466796875,-0.07928466796875,-0.07928466796875,1,92,True
+,57,36,57,36,93,93,0,0.0175323486328125,-0.0175323486328125,-0.0175323486328125,1,93,True
+,57,37,57,37,94,94,0,0.175048828125,-0.175048828125,-0.175048828125,1,94,True
+,57,38,57,38,95,95,2,0.34130859375,-0.34130859375,-0.34130859375,1,95,True
+,57,39,57,39,96,96,0,0.005573272705078125,-0.005573272705078125,-0.005573272705078125,1,96,True
+,57,40,57,40,97,97,1,0.05255126953125,-0.05255126953125,-0.05255126953125,1,97,True
+,57,41,57,41,98,98,0,0.279541015625,-0.279541015625,-0.279541015625,1,98,True
+,57,42,57,42,99,99,1,0.0285186767578125,-0.0285186767578125,-0.0285186767578125,1,99,True
+,57,43,57,43,100,100,1,0.1097412109375,-0.1097412109375,-0.1097412109375,1,100,True
+,57,44,57,44,101,101,0,0.07666015625,-0.07666015625,-0.07666015625,1,101,True
+,57,45,57,45,102,102,0,0.0210418701171875,-0.0210418701171875,-0.0210418701171875,1,102,True
+,57,46,57,46,103,103,0,1.4462890625,-1.4462890625,-1.4462890625,1,113,False
+,57,47,57,47,104,104,0,0.1904296875,-0.1904296875,-0.1904296875,1,104,True
+,57,48,57,48,105,105,0,0.18603515625,-0.18603515625,-0.18603515625,1,105,True
+,57,49,57,49,106,106,0,0.25390625,-0.25390625,-0.25390625,1,106,True
+,57,50,57,50,107,107,0,0.0289306640625,-0.0289306640625,-0.0289306640625,1,107,True
+,57,51,57,51,108,108,2,0.09942626953125,-0.09942626953125,-0.09942626953125,1,108,True
+,57,52,57,52,109,109,0,0.0274658203125,-0.0274658203125,-0.0274658203125,1,109,True
+,57,53,57,53,110,110,0,0.429443359375,-0.429443359375,-0.429443359375,1,110,True
+,57,54,57,54,111,111,0,0.024627685546875,-0.024627685546875,-0.024627685546875,1,111,True
+,57,55,57,55,112,112,0,0.10430908203125,-0.10430908203125,-0.10430908203125,1,112,True
+,57,56,57,56,113,113,0,0.0305023193359375,-0.0305023193359375,-0.0305023193359375,1,113,True
+,57,57,57,57,114,114,4,0.05194091796875,-0.05194091796875,-0.05194091796875,1,114,True
+,57,58,57,58,115,115,0,0.09613037109375,-0.09613037109375,-0.09613037109375,1,115,True
+,57,59,57,59,116,116,0,0.017974853515625,-0.017974853515625,-0.017974853515625,1,116,True
+,57,60,57,60,117,117,0,0.0726318359375,-0.0726318359375,-0.0726318359375,1,117,True
+,57,61,57,61,118,118,0,0.1329345703125,-0.1329345703125,-0.1329345703125,1,118,True
+,57,62,57,62,119,119,0,0.11627197265625,-0.11627197265625,-0.11627197265625,1,119,True
+,57,63,57,63,120,120,0,0.150390625,-0.150390625,-0.150390625,1,120,True
+,57,64,57,64,121,121,1,0.010040283203125,-0.010040283203125,-0.010040283203125,1,121,True
+,57,65,57,65,122,122,1,0.062255859375,-0.062255859375,-0.062255859375,1,122,True
+,57,66,57,66,123,123,0,0.111572265625,-0.111572265625,-0.111572265625,1,123,True
+,57,67,57,67,124,124,0,0.1885986328125,-0.1885986328125,-0.1885986328125,1,124,True
+,57,68,57,68,125,125,4,1.9697265625,-1.9697265625,-1.9697265625,1,115,False
+,57,69,57,69,126,126,0,0.18359375,-0.18359375,-0.18359375,1,126,True
+,57,70,57,70,127,127,0,0.208251953125,-0.208251953125,-0.208251953125,1,127,True
+,57,71,57,71,128,128,0,0.101806640625,-0.101806640625,-0.101806640625,1,128,True
+,57,72,57,72,129,129,0,0.437255859375,-0.437255859375,-0.437255859375,1,129,True
+,57,73,57,73,130,130,0,1.1328125,-1.1328125,-1.1328125,1,120,False
+,57,74,57,74,131,131,0,2.66015625,-2.66015625,-2.66015625,1,121,False
+,57,75,57,75,132,132,3,0.263427734375,-0.263427734375,-0.263427734375,1,132,True
+,57,76,57,76,133,133,1,1.662109375,-1.662109375,-1.662109375,1,113,False
+,57,77,57,77,134,134,0,2.232421875,-2.232421875,-2.232421875,1,124,False
+,57,78,57,78,135,135,0,2.3203125,-2.3203125,-2.3203125,1,111,False
+,57,79,57,79,136,136,0,1.7626953125,-1.7626953125,-1.7626953125,1,146,False
+,57,80,57,80,137,137,0,2.93359375,-2.93359375,-2.93359375,1,127,False
+,57,81,57,81,138,138,0,1.4677734375,-1.4677734375,-1.4677734375,1,126,False
+,57,82,57,82,139,139,0,3.587890625,-3.587890625,-3.587890625,1,119,False
+,57,83,57,83,140,140,0,1.388671875,-1.388671875,-1.388671875,1,130,False
+,57,84,57,84,141,141,0,0.8466796875,-0.8466796875,-0.8466796875,1,141,True
+,57,85,57,85,142,142,0,1.0,-1.0,-1.0,1,122,False
+,57,86,57,86,143,143,1,1.947265625,-1.947265625,-1.947265625,1,133,False
+,57,87,57,87,144,144,0,0.4833984375,-0.4833984375,-0.4833984375,1,144,True
+,57,88,57,88,145,145,0,0.71630859375,-0.71630859375,-0.71630859375,1,145,True
+,57,89,57,89,146,146,0,0.4462890625,-0.4462890625,-0.4462890625,1,146,True
+,57,90,57,90,147,147,0,0.41259765625,-0.41259765625,-0.41259765625,1,147,True
+,57,91,57,91,148,148,0,0.5517578125,-0.5517578125,-0.5517578125,1,148,True
+,57,92,57,92,149,149,1,4.5703125,-4.5703125,-4.5703125,1,129,False
+,57,93,57,93,150,150,0,0.34912109375,-0.34912109375,-0.34912109375,1,150,True
+,57,94,57,94,151,151,0,2.279296875,-2.279296875,-2.279296875,1,131,False
+,57,95,57,95,152,152,0,1.6279296875,-1.6279296875,-1.6279296875,1,142,False
+,57,96,57,96,153,153,0,1.806640625,-1.806640625,-1.806640625,1,123,False
+,57,97,57,97,154,154,0,2.064453125,-2.064453125,-2.064453125,1,134,False
+,57,98,57,98,155,155,0,4.296875,-4.296875,-4.296875,1,145,False
+,57,99,57,99,156,156,0,0.70849609375,-0.70849609375,-0.70849609375,1,156,True
+,58,10,58,10,68,68,1,0.1607666015625,-0.1607666015625,-0.1607666015625,1,68,True
+,58,11,58,11,69,69,3,0.0230255126953125,-0.0230255126953125,-0.0230255126953125,1,69,True
+,58,12,58,12,70,70,1,0.0296783447265625,-0.0296783447265625,-0.0296783447265625,1,70,True
+,58,13,58,13,71,71,0,0.0343017578125,-0.0343017578125,-0.0343017578125,1,71,True
+,58,14,58,14,72,72,0,0.208984375,-0.208984375,-0.208984375,1,72,True
+,58,15,58,15,73,73,0,0.06884765625,-0.06884765625,-0.06884765625,1,73,True
+,58,16,58,16,74,74,1,0.0167236328125,-0.0167236328125,-0.0167236328125,1,74,True
+,58,17,58,17,75,75,1,0.1153564453125,-0.1153564453125,-0.1153564453125,1,75,True
+,58,18,58,18,76,76,1,0.673828125,-0.673828125,-0.673828125,1,76,True
+,58,19,58,19,77,77,1,5.1484375,-5.1484375,-5.1484375,1,87,False
+,58,20,58,20,78,78,1,0.9423828125,-0.9423828125,-0.9423828125,1,88,False
+,58,21,58,21,79,79,0,2.986328125,-2.986328125,-2.986328125,1,89,False
+,58,22,58,22,80,80,1,1.4560546875,-1.4560546875,-1.4560546875,1,90,False
+,58,23,58,23,81,81,1,0.06396484375,-0.06396484375,-0.06396484375,1,81,True
+,58,24,58,24,82,82,0,0.105712890625,-0.105712890625,-0.105712890625,1,82,True
+,58,25,58,25,83,83,0,1.5,-1.5,-1.5,1,93,False
+,58,26,58,26,84,84,0,0.37548828125,-0.37548828125,-0.37548828125,1,84,True
+,58,27,58,27,85,85,0,0.07879638671875,-0.07879638671875,-0.07879638671875,1,85,True
+,58,28,58,28,86,86,0,0.01364898681640625,-0.01364898681640625,-0.01364898681640625,1,86,True
+,58,29,58,29,87,87,0,0.301513671875,-0.301513671875,-0.301513671875,1,87,True
+,58,30,58,30,88,88,0,0.01141357421875,-0.01141357421875,-0.01141357421875,1,88,True
+,58,31,58,31,89,89,1,0.990234375,-0.990234375,-0.990234375,1,99,False
+,58,32,58,32,90,90,0,0.051177978515625,-0.051177978515625,-0.051177978515625,1,90,True
+,58,33,58,33,91,91,0,0.01084136962890625,-0.01084136962890625,-0.01084136962890625,1,91,True
+,58,34,58,34,92,92,0,0.042938232421875,-0.042938232421875,-0.042938232421875,1,92,True
+,58,35,58,35,93,93,0,0.007659912109375,-0.007659912109375,-0.007659912109375,1,93,True
+,58,36,58,36,94,94,0,0.0230255126953125,-0.0230255126953125,-0.0230255126953125,1,94,True
+,58,37,58,37,95,95,0,0.35546875,-0.35546875,-0.35546875,1,95,True
+,58,38,58,38,96,96,0,0.058502197265625,-0.058502197265625,-0.058502197265625,1,96,True
+,58,39,58,39,97,97,1,0.2340087890625,-0.2340087890625,-0.2340087890625,1,97,True
+,58,40,58,40,98,98,0,0.008941650390625,-0.008941650390625,-0.008941650390625,1,98,True
+,58,41,58,41,99,99,0,0.28466796875,-0.28466796875,-0.28466796875,1,99,True
+,58,42,58,42,100,100,1,0.18505859375,-0.18505859375,-0.18505859375,1,100,True
+,58,43,58,43,101,101,0,0.83251953125,-0.83251953125,-0.83251953125,1,111,False
+,58,44,58,44,102,102,0,0.06951904296875,-0.06951904296875,-0.06951904296875,1,102,True
+,58,45,58,45,103,103,0,1.0693359375,-1.0693359375,-1.0693359375,1,113,False
+,58,46,58,46,104,104,0,0.40087890625,-0.40087890625,-0.40087890625,1,104,True
+,58,47,58,47,105,105,0,0.3388671875,-0.3388671875,-0.3388671875,1,105,True
+,58,48,58,48,106,106,0,0.045501708984375,-0.045501708984375,-0.045501708984375,1,106,True
+,58,49,58,49,107,107,0,0.716796875,-0.716796875,-0.716796875,1,107,True
+,58,50,58,50,108,108,1,0.056121826171875,-0.056121826171875,-0.056121826171875,1,108,True
+,58,51,58,51,109,109,0,0.41162109375,-0.41162109375,-0.41162109375,1,109,True
+,58,52,58,52,110,110,1,0.4140625,-0.4140625,-0.4140625,1,110,True
+,58,53,58,53,111,111,0,0.75537109375,-0.75537109375,-0.75537109375,1,111,True
+,58,54,58,54,112,112,0,0.471923828125,-0.471923828125,-0.471923828125,1,112,True
+,58,55,58,55,113,113,0,0.11676025390625,-0.11676025390625,-0.11676025390625,1,113,True
+,58,56,58,56,114,114,0,0.035430908203125,-0.035430908203125,-0.035430908203125,1,114,True
+,58,57,58,57,115,115,0,0.046051025390625,-0.046051025390625,-0.046051025390625,1,115,True
+,58,58,58,58,116,116,3,0.0687255859375,-0.0687255859375,-0.0687255859375,1,116,True
+,58,59,58,59,117,117,0,0.050506591796875,-0.050506591796875,-0.050506591796875,1,117,True
+,58,60,58,60,118,118,1,0.00782012939453125,-0.00782012939453125,-0.00782012939453125,1,118,True
+,58,61,58,61,119,119,0,0.378662109375,-0.378662109375,-0.378662109375,1,119,True
+,58,62,58,62,120,120,0,0.11297607421875,-0.11297607421875,-0.11297607421875,1,120,True
+,58,63,58,63,121,121,0,0.04962158203125,-0.04962158203125,-0.04962158203125,1,121,True
+,58,64,58,64,122,122,3,0.011077880859375,-0.011077880859375,-0.011077880859375,1,122,True
+,58,65,58,65,123,123,0,0.125732421875,-0.125732421875,-0.125732421875,1,123,True
+,58,66,58,66,124,124,0,0.05938720703125,-0.05938720703125,-0.05938720703125,1,124,True
+,58,67,58,67,125,125,1,0.48291015625,-0.48291015625,-0.48291015625,1,125,True
+,58,68,58,68,126,126,0,0.2381591796875,-0.2381591796875,-0.2381591796875,1,126,True
+,58,69,58,69,127,127,0,0.08416748046875,-0.08416748046875,-0.08416748046875,1,127,True
+,58,70,58,70,128,128,0,0.830078125,-0.830078125,-0.830078125,1,128,True
+,58,71,58,71,129,129,0,0.06231689453125,-0.06231689453125,-0.06231689453125,1,129,True
+,58,72,58,72,130,130,1,0.6884765625,-0.6884765625,-0.6884765625,1,130,True
+,58,73,58,73,131,131,0,2.642578125,-2.642578125,-2.642578125,1,121,False
+,58,74,58,74,132,132,0,1.8330078125,-1.8330078125,-1.8330078125,1,122,False
+,58,75,58,75,133,133,0,1.1796875,-1.1796875,-1.1796875,1,113,False
+,58,76,58,76,134,134,0,1.177734375,-1.177734375,-1.177734375,1,114,False
+,58,77,58,77,135,135,0,1.7470703125,-1.7470703125,-1.7470703125,1,125,False
+,58,78,58,78,136,136,0,3.208984375,-3.208984375,-3.208984375,1,116,False
+,58,79,58,79,137,137,0,2.64453125,-2.64453125,-2.64453125,1,127,False
+,58,80,58,80,138,138,0,0.26171875,-0.26171875,-0.26171875,1,138,True
+,58,81,58,81,139,139,0,3.046875,-3.046875,-3.046875,1,127,False
+,58,82,58,82,140,140,0,2.95703125,-2.95703125,-2.95703125,1,130,False
+,58,83,58,83,141,141,0,0.2017822265625,-0.2017822265625,-0.2017822265625,1,141,True
+,58,84,58,84,142,142,0,0.08056640625,-0.08056640625,-0.08056640625,1,142,True
+,58,85,58,85,143,143,1,0.44775390625,-0.44775390625,-0.44775390625,1,143,True
+,58,86,58,86,144,144,0,0.28515625,-0.28515625,-0.28515625,1,144,True
+,58,87,58,87,145,145,0,0.61767578125,-0.61767578125,-0.61767578125,1,145,True
+,58,88,58,88,146,146,0,0.19677734375,-0.19677734375,-0.19677734375,1,146,True
+,58,89,58,89,147,147,0,0.529296875,-0.529296875,-0.529296875,1,147,True
+,58,90,58,90,148,148,7,2.5390625,-2.5390625,-2.5390625,1,128,False
+,58,91,58,91,149,149,0,2.482421875,-2.482421875,-2.482421875,1,139,False
+,58,92,58,92,150,150,0,3.51953125,-3.51953125,-3.51953125,1,142,False
+,58,93,58,93,151,151,0,1.6650390625,-1.6650390625,-1.6650390625,1,141,False
+,58,94,58,94,152,152,0,2.927734375,-2.927734375,-2.927734375,1,142,False
+,58,95,58,95,153,153,0,2.15625,-2.15625,-2.15625,1,143,False
+,58,96,58,96,154,154,0,1.4091796875,-1.4091796875,-1.4091796875,1,134,False
+,58,97,58,97,155,155,0,3.462890625,-3.462890625,-3.462890625,1,145,False
+,58,98,58,98,156,156,0,3.81640625,-3.81640625,-3.81640625,1,146,False
+,58,99,58,99,157,157,0,1.447265625,-1.447265625,-1.447265625,1,137,False
+,59,10,59,10,69,69,1,0.020782470703125,-0.020782470703125,-0.020782470703125,1,69,True
+,59,11,59,11,70,70,1,0.036865234375,-0.036865234375,-0.036865234375,1,70,True
+,59,12,59,12,71,71,3,0.01410675048828125,-0.01410675048828125,-0.01410675048828125,1,71,True
+,59,13,59,13,72,72,2,0.008392333984375,-0.008392333984375,-0.008392333984375,1,72,True
+,59,14,59,14,73,73,1,0.022705078125,-0.022705078125,-0.022705078125,1,73,True
+,59,15,59,15,74,74,0,0.00732421875,-0.00732421875,-0.00732421875,1,74,True
+,59,16,59,16,75,75,0,0.023468017578125,-0.023468017578125,-0.023468017578125,1,75,True
+,59,17,59,17,76,76,1,0.09332275390625,-0.09332275390625,-0.09332275390625,1,76,True
+,59,18,59,18,77,77,1,0.0304107666015625,-0.0304107666015625,-0.0304107666015625,1,77,True
+,59,19,59,19,78,78,0,1.1630859375,-1.1630859375,-1.1630859375,1,88,False
+,59,20,59,20,79,79,0,0.203369140625,-0.203369140625,-0.203369140625,1,79,True
+,59,21,59,21,80,80,0,0.093505859375,-0.093505859375,-0.093505859375,1,80,True
+,59,22,59,22,81,81,0,0.11553955078125,-0.11553955078125,-0.11553955078125,1,81,True
+,59,23,59,23,82,82,0,0.054840087890625,-0.054840087890625,-0.054840087890625,1,82,True
+,59,24,59,24,83,83,1,0.0169677734375,-0.0169677734375,-0.0169677734375,1,83,True
+,59,25,59,25,84,84,1,0.046295166015625,-0.046295166015625,-0.046295166015625,1,84,True
+,59,26,59,26,85,85,0,0.46875,-0.46875,-0.46875,1,85,True
+,59,27,59,27,86,86,0,0.04473876953125,-0.04473876953125,-0.04473876953125,1,86,True
+,59,28,59,28,87,87,0,0.035980224609375,-0.035980224609375,-0.035980224609375,1,87,True
+,59,29,59,29,88,88,0,0.01016998291015625,-0.01016998291015625,-0.01016998291015625,1,88,True
+,59,30,59,30,89,89,1,0.0035877227783203125,-0.0035877227783203125,-0.0035877227783203125,1,89,True
+,59,31,59,31,90,90,1,0.0660400390625,-0.0660400390625,-0.0660400390625,1,90,True
+,59,32,59,32,91,91,0,0.04248046875,-0.04248046875,-0.04248046875,1,91,True
+,59,33,59,33,92,92,0,0.00469207763671875,-0.00469207763671875,-0.00469207763671875,1,92,True
+,59,34,59,34,93,93,0,0.025726318359375,-0.025726318359375,-0.025726318359375,1,93,True
+,59,35,59,35,94,94,0,0.05133056640625,-0.05133056640625,-0.05133056640625,1,94,True
+,59,36,59,36,95,95,0,0.007411956787109375,-0.007411956787109375,-0.007411956787109375,1,95,True
+,59,37,59,37,96,96,0,0.0125732421875,-0.0125732421875,-0.0125732421875,1,96,True
+,59,38,59,38,97,97,0,0.1143798828125,-0.1143798828125,-0.1143798828125,1,97,True
+,59,39,59,39,98,98,0,0.1632080078125,-0.1632080078125,-0.1632080078125,1,98,True
+,59,40,59,40,99,99,0,0.037811279296875,-0.037811279296875,-0.037811279296875,1,99,True
+,59,41,59,41,100,100,0,0.1669921875,-0.1669921875,-0.1669921875,1,100,True
+,59,42,59,42,101,101,0,0.1077880859375,-0.1077880859375,-0.1077880859375,1,101,True
+,59,43,59,43,102,102,1,0.66064453125,-0.66064453125,-0.66064453125,1,102,True
+,59,44,59,44,103,103,0,0.481201171875,-0.481201171875,-0.481201171875,1,103,True
+,59,45,59,45,104,104,0,0.02606201171875,-0.02606201171875,-0.02606201171875,1,104,True
+,59,46,59,46,105,105,0,0.2406005859375,-0.2406005859375,-0.2406005859375,1,105,True
+,59,47,59,47,106,106,0,0.2685546875,-0.2685546875,-0.2685546875,1,106,True
+,59,48,59,48,107,107,0,0.1004638671875,-0.1004638671875,-0.1004638671875,1,107,True
+,59,49,59,49,108,108,1,0.334228515625,-0.334228515625,-0.334228515625,1,108,True
+,59,50,59,50,109,109,1,0.09161376953125,-0.09161376953125,-0.09161376953125,1,109,True
+,59,51,59,51,110,110,0,0.263427734375,-0.263427734375,-0.263427734375,1,110,True
+,59,52,59,52,111,111,0,0.06182861328125,-0.06182861328125,-0.06182861328125,1,111,True
+,59,53,59,53,112,112,0,0.1888427734375,-0.1888427734375,-0.1888427734375,1,112,True
+,59,54,59,54,113,113,0,0.0204925537109375,-0.0204925537109375,-0.0204925537109375,1,113,True
+,59,55,59,55,114,114,0,0.0933837890625,-0.0933837890625,-0.0933837890625,1,114,True
+,59,56,59,56,115,115,0,0.20068359375,-0.20068359375,-0.20068359375,1,115,True
+,59,57,59,57,116,116,0,0.006175994873046875,-0.006175994873046875,-0.006175994873046875,1,116,True
+,59,58,59,58,117,117,0,0.01174163818359375,-0.01174163818359375,-0.01174163818359375,1,117,True
+,59,59,59,59,118,118,1,0.055816650390625,-0.055816650390625,-0.055816650390625,1,118,True
+,59,60,59,60,119,119,3,0.0186004638671875,-0.0186004638671875,-0.0186004638671875,1,119,True
+,59,61,59,61,120,120,1,0.048004150390625,-0.048004150390625,-0.048004150390625,1,120,True
+,59,62,59,62,121,121,0,0.037017822265625,-0.037017822265625,-0.037017822265625,1,121,True
+,59,63,59,63,122,122,0,0.12103271484375,-0.12103271484375,-0.12103271484375,1,122,True
+,59,64,59,64,123,123,0,0.38134765625,-0.38134765625,-0.38134765625,1,123,True
+,59,65,59,65,124,124,0,1.0244140625,-1.0244140625,-1.0244140625,1,124,True
+,59,66,59,66,125,125,0,0.990234375,-0.990234375,-0.990234375,1,115,False
+,59,67,59,67,126,126,0,0.3212890625,-0.3212890625,-0.3212890625,1,126,True
+,59,68,59,68,127,127,0,1.27734375,-1.27734375,-1.27734375,1,117,False
+,59,69,59,69,128,128,0,0.36328125,-0.36328125,-0.36328125,1,128,True
+,59,70,59,70,129,129,0,0.42333984375,-0.42333984375,-0.42333984375,1,129,True
+,59,71,59,71,130,130,0,1.796875,-1.796875,-1.796875,1,120,False
+,59,72,59,72,131,131,0,1.4130859375,-1.4130859375,-1.4130859375,1,121,False
+,59,73,59,73,132,132,0,1.201171875,-1.201171875,-1.201171875,1,122,False
+,59,74,59,74,133,133,0,2.03125,-2.03125,-2.03125,1,143,False
+,59,75,59,75,134,134,0,0.697265625,-0.697265625,-0.697265625,1,134,True
+,59,76,59,76,135,135,1,0.998046875,-0.998046875,-0.998046875,1,135,True
+,59,77,59,77,136,136,0,2.478515625,-2.478515625,-2.478515625,1,126,False
+,59,78,59,78,137,137,0,2.478515625,-2.478515625,-2.478515625,1,127,False
+,59,79,59,79,138,138,0,1.0146484375,-1.0146484375,-1.0146484375,1,148,False
+,59,80,59,80,139,139,0,1.2890625,-1.2890625,-1.2890625,1,129,False
+,59,81,59,81,140,140,0,0.39453125,-0.39453125,-0.39453125,1,140,True
+,59,82,59,82,141,141,0,0.66845703125,-0.66845703125,-0.66845703125,1,141,True
+,59,83,59,83,142,142,0,0.2335205078125,-0.2335205078125,-0.2335205078125,1,142,True
+,59,84,59,84,143,143,0,0.05108642578125,-0.05108642578125,-0.05108642578125,1,143,True
+,59,85,59,85,144,144,1,0.1947021484375,-0.1947021484375,-0.1947021484375,1,144,True
+,59,86,59,86,145,145,0,0.4248046875,-0.4248046875,-0.4248046875,1,145,True
+,59,87,59,87,146,146,0,0.2445068359375,-0.2445068359375,-0.2445068359375,1,146,True
+,59,88,59,88,147,147,0,0.1163330078125,-0.1163330078125,-0.1163330078125,1,147,True
+,59,89,59,89,148,148,0,0.483642578125,-0.483642578125,-0.483642578125,1,148,True
+,59,90,59,90,149,149,0,1.4306640625,-1.4306640625,-1.4306640625,1,139,False
+,59,91,59,91,150,150,0,0.5615234375,-0.5615234375,-0.5615234375,1,150,True
+,59,92,59,92,151,151,0,2.380859375,-2.380859375,-2.380859375,1,141,False
+,59,93,59,93,152,152,0,1.1455078125,-1.1455078125,-1.1455078125,1,142,False
+,59,94,59,94,153,153,0,1.0234375,-1.0234375,-1.0234375,1,143,False
+,59,95,59,95,154,154,4,1.9853515625,-1.9853515625,-1.9853515625,1,144,False
+,59,96,59,96,155,155,0,1.0498046875,-1.0498046875,-1.0498046875,1,145,False
+,59,97,59,97,156,156,0,0.91357421875,-0.91357421875,-0.91357421875,1,156,True
+,59,98,59,98,157,157,0,2.521484375,-2.521484375,-2.521484375,1,147,False
+,59,99,59,99,158,158,0,1.0634765625,-1.0634765625,-1.0634765625,1,148,False
+,60,10,60,10,70,70,11,0.004413604736328125,-0.004413604736328125,-0.004413604736328125,1,70,True
+,60,11,60,11,71,71,5,0.00494384765625,-0.00494384765625,-0.00494384765625,1,71,True
+,60,12,60,12,72,72,96,0.006195068359375,-0.006195068359375,-0.006195068359375,1,72,True
+,60,13,60,13,73,73,0,0.01119232177734375,-0.01119232177734375,-0.01119232177734375,1,73,True
+,60,14,60,14,74,74,2,0.00211334228515625,-0.00211334228515625,-0.00211334228515625,1,74,True
+,60,15,60,15,75,75,6,0.004192352294921875,-0.004192352294921875,-0.004192352294921875,1,75,True
+,60,16,60,16,76,76,3,0.0031261444091796875,-0.0031261444091796875,-0.0031261444091796875,1,76,True
+,60,17,60,17,77,77,10,0.0081329345703125,-0.0081329345703125,-0.0081329345703125,1,77,True
+,60,18,60,18,78,78,1,0.0022830963134765625,-0.0022830963134765625,-0.0022830963134765625,1,78,True
+,60,19,60,19,79,79,1,3.06640625,-3.06640625,-3.06640625,1,89,False
+,60,20,60,20,80,80,18,0.033172607421875,-0.033172607421875,-0.033172607421875,1,80,True
+,60,21,60,21,81,81,4,0.04278564453125,-0.04278564453125,-0.04278564453125,1,81,True
+,60,22,60,22,82,82,1,0.324462890625,-0.324462890625,-0.324462890625,1,82,True
+,60,23,60,23,83,83,0,0.005157470703125,-0.005157470703125,-0.005157470703125,1,83,True
+,60,24,60,24,84,84,0,0.0019989013671875,-0.0019989013671875,-0.0019989013671875,1,84,True
+,60,25,60,25,85,85,6,0.0650634765625,-0.0650634765625,-0.0650634765625,1,85,True
+,60,26,60,26,86,86,1,0.01262664794921875,-0.01262664794921875,-0.01262664794921875,1,86,True
+,60,27,60,27,87,87,0,0.0132904052734375,-0.0132904052734375,-0.0132904052734375,1,87,True
+,60,28,60,28,88,88,1,0.022369384765625,-0.022369384765625,-0.022369384765625,1,88,True
+,60,29,60,29,89,89,0,0.004756927490234375,-0.004756927490234375,-0.004756927490234375,1,89,True
+,60,30,60,30,90,90,16,0.03265380859375,-0.03265380859375,-0.03265380859375,1,90,True
+,60,31,60,31,91,91,1,0.0241241455078125,-0.0241241455078125,-0.0241241455078125,1,91,True
+,60,32,60,32,92,92,3,0.018157958984375,-0.018157958984375,-0.018157958984375,1,92,True
+,60,33,60,33,93,93,0,0.00778961181640625,-0.00778961181640625,-0.00778961181640625,1,93,True
+,60,34,60,34,94,94,6,0.0107879638671875,-0.0107879638671875,-0.0107879638671875,1,94,True
+,60,35,60,35,95,95,2,0.007671356201171875,-0.007671356201171875,-0.007671356201171875,1,95,True
+,60,36,60,36,96,96,2,0.005565643310546875,-0.005565643310546875,-0.005565643310546875,1,96,True
+,60,37,60,37,97,97,0,0.060302734375,-0.060302734375,-0.060302734375,1,97,True
+,60,38,60,38,98,98,0,0.01551055908203125,-0.01551055908203125,-0.01551055908203125,1,98,True
+,60,39,60,39,99,99,1,0.034912109375,-0.034912109375,-0.034912109375,1,99,True
+,60,40,60,40,100,100,17,0.0177764892578125,-0.0177764892578125,-0.0177764892578125,1,100,True
+,60,41,60,41,101,101,0,0.035552978515625,-0.035552978515625,-0.035552978515625,1,101,True
+,60,42,60,42,102,102,5,0.044586181640625,-0.044586181640625,-0.044586181640625,1,102,True
+,60,43,60,43,103,103,0,0.6640625,-0.6640625,-0.6640625,1,103,True
+,60,44,60,44,104,104,3,0.053955078125,-0.053955078125,-0.053955078125,1,104,True
+,60,45,60,45,105,105,8,0.01129150390625,-0.01129150390625,-0.01129150390625,1,105,True
+,60,46,60,46,106,106,4,0.016021728515625,-0.016021728515625,-0.016021728515625,1,106,True
+,60,47,60,47,107,107,2,0.005558013916015625,-0.005558013916015625,-0.005558013916015625,1,107,True
+,60,48,60,48,108,108,6,0.0195770263671875,-0.0195770263671875,-0.0195770263671875,1,108,True
+,60,49,60,49,109,109,0,0.72119140625,-0.72119140625,-0.72119140625,1,119,False
+,60,50,60,50,110,110,11,0.1278076171875,-0.1278076171875,-0.1278076171875,1,110,True
+,60,51,60,51,111,111,3,0.031646728515625,-0.031646728515625,-0.031646728515625,1,111,True
+,60,52,60,52,112,112,1,0.271484375,-0.271484375,-0.271484375,1,112,True
+,60,53,60,53,113,113,0,0.030914306640625,-0.030914306640625,-0.030914306640625,1,113,True
+,60,54,60,54,114,114,1,0.022857666015625,-0.022857666015625,-0.022857666015625,1,114,True
+,60,55,60,55,115,115,0,0.07000732421875,-0.07000732421875,-0.07000732421875,1,115,True
+,60,56,60,56,116,116,0,0.03375244140625,-0.03375244140625,-0.03375244140625,1,116,True
+,60,57,60,57,117,117,3,0.01003265380859375,-0.01003265380859375,-0.01003265380859375,1,117,True
+,60,58,60,58,118,118,3,0.017730712890625,-0.017730712890625,-0.017730712890625,1,118,True
+,60,59,60,59,119,119,0,0.0188140869140625,-0.0188140869140625,-0.0188140869140625,1,119,True
+,60,60,60,60,120,120,145,0.0233306884765625,-0.0233306884765625,-0.0233306884765625,1,120,True
+,60,61,60,61,121,121,0,0.00864410400390625,-0.00864410400390625,-0.00864410400390625,1,121,True
+,60,62,60,62,122,122,0,0.0692138671875,-0.0692138671875,-0.0692138671875,1,122,True
+,60,63,60,63,123,123,1,0.046051025390625,-0.046051025390625,-0.046051025390625,1,123,True
+,60,64,60,64,124,124,1,0.1622314453125,-0.1622314453125,-0.1622314453125,1,124,True
+,60,65,60,65,125,125,4,0.1104736328125,-0.1104736328125,-0.1104736328125,1,125,True
+,60,66,60,66,126,126,0,0.07958984375,-0.07958984375,-0.07958984375,1,126,True
+,60,67,60,67,127,127,0,0.1097412109375,-0.1097412109375,-0.1097412109375,1,127,True
+,60,68,60,68,128,128,0,1.0498046875,-1.0498046875,-1.0498046875,1,118,False
+,60,69,60,69,129,129,0,0.3212890625,-0.3212890625,-0.3212890625,1,129,True
+,60,70,60,70,130,130,6,1.9384765625,-1.9384765625,-1.9384765625,1,110,False
+,60,71,60,71,131,131,0,0.112548828125,-0.112548828125,-0.112548828125,1,131,True
+,60,72,60,72,132,132,3,1.3896484375,-1.3896484375,-1.3896484375,1,102,False
+,60,73,60,73,133,133,0,1.1611328125,-1.1611328125,-1.1611328125,1,143,False
+,60,74,60,74,134,134,0,0.256591796875,-0.256591796875,-0.256591796875,1,134,True
+,60,75,60,75,135,135,1,0.93359375,-0.93359375,-0.93359375,1,105,False
+,60,76,60,76,136,136,0,2.37890625,-2.37890625,-2.37890625,1,116,False
+,60,77,60,77,137,137,0,2.57421875,-2.57421875,-2.57421875,1,127,False
+,60,78,60,78,138,138,0,1.353515625,-1.353515625,-1.353515625,1,108,False
+,60,79,60,79,139,139,0,1.7802734375,-1.7802734375,-1.7802734375,1,119,False
+,60,80,60,80,140,140,7,0.45361328125,-0.45361328125,-0.45361328125,1,140,True
+,60,81,60,81,141,141,0,0.67138671875,-0.67138671875,-0.67138671875,1,141,True
+,60,82,60,82,142,142,0,1.275390625,-1.275390625,-1.275390625,1,122,False
+,60,83,60,83,143,143,0,0.127685546875,-0.127685546875,-0.127685546875,1,143,True
+,60,84,60,84,144,144,0,0.440673828125,-0.440673828125,-0.440673828125,1,144,True
+,60,85,60,85,145,145,1,0.331787109375,-0.331787109375,-0.331787109375,1,145,True
+,60,86,60,86,146,146,0,0.093017578125,-0.093017578125,-0.093017578125,1,146,True
+,60,87,60,87,147,147,0,0.09954833984375,-0.09954833984375,-0.09954833984375,1,147,True
+,60,88,60,88,148,148,0,0.2216796875,-0.2216796875,-0.2216796875,1,148,True
+,60,89,60,89,149,149,0,0.7529296875,-0.7529296875,-0.7529296875,1,149,True
+,60,90,60,90,150,150,7,0.640625,-0.640625,-0.640625,1,150,True
+,60,91,60,91,151,151,1,0.418701171875,-0.418701171875,-0.418701171875,1,151,True
+,60,92,60,92,152,152,0,3.02734375,-3.02734375,-3.02734375,1,142,False
+,60,93,60,93,153,153,0,0.3310546875,-0.3310546875,-0.3310546875,1,153,True
+,60,94,60,94,154,154,1,0.994140625,-0.994140625,-0.994140625,1,134,False
+,60,95,60,95,155,155,0,1.8740234375,-1.8740234375,-1.8740234375,1,145,False
+,60,96,60,96,156,156,2,1.0908203125,-1.0908203125,-1.0908203125,1,126,False
+,60,97,60,97,157,157,0,1.794921875,-1.794921875,-1.794921875,1,137,False
+,60,98,60,98,158,158,0,0.744140625,-0.744140625,-0.744140625,1,158,True
+,60,99,60,99,159,159,0,1.2255859375,-1.2255859375,-1.2255859375,1,129,False
+,61,10,61,10,71,71,2,0.00847625732421875,-0.00847625732421875,-0.00847625732421875,1,71,True
+,61,11,61,11,72,72,0,0.021820068359375,-0.021820068359375,-0.021820068359375,1,72,True
+,61,12,61,12,73,73,0,0.005771636962890625,-0.005771636962890625,-0.005771636962890625,1,73,True
+,61,13,61,13,74,74,0,0.028564453125,-0.028564453125,-0.028564453125,1,74,True
+,61,14,61,14,75,75,0,0.01251983642578125,-0.01251983642578125,-0.01251983642578125,1,75,True
+,61,15,61,15,76,76,0,0.034271240234375,-0.034271240234375,-0.034271240234375,1,76,True
+,61,16,61,16,77,77,1,0.1602783203125,-0.1602783203125,-0.1602783203125,1,77,True
+,61,17,61,17,78,78,0,0.495361328125,-0.495361328125,-0.495361328125,1,78,True
+,61,18,61,18,79,79,1,2.61328125,-2.61328125,-2.61328125,1,89,False
+,61,19,61,19,80,80,1,4.02734375,-4.02734375,-4.02734375,1,90,False
+,61,20,61,20,81,81,0,2.74609375,-2.74609375,-2.74609375,1,91,False
+,61,21,61,21,82,82,0,1.5751953125,-1.5751953125,-1.5751953125,1,92,False
+,61,22,61,22,83,83,0,1.779296875,-1.779296875,-1.779296875,1,93,False
+,61,23,61,23,84,84,1,0.016571044921875,-0.016571044921875,-0.016571044921875,1,84,True
+,61,24,61,24,85,85,0,0.6318359375,-0.6318359375,-0.6318359375,1,85,True
+,61,25,61,25,86,86,0,0.55224609375,-0.55224609375,-0.55224609375,1,86,True
+,61,26,61,26,87,87,1,0.728515625,-0.728515625,-0.728515625,1,87,True
+,61,27,61,27,88,88,0,0.236572265625,-0.236572265625,-0.236572265625,1,88,True
+,61,28,61,28,89,89,0,0.2239990234375,-0.2239990234375,-0.2239990234375,1,89,True
+,61,29,61,29,90,90,0,0.047149658203125,-0.047149658203125,-0.047149658203125,1,90,True
+,61,30,61,30,91,91,3,0.036041259765625,-0.036041259765625,-0.036041259765625,1,91,True
+,61,31,61,31,92,92,1,0.08282470703125,-0.08282470703125,-0.08282470703125,1,92,True
+,61,32,61,32,93,93,1,0.043609619140625,-0.043609619140625,-0.043609619140625,1,93,True
+,61,33,61,33,94,94,0,0.05279541015625,-0.05279541015625,-0.05279541015625,1,94,True
+,61,34,61,34,95,95,0,0.02313232421875,-0.02313232421875,-0.02313232421875,1,95,True
+,61,35,61,35,96,96,0,0.01068878173828125,-0.01068878173828125,-0.01068878173828125,1,96,True
+,61,36,61,36,97,97,0,0.0499267578125,-0.0499267578125,-0.0499267578125,1,97,True
+,61,37,61,37,98,98,0,0.05078125,-0.05078125,-0.05078125,1,98,True
+,61,38,61,38,99,99,0,0.0252838134765625,-0.0252838134765625,-0.0252838134765625,1,99,True
+,61,39,61,39,100,100,0,0.089599609375,-0.089599609375,-0.089599609375,1,100,True
+,61,40,61,40,101,101,0,0.231201171875,-0.231201171875,-0.231201171875,1,101,True
+,61,41,61,41,102,102,0,0.1533203125,-0.1533203125,-0.1533203125,1,102,True
+,61,42,61,42,103,103,0,0.67431640625,-0.67431640625,-0.67431640625,1,103,True
+,61,43,61,43,104,104,0,0.99609375,-0.99609375,-0.99609375,1,94,False
+,61,44,61,44,105,105,0,0.83251953125,-0.83251953125,-0.83251953125,1,105,True
+,61,45,61,45,106,106,0,0.1954345703125,-0.1954345703125,-0.1954345703125,1,106,True
+,61,46,61,46,107,107,0,0.10345458984375,-0.10345458984375,-0.10345458984375,1,107,True
+,61,47,61,47,108,108,0,0.10498046875,-0.10498046875,-0.10498046875,1,108,True
+,61,48,61,48,109,109,0,0.09014892578125,-0.09014892578125,-0.09014892578125,1,109,True
+,61,49,61,49,110,110,0,0.630859375,-0.630859375,-0.630859375,1,110,True
+,61,50,61,50,111,111,0,0.119873046875,-0.119873046875,-0.119873046875,1,111,True
+,61,51,61,51,112,112,0,0.662109375,-0.662109375,-0.662109375,1,112,True
+,61,52,61,52,113,113,0,0.2032470703125,-0.2032470703125,-0.2032470703125,1,113,True
+,61,53,61,53,114,114,1,0.19384765625,-0.19384765625,-0.19384765625,1,114,True
+,61,54,61,54,115,115,1,0.399658203125,-0.399658203125,-0.399658203125,1,115,True
+,61,55,61,55,116,116,0,0.278564453125,-0.278564453125,-0.278564453125,1,116,True
+,61,56,61,56,117,117,1,0.058685302734375,-0.058685302734375,-0.058685302734375,1,117,True
+,61,57,61,57,118,118,1,0.09014892578125,-0.09014892578125,-0.09014892578125,1,118,True
+,61,58,61,58,119,119,0,0.210205078125,-0.210205078125,-0.210205078125,1,119,True
+,61,59,61,59,120,120,1,0.055206298828125,-0.055206298828125,-0.055206298828125,1,120,True
+,61,60,61,60,121,121,1,0.0224609375,-0.0224609375,-0.0224609375,1,121,True
+,61,61,61,61,122,122,2,0.07159423828125,-0.07159423828125,-0.07159423828125,1,122,True
+,61,62,61,62,123,123,0,0.07080078125,-0.07080078125,-0.07080078125,1,123,True
+,61,63,61,63,124,124,1,0.329345703125,-0.329345703125,-0.329345703125,1,124,True
+,61,64,61,64,125,125,3,0.1077880859375,-0.1077880859375,-0.1077880859375,1,125,True
+,61,65,61,65,126,126,0,0.1981201171875,-0.1981201171875,-0.1981201171875,1,126,True
+,61,66,61,66,127,127,0,0.0806884765625,-0.0806884765625,-0.0806884765625,1,127,True
+,61,67,61,67,128,128,0,0.84814453125,-0.84814453125,-0.84814453125,1,128,True
+,61,68,61,68,129,129,0,0.466552734375,-0.466552734375,-0.466552734375,1,129,True
+,61,69,61,69,130,130,0,1.0986328125,-1.0986328125,-1.0986328125,1,140,False
+,61,70,61,70,131,131,0,0.70361328125,-0.70361328125,-0.70361328125,1,131,True
+,61,71,61,71,132,132,0,1.4736328125,-1.4736328125,-1.4736328125,1,122,False
+,61,72,61,72,133,133,0,1.412109375,-1.412109375,-1.412109375,1,113,False
+,61,73,61,73,134,134,0,2.1328125,-2.1328125,-2.1328125,1,144,False
+,61,74,61,74,135,135,0,1.279296875,-1.279296875,-1.279296875,1,135,True
+,61,75,61,75,136,136,0,1.5341796875,-1.5341796875,-1.5341796875,1,116,False
+,61,76,61,76,137,137,0,2.548828125,-2.548828125,-2.548828125,1,127,False
+,61,77,61,77,138,138,0,1.28515625,-1.28515625,-1.28515625,1,128,False
+,61,78,61,78,139,139,0,1.6015625,-1.6015625,-1.6015625,1,119,False
+,61,79,61,79,140,140,0,1.42578125,-1.42578125,-1.42578125,1,120,False
+,61,80,61,80,141,141,1,0.26220703125,-0.26220703125,-0.26220703125,1,141,True
+,61,81,61,81,142,142,0,0.814453125,-0.814453125,-0.814453125,1,142,True
+,61,82,61,82,143,143,0,2.12109375,-2.12109375,-2.12109375,1,123,False
+,61,83,61,83,144,144,0,0.270751953125,-0.270751953125,-0.270751953125,1,144,True
+,61,84,61,84,145,145,0,0.308837890625,-0.308837890625,-0.308837890625,1,145,True
+,61,85,61,85,146,146,0,0.78076171875,-0.78076171875,-0.78076171875,1,146,True
+,61,86,61,86,147,147,0,0.751953125,-0.751953125,-0.751953125,1,147,True
+,61,87,61,87,148,148,0,0.60693359375,-0.60693359375,-0.60693359375,1,148,True
+,61,88,61,88,149,149,0,1.087890625,-1.087890625,-1.087890625,1,149,True
+,61,89,61,89,150,150,0,0.77001953125,-0.77001953125,-0.77001953125,1,150,True
+,61,90,61,90,151,151,0,0.78076171875,-0.78076171875,-0.78076171875,1,151,True
+,61,91,61,91,152,152,1,0.98974609375,-0.98974609375,-0.98974609375,1,152,True
+,61,92,61,92,153,153,0,2.3359375,-2.3359375,-2.3359375,1,143,False
+,61,93,61,93,154,154,0,1.2353515625,-1.2353515625,-1.2353515625,1,154,True
+,61,94,61,94,155,155,0,2.482421875,-2.482421875,-2.482421875,1,145,False
+,61,95,61,95,156,156,0,1.857421875,-1.857421875,-1.857421875,1,136,False
+,61,96,61,96,157,157,0,2.998046875,-2.998046875,-2.998046875,1,127,False
+,61,97,61,97,158,158,2,1.5224609375,-1.5224609375,-1.5224609375,1,158,True
+,61,98,61,98,159,159,1,0.89013671875,-0.89013671875,-0.89013671875,1,159,True
+,61,99,61,99,160,160,0,2.0625,-2.0625,-2.0625,1,130,False
+,62,10,62,10,72,72,0,0.00846099853515625,-0.00846099853515625,-0.00846099853515625,1,72,True
+,62,11,62,11,73,73,0,0.0169830322265625,-0.0169830322265625,-0.0169830322265625,1,73,True
+,62,12,62,12,74,74,0,0.0447998046875,-0.0447998046875,-0.0447998046875,1,74,True
+,62,13,62,13,75,75,0,0.0111846923828125,-0.0111846923828125,-0.0111846923828125,1,75,True
+,62,14,62,14,76,76,1,0.040679931640625,-0.040679931640625,-0.040679931640625,1,76,True
+,62,15,62,15,77,77,1,0.04034423828125,-0.04034423828125,-0.04034423828125,1,77,True
+,62,16,62,16,78,78,0,0.03472900390625,-0.03472900390625,-0.03472900390625,1,78,True
+,62,17,62,17,79,79,1,0.0877685546875,-0.0877685546875,-0.0877685546875,1,79,True
+,62,18,62,18,80,80,1,0.02001953125,-0.02001953125,-0.02001953125,1,80,True
+,62,19,62,19,81,81,0,2.55078125,-2.55078125,-2.55078125,1,91,False
+,62,20,62,20,82,82,0,1.91015625,-1.91015625,-1.91015625,1,92,False
+,62,21,62,21,83,83,0,0.55712890625,-0.55712890625,-0.55712890625,1,83,True
+,62,22,62,22,84,84,0,0.1436767578125,-0.1436767578125,-0.1436767578125,1,84,True
+,62,23,62,23,85,85,0,0.05535888671875,-0.05535888671875,-0.05535888671875,1,85,True
+,62,24,62,24,86,86,2,0.015655517578125,-0.015655517578125,-0.015655517578125,1,86,True
+,62,25,62,25,87,87,0,0.2279052734375,-0.2279052734375,-0.2279052734375,1,87,True
+,62,26,62,26,88,88,2,0.452880859375,-0.452880859375,-0.452880859375,1,88,True
+,62,27,62,27,89,89,1,0.0227508544921875,-0.0227508544921875,-0.0227508544921875,1,89,True
+,62,28,62,28,90,90,0,0.00812530517578125,-0.00812530517578125,-0.00812530517578125,1,90,True
+,62,29,62,29,91,91,0,0.1080322265625,-0.1080322265625,-0.1080322265625,1,91,True
+,62,30,62,30,92,92,0,0.00481414794921875,-0.00481414794921875,-0.00481414794921875,1,92,True
+,62,31,62,31,93,93,0,0.02203369140625,-0.02203369140625,-0.02203369140625,1,93,True
+,62,32,62,32,94,94,0,0.09002685546875,-0.09002685546875,-0.09002685546875,1,94,True
+,62,33,62,33,95,95,1,0.178955078125,-0.178955078125,-0.178955078125,1,95,True
+,62,34,62,34,96,96,0,0.04296875,-0.04296875,-0.04296875,1,96,True
+,62,35,62,35,97,97,0,0.057373046875,-0.057373046875,-0.057373046875,1,97,True
+,62,36,62,36,98,98,0,0.010772705078125,-0.010772705078125,-0.010772705078125,1,98,True
+,62,37,62,37,99,99,0,0.045318603515625,-0.045318603515625,-0.045318603515625,1,99,True
+,62,38,62,38,100,100,0,0.018768310546875,-0.018768310546875,-0.018768310546875,1,100,True
+,62,39,62,39,101,101,0,0.046905517578125,-0.046905517578125,-0.046905517578125,1,101,True
+,62,40,62,40,102,102,1,0.0262298583984375,-0.0262298583984375,-0.0262298583984375,1,102,True
+,62,41,62,41,103,103,0,0.7841796875,-0.7841796875,-0.7841796875,1,103,True
+,62,42,62,42,104,104,0,0.7685546875,-0.7685546875,-0.7685546875,1,104,True
+,62,43,62,43,105,105,0,0.7705078125,-0.7705078125,-0.7705078125,1,105,True
+,62,44,62,44,106,106,0,0.249755859375,-0.249755859375,-0.249755859375,1,106,True
+,62,45,62,45,107,107,0,0.37158203125,-0.37158203125,-0.37158203125,1,107,True
+,62,46,62,46,108,108,0,0.07489013671875,-0.07489013671875,-0.07489013671875,1,108,True
+,62,47,62,47,109,109,0,0.1334228515625,-0.1334228515625,-0.1334228515625,1,109,True
+,62,48,62,48,110,110,1,0.064453125,-0.064453125,-0.064453125,1,110,True
+,62,49,62,49,111,111,0,0.380859375,-0.380859375,-0.380859375,1,111,True
+,62,50,62,50,112,112,1,0.306884765625,-0.306884765625,-0.306884765625,1,112,True
+,62,51,62,51,113,113,0,0.272216796875,-0.272216796875,-0.272216796875,1,113,True
+,62,52,62,52,114,114,0,0.38427734375,-0.38427734375,-0.38427734375,1,114,True
+,62,53,62,53,115,115,0,0.67236328125,-0.67236328125,-0.67236328125,1,115,True
+,62,54,62,54,116,116,0,0.20263671875,-0.20263671875,-0.20263671875,1,116,True
+,62,55,62,55,117,117,0,0.29052734375,-0.29052734375,-0.29052734375,1,117,True
+,62,56,62,56,118,118,0,0.1446533203125,-0.1446533203125,-0.1446533203125,1,118,True
+,62,57,62,57,119,119,0,0.1937255859375,-0.1937255859375,-0.1937255859375,1,119,True
+,62,58,62,58,120,120,0,0.06951904296875,-0.06951904296875,-0.06951904296875,1,120,True
+,62,59,62,59,121,121,0,0.034027099609375,-0.034027099609375,-0.034027099609375,1,121,True
+,62,60,62,60,122,122,0,0.00875091552734375,-0.00875091552734375,-0.00875091552734375,1,122,True
+,62,61,62,61,123,123,0,0.04644775390625,-0.04644775390625,-0.04644775390625,1,123,True
+,62,62,62,62,124,124,1,0.31689453125,-0.31689453125,-0.31689453125,1,124,True
+,62,63,62,63,125,125,0,0.061676025390625,-0.061676025390625,-0.061676025390625,1,125,True
+,62,64,62,64,126,126,0,0.06317138671875,-0.06317138671875,-0.06317138671875,1,126,True
+,62,65,62,65,127,127,0,0.24853515625,-0.24853515625,-0.24853515625,1,127,True
+,62,66,62,66,128,128,0,0.288818359375,-0.288818359375,-0.288818359375,1,128,True
+,62,67,62,67,129,129,0,0.298095703125,-0.298095703125,-0.298095703125,1,129,True
+,62,68,62,68,130,130,0,1.4765625,-1.4765625,-1.4765625,1,130,True
+,62,69,62,69,131,131,0,0.59521484375,-0.59521484375,-0.59521484375,1,131,True
+,62,70,62,70,132,132,0,1.2197265625,-1.2197265625,-1.2197265625,1,132,True
+,62,71,62,71,133,133,0,1.189453125,-1.189453125,-1.189453125,1,143,False
+,62,72,62,72,134,134,0,0.84619140625,-0.84619140625,-0.84619140625,1,134,True
+,62,73,62,73,135,135,0,0.78173828125,-0.78173828125,-0.78173828125,1,135,True
+,62,74,62,74,136,136,0,1.5205078125,-1.5205078125,-1.5205078125,1,126,False
+,62,75,62,75,137,137,0,1.265625,-1.265625,-1.265625,1,127,False
+,62,76,62,76,138,138,0,0.7978515625,-0.7978515625,-0.7978515625,1,138,True
+,62,77,62,77,139,139,0,2.3125,-2.3125,-2.3125,1,129,False
+,62,78,62,78,140,140,0,1.2333984375,-1.2333984375,-1.2333984375,1,130,False
+,62,79,62,79,141,141,0,0.245361328125,-0.245361328125,-0.245361328125,1,141,True
+,62,80,62,80,142,142,0,1.0419921875,-1.0419921875,-1.0419921875,1,122,False
+,62,81,62,81,143,143,0,1.20703125,-1.20703125,-1.20703125,1,133,False
+,62,82,62,82,144,144,0,1.2578125,-1.2578125,-1.2578125,1,144,True
+,62,83,62,83,145,145,0,0.888671875,-0.888671875,-0.888671875,1,135,False
+,62,84,62,84,146,146,0,0.09356689453125,-0.09356689453125,-0.09356689453125,1,146,True
+,62,85,62,85,147,147,0,0.67138671875,-0.67138671875,-0.67138671875,1,147,True
+,62,86,62,86,148,148,0,2.296875,-2.296875,-2.296875,1,138,False
+,62,87,62,87,149,149,0,1.8115234375,-1.8115234375,-1.8115234375,1,139,False
+,62,88,62,88,150,150,0,0.65869140625,-0.65869140625,-0.65869140625,1,150,True
+,62,89,62,89,151,151,0,3.076171875,-3.076171875,-3.076171875,1,141,False
+,62,90,62,90,152,152,0,2.837890625,-2.837890625,-2.837890625,1,142,False
+,62,91,62,91,153,153,0,1.9443359375,-1.9443359375,-1.9443359375,1,143,False
+,62,92,62,92,154,154,0,2.298828125,-2.298828125,-2.298828125,1,144,False
+,62,93,62,93,155,155,0,2.197265625,-2.197265625,-2.197265625,1,145,False
+,62,94,62,94,156,156,0,1.9853515625,-1.9853515625,-1.9853515625,1,146,False
+,62,95,62,95,157,157,0,3.138671875,-3.138671875,-3.138671875,1,147,False
+,62,96,62,96,158,158,0,1.1845703125,-1.1845703125,-1.1845703125,1,158,True
+,62,97,62,97,159,159,0,2.26171875,-2.26171875,-2.26171875,1,129,False
+,62,98,62,98,160,160,0,2.568359375,-2.568359375,-2.568359375,1,130,False
+,62,99,62,99,161,161,0,2.708984375,-2.708984375,-2.708984375,1,131,False
+,63,10,63,10,73,73,1,0.022613525390625,-0.022613525390625,-0.022613525390625,1,73,True
+,63,11,63,11,74,74,0,0.023040771484375,-0.023040771484375,-0.023040771484375,1,74,True
+,63,12,63,12,75,75,0,0.054046630859375,-0.054046630859375,-0.054046630859375,1,75,True
+,63,13,63,13,76,76,3,0.047882080078125,-0.047882080078125,-0.047882080078125,1,76,True
+,63,14,63,14,77,77,1,0.036865234375,-0.036865234375,-0.036865234375,1,77,True
+,63,15,63,15,78,78,1,0.02545166015625,-0.02545166015625,-0.02545166015625,1,78,True
+,63,16,63,16,79,79,0,0.2491455078125,-0.2491455078125,-0.2491455078125,1,79,True
+,63,17,63,17,80,80,0,0.02569580078125,-0.02569580078125,-0.02569580078125,1,80,True
+,63,18,63,18,81,81,2,0.064697265625,-0.064697265625,-0.064697265625,1,81,True
+,63,19,63,19,82,82,0,4.1796875,-4.1796875,-4.1796875,1,92,False
+,63,20,63,20,83,83,2,0.75048828125,-0.75048828125,-0.75048828125,1,93,False
+,63,21,63,21,84,84,0,0.0193328857421875,-0.0193328857421875,-0.0193328857421875,1,84,True
+,63,22,63,22,85,85,0,0.5439453125,-0.5439453125,-0.5439453125,1,85,True
+,63,23,63,23,86,86,3,0.0355224609375,-0.0355224609375,-0.0355224609375,1,86,True
+,63,24,63,24,87,87,1,0.0523681640625,-0.0523681640625,-0.0523681640625,1,87,True
+,63,25,63,25,88,88,1,0.11602783203125,-0.11602783203125,-0.11602783203125,1,88,True
+,63,26,63,26,89,89,0,0.032928466796875,-0.032928466796875,-0.032928466796875,1,89,True
+,63,27,63,27,90,90,0,0.03912353515625,-0.03912353515625,-0.03912353515625,1,90,True
+,63,28,63,28,91,91,0,0.1728515625,-0.1728515625,-0.1728515625,1,91,True
+,63,29,63,29,92,92,0,0.04559326171875,-0.04559326171875,-0.04559326171875,1,92,True
+,63,30,63,30,93,93,0,0.0034770965576171875,-0.0034770965576171875,-0.0034770965576171875,1,93,True
+,63,31,63,31,94,94,0,0.0634765625,-0.0634765625,-0.0634765625,1,94,True
+,63,32,63,32,95,95,0,0.0198516845703125,-0.0198516845703125,-0.0198516845703125,1,95,True
+,63,33,63,33,96,96,1,0.271240234375,-0.271240234375,-0.271240234375,1,96,True
+,63,34,63,34,97,97,0,0.2169189453125,-0.2169189453125,-0.2169189453125,1,97,True
+,63,35,63,35,98,98,1,0.17626953125,-0.17626953125,-0.17626953125,1,98,True
+,63,36,63,36,99,99,1,0.00812530517578125,-0.00812530517578125,-0.00812530517578125,1,99,True
+,63,37,63,37,100,100,0,0.059783935546875,-0.059783935546875,-0.059783935546875,1,100,True
+,63,38,63,38,101,101,0,0.01849365234375,-0.01849365234375,-0.01849365234375,1,101,True
+,63,39,63,39,102,102,0,0.086181640625,-0.086181640625,-0.086181640625,1,102,True
+,63,40,63,40,103,103,3,0.060028076171875,-0.060028076171875,-0.060028076171875,1,103,True
+,63,41,63,41,104,104,0,0.06256103515625,-0.06256103515625,-0.06256103515625,1,104,True
+,63,42,63,42,105,105,0,0.061279296875,-0.061279296875,-0.061279296875,1,105,True
+,63,43,63,43,106,106,0,0.43701171875,-0.43701171875,-0.43701171875,1,106,True
+,63,44,63,44,107,107,1,0.23583984375,-0.23583984375,-0.23583984375,1,107,True
+,63,45,63,45,108,108,1,0.0245361328125,-0.0245361328125,-0.0245361328125,1,108,True
+,63,46,63,46,109,109,0,0.0328369140625,-0.0328369140625,-0.0328369140625,1,109,True
+,63,47,63,47,110,110,0,0.3046875,-0.3046875,-0.3046875,1,110,True
+,63,48,63,48,111,111,0,0.045196533203125,-0.045196533203125,-0.045196533203125,1,111,True
+,63,49,63,49,112,112,0,1.072265625,-1.072265625,-1.072265625,1,122,False
+,63,50,63,50,113,113,0,0.136474609375,-0.136474609375,-0.136474609375,1,113,True
+,63,51,63,51,114,114,0,0.209716796875,-0.209716796875,-0.209716796875,1,114,True
+,63,52,63,52,115,115,1,0.27001953125,-0.27001953125,-0.27001953125,1,115,True
+,63,53,63,53,116,116,0,0.281005859375,-0.281005859375,-0.281005859375,1,116,True
+,63,54,63,54,117,117,0,0.5205078125,-0.5205078125,-0.5205078125,1,117,True
+,63,55,63,55,118,118,0,0.07318115234375,-0.07318115234375,-0.07318115234375,1,118,True
+,63,56,63,56,119,119,0,0.2142333984375,-0.2142333984375,-0.2142333984375,1,119,True
+,63,57,63,57,120,120,0,0.0941162109375,-0.0941162109375,-0.0941162109375,1,120,True
+,63,58,63,58,121,121,1,0.009490966796875,-0.009490966796875,-0.009490966796875,1,121,True
+,63,59,63,59,122,122,0,0.060943603515625,-0.060943603515625,-0.060943603515625,1,122,True
+,63,60,63,60,123,123,0,0.047027587890625,-0.047027587890625,-0.047027587890625,1,123,True
+,63,61,63,61,124,124,1,0.2193603515625,-0.2193603515625,-0.2193603515625,1,124,True
+,63,62,63,62,125,125,0,0.04779052734375,-0.04779052734375,-0.04779052734375,1,125,True
+,63,63,63,63,126,126,0,0.1416015625,-0.1416015625,-0.1416015625,1,126,True
+,63,64,63,64,127,127,1,0.640625,-0.640625,-0.640625,1,127,True
+,63,65,63,65,128,128,0,0.0916748046875,-0.0916748046875,-0.0916748046875,1,128,True
+,63,66,63,66,129,129,0,0.0693359375,-0.0693359375,-0.0693359375,1,129,True
+,63,67,63,67,130,130,0,0.70263671875,-0.70263671875,-0.70263671875,1,130,True
+,63,68,63,68,131,131,1,3.94140625,-3.94140625,-3.94140625,1,121,False
+,63,69,63,69,132,132,1,0.338623046875,-0.338623046875,-0.338623046875,1,132,True
+,63,70,63,70,133,133,4,1.11328125,-1.11328125,-1.11328125,1,143,False
+,63,71,63,71,134,134,0,0.5302734375,-0.5302734375,-0.5302734375,1,134,True
+,63,72,63,72,135,135,0,0.47607421875,-0.47607421875,-0.47607421875,1,135,True
+,63,73,63,73,136,136,0,1.5771484375,-1.5771484375,-1.5771484375,1,146,False
+,63,74,63,74,137,137,1,1.830078125,-1.830078125,-1.830078125,1,127,False
+,63,75,63,75,138,138,2,0.49365234375,-0.49365234375,-0.49365234375,1,138,True
+,63,76,63,76,139,139,0,0.9404296875,-0.9404296875,-0.9404296875,1,139,True
+,63,77,63,77,140,140,0,0.822265625,-0.822265625,-0.822265625,1,140,True
+,63,78,63,78,141,141,0,0.361328125,-0.361328125,-0.361328125,1,141,True
+,63,79,63,79,142,142,0,0.328125,-0.328125,-0.328125,1,142,True
+,63,80,63,80,143,143,0,0.2039794921875,-0.2039794921875,-0.2039794921875,1,143,True
+,63,81,63,81,144,144,0,0.158935546875,-0.158935546875,-0.158935546875,1,144,True
+,63,82,63,82,145,145,0,0.382568359375,-0.382568359375,-0.382568359375,1,145,True
+,63,83,63,83,146,146,0,0.3818359375,-0.3818359375,-0.3818359375,1,146,True
+,63,84,63,84,147,147,1,0.120849609375,-0.120849609375,-0.120849609375,1,147,True
+,63,85,63,85,148,148,0,0.462890625,-0.462890625,-0.462890625,1,148,True
+,63,86,63,86,149,149,0,0.2060546875,-0.2060546875,-0.2060546875,1,149,True
+,63,87,63,87,150,150,1,0.24462890625,-0.24462890625,-0.24462890625,1,150,True
+,63,88,63,88,151,151,0,0.55615234375,-0.55615234375,-0.55615234375,1,151,True
+,63,89,63,89,152,152,0,0.986328125,-0.986328125,-0.986328125,1,142,False
+,63,90,63,90,153,153,0,0.2022705078125,-0.2022705078125,-0.2022705078125,1,153,True
+,63,91,63,91,154,154,0,0.84765625,-0.84765625,-0.84765625,1,154,True
+,63,92,63,92,155,155,0,1.7587890625,-1.7587890625,-1.7587890625,1,145,False
+,63,93,63,93,156,156,1,1.212890625,-1.212890625,-1.212890625,1,156,True
+,63,94,63,94,157,157,1,2.025390625,-2.025390625,-2.025390625,1,137,False
+,63,95,63,95,158,158,0,1.14453125,-1.14453125,-1.14453125,1,148,False
+,63,96,63,96,159,159,0,1.1357421875,-1.1357421875,-1.1357421875,1,129,False
+,63,97,63,97,160,160,0,1.017578125,-1.017578125,-1.017578125,1,160,True
+,63,98,63,98,161,161,0,2.99609375,-2.99609375,-2.99609375,1,151,False
+,63,99,63,99,162,162,0,0.9248046875,-0.9248046875,-0.9248046875,1,162,True
+,64,10,64,10,74,74,3,0.0177764892578125,-0.0177764892578125,-0.0177764892578125,1,74,True
+,64,11,64,11,75,75,0,0.07763671875,-0.07763671875,-0.07763671875,1,75,True
+,64,12,64,12,76,76,4,0.0071563720703125,-0.0071563720703125,-0.0071563720703125,1,76,True
+,64,13,64,13,77,77,1,0.0256195068359375,-0.0256195068359375,-0.0256195068359375,1,77,True
+,64,14,64,14,78,78,3,0.07720947265625,-0.07720947265625,-0.07720947265625,1,78,True
+,64,15,64,15,79,79,4,0.736328125,-0.736328125,-0.736328125,1,89,False
+,64,16,64,16,80,80,6,0.016021728515625,-0.016021728515625,-0.016021728515625,1,80,True
+,64,17,64,17,81,81,0,0.11602783203125,-0.11602783203125,-0.11602783203125,1,81,True
+,64,18,64,18,82,82,0,0.05841064453125,-0.05841064453125,-0.05841064453125,1,82,True
+,64,19,64,19,83,83,1,2.822265625,-2.822265625,-2.822265625,1,93,False
+,64,20,64,20,84,84,5,0.08538818359375,-0.08538818359375,-0.08538818359375,1,84,True
+,64,21,64,21,85,85,1,0.77685546875,-0.77685546875,-0.77685546875,1,95,False
+,64,22,64,22,86,86,2,0.052215576171875,-0.052215576171875,-0.052215576171875,1,86,True
+,64,23,64,23,87,87,2,0.059356689453125,-0.059356689453125,-0.059356689453125,1,87,True
+,64,24,64,24,88,88,2,0.1044921875,-0.1044921875,-0.1044921875,1,88,True
+,64,25,64,25,89,89,4,0.08489990234375,-0.08489990234375,-0.08489990234375,1,89,True
+,64,26,64,26,90,90,0,0.006999969482421875,-0.006999969482421875,-0.006999969482421875,1,90,True
+,64,27,64,27,91,91,2,0.0904541015625,-0.0904541015625,-0.0904541015625,1,91,True
+,64,28,64,28,92,92,1,0.050201416015625,-0.050201416015625,-0.050201416015625,1,92,True
+,64,29,64,29,93,93,0,0.04742431640625,-0.04742431640625,-0.04742431640625,1,93,True
+,64,30,64,30,94,94,2,0.0217742919921875,-0.0217742919921875,-0.0217742919921875,1,94,True
+,64,31,64,31,95,95,2,0.038604736328125,-0.038604736328125,-0.038604736328125,1,95,True
+,64,32,64,32,96,96,16,0.020843505859375,-0.020843505859375,-0.020843505859375,1,96,True
+,64,33,64,33,97,97,0,0.07867431640625,-0.07867431640625,-0.07867431640625,1,97,True
+,64,34,64,34,98,98,0,0.07684326171875,-0.07684326171875,-0.07684326171875,1,98,True
+,64,35,64,35,99,99,0,0.251708984375,-0.251708984375,-0.251708984375,1,99,True
+,64,36,64,36,100,100,7,0.00910186767578125,-0.00910186767578125,-0.00910186767578125,1,100,True
+,64,37,64,37,101,101,1,0.0211334228515625,-0.0211334228515625,-0.0211334228515625,1,101,True
+,64,38,64,38,102,102,0,0.0235748291015625,-0.0235748291015625,-0.0235748291015625,1,102,True
+,64,39,64,39,103,103,0,0.183349609375,-0.183349609375,-0.183349609375,1,103,True
+,64,40,64,40,104,104,1,0.04998779296875,-0.04998779296875,-0.04998779296875,1,104,True
+,64,41,64,41,105,105,0,0.05560302734375,-0.05560302734375,-0.05560302734375,1,105,True
+,64,42,64,42,106,106,1,0.036407470703125,-0.036407470703125,-0.036407470703125,1,106,True
+,64,43,64,43,107,107,0,0.1925048828125,-0.1925048828125,-0.1925048828125,1,107,True
+,64,44,64,44,108,108,0,0.09600830078125,-0.09600830078125,-0.09600830078125,1,108,True
+,64,45,64,45,109,109,0,0.0222625732421875,-0.0222625732421875,-0.0222625732421875,1,109,True
+,64,46,64,46,110,110,1,0.1043701171875,-0.1043701171875,-0.1043701171875,1,110,True
+,64,47,64,47,111,111,0,0.0943603515625,-0.0943603515625,-0.0943603515625,1,111,True
+,64,48,64,48,112,112,6,0.044525146484375,-0.044525146484375,-0.044525146484375,1,112,True
+,64,49,64,49,113,113,1,0.1495361328125,-0.1495361328125,-0.1495361328125,1,113,True
+,64,50,64,50,114,114,0,0.3408203125,-0.3408203125,-0.3408203125,1,114,True
+,64,51,64,51,115,115,0,0.404052734375,-0.404052734375,-0.404052734375,1,115,True
+,64,52,64,52,116,116,0,0.10491943359375,-0.10491943359375,-0.10491943359375,1,116,True
+,64,53,64,53,117,117,0,0.050567626953125,-0.050567626953125,-0.050567626953125,1,117,True
+,64,54,64,54,118,118,0,0.378173828125,-0.378173828125,-0.378173828125,1,118,True
+,64,55,64,55,119,119,1,1.63671875,-1.63671875,-1.63671875,1,109,False
+,64,56,64,56,120,120,1,0.051055908203125,-0.051055908203125,-0.051055908203125,1,120,True
+,64,57,64,57,121,121,0,0.0171356201171875,-0.0171356201171875,-0.0171356201171875,1,121,True
+,64,58,64,58,122,122,0,0.03912353515625,-0.03912353515625,-0.03912353515625,1,122,True
+,64,59,64,59,123,123,0,0.1534423828125,-0.1534423828125,-0.1534423828125,1,123,True
+,64,60,64,60,124,124,0,0.1407470703125,-0.1407470703125,-0.1407470703125,1,124,True
+,64,61,64,61,125,125,0,0.1761474609375,-0.1761474609375,-0.1761474609375,1,125,True
+,64,62,64,62,126,126,0,0.02874755859375,-0.02874755859375,-0.02874755859375,1,126,True
+,64,63,64,63,127,127,1,0.251220703125,-0.251220703125,-0.251220703125,1,127,True
+,64,64,64,64,128,128,21,0.0628662109375,-0.0628662109375,-0.0628662109375,1,128,True
+,64,65,64,65,129,129,0,0.005413055419921875,-0.005413055419921875,-0.005413055419921875,1,129,True
+,64,66,64,66,130,130,1,0.72119140625,-0.72119140625,-0.72119140625,1,130,True
+,64,67,64,67,131,131,1,0.78515625,-0.78515625,-0.78515625,1,121,False
+,64,68,64,68,132,132,0,0.10986328125,-0.10986328125,-0.10986328125,1,132,True
+,64,69,64,69,133,133,0,1.9609375,-1.9609375,-1.9609375,1,143,False
+,64,70,64,70,134,134,0,0.853515625,-0.853515625,-0.853515625,1,114,False
+,64,71,64,71,135,135,0,0.9619140625,-0.9619140625,-0.9619140625,1,145,False
+,64,72,64,72,136,136,1,0.95947265625,-0.95947265625,-0.95947265625,1,136,True
+,64,73,64,73,137,137,2,1.072265625,-1.072265625,-1.072265625,1,137,True
+,64,74,64,74,138,138,0,0.544921875,-0.544921875,-0.544921875,1,138,True
+,64,75,64,75,139,139,0,1.4208984375,-1.4208984375,-1.4208984375,1,139,True
+,64,76,64,76,140,140,0,1.2314453125,-1.2314453125,-1.2314453125,1,120,False
+,64,77,64,77,141,141,0,0.78759765625,-0.78759765625,-0.78759765625,1,141,True
+,64,78,64,78,142,142,0,1.3681640625,-1.3681640625,-1.3681640625,1,122,False
+,64,79,64,79,143,143,0,0.603515625,-0.603515625,-0.603515625,1,143,True
+,64,80,64,80,144,144,2,0.134033203125,-0.134033203125,-0.134033203125,1,144,True
+,64,81,64,81,145,145,7,0.1732177734375,-0.1732177734375,-0.1732177734375,1,145,True
+,64,82,64,82,146,146,0,0.3271484375,-0.3271484375,-0.3271484375,1,146,True
+,64,83,64,83,147,147,0,0.2037353515625,-0.2037353515625,-0.2037353515625,1,147,True
+,64,84,64,84,148,148,0,0.393310546875,-0.393310546875,-0.393310546875,1,148,True
+,64,85,64,85,149,149,0,0.477783203125,-0.477783203125,-0.477783203125,1,149,True
+,64,86,64,86,150,150,0,0.06939697265625,-0.06939697265625,-0.06939697265625,1,150,True
+,64,87,64,87,151,151,0,0.3115234375,-0.3115234375,-0.3115234375,1,151,True
+,64,88,64,88,152,152,0,0.393310546875,-0.393310546875,-0.393310546875,1,152,True
+,64,89,64,89,153,153,0,0.8642578125,-0.8642578125,-0.8642578125,1,143,False
+,64,90,64,90,154,154,0,0.51513671875,-0.51513671875,-0.51513671875,1,154,True
+,64,91,64,91,155,155,0,0.76708984375,-0.76708984375,-0.76708984375,1,155,True
+,64,92,64,92,156,156,1,0.5341796875,-0.5341796875,-0.5341796875,1,156,True
+,64,93,64,93,157,157,0,0.402099609375,-0.402099609375,-0.402099609375,1,157,True
+,64,94,64,94,158,158,0,1.4775390625,-1.4775390625,-1.4775390625,1,138,False
+,64,95,64,95,159,159,0,0.89697265625,-0.89697265625,-0.89697265625,1,149,False
+,64,96,64,96,160,160,2,1.962890625,-1.962890625,-1.962890625,1,140,False
+,64,97,64,97,161,161,0,2.51953125,-2.51953125,-2.51953125,1,151,False
+,64,98,64,98,162,162,0,5.16796875,-5.16796875,-5.16796875,1,132,False
+,64,99,64,99,163,163,0,2.619140625,-2.619140625,-2.619140625,1,143,False
+,65,10,65,10,75,75,4,0.00475311279296875,-0.00475311279296875,-0.00475311279296875,1,75,True
+,65,11,65,11,76,76,2,0.0301666259765625,-0.0301666259765625,-0.0301666259765625,1,76,True
+,65,12,65,12,77,77,0,0.0206756591796875,-0.0206756591796875,-0.0206756591796875,1,77,True
+,65,13,65,13,78,78,1,0.0782470703125,-0.0782470703125,-0.0782470703125,1,78,True
+,65,14,65,14,79,79,2,0.058746337890625,-0.058746337890625,-0.058746337890625,1,79,True
+,65,15,65,15,80,80,4,0.0123291015625,-0.0123291015625,-0.0123291015625,1,80,True
+,65,16,65,16,81,81,1,0.0279083251953125,-0.0279083251953125,-0.0279083251953125,1,81,True
+,65,17,65,17,82,82,1,0.2181396484375,-0.2181396484375,-0.2181396484375,1,82,True
+,65,18,65,18,83,83,3,0.01082611083984375,-0.01082611083984375,-0.01082611083984375,1,83,True
+,65,19,65,19,84,84,0,0.08587646484375,-0.08587646484375,-0.08587646484375,1,84,True
+,65,20,65,20,85,85,1,0.453125,-0.453125,-0.453125,1,85,True
+,65,21,65,21,86,86,0,0.12371826171875,-0.12371826171875,-0.12371826171875,1,86,True
+,65,22,65,22,87,87,3,0.283203125,-0.283203125,-0.283203125,1,87,True
+,65,23,65,23,88,88,1,0.031768798828125,-0.031768798828125,-0.031768798828125,1,88,True
+,65,24,65,24,89,89,1,0.035736083984375,-0.035736083984375,-0.035736083984375,1,89,True
+,65,25,65,25,90,90,1,0.007251739501953125,-0.007251739501953125,-0.007251739501953125,1,90,True
+,65,26,65,26,91,91,1,0.1549072265625,-0.1549072265625,-0.1549072265625,1,91,True
+,65,27,65,27,92,92,2,0.0059814453125,-0.0059814453125,-0.0059814453125,1,92,True
+,65,28,65,28,93,93,0,0.0232696533203125,-0.0232696533203125,-0.0232696533203125,1,93,True
+,65,29,65,29,94,94,1,0.00885772705078125,-0.00885772705078125,-0.00885772705078125,1,94,True
+,65,30,65,30,95,95,2,0.0233154296875,-0.0233154296875,-0.0233154296875,1,95,True
+,65,31,65,31,96,96,0,0.0230560302734375,-0.0230560302734375,-0.0230560302734375,1,96,True
+,65,32,65,32,97,97,3,0.06646728515625,-0.06646728515625,-0.06646728515625,1,97,True
+,65,33,65,33,98,98,1,0.21337890625,-0.21337890625,-0.21337890625,1,98,True
+,65,34,65,34,99,99,0,0.1322021484375,-0.1322021484375,-0.1322021484375,1,99,True
+,65,35,65,35,100,100,3,0.036712646484375,-0.036712646484375,-0.036712646484375,1,100,True
+,65,36,65,36,101,101,0,0.02203369140625,-0.02203369140625,-0.02203369140625,1,101,True
+,65,37,65,37,102,102,0,0.0494384765625,-0.0494384765625,-0.0494384765625,1,102,True
+,65,38,65,38,103,103,0,0.1475830078125,-0.1475830078125,-0.1475830078125,1,103,True
+,65,39,65,39,104,104,0,0.01366424560546875,-0.01366424560546875,-0.01366424560546875,1,104,True
+,65,40,65,40,105,105,1,0.08770751953125,-0.08770751953125,-0.08770751953125,1,105,True
+,65,41,65,41,106,106,0,0.07073974609375,-0.07073974609375,-0.07073974609375,1,106,True
+,65,42,65,42,107,107,0,0.10009765625,-0.10009765625,-0.10009765625,1,107,True
+,65,43,65,43,108,108,0,0.0271148681640625,-0.0271148681640625,-0.0271148681640625,1,108,True
+,65,44,65,44,109,109,0,0.127197265625,-0.127197265625,-0.127197265625,1,109,True
+,65,45,65,45,110,110,3,0.302001953125,-0.302001953125,-0.302001953125,1,110,True
+,65,46,65,46,111,111,0,0.01739501953125,-0.01739501953125,-0.01739501953125,1,111,True
+,65,47,65,47,112,112,0,0.152587890625,-0.152587890625,-0.152587890625,1,112,True
+,65,48,65,48,113,113,0,0.0189971923828125,-0.0189971923828125,-0.0189971923828125,1,113,True
+,65,49,65,49,114,114,0,0.1495361328125,-0.1495361328125,-0.1495361328125,1,114,True
+,65,50,65,50,115,115,0,0.02960205078125,-0.02960205078125,-0.02960205078125,1,115,True
+,65,51,65,51,116,116,0,0.04803466796875,-0.04803466796875,-0.04803466796875,1,116,True
+,65,52,65,52,117,117,0,0.04803466796875,-0.04803466796875,-0.04803466796875,1,117,True
+,65,53,65,53,118,118,0,0.1632080078125,-0.1632080078125,-0.1632080078125,1,118,True
+,65,54,65,54,119,119,1,0.190673828125,-0.190673828125,-0.190673828125,1,119,True
+,65,55,65,55,120,120,1,0.055023193359375,-0.055023193359375,-0.055023193359375,1,120,True
+,65,56,65,56,121,121,1,0.07208251953125,-0.07208251953125,-0.07208251953125,1,121,True
+,65,57,65,57,122,122,0,0.023284912109375,-0.023284912109375,-0.023284912109375,1,122,True
+,65,58,65,58,123,123,0,0.060943603515625,-0.060943603515625,-0.060943603515625,1,123,True
+,65,59,65,59,124,124,0,0.25146484375,-0.25146484375,-0.25146484375,1,124,True
+,65,60,65,60,125,125,1,0.031494140625,-0.031494140625,-0.031494140625,1,125,True
+,65,61,65,61,126,126,0,0.0528564453125,-0.0528564453125,-0.0528564453125,1,126,True
+,65,62,65,62,127,127,0,0.11090087890625,-0.11090087890625,-0.11090087890625,1,127,True
+,65,63,65,63,128,128,2,0.062042236328125,-0.062042236328125,-0.062042236328125,1,128,True
+,65,64,65,64,129,129,1,0.0116119384765625,-0.0116119384765625,-0.0116119384765625,1,129,True
+,65,65,65,65,130,130,2,0.0916748046875,-0.0916748046875,-0.0916748046875,1,130,True
+,65,66,65,66,131,131,3,0.005252838134765625,-0.005252838134765625,-0.005252838134765625,1,131,True
+,65,67,65,67,132,132,0,0.89404296875,-0.89404296875,-0.89404296875,1,132,True
+,65,68,65,68,133,133,0,1.837890625,-1.837890625,-1.837890625,1,123,False
+,65,69,65,69,134,134,1,0.18115234375,-0.18115234375,-0.18115234375,1,134,True
+,65,70,65,70,135,135,1,0.68994140625,-0.68994140625,-0.68994140625,1,135,True
+,65,71,65,71,136,136,0,1.0556640625,-1.0556640625,-1.0556640625,1,146,False
+,65,72,65,72,137,137,0,0.59814453125,-0.59814453125,-0.59814453125,1,137,True
+,65,73,65,73,138,138,0,0.833984375,-0.833984375,-0.833984375,1,138,True
+,65,74,65,74,139,139,0,1.212890625,-1.212890625,-1.212890625,1,149,False
+,65,75,65,75,140,140,0,0.3095703125,-0.3095703125,-0.3095703125,1,140,True
+,65,76,65,76,141,141,0,0.67041015625,-0.67041015625,-0.67041015625,1,141,True
+,65,77,65,77,142,142,0,1.1171875,-1.1171875,-1.1171875,1,132,False
+,65,78,65,78,143,143,0,0.58203125,-0.58203125,-0.58203125,1,143,True
+,65,79,65,79,144,144,1,0.2841796875,-0.2841796875,-0.2841796875,1,144,True
+,65,80,65,80,145,145,1,0.3740234375,-0.3740234375,-0.3740234375,1,145,True
+,65,81,65,81,146,146,0,0.244140625,-0.244140625,-0.244140625,1,146,True
+,65,82,65,82,147,147,0,0.2093505859375,-0.2093505859375,-0.2093505859375,1,147,True
+,65,83,65,83,148,148,0,0.340087890625,-0.340087890625,-0.340087890625,1,148,True
+,65,84,65,84,149,149,0,0.5029296875,-0.5029296875,-0.5029296875,1,149,True
+,65,85,65,85,150,150,0,0.1636962890625,-0.1636962890625,-0.1636962890625,1,150,True
+,65,86,65,86,151,151,0,1.4462890625,-1.4462890625,-1.4462890625,1,141,False
+,65,87,65,87,152,152,0,0.331787109375,-0.331787109375,-0.331787109375,1,152,True
+,65,88,65,88,153,153,0,1.18359375,-1.18359375,-1.18359375,1,143,False
+,65,89,65,89,154,154,0,1.189453125,-1.189453125,-1.189453125,1,144,False
+,65,90,65,90,155,155,1,0.94091796875,-0.94091796875,-0.94091796875,1,145,False
+,65,91,65,91,156,156,1,0.30029296875,-0.30029296875,-0.30029296875,1,156,True
+,65,92,65,92,157,157,0,2.244140625,-2.244140625,-2.244140625,1,147,False
+,65,93,65,93,158,158,0,0.5986328125,-0.5986328125,-0.5986328125,1,158,True
+,65,94,65,94,159,159,0,1.4658203125,-1.4658203125,-1.4658203125,1,149,False
+,65,95,65,95,160,160,0,1.5546875,-1.5546875,-1.5546875,1,150,False
+,65,96,65,96,161,161,0,2.3203125,-2.3203125,-2.3203125,1,151,False
+,65,97,65,97,162,162,0,1.26953125,-1.26953125,-1.26953125,1,152,False
+,65,98,65,98,163,163,0,2.662109375,-2.662109375,-2.662109375,1,153,False
+,65,99,65,99,164,164,0,2.017578125,-2.017578125,-2.017578125,1,134,False
+,66,10,66,10,76,76,0,0.00920867919921875,-0.00920867919921875,-0.00920867919921875,1,76,True
+,66,11,66,11,77,77,0,0.016387939453125,-0.016387939453125,-0.016387939453125,1,77,True
+,66,12,66,12,78,78,1,0.00630950927734375,-0.00630950927734375,-0.00630950927734375,1,78,True
+,66,13,66,13,79,79,1,0.032867431640625,-0.032867431640625,-0.032867431640625,1,79,True
+,66,14,66,14,80,80,0,0.01073455810546875,-0.01073455810546875,-0.01073455810546875,1,80,True
+,66,15,66,15,81,81,0,0.014434814453125,-0.014434814453125,-0.014434814453125,1,81,True
+,66,16,66,16,82,82,4,0.01458740234375,-0.01458740234375,-0.01458740234375,1,82,True
+,66,17,66,17,83,83,0,0.007801055908203125,-0.007801055908203125,-0.007801055908203125,1,83,True
+,66,18,66,18,84,84,0,0.01270294189453125,-0.01270294189453125,-0.01270294189453125,1,84,True
+,66,19,66,19,85,85,0,1.3642578125,-1.3642578125,-1.3642578125,1,95,False
+,66,20,66,20,86,86,0,0.044525146484375,-0.044525146484375,-0.044525146484375,1,86,True
+,66,21,66,21,87,87,1,0.0693359375,-0.0693359375,-0.0693359375,1,87,True
+,66,22,66,22,88,88,0,0.062103271484375,-0.062103271484375,-0.062103271484375,1,88,True
+,66,23,66,23,89,89,0,0.00555419921875,-0.00555419921875,-0.00555419921875,1,89,True
+,66,24,66,24,90,90,1,0.002582550048828125,-0.002582550048828125,-0.002582550048828125,1,90,True
+,66,25,66,25,91,91,0,0.06414794921875,-0.06414794921875,-0.06414794921875,1,91,True
+,66,26,66,26,92,92,0,0.0897216796875,-0.0897216796875,-0.0897216796875,1,92,True
+,66,27,66,27,93,93,0,0.01345062255859375,-0.01345062255859375,-0.01345062255859375,1,93,True
+,66,28,66,28,94,94,1,0.0037708282470703125,-0.0037708282470703125,-0.0037708282470703125,1,94,True
+,66,29,66,29,95,95,1,0.0020847320556640625,-0.0020847320556640625,-0.0020847320556640625,1,95,True
+,66,30,66,30,96,96,1,0.004852294921875,-0.004852294921875,-0.004852294921875,1,96,True
+,66,31,66,31,97,97,0,0.07073974609375,-0.07073974609375,-0.07073974609375,1,97,True
+,66,32,66,32,98,98,1,0.00954437255859375,-0.00954437255859375,-0.00954437255859375,1,98,True
+,66,33,66,33,99,99,1,0.01041412353515625,-0.01041412353515625,-0.01041412353515625,1,99,True
+,66,34,66,34,100,100,1,0.026275634765625,-0.026275634765625,-0.026275634765625,1,100,True
+,66,35,66,35,101,101,1,0.0128631591796875,-0.0128631591796875,-0.0128631591796875,1,101,True
+,66,36,66,36,102,102,0,0.0232086181640625,-0.0232086181640625,-0.0232086181640625,1,102,True
+,66,37,66,37,103,103,0,0.06024169921875,-0.06024169921875,-0.06024169921875,1,103,True
+,66,38,66,38,104,104,0,0.01235198974609375,-0.01235198974609375,-0.01235198974609375,1,104,True
+,66,39,66,39,105,105,0,0.0294189453125,-0.0294189453125,-0.0294189453125,1,105,True
+,66,40,66,40,106,106,0,0.007144927978515625,-0.007144927978515625,-0.007144927978515625,1,106,True
+,66,41,66,41,107,107,1,0.0103607177734375,-0.0103607177734375,-0.0103607177734375,1,107,True
+,66,42,66,42,108,108,0,0.0118255615234375,-0.0118255615234375,-0.0118255615234375,1,108,True
+,66,43,66,43,109,109,0,0.01407623291015625,-0.01407623291015625,-0.01407623291015625,1,109,True
+,66,44,66,44,110,110,1,0.0849609375,-0.0849609375,-0.0849609375,1,110,True
+,66,45,66,45,111,111,0,0.0036525726318359375,-0.0036525726318359375,-0.0036525726318359375,1,111,True
+,66,46,66,46,112,112,0,0.038543701171875,-0.038543701171875,-0.038543701171875,1,112,True
+,66,47,66,47,113,113,0,0.023162841796875,-0.023162841796875,-0.023162841796875,1,113,True
+,66,48,66,48,114,114,0,0.01468658447265625,-0.01468658447265625,-0.01468658447265625,1,114,True
+,66,49,66,49,115,115,0,0.036773681640625,-0.036773681640625,-0.036773681640625,1,115,True
+,66,50,66,50,116,116,0,0.2783203125,-0.2783203125,-0.2783203125,1,116,True
+,66,51,66,51,117,117,1,0.10809326171875,-0.10809326171875,-0.10809326171875,1,117,True
+,66,52,66,52,118,118,0,0.0411376953125,-0.0411376953125,-0.0411376953125,1,118,True
+,66,53,66,53,119,119,0,0.0565185546875,-0.0565185546875,-0.0565185546875,1,119,True
+,66,54,66,54,120,120,0,0.04345703125,-0.04345703125,-0.04345703125,1,120,True
+,66,55,66,55,121,121,1,0.0291748046875,-0.0291748046875,-0.0291748046875,1,121,True
+,66,56,66,56,122,122,0,0.0447998046875,-0.0447998046875,-0.0447998046875,1,122,True
+,66,57,66,57,123,123,0,0.035491943359375,-0.035491943359375,-0.035491943359375,1,123,True
+,66,58,66,58,124,124,0,0.0191650390625,-0.0191650390625,-0.0191650390625,1,124,True
+,66,59,66,59,125,125,0,0.4912109375,-0.4912109375,-0.4912109375,1,125,True
+,66,60,66,60,126,126,0,0.00820159912109375,-0.00820159912109375,-0.00820159912109375,1,126,True
+,66,61,66,61,127,127,0,0.02081298828125,-0.02081298828125,-0.02081298828125,1,127,True
+,66,62,66,62,128,128,0,0.18505859375,-0.18505859375,-0.18505859375,1,128,True
+,66,63,66,63,129,129,0,0.024749755859375,-0.024749755859375,-0.024749755859375,1,129,True
+,66,64,66,64,130,130,1,0.1583251953125,-0.1583251953125,-0.1583251953125,1,130,True
+,66,65,66,65,131,131,0,0.0016908645629882812,-0.0016908645629882812,-0.0016908645629882812,1,131,True
+,66,66,66,66,132,132,2,0.0611572265625,-0.0611572265625,-0.0611572265625,1,132,True
+,66,67,66,67,133,133,1,0.26708984375,-0.26708984375,-0.26708984375,1,133,True
+,66,68,66,68,134,134,0,0.642578125,-0.642578125,-0.642578125,1,134,True
+,66,69,66,69,135,135,0,0.880859375,-0.880859375,-0.880859375,1,135,True
+,66,70,66,70,136,136,0,0.54638671875,-0.54638671875,-0.54638671875,1,136,True
+,66,71,66,71,137,137,0,0.7119140625,-0.7119140625,-0.7119140625,1,137,True
+,66,72,66,72,138,138,0,0.1309814453125,-0.1309814453125,-0.1309814453125,1,138,True
+,66,73,66,73,139,139,0,1.13671875,-1.13671875,-1.13671875,1,149,False
+,66,74,66,74,140,140,0,1.3310546875,-1.3310546875,-1.3310546875,1,130,False
+,66,75,66,75,141,141,0,0.134765625,-0.134765625,-0.134765625,1,141,True
+,66,76,66,76,142,142,0,0.50537109375,-0.50537109375,-0.50537109375,1,142,True
+,66,77,66,77,143,143,0,0.240966796875,-0.240966796875,-0.240966796875,1,143,True
+,66,78,66,78,144,144,0,0.61279296875,-0.61279296875,-0.61279296875,1,144,True
+,66,79,66,79,145,145,0,0.109130859375,-0.109130859375,-0.109130859375,1,145,True
+,66,80,66,80,146,146,0,0.016571044921875,-0.016571044921875,-0.016571044921875,1,146,True
+,66,81,66,81,147,147,1,0.323486328125,-0.323486328125,-0.323486328125,1,147,True
+,66,82,66,82,148,148,0,0.59814453125,-0.59814453125,-0.59814453125,1,148,True
+,66,83,66,83,149,149,0,0.148193359375,-0.148193359375,-0.148193359375,1,149,True
+,66,84,66,84,150,150,0,0.039337158203125,-0.039337158203125,-0.039337158203125,1,150,True
+,66,85,66,85,151,151,1,0.1339111328125,-0.1339111328125,-0.1339111328125,1,151,True
+,66,86,66,86,152,152,0,0.384033203125,-0.384033203125,-0.384033203125,1,152,True
+,66,87,66,87,153,153,0,0.044677734375,-0.044677734375,-0.044677734375,1,153,True
+,66,88,66,88,154,154,3,0.1046142578125,-0.1046142578125,-0.1046142578125,1,154,True
+,66,89,66,89,155,155,0,1.2861328125,-1.2861328125,-1.2861328125,1,145,False
+,66,90,66,90,156,156,0,0.2281494140625,-0.2281494140625,-0.2281494140625,1,156,True
+,66,91,66,91,157,157,0,0.83447265625,-0.83447265625,-0.83447265625,1,157,True
+,66,92,66,92,158,158,0,0.5771484375,-0.5771484375,-0.5771484375,1,158,True
+,66,93,66,93,159,159,0,0.253662109375,-0.253662109375,-0.253662109375,1,159,True
+,66,94,66,94,160,160,0,1.3046875,-1.3046875,-1.3046875,1,150,False
+,66,95,66,95,161,161,0,1.1015625,-1.1015625,-1.1015625,1,151,False
+,66,96,66,96,162,162,0,0.99755859375,-0.99755859375,-0.99755859375,1,150,False
+,66,97,66,97,163,163,0,0.9951171875,-0.9951171875,-0.9951171875,1,143,False
+,66,98,66,98,164,164,0,1.517578125,-1.517578125,-1.517578125,1,154,False
+,66,99,66,99,165,165,0,0.623046875,-0.623046875,-0.623046875,1,165,True
+,67,10,67,10,77,77,0,0.0162811279296875,-0.0162811279296875,-0.0162811279296875,1,77,True
+,67,11,67,11,78,78,0,0.0215911865234375,-0.0215911865234375,-0.0215911865234375,1,78,True
+,67,12,67,12,79,79,0,0.042449951171875,-0.042449951171875,-0.042449951171875,1,79,True
+,67,13,67,13,80,80,0,0.0313720703125,-0.0313720703125,-0.0313720703125,1,80,True
+,67,14,67,14,81,81,0,0.0306396484375,-0.0306396484375,-0.0306396484375,1,81,True
+,67,15,67,15,82,82,0,0.259765625,-0.259765625,-0.259765625,1,82,True
+,67,16,67,16,83,83,0,0.45703125,-0.45703125,-0.45703125,1,83,True
+,67,17,67,17,84,84,1,0.03338623046875,-0.03338623046875,-0.03338623046875,1,84,True
+,67,18,67,18,85,85,0,0.12109375,-0.12109375,-0.12109375,1,85,True
+,67,19,67,19,86,86,1,2.9140625,-2.9140625,-2.9140625,1,96,False
+,67,20,67,20,87,87,1,2.943359375,-2.943359375,-2.943359375,1,97,False
+,67,21,67,21,88,88,0,0.7041015625,-0.7041015625,-0.7041015625,1,88,True
+,67,22,67,22,89,89,0,0.6142578125,-0.6142578125,-0.6142578125,1,89,True
+,67,23,67,23,90,90,0,0.0017004013061523438,-0.0017004013061523438,-0.0017004013061523438,1,90,True
+,67,24,67,24,91,91,0,0.06365966796875,-0.06365966796875,-0.06365966796875,1,91,True
+,67,25,67,25,92,92,0,0.64453125,-0.64453125,-0.64453125,1,92,True
+,67,26,67,26,93,93,0,0.31005859375,-0.31005859375,-0.31005859375,1,93,True
+,67,27,67,27,94,94,0,0.11431884765625,-0.11431884765625,-0.11431884765625,1,94,True
+,67,28,67,28,95,95,0,0.06378173828125,-0.06378173828125,-0.06378173828125,1,95,True
+,67,29,67,29,96,96,0,0.0052032470703125,-0.0052032470703125,-0.0052032470703125,1,96,True
+,67,30,67,30,97,97,0,0.2197265625,-0.2197265625,-0.2197265625,1,97,True
+,67,31,67,31,98,98,0,0.5869140625,-0.5869140625,-0.5869140625,1,98,True
+,67,32,67,32,99,99,0,0.173095703125,-0.173095703125,-0.173095703125,1,99,True
+,67,33,67,33,100,100,0,0.015289306640625,-0.015289306640625,-0.015289306640625,1,100,True
+,67,34,67,34,101,101,0,0.087890625,-0.087890625,-0.087890625,1,101,True
+,67,35,67,35,102,102,0,0.096923828125,-0.096923828125,-0.096923828125,1,102,True
+,67,36,67,36,103,103,1,0.023773193359375,-0.023773193359375,-0.023773193359375,1,103,True
+,67,37,67,37,104,104,0,0.1422119140625,-0.1422119140625,-0.1422119140625,1,104,True
+,67,38,67,38,105,105,0,0.07965087890625,-0.07965087890625,-0.07965087890625,1,105,True
+,67,39,67,39,106,106,0,0.0126953125,-0.0126953125,-0.0126953125,1,106,True
+,67,40,67,40,107,107,0,0.04473876953125,-0.04473876953125,-0.04473876953125,1,107,True
+,67,41,67,41,108,108,0,0.0249481201171875,-0.0249481201171875,-0.0249481201171875,1,108,True
+,67,42,67,42,109,109,0,0.036895751953125,-0.036895751953125,-0.036895751953125,1,109,True
+,67,43,67,43,110,110,0,0.352783203125,-0.352783203125,-0.352783203125,1,110,True
+,67,44,67,44,111,111,0,0.07403564453125,-0.07403564453125,-0.07403564453125,1,111,True
+,67,45,67,45,112,112,0,0.068603515625,-0.068603515625,-0.068603515625,1,112,True
+,67,46,67,46,113,113,0,0.032135009765625,-0.032135009765625,-0.032135009765625,1,113,True
+,67,47,67,47,114,114,1,0.2220458984375,-0.2220458984375,-0.2220458984375,1,114,True
+,67,48,67,48,115,115,1,0.114013671875,-0.114013671875,-0.114013671875,1,115,True
+,67,49,67,49,116,116,0,0.505859375,-0.505859375,-0.505859375,1,116,True
+,67,50,67,50,117,117,0,0.326904296875,-0.326904296875,-0.326904296875,1,117,True
+,67,51,67,51,118,118,0,0.397216796875,-0.397216796875,-0.397216796875,1,118,True
+,67,52,67,52,119,119,0,0.383544921875,-0.383544921875,-0.383544921875,1,119,True
+,67,53,67,53,120,120,0,0.034088134765625,-0.034088134765625,-0.034088134765625,1,120,True
+,67,54,67,54,121,121,0,0.01776123046875,-0.01776123046875,-0.01776123046875,1,121,True
+,67,55,67,55,122,122,0,0.082763671875,-0.082763671875,-0.082763671875,1,122,True
+,67,56,67,56,123,123,1,0.1234130859375,-0.1234130859375,-0.1234130859375,1,123,True
+,67,57,67,57,124,124,0,0.07244873046875,-0.07244873046875,-0.07244873046875,1,124,True
+,67,58,67,58,125,125,0,0.63720703125,-0.63720703125,-0.63720703125,1,125,True
+,67,59,67,59,126,126,0,0.08843994140625,-0.08843994140625,-0.08843994140625,1,126,True
+,67,60,67,60,127,127,0,0.0753173828125,-0.0753173828125,-0.0753173828125,1,127,True
+,67,61,67,61,128,128,0,0.307861328125,-0.307861328125,-0.307861328125,1,128,True
+,67,62,67,62,129,129,0,0.2236328125,-0.2236328125,-0.2236328125,1,129,True
+,67,63,67,63,130,130,1,0.5498046875,-0.5498046875,-0.5498046875,1,130,True
+,67,64,67,64,131,131,0,0.76318359375,-0.76318359375,-0.76318359375,1,131,True
+,67,65,67,65,132,132,0,0.35693359375,-0.35693359375,-0.35693359375,1,132,True
+,67,66,67,66,133,133,0,0.1365966796875,-0.1365966796875,-0.1365966796875,1,133,True
+,67,67,67,67,134,134,2,0.912109375,-0.912109375,-0.912109375,1,134,True
+,67,68,67,68,135,135,0,0.3173828125,-0.3173828125,-0.3173828125,1,135,True
+,67,69,67,69,136,136,1,1.0234375,-1.0234375,-1.0234375,1,146,False
+,67,70,67,70,137,137,0,0.493408203125,-0.493408203125,-0.493408203125,1,137,True
+,67,71,67,71,138,138,0,0.4697265625,-0.4697265625,-0.4697265625,1,138,True
+,67,72,67,72,139,139,0,0.787109375,-0.787109375,-0.787109375,1,139,True
+,67,73,67,73,140,140,0,0.73388671875,-0.73388671875,-0.73388671875,1,140,True
+,67,74,67,74,141,141,0,0.74169921875,-0.74169921875,-0.74169921875,1,141,True
+,67,75,67,75,142,142,0,0.255615234375,-0.255615234375,-0.255615234375,1,142,True
+,67,76,67,76,143,143,2,0.37646484375,-0.37646484375,-0.37646484375,1,143,True
+,67,77,67,77,144,144,0,0.261962890625,-0.261962890625,-0.261962890625,1,144,True
+,67,78,67,78,145,145,0,0.82958984375,-0.82958984375,-0.82958984375,1,145,True
+,67,79,67,79,146,146,0,1.2314453125,-1.2314453125,-1.2314453125,1,156,False
+,67,80,67,80,147,147,0,0.281494140625,-0.281494140625,-0.281494140625,1,147,True
+,67,81,67,81,148,148,0,0.69775390625,-0.69775390625,-0.69775390625,1,148,True
+,67,82,67,82,149,149,0,1.2158203125,-1.2158203125,-1.2158203125,1,149,True
+,67,83,67,83,150,150,0,0.31494140625,-0.31494140625,-0.31494140625,1,150,True
+,67,84,67,84,151,151,0,0.2320556640625,-0.2320556640625,-0.2320556640625,1,151,True
+,67,85,67,85,152,152,0,0.49462890625,-0.49462890625,-0.49462890625,1,152,True
+,67,86,67,86,153,153,0,0.130126953125,-0.130126953125,-0.130126953125,1,153,True
+,67,87,67,87,154,154,0,0.364013671875,-0.364013671875,-0.364013671875,1,154,True
+,67,88,67,88,155,155,0,1.685546875,-1.685546875,-1.685546875,1,145,False
+,67,89,67,89,156,156,0,0.06536865234375,-0.06536865234375,-0.06536865234375,1,156,True
+,67,90,67,90,157,157,1,0.1650390625,-0.1650390625,-0.1650390625,1,157,True
+,67,91,67,91,158,158,0,0.5654296875,-0.5654296875,-0.5654296875,1,158,True
+,67,92,67,92,159,159,0,0.99853515625,-0.99853515625,-0.99853515625,1,149,False
+,67,93,67,93,160,160,0,0.1859130859375,-0.1859130859375,-0.1859130859375,1,160,True
+,67,94,67,94,161,161,1,1.265625,-1.265625,-1.265625,1,151,False
+,67,95,67,95,162,162,0,0.7841796875,-0.7841796875,-0.7841796875,1,162,True
+,67,96,67,96,163,163,0,1.4697265625,-1.4697265625,-1.4697265625,1,143,False
+,67,97,67,97,164,164,0,1.7216796875,-1.7216796875,-1.7216796875,1,154,False
+,67,98,67,98,165,165,0,1.19921875,-1.19921875,-1.19921875,1,165,True
+,67,99,67,99,166,166,0,0.89892578125,-0.89892578125,-0.89892578125,1,166,True
+,68,10,68,10,78,78,1,0.00554656982421875,-0.00554656982421875,-0.00554656982421875,1,78,True
+,68,11,68,11,79,79,0,0.0843505859375,-0.0843505859375,-0.0843505859375,1,79,True
+,68,12,68,12,80,80,0,0.12115478515625,-0.12115478515625,-0.12115478515625,1,80,True
+,68,13,68,13,81,81,0,0.030487060546875,-0.030487060546875,-0.030487060546875,1,81,True
+,68,14,68,14,82,82,2,0.07269287109375,-0.07269287109375,-0.07269287109375,1,82,True
+,68,15,68,15,83,83,0,0.00688934326171875,-0.00688934326171875,-0.00688934326171875,1,83,True
+,68,16,68,16,84,84,1,0.0160980224609375,-0.0160980224609375,-0.0160980224609375,1,84,True
+,68,17,68,17,85,85,1,0.028778076171875,-0.028778076171875,-0.028778076171875,1,85,True
+,68,18,68,18,86,86,0,0.01580810546875,-0.01580810546875,-0.01580810546875,1,86,True
+,68,19,68,19,87,87,0,0.408447265625,-0.408447265625,-0.408447265625,1,87,True
+,68,20,68,20,88,88,0,0.06512451171875,-0.06512451171875,-0.06512451171875,1,88,True
+,68,21,68,21,89,89,0,0.10504150390625,-0.10504150390625,-0.10504150390625,1,89,True
+,68,22,68,22,90,90,1,0.012481689453125,-0.012481689453125,-0.012481689453125,1,90,True
+,68,23,68,23,91,91,1,0.00446319580078125,-0.00446319580078125,-0.00446319580078125,1,91,True
+,68,24,68,24,92,92,1,0.01404571533203125,-0.01404571533203125,-0.01404571533203125,1,92,True
+,68,25,68,25,93,93,4,0.02203369140625,-0.02203369140625,-0.02203369140625,1,93,True
+,68,26,68,26,94,94,1,0.08905029296875,-0.08905029296875,-0.08905029296875,1,94,True
+,68,27,68,27,95,95,0,0.0277557373046875,-0.0277557373046875,-0.0277557373046875,1,95,True
+,68,28,68,28,96,96,1,0.031402587890625,-0.031402587890625,-0.031402587890625,1,96,True
+,68,29,68,29,97,97,0,0.01149749755859375,-0.01149749755859375,-0.01149749755859375,1,97,True
+,68,30,68,30,98,98,1,0.0057525634765625,-0.0057525634765625,-0.0057525634765625,1,98,True
+,68,31,68,31,99,99,0,0.038177490234375,-0.038177490234375,-0.038177490234375,1,99,True
+,68,32,68,32,100,100,1,0.106201171875,-0.106201171875,-0.106201171875,1,100,True
+,68,33,68,33,101,101,0,0.21533203125,-0.21533203125,-0.21533203125,1,101,True
+,68,34,68,34,102,102,0,0.0233306884765625,-0.0233306884765625,-0.0233306884765625,1,102,True
+,68,35,68,35,103,103,0,0.223876953125,-0.223876953125,-0.223876953125,1,103,True
+,68,36,68,36,104,104,0,0.10260009765625,-0.10260009765625,-0.10260009765625,1,104,True
+,68,37,68,37,105,105,1,0.2410888671875,-0.2410888671875,-0.2410888671875,1,105,True
+,68,38,68,38,106,106,0,0.0287933349609375,-0.0287933349609375,-0.0287933349609375,1,106,True
+,68,39,68,39,107,107,1,0.0885009765625,-0.0885009765625,-0.0885009765625,1,107,True
+,68,40,68,40,108,108,1,0.0164642333984375,-0.0164642333984375,-0.0164642333984375,1,108,True
+,68,41,68,41,109,109,0,0.1654052734375,-0.1654052734375,-0.1654052734375,1,109,True
+,68,42,68,42,110,110,0,0.1209716796875,-0.1209716796875,-0.1209716796875,1,110,True
+,68,43,68,43,111,111,0,0.11920166015625,-0.11920166015625,-0.11920166015625,1,111,True
+,68,44,68,44,112,112,0,1.0478515625,-1.0478515625,-1.0478515625,1,112,True
+,68,45,68,45,113,113,0,0.08087158203125,-0.08087158203125,-0.08087158203125,1,113,True
+,68,46,68,46,114,114,0,0.1171875,-0.1171875,-0.1171875,1,114,True
+,68,47,68,47,115,115,0,0.162841796875,-0.162841796875,-0.162841796875,1,115,True
+,68,48,68,48,116,116,1,0.296875,-0.296875,-0.296875,1,116,True
+,68,49,68,49,117,117,0,0.1883544921875,-0.1883544921875,-0.1883544921875,1,117,True
+,68,50,68,50,118,118,2,0.267578125,-0.267578125,-0.267578125,1,118,True
+,68,51,68,51,119,119,0,0.59521484375,-0.59521484375,-0.59521484375,1,119,True
+,68,52,68,52,120,120,0,0.183837890625,-0.183837890625,-0.183837890625,1,120,True
+,68,53,68,53,121,121,0,0.06988525390625,-0.06988525390625,-0.06988525390625,1,121,True
+,68,54,68,54,122,122,0,0.0270233154296875,-0.0270233154296875,-0.0270233154296875,1,122,True
+,68,55,68,55,123,123,0,0.27734375,-0.27734375,-0.27734375,1,123,True
+,68,56,68,56,124,124,0,1.103515625,-1.103515625,-1.103515625,1,114,False
+,68,57,68,57,125,125,17,0.34228515625,-0.34228515625,-0.34228515625,1,125,True
+,68,58,68,58,126,126,0,0.06781005859375,-0.06781005859375,-0.06781005859375,1,126,True
+,68,59,68,59,127,127,0,0.242431640625,-0.242431640625,-0.242431640625,1,127,True
+,68,60,68,60,128,128,0,0.09576416015625,-0.09576416015625,-0.09576416015625,1,128,True
+,68,61,68,61,129,129,0,0.1015625,-0.1015625,-0.1015625,1,129,True
+,68,62,68,62,130,130,0,0.43701171875,-0.43701171875,-0.43701171875,1,130,True
+,68,63,68,63,131,131,0,0.7197265625,-0.7197265625,-0.7197265625,1,131,True
+,68,64,68,64,132,132,0,0.2491455078125,-0.2491455078125,-0.2491455078125,1,132,True
+,68,65,68,65,133,133,0,2.10546875,-2.10546875,-2.10546875,1,143,False
+,68,66,68,66,134,134,0,0.529296875,-0.529296875,-0.529296875,1,134,True
+,68,67,68,67,135,135,0,0.2169189453125,-0.2169189453125,-0.2169189453125,1,135,True
+,68,68,68,68,136,136,0,0.277099609375,-0.277099609375,-0.277099609375,1,136,True
+,68,69,68,69,137,137,0,0.45361328125,-0.45361328125,-0.45361328125,1,137,True
+,68,70,68,70,138,138,1,0.08074951171875,-0.08074951171875,-0.08074951171875,1,138,True
+,68,71,68,71,139,139,0,1.4990234375,-1.4990234375,-1.4990234375,1,149,False
+,68,72,68,72,140,140,0,0.72998046875,-0.72998046875,-0.72998046875,1,140,True
+,68,73,68,73,141,141,0,0.355224609375,-0.355224609375,-0.355224609375,1,141,True
+,68,74,68,74,142,142,0,0.2125244140625,-0.2125244140625,-0.2125244140625,1,142,True
+,68,75,68,75,143,143,0,0.042938232421875,-0.042938232421875,-0.042938232421875,1,143,True
+,68,76,68,76,144,144,0,1.00390625,-1.00390625,-1.00390625,1,144,True
+,68,77,68,77,145,145,1,0.6005859375,-0.6005859375,-0.6005859375,1,145,True
+,68,78,68,78,146,146,0,0.265869140625,-0.265869140625,-0.265869140625,1,146,True
+,68,79,68,79,147,147,0,0.345458984375,-0.345458984375,-0.345458984375,1,147,True
+,68,80,68,80,148,148,0,0.2230224609375,-0.2230224609375,-0.2230224609375,1,148,True
+,68,81,68,81,149,149,0,0.56884765625,-0.56884765625,-0.56884765625,1,149,True
+,68,82,68,82,150,150,0,0.2437744140625,-0.2437744140625,-0.2437744140625,1,150,True
+,68,83,68,83,151,151,0,1.0947265625,-1.0947265625,-1.0947265625,1,141,False
+,68,84,68,84,152,152,0,2.087890625,-2.087890625,-2.087890625,1,142,False
+,68,85,68,85,153,153,0,0.289794921875,-0.289794921875,-0.289794921875,1,153,True
+,68,86,68,86,154,154,1,0.1837158203125,-0.1837158203125,-0.1837158203125,1,154,True
+,68,87,68,87,155,155,0,0.8779296875,-0.8779296875,-0.8779296875,1,155,True
+,68,88,68,88,156,156,0,1.369140625,-1.369140625,-1.369140625,1,146,False
+,68,89,68,89,157,157,0,0.299560546875,-0.299560546875,-0.299560546875,1,157,True
+,68,90,68,90,158,158,0,0.043731689453125,-0.043731689453125,-0.043731689453125,1,158,True
+,68,91,68,91,159,159,0,0.363525390625,-0.363525390625,-0.363525390625,1,159,True
+,68,92,68,92,160,160,0,2.416015625,-2.416015625,-2.416015625,1,150,False
+,68,93,68,93,161,161,0,1.080078125,-1.080078125,-1.080078125,1,151,False
+,68,94,68,94,162,162,0,0.416015625,-0.416015625,-0.416015625,1,162,True
+,68,95,68,95,163,163,0,1.5859375,-1.5859375,-1.5859375,1,153,False
+,68,96,68,96,164,164,1,3.5625,-3.5625,-3.5625,1,154,False
+,68,97,68,97,165,165,0,1.517578125,-1.517578125,-1.517578125,1,155,False
+,68,98,68,98,166,166,0,1.4794921875,-1.4794921875,-1.4794921875,1,156,False
+,68,99,68,99,167,167,0,2.2734375,-2.2734375,-2.2734375,1,157,False
+,69,10,69,10,79,79,0,0.032989501953125,-0.032989501953125,-0.032989501953125,1,79,True
+,69,11,69,11,80,80,0,0.04583740234375,-0.04583740234375,-0.04583740234375,1,80,True
+,69,12,69,12,81,81,2,0.0266265869140625,-0.0266265869140625,-0.0266265869140625,1,81,True
+,69,13,69,13,82,82,1,0.029571533203125,-0.029571533203125,-0.029571533203125,1,82,True
+,69,14,69,14,83,83,0,0.0262451171875,-0.0262451171875,-0.0262451171875,1,83,True
+,69,15,69,15,84,84,1,0.003879547119140625,-0.003879547119140625,-0.003879547119140625,1,84,True
+,69,16,69,16,85,85,0,0.09796142578125,-0.09796142578125,-0.09796142578125,1,85,True
+,69,17,69,17,86,86,0,0.02410888671875,-0.02410888671875,-0.02410888671875,1,86,True
+,69,18,69,18,87,87,0,0.1676025390625,-0.1676025390625,-0.1676025390625,1,87,True
+,69,19,69,19,88,88,1,0.142333984375,-0.142333984375,-0.142333984375,1,88,True
+,69,20,69,20,89,89,1,0.377197265625,-0.377197265625,-0.377197265625,1,89,True
+,69,21,69,21,90,90,0,0.0908203125,-0.0908203125,-0.0908203125,1,90,True
+,69,22,69,22,91,91,0,0.11846923828125,-0.11846923828125,-0.11846923828125,1,91,True
+,69,23,69,23,92,92,0,0.002994537353515625,-0.002994537353515625,-0.002994537353515625,1,92,True
+,69,24,69,24,93,93,0,0.0022258758544921875,-0.0022258758544921875,-0.0022258758544921875,1,93,True
+,69,25,69,25,94,94,0,0.025787353515625,-0.025787353515625,-0.025787353515625,1,94,True
+,69,26,69,26,95,95,0,0.00986480712890625,-0.00986480712890625,-0.00986480712890625,1,95,True
+,69,27,69,27,96,96,1,0.01110076904296875,-0.01110076904296875,-0.01110076904296875,1,96,True
+,69,28,69,28,97,97,0,0.0865478515625,-0.0865478515625,-0.0865478515625,1,97,True
+,69,29,69,29,98,98,0,0.041748046875,-0.041748046875,-0.041748046875,1,98,True
+,69,30,69,30,99,99,0,0.021728515625,-0.021728515625,-0.021728515625,1,99,True
+,69,31,69,31,100,100,1,0.224365234375,-0.224365234375,-0.224365234375,1,100,True
+,69,32,69,32,101,101,0,0.04095458984375,-0.04095458984375,-0.04095458984375,1,101,True
+,69,33,69,33,102,102,0,0.057159423828125,-0.057159423828125,-0.057159423828125,1,102,True
+,69,34,69,34,103,103,0,0.0535888671875,-0.0535888671875,-0.0535888671875,1,103,True
+,69,35,69,35,104,104,0,0.08770751953125,-0.08770751953125,-0.08770751953125,1,104,True
+,69,36,69,36,105,105,0,0.06427001953125,-0.06427001953125,-0.06427001953125,1,105,True
+,69,37,69,37,106,106,0,0.053497314453125,-0.053497314453125,-0.053497314453125,1,106,True
+,69,38,69,38,107,107,0,0.0166168212890625,-0.0166168212890625,-0.0166168212890625,1,107,True
+,69,39,69,39,108,108,0,0.06201171875,-0.06201171875,-0.06201171875,1,108,True
+,69,40,69,40,109,109,0,0.1014404296875,-0.1014404296875,-0.1014404296875,1,109,True
+,69,41,69,41,110,110,0,0.0853271484375,-0.0853271484375,-0.0853271484375,1,110,True
+,69,42,69,42,111,111,1,0.01031494140625,-0.01031494140625,-0.01031494140625,1,111,True
+,69,43,69,43,112,112,0,0.372314453125,-0.372314453125,-0.372314453125,1,112,True
+,69,44,69,44,113,113,0,0.263671875,-0.263671875,-0.263671875,1,113,True
+,69,45,69,45,114,114,0,0.02801513671875,-0.02801513671875,-0.02801513671875,1,114,True
+,69,46,69,46,115,115,0,0.09539794921875,-0.09539794921875,-0.09539794921875,1,115,True
+,69,47,69,47,116,116,0,0.22509765625,-0.22509765625,-0.22509765625,1,116,True
+,69,48,69,48,117,117,0,0.0465087890625,-0.0465087890625,-0.0465087890625,1,117,True
+,69,49,69,49,118,118,0,0.07049560546875,-0.07049560546875,-0.07049560546875,1,118,True
+,69,50,69,50,119,119,0,0.304931640625,-0.304931640625,-0.304931640625,1,119,True
+,69,51,69,51,120,120,0,0.07354736328125,-0.07354736328125,-0.07354736328125,1,120,True
+,69,52,69,52,121,121,0,0.07000732421875,-0.07000732421875,-0.07000732421875,1,121,True
+,69,53,69,53,122,122,0,0.07415771484375,-0.07415771484375,-0.07415771484375,1,122,True
+,69,54,69,54,123,123,0,0.1807861328125,-0.1807861328125,-0.1807861328125,1,123,True
+,69,55,69,55,124,124,0,0.34521484375,-0.34521484375,-0.34521484375,1,124,True
+,69,56,69,56,125,125,1,1.9775390625,-1.9775390625,-1.9775390625,1,115,False
+,69,57,69,57,126,126,0,0.145751953125,-0.145751953125,-0.145751953125,1,126,True
+,69,58,69,58,127,127,0,0.11444091796875,-0.11444091796875,-0.11444091796875,1,127,True
+,69,59,69,59,128,128,0,0.58447265625,-0.58447265625,-0.58447265625,1,128,True
+,69,60,69,60,129,129,1,0.26318359375,-0.26318359375,-0.26318359375,1,129,True
+,69,61,69,61,130,130,0,0.654296875,-0.654296875,-0.654296875,1,130,True
+,69,62,69,62,131,131,0,0.80224609375,-0.80224609375,-0.80224609375,1,121,False
+,69,63,69,63,132,132,0,0.1978759765625,-0.1978759765625,-0.1978759765625,1,132,True
+,69,64,69,64,133,133,0,1.96875,-1.96875,-1.96875,1,143,False
+,69,65,69,65,134,134,0,0.2529296875,-0.2529296875,-0.2529296875,1,134,True
+,69,66,69,66,135,135,0,0.7451171875,-0.7451171875,-0.7451171875,1,135,True
+,69,67,69,67,136,136,0,0.289306640625,-0.289306640625,-0.289306640625,1,136,True
+,69,68,69,68,137,137,0,0.045623779296875,-0.045623779296875,-0.045623779296875,1,137,True
+,69,69,69,69,138,138,0,0.5205078125,-0.5205078125,-0.5205078125,1,138,True
+,69,70,69,70,139,139,0,0.205078125,-0.205078125,-0.205078125,1,139,True
+,69,71,69,71,140,140,0,0.39306640625,-0.39306640625,-0.39306640625,1,140,True
+,69,72,69,72,141,141,0,0.27392578125,-0.27392578125,-0.27392578125,1,141,True
+,69,73,69,73,142,142,0,0.341796875,-0.341796875,-0.341796875,1,142,True
+,69,74,69,74,143,143,1,0.2098388671875,-0.2098388671875,-0.2098388671875,1,143,True
+,69,75,69,75,144,144,0,0.1461181640625,-0.1461181640625,-0.1461181640625,1,144,True
+,69,76,69,76,145,145,0,0.3408203125,-0.3408203125,-0.3408203125,1,145,True
+,69,77,69,77,146,146,0,0.282958984375,-0.282958984375,-0.282958984375,1,146,True
+,69,78,69,78,147,147,0,1.3408203125,-1.3408203125,-1.3408203125,1,117,False
+,69,79,69,79,148,148,0,0.96630859375,-0.96630859375,-0.96630859375,1,158,False
+,69,80,69,80,149,149,1,0.1126708984375,-0.1126708984375,-0.1126708984375,1,149,True
+,69,81,69,81,150,150,0,0.38623046875,-0.38623046875,-0.38623046875,1,150,True
+,69,82,69,82,151,151,0,0.48876953125,-0.48876953125,-0.48876953125,1,151,True
+,69,83,69,83,152,152,0,0.3740234375,-0.3740234375,-0.3740234375,1,152,True
+,69,84,69,84,153,153,0,0.279541015625,-0.279541015625,-0.279541015625,1,153,True
+,69,85,69,85,154,154,0,0.4970703125,-0.4970703125,-0.4970703125,1,154,True
+,69,86,69,86,155,155,0,0.80615234375,-0.80615234375,-0.80615234375,1,145,False
+,69,87,69,87,156,156,0,0.2802734375,-0.2802734375,-0.2802734375,1,156,True
+,69,88,69,88,157,157,0,0.469970703125,-0.469970703125,-0.469970703125,1,157,True
+,69,89,69,89,158,158,0,0.277099609375,-0.277099609375,-0.277099609375,1,158,True
+,69,90,69,90,159,159,0,0.377197265625,-0.377197265625,-0.377197265625,1,159,True
+,69,91,69,91,160,160,0,0.3818359375,-0.3818359375,-0.3818359375,1,160,True
+,69,92,69,92,161,161,0,0.86328125,-0.86328125,-0.86328125,1,151,False
+,69,93,69,93,162,162,0,0.36572265625,-0.36572265625,-0.36572265625,1,162,True
+,69,94,69,94,163,163,0,0.84765625,-0.84765625,-0.84765625,1,163,True
+,69,95,69,95,164,164,0,0.298095703125,-0.298095703125,-0.298095703125,1,164,True
+,69,96,69,96,165,165,1,0.459716796875,-0.459716796875,-0.459716796875,1,165,True
+,69,97,69,97,166,166,0,0.54443359375,-0.54443359375,-0.54443359375,1,166,True
+,69,98,69,98,167,167,0,1.1298828125,-1.1298828125,-1.1298828125,1,157,False
+,69,99,69,99,168,168,0,0.61474609375,-0.61474609375,-0.61474609375,1,168,True
+,70,10,70,10,80,80,9,0.049346923828125,-0.049346923828125,-0.049346923828125,1,80,True
+,70,11,70,11,81,81,0,0.025665283203125,-0.025665283203125,-0.025665283203125,1,81,True
+,70,12,70,12,82,82,1,0.0166168212890625,-0.0166168212890625,-0.0166168212890625,1,82,True
+,70,13,70,13,83,83,0,0.04180908203125,-0.04180908203125,-0.04180908203125,1,83,True
+,70,14,70,14,84,84,0,0.11077880859375,-0.11077880859375,-0.11077880859375,1,84,True
+,70,15,70,15,85,85,3,0.0084075927734375,-0.0084075927734375,-0.0084075927734375,1,85,True
+,70,16,70,16,86,86,1,0.0033550262451171875,-0.0033550262451171875,-0.0033550262451171875,1,86,True
+,70,17,70,17,87,87,1,0.0200958251953125,-0.0200958251953125,-0.0200958251953125,1,87,True
+,70,18,70,18,88,88,0,0.0302886962890625,-0.0302886962890625,-0.0302886962890625,1,88,True
+,70,19,70,19,89,89,0,0.22314453125,-0.22314453125,-0.22314453125,1,89,True
+,70,20,70,20,90,90,2,0.0307464599609375,-0.0307464599609375,-0.0307464599609375,1,90,True
+,70,21,70,21,91,91,3,0.180419921875,-0.180419921875,-0.180419921875,1,91,True
+,70,22,70,22,92,92,0,0.0245208740234375,-0.0245208740234375,-0.0245208740234375,1,92,True
+,70,23,70,23,93,93,0,0.00579071044921875,-0.00579071044921875,-0.00579071044921875,1,93,True
+,70,24,70,24,94,94,0,0.00737762451171875,-0.00737762451171875,-0.00737762451171875,1,94,True
+,70,25,70,25,95,95,3,0.0215301513671875,-0.0215301513671875,-0.0215301513671875,1,95,True
+,70,26,70,26,96,96,0,0.036468505859375,-0.036468505859375,-0.036468505859375,1,96,True
+,70,27,70,27,97,97,0,0.02685546875,-0.02685546875,-0.02685546875,1,97,True
+,70,28,70,28,98,98,1,0.021209716796875,-0.021209716796875,-0.021209716796875,1,98,True
+,70,29,70,29,99,99,0,0.07794189453125,-0.07794189453125,-0.07794189453125,1,99,True
+,70,30,70,30,100,100,6,0.0543212890625,-0.0543212890625,-0.0543212890625,1,100,True
+,70,31,70,31,101,101,0,0.0986328125,-0.0986328125,-0.0986328125,1,101,True
+,70,32,70,32,102,102,0,0.071044921875,-0.071044921875,-0.071044921875,1,102,True
+,70,33,70,33,103,103,0,0.163330078125,-0.163330078125,-0.163330078125,1,103,True
+,70,34,70,34,104,104,1,0.237548828125,-0.237548828125,-0.237548828125,1,104,True
+,70,35,70,35,105,105,6,0.1307373046875,-0.1307373046875,-0.1307373046875,1,105,True
+,70,36,70,36,106,106,0,0.01806640625,-0.01806640625,-0.01806640625,1,106,True
+,70,37,70,37,107,107,0,0.040374755859375,-0.040374755859375,-0.040374755859375,1,107,True
+,70,38,70,38,108,108,0,0.03839111328125,-0.03839111328125,-0.03839111328125,1,108,True
+,70,39,70,39,109,109,0,0.08489990234375,-0.08489990234375,-0.08489990234375,1,109,True
+,70,40,70,40,110,110,1,0.11090087890625,-0.11090087890625,-0.11090087890625,1,110,True
+,70,41,70,41,111,111,0,0.0294189453125,-0.0294189453125,-0.0294189453125,1,111,True
+,70,42,70,42,112,112,1,0.2264404296875,-0.2264404296875,-0.2264404296875,1,112,True
+,70,43,70,43,113,113,0,0.131591796875,-0.131591796875,-0.131591796875,1,113,True
+,70,44,70,44,114,114,0,0.0853271484375,-0.0853271484375,-0.0853271484375,1,114,True
+,70,45,70,45,115,115,1,0.043243408203125,-0.043243408203125,-0.043243408203125,1,115,True
+,70,46,70,46,116,116,0,0.10430908203125,-0.10430908203125,-0.10430908203125,1,116,True
+,70,47,70,47,117,117,0,0.505859375,-0.505859375,-0.505859375,1,117,True
+,70,48,70,48,118,118,0,0.11419677734375,-0.11419677734375,-0.11419677734375,1,118,True
+,70,49,70,49,119,119,0,0.71728515625,-0.71728515625,-0.71728515625,1,119,True
+,70,50,70,50,120,120,4,0.0625,-0.0625,-0.0625,1,120,True
+,70,51,70,51,121,121,0,0.43994140625,-0.43994140625,-0.43994140625,1,121,True
+,70,52,70,52,122,122,0,0.06781005859375,-0.06781005859375,-0.06781005859375,1,122,True
+,70,53,70,53,123,123,0,0.5068359375,-0.5068359375,-0.5068359375,1,123,True
+,70,54,70,54,124,124,0,0.3232421875,-0.3232421875,-0.3232421875,1,124,True
+,70,55,70,55,125,125,1,1.5380859375,-1.5380859375,-1.5380859375,1,135,False
+,70,56,70,56,126,126,0,0.048797607421875,-0.048797607421875,-0.048797607421875,1,126,True
+,70,57,70,57,127,127,0,0.451904296875,-0.451904296875,-0.451904296875,1,127,True
+,70,58,70,58,128,128,0,0.162841796875,-0.162841796875,-0.162841796875,1,128,True
+,70,59,70,59,129,129,0,0.141845703125,-0.141845703125,-0.141845703125,1,129,True
+,70,60,70,60,130,130,0,0.079345703125,-0.079345703125,-0.079345703125,1,130,True
+,70,61,70,61,131,131,0,0.2861328125,-0.2861328125,-0.2861328125,1,131,True
+,70,62,70,62,132,132,0,0.783203125,-0.783203125,-0.783203125,1,132,True
+,70,63,70,63,133,133,1,1.1259765625,-1.1259765625,-1.1259765625,1,143,False
+,70,64,70,64,134,134,0,0.72998046875,-0.72998046875,-0.72998046875,1,134,True
+,70,65,70,65,135,135,5,1.0302734375,-1.0302734375,-1.0302734375,1,145,False
+,70,66,70,66,136,136,0,0.1903076171875,-0.1903076171875,-0.1903076171875,1,136,True
+,70,67,70,67,137,137,0,0.21533203125,-0.21533203125,-0.21533203125,1,137,True
+,70,68,70,68,138,138,0,0.038177490234375,-0.038177490234375,-0.038177490234375,1,138,True
+,70,69,70,69,139,139,2,0.2340087890625,-0.2340087890625,-0.2340087890625,1,139,True
+,70,70,70,70,140,140,3,0.058746337890625,-0.058746337890625,-0.058746337890625,1,140,True
+,70,71,70,71,141,141,1,0.11883544921875,-0.11883544921875,-0.11883544921875,1,141,True
+,70,72,70,72,142,142,0,0.1226806640625,-0.1226806640625,-0.1226806640625,1,142,True
+,70,73,70,73,143,143,2,0.11627197265625,-0.11627197265625,-0.11627197265625,1,143,True
+,70,74,70,74,144,144,0,0.49462890625,-0.49462890625,-0.49462890625,1,144,True
+,70,75,70,75,145,145,0,0.681640625,-0.681640625,-0.681640625,1,145,True
+,70,76,70,76,146,146,0,0.2208251953125,-0.2208251953125,-0.2208251953125,1,146,True
+,70,77,70,77,147,147,0,0.103271484375,-0.103271484375,-0.103271484375,1,147,True
+,70,78,70,78,148,148,0,1.39453125,-1.39453125,-1.39453125,1,138,False
+,70,79,70,79,149,149,1,0.525390625,-0.525390625,-0.525390625,1,149,True
+,70,80,70,80,150,150,6,0.0513916015625,-0.0513916015625,-0.0513916015625,1,150,True
+,70,81,70,81,151,151,1,0.292236328125,-0.292236328125,-0.292236328125,1,151,True
+,70,82,70,82,152,152,0,1.91796875,-1.91796875,-1.91796875,1,142,False
+,70,83,70,83,153,153,1,1.060546875,-1.060546875,-1.060546875,1,143,False
+,70,84,70,84,154,154,1,0.267333984375,-0.267333984375,-0.267333984375,1,154,True
+,70,85,70,85,155,155,1,0.302001953125,-0.302001953125,-0.302001953125,1,155,True
+,70,86,70,86,156,156,0,0.1903076171875,-0.1903076171875,-0.1903076171875,1,156,True
+,70,87,70,87,157,157,0,0.58447265625,-0.58447265625,-0.58447265625,1,157,True
+,70,88,70,88,158,158,0,0.64306640625,-0.64306640625,-0.64306640625,1,158,True
+,70,89,70,89,159,159,0,0.93896484375,-0.93896484375,-0.93896484375,1,149,False
+,70,90,70,90,160,160,1,0.3349609375,-0.3349609375,-0.3349609375,1,160,True
+,70,91,70,91,161,161,0,1.078125,-1.078125,-1.078125,1,151,False
+,70,92,70,92,162,162,0,0.3916015625,-0.3916015625,-0.3916015625,1,162,True
+,70,93,70,93,163,163,0,0.392578125,-0.392578125,-0.392578125,1,163,True
+,70,94,70,94,164,164,0,1.5400390625,-1.5400390625,-1.5400390625,1,154,False
+,70,95,70,95,165,165,0,0.452880859375,-0.452880859375,-0.452880859375,1,165,True
+,70,96,70,96,166,166,0,1.1123046875,-1.1123046875,-1.1123046875,1,146,False
+,70,97,70,97,167,167,0,1.47265625,-1.47265625,-1.47265625,1,157,False
+,70,98,70,98,168,168,0,2.34765625,-2.34765625,-2.34765625,1,128,False
+,70,99,70,99,169,169,0,2.052734375,-2.052734375,-2.052734375,1,149,False
+,71,10,71,10,81,81,0,0.00982666015625,-0.00982666015625,-0.00982666015625,1,81,True
+,71,11,71,11,82,82,0,0.08197021484375,-0.08197021484375,-0.08197021484375,1,82,True
+,71,12,71,12,83,83,2,0.0396728515625,-0.0396728515625,-0.0396728515625,1,83,True
+,71,13,71,13,84,84,0,0.0196533203125,-0.0196533203125,-0.0196533203125,1,84,True
+,71,14,71,14,85,85,1,0.0300445556640625,-0.0300445556640625,-0.0300445556640625,1,85,True
+,71,15,71,15,86,86,0,0.02178955078125,-0.02178955078125,-0.02178955078125,1,86,True
+,71,16,71,16,87,87,0,0.0231475830078125,-0.0231475830078125,-0.0231475830078125,1,87,True
+,71,17,71,17,88,88,1,0.03338623046875,-0.03338623046875,-0.03338623046875,1,88,True
+,71,18,71,18,89,89,0,0.046539306640625,-0.046539306640625,-0.046539306640625,1,89,True
+,71,19,71,19,90,90,0,0.2734375,-0.2734375,-0.2734375,1,90,True
+,71,20,71,20,91,91,0,0.3681640625,-0.3681640625,-0.3681640625,1,91,True
+,71,21,71,21,92,92,2,0.0819091796875,-0.0819091796875,-0.0819091796875,1,92,True
+,71,22,71,22,93,93,0,0.0784912109375,-0.0784912109375,-0.0784912109375,1,93,True
+,71,23,71,23,94,94,0,0.0202484130859375,-0.0202484130859375,-0.0202484130859375,1,94,True
+,71,24,71,24,95,95,0,0.006511688232421875,-0.006511688232421875,-0.006511688232421875,1,95,True
+,71,25,71,25,96,96,0,0.0175018310546875,-0.0175018310546875,-0.0175018310546875,1,96,True
+,71,26,71,26,97,97,0,0.339599609375,-0.339599609375,-0.339599609375,1,97,True
+,71,27,71,27,98,98,0,0.1673583984375,-0.1673583984375,-0.1673583984375,1,98,True
+,71,28,71,28,99,99,0,0.076416015625,-0.076416015625,-0.076416015625,1,99,True
+,71,29,71,29,100,100,0,0.10089111328125,-0.10089111328125,-0.10089111328125,1,100,True
+,71,30,71,30,101,101,1,0.0227203369140625,-0.0227203369140625,-0.0227203369140625,1,101,True
+,71,31,71,31,102,102,0,0.337158203125,-0.337158203125,-0.337158203125,1,102,True
+,71,32,71,32,103,103,0,0.3720703125,-0.3720703125,-0.3720703125,1,103,True
+,71,33,71,33,104,104,0,0.285400390625,-0.285400390625,-0.285400390625,1,104,True
+,71,34,71,34,105,105,0,0.21630859375,-0.21630859375,-0.21630859375,1,105,True
+,71,35,71,35,106,106,0,0.2041015625,-0.2041015625,-0.2041015625,1,106,True
+,71,36,71,36,107,107,0,0.0499267578125,-0.0499267578125,-0.0499267578125,1,107,True
+,71,37,71,37,108,108,1,0.09820556640625,-0.09820556640625,-0.09820556640625,1,108,True
+,71,38,71,38,109,109,1,0.0374755859375,-0.0374755859375,-0.0374755859375,1,109,True
+,71,39,71,39,110,110,0,0.04449462890625,-0.04449462890625,-0.04449462890625,1,110,True
+,71,40,71,40,111,111,0,0.05377197265625,-0.05377197265625,-0.05377197265625,1,111,True
+,71,41,71,41,112,112,0,0.11761474609375,-0.11761474609375,-0.11761474609375,1,112,True
+,71,42,71,42,113,113,0,0.08721923828125,-0.08721923828125,-0.08721923828125,1,113,True
+,71,43,71,43,114,114,0,0.27197265625,-0.27197265625,-0.27197265625,1,114,True
+,71,44,71,44,115,115,0,0.185791015625,-0.185791015625,-0.185791015625,1,115,True
+,71,45,71,45,116,116,0,0.0711669921875,-0.0711669921875,-0.0711669921875,1,116,True
+,71,46,71,46,117,117,0,0.201904296875,-0.201904296875,-0.201904296875,1,117,True
+,71,47,71,47,118,118,1,0.55419921875,-0.55419921875,-0.55419921875,1,118,True
+,71,48,71,48,119,119,0,0.11328125,-0.11328125,-0.11328125,1,119,True
+,71,49,71,49,120,120,0,0.07147216796875,-0.07147216796875,-0.07147216796875,1,120,True
+,71,50,71,50,121,121,0,0.340576171875,-0.340576171875,-0.340576171875,1,121,True
+,71,51,71,51,122,122,0,0.2103271484375,-0.2103271484375,-0.2103271484375,1,122,True
+,71,52,71,52,123,123,0,0.395751953125,-0.395751953125,-0.395751953125,1,123,True
+,71,53,71,53,124,124,0,1.1572265625,-1.1572265625,-1.1572265625,1,114,False
+,71,54,71,54,125,125,0,0.322509765625,-0.322509765625,-0.322509765625,1,125,True
+,71,55,71,55,126,126,1,0.490478515625,-0.490478515625,-0.490478515625,1,126,True
+,71,56,71,56,127,127,1,0.81396484375,-0.81396484375,-0.81396484375,1,117,False
+,71,57,71,57,128,128,0,0.251220703125,-0.251220703125,-0.251220703125,1,128,True
+,71,58,71,58,129,129,0,0.1517333984375,-0.1517333984375,-0.1517333984375,1,129,True
+,71,59,71,59,130,130,0,1.576171875,-1.576171875,-1.576171875,1,120,False
+,71,60,71,60,131,131,2,0.1558837890625,-0.1558837890625,-0.1558837890625,1,131,True
+,71,61,71,61,132,132,0,1.1787109375,-1.1787109375,-1.1787109375,1,122,False
+,71,62,71,62,133,133,0,1.1162109375,-1.1162109375,-1.1162109375,1,133,True
+,71,63,71,63,134,134,0,0.44140625,-0.44140625,-0.44140625,1,134,True
+,71,64,71,64,135,135,0,0.71435546875,-0.71435546875,-0.71435546875,1,135,True
+,71,65,71,65,136,136,0,0.94384765625,-0.94384765625,-0.94384765625,1,136,True
+,71,66,71,66,137,137,1,0.309814453125,-0.309814453125,-0.309814453125,1,137,True
+,71,67,71,67,138,138,0,0.2193603515625,-0.2193603515625,-0.2193603515625,1,138,True
+,71,68,71,68,139,139,0,0.5849609375,-0.5849609375,-0.5849609375,1,139,True
+,71,69,71,69,140,140,0,0.240234375,-0.240234375,-0.240234375,1,140,True
+,71,70,71,70,141,141,0,0.014068603515625,-0.014068603515625,-0.014068603515625,1,141,True
+,71,71,71,71,142,142,0,0.108154296875,-0.108154296875,-0.108154296875,1,142,True
+,71,72,71,72,143,143,0,0.059356689453125,-0.059356689453125,-0.059356689453125,1,143,True
+,71,73,71,73,144,144,0,0.1114501953125,-0.1114501953125,-0.1114501953125,1,144,True
+,71,74,71,74,145,145,0,0.92236328125,-0.92236328125,-0.92236328125,1,145,True
+,71,75,71,75,146,146,0,0.8486328125,-0.8486328125,-0.8486328125,1,146,True
+,71,76,71,76,147,147,2,0.42236328125,-0.42236328125,-0.42236328125,1,147,True
+,71,77,71,77,148,148,0,0.9140625,-0.9140625,-0.9140625,1,148,True
+,71,78,71,78,149,149,0,0.328857421875,-0.328857421875,-0.328857421875,1,149,True
+,71,79,71,79,150,150,0,0.393798828125,-0.393798828125,-0.393798828125,1,150,True
+,71,80,71,80,151,151,0,1.6123046875,-1.6123046875,-1.6123046875,1,141,False
+,71,81,71,81,152,152,0,0.3037109375,-0.3037109375,-0.3037109375,1,152,True
+,71,82,71,82,153,153,0,0.962890625,-0.962890625,-0.962890625,1,143,False
+,71,83,71,83,154,154,0,1.9609375,-1.9609375,-1.9609375,1,144,False
+,71,84,71,84,155,155,0,0.431640625,-0.431640625,-0.431640625,1,155,True
+,71,85,71,85,156,156,0,0.36767578125,-0.36767578125,-0.36767578125,1,156,True
+,71,86,71,86,157,157,0,0.65478515625,-0.65478515625,-0.65478515625,1,157,True
+,71,87,71,87,158,158,0,0.397216796875,-0.397216796875,-0.397216796875,1,158,True
+,71,88,71,88,159,159,0,0.3359375,-0.3359375,-0.3359375,1,159,True
+,71,89,71,89,160,160,0,0.98876953125,-0.98876953125,-0.98876953125,1,150,False
+,71,90,71,90,161,161,0,0.74609375,-0.74609375,-0.74609375,1,151,False
+,71,91,71,91,162,162,0,0.7353515625,-0.7353515625,-0.7353515625,1,162,True
+,71,92,71,92,163,163,0,1.2099609375,-1.2099609375,-1.2099609375,1,153,False
+,71,93,71,93,164,164,0,0.7724609375,-0.7724609375,-0.7724609375,1,164,True
+,71,94,71,94,165,165,0,0.8525390625,-0.8525390625,-0.8525390625,1,165,True
+,71,95,71,95,166,166,0,1.2890625,-1.2890625,-1.2890625,1,156,False
+,71,96,71,96,167,167,0,0.426025390625,-0.426025390625,-0.426025390625,1,167,True
+,71,97,71,97,168,168,0,1.0166015625,-1.0166015625,-1.0166015625,1,168,True
+,71,98,71,98,169,169,0,3.10546875,-3.10546875,-3.10546875,1,159,False
+,71,99,71,99,170,170,0,1.2705078125,-1.2705078125,-1.2705078125,1,160,False
+,72,10,72,10,82,82,5,0.0205078125,-0.0205078125,-0.0205078125,1,82,True
+,72,11,72,11,83,83,0,0.050323486328125,-0.050323486328125,-0.050323486328125,1,83,True
+,72,12,72,12,84,84,4,0.0095672607421875,-0.0095672607421875,-0.0095672607421875,1,84,True
+,72,13,72,13,85,85,0,0.1842041015625,-0.1842041015625,-0.1842041015625,1,85,True
+,72,14,72,14,86,86,1,0.014862060546875,-0.014862060546875,-0.014862060546875,1,86,True
+,72,15,72,15,87,87,7,0.005306243896484375,-0.005306243896484375,-0.005306243896484375,1,87,True
+,72,16,72,16,88,88,2,0.458740234375,-0.458740234375,-0.458740234375,1,88,True
+,72,17,72,17,89,89,0,0.0087890625,-0.0087890625,-0.0087890625,1,89,True
+,72,18,72,18,90,90,2,0.00511932373046875,-0.00511932373046875,-0.00511932373046875,1,90,True
+,72,19,72,19,91,91,0,0.216552734375,-0.216552734375,-0.216552734375,1,91,True
+,72,20,72,20,92,92,1,0.0193939208984375,-0.0193939208984375,-0.0193939208984375,1,92,True
+,72,21,72,21,93,93,1,0.09808349609375,-0.09808349609375,-0.09808349609375,1,93,True
+,72,22,72,22,94,94,0,0.11041259765625,-0.11041259765625,-0.11041259765625,1,94,True
+,72,23,72,23,95,95,1,0.01290130615234375,-0.01290130615234375,-0.01290130615234375,1,95,True
+,72,24,72,24,96,96,3,0.01551055908203125,-0.01551055908203125,-0.01551055908203125,1,96,True
+,72,25,72,25,97,97,1,0.0295562744140625,-0.0295562744140625,-0.0295562744140625,1,97,True
+,72,26,72,26,98,98,0,0.046478271484375,-0.046478271484375,-0.046478271484375,1,98,True
+,72,27,72,27,99,99,2,0.02642822265625,-0.02642822265625,-0.02642822265625,1,99,True
+,72,28,72,28,100,100,0,0.03350830078125,-0.03350830078125,-0.03350830078125,1,100,True
+,72,29,72,29,101,101,2,0.032562255859375,-0.032562255859375,-0.032562255859375,1,101,True
+,72,30,72,30,102,102,0,0.005695343017578125,-0.005695343017578125,-0.005695343017578125,1,102,True
+,72,31,72,31,103,103,0,0.148193359375,-0.148193359375,-0.148193359375,1,103,True
+,72,32,72,32,104,104,2,0.15087890625,-0.15087890625,-0.15087890625,1,104,True
+,72,33,72,33,105,105,0,0.336669921875,-0.336669921875,-0.336669921875,1,105,True
+,72,34,72,34,106,106,0,0.01078033447265625,-0.01078033447265625,-0.01078033447265625,1,106,True
+,72,35,72,35,107,107,0,0.03973388671875,-0.03973388671875,-0.03973388671875,1,107,True
+,72,36,72,36,108,108,2,0.01271820068359375,-0.01271820068359375,-0.01271820068359375,1,108,True
+,72,37,72,37,109,109,0,0.021759033203125,-0.021759033203125,-0.021759033203125,1,109,True
+,72,38,72,38,110,110,0,0.00908660888671875,-0.00908660888671875,-0.00908660888671875,1,110,True
+,72,39,72,39,111,111,1,0.005168914794921875,-0.005168914794921875,-0.005168914794921875,1,111,True
+,72,40,72,40,112,112,0,0.0272216796875,-0.0272216796875,-0.0272216796875,1,112,True
+,72,41,72,41,113,113,0,0.05755615234375,-0.05755615234375,-0.05755615234375,1,113,True
+,72,42,72,42,114,114,0,0.131591796875,-0.131591796875,-0.131591796875,1,114,True
+,72,43,72,43,115,115,0,0.240966796875,-0.240966796875,-0.240966796875,1,115,True
+,72,44,72,44,116,116,1,0.10357666015625,-0.10357666015625,-0.10357666015625,1,116,True
+,72,45,72,45,117,117,0,0.08367919921875,-0.08367919921875,-0.08367919921875,1,117,True
+,72,46,72,46,118,118,0,0.03851318359375,-0.03851318359375,-0.03851318359375,1,118,True
+,72,47,72,47,119,119,0,0.1864013671875,-0.1864013671875,-0.1864013671875,1,119,True
+,72,48,72,48,120,120,2,0.1646728515625,-0.1646728515625,-0.1646728515625,1,120,True
+,72,49,72,49,121,121,0,0.0400390625,-0.0400390625,-0.0400390625,1,121,True
+,72,50,72,50,122,122,0,0.123046875,-0.123046875,-0.123046875,1,122,True
+,72,51,72,51,123,123,0,0.08251953125,-0.08251953125,-0.08251953125,1,123,True
+,72,52,72,52,124,124,0,0.73876953125,-0.73876953125,-0.73876953125,1,124,True
+,72,53,72,53,125,125,0,0.51171875,-0.51171875,-0.51171875,1,125,True
+,72,54,72,54,126,126,0,0.307373046875,-0.307373046875,-0.307373046875,1,126,True
+,72,55,72,55,127,127,1,0.260986328125,-0.260986328125,-0.260986328125,1,127,True
+,72,56,72,56,128,128,0,2.255859375,-2.255859375,-2.255859375,1,118,False
+,72,57,72,57,129,129,0,0.12152099609375,-0.12152099609375,-0.12152099609375,1,129,True
+,72,58,72,58,130,130,0,0.023529052734375,-0.023529052734375,-0.023529052734375,1,130,True
+,72,59,72,59,131,131,0,0.34130859375,-0.34130859375,-0.34130859375,1,131,True
+,72,60,72,60,132,132,0,0.1796875,-0.1796875,-0.1796875,1,132,True
+,72,61,72,61,133,133,0,0.8681640625,-0.8681640625,-0.8681640625,1,133,True
+,72,62,72,62,134,134,0,0.435546875,-0.435546875,-0.435546875,1,134,True
+,72,63,72,63,135,135,0,0.1900634765625,-0.1900634765625,-0.1900634765625,1,135,True
+,72,64,72,64,136,136,1,0.390380859375,-0.390380859375,-0.390380859375,1,136,True
+,72,65,72,65,137,137,0,0.270751953125,-0.270751953125,-0.270751953125,1,137,True
+,72,66,72,66,138,138,0,0.31298828125,-0.31298828125,-0.31298828125,1,138,True
+,72,67,72,67,139,139,0,0.8408203125,-0.8408203125,-0.8408203125,1,139,True
+,72,68,72,68,140,140,1,0.285888671875,-0.285888671875,-0.285888671875,1,140,True
+,72,69,72,69,141,141,0,0.1258544921875,-0.1258544921875,-0.1258544921875,1,141,True
+,72,70,72,70,142,142,0,0.1331787109375,-0.1331787109375,-0.1331787109375,1,142,True
+,72,71,72,71,143,143,1,0.062469482421875,-0.062469482421875,-0.062469482421875,1,143,True
+,72,72,72,72,144,144,6,0.08221435546875,-0.08221435546875,-0.08221435546875,1,144,True
+,72,73,72,73,145,145,1,0.040283203125,-0.040283203125,-0.040283203125,1,145,True
+,72,74,72,74,146,146,0,0.159912109375,-0.159912109375,-0.159912109375,1,146,True
+,72,75,72,75,147,147,0,0.138916015625,-0.138916015625,-0.138916015625,1,147,True
+,72,76,72,76,148,148,1,0.2197265625,-0.2197265625,-0.2197265625,1,148,True
+,72,77,72,77,149,149,0,0.137939453125,-0.137939453125,-0.137939453125,1,149,True
+,72,78,72,78,150,150,0,0.2191162109375,-0.2191162109375,-0.2191162109375,1,150,True
+,72,79,72,79,151,151,0,0.2110595703125,-0.2110595703125,-0.2110595703125,1,151,True
+,72,80,72,80,152,152,0,0.234619140625,-0.234619140625,-0.234619140625,1,152,True
+,72,81,72,81,153,153,1,0.32421875,-0.32421875,-0.32421875,1,153,True
+,72,82,72,82,154,154,0,0.79638671875,-0.79638671875,-0.79638671875,1,154,True
+,72,83,72,83,155,155,0,0.92041015625,-0.92041015625,-0.92041015625,1,145,False
+,72,84,72,84,156,156,3,0.1331787109375,-0.1331787109375,-0.1331787109375,1,156,True
+,72,85,72,85,157,157,0,0.595703125,-0.595703125,-0.595703125,1,157,True
+,72,86,72,86,158,158,0,0.1488037109375,-0.1488037109375,-0.1488037109375,1,158,True
+,72,87,72,87,159,159,0,0.1424560546875,-0.1424560546875,-0.1424560546875,1,159,True
+,72,88,72,88,160,160,0,0.486328125,-0.486328125,-0.486328125,1,160,True
+,72,89,72,89,161,161,0,1.8486328125,-1.8486328125,-1.8486328125,1,151,False
+,72,90,72,90,162,162,1,0.04425048828125,-0.04425048828125,-0.04425048828125,1,162,True
+,72,91,72,91,163,163,0,0.5205078125,-0.5205078125,-0.5205078125,1,163,True
+,72,92,72,92,164,164,1,2.501953125,-2.501953125,-2.501953125,1,154,False
+,72,93,72,93,165,165,0,0.52001953125,-0.52001953125,-0.52001953125,1,165,True
+,72,94,72,94,166,166,0,0.60986328125,-0.60986328125,-0.60986328125,1,166,True
+,72,95,72,95,167,167,0,0.49658203125,-0.49658203125,-0.49658203125,1,167,True
+,72,96,72,96,168,168,0,1.27734375,-1.27734375,-1.27734375,1,168,True
+,72,97,72,97,169,169,0,1.763671875,-1.763671875,-1.763671875,1,149,False
+,72,98,72,98,170,170,0,2.138671875,-2.138671875,-2.138671875,1,160,False
+,72,99,72,99,171,171,0,2.509765625,-2.509765625,-2.509765625,1,141,False
+,73,10,73,10,83,83,0,0.1566162109375,-0.1566162109375,-0.1566162109375,1,83,True
+,73,11,73,11,84,84,0,0.01265716552734375,-0.01265716552734375,-0.01265716552734375,1,84,True
+,73,12,73,12,85,85,0,0.0938720703125,-0.0938720703125,-0.0938720703125,1,85,True
+,73,13,73,13,86,86,1,0.4228515625,-0.4228515625,-0.4228515625,1,86,True
+,73,14,73,14,87,87,0,0.0750732421875,-0.0750732421875,-0.0750732421875,1,87,True
+,73,15,73,15,88,88,2,0.10589599609375,-0.10589599609375,-0.10589599609375,1,88,True
+,73,16,73,16,89,89,0,0.50439453125,-0.50439453125,-0.50439453125,1,89,True
+,73,17,73,17,90,90,1,0.042877197265625,-0.042877197265625,-0.042877197265625,1,90,True
+,73,18,73,18,91,91,0,0.0439453125,-0.0439453125,-0.0439453125,1,91,True
+,73,19,73,19,92,92,0,0.320068359375,-0.320068359375,-0.320068359375,1,92,True
+,73,20,73,20,93,93,0,0.433837890625,-0.433837890625,-0.433837890625,1,93,True
+,73,21,73,21,94,94,3,0.410888671875,-0.410888671875,-0.410888671875,1,94,True
+,73,22,73,22,95,95,0,0.11358642578125,-0.11358642578125,-0.11358642578125,1,95,True
+,73,23,73,23,96,96,0,0.01366424560546875,-0.01366424560546875,-0.01366424560546875,1,96,True
+,73,24,73,24,97,97,0,0.1263427734375,-0.1263427734375,-0.1263427734375,1,97,True
+,73,25,73,25,98,98,1,0.389892578125,-0.389892578125,-0.389892578125,1,98,True
+,73,26,73,26,99,99,0,0.8798828125,-0.8798828125,-0.8798828125,1,109,False
+,73,27,73,27,100,100,0,0.08319091796875,-0.08319091796875,-0.08319091796875,1,100,True
+,73,28,73,28,101,101,0,0.09490966796875,-0.09490966796875,-0.09490966796875,1,101,True
+,73,29,73,29,102,102,0,0.04608154296875,-0.04608154296875,-0.04608154296875,1,102,True
+,73,30,73,30,103,103,0,0.12548828125,-0.12548828125,-0.12548828125,1,103,True
+,73,31,73,31,104,104,0,0.18115234375,-0.18115234375,-0.18115234375,1,104,True
+,73,32,73,32,105,105,0,0.1180419921875,-0.1180419921875,-0.1180419921875,1,105,True
+,73,33,73,33,106,106,0,0.70068359375,-0.70068359375,-0.70068359375,1,106,True
+,73,34,73,34,107,107,0,0.158203125,-0.158203125,-0.158203125,1,107,True
+,73,35,73,35,108,108,0,0.022308349609375,-0.022308349609375,-0.022308349609375,1,108,True
+,73,36,73,36,109,109,1,0.03424072265625,-0.03424072265625,-0.03424072265625,1,109,True
+,73,37,73,37,110,110,1,0.09759521484375,-0.09759521484375,-0.09759521484375,1,110,True
+,73,38,73,38,111,111,0,0.02044677734375,-0.02044677734375,-0.02044677734375,1,111,True
+,73,39,73,39,112,112,0,0.0772705078125,-0.0772705078125,-0.0772705078125,1,112,True
+,73,40,73,40,113,113,0,0.043365478515625,-0.043365478515625,-0.043365478515625,1,113,True
+,73,41,73,41,114,114,0,0.0946044921875,-0.0946044921875,-0.0946044921875,1,114,True
+,73,42,73,42,115,115,1,0.09063720703125,-0.09063720703125,-0.09063720703125,1,115,True
+,73,43,73,43,116,116,0,0.1728515625,-0.1728515625,-0.1728515625,1,116,True
+,73,44,73,44,117,117,0,0.302490234375,-0.302490234375,-0.302490234375,1,117,True
+,73,45,73,45,118,118,0,0.08319091796875,-0.08319091796875,-0.08319091796875,1,118,True
+,73,46,73,46,119,119,0,0.09326171875,-0.09326171875,-0.09326171875,1,119,True
+,73,47,73,47,120,120,1,0.0653076171875,-0.0653076171875,-0.0653076171875,1,120,True
+,73,48,73,48,121,121,1,0.01212310791015625,-0.01212310791015625,-0.01212310791015625,1,121,True
+,73,49,73,49,122,122,0,0.1912841796875,-0.1912841796875,-0.1912841796875,1,122,True
+,73,50,73,50,123,123,2,0.59814453125,-0.59814453125,-0.59814453125,1,123,True
+,73,51,73,51,124,124,0,0.361328125,-0.361328125,-0.361328125,1,124,True
+,73,52,73,52,125,125,0,0.64013671875,-0.64013671875,-0.64013671875,1,125,True
+,73,53,73,53,126,126,0,0.2325439453125,-0.2325439453125,-0.2325439453125,1,126,True
+,73,54,73,54,127,127,0,0.332763671875,-0.332763671875,-0.332763671875,1,127,True
+,73,55,73,55,128,128,0,0.99951171875,-0.99951171875,-0.99951171875,1,118,False
+,73,56,73,56,129,129,0,1.9697265625,-1.9697265625,-1.9697265625,1,119,False
+,73,57,73,57,130,130,0,0.6279296875,-0.6279296875,-0.6279296875,1,130,True
+,73,58,73,58,131,131,0,1.0185546875,-1.0185546875,-1.0185546875,1,121,False
+,73,59,73,59,132,132,1,0.3486328125,-0.3486328125,-0.3486328125,1,132,True
+,73,60,73,60,133,133,0,0.75390625,-0.75390625,-0.75390625,1,133,True
+,73,61,73,61,134,134,0,2.0078125,-2.0078125,-2.0078125,1,144,False
+,73,62,73,62,135,135,0,0.56103515625,-0.56103515625,-0.56103515625,1,135,True
+,73,63,73,63,136,136,0,1.23828125,-1.23828125,-1.23828125,1,146,False
+,73,64,73,64,137,137,1,1.025390625,-1.025390625,-1.025390625,1,137,True
+,73,65,73,65,138,138,0,0.58740234375,-0.58740234375,-0.58740234375,1,138,True
+,73,66,73,66,139,139,0,0.40380859375,-0.40380859375,-0.40380859375,1,139,True
+,73,67,73,67,140,140,0,0.81005859375,-0.81005859375,-0.81005859375,1,140,True
+,73,68,73,68,141,141,0,0.041595458984375,-0.041595458984375,-0.041595458984375,1,141,True
+,73,69,73,69,142,142,1,0.2093505859375,-0.2093505859375,-0.2093505859375,1,142,True
+,73,70,73,70,143,143,0,0.1143798828125,-0.1143798828125,-0.1143798828125,1,143,True
+,73,71,73,71,144,144,0,0.0732421875,-0.0732421875,-0.0732421875,1,144,True
+,73,72,73,72,145,145,0,0.058624267578125,-0.058624267578125,-0.058624267578125,1,145,True
+,73,73,73,73,146,146,1,0.372314453125,-0.372314453125,-0.372314453125,1,146,True
+,73,74,73,74,147,147,0,0.32861328125,-0.32861328125,-0.32861328125,1,147,True
+,73,75,73,75,148,148,0,0.139892578125,-0.139892578125,-0.139892578125,1,148,True
+,73,76,73,76,149,149,0,0.2113037109375,-0.2113037109375,-0.2113037109375,1,149,True
+,73,77,73,77,150,150,0,0.53955078125,-0.53955078125,-0.53955078125,1,150,True
+,73,78,73,78,151,151,0,0.1510009765625,-0.1510009765625,-0.1510009765625,1,151,True
+,73,79,73,79,152,152,0,1.26953125,-1.26953125,-1.26953125,1,162,False
+,73,80,73,80,153,153,0,0.2022705078125,-0.2022705078125,-0.2022705078125,1,153,True
+,73,81,73,81,154,154,0,0.9638671875,-0.9638671875,-0.9638671875,1,164,False
+,73,82,73,82,155,155,0,0.79833984375,-0.79833984375,-0.79833984375,1,155,True
+,73,83,73,83,156,156,0,0.623046875,-0.623046875,-0.623046875,1,156,True
+,73,84,73,84,157,157,1,0.307373046875,-0.307373046875,-0.307373046875,1,157,True
+,73,85,73,85,158,158,1,0.7236328125,-0.7236328125,-0.7236328125,1,158,True
+,73,86,73,86,159,159,0,0.110595703125,-0.110595703125,-0.110595703125,1,159,True
+,73,87,73,87,160,160,0,0.38525390625,-0.38525390625,-0.38525390625,1,160,True
+,73,88,73,88,161,161,1,0.50732421875,-0.50732421875,-0.50732421875,1,161,True
+,73,89,73,89,162,162,0,0.131103515625,-0.131103515625,-0.131103515625,1,162,True
+,73,90,73,90,163,163,0,0.1273193359375,-0.1273193359375,-0.1273193359375,1,163,True
+,73,91,73,91,164,164,0,0.50146484375,-0.50146484375,-0.50146484375,1,164,True
+,73,92,73,92,165,165,0,0.97314453125,-0.97314453125,-0.97314453125,1,165,True
+,73,93,73,93,166,166,0,0.69091796875,-0.69091796875,-0.69091796875,1,166,True
+,73,94,73,94,167,167,0,1.3544921875,-1.3544921875,-1.3544921875,1,157,False
+,73,95,73,95,168,168,0,0.399169921875,-0.399169921875,-0.399169921875,1,168,True
+,73,96,73,96,169,169,0,0.81201171875,-0.81201171875,-0.81201171875,1,169,True
+,73,97,73,97,170,170,0,1.513671875,-1.513671875,-1.513671875,1,160,False
+,73,98,73,98,171,171,0,1.9609375,-1.9609375,-1.9609375,1,161,False
+,73,99,73,99,172,172,0,1.03125,-1.03125,-1.03125,1,172,True
+,74,10,74,10,84,84,1,0.0199432373046875,-0.0199432373046875,-0.0199432373046875,1,84,True
+,74,11,74,11,85,85,0,0.055450439453125,-0.055450439453125,-0.055450439453125,1,85,True
+,74,12,74,12,86,86,0,0.0528564453125,-0.0528564453125,-0.0528564453125,1,86,True
+,74,13,74,13,87,87,0,0.050048828125,-0.050048828125,-0.050048828125,1,87,True
+,74,14,74,14,88,88,1,0.058990478515625,-0.058990478515625,-0.058990478515625,1,88,True
+,74,15,74,15,89,89,0,0.014495849609375,-0.014495849609375,-0.014495849609375,1,89,True
+,74,16,74,16,90,90,1,0.0058746337890625,-0.0058746337890625,-0.0058746337890625,1,90,True
+,74,17,74,17,91,91,0,0.03521728515625,-0.03521728515625,-0.03521728515625,1,91,True
+,74,18,74,18,92,92,0,0.01418304443359375,-0.01418304443359375,-0.01418304443359375,1,92,True
+,74,19,74,19,93,93,0,0.0161285400390625,-0.0161285400390625,-0.0161285400390625,1,93,True
+,74,20,74,20,94,94,4,0.029998779296875,-0.029998779296875,-0.029998779296875,1,94,True
+,74,21,74,21,95,95,0,0.0255889892578125,-0.0255889892578125,-0.0255889892578125,1,95,True
+,74,22,74,22,96,96,0,0.0421142578125,-0.0421142578125,-0.0421142578125,1,96,True
+,74,23,74,23,97,97,0,0.051605224609375,-0.051605224609375,-0.051605224609375,1,97,True
+,74,24,74,24,98,98,0,0.030120849609375,-0.030120849609375,-0.030120849609375,1,98,True
+,74,25,74,25,99,99,0,0.0152435302734375,-0.0152435302734375,-0.0152435302734375,1,99,True
+,74,26,74,26,100,100,0,0.0389404296875,-0.0389404296875,-0.0389404296875,1,100,True
+,74,27,74,27,101,101,0,0.0418701171875,-0.0418701171875,-0.0418701171875,1,101,True
+,74,28,74,28,102,102,0,0.00800323486328125,-0.00800323486328125,-0.00800323486328125,1,102,True
+,74,29,74,29,103,103,0,0.0460205078125,-0.0460205078125,-0.0460205078125,1,103,True
+,74,30,74,30,104,104,1,0.1414794921875,-0.1414794921875,-0.1414794921875,1,104,True
+,74,31,74,31,105,105,0,0.295654296875,-0.295654296875,-0.295654296875,1,105,True
+,74,32,74,32,106,106,0,0.03851318359375,-0.03851318359375,-0.03851318359375,1,106,True
+,74,33,74,33,107,107,0,0.6220703125,-0.6220703125,-0.6220703125,1,107,True
+,74,34,74,34,108,108,0,0.2001953125,-0.2001953125,-0.2001953125,1,108,True
+,74,35,74,35,109,109,0,0.43310546875,-0.43310546875,-0.43310546875,1,109,True
+,74,36,74,36,110,110,0,0.0697021484375,-0.0697021484375,-0.0697021484375,1,110,True
+,74,37,74,37,111,111,0,0.0565185546875,-0.0565185546875,-0.0565185546875,1,111,True
+,74,38,74,38,112,112,1,0.04156494140625,-0.04156494140625,-0.04156494140625,1,112,True
+,74,39,74,39,113,113,0,0.060546875,-0.060546875,-0.060546875,1,113,True
+,74,40,74,40,114,114,0,0.046051025390625,-0.046051025390625,-0.046051025390625,1,114,True
+,74,41,74,41,115,115,0,0.1165771484375,-0.1165771484375,-0.1165771484375,1,115,True
+,74,42,74,42,116,116,0,0.494873046875,-0.494873046875,-0.494873046875,1,116,True
+,74,43,74,43,117,117,2,0.52294921875,-0.52294921875,-0.52294921875,1,117,True
+,74,44,74,44,118,118,0,0.921875,-0.921875,-0.921875,1,118,True
+,74,45,74,45,119,119,0,0.88330078125,-0.88330078125,-0.88330078125,1,109,False
+,74,46,74,46,120,120,0,0.1549072265625,-0.1549072265625,-0.1549072265625,1,120,True
+,74,47,74,47,121,121,1,0.38525390625,-0.38525390625,-0.38525390625,1,121,True
+,74,48,74,48,122,122,0,0.0216217041015625,-0.0216217041015625,-0.0216217041015625,1,122,True
+,74,49,74,49,123,123,0,0.33935546875,-0.33935546875,-0.33935546875,1,123,True
+,74,50,74,50,124,124,0,0.4951171875,-0.4951171875,-0.4951171875,1,124,True
+,74,51,74,51,125,125,0,0.1632080078125,-0.1632080078125,-0.1632080078125,1,125,True
+,74,52,74,52,126,126,0,0.0882568359375,-0.0882568359375,-0.0882568359375,1,126,True
+,74,53,74,53,127,127,0,0.433349609375,-0.433349609375,-0.433349609375,1,127,True
+,74,54,74,54,128,128,0,1.26953125,-1.26953125,-1.26953125,1,118,False
+,74,55,74,55,129,129,0,0.94287109375,-0.94287109375,-0.94287109375,1,129,True
+,74,56,74,56,130,130,0,0.59716796875,-0.59716796875,-0.59716796875,1,130,True
+,74,57,74,57,131,131,0,0.9443359375,-0.9443359375,-0.9443359375,1,121,False
+,74,58,74,58,132,132,0,0.302001953125,-0.302001953125,-0.302001953125,1,132,True
+,74,59,74,59,133,133,0,1.396484375,-1.396484375,-1.396484375,1,143,False
+,74,60,74,60,134,134,0,0.0865478515625,-0.0865478515625,-0.0865478515625,1,134,True
+,74,61,74,61,135,135,0,0.515625,-0.515625,-0.515625,1,135,True
+,74,62,74,62,136,136,0,0.56494140625,-0.56494140625,-0.56494140625,1,136,True
+,74,63,74,63,137,137,0,0.41259765625,-0.41259765625,-0.41259765625,1,137,True
+,74,64,74,64,138,138,0,1.0380859375,-1.0380859375,-1.0380859375,1,138,True
+,74,65,74,65,139,139,0,0.7392578125,-0.7392578125,-0.7392578125,1,139,True
+,74,66,74,66,140,140,0,0.77734375,-0.77734375,-0.77734375,1,140,True
+,74,67,74,67,141,141,0,0.10992431640625,-0.10992431640625,-0.10992431640625,1,141,True
+,74,68,74,68,142,142,0,0.04962158203125,-0.04962158203125,-0.04962158203125,1,142,True
+,74,69,74,69,143,143,0,0.0794677734375,-0.0794677734375,-0.0794677734375,1,143,True
+,74,70,74,70,144,144,1,0.61474609375,-0.61474609375,-0.61474609375,1,144,True
+,74,71,74,71,145,145,0,0.6005859375,-0.6005859375,-0.6005859375,1,145,True
+,74,72,74,72,146,146,0,0.0557861328125,-0.0557861328125,-0.0557861328125,1,146,True
+,74,73,74,73,147,147,0,0.2225341796875,-0.2225341796875,-0.2225341796875,1,147,True
+,74,74,74,74,148,148,2,0.92529296875,-0.92529296875,-0.92529296875,1,148,True
+,74,75,74,75,149,149,0,0.033447265625,-0.033447265625,-0.033447265625,1,149,True
+,74,76,74,76,150,150,0,0.070068359375,-0.070068359375,-0.070068359375,1,150,True
+,74,77,74,77,151,151,1,0.537109375,-0.537109375,-0.537109375,1,151,True
+,74,78,74,78,152,152,1,0.85595703125,-0.85595703125,-0.85595703125,1,142,False
+,74,79,74,79,153,153,1,0.130126953125,-0.130126953125,-0.130126953125,1,153,True
+,74,80,74,80,154,154,0,0.08575439453125,-0.08575439453125,-0.08575439453125,1,154,True
+,74,81,74,81,155,155,0,0.38134765625,-0.38134765625,-0.38134765625,1,155,True
+,74,82,74,82,156,156,0,0.1673583984375,-0.1673583984375,-0.1673583984375,1,156,True
+,74,83,74,83,157,157,0,0.52734375,-0.52734375,-0.52734375,1,157,True
+,74,84,74,84,158,158,0,0.1717529296875,-0.1717529296875,-0.1717529296875,1,158,True
+,74,85,74,85,159,159,0,0.1693115234375,-0.1693115234375,-0.1693115234375,1,159,True
+,74,86,74,86,160,160,0,0.417236328125,-0.417236328125,-0.417236328125,1,160,True
+,74,87,74,87,161,161,0,0.465576171875,-0.465576171875,-0.465576171875,1,161,True
+,74,88,74,88,162,162,0,0.0506591796875,-0.0506591796875,-0.0506591796875,1,162,True
+,74,89,74,89,163,163,0,1.3828125,-1.3828125,-1.3828125,1,153,False
+,74,90,74,90,164,164,0,0.323486328125,-0.323486328125,-0.323486328125,1,164,True
+,74,91,74,91,165,165,0,0.496337890625,-0.496337890625,-0.496337890625,1,165,True
+,74,92,74,92,166,166,0,1.068359375,-1.068359375,-1.068359375,1,166,True
+,74,93,74,93,167,167,0,1.5166015625,-1.5166015625,-1.5166015625,1,157,False
+,74,94,74,94,168,168,0,2.529296875,-2.529296875,-2.529296875,1,158,False
+,74,95,74,95,169,169,0,2.43359375,-2.43359375,-2.43359375,1,159,False
+,74,96,74,96,170,170,0,0.5966796875,-0.5966796875,-0.5966796875,1,170,True
+,74,97,74,97,171,171,0,2.521484375,-2.521484375,-2.521484375,1,161,False
+,74,98,74,98,172,172,0,2.6328125,-2.6328125,-2.6328125,1,162,False
+,74,99,74,99,173,173,0,1.591796875,-1.591796875,-1.591796875,1,163,False
+,75,10,75,10,85,85,1,0.0119171142578125,-0.0119171142578125,-0.0119171142578125,1,85,True
+,75,11,75,11,86,86,0,0.019775390625,-0.019775390625,-0.019775390625,1,86,True
+,75,12,75,12,87,87,1,0.004299163818359375,-0.004299163818359375,-0.004299163818359375,1,87,True
+,75,13,75,13,88,88,0,0.038970947265625,-0.038970947265625,-0.038970947265625,1,88,True
+,75,14,75,14,89,89,0,0.0107879638671875,-0.0107879638671875,-0.0107879638671875,1,89,True
+,75,15,75,15,90,90,2,0.018218994140625,-0.018218994140625,-0.018218994140625,1,90,True
+,75,16,75,16,91,91,0,0.0195159912109375,-0.0195159912109375,-0.0195159912109375,1,91,True
+,75,17,75,17,92,92,2,0.004993438720703125,-0.004993438720703125,-0.004993438720703125,1,92,True
+,75,18,75,18,93,93,0,0.004383087158203125,-0.004383087158203125,-0.004383087158203125,1,93,True
+,75,19,75,19,94,94,0,0.1265869140625,-0.1265869140625,-0.1265869140625,1,94,True
+,75,20,75,20,95,95,1,0.01326751708984375,-0.01326751708984375,-0.01326751708984375,1,95,True
+,75,21,75,21,96,96,0,0.0281982421875,-0.0281982421875,-0.0281982421875,1,96,True
+,75,22,75,22,97,97,0,0.04974365234375,-0.04974365234375,-0.04974365234375,1,97,True
+,75,23,75,23,98,98,0,0.039947509765625,-0.039947509765625,-0.039947509765625,1,98,True
+,75,24,75,24,99,99,0,0.00986480712890625,-0.00986480712890625,-0.00986480712890625,1,99,True
+,75,25,75,25,100,100,3,0.037689208984375,-0.037689208984375,-0.037689208984375,1,100,True
+,75,26,75,26,101,101,4,0.01080322265625,-0.01080322265625,-0.01080322265625,1,101,True
+,75,27,75,27,102,102,2,0.057464599609375,-0.057464599609375,-0.057464599609375,1,102,True
+,75,28,75,28,103,103,0,0.0146331787109375,-0.0146331787109375,-0.0146331787109375,1,103,True
+,75,29,75,29,104,104,0,0.00620269775390625,-0.00620269775390625,-0.00620269775390625,1,104,True
+,75,30,75,30,105,105,2,0.0112152099609375,-0.0112152099609375,-0.0112152099609375,1,105,True
+,75,31,75,31,106,106,0,0.1015625,-0.1015625,-0.1015625,1,106,True
+,75,32,75,32,107,107,0,0.03692626953125,-0.03692626953125,-0.03692626953125,1,107,True
+,75,33,75,33,108,108,0,0.0128173828125,-0.0128173828125,-0.0128173828125,1,108,True
+,75,34,75,34,109,109,0,0.0182647705078125,-0.0182647705078125,-0.0182647705078125,1,109,True
+,75,35,75,35,110,110,3,0.01352691650390625,-0.01352691650390625,-0.01352691650390625,1,110,True
+,75,36,75,36,111,111,0,0.006290435791015625,-0.006290435791015625,-0.006290435791015625,1,111,True
+,75,37,75,37,112,112,0,0.038604736328125,-0.038604736328125,-0.038604736328125,1,112,True
+,75,38,75,38,113,113,1,0.0241241455078125,-0.0241241455078125,-0.0241241455078125,1,113,True
+,75,39,75,39,114,114,0,0.0086669921875,-0.0086669921875,-0.0086669921875,1,114,True
+,75,40,75,40,115,115,0,0.0206146240234375,-0.0206146240234375,-0.0206146240234375,1,115,True
+,75,41,75,41,116,116,0,0.0809326171875,-0.0809326171875,-0.0809326171875,1,116,True
+,75,42,75,42,117,117,1,0.034576416015625,-0.034576416015625,-0.034576416015625,1,117,True
+,75,43,75,43,118,118,0,0.11383056640625,-0.11383056640625,-0.11383056640625,1,118,True
+,75,44,75,44,119,119,0,2.17578125,-2.17578125,-2.17578125,1,109,False
+,75,45,75,45,120,120,3,0.1607666015625,-0.1607666015625,-0.1607666015625,1,120,True
+,75,46,75,46,121,121,1,0.11181640625,-0.11181640625,-0.11181640625,1,121,True
+,75,47,75,47,122,122,0,0.05224609375,-0.05224609375,-0.05224609375,1,122,True
+,75,48,75,48,123,123,2,0.046905517578125,-0.046905517578125,-0.046905517578125,1,123,True
+,75,49,75,49,124,124,0,0.134521484375,-0.134521484375,-0.134521484375,1,124,True
+,75,50,75,50,125,125,4,0.027984619140625,-0.027984619140625,-0.027984619140625,1,125,True
+,75,51,75,51,126,126,0,0.10479736328125,-0.10479736328125,-0.10479736328125,1,126,True
+,75,52,75,52,127,127,0,0.0782470703125,-0.0782470703125,-0.0782470703125,1,127,True
+,75,53,75,53,128,128,0,0.167724609375,-0.167724609375,-0.167724609375,1,128,True
+,75,54,75,54,129,129,0,0.11065673828125,-0.11065673828125,-0.11065673828125,1,129,True
+,75,55,75,55,130,130,0,0.254150390625,-0.254150390625,-0.254150390625,1,130,True
+,75,56,75,56,131,131,0,2.322265625,-2.322265625,-2.322265625,1,121,False
+,75,57,75,57,132,132,3,0.06719970703125,-0.06719970703125,-0.06719970703125,1,132,True
+,75,58,75,58,133,133,4,0.61181640625,-0.61181640625,-0.61181640625,1,133,True
+,75,59,75,59,134,134,0,0.51318359375,-0.51318359375,-0.51318359375,1,134,True
+,75,60,75,60,135,135,2,0.2427978515625,-0.2427978515625,-0.2427978515625,1,135,True
+,75,61,75,61,136,136,0,0.477294921875,-0.477294921875,-0.477294921875,1,136,True
+,75,62,75,62,137,137,0,1.0400390625,-1.0400390625,-1.0400390625,1,127,False
+,75,63,75,63,138,138,0,0.28564453125,-0.28564453125,-0.28564453125,1,138,True
+,75,64,75,64,139,139,0,0.94775390625,-0.94775390625,-0.94775390625,1,139,True
+,75,65,75,65,140,140,0,0.2430419921875,-0.2430419921875,-0.2430419921875,1,140,True
+,75,66,75,66,141,141,0,0.221923828125,-0.221923828125,-0.221923828125,1,141,True
+,75,67,75,67,142,142,1,0.2088623046875,-0.2088623046875,-0.2088623046875,1,142,True
+,75,68,75,68,143,143,0,0.08319091796875,-0.08319091796875,-0.08319091796875,1,143,True
+,75,69,75,69,144,144,1,0.08953857421875,-0.08953857421875,-0.08953857421875,1,144,True
+,75,70,75,70,145,145,1,0.3505859375,-0.3505859375,-0.3505859375,1,145,True
+,75,71,75,71,146,146,0,0.329345703125,-0.329345703125,-0.329345703125,1,146,True
+,75,72,75,72,147,147,0,0.21337890625,-0.21337890625,-0.21337890625,1,147,True
+,75,73,75,73,148,148,0,0.073974609375,-0.073974609375,-0.073974609375,1,148,True
+,75,74,75,74,149,149,0,0.0628662109375,-0.0628662109375,-0.0628662109375,1,149,True
+,75,75,75,75,150,150,10,0.1319580078125,-0.1319580078125,-0.1319580078125,1,150,True
+,75,76,75,76,151,151,0,0.0197296142578125,-0.0197296142578125,-0.0197296142578125,1,151,True
+,75,77,75,77,152,152,0,0.485107421875,-0.485107421875,-0.485107421875,1,152,True
+,75,78,75,78,153,153,0,0.03131103515625,-0.03131103515625,-0.03131103515625,1,153,True
+,75,79,75,79,154,154,0,0.5556640625,-0.5556640625,-0.5556640625,1,154,True
+,75,80,75,80,155,155,1,0.08941650390625,-0.08941650390625,-0.08941650390625,1,155,True
+,75,81,75,81,156,156,0,0.09674072265625,-0.09674072265625,-0.09674072265625,1,156,True
+,75,82,75,82,157,157,0,1.01953125,-1.01953125,-1.01953125,1,167,False
+,75,83,75,83,158,158,0,0.37060546875,-0.37060546875,-0.37060546875,1,158,True
+,75,84,75,84,159,159,0,0.105224609375,-0.105224609375,-0.105224609375,1,159,True
+,75,85,75,85,160,160,1,0.822265625,-0.822265625,-0.822265625,1,170,False
+,75,86,75,86,161,161,0,0.364990234375,-0.364990234375,-0.364990234375,1,161,True
+,75,87,75,87,162,162,0,0.10400390625,-0.10400390625,-0.10400390625,1,162,True
+,75,88,75,88,163,163,0,0.401123046875,-0.401123046875,-0.401123046875,1,163,True
+,75,89,75,89,164,164,0,0.341552734375,-0.341552734375,-0.341552734375,1,164,True
+,75,90,75,90,165,165,0,0.04327392578125,-0.04327392578125,-0.04327392578125,1,165,True
+,75,91,75,91,166,166,0,0.45458984375,-0.45458984375,-0.45458984375,1,166,True
+,75,92,75,92,167,167,0,0.362060546875,-0.362060546875,-0.362060546875,1,167,True
+,75,93,75,93,168,168,0,0.129150390625,-0.129150390625,-0.129150390625,1,168,True
+,75,94,75,94,169,169,0,1.4423828125,-1.4423828125,-1.4423828125,1,149,False
+,75,95,75,95,170,170,0,0.386962890625,-0.386962890625,-0.386962890625,1,170,True
+,75,96,75,96,171,171,0,0.6904296875,-0.6904296875,-0.6904296875,1,171,True
+,75,97,75,97,172,172,0,0.1478271484375,-0.1478271484375,-0.1478271484375,1,172,True
+,75,98,75,98,173,173,0,0.3955078125,-0.3955078125,-0.3955078125,1,173,True
+,75,99,75,99,174,174,0,0.14013671875,-0.14013671875,-0.14013671875,1,174,True
+,76,10,76,10,86,86,2,0.00980377197265625,-0.00980377197265625,-0.00980377197265625,1,86,True
+,76,11,76,11,87,87,0,0.0216827392578125,-0.0216827392578125,-0.0216827392578125,1,87,True
+,76,12,76,12,88,88,2,0.021636962890625,-0.021636962890625,-0.021636962890625,1,88,True
+,76,13,76,13,89,89,1,0.07745361328125,-0.07745361328125,-0.07745361328125,1,89,True
+,76,14,76,14,90,90,1,0.0057220458984375,-0.0057220458984375,-0.0057220458984375,1,90,True
+,76,15,76,15,91,91,0,0.048736572265625,-0.048736572265625,-0.048736572265625,1,91,True
+,76,16,76,16,92,92,1,0.1982421875,-0.1982421875,-0.1982421875,1,92,True
+,76,17,76,17,93,93,0,0.005855560302734375,-0.005855560302734375,-0.005855560302734375,1,93,True
+,76,18,76,18,94,94,1,0.0160980224609375,-0.0160980224609375,-0.0160980224609375,1,94,True
+,76,19,76,19,95,95,0,0.024627685546875,-0.024627685546875,-0.024627685546875,1,95,True
+,76,20,76,20,96,96,0,0.01519775390625,-0.01519775390625,-0.01519775390625,1,96,True
+,76,21,76,21,97,97,2,0.0838623046875,-0.0838623046875,-0.0838623046875,1,97,True
+,76,22,76,22,98,98,0,0.0897216796875,-0.0897216796875,-0.0897216796875,1,98,True
+,76,23,76,23,99,99,0,0.0091552734375,-0.0091552734375,-0.0091552734375,1,99,True
+,76,24,76,24,100,100,0,0.006145477294921875,-0.006145477294921875,-0.006145477294921875,1,100,True
+,76,25,76,25,101,101,1,0.1971435546875,-0.1971435546875,-0.1971435546875,1,101,True
+,76,26,76,26,102,102,1,0.07647705078125,-0.07647705078125,-0.07647705078125,1,102,True
+,76,27,76,27,103,103,0,0.01331329345703125,-0.01331329345703125,-0.01331329345703125,1,103,True
+,76,28,76,28,104,104,0,0.105712890625,-0.105712890625,-0.105712890625,1,104,True
+,76,29,76,29,105,105,0,0.244873046875,-0.244873046875,-0.244873046875,1,105,True
+,76,30,76,30,106,106,0,0.047607421875,-0.047607421875,-0.047607421875,1,106,True
+,76,31,76,31,107,107,1,0.2061767578125,-0.2061767578125,-0.2061767578125,1,107,True
+,76,32,76,32,108,108,0,0.032684326171875,-0.032684326171875,-0.032684326171875,1,108,True
+,76,33,76,33,109,109,0,0.10687255859375,-0.10687255859375,-0.10687255859375,1,109,True
+,76,34,76,34,110,110,0,0.0667724609375,-0.0667724609375,-0.0667724609375,1,110,True
+,76,35,76,35,111,111,0,0.0298004150390625,-0.0298004150390625,-0.0298004150390625,1,111,True
+,76,36,76,36,112,112,0,0.4697265625,-0.4697265625,-0.4697265625,1,112,True
+,76,37,76,37,113,113,0,0.06744384765625,-0.06744384765625,-0.06744384765625,1,113,True
+,76,38,76,38,114,114,0,0.061370849609375,-0.061370849609375,-0.061370849609375,1,114,True
+,76,39,76,39,115,115,0,0.0273590087890625,-0.0273590087890625,-0.0273590087890625,1,115,True
+,76,40,76,40,116,116,0,0.019195556640625,-0.019195556640625,-0.019195556640625,1,116,True
+,76,41,76,41,117,117,0,0.08489990234375,-0.08489990234375,-0.08489990234375,1,117,True
+,76,42,76,42,118,118,0,0.11090087890625,-0.11090087890625,-0.11090087890625,1,118,True
+,76,43,76,43,119,119,0,0.383056640625,-0.383056640625,-0.383056640625,1,119,True
+,76,44,76,44,120,120,1,0.2435302734375,-0.2435302734375,-0.2435302734375,1,120,True
+,76,45,76,45,121,121,1,0.05426025390625,-0.05426025390625,-0.05426025390625,1,121,True
+,76,46,76,46,122,122,0,0.17724609375,-0.17724609375,-0.17724609375,1,122,True
+,76,47,76,47,123,123,0,0.1009521484375,-0.1009521484375,-0.1009521484375,1,123,True
+,76,48,76,48,124,124,1,0.047271728515625,-0.047271728515625,-0.047271728515625,1,124,True
+,76,49,76,49,125,125,0,0.337890625,-0.337890625,-0.337890625,1,125,True
+,76,50,76,50,126,126,0,0.037322998046875,-0.037322998046875,-0.037322998046875,1,126,True
+,76,51,76,51,127,127,0,0.07171630859375,-0.07171630859375,-0.07171630859375,1,127,True
+,76,52,76,52,128,128,0,0.248779296875,-0.248779296875,-0.248779296875,1,128,True
+,76,53,76,53,129,129,1,0.019195556640625,-0.019195556640625,-0.019195556640625,1,129,True
+,76,54,76,54,130,130,0,0.468017578125,-0.468017578125,-0.468017578125,1,130,True
+,76,55,76,55,131,131,0,0.4228515625,-0.4228515625,-0.4228515625,1,131,True
+,76,56,76,56,132,132,1,2.92578125,-2.92578125,-2.92578125,1,122,False
+,76,57,76,57,133,133,2,0.338134765625,-0.338134765625,-0.338134765625,1,133,True
+,76,58,76,58,134,134,0,1.34375,-1.34375,-1.34375,1,124,False
+,76,59,76,59,135,135,0,0.31494140625,-0.31494140625,-0.31494140625,1,135,True
+,76,60,76,60,136,136,0,0.149169921875,-0.149169921875,-0.149169921875,1,136,True
+,76,61,76,61,137,137,0,2.283203125,-2.283203125,-2.283203125,1,127,False
+,76,62,76,62,138,138,0,0.134033203125,-0.134033203125,-0.134033203125,1,138,True
+,76,63,76,63,139,139,0,0.27197265625,-0.27197265625,-0.27197265625,1,139,True
+,76,64,76,64,140,140,0,1.02734375,-1.02734375,-1.02734375,1,140,True
+,76,65,76,65,141,141,0,0.1290283203125,-0.1290283203125,-0.1290283203125,1,141,True
+,76,66,76,66,142,142,0,0.6650390625,-0.6650390625,-0.6650390625,1,142,True
+,76,67,76,67,143,143,2,0.546875,-0.546875,-0.546875,1,143,True
+,76,68,76,68,144,144,0,0.2332763671875,-0.2332763671875,-0.2332763671875,1,144,True
+,76,69,76,69,145,145,0,0.1893310546875,-0.1893310546875,-0.1893310546875,1,145,True
+,76,70,76,70,146,146,0,0.45458984375,-0.45458984375,-0.45458984375,1,146,True
+,76,71,76,71,147,147,0,0.1678466796875,-0.1678466796875,-0.1678466796875,1,147,True
+,76,72,76,72,148,148,0,0.1651611328125,-0.1651611328125,-0.1651611328125,1,148,True
+,76,73,76,73,149,149,1,0.10968017578125,-0.10968017578125,-0.10968017578125,1,149,True
+,76,74,76,74,150,150,0,0.166748046875,-0.166748046875,-0.166748046875,1,150,True
+,76,75,76,75,151,151,0,0.02276611328125,-0.02276611328125,-0.02276611328125,1,151,True
+,76,76,76,76,152,152,2,0.0689697265625,-0.0689697265625,-0.0689697265625,1,152,True
+,76,77,76,77,153,153,0,0.0079345703125,-0.0079345703125,-0.0079345703125,1,153,True
+,76,78,76,78,154,154,0,0.1522216796875,-0.1522216796875,-0.1522216796875,1,154,True
+,76,79,76,79,155,155,0,0.203125,-0.203125,-0.203125,1,155,True
+,76,80,76,80,156,156,0,0.0198211669921875,-0.0198211669921875,-0.0198211669921875,1,156,True
+,76,81,76,81,157,157,0,1.689453125,-1.689453125,-1.689453125,1,155,False
+,76,82,76,82,158,158,0,0.57080078125,-0.57080078125,-0.57080078125,1,158,True
+,76,83,76,83,159,159,0,0.06719970703125,-0.06719970703125,-0.06719970703125,1,159,True
+,76,84,76,84,160,160,0,2.08203125,-2.08203125,-2.08203125,1,170,False
+,76,85,76,85,161,161,0,0.35595703125,-0.35595703125,-0.35595703125,1,161,True
+,76,86,76,86,162,162,0,0.282470703125,-0.282470703125,-0.282470703125,1,162,True
+,76,87,76,87,163,163,0,0.2587890625,-0.2587890625,-0.2587890625,1,163,True
+,76,88,76,88,164,164,1,0.45166015625,-0.45166015625,-0.45166015625,1,164,True
+,76,89,76,89,165,165,0,0.7822265625,-0.7822265625,-0.7822265625,1,165,True
+,76,90,76,90,166,166,0,0.135009765625,-0.135009765625,-0.135009765625,1,166,True
+,76,91,76,91,167,167,0,0.63134765625,-0.63134765625,-0.63134765625,1,167,True
+,76,92,76,92,168,168,0,1.103515625,-1.103515625,-1.103515625,1,168,True
+,76,93,76,93,169,169,0,0.290283203125,-0.290283203125,-0.290283203125,1,169,True
+,76,94,76,94,170,170,0,0.94921875,-0.94921875,-0.94921875,1,170,True
+,76,95,76,95,171,171,0,0.27099609375,-0.27099609375,-0.27099609375,1,171,True
+,76,96,76,96,172,172,0,1.81640625,-1.81640625,-1.81640625,1,170,False
+,76,97,76,97,173,173,0,1.33984375,-1.33984375,-1.33984375,1,153,False
+,76,98,76,98,174,174,0,2.921875,-2.921875,-2.921875,1,164,False
+,76,99,76,99,175,175,0,1.6318359375,-1.6318359375,-1.6318359375,1,155,False
+,77,10,77,10,87,87,0,0.05584716796875,-0.05584716796875,-0.05584716796875,1,87,True
+,77,11,77,11,88,88,0,0.04193115234375,-0.04193115234375,-0.04193115234375,1,88,True
+,77,12,77,12,89,89,1,0.032135009765625,-0.032135009765625,-0.032135009765625,1,89,True
+,77,13,77,13,90,90,0,0.0179443359375,-0.0179443359375,-0.0179443359375,1,90,True
+,77,14,77,14,91,91,0,0.1351318359375,-0.1351318359375,-0.1351318359375,1,91,True
+,77,15,77,15,92,92,2,0.035369873046875,-0.035369873046875,-0.035369873046875,1,92,True
+,77,16,77,16,93,93,0,0.3916015625,-0.3916015625,-0.3916015625,1,93,True
+,77,17,77,17,94,94,8,0.05987548828125,-0.05987548828125,-0.05987548828125,1,94,True
+,77,18,77,18,95,95,0,0.042816162109375,-0.042816162109375,-0.042816162109375,1,95,True
+,77,19,77,19,96,96,2,0.17822265625,-0.17822265625,-0.17822265625,1,96,True
+,77,20,77,20,97,97,0,1.3505859375,-1.3505859375,-1.3505859375,1,107,False
+,77,21,77,21,98,98,0,0.2423095703125,-0.2423095703125,-0.2423095703125,1,98,True
+,77,22,77,22,99,99,1,0.1800537109375,-0.1800537109375,-0.1800537109375,1,99,True
+,77,23,77,23,100,100,0,0.0255279541015625,-0.0255279541015625,-0.0255279541015625,1,100,True
+,77,24,77,24,101,101,0,0.1513671875,-0.1513671875,-0.1513671875,1,101,True
+,77,25,77,25,102,102,1,0.1929931640625,-0.1929931640625,-0.1929931640625,1,102,True
+,77,26,77,26,103,103,2,0.609375,-0.609375,-0.609375,1,103,True
+,77,27,77,27,104,104,0,0.0711669921875,-0.0711669921875,-0.0711669921875,1,104,True
+,77,28,77,28,105,105,0,0.470947265625,-0.470947265625,-0.470947265625,1,105,True
+,77,29,77,29,106,106,0,0.06298828125,-0.06298828125,-0.06298828125,1,106,True
+,77,30,77,30,107,107,0,0.039337158203125,-0.039337158203125,-0.039337158203125,1,107,True
+,77,31,77,31,108,108,0,0.1728515625,-0.1728515625,-0.1728515625,1,108,True
+,77,32,77,32,109,109,1,0.203857421875,-0.203857421875,-0.203857421875,1,109,True
+,77,33,77,33,110,110,0,0.06939697265625,-0.06939697265625,-0.06939697265625,1,110,True
+,77,34,77,34,111,111,4,0.049713134765625,-0.049713134765625,-0.049713134765625,1,111,True
+,77,35,77,35,112,112,0,0.354248046875,-0.354248046875,-0.354248046875,1,112,True
+,77,36,77,36,113,113,0,0.0221710205078125,-0.0221710205078125,-0.0221710205078125,1,113,True
+,77,37,77,37,114,114,1,0.1304931640625,-0.1304931640625,-0.1304931640625,1,114,True
+,77,38,77,38,115,115,0,0.06951904296875,-0.06951904296875,-0.06951904296875,1,115,True
+,77,39,77,39,116,116,0,0.0843505859375,-0.0843505859375,-0.0843505859375,1,116,True
+,77,40,77,40,117,117,0,0.1348876953125,-0.1348876953125,-0.1348876953125,1,117,True
+,77,41,77,41,118,118,0,0.186767578125,-0.186767578125,-0.186767578125,1,118,True
+,77,42,77,42,119,119,0,0.03314208984375,-0.03314208984375,-0.03314208984375,1,119,True
+,77,43,77,43,120,120,0,0.039703369140625,-0.039703369140625,-0.039703369140625,1,120,True
+,77,44,77,44,121,121,0,0.116943359375,-0.116943359375,-0.116943359375,1,121,True
+,77,45,77,45,122,122,0,0.00925445556640625,-0.00925445556640625,-0.00925445556640625,1,122,True
+,77,46,77,46,123,123,0,0.036468505859375,-0.036468505859375,-0.036468505859375,1,123,True
+,77,47,77,47,124,124,0,0.10797119140625,-0.10797119140625,-0.10797119140625,1,124,True
+,77,48,77,48,125,125,0,0.053375244140625,-0.053375244140625,-0.053375244140625,1,125,True
+,77,49,77,49,126,126,2,0.10089111328125,-0.10089111328125,-0.10089111328125,1,126,True
+,77,50,77,50,127,127,0,0.1744384765625,-0.1744384765625,-0.1744384765625,1,127,True
+,77,51,77,51,128,128,0,0.07818603515625,-0.07818603515625,-0.07818603515625,1,128,True
+,77,52,77,52,129,129,0,0.091552734375,-0.091552734375,-0.091552734375,1,129,True
+,77,53,77,53,130,130,0,0.94873046875,-0.94873046875,-0.94873046875,1,130,True
+,77,54,77,54,131,131,0,0.52734375,-0.52734375,-0.52734375,1,131,True
+,77,55,77,55,132,132,0,0.62744140625,-0.62744140625,-0.62744140625,1,132,True
+,77,56,77,56,133,133,0,1.1484375,-1.1484375,-1.1484375,1,123,False
+,77,57,77,57,134,134,0,0.80322265625,-0.80322265625,-0.80322265625,1,134,True
+,77,58,77,58,135,135,0,0.48486328125,-0.48486328125,-0.48486328125,1,135,True
+,77,59,77,59,136,136,0,0.88720703125,-0.88720703125,-0.88720703125,1,136,True
+,77,60,77,60,137,137,0,0.242431640625,-0.242431640625,-0.242431640625,1,137,True
+,77,61,77,61,138,138,0,0.1353759765625,-0.1353759765625,-0.1353759765625,1,138,True
+,77,62,77,62,139,139,0,0.5810546875,-0.5810546875,-0.5810546875,1,139,True
+,77,63,77,63,140,140,1,0.7099609375,-0.7099609375,-0.7099609375,1,140,True
+,77,64,77,64,141,141,0,0.74560546875,-0.74560546875,-0.74560546875,1,141,True
+,77,65,77,65,142,142,0,1.1728515625,-1.1728515625,-1.1728515625,1,152,False
+,77,66,77,66,143,143,0,0.15478515625,-0.15478515625,-0.15478515625,1,143,True
+,77,67,77,67,144,144,0,0.7734375,-0.7734375,-0.7734375,1,144,True
+,77,68,77,68,145,145,0,0.29638671875,-0.29638671875,-0.29638671875,1,145,True
+,77,69,77,69,146,146,0,0.1807861328125,-0.1807861328125,-0.1807861328125,1,146,True
+,77,70,77,70,147,147,0,0.1436767578125,-0.1436767578125,-0.1436767578125,1,147,True
+,77,71,77,71,148,148,0,1.2099609375,-1.2099609375,-1.2099609375,1,158,False
+,77,72,77,72,149,149,0,0.281494140625,-0.281494140625,-0.281494140625,1,149,True
+,77,73,77,73,150,150,0,0.327880859375,-0.327880859375,-0.327880859375,1,150,True
+,77,74,77,74,151,151,1,0.96728515625,-0.96728515625,-0.96728515625,1,153,False
+,77,75,77,75,152,152,0,0.220947265625,-0.220947265625,-0.220947265625,1,152,True
+,77,76,77,76,153,153,0,0.0301666259765625,-0.0301666259765625,-0.0301666259765625,1,153,True
+,77,77,77,77,154,154,2,0.0899658203125,-0.0899658203125,-0.0899658203125,1,154,True
+,77,78,77,78,155,155,0,0.0880126953125,-0.0880126953125,-0.0880126953125,1,155,True
+,77,79,77,79,156,156,0,0.05859375,-0.05859375,-0.05859375,1,156,True
+,77,80,77,80,157,157,0,0.9990234375,-0.9990234375,-0.9990234375,1,167,False
+,77,81,77,81,158,158,1,0.20947265625,-0.20947265625,-0.20947265625,1,158,True
+,77,82,77,82,159,159,0,0.1846923828125,-0.1846923828125,-0.1846923828125,1,159,True
+,77,83,77,83,160,160,0,0.92431640625,-0.92431640625,-0.92431640625,1,160,True
+,77,84,77,84,161,161,0,0.28857421875,-0.28857421875,-0.28857421875,1,161,True
+,77,85,77,85,162,162,0,0.98828125,-0.98828125,-0.98828125,1,172,False
+,77,86,77,86,163,163,0,0.5771484375,-0.5771484375,-0.5771484375,1,163,True
+,77,87,77,87,164,164,0,0.77197265625,-0.77197265625,-0.77197265625,1,164,True
+,77,88,77,88,165,165,0,0.1578369140625,-0.1578369140625,-0.1578369140625,1,165,True
+,77,89,77,89,166,166,0,0.363037109375,-0.363037109375,-0.363037109375,1,166,True
+,77,90,77,90,167,167,0,0.0428466796875,-0.0428466796875,-0.0428466796875,1,167,True
+,77,91,77,91,168,168,0,0.66259765625,-0.66259765625,-0.66259765625,1,168,True
+,77,92,77,92,169,169,0,0.8046875,-0.8046875,-0.8046875,1,159,False
+,77,93,77,93,170,170,0,0.352783203125,-0.352783203125,-0.352783203125,1,170,True
+,77,94,77,94,171,171,0,0.2763671875,-0.2763671875,-0.2763671875,1,171,True
+,77,95,77,95,172,172,0,0.31396484375,-0.31396484375,-0.31396484375,1,172,True
+,77,96,77,96,173,173,0,0.163330078125,-0.163330078125,-0.163330078125,1,173,True
+,77,97,77,97,174,174,0,0.1473388671875,-0.1473388671875,-0.1473388671875,1,174,True
+,77,98,77,98,175,175,0,1.2783203125,-1.2783203125,-1.2783203125,1,165,False
+,77,99,77,99,176,176,0,0.2471923828125,-0.2471923828125,-0.2471923828125,1,176,True
+,78,10,78,10,88,88,4,0.021942138671875,-0.021942138671875,-0.021942138671875,1,88,True
+,78,11,78,11,89,89,0,0.0207061767578125,-0.0207061767578125,-0.0207061767578125,1,89,True
+,78,12,78,12,90,90,0,0.00989532470703125,-0.00989532470703125,-0.00989532470703125,1,90,True
+,78,13,78,13,91,91,0,0.006683349609375,-0.006683349609375,-0.006683349609375,1,91,True
+,78,14,78,14,92,92,0,0.08673095703125,-0.08673095703125,-0.08673095703125,1,92,True
+,78,15,78,15,93,93,0,0.003818511962890625,-0.003818511962890625,-0.003818511962890625,1,93,True
+,78,16,78,16,94,94,1,0.0105743408203125,-0.0105743408203125,-0.0105743408203125,1,94,True
+,78,17,78,17,95,95,0,0.0152587890625,-0.0152587890625,-0.0152587890625,1,95,True
+,78,18,78,18,96,96,0,0.04107666015625,-0.04107666015625,-0.04107666015625,1,96,True
+,78,19,78,19,97,97,0,0.356689453125,-0.356689453125,-0.356689453125,1,97,True
+,78,20,78,20,98,98,2,0.0081787109375,-0.0081787109375,-0.0081787109375,1,98,True
+,78,21,78,21,99,99,0,0.0172576904296875,-0.0172576904296875,-0.0172576904296875,1,99,True
+,78,22,78,22,100,100,0,0.029510498046875,-0.029510498046875,-0.029510498046875,1,100,True
+,78,23,78,23,101,101,0,0.005573272705078125,-0.005573272705078125,-0.005573272705078125,1,101,True
+,78,24,78,24,102,102,2,0.01727294921875,-0.01727294921875,-0.01727294921875,1,102,True
+,78,25,78,25,103,103,0,0.022186279296875,-0.022186279296875,-0.022186279296875,1,103,True
+,78,26,78,26,104,104,0,0.078369140625,-0.078369140625,-0.078369140625,1,104,True
+,78,27,78,27,105,105,1,0.0712890625,-0.0712890625,-0.0712890625,1,105,True
+,78,28,78,28,106,106,0,0.0131683349609375,-0.0131683349609375,-0.0131683349609375,1,106,True
+,78,29,78,29,107,107,0,0.01378631591796875,-0.01378631591796875,-0.01378631591796875,1,107,True
+,78,30,78,30,108,108,1,0.0146484375,-0.0146484375,-0.0146484375,1,108,True
+,78,31,78,31,109,109,1,0.078125,-0.078125,-0.078125,1,109,True
+,78,32,78,32,110,110,0,0.07110595703125,-0.07110595703125,-0.07110595703125,1,110,True
+,78,33,78,33,111,111,0,0.01206207275390625,-0.01206207275390625,-0.01206207275390625,1,111,True
+,78,34,78,34,112,112,0,0.0477294921875,-0.0477294921875,-0.0477294921875,1,112,True
+,78,35,78,35,113,113,0,0.2138671875,-0.2138671875,-0.2138671875,1,113,True
+,78,36,78,36,114,114,0,0.060821533203125,-0.060821533203125,-0.060821533203125,1,114,True
+,78,37,78,37,115,115,0,0.054534912109375,-0.054534912109375,-0.054534912109375,1,115,True
+,78,38,78,38,116,116,0,0.054901123046875,-0.054901123046875,-0.054901123046875,1,116,True
+,78,39,78,39,117,117,0,0.140380859375,-0.140380859375,-0.140380859375,1,117,True
+,78,40,78,40,118,118,0,0.035614013671875,-0.035614013671875,-0.035614013671875,1,118,True
+,78,41,78,41,119,119,0,0.0219268798828125,-0.0219268798828125,-0.0219268798828125,1,119,True
+,78,42,78,42,120,120,0,0.09454345703125,-0.09454345703125,-0.09454345703125,1,120,True
+,78,43,78,43,121,121,0,0.00960540771484375,-0.00960540771484375,-0.00960540771484375,1,121,True
+,78,44,78,44,122,122,0,0.00897216796875,-0.00897216796875,-0.00897216796875,1,122,True
+,78,45,78,45,123,123,3,0.03875732421875,-0.03875732421875,-0.03875732421875,1,123,True
+,78,46,78,46,124,124,0,0.042877197265625,-0.042877197265625,-0.042877197265625,1,124,True
+,78,47,78,47,125,125,0,0.320068359375,-0.320068359375,-0.320068359375,1,125,True
+,78,48,78,48,126,126,2,0.0224151611328125,-0.0224151611328125,-0.0224151611328125,1,126,True
+,78,49,78,49,127,127,0,0.16064453125,-0.16064453125,-0.16064453125,1,127,True
+,78,50,78,50,128,128,0,0.44921875,-0.44921875,-0.44921875,1,128,True
+,78,51,78,51,129,129,0,0.03485107421875,-0.03485107421875,-0.03485107421875,1,129,True
+,78,52,78,52,130,130,0,0.043365478515625,-0.043365478515625,-0.043365478515625,1,130,True
+,78,53,78,53,131,131,0,1.421875,-1.421875,-1.421875,1,121,False
+,78,54,78,54,132,132,0,0.356689453125,-0.356689453125,-0.356689453125,1,132,True
+,78,55,78,55,133,133,0,0.55712890625,-0.55712890625,-0.55712890625,1,133,True
+,78,56,78,56,134,134,0,0.351318359375,-0.351318359375,-0.351318359375,1,134,True
+,78,57,78,57,135,135,0,0.1571044921875,-0.1571044921875,-0.1571044921875,1,135,True
+,78,58,78,58,136,136,0,0.435791015625,-0.435791015625,-0.435791015625,1,136,True
+,78,59,78,59,137,137,2,0.5380859375,-0.5380859375,-0.5380859375,1,137,True
+,78,60,78,60,138,138,0,0.051605224609375,-0.051605224609375,-0.051605224609375,1,138,True
+,78,61,78,61,139,139,1,0.1673583984375,-0.1673583984375,-0.1673583984375,1,139,True
+,78,62,78,62,140,140,0,0.2724609375,-0.2724609375,-0.2724609375,1,140,True
+,78,63,78,63,141,141,0,0.04901123046875,-0.04901123046875,-0.04901123046875,1,141,True
+,78,64,78,64,142,142,0,0.2174072265625,-0.2174072265625,-0.2174072265625,1,142,True
+,78,65,78,65,143,143,0,0.0161285400390625,-0.0161285400390625,-0.0161285400390625,1,143,True
+,78,66,78,66,144,144,0,0.180908203125,-0.180908203125,-0.180908203125,1,144,True
+,78,67,78,67,145,145,0,0.316650390625,-0.316650390625,-0.316650390625,1,145,True
+,78,68,78,68,146,146,0,0.1361083984375,-0.1361083984375,-0.1361083984375,1,146,True
+,78,69,78,69,147,147,0,0.2393798828125,-0.2393798828125,-0.2393798828125,1,147,True
+,78,70,78,70,148,148,0,0.861328125,-0.861328125,-0.861328125,1,148,True
+,78,71,78,71,149,149,0,0.052764892578125,-0.052764892578125,-0.052764892578125,1,149,True
+,78,72,78,72,150,150,0,0.12060546875,-0.12060546875,-0.12060546875,1,150,True
+,78,73,78,73,151,151,0,0.345458984375,-0.345458984375,-0.345458984375,1,151,True
+,78,74,78,74,152,152,0,0.45556640625,-0.45556640625,-0.45556640625,1,152,True
+,78,75,78,75,153,153,0,0.0302581787109375,-0.0302581787109375,-0.0302581787109375,1,153,True
+,78,76,78,76,154,154,0,0.0128021240234375,-0.0128021240234375,-0.0128021240234375,1,154,True
+,78,77,78,77,155,155,0,0.034759521484375,-0.034759521484375,-0.034759521484375,1,155,True
+,78,78,78,78,156,156,3,0.1470947265625,-0.1470947265625,-0.1470947265625,1,156,True
+,78,79,78,79,157,157,0,0.0428466796875,-0.0428466796875,-0.0428466796875,1,157,True
+,78,80,78,80,158,158,0,0.007537841796875,-0.007537841796875,-0.007537841796875,1,158,True
+,78,81,78,81,159,159,0,0.07659912109375,-0.07659912109375,-0.07659912109375,1,159,True
+,78,82,78,82,160,160,0,0.248046875,-0.248046875,-0.248046875,1,160,True
+,78,83,78,83,161,161,0,0.1495361328125,-0.1495361328125,-0.1495361328125,1,161,True
+,78,84,78,84,162,162,0,0.035736083984375,-0.035736083984375,-0.035736083984375,1,162,True
+,78,85,78,85,163,163,0,0.31396484375,-0.31396484375,-0.31396484375,1,163,True
+,78,86,78,86,164,164,0,0.3076171875,-0.3076171875,-0.3076171875,1,164,True
+,78,87,78,87,165,165,1,0.0838623046875,-0.0838623046875,-0.0838623046875,1,165,True
+,78,88,78,88,166,166,0,0.0307769775390625,-0.0307769775390625,-0.0307769775390625,1,166,True
+,78,89,78,89,167,167,0,0.72607421875,-0.72607421875,-0.72607421875,1,157,False
+,78,90,78,90,168,168,0,0.07794189453125,-0.07794189453125,-0.07794189453125,1,168,True
+,78,91,78,91,169,169,0,0.044097900390625,-0.044097900390625,-0.044097900390625,1,169,True
+,78,92,78,92,170,170,0,0.18115234375,-0.18115234375,-0.18115234375,1,170,True
+,78,93,78,93,171,171,0,0.2357177734375,-0.2357177734375,-0.2357177734375,1,171,True
+,78,94,78,94,172,172,1,0.45263671875,-0.45263671875,-0.45263671875,1,172,True
+,78,95,78,95,173,173,0,0.134521484375,-0.134521484375,-0.134521484375,1,173,True
+,78,96,78,96,174,174,0,0.137939453125,-0.137939453125,-0.137939453125,1,174,True
+,78,97,78,97,175,175,0,0.423583984375,-0.423583984375,-0.423583984375,1,175,True
+,78,98,78,98,176,176,0,2.271484375,-2.271484375,-2.271484375,1,166,False
+,78,99,78,99,177,177,0,1.060546875,-1.060546875,-1.060546875,1,177,True
+,79,10,79,10,89,89,1,0.043426513671875,-0.043426513671875,-0.043426513671875,1,89,True
+,79,11,79,11,90,90,1,0.0252227783203125,-0.0252227783203125,-0.0252227783203125,1,90,True
+,79,12,79,12,91,91,1,0.025848388671875,-0.025848388671875,-0.025848388671875,1,91,True
+,79,13,79,13,92,92,0,0.025787353515625,-0.025787353515625,-0.025787353515625,1,92,True
+,79,14,79,14,93,93,0,0.00675201416015625,-0.00675201416015625,-0.00675201416015625,1,93,True
+,79,15,79,15,94,94,0,0.005947113037109375,-0.005947113037109375,-0.005947113037109375,1,94,True
+,79,16,79,16,95,95,2,0.0361328125,-0.0361328125,-0.0361328125,1,95,True
+,79,17,79,17,96,96,0,0.026702880859375,-0.026702880859375,-0.026702880859375,1,96,True
+,79,18,79,18,97,97,0,0.072509765625,-0.072509765625,-0.072509765625,1,97,True
+,79,19,79,19,98,98,0,0.5986328125,-0.5986328125,-0.5986328125,1,98,True
+,79,20,79,20,99,99,0,0.15625,-0.15625,-0.15625,1,99,True
+,79,21,79,21,100,100,0,0.09710693359375,-0.09710693359375,-0.09710693359375,1,100,True
+,79,22,79,22,101,101,0,0.0249176025390625,-0.0249176025390625,-0.0249176025390625,1,101,True
+,79,23,79,23,102,102,0,0.0258331298828125,-0.0258331298828125,-0.0258331298828125,1,102,True
+,79,24,79,24,103,103,0,0.0301055908203125,-0.0301055908203125,-0.0301055908203125,1,103,True
+,79,25,79,25,104,104,0,0.0313720703125,-0.0313720703125,-0.0313720703125,1,104,True
+,79,26,79,26,105,105,0,0.1312255859375,-0.1312255859375,-0.1312255859375,1,105,True
+,79,27,79,27,106,106,0,0.04132080078125,-0.04132080078125,-0.04132080078125,1,106,True
+,79,28,79,28,107,107,0,0.06524658203125,-0.06524658203125,-0.06524658203125,1,107,True
+,79,29,79,29,108,108,0,0.1273193359375,-0.1273193359375,-0.1273193359375,1,108,True
+,79,30,79,30,109,109,1,0.05401611328125,-0.05401611328125,-0.05401611328125,1,109,True
+,79,31,79,31,110,110,0,0.08477783203125,-0.08477783203125,-0.08477783203125,1,110,True
+,79,32,79,32,111,111,0,0.09344482421875,-0.09344482421875,-0.09344482421875,1,111,True
+,79,33,79,33,112,112,0,0.05108642578125,-0.05108642578125,-0.05108642578125,1,112,True
+,79,34,79,34,113,113,0,0.07318115234375,-0.07318115234375,-0.07318115234375,1,113,True
+,79,35,79,35,114,114,0,0.05303955078125,-0.05303955078125,-0.05303955078125,1,114,True
+,79,36,79,36,115,115,0,0.00879669189453125,-0.00879669189453125,-0.00879669189453125,1,115,True
+,79,37,79,37,116,116,0,0.1317138671875,-0.1317138671875,-0.1317138671875,1,116,True
+,79,38,79,38,117,117,0,0.04547119140625,-0.04547119140625,-0.04547119140625,1,117,True
+,79,39,79,39,118,118,0,0.018798828125,-0.018798828125,-0.018798828125,1,118,True
+,79,40,79,40,119,119,0,0.052459716796875,-0.052459716796875,-0.052459716796875,1,119,True
+,79,41,79,41,120,120,0,0.0156402587890625,-0.0156402587890625,-0.0156402587890625,1,120,True
+,79,42,79,42,121,121,0,0.00974273681640625,-0.00974273681640625,-0.00974273681640625,1,121,True
+,79,43,79,43,122,122,0,0.083740234375,-0.083740234375,-0.083740234375,1,122,True
+,79,44,79,44,123,123,1,0.110107421875,-0.110107421875,-0.110107421875,1,123,True
+,79,45,79,45,124,124,0,0.03570556640625,-0.03570556640625,-0.03570556640625,1,124,True
+,79,46,79,46,125,125,1,0.5751953125,-0.5751953125,-0.5751953125,1,125,True
+,79,47,79,47,126,126,0,0.156494140625,-0.156494140625,-0.156494140625,1,126,True
+,79,48,79,48,127,127,0,0.126953125,-0.126953125,-0.126953125,1,127,True
+,79,49,79,49,128,128,0,0.689453125,-0.689453125,-0.689453125,1,128,True
+,79,50,79,50,129,129,0,0.1976318359375,-0.1976318359375,-0.1976318359375,1,129,True
+,79,51,79,51,130,130,0,0.267333984375,-0.267333984375,-0.267333984375,1,130,True
+,79,52,79,52,131,131,0,1.814453125,-1.814453125,-1.814453125,1,141,False
+,79,53,79,53,132,132,0,0.556640625,-0.556640625,-0.556640625,1,132,True
+,79,54,79,54,133,133,0,0.5205078125,-0.5205078125,-0.5205078125,1,133,True
+,79,55,79,55,134,134,0,1.0,-1.0,-1.0,1,144,False
+,79,56,79,56,135,135,0,0.312255859375,-0.312255859375,-0.312255859375,1,135,True
+,79,57,79,57,136,136,0,2.634765625,-2.634765625,-2.634765625,1,146,False
+,79,58,79,58,137,137,0,0.5244140625,-0.5244140625,-0.5244140625,1,137,True
+,79,59,79,59,138,138,0,0.6025390625,-0.6025390625,-0.6025390625,1,138,True
+,79,60,79,60,139,139,0,0.1629638671875,-0.1629638671875,-0.1629638671875,1,139,True
+,79,61,79,61,140,140,0,0.52294921875,-0.52294921875,-0.52294921875,1,140,True
+,79,62,79,62,141,141,0,0.023681640625,-0.023681640625,-0.023681640625,1,141,True
+,79,63,79,63,142,142,0,0.4296875,-0.4296875,-0.4296875,1,142,True
+,79,64,79,64,143,143,0,0.3828125,-0.3828125,-0.3828125,1,143,True
+,79,65,79,65,144,144,0,0.331298828125,-0.331298828125,-0.331298828125,1,144,True
+,79,66,79,66,145,145,0,0.08087158203125,-0.08087158203125,-0.08087158203125,1,145,True
+,79,67,79,67,146,146,0,1.404296875,-1.404296875,-1.404296875,1,156,False
+,79,68,79,68,147,147,0,0.1343994140625,-0.1343994140625,-0.1343994140625,1,147,True
+,79,69,79,69,148,148,0,0.9365234375,-0.9365234375,-0.9365234375,1,158,False
+,79,70,79,70,149,149,0,0.29345703125,-0.29345703125,-0.29345703125,1,149,True
+,79,71,79,71,150,150,0,0.291259765625,-0.291259765625,-0.291259765625,1,150,True
+,79,72,79,72,151,151,0,0.1151123046875,-0.1151123046875,-0.1151123046875,1,151,True
+,79,73,79,73,152,152,1,1.59765625,-1.59765625,-1.59765625,1,162,False
+,79,74,79,74,153,153,0,0.08697509765625,-0.08697509765625,-0.08697509765625,1,153,True
+,79,75,79,75,154,154,0,0.91943359375,-0.91943359375,-0.91943359375,1,164,False
+,79,76,79,76,155,155,0,0.08544921875,-0.08544921875,-0.08544921875,1,155,True
+,79,77,79,77,156,156,2,0.01934814453125,-0.01934814453125,-0.01934814453125,1,156,True
+,79,78,79,78,157,157,0,0.0863037109375,-0.0863037109375,-0.0863037109375,1,157,True
+,79,79,79,79,158,158,3,0.04925537109375,-0.04925537109375,-0.04925537109375,1,158,True
+,79,80,79,80,159,159,0,0.0162811279296875,-0.0162811279296875,-0.0162811279296875,1,159,True
+,79,81,79,81,160,160,0,0.275146484375,-0.275146484375,-0.275146484375,1,160,True
+,79,82,79,82,161,161,0,0.08428955078125,-0.08428955078125,-0.08428955078125,1,161,True
+,79,83,79,83,162,162,0,0.26806640625,-0.26806640625,-0.26806640625,1,162,True
+,79,84,79,84,163,163,0,0.51904296875,-0.51904296875,-0.51904296875,1,163,True
+,79,85,79,85,164,164,0,1.498046875,-1.498046875,-1.498046875,1,174,False
+,79,86,79,86,165,165,0,0.042633056640625,-0.042633056640625,-0.042633056640625,1,165,True
+,79,87,79,87,166,166,0,0.26025390625,-0.26025390625,-0.26025390625,1,166,True
+,79,88,79,88,167,167,0,0.308837890625,-0.308837890625,-0.308837890625,1,167,True
+,79,89,79,89,168,168,0,0.91015625,-0.91015625,-0.91015625,1,178,False
+,79,90,79,90,169,169,0,0.037261962890625,-0.037261962890625,-0.037261962890625,1,169,True
+,79,91,79,91,170,170,0,0.74853515625,-0.74853515625,-0.74853515625,1,170,True
+,79,92,79,92,171,171,0,0.207275390625,-0.207275390625,-0.207275390625,1,171,True
+,79,93,79,93,172,172,0,0.50341796875,-0.50341796875,-0.50341796875,1,172,True
+,79,94,79,94,173,173,0,0.27392578125,-0.27392578125,-0.27392578125,1,173,True
+,79,95,79,95,174,174,3,0.12548828125,-0.12548828125,-0.12548828125,1,174,True
+,79,96,79,96,175,175,0,0.08306884765625,-0.08306884765625,-0.08306884765625,1,175,True
+,79,97,79,97,176,176,1,0.414794921875,-0.414794921875,-0.414794921875,1,176,True
+,79,98,79,98,177,177,0,1.0361328125,-1.0361328125,-1.0361328125,1,167,False
+,79,99,79,99,178,178,0,0.280029296875,-0.280029296875,-0.280029296875,1,178,True
+,80,10,80,10,90,90,10,0.003810882568359375,-0.003810882568359375,-0.003810882568359375,1,90,True
+,80,11,80,11,91,91,1,0.058502197265625,-0.058502197265625,-0.058502197265625,1,91,True
+,80,12,80,12,92,92,2,0.006298065185546875,-0.006298065185546875,-0.006298065185546875,1,92,True
+,80,13,80,13,93,93,2,0.0083160400390625,-0.0083160400390625,-0.0083160400390625,1,93,True
+,80,14,80,14,94,94,1,0.006862640380859375,-0.006862640380859375,-0.006862640380859375,1,94,True
+,80,15,80,15,95,95,2,0.315673828125,-0.315673828125,-0.315673828125,1,95,True
+,80,16,80,16,96,96,4,0.005428314208984375,-0.005428314208984375,-0.005428314208984375,1,96,True
+,80,17,80,17,97,97,0,0.0144500732421875,-0.0144500732421875,-0.0144500732421875,1,97,True
+,80,18,80,18,98,98,1,0.0100555419921875,-0.0100555419921875,-0.0100555419921875,1,98,True
+,80,19,80,19,99,99,0,0.06182861328125,-0.06182861328125,-0.06182861328125,1,99,True
+,80,20,80,20,100,100,17,0.006565093994140625,-0.006565093994140625,-0.006565093994140625,1,100,True
+,80,21,80,21,101,101,1,0.03546142578125,-0.03546142578125,-0.03546142578125,1,101,True
+,80,22,80,22,102,102,0,0.0196075439453125,-0.0196075439453125,-0.0196075439453125,1,102,True
+,80,23,80,23,103,103,2,0.1241455078125,-0.1241455078125,-0.1241455078125,1,103,True
+,80,24,80,24,104,104,3,0.027313232421875,-0.027313232421875,-0.027313232421875,1,104,True
+,80,25,80,25,105,105,1,0.06903076171875,-0.06903076171875,-0.06903076171875,1,105,True
+,80,26,80,26,106,106,0,0.00853729248046875,-0.00853729248046875,-0.00853729248046875,1,106,True
+,80,27,80,27,107,107,0,0.304931640625,-0.304931640625,-0.304931640625,1,107,True
+,80,28,80,28,108,108,0,0.0258941650390625,-0.0258941650390625,-0.0258941650390625,1,108,True
+,80,29,80,29,109,109,0,0.1446533203125,-0.1446533203125,-0.1446533203125,1,109,True
+,80,30,80,30,110,110,3,0.1844482421875,-0.1844482421875,-0.1844482421875,1,110,True
+,80,31,80,31,111,111,0,0.66796875,-0.66796875,-0.66796875,1,111,True
+,80,32,80,32,112,112,1,0.1412353515625,-0.1412353515625,-0.1412353515625,1,112,True
+,80,33,80,33,113,113,0,1.47265625,-1.47265625,-1.47265625,1,103,False
+,80,34,80,34,114,114,0,0.10943603515625,-0.10943603515625,-0.10943603515625,1,114,True
+,80,35,80,35,115,115,1,0.55224609375,-0.55224609375,-0.55224609375,1,115,True
+,80,36,80,36,116,116,0,0.085205078125,-0.085205078125,-0.085205078125,1,116,True
+,80,37,80,37,117,117,1,0.61865234375,-0.61865234375,-0.61865234375,1,117,True
+,80,38,80,38,118,118,0,0.081787109375,-0.081787109375,-0.081787109375,1,118,True
+,80,39,80,39,119,119,0,0.42236328125,-0.42236328125,-0.42236328125,1,119,True
+,80,40,80,40,120,120,12,0.053497314453125,-0.053497314453125,-0.053497314453125,1,120,True
+,80,41,80,41,121,121,1,0.245849609375,-0.245849609375,-0.245849609375,1,121,True
+,80,42,80,42,122,122,1,0.1387939453125,-0.1387939453125,-0.1387939453125,1,122,True
+,80,43,80,43,123,123,1,0.51123046875,-0.51123046875,-0.51123046875,1,123,True
+,80,44,80,44,124,124,1,0.1688232421875,-0.1688232421875,-0.1688232421875,1,124,True
+,80,45,80,45,125,125,6,0.4033203125,-0.4033203125,-0.4033203125,1,125,True
+,80,46,80,46,126,126,0,0.05340576171875,-0.05340576171875,-0.05340576171875,1,126,True
+,80,47,80,47,127,127,1,0.236083984375,-0.236083984375,-0.236083984375,1,127,True
+,80,48,80,48,128,128,3,0.02447509765625,-0.02447509765625,-0.02447509765625,1,128,True
+,80,49,80,49,129,129,0,0.25439453125,-0.25439453125,-0.25439453125,1,129,True
+,80,50,80,50,130,130,3,0.6943359375,-0.6943359375,-0.6943359375,1,130,True
+,80,51,80,51,131,131,0,0.58740234375,-0.58740234375,-0.58740234375,1,131,True
+,80,52,80,52,132,132,0,0.63720703125,-0.63720703125,-0.63720703125,1,132,True
+,80,53,80,53,133,133,0,0.7255859375,-0.7255859375,-0.7255859375,1,133,True
+,80,54,80,54,134,134,0,0.329833984375,-0.329833984375,-0.329833984375,1,134,True
+,80,55,80,55,135,135,2,0.56298828125,-0.56298828125,-0.56298828125,1,135,True
+,80,56,80,56,136,136,7,1.09765625,-1.09765625,-1.09765625,1,126,False
+,80,57,80,57,137,137,0,0.22021484375,-0.22021484375,-0.22021484375,1,137,True
+,80,58,80,58,138,138,1,0.05914306640625,-0.05914306640625,-0.05914306640625,1,138,True
+,80,59,80,59,139,139,0,0.43896484375,-0.43896484375,-0.43896484375,1,139,True
+,80,60,80,60,140,140,4,0.048614501953125,-0.048614501953125,-0.048614501953125,1,140,True
+,80,61,80,61,141,141,0,0.11431884765625,-0.11431884765625,-0.11431884765625,1,141,True
+,80,62,80,62,142,142,0,0.047088623046875,-0.047088623046875,-0.047088623046875,1,142,True
+,80,63,80,63,143,143,0,0.07135009765625,-0.07135009765625,-0.07135009765625,1,143,True
+,80,64,80,64,144,144,1,0.0704345703125,-0.0704345703125,-0.0704345703125,1,144,True
+,80,65,80,65,145,145,1,0.11785888671875,-0.11785888671875,-0.11785888671875,1,145,True
+,80,66,80,66,146,146,0,0.1678466796875,-0.1678466796875,-0.1678466796875,1,146,True
+,80,67,80,67,147,147,0,0.2281494140625,-0.2281494140625,-0.2281494140625,1,147,True
+,80,68,80,68,148,148,0,0.12310791015625,-0.12310791015625,-0.12310791015625,1,148,True
+,80,69,80,69,149,149,0,0.1666259765625,-0.1666259765625,-0.1666259765625,1,149,True
+,80,70,80,70,150,150,4,0.0643310546875,-0.0643310546875,-0.0643310546875,1,150,True
+,80,71,80,71,151,151,0,0.4853515625,-0.4853515625,-0.4853515625,1,151,True
+,80,72,80,72,152,152,0,0.490234375,-0.490234375,-0.490234375,1,152,True
+,80,73,80,73,153,153,0,0.350830078125,-0.350830078125,-0.350830078125,1,153,True
+,80,74,80,74,154,154,0,0.1527099609375,-0.1527099609375,-0.1527099609375,1,154,True
+,80,75,80,75,155,155,2,0.29541015625,-0.29541015625,-0.29541015625,1,155,True
+,80,76,80,76,156,156,1,0.0260772705078125,-0.0260772705078125,-0.0260772705078125,1,156,True
+,80,77,80,77,157,157,0,0.7666015625,-0.7666015625,-0.7666015625,1,157,True
+,80,78,80,78,158,158,0,0.024932861328125,-0.024932861328125,-0.024932861328125,1,158,True
+,80,79,80,79,159,159,0,0.052459716796875,-0.052459716796875,-0.052459716796875,1,159,True
+,80,80,80,80,160,160,11,0.0256805419921875,-0.0256805419921875,-0.0256805419921875,1,160,True
+,80,81,80,81,161,161,1,0.177490234375,-0.177490234375,-0.177490234375,1,161,True
+,80,82,80,82,162,162,1,0.2218017578125,-0.2218017578125,-0.2218017578125,1,162,True
+,80,83,80,83,163,163,0,0.95458984375,-0.95458984375,-0.95458984375,1,163,True
+,80,84,80,84,164,164,1,0.0191497802734375,-0.0191497802734375,-0.0191497802734375,1,164,True
+,80,85,80,85,165,165,2,0.1595458984375,-0.1595458984375,-0.1595458984375,1,165,True
+,80,86,80,86,166,166,0,0.2401123046875,-0.2401123046875,-0.2401123046875,1,166,True
+,80,87,80,87,167,167,0,0.1767578125,-0.1767578125,-0.1767578125,1,167,True
+,80,88,80,88,168,168,0,0.08575439453125,-0.08575439453125,-0.08575439453125,1,168,True
+,80,89,80,89,169,169,0,0.75732421875,-0.75732421875,-0.75732421875,1,169,True
+,80,90,80,90,170,170,2,0.06109619140625,-0.06109619140625,-0.06109619140625,1,170,True
+,80,91,80,91,171,171,0,0.5087890625,-0.5087890625,-0.5087890625,1,171,True
+,80,92,80,92,172,172,0,0.642578125,-0.642578125,-0.642578125,1,172,True
+,80,93,80,93,173,173,0,0.25146484375,-0.25146484375,-0.25146484375,1,173,True
+,80,94,80,94,174,174,0,0.2342529296875,-0.2342529296875,-0.2342529296875,1,174,True
+,80,95,80,95,175,175,0,0.330810546875,-0.330810546875,-0.330810546875,1,175,True
+,80,96,80,96,176,176,0,0.1954345703125,-0.1954345703125,-0.1954345703125,1,176,True
+,80,97,80,97,177,177,0,0.35302734375,-0.35302734375,-0.35302734375,1,177,True
+,80,98,80,98,178,178,0,3.763671875,-3.763671875,-3.763671875,1,168,False
+,80,99,80,99,179,179,0,1.3857421875,-1.3857421875,-1.3857421875,1,169,False
+,81,10,81,10,91,91,0,0.004962921142578125,-0.004962921142578125,-0.004962921142578125,1,91,True
+,81,11,81,11,92,92,0,0.028350830078125,-0.028350830078125,-0.028350830078125,1,92,True
+,81,12,81,12,93,93,1,0.011322021484375,-0.011322021484375,-0.011322021484375,1,93,True
+,81,13,81,13,94,94,1,0.007526397705078125,-0.007526397705078125,-0.007526397705078125,1,94,True
+,81,14,81,14,95,95,0,0.01160430908203125,-0.01160430908203125,-0.01160430908203125,1,95,True
+,81,15,81,15,96,96,0,0.00899505615234375,-0.00899505615234375,-0.00899505615234375,1,96,True
+,81,16,81,16,97,97,0,0.0184783935546875,-0.0184783935546875,-0.0184783935546875,1,97,True
+,81,17,81,17,98,98,0,0.0234375,-0.0234375,-0.0234375,1,98,True
+,81,18,81,18,99,99,1,0.01007843017578125,-0.01007843017578125,-0.01007843017578125,1,99,True
+,81,19,81,19,100,100,2,0.06170654296875,-0.06170654296875,-0.06170654296875,1,100,True
+,81,20,81,20,101,101,0,0.042205810546875,-0.042205810546875,-0.042205810546875,1,101,True
+,81,21,81,21,102,102,1,0.048126220703125,-0.048126220703125,-0.048126220703125,1,102,True
+,81,22,81,22,103,103,0,0.1944580078125,-0.1944580078125,-0.1944580078125,1,103,True
+,81,23,81,23,104,104,0,0.04486083984375,-0.04486083984375,-0.04486083984375,1,104,True
+,81,24,81,24,105,105,1,0.013153076171875,-0.013153076171875,-0.013153076171875,1,105,True
+,81,25,81,25,106,106,1,0.08685302734375,-0.08685302734375,-0.08685302734375,1,106,True
+,81,26,81,26,107,107,0,0.0289154052734375,-0.0289154052734375,-0.0289154052734375,1,107,True
+,81,27,81,27,108,108,2,0.00905609130859375,-0.00905609130859375,-0.00905609130859375,1,108,True
+,81,28,81,28,109,109,0,0.059539794921875,-0.059539794921875,-0.059539794921875,1,109,True
+,81,29,81,29,110,110,0,0.090576171875,-0.090576171875,-0.090576171875,1,110,True
+,81,30,81,30,111,111,0,0.0240020751953125,-0.0240020751953125,-0.0240020751953125,1,111,True
+,81,31,81,31,112,112,0,0.5068359375,-0.5068359375,-0.5068359375,1,112,True
+,81,32,81,32,113,113,0,0.59375,-0.59375,-0.59375,1,113,True
+,81,33,81,33,114,114,0,0.0271453857421875,-0.0271453857421875,-0.0271453857421875,1,114,True
+,81,34,81,34,115,115,1,0.0325927734375,-0.0325927734375,-0.0325927734375,1,115,True
+,81,35,81,35,116,116,0,0.1925048828125,-0.1925048828125,-0.1925048828125,1,116,True
+,81,36,81,36,117,117,0,0.09942626953125,-0.09942626953125,-0.09942626953125,1,117,True
+,81,37,81,37,118,118,1,0.0885009765625,-0.0885009765625,-0.0885009765625,1,118,True
+,81,38,81,38,119,119,0,0.057281494140625,-0.057281494140625,-0.057281494140625,1,119,True
+,81,39,81,39,120,120,0,0.0154266357421875,-0.0154266357421875,-0.0154266357421875,1,120,True
+,81,40,81,40,121,121,5,0.04925537109375,-0.04925537109375,-0.04925537109375,1,121,True
+,81,41,81,41,122,122,0,0.141845703125,-0.141845703125,-0.141845703125,1,122,True
+,81,42,81,42,123,123,0,0.0377197265625,-0.0377197265625,-0.0377197265625,1,123,True
+,81,43,81,43,124,124,0,0.423583984375,-0.423583984375,-0.423583984375,1,124,True
+,81,44,81,44,125,125,0,0.224365234375,-0.224365234375,-0.224365234375,1,125,True
+,81,45,81,45,126,126,0,0.051605224609375,-0.051605224609375,-0.051605224609375,1,126,True
+,81,46,81,46,127,127,0,0.230224609375,-0.230224609375,-0.230224609375,1,127,True
+,81,47,81,47,128,128,0,0.52587890625,-0.52587890625,-0.52587890625,1,128,True
+,81,48,81,48,129,129,0,0.01206207275390625,-0.01206207275390625,-0.01206207275390625,1,129,True
+,81,49,81,49,130,130,1,0.1143798828125,-0.1143798828125,-0.1143798828125,1,130,True
+,81,50,81,50,131,131,0,0.335693359375,-0.335693359375,-0.335693359375,1,131,True
+,81,51,81,51,132,132,0,0.533203125,-0.533203125,-0.533203125,1,132,True
+,81,52,81,52,133,133,0,1.2421875,-1.2421875,-1.2421875,1,143,False
+,81,53,81,53,134,134,0,1.16796875,-1.16796875,-1.16796875,1,134,True
+,81,54,81,54,135,135,1,0.0955810546875,-0.0955810546875,-0.0955810546875,1,135,True
+,81,55,81,55,136,136,0,0.7509765625,-0.7509765625,-0.7509765625,1,136,True
+,81,56,81,56,137,137,0,2.033203125,-2.033203125,-2.033203125,1,127,False
+,81,57,81,57,138,138,0,0.1339111328125,-0.1339111328125,-0.1339111328125,1,138,True
+,81,58,81,58,139,139,0,0.5283203125,-0.5283203125,-0.5283203125,1,139,True
+,81,59,81,59,140,140,1,0.282470703125,-0.282470703125,-0.282470703125,1,140,True
+,81,60,81,60,141,141,0,0.0194854736328125,-0.0194854736328125,-0.0194854736328125,1,141,True
+,81,61,81,61,142,142,0,0.2152099609375,-0.2152099609375,-0.2152099609375,1,142,True
+,81,62,81,62,143,143,0,0.37451171875,-0.37451171875,-0.37451171875,1,143,True
+,81,63,81,63,144,144,0,0.080078125,-0.080078125,-0.080078125,1,144,True
+,81,64,81,64,145,145,1,0.032989501953125,-0.032989501953125,-0.032989501953125,1,145,True
+,81,65,81,65,146,146,0,0.11578369140625,-0.11578369140625,-0.11578369140625,1,146,True
+,81,66,81,66,147,147,0,0.2342529296875,-0.2342529296875,-0.2342529296875,1,147,True
+,81,67,81,67,148,148,0,0.62353515625,-0.62353515625,-0.62353515625,1,148,True
+,81,68,81,68,149,149,1,0.224853515625,-0.224853515625,-0.224853515625,1,149,True
+,81,69,81,69,150,150,0,0.12420654296875,-0.12420654296875,-0.12420654296875,1,150,True
+,81,70,81,70,151,151,0,0.1822509765625,-0.1822509765625,-0.1822509765625,1,151,True
+,81,71,81,71,152,152,0,0.42431640625,-0.42431640625,-0.42431640625,1,152,True
+,81,72,81,72,153,153,0,0.255859375,-0.255859375,-0.255859375,1,153,True
+,81,73,81,73,154,154,0,0.80126953125,-0.80126953125,-0.80126953125,1,154,True
+,81,74,81,74,155,155,0,0.5068359375,-0.5068359375,-0.5068359375,1,155,True
+,81,75,81,75,156,156,0,0.07806396484375,-0.07806396484375,-0.07806396484375,1,156,True
+,81,76,81,76,157,157,0,0.8583984375,-0.8583984375,-0.8583984375,1,167,False
+,81,77,81,77,158,158,0,0.07464599609375,-0.07464599609375,-0.07464599609375,1,158,True
+,81,78,81,78,159,159,0,0.150390625,-0.150390625,-0.150390625,1,159,True
+,81,79,81,79,160,160,0,0.302490234375,-0.302490234375,-0.302490234375,1,160,True
+,81,80,81,80,161,161,1,0.0169830322265625,-0.0169830322265625,-0.0169830322265625,1,161,True
+,81,81,81,81,162,162,6,0.049102783203125,-0.049102783203125,-0.049102783203125,1,162,True
+,81,82,81,82,163,163,0,0.07220458984375,-0.07220458984375,-0.07220458984375,1,163,True
+,81,83,81,83,164,164,0,0.56298828125,-0.56298828125,-0.56298828125,1,164,True
+,81,84,81,84,165,165,0,0.056060791015625,-0.056060791015625,-0.056060791015625,1,165,True
+,81,85,81,85,166,166,0,2.109375,-2.109375,-2.109375,1,176,False
+,81,86,81,86,167,167,0,0.178955078125,-0.178955078125,-0.178955078125,1,167,True
+,81,87,81,87,168,168,0,0.68701171875,-0.68701171875,-0.68701171875,1,168,True
+,81,88,81,88,169,169,0,0.035552978515625,-0.035552978515625,-0.035552978515625,1,169,True
+,81,89,81,89,170,170,0,0.70654296875,-0.70654296875,-0.70654296875,1,170,True
+,81,90,81,90,171,171,0,0.11590576171875,-0.11590576171875,-0.11590576171875,1,171,True
+,81,91,81,91,172,172,0,0.7265625,-0.7265625,-0.7265625,1,172,True
+,81,92,81,92,173,173,1,1.05078125,-1.05078125,-1.05078125,1,173,True
+,81,93,81,93,174,174,0,0.55908203125,-0.55908203125,-0.55908203125,1,174,True
+,81,94,81,94,175,175,0,0.64111328125,-0.64111328125,-0.64111328125,1,175,True
+,81,95,81,95,176,176,0,0.12890625,-0.12890625,-0.12890625,1,176,True
+,81,96,81,96,177,177,1,0.26220703125,-0.26220703125,-0.26220703125,1,177,True
+,81,97,81,97,178,178,0,0.1494140625,-0.1494140625,-0.1494140625,1,178,True
+,81,98,81,98,179,179,0,1.94921875,-1.94921875,-1.94921875,1,169,False
+,81,99,81,99,180,180,0,0.093505859375,-0.093505859375,-0.093505859375,1,180,True
+,82,10,82,10,92,92,0,0.0170745849609375,-0.0170745849609375,-0.0170745849609375,1,92,True
+,82,11,82,11,93,93,0,0.038177490234375,-0.038177490234375,-0.038177490234375,1,93,True
+,82,12,82,12,94,94,1,0.038238525390625,-0.038238525390625,-0.038238525390625,1,94,True
+,82,13,82,13,95,95,1,0.10906982421875,-0.10906982421875,-0.10906982421875,1,95,True
+,82,14,82,14,96,96,1,0.0102996826171875,-0.0102996826171875,-0.0102996826171875,1,96,True
+,82,15,82,15,97,97,0,0.018157958984375,-0.018157958984375,-0.018157958984375,1,97,True
+,82,16,82,16,98,98,0,0.058074951171875,-0.058074951171875,-0.058074951171875,1,98,True
+,82,17,82,17,99,99,0,0.017730712890625,-0.017730712890625,-0.017730712890625,1,99,True
+,82,18,82,18,100,100,0,0.0175018310546875,-0.0175018310546875,-0.0175018310546875,1,100,True
+,82,19,82,19,101,101,0,0.08154296875,-0.08154296875,-0.08154296875,1,101,True
+,82,20,82,20,102,102,2,0.03961181640625,-0.03961181640625,-0.03961181640625,1,102,True
+,82,21,82,21,103,103,0,0.08740234375,-0.08740234375,-0.08740234375,1,103,True
+,82,22,82,22,104,104,0,0.2130126953125,-0.2130126953125,-0.2130126953125,1,104,True
+,82,23,82,23,105,105,0,0.18798828125,-0.18798828125,-0.18798828125,1,105,True
+,82,24,82,24,106,106,0,0.00806427001953125,-0.00806427001953125,-0.00806427001953125,1,106,True
+,82,25,82,25,107,107,0,0.0972900390625,-0.0972900390625,-0.0972900390625,1,107,True
+,82,26,82,26,108,108,0,0.0177154541015625,-0.0177154541015625,-0.0177154541015625,1,108,True
+,82,27,82,27,109,109,0,0.08258056640625,-0.08258056640625,-0.08258056640625,1,109,True
+,82,28,82,28,110,110,3,0.0897216796875,-0.0897216796875,-0.0897216796875,1,110,True
+,82,29,82,29,111,111,2,0.10968017578125,-0.10968017578125,-0.10968017578125,1,111,True
+,82,30,82,30,112,112,1,0.0625,-0.0625,-0.0625,1,112,True
+,82,31,82,31,113,113,0,0.4814453125,-0.4814453125,-0.4814453125,1,113,True
+,82,32,82,32,114,114,0,0.270751953125,-0.270751953125,-0.270751953125,1,114,True
+,82,33,82,33,115,115,0,0.6123046875,-0.6123046875,-0.6123046875,1,115,True
+,82,34,82,34,116,116,0,0.25927734375,-0.25927734375,-0.25927734375,1,116,True
+,82,35,82,35,117,117,0,1.0419921875,-1.0419921875,-1.0419921875,1,107,False
+,82,36,82,36,118,118,1,0.08294677734375,-0.08294677734375,-0.08294677734375,1,118,True
+,82,37,82,37,119,119,0,2.15625,-2.15625,-2.15625,1,109,False
+,82,38,82,38,120,120,0,0.032928466796875,-0.032928466796875,-0.032928466796875,1,120,True
+,82,39,82,39,121,121,0,0.121826171875,-0.121826171875,-0.121826171875,1,121,True
+,82,40,82,40,122,122,1,0.250732421875,-0.250732421875,-0.250732421875,1,122,True
+,82,41,82,41,123,123,0,0.376220703125,-0.376220703125,-0.376220703125,1,123,True
+,82,42,82,42,124,124,0,0.5068359375,-0.5068359375,-0.5068359375,1,124,True
+,82,43,82,43,125,125,0,1.2138671875,-1.2138671875,-1.2138671875,1,115,False
+,82,44,82,44,126,126,0,0.091064453125,-0.091064453125,-0.091064453125,1,126,True
+,82,45,82,45,127,127,0,0.368896484375,-0.368896484375,-0.368896484375,1,127,True
+,82,46,82,46,128,128,0,1.349609375,-1.349609375,-1.349609375,1,118,False
+,82,47,82,47,129,129,0,0.8349609375,-0.8349609375,-0.8349609375,1,119,False
+,82,48,82,48,130,130,0,0.051300048828125,-0.051300048828125,-0.051300048828125,1,130,True
+,82,49,82,49,131,131,0,1.5185546875,-1.5185546875,-1.5185546875,1,121,False
+,82,50,82,50,132,132,0,1.9921875,-1.9921875,-1.9921875,1,122,False
+,82,51,82,51,133,133,0,0.92431640625,-0.92431640625,-0.92431640625,1,133,True
+,82,52,82,52,134,134,0,1.400390625,-1.400390625,-1.400390625,1,134,True
+,82,53,82,53,135,135,0,0.638671875,-0.638671875,-0.638671875,1,135,True
+,82,54,82,54,136,136,0,0.31494140625,-0.31494140625,-0.31494140625,1,136,True
+,82,55,82,55,137,137,0,1.75,-1.75,-1.75,1,127,False
+,82,56,82,56,138,138,0,0.373779296875,-0.373779296875,-0.373779296875,1,138,True
+,82,57,82,57,139,139,0,0.394287109375,-0.394287109375,-0.394287109375,1,139,True
+,82,58,82,58,140,140,0,0.2216796875,-0.2216796875,-0.2216796875,1,140,True
+,82,59,82,59,141,141,0,0.031280517578125,-0.031280517578125,-0.031280517578125,1,141,True
+,82,60,82,60,142,142,0,0.040191650390625,-0.040191650390625,-0.040191650390625,1,142,True
+,82,61,82,61,143,143,0,0.376953125,-0.376953125,-0.376953125,1,143,True
+,82,62,82,62,144,144,1,0.2318115234375,-0.2318115234375,-0.2318115234375,1,144,True
+,82,63,82,63,145,145,0,0.09771728515625,-0.09771728515625,-0.09771728515625,1,145,True
+,82,64,82,64,146,146,0,0.0316162109375,-0.0316162109375,-0.0316162109375,1,146,True
+,82,65,82,65,147,147,0,0.1492919921875,-0.1492919921875,-0.1492919921875,1,147,True
+,82,66,82,66,148,148,0,0.251953125,-0.251953125,-0.251953125,1,148,True
+,82,67,82,67,149,149,0,0.420654296875,-0.420654296875,-0.420654296875,1,149,True
+,82,68,82,68,150,150,0,0.07745361328125,-0.07745361328125,-0.07745361328125,1,150,True
+,82,69,82,69,151,151,0,0.204833984375,-0.204833984375,-0.204833984375,1,151,True
+,82,70,82,70,152,152,0,1.181640625,-1.181640625,-1.181640625,1,142,False
+,82,71,82,71,153,153,0,0.343017578125,-0.343017578125,-0.343017578125,1,153,True
+,82,72,82,72,154,154,0,0.4287109375,-0.4287109375,-0.4287109375,1,154,True
+,82,73,82,73,155,155,0,0.7998046875,-0.7998046875,-0.7998046875,1,155,True
+,82,74,82,74,156,156,0,0.1217041015625,-0.1217041015625,-0.1217041015625,1,156,True
+,82,75,82,75,157,157,0,0.9462890625,-0.9462890625,-0.9462890625,1,167,False
+,82,76,82,76,158,158,0,0.11956787109375,-0.11956787109375,-0.11956787109375,1,158,True
+,82,77,82,77,159,159,0,0.11376953125,-0.11376953125,-0.11376953125,1,159,True
+,82,78,82,78,160,160,0,0.2021484375,-0.2021484375,-0.2021484375,1,160,True
+,82,79,82,79,161,161,0,0.1201171875,-0.1201171875,-0.1201171875,1,161,True
+,82,80,82,80,162,162,0,0.0301513671875,-0.0301513671875,-0.0301513671875,1,162,True
+,82,81,82,81,163,163,0,0.06982421875,-0.06982421875,-0.06982421875,1,163,True
+,82,82,82,82,164,164,0,0.212646484375,-0.212646484375,-0.212646484375,1,164,True
+,82,83,82,83,165,165,0,0.07806396484375,-0.07806396484375,-0.07806396484375,1,165,True
+,82,84,82,84,166,166,0,0.0357666015625,-0.0357666015625,-0.0357666015625,1,166,True
+,82,85,82,85,167,167,0,1.9052734375,-1.9052734375,-1.9052734375,1,177,False
+,82,86,82,86,168,168,0,0.677734375,-0.677734375,-0.677734375,1,168,True
+,82,87,82,87,169,169,0,0.286865234375,-0.286865234375,-0.286865234375,1,169,True
+,82,88,82,88,170,170,0,0.11859130859375,-0.11859130859375,-0.11859130859375,1,170,True
+,82,89,82,89,171,171,0,0.48046875,-0.48046875,-0.48046875,1,171,True
+,82,90,82,90,172,172,0,0.28076171875,-0.28076171875,-0.28076171875,1,172,True
+,82,91,82,91,173,173,0,1.15234375,-1.15234375,-1.15234375,1,173,True
+,82,92,82,92,174,174,0,1.0595703125,-1.0595703125,-1.0595703125,1,174,True
+,82,93,82,93,175,175,0,0.69580078125,-0.69580078125,-0.69580078125,1,175,True
+,82,94,82,94,176,176,0,0.55615234375,-0.55615234375,-0.55615234375,1,176,True
+,82,95,82,95,177,177,0,0.40234375,-0.40234375,-0.40234375,1,177,True
+,82,96,82,96,178,178,0,0.071044921875,-0.071044921875,-0.071044921875,1,178,True
+,82,97,82,97,179,179,0,0.99853515625,-0.99853515625,-0.99853515625,1,169,False
+,82,98,82,98,180,180,0,1.166015625,-1.166015625,-1.166015625,1,170,False
+,82,99,82,99,181,181,0,0.52197265625,-0.52197265625,-0.52197265625,1,181,True
+,83,10,83,10,93,93,0,0.0202484130859375,-0.0202484130859375,-0.0202484130859375,1,93,True
+,83,11,83,11,94,94,0,0.2071533203125,-0.2071533203125,-0.2071533203125,1,94,True
+,83,12,83,12,95,95,0,0.0855712890625,-0.0855712890625,-0.0855712890625,1,95,True
+,83,13,83,13,96,96,0,0.1669921875,-0.1669921875,-0.1669921875,1,96,True
+,83,14,83,14,97,97,1,0.11114501953125,-0.11114501953125,-0.11114501953125,1,97,True
+,83,15,83,15,98,98,0,0.07208251953125,-0.07208251953125,-0.07208251953125,1,98,True
+,83,16,83,16,99,99,0,0.424072265625,-0.424072265625,-0.424072265625,1,99,True
+,83,17,83,17,100,100,2,0.0183563232421875,-0.0183563232421875,-0.0183563232421875,1,100,True
+,83,18,83,18,101,101,0,0.02581787109375,-0.02581787109375,-0.02581787109375,1,101,True
+,83,19,83,19,102,102,0,0.119140625,-0.119140625,-0.119140625,1,102,True
+,83,20,83,20,103,103,0,0.09295654296875,-0.09295654296875,-0.09295654296875,1,103,True
+,83,21,83,21,104,104,0,0.03656005859375,-0.03656005859375,-0.03656005859375,1,104,True
+,83,22,83,22,105,105,0,0.20947265625,-0.20947265625,-0.20947265625,1,105,True
+,83,23,83,23,106,106,0,0.1812744140625,-0.1812744140625,-0.1812744140625,1,106,True
+,83,24,83,24,107,107,0,0.1005859375,-0.1005859375,-0.1005859375,1,107,True
+,83,25,83,25,108,108,0,0.0229339599609375,-0.0229339599609375,-0.0229339599609375,1,108,True
+,83,26,83,26,109,109,0,0.0192718505859375,-0.0192718505859375,-0.0192718505859375,1,109,True
+,83,27,83,27,110,110,1,0.1368408203125,-0.1368408203125,-0.1368408203125,1,110,True
+,83,28,83,28,111,111,0,0.09027099609375,-0.09027099609375,-0.09027099609375,1,111,True
+,83,29,83,29,112,112,0,0.11053466796875,-0.11053466796875,-0.11053466796875,1,112,True
+,83,30,83,30,113,113,0,0.053924560546875,-0.053924560546875,-0.053924560546875,1,113,True
+,83,31,83,31,114,114,0,0.14453125,-0.14453125,-0.14453125,1,114,True
+,83,32,83,32,115,115,0,0.488037109375,-0.488037109375,-0.488037109375,1,115,True
+,83,33,83,33,116,116,0,0.5166015625,-0.5166015625,-0.5166015625,1,116,True
+,83,34,83,34,117,117,0,0.044891357421875,-0.044891357421875,-0.044891357421875,1,117,True
+,83,35,83,35,118,118,0,0.68310546875,-0.68310546875,-0.68310546875,1,118,True
+,83,36,83,36,119,119,0,0.5634765625,-0.5634765625,-0.5634765625,1,119,True
+,83,37,83,37,120,120,0,0.028839111328125,-0.028839111328125,-0.028839111328125,1,120,True
+,83,38,83,38,121,121,2,0.019775390625,-0.019775390625,-0.019775390625,1,121,True
+,83,39,83,39,122,122,0,0.11212158203125,-0.11212158203125,-0.11212158203125,1,122,True
+,83,40,83,40,123,123,0,0.27685546875,-0.27685546875,-0.27685546875,1,123,True
+,83,41,83,41,124,124,0,1.1103515625,-1.1103515625,-1.1103515625,1,114,False
+,83,42,83,42,125,125,0,0.148681640625,-0.148681640625,-0.148681640625,1,125,True
+,83,43,83,43,126,126,0,0.144287109375,-0.144287109375,-0.144287109375,1,126,True
+,83,44,83,44,127,127,0,0.12060546875,-0.12060546875,-0.12060546875,1,127,True
+,83,45,83,45,128,128,1,0.332763671875,-0.332763671875,-0.332763671875,1,128,True
+,83,46,83,46,129,129,0,0.115478515625,-0.115478515625,-0.115478515625,1,129,True
+,83,47,83,47,130,130,0,0.7568359375,-0.7568359375,-0.7568359375,1,130,True
+,83,48,83,48,131,131,0,1.8896484375,-1.8896484375,-1.8896484375,1,121,False
+,83,49,83,49,132,132,0,0.64111328125,-0.64111328125,-0.64111328125,1,132,True
+,83,50,83,50,133,133,0,0.5947265625,-0.5947265625,-0.5947265625,1,133,True
+,83,51,83,51,134,134,0,0.56201171875,-0.56201171875,-0.56201171875,1,134,True
+,83,52,83,52,135,135,0,0.7080078125,-0.7080078125,-0.7080078125,1,135,True
+,83,53,83,53,136,136,0,2.39453125,-2.39453125,-2.39453125,1,146,False
+,83,54,83,54,137,137,0,0.18701171875,-0.18701171875,-0.18701171875,1,137,True
+,83,55,83,55,138,138,2,0.765625,-0.765625,-0.765625,1,148,False
+,83,56,83,56,139,139,0,1.12109375,-1.12109375,-1.12109375,1,129,False
+,83,57,83,57,140,140,0,0.26220703125,-0.26220703125,-0.26220703125,1,140,True
+,83,58,83,58,141,141,0,0.145263671875,-0.145263671875,-0.145263671875,1,141,True
+,83,59,83,59,142,142,0,0.66650390625,-0.66650390625,-0.66650390625,1,142,True
+,83,60,83,60,143,143,0,0.0635986328125,-0.0635986328125,-0.0635986328125,1,143,True
+,83,61,83,61,144,144,0,0.0889892578125,-0.0889892578125,-0.0889892578125,1,144,True
+,83,62,83,62,145,145,0,0.392822265625,-0.392822265625,-0.392822265625,1,145,True
+,83,63,83,63,146,146,0,0.312744140625,-0.312744140625,-0.312744140625,1,146,True
+,83,64,83,64,147,147,0,0.53173828125,-0.53173828125,-0.53173828125,1,147,True
+,83,65,83,65,148,148,0,1.11328125,-1.11328125,-1.11328125,1,158,False
+,83,66,83,66,149,149,0,0.2010498046875,-0.2010498046875,-0.2010498046875,1,149,True
+,83,67,83,67,150,150,0,0.55810546875,-0.55810546875,-0.55810546875,1,150,True
+,83,68,83,68,151,151,0,0.300048828125,-0.300048828125,-0.300048828125,1,151,True
+,83,69,83,69,152,152,0,0.216064453125,-0.216064453125,-0.216064453125,1,152,True
+,83,70,83,70,153,153,0,0.2169189453125,-0.2169189453125,-0.2169189453125,1,153,True
+,83,71,83,71,154,154,0,1.3310546875,-1.3310546875,-1.3310546875,1,144,False
+,83,72,83,72,155,155,0,0.343994140625,-0.343994140625,-0.343994140625,1,155,True
+,83,73,83,73,156,156,0,0.5166015625,-0.5166015625,-0.5166015625,1,156,True
+,83,74,83,74,157,157,0,0.26416015625,-0.26416015625,-0.26416015625,1,157,True
+,83,75,83,75,158,158,0,0.3828125,-0.3828125,-0.3828125,1,158,True
+,83,76,83,76,159,159,0,0.24169921875,-0.24169921875,-0.24169921875,1,159,True
+,83,77,83,77,160,160,1,0.463134765625,-0.463134765625,-0.463134765625,1,160,True
+,83,78,83,78,161,161,0,0.14794921875,-0.14794921875,-0.14794921875,1,161,True
+,83,79,83,79,162,162,1,0.31201171875,-0.31201171875,-0.31201171875,1,162,True
+,83,80,83,80,163,163,0,1.083984375,-1.083984375,-1.083984375,1,173,False
+,83,81,83,81,164,164,0,0.1552734375,-0.1552734375,-0.1552734375,1,164,True
+,83,82,83,82,165,165,0,0.059539794921875,-0.059539794921875,-0.059539794921875,1,165,True
+,83,83,83,83,166,166,1,0.1817626953125,-0.1817626953125,-0.1817626953125,1,166,True
+,83,84,83,84,167,167,0,0.317138671875,-0.317138671875,-0.317138671875,1,167,True
+,83,85,83,85,168,168,0,1.9580078125,-1.9580078125,-1.9580078125,1,178,False
+,83,86,83,86,169,169,1,1.22265625,-1.22265625,-1.22265625,1,179,False
+,83,87,83,87,170,170,0,0.939453125,-0.939453125,-0.939453125,1,170,True
+,83,88,83,88,171,171,1,0.0831298828125,-0.0831298828125,-0.0831298828125,1,171,True
+,83,89,83,89,172,172,0,1.3544921875,-1.3544921875,-1.3544921875,1,182,False
+,83,90,83,90,173,173,0,0.0350341796875,-0.0350341796875,-0.0350341796875,1,173,True
+,83,91,83,91,174,174,0,0.7685546875,-0.7685546875,-0.7685546875,1,174,True
+,83,92,83,92,175,175,1,0.51220703125,-0.51220703125,-0.51220703125,1,175,True
+,83,93,83,93,176,176,1,0.6376953125,-0.6376953125,-0.6376953125,1,176,True
+,83,94,83,94,177,177,0,0.1798095703125,-0.1798095703125,-0.1798095703125,1,177,True
+,83,95,83,95,178,178,0,0.73583984375,-0.73583984375,-0.73583984375,1,178,True
+,83,96,83,96,179,179,0,0.071044921875,-0.071044921875,-0.071044921875,1,179,True
+,83,97,83,97,180,180,0,0.12890625,-0.12890625,-0.12890625,1,180,True
+,83,98,83,98,181,181,0,1.0595703125,-1.0595703125,-1.0595703125,1,171,False
+,83,99,83,99,182,182,0,0.2305908203125,-0.2305908203125,-0.2305908203125,1,182,True
+,84,10,84,10,94,94,0,0.0128326416015625,-0.0128326416015625,-0.0128326416015625,1,94,True
+,84,11,84,11,95,95,0,0.049224853515625,-0.049224853515625,-0.049224853515625,1,95,True
+,84,12,84,12,96,96,2,0.0228271484375,-0.0228271484375,-0.0228271484375,1,96,True
+,84,13,84,13,97,97,0,0.09124755859375,-0.09124755859375,-0.09124755859375,1,97,True
+,84,14,84,14,98,98,2,0.00922393798828125,-0.00922393798828125,-0.00922393798828125,1,98,True
+,84,15,84,15,99,99,0,0.022308349609375,-0.022308349609375,-0.022308349609375,1,99,True
+,84,16,84,16,100,100,2,0.0056915283203125,-0.0056915283203125,-0.0056915283203125,1,100,True
+,84,17,84,17,101,101,0,0.005916595458984375,-0.005916595458984375,-0.005916595458984375,1,101,True
+,84,18,84,18,102,102,0,0.007015228271484375,-0.007015228271484375,-0.007015228271484375,1,102,True
+,84,19,84,19,103,103,0,0.1710205078125,-0.1710205078125,-0.1710205078125,1,103,True
+,84,20,84,20,104,104,3,0.033721923828125,-0.033721923828125,-0.033721923828125,1,104,True
+,84,21,84,21,105,105,0,0.0989990234375,-0.0989990234375,-0.0989990234375,1,105,True
+,84,22,84,22,106,106,0,0.035614013671875,-0.035614013671875,-0.035614013671875,1,106,True
+,84,23,84,23,107,107,0,0.043243408203125,-0.043243408203125,-0.043243408203125,1,107,True
+,84,24,84,24,108,108,2,0.019134521484375,-0.019134521484375,-0.019134521484375,1,108,True
+,84,25,84,25,109,109,1,0.033477783203125,-0.033477783203125,-0.033477783203125,1,109,True
+,84,26,84,26,110,110,0,0.01294708251953125,-0.01294708251953125,-0.01294708251953125,1,110,True
+,84,27,84,27,111,111,0,0.00484466552734375,-0.00484466552734375,-0.00484466552734375,1,111,True
+,84,28,84,28,112,112,2,0.1597900390625,-0.1597900390625,-0.1597900390625,1,112,True
+,84,29,84,29,113,113,0,0.06597900390625,-0.06597900390625,-0.06597900390625,1,113,True
+,84,30,84,30,114,114,0,0.0008764266967773438,-0.0008764266967773438,-0.0008764266967773438,1,114,True
+,84,31,84,31,115,115,0,0.2457275390625,-0.2457275390625,-0.2457275390625,1,115,True
+,84,32,84,32,116,116,0,0.0162200927734375,-0.0162200927734375,-0.0162200927734375,1,116,True
+,84,33,84,33,117,117,0,0.0667724609375,-0.0667724609375,-0.0667724609375,1,117,True
+,84,34,84,34,118,118,1,0.031585693359375,-0.031585693359375,-0.031585693359375,1,118,True
+,84,35,84,35,119,119,0,0.26904296875,-0.26904296875,-0.26904296875,1,119,True
+,84,36,84,36,120,120,1,0.06512451171875,-0.06512451171875,-0.06512451171875,1,120,True
+,84,37,84,37,121,121,0,0.005962371826171875,-0.005962371826171875,-0.005962371826171875,1,121,True
+,84,38,84,38,122,122,0,0.00414276123046875,-0.00414276123046875,-0.00414276123046875,1,122,True
+,84,39,84,39,123,123,0,0.0287322998046875,-0.0287322998046875,-0.0287322998046875,1,123,True
+,84,40,84,40,124,124,0,0.0350341796875,-0.0350341796875,-0.0350341796875,1,124,True
+,84,41,84,41,125,125,0,0.2052001953125,-0.2052001953125,-0.2052001953125,1,125,True
+,84,42,84,42,126,126,2,0.025177001953125,-0.025177001953125,-0.025177001953125,1,126,True
+,84,43,84,43,127,127,0,0.046600341796875,-0.046600341796875,-0.046600341796875,1,127,True
+,84,44,84,44,128,128,0,1.2021484375,-1.2021484375,-1.2021484375,1,128,True
+,84,45,84,45,129,129,0,0.034942626953125,-0.034942626953125,-0.034942626953125,1,129,True
+,84,46,84,46,130,130,0,0.06915283203125,-0.06915283203125,-0.06915283203125,1,130,True
+,84,47,84,47,131,131,1,0.7734375,-0.7734375,-0.7734375,1,121,False
+,84,48,84,48,132,132,1,0.037078857421875,-0.037078857421875,-0.037078857421875,1,132,True
+,84,49,84,49,133,133,0,0.366943359375,-0.366943359375,-0.366943359375,1,133,True
+,84,50,84,50,134,134,1,0.10955810546875,-0.10955810546875,-0.10955810546875,1,134,True
+,84,51,84,51,135,135,0,0.1287841796875,-0.1287841796875,-0.1287841796875,1,135,True
+,84,52,84,52,136,136,0,0.447509765625,-0.447509765625,-0.447509765625,1,136,True
+,84,53,84,53,137,137,0,0.4951171875,-0.4951171875,-0.4951171875,1,137,True
+,84,54,84,54,138,138,0,0.28515625,-0.28515625,-0.28515625,1,138,True
+,84,55,84,55,139,139,0,0.51708984375,-0.51708984375,-0.51708984375,1,139,True
+,84,56,84,56,140,140,0,1.8095703125,-1.8095703125,-1.8095703125,1,130,False
+,84,57,84,57,141,141,0,0.025115966796875,-0.025115966796875,-0.025115966796875,1,141,True
+,84,58,84,58,142,142,0,0.01412200927734375,-0.01412200927734375,-0.01412200927734375,1,142,True
+,84,59,84,59,143,143,0,0.091064453125,-0.091064453125,-0.091064453125,1,143,True
+,84,60,84,60,144,144,0,0.218505859375,-0.218505859375,-0.218505859375,1,144,True
+,84,61,84,61,145,145,0,0.20068359375,-0.20068359375,-0.20068359375,1,145,True
+,84,62,84,62,146,146,0,0.05096435546875,-0.05096435546875,-0.05096435546875,1,146,True
+,84,63,84,63,147,147,0,0.189208984375,-0.189208984375,-0.189208984375,1,147,True
+,84,64,84,64,148,148,0,0.80615234375,-0.80615234375,-0.80615234375,1,148,True
+,84,65,84,65,149,149,0,0.370361328125,-0.370361328125,-0.370361328125,1,149,True
+,84,66,84,66,150,150,0,0.061431884765625,-0.061431884765625,-0.061431884765625,1,150,True
+,84,67,84,67,151,151,0,0.3251953125,-0.3251953125,-0.3251953125,1,151,True
+,84,68,84,68,152,152,0,1.8759765625,-1.8759765625,-1.8759765625,1,142,False
+,84,69,84,69,153,153,0,0.1309814453125,-0.1309814453125,-0.1309814453125,1,153,True
+,84,70,84,70,154,154,0,0.06732177734375,-0.06732177734375,-0.06732177734375,1,154,True
+,84,71,84,71,155,155,0,0.182373046875,-0.182373046875,-0.182373046875,1,155,True
+,84,72,84,72,156,156,0,1.0126953125,-1.0126953125,-1.0126953125,1,162,False
+,84,73,84,73,157,157,0,0.215576171875,-0.215576171875,-0.215576171875,1,157,True
+,84,74,84,74,158,158,0,0.98583984375,-0.98583984375,-0.98583984375,1,158,True
+,84,75,84,75,159,159,0,0.07183837890625,-0.07183837890625,-0.07183837890625,1,159,True
+,84,76,84,76,160,160,0,1.0888671875,-1.0888671875,-1.0888671875,1,170,False
+,84,77,84,77,161,161,0,0.112548828125,-0.112548828125,-0.112548828125,1,161,True
+,84,78,84,78,162,162,0,0.0570068359375,-0.0570068359375,-0.0570068359375,1,162,True
+,84,79,84,79,163,163,0,0.5048828125,-0.5048828125,-0.5048828125,1,163,True
+,84,80,84,80,164,164,1,0.025421142578125,-0.025421142578125,-0.025421142578125,1,164,True
+,84,81,84,81,165,165,0,0.0648193359375,-0.0648193359375,-0.0648193359375,1,165,True
+,84,82,84,82,166,166,0,0.09130859375,-0.09130859375,-0.09130859375,1,166,True
+,84,83,84,83,167,167,0,1.1630859375,-1.1630859375,-1.1630859375,1,167,True
+,84,84,84,84,168,168,1,0.2437744140625,-0.2437744140625,-0.2437744140625,1,168,True
+,84,85,84,85,169,169,1,0.1907958984375,-0.1907958984375,-0.1907958984375,1,169,True
+,84,86,84,86,170,170,1,0.09661865234375,-0.09661865234375,-0.09661865234375,1,170,True
+,84,87,84,87,171,171,0,0.0904541015625,-0.0904541015625,-0.0904541015625,1,171,True
+,84,88,84,88,172,172,0,0.015899658203125,-0.015899658203125,-0.015899658203125,1,172,True
+,84,89,84,89,173,173,0,0.281005859375,-0.281005859375,-0.281005859375,1,173,True
+,84,90,84,90,174,174,0,0.01186370849609375,-0.01186370849609375,-0.01186370849609375,1,174,True
+,84,91,84,91,175,175,0,0.99853515625,-0.99853515625,-0.99853515625,1,185,False
+,84,92,84,92,176,176,0,0.87890625,-0.87890625,-0.87890625,1,176,True
+,84,93,84,93,177,177,0,0.1702880859375,-0.1702880859375,-0.1702880859375,1,177,True
+,84,94,84,94,178,178,0,0.20263671875,-0.20263671875,-0.20263671875,1,178,True
+,84,95,84,95,179,179,0,0.05157470703125,-0.05157470703125,-0.05157470703125,1,179,True
+,84,96,84,96,180,180,0,0.4814453125,-0.4814453125,-0.4814453125,1,180,True
+,84,97,84,97,181,181,0,0.210693359375,-0.210693359375,-0.210693359375,1,181,True
+,84,98,84,98,182,182,0,2.83203125,-2.83203125,-2.83203125,1,172,False
+,84,99,84,99,183,183,0,0.1943359375,-0.1943359375,-0.1943359375,1,183,True
+,85,10,85,10,95,95,3,0.068603515625,-0.068603515625,-0.068603515625,1,95,True
+,85,11,85,11,96,96,0,0.026580810546875,-0.026580810546875,-0.026580810546875,1,96,True
+,85,12,85,12,97,97,1,0.01561737060546875,-0.01561737060546875,-0.01561737060546875,1,97,True
+,85,13,85,13,98,98,0,0.1512451171875,-0.1512451171875,-0.1512451171875,1,98,True
+,85,14,85,14,99,99,0,0.034576416015625,-0.034576416015625,-0.034576416015625,1,99,True
+,85,15,85,15,100,100,1,0.0305023193359375,-0.0305023193359375,-0.0305023193359375,1,100,True
+,85,16,85,16,101,101,0,0.17529296875,-0.17529296875,-0.17529296875,1,101,True
+,85,17,85,17,102,102,0,0.038909912109375,-0.038909912109375,-0.038909912109375,1,102,True
+,85,18,85,18,103,103,0,0.052703857421875,-0.052703857421875,-0.052703857421875,1,103,True
+,85,19,85,19,104,104,0,0.127197265625,-0.127197265625,-0.127197265625,1,104,True
+,85,20,85,20,105,105,0,0.53515625,-0.53515625,-0.53515625,1,105,True
+,85,21,85,21,106,106,0,0.258056640625,-0.258056640625,-0.258056640625,1,106,True
+,85,22,85,22,107,107,0,0.6103515625,-0.6103515625,-0.6103515625,1,107,True
+,85,23,85,23,108,108,0,0.013702392578125,-0.013702392578125,-0.013702392578125,1,108,True
+,85,24,85,24,109,109,1,0.1563720703125,-0.1563720703125,-0.1563720703125,1,109,True
+,85,25,85,25,110,110,0,0.73583984375,-0.73583984375,-0.73583984375,1,110,True
+,85,26,85,26,111,111,0,0.1458740234375,-0.1458740234375,-0.1458740234375,1,111,True
+,85,27,85,27,112,112,1,0.038726806640625,-0.038726806640625,-0.038726806640625,1,112,True
+,85,28,85,28,113,113,0,0.09930419921875,-0.09930419921875,-0.09930419921875,1,113,True
+,85,29,85,29,114,114,6,0.045318603515625,-0.045318603515625,-0.045318603515625,1,114,True
+,85,30,85,30,115,115,0,0.0885009765625,-0.0885009765625,-0.0885009765625,1,115,True
+,85,31,85,31,116,116,0,0.09765625,-0.09765625,-0.09765625,1,116,True
+,85,32,85,32,117,117,1,0.06585693359375,-0.06585693359375,-0.06585693359375,1,117,True
+,85,33,85,33,118,118,0,0.07928466796875,-0.07928466796875,-0.07928466796875,1,118,True
+,85,34,85,34,119,119,0,0.46435546875,-0.46435546875,-0.46435546875,1,119,True
+,85,35,85,35,120,120,1,0.1488037109375,-0.1488037109375,-0.1488037109375,1,120,True
+,85,36,85,36,121,121,0,0.034576416015625,-0.034576416015625,-0.034576416015625,1,121,True
+,85,37,85,37,122,122,0,0.2286376953125,-0.2286376953125,-0.2286376953125,1,122,True
+,85,38,85,38,123,123,0,0.101318359375,-0.101318359375,-0.101318359375,1,123,True
+,85,39,85,39,124,124,0,0.2412109375,-0.2412109375,-0.2412109375,1,124,True
+,85,40,85,40,125,125,0,0.1239013671875,-0.1239013671875,-0.1239013671875,1,125,True
+,85,41,85,41,126,126,0,0.1949462890625,-0.1949462890625,-0.1949462890625,1,126,True
+,85,42,85,42,127,127,1,0.08465576171875,-0.08465576171875,-0.08465576171875,1,127,True
+,85,43,85,43,128,128,0,0.259033203125,-0.259033203125,-0.259033203125,1,128,True
+,85,44,85,44,129,129,0,0.2371826171875,-0.2371826171875,-0.2371826171875,1,129,True
+,85,45,85,45,130,130,1,0.183837890625,-0.183837890625,-0.183837890625,1,130,True
+,85,46,85,46,131,131,0,0.33642578125,-0.33642578125,-0.33642578125,1,131,True
+,85,47,85,47,132,132,0,0.1199951171875,-0.1199951171875,-0.1199951171875,1,132,True
+,85,48,85,48,133,133,0,0.159912109375,-0.159912109375,-0.159912109375,1,133,True
+,85,49,85,49,134,134,0,0.418701171875,-0.418701171875,-0.418701171875,1,134,True
+,85,50,85,50,135,135,0,0.328369140625,-0.328369140625,-0.328369140625,1,135,True
+,85,51,85,51,136,136,0,0.217041015625,-0.217041015625,-0.217041015625,1,136,True
+,85,52,85,52,137,137,0,0.73828125,-0.73828125,-0.73828125,1,137,True
+,85,53,85,53,138,138,0,0.99462890625,-0.99462890625,-0.99462890625,1,148,False
+,85,54,85,54,139,139,0,0.55029296875,-0.55029296875,-0.55029296875,1,139,True
+,85,55,85,55,140,140,1,1.875,-1.875,-1.875,1,150,False
+,85,56,85,56,141,141,6,0.0732421875,-0.0732421875,-0.0732421875,1,141,True
+,85,57,85,57,142,142,0,0.513671875,-0.513671875,-0.513671875,1,142,True
+,85,58,85,58,143,143,1,0.445556640625,-0.445556640625,-0.445556640625,1,143,True
+,85,59,85,59,144,144,0,0.30078125,-0.30078125,-0.30078125,1,144,True
+,85,60,85,60,145,145,2,0.06134033203125,-0.06134033203125,-0.06134033203125,1,145,True
+,85,61,85,61,146,146,0,0.056396484375,-0.056396484375,-0.056396484375,1,146,True
+,85,62,85,62,147,147,0,0.1561279296875,-0.1561279296875,-0.1561279296875,1,147,True
+,85,63,85,63,148,148,0,0.320068359375,-0.320068359375,-0.320068359375,1,148,True
+,85,64,85,64,149,149,0,0.453857421875,-0.453857421875,-0.453857421875,1,149,True
+,85,65,85,65,150,150,0,0.0828857421875,-0.0828857421875,-0.0828857421875,1,150,True
+,85,66,85,66,151,151,0,0.164794921875,-0.164794921875,-0.164794921875,1,151,True
+,85,67,85,67,152,152,0,0.68798828125,-0.68798828125,-0.68798828125,1,152,True
+,85,68,85,68,153,153,0,0.0780029296875,-0.0780029296875,-0.0780029296875,1,153,True
+,85,69,85,69,154,154,0,0.374755859375,-0.374755859375,-0.374755859375,1,154,True
+,85,70,85,70,155,155,1,0.22509765625,-0.22509765625,-0.22509765625,1,155,True
+,85,71,85,71,156,156,0,0.22314453125,-0.22314453125,-0.22314453125,1,156,True
+,85,72,85,72,157,157,0,0.380859375,-0.380859375,-0.380859375,1,157,True
+,85,73,85,73,158,158,0,0.8955078125,-0.8955078125,-0.8955078125,1,158,True
+,85,74,85,74,159,159,0,0.354736328125,-0.354736328125,-0.354736328125,1,159,True
+,85,75,85,75,160,160,2,0.6884765625,-0.6884765625,-0.6884765625,1,160,True
+,85,76,85,76,161,161,0,0.6630859375,-0.6630859375,-0.6630859375,1,161,True
+,85,77,85,77,162,162,1,0.564453125,-0.564453125,-0.564453125,1,162,True
+,85,78,85,78,163,163,0,0.19775390625,-0.19775390625,-0.19775390625,1,163,True
+,85,79,85,79,164,164,0,1.111328125,-1.111328125,-1.111328125,1,174,False
+,85,80,85,80,165,165,0,0.2467041015625,-0.2467041015625,-0.2467041015625,1,165,True
+,85,81,85,81,166,166,0,1.251953125,-1.251953125,-1.251953125,1,176,False
+,85,82,85,82,167,167,0,1.15234375,-1.15234375,-1.15234375,1,167,True
+,85,83,85,83,168,168,0,2.111328125,-2.111328125,-2.111328125,1,172,False
+,85,84,85,84,169,169,1,0.177001953125,-0.177001953125,-0.177001953125,1,169,True
+,85,85,85,85,170,170,2,0.07489013671875,-0.07489013671875,-0.07489013671875,1,170,True
+,85,86,85,86,171,171,1,0.0169525146484375,-0.0169525146484375,-0.0169525146484375,1,171,True
+,85,87,85,87,172,172,0,0.4951171875,-0.4951171875,-0.4951171875,1,172,True
+,85,88,85,88,173,173,0,0.10430908203125,-0.10430908203125,-0.10430908203125,1,173,True
+,85,89,85,89,174,174,0,0.22021484375,-0.22021484375,-0.22021484375,1,174,True
+,85,90,85,90,175,175,1,0.0673828125,-0.0673828125,-0.0673828125,1,175,True
+,85,91,85,91,176,176,0,0.2078857421875,-0.2078857421875,-0.2078857421875,1,176,True
+,85,92,85,92,177,177,1,0.275146484375,-0.275146484375,-0.275146484375,1,177,True
+,85,93,85,93,178,178,0,0.56005859375,-0.56005859375,-0.56005859375,1,178,True
+,85,94,85,94,179,179,0,0.1483154296875,-0.1483154296875,-0.1483154296875,1,179,True
+,85,95,85,95,180,180,0,0.0845947265625,-0.0845947265625,-0.0845947265625,1,180,True
+,85,96,85,96,181,181,0,0.10284423828125,-0.10284423828125,-0.10284423828125,1,181,True
+,85,97,85,97,182,182,0,0.50927734375,-0.50927734375,-0.50927734375,1,182,True
+,85,98,85,98,183,183,0,1.6025390625,-1.6025390625,-1.6025390625,1,173,False
+,85,99,85,99,184,184,0,0.259033203125,-0.259033203125,-0.259033203125,1,184,True
+,86,10,86,10,96,96,0,0.0121612548828125,-0.0121612548828125,-0.0121612548828125,1,96,True
+,86,11,86,11,97,97,0,0.0227813720703125,-0.0227813720703125,-0.0227813720703125,1,97,True
+,86,12,86,12,98,98,1,0.00850677490234375,-0.00850677490234375,-0.00850677490234375,1,98,True
+,86,13,86,13,99,99,0,0.01030731201171875,-0.01030731201171875,-0.01030731201171875,1,99,True
+,86,14,86,14,100,100,0,0.0217742919921875,-0.0217742919921875,-0.0217742919921875,1,100,True
+,86,15,86,15,101,101,0,0.0284576416015625,-0.0284576416015625,-0.0284576416015625,1,101,True
+,86,16,86,16,102,102,0,0.026641845703125,-0.026641845703125,-0.026641845703125,1,102,True
+,86,17,86,17,103,103,1,0.056060791015625,-0.056060791015625,-0.056060791015625,1,103,True
+,86,18,86,18,104,104,0,0.0640869140625,-0.0640869140625,-0.0640869140625,1,104,True
+,86,19,86,19,105,105,0,0.1817626953125,-0.1817626953125,-0.1817626953125,1,105,True
+,86,20,86,20,106,106,0,0.054718017578125,-0.054718017578125,-0.054718017578125,1,106,True
+,86,21,86,21,107,107,0,0.0394287109375,-0.0394287109375,-0.0394287109375,1,107,True
+,86,22,86,22,108,108,0,0.025543212890625,-0.025543212890625,-0.025543212890625,1,108,True
+,86,23,86,23,109,109,0,0.1148681640625,-0.1148681640625,-0.1148681640625,1,109,True
+,86,24,86,24,110,110,0,0.00872039794921875,-0.00872039794921875,-0.00872039794921875,1,110,True
+,86,25,86,25,111,111,0,0.03240966796875,-0.03240966796875,-0.03240966796875,1,111,True
+,86,26,86,26,112,112,0,0.1629638671875,-0.1629638671875,-0.1629638671875,1,112,True
+,86,27,86,27,113,113,0,0.0309295654296875,-0.0309295654296875,-0.0309295654296875,1,113,True
+,86,28,86,28,114,114,0,0.01079559326171875,-0.01079559326171875,-0.01079559326171875,1,114,True
+,86,29,86,29,115,115,0,0.0308837890625,-0.0308837890625,-0.0308837890625,1,115,True
+,86,30,86,30,116,116,1,0.01546478271484375,-0.01546478271484375,-0.01546478271484375,1,116,True
+,86,31,86,31,117,117,0,0.06304931640625,-0.06304931640625,-0.06304931640625,1,117,True
+,86,32,86,32,118,118,0,0.06475830078125,-0.06475830078125,-0.06475830078125,1,118,True
+,86,33,86,33,119,119,0,0.369873046875,-0.369873046875,-0.369873046875,1,119,True
+,86,34,86,34,120,120,0,0.0178985595703125,-0.0178985595703125,-0.0178985595703125,1,120,True
+,86,35,86,35,121,121,0,1.2119140625,-1.2119140625,-1.2119140625,1,111,False
+,86,36,86,36,122,122,0,0.08404541015625,-0.08404541015625,-0.08404541015625,1,122,True
+,86,37,86,37,123,123,0,0.4150390625,-0.4150390625,-0.4150390625,1,123,True
+,86,38,86,38,124,124,0,0.062225341796875,-0.062225341796875,-0.062225341796875,1,124,True
+,86,39,86,39,125,125,0,1.3603515625,-1.3603515625,-1.3603515625,1,115,False
+,86,40,86,40,126,126,1,0.032745361328125,-0.032745361328125,-0.032745361328125,1,126,True
+,86,41,86,41,127,127,0,0.370361328125,-0.370361328125,-0.370361328125,1,127,True
+,86,42,86,42,128,128,0,0.127197265625,-0.127197265625,-0.127197265625,1,128,True
+,86,43,86,43,129,129,1,0.043304443359375,-0.043304443359375,-0.043304443359375,1,129,True
+,86,44,86,44,130,130,0,0.062744140625,-0.062744140625,-0.062744140625,1,130,True
+,86,45,86,45,131,131,0,0.09307861328125,-0.09307861328125,-0.09307861328125,1,131,True
+,86,46,86,46,132,132,0,0.1728515625,-0.1728515625,-0.1728515625,1,132,True
+,86,47,86,47,133,133,0,0.763671875,-0.763671875,-0.763671875,1,133,True
+,86,48,86,48,134,134,0,0.07257080078125,-0.07257080078125,-0.07257080078125,1,134,True
+,86,49,86,49,135,135,0,0.42431640625,-0.42431640625,-0.42431640625,1,135,True
+,86,50,86,50,136,136,0,0.849609375,-0.849609375,-0.849609375,1,126,False
+,86,51,86,51,137,137,0,0.78271484375,-0.78271484375,-0.78271484375,1,127,False
+,86,52,86,52,138,138,0,0.159912109375,-0.159912109375,-0.159912109375,1,138,True
+,86,53,86,53,139,139,1,0.61572265625,-0.61572265625,-0.61572265625,1,139,True
+,86,54,86,54,140,140,0,0.98388671875,-0.98388671875,-0.98388671875,1,130,False
+,86,55,86,55,141,141,0,0.030364990234375,-0.030364990234375,-0.030364990234375,1,141,True
+,86,56,86,56,142,142,0,0.35986328125,-0.35986328125,-0.35986328125,1,142,True
+,86,57,86,57,143,143,0,0.10693359375,-0.10693359375,-0.10693359375,1,143,True
+,86,58,86,58,144,144,0,0.09844970703125,-0.09844970703125,-0.09844970703125,1,144,True
+,86,59,86,59,145,145,0,0.2244873046875,-0.2244873046875,-0.2244873046875,1,145,True
+,86,60,86,60,146,146,0,0.0117034912109375,-0.0117034912109375,-0.0117034912109375,1,146,True
+,86,61,86,61,147,147,0,0.07684326171875,-0.07684326171875,-0.07684326171875,1,147,True
+,86,62,86,62,148,148,1,0.332763671875,-0.332763671875,-0.332763671875,1,148,True
+,86,63,86,63,149,149,0,0.048095703125,-0.048095703125,-0.048095703125,1,149,True
+,86,64,86,64,150,150,0,0.081787109375,-0.081787109375,-0.081787109375,1,150,True
+,86,65,86,65,151,151,0,0.25634765625,-0.25634765625,-0.25634765625,1,151,True
+,86,66,86,66,152,152,0,0.318115234375,-0.318115234375,-0.318115234375,1,152,True
+,86,67,86,67,153,153,0,0.033233642578125,-0.033233642578125,-0.033233642578125,1,153,True
+,86,68,86,68,154,154,3,0.091796875,-0.091796875,-0.091796875,1,154,True
+,86,69,86,69,155,155,0,0.307373046875,-0.307373046875,-0.307373046875,1,155,True
+,86,70,86,70,156,156,0,0.0731201171875,-0.0731201171875,-0.0731201171875,1,156,True
+,86,71,86,71,157,157,0,0.09039306640625,-0.09039306640625,-0.09039306640625,1,157,True
+,86,72,86,72,158,158,0,0.058837890625,-0.058837890625,-0.058837890625,1,158,True
+,86,73,86,73,159,159,0,0.0257415771484375,-0.0257415771484375,-0.0257415771484375,1,159,True
+,86,74,86,74,160,160,0,1.64453125,-1.64453125,-1.64453125,1,159,False
+,86,75,86,75,161,161,0,0.146728515625,-0.146728515625,-0.146728515625,1,161,True
+,86,76,86,76,162,162,0,0.27294921875,-0.27294921875,-0.27294921875,1,162,True
+,86,77,86,77,163,163,0,0.38720703125,-0.38720703125,-0.38720703125,1,163,True
+,86,78,86,78,164,164,0,0.73681640625,-0.73681640625,-0.73681640625,1,164,True
+,86,79,86,79,165,165,0,0.0833740234375,-0.0833740234375,-0.0833740234375,1,165,True
+,86,80,86,80,166,166,0,0.16943359375,-0.16943359375,-0.16943359375,1,166,True
+,86,81,86,81,167,167,0,0.1983642578125,-0.1983642578125,-0.1983642578125,1,167,True
+,86,82,86,82,168,168,0,0.86767578125,-0.86767578125,-0.86767578125,1,168,True
+,86,83,86,83,169,169,0,0.7578125,-0.7578125,-0.7578125,1,169,True
+,86,84,86,84,170,170,0,0.1865234375,-0.1865234375,-0.1865234375,1,170,True
+,86,85,86,85,171,171,0,0.032012939453125,-0.032012939453125,-0.032012939453125,1,171,True
+,86,86,86,86,172,172,1,0.030548095703125,-0.030548095703125,-0.030548095703125,1,172,True
+,86,87,86,87,173,173,0,0.213134765625,-0.213134765625,-0.213134765625,1,173,True
+,86,88,86,88,174,174,1,0.1185302734375,-0.1185302734375,-0.1185302734375,1,174,True
+,86,89,86,89,175,175,0,0.2626953125,-0.2626953125,-0.2626953125,1,175,True
+,86,90,86,90,176,176,0,0.1842041015625,-0.1842041015625,-0.1842041015625,1,176,True
+,86,91,86,91,177,177,0,0.08221435546875,-0.08221435546875,-0.08221435546875,1,177,True
+,86,92,86,92,178,178,0,0.1502685546875,-0.1502685546875,-0.1502685546875,1,178,True
+,86,93,86,93,179,179,0,0.1375732421875,-0.1375732421875,-0.1375732421875,1,179,True
+,86,94,86,94,180,180,0,0.2489013671875,-0.2489013671875,-0.2489013671875,1,180,True
+,86,95,86,95,181,181,0,0.2181396484375,-0.2181396484375,-0.2181396484375,1,181,True
+,86,96,86,96,182,182,1,0.1143798828125,-0.1143798828125,-0.1143798828125,1,182,True
+,86,97,86,97,183,183,0,0.09716796875,-0.09716796875,-0.09716796875,1,183,True
+,86,98,86,98,184,184,0,4.06640625,-4.06640625,-4.06640625,1,174,False
+,86,99,86,99,185,185,0,1.6103515625,-1.6103515625,-1.6103515625,1,175,False
+,87,10,87,10,97,97,0,0.27099609375,-0.27099609375,-0.27099609375,1,97,True
+,87,11,87,11,98,98,0,0.82275390625,-0.82275390625,-0.82275390625,1,98,True
+,87,12,87,12,99,99,3,0.025909423828125,-0.025909423828125,-0.025909423828125,1,99,True
+,87,13,87,13,100,100,1,0.0302276611328125,-0.0302276611328125,-0.0302276611328125,1,100,True
+,87,14,87,14,101,101,0,0.06256103515625,-0.06256103515625,-0.06256103515625,1,101,True
+,87,15,87,15,102,102,1,0.034820556640625,-0.034820556640625,-0.034820556640625,1,102,True
+,87,16,87,16,103,103,0,0.99072265625,-0.99072265625,-0.99072265625,1,113,False
+,87,17,87,17,104,104,1,0.344482421875,-0.344482421875,-0.344482421875,1,104,True
+,87,18,87,18,105,105,1,0.2139892578125,-0.2139892578125,-0.2139892578125,1,105,True
+,87,19,87,19,106,106,1,0.3173828125,-0.3173828125,-0.3173828125,1,106,True
+,87,20,87,20,107,107,0,0.89111328125,-0.89111328125,-0.89111328125,1,117,False
+,87,21,87,21,108,108,0,0.0258941650390625,-0.0258941650390625,-0.0258941650390625,1,108,True
+,87,22,87,22,109,109,3,0.183349609375,-0.183349609375,-0.183349609375,1,109,True
+,87,23,87,23,110,110,0,0.050506591796875,-0.050506591796875,-0.050506591796875,1,110,True
+,87,24,87,24,111,111,1,0.0158843994140625,-0.0158843994140625,-0.0158843994140625,1,111,True
+,87,25,87,25,112,112,1,0.681640625,-0.681640625,-0.681640625,1,112,True
+,87,26,87,26,113,113,0,0.1910400390625,-0.1910400390625,-0.1910400390625,1,113,True
+,87,27,87,27,114,114,0,0.0662841796875,-0.0662841796875,-0.0662841796875,1,114,True
+,87,28,87,28,115,115,0,0.283203125,-0.283203125,-0.283203125,1,115,True
+,87,29,87,29,116,116,0,0.0927734375,-0.0927734375,-0.0927734375,1,116,True
+,87,30,87,30,117,117,1,0.01242828369140625,-0.01242828369140625,-0.01242828369140625,1,117,True
+,87,31,87,31,118,118,0,0.107177734375,-0.107177734375,-0.107177734375,1,118,True
+,87,32,87,32,119,119,0,0.4482421875,-0.4482421875,-0.4482421875,1,119,True
+,87,33,87,33,120,120,1,0.00894927978515625,-0.00894927978515625,-0.00894927978515625,1,120,True
+,87,34,87,34,121,121,0,0.08746337890625,-0.08746337890625,-0.08746337890625,1,121,True
+,87,35,87,35,122,122,0,0.11151123046875,-0.11151123046875,-0.11151123046875,1,122,True
+,87,36,87,36,123,123,0,0.0751953125,-0.0751953125,-0.0751953125,1,123,True
+,87,37,87,37,124,124,1,0.07464599609375,-0.07464599609375,-0.07464599609375,1,124,True
+,87,38,87,38,125,125,0,0.08099365234375,-0.08099365234375,-0.08099365234375,1,125,True
+,87,39,87,39,126,126,0,0.036468505859375,-0.036468505859375,-0.036468505859375,1,126,True
+,87,40,87,40,127,127,0,0.258056640625,-0.258056640625,-0.258056640625,1,127,True
+,87,41,87,41,128,128,0,0.26513671875,-0.26513671875,-0.26513671875,1,128,True
+,87,42,87,42,129,129,0,0.0069580078125,-0.0069580078125,-0.0069580078125,1,129,True
+,87,43,87,43,130,130,0,0.2216796875,-0.2216796875,-0.2216796875,1,130,True
+,87,44,87,44,131,131,0,0.27587890625,-0.27587890625,-0.27587890625,1,131,True
+,87,45,87,45,132,132,0,0.025665283203125,-0.025665283203125,-0.025665283203125,1,132,True
+,87,46,87,46,133,133,0,0.0712890625,-0.0712890625,-0.0712890625,1,133,True
+,87,47,87,47,134,134,0,1.6748046875,-1.6748046875,-1.6748046875,1,124,False
+,87,48,87,48,135,135,0,0.15087890625,-0.15087890625,-0.15087890625,1,135,True
+,87,49,87,49,136,136,0,0.41796875,-0.41796875,-0.41796875,1,136,True
+,87,50,87,50,137,137,0,0.1593017578125,-0.1593017578125,-0.1593017578125,1,137,True
+,87,51,87,51,138,138,0,0.44091796875,-0.44091796875,-0.44091796875,1,138,True
+,87,52,87,52,139,139,0,0.96728515625,-0.96728515625,-0.96728515625,1,129,False
+,87,53,87,53,140,140,0,0.5986328125,-0.5986328125,-0.5986328125,1,140,True
+,87,54,87,54,141,141,0,0.0235443115234375,-0.0235443115234375,-0.0235443115234375,1,141,True
+,87,55,87,55,142,142,0,0.2470703125,-0.2470703125,-0.2470703125,1,142,True
+,87,56,87,56,143,143,0,0.5380859375,-0.5380859375,-0.5380859375,1,143,True
+,87,57,87,57,144,144,0,0.0709228515625,-0.0709228515625,-0.0709228515625,1,144,True
+,87,58,87,58,145,145,0,0.2171630859375,-0.2171630859375,-0.2171630859375,1,145,True
+,87,59,87,59,146,146,0,0.359375,-0.359375,-0.359375,1,146,True
+,87,60,87,60,147,147,0,0.032928466796875,-0.032928466796875,-0.032928466796875,1,147,True
+,87,61,87,61,148,148,0,0.1875,-0.1875,-0.1875,1,148,True
+,87,62,87,62,149,149,0,0.55419921875,-0.55419921875,-0.55419921875,1,149,True
+,87,63,87,63,150,150,0,0.09039306640625,-0.09039306640625,-0.09039306640625,1,150,True
+,87,64,87,64,151,151,0,0.216796875,-0.216796875,-0.216796875,1,151,True
+,87,65,87,65,152,152,1,0.120361328125,-0.120361328125,-0.120361328125,1,152,True
+,87,66,87,66,153,153,0,0.0160675048828125,-0.0160675048828125,-0.0160675048828125,1,153,True
+,87,67,87,67,154,154,0,0.11456298828125,-0.11456298828125,-0.11456298828125,1,154,True
+,87,68,87,68,155,155,0,0.87939453125,-0.87939453125,-0.87939453125,1,155,True
+,87,69,87,69,156,156,0,0.04229736328125,-0.04229736328125,-0.04229736328125,1,156,True
+,87,70,87,70,157,157,0,0.303466796875,-0.303466796875,-0.303466796875,1,157,True
+,87,71,87,71,158,158,0,0.121826171875,-0.121826171875,-0.121826171875,1,158,True
+,87,72,87,72,159,159,0,0.040496826171875,-0.040496826171875,-0.040496826171875,1,159,True
+,87,73,87,73,160,160,0,0.11492919921875,-0.11492919921875,-0.11492919921875,1,160,True
+,87,74,87,74,161,161,0,0.37939453125,-0.37939453125,-0.37939453125,1,161,True
+,87,75,87,75,162,162,0,0.049163818359375,-0.049163818359375,-0.049163818359375,1,162,True
+,87,76,87,76,163,163,0,0.105712890625,-0.105712890625,-0.105712890625,1,163,True
+,87,77,87,77,164,164,0,0.6162109375,-0.6162109375,-0.6162109375,1,164,True
+,87,78,87,78,165,165,11,0.52587890625,-0.52587890625,-0.52587890625,1,165,True
+,87,79,87,79,166,166,0,0.2230224609375,-0.2230224609375,-0.2230224609375,1,166,True
+,87,80,87,80,167,167,0,0.25439453125,-0.25439453125,-0.25439453125,1,167,True
+,87,81,87,81,168,168,0,0.1434326171875,-0.1434326171875,-0.1434326171875,1,168,True
+,87,82,87,82,169,169,0,0.0552978515625,-0.0552978515625,-0.0552978515625,1,169,True
+,87,83,87,83,170,170,0,1.67578125,-1.67578125,-1.67578125,1,180,False
+,87,84,87,84,171,171,0,0.0975341796875,-0.0975341796875,-0.0975341796875,1,171,True
+,87,85,87,85,172,172,0,0.207763671875,-0.207763671875,-0.207763671875,1,172,True
+,87,86,87,86,173,173,0,0.028106689453125,-0.028106689453125,-0.028106689453125,1,173,True
+,87,87,87,87,174,174,0,0.576171875,-0.576171875,-0.576171875,1,174,True
+,87,88,87,88,175,175,0,0.51611328125,-0.51611328125,-0.51611328125,1,175,True
+,87,89,87,89,176,176,1,0.53515625,-0.53515625,-0.53515625,1,176,True
+,87,90,87,90,177,177,0,0.01947021484375,-0.01947021484375,-0.01947021484375,1,177,True
+,87,91,87,91,178,178,0,0.09063720703125,-0.09063720703125,-0.09063720703125,1,178,True
+,87,92,87,92,179,179,0,0.302001953125,-0.302001953125,-0.302001953125,1,179,True
+,87,93,87,93,180,180,0,0.09295654296875,-0.09295654296875,-0.09295654296875,1,180,True
+,87,94,87,94,181,181,0,0.1553955078125,-0.1553955078125,-0.1553955078125,1,181,True
+,87,95,87,95,182,182,0,0.249755859375,-0.249755859375,-0.249755859375,1,182,True
+,87,96,87,96,183,183,0,0.0195770263671875,-0.0195770263671875,-0.0195770263671875,1,183,True
+,87,97,87,97,184,184,0,0.271240234375,-0.271240234375,-0.271240234375,1,184,True
+,87,98,87,98,185,185,0,2.560546875,-2.560546875,-2.560546875,1,175,False
+,87,99,87,99,186,186,0,0.21728515625,-0.21728515625,-0.21728515625,1,186,True
+,88,10,88,10,98,98,0,0.07373046875,-0.07373046875,-0.07373046875,1,98,True
+,88,11,88,11,99,99,2,0.10284423828125,-0.10284423828125,-0.10284423828125,1,99,True
+,88,12,88,12,100,100,1,0.01221466064453125,-0.01221466064453125,-0.01221466064453125,1,100,True
+,88,13,88,13,101,101,0,0.0246734619140625,-0.0246734619140625,-0.0246734619140625,1,101,True
+,88,14,88,14,102,102,1,0.0218658447265625,-0.0218658447265625,-0.0218658447265625,1,102,True
+,88,15,88,15,103,103,0,0.0665283203125,-0.0665283203125,-0.0665283203125,1,103,True
+,88,16,88,16,104,104,0,0.440185546875,-0.440185546875,-0.440185546875,1,104,True
+,88,17,88,17,105,105,0,0.10675048828125,-0.10675048828125,-0.10675048828125,1,105,True
+,88,18,88,18,106,106,1,0.1485595703125,-0.1485595703125,-0.1485595703125,1,106,True
+,88,19,88,19,107,107,0,0.4296875,-0.4296875,-0.4296875,1,107,True
+,88,20,88,20,108,108,0,0.0343017578125,-0.0343017578125,-0.0343017578125,1,108,True
+,88,21,88,21,109,109,0,0.250244140625,-0.250244140625,-0.250244140625,1,109,True
+,88,22,88,22,110,110,0,0.12396240234375,-0.12396240234375,-0.12396240234375,1,110,True
+,88,23,88,23,111,111,0,0.038238525390625,-0.038238525390625,-0.038238525390625,1,111,True
+,88,24,88,24,112,112,2,0.09112548828125,-0.09112548828125,-0.09112548828125,1,112,True
+,88,25,88,25,113,113,0,0.1673583984375,-0.1673583984375,-0.1673583984375,1,113,True
+,88,26,88,26,114,114,0,0.07318115234375,-0.07318115234375,-0.07318115234375,1,114,True
+,88,27,88,27,115,115,0,0.07684326171875,-0.07684326171875,-0.07684326171875,1,115,True
+,88,28,88,28,116,116,0,0.19482421875,-0.19482421875,-0.19482421875,1,116,True
+,88,29,88,29,117,117,0,0.077880859375,-0.077880859375,-0.077880859375,1,117,True
+,88,30,88,30,118,118,0,0.134765625,-0.134765625,-0.134765625,1,118,True
+,88,31,88,31,119,119,0,0.2261962890625,-0.2261962890625,-0.2261962890625,1,119,True
+,88,32,88,32,120,120,1,0.00304412841796875,-0.00304412841796875,-0.00304412841796875,1,120,True
+,88,33,88,33,121,121,1,0.0029659271240234375,-0.0029659271240234375,-0.0029659271240234375,1,121,True
+,88,34,88,34,122,122,0,0.036102294921875,-0.036102294921875,-0.036102294921875,1,122,True
+,88,35,88,35,123,123,0,0.487548828125,-0.487548828125,-0.487548828125,1,123,True
+,88,36,88,36,124,124,1,0.0243988037109375,-0.0243988037109375,-0.0243988037109375,1,124,True
+,88,37,88,37,125,125,0,0.247802734375,-0.247802734375,-0.247802734375,1,125,True
+,88,38,88,38,126,126,0,0.1422119140625,-0.1422119140625,-0.1422119140625,1,126,True
+,88,39,88,39,127,127,0,0.211669921875,-0.211669921875,-0.211669921875,1,127,True
+,88,40,88,40,128,128,0,0.02142333984375,-0.02142333984375,-0.02142333984375,1,128,True
+,88,41,88,41,129,129,0,0.034881591796875,-0.034881591796875,-0.034881591796875,1,129,True
+,88,42,88,42,130,130,1,0.07861328125,-0.07861328125,-0.07861328125,1,130,True
+,88,43,88,43,131,131,0,0.79931640625,-0.79931640625,-0.79931640625,1,121,False
+,88,44,88,44,132,132,0,0.1737060546875,-0.1737060546875,-0.1737060546875,1,132,True
+,88,45,88,45,133,133,0,0.11865234375,-0.11865234375,-0.11865234375,1,133,True
+,88,46,88,46,134,134,0,2.666015625,-2.666015625,-2.666015625,1,124,False
+,88,47,88,47,135,135,0,1.0009765625,-1.0009765625,-1.0009765625,1,125,False
+,88,48,88,48,136,136,0,0.9375,-0.9375,-0.9375,1,136,True
+,88,49,88,49,137,137,0,1.943359375,-1.943359375,-1.943359375,1,127,False
+,88,50,88,50,138,138,0,2.138671875,-2.138671875,-2.138671875,1,128,False
+,88,51,88,51,139,139,0,0.220703125,-0.220703125,-0.220703125,1,139,True
+,88,52,88,52,140,140,0,0.5751953125,-0.5751953125,-0.5751953125,1,140,True
+,88,53,88,53,141,141,0,0.283203125,-0.283203125,-0.283203125,1,141,True
+,88,54,88,54,142,142,0,1.8154296875,-1.8154296875,-1.8154296875,1,122,False
+,88,55,88,55,143,143,1,1.029296875,-1.029296875,-1.029296875,1,133,False
+,88,56,88,56,144,144,0,2.015625,-2.015625,-2.015625,1,124,False
+,88,57,88,57,145,145,0,0.7109375,-0.7109375,-0.7109375,1,145,True
+,88,58,88,58,146,146,0,0.6865234375,-0.6865234375,-0.6865234375,1,146,True
+,88,59,88,59,147,147,0,0.253173828125,-0.253173828125,-0.253173828125,1,147,True
+,88,60,88,60,148,148,0,1.07421875,-1.07421875,-1.07421875,1,128,False
+,88,61,88,61,149,149,0,1.44921875,-1.44921875,-1.44921875,1,139,False
+,88,62,88,62,150,150,0,0.43310546875,-0.43310546875,-0.43310546875,1,150,True
+,88,63,88,63,151,151,0,0.30908203125,-0.30908203125,-0.30908203125,1,151,True
+,88,64,88,64,152,152,1,1.921875,-1.921875,-1.921875,1,132,False
+,88,65,88,65,153,153,0,0.35986328125,-0.35986328125,-0.35986328125,1,153,True
+,88,66,88,66,154,154,0,1.2138671875,-1.2138671875,-1.2138671875,1,154,True
+,88,67,88,67,155,155,0,0.94091796875,-0.94091796875,-0.94091796875,1,155,True
+,88,68,88,68,156,156,0,0.74462890625,-0.74462890625,-0.74462890625,1,156,True
+,88,69,88,69,157,157,0,0.41015625,-0.41015625,-0.41015625,1,157,True
+,88,70,88,70,158,158,0,2.01171875,-2.01171875,-2.01171875,1,138,False
+,88,71,88,71,159,159,0,0.09075927734375,-0.09075927734375,-0.09075927734375,1,159,True
+,88,72,88,72,160,160,0,0.6396484375,-0.6396484375,-0.6396484375,1,160,True
+,88,73,88,73,161,161,0,0.41845703125,-0.41845703125,-0.41845703125,1,161,True
+,88,74,88,74,162,162,0,0.68408203125,-0.68408203125,-0.68408203125,1,162,True
+,88,75,88,75,163,163,0,0.70703125,-0.70703125,-0.70703125,1,163,True
+,88,76,88,76,164,164,0,1.40234375,-1.40234375,-1.40234375,1,154,False
+,88,77,88,77,165,165,0,0.30322265625,-0.30322265625,-0.30322265625,1,165,True
+,88,78,88,78,166,166,0,0.5146484375,-0.5146484375,-0.5146484375,1,166,True
+,88,79,88,79,167,167,0,0.71875,-0.71875,-0.71875,1,167,True
+,88,80,88,80,168,168,0,0.22412109375,-0.22412109375,-0.22412109375,1,168,True
+,88,81,88,81,169,169,0,0.234619140625,-0.234619140625,-0.234619140625,1,169,True
+,88,82,88,82,170,170,0,1.1044921875,-1.1044921875,-1.1044921875,1,180,False
+,88,83,88,83,171,171,0,0.466796875,-0.466796875,-0.466796875,1,171,True
+,88,84,88,84,172,172,0,0.201904296875,-0.201904296875,-0.201904296875,1,172,True
+,88,85,88,85,173,173,0,0.748046875,-0.748046875,-0.748046875,1,183,False
+,88,86,88,86,174,174,0,0.179443359375,-0.179443359375,-0.179443359375,1,174,True
+,88,87,88,87,175,175,0,0.312744140625,-0.312744140625,-0.312744140625,1,175,True
+,88,88,88,88,176,176,1,0.450439453125,-0.450439453125,-0.450439453125,1,176,True
+,88,89,88,89,177,177,0,0.176513671875,-0.176513671875,-0.176513671875,1,177,True
+,88,90,88,90,178,178,2,0.021026611328125,-0.021026611328125,-0.021026611328125,1,178,True
+,88,91,88,91,179,179,0,0.5810546875,-0.5810546875,-0.5810546875,1,179,True
+,88,92,88,92,180,180,0,0.158203125,-0.158203125,-0.158203125,1,180,True
+,88,93,88,93,181,181,0,0.1572265625,-0.1572265625,-0.1572265625,1,181,True
+,88,94,88,94,182,182,0,0.281494140625,-0.281494140625,-0.281494140625,1,182,True
+,88,95,88,95,183,183,0,0.054351806640625,-0.054351806640625,-0.054351806640625,1,183,True
+,88,96,88,96,184,184,0,2.357421875,-2.357421875,-2.357421875,1,194,False
+,88,97,88,97,185,185,0,0.68310546875,-0.68310546875,-0.68310546875,1,185,True
+,88,98,88,98,186,186,0,2.87109375,-2.87109375,-2.87109375,1,176,False
+,88,99,88,99,187,187,0,0.1766357421875,-0.1766357421875,-0.1766357421875,1,187,True
+,89,10,89,10,99,99,2,0.119140625,-0.119140625,-0.119140625,1,99,True
+,89,11,89,11,100,100,0,0.1446533203125,-0.1446533203125,-0.1446533203125,1,100,True
+,89,12,89,12,101,101,0,0.1475830078125,-0.1475830078125,-0.1475830078125,1,101,True
+,89,13,89,13,102,102,0,0.1361083984375,-0.1361083984375,-0.1361083984375,1,102,True
+,89,14,89,14,103,103,1,0.04595947265625,-0.04595947265625,-0.04595947265625,1,103,True
+,89,15,89,15,104,104,0,0.03643798828125,-0.03643798828125,-0.03643798828125,1,104,True
+,89,16,89,16,105,105,1,0.5263671875,-0.5263671875,-0.5263671875,1,105,True
+,89,17,89,17,106,106,0,0.1309814453125,-0.1309814453125,-0.1309814453125,1,106,True
+,89,18,89,18,107,107,0,0.039947509765625,-0.039947509765625,-0.039947509765625,1,107,True
+,89,19,89,19,108,108,0,0.394775390625,-0.394775390625,-0.394775390625,1,108,True
+,89,20,89,20,109,109,0,0.71044921875,-0.71044921875,-0.71044921875,1,109,True
+,89,21,89,21,110,110,0,0.08465576171875,-0.08465576171875,-0.08465576171875,1,110,True
+,89,22,89,22,111,111,0,0.07708740234375,-0.07708740234375,-0.07708740234375,1,111,True
+,89,23,89,23,112,112,0,0.06048583984375,-0.06048583984375,-0.06048583984375,1,112,True
+,89,24,89,24,113,113,0,0.01141357421875,-0.01141357421875,-0.01141357421875,1,113,True
+,89,25,89,25,114,114,0,0.1522216796875,-0.1522216796875,-0.1522216796875,1,114,True
+,89,26,89,26,115,115,0,0.100341796875,-0.100341796875,-0.100341796875,1,115,True
+,89,27,89,27,116,116,0,0.0220489501953125,-0.0220489501953125,-0.0220489501953125,1,116,True
+,89,28,89,28,117,117,0,0.09332275390625,-0.09332275390625,-0.09332275390625,1,117,True
+,89,29,89,29,118,118,0,0.1588134765625,-0.1588134765625,-0.1588134765625,1,118,True
+,89,30,89,30,119,119,0,0.0224456787109375,-0.0224456787109375,-0.0224456787109375,1,119,True
+,89,31,89,31,120,120,0,0.026641845703125,-0.026641845703125,-0.026641845703125,1,120,True
+,89,32,89,32,121,121,1,0.126708984375,-0.126708984375,-0.126708984375,1,121,True
+,89,33,89,33,122,122,0,0.011260986328125,-0.011260986328125,-0.011260986328125,1,122,True
+,89,34,89,34,123,123,0,0.09271240234375,-0.09271240234375,-0.09271240234375,1,123,True
+,89,35,89,35,124,124,1,0.390625,-0.390625,-0.390625,1,124,True
+,89,36,89,36,125,125,0,0.259765625,-0.259765625,-0.259765625,1,125,True
+,89,37,89,37,126,126,0,0.08843994140625,-0.08843994140625,-0.08843994140625,1,126,True
+,89,38,89,38,127,127,0,0.051544189453125,-0.051544189453125,-0.051544189453125,1,127,True
+,89,39,89,39,128,128,0,0.361083984375,-0.361083984375,-0.361083984375,1,128,True
+,89,40,89,40,129,129,0,0.11505126953125,-0.11505126953125,-0.11505126953125,1,129,True
+,89,41,89,41,130,130,0,0.495849609375,-0.495849609375,-0.495849609375,1,130,True
+,89,42,89,42,131,131,0,0.07098388671875,-0.07098388671875,-0.07098388671875,1,131,True
+,89,43,89,43,132,132,0,0.2222900390625,-0.2222900390625,-0.2222900390625,1,132,True
+,89,44,89,44,133,133,0,0.416748046875,-0.416748046875,-0.416748046875,1,133,True
+,89,45,89,45,134,134,0,0.15625,-0.15625,-0.15625,1,134,True
+,89,46,89,46,135,135,0,0.4091796875,-0.4091796875,-0.4091796875,1,135,True
+,89,47,89,47,136,136,0,0.63134765625,-0.63134765625,-0.63134765625,1,136,True
+,89,48,89,48,137,137,0,0.5791015625,-0.5791015625,-0.5791015625,1,137,True
+,89,49,89,49,138,138,0,0.107421875,-0.107421875,-0.107421875,1,138,True
+,89,50,89,50,139,139,0,0.568359375,-0.568359375,-0.568359375,1,139,True
+,89,51,89,51,140,140,0,0.363037109375,-0.363037109375,-0.363037109375,1,140,True
+,89,52,89,52,141,141,0,0.07275390625,-0.07275390625,-0.07275390625,1,141,True
+,89,53,89,53,142,142,0,0.24951171875,-0.24951171875,-0.24951171875,1,142,True
+,89,54,89,54,143,143,0,0.1805419921875,-0.1805419921875,-0.1805419921875,1,143,True
+,89,55,89,55,144,144,2,0.089111328125,-0.089111328125,-0.089111328125,1,144,True
+,89,56,89,56,145,145,0,0.56640625,-0.56640625,-0.56640625,1,145,True
+,89,57,89,57,146,146,0,0.057159423828125,-0.057159423828125,-0.057159423828125,1,146,True
+,89,58,89,58,147,147,0,0.076171875,-0.076171875,-0.076171875,1,147,True
+,89,59,89,59,148,148,0,0.126953125,-0.126953125,-0.126953125,1,148,True
+,89,60,89,60,149,149,0,0.1322021484375,-0.1322021484375,-0.1322021484375,1,149,True
+,89,61,89,61,150,150,0,0.167724609375,-0.167724609375,-0.167724609375,1,150,True
+,89,62,89,62,151,151,0,1.5166015625,-1.5166015625,-1.5166015625,1,141,False
+,89,63,89,63,152,152,0,0.212646484375,-0.212646484375,-0.212646484375,1,152,True
+,89,64,89,64,153,153,0,0.39013671875,-0.39013671875,-0.39013671875,1,153,True
+,89,65,89,65,154,154,0,0.378662109375,-0.378662109375,-0.378662109375,1,154,True
+,89,66,89,66,155,155,0,0.495361328125,-0.495361328125,-0.495361328125,1,155,True
+,89,67,89,67,156,156,0,0.10260009765625,-0.10260009765625,-0.10260009765625,1,156,True
+,89,68,89,68,157,157,0,0.11700439453125,-0.11700439453125,-0.11700439453125,1,157,True
+,89,69,89,69,158,158,0,0.08184814453125,-0.08184814453125,-0.08184814453125,1,158,True
+,89,70,89,70,159,159,0,0.57568359375,-0.57568359375,-0.57568359375,1,159,True
+,89,71,89,71,160,160,0,0.424560546875,-0.424560546875,-0.424560546875,1,160,True
+,89,72,89,72,161,161,0,0.66259765625,-0.66259765625,-0.66259765625,1,161,True
+,89,73,89,73,162,162,1,0.11962890625,-0.11962890625,-0.11962890625,1,162,True
+,89,74,89,74,163,163,0,1.060546875,-1.060546875,-1.060546875,1,153,False
+,89,75,89,75,164,164,0,0.154541015625,-0.154541015625,-0.154541015625,1,164,True
+,89,76,89,76,165,165,0,0.343017578125,-0.343017578125,-0.343017578125,1,165,True
+,89,77,89,77,166,166,0,0.50146484375,-0.50146484375,-0.50146484375,1,166,True
+,89,78,89,78,167,167,0,1.3984375,-1.3984375,-1.3984375,1,157,False
+,89,79,89,79,168,168,0,0.96044921875,-0.96044921875,-0.96044921875,1,178,False
+,89,80,89,80,169,169,0,0.26611328125,-0.26611328125,-0.26611328125,1,169,True
+,89,81,89,81,170,170,1,0.291259765625,-0.291259765625,-0.291259765625,1,170,True
+,89,82,89,82,171,171,0,0.21484375,-0.21484375,-0.21484375,1,171,True
+,89,83,89,83,172,172,0,0.85400390625,-0.85400390625,-0.85400390625,1,172,True
+,89,84,89,84,173,173,0,0.16015625,-0.16015625,-0.16015625,1,173,True
+,89,85,89,85,174,174,0,0.229248046875,-0.229248046875,-0.229248046875,1,174,True
+,89,86,89,86,175,175,1,0.272216796875,-0.272216796875,-0.272216796875,1,175,True
+,89,87,89,87,176,176,1,0.26708984375,-0.26708984375,-0.26708984375,1,176,True
+,89,88,89,88,177,177,1,0.11199951171875,-0.11199951171875,-0.11199951171875,1,177,True
+,89,89,89,89,178,178,2,0.11572265625,-0.11572265625,-0.11572265625,1,178,True
+,89,90,89,90,179,179,0,0.0293121337890625,-0.0293121337890625,-0.0293121337890625,1,179,True
+,89,91,89,91,180,180,0,0.08160400390625,-0.08160400390625,-0.08160400390625,1,180,True
+,89,92,89,92,181,181,0,0.1923828125,-0.1923828125,-0.1923828125,1,181,True
+,89,93,89,93,182,182,0,0.2022705078125,-0.2022705078125,-0.2022705078125,1,182,True
+,89,94,89,94,183,183,0,0.02825927734375,-0.02825927734375,-0.02825927734375,1,183,True
+,89,95,89,95,184,184,0,0.1240234375,-0.1240234375,-0.1240234375,1,184,True
+,89,96,89,96,185,185,1,0.0946044921875,-0.0946044921875,-0.0946044921875,1,185,True
+,89,97,89,97,186,186,1,0.2403564453125,-0.2403564453125,-0.2403564453125,1,186,True
+,89,98,89,98,187,187,1,1.1064453125,-1.1064453125,-1.1064453125,1,177,False
+,89,99,89,99,188,188,0,0.7890625,-0.7890625,-0.7890625,1,178,False
+,90,10,90,10,100,100,5,0.03125,-0.03125,-0.03125,1,100,True
+,90,11,90,11,101,101,0,0.090087890625,-0.090087890625,-0.090087890625,1,101,True
+,90,12,90,12,102,102,2,0.0060882568359375,-0.0060882568359375,-0.0060882568359375,1,102,True
+,90,13,90,13,103,103,0,0.02642822265625,-0.02642822265625,-0.02642822265625,1,103,True
+,90,14,90,14,104,104,0,0.04998779296875,-0.04998779296875,-0.04998779296875,1,104,True
+,90,15,90,15,105,105,7,0.019317626953125,-0.019317626953125,-0.019317626953125,1,105,True
+,90,16,90,16,106,106,0,0.0215911865234375,-0.0215911865234375,-0.0215911865234375,1,106,True
+,90,17,90,17,107,107,1,0.01401519775390625,-0.01401519775390625,-0.01401519775390625,1,107,True
+,90,18,90,18,108,108,2,0.044097900390625,-0.044097900390625,-0.044097900390625,1,108,True
+,90,19,90,19,109,109,0,0.87353515625,-0.87353515625,-0.87353515625,1,119,False
+,90,20,90,20,110,110,2,0.0308837890625,-0.0308837890625,-0.0308837890625,1,110,True
+,90,21,90,21,111,111,1,0.017425537109375,-0.017425537109375,-0.017425537109375,1,111,True
+,90,22,90,22,112,112,1,0.10400390625,-0.10400390625,-0.10400390625,1,112,True
+,90,23,90,23,113,113,0,0.1505126953125,-0.1505126953125,-0.1505126953125,1,113,True
+,90,24,90,24,114,114,3,0.005023956298828125,-0.005023956298828125,-0.005023956298828125,1,114,True
+,90,25,90,25,115,115,2,0.12060546875,-0.12060546875,-0.12060546875,1,115,True
+,90,26,90,26,116,116,1,0.0159912109375,-0.0159912109375,-0.0159912109375,1,116,True
+,90,27,90,27,117,117,0,0.00914764404296875,-0.00914764404296875,-0.00914764404296875,1,117,True
+,90,28,90,28,118,118,2,0.0240020751953125,-0.0240020751953125,-0.0240020751953125,1,118,True
+,90,29,90,29,119,119,0,0.0191497802734375,-0.0191497802734375,-0.0191497802734375,1,119,True
+,90,30,90,30,120,120,3,0.0093536376953125,-0.0093536376953125,-0.0093536376953125,1,120,True
+,90,31,90,31,121,121,1,0.309814453125,-0.309814453125,-0.309814453125,1,121,True
+,90,32,90,32,122,122,2,0.024383544921875,-0.024383544921875,-0.024383544921875,1,122,True
+,90,33,90,33,123,123,0,0.0212249755859375,-0.0212249755859375,-0.0212249755859375,1,123,True
+,90,34,90,34,124,124,0,0.208740234375,-0.208740234375,-0.208740234375,1,124,True
+,90,35,90,35,125,125,1,0.08392333984375,-0.08392333984375,-0.08392333984375,1,125,True
+,90,36,90,36,126,126,0,0.0092926025390625,-0.0092926025390625,-0.0092926025390625,1,126,True
+,90,37,90,37,127,127,0,0.07574462890625,-0.07574462890625,-0.07574462890625,1,127,True
+,90,38,90,38,128,128,1,0.10107421875,-0.10107421875,-0.10107421875,1,128,True
+,90,39,90,39,129,129,0,0.1038818359375,-0.1038818359375,-0.1038818359375,1,129,True
+,90,40,90,40,130,130,4,0.030975341796875,-0.030975341796875,-0.030975341796875,1,130,True
+,90,41,90,41,131,131,0,0.08367919921875,-0.08367919921875,-0.08367919921875,1,131,True
+,90,42,90,42,132,132,2,0.10980224609375,-0.10980224609375,-0.10980224609375,1,132,True
+,90,43,90,43,133,133,0,0.3408203125,-0.3408203125,-0.3408203125,1,133,True
+,90,44,90,44,134,134,0,0.0567626953125,-0.0567626953125,-0.0567626953125,1,134,True
+,90,45,90,45,135,135,7,0.034881591796875,-0.034881591796875,-0.034881591796875,1,135,True
+,90,46,90,46,136,136,1,0.047576904296875,-0.047576904296875,-0.047576904296875,1,136,True
+,90,47,90,47,137,137,0,0.244140625,-0.244140625,-0.244140625,1,137,True
+,90,48,90,48,138,138,0,0.028350830078125,-0.028350830078125,-0.028350830078125,1,138,True
+,90,49,90,49,139,139,0,0.26318359375,-0.26318359375,-0.26318359375,1,139,True
+,90,50,90,50,140,140,3,0.82666015625,-0.82666015625,-0.82666015625,1,130,False
+,90,51,90,51,141,141,0,0.029144287109375,-0.029144287109375,-0.029144287109375,1,141,True
+,90,52,90,52,142,142,1,0.055633544921875,-0.055633544921875,-0.055633544921875,1,142,True
+,90,53,90,53,143,143,1,0.0799560546875,-0.0799560546875,-0.0799560546875,1,143,True
+,90,54,90,54,144,144,1,0.135009765625,-0.135009765625,-0.135009765625,1,144,True
+,90,55,90,55,145,145,1,0.12225341796875,-0.12225341796875,-0.12225341796875,1,145,True
+,90,56,90,56,146,146,0,0.1531982421875,-0.1531982421875,-0.1531982421875,1,146,True
+,90,57,90,57,147,147,0,0.0177764892578125,-0.0177764892578125,-0.0177764892578125,1,147,True
+,90,58,90,58,148,148,1,0.161376953125,-0.161376953125,-0.161376953125,1,148,True
+,90,59,90,59,149,149,0,0.060699462890625,-0.060699462890625,-0.060699462890625,1,149,True
+,90,60,90,60,150,150,6,0.02215576171875,-0.02215576171875,-0.02215576171875,1,150,True
+,90,61,90,61,151,151,0,0.2081298828125,-0.2081298828125,-0.2081298828125,1,151,True
+,90,62,90,62,152,152,0,1.0107421875,-1.0107421875,-1.0107421875,1,142,False
+,90,63,90,63,153,153,0,0.03594970703125,-0.03594970703125,-0.03594970703125,1,153,True
+,90,64,90,64,154,154,0,0.13818359375,-0.13818359375,-0.13818359375,1,154,True
+,90,65,90,65,155,155,0,0.207763671875,-0.207763671875,-0.207763671875,1,155,True
+,90,66,90,66,156,156,0,0.30517578125,-0.30517578125,-0.30517578125,1,156,True
+,90,67,90,67,157,157,0,0.232421875,-0.232421875,-0.232421875,1,157,True
+,90,68,90,68,158,158,0,0.01403045654296875,-0.01403045654296875,-0.01403045654296875,1,158,True
+,90,69,90,69,159,159,0,0.120849609375,-0.120849609375,-0.120849609375,1,159,True
+,90,70,90,70,160,160,4,0.38671875,-0.38671875,-0.38671875,1,160,True
+,90,71,90,71,161,161,0,0.88818359375,-0.88818359375,-0.88818359375,1,151,False
+,90,72,90,72,162,162,2,0.03125,-0.03125,-0.03125,1,162,True
+,90,73,90,73,163,163,0,0.140380859375,-0.140380859375,-0.140380859375,1,163,True
+,90,74,90,74,164,164,0,0.43603515625,-0.43603515625,-0.43603515625,1,164,True
+,90,75,90,75,165,165,0,0.044769287109375,-0.044769287109375,-0.044769287109375,1,165,True
+,90,76,90,76,166,166,0,0.091064453125,-0.091064453125,-0.091064453125,1,166,True
+,90,77,90,77,167,167,0,0.0843505859375,-0.0843505859375,-0.0843505859375,1,167,True
+,90,78,90,78,168,168,0,0.4453125,-0.4453125,-0.4453125,1,168,True
+,90,79,90,79,169,169,0,0.2998046875,-0.2998046875,-0.2998046875,1,169,True
+,90,80,90,80,170,170,3,0.04388427734375,-0.04388427734375,-0.04388427734375,1,170,True
+,90,81,90,81,171,171,0,0.1640625,-0.1640625,-0.1640625,1,171,True
+,90,82,90,82,172,172,0,0.292724609375,-0.292724609375,-0.292724609375,1,172,True
+,90,83,90,83,173,173,0,0.05609130859375,-0.05609130859375,-0.05609130859375,1,173,True
+,90,84,90,84,174,174,1,0.048980712890625,-0.048980712890625,-0.048980712890625,1,174,True
+,90,85,90,85,175,175,0,0.1705322265625,-0.1705322265625,-0.1705322265625,1,175,True
+,90,86,90,86,176,176,0,0.09869384765625,-0.09869384765625,-0.09869384765625,1,176,True
+,90,87,90,87,177,177,0,0.0306243896484375,-0.0306243896484375,-0.0306243896484375,1,177,True
+,90,88,90,88,178,178,0,0.01201629638671875,-0.01201629638671875,-0.01201629638671875,1,178,True
+,90,89,90,89,179,179,0,0.036956787109375,-0.036956787109375,-0.036956787109375,1,179,True
+,90,90,90,90,180,180,23,0.11785888671875,-0.11785888671875,-0.11785888671875,1,180,True
+,90,91,90,91,181,181,0,0.030303955078125,-0.030303955078125,-0.030303955078125,1,181,True
+,90,92,90,92,182,182,0,0.06634521484375,-0.06634521484375,-0.06634521484375,1,182,True
+,90,93,90,93,183,183,0,0.026397705078125,-0.026397705078125,-0.026397705078125,1,183,True
+,90,94,90,94,184,184,0,0.172119140625,-0.172119140625,-0.172119140625,1,184,True
+,90,95,90,95,185,185,0,0.06793212890625,-0.06793212890625,-0.06793212890625,1,185,True
+,90,96,90,96,186,186,0,0.039337158203125,-0.039337158203125,-0.039337158203125,1,186,True
+,90,97,90,97,187,187,0,0.1092529296875,-0.1092529296875,-0.1092529296875,1,187,True
+,90,98,90,98,188,188,0,3.46875,-3.46875,-3.46875,1,178,False
+,90,99,90,99,189,189,0,0.368896484375,-0.368896484375,-0.368896484375,1,189,True
+,91,10,91,10,101,101,4,0.09930419921875,-0.09930419921875,-0.09930419921875,1,101,True
+,91,11,91,11,102,102,0,0.56396484375,-0.56396484375,-0.56396484375,1,102,True
+,91,12,91,12,103,103,0,0.1248779296875,-0.1248779296875,-0.1248779296875,1,103,True
+,91,13,91,13,104,104,0,0.900390625,-0.900390625,-0.900390625,1,114,False
+,91,14,91,14,105,105,0,0.85791015625,-0.85791015625,-0.85791015625,1,115,False
+,91,15,91,15,106,106,2,0.86328125,-0.86328125,-0.86328125,1,116,False
+,91,16,91,16,107,107,0,2.380859375,-2.380859375,-2.380859375,1,117,False
+,91,17,91,17,108,108,0,0.541015625,-0.541015625,-0.541015625,1,108,True
+,91,18,91,18,109,109,0,0.1748046875,-0.1748046875,-0.1748046875,1,109,True
+,91,19,91,19,110,110,1,1.5029296875,-1.5029296875,-1.5029296875,1,120,False
+,91,20,91,20,111,111,1,1.49609375,-1.49609375,-1.49609375,1,121,False
+,91,21,91,21,112,112,0,0.271484375,-0.271484375,-0.271484375,1,112,True
+,91,22,91,22,113,113,0,1.0517578125,-1.0517578125,-1.0517578125,1,123,False
+,91,23,91,23,114,114,0,0.11993408203125,-0.11993408203125,-0.11993408203125,1,114,True
+,91,24,91,24,115,115,0,0.67578125,-0.67578125,-0.67578125,1,115,True
+,91,25,91,25,116,116,0,0.430908203125,-0.430908203125,-0.430908203125,1,116,True
+,91,26,91,26,117,117,0,0.386962890625,-0.386962890625,-0.386962890625,1,117,True
+,91,27,91,27,118,118,0,0.07379150390625,-0.07379150390625,-0.07379150390625,1,118,True
+,91,28,91,28,119,119,0,0.5439453125,-0.5439453125,-0.5439453125,1,119,True
+,91,29,91,29,120,120,0,0.10430908203125,-0.10430908203125,-0.10430908203125,1,120,True
+,91,30,91,30,121,121,0,0.73779296875,-0.73779296875,-0.73779296875,1,131,False
+,91,31,91,31,122,122,1,1.3564453125,-1.3564453125,-1.3564453125,1,132,False
+,91,32,91,32,123,123,0,0.1966552734375,-0.1966552734375,-0.1966552734375,1,123,True
+,91,33,91,33,124,124,0,0.462158203125,-0.462158203125,-0.462158203125,1,124,True
+,91,34,91,34,125,125,0,0.5087890625,-0.5087890625,-0.5087890625,1,125,True
+,91,35,91,35,126,126,0,0.85546875,-0.85546875,-0.85546875,1,136,False
+,91,36,91,36,127,127,0,0.2890625,-0.2890625,-0.2890625,1,127,True
+,91,37,91,37,128,128,0,0.292724609375,-0.292724609375,-0.292724609375,1,128,True
+,91,38,91,38,129,129,0,0.0675048828125,-0.0675048828125,-0.0675048828125,1,129,True
+,91,39,91,39,130,130,1,0.149169921875,-0.149169921875,-0.149169921875,1,130,True
+,91,40,91,40,131,131,0,0.39013671875,-0.39013671875,-0.39013671875,1,131,True
+,91,41,91,41,132,132,0,0.363525390625,-0.363525390625,-0.363525390625,1,132,True
+,91,42,91,42,133,133,0,0.7421875,-0.7421875,-0.7421875,1,133,True
+,91,43,91,43,134,134,0,1.109375,-1.109375,-1.109375,1,144,False
+,91,44,91,44,135,135,0,0.436767578125,-0.436767578125,-0.436767578125,1,135,True
+,91,45,91,45,136,136,0,0.1461181640625,-0.1461181640625,-0.1461181640625,1,136,True
+,91,46,91,46,137,137,0,0.268310546875,-0.268310546875,-0.268310546875,1,137,True
+,91,47,91,47,138,138,0,0.340087890625,-0.340087890625,-0.340087890625,1,138,True
+,91,48,91,48,139,139,0,0.104736328125,-0.104736328125,-0.104736328125,1,139,True
+,91,49,91,49,140,140,0,0.472412109375,-0.472412109375,-0.472412109375,1,140,True
+,91,50,91,50,141,141,0,0.05157470703125,-0.05157470703125,-0.05157470703125,1,141,True
+,91,51,91,51,142,142,0,0.166748046875,-0.166748046875,-0.166748046875,1,142,True
+,91,52,91,52,143,143,1,0.2269287109375,-0.2269287109375,-0.2269287109375,1,143,True
+,91,53,91,53,144,144,0,0.221435546875,-0.221435546875,-0.221435546875,1,144,True
+,91,54,91,54,145,145,0,0.10552978515625,-0.10552978515625,-0.10552978515625,1,145,True
+,91,55,91,55,146,146,0,0.56787109375,-0.56787109375,-0.56787109375,1,146,True
+,91,56,91,56,147,147,0,0.216552734375,-0.216552734375,-0.216552734375,1,147,True
+,91,57,91,57,148,148,0,0.1571044921875,-0.1571044921875,-0.1571044921875,1,148,True
+,91,58,91,58,149,149,1,0.2044677734375,-0.2044677734375,-0.2044677734375,1,149,True
+,91,59,91,59,150,150,0,0.152587890625,-0.152587890625,-0.152587890625,1,150,True
+,91,60,91,60,151,151,2,0.3173828125,-0.3173828125,-0.3173828125,1,151,True
+,91,61,91,61,152,152,0,0.4892578125,-0.4892578125,-0.4892578125,1,152,True
+,91,62,91,62,153,153,0,0.453369140625,-0.453369140625,-0.453369140625,1,153,True
+,91,63,91,63,154,154,0,0.6630859375,-0.6630859375,-0.6630859375,1,154,True
+,91,64,91,64,155,155,0,1.111328125,-1.111328125,-1.111328125,1,165,False
+,91,65,91,65,156,156,0,0.36083984375,-0.36083984375,-0.36083984375,1,156,True
+,91,66,91,66,157,157,0,0.6787109375,-0.6787109375,-0.6787109375,1,157,True
+,91,67,91,67,158,158,0,0.3984375,-0.3984375,-0.3984375,1,158,True
+,91,68,91,68,159,159,0,0.126953125,-0.126953125,-0.126953125,1,159,True
+,91,69,91,69,160,160,1,0.8603515625,-0.8603515625,-0.8603515625,1,170,False
+,91,70,91,70,161,161,0,0.4404296875,-0.4404296875,-0.4404296875,1,161,True
+,91,71,91,71,162,162,0,0.4052734375,-0.4052734375,-0.4052734375,1,162,True
+,91,72,91,72,163,163,2,0.17041015625,-0.17041015625,-0.17041015625,1,163,True
+,91,73,91,73,164,164,0,0.685546875,-0.685546875,-0.685546875,1,164,True
+,91,74,91,74,165,165,0,0.402587890625,-0.402587890625,-0.402587890625,1,165,True
+,91,75,91,75,166,166,0,0.52197265625,-0.52197265625,-0.52197265625,1,166,True
+,91,76,91,76,167,167,0,0.462158203125,-0.462158203125,-0.462158203125,1,167,True
+,91,77,91,77,168,168,0,0.48876953125,-0.48876953125,-0.48876953125,1,168,True
+,91,78,91,78,169,169,0,0.1253662109375,-0.1253662109375,-0.1253662109375,1,169,True
+,91,79,91,79,170,170,0,1.9599609375,-1.9599609375,-1.9599609375,1,180,False
+,91,80,91,80,171,171,0,0.501953125,-0.501953125,-0.501953125,1,171,True
+,91,81,91,81,172,172,0,0.4013671875,-0.4013671875,-0.4013671875,1,172,True
+,91,82,91,82,173,173,0,0.87890625,-0.87890625,-0.87890625,1,173,True
+,91,83,91,83,174,174,0,0.591796875,-0.591796875,-0.591796875,1,174,True
+,91,84,91,84,175,175,0,0.81689453125,-0.81689453125,-0.81689453125,1,185,False
+,91,85,91,85,176,176,0,0.3642578125,-0.3642578125,-0.3642578125,1,176,True
+,91,86,91,86,177,177,0,0.167724609375,-0.167724609375,-0.167724609375,1,177,True
+,91,87,91,87,178,178,0,0.1527099609375,-0.1527099609375,-0.1527099609375,1,178,True
+,91,88,91,88,179,179,0,0.213134765625,-0.213134765625,-0.213134765625,1,179,True
+,91,89,91,89,180,180,1,0.09832763671875,-0.09832763671875,-0.09832763671875,1,180,True
+,91,90,91,90,181,181,1,0.046783447265625,-0.046783447265625,-0.046783447265625,1,181,True
+,91,91,91,91,182,182,1,0.1768798828125,-0.1768798828125,-0.1768798828125,1,182,True
+,91,92,91,92,183,183,0,0.0457763671875,-0.0457763671875,-0.0457763671875,1,183,True
+,91,93,91,93,184,184,0,0.3115234375,-0.3115234375,-0.3115234375,1,184,True
+,91,94,91,94,185,185,1,0.52978515625,-0.52978515625,-0.52978515625,1,185,True
+,91,95,91,95,186,186,0,0.497802734375,-0.497802734375,-0.497802734375,1,186,True
+,91,96,91,96,187,187,0,0.3994140625,-0.3994140625,-0.3994140625,1,187,True
+,91,97,91,97,188,188,0,0.399169921875,-0.399169921875,-0.399169921875,1,188,True
+,91,98,91,98,189,189,0,0.1697998046875,-0.1697998046875,-0.1697998046875,1,189,True
+,91,99,91,99,190,190,0,0.189208984375,-0.189208984375,-0.189208984375,1,190,True
+,92,10,92,10,102,102,2,0.0810546875,-0.0810546875,-0.0810546875,1,102,True
+,92,11,92,11,103,103,0,0.1954345703125,-0.1954345703125,-0.1954345703125,1,103,True
+,92,12,92,12,104,104,0,0.287109375,-0.287109375,-0.287109375,1,104,True
+,92,13,92,13,105,105,0,0.1632080078125,-0.1632080078125,-0.1632080078125,1,105,True
+,92,14,92,14,106,106,0,0.25439453125,-0.25439453125,-0.25439453125,1,106,True
+,92,15,92,15,107,107,0,0.22021484375,-0.22021484375,-0.22021484375,1,107,True
+,92,16,92,16,108,108,0,0.281494140625,-0.281494140625,-0.281494140625,1,108,True
+,92,17,92,17,109,109,0,0.06439208984375,-0.06439208984375,-0.06439208984375,1,109,True
+,92,18,92,18,110,110,1,0.1842041015625,-0.1842041015625,-0.1842041015625,1,110,True
+,92,19,92,19,111,111,0,0.0885009765625,-0.0885009765625,-0.0885009765625,1,111,True
+,92,20,92,20,112,112,0,0.2156982421875,-0.2156982421875,-0.2156982421875,1,112,True
+,92,21,92,21,113,113,0,0.134033203125,-0.134033203125,-0.134033203125,1,113,True
+,92,22,92,22,114,114,0,0.369384765625,-0.369384765625,-0.369384765625,1,114,True
+,92,23,92,23,115,115,1,0.431640625,-0.431640625,-0.431640625,1,115,True
+,92,24,92,24,116,116,0,0.01873779296875,-0.01873779296875,-0.01873779296875,1,116,True
+,92,25,92,25,117,117,0,0.1915283203125,-0.1915283203125,-0.1915283203125,1,117,True
+,92,26,92,26,118,118,0,0.25,-0.25,-0.25,1,118,True
+,92,27,92,27,119,119,0,0.2196044921875,-0.2196044921875,-0.2196044921875,1,119,True
+,92,28,92,28,120,120,0,0.17041015625,-0.17041015625,-0.17041015625,1,120,True
+,92,29,92,29,121,121,1,0.458984375,-0.458984375,-0.458984375,1,121,True
+,92,30,92,30,122,122,0,0.04998779296875,-0.04998779296875,-0.04998779296875,1,122,True
+,92,31,92,31,123,123,0,0.1363525390625,-0.1363525390625,-0.1363525390625,1,123,True
+,92,32,92,32,124,124,0,0.92138671875,-0.92138671875,-0.92138671875,1,124,True
+,92,33,92,33,125,125,2,0.364501953125,-0.364501953125,-0.364501953125,1,125,True
+,92,34,92,34,126,126,0,0.1143798828125,-0.1143798828125,-0.1143798828125,1,126,True
+,92,35,92,35,127,127,1,0.68310546875,-0.68310546875,-0.68310546875,1,127,True
+,92,36,92,36,128,128,0,0.8876953125,-0.8876953125,-0.8876953125,1,128,True
+,92,37,92,37,129,129,0,0.2398681640625,-0.2398681640625,-0.2398681640625,1,129,True
+,92,38,92,38,130,130,0,0.219482421875,-0.219482421875,-0.219482421875,1,130,True
+,92,39,92,39,131,131,0,0.46044921875,-0.46044921875,-0.46044921875,1,131,True
+,92,40,92,40,132,132,0,0.669921875,-0.669921875,-0.669921875,1,132,True
+,92,41,92,41,133,133,1,1.4423828125,-1.4423828125,-1.4423828125,1,123,False
+,92,42,92,42,134,134,0,0.92041015625,-0.92041015625,-0.92041015625,1,134,True
+,92,43,92,43,135,135,0,0.529296875,-0.529296875,-0.529296875,1,135,True
+,92,44,92,44,136,136,0,1.0244140625,-1.0244140625,-1.0244140625,1,136,True
+,92,45,92,45,137,137,0,0.376220703125,-0.376220703125,-0.376220703125,1,137,True
+,92,46,92,46,138,138,0,0.35791015625,-0.35791015625,-0.35791015625,1,138,True
+,92,47,92,47,139,139,0,0.9189453125,-0.9189453125,-0.9189453125,1,129,False
+,92,48,92,48,140,140,0,0.86376953125,-0.86376953125,-0.86376953125,1,130,False
+,92,49,92,49,141,141,0,0.09051513671875,-0.09051513671875,-0.09051513671875,1,141,True
+,92,50,92,50,142,142,2,0.10321044921875,-0.10321044921875,-0.10321044921875,1,142,True
+,92,51,92,51,143,143,0,0.16455078125,-0.16455078125,-0.16455078125,1,143,True
+,92,52,92,52,144,144,0,1.658203125,-1.658203125,-1.658203125,1,143,False
+,92,53,92,53,145,145,0,0.4140625,-0.4140625,-0.4140625,1,145,True
+,92,54,92,54,146,146,0,0.3447265625,-0.3447265625,-0.3447265625,1,146,True
+,92,55,92,55,147,147,0,0.193115234375,-0.193115234375,-0.193115234375,1,147,True
+,92,56,92,56,148,148,0,1.4208984375,-1.4208984375,-1.4208984375,1,147,False
+,92,57,92,57,149,149,0,0.50537109375,-0.50537109375,-0.50537109375,1,149,True
+,92,58,92,58,150,150,0,0.97802734375,-0.97802734375,-0.97802734375,1,150,True
+,92,59,92,59,151,151,0,0.454833984375,-0.454833984375,-0.454833984375,1,151,True
+,92,60,92,60,152,152,1,0.5302734375,-0.5302734375,-0.5302734375,1,152,True
+,92,61,92,61,153,153,0,0.73779296875,-0.73779296875,-0.73779296875,1,153,True
+,92,62,92,62,154,154,0,1.1064453125,-1.1064453125,-1.1064453125,1,154,True
+,92,63,92,63,155,155,0,1.044921875,-1.044921875,-1.044921875,1,145,False
+,92,64,92,64,156,156,0,0.64501953125,-0.64501953125,-0.64501953125,1,156,True
+,92,65,92,65,157,157,0,0.92578125,-0.92578125,-0.92578125,1,147,False
+,92,66,92,66,158,158,0,0.8896484375,-0.8896484375,-0.8896484375,1,158,True
+,92,67,92,67,159,159,0,0.3857421875,-0.3857421875,-0.3857421875,1,159,True
+,92,68,92,68,160,160,0,2.0234375,-2.0234375,-2.0234375,1,161,False
+,92,69,92,69,161,161,0,0.658203125,-0.658203125,-0.658203125,1,161,True
+,92,70,92,70,162,162,0,0.22314453125,-0.22314453125,-0.22314453125,1,162,True
+,92,71,92,71,163,163,0,0.60009765625,-0.60009765625,-0.60009765625,1,163,True
+,92,72,92,72,164,164,0,3.869140625,-3.869140625,-3.869140625,1,143,False
+,92,73,92,73,165,165,0,0.419921875,-0.419921875,-0.419921875,1,165,True
+,92,74,92,74,166,166,0,2.091796875,-2.091796875,-2.091796875,1,165,False
+,92,75,92,75,167,167,0,0.305419921875,-0.305419921875,-0.305419921875,1,167,True
+,92,76,92,76,168,168,0,2.6796875,-2.6796875,-2.6796875,1,167,False
+,92,77,92,77,169,169,0,0.8671875,-0.8671875,-0.8671875,1,159,False
+,92,78,92,78,170,170,0,1.2060546875,-1.2060546875,-1.2060546875,1,170,True
+,92,79,92,79,171,171,1,0.404052734375,-0.404052734375,-0.404052734375,1,171,True
+,92,80,92,80,172,172,0,0.55615234375,-0.55615234375,-0.55615234375,1,172,True
+,92,81,92,81,173,173,0,0.6044921875,-0.6044921875,-0.6044921875,1,173,True
+,92,82,92,82,174,174,0,3.001953125,-3.001953125,-3.001953125,1,163,False
+,92,83,92,83,175,175,0,0.4609375,-0.4609375,-0.4609375,1,175,True
+,92,84,92,84,176,176,0,0.63916015625,-0.63916015625,-0.63916015625,1,176,True
+,92,85,92,85,177,177,0,0.261962890625,-0.261962890625,-0.261962890625,1,177,True
+,92,86,92,86,178,178,0,0.38232421875,-0.38232421875,-0.38232421875,1,178,True
+,92,87,92,87,179,179,0,0.432373046875,-0.432373046875,-0.432373046875,1,179,True
+,92,88,92,88,180,180,0,0.11279296875,-0.11279296875,-0.11279296875,1,180,True
+,92,89,92,89,181,181,0,0.324462890625,-0.324462890625,-0.324462890625,1,181,True
+,92,90,92,90,182,182,0,0.143310546875,-0.143310546875,-0.143310546875,1,182,True
+,92,91,92,91,183,183,0,0.05267333984375,-0.05267333984375,-0.05267333984375,1,183,True
+,92,92,92,92,184,184,0,0.712890625,-0.712890625,-0.712890625,1,184,True
+,92,93,92,93,185,185,0,0.65869140625,-0.65869140625,-0.65869140625,1,185,True
+,92,94,92,94,186,186,0,0.32275390625,-0.32275390625,-0.32275390625,1,186,True
+,92,95,92,95,187,187,0,0.18017578125,-0.18017578125,-0.18017578125,1,187,True
+,92,96,92,96,188,188,0,0.7685546875,-0.7685546875,-0.7685546875,1,188,True
+,92,97,92,97,189,189,0,0.484130859375,-0.484130859375,-0.484130859375,1,189,True
+,92,98,92,98,190,190,0,3.107421875,-3.107421875,-3.107421875,1,180,False
+,92,99,92,99,191,191,0,0.11627197265625,-0.11627197265625,-0.11627197265625,1,191,True
+,93,10,93,10,103,103,0,0.1593017578125,-0.1593017578125,-0.1593017578125,1,103,True
+,93,11,93,11,104,104,0,0.1668701171875,-0.1668701171875,-0.1668701171875,1,104,True
+,93,12,93,12,105,105,0,0.0379638671875,-0.0379638671875,-0.0379638671875,1,105,True
+,93,13,93,13,106,106,0,1.8876953125,-1.8876953125,-1.8876953125,1,116,False
+,93,14,93,14,107,107,0,0.74755859375,-0.74755859375,-0.74755859375,1,107,True
+,93,15,93,15,108,108,0,0.12384033203125,-0.12384033203125,-0.12384033203125,1,108,True
+,93,16,93,16,109,109,0,1.6611328125,-1.6611328125,-1.6611328125,1,119,False
+,93,17,93,17,110,110,0,0.1380615234375,-0.1380615234375,-0.1380615234375,1,110,True
+,93,18,93,18,111,111,1,0.05029296875,-0.05029296875,-0.05029296875,1,111,True
+,93,19,93,19,112,112,0,0.20654296875,-0.20654296875,-0.20654296875,1,112,True
+,93,20,93,20,113,113,0,0.361328125,-0.361328125,-0.361328125,1,113,True
+,93,21,93,21,114,114,0,0.0601806640625,-0.0601806640625,-0.0601806640625,1,114,True
+,93,22,93,22,115,115,2,0.75,-0.75,-0.75,1,125,False
+,93,23,93,23,116,116,0,0.110107421875,-0.110107421875,-0.110107421875,1,116,True
+,93,24,93,24,117,117,0,0.0242767333984375,-0.0242767333984375,-0.0242767333984375,1,117,True
+,93,25,93,25,118,118,0,0.378662109375,-0.378662109375,-0.378662109375,1,118,True
+,93,26,93,26,119,119,0,0.189697265625,-0.189697265625,-0.189697265625,1,119,True
+,93,27,93,27,120,120,0,0.015472412109375,-0.015472412109375,-0.015472412109375,1,120,True
+,93,28,93,28,121,121,0,0.05322265625,-0.05322265625,-0.05322265625,1,121,True
+,93,29,93,29,122,122,0,0.1451416015625,-0.1451416015625,-0.1451416015625,1,122,True
+,93,30,93,30,123,123,0,0.01227569580078125,-0.01227569580078125,-0.01227569580078125,1,123,True
+,93,31,93,31,124,124,0,0.2900390625,-0.2900390625,-0.2900390625,1,124,True
+,93,32,93,32,125,125,0,0.1634521484375,-0.1634521484375,-0.1634521484375,1,125,True
+,93,33,93,33,126,126,0,0.09625244140625,-0.09625244140625,-0.09625244140625,1,126,True
+,93,34,93,34,127,127,0,0.2034912109375,-0.2034912109375,-0.2034912109375,1,127,True
+,93,35,93,35,128,128,1,0.50244140625,-0.50244140625,-0.50244140625,1,128,True
+,93,36,93,36,129,129,1,0.05682373046875,-0.05682373046875,-0.05682373046875,1,129,True
+,93,37,93,37,130,130,0,0.2225341796875,-0.2225341796875,-0.2225341796875,1,130,True
+,93,38,93,38,131,131,0,0.1920166015625,-0.1920166015625,-0.1920166015625,1,131,True
+,93,39,93,39,132,132,2,0.0792236328125,-0.0792236328125,-0.0792236328125,1,132,True
+,93,40,93,40,133,133,0,0.207763671875,-0.207763671875,-0.207763671875,1,133,True
+,93,41,93,41,134,134,0,0.4169921875,-0.4169921875,-0.4169921875,1,134,True
+,93,42,93,42,135,135,0,0.0474853515625,-0.0474853515625,-0.0474853515625,1,135,True
+,93,43,93,43,136,136,0,0.3603515625,-0.3603515625,-0.3603515625,1,136,True
+,93,44,93,44,137,137,0,0.15869140625,-0.15869140625,-0.15869140625,1,137,True
+,93,45,93,45,138,138,0,0.04266357421875,-0.04266357421875,-0.04266357421875,1,138,True
+,93,46,93,46,139,139,1,0.1649169921875,-0.1649169921875,-0.1649169921875,1,139,True
+,93,47,93,47,140,140,0,0.64111328125,-0.64111328125,-0.64111328125,1,140,True
+,93,48,93,48,141,141,0,0.0307464599609375,-0.0307464599609375,-0.0307464599609375,1,141,True
+,93,49,93,49,142,142,0,0.15625,-0.15625,-0.15625,1,142,True
+,93,50,93,50,143,143,0,0.06585693359375,-0.06585693359375,-0.06585693359375,1,143,True
+,93,51,93,51,144,144,0,0.1112060546875,-0.1112060546875,-0.1112060546875,1,144,True
+,93,52,93,52,145,145,0,0.30029296875,-0.30029296875,-0.30029296875,1,145,True
+,93,53,93,53,146,146,0,0.58056640625,-0.58056640625,-0.58056640625,1,146,True
+,93,54,93,54,147,147,0,0.1978759765625,-0.1978759765625,-0.1978759765625,1,147,True
+,93,55,93,55,148,148,0,0.2296142578125,-0.2296142578125,-0.2296142578125,1,148,True
+,93,56,93,56,149,149,0,0.39501953125,-0.39501953125,-0.39501953125,1,149,True
+,93,57,93,57,150,150,0,0.141357421875,-0.141357421875,-0.141357421875,1,150,True
+,93,58,93,58,151,151,0,0.07366943359375,-0.07366943359375,-0.07366943359375,1,151,True
+,93,59,93,59,152,152,0,0.34228515625,-0.34228515625,-0.34228515625,1,152,True
+,93,60,93,60,153,153,0,0.04345703125,-0.04345703125,-0.04345703125,1,153,True
+,93,61,93,61,154,154,0,0.869140625,-0.869140625,-0.869140625,1,154,True
+,93,62,93,62,155,155,0,0.8603515625,-0.8603515625,-0.8603515625,1,155,True
+,93,63,93,63,156,156,0,0.6279296875,-0.6279296875,-0.6279296875,1,156,True
+,93,64,93,64,157,157,0,0.7763671875,-0.7763671875,-0.7763671875,1,157,True
+,93,65,93,65,158,158,0,0.2457275390625,-0.2457275390625,-0.2457275390625,1,158,True
+,93,66,93,66,159,159,0,0.100830078125,-0.100830078125,-0.100830078125,1,159,True
+,93,67,93,67,160,160,0,0.1552734375,-0.1552734375,-0.1552734375,1,160,True
+,93,68,93,68,161,161,0,0.25146484375,-0.25146484375,-0.25146484375,1,161,True
+,93,69,93,69,162,162,0,0.26953125,-0.26953125,-0.26953125,1,162,True
+,93,70,93,70,163,163,0,0.08721923828125,-0.08721923828125,-0.08721923828125,1,163,True
+,93,71,93,71,164,164,0,0.662109375,-0.662109375,-0.662109375,1,164,True
+,93,72,93,72,165,165,0,0.8125,-0.8125,-0.8125,1,165,True
+,93,73,93,73,166,166,0,0.80615234375,-0.80615234375,-0.80615234375,1,166,True
+,93,74,93,74,167,167,0,1.9287109375,-1.9287109375,-1.9287109375,1,157,False
+,93,75,93,75,168,168,0,0.0977783203125,-0.0977783203125,-0.0977783203125,1,168,True
+,93,76,93,76,169,169,0,0.1143798828125,-0.1143798828125,-0.1143798828125,1,169,True
+,93,77,93,77,170,170,0,0.443115234375,-0.443115234375,-0.443115234375,1,170,True
+,93,78,93,78,171,171,0,0.356201171875,-0.356201171875,-0.356201171875,1,171,True
+,93,79,93,79,172,172,0,0.375732421875,-0.375732421875,-0.375732421875,1,172,True
+,93,80,93,80,173,173,2,0.255615234375,-0.255615234375,-0.255615234375,1,173,True
+,93,81,93,81,174,174,0,0.492919921875,-0.492919921875,-0.492919921875,1,174,True
+,93,82,93,82,175,175,0,0.63623046875,-0.63623046875,-0.63623046875,1,175,True
+,93,83,93,83,176,176,1,0.70458984375,-0.70458984375,-0.70458984375,1,176,True
+,93,84,93,84,177,177,1,0.250244140625,-0.250244140625,-0.250244140625,1,177,True
+,93,85,93,85,178,178,0,0.1707763671875,-0.1707763671875,-0.1707763671875,1,178,True
+,93,86,93,86,179,179,0,0.1802978515625,-0.1802978515625,-0.1802978515625,1,179,True
+,93,87,93,87,180,180,0,0.1607666015625,-0.1607666015625,-0.1607666015625,1,180,True
+,93,88,93,88,181,181,0,0.1451416015625,-0.1451416015625,-0.1451416015625,1,181,True
+,93,89,93,89,182,182,0,0.1385498046875,-0.1385498046875,-0.1385498046875,1,182,True
+,93,90,93,90,183,183,0,0.00588226318359375,-0.00588226318359375,-0.00588226318359375,1,183,True
+,93,91,93,91,184,184,0,0.1739501953125,-0.1739501953125,-0.1739501953125,1,184,True
+,93,92,93,92,185,185,0,0.7548828125,-0.7548828125,-0.7548828125,1,185,True
+,93,93,93,93,186,186,0,0.353515625,-0.353515625,-0.353515625,1,186,True
+,93,94,93,94,187,187,0,0.383544921875,-0.383544921875,-0.383544921875,1,187,True
+,93,95,93,95,188,188,0,0.1358642578125,-0.1358642578125,-0.1358642578125,1,188,True
+,93,96,93,96,189,189,0,0.10357666015625,-0.10357666015625,-0.10357666015625,1,189,True
+,93,97,93,97,190,190,0,0.196533203125,-0.196533203125,-0.196533203125,1,190,True
+,93,98,93,98,191,191,0,2.34375,-2.34375,-2.34375,1,181,False
+,93,99,93,99,192,192,1,0.1959228515625,-0.1959228515625,-0.1959228515625,1,192,True
+,94,10,94,10,104,104,0,0.492431640625,-0.492431640625,-0.492431640625,1,104,True
+,94,11,94,11,105,105,0,0.461181640625,-0.461181640625,-0.461181640625,1,105,True
+,94,12,94,12,106,106,0,0.259765625,-0.259765625,-0.259765625,1,106,True
+,94,13,94,13,107,107,1,1.5498046875,-1.5498046875,-1.5498046875,1,117,False
+,94,14,94,14,108,108,0,1.2958984375,-1.2958984375,-1.2958984375,1,118,False
+,94,15,94,15,109,109,1,0.78857421875,-0.78857421875,-0.78857421875,1,119,False
+,94,16,94,16,110,110,1,1.4091796875,-1.4091796875,-1.4091796875,1,120,False
+,94,17,94,17,111,111,8,0.25146484375,-0.25146484375,-0.25146484375,1,111,True
+,94,18,94,18,112,112,0,0.308349609375,-0.308349609375,-0.308349609375,1,112,True
+,94,19,94,19,113,113,0,0.64599609375,-0.64599609375,-0.64599609375,1,113,True
+,94,20,94,20,114,114,1,0.1614990234375,-0.1614990234375,-0.1614990234375,1,114,True
+,94,21,94,21,115,115,0,0.249267578125,-0.249267578125,-0.249267578125,1,115,True
+,94,22,94,22,116,116,0,0.6796875,-0.6796875,-0.6796875,1,116,True
+,94,23,94,23,117,117,0,0.11932373046875,-0.11932373046875,-0.11932373046875,1,117,True
+,94,24,94,24,118,118,0,0.04559326171875,-0.04559326171875,-0.04559326171875,1,118,True
+,94,25,94,25,119,119,0,0.513671875,-0.513671875,-0.513671875,1,119,True
+,94,26,94,26,120,120,1,0.10601806640625,-0.10601806640625,-0.10601806640625,1,120,True
+,94,27,94,27,121,121,0,0.0247039794921875,-0.0247039794921875,-0.0247039794921875,1,121,True
+,94,28,94,28,122,122,0,0.01165008544921875,-0.01165008544921875,-0.01165008544921875,1,122,True
+,94,29,94,29,123,123,0,0.060211181640625,-0.060211181640625,-0.060211181640625,1,123,True
+,94,30,94,30,124,124,0,0.2325439453125,-0.2325439453125,-0.2325439453125,1,124,True
+,94,31,94,31,125,125,0,0.0780029296875,-0.0780029296875,-0.0780029296875,1,125,True
+,94,32,94,32,126,126,1,0.09033203125,-0.09033203125,-0.09033203125,1,126,True
+,94,33,94,33,127,127,0,0.06500244140625,-0.06500244140625,-0.06500244140625,1,127,True
+,94,34,94,34,128,128,0,0.60546875,-0.60546875,-0.60546875,1,128,True
+,94,35,94,35,129,129,0,0.07525634765625,-0.07525634765625,-0.07525634765625,1,129,True
+,94,36,94,36,130,130,1,0.1614990234375,-0.1614990234375,-0.1614990234375,1,130,True
+,94,37,94,37,131,131,0,0.328125,-0.328125,-0.328125,1,131,True
+,94,38,94,38,132,132,1,0.280517578125,-0.280517578125,-0.280517578125,1,132,True
+,94,39,94,39,133,133,0,0.07891845703125,-0.07891845703125,-0.07891845703125,1,133,True
+,94,40,94,40,134,134,0,0.050994873046875,-0.050994873046875,-0.050994873046875,1,134,True
+,94,41,94,41,135,135,0,0.46044921875,-0.46044921875,-0.46044921875,1,135,True
+,94,42,94,42,136,136,0,0.1556396484375,-0.1556396484375,-0.1556396484375,1,136,True
+,94,43,94,43,137,137,0,1.140625,-1.140625,-1.140625,1,127,False
+,94,44,94,44,138,138,0,0.0263214111328125,-0.0263214111328125,-0.0263214111328125,1,138,True
+,94,45,94,45,139,139,0,0.1519775390625,-0.1519775390625,-0.1519775390625,1,139,True
+,94,46,94,46,140,140,0,1.65625,-1.65625,-1.65625,1,130,False
+,94,47,94,47,141,141,0,0.1644287109375,-0.1644287109375,-0.1644287109375,1,141,True
+,94,48,94,48,142,142,0,0.0802001953125,-0.0802001953125,-0.0802001953125,1,142,True
+,94,49,94,49,143,143,2,0.16796875,-0.16796875,-0.16796875,1,143,True
+,94,50,94,50,144,144,0,1.005859375,-1.005859375,-1.005859375,1,134,False
+,94,51,94,51,145,145,0,0.229736328125,-0.229736328125,-0.229736328125,1,145,True
+,94,52,94,52,146,146,0,0.5107421875,-0.5107421875,-0.5107421875,1,146,True
+,94,53,94,53,147,147,0,0.1932373046875,-0.1932373046875,-0.1932373046875,1,147,True
+,94,54,94,54,148,148,0,0.7099609375,-0.7099609375,-0.7099609375,1,148,True
+,94,55,94,55,149,149,0,0.337646484375,-0.337646484375,-0.337646484375,1,149,True
+,94,56,94,56,150,150,0,0.394775390625,-0.394775390625,-0.394775390625,1,150,True
+,94,57,94,57,151,151,0,0.1798095703125,-0.1798095703125,-0.1798095703125,1,151,True
+,94,58,94,58,152,152,0,0.296142578125,-0.296142578125,-0.296142578125,1,152,True
+,94,59,94,59,153,153,0,0.20263671875,-0.20263671875,-0.20263671875,1,153,True
+,94,60,94,60,154,154,0,0.344970703125,-0.344970703125,-0.344970703125,1,154,True
+,94,61,94,61,155,155,0,0.92431640625,-0.92431640625,-0.92431640625,1,155,True
+,94,62,94,62,156,156,0,0.6416015625,-0.6416015625,-0.6416015625,1,156,True
+,94,63,94,63,157,157,0,0.41162109375,-0.41162109375,-0.41162109375,1,157,True
+,94,64,94,64,158,158,0,0.66259765625,-0.66259765625,-0.66259765625,1,158,True
+,94,65,94,65,159,159,0,0.4013671875,-0.4013671875,-0.4013671875,1,159,True
+,94,66,94,66,160,160,1,0.84033203125,-0.84033203125,-0.84033203125,1,160,True
+,94,67,94,67,161,161,0,0.5888671875,-0.5888671875,-0.5888671875,1,161,True
+,94,68,94,68,162,162,0,0.0526123046875,-0.0526123046875,-0.0526123046875,1,162,True
+,94,69,94,69,163,163,0,0.260498046875,-0.260498046875,-0.260498046875,1,163,True
+,94,70,94,70,164,164,0,0.79736328125,-0.79736328125,-0.79736328125,1,164,True
+,94,71,94,71,165,165,0,0.2423095703125,-0.2423095703125,-0.2423095703125,1,165,True
+,94,72,94,72,166,166,0,0.390380859375,-0.390380859375,-0.390380859375,1,166,True
+,94,73,94,73,167,167,0,0.51123046875,-0.51123046875,-0.51123046875,1,167,True
+,94,74,94,74,168,168,1,2.9140625,-2.9140625,-2.9140625,1,159,False
+,94,75,94,75,169,169,0,1.14453125,-1.14453125,-1.14453125,1,169,True
+,94,76,94,76,170,170,0,1.0263671875,-1.0263671875,-1.0263671875,1,170,True
+,94,77,94,77,171,171,0,0.239501953125,-0.239501953125,-0.239501953125,1,171,True
+,94,78,94,78,172,172,0,0.498291015625,-0.498291015625,-0.498291015625,1,172,True
+,94,79,94,79,173,173,0,0.45458984375,-0.45458984375,-0.45458984375,1,173,True
+,94,80,94,80,174,174,0,0.195556640625,-0.195556640625,-0.195556640625,1,174,True
+,94,81,94,81,175,175,0,0.34375,-0.34375,-0.34375,1,175,True
+,94,82,94,82,176,176,0,1.1025390625,-1.1025390625,-1.1025390625,1,176,True
+,94,83,94,83,177,177,0,0.190185546875,-0.190185546875,-0.190185546875,1,177,True
+,94,84,94,84,178,178,0,0.85400390625,-0.85400390625,-0.85400390625,1,179,False
+,94,85,94,85,179,179,0,0.1273193359375,-0.1273193359375,-0.1273193359375,1,179,True
+,94,86,94,86,180,180,0,0.1329345703125,-0.1329345703125,-0.1329345703125,1,180,True
+,94,87,94,87,181,181,0,0.1353759765625,-0.1353759765625,-0.1353759765625,1,181,True
+,94,88,94,88,182,182,1,0.07855224609375,-0.07855224609375,-0.07855224609375,1,182,True
+,94,89,94,89,183,183,0,0.0517578125,-0.0517578125,-0.0517578125,1,183,True
+,94,90,94,90,184,184,0,0.08282470703125,-0.08282470703125,-0.08282470703125,1,184,True
+,94,91,94,91,185,185,0,0.1781005859375,-0.1781005859375,-0.1781005859375,1,185,True
+,94,92,94,92,186,186,0,0.322021484375,-0.322021484375,-0.322021484375,1,186,True
+,94,93,94,93,187,187,0,0.341064453125,-0.341064453125,-0.341064453125,1,187,True
+,94,94,94,94,188,188,0,0.464599609375,-0.464599609375,-0.464599609375,1,188,True
+,94,95,94,95,189,189,0,0.0458984375,-0.0458984375,-0.0458984375,1,189,True
+,94,96,94,96,190,190,0,0.024200439453125,-0.024200439453125,-0.024200439453125,1,190,True
+,94,97,94,97,191,191,0,0.1575927734375,-0.1575927734375,-0.1575927734375,1,191,True
+,94,98,94,98,192,192,0,1.5263671875,-1.5263671875,-1.5263671875,1,182,False
+,94,99,94,99,193,193,1,0.07958984375,-0.07958984375,-0.07958984375,1,193,True
+,95,10,95,10,105,105,7,0.43896484375,-0.43896484375,-0.43896484375,1,105,True
+,95,11,95,11,106,106,0,0.54248046875,-0.54248046875,-0.54248046875,1,106,True
+,95,12,95,12,107,107,0,0.14599609375,-0.14599609375,-0.14599609375,1,107,True
+,95,13,95,13,108,108,1,0.7177734375,-0.7177734375,-0.7177734375,1,108,True
+,95,14,95,14,109,109,1,0.68896484375,-0.68896484375,-0.68896484375,1,109,True
+,95,15,95,15,110,110,0,0.3466796875,-0.3466796875,-0.3466796875,1,110,True
+,95,16,95,16,111,111,1,1.1796875,-1.1796875,-1.1796875,1,121,False
+,95,17,95,17,112,112,0,0.8173828125,-0.8173828125,-0.8173828125,1,122,False
+,95,18,95,18,113,113,0,0.044647216796875,-0.044647216796875,-0.044647216796875,1,113,True
+,95,19,95,19,114,114,0,0.2303466796875,-0.2303466796875,-0.2303466796875,1,114,True
+,95,20,95,20,115,115,0,1.4404296875,-1.4404296875,-1.4404296875,1,125,False
+,95,21,95,21,116,116,0,0.055877685546875,-0.055877685546875,-0.055877685546875,1,116,True
+,95,22,95,22,117,117,0,0.44140625,-0.44140625,-0.44140625,1,117,True
+,95,23,95,23,118,118,0,0.328125,-0.328125,-0.328125,1,118,True
+,95,24,95,24,119,119,1,0.1104736328125,-0.1104736328125,-0.1104736328125,1,119,True
+,95,25,95,25,120,120,0,0.2724609375,-0.2724609375,-0.2724609375,1,120,True
+,95,26,95,26,121,121,0,1.0595703125,-1.0595703125,-1.0595703125,1,131,False
+,95,27,95,27,122,122,0,0.0955810546875,-0.0955810546875,-0.0955810546875,1,122,True
+,95,28,95,28,123,123,0,0.08392333984375,-0.08392333984375,-0.08392333984375,1,123,True
+,95,29,95,29,124,124,0,0.1263427734375,-0.1263427734375,-0.1263427734375,1,124,True
+,95,30,95,30,125,125,0,0.05224609375,-0.05224609375,-0.05224609375,1,125,True
+,95,31,95,31,126,126,0,0.354736328125,-0.354736328125,-0.354736328125,1,126,True
+,95,32,95,32,127,127,0,0.491455078125,-0.491455078125,-0.491455078125,1,127,True
+,95,33,95,33,128,128,0,0.1488037109375,-0.1488037109375,-0.1488037109375,1,128,True
+,95,34,95,34,129,129,0,0.11212158203125,-0.11212158203125,-0.11212158203125,1,129,True
+,95,35,95,35,130,130,1,0.27294921875,-0.27294921875,-0.27294921875,1,130,True
+,95,36,95,36,131,131,0,0.07855224609375,-0.07855224609375,-0.07855224609375,1,131,True
+,95,37,95,37,132,132,0,0.11077880859375,-0.11077880859375,-0.11077880859375,1,132,True
+,95,38,95,38,133,133,0,0.143798828125,-0.143798828125,-0.143798828125,1,133,True
+,95,39,95,39,134,134,0,0.385498046875,-0.385498046875,-0.385498046875,1,134,True
+,95,40,95,40,135,135,0,0.1748046875,-0.1748046875,-0.1748046875,1,135,True
+,95,41,95,41,136,136,0,0.2034912109375,-0.2034912109375,-0.2034912109375,1,136,True
+,95,42,95,42,137,137,0,0.262451171875,-0.262451171875,-0.262451171875,1,137,True
+,95,43,95,43,138,138,0,0.2137451171875,-0.2137451171875,-0.2137451171875,1,138,True
+,95,44,95,44,139,139,0,0.413818359375,-0.413818359375,-0.413818359375,1,139,True
+,95,45,95,45,140,140,0,0.2281494140625,-0.2281494140625,-0.2281494140625,1,140,True
+,95,46,95,46,141,141,0,0.158935546875,-0.158935546875,-0.158935546875,1,141,True
+,95,47,95,47,142,142,0,0.2467041015625,-0.2467041015625,-0.2467041015625,1,142,True
+,95,48,95,48,143,143,0,0.06109619140625,-0.06109619140625,-0.06109619140625,1,143,True
+,95,49,95,49,144,144,0,0.103271484375,-0.103271484375,-0.103271484375,1,144,True
+,95,50,95,50,145,145,0,0.0670166015625,-0.0670166015625,-0.0670166015625,1,145,True
+,95,51,95,51,146,146,0,0.48193359375,-0.48193359375,-0.48193359375,1,146,True
+,95,52,95,52,147,147,0,0.264404296875,-0.264404296875,-0.264404296875,1,147,True
+,95,53,95,53,148,148,0,0.371826171875,-0.371826171875,-0.371826171875,1,148,True
+,95,54,95,54,149,149,1,0.72412109375,-0.72412109375,-0.72412109375,1,149,True
+,95,55,95,55,150,150,0,0.29150390625,-0.29150390625,-0.29150390625,1,150,True
+,95,56,95,56,151,151,0,1.6552734375,-1.6552734375,-1.6552734375,1,141,False
+,95,57,95,57,152,152,0,0.60302734375,-0.60302734375,-0.60302734375,1,152,True
+,95,58,95,58,153,153,0,0.118408203125,-0.118408203125,-0.118408203125,1,153,True
+,95,59,95,59,154,154,1,0.638671875,-0.638671875,-0.638671875,1,154,True
+,95,60,95,60,155,155,1,0.6240234375,-0.6240234375,-0.6240234375,1,155,True
+,95,61,95,61,156,156,0,1.3037109375,-1.3037109375,-1.3037109375,1,146,False
+,95,62,95,62,157,157,0,2.232421875,-2.232421875,-2.232421875,1,147,False
+,95,63,95,63,158,158,0,0.5390625,-0.5390625,-0.5390625,1,158,True
+,95,64,95,64,159,159,0,0.9912109375,-0.9912109375,-0.9912109375,1,149,False
+,95,65,95,65,160,160,1,0.485595703125,-0.485595703125,-0.485595703125,1,160,True
+,95,66,95,66,161,161,2,1.44921875,-1.44921875,-1.44921875,1,151,False
+,95,67,95,67,162,162,0,0.387451171875,-0.387451171875,-0.387451171875,1,162,True
+,95,68,95,68,163,163,0,0.349609375,-0.349609375,-0.349609375,1,163,True
+,95,69,95,69,164,164,0,0.1474609375,-0.1474609375,-0.1474609375,1,164,True
+,95,70,95,70,165,165,0,0.337646484375,-0.337646484375,-0.337646484375,1,165,True
+,95,71,95,71,166,166,0,0.7734375,-0.7734375,-0.7734375,1,156,False
+,95,72,95,72,167,167,0,0.252197265625,-0.252197265625,-0.252197265625,1,167,True
+,95,73,95,73,168,168,0,0.1776123046875,-0.1776123046875,-0.1776123046875,1,168,True
+,95,74,95,74,169,169,0,1.494140625,-1.494140625,-1.494140625,1,159,False
+,95,75,95,75,170,170,1,0.5,-0.5,-0.5,1,170,True
+,95,76,95,76,171,171,0,0.11669921875,-0.11669921875,-0.11669921875,1,171,True
+,95,77,95,77,172,172,0,0.325927734375,-0.325927734375,-0.325927734375,1,172,True
+,95,78,95,78,173,173,0,0.465087890625,-0.465087890625,-0.465087890625,1,173,True
+,95,79,95,79,174,174,0,0.278564453125,-0.278564453125,-0.278564453125,1,174,True
+,95,80,95,80,175,175,0,0.490234375,-0.490234375,-0.490234375,1,175,True
+,95,81,95,81,176,176,0,0.1370849609375,-0.1370849609375,-0.1370849609375,1,176,True
+,95,82,95,82,177,177,0,0.254638671875,-0.254638671875,-0.254638671875,1,177,True
+,95,83,95,83,178,178,0,0.329345703125,-0.329345703125,-0.329345703125,1,178,True
+,95,84,95,84,179,179,0,0.0904541015625,-0.0904541015625,-0.0904541015625,1,179,True
+,95,85,95,85,180,180,0,0.083984375,-0.083984375,-0.083984375,1,180,True
+,95,86,95,86,181,181,0,0.125244140625,-0.125244140625,-0.125244140625,1,181,True
+,95,87,95,87,182,182,0,0.204345703125,-0.204345703125,-0.204345703125,1,182,True
+,95,88,95,88,183,183,0,0.057098388671875,-0.057098388671875,-0.057098388671875,1,183,True
+,95,89,95,89,184,184,0,0.10687255859375,-0.10687255859375,-0.10687255859375,1,184,True
+,95,90,95,90,185,185,1,0.08563232421875,-0.08563232421875,-0.08563232421875,1,185,True
+,95,91,95,91,186,186,0,0.11187744140625,-0.11187744140625,-0.11187744140625,1,186,True
+,95,92,95,92,187,187,0,0.3349609375,-0.3349609375,-0.3349609375,1,187,True
+,95,93,95,93,188,188,0,0.2335205078125,-0.2335205078125,-0.2335205078125,1,188,True
+,95,94,95,94,189,189,0,0.10565185546875,-0.10565185546875,-0.10565185546875,1,189,True
+,95,95,95,95,190,190,0,0.09942626953125,-0.09942626953125,-0.09942626953125,1,190,True
+,95,96,95,96,191,191,0,0.0244598388671875,-0.0244598388671875,-0.0244598388671875,1,191,True
+,95,97,95,97,192,192,0,0.2685546875,-0.2685546875,-0.2685546875,1,192,True
+,95,98,95,98,193,193,0,1.63671875,-1.63671875,-1.63671875,1,183,False
+,95,99,95,99,194,194,0,0.380126953125,-0.380126953125,-0.380126953125,1,194,True
+,96,10,96,10,106,106,3,0.0645751953125,-0.0645751953125,-0.0645751953125,1,106,True
+,96,11,96,11,107,107,0,0.1026611328125,-0.1026611328125,-0.1026611328125,1,107,True
+,96,12,96,12,108,108,1,0.006992340087890625,-0.006992340087890625,-0.006992340087890625,1,108,True
+,96,13,96,13,109,109,2,0.36669921875,-0.36669921875,-0.36669921875,1,109,True
+,96,14,96,14,110,110,0,0.239013671875,-0.239013671875,-0.239013671875,1,110,True
+,96,15,96,15,111,111,1,0.0948486328125,-0.0948486328125,-0.0948486328125,1,111,True
+,96,16,96,16,112,112,2,2.48046875,-2.48046875,-2.48046875,1,122,False
+,96,17,96,17,113,113,0,0.157958984375,-0.157958984375,-0.157958984375,1,113,True
+,96,18,96,18,114,114,3,0.02276611328125,-0.02276611328125,-0.02276611328125,1,114,True
+,96,19,96,19,115,115,2,0.052947998046875,-0.052947998046875,-0.052947998046875,1,115,True
+,96,20,96,20,116,116,0,0.07086181640625,-0.07086181640625,-0.07086181640625,1,116,True
+,96,21,96,21,117,117,3,0.0084381103515625,-0.0084381103515625,-0.0084381103515625,1,117,True
+,96,22,96,22,118,118,1,0.0439453125,-0.0439453125,-0.0439453125,1,118,True
+,96,23,96,23,119,119,2,0.049652099609375,-0.049652099609375,-0.049652099609375,1,119,True
+,96,24,96,24,120,120,11,0.00543975830078125,-0.00543975830078125,-0.00543975830078125,1,120,True
+,96,25,96,25,121,121,0,0.07769775390625,-0.07769775390625,-0.07769775390625,1,121,True
+,96,26,96,26,122,122,1,0.0242919921875,-0.0242919921875,-0.0242919921875,1,122,True
+,96,27,96,27,123,123,0,0.0467529296875,-0.0467529296875,-0.0467529296875,1,123,True
+,96,28,96,28,124,124,1,0.0307464599609375,-0.0307464599609375,-0.0307464599609375,1,124,True
+,96,29,96,29,125,125,0,0.0572509765625,-0.0572509765625,-0.0572509765625,1,125,True
+,96,30,96,30,126,126,0,0.09149169921875,-0.09149169921875,-0.09149169921875,1,126,True
+,96,31,96,31,127,127,3,0.11456298828125,-0.11456298828125,-0.11456298828125,1,127,True
+,96,32,96,32,128,128,1,0.08734130859375,-0.08734130859375,-0.08734130859375,1,128,True
+,96,33,96,33,129,129,1,0.07769775390625,-0.07769775390625,-0.07769775390625,1,129,True
+,96,34,96,34,130,130,0,0.1875,-0.1875,-0.1875,1,130,True
+,96,35,96,35,131,131,0,0.1552734375,-0.1552734375,-0.1552734375,1,131,True
+,96,36,96,36,132,132,1,0.521484375,-0.521484375,-0.521484375,1,132,True
+,96,37,96,37,133,133,0,0.11474609375,-0.11474609375,-0.11474609375,1,133,True
+,96,38,96,38,134,134,0,0.10186767578125,-0.10186767578125,-0.10186767578125,1,134,True
+,96,39,96,39,135,135,0,0.371826171875,-0.371826171875,-0.371826171875,1,135,True
+,96,40,96,40,136,136,1,0.032562255859375,-0.032562255859375,-0.032562255859375,1,136,True
+,96,41,96,41,137,137,0,0.435302734375,-0.435302734375,-0.435302734375,1,137,True
+,96,42,96,42,138,138,0,0.2088623046875,-0.2088623046875,-0.2088623046875,1,138,True
+,96,43,96,43,139,139,0,0.6259765625,-0.6259765625,-0.6259765625,1,139,True
+,96,44,96,44,140,140,0,1.5458984375,-1.5458984375,-1.5458984375,1,130,False
+,96,45,96,45,141,141,0,0.10089111328125,-0.10089111328125,-0.10089111328125,1,141,True
+,96,46,96,46,142,142,0,0.658203125,-0.658203125,-0.658203125,1,142,True
+,96,47,96,47,143,143,1,0.393310546875,-0.393310546875,-0.393310546875,1,143,True
+,96,48,96,48,144,144,3,0.474853515625,-0.474853515625,-0.474853515625,1,144,True
+,96,49,96,49,145,145,0,0.08746337890625,-0.08746337890625,-0.08746337890625,1,145,True
+,96,50,96,50,146,146,0,0.2919921875,-0.2919921875,-0.2919921875,1,146,True
+,96,51,96,51,147,147,0,0.1146240234375,-0.1146240234375,-0.1146240234375,1,147,True
+,96,52,96,52,148,148,0,1.50390625,-1.50390625,-1.50390625,1,138,False
+,96,53,96,53,149,149,1,1.2587890625,-1.2587890625,-1.2587890625,1,139,False
+,96,54,96,54,150,150,1,1.95703125,-1.95703125,-1.95703125,1,138,False
+,96,55,96,55,151,151,0,0.6005859375,-0.6005859375,-0.6005859375,1,151,True
+,96,56,96,56,152,152,0,2.708984375,-2.708984375,-2.708984375,1,142,False
+,96,57,96,57,153,153,1,0.48681640625,-0.48681640625,-0.48681640625,1,153,True
+,96,58,96,58,154,154,0,0.85693359375,-0.85693359375,-0.85693359375,1,154,True
+,96,59,96,59,155,155,0,2.06640625,-2.06640625,-2.06640625,1,145,False
+,96,60,96,60,156,156,0,0.97802734375,-0.97802734375,-0.97802734375,1,156,True
+,96,61,96,61,157,157,0,2.166015625,-2.166015625,-2.166015625,1,147,False
+,96,62,96,62,158,158,1,1.9326171875,-1.9326171875,-1.9326171875,1,138,False
+,96,63,96,63,159,159,0,0.6533203125,-0.6533203125,-0.6533203125,1,159,True
+,96,64,96,64,160,160,0,2.330078125,-2.330078125,-2.330078125,1,140,False
+,96,65,96,65,161,161,0,0.587890625,-0.587890625,-0.587890625,1,161,True
+,96,66,96,66,162,162,0,2.1484375,-2.1484375,-2.1484375,1,141,False
+,96,67,96,67,163,163,0,0.6767578125,-0.6767578125,-0.6767578125,1,163,True
+,96,68,96,68,164,164,0,1.7861328125,-1.7861328125,-1.7861328125,1,154,False
+,96,69,96,69,165,165,1,0.361083984375,-0.361083984375,-0.361083984375,1,165,True
+,96,70,96,70,166,166,0,1.0966796875,-1.0966796875,-1.0966796875,1,146,False
+,96,71,96,71,167,167,0,0.88232421875,-0.88232421875,-0.88232421875,1,167,True
+,96,72,96,72,168,168,1,2.017578125,-2.017578125,-2.017578125,1,147,False
+,96,73,96,73,169,169,0,0.96142578125,-0.96142578125,-0.96142578125,1,169,True
+,96,74,96,74,170,170,0,2.775390625,-2.775390625,-2.775390625,1,130,False
+,96,75,96,75,171,171,0,1.2861328125,-1.2861328125,-1.2861328125,1,141,False
+,96,76,96,76,172,172,0,1.2333984375,-1.2333984375,-1.2333984375,1,172,True
+,96,77,96,77,173,173,0,1.0546875,-1.0546875,-1.0546875,1,163,False
+,96,78,96,78,174,174,0,2.537109375,-2.537109375,-2.537109375,1,144,False
+,96,79,96,79,175,175,0,1.060546875,-1.060546875,-1.060546875,1,155,False
+,96,80,96,80,176,176,0,2.107421875,-2.107421875,-2.107421875,1,166,False
+,96,81,96,81,177,177,0,0.9189453125,-0.9189453125,-0.9189453125,1,177,True
+,96,82,96,82,178,178,0,1.3916015625,-1.3916015625,-1.3916015625,1,158,False
+,96,83,96,83,179,179,1,0.1966552734375,-0.1966552734375,-0.1966552734375,1,179,True
+,96,84,96,84,180,180,1,1.904296875,-1.904296875,-1.904296875,1,180,True
+,96,85,96,85,181,181,0,0.26025390625,-0.26025390625,-0.26025390625,1,181,True
+,96,86,96,86,182,182,0,1.1484375,-1.1484375,-1.1484375,1,172,False
+,96,87,96,87,183,183,0,0.062744140625,-0.062744140625,-0.062744140625,1,183,True
+,96,88,96,88,184,184,0,1.607421875,-1.607421875,-1.607421875,1,176,False
+,96,89,96,89,185,185,0,0.1390380859375,-0.1390380859375,-0.1390380859375,1,185,True
+,96,90,96,90,186,186,0,0.29638671875,-0.29638671875,-0.29638671875,1,186,True
+,96,91,96,91,187,187,0,0.1600341796875,-0.1600341796875,-0.1600341796875,1,187,True
+,96,92,96,92,188,188,0,0.80322265625,-0.80322265625,-0.80322265625,1,188,True
+,96,93,96,93,189,189,0,0.07427978515625,-0.07427978515625,-0.07427978515625,1,189,True
+,96,94,96,94,190,190,1,0.464599609375,-0.464599609375,-0.464599609375,1,190,True
+,96,95,96,95,191,191,0,0.020172119140625,-0.020172119140625,-0.020172119140625,1,191,True
+,96,96,96,96,192,192,1,0.13330078125,-0.13330078125,-0.13330078125,1,192,True
+,96,97,96,97,193,193,0,0.150634765625,-0.150634765625,-0.150634765625,1,193,True
+,96,98,96,98,194,194,0,3.431640625,-3.431640625,-3.431640625,1,184,False
+,96,99,96,99,195,195,0,0.10076904296875,-0.10076904296875,-0.10076904296875,1,195,True
+,97,10,97,10,107,107,1,2.984375,-2.984375,-2.984375,1,117,False
+,97,11,97,11,108,108,0,0.88037109375,-0.88037109375,-0.88037109375,1,118,False
+,97,12,97,12,109,109,0,0.5732421875,-0.5732421875,-0.5732421875,1,109,True
+,97,13,97,13,110,110,0,3.3828125,-3.3828125,-3.3828125,1,120,False
+,97,14,97,14,111,111,2,1.8271484375,-1.8271484375,-1.8271484375,1,121,False
+,97,15,97,15,112,112,0,2.98046875,-2.98046875,-2.98046875,1,122,False
+,97,16,97,16,113,113,1,4.41015625,-4.41015625,-4.41015625,1,123,False
+,97,17,97,17,114,114,1,0.6650390625,-0.6650390625,-0.6650390625,1,114,True
+,97,18,97,18,115,115,0,0.1280517578125,-0.1280517578125,-0.1280517578125,1,115,True
+,97,19,97,19,116,116,0,1.28515625,-1.28515625,-1.28515625,1,126,False
+,97,20,97,20,117,117,0,0.2332763671875,-0.2332763671875,-0.2332763671875,1,117,True
+,97,21,97,21,118,118,0,0.1871337890625,-0.1871337890625,-0.1871337890625,1,118,True
+,97,22,97,22,119,119,1,0.560546875,-0.560546875,-0.560546875,1,119,True
+,97,23,97,23,120,120,0,0.11126708984375,-0.11126708984375,-0.11126708984375,1,120,True
+,97,24,97,24,121,121,0,0.12457275390625,-0.12457275390625,-0.12457275390625,1,121,True
+,97,25,97,25,122,122,1,1.4345703125,-1.4345703125,-1.4345703125,1,132,False
+,97,26,97,26,123,123,0,0.162109375,-0.162109375,-0.162109375,1,123,True
+,97,27,97,27,124,124,0,0.070068359375,-0.070068359375,-0.070068359375,1,124,True
+,97,28,97,28,125,125,0,0.208251953125,-0.208251953125,-0.208251953125,1,125,True
+,97,29,97,29,126,126,0,0.263916015625,-0.263916015625,-0.263916015625,1,126,True
+,97,30,97,30,127,127,0,0.9013671875,-0.9013671875,-0.9013671875,1,137,False
+,97,31,97,31,128,128,0,0.338623046875,-0.338623046875,-0.338623046875,1,128,True
+,97,32,97,32,129,129,0,0.06658935546875,-0.06658935546875,-0.06658935546875,1,129,True
+,97,33,97,33,130,130,0,0.19482421875,-0.19482421875,-0.19482421875,1,130,True
+,97,34,97,34,131,131,0,0.6611328125,-0.6611328125,-0.6611328125,1,131,True
+,97,35,97,35,132,132,0,0.4638671875,-0.4638671875,-0.4638671875,1,132,True
+,97,36,97,36,133,133,0,0.09869384765625,-0.09869384765625,-0.09869384765625,1,133,True
+,97,37,97,37,134,134,0,1.4658203125,-1.4658203125,-1.4658203125,1,144,False
+,97,38,97,38,135,135,0,0.486083984375,-0.486083984375,-0.486083984375,1,135,True
+,97,39,97,39,136,136,0,0.1981201171875,-0.1981201171875,-0.1981201171875,1,136,True
+,97,40,97,40,137,137,0,0.11541748046875,-0.11541748046875,-0.11541748046875,1,137,True
+,97,41,97,41,138,138,0,0.216552734375,-0.216552734375,-0.216552734375,1,138,True
+,97,42,97,42,139,139,0,0.328369140625,-0.328369140625,-0.328369140625,1,139,True
+,97,43,97,43,140,140,0,1.349609375,-1.349609375,-1.349609375,1,142,False
+,97,44,97,44,141,141,0,0.1470947265625,-0.1470947265625,-0.1470947265625,1,141,True
+,97,45,97,45,142,142,0,0.022705078125,-0.022705078125,-0.022705078125,1,142,True
+,97,46,97,46,143,143,0,0.7900390625,-0.7900390625,-0.7900390625,1,133,False
+,97,47,97,47,144,144,0,0.16845703125,-0.16845703125,-0.16845703125,1,144,True
+,97,48,97,48,145,145,3,0.2802734375,-0.2802734375,-0.2802734375,1,145,True
+,97,49,97,49,146,146,0,0.058685302734375,-0.058685302734375,-0.058685302734375,1,146,True
+,97,50,97,50,147,147,0,0.018829345703125,-0.018829345703125,-0.018829345703125,1,147,True
+,97,51,97,51,148,148,0,1.30078125,-1.30078125,-1.30078125,1,148,True
+,97,52,97,52,149,149,0,1.08984375,-1.08984375,-1.08984375,1,149,True
+,97,53,97,53,150,150,0,1.6298828125,-1.6298828125,-1.6298828125,1,142,False
+,97,54,97,54,151,151,0,1.4873046875,-1.4873046875,-1.4873046875,1,143,False
+,97,55,97,55,152,152,0,1.119140625,-1.119140625,-1.119140625,1,142,False
+,97,56,97,56,153,153,0,1.5361328125,-1.5361328125,-1.5361328125,1,143,False
+,97,57,97,57,154,154,0,0.74072265625,-0.74072265625,-0.74072265625,1,154,True
+,97,58,97,58,155,155,0,3.091796875,-3.091796875,-3.091796875,1,145,False
+,97,59,97,59,156,156,0,0.6171875,-0.6171875,-0.6171875,1,156,True
+,97,60,97,60,157,157,0,1.2900390625,-1.2900390625,-1.2900390625,1,137,False
+,97,61,97,61,158,158,0,3.1875,-3.1875,-3.1875,1,138,False
+,97,62,97,62,159,159,1,1.552734375,-1.552734375,-1.552734375,1,149,False
+,97,63,97,63,160,160,1,1.0947265625,-1.0947265625,-1.0947265625,1,160,True
+,97,64,97,64,161,161,0,3.3203125,-3.3203125,-3.3203125,1,141,False
+,97,65,97,65,162,162,1,0.19482421875,-0.19482421875,-0.19482421875,1,162,True
+,97,66,97,66,163,163,0,1.0166015625,-1.0166015625,-1.0166015625,1,143,False
+,97,67,97,67,164,164,0,1.140625,-1.140625,-1.140625,1,154,False
+,97,68,97,68,165,165,0,0.8681640625,-0.8681640625,-0.8681640625,1,165,True
+,97,69,97,69,166,166,0,0.3173828125,-0.3173828125,-0.3173828125,1,166,True
+,97,70,97,70,167,167,0,1.05078125,-1.05078125,-1.05078125,1,157,False
+,97,71,97,71,168,168,0,1.140625,-1.140625,-1.140625,1,158,False
+,97,72,97,72,169,169,0,2.11328125,-2.11328125,-2.11328125,1,149,False
+,97,73,97,73,170,170,0,1.748046875,-1.748046875,-1.748046875,1,160,False
+,97,74,97,74,171,171,2,3.50390625,-3.50390625,-3.50390625,1,161,False
+,97,75,97,75,172,172,0,0.323974609375,-0.323974609375,-0.323974609375,1,172,True
+,97,76,97,76,173,173,0,1.5166015625,-1.5166015625,-1.5166015625,1,163,False
+,97,77,97,77,174,174,0,0.333984375,-0.333984375,-0.333984375,1,174,True
+,97,78,97,78,175,175,0,2.978515625,-2.978515625,-2.978515625,1,155,False
+,97,79,97,79,176,176,1,1.8310546875,-1.8310546875,-1.8310546875,1,166,False
+,97,80,97,80,177,177,0,1.939453125,-1.939453125,-1.939453125,1,167,False
+,97,81,97,81,178,178,0,0.63671875,-0.63671875,-0.63671875,1,178,True
+,97,82,97,82,179,179,0,3.966796875,-3.966796875,-3.966796875,1,159,False
+,97,83,97,83,180,180,0,0.262451171875,-0.262451171875,-0.262451171875,1,180,True
+,97,84,97,84,181,181,0,1.134765625,-1.134765625,-1.134765625,1,181,True
+,97,85,97,85,182,182,0,1.4580078125,-1.4580078125,-1.4580078125,1,172,False
+,97,86,97,86,183,183,0,0.1817626953125,-0.1817626953125,-0.1817626953125,1,183,True
+,97,87,97,87,184,184,0,0.375732421875,-0.375732421875,-0.375732421875,1,184,True
+,97,88,97,88,185,185,0,2.53515625,-2.53515625,-2.53515625,1,175,False
+,97,89,97,89,186,186,0,0.2109375,-0.2109375,-0.2109375,1,186,True
+,97,90,97,90,187,187,0,0.0701904296875,-0.0701904296875,-0.0701904296875,1,187,True
+,97,91,97,91,188,188,0,0.5546875,-0.5546875,-0.5546875,1,188,True
+,97,92,97,92,189,189,0,0.41162109375,-0.41162109375,-0.41162109375,1,189,True
+,97,93,97,93,190,190,0,0.2047119140625,-0.2047119140625,-0.2047119140625,1,190,True
+,97,94,97,94,191,191,1,1.083984375,-1.083984375,-1.083984375,1,183,False
+,97,95,97,95,192,192,0,0.07464599609375,-0.07464599609375,-0.07464599609375,1,192,True
+,97,96,97,96,193,193,1,0.1962890625,-0.1962890625,-0.1962890625,1,193,True
+,97,97,97,97,194,194,0,0.80078125,-0.80078125,-0.80078125,1,194,True
+,97,98,97,98,195,195,1,0.8466796875,-0.8466796875,-0.8466796875,1,195,True
+,97,99,97,99,196,196,0,0.39990234375,-0.39990234375,-0.39990234375,1,196,True
+,98,10,98,10,108,108,0,0.051544189453125,-0.051544189453125,-0.051544189453125,1,108,True
+,98,11,98,11,109,109,0,0.152099609375,-0.152099609375,-0.152099609375,1,109,True
+,98,12,98,12,110,110,0,0.0423583984375,-0.0423583984375,-0.0423583984375,1,110,True
+,98,13,98,13,111,111,0,0.1658935546875,-0.1658935546875,-0.1658935546875,1,111,True
+,98,14,98,14,112,112,0,0.369873046875,-0.369873046875,-0.369873046875,1,112,True
+,98,15,98,15,113,113,0,0.0282745361328125,-0.0282745361328125,-0.0282745361328125,1,113,True
+,98,16,98,16,114,114,0,0.057952880859375,-0.057952880859375,-0.057952880859375,1,114,True
+,98,17,98,17,115,115,0,0.0841064453125,-0.0841064453125,-0.0841064453125,1,115,True
+,98,18,98,18,116,116,0,0.08660888671875,-0.08660888671875,-0.08660888671875,1,116,True
+,98,19,98,19,117,117,0,0.021026611328125,-0.021026611328125,-0.021026611328125,1,117,True
+,98,20,98,20,118,118,0,0.04034423828125,-0.04034423828125,-0.04034423828125,1,118,True
+,98,21,98,21,119,119,0,0.3359375,-0.3359375,-0.3359375,1,119,True
+,98,22,98,22,120,120,0,0.381591796875,-0.381591796875,-0.381591796875,1,120,True
+,98,23,98,23,121,121,0,0.154296875,-0.154296875,-0.154296875,1,121,True
+,98,24,98,24,122,122,0,0.02734375,-0.02734375,-0.02734375,1,122,True
+,98,25,98,25,123,123,0,0.04559326171875,-0.04559326171875,-0.04559326171875,1,123,True
+,98,26,98,26,124,124,0,0.386474609375,-0.386474609375,-0.386474609375,1,124,True
+,98,27,98,27,125,125,0,0.297119140625,-0.297119140625,-0.297119140625,1,125,True
+,98,28,98,28,126,126,0,0.304931640625,-0.304931640625,-0.304931640625,1,126,True
+,98,29,98,29,127,127,0,0.240234375,-0.240234375,-0.240234375,1,127,True
+,98,30,98,30,128,128,0,0.98486328125,-0.98486328125,-0.98486328125,1,118,False
+,98,31,98,31,129,129,0,0.1510009765625,-0.1510009765625,-0.1510009765625,1,129,True
+,98,32,98,32,130,130,0,0.282470703125,-0.282470703125,-0.282470703125,1,130,True
+,98,33,98,33,131,131,1,0.6708984375,-0.6708984375,-0.6708984375,1,131,True
+,98,34,98,34,132,132,0,1.56640625,-1.56640625,-1.56640625,1,122,False
+,98,35,98,35,133,133,0,0.367431640625,-0.367431640625,-0.367431640625,1,133,True
+,98,36,98,36,134,134,0,1.9423828125,-1.9423828125,-1.9423828125,1,131,False
+,98,37,98,37,135,135,0,0.90576171875,-0.90576171875,-0.90576171875,1,125,False
+,98,38,98,38,136,136,1,0.92333984375,-0.92333984375,-0.92333984375,1,136,True
+,98,39,98,39,137,137,0,0.315185546875,-0.315185546875,-0.315185546875,1,137,True
+,98,40,98,40,138,138,0,0.1376953125,-0.1376953125,-0.1376953125,1,138,True
+,98,41,98,41,139,139,0,0.80126953125,-0.80126953125,-0.80126953125,1,139,True
+,98,42,98,42,140,140,0,2.21875,-2.21875,-2.21875,1,130,False
+,98,43,98,43,141,141,0,0.89404296875,-0.89404296875,-0.89404296875,1,141,True
+,98,44,98,44,142,142,0,0.417724609375,-0.417724609375,-0.417724609375,1,142,True
+,98,45,98,45,143,143,0,0.34326171875,-0.34326171875,-0.34326171875,1,143,True
+,98,46,98,46,144,144,0,2.53125,-2.53125,-2.53125,1,134,False
+,98,47,98,47,145,145,0,0.63330078125,-0.63330078125,-0.63330078125,1,145,True
+,98,48,98,48,146,146,1,1.2548828125,-1.2548828125,-1.2548828125,1,146,True
+,98,49,98,49,147,147,0,0.1527099609375,-0.1527099609375,-0.1527099609375,1,147,True
+,98,50,98,50,148,148,0,1.6279296875,-1.6279296875,-1.6279296875,1,138,False
+,98,51,98,51,149,149,0,3.59765625,-3.59765625,-3.59765625,1,140,False
+,98,52,98,52,150,150,0,3.466796875,-3.466796875,-3.466796875,1,141,False
+,98,53,98,53,151,151,0,4.22265625,-4.22265625,-4.22265625,1,141,False
+,98,54,98,54,152,152,1,4.2265625,-4.2265625,-4.2265625,1,142,False
+,98,55,98,55,153,153,0,2.525390625,-2.525390625,-2.525390625,1,143,False
+,98,56,98,56,154,154,0,4.48828125,-4.48828125,-4.48828125,1,143,False
+,98,57,98,57,155,155,0,1.4814453125,-1.4814453125,-1.4814453125,1,145,False
+,98,58,98,58,156,156,0,5.01953125,-5.01953125,-5.01953125,1,147,False
+,98,59,98,59,157,157,0,2.18359375,-2.18359375,-2.18359375,1,147,False
+,98,60,98,60,158,158,0,0.286376953125,-0.286376953125,-0.286376953125,1,158,True
+,98,61,98,61,159,159,0,1.3408203125,-1.3408203125,-1.3408203125,1,149,False
+,98,62,98,62,160,160,0,2.673828125,-2.673828125,-2.673828125,1,150,False
+,98,63,98,63,161,161,0,2.48046875,-2.48046875,-2.48046875,1,151,False
+,98,64,98,64,162,162,0,5.578125,-5.578125,-5.578125,1,143,False
+,98,65,98,65,163,163,0,2.322265625,-2.322265625,-2.322265625,1,153,False
+,98,66,98,66,164,164,0,3.58203125,-3.58203125,-3.58203125,1,143,False
+,98,67,98,67,165,165,0,0.763671875,-0.763671875,-0.763671875,1,165,True
+,98,68,98,68,166,166,0,3.625,-3.625,-3.625,1,147,False
+,98,69,98,69,167,167,0,1.3828125,-1.3828125,-1.3828125,1,157,False
+,98,70,98,70,168,168,0,3.53515625,-3.53515625,-3.53515625,1,138,False
+,98,71,98,71,169,169,0,2.001953125,-2.001953125,-2.001953125,1,159,False
+,98,72,98,72,170,170,0,4.41796875,-4.41796875,-4.41796875,1,161,False
+,98,73,98,73,171,171,0,1.7216796875,-1.7216796875,-1.7216796875,1,161,False
+,98,74,98,74,172,172,0,6.796875,-6.796875,-6.796875,1,143,False
+,98,75,98,75,173,173,0,0.7978515625,-0.7978515625,-0.7978515625,1,173,True
+,98,76,98,76,174,174,0,4.69140625,-4.69140625,-4.69140625,1,153,False
+,98,77,98,77,175,175,0,1.619140625,-1.619140625,-1.619140625,1,165,False
+,98,78,98,78,176,176,0,5.4140625,-5.4140625,-5.4140625,1,143,False
+,98,79,98,79,177,177,0,1.1103515625,-1.1103515625,-1.1103515625,1,177,True
+,98,80,98,80,178,178,0,1.728515625,-1.728515625,-1.728515625,1,158,False
+,98,81,98,81,179,179,1,0.9189453125,-0.9189453125,-0.9189453125,1,169,False
+,98,82,98,82,180,180,0,4.53125,-4.53125,-4.53125,1,161,False
+,98,83,98,83,181,181,0,0.794921875,-0.794921875,-0.794921875,1,181,True
+,98,84,98,84,182,182,0,5.98828125,-5.98828125,-5.98828125,1,143,False
+,98,85,98,85,183,183,0,1.7958984375,-1.7958984375,-1.7958984375,1,173,False
+,98,86,98,86,184,184,0,4.09765625,-4.09765625,-4.09765625,1,183,False
+,98,87,98,87,185,185,0,1.80078125,-1.80078125,-1.80078125,1,175,False
+,98,88,98,88,186,186,0,2.71484375,-2.71484375,-2.71484375,1,177,False
+,98,89,98,89,187,187,2,0.7802734375,-0.7802734375,-0.7802734375,1,177,False
+,98,90,98,90,188,188,0,2.982421875,-2.982421875,-2.982421875,1,178,False
+,98,91,98,91,189,189,0,1.216796875,-1.216796875,-1.216796875,1,179,False
+,98,92,98,92,190,190,0,5.60546875,-5.60546875,-5.60546875,1,181,False
+,98,93,98,93,191,191,0,1.115234375,-1.115234375,-1.115234375,1,181,False
+,98,94,98,94,192,192,0,3.90625,-3.90625,-3.90625,1,183,False
+,98,95,98,95,193,193,0,2.26171875,-2.26171875,-2.26171875,1,183,False
+,98,96,98,96,194,194,0,0.33935546875,-0.33935546875,-0.33935546875,1,194,True
+,98,97,98,97,195,195,1,0.348876953125,-0.348876953125,-0.348876953125,1,195,True
+,98,98,98,98,196,196,3,1.2314453125,-1.2314453125,-1.2314453125,1,186,False
+,98,99,98,99,197,197,1,0.8017578125,-0.8017578125,-0.8017578125,1,197,True
+,99,10,99,10,109,109,1,2.408203125,-2.408203125,-2.408203125,1,119,False
+,99,11,99,11,110,110,1,2.130859375,-2.130859375,-2.130859375,1,120,False
+,99,12,99,12,111,111,0,0.11712646484375,-0.11712646484375,-0.11712646484375,1,111,True
+,99,13,99,13,112,112,0,2.044921875,-2.044921875,-2.044921875,1,122,False
+,99,14,99,14,113,113,0,1.44921875,-1.44921875,-1.44921875,1,123,False
+,99,15,99,15,114,114,0,0.30224609375,-0.30224609375,-0.30224609375,1,114,True
+,99,16,99,16,115,115,0,4.09375,-4.09375,-4.09375,1,125,False
+,99,17,99,17,116,116,0,0.154541015625,-0.154541015625,-0.154541015625,1,116,True
+,99,18,99,18,117,117,2,0.0662841796875,-0.0662841796875,-0.0662841796875,1,117,True
+,99,19,99,19,118,118,6,0.42041015625,-0.42041015625,-0.42041015625,1,118,True
+,99,20,99,20,119,119,1,0.48388671875,-0.48388671875,-0.48388671875,1,119,True
+,99,21,99,21,120,120,0,0.155029296875,-0.155029296875,-0.155029296875,1,120,True
+,99,22,99,22,121,121,0,0.75341796875,-0.75341796875,-0.75341796875,1,121,True
+,99,23,99,23,122,122,0,0.058990478515625,-0.058990478515625,-0.058990478515625,1,122,True
+,99,24,99,24,123,123,0,0.01442718505859375,-0.01442718505859375,-0.01442718505859375,1,123,True
+,99,25,99,25,124,124,1,1.6533203125,-1.6533203125,-1.6533203125,1,134,False
+,99,26,99,26,125,125,0,0.1600341796875,-0.1600341796875,-0.1600341796875,1,125,True
+,99,27,99,27,126,126,0,0.0075836181640625,-0.0075836181640625,-0.0075836181640625,1,126,True
+,99,28,99,28,127,127,0,0.04095458984375,-0.04095458984375,-0.04095458984375,1,127,True
+,99,29,99,29,128,128,0,0.0443115234375,-0.0443115234375,-0.0443115234375,1,128,True
+,99,30,99,30,129,129,0,0.056854248046875,-0.056854248046875,-0.056854248046875,1,129,True
+,99,31,99,31,130,130,0,1.0419921875,-1.0419921875,-1.0419921875,1,140,False
+,99,32,99,32,131,131,1,0.166259765625,-0.166259765625,-0.166259765625,1,131,True
+,99,33,99,33,132,132,0,0.0297698974609375,-0.0297698974609375,-0.0297698974609375,1,132,True
+,99,34,99,34,133,133,0,0.1956787109375,-0.1956787109375,-0.1956787109375,1,133,True
+,99,35,99,35,134,134,0,0.053924560546875,-0.053924560546875,-0.053924560546875,1,134,True
+,99,36,99,36,135,135,0,0.0216217041015625,-0.0216217041015625,-0.0216217041015625,1,135,True
+,99,37,99,37,136,136,0,0.0880126953125,-0.0880126953125,-0.0880126953125,1,136,True
+,99,38,99,38,137,137,0,0.1041259765625,-0.1041259765625,-0.1041259765625,1,137,True
+,99,39,99,39,138,138,0,0.15185546875,-0.15185546875,-0.15185546875,1,138,True
+,99,40,99,40,139,139,0,0.173828125,-0.173828125,-0.173828125,1,139,True
+,99,41,99,41,140,140,0,1.556640625,-1.556640625,-1.556640625,1,142,False
+,99,42,99,42,141,141,0,0.0290985107421875,-0.0290985107421875,-0.0290985107421875,1,141,True
+,99,43,99,43,142,142,0,0.059783935546875,-0.059783935546875,-0.059783935546875,1,142,True
+,99,44,99,44,143,143,0,0.10455322265625,-0.10455322265625,-0.10455322265625,1,143,True
+,99,45,99,45,144,144,0,0.0157012939453125,-0.0157012939453125,-0.0157012939453125,1,144,True
+,99,46,99,46,145,145,0,0.517578125,-0.517578125,-0.517578125,1,145,True
+,99,47,99,47,146,146,0,0.998046875,-0.998046875,-0.998046875,1,136,False
+,99,48,99,48,147,147,0,0.038299560546875,-0.038299560546875,-0.038299560546875,1,147,True
+,99,49,99,49,148,148,1,0.1485595703125,-0.1485595703125,-0.1485595703125,1,148,True
+,99,50,99,50,149,149,0,0.05218505859375,-0.05218505859375,-0.05218505859375,1,149,True
+,99,51,99,51,150,150,0,0.84130859375,-0.84130859375,-0.84130859375,1,150,True
+,99,52,99,52,151,151,0,1.2607421875,-1.2607421875,-1.2607421875,1,141,False
+,99,53,99,53,152,152,0,3.5859375,-3.5859375,-3.5859375,1,142,False
+,99,54,99,54,153,153,0,0.36279296875,-0.36279296875,-0.36279296875,1,153,True
+,99,55,99,55,154,154,1,1.263671875,-1.263671875,-1.263671875,1,144,False
+,99,56,99,56,155,155,0,2.560546875,-2.560546875,-2.560546875,1,145,False
+,99,57,99,57,156,156,0,0.74169921875,-0.74169921875,-0.74169921875,1,156,True
+,99,58,99,58,157,157,0,1.09765625,-1.09765625,-1.09765625,1,147,False
+,99,59,99,59,158,158,0,3.603515625,-3.603515625,-3.603515625,1,148,False
+,99,60,99,60,159,159,0,0.497802734375,-0.497802734375,-0.497802734375,1,159,True
+,99,61,99,61,160,160,0,5.37109375,-5.37109375,-5.37109375,1,142,False
+,99,62,99,62,161,161,0,2.302734375,-2.302734375,-2.302734375,1,151,False
+,99,63,99,63,162,162,0,2.00390625,-2.00390625,-2.00390625,1,144,False
+,99,64,99,64,163,163,0,2.533203125,-2.533203125,-2.533203125,1,143,False
+,99,65,99,65,164,164,0,1.4833984375,-1.4833984375,-1.4833984375,1,144,False
+,99,66,99,66,165,165,0,1.291015625,-1.291015625,-1.291015625,1,135,False
+,99,67,99,67,166,166,0,1.3203125,-1.3203125,-1.3203125,1,146,False
+,99,68,99,68,167,167,0,1.83203125,-1.83203125,-1.83203125,1,157,False
+,99,69,99,69,168,168,0,0.72021484375,-0.72021484375,-0.72021484375,1,168,True
+,99,70,99,70,169,169,0,1.1884765625,-1.1884765625,-1.1884765625,1,149,False
+,99,71,99,71,170,170,0,2.224609375,-2.224609375,-2.224609375,1,160,False
+,99,72,99,72,171,171,1,3.361328125,-3.361328125,-3.361328125,1,141,False
+,99,73,99,73,172,172,0,2.2109375,-2.2109375,-2.2109375,1,142,False
+,99,74,99,74,173,173,0,1.7353515625,-1.7353515625,-1.7353515625,1,163,False
+,99,75,99,75,174,174,0,1.54296875,-1.54296875,-1.54296875,1,144,False
+,99,76,99,76,175,175,0,3.19921875,-3.19921875,-3.19921875,1,145,False
+,99,77,99,77,176,176,0,1.337890625,-1.337890625,-1.337890625,1,166,False
+,99,78,99,78,177,177,0,4.7109375,-4.7109375,-4.7109375,1,147,False
+,99,79,99,79,178,178,0,1.7421875,-1.7421875,-1.7421875,1,158,False
+,99,80,99,80,179,179,0,2.171875,-2.171875,-2.171875,1,169,False
+,99,81,99,81,180,180,0,0.70068359375,-0.70068359375,-0.70068359375,1,180,True
+,99,82,99,82,181,181,0,2.810546875,-2.810546875,-2.810546875,1,121,False
+,99,83,99,83,182,182,0,1.0595703125,-1.0595703125,-1.0595703125,1,172,False
+,99,84,99,84,183,183,0,3.693359375,-3.693359375,-3.693359375,1,153,False
+,99,85,99,85,184,184,0,2.091796875,-2.091796875,-2.091796875,1,154,False
+,99,86,99,86,185,185,0,2.76953125,-2.76953125,-2.76953125,1,175,False
+,99,87,99,87,186,186,1,1.2900390625,-1.2900390625,-1.2900390625,1,156,False
+,99,88,99,88,187,187,1,1.576171875,-1.576171875,-1.576171875,1,177,False
+,99,89,99,89,188,188,0,1.0986328125,-1.0986328125,-1.0986328125,1,178,False
+,99,90,99,90,189,189,0,0.2724609375,-0.2724609375,-0.2724609375,1,189,True
+,99,91,99,91,190,190,0,0.389404296875,-0.389404296875,-0.389404296875,1,190,True
+,99,92,99,92,191,191,0,0.24072265625,-0.24072265625,-0.24072265625,1,191,True
+,99,93,99,93,192,192,0,0.1669921875,-0.1669921875,-0.1669921875,1,192,True
+,99,94,99,94,193,193,0,0.673828125,-0.673828125,-0.673828125,1,193,True
+,99,95,99,95,194,194,0,1.3779296875,-1.3779296875,-1.3779296875,1,184,False
+,99,96,99,96,195,195,0,0.295654296875,-0.295654296875,-0.295654296875,1,195,True
+,99,97,99,97,196,196,0,0.255126953125,-0.255126953125,-0.255126953125,1,196,True
+,99,98,99,98,197,197,1,1.9833984375,-1.9833984375,-1.9833984375,1,187,False
+,99,99,99,99,198,198,10,0.7607421875,-0.7607421875,-0.7607421875,1,198,True
