op,a,b,x,y,answer,problem_size,freq,surprisal,target_logprob,avg_target_logprob,n_target_tokens,prediction,correct
-,10,10,20,10,10,20,51,0.031097412109375,-0.031097412109375,-0.031097412109375,1,10,True
-,10,11,21,11,10,21,7,0.11376953125,-0.11376953125,-0.11376953125,1,10,True
-,10,12,22,12,10,22,13,0.022064208984375,-0.022064208984375,-0.022064208984375,1,10,True
-,10,13,23,13,10,23,5,0.1810302734375,-0.1810302734375,-0.1810302734375,1,10,True
-,10,14,24,14,10,24,10,0.0321044921875,-0.0321044921875,-0.0321044921875,1,10,True
-,10,15,25,15,10,25,18,0.0190277099609375,-0.0190277099609375,-0.0190277099609375,1,10,True
-,10,16,26,16,10,26,5,0.0251007080078125,-0.0251007080078125,-0.0251007080078125,1,10,True
-,10,17,27,17,10,27,4,0.032318115234375,-0.032318115234375,-0.032318115234375,1,10,True
-,10,18,28,18,10,28,3,0.2022705078125,-0.2022705078125,-0.2022705078125,1,10,True
-,10,19,29,19,10,29,2,0.319580078125,-0.319580078125,-0.319580078125,1,10,True
-,10,20,30,20,10,30,21,0.01474761962890625,-0.01474761962890625,-0.01474761962890625,1,10,True
-,10,21,31,21,10,31,4,0.09033203125,-0.09033203125,-0.09033203125,1,10,True
-,10,22,32,22,10,32,4,0.9306640625,-0.9306640625,-0.9306640625,1,10,True
-,10,23,33,23,10,33,2,2.603515625,-2.603515625,-2.603515625,1,8,False
-,10,24,34,24,10,34,0,0.049102783203125,-0.049102783203125,-0.049102783203125,1,10,True
-,10,25,35,25,10,35,11,0.09625244140625,-0.09625244140625,-0.09625244140625,1,10,True
-,10,26,36,26,10,36,5,0.0096588134765625,-0.0096588134765625,-0.0096588134765625,1,10,True
-,10,27,37,27,10,37,0,0.037933349609375,-0.037933349609375,-0.037933349609375,1,10,True
-,10,28,38,28,10,38,1,1.251953125,-1.251953125,-1.251953125,1,9,False
-,10,29,39,29,10,39,1,0.038177490234375,-0.038177490234375,-0.038177490234375,1,10,True
-,10,30,40,30,10,40,13,0.01140594482421875,-0.01140594482421875,-0.01140594482421875,1,10,True
-,10,31,41,31,10,41,1,0.10345458984375,-0.10345458984375,-0.10345458984375,1,10,True
-,10,32,42,32,10,42,1,0.1715087890625,-0.1715087890625,-0.1715087890625,1,10,True
-,10,33,43,33,10,43,1,0.39306640625,-0.39306640625,-0.39306640625,1,10,True
-,10,34,44,34,10,44,0,0.1973876953125,-0.1973876953125,-0.1973876953125,1,10,True
-,10,35,45,35,10,45,1,0.07037353515625,-0.07037353515625,-0.07037353515625,1,10,True
-,10,36,46,36,10,46,0,0.01148223876953125,-0.01148223876953125,-0.01148223876953125,1,10,True
-,10,37,47,37,10,47,1,0.332763671875,-0.332763671875,-0.332763671875,1,10,True
-,10,38,48,38,10,48,0,0.388671875,-0.388671875,-0.388671875,1,10,True
-,10,39,49,39,10,49,0,0.04669189453125,-0.04669189453125,-0.04669189453125,1,10,True
-,10,40,50,40,10,50,7,0.01305389404296875,-0.01305389404296875,-0.01305389404296875,1,10,True
-,10,41,51,41,10,51,0,0.0273590087890625,-0.0273590087890625,-0.0273590087890625,1,10,True
-,10,42,52,42,10,52,1,0.07220458984375,-0.07220458984375,-0.07220458984375,1,10,True
-,10,43,53,43,10,53,1,1.7734375,-1.7734375,-1.7734375,1,8,False
-,10,44,54,44,10,54,0,0.07025146484375,-0.07025146484375,-0.07025146484375,1,10,True
-,10,45,55,45,10,55,4,0.0276031494140625,-0.0276031494140625,-0.0276031494140625,1,10,True
-,10,46,56,46,10,56,1,0.01415252685546875,-0.01415252685546875,-0.01415252685546875,1,10,True
-,10,47,57,47,10,57,1,0.04742431640625,-0.04742431640625,-0.04742431640625,1,10,True
-,10,48,58,48,10,58,0,0.1650390625,-0.1650390625,-0.1650390625,1,10,True
-,10,49,59,49,10,59,1,0.09149169921875,-0.09149169921875,-0.09149169921875,1,10,True
-,10,50,60,50,10,60,9,0.0070037841796875,-0.0070037841796875,-0.0070037841796875,1,10,True
-,10,51,61,51,10,61,2,0.018463134765625,-0.018463134765625,-0.018463134765625,1,10,True
-,10,52,62,52,10,62,1,0.041748046875,-0.041748046875,-0.041748046875,1,10,True
-,10,53,63,53,10,63,0,0.053985595703125,-0.053985595703125,-0.053985595703125,1,10,True
-,10,54,64,54,10,64,2,0.05584716796875,-0.05584716796875,-0.05584716796875,1,10,True
-,10,55,65,55,10,65,2,0.049591064453125,-0.049591064453125,-0.049591064453125,1,10,True
-,10,56,66,56,10,66,0,0.0174102783203125,-0.0174102783203125,-0.0174102783203125,1,10,True
-,10,57,67,57,10,67,0,0.07861328125,-0.07861328125,-0.07861328125,1,10,True
-,10,58,68,58,10,68,1,0.480224609375,-0.480224609375,-0.480224609375,1,10,True
-,10,59,69,59,10,69,0,0.0203704833984375,-0.0203704833984375,-0.0203704833984375,1,10,True
-,10,60,70,60,10,70,3,0.004131317138671875,-0.004131317138671875,-0.004131317138671875,1,10,True
-,10,61,71,61,10,71,0,0.15966796875,-0.15966796875,-0.15966796875,1,10,True
-,10,62,72,62,10,72,2,0.03369140625,-0.03369140625,-0.03369140625,1,10,True
-,10,63,73,63,10,73,1,0.03961181640625,-0.03961181640625,-0.03961181640625,1,10,True
-,10,64,74,64,10,74,1,0.3623046875,-0.3623046875,-0.3623046875,1,10,True
-,10,65,75,65,10,75,3,0.0171356201171875,-0.0171356201171875,-0.0171356201171875,1,10,True
-,10,66,76,66,10,76,0,0.01428985595703125,-0.01428985595703125,-0.01428985595703125,1,10,True
-,10,67,77,67,10,77,0,0.1729736328125,-0.1729736328125,-0.1729736328125,1,10,True
-,10,68,78,68,10,78,0,0.238525390625,-0.238525390625,-0.238525390625,1,10,True
-,10,69,79,69,10,79,0,0.056671142578125,-0.056671142578125,-0.056671142578125,1,10,True
-,10,70,80,70,10,80,3,0.0213165283203125,-0.0213165283203125,-0.0213165283203125,1,10,True
-,10,71,81,71,10,81,1,0.09893798828125,-0.09893798828125,-0.09893798828125,1,10,True
-,10,72,82,72,10,82,1,0.055511474609375,-0.055511474609375,-0.055511474609375,1,10,True
-,10,73,83,73,10,83,0,0.21923828125,-0.21923828125,-0.21923828125,1,10,True
-,10,74,84,74,10,84,0,0.042236328125,-0.042236328125,-0.042236328125,1,10,True
-,10,75,85,75,10,85,1,0.0687255859375,-0.0687255859375,-0.0687255859375,1,10,True
-,10,76,86,76,10,86,0,0.035614013671875,-0.035614013671875,-0.035614013671875,1,10,True
-,10,77,87,77,10,87,0,0.2293701171875,-0.2293701171875,-0.2293701171875,1,10,True
-,10,78,88,78,10,88,0,0.1329345703125,-0.1329345703125,-0.1329345703125,1,10,True
-,10,79,89,79,10,89,2,0.156494140625,-0.156494140625,-0.156494140625,1,10,True
-,10,80,90,80,10,90,4,0.041534423828125,-0.041534423828125,-0.041534423828125,1,10,True
-,10,81,91,81,10,91,0,0.140380859375,-0.140380859375,-0.140380859375,1,10,True
-,10,82,92,82,10,92,0,0.157958984375,-0.157958984375,-0.157958984375,1,10,True
-,10,83,93,83,10,93,0,0.54052734375,-0.54052734375,-0.54052734375,1,10,True
-,10,84,94,84,10,94,0,0.1009521484375,-0.1009521484375,-0.1009521484375,1,10,True
-,10,85,95,85,10,95,0,0.69921875,-0.69921875,-0.69921875,1,10,True
-,10,86,96,86,10,96,0,0.1005859375,-0.1005859375,-0.1005859375,1,10,True
-,10,87,97,87,10,97,1,0.57568359375,-0.57568359375,-0.57568359375,1,10,True
-,10,88,98,88,10,98,0,0.144775390625,-0.144775390625,-0.144775390625,1,10,True
-,10,89,99,89,10,99,1,0.2183837890625,-0.2183837890625,-0.2183837890625,1,10,True
-,10,90,100,90,10,100,15,0.031524658203125,-0.031524658203125,-0.031524658203125,1,10,True
-,10,91,101,91,10,101,1,1.0205078125,-1.0205078125,-1.0205078125,1,20,False
-,10,92,102,92,10,102,0,0.0626220703125,-0.0626220703125,-0.0626220703125,1,10,True
-,10,93,103,93,10,103,0,0.6337890625,-0.6337890625,-0.6337890625,1,10,True
-,10,94,104,94,10,104,1,0.1925048828125,-0.1925048828125,-0.1925048828125,1,10,True
-,10,95,105,95,10,105,0,0.36083984375,-0.36083984375,-0.36083984375,1,10,True
-,10,96,106,96,10,106,0,0.059295654296875,-0.059295654296875,-0.059295654296875,1,10,True
-,10,97,107,97,10,107,1,1.3076171875,-1.3076171875,-1.3076171875,1,20,False
-,10,98,108,98,10,108,0,2.1484375,-2.1484375,-2.1484375,1,19,False
-,10,99,109,99,10,109,0,1.19921875,-1.19921875,-1.19921875,1,20,False
-,11,10,21,10,11,21,12,0.0131378173828125,-0.0131378173828125,-0.0131378173828125,1,11,True
-,11,11,22,11,11,22,4,0.135009765625,-0.135009765625,-0.135009765625,1,11,True
-,11,12,23,12,11,23,8,0.022125244140625,-0.022125244140625,-0.022125244140625,1,11,True
-,11,13,24,13,11,24,10,0.00733184814453125,-0.00733184814453125,-0.00733184814453125,1,11,True
-,11,14,25,14,11,25,4,0.06500244140625,-0.06500244140625,-0.06500244140625,1,11,True
-,11,15,26,15,11,26,3,0.0163726806640625,-0.0163726806640625,-0.0163726806640625,1,11,True
-,11,16,27,16,11,27,5,0.01369476318359375,-0.01369476318359375,-0.01369476318359375,1,11,True
-,11,17,28,17,11,28,4,0.035064697265625,-0.035064697265625,-0.035064697265625,1,11,True
-,11,18,29,18,11,29,2,0.01444244384765625,-0.01444244384765625,-0.01444244384765625,1,11,True
-,11,19,30,19,11,30,5,0.06976318359375,-0.06976318359375,-0.06976318359375,1,11,True
-,11,20,31,20,11,31,3,0.03216552734375,-0.03216552734375,-0.03216552734375,1,11,True
-,11,21,32,21,11,32,7,0.07757568359375,-0.07757568359375,-0.07757568359375,1,11,True
-,11,22,33,22,11,33,4,0.11004638671875,-0.11004638671875,-0.11004638671875,1,11,True
-,11,23,34,23,11,34,0,0.233154296875,-0.233154296875,-0.233154296875,1,11,True
-,11,24,35,24,11,35,2,0.0361328125,-0.0361328125,-0.0361328125,1,11,True
-,11,25,36,25,11,36,6,0.01116943359375,-0.01116943359375,-0.01116943359375,1,11,True
-,11,26,37,26,11,37,4,0.053741455078125,-0.053741455078125,-0.053741455078125,1,11,True
-,11,27,38,27,11,38,1,0.0226898193359375,-0.0226898193359375,-0.0226898193359375,1,11,True
-,11,28,39,28,11,39,1,0.04052734375,-0.04052734375,-0.04052734375,1,11,True
-,11,29,40,29,11,40,1,0.07965087890625,-0.07965087890625,-0.07965087890625,1,11,True
-,11,30,41,30,11,41,1,0.0196075439453125,-0.0196075439453125,-0.0196075439453125,1,11,True
-,11,31,42,31,11,42,0,0.07049560546875,-0.07049560546875,-0.07049560546875,1,11,True
-,11,32,43,32,11,43,0,0.059173583984375,-0.059173583984375,-0.059173583984375,1,11,True
-,11,33,44,33,11,44,0,0.0218505859375,-0.0218505859375,-0.0218505859375,1,11,True
-,11,34,45,34,11,45,2,0.068603515625,-0.068603515625,-0.068603515625,1,11,True
-,11,35,46,35,11,46,1,0.055450439453125,-0.055450439453125,-0.055450439453125,1,11,True
-,11,36,47,36,11,47,3,0.033477783203125,-0.033477783203125,-0.033477783203125,1,11,True
-,11,37,48,37,11,48,0,0.02020263671875,-0.02020263671875,-0.02020263671875,1,11,True
-,11,38,49,38,11,49,1,0.0780029296875,-0.0780029296875,-0.0780029296875,1,11,True
-,11,39,50,39,11,50,0,0.09649658203125,-0.09649658203125,-0.09649658203125,1,11,True
-,11,40,51,40,11,51,0,0.031463623046875,-0.031463623046875,-0.031463623046875,1,11,True
-,11,41,52,41,11,52,0,0.03985595703125,-0.03985595703125,-0.03985595703125,1,11,True
-,11,42,53,42,11,53,0,0.046539306640625,-0.046539306640625,-0.046539306640625,1,11,True
-,11,43,54,43,11,54,2,0.0287017822265625,-0.0287017822265625,-0.0287017822265625,1,11,True
-,11,44,55,44,11,55,0,0.173095703125,-0.173095703125,-0.173095703125,1,11,True
-,11,45,56,45,11,56,3,0.00540924072265625,-0.00540924072265625,-0.00540924072265625,1,11,True
-,11,46,57,46,11,57,3,0.015106201171875,-0.015106201171875,-0.015106201171875,1,11,True
-,11,47,58,47,11,58,1,0.0908203125,-0.0908203125,-0.0908203125,1,11,True
-,11,48,59,48,11,59,1,0.0218963623046875,-0.0218963623046875,-0.0218963623046875,1,11,True
-,11,49,60,49,11,60,1,0.06427001953125,-0.06427001953125,-0.06427001953125,1,11,True
-,11,50,61,50,11,61,0,0.01065826416015625,-0.01065826416015625,-0.01065826416015625,1,11,True
-,11,51,62,51,11,62,0,0.0161895751953125,-0.0161895751953125,-0.0161895751953125,1,11,True
-,11,52,63,52,11,63,0,0.0294952392578125,-0.0294952392578125,-0.0294952392578125,1,11,True
-,11,53,64,53,11,64,0,0.032684326171875,-0.032684326171875,-0.032684326171875,1,11,True
-,11,54,65,54,11,65,0,0.046783447265625,-0.046783447265625,-0.046783447265625,1,11,True
-,11,55,66,55,11,66,0,0.01149749755859375,-0.01149749755859375,-0.01149749755859375,1,11,True
-,11,56,67,56,11,67,1,0.0555419921875,-0.0555419921875,-0.0555419921875,1,11,True
-,11,57,68,57,11,68,0,0.050079345703125,-0.050079345703125,-0.050079345703125,1,11,True
-,11,58,69,58,11,69,2,0.0175018310546875,-0.0175018310546875,-0.0175018310546875,1,11,True
-,11,59,70,59,11,70,0,0.049530029296875,-0.049530029296875,-0.049530029296875,1,11,True
-,11,60,71,60,11,71,0,0.023529052734375,-0.023529052734375,-0.023529052734375,1,11,True
-,11,61,72,61,11,72,0,0.0248260498046875,-0.0248260498046875,-0.0248260498046875,1,11,True
-,11,62,73,62,11,73,0,0.049224853515625,-0.049224853515625,-0.049224853515625,1,11,True
-,11,63,74,63,11,74,0,0.0260467529296875,-0.0260467529296875,-0.0260467529296875,1,11,True
-,11,64,75,64,11,75,2,0.03704833984375,-0.03704833984375,-0.03704833984375,1,11,True
-,11,65,76,65,11,76,0,0.036834716796875,-0.036834716796875,-0.036834716796875,1,11,True
-,11,66,77,66,11,77,0,0.0465087890625,-0.0465087890625,-0.0465087890625,1,11,True
-,11,67,78,67,11,78,0,0.12109375,-0.12109375,-0.12109375,1,11,True
-,11,68,79,68,11,79,1,0.06903076171875,-0.06903076171875,-0.06903076171875,1,11,True
-,11,69,80,69,11,80,2,0.202392578125,-0.202392578125,-0.202392578125,1,11,True
-,11,70,81,70,11,81,3,0.01433563232421875,-0.01433563232421875,-0.01433563232421875,1,11,True
-,11,71,82,71,11,82,0,0.2391357421875,-0.2391357421875,-0.2391357421875,1,11,True
-,11,72,83,72,11,83,3,0.05615234375,-0.05615234375,-0.05615234375,1,11,True
-,11,73,84,73,11,84,1,0.042388916015625,-0.042388916015625,-0.042388916015625,1,11,True
-,11,74,85,74,11,85,2,0.264892578125,-0.264892578125,-0.264892578125,1,11,True
-,11,75,86,75,11,86,0,0.0274200439453125,-0.0274200439453125,-0.0274200439453125,1,11,True
-,11,76,87,76,11,87,0,0.06561279296875,-0.06561279296875,-0.06561279296875,1,11,True
-,11,77,88,77,11,88,1,0.1085205078125,-0.1085205078125,-0.1085205078125,1,11,True
-,11,78,89,78,11,89,0,0.10650634765625,-0.10650634765625,-0.10650634765625,1,11,True
-,11,79,90,79,11,90,3,0.1282958984375,-0.1282958984375,-0.1282958984375,1,11,True
-,11,80,91,80,11,91,1,0.033721923828125,-0.033721923828125,-0.033721923828125,1,11,True
-,11,81,92,81,11,92,0,0.10394287109375,-0.10394287109375,-0.10394287109375,1,11,True
-,11,82,93,82,11,93,0,0.1385498046875,-0.1385498046875,-0.1385498046875,1,11,True
-,11,83,94,83,11,94,0,1.380859375,-1.380859375,-1.380859375,1,21,False
-,11,84,95,84,11,95,0,0.20556640625,-0.20556640625,-0.20556640625,1,11,True
-,11,85,96,85,11,96,0,0.1358642578125,-0.1358642578125,-0.1358642578125,1,11,True
-,11,86,97,86,11,97,0,0.050933837890625,-0.050933837890625,-0.050933837890625,1,11,True
-,11,87,98,87,11,98,0,0.0521240234375,-0.0521240234375,-0.0521240234375,1,11,True
-,11,88,99,88,11,99,0,0.427490234375,-0.427490234375,-0.427490234375,1,11,True
-,11,89,100,89,11,100,4,0.08905029296875,-0.08905029296875,-0.08905029296875,1,11,True
-,11,90,101,90,11,101,1,0.07696533203125,-0.07696533203125,-0.07696533203125,1,11,True
-,11,91,102,91,11,102,0,0.12274169921875,-0.12274169921875,-0.12274169921875,1,11,True
-,11,92,103,92,11,103,0,0.427978515625,-0.427978515625,-0.427978515625,1,11,True
-,11,93,104,93,11,104,0,0.1617431640625,-0.1617431640625,-0.1617431640625,1,11,True
-,11,94,105,94,11,105,0,0.317138671875,-0.317138671875,-0.317138671875,1,11,True
-,11,95,106,95,11,106,0,0.2197265625,-0.2197265625,-0.2197265625,1,11,True
-,11,96,107,96,11,107,0,0.6748046875,-0.6748046875,-0.6748046875,1,11,True
-,11,97,108,97,11,108,0,0.346435546875,-0.346435546875,-0.346435546875,1,11,True
-,11,98,109,98,11,109,0,2.080078125,-2.080078125,-2.080078125,1,21,False
-,11,99,110,99,11,110,1,0.6162109375,-0.6162109375,-0.6162109375,1,11,True
-,12,10,22,10,12,22,7,0.00506591796875,-0.00506591796875,-0.00506591796875,1,12,True
-,12,11,23,11,12,23,5,0.044403076171875,-0.044403076171875,-0.044403076171875,1,12,True
-,12,12,24,12,12,24,19,0.006916046142578125,-0.006916046142578125,-0.006916046142578125,1,12,True
-,12,13,25,13,12,25,7,0.016143798828125,-0.016143798828125,-0.016143798828125,1,12,True
-,12,14,26,14,12,26,4,0.0108795166015625,-0.0108795166015625,-0.0108795166015625,1,12,True
-,12,15,27,15,12,27,4,0.01154327392578125,-0.01154327392578125,-0.01154327392578125,1,12,True
-,12,16,28,16,12,28,4,0.0077972412109375,-0.0077972412109375,-0.0077972412109375,1,12,True
-,12,17,29,17,12,29,2,0.0137786865234375,-0.0137786865234375,-0.0137786865234375,1,12,True
-,12,18,30,18,12,30,9,0.006786346435546875,-0.006786346435546875,-0.006786346435546875,1,12,True
-,12,19,31,19,12,31,0,0.0189361572265625,-0.0189361572265625,-0.0189361572265625,1,12,True
-,12,20,32,20,12,32,16,0.007354736328125,-0.007354736328125,-0.007354736328125,1,12,True
-,12,21,33,21,12,33,2,0.0207672119140625,-0.0207672119140625,-0.0207672119140625,1,12,True
-,12,22,34,22,12,34,2,0.026458740234375,-0.026458740234375,-0.026458740234375,1,12,True
-,12,23,35,23,12,35,3,0.0083160400390625,-0.0083160400390625,-0.0083160400390625,1,12,True
-,12,24,36,24,12,36,9,0.0113525390625,-0.0113525390625,-0.0113525390625,1,12,True
-,12,25,37,25,12,37,14,0.039459228515625,-0.039459228515625,-0.039459228515625,1,12,True
-,12,26,38,26,12,38,1,0.0138702392578125,-0.0138702392578125,-0.0138702392578125,1,12,True
-,12,27,39,27,12,39,0,0.01088714599609375,-0.01088714599609375,-0.01088714599609375,1,12,True
-,12,28,40,28,12,40,4,0.003856658935546875,-0.003856658935546875,-0.003856658935546875,1,12,True
-,12,29,41,29,12,41,0,0.01418304443359375,-0.01418304443359375,-0.01418304443359375,1,12,True
-,12,30,42,30,12,42,2,0.007114410400390625,-0.007114410400390625,-0.007114410400390625,1,12,True
-,12,31,43,31,12,43,0,0.00772857666015625,-0.00772857666015625,-0.00772857666015625,1,12,True
-,12,32,44,32,12,44,2,0.0166473388671875,-0.0166473388671875,-0.0166473388671875,1,12,True
-,12,33,45,33,12,45,2,0.00920867919921875,-0.00920867919921875,-0.00920867919921875,1,12,True
-,12,34,46,34,12,46,0,0.01319122314453125,-0.01319122314453125,-0.01319122314453125,1,12,True
-,12,35,47,35,12,47,0,0.01910400390625,-0.01910400390625,-0.01910400390625,1,12,True
-,12,36,48,36,12,48,0,0.017425537109375,-0.017425537109375,-0.017425537109375,1,12,True
-,12,37,49,37,12,49,0,0.01265716552734375,-0.01265716552734375,-0.01265716552734375,1,12,True
-,12,38,50,38,12,50,0,0.0121002197265625,-0.0121002197265625,-0.0121002197265625,1,12,True
-,12,39,51,39,12,51,1,0.0131378173828125,-0.0131378173828125,-0.0131378173828125,1,12,True
-,12,40,52,40,12,52,2,0.0163421630859375,-0.0163421630859375,-0.0163421630859375,1,12,True
-,12,41,53,41,12,53,2,0.0093231201171875,-0.0093231201171875,-0.0093231201171875,1,12,True
-,12,42,54,42,12,54,1,0.0210418701171875,-0.0210418701171875,-0.0210418701171875,1,12,True
-,12,43,55,43,12,55,2,0.01415252685546875,-0.01415252685546875,-0.01415252685546875,1,12,True
-,12,44,56,44,12,56,1,0.00853729248046875,-0.00853729248046875,-0.00853729248046875,1,12,True
-,12,45,57,45,12,57,0,0.00713348388671875,-0.00713348388671875,-0.00713348388671875,1,12,True
-,12,46,58,46,12,58,0,0.0298614501953125,-0.0298614501953125,-0.0298614501953125,1,12,True
-,12,47,59,47,12,59,0,0.02191162109375,-0.02191162109375,-0.02191162109375,1,12,True
-,12,48,60,48,12,60,3,0.0625,-0.0625,-0.0625,1,12,True
-,12,49,61,49,12,61,0,0.00559234619140625,-0.00559234619140625,-0.00559234619140625,1,12,True
-,12,50,62,50,12,62,0,0.0137939453125,-0.0137939453125,-0.0137939453125,1,12,True
-,12,51,63,51,12,63,0,0.005207061767578125,-0.005207061767578125,-0.005207061767578125,1,12,True
-,12,52,64,52,12,64,3,0.01561737060546875,-0.01561737060546875,-0.01561737060546875,1,12,True
-,12,53,65,53,12,65,1,0.00812530517578125,-0.00812530517578125,-0.00812530517578125,1,12,True
-,12,54,66,54,12,66,0,0.006160736083984375,-0.006160736083984375,-0.006160736083984375,1,12,True
-,12,55,67,55,12,67,1,0.0150299072265625,-0.0150299072265625,-0.0150299072265625,1,12,True
-,12,56,68,56,12,68,0,0.061431884765625,-0.061431884765625,-0.061431884765625,1,12,True
-,12,57,69,57,12,69,0,0.01073455810546875,-0.01073455810546875,-0.01073455810546875,1,12,True
-,12,58,70,58,12,70,1,0.0212554931640625,-0.0212554931640625,-0.0212554931640625,1,12,True
-,12,59,71,59,12,71,0,0.01233673095703125,-0.01233673095703125,-0.01233673095703125,1,12,True
-,12,60,72,60,12,72,3,0.00580596923828125,-0.00580596923828125,-0.00580596923828125,1,12,True
-,12,61,73,61,12,73,0,0.005565643310546875,-0.005565643310546875,-0.005565643310546875,1,12,True
-,12,62,74,62,12,74,0,0.09625244140625,-0.09625244140625,-0.09625244140625,1,12,True
-,12,63,75,63,12,75,2,0.004566192626953125,-0.004566192626953125,-0.004566192626953125,1,12,True
-,12,64,76,64,12,76,0,0.0787353515625,-0.0787353515625,-0.0787353515625,1,12,True
-,12,65,77,65,12,77,0,0.040069580078125,-0.040069580078125,-0.040069580078125,1,12,True
-,12,66,78,66,12,78,0,0.048187255859375,-0.048187255859375,-0.048187255859375,1,12,True
-,12,67,79,67,12,79,0,0.0275115966796875,-0.0275115966796875,-0.0275115966796875,1,12,True
-,12,68,80,68,12,80,1,0.06463623046875,-0.06463623046875,-0.06463623046875,1,12,True
-,12,69,81,69,12,81,0,0.016876220703125,-0.016876220703125,-0.016876220703125,1,12,True
-,12,70,82,70,12,82,0,0.0153961181640625,-0.0153961181640625,-0.0153961181640625,1,12,True
-,12,71,83,71,12,83,0,0.02252197265625,-0.02252197265625,-0.02252197265625,1,12,True
-,12,72,84,72,12,84,2,0.031097412109375,-0.031097412109375,-0.031097412109375,1,12,True
-,12,73,85,73,12,85,0,0.05145263671875,-0.05145263671875,-0.05145263671875,1,12,True
-,12,74,86,74,12,86,1,0.028961181640625,-0.028961181640625,-0.028961181640625,1,12,True
-,12,75,87,75,12,87,0,0.020599365234375,-0.020599365234375,-0.020599365234375,1,12,True
-,12,76,88,76,12,88,0,0.04351806640625,-0.04351806640625,-0.04351806640625,1,12,True
-,12,77,89,77,12,89,1,0.05621337890625,-0.05621337890625,-0.05621337890625,1,12,True
-,12,78,90,78,12,90,0,0.106201171875,-0.106201171875,-0.106201171875,1,12,True
-,12,79,91,79,12,91,0,0.042266845703125,-0.042266845703125,-0.042266845703125,1,12,True
-,12,80,92,80,12,92,2,0.0789794921875,-0.0789794921875,-0.0789794921875,1,12,True
-,12,81,93,81,12,93,4,0.037384033203125,-0.037384033203125,-0.037384033203125,1,12,True
-,12,82,94,82,12,94,0,0.0675048828125,-0.0675048828125,-0.0675048828125,1,12,True
-,12,83,95,83,12,95,0,0.1475830078125,-0.1475830078125,-0.1475830078125,1,12,True
-,12,84,96,84,12,96,0,0.0127716064453125,-0.0127716064453125,-0.0127716064453125,1,12,True
-,12,85,97,85,12,97,0,0.12115478515625,-0.12115478515625,-0.12115478515625,1,12,True
-,12,86,98,86,12,98,0,0.02264404296875,-0.02264404296875,-0.02264404296875,1,12,True
-,12,87,99,87,12,99,0,0.12274169921875,-0.12274169921875,-0.12274169921875,1,12,True
-,12,88,100,88,12,100,1,0.0189361572265625,-0.0189361572265625,-0.0189361572265625,1,12,True
-,12,89,101,89,12,101,0,0.11761474609375,-0.11761474609375,-0.11761474609375,1,12,True
-,12,90,102,90,12,102,0,0.024658203125,-0.024658203125,-0.024658203125,1,12,True
-,12,91,103,91,12,103,0,0.056121826171875,-0.056121826171875,-0.056121826171875,1,12,True
-,12,92,104,92,12,104,0,0.069091796875,-0.069091796875,-0.069091796875,1,12,True
-,12,93,105,93,12,105,0,0.019866943359375,-0.019866943359375,-0.019866943359375,1,12,True
-,12,94,106,94,12,106,0,0.034271240234375,-0.034271240234375,-0.034271240234375,1,12,True
-,12,95,107,95,12,107,1,0.15673828125,-0.15673828125,-0.15673828125,1,12,True
-,12,96,108,96,12,108,0,0.3525390625,-0.3525390625,-0.3525390625,1,12,True
-,12,97,109,97,12,109,0,0.2763671875,-0.2763671875,-0.2763671875,1,12,True
-,12,98,110,98,12,110,0,0.54052734375,-0.54052734375,-0.54052734375,1,12,True
-,12,99,111,99,12,111,0,1.076171875,-1.076171875,-1.076171875,1,12,True
-,13,10,23,10,13,23,10,0.015625,-0.015625,-0.015625,1,13,True
-,13,11,24,11,13,24,7,0.0215911865234375,-0.0215911865234375,-0.0215911865234375,1,13,True
-,13,12,25,12,13,25,9,0.01465606689453125,-0.01465606689453125,-0.01465606689453125,1,13,True
-,13,13,26,13,13,26,5,0.023895263671875,-0.023895263671875,-0.023895263671875,1,13,True
-,13,14,27,14,13,27,4,0.052154541015625,-0.052154541015625,-0.052154541015625,1,13,True
-,13,15,28,15,13,28,4,0.032379150390625,-0.032379150390625,-0.032379150390625,1,13,True
-,13,16,29,16,13,29,1,0.0416259765625,-0.0416259765625,-0.0416259765625,1,13,True
-,13,17,30,17,13,30,3,0.00963592529296875,-0.00963592529296875,-0.00963592529296875,1,13,True
-,13,18,31,18,13,31,2,0.03216552734375,-0.03216552734375,-0.03216552734375,1,13,True
-,13,19,32,19,13,32,3,0.0290374755859375,-0.0290374755859375,-0.0290374755859375,1,13,True
-,13,20,33,20,13,33,3,0.0138702392578125,-0.0138702392578125,-0.0138702392578125,1,13,True
-,13,21,34,21,13,34,4,0.0316162109375,-0.0316162109375,-0.0316162109375,1,13,True
-,13,22,35,22,13,35,0,0.0616455078125,-0.0616455078125,-0.0616455078125,1,13,True
-,13,23,36,23,13,36,2,0.011260986328125,-0.011260986328125,-0.011260986328125,1,13,True
-,13,24,37,24,13,37,0,0.11065673828125,-0.11065673828125,-0.11065673828125,1,13,True
-,13,25,38,25,13,38,2,0.09820556640625,-0.09820556640625,-0.09820556640625,1,13,True
-,13,26,39,26,13,39,1,0.0303497314453125,-0.0303497314453125,-0.0303497314453125,1,13,True
-,13,27,40,27,13,40,0,0.005268096923828125,-0.005268096923828125,-0.005268096923828125,1,13,True
-,13,28,41,28,13,41,0,0.10137939453125,-0.10137939453125,-0.10137939453125,1,13,True
-,13,29,42,29,13,42,0,0.0484619140625,-0.0484619140625,-0.0484619140625,1,13,True
-,13,30,43,30,13,43,0,0.0142669677734375,-0.0142669677734375,-0.0142669677734375,1,13,True
-,13,31,44,31,13,44,0,0.067138671875,-0.067138671875,-0.067138671875,1,13,True
-,13,32,45,32,13,45,1,0.02191162109375,-0.02191162109375,-0.02191162109375,1,13,True
-,13,33,46,33,13,46,1,0.056671142578125,-0.056671142578125,-0.056671142578125,1,13,True
-,13,34,47,34,13,47,1,0.07562255859375,-0.07562255859375,-0.07562255859375,1,13,True
-,13,35,48,35,13,48,2,0.198974609375,-0.198974609375,-0.198974609375,1,13,True
-,13,36,49,36,13,49,3,0.042388916015625,-0.042388916015625,-0.042388916015625,1,13,True
-,13,37,50,37,13,50,0,0.0718994140625,-0.0718994140625,-0.0718994140625,1,13,True
-,13,38,51,38,13,51,0,0.2098388671875,-0.2098388671875,-0.2098388671875,1,13,True
-,13,39,52,39,13,52,3,0.1251220703125,-0.1251220703125,-0.1251220703125,1,13,True
-,13,40,53,40,13,53,0,0.07537841796875,-0.07537841796875,-0.07537841796875,1,13,True
-,13,41,54,41,13,54,0,0.049835205078125,-0.049835205078125,-0.049835205078125,1,13,True
-,13,42,55,42,13,55,0,0.0423583984375,-0.0423583984375,-0.0423583984375,1,13,True
-,13,43,56,43,13,56,1,0.041412353515625,-0.041412353515625,-0.041412353515625,1,13,True
-,13,44,57,44,13,57,0,0.054779052734375,-0.054779052734375,-0.054779052734375,1,13,True
-,13,45,58,45,13,58,0,0.049224853515625,-0.049224853515625,-0.049224853515625,1,13,True
-,13,46,59,46,13,59,0,0.10614013671875,-0.10614013671875,-0.10614013671875,1,13,True
-,13,47,60,47,13,60,1,0.0650634765625,-0.0650634765625,-0.0650634765625,1,13,True
-,13,48,61,48,13,61,0,0.150390625,-0.150390625,-0.150390625,1,13,True
-,13,49,62,49,13,62,0,0.058563232421875,-0.058563232421875,-0.058563232421875,1,13,True
-,13,50,63,50,13,63,1,0.1043701171875,-0.1043701171875,-0.1043701171875,1,13,True
-,13,51,64,51,13,64,1,0.144287109375,-0.144287109375,-0.144287109375,1,13,True
-,13,52,65,52,13,65,1,0.125732421875,-0.125732421875,-0.125732421875,1,13,True
-,13,53,66,53,13,66,0,0.056182861328125,-0.056182861328125,-0.056182861328125,1,13,True
-,13,54,67,54,13,67,0,0.095458984375,-0.095458984375,-0.095458984375,1,13,True
-,13,55,68,55,13,68,0,0.119384765625,-0.119384765625,-0.119384765625,1,13,True
-,13,56,69,56,13,69,0,0.135498046875,-0.135498046875,-0.135498046875,1,13,True
-,13,57,70,57,13,70,3,0.0712890625,-0.0712890625,-0.0712890625,1,13,True
-,13,58,71,58,13,71,1,0.11737060546875,-0.11737060546875,-0.11737060546875,1,13,True
-,13,59,72,59,13,72,1,0.03790283203125,-0.03790283203125,-0.03790283203125,1,13,True
-,13,60,73,60,13,73,0,0.02734375,-0.02734375,-0.02734375,1,13,True
-,13,61,74,61,13,74,0,0.0576171875,-0.0576171875,-0.0576171875,1,13,True
-,13,62,75,62,13,75,0,0.07684326171875,-0.07684326171875,-0.07684326171875,1,13,True
-,13,63,76,63,13,76,1,0.1280517578125,-0.1280517578125,-0.1280517578125,1,13,True
-,13,64,77,64,13,77,2,0.2056884765625,-0.2056884765625,-0.2056884765625,1,13,True
-,13,65,78,65,13,78,1,0.045501708984375,-0.045501708984375,-0.045501708984375,1,13,True
-,13,66,79,66,13,79,0,0.057861328125,-0.057861328125,-0.057861328125,1,13,True
-,13,67,80,67,13,80,0,0.49267578125,-0.49267578125,-0.49267578125,1,13,True
-,13,68,81,68,13,81,1,0.043487548828125,-0.043487548828125,-0.043487548828125,1,13,True
-,13,69,82,69,13,82,0,0.06463623046875,-0.06463623046875,-0.06463623046875,1,13,True
-,13,70,83,70,13,83,2,0.057647705078125,-0.057647705078125,-0.057647705078125,1,13,True
-,13,71,84,71,13,84,0,0.1690673828125,-0.1690673828125,-0.1690673828125,1,13,True
-,13,72,85,72,13,85,0,0.560546875,-0.560546875,-0.560546875,1,13,True
-,13,73,86,73,13,86,1,0.190673828125,-0.190673828125,-0.190673828125,1,13,True
-,13,74,87,74,13,87,1,0.061004638671875,-0.061004638671875,-0.061004638671875,1,13,True
-,13,75,88,75,13,88,0,0.1429443359375,-0.1429443359375,-0.1429443359375,1,13,True
-,13,76,89,76,13,89,0,0.17431640625,-0.17431640625,-0.17431640625,1,13,True
-,13,77,90,77,13,90,0,0.1646728515625,-0.1646728515625,-0.1646728515625,1,13,True
-,13,78,91,78,13,91,1,0.03546142578125,-0.03546142578125,-0.03546142578125,1,13,True
-,13,79,92,79,13,92,1,0.424560546875,-0.424560546875,-0.424560546875,1,13,True
-,13,80,93,80,13,93,0,0.0313720703125,-0.0313720703125,-0.0313720703125,1,13,True
-,13,81,94,81,13,94,0,0.138671875,-0.138671875,-0.138671875,1,13,True
-,13,82,95,82,13,95,1,0.1409912109375,-0.1409912109375,-0.1409912109375,1,13,True
-,13,83,96,83,13,96,0,0.360595703125,-0.360595703125,-0.360595703125,1,13,True
-,13,84,97,84,13,97,1,0.060546875,-0.060546875,-0.060546875,1,13,True
-,13,85,98,85,13,98,0,0.035186767578125,-0.035186767578125,-0.035186767578125,1,13,True
-,13,86,99,86,13,99,1,0.0806884765625,-0.0806884765625,-0.0806884765625,1,13,True
-,13,87,100,87,13,100,0,0.12298583984375,-0.12298583984375,-0.12298583984375,1,13,True
-,13,88,101,88,13,101,0,0.2216796875,-0.2216796875,-0.2216796875,1,13,True
-,13,89,102,89,13,102,0,0.133056640625,-0.133056640625,-0.133056640625,1,13,True
-,13,90,103,90,13,103,0,0.038818359375,-0.038818359375,-0.038818359375,1,13,True
-,13,91,104,91,13,104,0,0.28125,-0.28125,-0.28125,1,13,True
-,13,92,105,92,13,105,0,0.1221923828125,-0.1221923828125,-0.1221923828125,1,13,True
-,13,93,106,93,13,106,0,0.08056640625,-0.08056640625,-0.08056640625,1,13,True
-,13,94,107,94,13,107,1,0.292236328125,-0.292236328125,-0.292236328125,1,13,True
-,13,95,108,95,13,108,1,0.09747314453125,-0.09747314453125,-0.09747314453125,1,13,True
-,13,96,109,96,13,109,1,0.3193359375,-0.3193359375,-0.3193359375,1,13,True
-,13,97,110,97,13,110,1,0.246826171875,-0.246826171875,-0.246826171875,1,13,True
-,13,98,111,98,13,111,0,1.0546875,-1.0546875,-1.0546875,1,23,False
-,13,99,112,99,13,112,0,0.951171875,-0.951171875,-0.951171875,1,13,True
-,14,10,24,10,14,24,17,0.00830841064453125,-0.00830841064453125,-0.00830841064453125,1,14,True
-,14,11,25,11,14,25,7,0.02899169921875,-0.02899169921875,-0.02899169921875,1,14,True
-,14,12,26,12,14,26,4,0.006122589111328125,-0.006122589111328125,-0.006122589111328125,1,14,True
-,14,13,27,13,14,27,9,0.0186920166015625,-0.0186920166015625,-0.0186920166015625,1,14,True
-,14,14,28,14,14,28,6,0.022857666015625,-0.022857666015625,-0.022857666015625,1,14,True
-,14,15,29,15,14,29,1,0.038818359375,-0.038818359375,-0.038818359375,1,14,True
-,14,16,30,16,14,30,8,0.0088043212890625,-0.0088043212890625,-0.0088043212890625,1,14,True
-,14,17,31,17,14,31,1,0.05169677734375,-0.05169677734375,-0.05169677734375,1,14,True
-,14,18,32,18,14,32,5,0.0165557861328125,-0.0165557861328125,-0.0165557861328125,1,14,True
-,14,19,33,19,14,33,6,0.13330078125,-0.13330078125,-0.13330078125,1,14,True
-,14,20,34,20,14,34,1,0.0199737548828125,-0.0199737548828125,-0.0199737548828125,1,14,True
-,14,21,35,21,14,35,9,0.037567138671875,-0.037567138671875,-0.037567138671875,1,14,True
-,14,22,36,22,14,36,3,0.1339111328125,-0.1339111328125,-0.1339111328125,1,14,True
-,14,23,37,23,14,37,5,0.0313720703125,-0.0313720703125,-0.0313720703125,1,14,True
-,14,24,38,24,14,38,0,0.0372314453125,-0.0372314453125,-0.0372314453125,1,14,True
-,14,25,39,25,14,39,0,0.054779052734375,-0.054779052734375,-0.054779052734375,1,14,True
-,14,26,40,26,14,40,1,0.018035888671875,-0.018035888671875,-0.018035888671875,1,14,True
-,14,27,41,27,14,41,0,0.0791015625,-0.0791015625,-0.0791015625,1,14,True
-,14,28,42,28,14,42,5,0.040313720703125,-0.040313720703125,-0.040313720703125,1,14,True
-,14,29,43,29,14,43,0,0.287109375,-0.287109375,-0.287109375,1,14,True
-,14,30,44,30,14,44,0,0.0161590576171875,-0.0161590576171875,-0.0161590576171875,1,14,True
-,14,31,45,31,14,45,0,0.0220794677734375,-0.0220794677734375,-0.0220794677734375,1,14,True
-,14,32,46,32,14,46,1,0.07177734375,-0.07177734375,-0.07177734375,1,14,True
-,14,33,47,33,14,47,4,0.03472900390625,-0.03472900390625,-0.03472900390625,1,14,True
-,14,34,48,34,14,48,0,0.01397705078125,-0.01397705078125,-0.01397705078125,1,14,True
-,14,35,49,35,14,49,5,0.110595703125,-0.110595703125,-0.110595703125,1,14,True
-,14,36,50,36,14,50,2,0.017181396484375,-0.017181396484375,-0.017181396484375,1,14,True
-,14,37,51,37,14,51,1,0.11309814453125,-0.11309814453125,-0.11309814453125,1,14,True
-,14,38,52,38,14,52,0,0.059112548828125,-0.059112548828125,-0.059112548828125,1,14,True
-,14,39,53,39,14,53,3,0.24755859375,-0.24755859375,-0.24755859375,1,14,True
-,14,40,54,40,14,54,0,0.07647705078125,-0.07647705078125,-0.07647705078125,1,14,True
-,14,41,55,41,14,55,0,0.08087158203125,-0.08087158203125,-0.08087158203125,1,14,True
-,14,42,56,42,14,56,0,0.022796630859375,-0.022796630859375,-0.022796630859375,1,14,True
-,14,43,57,43,14,57,1,0.07061767578125,-0.07061767578125,-0.07061767578125,1,14,True
-,14,44,58,44,14,58,1,0.0770263671875,-0.0770263671875,-0.0770263671875,1,14,True
-,14,45,59,45,14,59,1,0.094970703125,-0.094970703125,-0.094970703125,1,14,True
-,14,46,60,46,14,60,1,0.017547607421875,-0.017547607421875,-0.017547607421875,1,14,True
-,14,47,61,47,14,61,1,0.05572509765625,-0.05572509765625,-0.05572509765625,1,14,True
-,14,48,62,48,14,62,1,0.08843994140625,-0.08843994140625,-0.08843994140625,1,14,True
-,14,49,63,49,14,63,1,0.1331787109375,-0.1331787109375,-0.1331787109375,1,14,True
-,14,50,64,50,14,64,1,0.0121612548828125,-0.0121612548828125,-0.0121612548828125,1,14,True
-,14,51,65,51,14,65,0,0.09588623046875,-0.09588623046875,-0.09588623046875,1,14,True
-,14,52,66,52,14,66,0,0.047637939453125,-0.047637939453125,-0.047637939453125,1,14,True
-,14,53,67,53,14,67,0,0.08642578125,-0.08642578125,-0.08642578125,1,14,True
-,14,54,68,54,14,68,0,0.039581298828125,-0.039581298828125,-0.039581298828125,1,14,True
-,14,55,69,55,14,69,0,0.1351318359375,-0.1351318359375,-0.1351318359375,1,14,True
-,14,56,70,56,14,70,1,0.075927734375,-0.075927734375,-0.075927734375,1,14,True
-,14,57,71,57,14,71,0,0.179443359375,-0.179443359375,-0.179443359375,1,14,True
-,14,58,72,58,14,72,0,0.11328125,-0.11328125,-0.11328125,1,14,True
-,14,59,73,59,14,73,0,0.259765625,-0.259765625,-0.259765625,1,14,True
-,14,60,74,60,14,74,1,0.029205322265625,-0.029205322265625,-0.029205322265625,1,14,True
-,14,61,75,61,14,75,1,0.0308837890625,-0.0308837890625,-0.0308837890625,1,14,True
-,14,62,76,62,14,76,0,0.1748046875,-0.1748046875,-0.1748046875,1,14,True
-,14,63,77,63,14,77,0,0.07855224609375,-0.07855224609375,-0.07855224609375,1,14,True
-,14,64,78,64,14,78,0,0.344482421875,-0.344482421875,-0.344482421875,1,14,True
-,14,65,79,65,14,79,0,0.21484375,-0.21484375,-0.21484375,1,14,True
-,14,66,80,66,14,80,0,0.1685791015625,-0.1685791015625,-0.1685791015625,1,14,True
-,14,67,81,67,14,81,0,0.097900390625,-0.097900390625,-0.097900390625,1,14,True
-,14,68,82,68,14,82,0,0.13330078125,-0.13330078125,-0.13330078125,1,14,True
-,14,69,83,69,14,83,0,0.05767822265625,-0.05767822265625,-0.05767822265625,1,14,True
-,14,70,84,70,14,84,0,0.0205841064453125,-0.0205841064453125,-0.0205841064453125,1,14,True
-,14,71,85,71,14,85,0,0.1826171875,-0.1826171875,-0.1826171875,1,14,True
-,14,72,86,72,14,86,0,0.66845703125,-0.66845703125,-0.66845703125,1,14,True
-,14,73,87,73,14,87,0,0.09747314453125,-0.09747314453125,-0.09747314453125,1,14,True
-,14,74,88,74,14,88,0,0.9951171875,-0.9951171875,-0.9951171875,1,14,True
-,14,75,89,75,14,89,0,0.08551025390625,-0.08551025390625,-0.08551025390625,1,14,True
-,14,76,90,76,14,90,0,0.1275634765625,-0.1275634765625,-0.1275634765625,1,14,True
-,14,77,91,77,14,91,1,0.220947265625,-0.220947265625,-0.220947265625,1,14,True
-,14,78,92,78,14,92,0,0.1185302734375,-0.1185302734375,-0.1185302734375,1,14,True
-,14,79,93,79,14,93,0,0.12353515625,-0.12353515625,-0.12353515625,1,14,True
-,14,80,94,80,14,94,0,0.09521484375,-0.09521484375,-0.09521484375,1,14,True
-,14,81,95,81,14,95,1,0.24169921875,-0.24169921875,-0.24169921875,1,14,True
-,14,82,96,82,14,96,0,0.0955810546875,-0.0955810546875,-0.0955810546875,1,14,True
-,14,83,97,83,14,97,0,0.319091796875,-0.319091796875,-0.319091796875,1,14,True
-,14,84,98,84,14,98,0,0.035980224609375,-0.035980224609375,-0.035980224609375,1,14,True
-,14,85,99,85,14,99,0,0.09295654296875,-0.09295654296875,-0.09295654296875,1,14,True
-,14,86,100,86,14,100,2,0.11163330078125,-0.11163330078125,-0.11163330078125,1,14,True
-,14,87,101,87,14,101,1,0.1483154296875,-0.1483154296875,-0.1483154296875,1,14,True
-,14,88,102,88,14,102,0,0.12017822265625,-0.12017822265625,-0.12017822265625,1,14,True
-,14,89,103,89,14,103,1,0.13037109375,-0.13037109375,-0.13037109375,1,14,True
-,14,90,104,90,14,104,0,0.02099609375,-0.02099609375,-0.02099609375,1,14,True
-,14,91,105,91,14,105,1,0.10107421875,-0.10107421875,-0.10107421875,1,14,True
-,14,92,106,92,14,106,0,0.0384521484375,-0.0384521484375,-0.0384521484375,1,14,True
-,14,93,107,93,14,107,0,0.16748046875,-0.16748046875,-0.16748046875,1,14,True
-,14,94,108,94,14,108,0,0.1549072265625,-0.1549072265625,-0.1549072265625,1,14,True
-,14,95,109,95,14,109,0,0.2291259765625,-0.2291259765625,-0.2291259765625,1,14,True
-,14,96,110,96,14,110,0,0.09197998046875,-0.09197998046875,-0.09197998046875,1,14,True
-,14,97,111,97,14,111,0,0.365478515625,-0.365478515625,-0.365478515625,1,14,True
-,14,98,112,98,14,112,1,1.2470703125,-1.2470703125,-1.2470703125,1,14,True
-,14,99,113,99,14,113,0,0.853515625,-0.853515625,-0.853515625,1,14,True
-,15,10,25,10,15,25,22,0.00571441650390625,-0.00571441650390625,-0.00571441650390625,1,15,True
-,15,11,26,11,15,26,4,0.0189361572265625,-0.0189361572265625,-0.0189361572265625,1,15,True
-,15,12,27,12,15,27,3,0.0150299072265625,-0.0150299072265625,-0.0150299072265625,1,15,True
-,15,13,28,13,15,28,2,0.197021484375,-0.197021484375,-0.197021484375,1,15,True
-,15,14,29,14,15,29,3,0.034393310546875,-0.034393310546875,-0.034393310546875,1,15,True
-,15,15,30,15,15,30,18,0.020263671875,-0.020263671875,-0.020263671875,1,15,True
-,15,16,31,16,15,31,3,0.040435791015625,-0.040435791015625,-0.040435791015625,1,15,True
-,15,17,32,17,15,32,9,0.03558349609375,-0.03558349609375,-0.03558349609375,1,15,True
-,15,18,33,18,15,33,4,0.10064697265625,-0.10064697265625,-0.10064697265625,1,15,True
-,15,19,34,19,15,34,1,0.0184173583984375,-0.0184173583984375,-0.0184173583984375,1,15,True
-,15,20,35,20,15,35,13,0.0246734619140625,-0.0246734619140625,-0.0246734619140625,1,15,True
-,15,21,36,21,15,36,6,0.0202484130859375,-0.0202484130859375,-0.0202484130859375,1,15,True
-,15,22,37,22,15,37,1,0.1279296875,-0.1279296875,-0.1279296875,1,15,True
-,15,23,38,23,15,38,1,0.77734375,-0.77734375,-0.77734375,1,15,True
-,15,24,39,24,15,39,0,0.0244293212890625,-0.0244293212890625,-0.0244293212890625,1,15,True
-,15,25,40,25,15,40,3,0.0255126953125,-0.0255126953125,-0.0255126953125,1,15,True
-,15,26,41,26,15,41,1,0.02703857421875,-0.02703857421875,-0.02703857421875,1,15,True
-,15,27,42,27,15,42,2,0.047119140625,-0.047119140625,-0.047119140625,1,15,True
-,15,28,43,28,15,43,0,0.54736328125,-0.54736328125,-0.54736328125,1,15,True
-,15,29,44,29,15,44,6,0.1563720703125,-0.1563720703125,-0.1563720703125,1,15,True
-,15,30,45,30,15,45,6,0.0156402587890625,-0.0156402587890625,-0.0156402587890625,1,15,True
-,15,31,46,31,15,46,3,0.036529541015625,-0.036529541015625,-0.036529541015625,1,15,True
-,15,32,47,32,15,47,3,0.06689453125,-0.06689453125,-0.06689453125,1,15,True
-,15,33,48,33,15,48,0,0.1304931640625,-0.1304931640625,-0.1304931640625,1,15,True
-,15,34,49,34,15,49,0,0.060516357421875,-0.060516357421875,-0.060516357421875,1,15,True
-,15,35,50,35,15,50,6,0.0281829833984375,-0.0281829833984375,-0.0281829833984375,1,15,True
-,15,36,51,36,15,51,1,0.075927734375,-0.075927734375,-0.075927734375,1,15,True
-,15,37,52,37,15,52,1,0.05078125,-0.05078125,-0.05078125,1,15,True
-,15,38,53,38,15,53,2,0.3837890625,-0.3837890625,-0.3837890625,1,15,True
-,15,39,54,39,15,54,0,0.1923828125,-0.1923828125,-0.1923828125,1,15,True
-,15,40,55,40,15,55,1,0.051422119140625,-0.051422119140625,-0.051422119140625,1,15,True
-,15,41,56,41,15,56,0,0.03363037109375,-0.03363037109375,-0.03363037109375,1,15,True
-,15,42,57,42,15,57,0,0.0633544921875,-0.0633544921875,-0.0633544921875,1,15,True
-,15,43,58,43,15,58,0,0.85400390625,-0.85400390625,-0.85400390625,1,15,True
-,15,44,59,44,15,59,1,0.41845703125,-0.41845703125,-0.41845703125,1,15,True
-,15,45,60,45,15,60,0,0.01849365234375,-0.01849365234375,-0.01849365234375,1,15,True
-,15,46,61,46,15,61,0,0.015655517578125,-0.015655517578125,-0.015655517578125,1,15,True
-,15,47,62,47,15,62,0,0.0611572265625,-0.0611572265625,-0.0611572265625,1,15,True
-,15,48,63,48,15,63,0,0.234619140625,-0.234619140625,-0.234619140625,1,15,True
-,15,49,64,49,15,64,1,0.10235595703125,-0.10235595703125,-0.10235595703125,1,15,True
-,15,50,65,50,15,65,3,0.0811767578125,-0.0811767578125,-0.0811767578125,1,15,True
-,15,51,66,51,15,66,0,0.0206451416015625,-0.0206451416015625,-0.0206451416015625,1,15,True
-,15,52,67,52,15,67,0,0.1409912109375,-0.1409912109375,-0.1409912109375,1,15,True
-,15,53,68,53,15,68,0,0.096435546875,-0.096435546875,-0.096435546875,1,15,True
-,15,54,69,54,15,69,0,0.04742431640625,-0.04742431640625,-0.04742431640625,1,15,True
-,15,55,70,55,15,70,1,0.11474609375,-0.11474609375,-0.11474609375,1,15,True
-,15,56,71,56,15,71,2,0.094970703125,-0.094970703125,-0.094970703125,1,15,True
-,15,57,72,57,15,72,0,0.0141448974609375,-0.0141448974609375,-0.0141448974609375,1,15,True
-,15,58,73,58,15,73,0,0.16748046875,-0.16748046875,-0.16748046875,1,15,True
-,15,59,74,59,15,74,0,0.056121826171875,-0.056121826171875,-0.056121826171875,1,15,True
-,15,60,75,60,15,75,2,0.06549072265625,-0.06549072265625,-0.06549072265625,1,15,True
-,15,61,76,61,15,76,0,0.058258056640625,-0.058258056640625,-0.058258056640625,1,15,True
-,15,62,77,62,15,77,0,0.2705078125,-0.2705078125,-0.2705078125,1,15,True
-,15,63,78,63,15,78,0,0.04669189453125,-0.04669189453125,-0.04669189453125,1,15,True
-,15,64,79,64,15,79,0,0.148193359375,-0.148193359375,-0.148193359375,1,15,True
-,15,65,80,65,15,80,3,0.357177734375,-0.357177734375,-0.357177734375,1,15,True
-,15,66,81,66,15,81,0,0.01119232177734375,-0.01119232177734375,-0.01119232177734375,1,15,True
-,15,67,82,67,15,82,0,0.08892822265625,-0.08892822265625,-0.08892822265625,1,15,True
-,15,68,83,68,15,83,0,0.34423828125,-0.34423828125,-0.34423828125,1,15,True
-,15,69,84,69,15,84,0,0.0290679931640625,-0.0290679931640625,-0.0290679931640625,1,15,True
-,15,70,85,70,15,85,1,0.0260772705078125,-0.0260772705078125,-0.0260772705078125,1,15,True
-,15,71,86,71,15,86,0,0.05267333984375,-0.05267333984375,-0.05267333984375,1,15,True
-,15,72,87,72,15,87,0,0.0892333984375,-0.0892333984375,-0.0892333984375,1,15,True
-,15,73,88,73,15,88,0,0.2408447265625,-0.2408447265625,-0.2408447265625,1,15,True
-,15,74,89,74,15,89,0,0.0242767333984375,-0.0242767333984375,-0.0242767333984375,1,15,True
-,15,75,90,75,15,90,1,0.0340576171875,-0.0340576171875,-0.0340576171875,1,15,True
-,15,76,91,76,15,91,0,0.033538818359375,-0.033538818359375,-0.033538818359375,1,15,True
-,15,77,92,77,15,92,1,0.1326904296875,-0.1326904296875,-0.1326904296875,1,15,True
-,15,78,93,78,15,93,0,0.1473388671875,-0.1473388671875,-0.1473388671875,1,15,True
-,15,79,94,79,15,94,0,0.1280517578125,-0.1280517578125,-0.1280517578125,1,15,True
-,15,80,95,80,15,95,0,0.0908203125,-0.0908203125,-0.0908203125,1,15,True
-,15,81,96,81,15,96,0,0.07025146484375,-0.07025146484375,-0.07025146484375,1,15,True
-,15,82,97,82,15,97,0,0.06292724609375,-0.06292724609375,-0.06292724609375,1,15,True
-,15,83,98,83,15,98,0,0.049530029296875,-0.049530029296875,-0.049530029296875,1,15,True
-,15,84,99,84,15,99,0,0.07855224609375,-0.07855224609375,-0.07855224609375,1,15,True
-,15,85,100,85,15,100,6,0.059234619140625,-0.059234619140625,-0.059234619140625,1,15,True
-,15,86,101,86,15,101,0,0.05023193359375,-0.05023193359375,-0.05023193359375,1,15,True
-,15,87,102,87,15,102,0,0.07794189453125,-0.07794189453125,-0.07794189453125,1,15,True
-,15,88,103,88,15,103,0,0.236083984375,-0.236083984375,-0.236083984375,1,15,True
-,15,89,104,89,15,104,0,0.09307861328125,-0.09307861328125,-0.09307861328125,1,15,True
-,15,90,105,90,15,105,1,0.07159423828125,-0.07159423828125,-0.07159423828125,1,15,True
-,15,91,106,91,15,106,0,0.08392333984375,-0.08392333984375,-0.08392333984375,1,15,True
-,15,92,107,92,15,107,0,0.1260986328125,-0.1260986328125,-0.1260986328125,1,15,True
-,15,93,108,93,15,108,0,0.09600830078125,-0.09600830078125,-0.09600830078125,1,15,True
-,15,94,109,94,15,109,0,0.0888671875,-0.0888671875,-0.0888671875,1,15,True
-,15,95,110,95,15,110,0,0.1866455078125,-0.1866455078125,-0.1866455078125,1,15,True
-,15,96,111,96,15,111,1,0.32470703125,-0.32470703125,-0.32470703125,1,15,True
-,15,97,112,97,15,112,0,0.2119140625,-0.2119140625,-0.2119140625,1,15,True
-,15,98,113,98,15,113,0,2.76171875,-2.76171875,-2.76171875,1,23,False
-,15,99,114,99,15,114,0,0.83837890625,-0.83837890625,-0.83837890625,1,15,True
-,16,10,26,10,16,26,5,0.007343292236328125,-0.007343292236328125,-0.007343292236328125,1,16,True
-,16,11,27,11,16,27,2,0.1282958984375,-0.1282958984375,-0.1282958984375,1,16,True
-,16,12,28,12,16,28,10,0.004993438720703125,-0.004993438720703125,-0.004993438720703125,1,16,True
-,16,13,29,13,16,29,5,0.2308349609375,-0.2308349609375,-0.2308349609375,1,16,True
-,16,14,30,14,16,30,5,0.00984954833984375,-0.00984954833984375,-0.00984954833984375,1,16,True
-,16,15,31,15,16,31,3,0.0191497802734375,-0.0191497802734375,-0.0191497802734375,1,16,True
-,16,16,32,16,16,32,18,0.00991058349609375,-0.00991058349609375,-0.00991058349609375,1,16,True
-,16,17,33,17,16,33,3,0.05657958984375,-0.05657958984375,-0.05657958984375,1,16,True
-,16,18,34,18,16,34,1,0.0171966552734375,-0.0171966552734375,-0.0171966552734375,1,16,True
-,16,19,35,19,16,35,4,0.0321044921875,-0.0321044921875,-0.0321044921875,1,16,True
-,16,20,36,20,16,36,9,0.004932403564453125,-0.004932403564453125,-0.004932403564453125,1,16,True
-,16,21,37,21,16,37,2,0.0787353515625,-0.0787353515625,-0.0787353515625,1,16,True
-,16,22,38,22,16,38,0,0.1165771484375,-0.1165771484375,-0.1165771484375,1,16,True
-,16,23,39,23,16,39,2,0.06689453125,-0.06689453125,-0.06689453125,1,16,True
-,16,24,40,24,16,40,1,0.005870819091796875,-0.005870819091796875,-0.005870819091796875,1,16,True
-,16,25,41,25,16,41,2,0.03594970703125,-0.03594970703125,-0.03594970703125,1,16,True
-,16,26,42,26,16,42,0,0.00952911376953125,-0.00952911376953125,-0.00952911376953125,1,16,True
-,16,27,43,27,16,43,0,0.0157928466796875,-0.0157928466796875,-0.0157928466796875,1,16,True
-,16,28,44,28,16,44,1,0.212646484375,-0.212646484375,-0.212646484375,1,16,True
-,16,29,45,29,16,45,4,0.0270538330078125,-0.0270538330078125,-0.0270538330078125,1,16,True
-,16,30,46,30,16,46,1,0.010223388671875,-0.010223388671875,-0.010223388671875,1,16,True
-,16,31,47,31,16,47,1,0.12066650390625,-0.12066650390625,-0.12066650390625,1,16,True
-,16,32,48,32,16,48,5,0.0152740478515625,-0.0152740478515625,-0.0152740478515625,1,16,True
-,16,33,49,33,16,49,2,0.04498291015625,-0.04498291015625,-0.04498291015625,1,16,True
-,16,34,50,34,16,50,2,0.1090087890625,-0.1090087890625,-0.1090087890625,1,16,True
-,16,35,51,35,16,51,1,0.0799560546875,-0.0799560546875,-0.0799560546875,1,16,True
-,16,36,52,36,16,52,3,0.042022705078125,-0.042022705078125,-0.042022705078125,1,16,True
-,16,37,53,37,16,53,2,0.1209716796875,-0.1209716796875,-0.1209716796875,1,16,True
-,16,38,54,38,16,54,1,0.5078125,-0.5078125,-0.5078125,1,16,True
-,16,39,55,39,16,55,0,0.09759521484375,-0.09759521484375,-0.09759521484375,1,16,True
-,16,40,56,40,16,56,4,0.0457763671875,-0.0457763671875,-0.0457763671875,1,16,True
-,16,41,57,41,16,57,0,0.1444091796875,-0.1444091796875,-0.1444091796875,1,16,True
-,16,42,58,42,16,58,0,0.07049560546875,-0.07049560546875,-0.07049560546875,1,16,True
-,16,43,59,43,16,59,1,0.38525390625,-0.38525390625,-0.38525390625,1,16,True
-,16,44,60,44,16,60,1,0.041656494140625,-0.041656494140625,-0.041656494140625,1,16,True
-,16,45,61,45,16,61,1,0.02142333984375,-0.02142333984375,-0.02142333984375,1,16,True
-,16,46,62,46,16,62,0,0.037017822265625,-0.037017822265625,-0.037017822265625,1,16,True
-,16,47,63,47,16,63,0,0.328125,-0.328125,-0.328125,1,16,True
-,16,48,64,48,16,64,5,0.10430908203125,-0.10430908203125,-0.10430908203125,1,16,True
-,16,49,65,49,16,65,0,0.164306640625,-0.164306640625,-0.164306640625,1,16,True
-,16,50,66,50,16,66,0,0.009490966796875,-0.009490966796875,-0.009490966796875,1,16,True
-,16,51,67,51,16,67,0,0.1402587890625,-0.1402587890625,-0.1402587890625,1,16,True
-,16,52,68,52,16,68,1,0.4921875,-0.4921875,-0.4921875,1,16,True
-,16,53,69,53,16,69,0,0.09295654296875,-0.09295654296875,-0.09295654296875,1,16,True
-,16,54,70,54,16,70,0,0.08331298828125,-0.08331298828125,-0.08331298828125,1,16,True
-,16,55,71,55,16,71,0,0.322265625,-0.322265625,-0.322265625,1,16,True
-,16,56,72,56,16,72,1,0.0221710205078125,-0.0221710205078125,-0.0221710205078125,1,16,True
-,16,57,73,57,16,73,0,0.15966796875,-0.15966796875,-0.15966796875,1,16,True
-,16,58,74,58,16,74,0,0.0755615234375,-0.0755615234375,-0.0755615234375,1,16,True
-,16,59,75,59,16,75,0,0.04150390625,-0.04150390625,-0.04150390625,1,16,True
-,16,60,76,60,16,76,1,0.0301361083984375,-0.0301361083984375,-0.0301361083984375,1,16,True
-,16,61,77,61,16,77,0,0.11627197265625,-0.11627197265625,-0.11627197265625,1,16,True
-,16,62,78,62,16,78,0,0.12841796875,-0.12841796875,-0.12841796875,1,16,True
-,16,63,79,63,16,79,1,0.068359375,-0.068359375,-0.068359375,1,16,True
-,16,64,80,64,16,80,3,0.03887939453125,-0.03887939453125,-0.03887939453125,1,16,True
-,16,65,81,65,16,81,2,0.1085205078125,-0.1085205078125,-0.1085205078125,1,16,True
-,16,66,82,66,16,82,0,0.0360107421875,-0.0360107421875,-0.0360107421875,1,16,True
-,16,67,83,67,16,83,1,0.149169921875,-0.149169921875,-0.149169921875,1,16,True
-,16,68,84,68,16,84,0,0.2237548828125,-0.2237548828125,-0.2237548828125,1,16,True
-,16,69,85,69,16,85,0,0.0572509765625,-0.0572509765625,-0.0572509765625,1,16,True
-,16,70,86,70,16,86,0,0.0377197265625,-0.0377197265625,-0.0377197265625,1,16,True
-,16,71,87,71,16,87,0,0.038482666015625,-0.038482666015625,-0.038482666015625,1,16,True
-,16,72,88,72,16,88,2,0.1556396484375,-0.1556396484375,-0.1556396484375,1,16,True
-,16,73,89,73,16,89,0,0.09515380859375,-0.09515380859375,-0.09515380859375,1,16,True
-,16,74,90,74,16,90,0,0.1578369140625,-0.1578369140625,-0.1578369140625,1,16,True
-,16,75,91,75,16,91,1,0.0219573974609375,-0.0219573974609375,-0.0219573974609375,1,16,True
-,16,76,92,76,16,92,1,0.1363525390625,-0.1363525390625,-0.1363525390625,1,16,True
-,16,77,93,77,16,93,0,0.0906982421875,-0.0906982421875,-0.0906982421875,1,16,True
-,16,78,94,78,16,94,0,0.54931640625,-0.54931640625,-0.54931640625,1,16,True
-,16,79,95,79,16,95,0,0.201416015625,-0.201416015625,-0.201416015625,1,16,True
-,16,80,96,80,16,96,1,0.01226806640625,-0.01226806640625,-0.01226806640625,1,16,True
-,16,81,97,81,16,97,0,0.05975341796875,-0.05975341796875,-0.05975341796875,1,16,True
-,16,82,98,82,16,98,0,0.195068359375,-0.195068359375,-0.195068359375,1,16,True
-,16,83,99,83,16,99,0,0.081787109375,-0.081787109375,-0.081787109375,1,16,True
-,16,84,100,84,16,100,2,0.044769287109375,-0.044769287109375,-0.044769287109375,1,16,True
-,16,85,101,85,16,101,0,0.152099609375,-0.152099609375,-0.152099609375,1,16,True
-,16,86,102,86,16,102,0,0.027191162109375,-0.027191162109375,-0.027191162109375,1,16,True
-,16,87,103,87,16,103,0,0.0634765625,-0.0634765625,-0.0634765625,1,16,True
-,16,88,104,88,16,104,0,2.78515625,-2.78515625,-2.78515625,1,12,False
-,16,89,105,89,16,105,0,0.140380859375,-0.140380859375,-0.140380859375,1,16,True
-,16,90,106,90,16,106,0,0.02154541015625,-0.02154541015625,-0.02154541015625,1,16,True
-,16,91,107,91,16,107,0,0.132080078125,-0.132080078125,-0.132080078125,1,16,True
-,16,92,108,92,16,108,0,1.0888671875,-1.0888671875,-1.0888671875,1,16,True
-,16,93,109,93,16,109,0,0.11248779296875,-0.11248779296875,-0.11248779296875,1,16,True
-,16,94,110,94,16,110,0,0.10528564453125,-0.10528564453125,-0.10528564453125,1,16,True
-,16,95,111,95,16,111,0,0.058197021484375,-0.058197021484375,-0.058197021484375,1,16,True
-,16,96,112,96,16,112,1,0.44384765625,-0.44384765625,-0.44384765625,1,16,True
-,16,97,113,97,16,113,0,0.625,-0.625,-0.625,1,16,True
-,16,98,114,98,16,114,0,2.38671875,-2.38671875,-2.38671875,1,23,False
-,16,99,115,99,16,115,0,1.099609375,-1.099609375,-1.099609375,1,16,True
-,17,10,27,10,17,27,4,0.036346435546875,-0.036346435546875,-0.036346435546875,1,17,True
-,17,11,28,11,17,28,8,0.1029052734375,-0.1029052734375,-0.1029052734375,1,17,True
-,17,12,29,12,17,29,3,0.0172882080078125,-0.0172882080078125,-0.0172882080078125,1,17,True
-,17,13,30,13,17,30,3,0.035247802734375,-0.035247802734375,-0.035247802734375,1,17,True
-,17,14,31,14,17,31,3,0.054290771484375,-0.054290771484375,-0.054290771484375,1,17,True
-,17,15,32,15,17,32,7,0.044830322265625,-0.044830322265625,-0.044830322265625,1,17,True
-,17,16,33,16,17,33,7,0.0149688720703125,-0.0149688720703125,-0.0149688720703125,1,17,True
-,17,17,34,17,17,34,4,0.0255126953125,-0.0255126953125,-0.0255126953125,1,17,True
-,17,18,35,18,17,35,1,0.0054473876953125,-0.0054473876953125,-0.0054473876953125,1,17,True
-,17,19,36,19,17,36,1,0.0208587646484375,-0.0208587646484375,-0.0208587646484375,1,17,True
-,17,20,37,20,17,37,0,0.05072021484375,-0.05072021484375,-0.05072021484375,1,17,True
-,17,21,38,21,17,38,2,0.0298309326171875,-0.0298309326171875,-0.0298309326171875,1,17,True
-,17,22,39,22,17,39,0,0.039398193359375,-0.039398193359375,-0.039398193359375,1,17,True
-,17,23,40,23,17,40,2,0.017425537109375,-0.017425537109375,-0.017425537109375,1,17,True
-,17,24,41,24,17,41,1,0.10150146484375,-0.10150146484375,-0.10150146484375,1,17,True
-,17,25,42,25,17,42,2,0.03228759765625,-0.03228759765625,-0.03228759765625,1,17,True
-,17,26,43,26,17,43,0,0.0229339599609375,-0.0229339599609375,-0.0229339599609375,1,17,True
-,17,27,44,27,17,44,1,0.0103302001953125,-0.0103302001953125,-0.0103302001953125,1,17,True
-,17,28,45,28,17,45,2,0.01172637939453125,-0.01172637939453125,-0.01172637939453125,1,17,True
-,17,29,46,29,17,46,1,0.1876220703125,-0.1876220703125,-0.1876220703125,1,17,True
-,17,30,47,30,17,47,1,0.0138092041015625,-0.0138092041015625,-0.0138092041015625,1,17,True
-,17,31,48,31,17,48,1,0.032501220703125,-0.032501220703125,-0.032501220703125,1,17,True
-,17,32,49,32,17,49,2,0.099365234375,-0.099365234375,-0.099365234375,1,17,True
-,17,33,50,33,17,50,3,0.01103973388671875,-0.01103973388671875,-0.01103973388671875,1,17,True
-,17,34,51,34,17,51,1,0.0794677734375,-0.0794677734375,-0.0794677734375,1,17,True
-,17,35,52,35,17,52,0,0.1785888671875,-0.1785888671875,-0.1785888671875,1,17,True
-,17,36,53,36,17,53,0,0.04876708984375,-0.04876708984375,-0.04876708984375,1,17,True
-,17,37,54,37,17,54,0,0.058746337890625,-0.058746337890625,-0.058746337890625,1,17,True
-,17,38,55,38,17,55,2,0.0777587890625,-0.0777587890625,-0.0777587890625,1,17,True
-,17,39,56,39,17,56,0,0.095703125,-0.095703125,-0.095703125,1,17,True
-,17,40,57,40,17,57,0,0.0272216796875,-0.0272216796875,-0.0272216796875,1,17,True
-,17,41,58,41,17,58,0,0.187255859375,-0.187255859375,-0.187255859375,1,17,True
-,17,42,59,42,17,59,0,0.07244873046875,-0.07244873046875,-0.07244873046875,1,17,True
-,17,43,60,43,17,60,0,0.05291748046875,-0.05291748046875,-0.05291748046875,1,17,True
-,17,44,61,44,17,61,1,0.07330322265625,-0.07330322265625,-0.07330322265625,1,17,True
-,17,45,62,45,17,62,0,0.03106689453125,-0.03106689453125,-0.03106689453125,1,17,True
-,17,46,63,46,17,63,1,0.017364501953125,-0.017364501953125,-0.017364501953125,1,17,True
-,17,47,64,47,17,64,1,0.36865234375,-0.36865234375,-0.36865234375,1,17,True
-,17,48,65,48,17,65,1,0.11968994140625,-0.11968994140625,-0.11968994140625,1,17,True
-,17,49,66,49,17,66,1,0.080810546875,-0.080810546875,-0.080810546875,1,17,True
-,17,50,67,50,17,67,0,0.035797119140625,-0.035797119140625,-0.035797119140625,1,17,True
-,17,51,68,51,17,68,0,0.12158203125,-0.12158203125,-0.12158203125,1,17,True
-,17,52,69,52,17,69,0,0.229736328125,-0.229736328125,-0.229736328125,1,17,True
-,17,53,70,53,17,70,0,0.0504150390625,-0.0504150390625,-0.0504150390625,1,17,True
-,17,54,71,54,17,71,0,0.099365234375,-0.099365234375,-0.099365234375,1,17,True
-,17,55,72,55,17,72,0,0.1881103515625,-0.1881103515625,-0.1881103515625,1,17,True
-,17,56,73,56,17,73,0,0.1844482421875,-0.1844482421875,-0.1844482421875,1,17,True
-,17,57,74,57,17,74,1,0.05029296875,-0.05029296875,-0.05029296875,1,17,True
-,17,58,75,58,17,75,0,0.0281982421875,-0.0281982421875,-0.0281982421875,1,17,True
-,17,59,76,59,17,76,0,0.443115234375,-0.443115234375,-0.443115234375,1,17,True
-,17,60,77,60,17,77,3,0.11224365234375,-0.11224365234375,-0.11224365234375,1,17,True
-,17,61,78,61,17,78,0,0.09759521484375,-0.09759521484375,-0.09759521484375,1,17,True
-,17,62,79,62,17,79,0,0.29248046875,-0.29248046875,-0.29248046875,1,17,True
-,17,63,80,63,17,80,1,0.51123046875,-0.51123046875,-0.51123046875,1,17,True
-,17,64,81,64,17,81,3,0.162353515625,-0.162353515625,-0.162353515625,1,17,True
-,17,65,82,65,17,82,2,0.22021484375,-0.22021484375,-0.22021484375,1,17,True
-,17,66,83,66,17,83,0,0.1361083984375,-0.1361083984375,-0.1361083984375,1,17,True
-,17,67,84,67,17,84,0,0.1065673828125,-0.1065673828125,-0.1065673828125,1,17,True
-,17,68,85,68,17,85,0,0.191162109375,-0.191162109375,-0.191162109375,1,17,True
-,17,69,86,69,17,86,1,0.38720703125,-0.38720703125,-0.38720703125,1,17,True
-,17,70,87,70,17,87,0,0.04486083984375,-0.04486083984375,-0.04486083984375,1,17,True
-,17,71,88,71,17,88,0,0.65771484375,-0.65771484375,-0.65771484375,1,17,True
-,17,72,89,72,17,89,0,0.376953125,-0.376953125,-0.376953125,1,17,True
-,17,73,90,73,17,90,0,0.1904296875,-0.1904296875,-0.1904296875,1,17,True
-,17,74,91,74,17,91,0,0.1131591796875,-0.1131591796875,-0.1131591796875,1,17,True
-,17,75,92,75,17,92,0,0.3095703125,-0.3095703125,-0.3095703125,1,17,True
-,17,76,93,76,17,93,0,0.10919189453125,-0.10919189453125,-0.10919189453125,1,17,True
-,17,77,94,77,17,94,0,0.33935546875,-0.33935546875,-0.33935546875,1,17,True
-,17,78,95,78,17,95,0,0.14013671875,-0.14013671875,-0.14013671875,1,17,True
-,17,79,96,79,17,96,0,0.1944580078125,-0.1944580078125,-0.1944580078125,1,17,True
-,17,80,97,80,17,97,0,0.09722900390625,-0.09722900390625,-0.09722900390625,1,17,True
-,17,81,98,81,17,98,0,0.04705810546875,-0.04705810546875,-0.04705810546875,1,17,True
-,17,82,99,82,17,99,0,0.299560546875,-0.299560546875,-0.299560546875,1,17,True
-,17,83,100,83,17,100,0,0.12017822265625,-0.12017822265625,-0.12017822265625,1,17,True
-,17,84,101,84,17,101,0,0.09197998046875,-0.09197998046875,-0.09197998046875,1,17,True
-,17,85,102,85,17,102,0,0.05462646484375,-0.05462646484375,-0.05462646484375,1,17,True
-,17,86,103,86,17,103,0,0.089599609375,-0.089599609375,-0.089599609375,1,17,True
-,17,87,104,87,17,104,0,0.1180419921875,-0.1180419921875,-0.1180419921875,1,17,True
-,17,88,105,88,17,105,0,0.08074951171875,-0.08074951171875,-0.08074951171875,1,17,True
-,17,89,106,89,17,106,0,0.372314453125,-0.372314453125,-0.372314453125,1,17,True
-,17,90,107,90,17,107,1,0.2177734375,-0.2177734375,-0.2177734375,1,17,True
-,17,91,108,91,17,108,1,0.1771240234375,-0.1771240234375,-0.1771240234375,1,17,True
-,17,92,109,92,17,109,0,0.59765625,-0.59765625,-0.59765625,1,17,True
-,17,93,110,93,17,110,0,0.0997314453125,-0.0997314453125,-0.0997314453125,1,17,True
-,17,94,111,94,17,111,1,0.1893310546875,-0.1893310546875,-0.1893310546875,1,17,True
-,17,95,112,95,17,112,0,0.1700439453125,-0.1700439453125,-0.1700439453125,1,17,True
-,17,96,113,96,17,113,0,1.2861328125,-1.2861328125,-1.2861328125,1,17,True
-,17,97,114,97,17,114,0,0.64013671875,-0.64013671875,-0.64013671875,1,17,True
-,17,98,115,98,17,115,0,1.1044921875,-1.1044921875,-1.1044921875,1,17,True
-,17,99,116,99,17,116,0,1.4345703125,-1.4345703125,-1.4345703125,1,17,True
-,18,10,28,10,18,28,6,0.007144927978515625,-0.007144927978515625,-0.007144927978515625,1,18,True
-,18,11,29,11,18,29,2,0.0555419921875,-0.0555419921875,-0.0555419921875,1,18,True
-,18,12,30,12,18,30,13,0.01358795166015625,-0.01358795166015625,-0.01358795166015625,1,18,True
-,18,13,31,13,18,31,2,0.026031494140625,-0.026031494140625,-0.026031494140625,1,18,True
-,18,14,32,14,18,32,4,0.02099609375,-0.02099609375,-0.02099609375,1,18,True
-,18,15,33,15,18,33,3,0.0298309326171875,-0.0298309326171875,-0.0298309326171875,1,18,True
-,18,16,34,16,18,34,0,0.0248260498046875,-0.0248260498046875,-0.0248260498046875,1,18,True
-,18,17,35,17,18,35,4,0.01270294189453125,-0.01270294189453125,-0.01270294189453125,1,18,True
-,18,18,36,18,18,36,4,0.006938934326171875,-0.006938934326171875,-0.006938934326171875,1,18,True
-,18,19,37,19,18,37,2,0.0316162109375,-0.0316162109375,-0.0316162109375,1,18,True
-,18,20,38,20,18,38,2,0.019378662109375,-0.019378662109375,-0.019378662109375,1,18,True
-,18,21,39,21,18,39,1,0.04559326171875,-0.04559326171875,-0.04559326171875,1,18,True
-,18,22,40,22,18,40,2,0.01163482666015625,-0.01163482666015625,-0.01163482666015625,1,18,True
-,18,23,41,23,18,41,0,0.0183258056640625,-0.0183258056640625,-0.0183258056640625,1,18,True
-,18,24,42,24,18,42,2,0.033660888671875,-0.033660888671875,-0.033660888671875,1,18,True
-,18,25,43,25,18,43,0,0.0298614501953125,-0.0298614501953125,-0.0298614501953125,1,18,True
-,18,26,44,26,18,44,0,0.01413726806640625,-0.01413726806640625,-0.01413726806640625,1,18,True
-,18,27,45,27,18,45,0,0.01311492919921875,-0.01311492919921875,-0.01311492919921875,1,18,True
-,18,28,46,28,18,46,1,0.0257568359375,-0.0257568359375,-0.0257568359375,1,18,True
-,18,29,47,29,18,47,1,0.0482177734375,-0.0482177734375,-0.0482177734375,1,18,True
-,18,30,48,30,18,48,1,0.014892578125,-0.014892578125,-0.014892578125,1,18,True
-,18,31,49,31,18,49,0,0.0306243896484375,-0.0306243896484375,-0.0306243896484375,1,18,True
-,18,32,50,32,18,50,4,0.00820159912109375,-0.00820159912109375,-0.00820159912109375,1,18,True
-,18,33,51,33,18,51,0,0.03192138671875,-0.03192138671875,-0.03192138671875,1,18,True
-,18,34,52,34,18,52,6,0.0258331298828125,-0.0258331298828125,-0.0258331298828125,1,18,True
-,18,35,53,35,18,53,2,0.03851318359375,-0.03851318359375,-0.03851318359375,1,18,True
-,18,36,54,36,18,54,3,0.0196380615234375,-0.0196380615234375,-0.0196380615234375,1,18,True
-,18,37,55,37,18,55,1,0.037872314453125,-0.037872314453125,-0.037872314453125,1,18,True
-,18,38,56,38,18,56,0,0.02069091796875,-0.02069091796875,-0.02069091796875,1,18,True
-,18,39,57,39,18,57,0,0.03179931640625,-0.03179931640625,-0.03179931640625,1,18,True
-,18,40,58,40,18,58,1,0.0242919921875,-0.0242919921875,-0.0242919921875,1,18,True
-,18,41,59,41,18,59,1,0.079345703125,-0.079345703125,-0.079345703125,1,18,True
-,18,42,60,42,18,60,0,0.01132965087890625,-0.01132965087890625,-0.01132965087890625,1,18,True
-,18,43,61,43,18,61,0,0.07562255859375,-0.07562255859375,-0.07562255859375,1,18,True
-,18,44,62,44,18,62,0,0.046173095703125,-0.046173095703125,-0.046173095703125,1,18,True
-,18,45,63,45,18,63,0,0.023101806640625,-0.023101806640625,-0.023101806640625,1,18,True
-,18,46,64,46,18,64,1,0.08343505859375,-0.08343505859375,-0.08343505859375,1,18,True
-,18,47,65,47,18,65,0,0.07135009765625,-0.07135009765625,-0.07135009765625,1,18,True
-,18,48,66,48,18,66,0,0.0352783203125,-0.0352783203125,-0.0352783203125,1,18,True
-,18,49,67,49,18,67,0,0.0638427734375,-0.0638427734375,-0.0638427734375,1,18,True
-,18,50,68,50,18,68,2,0.0193328857421875,-0.0193328857421875,-0.0193328857421875,1,18,True
-,18,51,69,51,18,69,0,0.0283660888671875,-0.0283660888671875,-0.0283660888671875,1,18,True
-,18,52,70,52,18,70,0,0.0271148681640625,-0.0271148681640625,-0.0271148681640625,1,18,True
-,18,53,71,53,18,71,0,0.07159423828125,-0.07159423828125,-0.07159423828125,1,18,True
-,18,54,72,54,18,72,0,0.01216888427734375,-0.01216888427734375,-0.01216888427734375,1,18,True
-,18,55,73,55,18,73,0,0.04443359375,-0.04443359375,-0.04443359375,1,18,True
-,18,56,74,56,18,74,0,0.0286712646484375,-0.0286712646484375,-0.0286712646484375,1,18,True
-,18,57,75,57,18,75,1,0.10162353515625,-0.10162353515625,-0.10162353515625,1,18,True
-,18,58,76,58,18,76,0,0.0294036865234375,-0.0294036865234375,-0.0294036865234375,1,18,True
-,18,59,77,59,18,77,0,0.061798095703125,-0.061798095703125,-0.061798095703125,1,18,True
-,18,60,78,60,18,78,0,0.01104736328125,-0.01104736328125,-0.01104736328125,1,18,True
-,18,61,79,61,18,79,0,0.04388427734375,-0.04388427734375,-0.04388427734375,1,18,True
-,18,62,80,62,18,80,0,0.1348876953125,-0.1348876953125,-0.1348876953125,1,18,True
-,18,63,81,63,18,81,0,0.01461029052734375,-0.01461029052734375,-0.01461029052734375,1,18,True
-,18,64,82,64,18,82,0,0.08197021484375,-0.08197021484375,-0.08197021484375,1,18,True
-,18,65,83,65,18,83,1,0.0694580078125,-0.0694580078125,-0.0694580078125,1,18,True
-,18,66,84,66,18,84,1,0.018524169921875,-0.018524169921875,-0.018524169921875,1,18,True
-,18,67,85,67,18,85,0,0.11163330078125,-0.11163330078125,-0.11163330078125,1,18,True
-,18,68,86,68,18,86,0,0.10113525390625,-0.10113525390625,-0.10113525390625,1,18,True
-,18,69,87,69,18,87,0,0.09356689453125,-0.09356689453125,-0.09356689453125,1,18,True
-,18,70,88,70,18,88,0,0.016357421875,-0.016357421875,-0.016357421875,1,18,True
-,18,71,89,71,18,89,1,0.06378173828125,-0.06378173828125,-0.06378173828125,1,18,True
-,18,72,90,72,18,90,1,0.01125335693359375,-0.01125335693359375,-0.01125335693359375,1,18,True
-,18,73,91,73,18,91,0,0.045440673828125,-0.045440673828125,-0.045440673828125,1,18,True
-,18,74,92,74,18,92,0,0.0421142578125,-0.0421142578125,-0.0421142578125,1,18,True
-,18,75,93,75,18,93,0,0.02716064453125,-0.02716064453125,-0.02716064453125,1,18,True
-,18,76,94,76,18,94,1,0.1168212890625,-0.1168212890625,-0.1168212890625,1,18,True
-,18,77,95,77,18,95,0,0.162841796875,-0.162841796875,-0.162841796875,1,18,True
-,18,78,96,78,18,96,0,0.0298004150390625,-0.0298004150390625,-0.0298004150390625,1,18,True
-,18,79,97,79,18,97,0,0.0684814453125,-0.0684814453125,-0.0684814453125,1,18,True
-,18,80,98,80,18,98,0,0.0243377685546875,-0.0243377685546875,-0.0243377685546875,1,18,True
-,18,81,99,81,18,99,1,0.036407470703125,-0.036407470703125,-0.036407470703125,1,18,True
-,18,82,100,82,18,100,2,0.037445068359375,-0.037445068359375,-0.037445068359375,1,18,True
-,18,83,101,83,18,101,0,0.04425048828125,-0.04425048828125,-0.04425048828125,1,18,True
-,18,84,102,84,18,102,0,0.0234222412109375,-0.0234222412109375,-0.0234222412109375,1,18,True
-,18,85,103,85,18,103,0,0.0504150390625,-0.0504150390625,-0.0504150390625,1,18,True
-,18,86,104,86,18,104,0,0.058868408203125,-0.058868408203125,-0.058868408203125,1,18,True
-,18,87,105,87,18,105,0,0.0821533203125,-0.0821533203125,-0.0821533203125,1,18,True
-,18,88,106,88,18,106,0,0.062408447265625,-0.062408447265625,-0.062408447265625,1,18,True
-,18,89,107,89,18,107,0,0.087158203125,-0.087158203125,-0.087158203125,1,18,True
-,18,90,108,90,18,108,0,0.0179443359375,-0.0179443359375,-0.0179443359375,1,18,True
-,18,91,109,91,18,109,0,0.11700439453125,-0.11700439453125,-0.11700439453125,1,18,True
-,18,92,110,92,18,110,0,0.04681396484375,-0.04681396484375,-0.04681396484375,1,18,True
-,18,93,111,93,18,111,0,0.037078857421875,-0.037078857421875,-0.037078857421875,1,18,True
-,18,94,112,94,18,112,0,0.08843994140625,-0.08843994140625,-0.08843994140625,1,18,True
-,18,95,113,95,18,113,0,0.078125,-0.078125,-0.078125,1,18,True
-,18,96,114,96,18,114,0,0.61181640625,-0.61181640625,-0.61181640625,1,18,True
-,18,97,115,97,18,115,1,0.8212890625,-0.8212890625,-0.8212890625,1,18,True
-,18,98,116,98,18,116,0,0.93994140625,-0.93994140625,-0.93994140625,1,18,True
-,18,99,117,99,18,117,0,2.171875,-2.171875,-2.171875,1,-4,False
-,19,10,29,10,19,29,4,0.009613037109375,-0.009613037109375,-0.009613037109375,1,19,True
-,19,11,30,11,19,30,9,0.0244140625,-0.0244140625,-0.0244140625,1,19,True
-,19,12,31,12,19,31,2,0.01849365234375,-0.01849365234375,-0.01849365234375,1,19,True
-,19,13,32,13,19,32,7,0.078369140625,-0.078369140625,-0.078369140625,1,19,True
-,19,14,33,14,19,33,6,0.0245819091796875,-0.0245819091796875,-0.0245819091796875,1,19,True
-,19,15,34,15,19,34,4,0.01503753662109375,-0.01503753662109375,-0.01503753662109375,1,19,True
-,19,16,35,16,19,35,4,0.01485443115234375,-0.01485443115234375,-0.01485443115234375,1,19,True
-,19,17,36,17,19,36,2,0.031982421875,-0.031982421875,-0.031982421875,1,19,True
-,19,18,37,18,19,37,1,0.017547607421875,-0.017547607421875,-0.017547607421875,1,19,True
-,19,19,38,19,19,38,2,0.29638671875,-0.29638671875,-0.29638671875,1,19,True
-,19,20,39,20,19,39,3,0.0157470703125,-0.0157470703125,-0.0157470703125,1,19,True
-,19,21,40,21,19,40,2,0.016082763671875,-0.016082763671875,-0.016082763671875,1,19,True
-,19,22,41,22,19,41,0,0.16259765625,-0.16259765625,-0.16259765625,1,19,True
-,19,23,42,23,19,42,3,0.0433349609375,-0.0433349609375,-0.0433349609375,1,19,True
-,19,24,43,24,19,43,1,0.041351318359375,-0.041351318359375,-0.041351318359375,1,19,True
-,19,25,44,25,19,44,2,0.035980224609375,-0.035980224609375,-0.035980224609375,1,19,True
-,19,26,45,26,19,45,2,0.00612640380859375,-0.00612640380859375,-0.00612640380859375,1,19,True
-,19,27,46,27,19,46,1,0.08172607421875,-0.08172607421875,-0.08172607421875,1,19,True
-,19,28,47,28,19,47,1,0.0232696533203125,-0.0232696533203125,-0.0232696533203125,1,19,True
-,19,29,48,29,19,48,1,0.042938232421875,-0.042938232421875,-0.042938232421875,1,19,True
-,19,30,49,30,19,49,2,0.01468658447265625,-0.01468658447265625,-0.01468658447265625,1,19,True
-,19,31,50,31,19,50,1,0.0230255126953125,-0.0230255126953125,-0.0230255126953125,1,19,True
-,19,32,51,32,19,51,0,0.11968994140625,-0.11968994140625,-0.11968994140625,1,19,True
-,19,33,52,33,19,52,0,0.047637939453125,-0.047637939453125,-0.047637939453125,1,19,True
-,19,34,53,34,19,53,2,0.0301361083984375,-0.0301361083984375,-0.0301361083984375,1,19,True
-,19,35,54,35,19,54,1,0.017974853515625,-0.017974853515625,-0.017974853515625,1,19,True
-,19,36,55,36,19,55,0,0.0364990234375,-0.0364990234375,-0.0364990234375,1,19,True
-,19,37,56,37,19,56,0,0.046783447265625,-0.046783447265625,-0.046783447265625,1,19,True
-,19,38,57,38,19,57,3,0.037872314453125,-0.037872314453125,-0.037872314453125,1,19,True
-,19,39,58,39,19,58,0,0.211669921875,-0.211669921875,-0.211669921875,1,19,True
-,19,40,59,40,19,59,1,0.08544921875,-0.08544921875,-0.08544921875,1,19,True
-,19,41,60,41,19,60,0,0.032470703125,-0.032470703125,-0.032470703125,1,19,True
-,19,42,61,42,19,61,0,0.10357666015625,-0.10357666015625,-0.10357666015625,1,19,True
-,19,43,62,43,19,62,1,0.10101318359375,-0.10101318359375,-0.10101318359375,1,19,True
-,19,44,63,44,19,63,1,0.0478515625,-0.0478515625,-0.0478515625,1,19,True
-,19,45,64,45,19,64,1,0.06396484375,-0.06396484375,-0.06396484375,1,19,True
-,19,46,65,46,19,65,0,0.01885986328125,-0.01885986328125,-0.01885986328125,1,19,True
-,19,47,66,47,19,66,0,0.06756591796875,-0.06756591796875,-0.06756591796875,1,19,True
-,19,48,67,48,19,67,0,0.0487060546875,-0.0487060546875,-0.0487060546875,1,19,True
-,19,49,68,49,19,68,0,0.1302490234375,-0.1302490234375,-0.1302490234375,1,19,True
-,19,50,69,50,19,69,0,0.0384521484375,-0.0384521484375,-0.0384521484375,1,19,True
-,19,51,70,51,19,70,1,0.039398193359375,-0.039398193359375,-0.039398193359375,1,19,True
-,19,52,71,52,19,71,1,0.0728759765625,-0.0728759765625,-0.0728759765625,1,19,True
-,19,53,72,53,19,72,1,0.0911865234375,-0.0911865234375,-0.0911865234375,1,19,True
-,19,54,73,54,19,73,0,0.01410675048828125,-0.01410675048828125,-0.01410675048828125,1,19,True
-,19,55,74,55,19,74,0,0.032135009765625,-0.032135009765625,-0.032135009765625,1,19,True
-,19,56,75,56,19,75,1,0.0413818359375,-0.0413818359375,-0.0413818359375,1,19,True
-,19,57,76,57,19,76,0,0.0312042236328125,-0.0312042236328125,-0.0312042236328125,1,19,True
-,19,58,77,58,19,77,0,0.04669189453125,-0.04669189453125,-0.04669189453125,1,19,True
-,19,59,78,59,19,78,0,0.056365966796875,-0.056365966796875,-0.056365966796875,1,19,True
-,19,60,79,60,19,79,0,0.0168609619140625,-0.0168609619140625,-0.0168609619140625,1,19,True
-,19,61,80,61,19,80,1,0.467041015625,-0.467041015625,-0.467041015625,1,19,True
-,19,62,81,62,19,81,0,0.1602783203125,-0.1602783203125,-0.1602783203125,1,19,True
-,19,63,82,63,19,82,0,0.0850830078125,-0.0850830078125,-0.0850830078125,1,19,True
-,19,64,83,64,19,83,1,0.1571044921875,-0.1571044921875,-0.1571044921875,1,19,True
-,19,65,84,65,19,84,1,0.029449462890625,-0.029449462890625,-0.029449462890625,1,19,True
-,19,66,85,66,19,85,0,0.081787109375,-0.081787109375,-0.081787109375,1,19,True
-,19,67,86,67,19,86,0,0.1961669921875,-0.1961669921875,-0.1961669921875,1,19,True
-,19,68,87,68,19,87,0,0.07720947265625,-0.07720947265625,-0.07720947265625,1,19,True
-,19,69,88,69,19,88,0,0.046661376953125,-0.046661376953125,-0.046661376953125,1,19,True
-,19,70,89,70,19,89,0,0.06085205078125,-0.06085205078125,-0.06085205078125,1,19,True
-,19,71,90,71,19,90,1,0.1016845703125,-0.1016845703125,-0.1016845703125,1,19,True
-,19,72,91,72,19,91,1,0.08502197265625,-0.08502197265625,-0.08502197265625,1,19,True
-,19,73,92,73,19,92,0,0.194091796875,-0.194091796875,-0.194091796875,1,19,True
-,19,74,93,74,19,93,0,0.09710693359375,-0.09710693359375,-0.09710693359375,1,19,True
-,19,75,94,75,19,94,0,0.07855224609375,-0.07855224609375,-0.07855224609375,1,19,True
-,19,76,95,76,19,95,1,0.152099609375,-0.152099609375,-0.152099609375,1,19,True
-,19,77,96,77,19,96,0,0.032867431640625,-0.032867431640625,-0.032867431640625,1,19,True
-,19,78,97,78,19,97,0,0.06378173828125,-0.06378173828125,-0.06378173828125,1,19,True
-,19,79,98,79,19,98,0,0.0980224609375,-0.0980224609375,-0.0980224609375,1,19,True
-,19,80,99,80,19,99,0,0.1087646484375,-0.1087646484375,-0.1087646484375,1,19,True
-,19,81,100,81,19,100,4,0.0516357421875,-0.0516357421875,-0.0516357421875,1,19,True
-,19,82,101,82,19,101,0,0.11627197265625,-0.11627197265625,-0.11627197265625,1,19,True
-,19,83,102,83,19,102,0,0.10504150390625,-0.10504150390625,-0.10504150390625,1,19,True
-,19,84,103,84,19,103,0,0.042144775390625,-0.042144775390625,-0.042144775390625,1,19,True
-,19,85,104,85,19,104,0,0.0640869140625,-0.0640869140625,-0.0640869140625,1,19,True
-,19,86,105,86,19,105,0,0.06024169921875,-0.06024169921875,-0.06024169921875,1,19,True
-,19,87,106,87,19,106,1,0.04766845703125,-0.04766845703125,-0.04766845703125,1,19,True
-,19,88,107,88,19,107,1,0.07965087890625,-0.07965087890625,-0.07965087890625,1,19,True
-,19,89,108,89,19,108,0,0.219482421875,-0.219482421875,-0.219482421875,1,19,True
-,19,90,109,90,19,109,0,0.06634521484375,-0.06634521484375,-0.06634521484375,1,19,True
-,19,91,110,91,19,110,0,0.157958984375,-0.157958984375,-0.157958984375,1,19,True
-,19,92,111,92,19,111,0,0.07952880859375,-0.07952880859375,-0.07952880859375,1,19,True
-,19,93,112,93,19,112,0,0.1390380859375,-0.1390380859375,-0.1390380859375,1,19,True
-,19,94,113,94,19,113,0,0.033355712890625,-0.033355712890625,-0.033355712890625,1,19,True
-,19,95,114,95,19,114,0,0.050872802734375,-0.050872802734375,-0.050872802734375,1,19,True
-,19,96,115,96,19,115,0,0.30712890625,-0.30712890625,-0.30712890625,1,19,True
-,19,97,116,97,19,116,2,0.4677734375,-0.4677734375,-0.4677734375,1,19,True
-,19,98,117,98,19,117,0,0.55322265625,-0.55322265625,-0.55322265625,1,19,True
-,19,99,118,99,19,118,0,0.6162109375,-0.6162109375,-0.6162109375,1,19,True
-,20,10,30,10,20,30,25,0.005977630615234375,-0.005977630615234375,-0.005977630615234375,1,20,True
-,20,11,31,11,20,31,2,0.023773193359375,-0.023773193359375,-0.023773193359375,1,20,True
-,20,12,32,12,20,32,11,0.0142669677734375,-0.0142669677734375,-0.0142669677734375,1,20,True
-,20,13,33,13,20,33,3,0.0989990234375,-0.0989990234375,-0.0989990234375,1,20,True
-,20,14,34,14,20,34,4,0.00542449951171875,-0.00542449951171875,-0.00542449951171875,1,20,True
-,20,15,35,15,20,35,10,0.0090789794921875,-0.0090789794921875,-0.0090789794921875,1,20,True
-,20,16,36,16,20,36,10,0.020721435546875,-0.020721435546875,-0.020721435546875,1,20,True
-,20,17,37,17,20,37,2,0.1419677734375,-0.1419677734375,-0.1419677734375,1,20,True
-,20,18,38,18,20,38,2,0.0303955078125,-0.0303955078125,-0.0303955078125,1,20,True
-,20,19,39,19,20,39,2,0.10528564453125,-0.10528564453125,-0.10528564453125,1,20,True
-,20,20,40,20,20,40,17,0.01412200927734375,-0.01412200927734375,-0.01412200927734375,1,20,True
-,20,21,41,21,20,41,0,0.0120086669921875,-0.0120086669921875,-0.0120086669921875,1,20,True
-,20,22,42,22,20,42,3,0.05181884765625,-0.05181884765625,-0.05181884765625,1,20,True
-,20,23,43,23,20,43,0,1.6474609375,-1.6474609375,-1.6474609375,1,18,False
-,20,24,44,24,20,44,1,0.01256561279296875,-0.01256561279296875,-0.01256561279296875,1,20,True
-,20,25,45,25,20,45,6,0.00873565673828125,-0.00873565673828125,-0.00873565673828125,1,20,True
-,20,26,46,26,20,46,2,0.0199127197265625,-0.0199127197265625,-0.0199127197265625,1,20,True
-,20,27,47,27,20,47,0,0.0186004638671875,-0.0186004638671875,-0.0186004638671875,1,20,True
-,20,28,48,28,20,48,1,0.06414794921875,-0.06414794921875,-0.06414794921875,1,20,True
-,20,29,49,29,20,49,1,0.058746337890625,-0.058746337890625,-0.058746337890625,1,20,True
-,20,30,50,30,20,50,13,0.0031070709228515625,-0.0031070709228515625,-0.0031070709228515625,1,20,True
-,20,31,51,31,20,51,1,0.016357421875,-0.016357421875,-0.016357421875,1,20,True
-,20,32,52,32,20,52,3,0.250244140625,-0.250244140625,-0.250244140625,1,20,True
-,20,33,53,33,20,53,0,0.180419921875,-0.180419921875,-0.180419921875,1,20,True
-,20,34,54,34,20,54,0,0.0035114288330078125,-0.0035114288330078125,-0.0035114288330078125,1,20,True
-,20,35,55,35,20,55,1,0.0139007568359375,-0.0139007568359375,-0.0139007568359375,1,20,True
-,20,36,56,36,20,56,6,0.006275177001953125,-0.006275177001953125,-0.006275177001953125,1,20,True
-,20,37,57,37,20,57,0,0.019683837890625,-0.019683837890625,-0.019683837890625,1,20,True
-,20,38,58,38,20,58,1,0.34619140625,-0.34619140625,-0.34619140625,1,20,True
-,20,39,59,39,20,59,0,0.06982421875,-0.06982421875,-0.06982421875,1,20,True
-,20,40,60,40,20,60,11,0.01435089111328125,-0.01435089111328125,-0.01435089111328125,1,20,True
-,20,41,61,41,20,61,0,0.011993408203125,-0.011993408203125,-0.011993408203125,1,20,True
-,20,42,62,42,20,62,0,0.197998046875,-0.197998046875,-0.197998046875,1,20,True
-,20,43,63,43,20,63,0,0.27685546875,-0.27685546875,-0.27685546875,1,20,True
-,20,44,64,44,20,64,1,0.054290771484375,-0.054290771484375,-0.054290771484375,1,20,True
-,20,45,65,45,20,65,1,0.034027099609375,-0.034027099609375,-0.034027099609375,1,20,True
-,20,46,66,46,20,66,1,0.00872802734375,-0.00872802734375,-0.00872802734375,1,20,True
-,20,47,67,47,20,67,0,0.1199951171875,-0.1199951171875,-0.1199951171875,1,20,True
-,20,48,68,48,20,68,0,0.72216796875,-0.72216796875,-0.72216796875,1,20,True
-,20,49,69,49,20,69,0,0.058563232421875,-0.058563232421875,-0.058563232421875,1,20,True
-,20,50,70,50,20,70,6,0.043731689453125,-0.043731689453125,-0.043731689453125,1,20,True
-,20,51,71,51,20,71,0,0.04669189453125,-0.04669189453125,-0.04669189453125,1,20,True
-,20,52,72,52,20,72,0,0.09136962890625,-0.09136962890625,-0.09136962890625,1,20,True
-,20,53,73,53,20,73,0,0.0892333984375,-0.0892333984375,-0.0892333984375,1,20,True
-,20,54,74,54,20,74,0,0.03240966796875,-0.03240966796875,-0.03240966796875,1,20,True
-,20,55,75,55,20,75,1,0.0270538330078125,-0.0270538330078125,-0.0270538330078125,1,20,True
-,20,56,76,56,20,76,0,0.0300445556640625,-0.0300445556640625,-0.0300445556640625,1,20,True
-,20,57,77,57,20,77,1,0.035675048828125,-0.035675048828125,-0.035675048828125,1,20,True
-,20,58,78,58,20,78,0,0.41552734375,-0.41552734375,-0.41552734375,1,20,True
-,20,59,79,59,20,79,1,0.0579833984375,-0.0579833984375,-0.0579833984375,1,20,True
-,20,60,80,60,20,80,5,0.01934814453125,-0.01934814453125,-0.01934814453125,1,20,True
-,20,61,81,61,20,81,0,0.0106048583984375,-0.0106048583984375,-0.0106048583984375,1,20,True
-,20,62,82,62,20,82,0,0.11419677734375,-0.11419677734375,-0.11419677734375,1,20,True
-,20,63,83,63,20,83,0,0.257080078125,-0.257080078125,-0.257080078125,1,20,True
-,20,64,84,64,20,84,0,0.139404296875,-0.139404296875,-0.139404296875,1,20,True
-,20,65,85,65,20,85,0,0.06976318359375,-0.06976318359375,-0.06976318359375,1,20,True
-,20,66,86,66,20,86,0,0.0166168212890625,-0.0166168212890625,-0.0166168212890625,1,20,True
-,20,67,87,67,20,87,0,0.055511474609375,-0.055511474609375,-0.055511474609375,1,20,True
-,20,68,88,68,20,88,0,0.061981201171875,-0.061981201171875,-0.061981201171875,1,20,True
-,20,69,89,69,20,89,0,0.125244140625,-0.125244140625,-0.125244140625,1,20,True
-,20,70,90,70,20,90,0,0.0679931640625,-0.0679931640625,-0.0679931640625,1,20,True
-,20,71,91,71,20,91,2,0.08074951171875,-0.08074951171875,-0.08074951171875,1,20,True
-,20,72,92,72,20,92,0,0.10784912109375,-0.10784912109375,-0.10784912109375,1,20,True
-,20,73,93,73,20,93,0,0.075439453125,-0.075439453125,-0.075439453125,1,20,True
-,20,74,94,74,20,94,0,0.268798828125,-0.268798828125,-0.268798828125,1,20,True
-,20,75,95,75,20,95,1,0.09326171875,-0.09326171875,-0.09326171875,1,20,True
-,20,76,96,76,20,96,0,0.0194091796875,-0.0194091796875,-0.0194091796875,1,20,True
-,20,77,97,77,20,97,0,0.0706787109375,-0.0706787109375,-0.0706787109375,1,20,True
-,20,78,98,78,20,98,0,0.40185546875,-0.40185546875,-0.40185546875,1,20,True
-,20,79,99,79,20,99,1,0.0457763671875,-0.0457763671875,-0.0457763671875,1,20,True
-,20,80,100,80,20,100,27,0.041473388671875,-0.041473388671875,-0.041473388671875,1,20,True
-,20,81,101,81,20,101,0,0.051605224609375,-0.051605224609375,-0.051605224609375,1,20,True
-,20,82,102,82,20,102,0,0.10223388671875,-0.10223388671875,-0.10223388671875,1,20,True
-,20,83,103,83,20,103,0,0.0789794921875,-0.0789794921875,-0.0789794921875,1,20,True
-,20,84,104,84,20,104,0,0.383056640625,-0.383056640625,-0.383056640625,1,20,True
-,20,85,105,85,20,105,1,0.033416748046875,-0.033416748046875,-0.033416748046875,1,20,True
-,20,86,106,86,20,106,0,0.0184478759765625,-0.0184478759765625,-0.0184478759765625,1,20,True
-,20,87,107,87,20,107,0,0.050323486328125,-0.050323486328125,-0.050323486328125,1,20,True
-,20,88,108,88,20,108,0,0.10198974609375,-0.10198974609375,-0.10198974609375,1,20,True
-,20,89,109,89,20,109,0,0.07940673828125,-0.07940673828125,-0.07940673828125,1,20,True
-,20,90,110,90,20,110,0,0.0177459716796875,-0.0177459716796875,-0.0177459716796875,1,20,True
-,20,91,111,91,20,111,0,0.03778076171875,-0.03778076171875,-0.03778076171875,1,20,True
-,20,92,112,92,20,112,1,0.0731201171875,-0.0731201171875,-0.0731201171875,1,20,True
-,20,93,113,93,20,113,0,0.45947265625,-0.45947265625,-0.45947265625,1,20,True
-,20,94,114,94,20,114,0,0.043212890625,-0.043212890625,-0.043212890625,1,20,True
-,20,95,115,95,20,115,0,0.260498046875,-0.260498046875,-0.260498046875,1,20,True
-,20,96,116,96,20,116,0,0.11279296875,-0.11279296875,-0.11279296875,1,20,True
-,20,97,117,97,20,117,0,0.1331787109375,-0.1331787109375,-0.1331787109375,1,20,True
-,20,98,118,98,20,118,1,2.51171875,-2.51171875,-2.51171875,1,21,False
-,20,99,119,99,20,119,1,0.386962890625,-0.386962890625,-0.386962890625,1,20,True
-,21,10,31,10,21,31,4,0.0077972412109375,-0.0077972412109375,-0.0077972412109375,1,21,True
-,21,11,32,11,21,32,16,0.03289794921875,-0.03289794921875,-0.03289794921875,1,21,True
-,21,12,33,12,21,33,4,0.0020084381103515625,-0.0020084381103515625,-0.0020084381103515625,1,21,True
-,21,13,34,13,21,34,2,0.016448974609375,-0.016448974609375,-0.016448974609375,1,21,True
-,21,14,35,14,21,35,2,0.0055084228515625,-0.0055084228515625,-0.0055084228515625,1,21,True
-,21,15,36,15,21,36,7,0.004245758056640625,-0.004245758056640625,-0.004245758056640625,1,21,True
-,21,16,37,16,21,37,0,0.04461669921875,-0.04461669921875,-0.04461669921875,1,21,True
-,21,17,38,17,21,38,3,0.0065765380859375,-0.0065765380859375,-0.0065765380859375,1,21,True
-,21,18,39,18,21,39,1,0.009765625,-0.009765625,-0.009765625,1,21,True
-,21,19,40,19,21,40,2,0.021148681640625,-0.021148681640625,-0.021148681640625,1,21,True
-,21,20,41,20,21,41,1,0.0279388427734375,-0.0279388427734375,-0.0279388427734375,1,21,True
-,21,21,42,21,21,42,3,0.020355224609375,-0.020355224609375,-0.020355224609375,1,21,True
-,21,22,43,22,21,43,3,0.0305633544921875,-0.0305633544921875,-0.0305633544921875,1,21,True
-,21,23,44,23,21,44,3,0.041748046875,-0.041748046875,-0.041748046875,1,21,True
-,21,24,45,24,21,45,6,0.0064697265625,-0.0064697265625,-0.0064697265625,1,21,True
-,21,25,46,25,21,46,1,0.0118560791015625,-0.0118560791015625,-0.0118560791015625,1,21,True
-,21,26,47,26,21,47,0,0.0084381103515625,-0.0084381103515625,-0.0084381103515625,1,21,True
-,21,27,48,27,21,48,3,0.001224517822265625,-0.001224517822265625,-0.001224517822265625,1,21,True
-,21,28,49,28,21,49,0,0.015106201171875,-0.015106201171875,-0.015106201171875,1,21,True
-,21,29,50,29,21,50,1,0.03936767578125,-0.03936767578125,-0.03936767578125,1,21,True
-,21,30,51,30,21,51,0,0.035980224609375,-0.035980224609375,-0.035980224609375,1,21,True
-,21,31,52,31,21,52,1,0.0283050537109375,-0.0283050537109375,-0.0283050537109375,1,21,True
-,21,32,53,32,21,53,1,0.036529541015625,-0.036529541015625,-0.036529541015625,1,21,True
-,21,33,54,33,21,54,0,0.004425048828125,-0.004425048828125,-0.004425048828125,1,21,True
-,21,34,55,34,21,55,3,0.025054931640625,-0.025054931640625,-0.025054931640625,1,21,True
-,21,35,56,35,21,56,0,0.0029430389404296875,-0.0029430389404296875,-0.0029430389404296875,1,21,True
-,21,36,57,36,21,57,2,0.002162933349609375,-0.002162933349609375,-0.002162933349609375,1,21,True
-,21,37,58,37,21,58,1,0.031982421875,-0.031982421875,-0.031982421875,1,21,True
-,21,38,59,38,21,59,0,0.03826904296875,-0.03826904296875,-0.03826904296875,1,21,True
-,21,39,60,39,21,60,1,0.0157623291015625,-0.0157623291015625,-0.0157623291015625,1,21,True
-,21,40,61,40,21,61,2,0.044952392578125,-0.044952392578125,-0.044952392578125,1,21,True
-,21,41,62,41,21,62,0,0.0252685546875,-0.0252685546875,-0.0252685546875,1,21,True
-,21,42,63,42,21,63,3,0.005146026611328125,-0.005146026611328125,-0.005146026611328125,1,21,True
-,21,43,64,43,21,64,0,0.01514434814453125,-0.01514434814453125,-0.01514434814453125,1,21,True
-,21,44,65,44,21,65,2,0.017608642578125,-0.017608642578125,-0.017608642578125,1,21,True
-,21,45,66,45,21,66,1,0.0073089599609375,-0.0073089599609375,-0.0073089599609375,1,21,True
-,21,46,67,46,21,67,0,0.007526397705078125,-0.007526397705078125,-0.007526397705078125,1,21,True
-,21,47,68,47,21,68,0,0.06854248046875,-0.06854248046875,-0.06854248046875,1,21,True
-,21,48,69,48,21,69,0,0.0187225341796875,-0.0187225341796875,-0.0187225341796875,1,21,True
-,21,49,70,49,21,70,1,0.061981201171875,-0.061981201171875,-0.061981201171875,1,21,True
-,21,50,71,50,21,71,0,0.0777587890625,-0.0777587890625,-0.0777587890625,1,21,True
-,21,51,72,51,21,72,0,0.00469207763671875,-0.00469207763671875,-0.00469207763671875,1,21,True
-,21,52,73,52,21,73,0,0.06549072265625,-0.06549072265625,-0.06549072265625,1,21,True
-,21,53,74,53,21,74,0,0.0037250518798828125,-0.0037250518798828125,-0.0037250518798828125,1,21,True
-,21,54,75,54,21,75,1,0.01366424560546875,-0.01366424560546875,-0.01366424560546875,1,21,True
-,21,55,76,55,21,76,0,0.0285491943359375,-0.0285491943359375,-0.0285491943359375,1,21,True
-,21,56,77,56,21,77,0,0.03155517578125,-0.03155517578125,-0.03155517578125,1,21,True
-,21,57,78,57,21,78,0,0.02655029296875,-0.02655029296875,-0.02655029296875,1,21,True
-,21,58,79,58,21,79,0,0.034637451171875,-0.034637451171875,-0.034637451171875,1,21,True
-,21,59,80,59,21,80,1,0.1043701171875,-0.1043701171875,-0.1043701171875,1,21,True
-,21,60,81,60,21,81,0,0.01230621337890625,-0.01230621337890625,-0.01230621337890625,1,21,True
-,21,61,82,61,21,82,0,0.097900390625,-0.097900390625,-0.097900390625,1,21,True
-,21,62,83,62,21,83,0,0.1746826171875,-0.1746826171875,-0.1746826171875,1,21,True
-,21,63,84,63,21,84,0,0.022003173828125,-0.022003173828125,-0.022003173828125,1,21,True
-,21,64,85,64,21,85,1,0.05853271484375,-0.05853271484375,-0.05853271484375,1,21,True
-,21,65,86,65,21,86,0,0.10150146484375,-0.10150146484375,-0.10150146484375,1,21,True
-,21,66,87,66,21,87,1,0.0166168212890625,-0.0166168212890625,-0.0166168212890625,1,21,True
-,21,67,88,67,21,88,0,0.153564453125,-0.153564453125,-0.153564453125,1,21,True
-,21,68,89,68,21,89,1,0.0875244140625,-0.0875244140625,-0.0875244140625,1,21,True
-,21,69,90,69,21,90,1,0.062042236328125,-0.062042236328125,-0.062042236328125,1,21,True
-,21,70,91,70,21,91,0,0.054779052734375,-0.054779052734375,-0.054779052734375,1,21,True
-,21,71,92,71,21,92,0,0.113037109375,-0.113037109375,-0.113037109375,1,21,True
-,21,72,93,72,21,93,0,0.0205841064453125,-0.0205841064453125,-0.0205841064453125,1,21,True
-,21,73,94,73,21,94,1,0.054168701171875,-0.054168701171875,-0.054168701171875,1,21,True
-,21,74,95,74,21,95,0,0.07470703125,-0.07470703125,-0.07470703125,1,21,True
-,21,75,96,75,21,96,0,0.054351806640625,-0.054351806640625,-0.054351806640625,1,21,True
-,21,76,97,76,21,97,0,0.04730224609375,-0.04730224609375,-0.04730224609375,1,21,True
-,21,77,98,77,21,98,0,0.0205535888671875,-0.0205535888671875,-0.0205535888671875,1,21,True
-,21,78,99,78,21,99,0,0.11920166015625,-0.11920166015625,-0.11920166015625,1,21,True
-,21,79,100,79,21,100,3,0.06439208984375,-0.06439208984375,-0.06439208984375,1,21,True
-,21,80,101,80,21,101,0,0.159423828125,-0.159423828125,-0.159423828125,1,21,True
-,21,81,102,81,21,102,0,0.03289794921875,-0.03289794921875,-0.03289794921875,1,21,True
-,21,82,103,82,21,103,0,0.1727294921875,-0.1727294921875,-0.1727294921875,1,21,True
-,21,83,104,83,21,104,0,0.0452880859375,-0.0452880859375,-0.0452880859375,1,21,True
-,21,84,105,84,21,105,0,0.060699462890625,-0.060699462890625,-0.060699462890625,1,21,True
-,21,85,106,85,21,106,1,0.029022216796875,-0.029022216796875,-0.029022216796875,1,21,True
-,21,86,107,86,21,107,0,0.03106689453125,-0.03106689453125,-0.03106689453125,1,21,True
-,21,87,108,87,21,108,0,0.0309295654296875,-0.0309295654296875,-0.0309295654296875,1,21,True
-,21,88,109,88,21,109,0,0.11871337890625,-0.11871337890625,-0.11871337890625,1,21,True
-,21,89,110,89,21,110,0,0.1025390625,-0.1025390625,-0.1025390625,1,21,True
-,21,90,111,90,21,111,0,0.019775390625,-0.019775390625,-0.019775390625,1,21,True
-,21,91,112,91,21,112,0,0.060821533203125,-0.060821533203125,-0.060821533203125,1,21,True
-,21,92,113,92,21,113,0,0.0731201171875,-0.0731201171875,-0.0731201171875,1,21,True
-,21,93,114,93,21,114,0,0.0272216796875,-0.0272216796875,-0.0272216796875,1,21,True
-,21,94,115,94,21,115,0,0.09918212890625,-0.09918212890625,-0.09918212890625,1,21,True
-,21,95,116,95,21,116,0,0.0654296875,-0.0654296875,-0.0654296875,1,21,True
-,21,96,117,96,21,117,0,0.1495361328125,-0.1495361328125,-0.1495361328125,1,21,True
-,21,97,118,97,21,118,0,0.1572265625,-0.1572265625,-0.1572265625,1,21,True
-,21,98,119,98,21,119,0,0.188720703125,-0.188720703125,-0.188720703125,1,21,True
-,21,99,120,99,21,120,0,0.15478515625,-0.15478515625,-0.15478515625,1,21,True
-,22,10,32,10,22,32,6,0.0126953125,-0.0126953125,-0.0126953125,1,22,True
-,22,11,33,11,22,33,16,0.004299163818359375,-0.004299163818359375,-0.004299163818359375,1,22,True
-,22,12,34,12,22,34,6,0.006389617919921875,-0.006389617919921875,-0.006389617919921875,1,22,True
-,22,13,35,13,22,35,1,0.10955810546875,-0.10955810546875,-0.10955810546875,1,22,True
-,22,14,36,14,22,36,4,0.003086090087890625,-0.003086090087890625,-0.003086090087890625,1,22,True
-,22,15,37,15,22,37,0,0.00726318359375,-0.00726318359375,-0.00726318359375,1,22,True
-,22,16,38,16,22,38,0,0.0229339599609375,-0.0229339599609375,-0.0229339599609375,1,22,True
-,22,17,39,17,22,39,1,0.0136260986328125,-0.0136260986328125,-0.0136260986328125,1,22,True
-,22,18,40,18,22,40,0,0.0018215179443359375,-0.0018215179443359375,-0.0018215179443359375,1,22,True
-,22,19,41,19,22,41,2,0.056243896484375,-0.056243896484375,-0.056243896484375,1,22,True
-,22,20,42,20,22,42,1,0.0186920166015625,-0.0186920166015625,-0.0186920166015625,1,22,True
-,22,21,43,21,22,43,1,0.0096893310546875,-0.0096893310546875,-0.0096893310546875,1,22,True
-,22,22,44,22,22,44,0,0.0229644775390625,-0.0229644775390625,-0.0229644775390625,1,22,True
-,22,23,45,23,22,45,1,0.00565338134765625,-0.00565338134765625,-0.00565338134765625,1,22,True
-,22,24,46,24,22,46,1,0.007114410400390625,-0.007114410400390625,-0.007114410400390625,1,22,True
-,22,25,47,25,22,47,0,0.028900146484375,-0.028900146484375,-0.028900146484375,1,22,True
-,22,26,48,26,22,48,2,0.004962921142578125,-0.004962921142578125,-0.004962921142578125,1,22,True
-,22,27,49,27,22,49,3,0.0027561187744140625,-0.0027561187744140625,-0.0027561187744140625,1,22,True
-,22,28,50,28,22,50,2,0.00762939453125,-0.00762939453125,-0.00762939453125,1,22,True
-,22,29,51,29,22,51,0,0.0230865478515625,-0.0230865478515625,-0.0230865478515625,1,22,True
-,22,30,52,30,22,52,2,0.01091766357421875,-0.01091766357421875,-0.01091766357421875,1,22,True
-,22,31,53,31,22,53,1,0.0170135498046875,-0.0170135498046875,-0.0170135498046875,1,22,True
-,22,32,54,32,22,54,6,0.00652313232421875,-0.00652313232421875,-0.00652313232421875,1,22,True
-,22,33,55,33,22,55,1,0.0071258544921875,-0.0071258544921875,-0.0071258544921875,1,22,True
-,22,34,56,34,22,56,1,0.01119232177734375,-0.01119232177734375,-0.01119232177734375,1,22,True
-,22,35,57,35,22,57,3,0.01129150390625,-0.01129150390625,-0.01129150390625,1,22,True
-,22,36,58,36,22,58,1,0.003131866455078125,-0.003131866455078125,-0.003131866455078125,1,22,True
-,22,37,59,37,22,59,0,0.07122802734375,-0.07122802734375,-0.07122802734375,1,22,True
-,22,38,60,38,22,60,1,0.0096282958984375,-0.0096282958984375,-0.0096282958984375,1,22,True
-,22,39,61,39,22,61,0,0.01227569580078125,-0.01227569580078125,-0.01227569580078125,1,22,True
-,22,40,62,40,22,62,1,0.048583984375,-0.048583984375,-0.048583984375,1,22,True
-,22,41,63,41,22,63,0,0.0298614501953125,-0.0298614501953125,-0.0298614501953125,1,22,True
-,22,42,64,42,22,64,0,0.013824462890625,-0.013824462890625,-0.013824462890625,1,22,True
-,22,43,65,43,22,65,4,0.03900146484375,-0.03900146484375,-0.03900146484375,1,22,True
-,22,44,66,44,22,66,2,0.00835418701171875,-0.00835418701171875,-0.00835418701171875,1,22,True
-,22,45,67,45,22,67,0,0.0261688232421875,-0.0261688232421875,-0.0261688232421875,1,22,True
-,22,46,68,46,22,68,0,0.0302886962890625,-0.0302886962890625,-0.0302886962890625,1,22,True
-,22,47,69,47,22,69,0,0.034637451171875,-0.034637451171875,-0.034637451171875,1,22,True
-,22,48,70,48,22,70,2,0.046142578125,-0.046142578125,-0.046142578125,1,22,True
-,22,49,71,49,22,71,0,0.147216796875,-0.147216796875,-0.147216796875,1,22,True
-,22,50,72,50,22,72,3,0.04095458984375,-0.04095458984375,-0.04095458984375,1,22,True
-,22,51,73,51,22,73,0,0.07293701171875,-0.07293701171875,-0.07293701171875,1,22,True
-,22,52,74,52,22,74,0,0.0487060546875,-0.0487060546875,-0.0487060546875,1,22,True
-,22,53,75,53,22,75,0,0.0396728515625,-0.0396728515625,-0.0396728515625,1,22,True
-,22,54,76,54,22,76,0,0.0203094482421875,-0.0203094482421875,-0.0203094482421875,1,22,True
-,22,55,77,55,22,77,0,0.11639404296875,-0.11639404296875,-0.11639404296875,1,22,True
-,22,56,78,56,22,78,2,0.027069091796875,-0.027069091796875,-0.027069091796875,1,22,True
-,22,57,79,57,22,79,0,0.016876220703125,-0.016876220703125,-0.016876220703125,1,22,True
-,22,58,80,58,22,80,0,0.025115966796875,-0.025115966796875,-0.025115966796875,1,22,True
-,22,59,81,59,22,81,0,0.0792236328125,-0.0792236328125,-0.0792236328125,1,22,True
-,22,60,82,60,22,82,0,0.043548583984375,-0.043548583984375,-0.043548583984375,1,22,True
-,22,61,83,61,22,83,0,0.11279296875,-0.11279296875,-0.11279296875,1,22,True
-,22,62,84,62,22,84,1,0.147216796875,-0.147216796875,-0.147216796875,1,22,True
-,22,63,85,63,22,85,1,0.07794189453125,-0.07794189453125,-0.07794189453125,1,22,True
-,22,64,86,64,22,86,1,0.338134765625,-0.338134765625,-0.338134765625,1,22,True
-,22,65,87,65,22,87,0,0.0821533203125,-0.0821533203125,-0.0821533203125,1,22,True
-,22,66,88,66,22,88,0,0.01229095458984375,-0.01229095458984375,-0.01229095458984375,1,22,True
-,22,67,89,67,22,89,0,0.07867431640625,-0.07867431640625,-0.07867431640625,1,22,True
-,22,68,90,68,22,90,1,0.062103271484375,-0.062103271484375,-0.062103271484375,1,22,True
-,22,69,91,69,22,91,0,0.059600830078125,-0.059600830078125,-0.059600830078125,1,22,True
-,22,70,92,70,22,92,0,0.09735107421875,-0.09735107421875,-0.09735107421875,1,22,True
-,22,71,93,71,22,93,0,0.1351318359375,-0.1351318359375,-0.1351318359375,1,22,True
-,22,72,94,72,22,94,1,0.18701171875,-0.18701171875,-0.18701171875,1,22,True
-,22,73,95,73,22,95,0,0.62109375,-0.62109375,-0.62109375,1,22,True
-,22,74,96,74,22,96,3,0.0169525146484375,-0.0169525146484375,-0.0169525146484375,1,22,True
-,22,75,97,75,22,97,0,0.051025390625,-0.051025390625,-0.051025390625,1,22,True
-,22,76,98,76,22,98,0,0.092529296875,-0.092529296875,-0.092529296875,1,22,True
-,22,77,99,77,22,99,0,0.0640869140625,-0.0640869140625,-0.0640869140625,1,22,True
-,22,78,100,78,22,100,2,0.0158233642578125,-0.0158233642578125,-0.0158233642578125,1,22,True
-,22,79,101,79,22,101,0,0.2332763671875,-0.2332763671875,-0.2332763671875,1,22,True
-,22,80,102,80,22,102,0,0.220947265625,-0.220947265625,-0.220947265625,1,22,True
-,22,81,103,81,22,103,0,0.1331787109375,-0.1331787109375,-0.1331787109375,1,22,True
-,22,82,104,82,22,104,1,0.10211181640625,-0.10211181640625,-0.10211181640625,1,22,True
-,22,83,105,83,22,105,1,0.126220703125,-0.126220703125,-0.126220703125,1,22,True
-,22,84,106,84,22,106,0,0.01233673095703125,-0.01233673095703125,-0.01233673095703125,1,22,True
-,22,85,107,85,22,107,0,0.083740234375,-0.083740234375,-0.083740234375,1,22,True
-,22,86,108,86,22,108,2,0.025146484375,-0.025146484375,-0.025146484375,1,22,True
-,22,87,109,87,22,109,0,0.10089111328125,-0.10089111328125,-0.10089111328125,1,22,True
-,22,88,110,88,22,110,0,0.042449951171875,-0.042449951171875,-0.042449951171875,1,22,True
-,22,89,111,89,22,111,0,0.1934814453125,-0.1934814453125,-0.1934814453125,1,22,True
-,22,90,112,90,22,112,1,0.020111083984375,-0.020111083984375,-0.020111083984375,1,22,True
-,22,91,113,91,22,113,0,0.153076171875,-0.153076171875,-0.153076171875,1,22,True
-,22,92,114,92,22,114,0,0.09442138671875,-0.09442138671875,-0.09442138671875,1,22,True
-,22,93,115,93,22,115,0,0.239013671875,-0.239013671875,-0.239013671875,1,22,True
-,22,94,116,94,22,116,0,0.039276123046875,-0.039276123046875,-0.039276123046875,1,22,True
-,22,95,117,95,22,117,0,0.11541748046875,-0.11541748046875,-0.11541748046875,1,22,True
-,22,96,118,96,22,118,0,0.69140625,-0.69140625,-0.69140625,1,22,True
-,22,97,119,97,22,119,0,0.44580078125,-0.44580078125,-0.44580078125,1,22,True
-,22,98,120,98,22,120,0,0.112060546875,-0.112060546875,-0.112060546875,1,22,True
-,22,99,121,99,22,121,0,0.367919921875,-0.367919921875,-0.367919921875,1,22,True
-,23,10,33,10,23,33,7,0.006134033203125,-0.006134033203125,-0.006134033203125,1,23,True
-,23,11,34,11,23,34,3,0.023345947265625,-0.023345947265625,-0.023345947265625,1,23,True
-,23,12,35,12,23,35,8,0.008392333984375,-0.008392333984375,-0.008392333984375,1,23,True
-,23,13,36,13,23,36,2,0.0193023681640625,-0.0193023681640625,-0.0193023681640625,1,23,True
-,23,14,37,14,23,37,0,0.1551513671875,-0.1551513671875,-0.1551513671875,1,23,True
-,23,15,38,15,23,38,3,0.0147857666015625,-0.0147857666015625,-0.0147857666015625,1,23,True
-,23,16,39,16,23,39,0,0.00791168212890625,-0.00791168212890625,-0.00791168212890625,1,23,True
-,23,17,40,17,23,40,1,0.015045166015625,-0.015045166015625,-0.015045166015625,1,23,True
-,23,18,41,18,23,41,0,0.003871917724609375,-0.003871917724609375,-0.003871917724609375,1,23,True
-,23,19,42,19,23,42,1,0.01512908935546875,-0.01512908935546875,-0.01512908935546875,1,23,True
-,23,20,43,20,23,43,2,0.0184173583984375,-0.0184173583984375,-0.0184173583984375,1,23,True
-,23,21,44,21,23,44,3,0.0105438232421875,-0.0105438232421875,-0.0105438232421875,1,23,True
-,23,22,45,22,23,45,1,0.01297760009765625,-0.01297760009765625,-0.01297760009765625,1,23,True
-,23,23,46,23,23,46,0,0.030853271484375,-0.030853271484375,-0.030853271484375,1,23,True
-,23,24,47,24,23,47,0,0.020782470703125,-0.020782470703125,-0.020782470703125,1,23,True
-,23,25,48,25,23,48,3,0.00592041015625,-0.00592041015625,-0.00592041015625,1,23,True
-,23,26,49,26,23,49,0,0.01496124267578125,-0.01496124267578125,-0.01496124267578125,1,23,True
-,23,27,50,27,23,50,1,0.0022220611572265625,-0.0022220611572265625,-0.0022220611572265625,1,23,True
-,23,28,51,28,23,51,1,0.033660888671875,-0.033660888671875,-0.033660888671875,1,23,True
-,23,29,52,29,23,52,0,0.0714111328125,-0.0714111328125,-0.0714111328125,1,23,True
-,23,30,53,30,23,53,1,0.00705718994140625,-0.00705718994140625,-0.00705718994140625,1,23,True
-,23,31,54,31,23,54,0,0.007785797119140625,-0.007785797119140625,-0.007785797119140625,1,23,True
-,23,32,55,32,23,55,0,0.022979736328125,-0.022979736328125,-0.022979736328125,1,23,True
-,23,33,56,33,23,56,1,0.01493072509765625,-0.01493072509765625,-0.01493072509765625,1,23,True
-,23,34,57,34,23,57,0,0.01113128662109375,-0.01113128662109375,-0.01113128662109375,1,23,True
-,23,35,58,35,23,58,0,0.05792236328125,-0.05792236328125,-0.05792236328125,1,23,True
-,23,36,59,36,23,59,0,0.032257080078125,-0.032257080078125,-0.032257080078125,1,23,True
-,23,37,60,37,23,60,1,0.006801605224609375,-0.006801605224609375,-0.006801605224609375,1,23,True
-,23,38,61,38,23,61,0,0.04412841796875,-0.04412841796875,-0.04412841796875,1,23,True
-,23,39,62,39,23,62,0,0.0341796875,-0.0341796875,-0.0341796875,1,23,True
-,23,40,63,40,23,63,0,0.0254364013671875,-0.0254364013671875,-0.0254364013671875,1,23,True
-,23,41,64,41,23,64,2,0.05877685546875,-0.05877685546875,-0.05877685546875,1,23,True
-,23,42,65,42,23,65,1,0.035430908203125,-0.035430908203125,-0.035430908203125,1,23,True
-,23,43,66,43,23,66,0,0.011627197265625,-0.011627197265625,-0.011627197265625,1,23,True
-,23,44,67,44,23,67,0,0.1365966796875,-0.1365966796875,-0.1365966796875,1,23,True
-,23,45,68,45,23,68,1,0.0673828125,-0.0673828125,-0.0673828125,1,23,True
-,23,46,69,46,23,69,0,0.0185699462890625,-0.0185699462890625,-0.0185699462890625,1,23,True
-,23,47,70,47,23,70,1,0.035614013671875,-0.035614013671875,-0.035614013671875,1,23,True
-,23,48,71,48,23,71,0,0.10260009765625,-0.10260009765625,-0.10260009765625,1,23,True
-,23,49,72,49,23,72,1,0.05322265625,-0.05322265625,-0.05322265625,1,23,True
-,23,50,73,50,23,73,0,0.07330322265625,-0.07330322265625,-0.07330322265625,1,23,True
-,23,51,74,51,23,74,0,0.029541015625,-0.029541015625,-0.029541015625,1,23,True
-,23,52,75,52,23,75,0,0.04144287109375,-0.04144287109375,-0.04144287109375,1,23,True
-,23,53,76,53,23,76,0,0.047454833984375,-0.047454833984375,-0.047454833984375,1,23,True
-,23,54,77,54,23,77,0,0.0506591796875,-0.0506591796875,-0.0506591796875,1,23,True
-,23,55,78,55,23,78,1,0.053009033203125,-0.053009033203125,-0.053009033203125,1,23,True
-,23,56,79,56,23,79,0,0.06494140625,-0.06494140625,-0.06494140625,1,23,True
-,23,57,80,57,23,80,0,0.0217742919921875,-0.0217742919921875,-0.0217742919921875,1,23,True
-,23,58,81,58,23,81,0,0.025634765625,-0.025634765625,-0.025634765625,1,23,True
-,23,59,82,59,23,82,1,0.201904296875,-0.201904296875,-0.201904296875,1,23,True
-,23,60,83,60,23,83,0,0.1285400390625,-0.1285400390625,-0.1285400390625,1,23,True
-,23,61,84,61,23,84,0,0.04144287109375,-0.04144287109375,-0.04144287109375,1,23,True
-,23,62,85,62,23,85,1,0.56591796875,-0.56591796875,-0.56591796875,1,23,True
-,23,63,86,63,23,86,0,0.252197265625,-0.252197265625,-0.252197265625,1,23,True
-,23,64,87,64,23,87,1,0.1016845703125,-0.1016845703125,-0.1016845703125,1,23,True
-,23,65,88,65,23,88,0,0.138427734375,-0.138427734375,-0.138427734375,1,23,True
-,23,66,89,66,23,89,0,0.0736083984375,-0.0736083984375,-0.0736083984375,1,23,True
-,23,67,90,67,23,90,0,0.03253173828125,-0.03253173828125,-0.03253173828125,1,23,True
-,23,68,91,68,23,91,0,0.08184814453125,-0.08184814453125,-0.08184814453125,1,23,True
-,23,69,92,69,23,92,0,0.152099609375,-0.152099609375,-0.152099609375,1,23,True
-,23,70,93,70,23,93,0,0.055145263671875,-0.055145263671875,-0.055145263671875,1,23,True
-,23,71,94,71,23,94,0,0.2354736328125,-0.2354736328125,-0.2354736328125,1,23,True
-,23,72,95,72,23,95,0,0.1412353515625,-0.1412353515625,-0.1412353515625,1,23,True
-,23,73,96,73,23,96,0,0.1932373046875,-0.1932373046875,-0.1932373046875,1,23,True
-,23,74,97,74,23,97,0,0.09259033203125,-0.09259033203125,-0.09259033203125,1,23,True
-,23,75,98,75,23,98,0,0.02099609375,-0.02099609375,-0.02099609375,1,23,True
-,23,76,99,76,23,99,0,0.04022216796875,-0.04022216796875,-0.04022216796875,1,23,True
-,23,77,100,77,23,100,1,0.01531219482421875,-0.01531219482421875,-0.01531219482421875,1,23,True
-,23,78,101,78,23,101,0,0.053924560546875,-0.053924560546875,-0.053924560546875,1,23,True
-,23,79,102,79,23,102,0,0.1910400390625,-0.1910400390625,-0.1910400390625,1,23,True
-,23,80,103,80,23,103,0,0.6767578125,-0.6767578125,-0.6767578125,1,23,True
-,23,81,104,81,23,104,0,0.1688232421875,-0.1688232421875,-0.1688232421875,1,23,True
-,23,82,105,82,23,105,1,0.10137939453125,-0.10137939453125,-0.10137939453125,1,23,True
-,23,83,106,83,23,106,0,0.071044921875,-0.071044921875,-0.071044921875,1,23,True
-,23,84,107,84,23,107,1,0.08612060546875,-0.08612060546875,-0.08612060546875,1,23,True
-,23,85,108,85,23,108,0,0.080078125,-0.080078125,-0.080078125,1,23,True
-,23,86,109,86,23,109,0,0.135009765625,-0.135009765625,-0.135009765625,1,23,True
-,23,87,110,87,23,110,0,0.04248046875,-0.04248046875,-0.04248046875,1,23,True
-,23,88,111,88,23,111,0,0.11993408203125,-0.11993408203125,-0.11993408203125,1,23,True
-,23,89,112,89,23,112,0,0.1168212890625,-0.1168212890625,-0.1168212890625,1,23,True
-,23,90,113,90,23,113,0,0.0240631103515625,-0.0240631103515625,-0.0240631103515625,1,23,True
-,23,91,114,91,23,114,0,0.088623046875,-0.088623046875,-0.088623046875,1,23,True
-,23,92,115,92,23,115,2,0.2481689453125,-0.2481689453125,-0.2481689453125,1,23,True
-,23,93,116,93,23,116,0,0.1092529296875,-0.1092529296875,-0.1092529296875,1,23,True
-,23,94,117,94,23,117,0,0.08984375,-0.08984375,-0.08984375,1,23,True
-,23,95,118,95,23,118,0,0.257568359375,-0.257568359375,-0.257568359375,1,23,True
-,23,96,119,96,23,119,0,0.1334228515625,-0.1334228515625,-0.1334228515625,1,23,True
-,23,97,120,97,23,120,1,0.0228118896484375,-0.0228118896484375,-0.0228118896484375,1,23,True
-,23,98,121,98,23,121,0,0.1932373046875,-0.1932373046875,-0.1932373046875,1,23,True
-,23,99,122,99,23,122,0,1.203125,-1.203125,-1.203125,1,23,True
-,24,10,34,10,24,34,3,0.006439208984375,-0.006439208984375,-0.006439208984375,1,24,True
-,24,11,35,11,24,35,4,0.03265380859375,-0.03265380859375,-0.03265380859375,1,24,True
-,24,12,36,12,24,36,10,0.00600433349609375,-0.00600433349609375,-0.00600433349609375,1,24,True
-,24,13,37,13,24,37,3,0.21923828125,-0.21923828125,-0.21923828125,1,24,True
-,24,14,38,14,24,38,4,0.004276275634765625,-0.004276275634765625,-0.004276275634765625,1,24,True
-,24,15,39,15,24,39,4,0.0054931640625,-0.0054931640625,-0.0054931640625,1,24,True
-,24,16,40,16,24,40,5,0.0031261444091796875,-0.0031261444091796875,-0.0031261444091796875,1,24,True
-,24,17,41,17,24,41,1,0.0031642913818359375,-0.0031642913818359375,-0.0031642913818359375,1,24,True
-,24,18,42,18,24,42,3,0.0022373199462890625,-0.0022373199462890625,-0.0022373199462890625,1,24,True
-,24,19,43,19,24,43,1,0.046295166015625,-0.046295166015625,-0.046295166015625,1,24,True
-,24,20,44,20,24,44,1,0.002529144287109375,-0.002529144287109375,-0.002529144287109375,1,24,True
-,24,21,45,21,24,45,3,0.004535675048828125,-0.004535675048828125,-0.004535675048828125,1,24,True
-,24,22,46,22,24,46,2,0.02886962890625,-0.02886962890625,-0.02886962890625,1,24,True
-,24,23,47,23,24,47,0,0.0338134765625,-0.0338134765625,-0.0338134765625,1,24,True
-,24,24,48,24,24,48,5,0.004726409912109375,-0.004726409912109375,-0.004726409912109375,1,24,True
-,24,25,49,25,24,49,4,0.0237579345703125,-0.0237579345703125,-0.0237579345703125,1,24,True
-,24,26,50,26,24,50,2,0.0052032470703125,-0.0052032470703125,-0.0052032470703125,1,24,True
-,24,27,51,27,24,51,0,0.0128326416015625,-0.0128326416015625,-0.0128326416015625,1,24,True
-,24,28,52,28,24,52,0,0.00928497314453125,-0.00928497314453125,-0.00928497314453125,1,24,True
-,24,29,53,29,24,53,1,0.0300140380859375,-0.0300140380859375,-0.0300140380859375,1,24,True
-,24,30,54,30,24,54,1,0.00485992431640625,-0.00485992431640625,-0.00485992431640625,1,24,True
-,24,31,55,31,24,55,0,0.0188751220703125,-0.0188751220703125,-0.0188751220703125,1,24,True
-,24,32,56,32,24,56,0,0.0093841552734375,-0.0093841552734375,-0.0093841552734375,1,24,True
-,24,33,57,33,24,57,0,0.011627197265625,-0.011627197265625,-0.011627197265625,1,24,True
-,24,34,58,34,24,58,0,0.01763916015625,-0.01763916015625,-0.01763916015625,1,24,True
-,24,35,59,35,24,59,1,0.026885986328125,-0.026885986328125,-0.026885986328125,1,24,True
-,24,36,60,36,24,60,1,0.006000518798828125,-0.006000518798828125,-0.006000518798828125,1,24,True
-,24,37,61,37,24,61,1,0.0184326171875,-0.0184326171875,-0.0184326171875,1,24,True
-,24,38,62,38,24,62,2,0.0235595703125,-0.0235595703125,-0.0235595703125,1,24,True
-,24,39,63,39,24,63,2,0.045013427734375,-0.045013427734375,-0.045013427734375,1,24,True
-,24,40,64,40,24,64,3,0.0101318359375,-0.0101318359375,-0.0101318359375,1,24,True
-,24,41,65,41,24,65,0,0.030609130859375,-0.030609130859375,-0.030609130859375,1,24,True
-,24,42,66,42,24,66,0,0.00801849365234375,-0.00801849365234375,-0.00801849365234375,1,24,True
-,24,43,67,43,24,67,0,0.06304931640625,-0.06304931640625,-0.06304931640625,1,24,True
-,24,44,68,44,24,68,0,0.1112060546875,-0.1112060546875,-0.1112060546875,1,24,True
-,24,45,69,45,24,69,1,0.019134521484375,-0.019134521484375,-0.019134521484375,1,24,True
-,24,46,70,46,24,70,1,0.0194854736328125,-0.0194854736328125,-0.0194854736328125,1,24,True
-,24,47,71,47,24,71,0,0.0229949951171875,-0.0229949951171875,-0.0229949951171875,1,24,True
-,24,48,72,48,24,72,3,0.0192108154296875,-0.0192108154296875,-0.0192108154296875,1,24,True
-,24,49,73,49,24,73,2,0.07769775390625,-0.07769775390625,-0.07769775390625,1,24,True
-,24,50,74,50,24,74,1,0.0112457275390625,-0.0112457275390625,-0.0112457275390625,1,24,True
-,24,51,75,51,24,75,0,0.038238525390625,-0.038238525390625,-0.038238525390625,1,24,True
-,24,52,76,52,24,76,0,0.0106201171875,-0.0106201171875,-0.0106201171875,1,24,True
-,24,53,77,53,24,77,0,0.0251007080078125,-0.0251007080078125,-0.0251007080078125,1,24,True
-,24,54,78,54,24,78,0,0.094970703125,-0.094970703125,-0.094970703125,1,24,True
-,24,55,79,55,24,79,0,0.035400390625,-0.035400390625,-0.035400390625,1,24,True
-,24,56,80,56,24,80,0,0.00785064697265625,-0.00785064697265625,-0.00785064697265625,1,24,True
-,24,57,81,57,24,81,0,0.0163726806640625,-0.0163726806640625,-0.0163726806640625,1,24,True
-,24,58,82,58,24,82,0,0.043701171875,-0.043701171875,-0.043701171875,1,24,True
-,24,59,83,59,24,83,0,0.1337890625,-0.1337890625,-0.1337890625,1,24,True
-,24,60,84,60,24,84,3,0.0594482421875,-0.0594482421875,-0.0594482421875,1,24,True
-,24,61,85,61,24,85,0,0.06597900390625,-0.06597900390625,-0.06597900390625,1,24,True
-,24,62,86,62,24,86,0,0.0712890625,-0.0712890625,-0.0712890625,1,24,True
-,24,63,87,63,24,87,1,0.050811767578125,-0.050811767578125,-0.050811767578125,1,24,True
-,24,64,88,64,24,88,0,0.11676025390625,-0.11676025390625,-0.11676025390625,1,24,True
-,24,65,89,65,24,89,0,0.13525390625,-0.13525390625,-0.13525390625,1,24,True
-,24,66,90,66,24,90,0,0.032684326171875,-0.032684326171875,-0.032684326171875,1,24,True
-,24,67,91,67,24,91,0,0.1041259765625,-0.1041259765625,-0.1041259765625,1,24,True
-,24,68,92,68,24,92,0,0.0848388671875,-0.0848388671875,-0.0848388671875,1,24,True
-,24,69,93,69,24,93,0,0.1090087890625,-0.1090087890625,-0.1090087890625,1,24,True
-,24,70,94,70,24,94,0,0.08441162109375,-0.08441162109375,-0.08441162109375,1,24,True
-,24,71,95,71,24,95,1,0.127685546875,-0.127685546875,-0.127685546875,1,24,True
-,24,72,96,72,24,96,1,0.030914306640625,-0.030914306640625,-0.030914306640625,1,24,True
-,24,73,97,73,24,97,1,0.0670166015625,-0.0670166015625,-0.0670166015625,1,24,True
-,24,74,98,74,24,98,0,1.501953125,-1.501953125,-1.501953125,1,23,False
-,24,75,99,75,24,99,0,0.02020263671875,-0.02020263671875,-0.02020263671875,1,24,True
-,24,76,100,76,24,100,1,0.0190277099609375,-0.0190277099609375,-0.0190277099609375,1,24,True
-,24,77,101,77,24,101,0,0.048492431640625,-0.048492431640625,-0.048492431640625,1,24,True
-,24,78,102,78,24,102,0,0.03692626953125,-0.03692626953125,-0.03692626953125,1,24,True
-,24,79,103,79,24,103,0,0.217041015625,-0.217041015625,-0.217041015625,1,24,True
-,24,80,104,80,24,104,0,0.09759521484375,-0.09759521484375,-0.09759521484375,1,24,True
-,24,81,105,81,24,105,0,0.116455078125,-0.116455078125,-0.116455078125,1,24,True
-,24,82,106,82,24,106,0,0.04144287109375,-0.04144287109375,-0.04144287109375,1,24,True
-,24,83,107,83,24,107,1,0.032073974609375,-0.032073974609375,-0.032073974609375,1,24,True
-,24,84,108,84,24,108,1,0.06805419921875,-0.06805419921875,-0.06805419921875,1,24,True
-,24,85,109,85,24,109,0,0.040283203125,-0.040283203125,-0.040283203125,1,24,True
-,24,86,110,86,24,110,0,0.0263824462890625,-0.0263824462890625,-0.0263824462890625,1,24,True
-,24,87,111,87,24,111,0,0.020477294921875,-0.020477294921875,-0.020477294921875,1,24,True
-,24,88,112,88,24,112,0,0.0908203125,-0.0908203125,-0.0908203125,1,24,True
-,24,89,113,89,24,113,0,0.09881591796875,-0.09881591796875,-0.09881591796875,1,24,True
-,24,90,114,90,24,114,0,0.0232391357421875,-0.0232391357421875,-0.0232391357421875,1,24,True
-,24,91,115,91,24,115,0,0.051239013671875,-0.051239013671875,-0.051239013671875,1,24,True
-,24,92,116,92,24,116,0,0.1715087890625,-0.1715087890625,-0.1715087890625,1,24,True
-,24,93,117,93,24,117,0,0.03668212890625,-0.03668212890625,-0.03668212890625,1,24,True
-,24,94,118,94,24,118,0,0.053466796875,-0.053466796875,-0.053466796875,1,24,True
-,24,95,119,95,24,119,1,0.067138671875,-0.067138671875,-0.067138671875,1,24,True
-,24,96,120,96,24,120,0,0.0560302734375,-0.0560302734375,-0.0560302734375,1,24,True
-,24,97,121,97,24,121,0,0.291015625,-0.291015625,-0.291015625,1,24,True
-,24,98,122,98,24,122,0,1.8330078125,-1.8330078125,-1.8330078125,1,23,False
-,24,99,123,99,24,123,0,2.46484375,-2.46484375,-2.46484375,1,34,False
-,25,10,35,10,25,35,8,0.03582763671875,-0.03582763671875,-0.03582763671875,1,25,True
-,25,11,36,11,25,36,4,0.0157470703125,-0.0157470703125,-0.0157470703125,1,25,True
-,25,12,37,12,25,37,2,0.01250457763671875,-0.01250457763671875,-0.01250457763671875,1,25,True
-,25,13,38,13,25,38,0,0.206298828125,-0.206298828125,-0.206298828125,1,25,True
-,25,14,39,14,25,39,0,0.0171356201171875,-0.0171356201171875,-0.0171356201171875,1,25,True
-,25,15,40,15,25,40,6,0.013671875,-0.013671875,-0.013671875,1,25,True
-,25,16,41,16,25,41,1,0.0182342529296875,-0.0182342529296875,-0.0182342529296875,1,25,True
-,25,17,42,17,25,42,0,0.00566864013671875,-0.00566864013671875,-0.00566864013671875,1,25,True
-,25,18,43,18,25,43,0,0.044097900390625,-0.044097900390625,-0.044097900390625,1,25,True
-,25,19,44,19,25,44,0,0.01666259765625,-0.01666259765625,-0.01666259765625,1,25,True
-,25,20,45,20,25,45,6,0.008087158203125,-0.008087158203125,-0.008087158203125,1,25,True
-,25,21,46,21,25,46,1,0.007404327392578125,-0.007404327392578125,-0.007404327392578125,1,25,True
-,25,22,47,22,25,47,1,0.10919189453125,-0.10919189453125,-0.10919189453125,1,25,True
-,25,23,48,23,25,48,1,0.91845703125,-0.91845703125,-0.91845703125,1,23,False
-,25,24,49,24,25,49,0,0.012481689453125,-0.012481689453125,-0.012481689453125,1,25,True
-,25,25,50,25,25,50,9,0.023162841796875,-0.023162841796875,-0.023162841796875,1,25,True
-,25,26,51,26,25,51,0,0.01461029052734375,-0.01461029052734375,-0.01461029052734375,1,25,True
-,25,27,52,27,25,52,1,0.01251220703125,-0.01251220703125,-0.01251220703125,1,25,True
-,25,28,53,28,25,53,1,0.10089111328125,-0.10089111328125,-0.10089111328125,1,25,True
-,25,29,54,29,25,54,4,0.00798797607421875,-0.00798797607421875,-0.00798797607421875,1,25,True
-,25,30,55,30,25,55,2,0.0215911865234375,-0.0215911865234375,-0.0215911865234375,1,25,True
-,25,31,56,31,25,56,1,0.0227813720703125,-0.0227813720703125,-0.0227813720703125,1,25,True
-,25,32,57,32,25,57,1,0.0421142578125,-0.0421142578125,-0.0421142578125,1,25,True
-,25,33,58,33,25,58,1,0.03997802734375,-0.03997802734375,-0.03997802734375,1,25,True
-,25,34,59,34,25,59,0,0.09405517578125,-0.09405517578125,-0.09405517578125,1,25,True
-,25,35,60,35,25,60,6,0.0151519775390625,-0.0151519775390625,-0.0151519775390625,1,25,True
-,25,36,61,36,25,61,1,0.0031795501708984375,-0.0031795501708984375,-0.0031795501708984375,1,25,True
-,25,37,62,37,25,62,0,0.032196044921875,-0.032196044921875,-0.032196044921875,1,25,True
-,25,38,63,38,25,63,0,0.126220703125,-0.126220703125,-0.126220703125,1,25,True
-,25,39,64,39,25,64,1,0.0289764404296875,-0.0289764404296875,-0.0289764404296875,1,25,True
-,25,40,65,40,25,65,1,0.09259033203125,-0.09259033203125,-0.09259033203125,1,25,True
-,25,41,66,41,25,66,0,0.0219268798828125,-0.0219268798828125,-0.0219268798828125,1,25,True
-,25,42,67,42,25,67,0,0.0972900390625,-0.0972900390625,-0.0972900390625,1,25,True
-,25,43,68,43,25,68,1,0.57177734375,-0.57177734375,-0.57177734375,1,25,True
-,25,44,69,44,25,69,1,0.042388916015625,-0.042388916015625,-0.042388916015625,1,25,True
-,25,45,70,45,25,70,0,0.028076171875,-0.028076171875,-0.028076171875,1,25,True
-,25,46,71,46,25,71,0,0.0640869140625,-0.0640869140625,-0.0640869140625,1,25,True
-,25,47,72,47,25,72,2,0.031829833984375,-0.031829833984375,-0.031829833984375,1,25,True
-,25,48,73,48,25,73,0,0.18798828125,-0.18798828125,-0.18798828125,1,25,True
-,25,49,74,49,25,74,0,0.05450439453125,-0.05450439453125,-0.05450439453125,1,25,True
-,25,50,75,50,25,75,8,0.020965576171875,-0.020965576171875,-0.020965576171875,1,25,True
-,25,51,76,51,25,76,0,0.0291595458984375,-0.0291595458984375,-0.0291595458984375,1,25,True
-,25,52,77,52,25,77,0,0.151123046875,-0.151123046875,-0.151123046875,1,25,True
-,25,53,78,53,25,78,0,0.065673828125,-0.065673828125,-0.065673828125,1,25,True
-,25,54,79,54,25,79,0,0.0897216796875,-0.0897216796875,-0.0897216796875,1,25,True
-,25,55,80,55,25,80,0,0.19287109375,-0.19287109375,-0.19287109375,1,25,True
-,25,56,81,56,25,81,0,0.0152130126953125,-0.0152130126953125,-0.0152130126953125,1,25,True
-,25,57,82,57,25,82,0,0.03045654296875,-0.03045654296875,-0.03045654296875,1,25,True
-,25,58,83,58,25,83,0,0.351806640625,-0.351806640625,-0.351806640625,1,25,True
-,25,59,84,59,25,84,0,0.1348876953125,-0.1348876953125,-0.1348876953125,1,25,True
-,25,60,85,60,25,85,1,0.58984375,-0.58984375,-0.58984375,1,25,True
-,25,61,86,61,25,86,0,0.1005859375,-0.1005859375,-0.1005859375,1,25,True
-,25,62,87,62,25,87,0,0.23291015625,-0.23291015625,-0.23291015625,1,25,True
-,25,63,88,63,25,88,1,0.478271484375,-0.478271484375,-0.478271484375,1,25,True
-,25,64,89,64,25,89,0,0.4697265625,-0.4697265625,-0.4697265625,1,25,True
-,25,65,90,65,25,90,4,0.14404296875,-0.14404296875,-0.14404296875,1,25,True
-,25,66,91,66,25,91,0,0.12646484375,-0.12646484375,-0.12646484375,1,25,True
-,25,67,92,67,25,92,1,0.1361083984375,-0.1361083984375,-0.1361083984375,1,25,True
-,25,68,93,68,25,93,0,0.094482421875,-0.094482421875,-0.094482421875,1,25,True
-,25,69,94,69,25,94,0,0.1240234375,-0.1240234375,-0.1240234375,1,25,True
-,25,70,95,70,25,95,2,0.1514892578125,-0.1514892578125,-0.1514892578125,1,25,True
-,25,71,96,71,25,96,0,0.11810302734375,-0.11810302734375,-0.11810302734375,1,25,True
-,25,72,97,72,25,97,0,0.07757568359375,-0.07757568359375,-0.07757568359375,1,25,True
-,25,73,98,73,25,98,0,0.11175537109375,-0.11175537109375,-0.11175537109375,1,25,True
-,25,74,99,74,25,99,0,0.096923828125,-0.096923828125,-0.096923828125,1,25,True
-,25,75,100,75,25,100,12,0.0189666748046875,-0.0189666748046875,-0.0189666748046875,1,25,True
-,25,76,101,76,25,101,0,0.1058349609375,-0.1058349609375,-0.1058349609375,1,25,True
-,25,77,102,77,25,102,0,0.09326171875,-0.09326171875,-0.09326171875,1,25,True
-,25,78,103,78,25,103,0,0.583984375,-0.583984375,-0.583984375,1,25,True
-,25,79,104,79,25,104,0,0.382568359375,-0.382568359375,-0.382568359375,1,25,True
-,25,80,105,80,25,105,1,0.12103271484375,-0.12103271484375,-0.12103271484375,1,25,True
-,25,81,106,81,25,106,0,0.086181640625,-0.086181640625,-0.086181640625,1,25,True
-,25,82,107,82,25,107,0,0.53466796875,-0.53466796875,-0.53466796875,1,25,True
-,25,83,108,83,25,108,0,0.172607421875,-0.172607421875,-0.172607421875,1,25,True
-,25,84,109,84,25,109,0,0.11785888671875,-0.11785888671875,-0.11785888671875,1,25,True
-,25,85,110,85,25,110,0,0.06298828125,-0.06298828125,-0.06298828125,1,25,True
-,25,86,111,86,25,111,0,0.0589599609375,-0.0589599609375,-0.0589599609375,1,25,True
-,25,87,112,87,25,112,0,0.2349853515625,-0.2349853515625,-0.2349853515625,1,25,True
-,25,88,113,88,25,113,0,0.419921875,-0.419921875,-0.419921875,1,25,True
-,25,89,114,89,25,114,0,0.15185546875,-0.15185546875,-0.15185546875,1,25,True
-,25,90,115,90,25,115,0,0.11480712890625,-0.11480712890625,-0.11480712890625,1,25,True
-,25,91,116,91,25,116,0,0.1121826171875,-0.1121826171875,-0.1121826171875,1,25,True
-,25,92,117,92,25,117,0,0.16796875,-0.16796875,-0.16796875,1,25,True
-,25,93,118,93,25,118,0,0.151611328125,-0.151611328125,-0.151611328125,1,25,True
-,25,94,119,94,25,119,0,0.1478271484375,-0.1478271484375,-0.1478271484375,1,25,True
-,25,95,120,95,25,120,1,0.2188720703125,-0.2188720703125,-0.2188720703125,1,25,True
-,25,96,121,96,25,121,0,0.125732421875,-0.125732421875,-0.125732421875,1,25,True
-,25,97,122,97,25,122,2,0.60791015625,-0.60791015625,-0.60791015625,1,25,True
-,25,98,123,98,25,123,0,1.6123046875,-1.6123046875,-1.6123046875,1,34,False
-,25,99,124,99,25,124,0,0.65380859375,-0.65380859375,-0.65380859375,1,25,True
-,26,10,36,10,26,36,10,0.0031108856201171875,-0.0031108856201171875,-0.0031108856201171875,1,26,True
-,26,11,37,11,26,37,0,0.055938720703125,-0.055938720703125,-0.055938720703125,1,26,True
-,26,12,38,12,26,38,3,0.00424957275390625,-0.00424957275390625,-0.00424957275390625,1,26,True
-,26,13,39,13,26,39,15,0.010894775390625,-0.010894775390625,-0.010894775390625,1,26,True
-,26,14,40,14,26,40,14,0.0073394775390625,-0.0073394775390625,-0.0073394775390625,1,26,True
-,26,15,41,15,26,41,0,0.002910614013671875,-0.002910614013671875,-0.002910614013671875,1,26,True
-,26,16,42,16,26,42,3,0.01473236083984375,-0.01473236083984375,-0.01473236083984375,1,26,True
-,26,17,43,17,26,43,1,0.01219940185546875,-0.01219940185546875,-0.01219940185546875,1,26,True
-,26,18,44,18,26,44,0,0.005680084228515625,-0.005680084228515625,-0.005680084228515625,1,26,True
-,26,19,45,19,26,45,0,0.003414154052734375,-0.003414154052734375,-0.003414154052734375,1,26,True
-,26,20,46,20,26,46,2,0.0174560546875,-0.0174560546875,-0.0174560546875,1,26,True
-,26,21,47,21,26,47,0,0.0195770263671875,-0.0195770263671875,-0.0195770263671875,1,26,True
-,26,22,48,22,26,48,6,0.06463623046875,-0.06463623046875,-0.06463623046875,1,26,True
-,26,23,49,23,26,49,3,0.048431396484375,-0.048431396484375,-0.048431396484375,1,26,True
-,26,24,50,24,26,50,2,0.00891876220703125,-0.00891876220703125,-0.00891876220703125,1,26,True
-,26,25,51,25,26,51,0,0.017425537109375,-0.017425537109375,-0.017425537109375,1,26,True
-,26,26,52,26,26,52,1,0.040374755859375,-0.040374755859375,-0.040374755859375,1,26,True
-,26,27,53,27,26,53,0,0.007396697998046875,-0.007396697998046875,-0.007396697998046875,1,26,True
-,26,28,54,28,26,54,1,0.0308074951171875,-0.0308074951171875,-0.0308074951171875,1,26,True
-,26,29,55,29,26,55,0,0.042816162109375,-0.042816162109375,-0.042816162109375,1,26,True
-,26,30,56,30,26,56,0,0.00672149658203125,-0.00672149658203125,-0.00672149658203125,1,26,True
-,26,31,57,31,26,57,2,0.054290771484375,-0.054290771484375,-0.054290771484375,1,26,True
-,26,32,58,32,26,58,2,0.0219573974609375,-0.0219573974609375,-0.0219573974609375,1,26,True
-,26,33,59,33,26,59,0,0.07476806640625,-0.07476806640625,-0.07476806640625,1,26,True
-,26,34,60,34,26,60,0,0.0258941650390625,-0.0258941650390625,-0.0258941650390625,1,26,True
-,26,35,61,35,26,61,0,0.0311126708984375,-0.0311126708984375,-0.0311126708984375,1,26,True
-,26,36,62,36,26,62,0,0.019683837890625,-0.019683837890625,-0.019683837890625,1,26,True
-,26,37,63,37,26,63,1,0.01367950439453125,-0.01367950439453125,-0.01367950439453125,1,26,True
-,26,38,64,38,26,64,0,0.12066650390625,-0.12066650390625,-0.12066650390625,1,26,True
-,26,39,65,39,26,65,1,0.057952880859375,-0.057952880859375,-0.057952880859375,1,26,True
-,26,40,66,40,26,66,0,0.01378631591796875,-0.01378631591796875,-0.01378631591796875,1,26,True
-,26,41,67,41,26,67,0,0.1864013671875,-0.1864013671875,-0.1864013671875,1,26,True
-,26,42,68,42,26,68,0,0.0875244140625,-0.0875244140625,-0.0875244140625,1,26,True
-,26,43,69,43,26,69,0,0.052886962890625,-0.052886962890625,-0.052886962890625,1,26,True
-,26,44,70,44,26,70,0,0.09423828125,-0.09423828125,-0.09423828125,1,26,True
-,26,45,71,45,26,71,0,0.0601806640625,-0.0601806640625,-0.0601806640625,1,26,True
-,26,46,72,46,26,72,0,0.0159759521484375,-0.0159759521484375,-0.0159759521484375,1,26,True
-,26,47,73,47,26,73,0,0.0433349609375,-0.0433349609375,-0.0433349609375,1,26,True
-,26,48,74,48,26,74,0,0.053985595703125,-0.053985595703125,-0.053985595703125,1,26,True
-,26,49,75,49,26,75,1,0.043609619140625,-0.043609619140625,-0.043609619140625,1,26,True
-,26,50,76,50,26,76,1,0.043182373046875,-0.043182373046875,-0.043182373046875,1,26,True
-,26,51,77,51,26,77,0,0.06536865234375,-0.06536865234375,-0.06536865234375,1,26,True
-,26,52,78,52,26,78,2,0.12030029296875,-0.12030029296875,-0.12030029296875,1,26,True
-,26,53,79,53,26,79,0,0.21533203125,-0.21533203125,-0.21533203125,1,26,True
-,26,54,80,54,26,80,0,0.158203125,-0.158203125,-0.158203125,1,26,True
-,26,55,81,55,26,81,0,0.0693359375,-0.0693359375,-0.0693359375,1,26,True
-,26,56,82,56,26,82,0,0.1016845703125,-0.1016845703125,-0.1016845703125,1,26,True
-,26,57,83,57,26,83,0,0.04144287109375,-0.04144287109375,-0.04144287109375,1,26,True
-,26,58,84,58,26,84,0,0.09295654296875,-0.09295654296875,-0.09295654296875,1,26,True
-,26,59,85,59,26,85,0,0.24072265625,-0.24072265625,-0.24072265625,1,26,True
-,26,60,86,60,26,86,0,0.0587158203125,-0.0587158203125,-0.0587158203125,1,26,True
-,26,61,87,61,26,87,0,0.07763671875,-0.07763671875,-0.07763671875,1,26,True
-,26,62,88,62,26,88,0,0.23974609375,-0.23974609375,-0.23974609375,1,26,True
-,26,63,89,63,26,89,0,0.10552978515625,-0.10552978515625,-0.10552978515625,1,26,True
-,26,64,90,64,26,90,2,0.079833984375,-0.079833984375,-0.079833984375,1,26,True
-,26,65,91,65,26,91,0,0.6875,-0.6875,-0.6875,1,26,True
-,26,66,92,66,26,92,0,0.0289764404296875,-0.0289764404296875,-0.0289764404296875,1,26,True
-,26,67,93,67,26,93,1,0.06524658203125,-0.06524658203125,-0.06524658203125,1,26,True
-,26,68,94,68,26,94,0,1.6455078125,-1.6455078125,-1.6455078125,1,22,False
-,26,69,95,69,26,95,0,0.1693115234375,-0.1693115234375,-0.1693115234375,1,26,True
-,26,70,96,70,26,96,0,0.06353759765625,-0.06353759765625,-0.06353759765625,1,26,True
-,26,71,97,71,26,97,0,0.1873779296875,-0.1873779296875,-0.1873779296875,1,26,True
-,26,72,98,72,26,98,0,0.1365966796875,-0.1365966796875,-0.1365966796875,1,26,True
-,26,73,99,73,26,99,0,0.328857421875,-0.328857421875,-0.328857421875,1,26,True
-,26,74,100,74,26,100,1,0.1307373046875,-0.1307373046875,-0.1307373046875,1,26,True
-,26,75,101,75,26,101,0,0.058013916015625,-0.058013916015625,-0.058013916015625,1,26,True
-,26,76,102,76,26,102,0,0.08282470703125,-0.08282470703125,-0.08282470703125,1,26,True
-,26,77,103,77,26,103,0,0.469970703125,-0.469970703125,-0.469970703125,1,26,True
-,26,78,104,78,26,104,0,1.970703125,-1.970703125,-1.970703125,1,22,False
-,26,79,105,79,26,105,0,0.1865234375,-0.1865234375,-0.1865234375,1,26,True
-,26,80,106,80,26,106,0,0.137451171875,-0.137451171875,-0.137451171875,1,26,True
-,26,81,107,81,26,107,0,0.2166748046875,-0.2166748046875,-0.2166748046875,1,26,True
-,26,82,108,82,26,108,0,0.1627197265625,-0.1627197265625,-0.1627197265625,1,26,True
-,26,83,109,83,26,109,0,0.36962890625,-0.36962890625,-0.36962890625,1,26,True
-,26,84,110,84,26,110,0,0.057220458984375,-0.057220458984375,-0.057220458984375,1,26,True
-,26,85,111,85,26,111,0,0.08599853515625,-0.08599853515625,-0.08599853515625,1,26,True
-,26,86,112,86,26,112,0,0.2861328125,-0.2861328125,-0.2861328125,1,26,True
-,26,87,113,87,26,113,0,0.16162109375,-0.16162109375,-0.16162109375,1,26,True
-,26,88,114,88,26,114,0,0.322998046875,-0.322998046875,-0.322998046875,1,26,True
-,26,89,115,89,26,115,1,0.486328125,-0.486328125,-0.486328125,1,26,True
-,26,90,116,90,26,116,0,0.08941650390625,-0.08941650390625,-0.08941650390625,1,26,True
-,26,91,117,91,26,117,1,0.2705078125,-0.2705078125,-0.2705078125,1,26,True
-,26,92,118,92,26,118,0,0.44921875,-0.44921875,-0.44921875,1,26,True
-,26,93,119,93,26,119,0,0.10552978515625,-0.10552978515625,-0.10552978515625,1,26,True
-,26,94,120,94,26,120,0,0.102783203125,-0.102783203125,-0.102783203125,1,26,True
-,26,95,121,95,26,121,0,0.356689453125,-0.356689453125,-0.356689453125,1,26,True
-,26,96,122,96,26,122,0,4.94921875,-4.94921875,-4.94921875,1,19,False
-,26,97,123,97,26,123,0,1.125,-1.125,-1.125,1,26,True
-,26,98,124,98,26,124,0,2.68359375,-2.68359375,-2.68359375,1,27,False
-,26,99,125,99,26,125,0,2.509765625,-2.509765625,-2.509765625,1,31,False
-,27,10,37,10,27,37,0,0.0189208984375,-0.0189208984375,-0.0189208984375,1,27,True
-,27,11,38,11,27,38,1,0.010894775390625,-0.010894775390625,-0.010894775390625,1,27,True
-,27,12,39,12,27,39,2,0.007068634033203125,-0.007068634033203125,-0.007068634033203125,1,27,True
-,27,13,40,13,27,40,1,0.0103607177734375,-0.0103607177734375,-0.0103607177734375,1,27,True
-,27,14,41,14,27,41,3,0.00914764404296875,-0.00914764404296875,-0.00914764404296875,1,27,True
-,27,15,42,15,27,42,2,0.004962921142578125,-0.004962921142578125,-0.004962921142578125,1,27,True
-,27,16,43,16,27,43,0,0.01091766357421875,-0.01091766357421875,-0.01091766357421875,1,27,True
-,27,17,44,17,27,44,0,0.004116058349609375,-0.004116058349609375,-0.004116058349609375,1,27,True
-,27,18,45,18,27,45,4,0.005462646484375,-0.005462646484375,-0.005462646484375,1,27,True
-,27,19,46,19,27,46,1,0.006465911865234375,-0.006465911865234375,-0.006465911865234375,1,27,True
-,27,20,47,20,27,47,0,0.026153564453125,-0.026153564453125,-0.026153564453125,1,27,True
-,27,21,48,21,27,48,1,0.00670623779296875,-0.00670623779296875,-0.00670623779296875,1,27,True
-,27,22,49,22,27,49,0,0.0138092041015625,-0.0138092041015625,-0.0138092041015625,1,27,True
-,27,23,50,23,27,50,1,0.030181884765625,-0.030181884765625,-0.030181884765625,1,27,True
-,27,24,51,24,27,51,0,0.0179595947265625,-0.0179595947265625,-0.0179595947265625,1,27,True
-,27,25,52,25,27,52,0,0.0106048583984375,-0.0106048583984375,-0.0106048583984375,1,27,True
-,27,26,53,26,27,53,0,0.006626129150390625,-0.006626129150390625,-0.006626129150390625,1,27,True
-,27,27,54,27,27,54,0,0.00531768798828125,-0.00531768798828125,-0.00531768798828125,1,27,True
-,27,28,55,28,27,55,5,0.0082855224609375,-0.0082855224609375,-0.0082855224609375,1,27,True
-,27,29,56,29,27,56,0,0.01010894775390625,-0.01010894775390625,-0.01010894775390625,1,27,True
-,27,30,57,30,27,57,1,0.01187896728515625,-0.01187896728515625,-0.01187896728515625,1,27,True
-,27,31,58,31,27,58,0,0.017578125,-0.017578125,-0.017578125,1,27,True
-,27,32,59,32,27,59,0,0.04931640625,-0.04931640625,-0.04931640625,1,27,True
-,27,33,60,33,27,60,2,0.011199951171875,-0.011199951171875,-0.011199951171875,1,27,True
-,27,34,61,34,27,61,3,0.036407470703125,-0.036407470703125,-0.036407470703125,1,27,True
-,27,35,62,35,27,62,2,0.0112762451171875,-0.0112762451171875,-0.0112762451171875,1,27,True
-,27,36,63,36,27,63,4,0.004825592041015625,-0.004825592041015625,-0.004825592041015625,1,27,True
-,27,37,64,37,27,64,2,0.00923919677734375,-0.00923919677734375,-0.00923919677734375,1,27,True
-,27,38,65,38,27,65,1,0.035186767578125,-0.035186767578125,-0.035186767578125,1,27,True
-,27,39,66,39,27,66,0,0.00656890869140625,-0.00656890869140625,-0.00656890869140625,1,27,True
-,27,40,67,40,27,67,0,0.019287109375,-0.019287109375,-0.019287109375,1,27,True
-,27,41,68,41,27,68,1,0.051513671875,-0.051513671875,-0.051513671875,1,27,True
-,27,42,69,42,27,69,0,0.0099639892578125,-0.0099639892578125,-0.0099639892578125,1,27,True
-,27,43,70,43,27,70,1,0.026092529296875,-0.026092529296875,-0.026092529296875,1,27,True
-,27,44,71,44,27,71,0,0.040985107421875,-0.040985107421875,-0.040985107421875,1,27,True
-,27,45,72,45,27,72,1,0.004505157470703125,-0.004505157470703125,-0.004505157470703125,1,27,True
-,27,46,73,46,27,73,0,0.0101165771484375,-0.0101165771484375,-0.0101165771484375,1,27,True
-,27,47,74,47,27,74,1,0.00818634033203125,-0.00818634033203125,-0.00818634033203125,1,27,True
-,27,48,75,48,27,75,1,0.0206146240234375,-0.0206146240234375,-0.0206146240234375,1,27,True
-,27,49,76,49,27,76,0,0.01290130615234375,-0.01290130615234375,-0.01290130615234375,1,27,True
-,27,50,77,50,27,77,1,0.01313018798828125,-0.01313018798828125,-0.01313018798828125,1,27,True
-,27,51,78,51,27,78,0,0.0209503173828125,-0.0209503173828125,-0.0209503173828125,1,27,True
-,27,52,79,52,27,79,0,0.0255889892578125,-0.0255889892578125,-0.0255889892578125,1,27,True
-,27,53,80,53,27,80,0,0.046417236328125,-0.046417236328125,-0.046417236328125,1,27,True
-,27,54,81,54,27,81,1,0.007183074951171875,-0.007183074951171875,-0.007183074951171875,1,27,True
-,27,55,82,55,27,82,0,0.039093017578125,-0.039093017578125,-0.039093017578125,1,27,True
-,27,56,83,56,27,83,0,0.0292816162109375,-0.0292816162109375,-0.0292816162109375,1,27,True
-,27,57,84,57,27,84,1,0.004886627197265625,-0.004886627197265625,-0.004886627197265625,1,27,True
-,27,58,85,58,27,85,1,0.06390380859375,-0.06390380859375,-0.06390380859375,1,27,True
-,27,59,86,59,27,86,0,0.10302734375,-0.10302734375,-0.10302734375,1,27,True
-,27,60,87,60,27,87,0,0.05633544921875,-0.05633544921875,-0.05633544921875,1,27,True
-,27,61,88,61,27,88,0,0.036376953125,-0.036376953125,-0.036376953125,1,27,True
-,27,62,89,62,27,89,0,0.11553955078125,-0.11553955078125,-0.11553955078125,1,27,True
-,27,63,90,63,27,90,0,0.0096588134765625,-0.0096588134765625,-0.0096588134765625,1,27,True
-,27,64,91,64,27,91,1,0.034393310546875,-0.034393310546875,-0.034393310546875,1,27,True
-,27,65,92,65,27,92,0,0.046905517578125,-0.046905517578125,-0.046905517578125,1,27,True
-,27,66,93,66,27,93,0,0.042205810546875,-0.042205810546875,-0.042205810546875,1,27,True
-,27,67,94,67,27,94,0,0.057586669921875,-0.057586669921875,-0.057586669921875,1,27,True
-,27,68,95,68,27,95,0,0.044677734375,-0.044677734375,-0.044677734375,1,27,True
-,27,69,96,69,27,96,0,0.02069091796875,-0.02069091796875,-0.02069091796875,1,27,True
-,27,70,97,70,27,97,0,0.0212554931640625,-0.0212554931640625,-0.0212554931640625,1,27,True
-,27,71,98,71,27,98,0,0.107421875,-0.107421875,-0.107421875,1,27,True
-,27,72,99,72,27,99,0,0.09820556640625,-0.09820556640625,-0.09820556640625,1,27,True
-,27,73,100,73,27,100,0,0.0859375,-0.0859375,-0.0859375,1,27,True
-,27,74,101,74,27,101,0,0.119140625,-0.119140625,-0.119140625,1,27,True
-,27,75,102,75,27,102,0,0.0190582275390625,-0.0190582275390625,-0.0190582275390625,1,27,True
-,27,76,103,76,27,103,0,0.0850830078125,-0.0850830078125,-0.0850830078125,1,27,True
-,27,77,104,77,27,104,0,0.100341796875,-0.100341796875,-0.100341796875,1,27,True
-,27,78,105,78,27,105,0,0.10736083984375,-0.10736083984375,-0.10736083984375,1,27,True
-,27,79,106,79,27,106,0,0.11529541015625,-0.11529541015625,-0.11529541015625,1,27,True
-,27,80,107,80,27,107,0,0.08203125,-0.08203125,-0.08203125,1,27,True
-,27,81,108,81,27,108,0,0.06231689453125,-0.06231689453125,-0.06231689453125,1,27,True
-,27,82,109,82,27,109,0,0.2281494140625,-0.2281494140625,-0.2281494140625,1,27,True
-,27,83,110,83,27,110,0,0.13525390625,-0.13525390625,-0.13525390625,1,27,True
-,27,84,111,84,27,111,0,0.050445556640625,-0.050445556640625,-0.050445556640625,1,27,True
-,27,85,112,85,27,112,1,0.1070556640625,-0.1070556640625,-0.1070556640625,1,27,True
-,27,86,113,86,27,113,0,0.06951904296875,-0.06951904296875,-0.06951904296875,1,27,True
-,27,87,114,87,27,114,0,0.098388671875,-0.098388671875,-0.098388671875,1,27,True
-,27,88,115,88,27,115,0,0.1263427734375,-0.1263427734375,-0.1263427734375,1,27,True
-,27,89,116,89,27,116,0,0.09326171875,-0.09326171875,-0.09326171875,1,27,True
-,27,90,117,90,27,117,0,0.057952880859375,-0.057952880859375,-0.057952880859375,1,27,True
-,27,91,118,91,27,118,0,0.09173583984375,-0.09173583984375,-0.09173583984375,1,27,True
-,27,92,119,92,27,119,0,0.332763671875,-0.332763671875,-0.332763671875,1,27,True
-,27,93,120,93,27,120,0,0.014190673828125,-0.014190673828125,-0.014190673828125,1,27,True
-,27,94,121,94,27,121,1,0.1099853515625,-0.1099853515625,-0.1099853515625,1,27,True
-,27,95,122,95,27,122,0,0.1446533203125,-0.1446533203125,-0.1446533203125,1,27,True
-,27,96,123,96,27,123,0,0.9580078125,-0.9580078125,-0.9580078125,1,27,True
-,27,97,124,97,27,124,0,0.78955078125,-0.78955078125,-0.78955078125,1,27,True
-,27,98,125,98,27,125,0,1.6904296875,-1.6904296875,-1.6904296875,1,37,False
-,27,99,126,99,27,126,0,2.458984375,-2.458984375,-2.458984375,1,37,False
-,28,10,38,10,28,38,1,0.01346588134765625,-0.01346588134765625,-0.01346588134765625,1,28,True
-,28,11,39,11,28,39,0,0.061309814453125,-0.061309814453125,-0.061309814453125,1,28,True
-,28,12,40,12,28,40,4,0.00379180908203125,-0.00379180908203125,-0.00379180908203125,1,28,True
-,28,13,41,13,28,41,1,0.030029296875,-0.030029296875,-0.030029296875,1,28,True
-,28,14,42,14,28,42,2,0.00580596923828125,-0.00580596923828125,-0.00580596923828125,1,28,True
-,28,15,43,15,28,43,1,0.005199432373046875,-0.005199432373046875,-0.005199432373046875,1,28,True
-,28,16,44,16,28,44,0,0.01183319091796875,-0.01183319091796875,-0.01183319091796875,1,28,True
-,28,17,45,17,28,45,1,0.0110626220703125,-0.0110626220703125,-0.0110626220703125,1,28,True
-,28,18,46,18,28,46,1,0.007503509521484375,-0.007503509521484375,-0.007503509521484375,1,28,True
-,28,19,47,19,28,47,1,0.0309295654296875,-0.0309295654296875,-0.0309295654296875,1,28,True
-,28,20,48,20,28,48,1,0.031646728515625,-0.031646728515625,-0.031646728515625,1,28,True
-,28,21,49,21,28,49,2,0.01898193359375,-0.01898193359375,-0.01898193359375,1,28,True
-,28,22,50,22,28,50,1,0.0135345458984375,-0.0135345458984375,-0.0135345458984375,1,28,True
-,28,23,51,23,28,51,1,0.031005859375,-0.031005859375,-0.031005859375,1,28,True
-,28,24,52,24,28,52,2,0.01561737060546875,-0.01561737060546875,-0.01561737060546875,1,28,True
-,28,25,53,25,28,53,0,0.018798828125,-0.018798828125,-0.018798828125,1,28,True
-,28,26,54,26,28,54,1,0.014556884765625,-0.014556884765625,-0.014556884765625,1,28,True
-,28,27,55,27,28,55,1,0.0174102783203125,-0.0174102783203125,-0.0174102783203125,1,28,True
-,28,28,56,28,28,56,0,0.0227813720703125,-0.0227813720703125,-0.0227813720703125,1,28,True
-,28,29,57,29,28,57,0,0.097900390625,-0.097900390625,-0.097900390625,1,28,True
-,28,30,58,30,28,58,1,0.014862060546875,-0.014862060546875,-0.014862060546875,1,28,True
-,28,31,59,31,28,59,0,0.1712646484375,-0.1712646484375,-0.1712646484375,1,28,True
-,28,32,60,32,28,60,1,0.0117340087890625,-0.0117340087890625,-0.0117340087890625,1,28,True
-,28,33,61,33,28,61,1,0.06787109375,-0.06787109375,-0.06787109375,1,28,True
-,28,34,62,34,28,62,0,0.043701171875,-0.043701171875,-0.043701171875,1,28,True
-,28,35,63,35,28,63,2,0.0379638671875,-0.0379638671875,-0.0379638671875,1,28,True
-,28,36,64,36,28,64,1,0.02935791015625,-0.02935791015625,-0.02935791015625,1,28,True
-,28,37,65,37,28,65,2,0.07354736328125,-0.07354736328125,-0.07354736328125,1,28,True
-,28,38,66,38,28,66,1,0.07330322265625,-0.07330322265625,-0.07330322265625,1,28,True
-,28,39,67,39,28,67,0,0.0706787109375,-0.0706787109375,-0.0706787109375,1,28,True
-,28,40,68,40,28,68,0,0.1192626953125,-0.1192626953125,-0.1192626953125,1,28,True
-,28,41,69,41,28,69,0,0.1419677734375,-0.1419677734375,-0.1419677734375,1,28,True
-,28,42,70,42,28,70,0,0.11163330078125,-0.11163330078125,-0.11163330078125,1,28,True
-,28,43,71,43,28,71,0,0.0826416015625,-0.0826416015625,-0.0826416015625,1,28,True
-,28,44,72,44,28,72,0,0.01258087158203125,-0.01258087158203125,-0.01258087158203125,1,28,True
-,28,45,73,45,28,73,0,0.012664794921875,-0.012664794921875,-0.012664794921875,1,28,True
-,28,46,74,46,28,74,0,0.05010986328125,-0.05010986328125,-0.05010986328125,1,28,True
-,28,47,75,47,28,75,0,0.041168212890625,-0.041168212890625,-0.041168212890625,1,28,True
-,28,48,76,48,28,76,0,0.048126220703125,-0.048126220703125,-0.048126220703125,1,28,True
-,28,49,77,49,28,77,0,0.12384033203125,-0.12384033203125,-0.12384033203125,1,28,True
-,28,50,78,50,28,78,1,0.0281982421875,-0.0281982421875,-0.0281982421875,1,28,True
-,28,51,79,51,28,79,0,0.06268310546875,-0.06268310546875,-0.06268310546875,1,28,True
-,28,52,80,52,28,80,2,0.050994873046875,-0.050994873046875,-0.050994873046875,1,28,True
-,28,53,81,53,28,81,0,0.06640625,-0.06640625,-0.06640625,1,28,True
-,28,54,82,54,28,82,0,0.07989501953125,-0.07989501953125,-0.07989501953125,1,28,True
-,28,55,83,55,28,83,0,0.29150390625,-0.29150390625,-0.29150390625,1,28,True
-,28,56,84,56,28,84,0,0.033935546875,-0.033935546875,-0.033935546875,1,28,True
-,28,57,85,57,28,85,0,0.15283203125,-0.15283203125,-0.15283203125,1,28,True
-,28,58,86,58,28,86,0,0.1689453125,-0.1689453125,-0.1689453125,1,28,True
-,28,59,87,59,28,87,0,0.16650390625,-0.16650390625,-0.16650390625,1,28,True
-,28,60,88,60,28,88,0,0.2364501953125,-0.2364501953125,-0.2364501953125,1,28,True
-,28,61,89,61,28,89,0,0.154052734375,-0.154052734375,-0.154052734375,1,28,True
-,28,62,90,62,28,90,0,0.24609375,-0.24609375,-0.24609375,1,28,True
-,28,63,91,63,28,91,0,0.107177734375,-0.107177734375,-0.107177734375,1,28,True
-,28,64,92,64,28,92,0,0.1387939453125,-0.1387939453125,-0.1387939453125,1,28,True
-,28,65,93,65,28,93,0,0.059814453125,-0.059814453125,-0.059814453125,1,28,True
-,28,66,94,66,28,94,0,0.06683349609375,-0.06683349609375,-0.06683349609375,1,28,True
-,28,67,95,67,28,95,0,0.18310546875,-0.18310546875,-0.18310546875,1,28,True
-,28,68,96,68,28,96,0,0.043731689453125,-0.043731689453125,-0.043731689453125,1,28,True
-,28,69,97,69,28,97,0,0.12249755859375,-0.12249755859375,-0.12249755859375,1,28,True
-,28,70,98,70,28,98,0,0.1754150390625,-0.1754150390625,-0.1754150390625,1,28,True
-,28,71,99,71,28,99,0,0.15673828125,-0.15673828125,-0.15673828125,1,28,True
-,28,72,100,72,28,100,4,0.03839111328125,-0.03839111328125,-0.03839111328125,1,28,True
-,28,73,101,73,28,101,0,0.095947265625,-0.095947265625,-0.095947265625,1,28,True
-,28,74,102,74,28,102,0,0.05035400390625,-0.05035400390625,-0.05035400390625,1,28,True
-,28,75,103,75,28,103,0,0.025787353515625,-0.025787353515625,-0.025787353515625,1,28,True
-,28,76,104,76,28,104,0,0.1375732421875,-0.1375732421875,-0.1375732421875,1,28,True
-,28,77,105,77,28,105,1,0.1446533203125,-0.1446533203125,-0.1446533203125,1,28,True
-,28,78,106,78,28,106,0,0.1322021484375,-0.1322021484375,-0.1322021484375,1,28,True
-,28,79,107,79,28,107,0,0.372314453125,-0.372314453125,-0.372314453125,1,28,True
-,28,80,108,80,28,108,1,0.16845703125,-0.16845703125,-0.16845703125,1,28,True
-,28,81,109,81,28,109,0,0.1571044921875,-0.1571044921875,-0.1571044921875,1,28,True
-,28,82,110,82,28,110,0,0.2158203125,-0.2158203125,-0.2158203125,1,28,True
-,28,83,111,83,28,111,0,0.197998046875,-0.197998046875,-0.197998046875,1,28,True
-,28,84,112,84,28,112,0,0.08465576171875,-0.08465576171875,-0.08465576171875,1,28,True
-,28,85,113,85,28,113,0,0.2440185546875,-0.2440185546875,-0.2440185546875,1,28,True
-,28,86,114,86,28,114,0,0.1737060546875,-0.1737060546875,-0.1737060546875,1,28,True
-,28,87,115,87,28,115,0,0.13134765625,-0.13134765625,-0.13134765625,1,28,True
-,28,88,116,88,28,116,1,0.1068115234375,-0.1068115234375,-0.1068115234375,1,28,True
-,28,89,117,89,28,117,0,0.14111328125,-0.14111328125,-0.14111328125,1,28,True
-,28,90,118,90,28,118,0,0.079833984375,-0.079833984375,-0.079833984375,1,28,True
-,28,91,119,91,28,119,0,0.2137451171875,-0.2137451171875,-0.2137451171875,1,28,True
-,28,92,120,92,28,120,0,0.08978271484375,-0.08978271484375,-0.08978271484375,1,28,True
-,28,93,121,93,28,121,0,0.0272369384765625,-0.0272369384765625,-0.0272369384765625,1,28,True
-,28,94,122,94,28,122,0,0.08203125,-0.08203125,-0.08203125,1,28,True
-,28,95,123,95,28,123,0,0.06158447265625,-0.06158447265625,-0.06158447265625,1,28,True
-,28,96,124,96,28,124,0,2.40234375,-2.40234375,-2.40234375,1,23,False
-,28,97,125,97,28,125,0,1.626953125,-1.626953125,-1.626953125,1,28,True
-,28,98,126,98,28,126,0,0.93408203125,-0.93408203125,-0.93408203125,1,28,True
-,28,99,127,99,28,127,0,3.990234375,-3.990234375,-3.990234375,1,34,False
-,29,10,39,10,29,39,1,0.00858306884765625,-0.00858306884765625,-0.00858306884765625,1,29,True
-,29,11,40,11,29,40,3,0.00981903076171875,-0.00981903076171875,-0.00981903076171875,1,29,True
-,29,12,41,12,29,41,1,0.00812530517578125,-0.00812530517578125,-0.00812530517578125,1,29,True
-,29,13,42,13,29,42,0,0.005767822265625,-0.005767822265625,-0.005767822265625,1,29,True
-,29,14,43,14,29,43,1,0.06817626953125,-0.06817626953125,-0.06817626953125,1,29,True
-,29,15,44,15,29,44,0,0.00530242919921875,-0.00530242919921875,-0.00530242919921875,1,29,True
-,29,16,45,16,29,45,0,0.006633758544921875,-0.006633758544921875,-0.006633758544921875,1,29,True
-,29,17,46,17,29,46,0,0.029510498046875,-0.029510498046875,-0.029510498046875,1,29,True
-,29,18,47,18,29,47,0,0.003391265869140625,-0.003391265869140625,-0.003391265869140625,1,29,True
-,29,19,48,19,29,48,1,0.0172882080078125,-0.0172882080078125,-0.0172882080078125,1,29,True
-,29,20,49,20,29,49,1,0.007274627685546875,-0.007274627685546875,-0.007274627685546875,1,29,True
-,29,21,50,21,29,50,2,0.005733489990234375,-0.005733489990234375,-0.005733489990234375,1,29,True
-,29,22,51,22,29,51,2,0.049713134765625,-0.049713134765625,-0.049713134765625,1,29,True
-,29,23,52,23,29,52,1,0.01519012451171875,-0.01519012451171875,-0.01519012451171875,1,29,True
-,29,24,53,24,29,53,21,0.00872039794921875,-0.00872039794921875,-0.00872039794921875,1,29,True
-,29,25,54,25,29,54,0,0.01157379150390625,-0.01157379150390625,-0.01157379150390625,1,29,True
-,29,26,55,26,29,55,1,0.043731689453125,-0.043731689453125,-0.043731689453125,1,29,True
-,29,27,56,27,29,56,0,0.0214080810546875,-0.0214080810546875,-0.0214080810546875,1,29,True
-,29,28,57,28,29,57,1,0.032318115234375,-0.032318115234375,-0.032318115234375,1,29,True
-,29,29,58,29,29,58,0,0.1129150390625,-0.1129150390625,-0.1129150390625,1,29,True
-,29,30,59,30,29,59,0,0.06561279296875,-0.06561279296875,-0.06561279296875,1,29,True
-,29,31,60,31,29,60,1,0.018157958984375,-0.018157958984375,-0.018157958984375,1,29,True
-,29,32,61,32,29,61,0,0.0240936279296875,-0.0240936279296875,-0.0240936279296875,1,29,True
-,29,33,62,33,29,62,1,0.04437255859375,-0.04437255859375,-0.04437255859375,1,29,True
-,29,34,63,34,29,63,0,0.02191162109375,-0.02191162109375,-0.02191162109375,1,29,True
-,29,35,64,35,29,64,2,0.036529541015625,-0.036529541015625,-0.036529541015625,1,29,True
-,29,36,65,36,29,65,1,0.0142974853515625,-0.0142974853515625,-0.0142974853515625,1,29,True
-,29,37,66,37,29,66,1,0.056671142578125,-0.056671142578125,-0.056671142578125,1,29,True
-,29,38,67,38,29,67,0,0.1842041015625,-0.1842041015625,-0.1842041015625,1,29,True
-,29,39,68,39,29,68,0,0.1065673828125,-0.1065673828125,-0.1065673828125,1,29,True
-,29,40,69,40,29,69,0,0.1138916015625,-0.1138916015625,-0.1138916015625,1,29,True
-,29,41,70,41,29,70,0,0.059539794921875,-0.059539794921875,-0.059539794921875,1,29,True
-,29,42,71,42,29,71,0,0.174072265625,-0.174072265625,-0.174072265625,1,29,True
-,29,43,72,43,29,72,0,0.0271148681640625,-0.0271148681640625,-0.0271148681640625,1,29,True
-,29,44,73,44,29,73,0,0.1669921875,-0.1669921875,-0.1669921875,1,29,True
-,29,45,74,45,29,74,0,0.007904052734375,-0.007904052734375,-0.007904052734375,1,29,True
-,29,46,75,46,29,75,0,0.0125885009765625,-0.0125885009765625,-0.0125885009765625,1,29,True
-,29,47,76,47,29,76,0,0.0882568359375,-0.0882568359375,-0.0882568359375,1,29,True
-,29,48,77,48,29,77,1,0.1053466796875,-0.1053466796875,-0.1053466796875,1,29,True
-,29,49,78,49,29,78,0,0.1783447265625,-0.1783447265625,-0.1783447265625,1,29,True
-,29,50,79,50,29,79,1,0.149169921875,-0.149169921875,-0.149169921875,1,29,True
-,29,51,80,51,29,80,0,0.12188720703125,-0.12188720703125,-0.12188720703125,1,29,True
-,29,52,81,52,29,81,0,0.108154296875,-0.108154296875,-0.108154296875,1,29,True
-,29,53,82,53,29,82,0,0.04888916015625,-0.04888916015625,-0.04888916015625,1,29,True
-,29,54,83,54,29,83,0,0.055938720703125,-0.055938720703125,-0.055938720703125,1,29,True
-,29,55,84,55,29,84,0,0.1630859375,-0.1630859375,-0.1630859375,1,29,True
-,29,56,85,56,29,85,0,0.222412109375,-0.222412109375,-0.222412109375,1,29,True
-,29,57,86,57,29,86,0,0.356689453125,-0.356689453125,-0.356689453125,1,29,True
-,29,58,87,58,29,87,0,0.1832275390625,-0.1832275390625,-0.1832275390625,1,29,True
-,29,59,88,59,29,88,0,0.6181640625,-0.6181640625,-0.6181640625,1,29,True
-,29,60,89,60,29,89,0,0.90234375,-0.90234375,-0.90234375,1,19,False
-,29,61,90,61,29,90,0,0.1595458984375,-0.1595458984375,-0.1595458984375,1,29,True
-,29,62,91,62,29,91,0,0.2354736328125,-0.2354736328125,-0.2354736328125,1,29,True
-,29,63,92,63,29,92,0,0.2086181640625,-0.2086181640625,-0.2086181640625,1,29,True
-,29,64,93,64,29,93,0,0.5380859375,-0.5380859375,-0.5380859375,1,29,True
-,29,65,94,65,29,94,0,0.2008056640625,-0.2008056640625,-0.2008056640625,1,29,True
-,29,66,95,66,29,95,0,0.11279296875,-0.11279296875,-0.11279296875,1,29,True
-,29,67,96,67,29,96,0,0.16748046875,-0.16748046875,-0.16748046875,1,29,True
-,29,68,97,68,29,97,0,0.11614990234375,-0.11614990234375,-0.11614990234375,1,29,True
-,29,69,98,69,29,98,0,0.1407470703125,-0.1407470703125,-0.1407470703125,1,29,True
-,29,70,99,70,29,99,1,0.0770263671875,-0.0770263671875,-0.0770263671875,1,29,True
-,29,71,100,71,29,100,0,0.06488037109375,-0.06488037109375,-0.06488037109375,1,29,True
-,29,72,101,72,29,101,0,0.0672607421875,-0.0672607421875,-0.0672607421875,1,29,True
-,29,73,102,73,29,102,0,0.045684814453125,-0.045684814453125,-0.045684814453125,1,29,True
-,29,74,103,74,29,103,0,0.294677734375,-0.294677734375,-0.294677734375,1,29,True
-,29,75,104,75,29,104,0,0.06231689453125,-0.06231689453125,-0.06231689453125,1,29,True
-,29,76,105,76,29,105,0,0.0440673828125,-0.0440673828125,-0.0440673828125,1,29,True
-,29,77,106,77,29,106,1,0.1043701171875,-0.1043701171875,-0.1043701171875,1,29,True
-,29,78,107,78,29,107,0,0.06884765625,-0.06884765625,-0.06884765625,1,29,True
-,29,79,108,79,29,108,1,0.142333984375,-0.142333984375,-0.142333984375,1,29,True
-,29,80,109,80,29,109,0,0.1544189453125,-0.1544189453125,-0.1544189453125,1,29,True
-,29,81,110,81,29,110,0,0.0802001953125,-0.0802001953125,-0.0802001953125,1,29,True
-,29,82,111,82,29,111,0,0.1473388671875,-0.1473388671875,-0.1473388671875,1,29,True
-,29,83,112,83,29,112,0,0.20703125,-0.20703125,-0.20703125,1,29,True
-,29,84,113,84,29,113,0,0.099365234375,-0.099365234375,-0.099365234375,1,29,True
-,29,85,114,85,29,114,0,0.08349609375,-0.08349609375,-0.08349609375,1,29,True
-,29,86,115,86,29,115,0,0.1029052734375,-0.1029052734375,-0.1029052734375,1,29,True
-,29,87,116,87,29,116,0,0.07861328125,-0.07861328125,-0.07861328125,1,29,True
-,29,88,117,88,29,117,0,0.1749267578125,-0.1749267578125,-0.1749267578125,1,29,True
-,29,89,118,89,29,118,0,0.1455078125,-0.1455078125,-0.1455078125,1,29,True
-,29,90,119,90,29,119,0,0.1575927734375,-0.1575927734375,-0.1575927734375,1,29,True
-,29,91,120,91,29,120,0,0.16455078125,-0.16455078125,-0.16455078125,1,29,True
-,29,92,121,92,29,121,0,0.75,-0.75,-0.75,1,19,False
-,29,93,122,93,29,122,1,0.12384033203125,-0.12384033203125,-0.12384033203125,1,29,True
-,29,94,123,94,29,123,0,0.051116943359375,-0.051116943359375,-0.051116943359375,1,29,True
-,29,95,124,95,29,124,0,0.154541015625,-0.154541015625,-0.154541015625,1,29,True
-,29,96,125,96,29,125,0,0.94775390625,-0.94775390625,-0.94775390625,1,29,True
-,29,97,126,97,29,126,0,0.380859375,-0.380859375,-0.380859375,1,29,True
-,29,98,127,98,29,127,0,0.8662109375,-0.8662109375,-0.8662109375,1,29,True
-,29,99,128,99,29,128,0,0.72119140625,-0.72119140625,-0.72119140625,1,29,True
-,30,10,40,10,30,40,7,0.004100799560546875,-0.004100799560546875,-0.004100799560546875,1,30,True
-,30,11,41,11,30,41,0,0.00804901123046875,-0.00804901123046875,-0.00804901123046875,1,30,True
-,30,12,42,12,30,42,0,0.0127105712890625,-0.0127105712890625,-0.0127105712890625,1,30,True
-,30,13,43,13,30,43,0,0.19287109375,-0.19287109375,-0.19287109375,1,30,True
-,30,14,44,14,30,44,3,0.0025787353515625,-0.0025787353515625,-0.0025787353515625,1,30,True
-,30,15,45,15,30,45,2,0.003871917724609375,-0.003871917724609375,-0.003871917724609375,1,30,True
-,30,16,46,16,30,46,1,0.0021991729736328125,-0.0021991729736328125,-0.0021991729736328125,1,30,True
-,30,17,47,17,30,47,0,0.0163116455078125,-0.0163116455078125,-0.0163116455078125,1,30,True
-,30,18,48,18,30,48,1,0.0110931396484375,-0.0110931396484375,-0.0110931396484375,1,30,True
-,30,19,49,19,30,49,0,0.004100799560546875,-0.004100799560546875,-0.004100799560546875,1,30,True
-,30,20,50,20,30,50,15,0.0015096664428710938,-0.0015096664428710938,-0.0015096664428710938,1,30,True
-,30,21,51,21,30,51,0,0.019683837890625,-0.019683837890625,-0.019683837890625,1,30,True
-,30,22,52,22,30,52,2,0.03985595703125,-0.03985595703125,-0.03985595703125,1,30,True
-,30,23,53,23,30,53,0,1.81640625,-1.81640625,-1.81640625,1,28,False
-,30,24,54,24,30,54,1,0.0031757354736328125,-0.0031757354736328125,-0.0031757354736328125,1,30,True
-,30,25,55,25,30,55,2,0.0117034912109375,-0.0117034912109375,-0.0117034912109375,1,30,True
-,30,26,56,26,30,56,1,0.004730224609375,-0.004730224609375,-0.004730224609375,1,30,True
-,30,27,57,27,30,57,1,0.0279998779296875,-0.0279998779296875,-0.0279998779296875,1,30,True
-,30,28,58,28,30,58,0,0.058563232421875,-0.058563232421875,-0.058563232421875,1,30,True
-,30,29,59,29,30,59,1,0.07086181640625,-0.07086181640625,-0.07086181640625,1,30,True
-,30,30,60,30,30,60,6,0.00833892822265625,-0.00833892822265625,-0.00833892822265625,1,30,True
-,30,31,61,31,30,61,0,0.018402099609375,-0.018402099609375,-0.018402099609375,1,30,True
-,30,32,62,32,30,62,1,0.11187744140625,-0.11187744140625,-0.11187744140625,1,30,True
-,30,33,63,33,30,63,3,0.14306640625,-0.14306640625,-0.14306640625,1,30,True
-,30,34,64,34,30,64,3,0.00640869140625,-0.00640869140625,-0.00640869140625,1,30,True
-,30,35,65,35,30,65,1,0.016693115234375,-0.016693115234375,-0.016693115234375,1,30,True
-,30,36,66,36,30,66,0,0.0014429092407226562,-0.0014429092407226562,-0.0014429092407226562,1,30,True
-,30,37,67,37,30,67,0,0.06646728515625,-0.06646728515625,-0.06646728515625,1,30,True
-,30,38,68,38,30,68,0,0.282958984375,-0.282958984375,-0.282958984375,1,30,True
-,30,39,69,39,30,69,0,0.0841064453125,-0.0841064453125,-0.0841064453125,1,30,True
-,30,40,70,40,30,70,7,0.0174407958984375,-0.0174407958984375,-0.0174407958984375,1,30,True
-,30,41,71,41,30,71,0,0.05572509765625,-0.05572509765625,-0.05572509765625,1,30,True
-,30,42,72,42,30,72,1,0.10211181640625,-0.10211181640625,-0.10211181640625,1,30,True
-,30,43,73,43,30,73,0,0.486083984375,-0.486083984375,-0.486083984375,1,30,True
-,30,44,74,44,30,74,1,0.0055084228515625,-0.0055084228515625,-0.0055084228515625,1,30,True
-,30,45,75,45,30,75,0,0.016387939453125,-0.016387939453125,-0.016387939453125,1,30,True
-,30,46,76,46,30,76,1,0.004848480224609375,-0.004848480224609375,-0.004848480224609375,1,30,True
-,30,47,77,47,30,77,0,0.033721923828125,-0.033721923828125,-0.033721923828125,1,30,True
-,30,48,78,48,30,78,0,0.615234375,-0.615234375,-0.615234375,1,30,True
-,30,49,79,49,30,79,0,0.126220703125,-0.126220703125,-0.126220703125,1,30,True
-,30,50,80,50,30,80,6,0.049896240234375,-0.049896240234375,-0.049896240234375,1,30,True
-,30,51,81,51,30,81,0,0.0142974853515625,-0.0142974853515625,-0.0142974853515625,1,30,True
-,30,52,82,52,30,82,0,0.04779052734375,-0.04779052734375,-0.04779052734375,1,30,True
-,30,53,83,53,30,83,0,0.036773681640625,-0.036773681640625,-0.036773681640625,1,30,True
-,30,54,84,54,30,84,0,0.03057861328125,-0.03057861328125,-0.03057861328125,1,30,True
-,30,55,85,55,30,85,0,0.09246826171875,-0.09246826171875,-0.09246826171875,1,30,True
-,30,56,86,56,30,86,1,0.0255279541015625,-0.0255279541015625,-0.0255279541015625,1,30,True
-,30,57,87,57,30,87,0,0.0226898193359375,-0.0226898193359375,-0.0226898193359375,1,30,True
-,30,58,88,58,30,88,0,0.0941162109375,-0.0941162109375,-0.0941162109375,1,30,True
-,30,59,89,59,30,89,1,0.41259765625,-0.41259765625,-0.41259765625,1,30,True
-,30,60,90,60,30,90,12,0.1717529296875,-0.1717529296875,-0.1717529296875,1,30,True
-,30,61,91,61,30,91,1,0.2509765625,-0.2509765625,-0.2509765625,1,30,True
-,30,62,92,62,30,92,0,0.0665283203125,-0.0665283203125,-0.0665283203125,1,30,True
-,30,63,93,63,30,93,0,0.2249755859375,-0.2249755859375,-0.2249755859375,1,30,True
-,30,64,94,64,30,94,0,0.11181640625,-0.11181640625,-0.11181640625,1,30,True
-,30,65,95,65,30,95,0,0.08160400390625,-0.08160400390625,-0.08160400390625,1,30,True
-,30,66,96,66,30,96,0,0.0178070068359375,-0.0178070068359375,-0.0178070068359375,1,30,True
-,30,67,97,67,30,97,1,0.09515380859375,-0.09515380859375,-0.09515380859375,1,30,True
-,30,68,98,68,30,98,0,0.1893310546875,-0.1893310546875,-0.1893310546875,1,30,True
-,30,69,99,69,30,99,0,0.1961669921875,-0.1961669921875,-0.1961669921875,1,30,True
-,30,70,100,70,30,100,6,0.0174713134765625,-0.0174713134765625,-0.0174713134765625,1,30,True
-,30,71,101,71,30,101,0,0.1845703125,-0.1845703125,-0.1845703125,1,30,True
-,30,72,102,72,30,102,0,0.278076171875,-0.278076171875,-0.278076171875,1,30,True
-,30,73,103,73,30,103,1,0.10455322265625,-0.10455322265625,-0.10455322265625,1,30,True
-,30,74,104,74,30,104,0,0.1619873046875,-0.1619873046875,-0.1619873046875,1,30,True
-,30,75,105,75,30,105,0,0.042510986328125,-0.042510986328125,-0.042510986328125,1,30,True
-,30,76,106,76,30,106,0,0.0047607421875,-0.0047607421875,-0.0047607421875,1,30,True
-,30,77,107,77,30,107,0,0.04327392578125,-0.04327392578125,-0.04327392578125,1,30,True
-,30,78,108,78,30,108,0,0.0784912109375,-0.0784912109375,-0.0784912109375,1,30,True
-,30,79,109,79,30,109,0,0.103759765625,-0.103759765625,-0.103759765625,1,30,True
-,30,80,110,80,30,110,2,0.03619384765625,-0.03619384765625,-0.03619384765625,1,30,True
-,30,81,111,81,30,111,0,0.1131591796875,-0.1131591796875,-0.1131591796875,1,30,True
-,30,82,112,82,30,112,1,0.08990478515625,-0.08990478515625,-0.08990478515625,1,30,True
-,30,83,113,83,30,113,0,0.56298828125,-0.56298828125,-0.56298828125,1,30,True
-,30,84,114,84,30,114,0,0.0740966796875,-0.0740966796875,-0.0740966796875,1,30,True
-,30,85,115,85,30,115,0,0.09503173828125,-0.09503173828125,-0.09503173828125,1,30,True
-,30,86,116,86,30,116,0,0.006793975830078125,-0.006793975830078125,-0.006793975830078125,1,30,True
-,30,87,117,87,30,117,0,0.07586669921875,-0.07586669921875,-0.07586669921875,1,30,True
-,30,88,118,88,30,118,0,0.1552734375,-0.1552734375,-0.1552734375,1,30,True
-,30,89,119,89,30,119,0,0.2158203125,-0.2158203125,-0.2158203125,1,30,True
-,30,90,120,90,30,120,2,0.087646484375,-0.087646484375,-0.087646484375,1,30,True
-,30,91,121,91,30,121,0,0.18994140625,-0.18994140625,-0.18994140625,1,30,True
-,30,92,122,92,30,122,0,0.1900634765625,-0.1900634765625,-0.1900634765625,1,30,True
-,30,93,123,93,30,123,0,0.1326904296875,-0.1326904296875,-0.1326904296875,1,30,True
-,30,94,124,94,30,124,0,0.06268310546875,-0.06268310546875,-0.06268310546875,1,30,True
-,30,95,125,95,30,125,0,0.293212890625,-0.293212890625,-0.293212890625,1,30,True
-,30,96,126,96,30,126,0,3.00390625,-3.00390625,-3.00390625,1,29,False
-,30,97,127,97,30,127,0,0.5126953125,-0.5126953125,-0.5126953125,1,30,True
-,30,98,128,98,30,128,0,0.54541015625,-0.54541015625,-0.54541015625,1,30,True
-,30,99,129,99,30,129,0,1.857421875,-1.857421875,-1.857421875,1,40,False
-,31,10,41,10,31,41,0,0.00670623779296875,-0.00670623779296875,-0.00670623779296875,1,31,True
-,31,11,42,11,31,42,2,0.02587890625,-0.02587890625,-0.02587890625,1,31,True
-,31,12,43,12,31,43,1,0.0020694732666015625,-0.0020694732666015625,-0.0020694732666015625,1,31,True
-,31,13,44,13,31,44,0,0.039215087890625,-0.039215087890625,-0.039215087890625,1,31,True
-,31,14,45,14,31,45,3,0.0018281936645507812,-0.0018281936645507812,-0.0018281936645507812,1,31,True
-,31,15,46,15,31,46,2,0.0011348724365234375,-0.0011348724365234375,-0.0011348724365234375,1,31,True
-,31,16,47,16,31,47,3,0.006015777587890625,-0.006015777587890625,-0.006015777587890625,1,31,True
-,31,17,48,17,31,48,1,0.0018796920776367188,-0.0018796920776367188,-0.0018796920776367188,1,31,True
-,31,18,49,18,31,49,0,0.004146575927734375,-0.004146575927734375,-0.004146575927734375,1,31,True
-,31,19,50,19,31,50,0,0.00531005859375,-0.00531005859375,-0.00531005859375,1,31,True
-,31,20,51,20,31,51,1,0.004261016845703125,-0.004261016845703125,-0.004261016845703125,1,31,True
-,31,21,52,21,31,52,1,0.00807952880859375,-0.00807952880859375,-0.00807952880859375,1,31,True
-,31,22,53,22,31,53,1,0.01523590087890625,-0.01523590087890625,-0.01523590087890625,1,31,True
-,31,23,54,23,31,54,1,0.014556884765625,-0.014556884765625,-0.014556884765625,1,31,True
-,31,24,55,24,31,55,1,0.0115509033203125,-0.0115509033203125,-0.0115509033203125,1,31,True
-,31,25,56,25,31,56,1,0.0209503173828125,-0.0209503173828125,-0.0209503173828125,1,31,True
-,31,26,57,26,31,57,1,0.01308441162109375,-0.01308441162109375,-0.01308441162109375,1,31,True
-,31,27,58,27,31,58,0,0.130859375,-0.130859375,-0.130859375,1,31,True
-,31,28,59,28,31,59,1,0.08441162109375,-0.08441162109375,-0.08441162109375,1,31,True
-,31,29,60,29,31,60,0,0.0692138671875,-0.0692138671875,-0.0692138671875,1,31,True
-,31,30,61,30,31,61,0,0.01355743408203125,-0.01355743408203125,-0.01355743408203125,1,31,True
-,31,31,62,31,31,62,0,0.034332275390625,-0.034332275390625,-0.034332275390625,1,31,True
-,31,32,63,32,31,63,1,0.0052490234375,-0.0052490234375,-0.0052490234375,1,31,True
-,31,33,64,33,31,64,1,0.00879669189453125,-0.00879669189453125,-0.00879669189453125,1,31,True
-,31,34,65,34,31,65,0,0.015960693359375,-0.015960693359375,-0.015960693359375,1,31,True
-,31,35,66,35,31,66,2,0.003406524658203125,-0.003406524658203125,-0.003406524658203125,1,31,True
-,31,36,67,36,31,67,0,0.00949859619140625,-0.00949859619140625,-0.00949859619140625,1,31,True
-,31,37,68,37,31,68,0,0.033966064453125,-0.033966064453125,-0.033966064453125,1,31,True
-,31,38,69,38,31,69,0,0.04052734375,-0.04052734375,-0.04052734375,1,31,True
-,31,39,70,39,31,70,0,0.041839599609375,-0.041839599609375,-0.041839599609375,1,31,True
-,31,40,71,40,31,71,0,0.0343017578125,-0.0343017578125,-0.0343017578125,1,31,True
-,31,41,72,41,31,72,0,0.0288238525390625,-0.0288238525390625,-0.0288238525390625,1,31,True
-,31,42,73,42,31,73,0,0.00876617431640625,-0.00876617431640625,-0.00876617431640625,1,31,True
-,31,43,74,43,31,74,0,0.020172119140625,-0.020172119140625,-0.020172119140625,1,31,True
-,31,44,75,44,31,75,0,0.0038623809814453125,-0.0038623809814453125,-0.0038623809814453125,1,31,True
-,31,45,76,45,31,76,0,0.0020389556884765625,-0.0020389556884765625,-0.0020389556884765625,1,31,True
-,31,46,77,46,31,77,0,0.01242828369140625,-0.01242828369140625,-0.01242828369140625,1,31,True
-,31,47,78,47,31,78,0,0.013824462890625,-0.013824462890625,-0.013824462890625,1,31,True
-,31,48,79,48,31,79,0,0.05029296875,-0.05029296875,-0.05029296875,1,31,True
-,31,49,80,49,31,80,0,0.06439208984375,-0.06439208984375,-0.06439208984375,1,31,True
-,31,50,81,50,31,81,0,0.01384735107421875,-0.01384735107421875,-0.01384735107421875,1,31,True
-,31,51,82,51,31,82,0,0.030975341796875,-0.030975341796875,-0.030975341796875,1,31,True
-,31,52,83,52,31,83,0,0.05133056640625,-0.05133056640625,-0.05133056640625,1,31,True
-,31,53,84,53,31,84,0,0.00519561767578125,-0.00519561767578125,-0.00519561767578125,1,31,True
-,31,54,85,54,31,85,0,0.035308837890625,-0.035308837890625,-0.035308837890625,1,31,True
-,31,55,86,55,31,86,0,0.20751953125,-0.20751953125,-0.20751953125,1,31,True
-,31,56,87,56,31,87,0,0.05426025390625,-0.05426025390625,-0.05426025390625,1,31,True
-,31,57,88,57,31,88,0,0.06756591796875,-0.06756591796875,-0.06756591796875,1,31,True
-,31,58,89,58,31,89,0,0.5771484375,-0.5771484375,-0.5771484375,1,31,True
-,31,59,90,59,31,90,0,0.1441650390625,-0.1441650390625,-0.1441650390625,1,31,True
-,31,60,91,60,31,91,0,0.05133056640625,-0.05133056640625,-0.05133056640625,1,31,True
-,31,61,92,61,31,92,0,0.08990478515625,-0.08990478515625,-0.08990478515625,1,31,True
-,31,62,93,62,31,93,1,0.05474853515625,-0.05474853515625,-0.05474853515625,1,31,True
-,31,63,94,63,31,94,0,0.03973388671875,-0.03973388671875,-0.03973388671875,1,31,True
-,31,64,95,64,31,95,1,0.050567626953125,-0.050567626953125,-0.050567626953125,1,31,True
-,31,65,96,65,31,96,0,0.0648193359375,-0.0648193359375,-0.0648193359375,1,31,True
-,31,66,97,66,31,97,0,0.041015625,-0.041015625,-0.041015625,1,31,True
-,31,67,98,67,31,98,1,0.4345703125,-0.4345703125,-0.4345703125,1,31,True
-,31,68,99,68,31,99,2,0.1234130859375,-0.1234130859375,-0.1234130859375,1,31,True
-,31,69,100,69,31,100,0,0.03033447265625,-0.03033447265625,-0.03033447265625,1,31,True
-,31,70,101,70,31,101,0,0.08056640625,-0.08056640625,-0.08056640625,1,31,True
-,31,71,102,71,31,102,0,0.133056640625,-0.133056640625,-0.133056640625,1,31,True
-,31,72,103,72,31,103,0,0.033416748046875,-0.033416748046875,-0.033416748046875,1,31,True
-,31,73,104,73,31,104,0,0.040069580078125,-0.040069580078125,-0.040069580078125,1,31,True
-,31,74,105,74,31,105,0,0.039276123046875,-0.039276123046875,-0.039276123046875,1,31,True
-,31,75,106,75,31,106,0,0.0283966064453125,-0.0283966064453125,-0.0283966064453125,1,31,True
-,31,76,107,76,31,107,0,0.154052734375,-0.154052734375,-0.154052734375,1,31,True
-,31,77,108,77,31,108,0,0.019805908203125,-0.019805908203125,-0.019805908203125,1,31,True
-,31,78,109,78,31,109,0,0.026702880859375,-0.026702880859375,-0.026702880859375,1,31,True
-,31,79,110,79,31,110,0,0.139404296875,-0.139404296875,-0.139404296875,1,31,True
-,31,80,111,80,31,111,0,0.061676025390625,-0.061676025390625,-0.061676025390625,1,31,True
-,31,81,112,81,31,112,0,0.0745849609375,-0.0745849609375,-0.0745849609375,1,31,True
-,31,82,113,82,31,113,0,0.1292724609375,-0.1292724609375,-0.1292724609375,1,31,True
-,31,83,114,83,31,114,0,0.0238494873046875,-0.0238494873046875,-0.0238494873046875,1,31,True
-,31,84,115,84,31,115,0,0.1314697265625,-0.1314697265625,-0.1314697265625,1,31,True
-,31,85,116,85,31,116,0,0.28857421875,-0.28857421875,-0.28857421875,1,31,True
-,31,86,117,86,31,117,0,0.0241851806640625,-0.0241851806640625,-0.0241851806640625,1,31,True
-,31,87,118,87,31,118,0,0.181640625,-0.181640625,-0.181640625,1,31,True
-,31,88,119,88,31,119,0,0.2447509765625,-0.2447509765625,-0.2447509765625,1,31,True
-,31,89,120,89,31,120,0,0.1253662109375,-0.1253662109375,-0.1253662109375,1,31,True
-,31,90,121,90,31,121,0,0.293212890625,-0.293212890625,-0.293212890625,1,31,True
-,31,91,122,91,31,122,0,0.197021484375,-0.197021484375,-0.197021484375,1,31,True
-,31,92,123,92,31,123,0,0.1522216796875,-0.1522216796875,-0.1522216796875,1,31,True
-,31,93,124,93,31,124,0,0.08612060546875,-0.08612060546875,-0.08612060546875,1,31,True
-,31,94,125,94,31,125,0,0.1568603515625,-0.1568603515625,-0.1568603515625,1,31,True
-,31,95,126,95,31,126,0,0.08343505859375,-0.08343505859375,-0.08343505859375,1,31,True
-,31,96,127,96,31,127,0,1.2294921875,-1.2294921875,-1.2294921875,1,30,False
-,31,97,128,97,31,128,1,0.177490234375,-0.177490234375,-0.177490234375,1,31,True
-,31,98,129,98,31,129,0,0.4951171875,-0.4951171875,-0.4951171875,1,31,True
-,31,99,130,99,31,130,0,0.6103515625,-0.6103515625,-0.6103515625,1,31,True
-,32,10,42,10,32,42,5,0.0030536651611328125,-0.0030536651611328125,-0.0030536651611328125,1,32,True
-,32,11,43,11,32,43,1,0.00571441650390625,-0.00571441650390625,-0.00571441650390625,1,32,True
-,32,12,44,12,32,44,2,0.006198883056640625,-0.006198883056640625,-0.006198883056640625,1,32,True
-,32,13,45,13,32,45,1,0.0017642974853515625,-0.0017642974853515625,-0.0017642974853515625,1,32,True
-,32,14,46,14,32,46,1,0.0025177001953125,-0.0025177001953125,-0.0025177001953125,1,32,True
-,32,15,47,15,32,47,1,0.004199981689453125,-0.004199981689453125,-0.004199981689453125,1,32,True
-,32,16,48,16,32,48,5,0.0027370452880859375,-0.0027370452880859375,-0.0027370452880859375,1,32,True
-,32,17,49,17,32,49,0,0.006107330322265625,-0.006107330322265625,-0.006107330322265625,1,32,True
-,32,18,50,18,32,50,2,0.0017938613891601562,-0.0017938613891601562,-0.0017938613891601562,1,32,True
-,32,19,51,19,32,51,1,0.005123138427734375,-0.005123138427734375,-0.005123138427734375,1,32,True
-,32,20,52,20,32,52,1,0.002208709716796875,-0.002208709716796875,-0.002208709716796875,1,32,True
-,32,21,53,21,32,53,2,0.0038547515869140625,-0.0038547515869140625,-0.0038547515869140625,1,32,True
-,32,22,54,22,32,54,1,0.00514984130859375,-0.00514984130859375,-0.00514984130859375,1,32,True
-,32,23,55,23,32,55,0,0.0122833251953125,-0.0122833251953125,-0.0122833251953125,1,32,True
-,32,24,56,24,32,56,1,0.007781982421875,-0.007781982421875,-0.007781982421875,1,32,True
-,32,25,57,25,32,57,0,0.0361328125,-0.0361328125,-0.0361328125,1,32,True
-,32,26,58,26,32,58,0,0.021636962890625,-0.021636962890625,-0.021636962890625,1,32,True
-,32,27,59,27,32,59,1,0.07415771484375,-0.07415771484375,-0.07415771484375,1,32,True
-,32,28,60,28,32,60,4,0.024658203125,-0.024658203125,-0.024658203125,1,32,True
-,32,29,61,29,32,61,1,0.023956298828125,-0.023956298828125,-0.023956298828125,1,32,True
-,32,30,62,30,32,62,0,0.0203857421875,-0.0203857421875,-0.0203857421875,1,32,True
-,32,31,63,31,32,63,1,0.0151519775390625,-0.0151519775390625,-0.0151519775390625,1,32,True
-,32,32,64,32,32,64,7,0.0132293701171875,-0.0132293701171875,-0.0132293701171875,1,32,True
-,32,33,65,33,32,65,2,0.00846099853515625,-0.00846099853515625,-0.00846099853515625,1,32,True
-,32,34,66,34,32,66,0,0.00383758544921875,-0.00383758544921875,-0.00383758544921875,1,32,True
-,32,35,67,35,32,67,0,0.0281829833984375,-0.0281829833984375,-0.0281829833984375,1,32,True
-,32,36,68,36,32,68,1,0.0292510986328125,-0.0292510986328125,-0.0292510986328125,1,32,True
-,32,37,69,37,32,69,0,0.0294342041015625,-0.0294342041015625,-0.0294342041015625,1,32,True
-,32,38,70,38,32,70,0,0.1025390625,-0.1025390625,-0.1025390625,1,32,True
-,32,39,71,39,32,71,0,0.04022216796875,-0.04022216796875,-0.04022216796875,1,32,True
-,32,40,72,40,32,72,4,0.014862060546875,-0.014862060546875,-0.014862060546875,1,32,True
-,32,41,73,41,32,73,0,0.038482666015625,-0.038482666015625,-0.038482666015625,1,32,True
-,32,42,74,42,32,74,0,0.00762176513671875,-0.00762176513671875,-0.00762176513671875,1,32,True
-,32,43,75,43,32,75,1,0.00628662109375,-0.00628662109375,-0.00628662109375,1,32,True
-,32,44,76,44,32,76,0,0.0093231201171875,-0.0093231201171875,-0.0093231201171875,1,32,True
-,32,45,77,45,32,77,1,0.01454925537109375,-0.01454925537109375,-0.01454925537109375,1,32,True
-,32,46,78,46,32,78,1,0.0154876708984375,-0.0154876708984375,-0.0154876708984375,1,32,True
-,32,47,79,47,32,79,1,0.0176544189453125,-0.0176544189453125,-0.0176544189453125,1,32,True
-,32,48,80,48,32,80,2,0.017852783203125,-0.017852783203125,-0.017852783203125,1,32,True
-,32,49,81,49,32,81,1,0.0247650146484375,-0.0247650146484375,-0.0247650146484375,1,32,True
-,32,50,82,50,32,82,2,0.022216796875,-0.022216796875,-0.022216796875,1,32,True
-,32,51,83,51,32,83,0,0.03424072265625,-0.03424072265625,-0.03424072265625,1,32,True
-,32,52,84,52,32,84,0,0.0189208984375,-0.0189208984375,-0.0189208984375,1,32,True
-,32,53,85,53,32,85,0,0.0484619140625,-0.0484619140625,-0.0484619140625,1,32,True
-,32,54,86,54,32,86,0,0.042633056640625,-0.042633056640625,-0.042633056640625,1,32,True
-,32,55,87,55,32,87,0,0.340576171875,-0.340576171875,-0.340576171875,1,32,True
-,32,56,88,56,32,88,1,0.2152099609375,-0.2152099609375,-0.2152099609375,1,32,True
-,32,57,89,57,32,89,0,0.2083740234375,-0.2083740234375,-0.2083740234375,1,32,True
-,32,58,90,58,32,90,0,0.110595703125,-0.110595703125,-0.110595703125,1,32,True
-,32,59,91,59,32,91,0,0.29296875,-0.29296875,-0.29296875,1,32,True
-,32,60,92,60,32,92,0,0.1253662109375,-0.1253662109375,-0.1253662109375,1,32,True
-,32,61,93,61,32,93,0,0.019378662109375,-0.019378662109375,-0.019378662109375,1,32,True
-,32,62,94,62,32,94,0,0.392333984375,-0.392333984375,-0.392333984375,1,32,True
-,32,63,95,63,32,95,0,0.1131591796875,-0.1131591796875,-0.1131591796875,1,32,True
-,32,64,96,64,32,96,1,0.056427001953125,-0.056427001953125,-0.056427001953125,1,32,True
-,32,65,97,65,32,97,6,0.55322265625,-0.55322265625,-0.55322265625,1,32,True
-,32,66,98,66,32,98,1,0.11090087890625,-0.11090087890625,-0.11090087890625,1,32,True
-,32,67,99,67,32,99,0,0.089111328125,-0.089111328125,-0.089111328125,1,32,True
-,32,68,100,68,32,100,3,0.0207977294921875,-0.0207977294921875,-0.0207977294921875,1,32,True
-,32,69,101,69,32,101,0,0.08111572265625,-0.08111572265625,-0.08111572265625,1,32,True
-,32,70,102,70,32,102,0,0.2464599609375,-0.2464599609375,-0.2464599609375,1,32,True
-,32,71,103,71,32,103,0,0.14892578125,-0.14892578125,-0.14892578125,1,32,True
-,32,72,104,72,32,104,1,0.1485595703125,-0.1485595703125,-0.1485595703125,1,32,True
-,32,73,105,73,32,105,0,0.0216522216796875,-0.0216522216796875,-0.0216522216796875,1,32,True
-,32,74,106,74,32,106,0,0.02789306640625,-0.02789306640625,-0.02789306640625,1,32,True
-,32,75,107,75,32,107,0,0.0275115966796875,-0.0275115966796875,-0.0275115966796875,1,32,True
-,32,76,108,76,32,108,0,0.1468505859375,-0.1468505859375,-0.1468505859375,1,32,True
-,32,77,109,77,32,109,0,0.0684814453125,-0.0684814453125,-0.0684814453125,1,32,True
-,32,78,110,78,32,110,0,0.0237274169921875,-0.0237274169921875,-0.0237274169921875,1,32,True
-,32,79,111,79,32,111,0,0.1109619140625,-0.1109619140625,-0.1109619140625,1,32,True
-,32,80,112,80,32,112,2,0.19091796875,-0.19091796875,-0.19091796875,1,32,True
-,32,81,113,81,32,113,0,0.192138671875,-0.192138671875,-0.192138671875,1,32,True
-,32,82,114,82,32,114,1,0.03863525390625,-0.03863525390625,-0.03863525390625,1,32,True
-,32,83,115,83,32,115,0,0.07647705078125,-0.07647705078125,-0.07647705078125,1,32,True
-,32,84,116,84,32,116,0,0.075927734375,-0.075927734375,-0.075927734375,1,32,True
-,32,85,117,85,32,117,0,0.1322021484375,-0.1322021484375,-0.1322021484375,1,32,True
-,32,86,118,86,32,118,1,0.036285400390625,-0.036285400390625,-0.036285400390625,1,32,True
-,32,87,119,87,32,119,0,0.0576171875,-0.0576171875,-0.0576171875,1,32,True
-,32,88,120,88,32,120,1,0.24755859375,-0.24755859375,-0.24755859375,1,32,True
-,32,89,121,89,32,121,0,0.10784912109375,-0.10784912109375,-0.10784912109375,1,32,True
-,32,90,122,90,32,122,0,0.263671875,-0.263671875,-0.263671875,1,32,True
-,32,91,123,91,32,123,0,0.1817626953125,-0.1817626953125,-0.1817626953125,1,32,True
-,32,92,124,92,32,124,0,0.447998046875,-0.447998046875,-0.447998046875,1,32,True
-,32,93,125,93,32,125,0,0.04351806640625,-0.04351806640625,-0.04351806640625,1,32,True
-,32,94,126,94,32,126,0,0.036834716796875,-0.036834716796875,-0.036834716796875,1,32,True
-,32,95,127,95,32,127,0,0.2120361328125,-0.2120361328125,-0.2120361328125,1,32,True
-,32,96,128,96,32,128,1,1.0693359375,-1.0693359375,-1.0693359375,1,31,False
-,32,97,129,97,32,129,0,0.2578125,-0.2578125,-0.2578125,1,32,True
-,32,98,130,98,32,130,1,0.37158203125,-0.37158203125,-0.37158203125,1,32,True
-,32,99,131,99,32,131,0,1.2744140625,-1.2744140625,-1.2744140625,1,32,True
-,33,10,43,10,33,43,1,0.00537109375,-0.00537109375,-0.00537109375,1,33,True
-,33,11,44,11,33,44,3,0.01488494873046875,-0.01488494873046875,-0.01488494873046875,1,33,True
-,33,12,45,12,33,45,4,0.0089111328125,-0.0089111328125,-0.0089111328125,1,33,True
-,33,13,46,13,33,46,1,0.004886627197265625,-0.004886627197265625,-0.004886627197265625,1,33,True
-,33,14,47,14,33,47,0,0.01275634765625,-0.01275634765625,-0.01275634765625,1,33,True
-,33,15,48,15,33,48,0,0.021148681640625,-0.021148681640625,-0.021148681640625,1,33,True
-,33,16,49,16,33,49,6,0.00800323486328125,-0.00800323486328125,-0.00800323486328125,1,33,True
-,33,17,50,17,33,50,1,0.007640838623046875,-0.007640838623046875,-0.007640838623046875,1,33,True
-,33,18,51,18,33,51,1,0.01715087890625,-0.01715087890625,-0.01715087890625,1,33,True
-,33,19,52,19,33,52,1,0.0035190582275390625,-0.0035190582275390625,-0.0035190582275390625,1,33,True
-,33,20,53,20,33,53,0,0.0021686553955078125,-0.0021686553955078125,-0.0021686553955078125,1,33,True
-,33,21,54,21,33,54,2,0.0219268798828125,-0.0219268798828125,-0.0219268798828125,1,33,True
-,33,22,55,22,33,55,1,0.0288848876953125,-0.0288848876953125,-0.0288848876953125,1,33,True
-,33,23,56,23,33,56,0,0.026153564453125,-0.026153564453125,-0.026153564453125,1,33,True
-,33,24,57,24,33,57,2,0.02740478515625,-0.02740478515625,-0.02740478515625,1,33,True
-,33,25,58,25,33,58,0,0.0305633544921875,-0.0305633544921875,-0.0305633544921875,1,33,True
-,33,26,59,26,33,59,0,0.0168914794921875,-0.0168914794921875,-0.0168914794921875,1,33,True
-,33,27,60,27,33,60,2,0.0144805908203125,-0.0144805908203125,-0.0144805908203125,1,33,True
-,33,28,61,28,33,61,0,0.00836181640625,-0.00836181640625,-0.00836181640625,1,33,True
-,33,29,62,29,33,62,1,0.026702880859375,-0.026702880859375,-0.026702880859375,1,33,True
-,33,30,63,30,33,63,0,0.0221405029296875,-0.0221405029296875,-0.0221405029296875,1,33,True
-,33,31,64,31,33,64,1,0.02386474609375,-0.02386474609375,-0.02386474609375,1,33,True
-,33,32,65,32,33,65,4,0.007293701171875,-0.007293701171875,-0.007293701171875,1,33,True
-,33,33,66,33,33,66,2,0.01084136962890625,-0.01084136962890625,-0.01084136962890625,1,33,True
-,33,34,67,34,33,67,0,0.0153961181640625,-0.0153961181640625,-0.0153961181640625,1,33,True
-,33,35,68,35,33,68,0,0.037322998046875,-0.037322998046875,-0.037322998046875,1,33,True
-,33,36,69,36,33,69,0,0.0276031494140625,-0.0276031494140625,-0.0276031494140625,1,33,True
-,33,37,70,37,33,70,0,0.0229339599609375,-0.0229339599609375,-0.0229339599609375,1,33,True
-,33,38,71,38,33,71,0,0.09320068359375,-0.09320068359375,-0.09320068359375,1,33,True
-,33,39,72,39,33,72,0,0.0173797607421875,-0.0173797607421875,-0.0173797607421875,1,33,True
-,33,40,73,40,33,73,0,0.018707275390625,-0.018707275390625,-0.018707275390625,1,33,True
-,33,41,74,41,33,74,0,0.021575927734375,-0.021575927734375,-0.021575927734375,1,33,True
-,33,42,75,42,33,75,0,0.0158233642578125,-0.0158233642578125,-0.0158233642578125,1,33,True
-,33,43,76,43,33,76,0,0.025634765625,-0.025634765625,-0.025634765625,1,33,True
-,33,44,77,44,33,77,0,0.016387939453125,-0.016387939453125,-0.016387939453125,1,33,True
-,33,45,78,45,33,78,0,0.0224761962890625,-0.0224761962890625,-0.0224761962890625,1,33,True
-,33,46,79,46,33,79,0,0.0161590576171875,-0.0161590576171875,-0.0161590576171875,1,33,True
-,33,47,80,47,33,80,0,0.08551025390625,-0.08551025390625,-0.08551025390625,1,33,True
-,33,48,81,48,33,81,1,0.100341796875,-0.100341796875,-0.100341796875,1,33,True
-,33,49,82,49,33,82,1,0.07452392578125,-0.07452392578125,-0.07452392578125,1,33,True
-,33,50,83,50,33,83,0,0.0611572265625,-0.0611572265625,-0.0611572265625,1,33,True
-,33,51,84,51,33,84,0,0.065185546875,-0.065185546875,-0.065185546875,1,33,True
-,33,52,85,52,33,85,0,0.30419921875,-0.30419921875,-0.30419921875,1,33,True
-,33,53,86,53,33,86,0,0.309326171875,-0.309326171875,-0.309326171875,1,33,True
-,33,54,87,54,33,87,0,0.0645751953125,-0.0645751953125,-0.0645751953125,1,33,True
-,33,55,88,55,33,88,0,0.71435546875,-0.71435546875,-0.71435546875,1,33,True
-,33,56,89,56,33,89,0,1.1826171875,-1.1826171875,-1.1826171875,1,23,False
-,33,57,90,57,33,90,0,0.281494140625,-0.281494140625,-0.281494140625,1,33,True
-,33,58,91,58,33,91,0,0.07708740234375,-0.07708740234375,-0.07708740234375,1,33,True
-,33,59,92,59,33,92,0,0.29052734375,-0.29052734375,-0.29052734375,1,33,True
-,33,60,93,60,33,93,0,0.10479736328125,-0.10479736328125,-0.10479736328125,1,33,True
-,33,61,94,61,33,94,0,0.280517578125,-0.280517578125,-0.280517578125,1,33,True
-,33,62,95,62,33,95,0,0.3134765625,-0.3134765625,-0.3134765625,1,33,True
-,33,63,96,63,33,96,0,0.38037109375,-0.38037109375,-0.38037109375,1,33,True
-,33,64,97,64,33,97,0,0.23095703125,-0.23095703125,-0.23095703125,1,33,True
-,33,65,98,65,33,98,3,0.6416015625,-0.6416015625,-0.6416015625,1,33,True
-,33,66,99,66,33,99,0,0.10028076171875,-0.10028076171875,-0.10028076171875,1,33,True
-,33,67,100,67,33,100,2,0.0643310546875,-0.0643310546875,-0.0643310546875,1,33,True
-,33,68,101,68,33,101,0,0.130859375,-0.130859375,-0.130859375,1,33,True
-,33,69,102,69,33,102,0,0.053497314453125,-0.053497314453125,-0.053497314453125,1,33,True
-,33,70,103,70,33,103,0,0.1722412109375,-0.1722412109375,-0.1722412109375,1,33,True
-,33,71,104,71,33,104,0,0.2449951171875,-0.2449951171875,-0.2449951171875,1,33,True
-,33,72,105,72,33,105,0,0.052001953125,-0.052001953125,-0.052001953125,1,33,True
-,33,73,106,73,33,106,0,0.1329345703125,-0.1329345703125,-0.1329345703125,1,33,True
-,33,74,107,74,33,107,0,0.099853515625,-0.099853515625,-0.099853515625,1,33,True
-,33,75,108,75,33,108,0,0.038543701171875,-0.038543701171875,-0.038543701171875,1,33,True
-,33,76,109,76,33,109,0,0.1510009765625,-0.1510009765625,-0.1510009765625,1,33,True
-,33,77,110,77,33,110,0,0.049835205078125,-0.049835205078125,-0.049835205078125,1,33,True
-,33,78,111,78,33,111,0,0.035369873046875,-0.035369873046875,-0.035369873046875,1,33,True
-,33,79,112,79,33,112,0,0.416015625,-0.416015625,-0.416015625,1,33,True
-,33,80,113,80,33,113,0,0.274658203125,-0.274658203125,-0.274658203125,1,33,True
-,33,81,114,81,33,114,0,0.1212158203125,-0.1212158203125,-0.1212158203125,1,33,True
-,33,82,115,82,33,115,0,0.199462890625,-0.199462890625,-0.199462890625,1,33,True
-,33,83,116,83,33,116,0,0.2108154296875,-0.2108154296875,-0.2108154296875,1,33,True
-,33,84,117,84,33,117,0,0.160888671875,-0.160888671875,-0.160888671875,1,33,True
-,33,85,118,85,33,118,0,0.212890625,-0.212890625,-0.212890625,1,33,True
-,33,86,119,86,33,119,0,0.1026611328125,-0.1026611328125,-0.1026611328125,1,33,True
-,33,87,120,87,33,120,0,0.048858642578125,-0.048858642578125,-0.048858642578125,1,33,True
-,33,88,121,88,33,121,1,0.140625,-0.140625,-0.140625,1,33,True
-,33,89,122,89,33,122,0,0.134521484375,-0.134521484375,-0.134521484375,1,33,True
-,33,90,123,90,33,123,1,0.12548828125,-0.12548828125,-0.12548828125,1,33,True
-,33,91,124,91,33,124,0,0.1343994140625,-0.1343994140625,-0.1343994140625,1,33,True
-,33,92,125,92,33,125,0,0.1727294921875,-0.1727294921875,-0.1727294921875,1,33,True
-,33,93,126,93,33,126,0,0.0283660888671875,-0.0283660888671875,-0.0283660888671875,1,33,True
-,33,94,127,94,33,127,0,0.103271484375,-0.103271484375,-0.103271484375,1,33,True
-,33,95,128,95,33,128,0,0.18212890625,-0.18212890625,-0.18212890625,1,33,True
-,33,96,129,96,33,129,0,0.8974609375,-0.8974609375,-0.8974609375,1,33,True
-,33,97,130,97,33,130,0,0.36376953125,-0.36376953125,-0.36376953125,1,33,True
-,33,98,131,98,33,131,0,0.67626953125,-0.67626953125,-0.67626953125,1,33,True
-,33,99,132,99,33,132,0,0.197998046875,-0.197998046875,-0.197998046875,1,33,True
-,34,10,44,10,34,44,0,0.0037689208984375,-0.0037689208984375,-0.0037689208984375,1,34,True
-,34,11,45,11,34,45,3,0.005474090576171875,-0.005474090576171875,-0.005474090576171875,1,34,True
-,34,12,46,12,34,46,0,0.0019483566284179688,-0.0019483566284179688,-0.0019483566284179688,1,34,True
-,34,13,47,13,34,47,1,0.01468658447265625,-0.01468658447265625,-0.01468658447265625,1,34,True
-,34,14,48,14,34,48,0,0.0017414093017578125,-0.0017414093017578125,-0.0017414093017578125,1,34,True
-,34,15,49,15,34,49,2,0.00696563720703125,-0.00696563720703125,-0.00696563720703125,1,34,True
-,34,16,50,16,34,50,2,0.001903533935546875,-0.001903533935546875,-0.001903533935546875,1,34,True
-,34,17,51,17,34,51,1,0.00569915771484375,-0.00569915771484375,-0.00569915771484375,1,34,True
-,34,18,52,18,34,52,3,0.00173187255859375,-0.00173187255859375,-0.00173187255859375,1,34,True
-,34,19,53,19,34,53,0,0.02880859375,-0.02880859375,-0.02880859375,1,34,True
-,34,20,54,20,34,54,0,0.0031032562255859375,-0.0031032562255859375,-0.0031032562255859375,1,34,True
-,34,21,55,21,34,55,1,0.01517486572265625,-0.01517486572265625,-0.01517486572265625,1,34,True
-,34,22,56,22,34,56,2,0.0196075439453125,-0.0196075439453125,-0.0196075439453125,1,34,True
-,34,23,57,23,34,57,1,0.0238494873046875,-0.0238494873046875,-0.0238494873046875,1,34,True
-,34,24,58,24,34,58,1,0.0125885009765625,-0.0125885009765625,-0.0125885009765625,1,34,True
-,34,25,59,25,34,59,0,0.06561279296875,-0.06561279296875,-0.06561279296875,1,34,True
-,34,26,60,26,34,60,1,0.0046844482421875,-0.0046844482421875,-0.0046844482421875,1,34,True
-,34,27,61,27,34,61,0,0.09429931640625,-0.09429931640625,-0.09429931640625,1,34,True
-,34,28,62,28,34,62,0,0.019622802734375,-0.019622802734375,-0.019622802734375,1,34,True
-,34,29,63,29,34,63,0,0.07269287109375,-0.07269287109375,-0.07269287109375,1,34,True
-,34,30,64,30,34,64,3,0.004993438720703125,-0.004993438720703125,-0.004993438720703125,1,34,True
-,34,31,65,31,34,65,0,0.0265350341796875,-0.0265350341796875,-0.0265350341796875,1,34,True
-,34,32,66,32,34,66,0,0.00881195068359375,-0.00881195068359375,-0.00881195068359375,1,34,True
-,34,33,67,33,34,67,0,0.1466064453125,-0.1466064453125,-0.1466064453125,1,34,True
-,34,34,68,34,34,68,0,0.0380859375,-0.0380859375,-0.0380859375,1,34,True
-,34,35,69,35,34,69,0,0.034820556640625,-0.034820556640625,-0.034820556640625,1,34,True
-,34,36,70,36,34,70,1,0.00933837890625,-0.00933837890625,-0.00933837890625,1,34,True
-,34,37,71,37,34,71,0,0.0771484375,-0.0771484375,-0.0771484375,1,34,True
-,34,38,72,38,34,72,0,0.02069091796875,-0.02069091796875,-0.02069091796875,1,34,True
-,34,39,73,39,34,73,0,0.07818603515625,-0.07818603515625,-0.07818603515625,1,34,True
-,34,40,74,40,34,74,0,0.00870513916015625,-0.00870513916015625,-0.00870513916015625,1,34,True
-,34,41,75,41,34,75,0,0.022918701171875,-0.022918701171875,-0.022918701171875,1,34,True
-,34,42,76,42,34,76,0,0.01009368896484375,-0.01009368896484375,-0.01009368896484375,1,34,True
-,34,43,77,43,34,77,0,0.023590087890625,-0.023590087890625,-0.023590087890625,1,34,True
-,34,44,78,44,34,78,1,0.11651611328125,-0.11651611328125,-0.11651611328125,1,34,True
-,34,45,79,45,34,79,1,0.0233154296875,-0.0233154296875,-0.0233154296875,1,34,True
-,34,46,80,46,34,80,0,0.008880615234375,-0.008880615234375,-0.008880615234375,1,34,True
-,34,47,81,47,34,81,1,0.01131439208984375,-0.01131439208984375,-0.01131439208984375,1,34,True
-,34,48,82,48,34,82,0,0.046234130859375,-0.046234130859375,-0.046234130859375,1,34,True
-,34,49,83,49,34,83,0,0.164794921875,-0.164794921875,-0.164794921875,1,34,True
-,34,50,84,50,34,84,1,0.00909423828125,-0.00909423828125,-0.00909423828125,1,34,True
-,34,51,85,51,34,85,0,0.09515380859375,-0.09515380859375,-0.09515380859375,1,34,True
-,34,52,86,52,34,86,0,0.0654296875,-0.0654296875,-0.0654296875,1,34,True
-,34,53,87,53,34,87,0,0.11138916015625,-0.11138916015625,-0.11138916015625,1,34,True
-,34,54,88,54,34,88,0,0.026611328125,-0.026611328125,-0.026611328125,1,34,True
-,34,55,89,55,34,89,0,1.9501953125,-1.9501953125,-1.9501953125,1,24,False
-,34,56,90,56,34,90,0,0.05035400390625,-0.05035400390625,-0.05035400390625,1,34,True
-,34,57,91,57,34,91,0,0.1884765625,-0.1884765625,-0.1884765625,1,34,True
-,34,58,92,58,34,92,0,0.0162506103515625,-0.0162506103515625,-0.0162506103515625,1,34,True
-,34,59,93,59,34,93,0,0.23046875,-0.23046875,-0.23046875,1,34,True
-,34,60,94,60,34,94,0,0.0634765625,-0.0634765625,-0.0634765625,1,34,True
-,34,61,95,61,34,95,0,0.1185302734375,-0.1185302734375,-0.1185302734375,1,34,True
-,34,62,96,62,34,96,0,0.0171966552734375,-0.0171966552734375,-0.0171966552734375,1,34,True
-,34,63,97,63,34,97,0,0.09149169921875,-0.09149169921875,-0.09149169921875,1,34,True
-,34,64,98,64,34,98,1,0.6826171875,-0.6826171875,-0.6826171875,1,34,True
-,34,65,99,65,34,99,0,0.176513671875,-0.176513671875,-0.176513671875,1,34,True
-,34,66,100,66,34,100,1,0.00577545166015625,-0.00577545166015625,-0.00577545166015625,1,34,True
-,34,67,101,67,34,101,0,0.1414794921875,-0.1414794921875,-0.1414794921875,1,34,True
-,34,68,102,68,34,102,0,0.04364013671875,-0.04364013671875,-0.04364013671875,1,34,True
-,34,69,103,69,34,103,0,0.156494140625,-0.156494140625,-0.156494140625,1,34,True
-,34,70,104,70,34,104,0,0.036895751953125,-0.036895751953125,-0.036895751953125,1,34,True
-,34,71,105,71,34,105,0,0.04364013671875,-0.04364013671875,-0.04364013671875,1,34,True
-,34,72,106,72,34,106,0,0.0265045166015625,-0.0265045166015625,-0.0265045166015625,1,34,True
-,34,73,107,73,34,107,0,0.151123046875,-0.151123046875,-0.151123046875,1,34,True
-,34,74,108,74,34,108,0,0.45556640625,-0.45556640625,-0.45556640625,1,34,True
-,34,75,109,75,34,109,0,0.04083251953125,-0.04083251953125,-0.04083251953125,1,34,True
-,34,76,110,76,34,110,0,0.033203125,-0.033203125,-0.033203125,1,34,True
-,34,77,111,77,34,111,0,0.09942626953125,-0.09942626953125,-0.09942626953125,1,34,True
-,34,78,112,78,34,112,0,0.0364990234375,-0.0364990234375,-0.0364990234375,1,34,True
-,34,79,113,79,34,113,0,0.5439453125,-0.5439453125,-0.5439453125,1,34,True
-,34,80,114,80,34,114,1,0.08575439453125,-0.08575439453125,-0.08575439453125,1,34,True
-,34,81,115,81,34,115,1,0.1558837890625,-0.1558837890625,-0.1558837890625,1,34,True
-,34,82,116,82,34,116,0,0.08087158203125,-0.08087158203125,-0.08087158203125,1,34,True
-,34,83,117,83,34,117,0,0.08984375,-0.08984375,-0.08984375,1,34,True
-,34,84,118,84,34,118,0,0.15771484375,-0.15771484375,-0.15771484375,1,34,True
-,34,85,119,85,34,119,0,0.1949462890625,-0.1949462890625,-0.1949462890625,1,34,True
-,34,86,120,86,34,120,0,0.0267333984375,-0.0267333984375,-0.0267333984375,1,34,True
-,34,87,121,87,34,121,0,0.2347412109375,-0.2347412109375,-0.2347412109375,1,34,True
-,34,88,122,88,34,122,0,0.212158203125,-0.212158203125,-0.212158203125,1,34,True
-,34,89,123,89,34,123,0,0.11663818359375,-0.11663818359375,-0.11663818359375,1,34,True
-,34,90,124,90,34,124,0,0.05499267578125,-0.05499267578125,-0.05499267578125,1,34,True
-,34,91,125,91,34,125,0,0.1259765625,-0.1259765625,-0.1259765625,1,34,True
-,34,92,126,92,34,126,0,0.0400390625,-0.0400390625,-0.0400390625,1,34,True
-,34,93,127,93,34,127,0,0.07232666015625,-0.07232666015625,-0.07232666015625,1,34,True
-,34,94,128,94,34,128,0,0.048583984375,-0.048583984375,-0.048583984375,1,34,True
-,34,95,129,95,34,129,0,0.059722900390625,-0.059722900390625,-0.059722900390625,1,34,True
-,34,96,130,96,34,130,0,0.11639404296875,-0.11639404296875,-0.11639404296875,1,34,True
-,34,97,131,97,34,131,0,1.7236328125,-1.7236328125,-1.7236328125,1,33,False
-,34,98,132,98,34,132,0,0.06610107421875,-0.06610107421875,-0.06610107421875,1,34,True
-,34,99,133,99,34,133,0,0.490478515625,-0.490478515625,-0.490478515625,1,34,True
-,35,10,45,10,35,45,6,0.00957489013671875,-0.00957489013671875,-0.00957489013671875,1,35,True
-,35,11,46,11,35,46,2,0.0246124267578125,-0.0246124267578125,-0.0246124267578125,1,35,True
-,35,12,47,12,35,47,0,0.0916748046875,-0.0916748046875,-0.0916748046875,1,35,True
-,35,13,48,13,35,48,1,0.202880859375,-0.202880859375,-0.202880859375,1,35,True
-,35,14,49,14,35,49,12,0.01346588134765625,-0.01346588134765625,-0.01346588134765625,1,35,True
-,35,15,50,15,35,50,4,0.006259918212890625,-0.006259918212890625,-0.006259918212890625,1,35,True
-,35,16,51,16,35,51,3,0.01403045654296875,-0.01403045654296875,-0.01403045654296875,1,35,True
-,35,17,52,17,35,52,2,0.039093017578125,-0.039093017578125,-0.039093017578125,1,35,True
-,35,18,53,18,35,53,0,0.1396484375,-0.1396484375,-0.1396484375,1,35,True
-,35,19,54,19,35,54,0,0.0111083984375,-0.0111083984375,-0.0111083984375,1,35,True
-,35,20,55,20,35,55,0,0.021697998046875,-0.021697998046875,-0.021697998046875,1,35,True
-,35,21,56,21,35,56,1,0.03253173828125,-0.03253173828125,-0.03253173828125,1,35,True
-,35,22,57,22,35,57,0,0.048309326171875,-0.048309326171875,-0.048309326171875,1,35,True
-,35,23,58,23,35,58,0,2.265625,-2.265625,-2.265625,1,33,False
-,35,24,59,24,35,59,2,0.09075927734375,-0.09075927734375,-0.09075927734375,1,35,True
-,35,25,60,25,35,60,6,0.0675048828125,-0.0675048828125,-0.0675048828125,1,35,True
-,35,26,61,26,35,61,2,0.033599853515625,-0.033599853515625,-0.033599853515625,1,35,True
-,35,27,62,27,35,62,1,0.2313232421875,-0.2313232421875,-0.2313232421875,1,35,True
-,35,28,63,28,35,63,2,0.1160888671875,-0.1160888671875,-0.1160888671875,1,35,True
-,35,29,64,29,35,64,3,0.18310546875,-0.18310546875,-0.18310546875,1,35,True
-,35,30,65,30,35,65,2,0.0149993896484375,-0.0149993896484375,-0.0149993896484375,1,35,True
-,35,31,66,31,35,66,0,0.01849365234375,-0.01849365234375,-0.01849365234375,1,35,True
-,35,32,67,32,35,67,0,0.10638427734375,-0.10638427734375,-0.10638427734375,1,35,True
-,35,33,68,33,35,68,0,0.09967041015625,-0.09967041015625,-0.09967041015625,1,35,True
-,35,34,69,34,35,69,0,0.0196075439453125,-0.0196075439453125,-0.0196075439453125,1,35,True
-,35,35,70,35,35,70,2,0.2042236328125,-0.2042236328125,-0.2042236328125,1,35,True
-,35,36,71,36,35,71,2,0.047119140625,-0.047119140625,-0.047119140625,1,35,True
-,35,37,72,37,35,72,2,0.0263824462890625,-0.0263824462890625,-0.0263824462890625,1,35,True
-,35,38,73,38,35,73,0,0.27734375,-0.27734375,-0.27734375,1,35,True
-,35,39,74,39,35,74,0,0.012176513671875,-0.012176513671875,-0.012176513671875,1,35,True
-,35,40,75,40,35,75,1,0.00992584228515625,-0.00992584228515625,-0.00992584228515625,1,35,True
-,35,41,76,41,35,76,0,0.042816162109375,-0.042816162109375,-0.042816162109375,1,35,True
-,35,42,77,42,35,77,0,0.04150390625,-0.04150390625,-0.04150390625,1,35,True
-,35,43,78,43,35,78,0,0.262939453125,-0.262939453125,-0.262939453125,1,35,True
-,35,44,79,44,35,79,0,0.302734375,-0.302734375,-0.302734375,1,35,True
-,35,45,80,45,35,80,0,0.049468994140625,-0.049468994140625,-0.049468994140625,1,35,True
-,35,46,81,46,35,81,0,0.007602691650390625,-0.007602691650390625,-0.007602691650390625,1,35,True
-,35,47,82,47,35,82,0,0.11712646484375,-0.11712646484375,-0.11712646484375,1,35,True
-,35,48,83,48,35,83,0,0.85302734375,-0.85302734375,-0.85302734375,1,34,False
-,35,49,84,49,35,84,0,0.1256103515625,-0.1256103515625,-0.1256103515625,1,35,True
-,35,50,85,50,35,85,1,0.1033935546875,-0.1033935546875,-0.1033935546875,1,35,True
-,35,51,86,51,35,86,0,0.2083740234375,-0.2083740234375,-0.2083740234375,1,35,True
-,35,52,87,52,35,87,0,0.339599609375,-0.339599609375,-0.339599609375,1,35,True
-,35,53,88,53,35,88,0,0.453125,-0.453125,-0.453125,1,35,True
-,35,54,89,54,35,89,0,1.154296875,-1.154296875,-1.154296875,1,25,False
-,35,55,90,55,35,90,1,0.734375,-0.734375,-0.734375,1,35,True
-,35,56,91,56,35,91,0,0.81103515625,-0.81103515625,-0.81103515625,1,25,False
-,35,57,92,57,35,92,0,0.1968994140625,-0.1968994140625,-0.1968994140625,1,35,True
-,35,58,93,58,35,93,0,0.1531982421875,-0.1531982421875,-0.1531982421875,1,35,True
-,35,59,94,59,35,94,1,0.62890625,-0.62890625,-0.62890625,1,35,True
-,35,60,95,60,35,95,1,0.2193603515625,-0.2193603515625,-0.2193603515625,1,35,True
-,35,61,96,61,35,96,1,0.0794677734375,-0.0794677734375,-0.0794677734375,1,35,True
-,35,62,97,62,35,97,0,0.30224609375,-0.30224609375,-0.30224609375,1,35,True
-,35,63,98,63,35,98,2,0.262939453125,-0.262939453125,-0.262939453125,1,35,True
-,35,64,99,64,35,99,1,0.2021484375,-0.2021484375,-0.2021484375,1,35,True
-,35,65,100,65,35,100,4,0.1002197265625,-0.1002197265625,-0.1002197265625,1,35,True
-,35,66,101,66,35,101,0,0.0167694091796875,-0.0167694091796875,-0.0167694091796875,1,35,True
-,35,67,102,67,35,102,0,0.09503173828125,-0.09503173828125,-0.09503173828125,1,35,True
-,35,68,103,68,35,103,0,0.8173828125,-0.8173828125,-0.8173828125,1,35,True
-,35,69,104,69,35,104,0,0.16748046875,-0.16748046875,-0.16748046875,1,35,True
-,35,70,105,70,35,105,1,0.06231689453125,-0.06231689453125,-0.06231689453125,1,35,True
-,35,71,106,71,35,106,0,0.05438232421875,-0.05438232421875,-0.05438232421875,1,35,True
-,35,72,107,72,35,107,0,0.12744140625,-0.12744140625,-0.12744140625,1,35,True
-,35,73,108,73,35,108,0,0.1260986328125,-0.1260986328125,-0.1260986328125,1,35,True
-,35,74,109,74,35,109,0,0.1416015625,-0.1416015625,-0.1416015625,1,35,True
-,35,75,110,75,35,110,0,0.10089111328125,-0.10089111328125,-0.10089111328125,1,35,True
-,35,76,111,76,35,111,0,0.0706787109375,-0.0706787109375,-0.0706787109375,1,35,True
-,35,77,112,77,35,112,1,0.272216796875,-0.272216796875,-0.272216796875,1,35,True
-,35,78,113,78,35,113,0,1.05859375,-1.05859375,-1.05859375,1,34,False
-,35,79,114,79,35,114,0,0.2244873046875,-0.2244873046875,-0.2244873046875,1,35,True
-,35,80,115,80,35,115,2,0.407958984375,-0.407958984375,-0.407958984375,1,35,True
-,35,81,116,81,35,116,0,0.213134765625,-0.213134765625,-0.213134765625,1,35,True
-,35,82,117,82,35,117,0,0.1405029296875,-0.1405029296875,-0.1405029296875,1,35,True
-,35,83,118,83,35,118,0,0.28125,-0.28125,-0.28125,1,35,True
-,35,84,119,84,35,119,0,0.1405029296875,-0.1405029296875,-0.1405029296875,1,35,True
-,35,85,120,85,35,120,0,0.0927734375,-0.0927734375,-0.0927734375,1,35,True
-,35,86,121,86,35,121,0,0.04595947265625,-0.04595947265625,-0.04595947265625,1,35,True
-,35,87,122,87,35,122,0,0.17822265625,-0.17822265625,-0.17822265625,1,35,True
-,35,88,123,88,35,123,0,0.41943359375,-0.41943359375,-0.41943359375,1,35,True
-,35,89,124,89,35,124,0,0.28857421875,-0.28857421875,-0.28857421875,1,35,True
-,35,90,125,90,35,125,2,0.08856201171875,-0.08856201171875,-0.08856201171875,1,35,True
-,35,91,126,91,35,126,0,0.036376953125,-0.036376953125,-0.036376953125,1,35,True
-,35,92,127,92,35,127,0,0.26220703125,-0.26220703125,-0.26220703125,1,35,True
-,35,93,128,93,35,128,0,0.0699462890625,-0.0699462890625,-0.0699462890625,1,35,True
-,35,94,129,94,35,129,0,0.10125732421875,-0.10125732421875,-0.10125732421875,1,35,True
-,35,95,130,95,35,130,1,0.19091796875,-0.19091796875,-0.19091796875,1,35,True
-,35,96,131,96,35,131,0,1.9599609375,-1.9599609375,-1.9599609375,1,34,False
-,35,97,132,97,35,132,0,0.15966796875,-0.15966796875,-0.15966796875,1,35,True
-,35,98,133,98,35,133,0,2.34375,-2.34375,-2.34375,1,34,False
-,35,99,134,99,35,134,0,0.64501953125,-0.64501953125,-0.64501953125,1,35,True
-,36,10,46,10,36,46,0,0.002410888671875,-0.002410888671875,-0.002410888671875,1,36,True
-,36,11,47,11,36,47,0,0.0164642333984375,-0.0164642333984375,-0.0164642333984375,1,36,True
-,36,12,48,12,36,48,7,0.0059814453125,-0.0059814453125,-0.0059814453125,1,36,True
-,36,13,49,13,36,49,3,0.008209228515625,-0.008209228515625,-0.008209228515625,1,36,True
-,36,14,50,14,36,50,1,0.0032958984375,-0.0032958984375,-0.0032958984375,1,36,True
-,36,15,51,15,36,51,3,0.005275726318359375,-0.005275726318359375,-0.005275726318359375,1,36,True
-,36,16,52,16,36,52,10,0.0045928955078125,-0.0045928955078125,-0.0045928955078125,1,36,True
-,36,17,53,17,36,53,1,0.0023899078369140625,-0.0023899078369140625,-0.0023899078369140625,1,36,True
-,36,18,54,18,36,54,1,0.007049560546875,-0.007049560546875,-0.007049560546875,1,36,True
-,36,19,55,19,36,55,0,0.0060882568359375,-0.0060882568359375,-0.0060882568359375,1,36,True
-,36,20,56,20,36,56,1,0.003086090087890625,-0.003086090087890625,-0.003086090087890625,1,36,True
-,36,21,57,21,36,57,0,0.03546142578125,-0.03546142578125,-0.03546142578125,1,36,True
-,36,22,58,22,36,58,0,0.006618499755859375,-0.006618499755859375,-0.006618499755859375,1,36,True
-,36,23,59,23,36,59,0,0.064208984375,-0.064208984375,-0.064208984375,1,36,True
-,36,24,60,24,36,60,7,0.0032196044921875,-0.0032196044921875,-0.0032196044921875,1,36,True
-,36,25,61,25,36,61,0,0.040069580078125,-0.040069580078125,-0.040069580078125,1,36,True
-,36,26,62,26,36,62,2,0.00870513916015625,-0.00870513916015625,-0.00870513916015625,1,36,True
-,36,27,63,27,36,63,0,0.0467529296875,-0.0467529296875,-0.0467529296875,1,36,True
-,36,28,64,28,36,64,0,0.01052093505859375,-0.01052093505859375,-0.01052093505859375,1,36,True
-,36,29,65,29,36,65,0,0.033050537109375,-0.033050537109375,-0.033050537109375,1,36,True
-,36,30,66,30,36,66,2,0.0036029815673828125,-0.0036029815673828125,-0.0036029815673828125,1,36,True
-,36,31,67,31,36,67,0,0.0726318359375,-0.0726318359375,-0.0726318359375,1,36,True
-,36,32,68,32,36,68,0,0.0240936279296875,-0.0240936279296875,-0.0240936279296875,1,36,True
-,36,33,69,33,36,69,0,0.010955810546875,-0.010955810546875,-0.010955810546875,1,36,True
-,36,34,70,34,36,70,2,0.01190948486328125,-0.01190948486328125,-0.01190948486328125,1,36,True
-,36,35,71,35,36,71,0,0.02069091796875,-0.02069091796875,-0.02069091796875,1,36,True
-,36,36,72,36,36,72,1,0.029296875,-0.029296875,-0.029296875,1,36,True
-,36,37,73,37,36,73,0,0.0098419189453125,-0.0098419189453125,-0.0098419189453125,1,36,True
-,36,38,74,38,36,74,0,0.25048828125,-0.25048828125,-0.25048828125,1,36,True
-,36,39,75,39,36,75,0,0.008880615234375,-0.008880615234375,-0.008880615234375,1,36,True
-,36,40,76,40,36,76,0,0.00246429443359375,-0.00246429443359375,-0.00246429443359375,1,36,True
-,36,41,77,41,36,77,0,0.00969696044921875,-0.00969696044921875,-0.00969696044921875,1,36,True
-,36,42,78,42,36,78,1,0.0201416015625,-0.0201416015625,-0.0201416015625,1,36,True
-,36,43,79,43,36,79,0,0.00937652587890625,-0.00937652587890625,-0.00937652587890625,1,36,True
-,36,44,80,44,36,80,0,0.007144927978515625,-0.007144927978515625,-0.007144927978515625,1,36,True
-,36,45,81,45,36,81,0,0.013397216796875,-0.013397216796875,-0.013397216796875,1,36,True
-,36,46,82,46,36,82,2,0.00904083251953125,-0.00904083251953125,-0.00904083251953125,1,36,True
-,36,47,83,47,36,83,0,0.0307769775390625,-0.0307769775390625,-0.0307769775390625,1,36,True
-,36,48,84,48,36,84,0,0.65576171875,-0.65576171875,-0.65576171875,1,36,True
-,36,49,85,49,36,85,1,0.09283447265625,-0.09283447265625,-0.09283447265625,1,36,True
-,36,50,86,50,36,86,1,0.0273284912109375,-0.0273284912109375,-0.0273284912109375,1,36,True
-,36,51,87,51,36,87,0,0.0665283203125,-0.0665283203125,-0.0665283203125,1,36,True
-,36,52,88,52,36,88,0,0.022857666015625,-0.022857666015625,-0.022857666015625,1,36,True
-,36,53,89,53,36,89,0,0.0714111328125,-0.0714111328125,-0.0714111328125,1,36,True
-,36,54,90,54,36,90,3,0.08575439453125,-0.08575439453125,-0.08575439453125,1,36,True
-,36,55,91,55,36,91,1,0.492919921875,-0.492919921875,-0.492919921875,1,36,True
-,36,56,92,56,36,92,1,0.021087646484375,-0.021087646484375,-0.021087646484375,1,36,True
-,36,57,93,57,36,93,0,0.051422119140625,-0.051422119140625,-0.051422119140625,1,36,True
-,36,58,94,58,36,94,0,0.47265625,-0.47265625,-0.47265625,1,36,True
-,36,59,95,59,36,95,0,0.07196044921875,-0.07196044921875,-0.07196044921875,1,36,True
-,36,60,96,60,36,96,1,0.044647216796875,-0.044647216796875,-0.044647216796875,1,36,True
-,36,61,97,61,36,97,0,0.0345458984375,-0.0345458984375,-0.0345458984375,1,36,True
-,36,62,98,62,36,98,0,0.017730712890625,-0.017730712890625,-0.017730712890625,1,36,True
-,36,63,99,63,36,99,1,0.57763671875,-0.57763671875,-0.57763671875,1,36,True
-,36,64,100,64,36,100,9,0.0231475830078125,-0.0231475830078125,-0.0231475830078125,1,36,True
-,36,65,101,65,36,101,0,0.09368896484375,-0.09368896484375,-0.09368896484375,1,36,True
-,36,66,102,66,36,102,0,0.0245361328125,-0.0245361328125,-0.0245361328125,1,36,True
-,36,67,103,67,36,103,0,0.06878662109375,-0.06878662109375,-0.06878662109375,1,36,True
-,36,68,104,68,36,104,0,1.2802734375,-1.2802734375,-1.2802734375,1,32,False
-,36,69,105,69,36,105,0,0.053253173828125,-0.053253173828125,-0.053253173828125,1,36,True
-,36,70,106,70,36,106,0,0.017852783203125,-0.017852783203125,-0.017852783203125,1,36,True
-,36,71,107,71,36,107,2,0.0130767822265625,-0.0130767822265625,-0.0130767822265625,1,36,True
-,36,72,108,72,36,108,1,0.290771484375,-0.290771484375,-0.290771484375,1,36,True
-,36,73,109,73,36,109,0,0.0218963623046875,-0.0218963623046875,-0.0218963623046875,1,36,True
-,36,74,110,74,36,110,0,0.0214691162109375,-0.0214691162109375,-0.0214691162109375,1,36,True
-,36,75,111,75,36,111,0,0.02978515625,-0.02978515625,-0.02978515625,1,36,True
-,36,76,112,76,36,112,0,0.052520751953125,-0.052520751953125,-0.052520751953125,1,36,True
-,36,77,113,77,36,113,0,0.2186279296875,-0.2186279296875,-0.2186279296875,1,36,True
-,36,78,114,78,36,114,0,0.12371826171875,-0.12371826171875,-0.12371826171875,1,36,True
-,36,79,115,79,36,115,0,0.085205078125,-0.085205078125,-0.085205078125,1,36,True
-,36,80,116,80,36,116,0,0.10516357421875,-0.10516357421875,-0.10516357421875,1,36,True
-,36,81,117,81,36,117,0,0.225341796875,-0.225341796875,-0.225341796875,1,36,True
-,36,82,118,82,36,118,0,0.03570556640625,-0.03570556640625,-0.03570556640625,1,36,True
-,36,83,119,83,36,119,0,0.0303497314453125,-0.0303497314453125,-0.0303497314453125,1,36,True
-,36,84,120,84,36,120,1,0.060699462890625,-0.060699462890625,-0.060699462890625,1,36,True
-,36,85,121,85,36,121,0,0.058349609375,-0.058349609375,-0.058349609375,1,36,True
-,36,86,122,86,36,122,0,0.040069580078125,-0.040069580078125,-0.040069580078125,1,36,True
-,36,87,123,87,36,123,1,0.224853515625,-0.224853515625,-0.224853515625,1,36,True
-,36,88,124,88,36,124,0,0.43994140625,-0.43994140625,-0.43994140625,1,36,True
-,36,89,125,89,36,125,0,0.112060546875,-0.112060546875,-0.112060546875,1,36,True
-,36,90,126,90,36,126,0,0.03802490234375,-0.03802490234375,-0.03802490234375,1,36,True
-,36,91,127,91,36,127,1,0.042449951171875,-0.042449951171875,-0.042449951171875,1,36,True
-,36,92,128,92,36,128,0,0.06927490234375,-0.06927490234375,-0.06927490234375,1,36,True
-,36,93,129,93,36,129,0,0.0243072509765625,-0.0243072509765625,-0.0243072509765625,1,36,True
-,36,94,130,94,36,130,0,0.032623291015625,-0.032623291015625,-0.032623291015625,1,36,True
-,36,95,131,95,36,131,0,0.0733642578125,-0.0733642578125,-0.0733642578125,1,36,True
-,36,96,132,96,36,132,1,2.283203125,-2.283203125,-2.283203125,1,34,False
-,36,97,133,97,36,133,0,0.828125,-0.828125,-0.828125,1,36,True
-,36,98,134,98,36,134,0,1.296875,-1.296875,-1.296875,1,42,False
-,36,99,135,99,36,135,0,0.455322265625,-0.455322265625,-0.455322265625,1,36,True
-,37,10,47,10,37,47,0,0.021331787109375,-0.021331787109375,-0.021331787109375,1,37,True
-,37,11,48,11,37,48,2,0.09637451171875,-0.09637451171875,-0.09637451171875,1,37,True
-,37,12,49,12,37,49,3,0.0113372802734375,-0.0113372802734375,-0.0113372802734375,1,37,True
-,37,13,50,13,37,50,1,0.01302337646484375,-0.01302337646484375,-0.01302337646484375,1,37,True
-,37,14,51,14,37,51,0,0.01496124267578125,-0.01496124267578125,-0.01496124267578125,1,37,True
-,37,15,52,15,37,52,2,0.003574371337890625,-0.003574371337890625,-0.003574371337890625,1,37,True
-,37,16,53,16,37,53,0,0.01300048828125,-0.01300048828125,-0.01300048828125,1,37,True
-,37,17,54,17,37,54,0,0.00537109375,-0.00537109375,-0.00537109375,1,37,True
-,37,18,55,18,37,55,0,0.00884246826171875,-0.00884246826171875,-0.00884246826171875,1,37,True
-,37,19,56,19,37,56,0,0.026123046875,-0.026123046875,-0.026123046875,1,37,True
-,37,20,57,20,37,57,1,0.06353759765625,-0.06353759765625,-0.06353759765625,1,37,True
-,37,21,58,21,37,58,1,0.0273590087890625,-0.0273590087890625,-0.0273590087890625,1,37,True
-,37,22,59,22,37,59,0,0.0560302734375,-0.0560302734375,-0.0560302734375,1,37,True
-,37,23,60,23,37,60,2,0.07879638671875,-0.07879638671875,-0.07879638671875,1,37,True
-,37,24,61,24,37,61,2,0.0211181640625,-0.0211181640625,-0.0211181640625,1,37,True
-,37,25,62,25,37,62,0,0.0826416015625,-0.0826416015625,-0.0826416015625,1,37,True
-,37,26,63,26,37,63,1,0.0289306640625,-0.0289306640625,-0.0289306640625,1,37,True
-,37,27,64,27,37,64,2,0.0743408203125,-0.0743408203125,-0.0743408203125,1,37,True
-,37,28,65,28,37,65,0,0.02630615234375,-0.02630615234375,-0.02630615234375,1,37,True
-,37,29,66,29,37,66,0,0.0916748046875,-0.0916748046875,-0.0916748046875,1,37,True
-,37,30,67,30,37,67,0,0.026031494140625,-0.026031494140625,-0.026031494140625,1,37,True
-,37,31,68,31,37,68,0,0.11761474609375,-0.11761474609375,-0.11761474609375,1,37,True
-,37,32,69,32,37,69,0,0.037200927734375,-0.037200927734375,-0.037200927734375,1,37,True
-,37,33,70,33,37,70,0,0.0206756591796875,-0.0206756591796875,-0.0206756591796875,1,37,True
-,37,34,71,34,37,71,1,0.0243072509765625,-0.0243072509765625,-0.0243072509765625,1,37,True
-,37,35,72,35,37,72,3,0.0269317626953125,-0.0269317626953125,-0.0269317626953125,1,37,True
-,37,36,73,36,37,73,0,0.00862884521484375,-0.00862884521484375,-0.00862884521484375,1,37,True
-,37,37,74,37,37,74,1,0.0177459716796875,-0.0177459716796875,-0.0177459716796875,1,37,True
-,37,38,75,38,37,75,0,0.0264739990234375,-0.0264739990234375,-0.0264739990234375,1,37,True
-,37,39,76,39,37,76,0,0.0176849365234375,-0.0176849365234375,-0.0176849365234375,1,37,True
-,37,40,77,40,37,77,0,0.043212890625,-0.043212890625,-0.043212890625,1,37,True
-,37,41,78,41,37,78,0,0.033782958984375,-0.033782958984375,-0.033782958984375,1,37,True
-,37,42,79,42,37,79,0,0.014862060546875,-0.014862060546875,-0.014862060546875,1,37,True
-,37,43,80,43,37,80,0,0.0848388671875,-0.0848388671875,-0.0848388671875,1,37,True
-,37,44,81,44,37,81,2,0.029815673828125,-0.029815673828125,-0.029815673828125,1,37,True
-,37,45,82,45,37,82,0,0.05035400390625,-0.05035400390625,-0.05035400390625,1,37,True
-,37,46,83,46,37,83,0,0.06561279296875,-0.06561279296875,-0.06561279296875,1,37,True
-,37,47,84,47,37,84,0,0.06494140625,-0.06494140625,-0.06494140625,1,37,True
-,37,48,85,48,37,85,0,0.1549072265625,-0.1549072265625,-0.1549072265625,1,37,True
-,37,49,86,49,37,86,0,0.294921875,-0.294921875,-0.294921875,1,37,True
-,37,50,87,50,37,87,0,0.254150390625,-0.254150390625,-0.254150390625,1,37,True
-,37,51,88,51,37,88,0,0.252197265625,-0.252197265625,-0.252197265625,1,37,True
-,37,52,89,52,37,89,0,0.75634765625,-0.75634765625,-0.75634765625,1,37,True
-,37,53,90,53,37,90,0,0.1561279296875,-0.1561279296875,-0.1561279296875,1,37,True
-,37,54,91,54,37,91,0,0.2022705078125,-0.2022705078125,-0.2022705078125,1,37,True
-,37,55,92,55,37,92,0,0.93359375,-0.93359375,-0.93359375,1,27,False
-,37,56,93,56,37,93,1,0.1611328125,-0.1611328125,-0.1611328125,1,37,True
-,37,57,94,57,37,94,0,0.12432861328125,-0.12432861328125,-0.12432861328125,1,37,True
-,37,58,95,58,37,95,0,0.162841796875,-0.162841796875,-0.162841796875,1,37,True
-,37,59,96,59,37,96,0,0.1614990234375,-0.1614990234375,-0.1614990234375,1,37,True
-,37,60,97,60,37,97,0,0.2027587890625,-0.2027587890625,-0.2027587890625,1,37,True
-,37,61,98,61,37,98,0,0.16796875,-0.16796875,-0.16796875,1,37,True
-,37,62,99,62,37,99,1,0.10821533203125,-0.10821533203125,-0.10821533203125,1,37,True
-,37,63,100,63,37,100,1,0.046234130859375,-0.046234130859375,-0.046234130859375,1,37,True
-,37,64,101,64,37,101,0,0.08251953125,-0.08251953125,-0.08251953125,1,37,True
-,37,65,102,65,37,102,1,0.08892822265625,-0.08892822265625,-0.08892822265625,1,37,True
-,37,66,103,66,37,103,0,0.08123779296875,-0.08123779296875,-0.08123779296875,1,37,True
-,37,67,104,67,37,104,0,0.167724609375,-0.167724609375,-0.167724609375,1,37,True
-,37,68,105,68,37,105,0,0.0496826171875,-0.0496826171875,-0.0496826171875,1,37,True
-,37,69,106,69,37,106,0,0.059906005859375,-0.059906005859375,-0.059906005859375,1,37,True
-,37,70,107,70,37,107,0,0.0357666015625,-0.0357666015625,-0.0357666015625,1,37,True
-,37,71,108,71,37,108,0,0.04046630859375,-0.04046630859375,-0.04046630859375,1,37,True
-,37,72,109,72,37,109,0,0.049896240234375,-0.049896240234375,-0.049896240234375,1,37,True
-,37,73,110,73,37,110,0,0.02301025390625,-0.02301025390625,-0.02301025390625,1,37,True
-,37,74,111,74,37,111,0,0.07177734375,-0.07177734375,-0.07177734375,1,37,True
-,37,75,112,75,37,112,0,0.181884765625,-0.181884765625,-0.181884765625,1,37,True
-,37,76,113,76,37,113,0,0.385009765625,-0.385009765625,-0.385009765625,1,37,True
-,37,77,114,77,37,114,0,0.0947265625,-0.0947265625,-0.0947265625,1,37,True
-,37,78,115,78,37,115,0,0.10455322265625,-0.10455322265625,-0.10455322265625,1,37,True
-,37,79,116,79,37,116,0,0.281494140625,-0.281494140625,-0.281494140625,1,37,True
-,37,80,117,80,37,117,0,0.257568359375,-0.257568359375,-0.257568359375,1,37,True
-,37,81,118,81,37,118,0,0.1907958984375,-0.1907958984375,-0.1907958984375,1,37,True
-,37,82,119,82,37,119,0,0.1173095703125,-0.1173095703125,-0.1173095703125,1,37,True
-,37,83,120,83,37,120,0,0.07489013671875,-0.07489013671875,-0.07489013671875,1,37,True
-,37,84,121,84,37,121,0,0.193359375,-0.193359375,-0.193359375,1,37,True
-,37,85,122,85,37,122,0,0.196044921875,-0.196044921875,-0.196044921875,1,37,True
-,37,86,123,86,37,123,0,0.0545654296875,-0.0545654296875,-0.0545654296875,1,37,True
-,37,87,124,87,37,124,0,0.102294921875,-0.102294921875,-0.102294921875,1,37,True
-,37,88,125,88,37,125,0,0.11883544921875,-0.11883544921875,-0.11883544921875,1,37,True
-,37,89,126,89,37,126,0,0.057952880859375,-0.057952880859375,-0.057952880859375,1,37,True
-,37,90,127,90,37,127,2,0.0533447265625,-0.0533447265625,-0.0533447265625,1,37,True
-,37,91,128,91,37,128,0,0.1201171875,-0.1201171875,-0.1201171875,1,37,True
-,37,92,129,92,37,129,0,0.217041015625,-0.217041015625,-0.217041015625,1,37,True
-,37,93,130,93,37,130,0,0.03662109375,-0.03662109375,-0.03662109375,1,37,True
-,37,94,131,94,37,131,0,0.0792236328125,-0.0792236328125,-0.0792236328125,1,37,True
-,37,95,132,95,37,132,0,0.09088134765625,-0.09088134765625,-0.09088134765625,1,37,True
-,37,96,133,96,37,133,0,2.095703125,-2.095703125,-2.095703125,1,36,False
-,37,97,134,97,37,134,1,0.58203125,-0.58203125,-0.58203125,1,37,True
-,37,98,135,98,37,135,0,0.395263671875,-0.395263671875,-0.395263671875,1,37,True
-,37,99,136,99,37,136,0,0.5693359375,-0.5693359375,-0.5693359375,1,37,True
-,38,10,48,10,38,48,0,0.007541656494140625,-0.007541656494140625,-0.007541656494140625,1,38,True
-,38,11,49,11,38,49,1,0.0926513671875,-0.0926513671875,-0.0926513671875,1,38,True
-,38,12,50,12,38,50,2,0.013702392578125,-0.013702392578125,-0.013702392578125,1,38,True
-,38,13,51,13,38,51,0,0.0167236328125,-0.0167236328125,-0.0167236328125,1,38,True
-,38,14,52,14,38,52,1,0.006824493408203125,-0.006824493408203125,-0.006824493408203125,1,38,True
-,38,15,53,15,38,53,0,0.01153564453125,-0.01153564453125,-0.01153564453125,1,38,True
-,38,16,54,16,38,54,2,0.0166778564453125,-0.0166778564453125,-0.0166778564453125,1,38,True
-,38,17,55,17,38,55,1,0.0266571044921875,-0.0266571044921875,-0.0266571044921875,1,38,True
-,38,18,56,18,38,56,0,0.005130767822265625,-0.005130767822265625,-0.005130767822265625,1,38,True
-,38,19,57,19,38,57,1,0.0215301513671875,-0.0215301513671875,-0.0215301513671875,1,38,True
-,38,20,58,20,38,58,0,0.007415771484375,-0.007415771484375,-0.007415771484375,1,38,True
-,38,21,59,21,38,59,0,0.07720947265625,-0.07720947265625,-0.07720947265625,1,38,True
-,38,22,60,22,38,60,0,0.011566162109375,-0.011566162109375,-0.011566162109375,1,38,True
-,38,23,61,23,38,61,0,0.0251007080078125,-0.0251007080078125,-0.0251007080078125,1,38,True
-,38,24,62,24,38,62,1,0.0650634765625,-0.0650634765625,-0.0650634765625,1,38,True
-,38,25,63,25,38,63,1,0.1319580078125,-0.1319580078125,-0.1319580078125,1,38,True
-,38,26,64,26,38,64,1,0.04034423828125,-0.04034423828125,-0.04034423828125,1,38,True
-,38,27,65,27,38,65,0,0.0310821533203125,-0.0310821533203125,-0.0310821533203125,1,38,True
-,38,28,66,28,38,66,0,0.01013946533203125,-0.01013946533203125,-0.01013946533203125,1,38,True
-,38,29,67,29,38,67,1,0.68505859375,-0.68505859375,-0.68505859375,1,38,True
-,38,30,68,30,38,68,1,0.03839111328125,-0.03839111328125,-0.03839111328125,1,38,True
-,38,31,69,31,38,69,1,0.039215087890625,-0.039215087890625,-0.039215087890625,1,38,True
-,38,32,70,32,38,70,1,0.010498046875,-0.010498046875,-0.010498046875,1,38,True
-,38,33,71,33,38,71,0,0.1337890625,-0.1337890625,-0.1337890625,1,38,True
-,38,34,72,34,38,72,1,0.0160675048828125,-0.0160675048828125,-0.0160675048828125,1,38,True
-,38,35,73,35,38,73,0,0.06060791015625,-0.06060791015625,-0.06060791015625,1,38,True
-,38,36,74,36,38,74,1,0.021942138671875,-0.021942138671875,-0.021942138671875,1,38,True
-,38,37,75,37,38,75,1,0.0482177734375,-0.0482177734375,-0.0482177734375,1,38,True
-,38,38,76,38,38,76,0,0.06317138671875,-0.06317138671875,-0.06317138671875,1,38,True
-,38,39,77,39,38,77,0,0.0572509765625,-0.0572509765625,-0.0572509765625,1,38,True
-,38,40,78,40,38,78,0,0.0269622802734375,-0.0269622802734375,-0.0269622802734375,1,38,True
-,38,41,79,41,38,79,0,0.08087158203125,-0.08087158203125,-0.08087158203125,1,38,True
-,38,42,80,42,38,80,1,0.00873565673828125,-0.00873565673828125,-0.00873565673828125,1,38,True
-,38,43,81,43,38,81,0,0.01226043701171875,-0.01226043701171875,-0.01226043701171875,1,38,True
-,38,44,82,44,38,82,0,0.066650390625,-0.066650390625,-0.066650390625,1,38,True
-,38,45,83,45,38,83,0,0.1396484375,-0.1396484375,-0.1396484375,1,38,True
-,38,46,84,46,38,84,0,0.07025146484375,-0.07025146484375,-0.07025146484375,1,38,True
-,38,47,85,47,38,85,1,0.25146484375,-0.25146484375,-0.25146484375,1,38,True
-,38,48,86,48,38,86,0,0.09149169921875,-0.09149169921875,-0.09149169921875,1,38,True
-,38,49,87,49,38,87,0,0.144775390625,-0.144775390625,-0.144775390625,1,38,True
-,38,50,88,50,38,88,0,0.21484375,-0.21484375,-0.21484375,1,38,True
-,38,51,89,51,38,89,0,0.490234375,-0.490234375,-0.490234375,1,38,True
-,38,52,90,52,38,90,1,0.041351318359375,-0.041351318359375,-0.041351318359375,1,38,True
-,38,53,91,53,38,91,0,0.179931640625,-0.179931640625,-0.179931640625,1,38,True
-,38,54,92,54,38,92,0,0.1085205078125,-0.1085205078125,-0.1085205078125,1,38,True
-,38,55,93,55,38,93,0,0.360595703125,-0.360595703125,-0.360595703125,1,38,True
-,38,56,94,56,38,94,1,0.2479248046875,-0.2479248046875,-0.2479248046875,1,38,True
-,38,57,95,57,38,95,1,0.2396240234375,-0.2396240234375,-0.2396240234375,1,38,True
-,38,58,96,58,38,96,0,0.03607177734375,-0.03607177734375,-0.03607177734375,1,38,True
-,38,59,97,59,38,97,0,0.336669921875,-0.336669921875,-0.336669921875,1,38,True
-,38,60,98,60,38,98,0,0.044952392578125,-0.044952392578125,-0.044952392578125,1,38,True
-,38,61,99,61,38,99,0,0.060455322265625,-0.060455322265625,-0.060455322265625,1,38,True
-,38,62,100,62,38,100,1,0.0203094482421875,-0.0203094482421875,-0.0203094482421875,1,38,True
-,38,63,101,63,38,101,0,0.08258056640625,-0.08258056640625,-0.08258056640625,1,38,True
-,38,64,102,64,38,102,1,0.0684814453125,-0.0684814453125,-0.0684814453125,1,38,True
-,38,65,103,65,38,103,1,0.313232421875,-0.313232421875,-0.313232421875,1,38,True
-,38,66,104,66,38,104,0,0.0614013671875,-0.0614013671875,-0.0614013671875,1,38,True
-,38,67,105,67,38,105,0,0.06317138671875,-0.06317138671875,-0.06317138671875,1,38,True
-,38,68,106,68,38,106,0,0.053924560546875,-0.053924560546875,-0.053924560546875,1,38,True
-,38,69,107,69,38,107,0,0.051300048828125,-0.051300048828125,-0.051300048828125,1,38,True
-,38,70,108,70,38,108,0,0.059356689453125,-0.059356689453125,-0.059356689453125,1,38,True
-,38,71,109,71,38,109,0,0.2379150390625,-0.2379150390625,-0.2379150390625,1,38,True
-,38,72,110,72,38,110,0,0.0125579833984375,-0.0125579833984375,-0.0125579833984375,1,38,True
-,38,73,111,73,38,111,0,0.068359375,-0.068359375,-0.068359375,1,38,True
-,38,74,112,74,38,112,1,0.1396484375,-0.1396484375,-0.1396484375,1,38,True
-,38,75,113,75,38,113,0,0.587890625,-0.587890625,-0.587890625,1,38,True
-,38,76,114,76,38,114,0,0.55078125,-0.55078125,-0.55078125,1,38,True
-,38,77,115,77,38,115,0,1.123046875,-1.123046875,-1.123046875,1,38,True
-,38,78,116,78,38,116,0,0.08123779296875,-0.08123779296875,-0.08123779296875,1,38,True
-,38,79,117,79,38,117,0,0.346923828125,-0.346923828125,-0.346923828125,1,38,True
-,38,80,118,80,38,118,0,0.8193359375,-0.8193359375,-0.8193359375,1,38,True
-,38,81,119,81,38,119,0,0.1337890625,-0.1337890625,-0.1337890625,1,38,True
-,38,82,120,82,38,120,2,0.021026611328125,-0.021026611328125,-0.021026611328125,1,38,True
-,38,83,121,83,38,121,0,0.0948486328125,-0.0948486328125,-0.0948486328125,1,38,True
-,38,84,122,84,38,122,0,0.52490234375,-0.52490234375,-0.52490234375,1,38,True
-,38,85,123,85,38,123,0,0.48779296875,-0.48779296875,-0.48779296875,1,38,True
-,38,86,124,86,38,124,0,0.16845703125,-0.16845703125,-0.16845703125,1,38,True
-,38,87,125,87,38,125,0,0.294189453125,-0.294189453125,-0.294189453125,1,38,True
-,38,88,126,88,38,126,0,0.0212249755859375,-0.0212249755859375,-0.0212249755859375,1,38,True
-,38,89,127,89,38,127,0,0.11956787109375,-0.11956787109375,-0.11956787109375,1,38,True
-,38,90,128,90,38,128,0,0.02398681640625,-0.02398681640625,-0.02398681640625,1,38,True
-,38,91,129,91,38,129,0,0.0445556640625,-0.0445556640625,-0.0445556640625,1,38,True
-,38,92,130,92,38,130,0,0.0760498046875,-0.0760498046875,-0.0760498046875,1,38,True
-,38,93,131,93,38,131,0,0.056915283203125,-0.056915283203125,-0.056915283203125,1,38,True
-,38,94,132,94,38,132,0,0.0648193359375,-0.0648193359375,-0.0648193359375,1,38,True
-,38,95,133,95,38,133,0,1.1875,-1.1875,-1.1875,1,38,True
-,38,96,134,96,38,134,0,2.048828125,-2.048828125,-2.048828125,1,37,False
-,38,97,135,97,38,135,0,0.365966796875,-0.365966796875,-0.365966796875,1,38,True
-,38,98,136,98,38,136,0,0.045989990234375,-0.045989990234375,-0.045989990234375,1,38,True
-,38,99,137,99,38,137,0,1.8935546875,-1.8935546875,-1.8935546875,1,34,False
-,39,10,49,10,39,49,2,0.0028400421142578125,-0.0028400421142578125,-0.0028400421142578125,1,39,True
-,39,11,50,11,39,50,1,0.007808685302734375,-0.007808685302734375,-0.007808685302734375,1,39,True
-,39,12,51,12,39,51,0,0.01666259765625,-0.01666259765625,-0.01666259765625,1,39,True
-,39,13,52,13,39,52,8,0.0038661956787109375,-0.0038661956787109375,-0.0038661956787109375,1,39,True
-,39,14,53,14,39,53,0,0.0027446746826171875,-0.0027446746826171875,-0.0027446746826171875,1,39,True
-,39,15,54,15,39,54,0,0.0062408447265625,-0.0062408447265625,-0.0062408447265625,1,39,True
-,39,16,55,16,39,55,2,0.0184173583984375,-0.0184173583984375,-0.0184173583984375,1,39,True
-,39,17,56,17,39,56,0,0.0027370452880859375,-0.0027370452880859375,-0.0027370452880859375,1,39,True
-,39,18,57,18,39,57,0,0.016021728515625,-0.016021728515625,-0.016021728515625,1,39,True
-,39,19,58,19,39,58,0,0.0148468017578125,-0.0148468017578125,-0.0148468017578125,1,39,True
-,39,20,59,20,39,59,0,0.0259552001953125,-0.0259552001953125,-0.0259552001953125,1,39,True
-,39,21,60,21,39,60,0,0.01085662841796875,-0.01085662841796875,-0.01085662841796875,1,39,True
-,39,22,61,22,39,61,0,0.00995635986328125,-0.00995635986328125,-0.00995635986328125,1,39,True
-,39,23,62,23,39,62,0,0.01708984375,-0.01708984375,-0.01708984375,1,39,True
-,39,24,63,24,39,63,0,0.0087127685546875,-0.0087127685546875,-0.0087127685546875,1,39,True
-,39,25,64,25,39,64,2,0.07513427734375,-0.07513427734375,-0.07513427734375,1,39,True
-,39,26,65,26,39,65,0,0.060272216796875,-0.060272216796875,-0.060272216796875,1,39,True
-,39,27,66,27,39,66,2,0.021087646484375,-0.021087646484375,-0.021087646484375,1,39,True
-,39,28,67,28,39,67,0,0.1712646484375,-0.1712646484375,-0.1712646484375,1,39,True
-,39,29,68,29,39,68,1,0.25732421875,-0.25732421875,-0.25732421875,1,39,True
-,39,30,69,30,39,69,1,0.00992584228515625,-0.00992584228515625,-0.00992584228515625,1,39,True
-,39,31,70,31,39,70,0,0.0615234375,-0.0615234375,-0.0615234375,1,39,True
-,39,32,71,32,39,71,0,0.0389404296875,-0.0389404296875,-0.0389404296875,1,39,True
-,39,33,72,33,39,72,0,0.0082550048828125,-0.0082550048828125,-0.0082550048828125,1,39,True
-,39,34,73,34,39,73,0,0.01220703125,-0.01220703125,-0.01220703125,1,39,True
-,39,35,74,35,39,74,0,0.0108184814453125,-0.0108184814453125,-0.0108184814453125,1,39,True
-,39,36,75,36,39,75,0,0.00609588623046875,-0.00609588623046875,-0.00609588623046875,1,39,True
-,39,37,76,37,39,76,0,0.046905517578125,-0.046905517578125,-0.046905517578125,1,39,True
-,39,38,77,38,39,77,0,0.041473388671875,-0.041473388671875,-0.041473388671875,1,39,True
-,39,39,78,39,39,78,1,0.0638427734375,-0.0638427734375,-0.0638427734375,1,39,True
-,39,40,79,40,39,79,0,0.012725830078125,-0.012725830078125,-0.012725830078125,1,39,True
-,39,41,80,41,39,80,0,0.0222625732421875,-0.0222625732421875,-0.0222625732421875,1,39,True
-,39,42,81,42,39,81,0,0.0129547119140625,-0.0129547119140625,-0.0129547119140625,1,39,True
-,39,43,82,43,39,82,0,0.0163726806640625,-0.0163726806640625,-0.0163726806640625,1,39,True
-,39,44,83,44,39,83,0,0.09259033203125,-0.09259033203125,-0.09259033203125,1,39,True
-,39,45,84,45,39,84,0,0.04718017578125,-0.04718017578125,-0.04718017578125,1,39,True
-,39,46,85,46,39,85,0,0.02587890625,-0.02587890625,-0.02587890625,1,39,True
-,39,47,86,47,39,86,0,0.0968017578125,-0.0968017578125,-0.0968017578125,1,39,True
-,39,48,87,48,39,87,0,0.1312255859375,-0.1312255859375,-0.1312255859375,1,39,True
-,39,49,88,49,39,88,0,0.31494140625,-0.31494140625,-0.31494140625,1,39,True
-,39,50,89,50,39,89,1,0.53271484375,-0.53271484375,-0.53271484375,1,39,True
-,39,51,90,51,39,90,0,0.16552734375,-0.16552734375,-0.16552734375,1,39,True
-,39,52,91,52,39,91,0,0.41259765625,-0.41259765625,-0.41259765625,1,39,True
-,39,53,92,53,39,92,0,0.1278076171875,-0.1278076171875,-0.1278076171875,1,39,True
-,39,54,93,54,39,93,0,0.01259613037109375,-0.01259613037109375,-0.01259613037109375,1,39,True
-,39,55,94,55,39,94,0,0.065185546875,-0.065185546875,-0.065185546875,1,39,True
-,39,56,95,56,39,95,0,0.049224853515625,-0.049224853515625,-0.049224853515625,1,39,True
-,39,57,96,57,39,96,0,0.058380126953125,-0.058380126953125,-0.058380126953125,1,39,True
-,39,58,97,58,39,97,0,0.04010009765625,-0.04010009765625,-0.04010009765625,1,39,True
-,39,59,98,59,39,98,0,0.4951171875,-0.4951171875,-0.4951171875,1,39,True
-,39,60,99,60,39,99,0,0.138916015625,-0.138916015625,-0.138916015625,1,39,True
-,39,61,100,61,39,100,1,0.0184173583984375,-0.0184173583984375,-0.0184173583984375,1,39,True
-,39,62,101,62,39,101,0,0.16162109375,-0.16162109375,-0.16162109375,1,39,True
-,39,63,102,63,39,102,0,0.032470703125,-0.032470703125,-0.032470703125,1,39,True
-,39,64,103,64,39,103,0,0.220703125,-0.220703125,-0.220703125,1,39,True
-,39,65,104,65,39,104,0,0.0799560546875,-0.0799560546875,-0.0799560546875,1,39,True
-,39,66,105,66,39,105,0,0.01226806640625,-0.01226806640625,-0.01226806640625,1,39,True
-,39,67,106,67,39,106,0,0.03912353515625,-0.03912353515625,-0.03912353515625,1,39,True
-,39,68,107,68,39,107,1,0.0743408203125,-0.0743408203125,-0.0743408203125,1,39,True
-,39,69,108,69,39,108,0,0.069091796875,-0.069091796875,-0.069091796875,1,39,True
-,39,70,109,70,39,109,0,0.03729248046875,-0.03729248046875,-0.03729248046875,1,39,True
-,39,71,110,71,39,110,0,0.032318115234375,-0.032318115234375,-0.032318115234375,1,39,True
-,39,72,111,72,39,111,0,0.089599609375,-0.089599609375,-0.089599609375,1,39,True
-,39,73,112,73,39,112,0,0.09527587890625,-0.09527587890625,-0.09527587890625,1,39,True
-,39,74,113,74,39,113,0,1.158203125,-1.158203125,-1.158203125,1,39,True
-,39,75,114,75,39,114,0,0.1219482421875,-0.1219482421875,-0.1219482421875,1,39,True
-,39,76,115,76,39,115,0,0.1689453125,-0.1689453125,-0.1689453125,1,39,True
-,39,77,116,77,39,116,0,0.09857177734375,-0.09857177734375,-0.09857177734375,1,39,True
-,39,78,117,78,39,117,0,0.09405517578125,-0.09405517578125,-0.09405517578125,1,39,True
-,39,79,118,79,39,118,0,0.3125,-0.3125,-0.3125,1,39,True
-,39,80,119,80,39,119,0,0.11065673828125,-0.11065673828125,-0.11065673828125,1,39,True
-,39,81,120,81,39,120,0,0.0330810546875,-0.0330810546875,-0.0330810546875,1,39,True
-,39,82,121,82,39,121,0,0.08294677734375,-0.08294677734375,-0.08294677734375,1,39,True
-,39,83,122,83,39,122,0,0.1807861328125,-0.1807861328125,-0.1807861328125,1,39,True
-,39,84,123,84,39,123,0,0.42578125,-0.42578125,-0.42578125,1,39,True
-,39,85,124,85,39,124,0,0.0738525390625,-0.0738525390625,-0.0738525390625,1,39,True
-,39,86,125,86,39,125,0,0.04425048828125,-0.04425048828125,-0.04425048828125,1,39,True
-,39,87,126,87,39,126,0,0.058258056640625,-0.058258056640625,-0.058258056640625,1,39,True
-,39,88,127,88,39,127,0,0.08282470703125,-0.08282470703125,-0.08282470703125,1,39,True
-,39,89,128,89,39,128,0,0.04693603515625,-0.04693603515625,-0.04693603515625,1,39,True
-,39,90,129,90,39,129,0,0.01493072509765625,-0.01493072509765625,-0.01493072509765625,1,39,True
-,39,91,130,91,39,130,0,0.02618408203125,-0.02618408203125,-0.02618408203125,1,39,True
-,39,92,131,92,39,131,0,0.172119140625,-0.172119140625,-0.172119140625,1,39,True
-,39,93,132,93,39,132,0,0.0193634033203125,-0.0193634033203125,-0.0193634033203125,1,39,True
-,39,94,133,94,39,133,0,0.054656982421875,-0.054656982421875,-0.054656982421875,1,39,True
-,39,95,134,95,39,134,0,0.1614990234375,-0.1614990234375,-0.1614990234375,1,39,True
-,39,96,135,96,39,135,0,0.09161376953125,-0.09161376953125,-0.09161376953125,1,39,True
-,39,97,136,97,39,136,0,0.03900146484375,-0.03900146484375,-0.03900146484375,1,39,True
-,39,98,137,98,39,137,0,0.05792236328125,-0.05792236328125,-0.05792236328125,1,39,True
-,39,99,138,99,39,138,0,0.1212158203125,-0.1212158203125,-0.1212158203125,1,39,True
-,40,10,50,10,40,50,24,0.0023975372314453125,-0.0023975372314453125,-0.0023975372314453125,1,40,True
-,40,11,51,11,40,51,3,0.0170745849609375,-0.0170745849609375,-0.0170745849609375,1,40,True
-,40,12,52,12,40,52,7,0.0126495361328125,-0.0126495361328125,-0.0126495361328125,1,40,True
-,40,13,53,13,40,53,0,0.67822265625,-0.67822265625,-0.67822265625,1,40,True
-,40,14,54,14,40,54,0,0.003215789794921875,-0.003215789794921875,-0.003215789794921875,1,40,True
-,40,15,55,15,40,55,2,0.0243377685546875,-0.0243377685546875,-0.0243377685546875,1,40,True
-,40,16,56,16,40,56,0,0.0163421630859375,-0.0163421630859375,-0.0163421630859375,1,40,True
-,40,17,57,17,40,57,0,0.04705810546875,-0.04705810546875,-0.04705810546875,1,40,True
-,40,18,58,18,40,58,0,0.0238037109375,-0.0238037109375,-0.0238037109375,1,40,True
-,40,19,59,19,40,59,1,0.034759521484375,-0.034759521484375,-0.034759521484375,1,40,True
-,40,20,60,20,40,60,12,0.007534027099609375,-0.007534027099609375,-0.007534027099609375,1,40,True
-,40,21,61,21,40,61,0,0.0096282958984375,-0.0096282958984375,-0.0096282958984375,1,40,True
-,40,22,62,22,40,62,0,0.14013671875,-0.14013671875,-0.14013671875,1,40,True
-,40,23,63,23,40,63,0,3.52734375,-3.52734375,-3.52734375,1,38,False
-,40,24,64,24,40,64,6,0.0223541259765625,-0.0223541259765625,-0.0223541259765625,1,40,True
-,40,25,65,25,40,65,2,0.1719970703125,-0.1719970703125,-0.1719970703125,1,40,True
-,40,26,66,26,40,66,0,0.032928466796875,-0.032928466796875,-0.032928466796875,1,40,True
-,40,27,67,27,40,67,0,0.42333984375,-0.42333984375,-0.42333984375,1,40,True
-,40,28,68,28,40,68,0,1.7138671875,-1.7138671875,-1.7138671875,1,39,False
-,40,29,69,29,40,69,0,0.09429931640625,-0.09429931640625,-0.09429931640625,1,40,True
-,40,30,70,30,40,70,5,0.0081634521484375,-0.0081634521484375,-0.0081634521484375,1,40,True
-,40,31,71,31,40,71,0,0.08837890625,-0.08837890625,-0.08837890625,1,40,True
-,40,32,72,32,40,72,1,0.033538818359375,-0.033538818359375,-0.033538818359375,1,40,True
-,40,33,73,33,40,73,0,0.80712890625,-0.80712890625,-0.80712890625,1,40,True
-,40,34,74,34,40,74,0,0.014007568359375,-0.014007568359375,-0.014007568359375,1,40,True
-,40,35,75,35,40,75,1,0.01110076904296875,-0.01110076904296875,-0.01110076904296875,1,40,True
-,40,36,76,36,40,76,3,0.01544952392578125,-0.01544952392578125,-0.01544952392578125,1,40,True
-,40,37,77,37,40,77,0,0.12371826171875,-0.12371826171875,-0.12371826171875,1,40,True
-,40,38,78,38,40,78,0,0.86962890625,-0.86962890625,-0.86962890625,1,40,True
-,40,39,79,39,40,79,0,0.06201171875,-0.06201171875,-0.06201171875,1,40,True
-,40,40,80,40,40,80,5,0.0217132568359375,-0.0217132568359375,-0.0217132568359375,1,40,True
-,40,41,81,41,40,81,0,0.015533447265625,-0.015533447265625,-0.015533447265625,1,40,True
-,40,42,82,42,40,82,0,0.12091064453125,-0.12091064453125,-0.12091064453125,1,40,True
-,40,43,83,43,40,83,0,0.884765625,-0.884765625,-0.884765625,1,40,True
-,40,44,84,44,40,84,1,0.074951171875,-0.074951171875,-0.074951171875,1,40,True
-,40,45,85,45,40,85,3,0.0672607421875,-0.0672607421875,-0.0672607421875,1,40,True
-,40,46,86,46,40,86,0,0.065673828125,-0.065673828125,-0.065673828125,1,40,True
-,40,47,87,47,40,87,0,0.08892822265625,-0.08892822265625,-0.08892822265625,1,40,True
-,40,48,88,48,40,88,0,1.201171875,-1.201171875,-1.201171875,1,40,True
-,40,49,89,49,40,89,0,1.08203125,-1.08203125,-1.08203125,1,30,False
-,40,50,90,50,40,90,4,0.23193359375,-0.23193359375,-0.23193359375,1,40,True
-,40,51,91,51,40,91,0,0.1907958984375,-0.1907958984375,-0.1907958984375,1,40,True
-,40,52,92,52,40,92,0,0.59033203125,-0.59033203125,-0.59033203125,1,40,True
-,40,53,93,53,40,93,0,0.2281494140625,-0.2281494140625,-0.2281494140625,1,40,True
-,40,54,94,54,40,94,0,0.05023193359375,-0.05023193359375,-0.05023193359375,1,40,True
-,40,55,95,55,40,95,0,0.178466796875,-0.178466796875,-0.178466796875,1,40,True
-,40,56,96,56,40,96,0,0.151123046875,-0.151123046875,-0.151123046875,1,40,True
-,40,57,97,57,40,97,0,0.0256805419921875,-0.0256805419921875,-0.0256805419921875,1,40,True
-,40,58,98,58,40,98,0,0.2188720703125,-0.2188720703125,-0.2188720703125,1,40,True
-,40,59,99,59,40,99,1,0.09326171875,-0.09326171875,-0.09326171875,1,40,True
-,40,60,100,60,40,100,13,0.015838623046875,-0.015838623046875,-0.015838623046875,1,40,True
-,40,61,101,61,40,101,0,0.01364898681640625,-0.01364898681640625,-0.01364898681640625,1,40,True
-,40,62,102,62,40,102,0,0.1981201171875,-0.1981201171875,-0.1981201171875,1,40,True
-,40,63,103,63,40,103,0,0.4130859375,-0.4130859375,-0.4130859375,1,40,True
-,40,64,104,64,40,104,1,0.59765625,-0.59765625,-0.59765625,1,40,True
-,40,65,105,65,40,105,1,0.042999267578125,-0.042999267578125,-0.042999267578125,1,40,True
-,40,66,106,66,40,106,0,0.00982666015625,-0.00982666015625,-0.00982666015625,1,40,True
-,40,67,107,67,40,107,0,0.0980224609375,-0.0980224609375,-0.0980224609375,1,40,True
-,40,68,108,68,40,108,0,0.73974609375,-0.73974609375,-0.73974609375,1,40,True
-,40,69,109,69,40,109,0,0.06646728515625,-0.06646728515625,-0.06646728515625,1,40,True
-,40,70,110,70,40,110,1,0.04351806640625,-0.04351806640625,-0.04351806640625,1,40,True
-,40,71,111,71,40,111,0,0.1781005859375,-0.1781005859375,-0.1781005859375,1,40,True
-,40,72,112,72,40,112,0,0.64697265625,-0.64697265625,-0.64697265625,1,40,True
-,40,73,113,73,40,113,0,1.23828125,-1.23828125,-1.23828125,1,40,True
-,40,74,114,74,40,114,0,0.2200927734375,-0.2200927734375,-0.2200927734375,1,40,True
-,40,75,115,75,40,115,0,0.3857421875,-0.3857421875,-0.3857421875,1,40,True
-,40,76,116,76,40,116,0,0.1519775390625,-0.1519775390625,-0.1519775390625,1,40,True
-,40,77,117,77,40,117,0,0.142822265625,-0.142822265625,-0.142822265625,1,40,True
-,40,78,118,78,40,118,0,0.6552734375,-0.6552734375,-0.6552734375,1,40,True
-,40,79,119,79,40,119,0,0.08587646484375,-0.08587646484375,-0.08587646484375,1,40,True
-,40,80,120,80,40,120,4,0.07666015625,-0.07666015625,-0.07666015625,1,40,True
-,40,81,121,81,40,121,1,0.0899658203125,-0.0899658203125,-0.0899658203125,1,40,True
-,40,82,122,82,40,122,0,0.350830078125,-0.350830078125,-0.350830078125,1,40,True
-,40,83,123,83,40,123,0,0.378662109375,-0.378662109375,-0.378662109375,1,40,True
-,40,84,124,84,40,124,0,0.2164306640625,-0.2164306640625,-0.2164306640625,1,40,True
-,40,85,125,85,40,125,0,0.18994140625,-0.18994140625,-0.18994140625,1,40,True
-,40,86,126,86,40,126,0,0.00809478759765625,-0.00809478759765625,-0.00809478759765625,1,40,True
-,40,87,127,87,40,127,0,0.2054443359375,-0.2054443359375,-0.2054443359375,1,40,True
-,40,88,128,88,40,128,0,0.305908203125,-0.305908203125,-0.305908203125,1,40,True
-,40,89,129,89,40,129,0,0.0288543701171875,-0.0288543701171875,-0.0288543701171875,1,40,True
-,40,90,130,90,40,130,1,0.019378662109375,-0.019378662109375,-0.019378662109375,1,40,True
-,40,91,131,91,40,131,0,0.03826904296875,-0.03826904296875,-0.03826904296875,1,40,True
-,40,92,132,92,40,132,0,1.0859375,-1.0859375,-1.0859375,1,40,True
-,40,93,133,93,40,133,0,0.7236328125,-0.7236328125,-0.7236328125,1,40,True
-,40,94,134,94,40,134,0,0.080322265625,-0.080322265625,-0.080322265625,1,40,True
-,40,95,135,95,40,135,1,0.1544189453125,-0.1544189453125,-0.1544189453125,1,40,True
-,40,96,136,96,40,136,0,0.0916748046875,-0.0916748046875,-0.0916748046875,1,40,True
-,40,97,137,97,40,137,0,0.184326171875,-0.184326171875,-0.184326171875,1,40,True
-,40,98,138,98,40,138,0,0.10247802734375,-0.10247802734375,-0.10247802734375,1,40,True
-,40,99,139,99,40,139,0,0.1534423828125,-0.1534423828125,-0.1534423828125,1,40,True
-,41,10,51,10,41,51,3,0.00710296630859375,-0.00710296630859375,-0.00710296630859375,1,41,True
-,41,11,52,11,41,52,0,0.024810791015625,-0.024810791015625,-0.024810791015625,1,41,True
-,41,12,53,12,41,53,0,0.01197052001953125,-0.01197052001953125,-0.01197052001953125,1,41,True
-,41,13,54,13,41,54,0,0.0114898681640625,-0.0114898681640625,-0.0114898681640625,1,41,True
-,41,14,55,14,41,55,1,0.0157470703125,-0.0157470703125,-0.0157470703125,1,41,True
-,41,15,56,15,41,56,1,0.01016998291015625,-0.01016998291015625,-0.01016998291015625,1,41,True
-,41,16,57,16,41,57,2,0.00849151611328125,-0.00849151611328125,-0.00849151611328125,1,41,True
-,41,17,58,17,41,58,1,0.017730712890625,-0.017730712890625,-0.017730712890625,1,41,True
-,41,18,59,18,41,59,0,0.0036640167236328125,-0.0036640167236328125,-0.0036640167236328125,1,41,True
-,41,19,60,19,41,60,3,0.007709503173828125,-0.007709503173828125,-0.007709503173828125,1,41,True
-,41,20,61,20,41,61,2,0.0161590576171875,-0.0161590576171875,-0.0161590576171875,1,41,True
-,41,21,62,21,41,62,0,0.0191497802734375,-0.0191497802734375,-0.0191497802734375,1,41,True
-,41,22,63,22,41,63,0,0.020294189453125,-0.020294189453125,-0.020294189453125,1,41,True
-,41,23,64,23,41,64,2,0.15966796875,-0.15966796875,-0.15966796875,1,41,True
-,41,24,65,24,41,65,0,0.0162200927734375,-0.0162200927734375,-0.0162200927734375,1,41,True
-,41,25,66,25,41,66,0,0.044586181640625,-0.044586181640625,-0.044586181640625,1,41,True
-,41,26,67,26,41,67,0,0.07904052734375,-0.07904052734375,-0.07904052734375,1,41,True
-,41,27,68,27,41,68,0,0.08099365234375,-0.08099365234375,-0.08099365234375,1,41,True
-,41,28,69,28,41,69,0,0.01511383056640625,-0.01511383056640625,-0.01511383056640625,1,41,True
-,41,29,70,29,41,70,0,0.28125,-0.28125,-0.28125,1,41,True
-,41,30,71,30,41,71,0,0.018524169921875,-0.018524169921875,-0.018524169921875,1,41,True
-,41,31,72,31,41,72,0,0.09027099609375,-0.09027099609375,-0.09027099609375,1,41,True
-,41,32,73,32,41,73,0,0.022491455078125,-0.022491455078125,-0.022491455078125,1,41,True
-,41,33,74,33,41,74,0,0.00832366943359375,-0.00832366943359375,-0.00832366943359375,1,41,True
-,41,34,75,34,41,75,2,0.00504302978515625,-0.00504302978515625,-0.00504302978515625,1,41,True
-,41,35,76,35,41,76,1,0.0733642578125,-0.0733642578125,-0.0733642578125,1,41,True
-,41,36,77,36,41,77,0,0.023162841796875,-0.023162841796875,-0.023162841796875,1,41,True
-,41,37,78,37,41,78,0,0.0325927734375,-0.0325927734375,-0.0325927734375,1,41,True
-,41,38,79,38,41,79,0,0.26611328125,-0.26611328125,-0.26611328125,1,41,True
-,41,39,80,39,41,80,0,0.0288238525390625,-0.0288238525390625,-0.0288238525390625,1,41,True
-,41,40,81,40,41,81,2,0.01448822021484375,-0.01448822021484375,-0.01448822021484375,1,41,True
-,41,41,82,41,41,82,1,0.1083984375,-0.1083984375,-0.1083984375,1,41,True
-,41,42,83,42,41,83,0,0.0169830322265625,-0.0169830322265625,-0.0169830322265625,1,41,True
-,41,43,84,43,41,84,0,0.028533935546875,-0.028533935546875,-0.028533935546875,1,41,True
-,41,44,85,44,41,85,0,0.067626953125,-0.067626953125,-0.067626953125,1,41,True
-,41,45,86,45,41,86,0,0.6181640625,-0.6181640625,-0.6181640625,1,41,True
-,41,46,87,46,41,87,0,0.07891845703125,-0.07891845703125,-0.07891845703125,1,41,True
-,41,47,88,47,41,88,0,0.87109375,-0.87109375,-0.87109375,1,41,True
-,41,48,89,48,41,89,0,2.91796875,-2.91796875,-2.91796875,1,31,False
-,41,49,90,49,41,90,1,0.94091796875,-0.94091796875,-0.94091796875,1,31,False
-,41,50,91,50,41,91,1,0.2310791015625,-0.2310791015625,-0.2310791015625,1,41,True
-,41,51,92,51,41,92,1,1.0390625,-1.0390625,-1.0390625,1,31,False
-,41,52,93,52,41,93,0,0.0625,-0.0625,-0.0625,1,41,True
-,41,53,94,53,41,94,0,0.07318115234375,-0.07318115234375,-0.07318115234375,1,41,True
-,41,54,95,54,41,95,0,0.0125274658203125,-0.0125274658203125,-0.0125274658203125,1,41,True
-,41,55,96,55,41,96,0,0.82080078125,-0.82080078125,-0.82080078125,1,31,False
-,41,56,97,56,41,97,0,0.1597900390625,-0.1597900390625,-0.1597900390625,1,41,True
-,41,57,98,57,41,98,0,0.11993408203125,-0.11993408203125,-0.11993408203125,1,41,True
-,41,58,99,58,41,99,0,0.30908203125,-0.30908203125,-0.30908203125,1,41,True
-,41,59,100,59,41,100,0,0.040191650390625,-0.040191650390625,-0.040191650390625,1,41,True
-,41,60,101,60,41,101,0,0.064453125,-0.064453125,-0.064453125,1,41,True
-,41,61,102,61,41,102,0,0.06585693359375,-0.06585693359375,-0.06585693359375,1,41,True
-,41,62,103,62,41,103,1,0.122802734375,-0.122802734375,-0.122802734375,1,41,True
-,41,63,104,63,41,104,0,0.11474609375,-0.11474609375,-0.11474609375,1,41,True
-,41,64,105,64,41,105,0,0.043121337890625,-0.043121337890625,-0.043121337890625,1,41,True
-,41,65,106,65,41,106,0,0.06878662109375,-0.06878662109375,-0.06878662109375,1,41,True
-,41,66,107,66,41,107,0,0.0718994140625,-0.0718994140625,-0.0718994140625,1,41,True
-,41,67,108,67,41,108,0,0.289794921875,-0.289794921875,-0.289794921875,1,41,True
-,41,68,109,68,41,109,1,0.235595703125,-0.235595703125,-0.235595703125,1,41,True
-,41,69,110,69,41,110,0,0.08453369140625,-0.08453369140625,-0.08453369140625,1,41,True
-,41,70,111,70,41,111,0,0.1453857421875,-0.1453857421875,-0.1453857421875,1,41,True
-,41,71,112,71,41,112,0,0.90185546875,-0.90185546875,-0.90185546875,1,31,False
-,41,72,113,72,41,113,0,0.59033203125,-0.59033203125,-0.59033203125,1,41,True
-,41,73,114,73,41,114,0,0.08660888671875,-0.08660888671875,-0.08660888671875,1,41,True
-,41,74,115,74,41,115,0,0.1297607421875,-0.1297607421875,-0.1297607421875,1,41,True
-,41,75,116,75,41,116,0,0.315185546875,-0.315185546875,-0.315185546875,1,41,True
-,41,76,117,76,41,117,0,0.61962890625,-0.61962890625,-0.61962890625,1,41,True
-,41,77,118,77,41,118,0,0.46826171875,-0.46826171875,-0.46826171875,1,41,True
-,41,78,119,78,41,119,0,0.0616455078125,-0.0616455078125,-0.0616455078125,1,41,True
-,41,79,120,79,41,120,0,0.1566162109375,-0.1566162109375,-0.1566162109375,1,41,True
-,41,80,121,80,41,121,0,1.017578125,-1.017578125,-1.017578125,1,31,False
-,41,81,122,81,41,122,0,0.81689453125,-0.81689453125,-0.81689453125,1,41,True
-,41,82,123,82,41,123,0,0.252685546875,-0.252685546875,-0.252685546875,1,41,True
-,41,83,124,83,41,124,0,0.07861328125,-0.07861328125,-0.07861328125,1,41,True
-,41,84,125,84,41,125,0,0.091064453125,-0.091064453125,-0.091064453125,1,41,True
-,41,85,126,85,41,126,0,0.12139892578125,-0.12139892578125,-0.12139892578125,1,41,True
-,41,86,127,86,41,127,0,0.154541015625,-0.154541015625,-0.154541015625,1,41,True
-,41,87,128,87,41,128,0,0.1380615234375,-0.1380615234375,-0.1380615234375,1,41,True
-,41,88,129,88,41,129,0,0.0528564453125,-0.0528564453125,-0.0528564453125,1,41,True
-,41,89,130,89,41,130,0,0.09820556640625,-0.09820556640625,-0.09820556640625,1,41,True
-,41,90,131,90,41,131,0,0.060150146484375,-0.060150146484375,-0.060150146484375,1,41,True
-,41,91,132,91,41,132,0,0.0699462890625,-0.0699462890625,-0.0699462890625,1,41,True
-,41,92,133,92,41,133,0,0.54833984375,-0.54833984375,-0.54833984375,1,41,True
-,41,93,134,93,41,134,0,0.028045654296875,-0.028045654296875,-0.028045654296875,1,41,True
-,41,94,135,94,41,135,0,0.0177459716796875,-0.0177459716796875,-0.0177459716796875,1,41,True
-,41,95,136,95,41,136,0,0.1766357421875,-0.1766357421875,-0.1766357421875,1,41,True
-,41,96,137,96,41,137,0,1.6005859375,-1.6005859375,-1.6005859375,1,40,False
-,41,97,138,97,41,138,0,0.0487060546875,-0.0487060546875,-0.0487060546875,1,41,True
-,41,98,139,98,41,139,0,0.06158447265625,-0.06158447265625,-0.06158447265625,1,41,True
-,41,99,140,99,41,140,0,0.210693359375,-0.210693359375,-0.210693359375,1,41,True
-,42,10,52,10,42,52,5,0.0012025833129882812,-0.0012025833129882812,-0.0012025833129882812,1,42,True
-,42,11,53,11,42,53,0,0.005096435546875,-0.005096435546875,-0.005096435546875,1,42,True
-,42,12,54,12,42,54,3,0.00423431396484375,-0.00423431396484375,-0.00423431396484375,1,42,True
-,42,13,55,13,42,55,3,0.00566864013671875,-0.00566864013671875,-0.00566864013671875,1,42,True
-,42,14,56,14,42,56,3,0.0035457611083984375,-0.0035457611083984375,-0.0035457611083984375,1,42,True
-,42,15,57,15,42,57,0,0.01531982421875,-0.01531982421875,-0.01531982421875,1,42,True
-,42,16,58,16,42,58,1,0.0028781890869140625,-0.0028781890869140625,-0.0028781890869140625,1,42,True
-,42,17,59,17,42,59,0,0.06414794921875,-0.06414794921875,-0.06414794921875,1,42,True
-,42,18,60,18,42,60,6,0.0031986236572265625,-0.0031986236572265625,-0.0031986236572265625,1,42,True
-,42,19,61,19,42,61,1,0.005802154541015625,-0.005802154541015625,-0.005802154541015625,1,42,True
-,42,20,62,20,42,62,0,0.0090789794921875,-0.0090789794921875,-0.0090789794921875,1,42,True
-,42,21,63,21,42,63,1,0.055450439453125,-0.055450439453125,-0.055450439453125,1,42,True
-,42,22,64,22,42,64,2,0.0117950439453125,-0.0117950439453125,-0.0117950439453125,1,42,True
-,42,23,65,23,42,65,1,0.02630615234375,-0.02630615234375,-0.02630615234375,1,42,True
-,42,24,66,24,42,66,1,0.00856781005859375,-0.00856781005859375,-0.00856781005859375,1,42,True
-,42,25,67,25,42,67,0,0.2315673828125,-0.2315673828125,-0.2315673828125,1,42,True
-,42,26,68,26,42,68,0,0.014434814453125,-0.014434814453125,-0.014434814453125,1,42,True
-,42,27,69,27,42,69,16,0.01837158203125,-0.01837158203125,-0.01837158203125,1,42,True
-,42,28,70,28,42,70,1,0.00496673583984375,-0.00496673583984375,-0.00496673583984375,1,42,True
-,42,29,71,29,42,71,3,0.10064697265625,-0.10064697265625,-0.10064697265625,1,42,True
-,42,30,72,30,42,72,4,0.00487518310546875,-0.00487518310546875,-0.00487518310546875,1,42,True
-,42,31,73,31,42,73,1,0.045196533203125,-0.045196533203125,-0.045196533203125,1,42,True
-,42,32,74,32,42,74,0,0.0017833709716796875,-0.0017833709716796875,-0.0017833709716796875,1,42,True
-,42,33,75,33,42,75,1,0.0186004638671875,-0.0186004638671875,-0.0186004638671875,1,42,True
-,42,34,76,34,42,76,0,0.00756072998046875,-0.00756072998046875,-0.00756072998046875,1,42,True
-,42,35,77,35,42,77,0,0.0259552001953125,-0.0259552001953125,-0.0259552001953125,1,42,True
-,42,36,78,36,42,78,2,0.004451751708984375,-0.004451751708984375,-0.004451751708984375,1,42,True
-,42,37,79,37,42,79,0,0.012786865234375,-0.012786865234375,-0.012786865234375,1,42,True
-,42,38,80,38,42,80,0,0.02520751953125,-0.02520751953125,-0.02520751953125,1,42,True
-,42,39,81,39,42,81,0,0.028045654296875,-0.028045654296875,-0.028045654296875,1,42,True
-,42,40,82,40,42,82,0,0.006893157958984375,-0.006893157958984375,-0.006893157958984375,1,42,True
-,42,41,83,41,42,83,1,0.04241943359375,-0.04241943359375,-0.04241943359375,1,42,True
-,42,42,84,42,42,84,1,0.01454925537109375,-0.01454925537109375,-0.01454925537109375,1,42,True
-,42,43,85,43,42,85,0,0.06085205078125,-0.06085205078125,-0.06085205078125,1,42,True
-,42,44,86,44,42,86,0,0.01491546630859375,-0.01491546630859375,-0.01491546630859375,1,42,True
-,42,45,87,45,42,87,0,0.227783203125,-0.227783203125,-0.227783203125,1,42,True
-,42,46,88,46,42,88,0,0.0065765380859375,-0.0065765380859375,-0.0065765380859375,1,42,True
-,42,47,89,47,42,89,1,0.22509765625,-0.22509765625,-0.22509765625,1,42,True
-,42,48,90,48,42,90,2,1.19921875,-1.19921875,-1.19921875,1,42,True
-,42,49,91,49,42,91,0,0.34423828125,-0.34423828125,-0.34423828125,1,42,True
-,42,50,92,50,42,92,0,0.051910400390625,-0.051910400390625,-0.051910400390625,1,42,True
-,42,51,93,51,42,93,0,0.0667724609375,-0.0667724609375,-0.0667724609375,1,42,True
-,42,52,94,52,42,94,0,0.031829833984375,-0.031829833984375,-0.031829833984375,1,42,True
-,42,53,95,53,42,95,0,0.0755615234375,-0.0755615234375,-0.0755615234375,1,42,True
-,42,54,96,54,42,96,0,0.01212310791015625,-0.01212310791015625,-0.01212310791015625,1,42,True
-,42,55,97,55,42,97,0,0.0426025390625,-0.0426025390625,-0.0426025390625,1,42,True
-,42,56,98,56,42,98,0,0.048797607421875,-0.048797607421875,-0.048797607421875,1,42,True
-,42,57,99,57,42,99,0,0.289306640625,-0.289306640625,-0.289306640625,1,42,True
-,42,58,100,58,42,100,1,0.01168060302734375,-0.01168060302734375,-0.01168060302734375,1,42,True
-,42,59,101,59,42,101,0,0.13232421875,-0.13232421875,-0.13232421875,1,42,True
-,42,60,102,60,42,102,0,0.11865234375,-0.11865234375,-0.11865234375,1,42,True
-,42,61,103,61,42,103,0,0.06512451171875,-0.06512451171875,-0.06512451171875,1,42,True
-,42,62,104,62,42,104,0,0.04876708984375,-0.04876708984375,-0.04876708984375,1,42,True
-,42,63,105,63,42,105,0,0.108154296875,-0.108154296875,-0.108154296875,1,42,True
-,42,64,106,64,42,106,0,0.044891357421875,-0.044891357421875,-0.044891357421875,1,42,True
-,42,65,107,65,42,107,0,0.0806884765625,-0.0806884765625,-0.0806884765625,1,42,True
-,42,66,108,66,42,108,1,0.09722900390625,-0.09722900390625,-0.09722900390625,1,42,True
-,42,67,109,67,42,109,0,0.1009521484375,-0.1009521484375,-0.1009521484375,1,42,True
-,42,68,110,68,42,110,0,0.0745849609375,-0.0745849609375,-0.0745849609375,1,42,True
-,42,69,111,69,42,111,0,0.88818359375,-0.88818359375,-0.88818359375,1,42,True
-,42,70,112,70,42,112,0,0.4345703125,-0.4345703125,-0.4345703125,1,42,True
-,42,71,113,71,42,113,0,2.0625,-2.0625,-2.0625,1,32,False
-,42,72,114,72,42,114,0,0.734375,-0.734375,-0.734375,1,42,True
-,42,73,115,73,42,115,1,0.464599609375,-0.464599609375,-0.464599609375,1,42,True
-,42,74,116,74,42,116,0,0.1302490234375,-0.1302490234375,-0.1302490234375,1,42,True
-,42,75,117,75,42,117,0,0.49658203125,-0.49658203125,-0.49658203125,1,42,True
-,42,76,118,76,42,118,0,0.1502685546875,-0.1502685546875,-0.1502685546875,1,42,True
-,42,77,119,77,42,119,0,0.1275634765625,-0.1275634765625,-0.1275634765625,1,42,True
-,42,78,120,78,42,120,0,0.09405517578125,-0.09405517578125,-0.09405517578125,1,42,True
-,42,79,121,79,42,121,0,0.25634765625,-0.25634765625,-0.25634765625,1,42,True
-,42,80,122,80,42,122,0,1.9248046875,-1.9248046875,-1.9248046875,1,32,False
-,42,81,123,81,42,123,0,0.8310546875,-0.8310546875,-0.8310546875,1,42,True
-,42,82,124,82,42,124,0,0.1427001953125,-0.1427001953125,-0.1427001953125,1,42,True
-,42,83,125,83,42,125,0,0.1148681640625,-0.1148681640625,-0.1148681640625,1,42,True
-,42,84,126,84,42,126,0,0.0836181640625,-0.0836181640625,-0.0836181640625,1,42,True
-,42,85,127,85,42,127,0,0.17626953125,-0.17626953125,-0.17626953125,1,42,True
-,42,86,128,86,42,128,1,0.006183624267578125,-0.006183624267578125,-0.006183624267578125,1,42,True
-,42,87,129,87,42,129,0,0.08258056640625,-0.08258056640625,-0.08258056640625,1,42,True
-,42,88,130,88,42,130,0,0.0186309814453125,-0.0186309814453125,-0.0186309814453125,1,42,True
-,42,89,131,89,42,131,0,0.058746337890625,-0.058746337890625,-0.058746337890625,1,42,True
-,42,90,132,90,42,132,0,0.0703125,-0.0703125,-0.0703125,1,42,True
-,42,91,133,91,42,133,0,0.11419677734375,-0.11419677734375,-0.11419677734375,1,42,True
-,42,92,134,92,42,134,0,0.1514892578125,-0.1514892578125,-0.1514892578125,1,42,True
-,42,93,135,93,42,135,0,0.0703125,-0.0703125,-0.0703125,1,42,True
-,42,94,136,94,42,136,0,0.0227508544921875,-0.0227508544921875,-0.0227508544921875,1,42,True
-,42,95,137,95,42,137,0,0.418212890625,-0.418212890625,-0.418212890625,1,42,True
-,42,96,138,96,42,138,0,0.039886474609375,-0.039886474609375,-0.039886474609375,1,42,True
-,42,97,139,97,42,139,0,0.03082275390625,-0.03082275390625,-0.03082275390625,1,42,True
-,42,98,140,98,42,140,1,0.0237274169921875,-0.0237274169921875,-0.0237274169921875,1,42,True
-,42,99,141,99,42,141,0,0.6416015625,-0.6416015625,-0.6416015625,1,42,True
-,43,10,53,10,43,53,0,0.0070343017578125,-0.0070343017578125,-0.0070343017578125,1,43,True
-,43,11,54,11,43,54,0,0.010040283203125,-0.010040283203125,-0.010040283203125,1,43,True
-,43,12,55,12,43,55,0,0.00936126708984375,-0.00936126708984375,-0.00936126708984375,1,43,True
-,43,13,56,13,43,56,0,0.0179290771484375,-0.0179290771484375,-0.0179290771484375,1,43,True
-,43,14,57,14,43,57,0,0.01398468017578125,-0.01398468017578125,-0.01398468017578125,1,43,True
-,43,15,58,15,43,58,0,0.05419921875,-0.05419921875,-0.05419921875,1,43,True
-,43,16,59,16,43,59,0,0.089111328125,-0.089111328125,-0.089111328125,1,43,True
-,43,17,60,17,43,60,3,0.20947265625,-0.20947265625,-0.20947265625,1,43,True
-,43,18,61,18,43,61,0,0.01396942138671875,-0.01396942138671875,-0.01396942138671875,1,43,True
-,43,19,62,19,43,62,0,0.056182861328125,-0.056182861328125,-0.056182861328125,1,43,True
-,43,20,63,20,43,63,2,0.051055908203125,-0.051055908203125,-0.051055908203125,1,43,True
-,43,21,64,21,43,64,4,0.04949951171875,-0.04949951171875,-0.04949951171875,1,43,True
-,43,22,65,22,43,65,0,0.021820068359375,-0.021820068359375,-0.021820068359375,1,43,True
-,43,23,66,23,43,66,0,0.0196380615234375,-0.0196380615234375,-0.0196380615234375,1,43,True
-,43,24,67,24,43,67,0,0.11981201171875,-0.11981201171875,-0.11981201171875,1,43,True
-,43,25,68,25,43,68,1,0.360595703125,-0.360595703125,-0.360595703125,1,43,True
-,43,26,69,26,43,69,1,0.0210418701171875,-0.0210418701171875,-0.0210418701171875,1,43,True
-,43,27,70,27,43,70,0,0.01384735107421875,-0.01384735107421875,-0.01384735107421875,1,43,True
-,43,28,71,28,43,71,2,0.08123779296875,-0.08123779296875,-0.08123779296875,1,43,True
-,43,29,72,29,43,72,0,0.61328125,-0.61328125,-0.61328125,1,43,True
-,43,30,73,30,43,73,0,0.007740020751953125,-0.007740020751953125,-0.007740020751953125,1,43,True
-,43,31,74,31,43,74,0,0.06610107421875,-0.06610107421875,-0.06610107421875,1,43,True
-,43,32,75,32,43,75,0,0.014404296875,-0.014404296875,-0.014404296875,1,43,True
-,43,33,76,33,43,76,0,0.05877685546875,-0.05877685546875,-0.05877685546875,1,43,True
-,43,34,77,34,43,77,0,0.0305023193359375,-0.0305023193359375,-0.0305023193359375,1,43,True
-,43,35,78,35,43,78,0,0.034332275390625,-0.034332275390625,-0.034332275390625,1,43,True
-,43,36,79,36,43,79,0,0.0065155029296875,-0.0065155029296875,-0.0065155029296875,1,43,True
-,43,37,80,37,43,80,0,0.11859130859375,-0.11859130859375,-0.11859130859375,1,43,True
-,43,38,81,38,43,81,0,0.07061767578125,-0.07061767578125,-0.07061767578125,1,43,True
-,43,39,82,39,43,82,1,0.053985595703125,-0.053985595703125,-0.053985595703125,1,43,True
-,43,40,83,40,43,83,0,0.043243408203125,-0.043243408203125,-0.043243408203125,1,43,True
-,43,41,84,41,43,84,0,0.127197265625,-0.127197265625,-0.127197265625,1,43,True
-,43,42,85,42,43,85,0,0.0811767578125,-0.0811767578125,-0.0811767578125,1,43,True
-,43,43,86,43,43,86,0,0.13916015625,-0.13916015625,-0.13916015625,1,43,True
-,43,44,87,44,43,87,0,0.11138916015625,-0.11138916015625,-0.11138916015625,1,43,True
-,43,45,88,45,43,88,0,0.3349609375,-0.3349609375,-0.3349609375,1,43,True
-,43,46,89,46,43,89,0,0.28662109375,-0.28662109375,-0.28662109375,1,43,True
-,43,47,90,47,43,90,1,0.196044921875,-0.196044921875,-0.196044921875,1,43,True
-,43,48,91,48,43,91,0,1.0859375,-1.0859375,-1.0859375,1,33,False
-,43,49,92,49,43,92,0,0.56640625,-0.56640625,-0.56640625,1,43,True
-,43,50,93,50,43,93,0,0.0113677978515625,-0.0113677978515625,-0.0113677978515625,1,43,True
-,43,51,94,51,43,94,0,0.054931640625,-0.054931640625,-0.054931640625,1,43,True
-,43,52,95,52,43,95,0,0.08563232421875,-0.08563232421875,-0.08563232421875,1,43,True
-,43,53,96,53,43,96,0,0.09735107421875,-0.09735107421875,-0.09735107421875,1,43,True
-,43,54,97,54,43,97,0,0.0125885009765625,-0.0125885009765625,-0.0125885009765625,1,43,True
-,43,55,98,55,43,98,0,0.1180419921875,-0.1180419921875,-0.1180419921875,1,43,True
-,43,56,99,56,43,99,0,0.055206298828125,-0.055206298828125,-0.055206298828125,1,43,True
-,43,57,100,57,43,100,0,0.00629425048828125,-0.00629425048828125,-0.00629425048828125,1,43,True
-,43,58,101,58,43,101,0,0.1470947265625,-0.1470947265625,-0.1470947265625,1,43,True
-,43,59,102,59,43,102,0,0.13916015625,-0.13916015625,-0.13916015625,1,43,True
-,43,60,103,60,43,103,0,0.08209228515625,-0.08209228515625,-0.08209228515625,1,43,True
-,43,61,104,61,43,104,0,0.084716796875,-0.084716796875,-0.084716796875,1,43,True
-,43,62,105,62,43,105,0,0.07415771484375,-0.07415771484375,-0.07415771484375,1,43,True
-,43,63,106,63,43,106,0,0.08123779296875,-0.08123779296875,-0.08123779296875,1,43,True
-,43,64,107,64,43,107,0,0.1556396484375,-0.1556396484375,-0.1556396484375,1,43,True
-,43,65,108,65,43,108,0,0.451416015625,-0.451416015625,-0.451416015625,1,43,True
-,43,66,109,66,43,109,0,0.2398681640625,-0.2398681640625,-0.2398681640625,1,43,True
-,43,67,110,67,43,110,0,0.170166015625,-0.170166015625,-0.170166015625,1,43,True
-,43,68,111,68,43,111,0,0.5693359375,-0.5693359375,-0.5693359375,1,43,True
-,43,69,112,69,43,112,0,0.76220703125,-0.76220703125,-0.76220703125,1,43,True
-,43,70,113,70,43,113,0,1.1533203125,-1.1533203125,-1.1533203125,1,33,False
-,43,71,114,71,43,114,0,0.7919921875,-0.7919921875,-0.7919921875,1,43,True
-,43,72,115,72,43,115,0,0.19091796875,-0.19091796875,-0.19091796875,1,43,True
-,43,73,116,73,43,116,0,0.53759765625,-0.53759765625,-0.53759765625,1,43,True
-,43,74,117,74,43,117,0,0.24072265625,-0.24072265625,-0.24072265625,1,43,True
-,43,75,118,75,43,118,0,0.374267578125,-0.374267578125,-0.374267578125,1,43,True
-,43,76,119,76,43,119,0,0.2498779296875,-0.2498779296875,-0.2498779296875,1,43,True
-,43,77,120,77,43,120,0,0.043609619140625,-0.043609619140625,-0.043609619140625,1,43,True
-,43,78,121,78,43,121,0,0.360595703125,-0.360595703125,-0.360595703125,1,43,True
-,43,79,122,79,43,122,0,1.2587890625,-1.2587890625,-1.2587890625,1,33,False
-,43,80,123,80,43,123,0,0.83544921875,-0.83544921875,-0.83544921875,1,43,True
-,43,81,124,81,43,124,0,0.400634765625,-0.400634765625,-0.400634765625,1,43,True
-,43,82,125,82,43,125,0,0.221435546875,-0.221435546875,-0.221435546875,1,43,True
-,43,83,126,83,43,126,0,0.07977294921875,-0.07977294921875,-0.07977294921875,1,43,True
-,43,84,127,84,43,127,0,0.2431640625,-0.2431640625,-0.2431640625,1,43,True
-,43,85,128,85,43,128,1,0.2646484375,-0.2646484375,-0.2646484375,1,43,True
-,43,86,129,86,43,129,0,0.12091064453125,-0.12091064453125,-0.12091064453125,1,43,True
-,43,87,130,87,43,130,1,0.0557861328125,-0.0557861328125,-0.0557861328125,1,43,True
-,43,88,131,88,43,131,0,0.08642578125,-0.08642578125,-0.08642578125,1,43,True
-,43,89,132,89,43,132,0,0.1268310546875,-0.1268310546875,-0.1268310546875,1,43,True
-,43,90,133,90,43,133,0,0.0309295654296875,-0.0309295654296875,-0.0309295654296875,1,43,True
-,43,91,134,91,43,134,0,0.1409912109375,-0.1409912109375,-0.1409912109375,1,43,True
-,43,92,135,92,43,135,0,0.0858154296875,-0.0858154296875,-0.0858154296875,1,43,True
-,43,93,136,93,43,136,0,0.064697265625,-0.064697265625,-0.064697265625,1,43,True
-,43,94,137,94,43,137,0,0.062042236328125,-0.062042236328125,-0.062042236328125,1,43,True
-,43,95,138,95,43,138,0,0.17041015625,-0.17041015625,-0.17041015625,1,43,True
-,43,96,139,96,43,139,0,0.0965576171875,-0.0965576171875,-0.0965576171875,1,43,True
-,43,97,140,97,43,140,0,0.0614013671875,-0.0614013671875,-0.0614013671875,1,43,True
-,43,98,141,98,43,141,0,0.027862548828125,-0.027862548828125,-0.027862548828125,1,43,True
-,43,99,142,99,43,142,0,0.162109375,-0.162109375,-0.162109375,1,43,True
-,44,10,54,10,44,54,2,0.003631591796875,-0.003631591796875,-0.003631591796875,1,44,True
-,44,11,55,11,44,55,1,0.01092529296875,-0.01092529296875,-0.01092529296875,1,44,True
-,44,12,56,12,44,56,1,0.006633758544921875,-0.006633758544921875,-0.006633758544921875,1,44,True
-,44,13,57,13,44,57,2,0.00876617431640625,-0.00876617431640625,-0.00876617431640625,1,44,True
-,44,14,58,14,44,58,0,0.04296875,-0.04296875,-0.04296875,1,44,True
-,44,15,59,15,44,59,2,0.0246124267578125,-0.0246124267578125,-0.0246124267578125,1,44,True
-,44,16,60,16,44,60,1,0.004787445068359375,-0.004787445068359375,-0.004787445068359375,1,44,True
-,44,17,61,17,44,61,0,0.053558349609375,-0.053558349609375,-0.053558349609375,1,44,True
-,44,18,62,18,44,62,0,0.01074981689453125,-0.01074981689453125,-0.01074981689453125,1,44,True
-,44,19,63,19,44,63,0,0.0197906494140625,-0.0197906494140625,-0.0197906494140625,1,44,True
-,44,20,64,20,44,64,3,0.00945281982421875,-0.00945281982421875,-0.00945281982421875,1,44,True
-,44,21,65,21,44,65,1,0.01525115966796875,-0.01525115966796875,-0.01525115966796875,1,44,True
-,44,22,66,22,44,66,0,0.0389404296875,-0.0389404296875,-0.0389404296875,1,44,True
-,44,23,67,23,44,67,0,0.11480712890625,-0.11480712890625,-0.11480712890625,1,44,True
-,44,24,68,24,44,68,1,0.0810546875,-0.0810546875,-0.0810546875,1,44,True
-,44,25,69,25,44,69,1,0.0156402587890625,-0.0156402587890625,-0.0156402587890625,1,44,True
-,44,26,70,26,44,70,1,0.0182647705078125,-0.0182647705078125,-0.0182647705078125,1,44,True
-,44,27,71,27,44,71,0,0.022491455078125,-0.022491455078125,-0.022491455078125,1,44,True
-,44,28,72,28,44,72,1,0.00433349609375,-0.00433349609375,-0.00433349609375,1,44,True
-,44,29,73,29,44,73,0,0.041534423828125,-0.041534423828125,-0.041534423828125,1,44,True
-,44,30,74,30,44,74,0,0.00507354736328125,-0.00507354736328125,-0.00507354736328125,1,44,True
-,44,31,75,31,44,75,0,0.016571044921875,-0.016571044921875,-0.016571044921875,1,44,True
-,44,32,76,32,44,76,0,0.127685546875,-0.127685546875,-0.127685546875,1,44,True
-,44,33,77,33,44,77,0,0.0263824462890625,-0.0263824462890625,-0.0263824462890625,1,44,True
-,44,34,78,34,44,78,0,0.136962890625,-0.136962890625,-0.136962890625,1,44,True
-,44,35,79,35,44,79,2,0.034820556640625,-0.034820556640625,-0.034820556640625,1,44,True
-,44,36,80,36,44,80,1,0.004405975341796875,-0.004405975341796875,-0.004405975341796875,1,44,True
-,44,37,81,37,44,81,0,0.00580596923828125,-0.00580596923828125,-0.00580596923828125,1,44,True
-,44,38,82,38,44,82,1,0.057403564453125,-0.057403564453125,-0.057403564453125,1,44,True
-,44,39,83,39,44,83,0,0.160400390625,-0.160400390625,-0.160400390625,1,44,True
-,44,40,84,40,44,84,1,0.0185546875,-0.0185546875,-0.0185546875,1,44,True
-,44,41,85,41,44,85,1,0.1485595703125,-0.1485595703125,-0.1485595703125,1,44,True
-,44,42,86,42,44,86,1,0.074951171875,-0.074951171875,-0.074951171875,1,44,True
-,44,43,87,43,44,87,0,0.05322265625,-0.05322265625,-0.05322265625,1,44,True
-,44,44,88,44,44,88,0,0.60693359375,-0.60693359375,-0.60693359375,1,44,True
-,44,45,89,45,44,89,1,1.0234375,-1.0234375,-1.0234375,1,34,False
-,44,46,90,46,44,90,0,0.06939697265625,-0.06939697265625,-0.06939697265625,1,44,True
-,44,47,91,47,44,91,1,0.3037109375,-0.3037109375,-0.3037109375,1,44,True
-,44,48,92,48,44,92,0,0.658203125,-0.658203125,-0.658203125,1,44,True
-,44,49,93,49,44,93,0,0.08538818359375,-0.08538818359375,-0.08538818359375,1,44,True
-,44,50,94,50,44,94,0,0.020416259765625,-0.020416259765625,-0.020416259765625,1,44,True
-,44,51,95,51,44,95,0,0.0257720947265625,-0.0257720947265625,-0.0257720947265625,1,44,True
-,44,52,96,52,44,96,0,0.0753173828125,-0.0753173828125,-0.0753173828125,1,44,True
-,44,53,97,53,44,97,0,0.03851318359375,-0.03851318359375,-0.03851318359375,1,44,True
-,44,54,98,54,44,98,0,0.019256591796875,-0.019256591796875,-0.019256591796875,1,44,True
-,44,55,99,55,44,99,1,0.06451416015625,-0.06451416015625,-0.06451416015625,1,44,True
-,44,56,100,56,44,100,3,0.02154541015625,-0.02154541015625,-0.02154541015625,1,44,True
-,44,57,101,57,44,101,0,0.0753173828125,-0.0753173828125,-0.0753173828125,1,44,True
-,44,58,102,58,44,102,0,0.037841796875,-0.037841796875,-0.037841796875,1,44,True
-,44,59,103,59,44,103,0,0.55419921875,-0.55419921875,-0.55419921875,1,44,True
-,44,60,104,60,44,104,0,0.5673828125,-0.5673828125,-0.5673828125,1,44,True
-,44,61,105,61,44,105,1,0.018463134765625,-0.018463134765625,-0.018463134765625,1,44,True
-,44,62,106,62,44,106,0,0.1085205078125,-0.1085205078125,-0.1085205078125,1,44,True
-,44,63,107,63,44,107,2,0.137451171875,-0.137451171875,-0.137451171875,1,44,True
-,44,64,108,64,44,108,0,2.205078125,-2.205078125,-2.205078125,1,43,False
-,44,65,109,65,44,109,0,0.36669921875,-0.36669921875,-0.36669921875,1,44,True
-,44,66,110,66,44,110,0,0.0216064453125,-0.0216064453125,-0.0216064453125,1,44,True
-,44,67,111,67,44,111,0,1.078125,-1.078125,-1.078125,1,34,False
-,44,68,112,68,44,112,1,1.4892578125,-1.4892578125,-1.4892578125,1,34,False
-,44,69,113,69,44,113,0,2.64453125,-2.64453125,-2.64453125,1,34,False
-,44,70,114,70,44,114,0,0.4052734375,-0.4052734375,-0.4052734375,1,44,True
-,44,71,115,71,44,115,0,0.86181640625,-0.86181640625,-0.86181640625,1,44,True
-,44,72,116,72,44,116,0,0.49560546875,-0.49560546875,-0.49560546875,1,44,True
-,44,73,117,73,44,117,0,1.298828125,-1.298828125,-1.298828125,1,34,False
-,44,74,118,74,44,118,0,2.029296875,-2.029296875,-2.029296875,1,42,False
-,44,75,119,75,44,119,0,0.0650634765625,-0.0650634765625,-0.0650634765625,1,44,True
-,44,76,120,76,44,120,2,0.0445556640625,-0.0445556640625,-0.0445556640625,1,44,True
-,44,77,121,77,44,121,0,0.2587890625,-0.2587890625,-0.2587890625,1,44,True
-,44,78,122,78,44,122,0,0.583984375,-0.583984375,-0.583984375,1,44,True
-,44,79,123,79,44,123,0,1.3388671875,-1.3388671875,-1.3388671875,1,34,False
-,44,80,124,80,44,124,0,0.6328125,-0.6328125,-0.6328125,1,44,True
-,44,81,125,81,44,125,0,0.304443359375,-0.304443359375,-0.304443359375,1,44,True
-,44,82,126,82,44,126,1,0.09722900390625,-0.09722900390625,-0.09722900390625,1,44,True
-,44,83,127,83,44,127,0,0.251708984375,-0.251708984375,-0.251708984375,1,44,True
-,44,84,128,84,44,128,0,0.2139892578125,-0.2139892578125,-0.2139892578125,1,44,True
-,44,85,129,85,44,129,0,0.07037353515625,-0.07037353515625,-0.07037353515625,1,44,True
-,44,86,130,86,44,130,0,0.0235443115234375,-0.0235443115234375,-0.0235443115234375,1,44,True
-,44,87,131,87,44,131,1,0.12298583984375,-0.12298583984375,-0.12298583984375,1,44,True
-,44,88,132,88,44,132,0,0.08837890625,-0.08837890625,-0.08837890625,1,44,True
-,44,89,133,89,44,133,0,0.1781005859375,-0.1781005859375,-0.1781005859375,1,44,True
-,44,90,134,90,44,134,1,0.04742431640625,-0.04742431640625,-0.04742431640625,1,44,True
-,44,91,135,91,44,135,0,0.040863037109375,-0.040863037109375,-0.040863037109375,1,44,True
-,44,92,136,92,44,136,0,0.09918212890625,-0.09918212890625,-0.09918212890625,1,44,True
-,44,93,137,93,44,137,0,0.1746826171875,-0.1746826171875,-0.1746826171875,1,44,True
-,44,94,138,94,44,138,0,0.034332275390625,-0.034332275390625,-0.034332275390625,1,44,True
-,44,95,139,95,44,139,1,0.2301025390625,-0.2301025390625,-0.2301025390625,1,44,True
-,44,96,140,96,44,140,0,0.037384033203125,-0.037384033203125,-0.037384033203125,1,44,True
-,44,97,141,97,44,141,0,0.15673828125,-0.15673828125,-0.15673828125,1,44,True
-,44,98,142,98,44,142,0,0.206787109375,-0.206787109375,-0.206787109375,1,44,True
-,44,99,143,99,44,143,0,1.5234375,-1.5234375,-1.5234375,1,43,False
-,45,10,55,10,45,55,6,0.0086822509765625,-0.0086822509765625,-0.0086822509765625,1,45,True
-,45,11,56,11,45,56,0,0.00872802734375,-0.00872802734375,-0.00872802734375,1,45,True
-,45,12,57,12,45,57,0,0.006450653076171875,-0.006450653076171875,-0.006450653076171875,1,45,True
-,45,13,58,13,45,58,0,0.0196685791015625,-0.0196685791015625,-0.0196685791015625,1,45,True
-,45,14,59,14,45,59,0,0.0213775634765625,-0.0213775634765625,-0.0213775634765625,1,45,True
-,45,15,60,15,45,60,5,0.002933502197265625,-0.002933502197265625,-0.002933502197265625,1,45,True
-,45,16,61,16,45,61,2,0.004718780517578125,-0.004718780517578125,-0.004718780517578125,1,45,True
-,45,17,62,17,45,62,0,0.01396942138671875,-0.01396942138671875,-0.01396942138671875,1,45,True
-,45,18,63,18,45,63,1,0.01384735107421875,-0.01384735107421875,-0.01384735107421875,1,45,True
-,45,19,64,19,45,64,4,0.01995849609375,-0.01995849609375,-0.01995849609375,1,45,True
-,45,20,65,20,45,65,2,0.0208282470703125,-0.0208282470703125,-0.0208282470703125,1,45,True
-,45,21,66,21,45,66,0,0.007678985595703125,-0.007678985595703125,-0.007678985595703125,1,45,True
-,45,22,67,22,45,67,0,0.10040283203125,-0.10040283203125,-0.10040283203125,1,45,True
-,45,23,68,23,45,68,0,0.76513671875,-0.76513671875,-0.76513671875,1,45,True
-,45,24,69,24,45,69,1,0.03656005859375,-0.03656005859375,-0.03656005859375,1,45,True
-,45,25,70,25,45,70,1,0.04901123046875,-0.04901123046875,-0.04901123046875,1,45,True
-,45,26,71,26,45,71,0,0.013214111328125,-0.013214111328125,-0.013214111328125,1,45,True
-,45,27,72,27,45,72,2,0.00589752197265625,-0.00589752197265625,-0.00589752197265625,1,45,True
-,45,28,73,28,45,73,0,0.0256195068359375,-0.0256195068359375,-0.0256195068359375,1,45,True
-,45,29,74,29,45,74,0,0.0301971435546875,-0.0301971435546875,-0.0301971435546875,1,45,True
-,45,30,75,30,45,75,1,0.0038013458251953125,-0.0038013458251953125,-0.0038013458251953125,1,45,True
-,45,31,76,31,45,76,1,0.0439453125,-0.0439453125,-0.0439453125,1,45,True
-,45,32,77,32,45,77,2,0.037689208984375,-0.037689208984375,-0.037689208984375,1,45,True
-,45,33,78,33,45,78,0,0.00809478759765625,-0.00809478759765625,-0.00809478759765625,1,45,True
-,45,34,79,34,45,79,0,0.01153564453125,-0.01153564453125,-0.01153564453125,1,45,True
-,45,35,80,35,45,80,0,0.03582763671875,-0.03582763671875,-0.03582763671875,1,45,True
-,45,36,81,36,45,81,1,0.0015096664428710938,-0.0015096664428710938,-0.0015096664428710938,1,45,True
-,45,37,82,37,45,82,0,0.0057830810546875,-0.0057830810546875,-0.0057830810546875,1,45,True
-,45,38,83,38,45,83,1,0.05511474609375,-0.05511474609375,-0.05511474609375,1,45,True
-,45,39,84,39,45,84,0,0.025115966796875,-0.025115966796875,-0.025115966796875,1,45,True
-,45,40,85,40,45,85,0,0.080322265625,-0.080322265625,-0.080322265625,1,45,True
-,45,41,86,41,45,86,1,0.0489501953125,-0.0489501953125,-0.0489501953125,1,45,True
-,45,42,87,42,45,87,0,0.025848388671875,-0.025848388671875,-0.025848388671875,1,45,True
-,45,43,88,43,45,88,0,0.96337890625,-0.96337890625,-0.96337890625,1,43,False
-,45,44,89,44,45,89,0,0.303955078125,-0.303955078125,-0.303955078125,1,45,True
-,45,45,90,45,45,90,2,0.133544921875,-0.133544921875,-0.133544921875,1,45,True
-,45,46,91,46,45,91,1,0.0245819091796875,-0.0245819091796875,-0.0245819091796875,1,45,True
-,45,47,92,47,45,92,0,0.052001953125,-0.052001953125,-0.052001953125,1,45,True
-,45,48,93,48,45,93,0,0.2425537109375,-0.2425537109375,-0.2425537109375,1,45,True
-,45,49,94,49,45,94,0,0.03570556640625,-0.03570556640625,-0.03570556640625,1,45,True
-,45,50,95,50,45,95,0,0.015899658203125,-0.015899658203125,-0.015899658203125,1,45,True
-,45,51,96,51,45,96,0,0.1260986328125,-0.1260986328125,-0.1260986328125,1,45,True
-,45,52,97,52,45,97,0,0.0258941650390625,-0.0258941650390625,-0.0258941650390625,1,45,True
-,45,53,98,53,45,98,1,0.01183319091796875,-0.01183319091796875,-0.01183319091796875,1,45,True
-,45,54,99,54,45,99,0,0.0113983154296875,-0.0113983154296875,-0.0113983154296875,1,45,True
-,45,55,100,55,45,100,4,0.0206146240234375,-0.0206146240234375,-0.0206146240234375,1,45,True
-,45,56,101,56,45,101,0,0.08282470703125,-0.08282470703125,-0.08282470703125,1,45,True
-,45,57,102,57,45,102,0,0.0275115966796875,-0.0275115966796875,-0.0275115966796875,1,45,True
-,45,58,103,58,45,103,0,0.64794921875,-0.64794921875,-0.64794921875,1,45,True
-,45,59,104,59,45,104,0,0.64453125,-0.64453125,-0.64453125,1,45,True
-,45,60,105,60,45,105,2,0.049163818359375,-0.049163818359375,-0.049163818359375,1,45,True
-,45,61,106,61,45,106,0,0.01020050048828125,-0.01020050048828125,-0.01020050048828125,1,45,True
-,45,62,107,62,45,107,0,0.0904541015625,-0.0904541015625,-0.0904541015625,1,45,True
-,45,63,108,63,45,108,0,0.2822265625,-0.2822265625,-0.2822265625,1,45,True
-,45,64,109,64,45,109,0,0.1605224609375,-0.1605224609375,-0.1605224609375,1,45,True
-,45,65,110,65,45,110,0,0.039520263671875,-0.039520263671875,-0.039520263671875,1,45,True
-,45,66,111,66,45,111,0,0.168212890625,-0.168212890625,-0.168212890625,1,45,True
-,45,67,112,67,45,112,0,1.337890625,-1.337890625,-1.337890625,1,35,False
-,45,68,113,68,45,113,0,1.9091796875,-1.9091796875,-1.9091796875,1,35,False
-,45,69,114,69,45,114,0,0.87158203125,-0.87158203125,-0.87158203125,1,45,True
-,45,70,115,70,45,115,0,0.671875,-0.671875,-0.671875,1,45,True
-,45,71,116,71,45,116,1,0.232421875,-0.232421875,-0.232421875,1,45,True
-,45,72,117,72,45,117,0,0.525390625,-0.525390625,-0.525390625,1,45,True
-,45,73,118,73,45,118,0,0.2410888671875,-0.2410888671875,-0.2410888671875,1,45,True
-,45,74,119,74,45,119,0,0.07147216796875,-0.07147216796875,-0.07147216796875,1,45,True
-,45,75,120,75,45,120,1,0.0301513671875,-0.0301513671875,-0.0301513671875,1,45,True
-,45,76,121,76,45,121,0,0.1534423828125,-0.1534423828125,-0.1534423828125,1,45,True
-,45,77,122,77,45,122,0,0.55224609375,-0.55224609375,-0.55224609375,1,45,True
-,45,78,123,78,45,123,1,0.326904296875,-0.326904296875,-0.326904296875,1,45,True
-,45,79,124,79,45,124,0,0.33544921875,-0.33544921875,-0.33544921875,1,45,True
-,45,80,125,80,45,125,2,0.17333984375,-0.17333984375,-0.17333984375,1,45,True
-,45,81,126,81,45,126,0,0.1854248046875,-0.1854248046875,-0.1854248046875,1,45,True
-,45,82,127,82,45,127,0,0.28076171875,-0.28076171875,-0.28076171875,1,45,True
-,45,83,128,83,45,128,0,0.1466064453125,-0.1466064453125,-0.1466064453125,1,45,True
-,45,84,129,84,45,129,0,0.0667724609375,-0.0667724609375,-0.0667724609375,1,45,True
-,45,85,130,85,45,130,0,0.032318115234375,-0.032318115234375,-0.032318115234375,1,45,True
-,45,86,131,86,45,131,0,0.040618896484375,-0.040618896484375,-0.040618896484375,1,45,True
-,45,87,132,87,45,132,0,0.074951171875,-0.074951171875,-0.074951171875,1,45,True
-,45,88,133,88,45,133,0,0.35693359375,-0.35693359375,-0.35693359375,1,45,True
-,45,89,134,89,45,134,0,0.07513427734375,-0.07513427734375,-0.07513427734375,1,45,True
-,45,90,135,90,45,135,0,0.028778076171875,-0.028778076171875,-0.028778076171875,1,45,True
-,45,91,136,91,45,136,0,0.0245208740234375,-0.0245208740234375,-0.0245208740234375,1,45,True
-,45,92,137,92,45,137,0,0.33642578125,-0.33642578125,-0.33642578125,1,45,True
-,45,93,138,93,45,138,0,0.045745849609375,-0.045745849609375,-0.045745849609375,1,45,True
-,45,94,139,94,45,139,0,0.033966064453125,-0.033966064453125,-0.033966064453125,1,45,True
-,45,95,140,95,45,140,0,0.031341552734375,-0.031341552734375,-0.031341552734375,1,45,True
-,45,96,141,96,45,141,0,0.1353759765625,-0.1353759765625,-0.1353759765625,1,45,True
-,45,97,142,97,45,142,0,0.061614990234375,-0.061614990234375,-0.061614990234375,1,45,True
-,45,98,143,98,45,143,0,0.47509765625,-0.47509765625,-0.47509765625,1,45,True
-,45,99,144,99,45,144,0,0.158203125,-0.158203125,-0.158203125,1,45,True
-,46,10,56,10,46,56,2,0.0066070556640625,-0.0066070556640625,-0.0066070556640625,1,46,True
-,46,11,57,11,46,57,2,0.050689697265625,-0.050689697265625,-0.050689697265625,1,46,True
-,46,12,58,12,46,58,0,0.005512237548828125,-0.005512237548828125,-0.005512237548828125,1,46,True
-,46,13,59,13,46,59,0,0.02362060546875,-0.02362060546875,-0.02362060546875,1,46,True
-,46,14,60,14,46,60,1,0.007022857666015625,-0.007022857666015625,-0.007022857666015625,1,46,True
-,46,15,61,15,46,61,0,0.01045989990234375,-0.01045989990234375,-0.01045989990234375,1,46,True
-,46,16,62,16,46,62,0,0.00870513916015625,-0.00870513916015625,-0.00870513916015625,1,46,True
-,46,17,63,17,46,63,0,0.018035888671875,-0.018035888671875,-0.018035888671875,1,46,True
-,46,18,64,18,46,64,3,0.019134521484375,-0.019134521484375,-0.019134521484375,1,46,True
-,46,19,65,19,46,65,0,0.0164947509765625,-0.0164947509765625,-0.0164947509765625,1,46,True
-,46,20,66,20,46,66,1,0.0142059326171875,-0.0142059326171875,-0.0142059326171875,1,46,True
-,46,21,67,21,46,67,1,0.0162200927734375,-0.0162200927734375,-0.0162200927734375,1,46,True
-,46,22,68,22,46,68,0,0.332763671875,-0.332763671875,-0.332763671875,1,46,True
-,46,23,69,23,46,69,1,0.0081634521484375,-0.0081634521484375,-0.0081634521484375,1,46,True
-,46,24,70,24,46,70,1,0.03271484375,-0.03271484375,-0.03271484375,1,46,True
-,46,25,71,25,46,71,0,0.0701904296875,-0.0701904296875,-0.0701904296875,1,46,True
-,46,26,72,26,46,72,0,0.007251739501953125,-0.007251739501953125,-0.007251739501953125,1,46,True
-,46,27,73,27,46,73,0,0.004520416259765625,-0.004520416259765625,-0.004520416259765625,1,46,True
-,46,28,74,28,46,74,0,0.01473236083984375,-0.01473236083984375,-0.01473236083984375,1,46,True
-,46,29,75,29,46,75,0,0.024322509765625,-0.024322509765625,-0.024322509765625,1,46,True
-,46,30,76,30,46,76,0,0.004550933837890625,-0.004550933837890625,-0.004550933837890625,1,46,True
-,46,31,77,31,46,77,0,0.0504150390625,-0.0504150390625,-0.0504150390625,1,46,True
-,46,32,78,32,46,78,0,0.01209259033203125,-0.01209259033203125,-0.01209259033203125,1,46,True
-,46,33,79,33,46,79,0,0.004856109619140625,-0.004856109619140625,-0.004856109619140625,1,46,True
-,46,34,80,34,46,80,1,0.019775390625,-0.019775390625,-0.019775390625,1,46,True
-,46,35,81,35,46,81,2,0.007335662841796875,-0.007335662841796875,-0.007335662841796875,1,46,True
-,46,36,82,36,46,82,0,0.00496673583984375,-0.00496673583984375,-0.00496673583984375,1,46,True
-,46,37,83,37,46,83,0,0.03240966796875,-0.03240966796875,-0.03240966796875,1,46,True
-,46,38,84,38,46,84,0,0.3017578125,-0.3017578125,-0.3017578125,1,46,True
-,46,39,85,39,46,85,0,0.02490234375,-0.02490234375,-0.02490234375,1,46,True
-,46,40,86,40,46,86,0,0.028167724609375,-0.028167724609375,-0.028167724609375,1,46,True
-,46,41,87,41,46,87,0,0.12353515625,-0.12353515625,-0.12353515625,1,46,True
-,46,42,88,42,46,88,0,0.00876617431640625,-0.00876617431640625,-0.00876617431640625,1,46,True
-,46,43,89,43,46,89,0,0.264892578125,-0.264892578125,-0.264892578125,1,46,True
-,46,44,90,44,46,90,1,0.0396728515625,-0.0396728515625,-0.0396728515625,1,46,True
-,46,45,91,45,46,91,2,0.2315673828125,-0.2315673828125,-0.2315673828125,1,46,True
-,46,46,92,46,46,92,0,0.0164794921875,-0.0164794921875,-0.0164794921875,1,46,True
-,46,47,93,47,46,93,0,0.0203094482421875,-0.0203094482421875,-0.0203094482421875,1,46,True
-,46,48,94,48,46,94,0,2.453125,-2.453125,-2.453125,1,38,False
-,46,49,95,49,46,95,0,0.1739501953125,-0.1739501953125,-0.1739501953125,1,46,True
-,46,50,96,50,46,96,0,0.0256805419921875,-0.0256805419921875,-0.0256805419921875,1,46,True
-,46,51,97,51,46,97,0,0.0203857421875,-0.0203857421875,-0.0203857421875,1,46,True
-,46,52,98,52,46,98,0,0.14208984375,-0.14208984375,-0.14208984375,1,46,True
-,46,53,99,53,46,99,0,0.0246429443359375,-0.0246429443359375,-0.0246429443359375,1,46,True
-,46,54,100,54,46,100,3,0.00423431396484375,-0.00423431396484375,-0.00423431396484375,1,46,True
-,46,55,101,55,46,101,0,0.2027587890625,-0.2027587890625,-0.2027587890625,1,46,True
-,46,56,102,56,46,102,0,0.07763671875,-0.07763671875,-0.07763671875,1,46,True
-,46,57,103,57,46,103,0,0.090576171875,-0.090576171875,-0.090576171875,1,46,True
-,46,58,104,58,46,104,0,1.9833984375,-1.9833984375,-1.9833984375,1,42,False
-,46,59,105,59,46,105,0,0.047821044921875,-0.047821044921875,-0.047821044921875,1,46,True
-,46,60,106,60,46,106,0,0.04351806640625,-0.04351806640625,-0.04351806640625,1,46,True
-,46,61,107,61,46,107,0,0.043548583984375,-0.043548583984375,-0.043548583984375,1,46,True
-,46,62,108,62,46,108,0,0.0853271484375,-0.0853271484375,-0.0853271484375,1,46,True
-,46,63,109,63,46,109,0,0.097900390625,-0.097900390625,-0.097900390625,1,46,True
-,46,64,110,64,46,110,0,0.32666015625,-0.32666015625,-0.32666015625,1,46,True
-,46,65,111,65,46,111,0,0.94287109375,-0.94287109375,-0.94287109375,1,36,False
-,46,66,112,66,46,112,0,0.2222900390625,-0.2222900390625,-0.2222900390625,1,46,True
-,46,67,113,67,46,113,0,4.33984375,-4.33984375,-4.33984375,1,36,False
-,46,68,114,68,46,114,1,2.40234375,-2.40234375,-2.40234375,1,37,False
-,46,69,115,69,46,115,0,1.7265625,-1.7265625,-1.7265625,1,36,False
-,46,70,116,70,46,116,0,0.66650390625,-0.66650390625,-0.66650390625,1,46,True
-,46,71,117,71,46,117,0,1.8701171875,-1.8701171875,-1.8701171875,1,36,False
-,46,72,118,72,46,118,0,0.54345703125,-0.54345703125,-0.54345703125,1,46,True
-,46,73,119,73,46,119,0,0.166015625,-0.166015625,-0.166015625,1,46,True
-,46,74,120,74,46,120,0,0.053131103515625,-0.053131103515625,-0.053131103515625,1,46,True
-,46,75,121,75,46,121,0,0.0599365234375,-0.0599365234375,-0.0599365234375,1,46,True
-,46,76,122,76,46,122,0,0.78466796875,-0.78466796875,-0.78466796875,1,46,True
-,46,77,123,77,46,123,0,2.287109375,-2.287109375,-2.287109375,1,36,False
-,46,78,124,78,46,124,0,0.6953125,-0.6953125,-0.6953125,1,46,True
-,46,79,125,79,46,125,0,0.74951171875,-0.74951171875,-0.74951171875,1,46,True
-,46,80,126,80,46,126,0,0.1422119140625,-0.1422119140625,-0.1422119140625,1,46,True
-,46,81,127,81,46,127,0,0.74951171875,-0.74951171875,-0.74951171875,1,46,True
-,46,82,128,82,46,128,0,0.2919921875,-0.2919921875,-0.2919921875,1,46,True
-,46,83,129,83,46,129,0,0.08062744140625,-0.08062744140625,-0.08062744140625,1,46,True
-,46,84,130,84,46,130,0,0.088134765625,-0.088134765625,-0.088134765625,1,46,True
-,46,85,131,85,46,131,0,0.1995849609375,-0.1995849609375,-0.1995849609375,1,46,True
-,46,86,132,86,46,132,0,0.0516357421875,-0.0516357421875,-0.0516357421875,1,46,True
-,46,87,133,87,46,133,0,0.56640625,-0.56640625,-0.56640625,1,46,True
-,46,88,134,88,46,134,0,0.181640625,-0.181640625,-0.181640625,1,46,True
-,46,89,135,89,46,135,0,0.06988525390625,-0.06988525390625,-0.06988525390625,1,46,True
-,46,90,136,90,46,136,0,0.0479736328125,-0.0479736328125,-0.0479736328125,1,46,True
-,46,91,137,91,46,137,0,0.279541015625,-0.279541015625,-0.279541015625,1,46,True
-,46,92,138,92,46,138,0,0.08135986328125,-0.08135986328125,-0.08135986328125,1,46,True
-,46,93,139,93,46,139,0,0.04168701171875,-0.04168701171875,-0.04168701171875,1,46,True
-,46,94,140,94,46,140,0,0.07666015625,-0.07666015625,-0.07666015625,1,46,True
-,46,95,141,95,46,141,0,0.11590576171875,-0.11590576171875,-0.11590576171875,1,46,True
-,46,96,142,96,46,142,0,0.49560546875,-0.49560546875,-0.49560546875,1,46,True
-,46,97,143,97,46,143,0,1.2607421875,-1.2607421875,-1.2607421875,1,36,False
-,46,98,144,98,46,144,0,0.054443359375,-0.054443359375,-0.054443359375,1,46,True
-,46,99,145,99,46,145,0,0.2431640625,-0.2431640625,-0.2431640625,1,46,True
-,47,10,57,10,47,57,2,0.0123443603515625,-0.0123443603515625,-0.0123443603515625,1,47,True
-,47,11,58,11,47,58,0,0.048980712890625,-0.048980712890625,-0.048980712890625,1,47,True
-,47,12,59,12,47,59,1,0.0198974609375,-0.0198974609375,-0.0198974609375,1,47,True
-,47,13,60,13,47,60,1,0.01149749755859375,-0.01149749755859375,-0.01149749755859375,1,47,True
-,47,14,61,14,47,61,0,0.013641357421875,-0.013641357421875,-0.013641357421875,1,47,True
-,47,15,62,15,47,62,0,0.0119171142578125,-0.0119171142578125,-0.0119171142578125,1,47,True
-,47,16,63,16,47,63,1,0.043365478515625,-0.043365478515625,-0.043365478515625,1,47,True
-,47,17,64,17,47,64,0,0.11474609375,-0.11474609375,-0.11474609375,1,47,True
-,47,18,65,18,47,65,3,0.014556884765625,-0.014556884765625,-0.014556884765625,1,47,True
-,47,19,66,19,47,66,0,0.04461669921875,-0.04461669921875,-0.04461669921875,1,47,True
-,47,20,67,20,47,67,0,0.041229248046875,-0.041229248046875,-0.041229248046875,1,47,True
-,47,21,68,21,47,68,0,0.022735595703125,-0.022735595703125,-0.022735595703125,1,47,True
-,47,22,69,22,47,69,0,0.0288848876953125,-0.0288848876953125,-0.0288848876953125,1,47,True
-,47,23,70,23,47,70,0,0.09564208984375,-0.09564208984375,-0.09564208984375,1,47,True
-,47,24,71,24,47,71,0,0.290771484375,-0.290771484375,-0.290771484375,1,47,True
-,47,25,72,25,47,72,2,0.11810302734375,-0.11810302734375,-0.11810302734375,1,47,True
-,47,26,73,26,47,73,0,0.043212890625,-0.043212890625,-0.043212890625,1,47,True
-,47,27,74,27,47,74,1,0.00640869140625,-0.00640869140625,-0.00640869140625,1,47,True
-,47,28,75,28,47,75,0,0.0272369384765625,-0.0272369384765625,-0.0272369384765625,1,47,True
-,47,29,76,29,47,76,0,0.3037109375,-0.3037109375,-0.3037109375,1,47,True
-,47,30,77,30,47,77,0,0.01253509521484375,-0.01253509521484375,-0.01253509521484375,1,47,True
-,47,31,78,31,47,78,1,0.017425537109375,-0.017425537109375,-0.017425537109375,1,47,True
-,47,32,79,32,47,79,0,0.0309295654296875,-0.0309295654296875,-0.0309295654296875,1,47,True
-,47,33,80,33,47,80,0,0.016937255859375,-0.016937255859375,-0.016937255859375,1,47,True
-,47,34,81,34,47,81,0,0.051605224609375,-0.051605224609375,-0.051605224609375,1,47,True
-,47,35,82,35,47,82,0,0.05926513671875,-0.05926513671875,-0.05926513671875,1,47,True
-,47,36,83,36,47,83,0,0.019989013671875,-0.019989013671875,-0.019989013671875,1,47,True
-,47,37,84,37,47,84,0,0.031829833984375,-0.031829833984375,-0.031829833984375,1,47,True
-,47,38,85,38,47,85,0,0.2310791015625,-0.2310791015625,-0.2310791015625,1,47,True
-,47,39,86,39,47,86,0,0.11566162109375,-0.11566162109375,-0.11566162109375,1,47,True
-,47,40,87,40,47,87,0,0.161865234375,-0.161865234375,-0.161865234375,1,47,True
-,47,41,88,41,47,88,0,0.28955078125,-0.28955078125,-0.28955078125,1,47,True
-,47,42,89,42,47,89,0,0.3623046875,-0.3623046875,-0.3623046875,1,47,True
-,47,43,90,43,47,90,0,0.10986328125,-0.10986328125,-0.10986328125,1,47,True
-,47,44,91,44,47,91,0,0.405517578125,-0.405517578125,-0.405517578125,1,47,True
-,47,45,92,45,47,92,0,0.0750732421875,-0.0750732421875,-0.0750732421875,1,47,True
-,47,46,93,46,47,93,0,0.033966064453125,-0.033966064453125,-0.033966064453125,1,47,True
-,47,47,94,47,47,94,0,0.1370849609375,-0.1370849609375,-0.1370849609375,1,47,True
-,47,48,95,48,47,95,1,0.475830078125,-0.475830078125,-0.475830078125,1,47,True
-,47,49,96,49,47,96,0,0.2412109375,-0.2412109375,-0.2412109375,1,47,True
-,47,50,97,50,47,97,0,0.0300750732421875,-0.0300750732421875,-0.0300750732421875,1,47,True
-,47,51,98,51,47,98,0,0.11053466796875,-0.11053466796875,-0.11053466796875,1,47,True
-,47,52,99,52,47,99,0,0.110595703125,-0.110595703125,-0.110595703125,1,47,True
-,47,53,100,53,47,100,0,0.039306640625,-0.039306640625,-0.039306640625,1,47,True
-,47,54,101,54,47,101,0,0.06976318359375,-0.06976318359375,-0.06976318359375,1,47,True
-,47,55,102,55,47,102,0,0.11431884765625,-0.11431884765625,-0.11431884765625,1,47,True
-,47,56,103,56,47,103,0,0.64453125,-0.64453125,-0.64453125,1,47,True
-,47,57,104,57,47,104,0,0.351806640625,-0.351806640625,-0.351806640625,1,47,True
-,47,58,105,58,47,105,0,0.111083984375,-0.111083984375,-0.111083984375,1,47,True
-,47,59,106,59,47,106,0,0.404296875,-0.404296875,-0.404296875,1,47,True
-,47,60,107,60,47,107,0,0.1571044921875,-0.1571044921875,-0.1571044921875,1,47,True
-,47,61,108,61,47,108,0,0.0679931640625,-0.0679931640625,-0.0679931640625,1,47,True
-,47,62,109,62,47,109,1,0.54443359375,-0.54443359375,-0.54443359375,1,47,True
-,47,63,110,63,47,110,1,0.5,-0.5,-0.5,1,47,True
-,47,64,111,64,47,111,0,1.3408203125,-1.3408203125,-1.3408203125,1,37,False
-,47,65,112,65,47,112,0,0.46630859375,-0.46630859375,-0.46630859375,1,47,True
-,47,66,113,66,47,113,0,2.228515625,-2.228515625,-2.228515625,1,37,False
-,47,67,114,67,47,114,1,2.435546875,-2.435546875,-2.435546875,1,37,False
-,47,68,115,68,47,115,0,1.71484375,-1.71484375,-1.71484375,1,37,False
-,47,69,116,69,47,116,0,1.8115234375,-1.8115234375,-1.8115234375,1,37,False
-,47,70,117,70,47,117,0,0.9267578125,-0.9267578125,-0.9267578125,1,37,False
-,47,71,118,71,47,118,0,1.9892578125,-1.9892578125,-1.9892578125,1,37,False
-,47,72,119,72,47,119,1,0.08978271484375,-0.08978271484375,-0.08978271484375,1,47,True
-,47,73,120,73,47,120,0,0.08245849609375,-0.08245849609375,-0.08245849609375,1,47,True
-,47,74,121,74,47,121,0,0.91162109375,-0.91162109375,-0.91162109375,1,37,False
-,47,75,122,75,47,122,0,0.638671875,-0.638671875,-0.638671875,1,47,True
-,47,76,123,76,47,123,0,1.4609375,-1.4609375,-1.4609375,1,37,False
-,47,77,124,77,47,124,0,0.391357421875,-0.391357421875,-0.391357421875,1,47,True
-,47,78,125,78,47,125,0,0.310302734375,-0.310302734375,-0.310302734375,1,47,True
-,47,79,126,79,47,126,0,0.64501953125,-0.64501953125,-0.64501953125,1,47,True
-,47,80,127,80,47,127,0,0.521484375,-0.521484375,-0.521484375,1,47,True
-,47,81,128,81,47,128,1,0.405029296875,-0.405029296875,-0.405029296875,1,47,True
-,47,82,129,82,47,129,0,0.1402587890625,-0.1402587890625,-0.1402587890625,1,47,True
-,47,83,130,83,47,130,0,0.08837890625,-0.08837890625,-0.08837890625,1,47,True
-,47,84,131,84,47,131,0,0.275146484375,-0.275146484375,-0.275146484375,1,47,True
-,47,85,132,85,47,132,0,0.172607421875,-0.172607421875,-0.172607421875,1,47,True
-,47,86,133,86,47,133,0,0.112548828125,-0.112548828125,-0.112548828125,1,47,True
-,47,87,134,87,47,134,0,0.1943359375,-0.1943359375,-0.1943359375,1,47,True
-,47,88,135,88,47,135,0,0.08782958984375,-0.08782958984375,-0.08782958984375,1,47,True
-,47,89,136,89,47,136,0,0.12188720703125,-0.12188720703125,-0.12188720703125,1,47,True
-,47,90,137,90,47,137,0,0.1412353515625,-0.1412353515625,-0.1412353515625,1,47,True
-,47,91,138,91,47,138,0,0.11517333984375,-0.11517333984375,-0.11517333984375,1,47,True
-,47,92,139,92,47,139,0,0.439697265625,-0.439697265625,-0.439697265625,1,47,True
-,47,93,140,93,47,140,0,0.059417724609375,-0.059417724609375,-0.059417724609375,1,47,True
-,47,94,141,94,47,141,0,0.1400146484375,-0.1400146484375,-0.1400146484375,1,47,True
-,47,95,142,95,47,142,0,0.5263671875,-0.5263671875,-0.5263671875,1,47,True
-,47,96,143,96,47,143,0,1.619140625,-1.619140625,-1.619140625,1,41,False
-,47,97,144,97,47,144,0,0.027374267578125,-0.027374267578125,-0.027374267578125,1,47,True
-,47,98,145,98,47,145,0,0.07958984375,-0.07958984375,-0.07958984375,1,47,True
-,47,99,146,99,47,146,0,0.318115234375,-0.318115234375,-0.318115234375,1,47,True
-,48,10,58,10,48,58,0,0.01861572265625,-0.01861572265625,-0.01861572265625,1,48,True
-,48,11,59,11,48,59,1,0.061431884765625,-0.061431884765625,-0.061431884765625,1,48,True
-,48,12,60,12,48,60,9,0.005023956298828125,-0.005023956298828125,-0.005023956298828125,1,48,True
-,48,13,61,13,48,61,0,0.002468109130859375,-0.002468109130859375,-0.002468109130859375,1,48,True
-,48,14,62,14,48,62,1,0.00518035888671875,-0.00518035888671875,-0.00518035888671875,1,48,True
-,48,15,63,15,48,63,1,0.032867431640625,-0.032867431640625,-0.032867431640625,1,48,True
-,48,16,64,16,48,64,22,0.03436279296875,-0.03436279296875,-0.03436279296875,1,48,True
-,48,17,65,17,48,65,0,0.10430908203125,-0.10430908203125,-0.10430908203125,1,48,True
-,48,18,66,18,48,66,0,0.00994873046875,-0.00994873046875,-0.00994873046875,1,48,True
-,48,19,67,19,48,67,0,0.086181640625,-0.086181640625,-0.086181640625,1,48,True
-,48,20,68,20,48,68,2,0.0191497802734375,-0.0191497802734375,-0.0191497802734375,1,48,True
-,48,21,69,21,48,69,1,0.0223388671875,-0.0223388671875,-0.0223388671875,1,48,True
-,48,22,70,22,48,70,2,0.01497650146484375,-0.01497650146484375,-0.01497650146484375,1,48,True
-,48,23,71,23,48,71,2,0.015106201171875,-0.015106201171875,-0.015106201171875,1,48,True
-,48,24,72,24,48,72,4,0.0164337158203125,-0.0164337158203125,-0.0164337158203125,1,48,True
-,48,25,73,25,48,73,0,0.0537109375,-0.0537109375,-0.0537109375,1,48,True
-,48,26,74,26,48,74,2,0.0138702392578125,-0.0138702392578125,-0.0138702392578125,1,48,True
-,48,27,75,27,48,75,0,0.0284881591796875,-0.0284881591796875,-0.0284881591796875,1,48,True
-,48,28,76,28,48,76,0,0.015655517578125,-0.015655517578125,-0.015655517578125,1,48,True
-,48,29,77,29,48,77,0,0.1109619140625,-0.1109619140625,-0.1109619140625,1,48,True
-,48,30,78,30,48,78,1,0.0176849365234375,-0.0176849365234375,-0.0176849365234375,1,48,True
-,48,31,79,31,48,79,1,0.056121826171875,-0.056121826171875,-0.056121826171875,1,48,True
-,48,32,80,32,48,80,2,0.00748443603515625,-0.00748443603515625,-0.00748443603515625,1,48,True
-,48,33,81,33,48,81,2,0.0218658447265625,-0.0218658447265625,-0.0218658447265625,1,48,True
-,48,34,82,34,48,82,0,0.01430511474609375,-0.01430511474609375,-0.01430511474609375,1,48,True
-,48,35,83,35,48,83,0,0.0187225341796875,-0.0187225341796875,-0.0187225341796875,1,48,True
-,48,36,84,36,48,84,0,0.03143310546875,-0.03143310546875,-0.03143310546875,1,48,True
-,48,37,85,37,48,85,0,0.04803466796875,-0.04803466796875,-0.04803466796875,1,48,True
-,48,38,86,38,48,86,0,0.04742431640625,-0.04742431640625,-0.04742431640625,1,48,True
-,48,39,87,39,48,87,0,0.04962158203125,-0.04962158203125,-0.04962158203125,1,48,True
-,48,40,88,40,48,88,2,0.0247955322265625,-0.0247955322265625,-0.0247955322265625,1,48,True
-,48,41,89,41,48,89,0,0.32080078125,-0.32080078125,-0.32080078125,1,48,True
-,48,42,90,42,48,90,2,0.263427734375,-0.263427734375,-0.263427734375,1,48,True
-,48,43,91,43,48,91,4,0.04241943359375,-0.04241943359375,-0.04241943359375,1,48,True
-,48,44,92,44,48,92,0,0.0526123046875,-0.0526123046875,-0.0526123046875,1,48,True
-,48,45,93,45,48,93,1,0.021881103515625,-0.021881103515625,-0.021881103515625,1,48,True
-,48,46,94,46,48,94,0,0.0257415771484375,-0.0257415771484375,-0.0257415771484375,1,48,True
-,48,47,95,47,48,95,0,0.037841796875,-0.037841796875,-0.037841796875,1,48,True
-,48,48,96,48,48,96,0,0.457275390625,-0.457275390625,-0.457275390625,1,48,True
-,48,49,97,49,48,97,0,0.06707763671875,-0.06707763671875,-0.06707763671875,1,48,True
-,48,50,98,50,48,98,0,0.01216888427734375,-0.01216888427734375,-0.01216888427734375,1,48,True
-,48,51,99,51,48,99,0,0.053375244140625,-0.053375244140625,-0.053375244140625,1,48,True
-,48,52,100,52,48,100,1,0.0282135009765625,-0.0282135009765625,-0.0282135009765625,1,48,True
-,48,53,101,53,48,101,1,0.060943603515625,-0.060943603515625,-0.060943603515625,1,48,True
-,48,54,102,54,48,102,0,0.022003173828125,-0.022003173828125,-0.022003173828125,1,48,True
-,48,55,103,55,48,103,0,0.3115234375,-0.3115234375,-0.3115234375,1,48,True
-,48,56,104,56,48,104,0,0.59375,-0.59375,-0.59375,1,48,True
-,48,57,105,57,48,105,0,0.052581787109375,-0.052581787109375,-0.052581787109375,1,48,True
-,48,58,106,58,48,106,0,0.0673828125,-0.0673828125,-0.0673828125,1,48,True
-,48,59,107,59,48,107,0,0.27587890625,-0.27587890625,-0.27587890625,1,48,True
-,48,60,108,60,48,108,0,0.5869140625,-0.5869140625,-0.5869140625,1,48,True
-,48,61,109,61,48,109,0,0.2432861328125,-0.2432861328125,-0.2432861328125,1,48,True
-,48,62,110,62,48,110,0,0.420654296875,-0.420654296875,-0.420654296875,1,48,True
-,48,63,111,63,48,111,1,0.6357421875,-0.6357421875,-0.6357421875,1,48,True
-,48,64,112,64,48,112,0,0.681640625,-0.681640625,-0.681640625,1,48,True
-,48,65,113,65,48,113,0,2.0546875,-2.0546875,-2.0546875,1,38,False
-,48,66,114,66,48,114,0,1.0107421875,-1.0107421875,-1.0107421875,1,48,True
-,48,67,115,67,48,115,0,0.494384765625,-0.494384765625,-0.494384765625,1,48,True
-,48,68,116,68,48,116,0,1.34765625,-1.34765625,-1.34765625,1,38,False
-,48,69,117,69,48,117,0,0.65673828125,-0.65673828125,-0.65673828125,1,48,True
-,48,70,118,70,48,118,0,0.73046875,-0.73046875,-0.73046875,1,48,True
-,48,71,119,71,48,119,0,0.64892578125,-0.64892578125,-0.64892578125,1,48,True
-,48,72,120,72,48,120,4,0.053009033203125,-0.053009033203125,-0.053009033203125,1,48,True
-,48,73,121,73,48,121,0,0.19189453125,-0.19189453125,-0.19189453125,1,48,True
-,48,74,122,74,48,122,0,0.165283203125,-0.165283203125,-0.165283203125,1,48,True
-,48,75,123,75,48,123,0,0.7578125,-0.7578125,-0.7578125,1,48,True
-,48,76,124,76,48,124,0,0.443603515625,-0.443603515625,-0.443603515625,1,48,True
-,48,77,125,77,48,125,0,0.365966796875,-0.365966796875,-0.365966796875,1,48,True
-,48,78,126,78,48,126,1,0.1268310546875,-0.1268310546875,-0.1268310546875,1,48,True
-,48,79,127,79,48,127,0,0.72216796875,-0.72216796875,-0.72216796875,1,48,True
-,48,80,128,80,48,128,2,0.3427734375,-0.3427734375,-0.3427734375,1,48,True
-,48,81,129,81,48,129,0,0.298583984375,-0.298583984375,-0.298583984375,1,48,True
-,48,82,130,82,48,130,0,0.05340576171875,-0.05340576171875,-0.05340576171875,1,48,True
-,48,83,131,83,48,131,0,0.06378173828125,-0.06378173828125,-0.06378173828125,1,48,True
-,48,84,132,84,48,132,0,0.29248046875,-0.29248046875,-0.29248046875,1,48,True
-,48,85,133,85,48,133,0,0.60009765625,-0.60009765625,-0.60009765625,1,48,True
-,48,86,134,86,48,134,0,0.1453857421875,-0.1453857421875,-0.1453857421875,1,48,True
-,48,87,135,87,48,135,1,0.29150390625,-0.29150390625,-0.29150390625,1,48,True
-,48,88,136,88,48,136,0,0.0210418701171875,-0.0210418701171875,-0.0210418701171875,1,48,True
-,48,89,137,89,48,137,0,0.08001708984375,-0.08001708984375,-0.08001708984375,1,48,True
-,48,90,138,90,48,138,0,0.0203704833984375,-0.0203704833984375,-0.0203704833984375,1,48,True
-,48,91,139,91,48,139,0,0.204833984375,-0.204833984375,-0.204833984375,1,48,True
-,48,92,140,92,48,140,0,0.53369140625,-0.53369140625,-0.53369140625,1,48,True
-,48,93,141,93,48,141,0,0.02447509765625,-0.02447509765625,-0.02447509765625,1,48,True
-,48,94,142,94,48,142,0,0.074951171875,-0.074951171875,-0.074951171875,1,48,True
-,48,95,143,95,48,143,0,1.48046875,-1.48046875,-1.48046875,1,38,False
-,48,96,144,96,48,144,0,0.056365966796875,-0.056365966796875,-0.056365966796875,1,48,True
-,48,97,145,97,48,145,0,2.078125,-2.078125,-2.078125,1,42,False
-,48,98,146,98,48,146,0,0.1055908203125,-0.1055908203125,-0.1055908203125,1,48,True
-,48,99,147,99,48,147,1,4.01953125,-4.01953125,-4.01953125,1,44,False
-,49,10,59,10,49,59,0,0.015106201171875,-0.015106201171875,-0.015106201171875,1,49,True
-,49,11,60,11,49,60,2,0.01268768310546875,-0.01268768310546875,-0.01268768310546875,1,49,True
-,49,12,61,12,49,61,1,0.0103759765625,-0.0103759765625,-0.0103759765625,1,49,True
-,49,13,62,13,49,62,0,0.00818634033203125,-0.00818634033203125,-0.00818634033203125,1,49,True
-,49,14,63,14,49,63,0,0.08697509765625,-0.08697509765625,-0.08697509765625,1,49,True
-,49,15,64,15,49,64,1,0.0751953125,-0.0751953125,-0.0751953125,1,49,True
-,49,16,65,16,49,65,0,0.06951904296875,-0.06951904296875,-0.06951904296875,1,49,True
-,49,17,66,17,49,66,0,0.04534912109375,-0.04534912109375,-0.04534912109375,1,49,True
-,49,18,67,18,49,67,0,0.071044921875,-0.071044921875,-0.071044921875,1,49,True
-,49,19,68,19,49,68,0,0.353759765625,-0.353759765625,-0.353759765625,1,49,True
-,49,20,69,20,49,69,1,0.042755126953125,-0.042755126953125,-0.042755126953125,1,49,True
-,49,21,70,21,49,70,0,0.0304718017578125,-0.0304718017578125,-0.0304718017578125,1,49,True
-,49,22,71,22,49,71,1,0.142333984375,-0.142333984375,-0.142333984375,1,49,True
-,49,23,72,23,49,72,2,0.015533447265625,-0.015533447265625,-0.015533447265625,1,49,True
-,49,24,73,24,49,73,0,0.1881103515625,-0.1881103515625,-0.1881103515625,1,49,True
-,49,25,74,25,49,74,0,0.064453125,-0.064453125,-0.064453125,1,49,True
-,49,26,75,26,49,75,0,0.0325927734375,-0.0325927734375,-0.0325927734375,1,49,True
-,49,27,76,27,49,76,0,0.08648681640625,-0.08648681640625,-0.08648681640625,1,49,True
-,49,28,77,28,49,77,1,0.10577392578125,-0.10577392578125,-0.10577392578125,1,49,True
-,49,29,78,29,49,78,0,0.0751953125,-0.0751953125,-0.0751953125,1,49,True
-,49,30,79,30,49,79,1,0.01153564453125,-0.01153564453125,-0.01153564453125,1,49,True
-,49,31,80,31,49,80,1,0.0919189453125,-0.0919189453125,-0.0919189453125,1,49,True
-,49,32,81,32,49,81,0,0.03216552734375,-0.03216552734375,-0.03216552734375,1,49,True
-,49,33,82,33,49,82,0,0.0222015380859375,-0.0222015380859375,-0.0222015380859375,1,49,True
-,49,34,83,34,49,83,1,0.10321044921875,-0.10321044921875,-0.10321044921875,1,49,True
-,49,35,84,35,49,84,0,0.11468505859375,-0.11468505859375,-0.11468505859375,1,49,True
-,49,36,85,36,49,85,1,0.0218048095703125,-0.0218048095703125,-0.0218048095703125,1,49,True
-,49,37,86,37,49,86,0,0.10235595703125,-0.10235595703125,-0.10235595703125,1,49,True
-,49,38,87,38,49,87,0,0.2161865234375,-0.2161865234375,-0.2161865234375,1,49,True
-,49,39,88,39,49,88,0,0.5927734375,-0.5927734375,-0.5927734375,1,49,True
-,49,40,89,40,49,89,0,0.50341796875,-0.50341796875,-0.50341796875,1,49,True
-,49,41,90,41,49,90,0,0.197509765625,-0.197509765625,-0.197509765625,1,49,True
-,49,42,91,42,49,91,0,0.310546875,-0.310546875,-0.310546875,1,49,True
-,49,43,92,43,49,92,0,0.136474609375,-0.136474609375,-0.136474609375,1,49,True
-,49,44,93,44,49,93,0,0.349853515625,-0.349853515625,-0.349853515625,1,49,True
-,49,45,94,45,49,94,0,0.0430908203125,-0.0430908203125,-0.0430908203125,1,49,True
-,49,46,95,46,49,95,0,0.04339599609375,-0.04339599609375,-0.04339599609375,1,49,True
-,49,47,96,47,49,96,4,0.60693359375,-0.60693359375,-0.60693359375,1,49,True
-,49,48,97,48,49,97,1,0.06451416015625,-0.06451416015625,-0.06451416015625,1,49,True
-,49,49,98,49,49,98,0,0.2166748046875,-0.2166748046875,-0.2166748046875,1,49,True
-,49,50,99,50,49,99,0,0.03826904296875,-0.03826904296875,-0.03826904296875,1,49,True
-,49,51,100,51,49,100,0,0.0229644775390625,-0.0229644775390625,-0.0229644775390625,1,49,True
-,49,52,101,52,49,101,0,0.2037353515625,-0.2037353515625,-0.2037353515625,1,49,True
-,49,53,102,53,49,102,0,0.048004150390625,-0.048004150390625,-0.048004150390625,1,49,True
-,49,54,103,54,49,103,1,0.1024169921875,-0.1024169921875,-0.1024169921875,1,49,True
-,49,55,104,55,49,104,0,0.97607421875,-0.97607421875,-0.97607421875,1,39,False
-,49,56,105,56,49,105,0,0.179443359375,-0.179443359375,-0.179443359375,1,49,True
-,49,57,106,57,49,106,0,0.2022705078125,-0.2022705078125,-0.2022705078125,1,49,True
-,49,58,107,58,49,107,0,0.3876953125,-0.3876953125,-0.3876953125,1,49,True
-,49,59,108,59,49,108,0,0.345947265625,-0.345947265625,-0.345947265625,1,49,True
-,49,60,109,60,49,109,0,0.1976318359375,-0.1976318359375,-0.1976318359375,1,49,True
-,49,61,110,61,49,110,0,0.044708251953125,-0.044708251953125,-0.044708251953125,1,49,True
-,49,62,111,62,49,111,0,0.469482421875,-0.469482421875,-0.469482421875,1,49,True
-,49,63,112,63,49,112,0,0.70751953125,-0.70751953125,-0.70751953125,1,49,True
-,49,64,113,64,49,113,3,2.587890625,-2.587890625,-2.587890625,1,39,False
-,49,65,114,65,49,114,0,1.0146484375,-1.0146484375,-1.0146484375,1,39,False
-,49,66,115,66,49,115,0,0.31982421875,-0.31982421875,-0.31982421875,1,49,True
-,49,67,116,67,49,116,0,0.931640625,-0.931640625,-0.931640625,1,39,False
-,49,68,117,68,49,117,0,0.94189453125,-0.94189453125,-0.94189453125,1,39,False
-,49,69,118,69,49,118,0,1.4208984375,-1.4208984375,-1.4208984375,1,39,False
-,49,70,119,70,49,119,0,0.5361328125,-0.5361328125,-0.5361328125,1,49,True
-,49,71,120,71,49,120,0,0.346435546875,-0.346435546875,-0.346435546875,1,49,True
-,49,72,121,72,49,121,0,0.123046875,-0.123046875,-0.123046875,1,49,True
-,49,73,122,73,49,122,1,0.50732421875,-0.50732421875,-0.50732421875,1,49,True
-,49,74,123,74,49,123,0,0.65771484375,-0.65771484375,-0.65771484375,1,49,True
-,49,75,124,75,49,124,0,0.32666015625,-0.32666015625,-0.32666015625,1,49,True
-,49,76,125,76,49,125,0,0.4912109375,-0.4912109375,-0.4912109375,1,49,True
-,49,77,126,77,49,126,0,0.6328125,-0.6328125,-0.6328125,1,49,True
-,49,78,127,78,49,127,0,0.492919921875,-0.492919921875,-0.492919921875,1,49,True
-,49,79,128,79,49,128,0,1.3447265625,-1.3447265625,-1.3447265625,1,39,False
-,49,80,129,80,49,129,0,0.1824951171875,-0.1824951171875,-0.1824951171875,1,49,True
-,49,81,130,81,49,130,0,0.1712646484375,-0.1712646484375,-0.1712646484375,1,49,True
-,49,82,131,82,49,131,0,0.442626953125,-0.442626953125,-0.442626953125,1,49,True
-,49,83,132,83,49,132,0,0.2479248046875,-0.2479248046875,-0.2479248046875,1,49,True
-,49,84,133,84,49,133,1,0.37890625,-0.37890625,-0.37890625,1,49,True
-,49,85,134,85,49,134,0,0.40966796875,-0.40966796875,-0.40966796875,1,49,True
-,49,86,135,86,49,135,0,0.04400634765625,-0.04400634765625,-0.04400634765625,1,49,True
-,49,87,136,87,49,136,0,0.10400390625,-0.10400390625,-0.10400390625,1,49,True
-,49,88,137,88,49,137,0,0.501953125,-0.501953125,-0.501953125,1,49,True
-,49,89,138,89,49,138,0,0.162109375,-0.162109375,-0.162109375,1,49,True
-,49,90,139,90,49,139,0,0.4814453125,-0.4814453125,-0.4814453125,1,49,True
-,49,91,140,91,49,140,0,0.52294921875,-0.52294921875,-0.52294921875,1,49,True
-,49,92,141,92,49,141,0,0.150634765625,-0.150634765625,-0.150634765625,1,49,True
-,49,93,142,93,49,142,0,0.08087158203125,-0.08087158203125,-0.08087158203125,1,49,True
-,49,94,143,94,49,143,0,0.310302734375,-0.310302734375,-0.310302734375,1,49,True
-,49,95,144,95,49,144,0,0.155517578125,-0.155517578125,-0.155517578125,1,49,True
-,49,96,145,96,49,145,0,0.97265625,-0.97265625,-0.97265625,1,49,True
-,49,97,146,97,49,146,0,0.09075927734375,-0.09075927734375,-0.09075927734375,1,49,True
-,49,98,147,98,49,147,0,0.019287109375,-0.019287109375,-0.019287109375,1,49,True
-,49,99,148,99,49,148,0,0.1104736328125,-0.1104736328125,-0.1104736328125,1,49,True
-,50,10,60,10,50,60,10,0.005901336669921875,-0.005901336669921875,-0.005901336669921875,1,50,True
-,50,11,61,11,50,61,0,0.006954193115234375,-0.006954193115234375,-0.006954193115234375,1,50,True
-,50,12,62,12,50,62,0,0.0184478759765625,-0.0184478759765625,-0.0184478759765625,1,50,True
-,50,13,63,13,50,63,1,0.06494140625,-0.06494140625,-0.06494140625,1,50,True
-,50,14,64,14,50,64,6,0.05859375,-0.05859375,-0.05859375,1,50,True
-,50,15,65,15,50,65,1,0.00769805908203125,-0.00769805908203125,-0.00769805908203125,1,50,True
-,50,16,66,16,50,66,0,0.01091766357421875,-0.01091766357421875,-0.01091766357421875,1,50,True
-,50,17,67,17,50,67,1,0.293212890625,-0.293212890625,-0.293212890625,1,50,True
-,50,18,68,18,50,68,1,0.7529296875,-0.7529296875,-0.7529296875,1,50,True
-,50,19,69,19,50,69,0,0.0316162109375,-0.0316162109375,-0.0316162109375,1,50,True
-,50,20,70,20,50,70,6,0.006008148193359375,-0.006008148193359375,-0.006008148193359375,1,50,True
-,50,21,71,21,50,71,0,0.016876220703125,-0.016876220703125,-0.016876220703125,1,50,True
-,50,22,72,22,50,72,1,0.0894775390625,-0.0894775390625,-0.0894775390625,1,50,True
-,50,23,73,23,50,73,0,2.38671875,-2.38671875,-2.38671875,1,48,False
-,50,24,74,24,50,74,1,0.03558349609375,-0.03558349609375,-0.03558349609375,1,50,True
-,50,25,75,25,50,75,6,0.062255859375,-0.062255859375,-0.062255859375,1,50,True
-,50,26,76,26,50,76,0,0.08013916015625,-0.08013916015625,-0.08013916015625,1,50,True
-,50,27,77,27,50,77,0,0.046417236328125,-0.046417236328125,-0.046417236328125,1,50,True
-,50,28,78,28,50,78,2,0.497314453125,-0.497314453125,-0.497314453125,1,50,True
-,50,29,79,29,50,79,2,0.2264404296875,-0.2264404296875,-0.2264404296875,1,50,True
-,50,30,80,30,50,80,6,0.004756927490234375,-0.004756927490234375,-0.004756927490234375,1,50,True
-,50,31,81,31,50,81,0,0.0059967041015625,-0.0059967041015625,-0.0059967041015625,1,50,True
-,50,32,82,32,50,82,0,0.0704345703125,-0.0704345703125,-0.0704345703125,1,50,True
-,50,33,83,33,50,83,0,0.634765625,-0.634765625,-0.634765625,1,50,True
-,50,34,84,34,50,84,0,0.1522216796875,-0.1522216796875,-0.1522216796875,1,50,True
-,50,35,85,35,50,85,1,0.1082763671875,-0.1082763671875,-0.1082763671875,1,50,True
-,50,36,86,36,50,86,0,0.01093292236328125,-0.01093292236328125,-0.01093292236328125,1,50,True
-,50,37,87,37,50,87,0,0.08660888671875,-0.08660888671875,-0.08660888671875,1,50,True
-,50,38,88,38,50,88,1,0.39501953125,-0.39501953125,-0.39501953125,1,50,True
-,50,39,89,39,50,89,0,1.5693359375,-1.5693359375,-1.5693359375,1,40,False
-,50,40,90,40,50,90,7,0.225341796875,-0.225341796875,-0.225341796875,1,50,True
-,50,41,91,41,50,91,0,0.27392578125,-0.27392578125,-0.27392578125,1,50,True
-,50,42,92,42,50,92,0,0.0894775390625,-0.0894775390625,-0.0894775390625,1,50,True
-,50,43,93,43,50,93,0,0.62109375,-0.62109375,-0.62109375,1,50,True
-,50,44,94,44,50,94,0,0.1820068359375,-0.1820068359375,-0.1820068359375,1,50,True
-,50,45,95,45,50,95,0,0.0843505859375,-0.0843505859375,-0.0843505859375,1,50,True
-,50,46,96,46,50,96,1,0.042877197265625,-0.042877197265625,-0.042877197265625,1,50,True
-,50,47,97,47,50,97,0,0.320556640625,-0.320556640625,-0.320556640625,1,50,True
-,50,48,98,48,50,98,0,0.87109375,-0.87109375,-0.87109375,1,50,True
-,50,49,99,49,50,99,1,0.2225341796875,-0.2225341796875,-0.2225341796875,1,50,True
-,50,50,100,50,50,100,26,0.0167083740234375,-0.0167083740234375,-0.0167083740234375,1,50,True
-,50,51,101,51,50,101,1,0.1932373046875,-0.1932373046875,-0.1932373046875,1,50,True
-,50,52,102,52,50,102,0,0.3642578125,-0.3642578125,-0.3642578125,1,50,True
-,50,53,103,53,50,103,0,0.93017578125,-0.93017578125,-0.93017578125,1,50,True
-,50,54,104,54,50,104,0,0.5703125,-0.5703125,-0.5703125,1,50,True
-,50,55,105,55,50,105,0,0.36181640625,-0.36181640625,-0.36181640625,1,50,True
-,50,56,106,56,50,106,0,0.414794921875,-0.414794921875,-0.414794921875,1,50,True
-,50,57,107,57,50,107,2,0.32861328125,-0.32861328125,-0.32861328125,1,50,True
-,50,58,108,58,50,108,0,0.4892578125,-0.4892578125,-0.4892578125,1,50,True
-,50,59,109,59,50,109,0,0.70703125,-0.70703125,-0.70703125,1,50,True
-,50,60,110,60,50,110,2,0.10638427734375,-0.10638427734375,-0.10638427734375,1,50,True
-,50,61,111,61,50,111,0,0.1824951171875,-0.1824951171875,-0.1824951171875,1,50,True
-,50,62,112,62,50,112,0,0.447509765625,-0.447509765625,-0.447509765625,1,50,True
-,50,63,113,63,50,113,0,3.197265625,-3.197265625,-3.197265625,1,40,False
-,50,64,114,64,50,114,0,1.5927734375,-1.5927734375,-1.5927734375,1,40,False
-,50,65,115,65,50,115,0,1.1806640625,-1.1806640625,-1.1806640625,1,40,False
-,50,66,116,66,50,116,0,0.399169921875,-0.399169921875,-0.399169921875,1,50,True
-,50,67,117,67,50,117,0,1.5986328125,-1.5986328125,-1.5986328125,1,40,False
-,50,68,118,68,50,118,0,2.173828125,-2.173828125,-2.173828125,1,42,False
-,50,69,119,69,50,119,0,1.5693359375,-1.5693359375,-1.5693359375,1,40,False
-,50,70,120,70,50,120,1,0.270751953125,-0.270751953125,-0.270751953125,1,50,True
-,50,71,121,71,50,121,0,0.2156982421875,-0.2156982421875,-0.2156982421875,1,50,True
-,50,72,122,72,50,122,0,0.8056640625,-0.8056640625,-0.8056640625,1,50,True
-,50,73,123,73,50,123,0,2.224609375,-2.224609375,-2.224609375,1,40,False
-,50,74,124,74,50,124,0,0.6474609375,-0.6474609375,-0.6474609375,1,50,True
-,50,75,125,75,50,125,2,0.71630859375,-0.71630859375,-0.71630859375,1,50,True
-,50,76,126,76,50,126,0,0.1180419921875,-0.1180419921875,-0.1180419921875,1,50,True
-,50,77,127,77,50,127,0,1.876953125,-1.876953125,-1.876953125,1,40,False
-,50,78,128,78,50,128,1,0.44384765625,-0.44384765625,-0.44384765625,1,50,True
-,50,79,129,79,50,129,0,0.4189453125,-0.4189453125,-0.4189453125,1,50,True
-,50,80,130,80,50,130,0,0.287109375,-0.287109375,-0.287109375,1,50,True
-,50,81,131,81,50,131,0,0.334716796875,-0.334716796875,-0.334716796875,1,50,True
-,50,82,132,82,50,132,0,0.170654296875,-0.170654296875,-0.170654296875,1,50,True
-,50,83,133,83,50,133,0,3.6953125,-3.6953125,-3.6953125,1,44,False
-,50,84,134,84,50,134,0,0.1341552734375,-0.1341552734375,-0.1341552734375,1,50,True
-,50,85,135,85,50,135,0,0.258544921875,-0.258544921875,-0.258544921875,1,50,True
-,50,86,136,86,50,136,0,0.020721435546875,-0.020721435546875,-0.020721435546875,1,50,True
-,50,87,137,87,50,137,0,0.56640625,-0.56640625,-0.56640625,1,50,True
-,50,88,138,88,50,138,0,0.053985595703125,-0.053985595703125,-0.053985595703125,1,50,True
-,50,89,139,89,50,139,0,0.65185546875,-0.65185546875,-0.65185546875,1,50,True
-,50,90,140,90,50,140,2,0.2587890625,-0.2587890625,-0.2587890625,1,50,True
-,50,91,141,91,50,141,0,0.0322265625,-0.0322265625,-0.0322265625,1,50,True
-,50,92,142,92,50,142,0,0.24951171875,-0.24951171875,-0.24951171875,1,50,True
-,50,93,143,93,50,143,0,1.9443359375,-1.9443359375,-1.9443359375,1,40,False
-,50,94,144,94,50,144,0,0.01293182373046875,-0.01293182373046875,-0.01293182373046875,1,50,True
-,50,95,145,95,50,145,0,0.4892578125,-0.4892578125,-0.4892578125,1,50,True
-,50,96,146,96,50,146,0,0.6416015625,-0.6416015625,-0.6416015625,1,50,True
-,50,97,147,97,50,147,0,0.64599609375,-0.64599609375,-0.64599609375,1,50,True
-,50,98,148,98,50,148,0,1.001953125,-1.001953125,-1.001953125,1,49,False
-,50,99,149,99,50,149,0,0.374755859375,-0.374755859375,-0.374755859375,1,50,True
-,51,10,61,10,51,61,3,0.0028839111328125,-0.0028839111328125,-0.0028839111328125,1,51,True
-,51,11,62,11,51,62,0,0.005367279052734375,-0.005367279052734375,-0.005367279052734375,1,51,True
-,51,12,63,12,51,63,0,0.0121612548828125,-0.0121612548828125,-0.0121612548828125,1,51,True
-,51,13,64,13,51,64,1,0.004791259765625,-0.004791259765625,-0.004791259765625,1,51,True
-,51,14,65,14,51,65,0,0.018951416015625,-0.018951416015625,-0.018951416015625,1,51,True
-,51,15,66,15,51,66,3,0.024017333984375,-0.024017333984375,-0.024017333984375,1,51,True
-,51,16,67,16,51,67,0,0.049102783203125,-0.049102783203125,-0.049102783203125,1,51,True
-,51,17,68,17,51,68,0,0.2479248046875,-0.2479248046875,-0.2479248046875,1,51,True
-,51,18,69,18,51,69,0,0.042083740234375,-0.042083740234375,-0.042083740234375,1,51,True
-,51,19,70,19,51,70,0,0.134033203125,-0.134033203125,-0.134033203125,1,51,True
-,51,20,71,20,51,71,0,0.10009765625,-0.10009765625,-0.10009765625,1,51,True
-,51,21,72,21,51,72,2,0.0165863037109375,-0.0165863037109375,-0.0165863037109375,1,51,True
-,51,22,73,22,51,73,0,0.0256805419921875,-0.0256805419921875,-0.0256805419921875,1,51,True
-,51,23,74,23,51,74,0,0.07476806640625,-0.07476806640625,-0.07476806640625,1,51,True
-,51,24,75,24,51,75,0,0.0230865478515625,-0.0230865478515625,-0.0230865478515625,1,51,True
-,51,25,76,25,51,76,0,0.6982421875,-0.6982421875,-0.6982421875,1,51,True
-,51,26,77,26,51,77,0,0.059906005859375,-0.059906005859375,-0.059906005859375,1,51,True
-,51,27,78,27,51,78,1,0.006832122802734375,-0.006832122802734375,-0.006832122802734375,1,51,True
-,51,28,79,28,51,79,0,0.018951416015625,-0.018951416015625,-0.018951416015625,1,51,True
-,51,29,80,29,51,80,1,0.07403564453125,-0.07403564453125,-0.07403564453125,1,51,True
-,51,30,81,30,51,81,0,0.007671356201171875,-0.007671356201171875,-0.007671356201171875,1,51,True
-,51,31,82,31,51,82,0,0.021087646484375,-0.021087646484375,-0.021087646484375,1,51,True
-,51,32,83,32,51,83,1,0.053375244140625,-0.053375244140625,-0.053375244140625,1,51,True
-,51,33,84,33,51,84,0,0.004039764404296875,-0.004039764404296875,-0.004039764404296875,1,51,True
-,51,34,85,34,51,85,0,0.032684326171875,-0.032684326171875,-0.032684326171875,1,51,True
-,51,35,86,35,51,86,0,0.93310546875,-0.93310546875,-0.93310546875,1,41,False
-,51,36,87,36,51,87,0,0.01313018798828125,-0.01313018798828125,-0.01313018798828125,1,51,True
-,51,37,88,37,51,88,1,0.10107421875,-0.10107421875,-0.10107421875,1,51,True
-,51,38,89,38,51,89,2,1.0087890625,-1.0087890625,-1.0087890625,1,41,False
-,51,39,90,39,51,90,1,0.10382080078125,-0.10382080078125,-0.10382080078125,1,51,True
-,51,40,91,40,51,91,0,0.60791015625,-0.60791015625,-0.60791015625,1,51,True
-,51,41,92,41,51,92,0,0.05706787109375,-0.05706787109375,-0.05706787109375,1,51,True
-,51,42,93,42,51,93,0,0.05145263671875,-0.05145263671875,-0.05145263671875,1,51,True
-,51,43,94,43,51,94,0,0.048614501953125,-0.048614501953125,-0.048614501953125,1,51,True
-,51,44,95,44,51,95,0,0.1019287109375,-0.1019287109375,-0.1019287109375,1,51,True
-,51,45,96,45,51,96,1,0.05169677734375,-0.05169677734375,-0.05169677734375,1,51,True
-,51,46,97,46,51,97,0,0.0270843505859375,-0.0270843505859375,-0.0270843505859375,1,51,True
-,51,47,98,47,51,98,1,0.381591796875,-0.381591796875,-0.381591796875,1,51,True
-,51,48,99,48,51,99,1,0.1378173828125,-0.1378173828125,-0.1378173828125,1,51,True
-,51,49,100,49,51,100,3,0.050079345703125,-0.050079345703125,-0.050079345703125,1,51,True
-,51,50,101,50,51,101,0,0.1253662109375,-0.1253662109375,-0.1253662109375,1,51,True
-,51,51,102,51,51,102,0,0.043487548828125,-0.043487548828125,-0.043487548828125,1,51,True
-,51,52,103,52,51,103,0,1.6103515625,-1.6103515625,-1.6103515625,1,41,False
-,51,53,104,53,51,104,0,0.436767578125,-0.436767578125,-0.436767578125,1,51,True
-,51,54,105,54,51,105,1,0.0211029052734375,-0.0211029052734375,-0.0211029052734375,1,51,True
-,51,55,106,55,51,106,0,0.943359375,-0.943359375,-0.943359375,1,41,False
-,51,56,107,56,51,107,0,0.53759765625,-0.53759765625,-0.53759765625,1,51,True
-,51,57,108,57,51,108,0,0.02056884765625,-0.02056884765625,-0.02056884765625,1,51,True
-,51,58,109,58,51,109,0,0.329345703125,-0.329345703125,-0.329345703125,1,51,True
-,51,59,110,59,51,110,0,0.167236328125,-0.167236328125,-0.167236328125,1,51,True
-,51,60,111,60,51,111,0,0.251953125,-0.251953125,-0.251953125,1,51,True
-,51,61,112,61,51,112,0,0.261474609375,-0.261474609375,-0.261474609375,1,51,True
-,51,62,113,62,51,113,0,1.462890625,-1.462890625,-1.462890625,1,41,False
-,51,63,114,63,51,114,0,0.421875,-0.421875,-0.421875,1,51,True
-,51,64,115,64,51,115,1,0.7548828125,-0.7548828125,-0.7548828125,1,51,True
-,51,65,116,65,51,116,0,0.59375,-0.59375,-0.59375,1,51,True
-,51,66,117,66,51,117,0,0.10516357421875,-0.10516357421875,-0.10516357421875,1,51,True
-,51,67,118,67,51,118,0,0.98388671875,-0.98388671875,-0.98388671875,1,41,False
-,51,68,119,68,51,119,0,0.697265625,-0.697265625,-0.697265625,1,51,True
-,51,69,120,69,51,120,0,0.3115234375,-0.3115234375,-0.3115234375,1,51,True
-,51,70,121,70,51,121,0,0.65185546875,-0.65185546875,-0.65185546875,1,51,True
-,51,71,122,71,51,122,0,0.77685546875,-0.77685546875,-0.77685546875,1,51,True
-,51,72,123,72,51,123,0,1.02734375,-1.02734375,-1.02734375,1,51,True
-,51,73,124,73,51,124,0,0.392333984375,-0.392333984375,-0.392333984375,1,51,True
-,51,74,125,74,51,125,0,0.1768798828125,-0.1768798828125,-0.1768798828125,1,51,True
-,51,75,126,75,51,126,3,0.454833984375,-0.454833984375,-0.454833984375,1,51,True
-,51,76,127,76,51,127,0,0.4052734375,-0.4052734375,-0.4052734375,1,51,True
-,51,77,128,77,51,128,0,0.370849609375,-0.370849609375,-0.370849609375,1,51,True
-,51,78,129,78,51,129,0,0.11370849609375,-0.11370849609375,-0.11370849609375,1,51,True
-,51,79,130,79,51,130,0,0.1773681640625,-0.1773681640625,-0.1773681640625,1,51,True
-,51,80,131,80,51,131,0,0.22998046875,-0.22998046875,-0.22998046875,1,51,True
-,51,81,132,81,51,132,0,0.12060546875,-0.12060546875,-0.12060546875,1,51,True
-,51,82,133,82,51,133,0,0.221923828125,-0.221923828125,-0.221923828125,1,51,True
-,51,83,134,83,51,134,0,0.201171875,-0.201171875,-0.201171875,1,51,True
-,51,84,135,84,51,135,0,0.0784912109375,-0.0784912109375,-0.0784912109375,1,51,True
-,51,85,136,85,51,136,0,0.25244140625,-0.25244140625,-0.25244140625,1,51,True
-,51,86,137,86,51,137,0,0.032440185546875,-0.032440185546875,-0.032440185546875,1,51,True
-,51,87,138,87,51,138,0,0.04205322265625,-0.04205322265625,-0.04205322265625,1,51,True
-,51,88,139,88,51,139,0,0.6220703125,-0.6220703125,-0.6220703125,1,51,True
-,51,89,140,89,51,140,0,0.10791015625,-0.10791015625,-0.10791015625,1,51,True
-,51,90,141,90,51,141,0,0.069580078125,-0.069580078125,-0.069580078125,1,51,True
-,51,91,142,91,51,142,0,0.06341552734375,-0.06341552734375,-0.06341552734375,1,51,True
-,51,92,143,92,51,143,0,1.4130859375,-1.4130859375,-1.4130859375,1,41,False
-,51,93,144,93,51,144,0,0.0023632049560546875,-0.0023632049560546875,-0.0023632049560546875,1,51,True
-,51,94,145,94,51,145,0,0.018768310546875,-0.018768310546875,-0.018768310546875,1,51,True
-,51,95,146,95,51,146,0,0.1683349609375,-0.1683349609375,-0.1683349609375,1,51,True
-,51,96,147,96,51,147,0,1.0634765625,-1.0634765625,-1.0634765625,1,42,False
-,51,97,148,97,51,148,0,0.2279052734375,-0.2279052734375,-0.2279052734375,1,51,True
-,51,98,149,98,51,149,0,0.1875,-0.1875,-0.1875,1,51,True
-,51,99,150,99,51,150,0,0.034423828125,-0.034423828125,-0.034423828125,1,51,True
-,52,10,62,10,52,62,1,0.007526397705078125,-0.007526397705078125,-0.007526397705078125,1,52,True
-,52,11,63,11,52,63,1,0.006195068359375,-0.006195068359375,-0.006195068359375,1,52,True
-,52,12,64,12,52,64,3,0.004711151123046875,-0.004711151123046875,-0.004711151123046875,1,52,True
-,52,13,65,13,52,65,2,0.0256500244140625,-0.0256500244140625,-0.0256500244140625,1,52,True
-,52,14,66,14,52,66,2,0.0147247314453125,-0.0147247314453125,-0.0147247314453125,1,52,True
-,52,15,67,15,52,67,1,0.110595703125,-0.110595703125,-0.110595703125,1,52,True
-,52,16,68,16,52,68,0,0.05328369140625,-0.05328369140625,-0.05328369140625,1,52,True
-,52,17,69,17,52,69,0,0.349365234375,-0.349365234375,-0.349365234375,1,52,True
-,52,18,70,18,52,70,0,0.022216796875,-0.022216796875,-0.022216796875,1,52,True
-,52,19,71,19,52,71,0,0.083740234375,-0.083740234375,-0.083740234375,1,52,True
-,52,20,72,20,52,72,1,0.018524169921875,-0.018524169921875,-0.018524169921875,1,52,True
-,52,21,73,21,52,73,1,0.00836944580078125,-0.00836944580078125,-0.00836944580078125,1,52,True
-,52,22,74,22,52,74,0,0.0186614990234375,-0.0186614990234375,-0.0186614990234375,1,52,True
-,52,23,75,23,52,75,0,0.034423828125,-0.034423828125,-0.034423828125,1,52,True
-,52,24,76,24,52,76,0,0.0179290771484375,-0.0179290771484375,-0.0179290771484375,1,52,True
-,52,25,77,25,52,77,1,0.054718017578125,-0.054718017578125,-0.054718017578125,1,52,True
-,52,26,78,26,52,78,2,0.0216827392578125,-0.0216827392578125,-0.0216827392578125,1,52,True
-,52,27,79,27,52,79,0,0.002635955810546875,-0.002635955810546875,-0.002635955810546875,1,52,True
-,52,28,80,28,52,80,0,0.004150390625,-0.004150390625,-0.004150390625,1,52,True
-,52,29,81,29,52,81,0,0.019622802734375,-0.019622802734375,-0.019622802734375,1,52,True
-,52,30,82,30,52,82,0,0.0096893310546875,-0.0096893310546875,-0.0096893310546875,1,52,True
-,52,31,83,31,52,83,0,0.0242462158203125,-0.0242462158203125,-0.0242462158203125,1,52,True
-,52,32,84,32,52,84,0,0.006305694580078125,-0.006305694580078125,-0.006305694580078125,1,52,True
-,52,33,85,33,52,85,0,0.01007080078125,-0.01007080078125,-0.01007080078125,1,52,True
-,52,34,86,34,52,86,0,0.01412200927734375,-0.01412200927734375,-0.01412200927734375,1,52,True
-,52,35,87,35,52,87,0,0.07598876953125,-0.07598876953125,-0.07598876953125,1,52,True
-,52,36,88,36,52,88,0,0.00881195068359375,-0.00881195068359375,-0.00881195068359375,1,52,True
-,52,37,89,37,52,89,0,0.446044921875,-0.446044921875,-0.446044921875,1,52,True
-,52,38,90,38,52,90,1,0.061676025390625,-0.061676025390625,-0.061676025390625,1,52,True
-,52,39,91,39,52,91,0,0.08746337890625,-0.08746337890625,-0.08746337890625,1,52,True
-,52,40,92,40,52,92,2,0.0289459228515625,-0.0289459228515625,-0.0289459228515625,1,52,True
-,52,41,93,41,52,93,0,0.04498291015625,-0.04498291015625,-0.04498291015625,1,52,True
-,52,42,94,42,52,94,1,0.0167083740234375,-0.0167083740234375,-0.0167083740234375,1,52,True
-,52,43,95,43,52,95,0,0.0177001953125,-0.0177001953125,-0.0177001953125,1,52,True
-,52,44,96,44,52,96,0,0.019989013671875,-0.019989013671875,-0.019989013671875,1,52,True
-,52,45,97,45,52,97,0,0.01158905029296875,-0.01158905029296875,-0.01158905029296875,1,52,True
-,52,46,98,46,52,98,0,0.1358642578125,-0.1358642578125,-0.1358642578125,1,52,True
-,52,47,99,47,52,99,1,0.006626129150390625,-0.006626129150390625,-0.006626129150390625,1,52,True
-,52,48,100,48,52,100,2,0.016845703125,-0.016845703125,-0.016845703125,1,52,True
-,52,49,101,49,52,101,0,0.1473388671875,-0.1473388671875,-0.1473388671875,1,52,True
-,52,50,102,50,52,102,0,0.045379638671875,-0.045379638671875,-0.045379638671875,1,52,True
-,52,51,103,51,52,103,0,0.0201568603515625,-0.0201568603515625,-0.0201568603515625,1,52,True
-,52,52,104,52,52,104,0,0.4326171875,-0.4326171875,-0.4326171875,1,52,True
-,52,53,105,53,52,105,0,0.0295867919921875,-0.0295867919921875,-0.0295867919921875,1,52,True
-,52,54,106,54,52,106,0,0.02020263671875,-0.02020263671875,-0.02020263671875,1,52,True
-,52,55,107,55,52,107,0,0.365234375,-0.365234375,-0.365234375,1,52,True
-,52,56,108,56,52,108,0,0.209716796875,-0.209716796875,-0.209716796875,1,52,True
-,52,57,109,57,52,109,0,0.03253173828125,-0.03253173828125,-0.03253173828125,1,52,True
-,52,58,110,58,52,110,1,0.054840087890625,-0.054840087890625,-0.054840087890625,1,52,True
-,52,59,111,59,52,111,0,0.0972900390625,-0.0972900390625,-0.0972900390625,1,52,True
-,52,60,112,60,52,112,1,0.1458740234375,-0.1458740234375,-0.1458740234375,1,52,True
-,52,61,113,61,52,113,0,0.90966796875,-0.90966796875,-0.90966796875,1,42,False
-,52,62,114,62,52,114,0,0.671875,-0.671875,-0.671875,1,52,True
-,52,63,115,63,52,115,0,0.385986328125,-0.385986328125,-0.385986328125,1,52,True
-,52,64,116,64,52,116,0,0.92529296875,-0.92529296875,-0.92529296875,1,42,False
-,52,65,117,65,52,117,0,0.58984375,-0.58984375,-0.58984375,1,52,True
-,52,66,118,66,52,118,0,0.431640625,-0.431640625,-0.431640625,1,52,True
-,52,67,119,67,52,119,0,0.55712890625,-0.55712890625,-0.55712890625,1,52,True
-,52,68,120,68,52,120,0,0.28857421875,-0.28857421875,-0.28857421875,1,52,True
-,52,69,121,69,52,121,0,0.70068359375,-0.70068359375,-0.70068359375,1,52,True
-,52,70,122,70,52,122,0,1.1748046875,-1.1748046875,-1.1748046875,1,52,True
-,52,71,123,71,52,123,0,2.12109375,-2.12109375,-2.12109375,1,42,False
-,52,72,124,72,52,124,0,1.0205078125,-1.0205078125,-1.0205078125,1,52,True
-,52,73,125,73,52,125,0,0.7255859375,-0.7255859375,-0.7255859375,1,52,True
-,52,74,126,74,52,126,0,0.1746826171875,-0.1746826171875,-0.1746826171875,1,52,True
-,52,75,127,75,52,127,0,0.32470703125,-0.32470703125,-0.32470703125,1,52,True
-,52,76,128,76,52,128,0,0.2291259765625,-0.2291259765625,-0.2291259765625,1,52,True
-,52,77,129,77,52,129,0,0.41455078125,-0.41455078125,-0.41455078125,1,52,True
-,52,78,130,78,52,130,0,0.09466552734375,-0.09466552734375,-0.09466552734375,1,52,True
-,52,79,131,79,52,131,0,0.282470703125,-0.282470703125,-0.282470703125,1,52,True
-,52,80,132,80,52,132,0,0.427490234375,-0.427490234375,-0.427490234375,1,52,True
-,52,81,133,81,52,133,0,0.76025390625,-0.76025390625,-0.76025390625,1,52,True
-,52,82,134,82,52,134,0,0.1998291015625,-0.1998291015625,-0.1998291015625,1,52,True
-,52,83,135,83,52,135,0,0.298828125,-0.298828125,-0.298828125,1,52,True
-,52,84,136,84,52,136,1,0.1663818359375,-0.1663818359375,-0.1663818359375,1,52,True
-,52,85,137,85,52,137,0,0.57861328125,-0.57861328125,-0.57861328125,1,52,True
-,52,86,138,86,52,138,0,0.0291290283203125,-0.0291290283203125,-0.0291290283203125,1,52,True
-,52,87,139,87,52,139,0,0.364501953125,-0.364501953125,-0.364501953125,1,52,True
-,52,88,140,88,52,140,0,0.1688232421875,-0.1688232421875,-0.1688232421875,1,52,True
-,52,89,141,89,52,141,0,0.032318115234375,-0.032318115234375,-0.032318115234375,1,52,True
-,52,90,142,90,52,142,0,0.0771484375,-0.0771484375,-0.0771484375,1,52,True
-,52,91,143,91,52,143,0,0.5146484375,-0.5146484375,-0.5146484375,1,52,True
-,52,92,144,92,52,144,0,0.051025390625,-0.051025390625,-0.051025390625,1,52,True
-,52,93,145,93,52,145,0,0.057342529296875,-0.057342529296875,-0.057342529296875,1,52,True
-,52,94,146,94,52,146,0,0.0287933349609375,-0.0287933349609375,-0.0287933349609375,1,52,True
-,52,95,147,95,52,147,0,0.2418212890625,-0.2418212890625,-0.2418212890625,1,52,True
-,52,96,148,96,52,148,0,0.3388671875,-0.3388671875,-0.3388671875,1,52,True
-,52,97,149,97,52,149,0,0.82763671875,-0.82763671875,-0.82763671875,1,52,True
-,52,98,150,98,52,150,0,0.037628173828125,-0.037628173828125,-0.037628173828125,1,52,True
-,52,99,151,99,52,151,0,0.56396484375,-0.56396484375,-0.56396484375,1,52,True
-,53,10,63,10,53,63,0,0.0102996826171875,-0.0102996826171875,-0.0102996826171875,1,53,True
-,53,11,64,11,53,64,2,0.0270843505859375,-0.0270843505859375,-0.0270843505859375,1,53,True
-,53,12,65,12,53,65,1,0.0195465087890625,-0.0195465087890625,-0.0195465087890625,1,53,True
-,53,13,66,13,53,66,1,0.0150299072265625,-0.0150299072265625,-0.0150299072265625,1,53,True
-,53,14,67,14,53,67,0,0.06036376953125,-0.06036376953125,-0.06036376953125,1,53,True
-,53,15,68,15,53,68,3,0.046234130859375,-0.046234130859375,-0.046234130859375,1,53,True
-,53,16,69,16,53,69,2,0.035003662109375,-0.035003662109375,-0.035003662109375,1,53,True
-,53,17,70,17,53,70,0,0.1732177734375,-0.1732177734375,-0.1732177734375,1,53,True
-,53,18,71,18,53,71,1,0.07537841796875,-0.07537841796875,-0.07537841796875,1,53,True
-,53,19,72,19,53,72,0,0.0291290283203125,-0.0291290283203125,-0.0291290283203125,1,53,True
-,53,20,73,20,53,73,0,0.0277557373046875,-0.0277557373046875,-0.0277557373046875,1,53,True
-,53,21,74,21,53,74,0,0.004734039306640625,-0.004734039306640625,-0.004734039306640625,1,53,True
-,53,22,75,22,53,75,0,0.0248870849609375,-0.0248870849609375,-0.0248870849609375,1,53,True
-,53,23,76,23,53,76,1,0.0227508544921875,-0.0227508544921875,-0.0227508544921875,1,53,True
-,53,24,77,24,53,77,1,0.04144287109375,-0.04144287109375,-0.04144287109375,1,53,True
-,53,25,78,25,53,78,0,0.0121307373046875,-0.0121307373046875,-0.0121307373046875,1,53,True
-,53,26,79,26,53,79,0,0.06195068359375,-0.06195068359375,-0.06195068359375,1,53,True
-,53,27,80,27,53,80,0,0.003353118896484375,-0.003353118896484375,-0.003353118896484375,1,53,True
-,53,28,81,28,53,81,0,0.048126220703125,-0.048126220703125,-0.048126220703125,1,53,True
-,53,29,82,29,53,82,0,0.1767578125,-0.1767578125,-0.1767578125,1,53,True
-,53,30,83,30,53,83,0,0.0265045166015625,-0.0265045166015625,-0.0265045166015625,1,53,True
-,53,31,84,31,53,84,0,0.0888671875,-0.0888671875,-0.0888671875,1,53,True
-,53,32,85,32,53,85,0,0.051605224609375,-0.051605224609375,-0.051605224609375,1,53,True
-,53,33,86,33,53,86,1,0.0599365234375,-0.0599365234375,-0.0599365234375,1,53,True
-,53,34,87,34,53,87,0,0.0328369140625,-0.0328369140625,-0.0328369140625,1,53,True
-,53,35,88,35,53,88,0,0.378173828125,-0.378173828125,-0.378173828125,1,53,True
-,53,36,89,36,53,89,0,1.3671875,-1.3671875,-1.3671875,1,43,False
-,53,37,90,37,53,90,3,0.035369873046875,-0.035369873046875,-0.035369873046875,1,53,True
-,53,38,91,38,53,91,0,0.1578369140625,-0.1578369140625,-0.1578369140625,1,53,True
-,53,39,92,39,53,92,0,0.296142578125,-0.296142578125,-0.296142578125,1,53,True
-,53,40,93,40,53,93,0,0.29833984375,-0.29833984375,-0.29833984375,1,53,True
-,53,41,94,41,53,94,1,0.260009765625,-0.260009765625,-0.260009765625,1,53,True
-,53,42,95,42,53,95,0,0.045166015625,-0.045166015625,-0.045166015625,1,53,True
-,53,43,96,43,53,96,0,0.1256103515625,-0.1256103515625,-0.1256103515625,1,53,True
-,53,44,97,44,53,97,0,0.048095703125,-0.048095703125,-0.048095703125,1,53,True
-,53,45,98,45,53,98,0,0.2176513671875,-0.2176513671875,-0.2176513671875,1,53,True
-,53,46,99,46,53,99,0,0.058258056640625,-0.058258056640625,-0.058258056640625,1,53,True
-,53,47,100,47,53,100,1,0.053619384765625,-0.053619384765625,-0.053619384765625,1,53,True
-,53,48,101,48,53,101,0,0.21533203125,-0.21533203125,-0.21533203125,1,53,True
-,53,49,102,49,53,102,0,0.06378173828125,-0.06378173828125,-0.06378173828125,1,53,True
-,53,50,103,50,53,103,0,0.1829833984375,-0.1829833984375,-0.1829833984375,1,53,True
-,53,51,104,51,53,104,0,0.371826171875,-0.371826171875,-0.371826171875,1,53,True
-,53,52,105,52,53,105,0,0.156494140625,-0.156494140625,-0.156494140625,1,53,True
-,53,53,106,53,53,106,0,0.1456298828125,-0.1456298828125,-0.1456298828125,1,53,True
-,53,54,107,54,53,107,1,0.10906982421875,-0.10906982421875,-0.10906982421875,1,53,True
-,53,55,108,55,53,108,0,0.7998046875,-0.7998046875,-0.7998046875,1,43,False
-,53,56,109,56,53,109,0,1.08203125,-1.08203125,-1.08203125,1,43,False
-,53,57,110,57,53,110,0,0.2039794921875,-0.2039794921875,-0.2039794921875,1,53,True
-,53,58,111,58,53,111,0,0.482666015625,-0.482666015625,-0.482666015625,1,53,True
-,53,59,112,59,53,112,0,1.3251953125,-1.3251953125,-1.3251953125,1,43,False
-,53,60,113,60,53,113,0,1.4951171875,-1.4951171875,-1.4951171875,1,43,False
-,53,61,114,61,53,114,0,0.41015625,-0.41015625,-0.41015625,1,53,True
-,53,62,115,62,53,115,0,0.61669921875,-0.61669921875,-0.61669921875,1,53,True
-,53,63,116,63,53,116,0,0.77099609375,-0.77099609375,-0.77099609375,1,43,False
-,53,64,117,64,53,117,0,0.432373046875,-0.432373046875,-0.432373046875,1,53,True
-,53,65,118,65,53,118,0,0.5205078125,-0.5205078125,-0.5205078125,1,53,True
-,53,66,119,66,53,119,0,0.297119140625,-0.297119140625,-0.297119140625,1,53,True
-,53,67,120,67,53,120,0,1.27734375,-1.27734375,-1.27734375,1,43,False
-,53,68,121,68,53,121,0,2.041015625,-2.041015625,-2.041015625,1,43,False
-,53,69,122,69,53,122,0,1.5185546875,-1.5185546875,-1.5185546875,1,43,False
-,53,70,123,70,53,123,0,2.619140625,-2.619140625,-2.619140625,1,43,False
-,53,71,124,71,53,124,1,1.630859375,-1.630859375,-1.630859375,1,43,False
-,53,72,125,72,53,125,0,0.76220703125,-0.76220703125,-0.76220703125,1,53,True
-,53,73,126,73,53,126,0,0.376708984375,-0.376708984375,-0.376708984375,1,53,True
-,53,74,127,74,53,127,0,0.1800537109375,-0.1800537109375,-0.1800537109375,1,53,True
-,53,75,128,75,53,128,0,0.6376953125,-0.6376953125,-0.6376953125,1,53,True
-,53,76,129,76,53,129,0,0.301513671875,-0.301513671875,-0.301513671875,1,53,True
-,53,77,130,77,53,130,0,0.301513671875,-0.301513671875,-0.301513671875,1,53,True
-,53,78,131,78,53,131,0,0.2032470703125,-0.2032470703125,-0.2032470703125,1,53,True
-,53,79,132,79,53,132,0,0.459716796875,-0.459716796875,-0.459716796875,1,53,True
-,53,80,133,80,53,133,0,0.861328125,-0.861328125,-0.861328125,1,53,True
-,53,81,134,81,53,134,0,0.2607421875,-0.2607421875,-0.2607421875,1,53,True
-,53,82,135,82,53,135,0,0.157470703125,-0.157470703125,-0.157470703125,1,53,True
-,53,83,136,83,53,136,0,0.44580078125,-0.44580078125,-0.44580078125,1,53,True
-,53,84,137,84,53,137,0,0.2401123046875,-0.2401123046875,-0.2401123046875,1,53,True
-,53,85,138,85,53,138,0,0.1258544921875,-0.1258544921875,-0.1258544921875,1,53,True
-,53,86,139,86,53,139,0,0.1778564453125,-0.1778564453125,-0.1778564453125,1,53,True
-,53,87,140,87,53,140,0,0.481689453125,-0.481689453125,-0.481689453125,1,53,True
-,53,88,141,88,53,141,0,0.2373046875,-0.2373046875,-0.2373046875,1,53,True
-,53,89,142,89,53,142,0,0.1822509765625,-0.1822509765625,-0.1822509765625,1,53,True
-,53,90,143,90,53,143,0,1.28515625,-1.28515625,-1.28515625,1,43,False
-,53,91,144,91,53,144,0,0.4736328125,-0.4736328125,-0.4736328125,1,53,True
-,53,92,145,92,53,145,0,0.470703125,-0.470703125,-0.470703125,1,53,True
-,53,93,146,93,53,146,0,0.024810791015625,-0.024810791015625,-0.024810791015625,1,53,True
-,53,94,147,94,53,147,0,0.10369873046875,-0.10369873046875,-0.10369873046875,1,53,True
-,53,95,148,95,53,148,0,0.480224609375,-0.480224609375,-0.480224609375,1,53,True
-,53,96,149,96,53,149,0,0.74609375,-0.74609375,-0.74609375,1,53,True
-,53,97,150,97,53,150,0,0.0936279296875,-0.0936279296875,-0.0936279296875,1,53,True
-,53,98,151,98,53,151,0,0.157470703125,-0.157470703125,-0.157470703125,1,53,True
-,53,99,152,99,53,152,0,0.572265625,-0.572265625,-0.572265625,1,53,True
-,54,10,64,10,54,64,1,0.0077972412109375,-0.0077972412109375,-0.0077972412109375,1,54,True
-,54,11,65,11,54,65,1,0.01024627685546875,-0.01024627685546875,-0.01024627685546875,1,54,True
-,54,12,66,12,54,66,0,0.004795074462890625,-0.004795074462890625,-0.004795074462890625,1,54,True
-,54,13,67,13,54,67,2,0.057647705078125,-0.057647705078125,-0.057647705078125,1,54,True
-,54,14,68,14,54,68,0,0.019744873046875,-0.019744873046875,-0.019744873046875,1,54,True
-,54,15,69,15,54,69,0,0.016998291015625,-0.016998291015625,-0.016998291015625,1,54,True
-,54,16,70,16,54,70,1,0.033843994140625,-0.033843994140625,-0.033843994140625,1,54,True
-,54,17,71,17,54,71,0,0.07415771484375,-0.07415771484375,-0.07415771484375,1,54,True
-,54,18,72,18,54,72,0,0.057708740234375,-0.057708740234375,-0.057708740234375,1,54,True
-,54,19,73,19,54,73,0,0.056549072265625,-0.056549072265625,-0.056549072265625,1,54,True
-,54,20,74,20,54,74,0,0.0122222900390625,-0.0122222900390625,-0.0122222900390625,1,54,True
-,54,21,75,21,54,75,2,0.00568389892578125,-0.00568389892578125,-0.00568389892578125,1,54,True
-,54,22,76,22,54,76,0,0.045166015625,-0.045166015625,-0.045166015625,1,54,True
-,54,23,77,23,54,77,0,0.007358551025390625,-0.007358551025390625,-0.007358551025390625,1,54,True
-,54,24,78,24,54,78,0,0.003658294677734375,-0.003658294677734375,-0.003658294677734375,1,54,True
-,54,25,79,25,54,79,1,0.029571533203125,-0.029571533203125,-0.029571533203125,1,54,True
-,54,26,80,26,54,80,0,0.009613037109375,-0.009613037109375,-0.009613037109375,1,54,True
-,54,27,81,27,54,81,4,0.004852294921875,-0.004852294921875,-0.004852294921875,1,54,True
-,54,28,82,28,54,82,1,0.0124053955078125,-0.0124053955078125,-0.0124053955078125,1,54,True
-,54,29,83,29,54,83,0,0.1771240234375,-0.1771240234375,-0.1771240234375,1,54,True
-,54,30,84,30,54,84,0,0.0172576904296875,-0.0172576904296875,-0.0172576904296875,1,54,True
-,54,31,85,31,54,85,0,0.044403076171875,-0.044403076171875,-0.044403076171875,1,54,True
-,54,32,86,32,54,86,1,0.008819580078125,-0.008819580078125,-0.008819580078125,1,54,True
-,54,33,87,33,54,87,0,0.014251708984375,-0.014251708984375,-0.014251708984375,1,54,True
-,54,34,88,34,54,88,0,0.007404327392578125,-0.007404327392578125,-0.007404327392578125,1,54,True
-,54,35,89,35,54,89,0,0.564453125,-0.564453125,-0.564453125,1,54,True
-,54,36,90,36,54,90,1,0.0070648193359375,-0.0070648193359375,-0.0070648193359375,1,54,True
-,54,37,91,37,54,91,0,0.0263214111328125,-0.0263214111328125,-0.0263214111328125,1,54,True
-,54,38,92,38,54,92,0,0.0212554931640625,-0.0212554931640625,-0.0212554931640625,1,54,True
-,54,39,93,39,54,93,0,0.119873046875,-0.119873046875,-0.119873046875,1,54,True
-,54,40,94,40,54,94,0,0.0836181640625,-0.0836181640625,-0.0836181640625,1,54,True
-,54,41,95,41,54,95,0,0.0989990234375,-0.0989990234375,-0.0989990234375,1,54,True
-,54,42,96,42,54,96,0,0.0292510986328125,-0.0292510986328125,-0.0292510986328125,1,54,True
-,54,43,97,43,54,97,4,0.05572509765625,-0.05572509765625,-0.05572509765625,1,54,True
-,54,44,98,44,54,98,0,0.0704345703125,-0.0704345703125,-0.0704345703125,1,54,True
-,54,45,99,45,54,99,2,0.00814056396484375,-0.00814056396484375,-0.00814056396484375,1,54,True
-,54,46,100,46,54,100,1,0.01302337646484375,-0.01302337646484375,-0.01302337646484375,1,54,True
-,54,47,101,47,54,101,0,0.036376953125,-0.036376953125,-0.036376953125,1,54,True
-,54,48,102,48,54,102,0,0.05120849609375,-0.05120849609375,-0.05120849609375,1,54,True
-,54,49,103,49,54,103,0,0.54150390625,-0.54150390625,-0.54150390625,1,54,True
-,54,50,104,50,54,104,0,0.11151123046875,-0.11151123046875,-0.11151123046875,1,54,True
-,54,51,105,51,54,105,0,0.020599365234375,-0.020599365234375,-0.020599365234375,1,54,True
-,54,52,106,52,54,106,0,0.031890869140625,-0.031890869140625,-0.031890869140625,1,54,True
-,54,53,107,53,54,107,0,0.10955810546875,-0.10955810546875,-0.10955810546875,1,54,True
-,54,54,108,54,54,108,0,0.0233154296875,-0.0233154296875,-0.0233154296875,1,54,True
-,54,55,109,55,54,109,0,0.58203125,-0.58203125,-0.58203125,1,54,True
-,54,56,110,56,54,110,1,0.1279296875,-0.1279296875,-0.1279296875,1,54,True
-,54,57,111,57,54,111,0,0.10858154296875,-0.10858154296875,-0.10858154296875,1,54,True
-,54,58,112,58,54,112,0,0.181884765625,-0.181884765625,-0.181884765625,1,54,True
-,54,59,113,59,54,113,0,3.107421875,-3.107421875,-3.107421875,1,44,False
-,54,60,114,60,54,114,0,0.1815185546875,-0.1815185546875,-0.1815185546875,1,54,True
-,54,61,115,61,54,115,0,0.7265625,-0.7265625,-0.7265625,1,54,True
-,54,62,116,62,54,116,0,0.09002685546875,-0.09002685546875,-0.09002685546875,1,54,True
-,54,63,117,63,54,117,0,0.5615234375,-0.5615234375,-0.5615234375,1,54,True
-,54,64,118,64,54,118,0,2.609375,-2.609375,-2.609375,1,43,False
-,54,65,119,65,54,119,0,0.339111328125,-0.339111328125,-0.339111328125,1,54,True
-,54,66,120,66,54,120,0,0.09197998046875,-0.09197998046875,-0.09197998046875,1,54,True
-,54,67,121,67,54,121,1,0.87158203125,-0.87158203125,-0.87158203125,1,44,False
-,54,68,122,68,54,122,0,0.8857421875,-0.8857421875,-0.8857421875,1,54,True
-,54,69,123,69,54,123,0,1.490234375,-1.490234375,-1.490234375,1,44,False
-,54,70,124,70,54,124,0,0.8271484375,-0.8271484375,-0.8271484375,1,54,True
-,54,71,125,71,54,125,0,1.69140625,-1.69140625,-1.69140625,1,44,False
-,54,72,126,72,54,126,0,0.479248046875,-0.479248046875,-0.479248046875,1,54,True
-,54,73,127,73,54,127,0,0.462890625,-0.462890625,-0.462890625,1,54,True
-,54,74,128,74,54,128,0,0.1402587890625,-0.1402587890625,-0.1402587890625,1,54,True
-,54,75,129,75,54,129,0,0.09844970703125,-0.09844970703125,-0.09844970703125,1,54,True
-,54,76,130,76,54,130,0,0.05377197265625,-0.05377197265625,-0.05377197265625,1,54,True
-,54,77,131,77,54,131,0,0.32421875,-0.32421875,-0.32421875,1,54,True
-,54,78,132,78,54,132,0,0.1312255859375,-0.1312255859375,-0.1312255859375,1,54,True
-,54,79,133,79,54,133,0,2.115234375,-2.115234375,-2.115234375,1,44,False
-,54,80,134,80,54,134,0,0.337646484375,-0.337646484375,-0.337646484375,1,54,True
-,54,81,135,81,54,135,1,0.8330078125,-0.8330078125,-0.8330078125,1,54,True
-,54,82,136,82,54,136,0,0.131103515625,-0.131103515625,-0.131103515625,1,54,True
-,54,83,137,83,54,137,0,1.0048828125,-1.0048828125,-1.0048828125,1,44,False
-,54,84,138,84,54,138,0,0.040802001953125,-0.040802001953125,-0.040802001953125,1,54,True
-,54,85,139,85,54,139,0,0.86767578125,-0.86767578125,-0.86767578125,1,44,False
-,54,86,140,86,54,140,0,0.026397705078125,-0.026397705078125,-0.026397705078125,1,54,True
-,54,87,141,87,54,141,0,0.10552978515625,-0.10552978515625,-0.10552978515625,1,54,True
-,54,88,142,88,54,142,0,0.06695556640625,-0.06695556640625,-0.06695556640625,1,54,True
-,54,89,143,89,54,143,0,0.79052734375,-0.79052734375,-0.79052734375,1,54,True
-,54,90,144,90,54,144,0,0.0096893310546875,-0.0096893310546875,-0.0096893310546875,1,54,True
-,54,91,145,91,54,145,0,0.1024169921875,-0.1024169921875,-0.1024169921875,1,54,True
-,54,92,146,92,54,146,0,0.037506103515625,-0.037506103515625,-0.037506103515625,1,54,True
-,54,93,147,93,54,147,0,0.074951171875,-0.074951171875,-0.074951171875,1,54,True
-,54,94,148,94,54,148,0,0.03729248046875,-0.03729248046875,-0.03729248046875,1,54,True
-,54,95,149,95,54,149,0,0.474853515625,-0.474853515625,-0.474853515625,1,54,True
-,54,96,150,96,54,150,1,0.07537841796875,-0.07537841796875,-0.07537841796875,1,54,True
-,54,97,151,97,54,151,0,0.8623046875,-0.8623046875,-0.8623046875,1,54,True
-,54,98,152,98,54,152,0,0.1845703125,-0.1845703125,-0.1845703125,1,54,True
-,54,99,153,99,54,153,0,0.5322265625,-0.5322265625,-0.5322265625,1,54,True
-,55,10,65,10,55,65,4,0.04522705078125,-0.04522705078125,-0.04522705078125,1,55,True
-,55,11,66,11,55,66,0,0.0215301513671875,-0.0215301513671875,-0.0215301513671875,1,55,True
-,55,12,67,12,55,67,0,0.042083740234375,-0.042083740234375,-0.042083740234375,1,55,True
-,55,13,68,13,55,68,0,0.264892578125,-0.264892578125,-0.264892578125,1,55,True
-,55,14,69,14,55,69,0,0.0745849609375,-0.0745849609375,-0.0745849609375,1,55,True
-,55,15,70,15,55,70,3,0.12322998046875,-0.12322998046875,-0.12322998046875,1,55,True
-,55,16,71,16,55,71,0,0.1824951171875,-0.1824951171875,-0.1824951171875,1,55,True
-,55,17,72,17,55,72,0,0.1878662109375,-0.1878662109375,-0.1878662109375,1,55,True
-,55,18,73,18,55,73,0,0.130615234375,-0.130615234375,-0.130615234375,1,55,True
-,55,19,74,19,55,74,2,0.06536865234375,-0.06536865234375,-0.06536865234375,1,55,True
-,55,20,75,20,55,75,3,0.02197265625,-0.02197265625,-0.02197265625,1,55,True
-,55,21,76,21,55,76,0,0.03509521484375,-0.03509521484375,-0.03509521484375,1,55,True
-,55,22,77,22,55,77,0,0.1905517578125,-0.1905517578125,-0.1905517578125,1,55,True
-,55,23,78,23,55,78,0,1.9833984375,-1.9833984375,-1.9833984375,1,53,False
-,55,24,79,24,55,79,0,0.015960693359375,-0.015960693359375,-0.015960693359375,1,55,True
-,55,25,80,25,55,80,2,0.0234222412109375,-0.0234222412109375,-0.0234222412109375,1,55,True
-,55,26,81,26,55,81,0,0.036529541015625,-0.036529541015625,-0.036529541015625,1,55,True
-,55,27,82,27,55,82,0,0.0094451904296875,-0.0094451904296875,-0.0094451904296875,1,55,True
-,55,28,83,28,55,83,0,0.568359375,-0.568359375,-0.568359375,1,55,True
-,55,29,84,29,55,84,0,0.05419921875,-0.05419921875,-0.05419921875,1,55,True
-,55,30,85,30,55,85,0,0.031341552734375,-0.031341552734375,-0.031341552734375,1,55,True
-,55,31,86,31,55,86,1,0.049407958984375,-0.049407958984375,-0.049407958984375,1,55,True
-,55,32,87,32,55,87,1,0.0914306640625,-0.0914306640625,-0.0914306640625,1,55,True
-,55,33,88,33,55,88,0,0.45947265625,-0.45947265625,-0.45947265625,1,55,True
-,55,34,89,34,55,89,0,0.64697265625,-0.64697265625,-0.64697265625,1,55,True
-,55,35,90,35,55,90,1,0.044921875,-0.044921875,-0.044921875,1,55,True
-,55,36,91,36,55,91,0,0.05096435546875,-0.05096435546875,-0.05096435546875,1,55,True
-,55,37,92,37,55,92,1,0.049560546875,-0.049560546875,-0.049560546875,1,55,True
-,55,38,93,38,55,93,0,0.2049560546875,-0.2049560546875,-0.2049560546875,1,55,True
-,55,39,94,39,55,94,0,0.13330078125,-0.13330078125,-0.13330078125,1,55,True
-,55,40,95,40,55,95,2,0.1361083984375,-0.1361083984375,-0.1361083984375,1,55,True
-,55,41,96,41,55,96,0,0.049041748046875,-0.049041748046875,-0.049041748046875,1,55,True
-,55,42,97,42,55,97,0,0.05804443359375,-0.05804443359375,-0.05804443359375,1,55,True
-,55,43,98,43,55,98,0,0.7314453125,-0.7314453125,-0.7314453125,1,55,True
-,55,44,99,44,55,99,0,0.1884765625,-0.1884765625,-0.1884765625,1,55,True
-,55,45,100,45,55,100,5,0.022064208984375,-0.022064208984375,-0.022064208984375,1,55,True
-,55,46,101,46,55,101,0,0.0550537109375,-0.0550537109375,-0.0550537109375,1,55,True
-,55,47,102,47,55,102,0,0.094970703125,-0.094970703125,-0.094970703125,1,55,True
-,55,48,103,48,55,103,0,1.0517578125,-1.0517578125,-1.0517578125,1,55,True
-,55,49,104,49,55,104,0,0.60009765625,-0.60009765625,-0.60009765625,1,55,True
-,55,50,105,50,55,105,1,0.07086181640625,-0.07086181640625,-0.07086181640625,1,55,True
-,55,51,106,51,55,106,0,0.03167724609375,-0.03167724609375,-0.03167724609375,1,55,True
-,55,52,107,52,55,107,0,1.166015625,-1.166015625,-1.166015625,1,45,False
-,55,53,108,53,55,108,0,0.250732421875,-0.250732421875,-0.250732421875,1,55,True
-,55,54,109,54,55,109,0,0.323974609375,-0.323974609375,-0.323974609375,1,55,True
-,55,55,110,55,55,110,0,0.80859375,-0.80859375,-0.80859375,1,45,False
-,55,56,111,56,55,111,0,1.0,-1.0,-1.0,1,45,False
-,55,57,112,57,55,112,0,0.50634765625,-0.50634765625,-0.50634765625,1,55,True
-,55,58,113,58,55,113,0,2.181640625,-2.181640625,-2.181640625,1,45,False
-,55,59,114,59,55,114,1,1.1982421875,-1.1982421875,-1.1982421875,1,45,False
-,55,60,115,60,55,115,0,0.85302734375,-0.85302734375,-0.85302734375,1,55,True
-,55,61,116,61,55,116,0,2.294921875,-2.294921875,-2.294921875,1,45,False
-,55,62,117,62,55,117,0,0.429931640625,-0.429931640625,-0.429931640625,1,55,True
-,55,63,118,63,55,118,0,0.478759765625,-0.478759765625,-0.478759765625,1,55,True
-,55,64,119,64,55,119,0,0.28466796875,-0.28466796875,-0.28466796875,1,55,True
-,55,65,120,65,55,120,0,0.1317138671875,-0.1317138671875,-0.1317138671875,1,55,True
-,55,66,121,66,55,121,0,0.1490478515625,-0.1490478515625,-0.1490478515625,1,55,True
-,55,67,122,67,55,122,0,2.935546875,-2.935546875,-2.935546875,1,45,False
-,55,68,123,68,55,123,0,2.28515625,-2.28515625,-2.28515625,1,45,False
-,55,69,124,69,55,124,0,1.228515625,-1.228515625,-1.228515625,1,45,False
-,55,70,125,70,55,125,0,2.39453125,-2.39453125,-2.39453125,1,45,False
-,55,71,126,71,55,126,0,1.0146484375,-1.0146484375,-1.0146484375,1,45,False
-,55,72,127,72,55,127,0,0.477294921875,-0.477294921875,-0.477294921875,1,55,True
-,55,73,128,73,55,128,2,1.015625,-1.015625,-1.015625,1,45,False
-,55,74,129,74,55,129,0,0.09381103515625,-0.09381103515625,-0.09381103515625,1,55,True
-,55,75,130,75,55,130,0,0.090087890625,-0.090087890625,-0.090087890625,1,55,True
-,55,76,131,76,55,131,0,0.71923828125,-0.71923828125,-0.71923828125,1,55,True
-,55,77,132,77,55,132,0,0.984375,-0.984375,-0.984375,1,45,False
-,55,78,133,78,55,133,0,0.476318359375,-0.476318359375,-0.476318359375,1,55,True
-,55,79,134,79,55,134,0,1.595703125,-1.595703125,-1.595703125,1,45,False
-,55,80,135,80,55,135,1,0.89111328125,-0.89111328125,-0.89111328125,1,55,True
-,55,81,136,81,55,136,0,0.50634765625,-0.50634765625,-0.50634765625,1,55,True
-,55,82,137,82,55,137,0,0.58203125,-0.58203125,-0.58203125,1,55,True
-,55,83,138,83,55,138,0,0.791015625,-0.791015625,-0.791015625,1,55,True
-,55,84,139,84,55,139,0,1.0478515625,-1.0478515625,-1.0478515625,1,45,False
-,55,85,140,85,55,140,1,1.2080078125,-1.2080078125,-1.2080078125,1,45,False
-,55,86,141,86,55,141,0,0.038848876953125,-0.038848876953125,-0.038848876953125,1,55,True
-,55,87,142,87,55,142,0,0.2330322265625,-0.2330322265625,-0.2330322265625,1,55,True
-,55,88,143,88,55,143,0,0.9990234375,-0.9990234375,-0.9990234375,1,55,True
-,55,89,144,89,55,144,0,0.0127716064453125,-0.0127716064453125,-0.0127716064453125,1,55,True
-,55,90,145,90,55,145,1,0.03765869140625,-0.03765869140625,-0.03765869140625,1,55,True
-,55,91,146,91,55,146,0,0.06146240234375,-0.06146240234375,-0.06146240234375,1,55,True
-,55,92,147,92,55,147,0,0.62060546875,-0.62060546875,-0.62060546875,1,55,True
-,55,93,148,93,55,148,0,0.1712646484375,-0.1712646484375,-0.1712646484375,1,55,True
-,55,94,149,94,55,149,1,0.1663818359375,-0.1663818359375,-0.1663818359375,1,55,True
-,55,95,150,95,55,150,0,0.044158935546875,-0.044158935546875,-0.044158935546875,1,55,True
-,55,96,151,96,55,151,0,3.123046875,-3.123046875,-3.123046875,1,54,False
-,55,97,152,97,55,152,0,0.6748046875,-0.6748046875,-0.6748046875,1,55,True
-,55,98,153,98,55,153,0,0.75048828125,-0.75048828125,-0.75048828125,1,55,True
-,55,99,154,99,55,154,0,0.299560546875,-0.299560546875,-0.299560546875,1,55,True
-,56,10,66,10,56,66,1,0.01061248779296875,-0.01061248779296875,-0.01061248779296875,1,56,True
-,56,11,67,11,56,67,1,0.057373046875,-0.057373046875,-0.057373046875,1,56,True
-,56,12,68,12,56,68,2,0.0255889892578125,-0.0255889892578125,-0.0255889892578125,1,56,True
-,56,13,69,13,56,69,0,0.0213470458984375,-0.0213470458984375,-0.0213470458984375,1,56,True
-,56,14,70,14,56,70,4,0.9052734375,-0.9052734375,-0.9052734375,1,66,False
-,56,15,71,15,56,71,0,0.048614501953125,-0.048614501953125,-0.048614501953125,1,56,True
-,56,16,72,16,56,72,2,0.022705078125,-0.022705078125,-0.022705078125,1,56,True
-,56,17,73,17,56,73,2,0.08160400390625,-0.08160400390625,-0.08160400390625,1,56,True
-,56,18,74,18,56,74,0,0.04559326171875,-0.04559326171875,-0.04559326171875,1,56,True
-,56,19,75,19,56,75,2,0.040771484375,-0.040771484375,-0.040771484375,1,56,True
-,56,20,76,20,56,76,0,0.020477294921875,-0.020477294921875,-0.020477294921875,1,56,True
-,56,21,77,21,56,77,0,0.06805419921875,-0.06805419921875,-0.06805419921875,1,56,True
-,56,22,78,22,56,78,1,0.1580810546875,-0.1580810546875,-0.1580810546875,1,56,True
-,56,23,79,23,56,79,1,0.1861572265625,-0.1861572265625,-0.1861572265625,1,56,True
-,56,24,80,24,56,80,2,0.017608642578125,-0.017608642578125,-0.017608642578125,1,56,True
-,56,25,81,25,56,81,0,0.039764404296875,-0.039764404296875,-0.039764404296875,1,56,True
-,56,26,82,26,56,82,0,0.03521728515625,-0.03521728515625,-0.03521728515625,1,56,True
-,56,27,83,27,56,83,0,0.0333251953125,-0.0333251953125,-0.0333251953125,1,56,True
-,56,28,84,28,56,84,1,0.0650634765625,-0.0650634765625,-0.0650634765625,1,56,True
-,56,29,85,29,56,85,6,0.12841796875,-0.12841796875,-0.12841796875,1,56,True
-,56,30,86,30,56,86,0,0.00922393798828125,-0.00922393798828125,-0.00922393798828125,1,56,True
-,56,31,87,31,56,87,0,0.044036865234375,-0.044036865234375,-0.044036865234375,1,56,True
-,56,32,88,32,56,88,0,0.2744140625,-0.2744140625,-0.2744140625,1,56,True
-,56,33,89,33,56,89,0,0.440673828125,-0.440673828125,-0.440673828125,1,56,True
-,56,34,90,34,56,90,0,0.0280914306640625,-0.0280914306640625,-0.0280914306640625,1,56,True
-,56,35,91,35,56,91,0,0.06298828125,-0.06298828125,-0.06298828125,1,56,True
-,56,36,92,36,56,92,0,0.01207733154296875,-0.01207733154296875,-0.01207733154296875,1,56,True
-,56,37,93,37,56,93,0,0.123046875,-0.123046875,-0.123046875,1,56,True
-,56,38,94,38,56,94,1,0.309326171875,-0.309326171875,-0.309326171875,1,56,True
-,56,39,95,39,56,95,0,0.1378173828125,-0.1378173828125,-0.1378173828125,1,56,True
-,56,40,96,40,56,96,0,0.0097503662109375,-0.0097503662109375,-0.0097503662109375,1,56,True
-,56,41,97,41,56,97,0,0.191650390625,-0.191650390625,-0.191650390625,1,56,True
-,56,42,98,42,56,98,0,0.359619140625,-0.359619140625,-0.359619140625,1,56,True
-,56,43,99,43,56,99,0,0.04522705078125,-0.04522705078125,-0.04522705078125,1,56,True
-,56,44,100,44,56,100,1,0.0303802490234375,-0.0303802490234375,-0.0303802490234375,1,56,True
-,56,45,101,45,56,101,1,0.061553955078125,-0.061553955078125,-0.061553955078125,1,56,True
-,56,46,102,46,56,102,0,0.025421142578125,-0.025421142578125,-0.025421142578125,1,56,True
-,56,47,103,47,56,103,0,0.337158203125,-0.337158203125,-0.337158203125,1,56,True
-,56,48,104,48,56,104,0,1.2998046875,-1.2998046875,-1.2998046875,1,56,True
-,56,49,105,49,56,105,0,0.0732421875,-0.0732421875,-0.0732421875,1,56,True
-,56,50,106,50,56,106,0,0.051300048828125,-0.051300048828125,-0.051300048828125,1,56,True
-,56,51,107,51,56,107,0,0.056793212890625,-0.056793212890625,-0.056793212890625,1,56,True
-,56,52,108,52,56,108,0,0.7138671875,-0.7138671875,-0.7138671875,1,56,True
-,56,53,109,53,56,109,0,0.2335205078125,-0.2335205078125,-0.2335205078125,1,56,True
-,56,54,110,54,56,110,0,0.07720947265625,-0.07720947265625,-0.07720947265625,1,56,True
-,56,55,111,55,56,111,0,0.978515625,-0.978515625,-0.978515625,1,46,False
-,56,56,112,56,56,112,0,0.90673828125,-0.90673828125,-0.90673828125,1,56,True
-,56,57,113,57,56,113,0,4.40234375,-4.40234375,-4.40234375,1,46,False
-,56,58,114,58,56,114,0,0.471923828125,-0.471923828125,-0.471923828125,1,56,True
-,56,59,115,59,56,115,0,2.0625,-2.0625,-2.0625,1,46,False
-,56,60,116,60,56,116,0,0.79150390625,-0.79150390625,-0.79150390625,1,56,True
-,56,61,117,61,56,117,0,1.1201171875,-1.1201171875,-1.1201171875,1,46,False
-,56,62,118,62,56,118,0,0.607421875,-0.607421875,-0.607421875,1,56,True
-,56,63,119,63,56,119,0,0.64208984375,-0.64208984375,-0.64208984375,1,56,True
-,56,64,120,64,56,120,5,0.071533203125,-0.071533203125,-0.071533203125,1,56,True
-,56,65,121,65,56,121,0,0.35205078125,-0.35205078125,-0.35205078125,1,56,True
-,56,66,122,66,56,122,0,0.8759765625,-0.8759765625,-0.8759765625,1,46,False
-,56,67,123,67,56,123,0,3.99609375,-3.99609375,-3.99609375,1,46,False
-,56,68,124,68,56,124,0,3.185546875,-3.185546875,-3.185546875,1,47,False
-,56,69,125,69,56,125,0,3.09765625,-3.09765625,-3.09765625,1,46,False
-,56,70,126,70,56,126,0,0.44384765625,-0.44384765625,-0.44384765625,1,56,True
-,56,71,127,71,56,127,0,0.71728515625,-0.71728515625,-0.71728515625,1,56,True
-,56,72,128,72,56,128,0,0.354248046875,-0.354248046875,-0.354248046875,1,56,True
-,56,73,129,73,56,129,0,0.2191162109375,-0.2191162109375,-0.2191162109375,1,56,True
-,56,74,130,74,56,130,0,0.07781982421875,-0.07781982421875,-0.07781982421875,1,56,True
-,56,75,131,75,56,131,0,0.287841796875,-0.287841796875,-0.287841796875,1,56,True
-,56,76,132,76,56,132,0,0.9521484375,-0.9521484375,-0.9521484375,1,46,False
-,56,77,133,77,56,133,0,2.609375,-2.609375,-2.609375,1,46,False
-,56,78,134,78,56,134,0,0.67236328125,-0.67236328125,-0.67236328125,1,56,True
-,56,79,135,79,56,135,0,2.08984375,-2.08984375,-2.08984375,1,46,False
-,56,80,136,80,56,136,0,0.2000732421875,-0.2000732421875,-0.2000732421875,1,56,True
-,56,81,137,81,56,137,0,1.3291015625,-1.3291015625,-1.3291015625,1,46,False
-,56,82,138,82,56,138,0,0.1566162109375,-0.1566162109375,-0.1566162109375,1,56,True
-,56,83,139,83,56,139,0,2.765625,-2.765625,-2.765625,1,46,False
-,56,84,140,84,56,140,0,1.7197265625,-1.7197265625,-1.7197265625,1,46,False
-,56,85,141,85,56,141,0,0.54833984375,-0.54833984375,-0.54833984375,1,56,True
-,56,86,142,86,56,142,0,0.088623046875,-0.088623046875,-0.088623046875,1,56,True
-,56,87,143,87,56,143,0,2.5859375,-2.5859375,-2.5859375,1,46,False
-,56,88,144,88,56,144,0,0.04266357421875,-0.04266357421875,-0.04266357421875,1,56,True
-,56,89,145,89,56,145,0,0.0865478515625,-0.0865478515625,-0.0865478515625,1,56,True
-,56,90,146,90,56,146,0,0.0469970703125,-0.0469970703125,-0.0469970703125,1,56,True
-,56,91,147,91,56,147,0,0.316162109375,-0.316162109375,-0.316162109375,1,56,True
-,56,92,148,92,56,148,0,4.046875,-4.046875,-4.046875,1,46,False
-,56,93,149,93,56,149,0,0.982421875,-0.982421875,-0.982421875,1,46,False
-,56,94,150,94,56,150,0,0.26416015625,-0.26416015625,-0.26416015625,1,56,True
-,56,95,151,95,56,151,0,0.96044921875,-0.96044921875,-0.96044921875,1,46,False
-,56,96,152,96,56,152,0,0.8427734375,-0.8427734375,-0.8427734375,1,56,True
-,56,97,153,97,56,153,0,1.693359375,-1.693359375,-1.693359375,1,46,False
-,56,98,154,98,56,154,0,1.203125,-1.203125,-1.203125,1,52,False
-,56,99,155,99,56,155,0,1.0703125,-1.0703125,-1.0703125,1,56,True
-,57,10,67,10,57,67,1,0.02777099609375,-0.02777099609375,-0.02777099609375,1,57,True
-,57,11,68,11,57,68,0,0.025177001953125,-0.025177001953125,-0.025177001953125,1,57,True
-,57,12,69,12,57,69,0,0.011016845703125,-0.011016845703125,-0.011016845703125,1,57,True
-,57,13,70,13,57,70,0,0.06890869140625,-0.06890869140625,-0.06890869140625,1,57,True
-,57,14,71,14,57,71,1,0.36572265625,-0.36572265625,-0.36572265625,1,57,True
-,57,15,72,15,57,72,2,0.02557373046875,-0.02557373046875,-0.02557373046875,1,57,True
-,57,16,73,16,57,73,0,0.25634765625,-0.25634765625,-0.25634765625,1,57,True
-,57,17,74,17,57,74,1,0.0413818359375,-0.0413818359375,-0.0413818359375,1,57,True
-,57,18,75,18,57,75,0,0.0101470947265625,-0.0101470947265625,-0.0101470947265625,1,57,True
-,57,19,76,19,57,76,1,0.027679443359375,-0.027679443359375,-0.027679443359375,1,57,True
-,57,20,77,20,57,77,1,0.096923828125,-0.096923828125,-0.096923828125,1,57,True
-,57,21,78,21,57,78,0,0.0121307373046875,-0.0121307373046875,-0.0121307373046875,1,57,True
-,57,22,79,22,57,79,0,0.0292205810546875,-0.0292205810546875,-0.0292205810546875,1,57,True
-,57,23,80,23,57,80,1,0.0209197998046875,-0.0209197998046875,-0.0209197998046875,1,57,True
-,57,24,81,24,57,81,1,0.0390625,-0.0390625,-0.0390625,1,57,True
-,57,25,82,25,57,82,0,0.052825927734375,-0.052825927734375,-0.052825927734375,1,57,True
-,57,26,83,26,57,83,0,0.031219482421875,-0.031219482421875,-0.031219482421875,1,57,True
-,57,27,84,27,57,84,0,0.005279541015625,-0.005279541015625,-0.005279541015625,1,57,True
-,57,28,85,28,57,85,0,0.0372314453125,-0.0372314453125,-0.0372314453125,1,57,True
-,57,29,86,29,57,86,0,0.08489990234375,-0.08489990234375,-0.08489990234375,1,57,True
-,57,30,87,30,57,87,0,0.03240966796875,-0.03240966796875,-0.03240966796875,1,57,True
-,57,31,88,31,57,88,1,0.043365478515625,-0.043365478515625,-0.043365478515625,1,57,True
-,57,32,89,32,57,89,0,0.1689453125,-0.1689453125,-0.1689453125,1,57,True
-,57,33,90,33,57,90,1,0.00743865966796875,-0.00743865966796875,-0.00743865966796875,1,57,True
-,57,34,91,34,57,91,0,0.104736328125,-0.104736328125,-0.104736328125,1,57,True
-,57,35,92,35,57,92,0,0.1802978515625,-0.1802978515625,-0.1802978515625,1,57,True
-,57,36,93,36,57,93,0,0.04559326171875,-0.04559326171875,-0.04559326171875,1,57,True
-,57,37,94,37,57,94,0,0.0732421875,-0.0732421875,-0.0732421875,1,57,True
-,57,38,95,38,57,95,0,0.038238525390625,-0.038238525390625,-0.038238525390625,1,57,True
-,57,39,96,39,57,96,0,0.041046142578125,-0.041046142578125,-0.041046142578125,1,57,True
-,57,40,97,40,57,97,0,0.040985107421875,-0.040985107421875,-0.040985107421875,1,57,True
-,57,41,98,41,57,98,0,0.12017822265625,-0.12017822265625,-0.12017822265625,1,57,True
-,57,42,99,42,57,99,0,0.01007843017578125,-0.01007843017578125,-0.01007843017578125,1,57,True
-,57,43,100,43,57,100,3,0.12841796875,-0.12841796875,-0.12841796875,1,57,True
-,57,44,101,44,57,101,0,0.0947265625,-0.0947265625,-0.0947265625,1,57,True
-,57,45,102,45,57,102,0,0.0234375,-0.0234375,-0.0234375,1,57,True
-,57,46,103,46,57,103,0,0.07574462890625,-0.07574462890625,-0.07574462890625,1,57,True
-,57,47,104,47,57,104,0,0.74560546875,-0.74560546875,-0.74560546875,1,47,False
-,57,48,105,48,57,105,2,0.03045654296875,-0.03045654296875,-0.03045654296875,1,57,True
-,57,49,106,49,57,106,0,0.046966552734375,-0.046966552734375,-0.046966552734375,1,57,True
-,57,50,107,50,57,107,0,0.1572265625,-0.1572265625,-0.1572265625,1,57,True
-,57,51,108,51,57,108,0,0.0169219970703125,-0.0169219970703125,-0.0169219970703125,1,57,True
-,57,52,109,52,57,109,1,0.3056640625,-0.3056640625,-0.3056640625,1,57,True
-,57,53,110,53,57,110,0,0.035797119140625,-0.035797119140625,-0.035797119140625,1,57,True
-,57,54,111,54,57,111,0,0.076171875,-0.076171875,-0.076171875,1,57,True
-,57,55,112,55,57,112,0,0.54833984375,-0.54833984375,-0.54833984375,1,57,True
-,57,56,113,56,57,113,0,3.216796875,-3.216796875,-3.216796875,1,47,False
-,57,57,114,57,57,114,0,0.35009765625,-0.35009765625,-0.35009765625,1,57,True
-,57,58,115,58,57,115,0,0.87109375,-0.87109375,-0.87109375,1,47,False
-,57,59,116,59,57,116,0,0.67529296875,-0.67529296875,-0.67529296875,1,57,True
-,57,60,117,60,57,117,0,0.1845703125,-0.1845703125,-0.1845703125,1,57,True
-,57,61,118,61,57,118,0,0.60400390625,-0.60400390625,-0.60400390625,1,57,True
-,57,62,119,62,57,119,0,0.1939697265625,-0.1939697265625,-0.1939697265625,1,57,True
-,57,63,120,63,57,120,0,0.058380126953125,-0.058380126953125,-0.058380126953125,1,57,True
-,57,64,121,64,57,121,1,0.23779296875,-0.23779296875,-0.23779296875,1,57,True
-,57,65,122,65,57,122,0,0.4091796875,-0.4091796875,-0.4091796875,1,57,True
-,57,66,123,66,57,123,0,0.493408203125,-0.493408203125,-0.493408203125,1,57,True
-,57,67,124,67,57,124,0,1.9375,-1.9375,-1.9375,1,47,False
-,57,68,125,68,57,125,0,2.244140625,-2.244140625,-2.244140625,1,47,False
-,57,69,126,69,57,126,0,0.58154296875,-0.58154296875,-0.58154296875,1,57,True
-,57,70,127,70,57,127,0,0.3955078125,-0.3955078125,-0.3955078125,1,57,True
-,57,71,128,71,57,128,0,0.68701171875,-0.68701171875,-0.68701171875,1,57,True
-,57,72,129,72,57,129,0,0.1478271484375,-0.1478271484375,-0.1478271484375,1,57,True
-,57,73,130,73,57,130,0,0.08538818359375,-0.08538818359375,-0.08538818359375,1,57,True
-,57,74,131,74,57,131,0,0.408935546875,-0.408935546875,-0.408935546875,1,57,True
-,57,75,132,75,57,132,0,0.276611328125,-0.276611328125,-0.276611328125,1,57,True
-,57,76,133,76,57,133,0,1.37109375,-1.37109375,-1.37109375,1,47,False
-,57,77,134,77,57,134,0,0.775390625,-0.775390625,-0.775390625,1,57,True
-,57,78,135,78,57,135,1,0.405517578125,-0.405517578125,-0.405517578125,1,57,True
-,57,79,136,79,57,136,0,0.755859375,-0.755859375,-0.755859375,1,47,False
-,57,80,137,80,57,137,0,1.521484375,-1.521484375,-1.521484375,1,47,False
-,57,81,138,81,57,138,0,0.2578125,-0.2578125,-0.2578125,1,57,True
-,57,82,139,82,57,139,0,1.625,-1.625,-1.625,1,47,False
-,57,83,140,83,57,140,0,1.31640625,-1.31640625,-1.31640625,1,47,False
-,57,84,141,84,57,141,0,0.74609375,-0.74609375,-0.74609375,1,57,True
-,57,85,142,85,57,142,0,0.65478515625,-0.65478515625,-0.65478515625,1,57,True
-,57,86,143,86,57,143,0,0.196533203125,-0.196533203125,-0.196533203125,1,57,True
-,57,87,144,87,57,144,0,0.048370361328125,-0.048370361328125,-0.048370361328125,1,57,True
-,57,88,145,88,57,145,0,0.1600341796875,-0.1600341796875,-0.1600341796875,1,57,True
-,57,89,146,89,57,146,0,0.06646728515625,-0.06646728515625,-0.06646728515625,1,57,True
-,57,90,147,90,57,147,0,0.167724609375,-0.167724609375,-0.167724609375,1,57,True
-,57,91,148,91,57,148,0,1.37109375,-1.37109375,-1.37109375,1,47,False
-,57,92,149,92,57,149,0,2.171875,-2.171875,-2.171875,1,47,False
-,57,93,150,93,57,150,0,0.223388671875,-0.223388671875,-0.223388671875,1,57,True
-,57,94,151,94,57,151,0,0.46728515625,-0.46728515625,-0.46728515625,1,57,True
-,57,95,152,95,57,152,0,1.3916015625,-1.3916015625,-1.3916015625,1,47,False
-,57,96,153,96,57,153,0,2.341796875,-2.341796875,-2.341796875,1,51,False
-,57,97,154,97,57,154,0,0.5751953125,-0.5751953125,-0.5751953125,1,57,True
-,57,98,155,98,57,155,0,0.12274169921875,-0.12274169921875,-0.12274169921875,1,57,True
-,57,99,156,99,57,156,0,0.024017333984375,-0.024017333984375,-0.024017333984375,1,57,True
-,58,10,68,10,58,68,0,0.04083251953125,-0.04083251953125,-0.04083251953125,1,58,True
-,58,11,69,11,58,69,0,0.01123046875,-0.01123046875,-0.01123046875,1,58,True
-,58,12,70,12,58,70,0,0.005466461181640625,-0.005466461181640625,-0.005466461181640625,1,58,True
-,58,13,71,13,58,71,1,0.08294677734375,-0.08294677734375,-0.08294677734375,1,58,True
-,58,14,72,14,58,72,1,0.0179443359375,-0.0179443359375,-0.0179443359375,1,58,True
-,58,15,73,15,58,73,0,0.0352783203125,-0.0352783203125,-0.0352783203125,1,58,True
-,58,16,74,16,58,74,1,0.081298828125,-0.081298828125,-0.081298828125,1,58,True
-,58,17,75,17,58,75,2,0.1065673828125,-0.1065673828125,-0.1065673828125,1,58,True
-,58,18,76,18,58,76,1,0.044525146484375,-0.044525146484375,-0.044525146484375,1,58,True
-,58,19,77,19,58,77,1,0.07177734375,-0.07177734375,-0.07177734375,1,58,True
-,58,20,78,20,58,78,0,0.0406494140625,-0.0406494140625,-0.0406494140625,1,58,True
-,58,21,79,21,58,79,1,0.02978515625,-0.02978515625,-0.02978515625,1,58,True
-,58,22,80,22,58,80,0,0.052337646484375,-0.052337646484375,-0.052337646484375,1,58,True
-,58,23,81,23,58,81,0,0.049285888671875,-0.049285888671875,-0.049285888671875,1,58,True
-,58,24,82,24,58,82,0,0.0511474609375,-0.0511474609375,-0.0511474609375,1,58,True
-,58,25,83,25,58,83,0,0.08282470703125,-0.08282470703125,-0.08282470703125,1,58,True
-,58,26,84,26,58,84,0,0.057861328125,-0.057861328125,-0.057861328125,1,58,True
-,58,27,85,27,58,85,0,0.01654052734375,-0.01654052734375,-0.01654052734375,1,58,True
-,58,28,86,28,58,86,0,0.09130859375,-0.09130859375,-0.09130859375,1,58,True
-,58,29,87,29,58,87,0,0.13818359375,-0.13818359375,-0.13818359375,1,58,True
-,58,30,88,30,58,88,0,0.0200958251953125,-0.0200958251953125,-0.0200958251953125,1,58,True
-,58,31,89,31,58,89,0,0.3203125,-0.3203125,-0.3203125,1,58,True
-,58,32,90,32,58,90,1,0.0241241455078125,-0.0241241455078125,-0.0241241455078125,1,58,True
-,58,33,91,33,58,91,1,0.10540771484375,-0.10540771484375,-0.10540771484375,1,58,True
-,58,34,92,34,58,92,0,0.053558349609375,-0.053558349609375,-0.053558349609375,1,58,True
-,58,35,93,35,58,93,0,0.74609375,-0.74609375,-0.74609375,1,58,True
-,58,36,94,36,58,94,0,0.0787353515625,-0.0787353515625,-0.0787353515625,1,58,True
-,58,37,95,37,58,95,0,0.1424560546875,-0.1424560546875,-0.1424560546875,1,58,True
-,58,38,96,38,58,96,0,0.04345703125,-0.04345703125,-0.04345703125,1,58,True
-,58,39,97,39,58,97,0,0.0911865234375,-0.0911865234375,-0.0911865234375,1,58,True
-,58,40,98,40,58,98,0,0.09454345703125,-0.09454345703125,-0.09454345703125,1,58,True
-,58,41,99,41,58,99,0,0.1290283203125,-0.1290283203125,-0.1290283203125,1,58,True
-,58,42,100,42,58,100,4,0.042327880859375,-0.042327880859375,-0.042327880859375,1,58,True
-,58,43,101,43,58,101,0,0.1397705078125,-0.1397705078125,-0.1397705078125,1,58,True
-,58,44,102,44,58,102,1,0.12841796875,-0.12841796875,-0.12841796875,1,58,True
-,58,45,103,45,58,103,0,0.1265869140625,-0.1265869140625,-0.1265869140625,1,58,True
-,58,46,104,46,58,104,0,0.154296875,-0.154296875,-0.154296875,1,58,True
-,58,47,105,47,58,105,0,0.08453369140625,-0.08453369140625,-0.08453369140625,1,58,True
-,58,48,106,48,58,106,0,0.050628662109375,-0.050628662109375,-0.050628662109375,1,58,True
-,58,49,107,49,58,107,0,0.2073974609375,-0.2073974609375,-0.2073974609375,1,58,True
-,58,50,108,50,58,108,0,0.06280517578125,-0.06280517578125,-0.06280517578125,1,58,True
-,58,51,109,51,58,109,0,0.18701171875,-0.18701171875,-0.18701171875,1,58,True
-,58,52,110,52,58,110,0,0.1484375,-0.1484375,-0.1484375,1,58,True
-,58,53,111,53,58,111,0,0.71728515625,-0.71728515625,-0.71728515625,1,58,True
-,58,54,112,54,58,112,0,0.30810546875,-0.30810546875,-0.30810546875,1,58,True
-,58,55,113,55,58,113,0,4.4140625,-4.4140625,-4.4140625,1,48,False
-,58,56,114,56,58,114,0,1.6025390625,-1.6025390625,-1.6025390625,1,47,False
-,58,57,115,57,58,115,1,1.6669921875,-1.6669921875,-1.6669921875,1,48,False
-,58,58,116,58,58,116,0,0.42236328125,-0.42236328125,-0.42236328125,1,58,True
-,58,59,117,59,58,117,0,0.9560546875,-0.9560546875,-0.9560546875,1,58,True
-,58,60,118,60,58,118,0,0.47705078125,-0.47705078125,-0.47705078125,1,58,True
-,58,61,119,61,58,119,0,0.77392578125,-0.77392578125,-0.77392578125,1,58,True
-,58,62,120,62,58,120,0,0.1363525390625,-0.1363525390625,-0.1363525390625,1,58,True
-,58,63,121,63,58,121,0,0.213134765625,-0.213134765625,-0.213134765625,1,58,True
-,58,64,122,64,58,122,1,1.2177734375,-1.2177734375,-1.2177734375,1,48,False
-,58,65,123,65,58,123,0,1.564453125,-1.564453125,-1.564453125,1,48,False
-,58,66,124,66,58,124,0,0.9521484375,-0.9521484375,-0.9521484375,1,58,True
-,58,67,125,67,58,125,0,2.86328125,-2.86328125,-2.86328125,1,48,False
-,58,68,126,68,58,126,0,0.416015625,-0.416015625,-0.416015625,1,58,True
-,58,69,127,69,58,127,0,0.615234375,-0.615234375,-0.615234375,1,58,True
-,58,70,128,70,58,128,1,0.458740234375,-0.458740234375,-0.458740234375,1,58,True
-,58,71,129,71,58,129,0,0.462890625,-0.462890625,-0.462890625,1,58,True
-,58,72,130,72,58,130,0,0.15869140625,-0.15869140625,-0.15869140625,1,58,True
-,58,73,131,73,58,131,0,1.302734375,-1.302734375,-1.302734375,1,48,False
-,58,74,132,74,58,132,0,0.410888671875,-0.410888671875,-0.410888671875,1,58,True
-,58,75,133,75,58,133,0,1.8271484375,-1.8271484375,-1.8271484375,1,48,False
-,58,76,134,76,58,134,0,1.3203125,-1.3203125,-1.3203125,1,48,False
-,58,77,135,77,58,135,0,2.25,-2.25,-2.25,1,48,False
-,58,78,136,78,58,136,0,0.378173828125,-0.378173828125,-0.378173828125,1,58,True
-,58,79,137,79,58,137,0,2.517578125,-2.517578125,-2.517578125,1,48,False
-,58,80,138,80,58,138,0,0.55126953125,-0.55126953125,-0.55126953125,1,58,True
-,58,81,139,81,58,139,0,2.548828125,-2.548828125,-2.548828125,1,48,False
-,58,82,140,82,58,140,1,1.052734375,-1.052734375,-1.052734375,1,48,False
-,58,83,141,83,58,141,0,1.3466796875,-1.3466796875,-1.3466796875,1,48,False
-,58,84,142,84,58,142,0,0.7421875,-0.7421875,-0.7421875,1,58,True
-,58,85,143,85,58,143,0,3.521484375,-3.521484375,-3.521484375,1,48,False
-,58,86,144,86,58,144,0,0.044097900390625,-0.044097900390625,-0.044097900390625,1,58,True
-,58,87,145,87,58,145,0,2.560546875,-2.560546875,-2.560546875,1,48,False
-,58,88,146,88,58,146,0,0.324462890625,-0.324462890625,-0.324462890625,1,58,True
-,58,89,147,89,58,147,0,0.1798095703125,-0.1798095703125,-0.1798095703125,1,58,True
-,58,90,148,90,58,148,0,0.41748046875,-0.41748046875,-0.41748046875,1,58,True
-,58,91,149,91,58,149,0,1.9853515625,-1.9853515625,-1.9853515625,1,48,False
-,58,92,150,92,58,150,0,0.65478515625,-0.65478515625,-0.65478515625,1,58,True
-,58,93,151,93,58,151,0,0.8603515625,-0.8603515625,-0.8603515625,1,58,True
-,58,94,152,94,58,152,0,0.681640625,-0.681640625,-0.681640625,1,58,True
-,58,95,153,95,58,153,0,2.232421875,-2.232421875,-2.232421875,1,48,False
-,58,96,154,96,58,154,0,2.853515625,-2.853515625,-2.853515625,1,47,False
-,58,97,155,97,58,155,0,1.03125,-1.03125,-1.03125,1,58,True
-,58,98,156,98,58,156,0,0.09796142578125,-0.09796142578125,-0.09796142578125,1,58,True
-,58,99,157,99,58,157,0,1.41015625,-1.41015625,-1.41015625,1,58,True
-,59,10,69,10,59,69,0,0.01027679443359375,-0.01027679443359375,-0.01027679443359375,1,59,True
-,59,11,70,11,59,70,2,0.046142578125,-0.046142578125,-0.046142578125,1,59,True
-,59,12,71,12,59,71,2,0.117431640625,-0.117431640625,-0.117431640625,1,59,True
-,59,13,72,13,59,72,1,0.124267578125,-0.124267578125,-0.124267578125,1,59,True
-,59,14,73,14,59,73,0,0.255615234375,-0.255615234375,-0.255615234375,1,59,True
-,59,15,74,15,59,74,0,0.043426513671875,-0.043426513671875,-0.043426513671875,1,59,True
-,59,16,75,16,59,75,1,0.032501220703125,-0.032501220703125,-0.032501220703125,1,59,True
-,59,17,76,17,59,76,0,0.370361328125,-0.370361328125,-0.370361328125,1,59,True
-,59,18,77,18,59,77,0,0.036895751953125,-0.036895751953125,-0.036895751953125,1,59,True
-,59,19,78,19,59,78,0,0.058258056640625,-0.058258056640625,-0.058258056640625,1,59,True
-,59,20,79,20,59,79,1,0.029693603515625,-0.029693603515625,-0.029693603515625,1,59,True
-,59,21,80,21,59,80,0,0.022125244140625,-0.022125244140625,-0.022125244140625,1,59,True
-,59,22,81,22,59,81,0,0.1881103515625,-0.1881103515625,-0.1881103515625,1,59,True
-,59,23,82,23,59,82,0,0.10162353515625,-0.10162353515625,-0.10162353515625,1,59,True
-,59,24,83,24,59,83,0,0.200439453125,-0.200439453125,-0.200439453125,1,59,True
-,59,25,84,25,59,84,1,0.040313720703125,-0.040313720703125,-0.040313720703125,1,59,True
-,59,26,85,26,59,85,0,0.022613525390625,-0.022613525390625,-0.022613525390625,1,59,True
-,59,27,86,27,59,86,0,0.025604248046875,-0.025604248046875,-0.025604248046875,1,59,True
-,59,28,87,28,59,87,1,0.119873046875,-0.119873046875,-0.119873046875,1,59,True
-,59,29,88,29,59,88,0,0.626953125,-0.626953125,-0.626953125,1,59,True
-,59,30,89,30,59,89,0,0.203857421875,-0.203857421875,-0.203857421875,1,59,True
-,59,31,90,31,59,90,1,0.15576171875,-0.15576171875,-0.15576171875,1,59,True
-,59,32,91,32,59,91,0,0.33056640625,-0.33056640625,-0.33056640625,1,59,True
-,59,33,92,33,59,92,0,0.10772705078125,-0.10772705078125,-0.10772705078125,1,59,True
-,59,34,93,34,59,93,0,0.2269287109375,-0.2269287109375,-0.2269287109375,1,59,True
-,59,35,94,35,59,94,0,0.69140625,-0.69140625,-0.69140625,1,59,True
-,59,36,95,36,59,95,0,0.06561279296875,-0.06561279296875,-0.06561279296875,1,59,True
-,59,37,96,37,59,96,0,0.051513671875,-0.051513671875,-0.051513671875,1,59,True
-,59,38,97,38,59,97,0,0.06207275390625,-0.06207275390625,-0.06207275390625,1,59,True
-,59,39,98,39,59,98,0,0.642578125,-0.642578125,-0.642578125,1,59,True
-,59,40,99,40,59,99,0,0.062164306640625,-0.062164306640625,-0.062164306640625,1,59,True
-,59,41,100,41,59,100,3,0.061370849609375,-0.061370849609375,-0.061370849609375,1,59,True
-,59,42,101,42,59,101,0,0.241455078125,-0.241455078125,-0.241455078125,1,59,True
-,59,43,102,43,59,102,0,0.08819580078125,-0.08819580078125,-0.08819580078125,1,59,True
-,59,44,103,44,59,103,0,0.53125,-0.53125,-0.53125,1,59,True
-,59,45,104,45,59,104,0,0.366455078125,-0.366455078125,-0.366455078125,1,59,True
-,59,46,105,46,59,105,0,0.03179931640625,-0.03179931640625,-0.03179931640625,1,59,True
-,59,47,106,47,59,106,0,0.328857421875,-0.328857421875,-0.328857421875,1,59,True
-,59,48,107,48,59,107,1,0.43017578125,-0.43017578125,-0.43017578125,1,59,True
-,59,49,108,49,59,108,0,0.52685546875,-0.52685546875,-0.52685546875,1,59,True
-,59,50,109,50,59,109,0,0.137451171875,-0.137451171875,-0.137451171875,1,59,True
-,59,51,110,51,59,110,0,0.055419921875,-0.055419921875,-0.055419921875,1,59,True
-,59,52,111,52,59,111,0,0.50927734375,-0.50927734375,-0.50927734375,1,59,True
-,59,53,112,53,59,112,0,0.58349609375,-0.58349609375,-0.58349609375,1,59,True
-,59,54,113,54,59,113,0,1.4091796875,-1.4091796875,-1.4091796875,1,49,False
-,59,55,114,55,59,114,0,3.765625,-3.765625,-3.765625,1,49,False
-,59,56,115,56,59,115,0,1.6796875,-1.6796875,-1.6796875,1,49,False
-,59,57,116,57,59,116,0,1.7666015625,-1.7666015625,-1.7666015625,1,49,False
-,59,58,117,58,59,117,0,0.54931640625,-0.54931640625,-0.54931640625,1,59,True
-,59,59,118,59,59,118,0,2.330078125,-2.330078125,-2.330078125,1,49,False
-,59,60,119,60,59,119,0,0.568359375,-0.568359375,-0.568359375,1,59,True
-,59,61,120,61,59,120,0,0.39599609375,-0.39599609375,-0.39599609375,1,59,True
-,59,62,121,62,59,121,0,0.4873046875,-0.4873046875,-0.4873046875,1,59,True
-,59,63,122,63,59,122,1,2.3203125,-2.3203125,-2.3203125,1,49,False
-,59,64,123,64,59,123,1,1.7578125,-1.7578125,-1.7578125,1,49,False
-,59,65,124,65,59,124,0,1.9482421875,-1.9482421875,-1.9482421875,1,49,False
-,59,66,125,66,59,125,0,1.947265625,-1.947265625,-1.947265625,1,49,False
-,59,67,126,67,59,126,0,2.2734375,-2.2734375,-2.2734375,1,49,False
-,59,68,127,68,59,127,0,0.982421875,-0.982421875,-0.982421875,1,49,False
-,59,69,128,69,59,128,0,0.58203125,-0.58203125,-0.58203125,1,59,True
-,59,70,129,70,59,129,0,0.09637451171875,-0.09637451171875,-0.09637451171875,1,59,True
-,59,71,130,71,59,130,0,0.2197265625,-0.2197265625,-0.2197265625,1,59,True
-,59,72,131,72,59,131,0,0.8857421875,-0.8857421875,-0.8857421875,1,59,True
-,59,73,132,73,59,132,0,1.716796875,-1.716796875,-1.716796875,1,49,False
-,59,74,133,74,59,133,0,1.5263671875,-1.5263671875,-1.5263671875,1,49,False
-,59,75,134,75,59,134,0,1.4150390625,-1.4150390625,-1.4150390625,1,49,False
-,59,76,135,76,59,135,0,1.2275390625,-1.2275390625,-1.2275390625,1,49,False
-,59,77,136,77,59,136,0,0.91796875,-0.91796875,-0.91796875,1,49,False
-,59,78,137,78,59,137,0,0.22314453125,-0.22314453125,-0.22314453125,1,59,True
-,59,79,138,79,59,138,0,1.5498046875,-1.5498046875,-1.5498046875,1,49,False
-,59,80,139,80,59,139,0,1.763671875,-1.763671875,-1.763671875,1,49,False
-,59,81,140,81,59,140,0,1.5380859375,-1.5380859375,-1.5380859375,1,49,False
-,59,82,141,82,59,141,0,0.375,-0.375,-0.375,1,59,True
-,59,83,142,83,59,142,0,1.0478515625,-1.0478515625,-1.0478515625,1,49,False
-,59,84,143,84,59,143,0,2.900390625,-2.900390625,-2.900390625,1,49,False
-,59,85,144,85,59,144,0,0.1448974609375,-0.1448974609375,-0.1448974609375,1,59,True
-,59,86,145,86,59,145,0,0.07037353515625,-0.07037353515625,-0.07037353515625,1,59,True
-,59,87,146,87,59,146,0,0.393798828125,-0.393798828125,-0.393798828125,1,59,True
-,59,88,147,88,59,147,0,1.07421875,-1.07421875,-1.07421875,1,49,False
-,59,89,148,89,59,148,0,0.50537109375,-0.50537109375,-0.50537109375,1,59,True
-,59,90,149,90,59,149,0,0.0977783203125,-0.0977783203125,-0.0977783203125,1,59,True
-,59,91,150,91,59,150,0,1.7548828125,-1.7548828125,-1.7548828125,1,49,False
-,59,92,151,92,59,151,0,2.21875,-2.21875,-2.21875,1,49,False
-,59,93,152,93,59,152,0,1.55859375,-1.55859375,-1.55859375,1,49,False
-,59,94,153,94,59,153,0,0.69384765625,-0.69384765625,-0.69384765625,1,59,True
-,59,95,154,95,59,154,1,0.85888671875,-0.85888671875,-0.85888671875,1,49,False
-,59,96,155,96,59,155,0,0.5927734375,-0.5927734375,-0.5927734375,1,59,True
-,59,97,156,97,59,156,0,0.221435546875,-0.221435546875,-0.221435546875,1,59,True
-,59,98,157,98,59,157,0,0.0894775390625,-0.0894775390625,-0.0894775390625,1,59,True
-,59,99,158,99,59,158,0,0.1568603515625,-0.1568603515625,-0.1568603515625,1,59,True
-,60,10,70,10,60,70,0,0.0167236328125,-0.0167236328125,-0.0167236328125,1,60,True
-,60,11,71,11,60,71,0,0.0654296875,-0.0654296875,-0.0654296875,1,60,True
-,60,12,72,12,60,72,3,0.043182373046875,-0.043182373046875,-0.043182373046875,1,60,True
-,60,13,73,13,60,73,0,0.60205078125,-0.60205078125,-0.60205078125,1,60,True
-,60,14,74,14,60,74,2,0.0084991455078125,-0.0084991455078125,-0.0084991455078125,1,60,True
-,60,15,75,15,60,75,0,0.007053375244140625,-0.007053375244140625,-0.007053375244140625,1,60,True
-,60,16,76,16,60,76,0,0.005657196044921875,-0.005657196044921875,-0.005657196044921875,1,60,True
-,60,17,77,17,60,77,0,0.10577392578125,-0.10577392578125,-0.10577392578125,1,60,True
-,60,18,78,18,60,78,0,0.357177734375,-0.357177734375,-0.357177734375,1,60,True
-,60,19,79,19,60,79,0,0.02655029296875,-0.02655029296875,-0.02655029296875,1,60,True
-,60,20,80,20,60,80,7,0.017608642578125,-0.017608642578125,-0.017608642578125,1,60,True
-,60,21,81,21,60,81,0,0.0209503173828125,-0.0209503173828125,-0.0209503173828125,1,60,True
-,60,22,82,22,60,82,0,0.1685791015625,-0.1685791015625,-0.1685791015625,1,60,True
-,60,23,83,23,60,83,1,4.75390625,-4.75390625,-4.75390625,1,58,False
-,60,24,84,24,60,84,0,0.068115234375,-0.068115234375,-0.068115234375,1,60,True
-,60,25,85,25,60,85,1,0.051788330078125,-0.051788330078125,-0.051788330078125,1,60,True
-,60,26,86,26,60,86,0,0.01189422607421875,-0.01189422607421875,-0.01189422607421875,1,60,True
-,60,27,87,27,60,87,0,0.007244110107421875,-0.007244110107421875,-0.007244110107421875,1,60,True
-,60,28,88,28,60,88,0,0.284912109375,-0.284912109375,-0.284912109375,1,60,True
-,60,29,89,29,60,89,0,0.1551513671875,-0.1551513671875,-0.1551513671875,1,60,True
-,60,30,90,30,60,90,6,0.1085205078125,-0.1085205078125,-0.1085205078125,1,60,True
-,60,31,91,31,60,91,1,0.21875,-0.21875,-0.21875,1,60,True
-,60,32,92,32,60,92,0,0.09674072265625,-0.09674072265625,-0.09674072265625,1,60,True
-,60,33,93,33,60,93,0,0.241455078125,-0.241455078125,-0.241455078125,1,60,True
-,60,34,94,34,60,94,0,0.150146484375,-0.150146484375,-0.150146484375,1,60,True
-,60,35,95,35,60,95,1,0.055633544921875,-0.055633544921875,-0.055633544921875,1,60,True
-,60,36,96,36,60,96,0,0.0173797607421875,-0.0173797607421875,-0.0173797607421875,1,60,True
-,60,37,97,37,60,97,0,0.047454833984375,-0.047454833984375,-0.047454833984375,1,60,True
-,60,38,98,38,60,98,0,0.10894775390625,-0.10894775390625,-0.10894775390625,1,60,True
-,60,39,99,39,60,99,0,0.00936126708984375,-0.00936126708984375,-0.00936126708984375,1,60,True
-,60,40,100,40,60,100,12,0.0186920166015625,-0.0186920166015625,-0.0186920166015625,1,60,True
-,60,41,101,41,60,101,0,0.1683349609375,-0.1683349609375,-0.1683349609375,1,60,True
-,60,42,102,42,60,102,0,0.1884765625,-0.1884765625,-0.1884765625,1,60,True
-,60,43,103,43,60,103,0,0.94091796875,-0.94091796875,-0.94091796875,1,60,True
-,60,44,104,44,60,104,0,0.54931640625,-0.54931640625,-0.54931640625,1,60,True
-,60,45,105,45,60,105,2,0.022918701171875,-0.022918701171875,-0.022918701171875,1,60,True
-,60,46,106,46,60,106,0,0.019439697265625,-0.019439697265625,-0.019439697265625,1,60,True
-,60,47,107,47,60,107,1,0.09515380859375,-0.09515380859375,-0.09515380859375,1,60,True
-,60,48,108,48,60,108,0,0.2310791015625,-0.2310791015625,-0.2310791015625,1,60,True
-,60,49,109,49,60,109,0,0.1630859375,-0.1630859375,-0.1630859375,1,60,True
-,60,50,110,50,60,110,1,0.04119873046875,-0.04119873046875,-0.04119873046875,1,60,True
-,60,51,111,51,60,111,0,0.0479736328125,-0.0479736328125,-0.0479736328125,1,60,True
-,60,52,112,52,60,112,0,0.1578369140625,-0.1578369140625,-0.1578369140625,1,60,True
-,60,53,113,53,60,113,4,1.45703125,-1.45703125,-1.45703125,1,50,False
-,60,54,114,54,60,114,1,0.17529296875,-0.17529296875,-0.17529296875,1,60,True
-,60,55,115,55,60,115,0,1.9208984375,-1.9208984375,-1.9208984375,1,50,False
-,60,56,116,56,60,116,0,0.26171875,-0.26171875,-0.26171875,1,60,True
-,60,57,117,57,60,117,0,0.2281494140625,-0.2281494140625,-0.2281494140625,1,60,True
-,60,58,118,58,60,118,0,0.31396484375,-0.31396484375,-0.31396484375,1,60,True
-,60,59,119,59,60,119,0,0.607421875,-0.607421875,-0.607421875,1,60,True
-,60,60,120,60,60,120,5,0.09954833984375,-0.09954833984375,-0.09954833984375,1,60,True
-,60,61,121,61,60,121,1,0.53515625,-0.53515625,-0.53515625,1,60,True
-,60,62,122,62,60,122,0,0.365234375,-0.365234375,-0.365234375,1,60,True
-,60,63,123,63,60,123,0,0.8525390625,-0.8525390625,-0.8525390625,1,60,True
-,60,64,124,64,60,124,0,2.171875,-2.171875,-2.171875,1,49,False
-,60,65,125,65,60,125,0,1.8095703125,-1.8095703125,-1.8095703125,1,50,False
-,60,66,126,66,60,126,0,0.232666015625,-0.232666015625,-0.232666015625,1,60,True
-,60,67,127,67,60,127,0,0.58984375,-0.58984375,-0.58984375,1,60,True
-,60,68,128,68,60,128,1,0.51318359375,-0.51318359375,-0.51318359375,1,60,True
-,60,69,129,69,60,129,0,0.09423828125,-0.09423828125,-0.09423828125,1,60,True
-,60,70,130,70,60,130,2,0.08233642578125,-0.08233642578125,-0.08233642578125,1,60,True
-,60,71,131,71,60,131,0,0.299072265625,-0.299072265625,-0.299072265625,1,60,True
-,60,72,132,72,60,132,0,1.1318359375,-1.1318359375,-1.1318359375,1,60,True
-,60,73,133,73,60,133,0,2.2421875,-2.2421875,-2.2421875,1,50,False
-,60,74,134,74,60,134,0,0.1326904296875,-0.1326904296875,-0.1326904296875,1,60,True
-,60,75,135,75,60,135,0,0.72412109375,-0.72412109375,-0.72412109375,1,60,True
-,60,76,136,76,60,136,0,0.293701171875,-0.293701171875,-0.293701171875,1,60,True
-,60,77,137,77,60,137,0,1.0908203125,-1.0908203125,-1.0908203125,1,50,False
-,60,78,138,78,60,138,0,0.275146484375,-0.275146484375,-0.275146484375,1,60,True
-,60,79,139,79,60,139,0,1.1357421875,-1.1357421875,-1.1357421875,1,50,False
-,60,80,140,80,60,140,3,0.2276611328125,-0.2276611328125,-0.2276611328125,1,60,True
-,60,81,141,81,60,141,0,0.1856689453125,-0.1856689453125,-0.1856689453125,1,60,True
-,60,82,142,82,60,142,0,0.1380615234375,-0.1380615234375,-0.1380615234375,1,60,True
-,60,83,143,83,60,143,0,2.5859375,-2.5859375,-2.5859375,1,50,False
-,60,84,144,84,60,144,0,0.07745361328125,-0.07745361328125,-0.07745361328125,1,60,True
-,60,85,145,85,60,145,0,0.492431640625,-0.492431640625,-0.492431640625,1,60,True
-,60,86,146,86,60,146,0,0.0163726806640625,-0.0163726806640625,-0.0163726806640625,1,60,True
-,60,87,147,87,60,147,0,0.367431640625,-0.367431640625,-0.367431640625,1,60,True
-,60,88,148,88,60,148,0,0.5927734375,-0.5927734375,-0.5927734375,1,60,True
-,60,89,149,89,60,149,0,0.281494140625,-0.281494140625,-0.281494140625,1,60,True
-,60,90,150,90,60,150,0,0.04937744140625,-0.04937744140625,-0.04937744140625,1,60,True
-,60,91,151,91,60,151,0,0.322021484375,-0.322021484375,-0.322021484375,1,60,True
-,60,92,152,92,60,152,0,0.93505859375,-0.93505859375,-0.93505859375,1,50,False
-,60,93,153,93,60,153,0,2.1171875,-2.1171875,-2.1171875,1,54,False
-,60,94,154,94,60,154,0,0.043304443359375,-0.043304443359375,-0.043304443359375,1,60,True
-,60,95,155,95,60,155,1,0.258056640625,-0.258056640625,-0.258056640625,1,60,True
-,60,96,156,96,60,156,0,0.1806640625,-0.1806640625,-0.1806640625,1,60,True
-,60,97,157,97,60,157,0,0.2103271484375,-0.2103271484375,-0.2103271484375,1,60,True
-,60,98,158,98,60,158,0,0.297119140625,-0.297119140625,-0.297119140625,1,60,True
-,60,99,159,99,60,159,0,0.266357421875,-0.266357421875,-0.266357421875,1,60,True
-,61,10,71,10,61,71,0,0.054901123046875,-0.054901123046875,-0.054901123046875,1,61,True
-,61,11,72,11,61,72,2,0.03863525390625,-0.03863525390625,-0.03863525390625,1,61,True
-,61,12,73,12,61,73,1,0.01114654541015625,-0.01114654541015625,-0.01114654541015625,1,61,True
-,61,13,74,13,61,74,0,0.01140594482421875,-0.01140594482421875,-0.01140594482421875,1,61,True
-,61,14,75,14,61,75,1,0.0350341796875,-0.0350341796875,-0.0350341796875,1,61,True
-,61,15,76,15,61,76,0,0.0195465087890625,-0.0195465087890625,-0.0195465087890625,1,61,True
-,61,16,77,16,61,77,2,0.1368408203125,-0.1368408203125,-0.1368408203125,1,61,True
-,61,17,78,17,61,78,0,0.00823211669921875,-0.00823211669921875,-0.00823211669921875,1,61,True
-,61,18,79,18,61,79,0,0.00946044921875,-0.00946044921875,-0.00946044921875,1,61,True
-,61,19,80,19,61,80,2,0.040496826171875,-0.040496826171875,-0.040496826171875,1,61,True
-,61,20,81,20,61,81,1,0.03338623046875,-0.03338623046875,-0.03338623046875,1,61,True
-,61,21,82,21,61,82,0,0.10650634765625,-0.10650634765625,-0.10650634765625,1,61,True
-,61,22,83,22,61,83,0,0.11181640625,-0.11181640625,-0.11181640625,1,61,True
-,61,23,84,23,61,84,0,0.09930419921875,-0.09930419921875,-0.09930419921875,1,61,True
-,61,24,85,24,61,85,0,0.0675048828125,-0.0675048828125,-0.0675048828125,1,61,True
-,61,25,86,25,61,86,2,0.047821044921875,-0.047821044921875,-0.047821044921875,1,61,True
-,61,26,87,26,61,87,2,0.0310821533203125,-0.0310821533203125,-0.0310821533203125,1,61,True
-,61,27,88,27,61,88,0,0.063232421875,-0.063232421875,-0.063232421875,1,61,True
-,61,28,89,28,61,89,0,0.75048828125,-0.75048828125,-0.75048828125,1,61,True
-,61,29,90,29,61,90,0,0.0860595703125,-0.0860595703125,-0.0860595703125,1,61,True
-,61,30,91,30,61,91,1,0.0304718017578125,-0.0304718017578125,-0.0304718017578125,1,61,True
-,61,31,92,31,61,92,0,0.15087890625,-0.15087890625,-0.15087890625,1,61,True
-,61,32,93,32,61,93,0,0.032867431640625,-0.032867431640625,-0.032867431640625,1,61,True
-,61,33,94,33,61,94,0,0.007110595703125,-0.007110595703125,-0.007110595703125,1,61,True
-,61,34,95,34,61,95,1,0.0304107666015625,-0.0304107666015625,-0.0304107666015625,1,61,True
-,61,35,96,35,61,96,0,0.033050537109375,-0.033050537109375,-0.033050537109375,1,61,True
-,61,36,97,36,61,97,0,0.020294189453125,-0.020294189453125,-0.020294189453125,1,61,True
-,61,37,98,37,61,98,0,0.0828857421875,-0.0828857421875,-0.0828857421875,1,61,True
-,61,38,99,38,61,99,1,0.06207275390625,-0.06207275390625,-0.06207275390625,1,61,True
-,61,39,100,39,61,100,1,0.014434814453125,-0.014434814453125,-0.014434814453125,1,61,True
-,61,40,101,40,61,101,0,0.083984375,-0.083984375,-0.083984375,1,61,True
-,61,41,102,41,61,102,0,0.052947998046875,-0.052947998046875,-0.052947998046875,1,61,True
-,61,42,103,42,61,103,0,0.0230255126953125,-0.0230255126953125,-0.0230255126953125,1,61,True
-,61,43,104,43,61,104,0,0.75732421875,-0.75732421875,-0.75732421875,1,61,True
-,61,44,105,44,61,105,0,0.0159912109375,-0.0159912109375,-0.0159912109375,1,61,True
-,61,45,106,45,61,106,0,0.024505615234375,-0.024505615234375,-0.024505615234375,1,61,True
-,61,46,107,46,61,107,0,0.08514404296875,-0.08514404296875,-0.08514404296875,1,61,True
-,61,47,108,47,61,108,0,0.0723876953125,-0.0723876953125,-0.0723876953125,1,61,True
-,61,48,109,48,61,109,0,0.0728759765625,-0.0728759765625,-0.0728759765625,1,61,True
-,61,49,110,49,61,110,0,0.074951171875,-0.074951171875,-0.074951171875,1,61,True
-,61,50,111,50,61,111,0,0.047943115234375,-0.047943115234375,-0.047943115234375,1,61,True
-,61,51,112,51,61,112,0,0.058990478515625,-0.058990478515625,-0.058990478515625,1,61,True
-,61,52,113,52,61,113,0,0.78662109375,-0.78662109375,-0.78662109375,1,51,False
-,61,53,114,53,61,114,0,0.21630859375,-0.21630859375,-0.21630859375,1,61,True
-,61,54,115,54,61,115,0,0.042938232421875,-0.042938232421875,-0.042938232421875,1,61,True
-,61,55,116,55,61,116,0,0.95458984375,-0.95458984375,-0.95458984375,1,51,False
-,61,56,117,56,61,117,0,0.59716796875,-0.59716796875,-0.59716796875,1,61,True
-,61,57,118,57,61,118,0,0.61279296875,-0.61279296875,-0.61279296875,1,61,True
-,61,58,119,58,61,119,0,0.80126953125,-0.80126953125,-0.80126953125,1,61,True
-,61,59,120,59,61,120,0,0.08648681640625,-0.08648681640625,-0.08648681640625,1,61,True
-,61,60,121,60,61,121,0,0.407958984375,-0.407958984375,-0.407958984375,1,61,True
-,61,61,122,61,61,122,0,1.3076171875,-1.3076171875,-1.3076171875,1,51,False
-,61,62,123,62,61,123,0,0.238037109375,-0.238037109375,-0.238037109375,1,61,True
-,61,63,124,63,61,124,0,0.429443359375,-0.429443359375,-0.429443359375,1,61,True
-,61,64,125,64,61,125,0,0.87255859375,-0.87255859375,-0.87255859375,1,51,False
-,61,65,126,65,61,126,0,0.156005859375,-0.156005859375,-0.156005859375,1,61,True
-,61,66,127,66,61,127,0,0.256103515625,-0.256103515625,-0.256103515625,1,61,True
-,61,67,128,67,61,128,0,1.494140625,-1.494140625,-1.494140625,1,51,False
-,61,68,129,68,61,129,0,0.24462890625,-0.24462890625,-0.24462890625,1,61,True
-,61,69,130,69,61,130,0,0.133056640625,-0.133056640625,-0.133056640625,1,61,True
-,61,70,131,70,61,131,0,0.806640625,-0.806640625,-0.806640625,1,51,False
-,61,71,132,71,61,132,0,1.126953125,-1.126953125,-1.126953125,1,51,False
-,61,72,133,72,61,133,0,0.443603515625,-0.443603515625,-0.443603515625,1,61,True
-,61,73,134,73,61,134,0,1.55078125,-1.55078125,-1.55078125,1,51,False
-,61,74,135,74,61,135,0,0.703125,-0.703125,-0.703125,1,61,True
-,61,75,136,75,61,136,0,0.52099609375,-0.52099609375,-0.52099609375,1,61,True
-,61,76,137,76,61,137,0,1.80859375,-1.80859375,-1.80859375,1,51,False
-,61,77,138,77,61,138,0,0.467041015625,-0.467041015625,-0.467041015625,1,61,True
-,61,78,139,78,61,139,0,0.623046875,-0.623046875,-0.623046875,1,61,True
-,61,79,140,79,61,140,0,2.123046875,-2.123046875,-2.123046875,1,51,False
-,61,80,141,80,61,141,0,0.46826171875,-0.46826171875,-0.46826171875,1,61,True
-,61,81,142,81,61,142,0,0.6767578125,-0.6767578125,-0.6767578125,1,61,True
-,61,82,143,82,61,143,0,1.3173828125,-1.3173828125,-1.3173828125,1,51,False
-,61,83,144,83,61,144,0,0.11297607421875,-0.11297607421875,-0.11297607421875,1,61,True
-,61,84,145,84,61,145,0,0.6689453125,-0.6689453125,-0.6689453125,1,61,True
-,61,85,146,85,61,146,0,0.2440185546875,-0.2440185546875,-0.2440185546875,1,61,True
-,61,86,147,86,61,147,0,0.1322021484375,-0.1322021484375,-0.1322021484375,1,61,True
-,61,87,148,87,61,148,0,1.5361328125,-1.5361328125,-1.5361328125,1,51,False
-,61,88,149,88,61,149,0,2.828125,-2.828125,-2.828125,1,51,False
-,61,89,150,89,61,150,0,0.0238494873046875,-0.0238494873046875,-0.0238494873046875,1,61,True
-,61,90,151,90,61,151,0,0.10150146484375,-0.10150146484375,-0.10150146484375,1,61,True
-,61,91,152,91,61,152,1,0.7939453125,-0.7939453125,-0.7939453125,1,51,False
-,61,92,153,92,61,153,0,0.654296875,-0.654296875,-0.654296875,1,61,True
-,61,93,154,93,61,154,0,0.126220703125,-0.126220703125,-0.126220703125,1,61,True
-,61,94,155,94,61,155,0,0.1912841796875,-0.1912841796875,-0.1912841796875,1,61,True
-,61,95,156,95,61,156,0,0.12139892578125,-0.12139892578125,-0.12139892578125,1,61,True
-,61,96,157,96,61,157,0,0.77490234375,-0.77490234375,-0.77490234375,1,61,True
-,61,97,158,97,61,158,0,0.1474609375,-0.1474609375,-0.1474609375,1,61,True
-,61,98,159,98,61,159,0,0.0592041015625,-0.0592041015625,-0.0592041015625,1,61,True
-,61,99,160,99,61,160,0,0.09979248046875,-0.09979248046875,-0.09979248046875,1,61,True
-,62,10,72,10,62,72,1,0.00818634033203125,-0.00818634033203125,-0.00818634033203125,1,62,True
-,62,11,73,11,62,73,0,0.01336669921875,-0.01336669921875,-0.01336669921875,1,62,True
-,62,12,74,12,62,74,1,0.0037097930908203125,-0.0037097930908203125,-0.0037097930908203125,1,62,True
-,62,13,75,13,62,75,0,0.00775146484375,-0.00775146484375,-0.00775146484375,1,62,True
-,62,14,76,14,62,76,0,0.01152801513671875,-0.01152801513671875,-0.01152801513671875,1,62,True
-,62,15,77,15,62,77,0,0.0250701904296875,-0.0250701904296875,-0.0250701904296875,1,62,True
-,62,16,78,16,62,78,0,0.02691650390625,-0.02691650390625,-0.02691650390625,1,62,True
-,62,17,79,17,62,79,0,0.0325927734375,-0.0325927734375,-0.0325927734375,1,62,True
-,62,18,80,18,62,80,1,0.01377105712890625,-0.01377105712890625,-0.01377105712890625,1,62,True
-,62,19,81,19,62,81,1,0.0465087890625,-0.0465087890625,-0.0465087890625,1,62,True
-,62,20,82,20,62,82,2,0.0205230712890625,-0.0205230712890625,-0.0205230712890625,1,62,True
-,62,21,83,21,62,83,1,0.1358642578125,-0.1358642578125,-0.1358642578125,1,62,True
-,62,22,84,22,62,84,0,0.043609619140625,-0.043609619140625,-0.043609619140625,1,62,True
-,62,23,85,23,62,85,0,0.04595947265625,-0.04595947265625,-0.04595947265625,1,62,True
-,62,24,86,24,62,86,0,0.020050048828125,-0.020050048828125,-0.020050048828125,1,62,True
-,62,25,87,25,62,87,0,0.037628173828125,-0.037628173828125,-0.037628173828125,1,62,True
-,62,26,88,26,62,88,0,0.0271453857421875,-0.0271453857421875,-0.0271453857421875,1,62,True
-,62,27,89,27,62,89,0,0.0300445556640625,-0.0300445556640625,-0.0300445556640625,1,62,True
-,62,28,90,28,62,90,0,0.00994110107421875,-0.00994110107421875,-0.00994110107421875,1,62,True
-,62,29,91,29,62,91,0,0.379150390625,-0.379150390625,-0.379150390625,1,62,True
-,62,30,92,30,62,92,0,0.034210205078125,-0.034210205078125,-0.034210205078125,1,62,True
-,62,31,93,31,62,93,0,0.1673583984375,-0.1673583984375,-0.1673583984375,1,62,True
-,62,32,94,32,62,94,0,0.01141357421875,-0.01141357421875,-0.01141357421875,1,62,True
-,62,33,95,33,62,95,0,0.01800537109375,-0.01800537109375,-0.01800537109375,1,62,True
-,62,34,96,34,62,96,0,0.00717926025390625,-0.00717926025390625,-0.00717926025390625,1,62,True
-,62,35,97,35,62,97,0,0.07000732421875,-0.07000732421875,-0.07000732421875,1,62,True
-,62,36,98,36,62,98,0,0.01532745361328125,-0.01532745361328125,-0.01532745361328125,1,62,True
-,62,37,99,37,62,99,1,0.01190948486328125,-0.01190948486328125,-0.01190948486328125,1,62,True
-,62,38,100,38,62,100,2,0.0122222900390625,-0.0122222900390625,-0.0122222900390625,1,62,True
-,62,39,101,39,62,101,0,0.08477783203125,-0.08477783203125,-0.08477783203125,1,62,True
-,62,40,102,40,62,102,1,0.045318603515625,-0.045318603515625,-0.045318603515625,1,62,True
-,62,41,103,41,62,103,0,0.264892578125,-0.264892578125,-0.264892578125,1,62,True
-,62,42,104,42,62,104,0,0.0247344970703125,-0.0247344970703125,-0.0247344970703125,1,62,True
-,62,43,105,43,62,105,0,0.032257080078125,-0.032257080078125,-0.032257080078125,1,62,True
-,62,44,106,44,62,106,0,0.04412841796875,-0.04412841796875,-0.04412841796875,1,62,True
-,62,45,107,45,62,107,0,0.068359375,-0.068359375,-0.068359375,1,62,True
-,62,46,108,46,62,108,0,0.00672149658203125,-0.00672149658203125,-0.00672149658203125,1,62,True
-,62,47,109,47,62,109,0,0.24951171875,-0.24951171875,-0.24951171875,1,62,True
-,62,48,110,48,62,110,0,0.0175628662109375,-0.0175628662109375,-0.0175628662109375,1,62,True
-,62,49,111,49,62,111,0,0.1829833984375,-0.1829833984375,-0.1829833984375,1,62,True
-,62,50,112,50,62,112,1,0.1343994140625,-0.1343994140625,-0.1343994140625,1,62,True
-,62,51,113,51,62,113,0,0.76904296875,-0.76904296875,-0.76904296875,1,62,True
-,62,52,114,52,62,114,0,0.11480712890625,-0.11480712890625,-0.11480712890625,1,62,True
-,62,53,115,53,62,115,0,1.63671875,-1.63671875,-1.63671875,1,52,False
-,62,54,116,54,62,116,0,0.0531005859375,-0.0531005859375,-0.0531005859375,1,62,True
-,62,55,117,55,62,117,0,1.369140625,-1.369140625,-1.369140625,1,52,False
-,62,56,118,56,62,118,0,0.89990234375,-0.89990234375,-0.89990234375,1,52,False
-,62,57,119,57,62,119,0,1.693359375,-1.693359375,-1.693359375,1,52,False
-,62,58,120,58,62,120,1,0.1634521484375,-0.1634521484375,-0.1634521484375,1,62,True
-,62,59,121,59,62,121,0,1.0224609375,-1.0224609375,-1.0224609375,1,52,False
-,62,60,122,60,62,122,0,0.3701171875,-0.3701171875,-0.3701171875,1,62,True
-,62,61,123,61,62,123,0,1.9736328125,-1.9736328125,-1.9736328125,1,52,False
-,62,62,124,62,62,124,0,0.485107421875,-0.485107421875,-0.485107421875,1,62,True
-,62,63,125,63,62,125,0,1.3720703125,-1.3720703125,-1.3720703125,1,52,False
-,62,64,126,64,62,126,0,0.47021484375,-0.47021484375,-0.47021484375,1,62,True
-,62,65,127,65,62,127,0,0.292236328125,-0.292236328125,-0.292236328125,1,62,True
-,62,66,128,66,62,128,0,0.043548583984375,-0.043548583984375,-0.043548583984375,1,62,True
-,62,67,129,67,62,129,0,0.1964111328125,-0.1964111328125,-0.1964111328125,1,62,True
-,62,68,130,68,62,130,0,0.0675048828125,-0.0675048828125,-0.0675048828125,1,62,True
-,62,69,131,69,62,131,0,2.064453125,-2.064453125,-2.064453125,1,52,False
-,62,70,132,70,62,132,1,0.6044921875,-0.6044921875,-0.6044921875,1,62,True
-,62,71,133,71,62,133,0,2.337890625,-2.337890625,-2.337890625,1,52,False
-,62,72,134,72,62,134,0,0.1556396484375,-0.1556396484375,-0.1556396484375,1,62,True
-,62,73,135,73,62,135,0,2.3515625,-2.3515625,-2.3515625,1,52,False
-,62,74,136,74,62,136,0,0.37451171875,-0.37451171875,-0.37451171875,1,62,True
-,62,75,137,75,62,137,0,1.65234375,-1.65234375,-1.65234375,1,52,False
-,62,76,138,76,62,138,0,0.171142578125,-0.171142578125,-0.171142578125,1,62,True
-,62,77,139,77,62,139,0,2.873046875,-2.873046875,-2.873046875,1,52,False
-,62,78,140,78,62,140,0,0.39208984375,-0.39208984375,-0.39208984375,1,62,True
-,62,79,141,79,62,141,0,2.3515625,-2.3515625,-2.3515625,1,52,False
-,62,80,142,80,62,142,0,1.1533203125,-1.1533203125,-1.1533203125,1,52,False
-,62,81,143,81,62,143,0,2.732421875,-2.732421875,-2.732421875,1,52,False
-,62,82,144,82,62,144,0,0.07489013671875,-0.07489013671875,-0.07489013671875,1,62,True
-,62,83,145,83,62,145,0,2.71484375,-2.71484375,-2.71484375,1,52,False
-,62,84,146,84,62,146,1,0.36474609375,-0.36474609375,-0.36474609375,1,62,True
-,62,85,147,85,62,147,0,1.4931640625,-1.4931640625,-1.4931640625,1,52,False
-,62,86,148,86,62,148,0,0.277587890625,-0.277587890625,-0.277587890625,1,62,True
-,62,87,149,87,62,149,0,3.80078125,-3.80078125,-3.80078125,1,52,False
-,62,88,150,88,62,150,0,0.251220703125,-0.251220703125,-0.251220703125,1,62,True
-,62,89,151,89,62,151,0,1.7412109375,-1.7412109375,-1.7412109375,1,52,False
-,62,90,152,90,62,152,0,0.6923828125,-0.6923828125,-0.6923828125,1,62,True
-,62,91,153,91,62,153,0,2.69921875,-2.69921875,-2.69921875,1,52,False
-,62,92,154,92,62,154,0,0.52490234375,-0.52490234375,-0.52490234375,1,62,True
-,62,93,155,93,62,155,0,1.9091796875,-1.9091796875,-1.9091796875,1,52,False
-,62,94,156,94,62,156,0,0.061737060546875,-0.061737060546875,-0.061737060546875,1,62,True
-,62,95,157,95,62,157,0,0.62548828125,-0.62548828125,-0.62548828125,1,62,True
-,62,96,158,96,62,158,0,0.266357421875,-0.266357421875,-0.266357421875,1,62,True
-,62,97,159,97,62,159,0,0.28662109375,-0.28662109375,-0.28662109375,1,62,True
-,62,98,160,98,62,160,0,0.0283355712890625,-0.0283355712890625,-0.0283355712890625,1,62,True
-,62,99,161,99,62,161,0,0.2269287109375,-0.2269287109375,-0.2269287109375,1,62,True
-,63,10,73,10,63,73,1,0.0115966796875,-0.0115966796875,-0.0115966796875,1,63,True
-,63,11,74,11,63,74,0,0.033599853515625,-0.033599853515625,-0.033599853515625,1,63,True
-,63,12,75,12,63,75,6,0.020355224609375,-0.020355224609375,-0.020355224609375,1,63,True
-,63,13,76,13,63,76,0,0.0294952392578125,-0.0294952392578125,-0.0294952392578125,1,63,True
-,63,14,77,14,63,77,0,0.0256195068359375,-0.0256195068359375,-0.0256195068359375,1,63,True
-,63,15,78,15,63,78,0,0.01053619384765625,-0.01053619384765625,-0.01053619384765625,1,63,True
-,63,16,79,16,63,79,2,0.047332763671875,-0.047332763671875,-0.047332763671875,1,63,True
-,63,17,80,17,63,80,0,0.03302001953125,-0.03302001953125,-0.03302001953125,1,63,True
-,63,18,81,18,63,81,1,0.04144287109375,-0.04144287109375,-0.04144287109375,1,63,True
-,63,19,82,19,63,82,0,0.0809326171875,-0.0809326171875,-0.0809326171875,1,63,True
-,63,20,83,20,63,83,2,0.0401611328125,-0.0401611328125,-0.0401611328125,1,63,True
-,63,21,84,21,63,84,0,0.0303955078125,-0.0303955078125,-0.0303955078125,1,63,True
-,63,22,85,22,63,85,0,0.07427978515625,-0.07427978515625,-0.07427978515625,1,63,True
-,63,23,86,23,63,86,1,0.081787109375,-0.081787109375,-0.081787109375,1,63,True
-,63,24,87,24,63,87,0,0.01464080810546875,-0.01464080810546875,-0.01464080810546875,1,63,True
-,63,25,88,25,63,88,0,0.11199951171875,-0.11199951171875,-0.11199951171875,1,63,True
-,63,26,89,26,63,89,0,0.036346435546875,-0.036346435546875,-0.036346435546875,1,63,True
-,63,27,90,27,63,90,1,0.00908660888671875,-0.00908660888671875,-0.00908660888671875,1,63,True
-,63,28,91,28,63,91,0,0.294189453125,-0.294189453125,-0.294189453125,1,63,True
-,63,29,92,29,63,92,0,0.1019287109375,-0.1019287109375,-0.1019287109375,1,63,True
-,63,30,93,30,63,93,0,0.0347900390625,-0.0347900390625,-0.0347900390625,1,63,True
-,63,31,94,31,63,94,0,0.090087890625,-0.090087890625,-0.090087890625,1,63,True
-,63,32,95,32,63,95,0,0.018646240234375,-0.018646240234375,-0.018646240234375,1,63,True
-,63,33,96,33,63,96,2,0.05596923828125,-0.05596923828125,-0.05596923828125,1,63,True
-,63,34,97,34,63,97,0,0.0269622802734375,-0.0269622802734375,-0.0269622802734375,1,63,True
-,63,35,98,35,63,98,0,0.1976318359375,-0.1976318359375,-0.1976318359375,1,63,True
-,63,36,99,36,63,99,0,0.0214691162109375,-0.0214691162109375,-0.0214691162109375,1,63,True
-,63,37,100,37,63,100,2,0.009033203125,-0.009033203125,-0.009033203125,1,63,True
-,63,38,101,38,63,101,0,0.0777587890625,-0.0777587890625,-0.0777587890625,1,63,True
-,63,39,102,39,63,102,0,0.025390625,-0.025390625,-0.025390625,1,63,True
-,63,40,103,40,63,103,1,0.1319580078125,-0.1319580078125,-0.1319580078125,1,63,True
-,63,41,104,41,63,104,0,0.343994140625,-0.343994140625,-0.343994140625,1,63,True
-,63,42,105,42,63,105,0,0.036834716796875,-0.036834716796875,-0.036834716796875,1,63,True
-,63,43,106,43,63,106,0,0.153076171875,-0.153076171875,-0.153076171875,1,63,True
-,63,44,107,44,63,107,0,0.3662109375,-0.3662109375,-0.3662109375,1,63,True
-,63,45,108,45,63,108,0,0.03985595703125,-0.03985595703125,-0.03985595703125,1,63,True
-,63,46,109,46,63,109,0,0.1046142578125,-0.1046142578125,-0.1046142578125,1,63,True
-,63,47,110,47,63,110,0,0.054718017578125,-0.054718017578125,-0.054718017578125,1,63,True
-,63,48,111,48,63,111,1,0.1070556640625,-0.1070556640625,-0.1070556640625,1,63,True
-,63,49,112,49,63,112,0,0.2486572265625,-0.2486572265625,-0.2486572265625,1,63,True
-,63,50,113,50,63,113,0,0.464599609375,-0.464599609375,-0.464599609375,1,63,True
-,63,51,114,51,63,114,0,0.1402587890625,-0.1402587890625,-0.1402587890625,1,63,True
-,63,52,115,52,63,115,0,1.0830078125,-1.0830078125,-1.0830078125,1,53,False
-,63,53,116,53,63,116,0,1.0888671875,-1.0888671875,-1.0888671875,1,53,False
-,63,54,117,54,63,117,0,0.0701904296875,-0.0701904296875,-0.0701904296875,1,63,True
-,63,55,118,55,63,118,2,0.8115234375,-0.8115234375,-0.8115234375,1,63,True
-,63,56,119,56,63,119,0,0.61865234375,-0.61865234375,-0.61865234375,1,63,True
-,63,57,120,57,63,120,0,0.0298004150390625,-0.0298004150390625,-0.0298004150390625,1,63,True
-,63,58,121,58,63,121,0,0.49169921875,-0.49169921875,-0.49169921875,1,63,True
-,63,59,122,59,63,122,0,1.4755859375,-1.4755859375,-1.4755859375,1,53,False
-,63,60,123,60,63,123,0,0.29248046875,-0.29248046875,-0.29248046875,1,63,True
-,63,61,124,61,63,124,0,2.10546875,-2.10546875,-2.10546875,1,53,False
-,63,62,125,62,63,125,0,2.1796875,-2.1796875,-2.1796875,1,53,False
-,63,63,126,63,63,126,0,0.1925048828125,-0.1925048828125,-0.1925048828125,1,63,True
-,63,64,127,64,63,127,0,0.380859375,-0.380859375,-0.380859375,1,63,True
-,63,65,128,65,63,128,0,0.239501953125,-0.239501953125,-0.239501953125,1,63,True
-,63,66,129,66,63,129,0,0.06585693359375,-0.06585693359375,-0.06585693359375,1,63,True
-,63,67,130,67,63,130,0,0.060821533203125,-0.060821533203125,-0.060821533203125,1,63,True
-,63,68,131,68,63,131,0,0.86572265625,-0.86572265625,-0.86572265625,1,53,False
-,63,69,132,69,63,132,0,0.59912109375,-0.59912109375,-0.59912109375,1,63,True
-,63,70,133,70,63,133,0,0.95068359375,-0.95068359375,-0.95068359375,1,53,False
-,63,71,134,71,63,134,0,1.53515625,-1.53515625,-1.53515625,1,53,False
-,63,72,135,72,63,135,0,0.66796875,-0.66796875,-0.66796875,1,63,True
-,63,73,136,73,63,136,0,1.2900390625,-1.2900390625,-1.2900390625,1,53,False
-,63,74,137,74,63,137,0,0.353759765625,-0.353759765625,-0.353759765625,1,63,True
-,63,75,138,75,63,138,0,0.159423828125,-0.159423828125,-0.159423828125,1,63,True
-,63,76,139,76,63,139,0,2.263671875,-2.263671875,-2.263671875,1,53,False
-,63,77,140,77,63,140,0,0.6494140625,-0.6494140625,-0.6494140625,1,63,True
-,63,78,141,78,63,141,0,0.54150390625,-0.54150390625,-0.54150390625,1,63,True
-,63,79,142,79,63,142,0,1.6728515625,-1.6728515625,-1.6728515625,1,53,False
-,63,80,143,80,63,143,0,1.5654296875,-1.5654296875,-1.5654296875,1,53,False
-,63,81,144,81,63,144,1,0.7197265625,-0.7197265625,-0.7197265625,1,63,True
-,63,82,145,82,63,145,0,0.93701171875,-0.93701171875,-0.93701171875,1,53,False
-,63,83,146,83,63,146,0,0.5732421875,-0.5732421875,-0.5732421875,1,63,True
-,63,84,147,84,63,147,0,0.9541015625,-0.9541015625,-0.9541015625,1,63,True
-,63,85,148,85,63,148,0,1.0107421875,-1.0107421875,-1.0107421875,1,53,False
-,63,86,149,86,63,149,0,0.54736328125,-0.54736328125,-0.54736328125,1,63,True
-,63,87,150,87,63,150,0,1.0390625,-1.0390625,-1.0390625,1,53,False
-,63,88,151,88,63,151,0,0.64404296875,-0.64404296875,-0.64404296875,1,63,True
-,63,89,152,89,63,152,0,0.64208984375,-0.64208984375,-0.64208984375,1,63,True
-,63,90,153,90,63,153,0,0.82275390625,-0.82275390625,-0.82275390625,1,63,True
-,63,91,154,91,63,154,0,1.7041015625,-1.7041015625,-1.7041015625,1,53,False
-,63,92,155,92,63,155,0,1.6982421875,-1.6982421875,-1.6982421875,1,53,False
-,63,93,156,93,63,156,0,0.0712890625,-0.0712890625,-0.0712890625,1,63,True
-,63,94,157,94,63,157,0,0.1619873046875,-0.1619873046875,-0.1619873046875,1,63,True
-,63,95,158,95,63,158,0,0.385986328125,-0.385986328125,-0.385986328125,1,63,True
-,63,96,159,96,63,159,0,0.13232421875,-0.13232421875,-0.13232421875,1,63,True
-,63,97,160,97,63,160,0,0.10687255859375,-0.10687255859375,-0.10687255859375,1,63,True
-,63,98,161,98,63,161,0,0.11590576171875,-0.11590576171875,-0.11590576171875,1,63,True
-,63,99,162,99,63,162,0,0.2237548828125,-0.2237548828125,-0.2237548828125,1,63,True
-,64,10,74,10,64,74,1,0.01006317138671875,-0.01006317138671875,-0.01006317138671875,1,64,True
-,64,11,75,11,64,75,0,0.0244293212890625,-0.0244293212890625,-0.0244293212890625,1,64,True
-,64,12,76,12,64,76,0,0.029205322265625,-0.029205322265625,-0.029205322265625,1,64,True
-,64,13,77,13,64,77,0,0.048492431640625,-0.048492431640625,-0.048492431640625,1,64,True
-,64,14,78,14,64,78,1,0.10443115234375,-0.10443115234375,-0.10443115234375,1,64,True
-,64,15,79,15,64,79,1,0.147705078125,-0.147705078125,-0.147705078125,1,64,True
-,64,16,80,16,64,80,3,0.012237548828125,-0.012237548828125,-0.012237548828125,1,64,True
-,64,17,81,17,64,81,1,0.84619140625,-0.84619140625,-0.84619140625,1,74,False
-,64,18,82,18,64,82,0,0.06378173828125,-0.06378173828125,-0.06378173828125,1,64,True
-,64,19,83,19,64,83,3,0.59912109375,-0.59912109375,-0.59912109375,1,64,True
-,64,20,84,20,64,84,2,0.01171112060546875,-0.01171112060546875,-0.01171112060546875,1,64,True
-,64,21,85,21,64,85,1,0.0958251953125,-0.0958251953125,-0.0958251953125,1,64,True
-,64,22,86,22,64,86,0,0.0662841796875,-0.0662841796875,-0.0662841796875,1,64,True
-,64,23,87,23,64,87,0,0.25732421875,-0.25732421875,-0.25732421875,1,64,True
-,64,24,88,24,64,88,0,0.00948333740234375,-0.00948333740234375,-0.00948333740234375,1,64,True
-,64,25,89,25,64,89,0,0.443115234375,-0.443115234375,-0.443115234375,1,64,True
-,64,26,90,26,64,90,0,0.0716552734375,-0.0716552734375,-0.0716552734375,1,64,True
-,64,27,91,27,64,91,0,0.09881591796875,-0.09881591796875,-0.09881591796875,1,64,True
-,64,28,92,28,64,92,1,0.042938232421875,-0.042938232421875,-0.042938232421875,1,64,True
-,64,29,93,29,64,93,0,0.055908203125,-0.055908203125,-0.055908203125,1,64,True
-,64,30,94,30,64,94,0,0.01739501953125,-0.01739501953125,-0.01739501953125,1,64,True
-,64,31,95,31,64,95,0,0.06341552734375,-0.06341552734375,-0.06341552734375,1,64,True
-,64,32,96,32,64,96,1,0.0094451904296875,-0.0094451904296875,-0.0094451904296875,1,64,True
-,64,33,97,33,64,97,0,0.0270538330078125,-0.0270538330078125,-0.0270538330078125,1,64,True
-,64,34,98,34,64,98,1,0.28564453125,-0.28564453125,-0.28564453125,1,64,True
-,64,35,99,35,64,99,0,0.04052734375,-0.04052734375,-0.04052734375,1,64,True
-,64,36,100,36,64,100,6,0.01189422607421875,-0.01189422607421875,-0.01189422607421875,1,64,True
-,64,37,101,37,64,101,0,0.1622314453125,-0.1622314453125,-0.1622314453125,1,64,True
-,64,38,102,38,64,102,0,0.040985107421875,-0.040985107421875,-0.040985107421875,1,64,True
-,64,39,103,39,64,103,0,0.1641845703125,-0.1641845703125,-0.1641845703125,1,64,True
-,64,40,104,40,64,104,0,0.1932373046875,-0.1932373046875,-0.1932373046875,1,64,True
-,64,41,105,41,64,105,0,0.06475830078125,-0.06475830078125,-0.06475830078125,1,64,True
-,64,42,106,42,64,106,0,0.0467529296875,-0.0467529296875,-0.0467529296875,1,64,True
-,64,43,107,43,64,107,0,0.421875,-0.421875,-0.421875,1,64,True
-,64,44,108,44,64,108,0,0.923828125,-0.923828125,-0.923828125,1,64,True
-,64,45,109,45,64,109,0,0.09210205078125,-0.09210205078125,-0.09210205078125,1,64,True
-,64,46,110,46,64,110,0,0.036834716796875,-0.036834716796875,-0.036834716796875,1,64,True
-,64,47,111,47,64,111,0,0.148681640625,-0.148681640625,-0.148681640625,1,64,True
-,64,48,112,48,64,112,0,0.05322265625,-0.05322265625,-0.05322265625,1,64,True
-,64,49,113,49,64,113,0,0.7431640625,-0.7431640625,-0.7431640625,1,64,True
-,64,50,114,50,64,114,0,0.06231689453125,-0.06231689453125,-0.06231689453125,1,64,True
-,64,51,115,51,64,115,0,0.457275390625,-0.457275390625,-0.457275390625,1,64,True
-,64,52,116,52,64,116,0,1.48046875,-1.48046875,-1.48046875,1,54,False
-,64,53,117,53,64,117,0,0.486572265625,-0.486572265625,-0.486572265625,1,64,True
-,64,54,118,54,64,118,0,0.4912109375,-0.4912109375,-0.4912109375,1,64,True
-,64,55,119,55,64,119,1,0.69580078125,-0.69580078125,-0.69580078125,1,64,True
-,64,56,120,56,64,120,2,0.17724609375,-0.17724609375,-0.17724609375,1,64,True
-,64,57,121,57,64,121,0,0.3916015625,-0.3916015625,-0.3916015625,1,64,True
-,64,58,122,58,64,122,0,0.51025390625,-0.51025390625,-0.51025390625,1,64,True
-,64,59,123,59,64,123,0,1.076171875,-1.076171875,-1.076171875,1,64,True
-,64,60,124,60,64,124,0,1.6513671875,-1.6513671875,-1.6513671875,1,54,False
-,64,61,125,61,64,125,0,4.3046875,-4.3046875,-4.3046875,1,54,False
-,64,62,126,62,64,126,0,0.35546875,-0.35546875,-0.35546875,1,64,True
-,64,63,127,63,64,127,0,0.31396484375,-0.31396484375,-0.31396484375,1,64,True
-,64,64,128,64,64,128,5,0.71923828125,-0.71923828125,-0.71923828125,1,64,True
-,64,65,129,65,64,129,0,0.279052734375,-0.279052734375,-0.279052734375,1,64,True
-,64,66,130,66,64,130,1,0.089111328125,-0.089111328125,-0.089111328125,1,64,True
-,64,67,131,67,64,131,0,2.43359375,-2.43359375,-2.43359375,1,54,False
-,64,68,132,68,64,132,0,2.609375,-2.609375,-2.609375,1,54,False
-,64,69,133,69,64,133,0,1.6767578125,-1.6767578125,-1.6767578125,1,54,False
-,64,70,134,70,64,134,0,1.3828125,-1.3828125,-1.3828125,1,54,False
-,64,71,135,71,64,135,0,3.083984375,-3.083984375,-3.083984375,1,54,False
-,64,72,136,72,64,136,0,0.291259765625,-0.291259765625,-0.291259765625,1,64,True
-,64,73,137,73,64,137,0,3.2734375,-3.2734375,-3.2734375,1,54,False
-,64,74,138,74,64,138,0,0.379638671875,-0.379638671875,-0.379638671875,1,64,True
-,64,75,139,75,64,139,0,2.619140625,-2.619140625,-2.619140625,1,54,False
-,64,76,140,76,64,140,0,1.955078125,-1.955078125,-1.955078125,1,54,False
-,64,77,141,77,64,141,0,2.90234375,-2.90234375,-2.90234375,1,54,False
-,64,78,142,78,64,142,0,0.448974609375,-0.448974609375,-0.448974609375,1,64,True
-,64,79,143,79,64,143,0,3.79296875,-3.79296875,-3.79296875,1,54,False
-,64,80,144,80,64,144,1,0.642578125,-0.642578125,-0.642578125,1,64,True
-,64,81,145,81,64,145,0,2.525390625,-2.525390625,-2.525390625,1,54,False
-,64,82,146,82,64,146,1,0.386962890625,-0.386962890625,-0.386962890625,1,64,True
-,64,83,147,83,64,147,0,2.12890625,-2.12890625,-2.12890625,1,54,False
-,64,84,148,84,64,148,0,1.537109375,-1.537109375,-1.537109375,1,54,False
-,64,85,149,85,64,149,0,2.021484375,-2.021484375,-2.021484375,1,54,False
-,64,86,150,86,64,150,0,0.09185791015625,-0.09185791015625,-0.09185791015625,1,64,True
-,64,87,151,87,64,151,0,2.69921875,-2.69921875,-2.69921875,1,54,False
-,64,88,152,88,64,152,0,0.9072265625,-0.9072265625,-0.9072265625,1,64,True
-,64,89,153,89,64,153,0,1.251953125,-1.251953125,-1.251953125,1,54,False
-,64,90,154,90,64,154,2,0.2349853515625,-0.2349853515625,-0.2349853515625,1,64,True
-,64,91,155,91,64,155,0,1.509765625,-1.509765625,-1.509765625,1,54,False
-,64,92,156,92,64,156,0,0.5859375,-0.5859375,-0.5859375,1,64,True
-,64,93,157,93,64,157,0,0.4111328125,-0.4111328125,-0.4111328125,1,64,True
-,64,94,158,94,64,158,0,0.137451171875,-0.137451171875,-0.137451171875,1,64,True
-,64,95,159,95,64,159,0,0.243896484375,-0.243896484375,-0.243896484375,1,64,True
-,64,96,160,96,64,160,0,0.030517578125,-0.030517578125,-0.030517578125,1,64,True
-,64,97,161,97,64,161,0,0.67919921875,-0.67919921875,-0.67919921875,1,64,True
-,64,98,162,98,64,162,0,0.0869140625,-0.0869140625,-0.0869140625,1,64,True
-,64,99,163,99,64,163,0,0.50244140625,-0.50244140625,-0.50244140625,1,64,True
-,65,10,75,10,65,75,1,0.036590576171875,-0.036590576171875,-0.036590576171875,1,65,True
-,65,11,76,11,65,76,0,0.161376953125,-0.161376953125,-0.161376953125,1,65,True
-,65,12,77,12,65,77,0,0.1763916015625,-0.1763916015625,-0.1763916015625,1,65,True
-,65,13,78,13,65,78,0,0.1566162109375,-0.1566162109375,-0.1566162109375,1,65,True
-,65,14,79,14,65,79,1,0.078857421875,-0.078857421875,-0.078857421875,1,65,True
-,65,15,80,15,65,80,3,0.1630859375,-0.1630859375,-0.1630859375,1,65,True
-,65,16,81,16,65,81,2,0.0804443359375,-0.0804443359375,-0.0804443359375,1,65,True
-,65,17,82,17,65,82,1,0.18603515625,-0.18603515625,-0.18603515625,1,65,True
-,65,18,83,18,65,83,1,0.394287109375,-0.394287109375,-0.394287109375,1,65,True
-,65,19,84,19,65,84,0,0.196533203125,-0.196533203125,-0.196533203125,1,65,True
-,65,20,85,20,65,85,0,0.097412109375,-0.097412109375,-0.097412109375,1,65,True
-,65,21,86,21,65,86,0,0.080810546875,-0.080810546875,-0.080810546875,1,65,True
-,65,22,87,22,65,87,0,0.1624755859375,-0.1624755859375,-0.1624755859375,1,65,True
-,65,23,88,23,65,88,0,1.390625,-1.390625,-1.390625,1,63,False
-,65,24,89,24,65,89,0,0.7412109375,-0.7412109375,-0.7412109375,1,65,True
-,65,25,90,25,65,90,5,0.1021728515625,-0.1021728515625,-0.1021728515625,1,65,True
-,65,26,91,26,65,91,2,0.75390625,-0.75390625,-0.75390625,1,65,True
-,65,27,92,27,65,92,0,0.03497314453125,-0.03497314453125,-0.03497314453125,1,65,True
-,65,28,93,28,65,93,1,0.330078125,-0.330078125,-0.330078125,1,65,True
-,65,29,94,29,65,94,0,0.16357421875,-0.16357421875,-0.16357421875,1,65,True
-,65,30,95,30,65,95,0,0.10662841796875,-0.10662841796875,-0.10662841796875,1,65,True
-,65,31,96,31,65,96,1,0.14697265625,-0.14697265625,-0.14697265625,1,65,True
-,65,32,97,32,65,97,3,0.2249755859375,-0.2249755859375,-0.2249755859375,1,65,True
-,65,33,98,33,65,98,0,0.0306549072265625,-0.0306549072265625,-0.0306549072265625,1,65,True
-,65,34,99,34,65,99,0,0.07049560546875,-0.07049560546875,-0.07049560546875,1,65,True
-,65,35,100,35,65,100,3,0.09356689453125,-0.09356689453125,-0.09356689453125,1,65,True
-,65,36,101,36,65,101,0,0.08868408203125,-0.08868408203125,-0.08868408203125,1,65,True
-,65,37,102,37,65,102,0,0.055084228515625,-0.055084228515625,-0.055084228515625,1,65,True
-,65,38,103,38,65,103,0,0.60791015625,-0.60791015625,-0.60791015625,1,65,True
-,65,39,104,39,65,104,0,1.0224609375,-1.0224609375,-1.0224609375,1,55,False
-,65,40,105,40,65,105,0,0.1512451171875,-0.1512451171875,-0.1512451171875,1,65,True
-,65,41,106,41,65,106,1,0.096435546875,-0.096435546875,-0.096435546875,1,65,True
-,65,42,107,42,65,107,0,0.2349853515625,-0.2349853515625,-0.2349853515625,1,65,True
-,65,43,108,43,65,108,0,0.385009765625,-0.385009765625,-0.385009765625,1,65,True
-,65,44,109,44,65,109,0,0.7197265625,-0.7197265625,-0.7197265625,1,65,True
-,65,45,110,45,65,110,0,0.038848876953125,-0.038848876953125,-0.038848876953125,1,65,True
-,65,46,111,46,65,111,0,0.05413818359375,-0.05413818359375,-0.05413818359375,1,65,True
-,65,47,112,47,65,112,0,0.92724609375,-0.92724609375,-0.92724609375,1,65,True
-,65,48,113,48,65,113,0,0.9619140625,-0.9619140625,-0.9619140625,1,65,True
-,65,49,114,49,65,114,0,0.69970703125,-0.69970703125,-0.69970703125,1,65,True
-,65,50,115,50,65,115,0,1.1123046875,-1.1123046875,-1.1123046875,1,55,False
-,65,51,116,51,65,116,0,2.12109375,-2.12109375,-2.12109375,1,55,False
-,65,52,117,52,65,117,0,1.6279296875,-1.6279296875,-1.6279296875,1,55,False
-,65,53,118,53,65,118,0,0.82763671875,-0.82763671875,-0.82763671875,1,65,True
-,65,54,119,54,65,119,0,0.224853515625,-0.224853515625,-0.224853515625,1,65,True
-,65,55,120,55,65,120,1,0.8505859375,-0.8505859375,-0.8505859375,1,55,False
-,65,56,121,56,65,121,0,0.470703125,-0.470703125,-0.470703125,1,65,True
-,65,57,122,57,65,122,0,2.107421875,-2.107421875,-2.107421875,1,55,False
-,65,58,123,58,65,123,0,1.392578125,-1.392578125,-1.392578125,1,55,False
-,65,59,124,59,65,124,0,2.98828125,-2.98828125,-2.98828125,1,55,False
-,65,60,125,60,65,125,0,4.125,-4.125,-4.125,1,55,False
-,65,61,126,61,65,126,0,2.1796875,-2.1796875,-2.1796875,1,55,False
-,65,62,127,62,65,127,0,1.9150390625,-1.9150390625,-1.9150390625,1,55,False
-,65,63,128,63,65,128,0,2.23828125,-2.23828125,-2.23828125,1,55,False
-,65,64,129,64,65,129,0,0.40380859375,-0.40380859375,-0.40380859375,1,65,True
-,65,65,130,65,65,130,0,0.48388671875,-0.48388671875,-0.48388671875,1,65,True
-,65,66,131,66,65,131,0,0.98876953125,-0.98876953125,-0.98876953125,1,55,False
-,65,67,132,67,65,132,0,3.634765625,-3.634765625,-3.634765625,1,55,False
-,65,68,133,68,65,133,0,3.326171875,-3.326171875,-3.326171875,1,55,False
-,65,69,134,69,65,134,0,2.482421875,-2.482421875,-2.482421875,1,55,False
-,65,70,135,70,65,135,1,3.751953125,-3.751953125,-3.751953125,1,55,False
-,65,71,136,71,65,136,0,5.71484375,-5.71484375,-5.71484375,1,55,False
-,65,72,137,72,65,137,0,3.4375,-3.4375,-3.4375,1,55,False
-,65,73,138,73,65,138,0,2.748046875,-2.748046875,-2.748046875,1,55,False
-,65,74,139,74,65,139,0,2.75390625,-2.75390625,-2.75390625,1,55,False
-,65,75,140,75,65,140,0,2.478515625,-2.478515625,-2.478515625,1,55,False
-,65,76,141,76,65,141,0,4.05859375,-4.05859375,-4.05859375,1,55,False
-,65,77,142,77,65,142,0,3.5859375,-3.5859375,-3.5859375,1,55,False
-,65,78,143,78,65,143,1,2.41015625,-2.41015625,-2.41015625,1,55,False
-,65,79,144,79,65,144,0,4.90234375,-4.90234375,-4.90234375,1,55,False
-,65,80,145,80,65,145,0,3.21484375,-3.21484375,-3.21484375,1,55,False
-,65,81,146,81,65,146,0,2.04296875,-2.04296875,-2.04296875,1,55,False
-,65,82,147,82,65,147,0,3.03515625,-3.03515625,-3.03515625,1,55,False
-,65,83,148,83,65,148,0,4.640625,-4.640625,-4.640625,1,55,False
-,65,84,149,84,65,149,0,3.783203125,-3.783203125,-3.783203125,1,55,False
-,65,85,150,85,65,150,0,0.67724609375,-0.67724609375,-0.67724609375,1,65,True
-,65,86,151,86,65,151,0,0.94091796875,-0.94091796875,-0.94091796875,1,55,False
-,65,87,152,87,65,152,0,4.25390625,-4.25390625,-4.25390625,1,55,False
-,65,88,153,88,65,153,0,3.03515625,-3.03515625,-3.03515625,1,55,False
-,65,89,154,89,65,154,0,0.7958984375,-0.7958984375,-0.7958984375,1,65,True
-,65,90,155,90,65,155,1,0.8955078125,-0.8955078125,-0.8955078125,1,55,False
-,65,91,156,91,65,156,0,2.302734375,-2.302734375,-2.302734375,1,55,False
-,65,92,157,92,65,157,0,2.271484375,-2.271484375,-2.271484375,1,55,False
-,65,93,158,93,65,158,0,1.7587890625,-1.7587890625,-1.7587890625,1,55,False
-,65,94,159,94,65,159,0,0.56103515625,-0.56103515625,-0.56103515625,1,65,True
-,65,95,160,95,65,160,0,0.73388671875,-0.73388671875,-0.73388671875,1,65,True
-,65,96,161,96,65,161,0,0.115966796875,-0.115966796875,-0.115966796875,1,65,True
-,65,97,162,97,65,162,0,0.229248046875,-0.229248046875,-0.229248046875,1,65,True
-,65,98,163,98,65,163,0,1.5791015625,-1.5791015625,-1.5791015625,1,64,False
-,65,99,164,99,65,164,0,0.16552734375,-0.16552734375,-0.16552734375,1,65,True
-,66,10,76,10,66,76,2,0.0072021484375,-0.0072021484375,-0.0072021484375,1,66,True
-,66,11,77,11,66,77,0,0.0303955078125,-0.0303955078125,-0.0303955078125,1,66,True
-,66,12,78,12,66,78,1,0.00679779052734375,-0.00679779052734375,-0.00679779052734375,1,66,True
-,66,13,79,13,66,79,0,0.0051727294921875,-0.0051727294921875,-0.0051727294921875,1,66,True
-,66,14,80,14,66,80,2,0.0118865966796875,-0.0118865966796875,-0.0118865966796875,1,66,True
-,66,15,81,15,66,81,1,0.0113525390625,-0.0113525390625,-0.0113525390625,1,66,True
-,66,16,82,16,66,82,1,0.0260009765625,-0.0260009765625,-0.0260009765625,1,66,True
-,66,17,83,17,66,83,0,0.034576416015625,-0.034576416015625,-0.034576416015625,1,66,True
-,66,18,84,18,66,84,1,0.026763916015625,-0.026763916015625,-0.026763916015625,1,66,True
-,66,19,85,19,66,85,0,0.02410888671875,-0.02410888671875,-0.02410888671875,1,66,True
-,66,20,86,20,66,86,1,0.0038089752197265625,-0.0038089752197265625,-0.0038089752197265625,1,66,True
-,66,21,87,21,66,87,0,0.034393310546875,-0.034393310546875,-0.034393310546875,1,66,True
-,66,22,88,22,66,88,1,0.01605224609375,-0.01605224609375,-0.01605224609375,1,66,True
-,66,23,89,23,66,89,0,0.451904296875,-0.451904296875,-0.451904296875,1,66,True
-,66,24,90,24,66,90,1,0.0174407958984375,-0.0174407958984375,-0.0174407958984375,1,66,True
-,66,25,91,25,66,91,0,0.17333984375,-0.17333984375,-0.17333984375,1,66,True
-,66,26,92,26,66,92,1,0.006496429443359375,-0.006496429443359375,-0.006496429443359375,1,66,True
-,66,27,93,27,66,93,0,0.005863189697265625,-0.005863189697265625,-0.005863189697265625,1,66,True
-,66,28,94,28,66,94,0,0.300048828125,-0.300048828125,-0.300048828125,1,66,True
-,66,29,95,29,66,95,0,0.0277252197265625,-0.0277252197265625,-0.0277252197265625,1,66,True
-,66,30,96,30,66,96,0,0.00614166259765625,-0.00614166259765625,-0.00614166259765625,1,66,True
-,66,31,97,31,66,97,0,0.014404296875,-0.014404296875,-0.014404296875,1,66,True
-,66,32,98,32,66,98,1,0.035369873046875,-0.035369873046875,-0.035369873046875,1,66,True
-,66,33,99,33,66,99,0,0.0027446746826171875,-0.0027446746826171875,-0.0027446746826171875,1,66,True
-,66,34,100,34,66,100,0,0.00894927978515625,-0.00894927978515625,-0.00894927978515625,1,66,True
-,66,35,101,35,66,101,0,0.033172607421875,-0.033172607421875,-0.033172607421875,1,66,True
-,66,36,102,36,66,102,0,0.005832672119140625,-0.005832672119140625,-0.005832672119140625,1,66,True
-,66,37,103,37,66,103,0,0.03363037109375,-0.03363037109375,-0.03363037109375,1,66,True
-,66,38,104,38,66,104,0,1.1396484375,-1.1396484375,-1.1396484375,1,62,False
-,66,39,105,39,66,105,0,0.012115478515625,-0.012115478515625,-0.012115478515625,1,66,True
-,66,40,106,40,66,106,0,0.025543212890625,-0.025543212890625,-0.025543212890625,1,66,True
-,66,41,107,41,66,107,0,0.060821533203125,-0.060821533203125,-0.060821533203125,1,66,True
-,66,42,108,42,66,108,1,0.003490447998046875,-0.003490447998046875,-0.003490447998046875,1,66,True
-,66,43,109,43,66,109,0,0.0721435546875,-0.0721435546875,-0.0721435546875,1,66,True
-,66,44,110,44,66,110,0,0.028045654296875,-0.028045654296875,-0.028045654296875,1,66,True
-,66,45,111,45,66,111,0,0.0230865478515625,-0.0230865478515625,-0.0230865478515625,1,66,True
-,66,46,112,46,66,112,0,0.00975799560546875,-0.00975799560546875,-0.00975799560546875,1,66,True
-,66,47,113,47,66,113,0,0.271728515625,-0.271728515625,-0.271728515625,1,66,True
-,66,48,114,48,66,114,2,0.15869140625,-0.15869140625,-0.15869140625,1,66,True
-,66,49,115,49,66,115,0,0.159423828125,-0.159423828125,-0.159423828125,1,66,True
-,66,50,116,50,66,116,1,0.158935546875,-0.158935546875,-0.158935546875,1,66,True
-,66,51,117,51,66,117,0,0.291748046875,-0.291748046875,-0.291748046875,1,66,True
-,66,52,118,52,66,118,0,0.09344482421875,-0.09344482421875,-0.09344482421875,1,66,True
-,66,53,119,53,66,119,0,0.09918212890625,-0.09918212890625,-0.09918212890625,1,66,True
-,66,54,120,54,66,120,0,0.00820159912109375,-0.00820159912109375,-0.00820159912109375,1,66,True
-,66,55,121,55,66,121,0,0.20703125,-0.20703125,-0.20703125,1,66,True
-,66,56,122,56,66,122,0,0.55859375,-0.55859375,-0.55859375,1,66,True
-,66,57,123,57,66,123,0,0.41650390625,-0.41650390625,-0.41650390625,1,66,True
-,66,58,124,58,66,124,0,1.6162109375,-1.6162109375,-1.6162109375,1,62,False
-,66,59,125,59,66,125,0,2.12890625,-2.12890625,-2.12890625,1,56,False
-,66,60,126,60,66,126,0,0.174560546875,-0.174560546875,-0.174560546875,1,66,True
-,66,61,127,61,66,127,0,1.1298828125,-1.1298828125,-1.1298828125,1,56,False
-,66,62,128,62,66,128,0,0.1395263671875,-0.1395263671875,-0.1395263671875,1,66,True
-,66,63,129,63,66,129,0,0.07147216796875,-0.07147216796875,-0.07147216796875,1,66,True
-,66,64,130,64,66,130,0,0.035247802734375,-0.035247802734375,-0.035247802734375,1,66,True
-,66,65,131,65,66,131,0,0.5224609375,-0.5224609375,-0.5224609375,1,66,True
-,66,66,132,66,66,132,0,0.2474365234375,-0.2474365234375,-0.2474365234375,1,66,True
-,66,67,133,67,66,133,1,3.326171875,-3.326171875,-3.326171875,1,56,False
-,66,68,134,68,66,134,0,2.73046875,-2.73046875,-2.73046875,1,62,False
-,66,69,135,69,66,135,0,2.283203125,-2.283203125,-2.283203125,1,56,False
-,66,70,136,70,66,136,0,0.7138671875,-0.7138671875,-0.7138671875,1,66,True
-,66,71,137,71,66,137,0,3.80078125,-3.80078125,-3.80078125,1,56,False
-,66,72,138,72,66,138,0,0.28759765625,-0.28759765625,-0.28759765625,1,66,True
-,66,73,139,73,66,139,0,3.154296875,-3.154296875,-3.154296875,1,56,False
-,66,74,140,74,66,140,0,0.1845703125,-0.1845703125,-0.1845703125,1,66,True
-,66,75,141,75,66,141,0,0.4755859375,-0.4755859375,-0.4755859375,1,66,True
-,66,76,142,76,66,142,0,0.69140625,-0.69140625,-0.69140625,1,66,True
-,66,77,143,77,66,143,0,3.396484375,-3.396484375,-3.396484375,1,56,False
-,66,78,144,78,66,144,0,2.62890625,-2.62890625,-2.62890625,1,57,False
-,66,79,145,79,66,145,0,2.62890625,-2.62890625,-2.62890625,1,56,False
-,66,80,146,80,66,146,0,0.63525390625,-0.63525390625,-0.63525390625,1,66,True
-,66,81,147,81,66,147,0,2.1875,-2.1875,-2.1875,1,56,False
-,66,82,148,82,66,148,0,1.28515625,-1.28515625,-1.28515625,1,46,False
-,66,83,149,83,66,149,0,4.54296875,-4.54296875,-4.54296875,1,56,False
-,66,84,150,84,66,150,1,0.19677734375,-0.19677734375,-0.19677734375,1,66,True
-,66,85,151,85,66,151,0,1.2724609375,-1.2724609375,-1.2724609375,1,56,False
-,66,86,152,86,66,152,0,0.1004638671875,-0.1004638671875,-0.1004638671875,1,66,True
-,66,87,153,87,66,153,0,4.12109375,-4.12109375,-4.12109375,1,56,False
-,66,88,154,88,66,154,0,0.7275390625,-0.7275390625,-0.7275390625,1,66,True
-,66,89,155,89,66,155,0,0.57080078125,-0.57080078125,-0.57080078125,1,66,True
-,66,90,156,90,66,156,1,0.304443359375,-0.304443359375,-0.304443359375,1,66,True
-,66,91,157,91,66,157,0,2.134765625,-2.134765625,-2.134765625,1,56,False
-,66,92,158,92,66,158,0,0.306884765625,-0.306884765625,-0.306884765625,1,66,True
-,66,93,159,93,66,159,0,0.74853515625,-0.74853515625,-0.74853515625,1,66,True
-,66,94,160,94,66,160,0,0.0489501953125,-0.0489501953125,-0.0489501953125,1,66,True
-,66,95,161,95,66,161,1,1.130859375,-1.130859375,-1.130859375,1,56,False
-,66,96,162,96,66,162,0,0.61376953125,-0.61376953125,-0.61376953125,1,66,True
-,66,97,163,97,66,163,0,1.11328125,-1.11328125,-1.11328125,1,56,False
-,66,98,164,98,66,164,0,0.102783203125,-0.102783203125,-0.102783203125,1,66,True
-,66,99,165,99,66,165,0,4.30078125,-4.30078125,-4.30078125,1,62,False
-,67,10,77,10,67,77,0,0.040496826171875,-0.040496826171875,-0.040496826171875,1,67,True
-,67,11,78,11,67,78,0,0.0191650390625,-0.0191650390625,-0.0191650390625,1,67,True
-,67,12,79,12,67,79,0,0.014129638671875,-0.014129638671875,-0.014129638671875,1,67,True
-,67,13,80,13,67,80,1,0.06573486328125,-0.06573486328125,-0.06573486328125,1,67,True
-,67,14,81,14,67,81,0,0.11456298828125,-0.11456298828125,-0.11456298828125,1,67,True
-,67,15,82,15,67,82,2,0.11895751953125,-0.11895751953125,-0.11895751953125,1,67,True
-,67,16,83,16,67,83,1,0.11260986328125,-0.11260986328125,-0.11260986328125,1,67,True
-,67,17,84,17,67,84,1,0.050811767578125,-0.050811767578125,-0.050811767578125,1,67,True
-,67,18,85,18,67,85,0,0.0312042236328125,-0.0312042236328125,-0.0312042236328125,1,67,True
-,67,19,86,19,67,86,1,0.0826416015625,-0.0826416015625,-0.0826416015625,1,67,True
-,67,20,87,20,67,87,0,0.06097412109375,-0.06097412109375,-0.06097412109375,1,67,True
-,67,21,88,21,67,88,0,0.023651123046875,-0.023651123046875,-0.023651123046875,1,67,True
-,67,22,89,22,67,89,1,0.11541748046875,-0.11541748046875,-0.11541748046875,1,67,True
-,67,23,90,23,67,90,1,0.1612548828125,-0.1612548828125,-0.1612548828125,1,67,True
-,67,24,91,24,67,91,0,0.391845703125,-0.391845703125,-0.391845703125,1,67,True
-,67,25,92,25,67,92,0,0.127685546875,-0.127685546875,-0.127685546875,1,67,True
-,67,26,93,26,67,93,0,0.03326416015625,-0.03326416015625,-0.03326416015625,1,67,True
-,67,27,94,27,67,94,0,0.00897979736328125,-0.00897979736328125,-0.00897979736328125,1,67,True
-,67,28,95,28,67,95,1,0.06268310546875,-0.06268310546875,-0.06268310546875,1,67,True
-,67,29,96,29,67,96,0,0.031219482421875,-0.031219482421875,-0.031219482421875,1,67,True
-,67,30,97,30,67,97,1,0.012908935546875,-0.012908935546875,-0.012908935546875,1,67,True
-,67,31,98,31,67,98,0,0.067626953125,-0.067626953125,-0.067626953125,1,67,True
-,67,32,99,32,67,99,0,0.0305023193359375,-0.0305023193359375,-0.0305023193359375,1,67,True
-,67,33,100,33,67,100,1,0.00725555419921875,-0.00725555419921875,-0.00725555419921875,1,67,True
-,67,34,101,34,67,101,0,0.03216552734375,-0.03216552734375,-0.03216552734375,1,67,True
-,67,35,102,35,67,102,0,0.0616455078125,-0.0616455078125,-0.0616455078125,1,67,True
-,67,36,103,36,67,103,0,0.07220458984375,-0.07220458984375,-0.07220458984375,1,67,True
-,67,37,104,37,67,104,0,0.18408203125,-0.18408203125,-0.18408203125,1,67,True
-,67,38,105,38,67,105,0,0.07977294921875,-0.07977294921875,-0.07977294921875,1,67,True
-,67,39,106,39,67,106,0,0.08880615234375,-0.08880615234375,-0.08880615234375,1,67,True
-,67,40,107,40,67,107,0,0.5478515625,-0.5478515625,-0.5478515625,1,67,True
-,67,41,108,41,67,108,0,0.05499267578125,-0.05499267578125,-0.05499267578125,1,67,True
-,67,42,109,42,67,109,0,0.0296783447265625,-0.0296783447265625,-0.0296783447265625,1,67,True
-,67,43,110,43,67,110,0,0.0345458984375,-0.0345458984375,-0.0345458984375,1,67,True
-,67,44,111,44,67,111,0,0.254638671875,-0.254638671875,-0.254638671875,1,67,True
-,67,45,112,45,67,112,1,0.049072265625,-0.049072265625,-0.049072265625,1,67,True
-,67,46,113,46,67,113,0,0.18310546875,-0.18310546875,-0.18310546875,1,67,True
-,67,47,114,47,67,114,0,0.1568603515625,-0.1568603515625,-0.1568603515625,1,67,True
-,67,48,115,48,67,115,0,0.5478515625,-0.5478515625,-0.5478515625,1,67,True
-,67,49,116,49,67,116,0,0.326171875,-0.326171875,-0.326171875,1,67,True
-,67,50,117,50,67,117,0,0.09954833984375,-0.09954833984375,-0.09954833984375,1,67,True
-,67,51,118,51,67,118,0,0.4677734375,-0.4677734375,-0.4677734375,1,67,True
-,67,52,119,52,67,119,0,0.7841796875,-0.7841796875,-0.7841796875,1,57,False
-,67,53,120,53,67,120,0,0.07086181640625,-0.07086181640625,-0.07086181640625,1,67,True
-,67,54,121,54,67,121,0,0.0531005859375,-0.0531005859375,-0.0531005859375,1,67,True
-,67,55,122,55,67,122,0,1.7451171875,-1.7451171875,-1.7451171875,1,57,False
-,67,56,123,56,67,123,0,1.626953125,-1.626953125,-1.626953125,1,57,False
-,67,57,124,57,67,124,0,1.12890625,-1.12890625,-1.12890625,1,57,False
-,67,58,125,58,67,125,0,3.23046875,-3.23046875,-3.23046875,1,57,False
-,67,59,126,59,67,126,0,0.462890625,-0.462890625,-0.462890625,1,67,True
-,67,60,127,60,67,127,0,0.521484375,-0.521484375,-0.521484375,1,67,True
-,67,61,128,61,67,128,2,1.830078125,-1.830078125,-1.830078125,1,57,False
-,67,62,129,62,67,129,0,0.401123046875,-0.401123046875,-0.401123046875,1,67,True
-,67,63,130,63,67,130,0,0.09429931640625,-0.09429931640625,-0.09429931640625,1,67,True
-,67,64,131,64,67,131,0,0.7890625,-0.7890625,-0.7890625,1,67,True
-,67,65,132,65,67,132,0,0.890625,-0.890625,-0.890625,1,57,False
-,67,66,133,66,67,133,1,0.3701171875,-0.3701171875,-0.3701171875,1,67,True
-,67,67,134,67,67,134,1,2.791015625,-2.791015625,-2.791015625,1,57,False
-,67,68,135,68,67,135,0,3.181640625,-3.181640625,-3.181640625,1,57,False
-,67,69,136,69,67,136,0,1.7763671875,-1.7763671875,-1.7763671875,1,57,False
-,67,70,137,70,67,137,0,1.3330078125,-1.3330078125,-1.3330078125,1,57,False
-,67,71,138,71,67,138,0,2.0546875,-2.0546875,-2.0546875,1,57,False
-,67,72,139,72,67,139,0,1.7939453125,-1.7939453125,-1.7939453125,1,57,False
-,67,73,140,73,67,140,0,2.056640625,-2.056640625,-2.056640625,1,57,False
-,67,74,141,74,67,141,0,0.71484375,-0.71484375,-0.71484375,1,67,True
-,67,75,142,75,67,142,0,0.53759765625,-0.53759765625,-0.53759765625,1,67,True
-,67,76,143,76,67,143,0,2.70703125,-2.70703125,-2.70703125,1,57,False
-,67,77,144,77,67,144,0,0.77783203125,-0.77783203125,-0.77783203125,1,57,False
-,67,78,145,78,67,145,0,0.53173828125,-0.53173828125,-0.53173828125,1,67,True
-,67,79,146,79,67,146,0,0.93359375,-0.93359375,-0.93359375,1,57,False
-,67,80,147,80,67,147,0,1.0458984375,-1.0458984375,-1.0458984375,1,57,False
-,67,81,148,81,67,148,0,1.94140625,-1.94140625,-1.94140625,1,57,False
-,67,82,149,82,67,149,0,1.1103515625,-1.1103515625,-1.1103515625,1,57,False
-,67,83,150,83,67,150,0,1.650390625,-1.650390625,-1.650390625,1,57,False
-,67,84,151,84,67,151,0,1.8681640625,-1.8681640625,-1.8681640625,1,57,False
-,67,85,152,85,67,152,0,2.470703125,-2.470703125,-2.470703125,1,57,False
-,67,86,153,86,67,153,0,0.99755859375,-0.99755859375,-0.99755859375,1,57,False
-,67,87,154,87,67,154,0,1.6982421875,-1.6982421875,-1.6982421875,1,57,False
-,67,88,155,88,67,155,0,0.8056640625,-0.8056640625,-0.8056640625,1,57,False
-,67,89,156,89,67,156,0,0.08538818359375,-0.08538818359375,-0.08538818359375,1,67,True
-,67,90,157,90,67,157,0,0.157958984375,-0.157958984375,-0.157958984375,1,67,True
-,67,91,158,91,67,158,1,1.041015625,-1.041015625,-1.041015625,1,57,False
-,67,92,159,92,67,159,0,0.79296875,-0.79296875,-0.79296875,1,57,False
-,67,93,160,93,67,160,0,0.49755859375,-0.49755859375,-0.49755859375,1,67,True
-,67,94,161,94,67,161,0,0.46923828125,-0.46923828125,-0.46923828125,1,67,True
-,67,95,162,95,67,162,0,0.8583984375,-0.8583984375,-0.8583984375,1,57,False
-,67,96,163,96,67,163,0,1.0810546875,-1.0810546875,-1.0810546875,1,67,True
-,67,97,164,97,67,164,0,0.8896484375,-0.8896484375,-0.8896484375,1,57,False
-,67,98,165,98,67,165,0,0.059783935546875,-0.059783935546875,-0.059783935546875,1,67,True
-,67,99,166,99,67,166,0,0.26953125,-0.26953125,-0.26953125,1,67,True
-,68,10,78,10,68,78,0,0.015411376953125,-0.015411376953125,-0.015411376953125,1,68,True
-,68,11,79,11,68,79,0,0.07904052734375,-0.07904052734375,-0.07904052734375,1,68,True
-,68,12,80,12,68,80,1,0.00550079345703125,-0.00550079345703125,-0.00550079345703125,1,68,True
-,68,13,81,13,68,81,1,0.042022705078125,-0.042022705078125,-0.042022705078125,1,68,True
-,68,14,82,14,68,82,0,0.04632568359375,-0.04632568359375,-0.04632568359375,1,68,True
-,68,15,83,15,68,83,0,0.170654296875,-0.170654296875,-0.170654296875,1,68,True
-,68,16,84,16,68,84,3,0.0285491943359375,-0.0285491943359375,-0.0285491943359375,1,68,True
-,68,17,85,17,68,85,1,0.27685546875,-0.27685546875,-0.27685546875,1,68,True
-,68,18,86,18,68,86,0,0.0180816650390625,-0.0180816650390625,-0.0180816650390625,1,68,True
-,68,19,87,19,68,87,0,0.0556640625,-0.0556640625,-0.0556640625,1,68,True
-,68,20,88,20,68,88,0,0.01308441162109375,-0.01308441162109375,-0.01308441162109375,1,68,True
-,68,21,89,21,68,89,0,0.12347412109375,-0.12347412109375,-0.12347412109375,1,68,True
-,68,22,90,22,68,90,1,0.740234375,-0.740234375,-0.740234375,1,68,True
-,68,23,91,23,68,91,0,0.07476806640625,-0.07476806640625,-0.07476806640625,1,68,True
-,68,24,92,24,68,92,0,0.043853759765625,-0.043853759765625,-0.043853759765625,1,68,True
-,68,25,93,25,68,93,1,0.0889892578125,-0.0889892578125,-0.0889892578125,1,68,True
-,68,26,94,26,68,94,2,0.05120849609375,-0.05120849609375,-0.05120849609375,1,68,True
-,68,27,95,27,68,95,1,0.007389068603515625,-0.007389068603515625,-0.007389068603515625,1,68,True
-,68,28,96,28,68,96,0,0.006305694580078125,-0.006305694580078125,-0.006305694580078125,1,68,True
-,68,29,97,29,68,97,0,0.04888916015625,-0.04888916015625,-0.04888916015625,1,68,True
-,68,30,98,30,68,98,1,0.0099029541015625,-0.0099029541015625,-0.0099029541015625,1,68,True
-,68,31,99,31,68,99,0,0.0335693359375,-0.0335693359375,-0.0335693359375,1,68,True
-,68,32,100,32,68,100,2,0.00726318359375,-0.00726318359375,-0.00726318359375,1,68,True
-,68,33,101,33,68,101,1,0.048675537109375,-0.048675537109375,-0.048675537109375,1,68,True
-,68,34,102,34,68,102,0,0.01544952392578125,-0.01544952392578125,-0.01544952392578125,1,68,True
-,68,35,103,35,68,103,0,0.07958984375,-0.07958984375,-0.07958984375,1,68,True
-,68,36,104,36,68,104,0,0.10137939453125,-0.10137939453125,-0.10137939453125,1,68,True
-,68,37,105,37,68,105,0,0.058074951171875,-0.058074951171875,-0.058074951171875,1,68,True
-,68,38,106,38,68,106,0,0.053619384765625,-0.053619384765625,-0.053619384765625,1,68,True
-,68,39,107,39,68,107,0,0.0853271484375,-0.0853271484375,-0.0853271484375,1,68,True
-,68,40,108,40,68,108,0,0.1337890625,-0.1337890625,-0.1337890625,1,68,True
-,68,41,109,41,68,109,0,0.46240234375,-0.46240234375,-0.46240234375,1,68,True
-,68,42,110,42,68,110,0,0.05242919921875,-0.05242919921875,-0.05242919921875,1,68,True
-,68,43,111,43,68,111,0,0.345947265625,-0.345947265625,-0.345947265625,1,68,True
-,68,44,112,44,68,112,0,0.3251953125,-0.3251953125,-0.3251953125,1,68,True
-,68,45,113,45,68,113,0,0.10882568359375,-0.10882568359375,-0.10882568359375,1,68,True
-,68,46,114,46,68,114,0,0.0645751953125,-0.0645751953125,-0.0645751953125,1,68,True
-,68,47,115,47,68,115,0,1.4775390625,-1.4775390625,-1.4775390625,1,58,False
-,68,48,116,48,68,116,0,0.273193359375,-0.273193359375,-0.273193359375,1,68,True
-,68,49,117,49,68,117,0,0.286865234375,-0.286865234375,-0.286865234375,1,68,True
-,68,50,118,50,68,118,0,0.275390625,-0.275390625,-0.275390625,1,68,True
-,68,51,119,51,68,119,0,0.61865234375,-0.61865234375,-0.61865234375,1,68,True
-,68,52,120,52,68,120,0,0.1015625,-0.1015625,-0.1015625,1,68,True
-,68,53,121,53,68,121,0,0.1407470703125,-0.1407470703125,-0.1407470703125,1,68,True
-,68,54,122,54,68,122,0,0.09515380859375,-0.09515380859375,-0.09515380859375,1,68,True
-,68,55,123,55,68,123,0,1.7783203125,-1.7783203125,-1.7783203125,1,58,False
-,68,56,124,56,68,124,0,1.9873046875,-1.9873046875,-1.9873046875,1,58,False
-,68,57,125,57,68,125,0,2.3046875,-2.3046875,-2.3046875,1,58,False
-,68,58,126,58,68,126,0,0.2227783203125,-0.2227783203125,-0.2227783203125,1,68,True
-,68,59,127,59,68,127,0,1.2880859375,-1.2880859375,-1.2880859375,1,58,False
-,68,60,128,60,68,128,0,1.0439453125,-1.0439453125,-1.0439453125,1,68,True
-,68,61,129,61,68,129,0,0.275634765625,-0.275634765625,-0.275634765625,1,68,True
-,68,62,130,62,68,130,0,0.1319580078125,-0.1319580078125,-0.1319580078125,1,68,True
-,68,63,131,63,68,131,0,1.294921875,-1.294921875,-1.294921875,1,58,False
-,68,64,132,64,68,132,0,0.404296875,-0.404296875,-0.404296875,1,68,True
-,68,65,133,65,68,133,0,2.158203125,-2.158203125,-2.158203125,1,58,False
-,68,66,134,66,68,134,0,0.9248046875,-0.9248046875,-0.9248046875,1,68,True
-,68,67,135,67,68,135,0,2.302734375,-2.302734375,-2.302734375,1,58,False
-,68,68,136,68,68,136,0,3.283203125,-3.283203125,-3.283203125,1,58,False
-,68,69,137,69,68,137,0,3.083984375,-3.083984375,-3.083984375,1,58,False
-,68,70,138,70,68,138,0,0.74951171875,-0.74951171875,-0.74951171875,1,68,True
-,68,71,139,71,68,139,0,4.3984375,-4.3984375,-4.3984375,1,58,False
-,68,72,140,72,68,140,0,0.63720703125,-0.63720703125,-0.63720703125,1,68,True
-,68,73,141,73,68,141,0,2.720703125,-2.720703125,-2.720703125,1,58,False
-,68,74,142,74,68,142,0,1.154296875,-1.154296875,-1.154296875,1,58,False
-,68,75,143,75,68,143,0,0.716796875,-0.716796875,-0.716796875,1,68,True
-,68,76,144,76,68,144,0,1.0517578125,-1.0517578125,-1.0517578125,1,58,False
-,68,77,145,77,68,145,0,2.732421875,-2.732421875,-2.732421875,1,58,False
-,68,78,146,78,68,146,0,0.2998046875,-0.2998046875,-0.2998046875,1,68,True
-,68,79,147,79,68,147,0,1.693359375,-1.693359375,-1.693359375,1,58,False
-,68,80,148,80,68,148,0,4.13671875,-4.13671875,-4.13671875,1,48,False
-,68,81,149,81,68,149,0,2.552734375,-2.552734375,-2.552734375,1,58,False
-,68,82,150,82,68,150,0,0.79150390625,-0.79150390625,-0.79150390625,1,68,True
-,68,83,151,83,68,151,0,3.416015625,-3.416015625,-3.416015625,1,58,False
-,68,84,152,84,68,152,0,1.171875,-1.171875,-1.171875,1,68,True
-,68,85,153,85,68,153,0,1.841796875,-1.841796875,-1.841796875,1,58,False
-,68,86,154,86,68,154,0,0.5595703125,-0.5595703125,-0.5595703125,1,68,True
-,68,87,155,87,68,155,0,2.720703125,-2.720703125,-2.720703125,1,58,False
-,68,88,156,88,68,156,0,0.055084228515625,-0.055084228515625,-0.055084228515625,1,68,True
-,68,89,157,89,68,157,0,0.144287109375,-0.144287109375,-0.144287109375,1,68,True
-,68,90,158,90,68,158,0,0.1719970703125,-0.1719970703125,-0.1719970703125,1,68,True
-,68,91,159,91,68,159,0,0.92578125,-0.92578125,-0.92578125,1,58,False
-,68,92,160,92,68,160,0,0.375,-0.375,-0.375,1,68,True
-,68,93,161,93,68,161,0,0.66650390625,-0.66650390625,-0.66650390625,1,68,True
-,68,94,162,94,68,162,0,0.1142578125,-0.1142578125,-0.1142578125,1,68,True
-,68,95,163,95,68,163,0,1.744140625,-1.744140625,-1.744140625,1,58,False
-,68,96,164,96,68,164,0,0.83740234375,-0.83740234375,-0.83740234375,1,68,True
-,68,97,165,97,68,165,0,0.7724609375,-0.7724609375,-0.7724609375,1,68,True
-,68,98,166,98,68,166,0,0.0660400390625,-0.0660400390625,-0.0660400390625,1,68,True
-,68,99,167,99,68,167,0,1.7734375,-1.7734375,-1.7734375,1,64,False
-,69,10,79,10,69,79,0,0.0145416259765625,-0.0145416259765625,-0.0145416259765625,1,69,True
-,69,11,80,11,69,80,2,0.1712646484375,-0.1712646484375,-0.1712646484375,1,69,True
-,69,12,81,12,69,81,0,0.01123809814453125,-0.01123809814453125,-0.01123809814453125,1,69,True
-,69,13,82,13,69,82,1,0.042755126953125,-0.042755126953125,-0.042755126953125,1,69,True
-,69,14,83,14,69,83,0,0.73046875,-0.73046875,-0.73046875,1,69,True
-,69,15,84,15,69,84,2,0.00913238525390625,-0.00913238525390625,-0.00913238525390625,1,69,True
-,69,16,85,16,69,85,1,0.170654296875,-0.170654296875,-0.170654296875,1,69,True
-,69,17,86,17,69,86,1,0.1092529296875,-0.1092529296875,-0.1092529296875,1,69,True
-,69,18,87,18,69,87,0,0.01511383056640625,-0.01511383056640625,-0.01511383056640625,1,69,True
-,69,19,88,19,69,88,2,0.197998046875,-0.197998046875,-0.197998046875,1,69,True
-,69,20,89,20,69,89,2,0.03680419921875,-0.03680419921875,-0.03680419921875,1,69,True
-,69,21,90,21,69,90,4,0.044708251953125,-0.044708251953125,-0.044708251953125,1,69,True
-,69,22,91,22,69,91,0,1.609375,-1.609375,-1.609375,1,79,False
-,69,23,92,23,69,92,0,0.047515869140625,-0.047515869140625,-0.047515869140625,1,69,True
-,69,24,93,24,69,93,0,0.03790283203125,-0.03790283203125,-0.03790283203125,1,69,True
-,69,25,94,25,69,94,0,0.52734375,-0.52734375,-0.52734375,1,69,True
-,69,26,95,26,69,95,1,0.028076171875,-0.028076171875,-0.028076171875,1,69,True
-,69,27,96,27,69,96,0,0.03240966796875,-0.03240966796875,-0.03240966796875,1,69,True
-,69,28,97,28,69,97,0,0.05126953125,-0.05126953125,-0.05126953125,1,69,True
-,69,29,98,29,69,98,0,0.059417724609375,-0.059417724609375,-0.059417724609375,1,69,True
-,69,30,99,30,69,99,0,0.00638580322265625,-0.00638580322265625,-0.00638580322265625,1,69,True
-,69,31,100,31,69,100,0,0.033050537109375,-0.033050537109375,-0.033050537109375,1,69,True
-,69,32,101,32,69,101,0,0.061004638671875,-0.061004638671875,-0.061004638671875,1,69,True
-,69,33,102,33,69,102,0,0.007537841796875,-0.007537841796875,-0.007537841796875,1,69,True
-,69,34,103,34,69,103,0,0.34765625,-0.34765625,-0.34765625,1,69,True
-,69,35,104,35,69,104,0,1.0869140625,-1.0869140625,-1.0869140625,1,59,False
-,69,36,105,36,69,105,1,0.00833892822265625,-0.00833892822265625,-0.00833892822265625,1,69,True
-,69,37,106,37,69,106,0,0.10552978515625,-0.10552978515625,-0.10552978515625,1,69,True
-,69,38,107,38,69,107,0,0.10491943359375,-0.10491943359375,-0.10491943359375,1,69,True
-,69,39,108,39,69,108,0,0.01245880126953125,-0.01245880126953125,-0.01245880126953125,1,69,True
-,69,40,109,40,69,109,0,0.59765625,-0.59765625,-0.59765625,1,69,True
-,69,41,110,41,69,110,0,0.044342041015625,-0.044342041015625,-0.044342041015625,1,69,True
-,69,42,111,42,69,111,0,0.02520751953125,-0.02520751953125,-0.02520751953125,1,69,True
-,69,43,112,43,69,112,0,0.162353515625,-0.162353515625,-0.162353515625,1,69,True
-,69,44,113,44,69,113,1,1.76953125,-1.76953125,-1.76953125,1,59,False
-,69,45,114,45,69,114,0,0.049530029296875,-0.049530029296875,-0.049530029296875,1,69,True
-,69,46,115,46,69,115,0,0.1397705078125,-0.1397705078125,-0.1397705078125,1,69,True
-,69,47,116,47,69,116,0,1.1640625,-1.1640625,-1.1640625,1,59,False
-,69,48,117,48,69,117,0,0.125244140625,-0.125244140625,-0.125244140625,1,69,True
-,69,49,118,49,69,118,0,0.360107421875,-0.360107421875,-0.360107421875,1,69,True
-,69,50,119,50,69,119,0,0.1632080078125,-0.1632080078125,-0.1632080078125,1,69,True
-,69,51,120,51,69,120,0,0.0309906005859375,-0.0309906005859375,-0.0309906005859375,1,69,True
-,69,52,121,52,69,121,0,0.133056640625,-0.133056640625,-0.133056640625,1,69,True
-,69,53,122,53,69,122,0,0.880859375,-0.880859375,-0.880859375,1,59,False
-,69,54,123,54,69,123,1,0.119873046875,-0.119873046875,-0.119873046875,1,69,True
-,69,55,124,55,69,124,0,2.736328125,-2.736328125,-2.736328125,1,59,False
-,69,56,125,56,69,125,0,2.802734375,-2.802734375,-2.802734375,1,59,False
-,69,57,126,57,69,126,0,0.1500244140625,-0.1500244140625,-0.1500244140625,1,69,True
-,69,58,127,58,69,127,0,0.60302734375,-0.60302734375,-0.60302734375,1,69,True
-,69,59,128,59,69,128,0,1.12890625,-1.12890625,-1.12890625,1,59,False
-,69,60,129,60,69,129,0,0.0278778076171875,-0.0278778076171875,-0.0278778076171875,1,69,True
-,69,61,130,61,69,130,0,0.0478515625,-0.0478515625,-0.0478515625,1,69,True
-,69,62,131,62,69,131,0,0.81103515625,-0.81103515625,-0.81103515625,1,69,True
-,69,63,132,63,69,132,0,0.2183837890625,-0.2183837890625,-0.2183837890625,1,69,True
-,69,64,133,64,69,133,1,1.2265625,-1.2265625,-1.2265625,1,59,False
-,69,65,134,65,69,134,0,1.486328125,-1.486328125,-1.486328125,1,59,False
-,69,66,135,66,69,135,0,0.419921875,-0.419921875,-0.419921875,1,69,True
-,69,67,136,67,69,136,0,5.62109375,-5.62109375,-5.62109375,1,59,False
-,69,68,137,68,69,137,0,4.84765625,-4.84765625,-4.84765625,1,59,False
-,69,69,138,69,69,138,0,0.916015625,-0.916015625,-0.916015625,1,59,False
-,69,70,139,70,69,139,0,2.744140625,-2.744140625,-2.744140625,1,59,False
-,69,71,140,71,69,140,0,2.658203125,-2.658203125,-2.658203125,1,59,False
-,69,72,141,72,69,141,0,1.2744140625,-1.2744140625,-1.2744140625,1,59,False
-,69,73,142,73,69,142,0,2.33203125,-2.33203125,-2.33203125,1,59,False
-,69,74,143,74,69,143,0,2.61328125,-2.61328125,-2.61328125,1,59,False
-,69,75,144,75,69,144,0,0.80322265625,-0.80322265625,-0.80322265625,1,59,False
-,69,76,145,76,69,145,0,3.970703125,-3.970703125,-3.970703125,1,59,False
-,69,77,146,77,69,146,0,1.8603515625,-1.8603515625,-1.8603515625,1,59,False
-,69,78,147,78,69,147,0,0.55322265625,-0.55322265625,-0.55322265625,1,69,True
-,69,79,148,79,69,148,0,3.72265625,-3.72265625,-3.72265625,1,59,False
-,69,80,149,80,69,149,0,1.576171875,-1.576171875,-1.576171875,1,59,False
-,69,81,150,81,69,150,0,0.383544921875,-0.383544921875,-0.383544921875,1,69,True
-,69,82,151,82,69,151,0,2.498046875,-2.498046875,-2.498046875,1,59,False
-,69,83,152,83,69,152,0,4.01953125,-4.01953125,-4.01953125,1,59,False
-,69,84,153,84,69,153,0,2.6875,-2.6875,-2.6875,1,57,False
-,69,85,154,85,69,154,0,0.86865234375,-0.86865234375,-0.86865234375,1,59,False
-,69,86,155,86,69,155,0,0.60888671875,-0.60888671875,-0.60888671875,1,69,True
-,69,87,156,87,69,156,0,0.255859375,-0.255859375,-0.255859375,1,69,True
-,69,88,157,88,69,157,0,0.284912109375,-0.284912109375,-0.284912109375,1,69,True
-,69,89,158,89,69,158,0,0.042388916015625,-0.042388916015625,-0.042388916015625,1,69,True
-,69,90,159,90,69,159,0,0.1451416015625,-0.1451416015625,-0.1451416015625,1,69,True
-,69,91,160,91,69,160,0,0.21484375,-0.21484375,-0.21484375,1,69,True
-,69,92,161,92,69,161,0,0.384765625,-0.384765625,-0.384765625,1,69,True
-,69,93,162,93,69,162,0,0.197265625,-0.197265625,-0.197265625,1,69,True
-,69,94,163,94,69,163,0,0.7734375,-0.7734375,-0.7734375,1,69,True
-,69,95,164,95,69,164,0,1.1103515625,-1.1103515625,-1.1103515625,1,59,False
-,69,96,165,96,69,165,0,0.429931640625,-0.429931640625,-0.429931640625,1,69,True
-,69,97,166,97,69,166,0,0.180419921875,-0.180419921875,-0.180419921875,1,69,True
-,69,98,167,98,69,167,0,0.051422119140625,-0.051422119140625,-0.051422119140625,1,69,True
-,69,99,168,99,69,168,1,0.03839111328125,-0.03839111328125,-0.03839111328125,1,69,True
-,70,10,80,10,70,80,8,0.1038818359375,-0.1038818359375,-0.1038818359375,1,70,True
-,70,11,81,11,70,81,1,0.1669921875,-0.1669921875,-0.1669921875,1,70,True
-,70,12,82,12,70,82,1,0.04290771484375,-0.04290771484375,-0.04290771484375,1,70,True
-,70,13,83,13,70,83,0,1.81640625,-1.81640625,-1.81640625,1,68,False
-,70,14,84,14,70,84,2,0.1165771484375,-0.1165771484375,-0.1165771484375,1,70,True
-,70,15,85,15,70,85,1,0.13232421875,-0.13232421875,-0.13232421875,1,70,True
-,70,16,86,16,70,86,2,0.10662841796875,-0.10662841796875,-0.10662841796875,1,70,True
-,70,17,87,17,70,87,1,0.053497314453125,-0.053497314453125,-0.053497314453125,1,70,True
-,70,18,88,18,70,88,0,0.2159423828125,-0.2159423828125,-0.2159423828125,1,70,True
-,70,19,89,19,70,89,0,0.462890625,-0.462890625,-0.462890625,1,70,True
-,70,20,90,20,70,90,4,0.217529296875,-0.217529296875,-0.217529296875,1,70,True
-,70,21,91,21,70,91,0,0.5859375,-0.5859375,-0.5859375,1,70,True
-,70,22,92,22,70,92,1,0.03485107421875,-0.03485107421875,-0.03485107421875,1,70,True
-,70,23,93,23,70,93,0,4.25,-4.25,-4.25,1,68,False
-,70,24,94,24,70,94,0,0.36328125,-0.36328125,-0.36328125,1,70,True
-,70,25,95,25,70,95,0,0.67138671875,-0.67138671875,-0.67138671875,1,70,True
-,70,26,96,26,70,96,0,0.0197296142578125,-0.0197296142578125,-0.0197296142578125,1,70,True
-,70,27,97,27,70,97,0,0.0194244384765625,-0.0194244384765625,-0.0194244384765625,1,70,True
-,70,28,98,28,70,98,0,0.53271484375,-0.53271484375,-0.53271484375,1,70,True
-,70,29,99,29,70,99,0,0.054534912109375,-0.054534912109375,-0.054534912109375,1,70,True
-,70,30,100,30,70,100,20,0.01763916015625,-0.01763916015625,-0.01763916015625,1,70,True
-,70,31,101,31,70,101,0,1.0283203125,-1.0283203125,-1.0283203125,1,70,True
-,70,32,102,32,70,102,0,0.2783203125,-0.2783203125,-0.2783203125,1,70,True
-,70,33,103,33,70,103,0,1.5625,-1.5625,-1.5625,1,68,False
-,70,34,104,34,70,104,0,0.9384765625,-0.9384765625,-0.9384765625,1,70,True
-,70,35,105,35,70,105,0,0.2098388671875,-0.2098388671875,-0.2098388671875,1,70,True
-,70,36,106,36,70,106,0,0.0240936279296875,-0.0240936279296875,-0.0240936279296875,1,70,True
-,70,37,107,37,70,107,0,0.3427734375,-0.3427734375,-0.3427734375,1,70,True
-,70,38,108,38,70,108,0,0.15869140625,-0.15869140625,-0.15869140625,1,70,True
-,70,39,109,39,70,109,0,0.1839599609375,-0.1839599609375,-0.1839599609375,1,70,True
-,70,40,110,40,70,110,1,0.1951904296875,-0.1951904296875,-0.1951904296875,1,70,True
-,70,41,111,41,70,111,0,0.9931640625,-0.9931640625,-0.9931640625,1,70,True
-,70,42,112,42,70,112,0,0.338623046875,-0.338623046875,-0.338623046875,1,70,True
-,70,43,113,43,70,113,0,3.150390625,-3.150390625,-3.150390625,1,60,False
-,70,44,114,44,70,114,0,1.169921875,-1.169921875,-1.169921875,1,70,True
-,70,45,115,45,70,115,0,0.0902099609375,-0.0902099609375,-0.0902099609375,1,70,True
-,70,46,116,46,70,116,0,0.1473388671875,-0.1473388671875,-0.1473388671875,1,70,True
-,70,47,117,47,70,117,0,0.3017578125,-0.3017578125,-0.3017578125,1,70,True
-,70,48,118,48,70,118,0,0.63330078125,-0.63330078125,-0.63330078125,1,70,True
-,70,49,119,49,70,119,0,0.53857421875,-0.53857421875,-0.53857421875,1,70,True
-,70,50,120,50,70,120,2,0.06500244140625,-0.06500244140625,-0.06500244140625,1,70,True
-,70,51,121,51,70,121,0,0.03546142578125,-0.03546142578125,-0.03546142578125,1,70,True
-,70,52,122,52,70,122,0,1.0068359375,-1.0068359375,-1.0068359375,1,70,True
-,70,53,123,53,70,123,0,1.115234375,-1.115234375,-1.115234375,1,70,True
-,70,54,124,54,70,124,0,0.80810546875,-0.80810546875,-0.80810546875,1,70,True
-,70,55,125,55,70,125,0,4.796875,-4.796875,-4.796875,1,60,False
-,70,56,126,56,70,126,0,0.513671875,-0.513671875,-0.513671875,1,70,True
-,70,57,127,57,70,127,0,0.896484375,-0.896484375,-0.896484375,1,60,False
-,70,58,128,58,70,128,0,0.62060546875,-0.62060546875,-0.62060546875,1,70,True
-,70,59,129,59,70,129,0,0.47119140625,-0.47119140625,-0.47119140625,1,70,True
-,70,60,130,60,70,130,2,0.21630859375,-0.21630859375,-0.21630859375,1,70,True
-,70,61,131,61,70,131,0,2.189453125,-2.189453125,-2.189453125,1,60,False
-,70,62,132,62,70,132,0,0.513671875,-0.513671875,-0.513671875,1,70,True
-,70,63,133,63,70,133,1,1.1455078125,-1.1455078125,-1.1455078125,1,70,True
-,70,64,134,64,70,134,0,1.9296875,-1.9296875,-1.9296875,1,60,False
-,70,65,135,65,70,135,0,2.373046875,-2.373046875,-2.373046875,1,60,False
-,70,66,136,66,70,136,0,0.6640625,-0.6640625,-0.6640625,1,70,True
-,70,67,137,67,70,137,0,6.23828125,-6.23828125,-6.23828125,1,60,False
-,70,68,138,68,70,138,0,1.6845703125,-1.6845703125,-1.6845703125,1,58,False
-,70,69,139,69,70,139,0,3.3359375,-3.3359375,-3.3359375,1,60,False
-,70,70,140,70,70,140,1,1.982421875,-1.982421875,-1.982421875,1,60,False
-,70,71,141,71,70,141,0,3.63671875,-3.63671875,-3.63671875,1,60,False
-,70,72,142,72,70,142,0,0.95703125,-0.95703125,-0.95703125,1,70,True
-,70,73,143,73,70,143,0,5.19140625,-5.19140625,-5.19140625,1,60,False
-,70,74,144,74,70,144,0,0.10858154296875,-0.10858154296875,-0.10858154296875,1,70,True
-,70,75,145,75,70,145,0,1.2255859375,-1.2255859375,-1.2255859375,1,60,False
-,70,76,146,76,70,146,0,2.625,-2.625,-2.625,1,60,False
-,70,77,147,77,70,147,0,3.765625,-3.765625,-3.765625,1,60,False
-,70,78,148,78,70,148,0,2.228515625,-2.228515625,-2.228515625,1,58,False
-,70,79,149,79,70,149,0,4.30859375,-4.30859375,-4.30859375,1,60,False
-,70,80,150,80,70,150,2,0.4560546875,-0.4560546875,-0.4560546875,1,70,True
-,70,81,151,81,70,151,0,3.0,-3.0,-3.0,1,60,False
-,70,82,152,82,70,152,0,1.23046875,-1.23046875,-1.23046875,1,60,False
-,70,83,153,83,70,153,0,4.9453125,-4.9453125,-4.9453125,1,59,False
-,70,84,154,84,70,154,0,0.4091796875,-0.4091796875,-0.4091796875,1,70,True
-,70,85,155,85,70,155,0,1.9248046875,-1.9248046875,-1.9248046875,1,60,False
-,70,86,156,86,70,156,0,0.048553466796875,-0.048553466796875,-0.048553466796875,1,70,True
-,70,87,157,87,70,157,0,2.07421875,-2.07421875,-2.07421875,1,60,False
-,70,88,158,88,70,158,0,0.64599609375,-0.64599609375,-0.64599609375,1,70,True
-,70,89,159,89,70,159,0,0.095458984375,-0.095458984375,-0.095458984375,1,70,True
-,70,90,160,90,70,160,1,0.2442626953125,-0.2442626953125,-0.2442626953125,1,70,True
-,70,91,161,91,70,161,0,1.001953125,-1.001953125,-1.001953125,1,60,False
-,70,92,162,92,70,162,2,0.285888671875,-0.285888671875,-0.285888671875,1,70,True
-,70,93,163,93,70,163,0,1.8193359375,-1.8193359375,-1.8193359375,1,60,False
-,70,94,164,94,70,164,0,0.308349609375,-0.308349609375,-0.308349609375,1,70,True
-,70,95,165,95,70,165,0,0.44482421875,-0.44482421875,-0.44482421875,1,70,True
-,70,96,166,96,70,166,0,2.083984375,-2.083984375,-2.083984375,1,62,False
-,70,97,167,97,70,167,0,0.71875,-0.71875,-0.71875,1,70,True
-,70,98,168,98,70,168,0,0.1402587890625,-0.1402587890625,-0.1402587890625,1,70,True
-,70,99,169,99,70,169,0,0.218505859375,-0.218505859375,-0.218505859375,1,70,True
-,71,10,81,10,71,81,0,0.0305023193359375,-0.0305023193359375,-0.0305023193359375,1,71,True
-,71,11,82,11,71,82,1,0.4501953125,-0.4501953125,-0.4501953125,1,71,True
-,71,12,83,12,71,83,0,0.11651611328125,-0.11651611328125,-0.11651611328125,1,71,True
-,71,13,84,13,71,84,2,0.1265869140625,-0.1265869140625,-0.1265869140625,1,71,True
-,71,14,85,14,71,85,2,0.07598876953125,-0.07598876953125,-0.07598876953125,1,71,True
-,71,15,86,15,71,86,0,0.218017578125,-0.218017578125,-0.218017578125,1,71,True
-,71,16,87,16,71,87,2,0.1243896484375,-0.1243896484375,-0.1243896484375,1,71,True
-,71,17,88,17,71,88,0,0.285888671875,-0.285888671875,-0.285888671875,1,71,True
-,71,18,89,18,71,89,0,0.102783203125,-0.102783203125,-0.102783203125,1,71,True
-,71,19,90,19,71,90,1,0.15283203125,-0.15283203125,-0.15283203125,1,71,True
-,71,20,91,20,71,91,0,0.921875,-0.921875,-0.921875,1,81,False
-,71,21,92,21,71,92,0,0.118408203125,-0.118408203125,-0.118408203125,1,71,True
-,71,22,93,22,71,93,2,0.09814453125,-0.09814453125,-0.09814453125,1,71,True
-,71,23,94,23,71,94,0,1.5830078125,-1.5830078125,-1.5830078125,1,73,False
-,71,24,95,24,71,95,0,0.120361328125,-0.120361328125,-0.120361328125,1,71,True
-,71,25,96,25,71,96,3,0.073974609375,-0.073974609375,-0.073974609375,1,71,True
-,71,26,97,26,71,97,2,0.033203125,-0.033203125,-0.033203125,1,71,True
-,71,27,98,27,71,98,0,0.0263519287109375,-0.0263519287109375,-0.0263519287109375,1,71,True
-,71,28,99,28,71,99,0,0.0966796875,-0.0966796875,-0.0966796875,1,71,True
-,71,29,100,29,71,100,1,0.1474609375,-0.1474609375,-0.1474609375,1,71,True
-,71,30,101,30,71,101,0,0.1202392578125,-0.1202392578125,-0.1202392578125,1,71,True
-,71,31,102,31,71,102,0,0.1451416015625,-0.1451416015625,-0.1451416015625,1,71,True
-,71,32,103,32,71,103,0,0.264404296875,-0.264404296875,-0.264404296875,1,71,True
-,71,33,104,33,71,104,0,0.1214599609375,-0.1214599609375,-0.1214599609375,1,71,True
-,71,34,105,34,71,105,0,0.404296875,-0.404296875,-0.404296875,1,71,True
-,71,35,106,35,71,106,0,0.5380859375,-0.5380859375,-0.5380859375,1,71,True
-,71,36,107,36,71,107,0,0.1524658203125,-0.1524658203125,-0.1524658203125,1,71,True
-,71,37,108,37,71,108,1,0.054595947265625,-0.054595947265625,-0.054595947265625,1,71,True
-,71,38,109,38,71,109,0,0.276123046875,-0.276123046875,-0.276123046875,1,71,True
-,71,39,110,39,71,110,0,0.1357421875,-0.1357421875,-0.1357421875,1,71,True
-,71,40,111,40,71,111,0,0.6689453125,-0.6689453125,-0.6689453125,1,71,True
-,71,41,112,41,71,112,0,0.55419921875,-0.55419921875,-0.55419921875,1,71,True
-,71,42,113,42,71,113,0,0.1058349609375,-0.1058349609375,-0.1058349609375,1,71,True
-,71,43,114,43,71,114,0,0.346435546875,-0.346435546875,-0.346435546875,1,71,True
-,71,44,115,44,71,115,0,1.6884765625,-1.6884765625,-1.6884765625,1,61,False
-,71,45,116,45,71,116,0,0.63525390625,-0.63525390625,-0.63525390625,1,71,True
-,71,46,117,46,71,117,0,0.1307373046875,-0.1307373046875,-0.1307373046875,1,71,True
-,71,47,118,47,71,118,0,0.99853515625,-0.99853515625,-0.99853515625,1,71,True
-,71,48,119,48,71,119,0,0.432861328125,-0.432861328125,-0.432861328125,1,71,True
-,71,49,120,49,71,120,0,0.151123046875,-0.151123046875,-0.151123046875,1,71,True
-,71,50,121,50,71,121,0,0.1514892578125,-0.1514892578125,-0.1514892578125,1,71,True
-,71,51,122,51,71,122,0,1.576171875,-1.576171875,-1.576171875,1,61,False
-,71,52,123,52,71,123,0,1.900390625,-1.900390625,-1.900390625,1,61,False
-,71,53,124,53,71,124,0,2.6953125,-2.6953125,-2.6953125,1,61,False
-,71,54,125,54,71,125,0,2.4375,-2.4375,-2.4375,1,61,False
-,71,55,126,55,71,126,0,1.6064453125,-1.6064453125,-1.6064453125,1,61,False
-,71,56,127,56,71,127,0,1.4345703125,-1.4345703125,-1.4345703125,1,61,False
-,71,57,128,57,71,128,0,1.21875,-1.21875,-1.21875,1,61,False
-,71,58,129,58,71,129,0,0.09326171875,-0.09326171875,-0.09326171875,1,71,True
-,71,59,130,59,71,130,0,0.282470703125,-0.282470703125,-0.282470703125,1,71,True
-,71,60,131,60,71,131,0,0.90625,-0.90625,-0.90625,1,61,False
-,71,61,132,61,71,132,0,0.5341796875,-0.5341796875,-0.5341796875,1,71,True
-,71,62,133,62,71,133,0,2.40234375,-2.40234375,-2.40234375,1,61,False
-,71,63,134,63,71,134,0,0.515625,-0.515625,-0.515625,1,71,True
-,71,64,135,64,71,135,0,1.7490234375,-1.7490234375,-1.7490234375,1,61,False
-,71,65,136,65,71,136,0,2.36328125,-2.36328125,-2.36328125,1,61,False
-,71,66,137,66,71,137,0,1.140625,-1.140625,-1.140625,1,61,False
-,71,67,138,67,71,138,0,3.427734375,-3.427734375,-3.427734375,1,61,False
-,71,68,139,68,71,139,0,4.02734375,-4.02734375,-4.02734375,1,61,False
-,71,69,140,69,71,140,0,2.62109375,-2.62109375,-2.62109375,1,61,False
-,71,70,141,70,71,141,0,1.1748046875,-1.1748046875,-1.1748046875,1,61,False
-,71,71,142,71,71,142,0,3.349609375,-3.349609375,-3.349609375,1,61,False
-,71,72,143,72,71,143,0,2.017578125,-2.017578125,-2.017578125,1,61,False
-,71,73,144,73,71,144,0,0.85546875,-0.85546875,-0.85546875,1,61,False
-,71,74,145,74,71,145,0,2.01953125,-2.01953125,-2.01953125,1,61,False
-,71,75,146,75,71,146,0,0.84814453125,-0.84814453125,-0.84814453125,1,61,False
-,71,76,147,76,71,147,0,4.1796875,-4.1796875,-4.1796875,1,61,False
-,71,77,148,77,71,148,0,3.494140625,-3.494140625,-3.494140625,1,61,False
-,71,78,149,78,71,149,0,0.6015625,-0.6015625,-0.6015625,1,71,True
-,71,79,150,79,71,150,0,1.298828125,-1.298828125,-1.298828125,1,61,False
-,71,80,151,80,71,151,0,3.369140625,-3.369140625,-3.369140625,1,61,False
-,71,81,152,81,71,152,0,1.51171875,-1.51171875,-1.51171875,1,61,False
-,71,82,153,82,71,153,1,3.33984375,-3.33984375,-3.33984375,1,61,False
-,71,83,154,83,71,154,0,2.6171875,-2.6171875,-2.6171875,1,61,False
-,71,84,155,84,71,155,0,2.11328125,-2.11328125,-2.11328125,1,61,False
-,71,85,156,85,71,156,0,0.5771484375,-0.5771484375,-0.5771484375,1,71,True
-,71,86,157,86,71,157,0,0.57275390625,-0.57275390625,-0.57275390625,1,71,True
-,71,87,158,87,71,158,0,1.486328125,-1.486328125,-1.486328125,1,61,False
-,71,88,159,88,71,159,0,0.394287109375,-0.394287109375,-0.394287109375,1,71,True
-,71,89,160,89,71,160,0,0.04669189453125,-0.04669189453125,-0.04669189453125,1,71,True
-,71,90,161,90,71,161,0,0.37744140625,-0.37744140625,-0.37744140625,1,71,True
-,71,91,162,91,71,162,1,1.0400390625,-1.0400390625,-1.0400390625,1,61,False
-,71,92,163,92,71,163,0,3.623046875,-3.623046875,-3.623046875,1,61,False
-,71,93,164,93,71,164,0,1.8662109375,-1.8662109375,-1.8662109375,1,61,False
-,71,94,165,94,71,165,0,0.50537109375,-0.50537109375,-0.50537109375,1,71,True
-,71,95,166,95,71,166,0,1.0078125,-1.0078125,-1.0078125,1,61,False
-,71,96,167,96,71,167,0,1.3212890625,-1.3212890625,-1.3212890625,1,70,False
-,71,97,168,97,71,168,0,0.10345458984375,-0.10345458984375,-0.10345458984375,1,71,True
-,71,98,169,98,71,169,0,0.133056640625,-0.133056640625,-0.133056640625,1,71,True
-,71,99,170,99,71,170,0,0.24462890625,-0.24462890625,-0.24462890625,1,71,True
-,72,10,82,10,72,82,2,0.0122833251953125,-0.0122833251953125,-0.0122833251953125,1,72,True
-,72,11,83,11,72,83,1,0.0246124267578125,-0.0246124267578125,-0.0246124267578125,1,72,True
-,72,12,84,12,72,84,0,0.04010009765625,-0.04010009765625,-0.04010009765625,1,72,True
-,72,13,85,13,72,85,0,0.0821533203125,-0.0821533203125,-0.0821533203125,1,72,True
-,72,14,86,14,72,86,0,0.024627685546875,-0.024627685546875,-0.024627685546875,1,72,True
-,72,15,87,15,72,87,1,0.0255126953125,-0.0255126953125,-0.0255126953125,1,72,True
-,72,16,88,16,72,88,1,0.021484375,-0.021484375,-0.021484375,1,72,True
-,72,17,89,17,72,89,0,0.1485595703125,-0.1485595703125,-0.1485595703125,1,72,True
-,72,18,90,18,72,90,2,0.044342041015625,-0.044342041015625,-0.044342041015625,1,72,True
-,72,19,91,19,72,91,0,0.2183837890625,-0.2183837890625,-0.2183837890625,1,72,True
-,72,20,92,20,72,92,0,0.050079345703125,-0.050079345703125,-0.050079345703125,1,72,True
-,72,21,93,21,72,93,0,0.060791015625,-0.060791015625,-0.060791015625,1,72,True
-,72,22,94,22,72,94,1,0.050384521484375,-0.050384521484375,-0.050384521484375,1,72,True
-,72,23,95,23,72,95,0,0.103271484375,-0.103271484375,-0.103271484375,1,72,True
-,72,24,96,24,72,96,2,0.0243377685546875,-0.0243377685546875,-0.0243377685546875,1,72,True
-,72,25,97,25,72,97,0,0.07122802734375,-0.07122802734375,-0.07122802734375,1,72,True
-,72,26,98,26,72,98,0,0.032318115234375,-0.032318115234375,-0.032318115234375,1,72,True
-,72,27,99,27,72,99,0,0.0036945343017578125,-0.0036945343017578125,-0.0036945343017578125,1,72,True
-,72,28,100,28,72,100,0,0.05072021484375,-0.05072021484375,-0.05072021484375,1,72,True
-,72,29,101,29,72,101,0,0.294677734375,-0.294677734375,-0.294677734375,1,72,True
-,72,30,102,30,72,102,0,0.0174102783203125,-0.0174102783203125,-0.0174102783203125,1,72,True
-,72,31,103,31,72,103,1,0.15234375,-0.15234375,-0.15234375,1,72,True
-,72,32,104,32,72,104,0,0.058441162109375,-0.058441162109375,-0.058441162109375,1,72,True
-,72,33,105,33,72,105,0,0.02630615234375,-0.02630615234375,-0.02630615234375,1,72,True
-,72,34,106,34,72,106,0,0.0684814453125,-0.0684814453125,-0.0684814453125,1,72,True
-,72,35,107,35,72,107,0,0.204345703125,-0.204345703125,-0.204345703125,1,72,True
-,72,36,108,36,72,108,0,0.0272216796875,-0.0272216796875,-0.0272216796875,1,72,True
-,72,37,109,37,72,109,0,0.1363525390625,-0.1363525390625,-0.1363525390625,1,72,True
-,72,38,110,38,72,110,0,0.03515625,-0.03515625,-0.03515625,1,72,True
-,72,39,111,39,72,111,0,0.08697509765625,-0.08697509765625,-0.08697509765625,1,72,True
-,72,40,112,40,72,112,0,0.0673828125,-0.0673828125,-0.0673828125,1,72,True
-,72,41,113,41,72,113,0,0.96337890625,-0.96337890625,-0.96337890625,1,62,False
-,72,42,114,42,72,114,0,0.0523681640625,-0.0523681640625,-0.0523681640625,1,72,True
-,72,43,115,43,72,115,0,0.82177734375,-0.82177734375,-0.82177734375,1,62,False
-,72,44,116,44,72,116,0,0.87158203125,-0.87158203125,-0.87158203125,1,62,False
-,72,45,117,45,72,117,0,0.04840087890625,-0.04840087890625,-0.04840087890625,1,72,True
-,72,46,118,46,72,118,0,0.03271484375,-0.03271484375,-0.03271484375,1,72,True
-,72,47,119,47,72,119,0,0.2235107421875,-0.2235107421875,-0.2235107421875,1,72,True
-,72,48,120,48,72,120,4,0.2098388671875,-0.2098388671875,-0.2098388671875,1,72,True
-,72,49,121,49,72,121,0,0.05078125,-0.05078125,-0.05078125,1,72,True
-,72,50,122,50,72,122,0,0.1693115234375,-0.1693115234375,-0.1693115234375,1,72,True
-,72,51,123,51,72,123,0,0.93798828125,-0.93798828125,-0.93798828125,1,72,True
-,72,52,124,52,72,124,0,3.349609375,-3.349609375,-3.349609375,1,62,False
-,72,53,125,53,72,125,0,4.2734375,-4.2734375,-4.2734375,1,62,False
-,72,54,126,54,72,126,0,0.04248046875,-0.04248046875,-0.04248046875,1,72,True
-,72,55,127,55,72,127,0,0.50244140625,-0.50244140625,-0.50244140625,1,72,True
-,72,56,128,56,72,128,3,0.337890625,-0.337890625,-0.337890625,1,72,True
-,72,57,129,57,72,129,0,0.2403564453125,-0.2403564453125,-0.2403564453125,1,72,True
-,72,58,130,58,72,130,0,0.07794189453125,-0.07794189453125,-0.07794189453125,1,72,True
-,72,59,131,59,72,131,0,0.61669921875,-0.61669921875,-0.61669921875,1,72,True
-,72,60,132,60,72,132,0,2.91796875,-2.91796875,-2.91796875,1,62,False
-,72,61,133,61,72,133,0,2.115234375,-2.115234375,-2.115234375,1,62,False
-,72,62,134,62,72,134,0,0.82568359375,-0.82568359375,-0.82568359375,1,72,True
-,72,63,135,63,72,135,0,0.262939453125,-0.262939453125,-0.262939453125,1,72,True
-,72,64,136,64,72,136,0,0.377197265625,-0.377197265625,-0.377197265625,1,72,True
-,72,65,137,65,72,137,0,1.505859375,-1.505859375,-1.505859375,1,62,False
-,72,66,138,66,72,138,0,0.30419921875,-0.30419921875,-0.30419921875,1,72,True
-,72,67,139,67,72,139,0,3.361328125,-3.361328125,-3.361328125,1,62,False
-,72,68,140,68,72,140,3,2.72265625,-2.72265625,-2.72265625,1,62,False
-,72,69,141,69,72,141,1,1.8916015625,-1.8916015625,-1.8916015625,1,62,False
-,72,70,142,70,72,142,0,1.251953125,-1.251953125,-1.251953125,1,72,True
-,72,71,143,71,72,143,0,1.994140625,-1.994140625,-1.994140625,1,62,False
-,72,72,144,72,72,144,4,0.59619140625,-0.59619140625,-0.59619140625,1,72,True
-,72,73,145,73,72,145,0,3.5078125,-3.5078125,-3.5078125,1,62,False
-,72,74,146,74,72,146,0,0.182373046875,-0.182373046875,-0.182373046875,1,72,True
-,72,75,147,75,72,147,1,0.466552734375,-0.466552734375,-0.466552734375,1,72,True
-,72,76,148,76,72,148,0,2.4765625,-2.4765625,-2.4765625,1,52,False
-,72,77,149,77,72,149,0,1.9677734375,-1.9677734375,-1.9677734375,1,62,False
-,72,78,150,78,72,150,0,0.9130859375,-0.9130859375,-0.9130859375,1,72,True
-,72,79,151,79,72,151,0,2.4765625,-2.4765625,-2.4765625,1,62,False
-,72,80,152,80,72,152,0,2.814453125,-2.814453125,-2.814453125,1,60,False
-,72,81,153,81,72,153,0,2.205078125,-2.205078125,-2.205078125,1,62,False
-,72,82,154,82,72,154,0,0.73583984375,-0.73583984375,-0.73583984375,1,72,True
-,72,83,155,83,72,155,0,3.15625,-3.15625,-3.15625,1,62,False
-,72,84,156,84,72,156,0,0.2459716796875,-0.2459716796875,-0.2459716796875,1,72,True
-,72,85,157,85,72,157,0,0.418701171875,-0.418701171875,-0.418701171875,1,72,True
-,72,86,158,86,72,158,0,0.1214599609375,-0.1214599609375,-0.1214599609375,1,72,True
-,72,87,159,87,72,159,0,1.126953125,-1.126953125,-1.126953125,1,62,False
-,72,88,160,88,72,160,0,0.0350341796875,-0.0350341796875,-0.0350341796875,1,72,True
-,72,89,161,89,72,161,0,0.08563232421875,-0.08563232421875,-0.08563232421875,1,72,True
-,72,90,162,90,72,162,0,0.5498046875,-0.5498046875,-0.5498046875,1,72,True
-,72,91,163,91,72,163,0,1.1669921875,-1.1669921875,-1.1669921875,1,62,False
-,72,92,164,92,72,164,0,3.044921875,-3.044921875,-3.044921875,1,62,False
-,72,93,165,93,72,165,0,0.449462890625,-0.449462890625,-0.449462890625,1,72,True
-,72,94,166,94,72,166,0,0.2021484375,-0.2021484375,-0.2021484375,1,72,True
-,72,95,167,95,72,167,1,0.2425537109375,-0.2425537109375,-0.2425537109375,1,72,True
-,72,96,168,96,72,168,0,0.08258056640625,-0.08258056640625,-0.08258056640625,1,72,True
-,72,97,169,97,72,169,0,0.2020263671875,-0.2020263671875,-0.2020263671875,1,72,True
-,72,98,170,98,72,170,0,0.09283447265625,-0.09283447265625,-0.09283447265625,1,72,True
-,72,99,171,99,72,171,0,0.173828125,-0.173828125,-0.173828125,1,72,True
-,73,10,83,10,73,83,0,0.09698486328125,-0.09698486328125,-0.09698486328125,1,73,True
-,73,11,84,11,73,84,1,0.1671142578125,-0.1671142578125,-0.1671142578125,1,73,True
-,73,12,85,12,73,85,0,0.209716796875,-0.209716796875,-0.209716796875,1,73,True
-,73,13,86,13,73,86,1,0.0889892578125,-0.0889892578125,-0.0889892578125,1,73,True
-,73,14,87,14,73,87,0,0.2646484375,-0.2646484375,-0.2646484375,1,73,True
-,73,15,88,15,73,88,0,0.0941162109375,-0.0941162109375,-0.0941162109375,1,73,True
-,73,16,89,16,73,89,1,0.28759765625,-0.28759765625,-0.28759765625,1,73,True
-,73,17,90,17,73,90,0,0.269775390625,-0.269775390625,-0.269775390625,1,73,True
-,73,18,91,18,73,91,1,1.193359375,-1.193359375,-1.193359375,1,83,False
-,73,19,92,19,73,92,0,0.434326171875,-0.434326171875,-0.434326171875,1,73,True
-,73,20,93,20,73,93,0,0.10302734375,-0.10302734375,-0.10302734375,1,73,True
-,73,21,94,21,73,94,1,0.1029052734375,-0.1029052734375,-0.1029052734375,1,73,True
-,73,22,95,22,73,95,0,0.0941162109375,-0.0941162109375,-0.0941162109375,1,73,True
-,73,23,96,23,73,96,0,0.090087890625,-0.090087890625,-0.090087890625,1,73,True
-,73,24,97,24,73,97,0,0.10589599609375,-0.10589599609375,-0.10589599609375,1,73,True
-,73,25,98,25,73,98,0,0.0196380615234375,-0.0196380615234375,-0.0196380615234375,1,73,True
-,73,26,99,26,73,99,0,0.0207977294921875,-0.0207977294921875,-0.0207977294921875,1,73,True
-,73,27,100,27,73,100,1,0.0192718505859375,-0.0192718505859375,-0.0192718505859375,1,73,True
-,73,28,101,28,73,101,0,0.272216796875,-0.272216796875,-0.272216796875,1,73,True
-,73,29,102,29,73,102,0,0.2403564453125,-0.2403564453125,-0.2403564453125,1,73,True
-,73,30,103,30,73,103,0,0.0266265869140625,-0.0266265869140625,-0.0266265869140625,1,73,True
-,73,31,104,31,73,104,0,0.1402587890625,-0.1402587890625,-0.1402587890625,1,73,True
-,73,32,105,32,73,105,0,0.047821044921875,-0.047821044921875,-0.047821044921875,1,73,True
-,73,33,106,33,73,106,0,0.02490234375,-0.02490234375,-0.02490234375,1,73,True
-,73,34,107,34,73,107,0,0.2117919921875,-0.2117919921875,-0.2117919921875,1,73,True
-,73,35,108,35,73,108,0,0.0765380859375,-0.0765380859375,-0.0765380859375,1,73,True
-,73,36,109,36,73,109,0,0.17431640625,-0.17431640625,-0.17431640625,1,73,True
-,73,37,110,37,73,110,0,0.061126708984375,-0.061126708984375,-0.061126708984375,1,73,True
-,73,38,111,38,73,111,0,0.189697265625,-0.189697265625,-0.189697265625,1,73,True
-,73,39,112,39,73,112,0,0.126953125,-0.126953125,-0.126953125,1,73,True
-,73,40,113,40,73,113,1,0.45654296875,-0.45654296875,-0.45654296875,1,73,True
-,73,41,114,41,73,114,0,0.1697998046875,-0.1697998046875,-0.1697998046875,1,73,True
-,73,42,115,42,73,115,0,0.159912109375,-0.159912109375,-0.159912109375,1,73,True
-,73,43,116,43,73,116,1,1.734375,-1.734375,-1.734375,1,63,False
-,73,44,117,44,73,117,1,0.59521484375,-0.59521484375,-0.59521484375,1,73,True
-,73,45,118,45,73,118,0,0.05810546875,-0.05810546875,-0.05810546875,1,73,True
-,73,46,119,46,73,119,0,0.0582275390625,-0.0582275390625,-0.0582275390625,1,73,True
-,73,47,120,47,73,120,1,0.0426025390625,-0.0426025390625,-0.0426025390625,1,73,True
-,73,48,121,48,73,121,1,0.05450439453125,-0.05450439453125,-0.05450439453125,1,73,True
-,73,49,122,49,73,122,0,0.265869140625,-0.265869140625,-0.265869140625,1,73,True
-,73,50,123,50,73,123,0,0.2125244140625,-0.2125244140625,-0.2125244140625,1,73,True
-,73,51,124,51,73,124,0,0.5908203125,-0.5908203125,-0.5908203125,1,73,True
-,73,52,125,52,73,125,1,2.595703125,-2.595703125,-2.595703125,1,63,False
-,73,53,126,53,73,126,0,0.27197265625,-0.27197265625,-0.27197265625,1,73,True
-,73,54,127,54,73,127,0,0.1898193359375,-0.1898193359375,-0.1898193359375,1,73,True
-,73,55,128,55,73,128,0,1.0908203125,-1.0908203125,-1.0908203125,1,63,False
-,73,56,129,56,73,129,0,0.329833984375,-0.329833984375,-0.329833984375,1,73,True
-,73,57,130,57,73,130,0,0.040130615234375,-0.040130615234375,-0.040130615234375,1,73,True
-,73,58,131,58,73,131,0,0.6396484375,-0.6396484375,-0.6396484375,1,73,True
-,73,59,132,59,73,132,0,0.78759765625,-0.78759765625,-0.78759765625,1,73,True
-,73,60,133,60,73,133,0,0.58935546875,-0.58935546875,-0.58935546875,1,73,True
-,73,61,134,61,73,134,0,0.471435546875,-0.471435546875,-0.471435546875,1,73,True
-,73,62,135,62,73,135,0,0.469482421875,-0.469482421875,-0.469482421875,1,73,True
-,73,63,136,63,73,136,1,1.6708984375,-1.6708984375,-1.6708984375,1,63,False
-,73,64,137,64,73,137,0,1.9794921875,-1.9794921875,-1.9794921875,1,63,False
-,73,65,138,65,73,138,0,0.402587890625,-0.402587890625,-0.402587890625,1,73,True
-,73,66,139,66,73,139,0,1.4052734375,-1.4052734375,-1.4052734375,1,63,False
-,73,67,140,67,73,140,0,2.548828125,-2.548828125,-2.548828125,1,63,False
-,73,68,141,68,73,141,0,2.248046875,-2.248046875,-2.248046875,1,63,False
-,73,69,142,69,73,142,0,1.9814453125,-1.9814453125,-1.9814453125,1,63,False
-,73,70,143,70,73,143,0,2.173828125,-2.173828125,-2.173828125,1,63,False
-,73,71,144,71,73,144,0,0.837890625,-0.837890625,-0.837890625,1,73,True
-,73,72,145,72,73,145,0,0.478271484375,-0.478271484375,-0.478271484375,1,73,True
-,73,73,146,73,73,146,0,2.203125,-2.203125,-2.203125,1,63,False
-,73,74,147,74,73,147,0,1.1083984375,-1.1083984375,-1.1083984375,1,63,False
-,73,75,148,75,73,148,0,0.41552734375,-0.41552734375,-0.41552734375,1,73,True
-,73,76,149,76,73,149,0,2.048828125,-2.048828125,-2.048828125,1,63,False
-,73,77,150,77,73,150,0,0.218505859375,-0.218505859375,-0.218505859375,1,73,True
-,73,78,151,78,73,151,0,0.984375,-0.984375,-0.984375,1,63,False
-,73,79,152,79,73,152,0,3.130859375,-3.130859375,-3.130859375,1,63,False
-,73,80,153,80,73,153,0,1.8525390625,-1.8525390625,-1.8525390625,1,63,False
-,73,81,154,81,73,154,0,0.1729736328125,-0.1729736328125,-0.1729736328125,1,73,True
-,73,82,155,82,73,155,0,2.55078125,-2.55078125,-2.55078125,1,63,False
-,73,83,156,83,73,156,0,0.55126953125,-0.55126953125,-0.55126953125,1,73,True
-,73,84,157,84,73,157,0,0.736328125,-0.736328125,-0.736328125,1,73,True
-,73,85,158,85,73,158,1,0.376708984375,-0.376708984375,-0.376708984375,1,73,True
-,73,86,159,86,73,159,0,0.361328125,-0.361328125,-0.361328125,1,73,True
-,73,87,160,87,73,160,0,0.0966796875,-0.0966796875,-0.0966796875,1,73,True
-,73,88,161,88,73,161,0,0.270751953125,-0.270751953125,-0.270751953125,1,73,True
-,73,89,162,89,73,162,0,0.077392578125,-0.077392578125,-0.077392578125,1,73,True
-,73,90,163,90,73,163,0,0.513671875,-0.513671875,-0.513671875,1,73,True
-,73,91,164,91,73,164,0,0.99951171875,-0.99951171875,-0.99951171875,1,63,False
-,73,92,165,92,73,165,0,0.8515625,-0.8515625,-0.8515625,1,73,True
-,73,93,166,93,73,166,0,0.146484375,-0.146484375,-0.146484375,1,73,True
-,73,94,167,94,73,167,0,0.6455078125,-0.6455078125,-0.6455078125,1,73,True
-,73,95,168,95,73,168,0,0.260498046875,-0.260498046875,-0.260498046875,1,73,True
-,73,96,169,96,73,169,0,0.19921875,-0.19921875,-0.19921875,1,73,True
-,73,97,170,97,73,170,0,0.09564208984375,-0.09564208984375,-0.09564208984375,1,73,True
-,73,98,171,98,73,171,0,0.08013916015625,-0.08013916015625,-0.08013916015625,1,73,True
-,73,99,172,99,73,172,0,0.36279296875,-0.36279296875,-0.36279296875,1,73,True
-,74,10,84,10,74,84,2,0.00962066650390625,-0.00962066650390625,-0.00962066650390625,1,74,True
-,74,11,85,11,74,85,0,0.04443359375,-0.04443359375,-0.04443359375,1,74,True
-,74,12,86,12,74,86,0,0.0224609375,-0.0224609375,-0.0224609375,1,74,True
-,74,13,87,13,74,87,1,0.0411376953125,-0.0411376953125,-0.0411376953125,1,74,True
-,74,14,88,14,74,88,0,0.024810791015625,-0.024810791015625,-0.024810791015625,1,74,True
-,74,15,89,15,74,89,0,0.1072998046875,-0.1072998046875,-0.1072998046875,1,74,True
-,74,16,90,16,74,90,3,0.02313232421875,-0.02313232421875,-0.02313232421875,1,74,True
-,74,17,91,17,74,91,0,0.322998046875,-0.322998046875,-0.322998046875,1,74,True
-,74,18,92,18,74,92,2,0.05413818359375,-0.05413818359375,-0.05413818359375,1,74,True
-,74,19,93,19,74,93,1,0.307861328125,-0.307861328125,-0.307861328125,1,74,True
-,74,20,94,20,74,94,1,0.037139892578125,-0.037139892578125,-0.037139892578125,1,74,True
-,74,21,95,21,74,95,0,0.10406494140625,-0.10406494140625,-0.10406494140625,1,74,True
-,74,22,96,22,74,96,0,0.029083251953125,-0.029083251953125,-0.029083251953125,1,74,True
-,74,23,97,23,74,97,0,0.08563232421875,-0.08563232421875,-0.08563232421875,1,74,True
-,74,24,98,24,74,98,0,0.0244140625,-0.0244140625,-0.0244140625,1,74,True
-,74,25,99,25,74,99,1,0.07525634765625,-0.07525634765625,-0.07525634765625,1,74,True
-,74,26,100,26,74,100,1,0.016021728515625,-0.016021728515625,-0.016021728515625,1,74,True
-,74,27,101,27,74,101,0,0.03912353515625,-0.03912353515625,-0.03912353515625,1,74,True
-,74,28,102,28,74,102,0,0.0701904296875,-0.0701904296875,-0.0701904296875,1,74,True
-,74,29,103,29,74,103,1,0.1785888671875,-0.1785888671875,-0.1785888671875,1,74,True
-,74,30,104,30,74,104,0,0.016754150390625,-0.016754150390625,-0.016754150390625,1,74,True
-,74,31,105,31,74,105,0,0.049591064453125,-0.049591064453125,-0.049591064453125,1,74,True
-,74,32,106,32,74,106,0,0.0217132568359375,-0.0217132568359375,-0.0217132568359375,1,74,True
-,74,33,107,33,74,107,0,0.0233612060546875,-0.0233612060546875,-0.0233612060546875,1,74,True
-,74,34,108,34,74,108,0,0.2305908203125,-0.2305908203125,-0.2305908203125,1,74,True
-,74,35,109,35,74,109,0,0.2236328125,-0.2236328125,-0.2236328125,1,74,True
-,74,36,110,36,74,110,0,0.007843017578125,-0.007843017578125,-0.007843017578125,1,74,True
-,74,37,111,37,74,111,0,0.069580078125,-0.069580078125,-0.069580078125,1,74,True
-,74,38,112,38,74,112,0,0.1025390625,-0.1025390625,-0.1025390625,1,74,True
-,74,39,113,39,74,113,0,0.302490234375,-0.302490234375,-0.302490234375,1,74,True
-,74,40,114,40,74,114,0,0.08892822265625,-0.08892822265625,-0.08892822265625,1,74,True
-,74,41,115,41,74,115,0,0.67431640625,-0.67431640625,-0.67431640625,1,74,True
-,74,42,116,42,74,116,0,0.133056640625,-0.133056640625,-0.133056640625,1,74,True
-,74,43,117,43,74,117,0,0.330322265625,-0.330322265625,-0.330322265625,1,74,True
-,74,44,118,44,74,118,0,2.193359375,-2.193359375,-2.193359375,1,62,False
-,74,45,119,45,74,119,0,0.1451416015625,-0.1451416015625,-0.1451416015625,1,74,True
-,74,46,120,46,74,120,0,0.01552581787109375,-0.01552581787109375,-0.01552581787109375,1,74,True
-,74,47,121,47,74,121,0,0.0780029296875,-0.0780029296875,-0.0780029296875,1,74,True
-,74,48,122,48,74,122,0,0.286865234375,-0.286865234375,-0.286865234375,1,74,True
-,74,49,123,49,74,123,1,0.312744140625,-0.312744140625,-0.312744140625,1,74,True
-,74,50,124,50,74,124,0,0.48046875,-0.48046875,-0.48046875,1,74,True
-,74,51,125,51,74,125,0,1.3603515625,-1.3603515625,-1.3603515625,1,64,False
-,74,52,126,52,74,126,0,0.29931640625,-0.29931640625,-0.29931640625,1,74,True
-,74,53,127,53,74,127,0,0.962890625,-0.962890625,-0.962890625,1,64,False
-,74,54,128,54,74,128,2,0.233642578125,-0.233642578125,-0.233642578125,1,74,True
-,74,55,129,55,74,129,0,0.338134765625,-0.338134765625,-0.338134765625,1,74,True
-,74,56,130,56,74,130,0,0.058013916015625,-0.058013916015625,-0.058013916015625,1,74,True
-,74,57,131,57,74,131,0,0.970703125,-0.970703125,-0.970703125,1,64,False
-,74,58,132,58,74,132,0,0.51416015625,-0.51416015625,-0.51416015625,1,74,True
-,74,59,133,59,74,133,0,2.7421875,-2.7421875,-2.7421875,1,64,False
-,74,60,134,60,74,134,0,0.457763671875,-0.457763671875,-0.457763671875,1,74,True
-,74,61,135,61,74,135,0,0.358154296875,-0.358154296875,-0.358154296875,1,74,True
-,74,62,136,62,74,136,0,1.802734375,-1.802734375,-1.802734375,1,54,False
-,74,63,137,63,74,137,1,2.02734375,-2.02734375,-2.02734375,1,64,False
-,74,64,138,64,74,138,0,0.278076171875,-0.278076171875,-0.278076171875,1,74,True
-,74,65,139,65,74,139,0,2.0625,-2.0625,-2.0625,1,64,False
-,74,66,140,66,74,140,0,0.271728515625,-0.271728515625,-0.271728515625,1,74,True
-,74,67,141,67,74,141,0,3.298828125,-3.298828125,-3.298828125,1,64,False
-,74,68,142,68,74,142,0,3.66015625,-3.66015625,-3.66015625,1,54,False
-,74,69,143,69,74,143,0,4.30859375,-4.30859375,-4.30859375,1,64,False
-,74,70,144,70,74,144,0,1.220703125,-1.220703125,-1.220703125,1,54,False
-,74,71,145,71,74,145,0,2.8671875,-2.8671875,-2.8671875,1,64,False
-,74,72,146,72,74,146,0,1.0244140625,-1.0244140625,-1.0244140625,1,64,False
-,74,73,147,73,74,147,0,4.11328125,-4.11328125,-4.11328125,1,64,False
-,74,74,148,74,74,148,0,2.212890625,-2.212890625,-2.212890625,1,54,False
-,74,75,149,75,74,149,1,0.78466796875,-0.78466796875,-0.78466796875,1,64,False
-,74,76,150,76,74,150,0,0.1259765625,-0.1259765625,-0.1259765625,1,74,True
-,74,77,151,77,74,151,0,2.681640625,-2.681640625,-2.681640625,1,64,False
-,74,78,152,78,74,152,0,0.7880859375,-0.7880859375,-0.7880859375,1,74,True
-,74,79,153,79,74,153,0,2.861328125,-2.861328125,-2.861328125,1,64,False
-,74,80,154,80,74,154,0,0.955078125,-0.955078125,-0.955078125,1,74,True
-,74,81,155,81,74,155,0,1.37890625,-1.37890625,-1.37890625,1,64,False
-,74,82,156,82,74,156,0,0.92919921875,-0.92919921875,-0.92919921875,1,74,True
-,74,83,157,83,74,157,0,2.421875,-2.421875,-2.421875,1,64,False
-,74,84,158,84,74,158,0,0.3525390625,-0.3525390625,-0.3525390625,1,74,True
-,74,85,159,85,74,159,0,0.6455078125,-0.6455078125,-0.6455078125,1,74,True
-,74,86,160,86,74,160,0,0.0384521484375,-0.0384521484375,-0.0384521484375,1,74,True
-,74,87,161,87,74,161,0,1.3818359375,-1.3818359375,-1.3818359375,1,64,False
-,74,88,162,88,74,162,0,0.055206298828125,-0.055206298828125,-0.055206298828125,1,74,True
-,74,89,163,89,74,163,0,0.63427734375,-0.63427734375,-0.63427734375,1,74,True
-,74,90,164,90,74,164,0,0.88623046875,-0.88623046875,-0.88623046875,1,74,True
-,74,91,165,91,74,165,0,0.5146484375,-0.5146484375,-0.5146484375,1,74,True
-,74,92,166,92,74,166,0,1.1728515625,-1.1728515625,-1.1728515625,1,74,True
-,74,93,167,93,74,167,0,1.0693359375,-1.0693359375,-1.0693359375,1,64,False
-,74,94,168,94,74,168,0,0.056427001953125,-0.056427001953125,-0.056427001953125,1,74,True
-,74,95,169,95,74,169,0,0.57958984375,-0.57958984375,-0.57958984375,1,74,True
-,74,96,170,96,74,170,0,0.053436279296875,-0.053436279296875,-0.053436279296875,1,74,True
-,74,97,171,97,74,171,0,0.300537109375,-0.300537109375,-0.300537109375,1,74,True
-,74,98,172,98,74,172,0,0.093017578125,-0.093017578125,-0.093017578125,1,74,True
-,74,99,173,99,74,173,0,0.16259765625,-0.16259765625,-0.16259765625,1,74,True
-,75,10,85,10,75,85,0,0.061492919921875,-0.061492919921875,-0.061492919921875,1,75,True
-,75,11,86,11,75,86,0,0.09027099609375,-0.09027099609375,-0.09027099609375,1,75,True
-,75,12,87,12,75,87,0,0.14501953125,-0.14501953125,-0.14501953125,1,75,True
-,75,13,88,13,75,88,1,1.4619140625,-1.4619140625,-1.4619140625,1,74,False
-,75,14,89,14,75,89,1,0.05316162109375,-0.05316162109375,-0.05316162109375,1,75,True
-,75,15,90,15,75,90,3,0.07330322265625,-0.07330322265625,-0.07330322265625,1,75,True
-,75,16,91,16,75,91,0,0.1795654296875,-0.1795654296875,-0.1795654296875,1,75,True
-,75,17,92,17,75,92,1,0.086181640625,-0.086181640625,-0.086181640625,1,75,True
-,75,18,93,18,75,93,0,0.042083740234375,-0.042083740234375,-0.042083740234375,1,75,True
-,75,19,94,19,75,94,0,0.19580078125,-0.19580078125,-0.19580078125,1,75,True
-,75,20,95,20,75,95,1,0.1201171875,-0.1201171875,-0.1201171875,1,75,True
-,75,21,96,21,75,96,0,0.0286407470703125,-0.0286407470703125,-0.0286407470703125,1,75,True
-,75,22,97,22,75,97,1,0.10211181640625,-0.10211181640625,-0.10211181640625,1,75,True
-,75,23,98,23,75,98,2,1.333984375,-1.333984375,-1.333984375,1,69,False
-,75,24,99,24,75,99,0,0.034576416015625,-0.034576416015625,-0.034576416015625,1,75,True
-,75,25,100,25,75,100,8,0.0212860107421875,-0.0212860107421875,-0.0212860107421875,1,75,True
-,75,26,101,26,75,101,0,0.03350830078125,-0.03350830078125,-0.03350830078125,1,75,True
-,75,27,102,27,75,102,0,0.032928466796875,-0.032928466796875,-0.032928466796875,1,75,True
-,75,28,103,28,75,103,0,0.7998046875,-0.7998046875,-0.7998046875,1,75,True
-,75,29,104,29,75,104,0,0.324951171875,-0.324951171875,-0.324951171875,1,75,True
-,75,30,105,30,75,105,0,0.111572265625,-0.111572265625,-0.111572265625,1,75,True
-,75,31,106,31,75,106,0,0.0948486328125,-0.0948486328125,-0.0948486328125,1,75,True
-,75,32,107,32,75,107,0,0.410400390625,-0.410400390625,-0.410400390625,1,75,True
-,75,33,108,33,75,108,1,0.08270263671875,-0.08270263671875,-0.08270263671875,1,75,True
-,75,34,109,34,75,109,0,0.21728515625,-0.21728515625,-0.21728515625,1,75,True
-,75,35,110,35,75,110,0,0.53662109375,-0.53662109375,-0.53662109375,1,75,True
-,75,36,111,36,75,111,0,0.0626220703125,-0.0626220703125,-0.0626220703125,1,75,True
-,75,37,112,37,75,112,0,0.1483154296875,-0.1483154296875,-0.1483154296875,1,75,True
-,75,38,113,38,75,113,0,0.60009765625,-0.60009765625,-0.60009765625,1,75,True
-,75,39,114,39,75,114,0,0.1453857421875,-0.1453857421875,-0.1453857421875,1,75,True
-,75,40,115,40,75,115,0,0.352783203125,-0.352783203125,-0.352783203125,1,75,True
-,75,41,116,41,75,116,0,0.115478515625,-0.115478515625,-0.115478515625,1,75,True
-,75,42,117,42,75,117,0,0.1192626953125,-0.1192626953125,-0.1192626953125,1,75,True
-,75,43,118,43,75,118,0,0.337158203125,-0.337158203125,-0.337158203125,1,75,True
-,75,44,119,44,75,119,0,0.67529296875,-0.67529296875,-0.67529296875,1,75,True
-,75,45,120,45,75,120,1,0.05267333984375,-0.05267333984375,-0.05267333984375,1,75,True
-,75,46,121,46,75,121,0,0.040771484375,-0.040771484375,-0.040771484375,1,75,True
-,75,47,122,47,75,122,0,1.05859375,-1.05859375,-1.05859375,1,65,False
-,75,48,123,48,75,123,0,1.1171875,-1.1171875,-1.1171875,1,75,True
-,75,49,124,49,75,124,0,0.67041015625,-0.67041015625,-0.67041015625,1,75,True
-,75,50,125,50,75,125,2,1.029296875,-1.029296875,-1.029296875,1,75,True
-,75,51,126,51,75,126,0,0.1292724609375,-0.1292724609375,-0.1292724609375,1,75,True
-,75,52,127,52,75,127,0,1.005859375,-1.005859375,-1.005859375,1,75,True
-,75,53,128,53,75,128,0,0.5830078125,-0.5830078125,-0.5830078125,1,75,True
-,75,54,129,54,75,129,0,0.06451416015625,-0.06451416015625,-0.06451416015625,1,75,True
-,75,55,130,55,75,130,0,0.2327880859375,-0.2327880859375,-0.2327880859375,1,75,True
-,75,56,131,56,75,131,0,0.297119140625,-0.297119140625,-0.297119140625,1,75,True
-,75,57,132,57,75,132,0,1.49609375,-1.49609375,-1.49609375,1,65,False
-,75,58,133,58,75,133,0,1.494140625,-1.494140625,-1.494140625,1,65,False
-,75,59,134,59,75,134,0,0.86962890625,-0.86962890625,-0.86962890625,1,75,True
-,75,60,135,60,75,135,0,0.53466796875,-0.53466796875,-0.53466796875,1,75,True
-,75,61,136,61,75,136,0,0.68603515625,-0.68603515625,-0.68603515625,1,75,True
-,75,62,137,62,75,137,0,2.015625,-2.015625,-2.015625,1,65,False
-,75,63,138,63,75,138,0,0.183349609375,-0.183349609375,-0.183349609375,1,75,True
-,75,64,139,64,75,139,0,0.1844482421875,-0.1844482421875,-0.1844482421875,1,75,True
-,75,65,140,65,75,140,0,0.87060546875,-0.87060546875,-0.87060546875,1,65,False
-,75,66,141,66,75,141,0,0.2271728515625,-0.2271728515625,-0.2271728515625,1,75,True
-,75,67,142,67,75,142,0,4.015625,-4.015625,-4.015625,1,65,False
-,75,68,143,68,75,143,0,2.896484375,-2.896484375,-2.896484375,1,65,False
-,75,69,144,69,75,144,0,0.546875,-0.546875,-0.546875,1,75,True
-,75,70,145,70,75,145,0,0.51904296875,-0.51904296875,-0.51904296875,1,75,True
-,75,71,146,71,75,146,0,1.5078125,-1.5078125,-1.5078125,1,65,False
-,75,72,147,72,75,147,0,1.2197265625,-1.2197265625,-1.2197265625,1,65,False
-,75,73,148,73,75,148,0,3.216796875,-3.216796875,-3.216796875,1,65,False
-,75,74,149,74,75,149,0,0.1141357421875,-0.1141357421875,-0.1141357421875,1,75,True
-,75,75,150,75,75,150,1,0.039306640625,-0.039306640625,-0.039306640625,1,75,True
-,75,76,151,76,75,151,0,2.798828125,-2.798828125,-2.798828125,1,65,False
-,75,77,152,77,75,152,0,2.154296875,-2.154296875,-2.154296875,1,65,False
-,75,78,153,78,75,153,0,1.521484375,-1.521484375,-1.521484375,1,65,False
-,75,79,154,79,75,154,0,1.12890625,-1.12890625,-1.12890625,1,65,False
-,75,80,155,80,75,155,0,1.3232421875,-1.3232421875,-1.3232421875,1,65,False
-,75,81,156,81,75,156,0,0.1990966796875,-0.1990966796875,-0.1990966796875,1,75,True
-,75,82,157,82,75,157,0,1.2509765625,-1.2509765625,-1.2509765625,1,65,False
-,75,83,158,83,75,158,0,1.310546875,-1.310546875,-1.310546875,1,65,False
-,75,84,159,84,75,159,0,0.3095703125,-0.3095703125,-0.3095703125,1,75,True
-,75,85,160,85,75,160,0,0.07354736328125,-0.07354736328125,-0.07354736328125,1,75,True
-,75,86,161,86,75,161,0,0.06890869140625,-0.06890869140625,-0.06890869140625,1,75,True
-,75,87,162,87,75,162,0,0.6904296875,-0.6904296875,-0.6904296875,1,75,True
-,75,88,163,88,75,163,0,0.68505859375,-0.68505859375,-0.68505859375,1,75,True
-,75,89,164,89,75,164,0,0.052764892578125,-0.052764892578125,-0.052764892578125,1,75,True
-,75,90,165,90,75,165,0,0.1353759765625,-0.1353759765625,-0.1353759765625,1,75,True
-,75,91,166,91,75,166,0,0.1771240234375,-0.1771240234375,-0.1771240234375,1,75,True
-,75,92,167,92,75,167,0,1.6474609375,-1.6474609375,-1.6474609375,1,65,False
-,75,93,168,93,75,168,0,0.87255859375,-0.87255859375,-0.87255859375,1,75,True
-,75,94,169,94,75,169,0,0.2213134765625,-0.2213134765625,-0.2213134765625,1,75,True
-,75,95,170,95,75,170,0,0.057891845703125,-0.057891845703125,-0.057891845703125,1,75,True
-,75,96,171,96,75,171,0,1.4658203125,-1.4658203125,-1.4658203125,1,75,True
-,75,97,172,97,75,172,0,0.181884765625,-0.181884765625,-0.181884765625,1,75,True
-,75,98,173,98,75,173,0,0.544921875,-0.544921875,-0.544921875,1,75,True
-,75,99,174,99,75,174,0,0.2459716796875,-0.2459716796875,-0.2459716796875,1,75,True
-,76,10,86,10,76,86,1,0.037017822265625,-0.037017822265625,-0.037017822265625,1,76,True
-,76,11,87,11,76,87,0,0.096923828125,-0.096923828125,-0.096923828125,1,76,True
-,76,12,88,12,76,88,0,0.043212890625,-0.043212890625,-0.043212890625,1,76,True
-,76,13,89,13,76,89,0,0.336669921875,-0.336669921875,-0.336669921875,1,76,True
-,76,14,90,14,76,90,1,0.04107666015625,-0.04107666015625,-0.04107666015625,1,76,True
-,76,15,91,15,76,91,0,0.053131103515625,-0.053131103515625,-0.053131103515625,1,76,True
-,76,16,92,16,76,92,0,0.1031494140625,-0.1031494140625,-0.1031494140625,1,76,True
-,76,17,93,17,76,93,0,0.350341796875,-0.350341796875,-0.350341796875,1,76,True
-,76,18,94,18,76,94,0,0.93798828125,-0.93798828125,-0.93798828125,1,76,True
-,76,19,95,19,76,95,0,0.205322265625,-0.205322265625,-0.205322265625,1,76,True
-,76,20,96,20,76,96,0,0.0215911865234375,-0.0215911865234375,-0.0215911865234375,1,76,True
-,76,21,97,21,76,97,0,0.13037109375,-0.13037109375,-0.13037109375,1,76,True
-,76,22,98,22,76,98,0,0.2958984375,-0.2958984375,-0.2958984375,1,76,True
-,76,23,99,23,76,99,0,0.252197265625,-0.252197265625,-0.252197265625,1,76,True
-,76,24,100,24,76,100,5,0.015777587890625,-0.015777587890625,-0.015777587890625,1,76,True
-,76,25,101,25,76,101,0,0.40234375,-0.40234375,-0.40234375,1,76,True
-,76,26,102,26,76,102,0,0.01788330078125,-0.01788330078125,-0.01788330078125,1,76,True
-,76,27,103,27,76,103,0,0.034881591796875,-0.034881591796875,-0.034881591796875,1,76,True
-,76,28,104,28,76,104,0,0.94970703125,-0.94970703125,-0.94970703125,1,76,True
-,76,29,105,29,76,105,0,0.1590576171875,-0.1590576171875,-0.1590576171875,1,76,True
-,76,30,106,30,76,106,0,0.0162200927734375,-0.0162200927734375,-0.0162200927734375,1,76,True
-,76,31,107,31,76,107,0,0.279541015625,-0.279541015625,-0.279541015625,1,76,True
-,76,32,108,32,76,108,0,0.0853271484375,-0.0853271484375,-0.0853271484375,1,76,True
-,76,33,109,33,76,109,0,0.06500244140625,-0.06500244140625,-0.06500244140625,1,76,True
-,76,34,110,34,76,110,1,0.14013671875,-0.14013671875,-0.14013671875,1,76,True
-,76,35,111,35,76,111,0,0.216552734375,-0.216552734375,-0.216552734375,1,76,True
-,76,36,112,36,76,112,0,0.0196685791015625,-0.0196685791015625,-0.0196685791015625,1,76,True
-,76,37,113,37,76,113,1,0.71435546875,-0.71435546875,-0.71435546875,1,76,True
-,76,38,114,38,76,114,0,1.2587890625,-1.2587890625,-1.2587890625,1,72,False
-,76,39,115,39,76,115,0,0.1112060546875,-0.1112060546875,-0.1112060546875,1,76,True
-,76,40,116,40,76,116,0,0.60009765625,-0.60009765625,-0.60009765625,1,76,True
-,76,41,117,41,76,117,0,0.68408203125,-0.68408203125,-0.68408203125,1,76,True
-,76,42,118,42,76,118,0,0.2607421875,-0.2607421875,-0.2607421875,1,76,True
-,76,43,119,43,76,119,0,1.671875,-1.671875,-1.671875,1,66,False
-,76,44,120,44,76,120,1,0.0799560546875,-0.0799560546875,-0.0799560546875,1,76,True
-,76,45,121,45,76,121,0,0.049163818359375,-0.049163818359375,-0.049163818359375,1,76,True
-,76,46,122,46,76,122,0,1.07421875,-1.07421875,-1.07421875,1,66,False
-,76,47,123,47,76,123,0,0.85693359375,-0.85693359375,-0.85693359375,1,76,True
-,76,48,124,48,76,124,1,4.09375,-4.09375,-4.09375,1,73,False
-,76,49,125,49,76,125,0,1.4833984375,-1.4833984375,-1.4833984375,1,66,False
-,76,50,126,50,76,126,1,0.1131591796875,-0.1131591796875,-0.1131591796875,1,76,True
-,76,51,127,51,76,127,0,0.353515625,-0.353515625,-0.353515625,1,76,True
-,76,52,128,52,76,128,0,1.30859375,-1.30859375,-1.30859375,1,66,False
-,76,53,129,53,76,129,0,0.8671875,-0.8671875,-0.8671875,1,66,False
-,76,54,130,54,76,130,0,0.058074951171875,-0.058074951171875,-0.058074951171875,1,76,True
-,76,55,131,55,76,131,0,1.025390625,-1.025390625,-1.025390625,1,66,False
-,76,56,132,56,76,132,0,0.76171875,-0.76171875,-0.76171875,1,76,True
-,76,57,133,57,76,133,0,1.1416015625,-1.1416015625,-1.1416015625,1,66,False
-,76,58,134,58,76,134,0,1.7119140625,-1.7119140625,-1.7119140625,1,72,False
-,76,59,135,59,76,135,0,0.64111328125,-0.64111328125,-0.64111328125,1,76,True
-,76,60,136,60,76,136,0,0.81494140625,-0.81494140625,-0.81494140625,1,56,False
-,76,61,137,61,76,137,0,2.060546875,-2.060546875,-2.060546875,1,66,False
-,76,62,138,62,76,138,0,0.2177734375,-0.2177734375,-0.2177734375,1,76,True
-,76,63,139,63,76,139,0,1.3134765625,-1.3134765625,-1.3134765625,1,66,False
-,76,64,140,64,76,140,0,0.1845703125,-0.1845703125,-0.1845703125,1,76,True
-,76,65,141,65,76,141,0,0.69873046875,-0.69873046875,-0.69873046875,1,76,True
-,76,66,142,66,76,142,0,0.92724609375,-0.92724609375,-0.92724609375,1,76,True
-,76,67,143,67,76,143,0,3.728515625,-3.728515625,-3.728515625,1,66,False
-,76,68,144,68,76,144,1,1.9619140625,-1.9619140625,-1.9619140625,1,56,False
-,76,69,145,69,76,145,0,1.509765625,-1.509765625,-1.509765625,1,66,False
-,76,70,146,70,76,146,0,0.82373046875,-0.82373046875,-0.82373046875,1,76,True
-,76,71,147,71,76,147,0,2.96484375,-2.96484375,-2.96484375,1,66,False
-,76,72,148,72,76,148,0,1.556640625,-1.556640625,-1.556640625,1,56,False
-,76,73,149,73,76,149,0,4.94140625,-4.94140625,-4.94140625,1,66,False
-,76,74,150,74,76,150,0,0.1024169921875,-0.1024169921875,-0.1024169921875,1,76,True
-,76,75,151,75,76,151,0,0.54150390625,-0.54150390625,-0.54150390625,1,76,True
-,76,76,152,76,76,152,1,2.67578125,-2.67578125,-2.67578125,1,56,False
-,76,77,153,77,76,153,0,1.822265625,-1.822265625,-1.822265625,1,56,False
-,76,78,154,78,76,154,0,0.728515625,-0.728515625,-0.728515625,1,76,True
-,76,79,155,79,76,155,0,2.501953125,-2.501953125,-2.501953125,1,66,False
-,76,80,156,80,76,156,0,0.69677734375,-0.69677734375,-0.69677734375,1,76,True
-,76,81,157,81,76,157,0,1.181640625,-1.181640625,-1.181640625,1,66,False
-,76,82,158,82,76,158,0,1.6767578125,-1.6767578125,-1.6767578125,1,66,False
-,76,83,159,83,76,159,0,2.505859375,-2.505859375,-2.505859375,1,66,False
-,76,84,160,84,76,160,0,0.480224609375,-0.480224609375,-0.480224609375,1,76,True
-,76,85,161,85,76,161,0,0.40478515625,-0.40478515625,-0.40478515625,1,76,True
-,76,86,162,86,76,162,0,0.10968017578125,-0.10968017578125,-0.10968017578125,1,76,True
-,76,87,163,87,76,163,0,1.337890625,-1.337890625,-1.337890625,1,56,False
-,76,88,164,88,76,164,0,0.1707763671875,-0.1707763671875,-0.1707763671875,1,76,True
-,76,89,165,89,76,165,0,0.07427978515625,-0.07427978515625,-0.07427978515625,1,76,True
-,76,90,166,90,76,166,0,0.3251953125,-0.3251953125,-0.3251953125,1,76,True
-,76,91,167,91,76,167,0,0.7353515625,-0.7353515625,-0.7353515625,1,76,True
-,76,92,168,92,76,168,0,0.625,-0.625,-0.625,1,76,True
-,76,93,169,93,76,169,0,0.418701171875,-0.418701171875,-0.418701171875,1,76,True
-,76,94,170,94,76,170,0,0.153564453125,-0.153564453125,-0.153564453125,1,76,True
-,76,95,171,95,76,171,0,0.1580810546875,-0.1580810546875,-0.1580810546875,1,76,True
-,76,96,172,96,76,172,0,0.85302734375,-0.85302734375,-0.85302734375,1,76,True
-,76,97,173,97,76,173,0,0.180419921875,-0.180419921875,-0.180419921875,1,76,True
-,76,98,174,98,76,174,0,0.07135009765625,-0.07135009765625,-0.07135009765625,1,76,True
-,76,99,175,99,76,175,0,0.4609375,-0.4609375,-0.4609375,1,76,True
-,77,10,87,10,77,87,2,0.049407958984375,-0.049407958984375,-0.049407958984375,1,77,True
-,77,11,88,11,77,88,0,0.06341552734375,-0.06341552734375,-0.06341552734375,1,77,True
-,77,12,89,12,77,89,1,0.063232421875,-0.063232421875,-0.063232421875,1,77,True
-,77,13,90,13,77,90,0,0.037506103515625,-0.037506103515625,-0.037506103515625,1,77,True
-,77,14,91,14,77,91,3,0.0487060546875,-0.0487060546875,-0.0487060546875,1,77,True
-,77,15,92,15,77,92,0,0.2484130859375,-0.2484130859375,-0.2484130859375,1,77,True
-,77,16,93,16,77,93,1,0.228759765625,-0.228759765625,-0.228759765625,1,77,True
-,77,17,94,17,77,94,0,0.137939453125,-0.137939453125,-0.137939453125,1,77,True
-,77,18,95,18,77,95,0,0.04376220703125,-0.04376220703125,-0.04376220703125,1,77,True
-,77,19,96,19,77,96,0,0.144287109375,-0.144287109375,-0.144287109375,1,77,True
-,77,20,97,20,77,97,0,0.053955078125,-0.053955078125,-0.053955078125,1,77,True
-,77,21,98,21,77,98,0,0.05810546875,-0.05810546875,-0.05810546875,1,77,True
-,77,22,99,22,77,99,0,0.1090087890625,-0.1090087890625,-0.1090087890625,1,77,True
-,77,23,100,23,77,100,1,0.1339111328125,-0.1339111328125,-0.1339111328125,1,77,True
-,77,24,101,24,77,101,0,0.1417236328125,-0.1417236328125,-0.1417236328125,1,77,True
-,77,25,102,25,77,102,0,0.204833984375,-0.204833984375,-0.204833984375,1,77,True
-,77,26,103,26,77,103,1,0.0948486328125,-0.0948486328125,-0.0948486328125,1,77,True
-,77,27,104,27,77,104,0,0.045928955078125,-0.045928955078125,-0.045928955078125,1,77,True
-,77,28,105,28,77,105,0,0.260009765625,-0.260009765625,-0.260009765625,1,77,True
-,77,29,106,29,77,106,0,0.204345703125,-0.204345703125,-0.204345703125,1,77,True
-,77,30,107,30,77,107,1,0.1583251953125,-0.1583251953125,-0.1583251953125,1,77,True
-,77,31,108,31,77,108,0,0.06353759765625,-0.06353759765625,-0.06353759765625,1,77,True
-,77,32,109,32,77,109,0,0.41259765625,-0.41259765625,-0.41259765625,1,77,True
-,77,33,110,33,77,110,0,0.085693359375,-0.085693359375,-0.085693359375,1,77,True
-,77,34,111,34,77,111,0,0.26025390625,-0.26025390625,-0.26025390625,1,77,True
-,77,35,112,35,77,112,2,0.95947265625,-0.95947265625,-0.95947265625,1,67,False
-,77,36,113,36,77,113,0,0.09820556640625,-0.09820556640625,-0.09820556640625,1,77,True
-,77,37,114,37,77,114,1,0.1441650390625,-0.1441650390625,-0.1441650390625,1,77,True
-,77,38,115,38,77,115,0,1.10546875,-1.10546875,-1.10546875,1,67,False
-,77,39,116,39,77,116,0,0.82568359375,-0.82568359375,-0.82568359375,1,67,False
-,77,40,117,40,77,117,0,0.36572265625,-0.36572265625,-0.36572265625,1,77,True
-,77,41,118,41,77,118,0,0.47998046875,-0.47998046875,-0.47998046875,1,77,True
-,77,42,119,42,77,119,0,0.2381591796875,-0.2381591796875,-0.2381591796875,1,77,True
-,77,43,120,43,77,120,0,0.1024169921875,-0.1024169921875,-0.1024169921875,1,77,True
-,77,44,121,44,77,121,0,0.5859375,-0.5859375,-0.5859375,1,77,True
-,77,45,122,45,77,122,0,0.298828125,-0.298828125,-0.298828125,1,77,True
-,77,46,123,46,77,123,0,0.7197265625,-0.7197265625,-0.7197265625,1,77,True
-,77,47,124,47,77,124,0,2.74609375,-2.74609375,-2.74609375,1,67,False
-,77,48,125,48,77,125,0,2.203125,-2.203125,-2.203125,1,67,False
-,77,49,126,49,77,126,0,0.0889892578125,-0.0889892578125,-0.0889892578125,1,77,True
-,77,50,127,50,77,127,0,0.19775390625,-0.19775390625,-0.19775390625,1,77,True
-,77,51,128,51,77,128,0,0.74072265625,-0.74072265625,-0.74072265625,1,77,True
-,77,52,129,52,77,129,0,0.42822265625,-0.42822265625,-0.42822265625,1,77,True
-,77,53,130,53,77,130,0,0.266845703125,-0.266845703125,-0.266845703125,1,77,True
-,77,54,131,54,77,131,0,0.74951171875,-0.74951171875,-0.74951171875,1,77,True
-,77,55,132,55,77,132,0,1.880859375,-1.880859375,-1.880859375,1,67,False
-,77,56,133,56,77,133,0,4.296875,-4.296875,-4.296875,1,67,False
-,77,57,134,57,77,134,0,1.78125,-1.78125,-1.78125,1,67,False
-,77,58,135,58,77,135,0,2.306640625,-2.306640625,-2.306640625,1,67,False
-,77,59,136,59,77,136,0,2.6484375,-2.6484375,-2.6484375,1,67,False
-,77,60,137,60,77,137,0,2.2109375,-2.2109375,-2.2109375,1,67,False
-,77,61,138,61,77,138,0,0.720703125,-0.720703125,-0.720703125,1,67,False
-,77,62,139,62,77,139,0,1.9267578125,-1.9267578125,-1.9267578125,1,67,False
-,77,63,140,63,77,140,0,1.583984375,-1.583984375,-1.583984375,1,67,False
-,77,64,141,64,77,141,0,1.875,-1.875,-1.875,1,67,False
-,77,65,142,65,77,142,0,2.01171875,-2.01171875,-2.01171875,1,67,False
-,77,66,143,66,77,143,0,2.091796875,-2.091796875,-2.091796875,1,67,False
-,77,67,144,67,77,144,0,3.18359375,-3.18359375,-3.18359375,1,67,False
-,77,68,145,68,77,145,0,2.94921875,-2.94921875,-2.94921875,1,67,False
-,77,69,146,69,77,146,0,2.9765625,-2.9765625,-2.9765625,1,67,False
-,77,70,147,70,77,147,0,3.025390625,-3.025390625,-3.025390625,1,67,False
-,77,71,148,71,77,148,0,3.87890625,-3.87890625,-3.87890625,1,67,False
-,77,72,149,72,77,149,0,2.87890625,-2.87890625,-2.87890625,1,67,False
-,77,73,150,73,77,150,0,2.212890625,-2.212890625,-2.212890625,1,67,False
-,77,74,151,74,77,151,0,2.9375,-2.9375,-2.9375,1,67,False
-,77,75,152,75,77,152,0,2.521484375,-2.521484375,-2.521484375,1,67,False
-,77,76,153,76,77,153,0,3.302734375,-3.302734375,-3.302734375,1,67,False
-,77,77,154,77,77,154,0,2.005859375,-2.005859375,-2.005859375,1,67,False
-,77,78,155,78,77,155,0,2.26171875,-2.26171875,-2.26171875,1,67,False
-,77,79,156,79,77,156,0,2.326171875,-2.326171875,-2.326171875,1,67,False
-,77,80,157,80,77,157,0,2.755859375,-2.755859375,-2.755859375,1,67,False
-,77,81,158,81,77,158,0,1.2705078125,-1.2705078125,-1.2705078125,1,67,False
-,77,82,159,82,77,159,0,2.74609375,-2.74609375,-2.74609375,1,67,False
-,77,83,160,83,77,160,0,2.783203125,-2.783203125,-2.783203125,1,67,False
-,77,84,161,84,77,161,0,3.455078125,-3.455078125,-3.455078125,1,67,False
-,77,85,162,85,77,162,0,0.63525390625,-0.63525390625,-0.63525390625,1,77,True
-,77,86,163,86,77,163,0,0.82763671875,-0.82763671875,-0.82763671875,1,77,True
-,77,87,164,87,77,164,0,1.1240234375,-1.1240234375,-1.1240234375,1,67,False
-,77,88,165,88,77,165,0,0.34375,-0.34375,-0.34375,1,77,True
-,77,89,166,89,77,166,0,0.119140625,-0.119140625,-0.119140625,1,77,True
-,77,90,167,90,77,167,0,0.37158203125,-0.37158203125,-0.37158203125,1,77,True
-,77,91,168,91,77,168,1,1.1748046875,-1.1748046875,-1.1748046875,1,67,False
-,77,92,169,92,77,169,0,2.59375,-2.59375,-2.59375,1,67,False
-,77,93,170,93,77,170,3,0.465087890625,-0.465087890625,-0.465087890625,1,77,True
-,77,94,171,94,77,171,0,0.7119140625,-0.7119140625,-0.7119140625,1,77,True
-,77,95,172,95,77,172,0,0.2181396484375,-0.2181396484375,-0.2181396484375,1,77,True
-,77,96,173,96,77,173,0,1.265625,-1.265625,-1.265625,1,71,False
-,77,97,174,97,77,174,0,0.11431884765625,-0.11431884765625,-0.11431884765625,1,77,True
-,77,98,175,98,77,175,0,0.0655517578125,-0.0655517578125,-0.0655517578125,1,77,True
-,77,99,176,99,77,176,0,0.29638671875,-0.29638671875,-0.29638671875,1,77,True
-,78,10,88,10,78,88,0,0.0158538818359375,-0.0158538818359375,-0.0158538818359375,1,78,True
-,78,11,89,11,78,89,0,0.050567626953125,-0.050567626953125,-0.050567626953125,1,78,True
-,78,12,90,12,78,90,4,0.01354217529296875,-0.01354217529296875,-0.01354217529296875,1,78,True
-,78,13,91,13,78,91,0,0.028167724609375,-0.028167724609375,-0.028167724609375,1,78,True
-,78,14,92,14,78,92,0,0.048309326171875,-0.048309326171875,-0.048309326171875,1,78,True
-,78,15,93,15,78,93,0,0.10626220703125,-0.10626220703125,-0.10626220703125,1,78,True
-,78,16,94,16,78,94,1,0.26416015625,-0.26416015625,-0.26416015625,1,78,True
-,78,17,95,17,78,95,1,0.07696533203125,-0.07696533203125,-0.07696533203125,1,78,True
-,78,18,96,18,78,96,0,0.00998687744140625,-0.00998687744140625,-0.00998687744140625,1,78,True
-,78,19,97,19,78,97,0,0.09332275390625,-0.09332275390625,-0.09332275390625,1,78,True
-,78,20,98,20,78,98,0,0.07476806640625,-0.07476806640625,-0.07476806640625,1,78,True
-,78,21,99,21,78,99,0,0.1939697265625,-0.1939697265625,-0.1939697265625,1,78,True
-,78,22,100,22,78,100,2,0.08221435546875,-0.08221435546875,-0.08221435546875,1,78,True
-,78,23,101,23,78,101,1,0.45263671875,-0.45263671875,-0.45263671875,1,78,True
-,78,24,102,24,78,102,0,0.1512451171875,-0.1512451171875,-0.1512451171875,1,78,True
-,78,25,103,25,78,103,0,0.54833984375,-0.54833984375,-0.54833984375,1,78,True
-,78,26,104,26,78,104,0,0.059295654296875,-0.059295654296875,-0.059295654296875,1,78,True
-,78,27,105,27,78,105,0,0.0213623046875,-0.0213623046875,-0.0213623046875,1,78,True
-,78,28,106,28,78,106,0,0.032073974609375,-0.032073974609375,-0.032073974609375,1,78,True
-,78,29,107,29,78,107,0,0.15283203125,-0.15283203125,-0.15283203125,1,78,True
-,78,30,108,30,78,108,0,0.0307769775390625,-0.0307769775390625,-0.0307769775390625,1,78,True
-,78,31,109,31,78,109,0,0.346923828125,-0.346923828125,-0.346923828125,1,78,True
-,78,32,110,32,78,110,0,0.0421142578125,-0.0421142578125,-0.0421142578125,1,78,True
-,78,33,111,33,78,111,0,0.16650390625,-0.16650390625,-0.16650390625,1,78,True
-,78,34,112,34,78,112,0,0.0755615234375,-0.0755615234375,-0.0755615234375,1,78,True
-,78,35,113,35,78,113,0,0.470703125,-0.470703125,-0.470703125,1,78,True
-,78,36,114,36,78,114,0,0.0550537109375,-0.0550537109375,-0.0550537109375,1,78,True
-,78,37,115,37,78,115,0,0.724609375,-0.724609375,-0.724609375,1,78,True
-,78,38,116,38,78,116,0,0.08624267578125,-0.08624267578125,-0.08624267578125,1,78,True
-,78,39,117,39,78,117,0,0.0596923828125,-0.0596923828125,-0.0596923828125,1,78,True
-,78,40,118,40,78,118,0,0.26025390625,-0.26025390625,-0.26025390625,1,78,True
-,78,41,119,41,78,119,0,0.5185546875,-0.5185546875,-0.5185546875,1,78,True
-,78,42,120,42,78,120,0,0.04742431640625,-0.04742431640625,-0.04742431640625,1,78,True
-,78,43,121,43,78,121,0,0.12213134765625,-0.12213134765625,-0.12213134765625,1,78,True
-,78,44,122,44,78,122,0,0.296875,-0.296875,-0.296875,1,78,True
-,78,45,123,45,78,123,0,0.1610107421875,-0.1610107421875,-0.1610107421875,1,78,True
-,78,46,124,46,78,124,0,0.376220703125,-0.376220703125,-0.376220703125,1,78,True
-,78,47,125,47,78,125,0,2.01171875,-2.01171875,-2.01171875,1,68,False
-,78,48,126,48,78,126,2,0.82373046875,-0.82373046875,-0.82373046875,1,78,True
-,78,49,127,49,78,127,0,0.144775390625,-0.144775390625,-0.144775390625,1,78,True
-,78,50,128,50,78,128,0,0.2216796875,-0.2216796875,-0.2216796875,1,78,True
-,78,51,129,51,78,129,0,0.2095947265625,-0.2095947265625,-0.2095947265625,1,78,True
-,78,52,130,52,78,130,1,0.12237548828125,-0.12237548828125,-0.12237548828125,1,78,True
-,78,53,131,53,78,131,0,1.5419921875,-1.5419921875,-1.5419921875,1,68,False
-,78,54,132,54,78,132,0,0.5068359375,-0.5068359375,-0.5068359375,1,78,True
-,78,55,133,55,78,133,1,2.650390625,-2.650390625,-2.650390625,1,68,False
-,78,56,134,56,78,134,0,1.64453125,-1.64453125,-1.64453125,1,68,False
-,78,57,135,57,78,135,0,0.6201171875,-0.6201171875,-0.6201171875,1,78,True
-,78,58,136,58,78,136,0,0.98291015625,-0.98291015625,-0.98291015625,1,78,True
-,78,59,137,59,78,137,0,1.7109375,-1.7109375,-1.7109375,1,68,False
-,78,60,138,60,78,138,0,0.486083984375,-0.486083984375,-0.486083984375,1,78,True
-,78,61,139,61,78,139,0,1.7978515625,-1.7978515625,-1.7978515625,1,68,False
-,78,62,140,62,78,140,0,0.36962890625,-0.36962890625,-0.36962890625,1,78,True
-,78,63,141,63,78,141,0,1.5537109375,-1.5537109375,-1.5537109375,1,68,False
-,78,64,142,64,78,142,0,0.72216796875,-0.72216796875,-0.72216796875,1,78,True
-,78,65,143,65,78,143,1,1.140625,-1.140625,-1.140625,1,68,False
-,78,66,144,66,78,144,0,0.1661376953125,-0.1661376953125,-0.1661376953125,1,78,True
-,78,67,145,67,78,145,0,1.4853515625,-1.4853515625,-1.4853515625,1,68,False
-,78,68,146,68,78,146,0,2.185546875,-2.185546875,-2.185546875,1,58,False
-,78,69,147,69,78,147,0,0.97802734375,-0.97802734375,-0.97802734375,1,78,True
-,78,70,148,70,78,148,0,3.11328125,-3.11328125,-3.11328125,1,66,False
-,78,71,149,71,78,149,0,2.279296875,-2.279296875,-2.279296875,1,68,False
-,78,72,150,72,78,150,0,0.42431640625,-0.42431640625,-0.42431640625,1,78,True
-,78,73,151,73,78,151,0,4.2890625,-4.2890625,-4.2890625,1,68,False
-,78,74,152,74,78,152,0,0.40673828125,-0.40673828125,-0.40673828125,1,78,True
-,78,75,153,75,78,153,0,1.1962890625,-1.1962890625,-1.1962890625,1,68,False
-,78,76,154,76,78,154,0,1.5625,-1.5625,-1.5625,1,58,False
-,78,77,155,77,78,155,0,1.8779296875,-1.8779296875,-1.8779296875,1,68,False
-,78,78,156,78,78,156,1,0.209716796875,-0.209716796875,-0.209716796875,1,78,True
-,78,79,157,79,78,157,0,2.05859375,-2.05859375,-2.05859375,1,68,False
-,78,80,158,80,78,158,0,1.0673828125,-1.0673828125,-1.0673828125,1,78,True
-,78,81,159,81,78,159,0,1.4775390625,-1.4775390625,-1.4775390625,1,68,False
-,78,82,160,82,78,160,0,0.41796875,-0.41796875,-0.41796875,1,78,True
-,78,83,161,83,78,161,0,2.533203125,-2.533203125,-2.533203125,1,68,False
-,78,84,162,84,78,162,0,0.6025390625,-0.6025390625,-0.6025390625,1,78,True
-,78,85,163,85,78,163,0,0.83349609375,-0.83349609375,-0.83349609375,1,78,True
-,78,86,164,86,78,164,0,0.1337890625,-0.1337890625,-0.1337890625,1,78,True
-,78,87,165,87,78,165,0,0.705078125,-0.705078125,-0.705078125,1,78,True
-,78,88,166,88,78,166,0,0.021453857421875,-0.021453857421875,-0.021453857421875,1,78,True
-,78,89,167,89,78,167,0,0.09320068359375,-0.09320068359375,-0.09320068359375,1,78,True
-,78,90,168,90,78,168,0,0.147705078125,-0.147705078125,-0.147705078125,1,78,True
-,78,91,169,91,78,169,1,1.6064453125,-1.6064453125,-1.6064453125,1,68,False
-,78,92,170,92,78,170,0,0.2359619140625,-0.2359619140625,-0.2359619140625,1,78,True
-,78,93,171,93,78,171,0,0.34912109375,-0.34912109375,-0.34912109375,1,78,True
-,78,94,172,94,78,172,0,0.0157318115234375,-0.0157318115234375,-0.0157318115234375,1,78,True
-,78,95,173,95,78,173,1,0.1812744140625,-0.1812744140625,-0.1812744140625,1,78,True
-,78,96,174,96,78,174,0,0.8056640625,-0.8056640625,-0.8056640625,1,78,True
-,78,97,175,97,78,175,0,0.0997314453125,-0.0997314453125,-0.0997314453125,1,78,True
-,78,98,176,98,78,176,0,0.0294647216796875,-0.0294647216796875,-0.0294647216796875,1,78,True
-,78,99,177,99,78,177,0,0.212646484375,-0.212646484375,-0.212646484375,1,78,True
-,79,10,89,10,79,89,0,0.03955078125,-0.03955078125,-0.03955078125,1,79,True
-,79,11,90,11,79,90,2,0.097412109375,-0.097412109375,-0.097412109375,1,79,True
-,79,12,91,12,79,91,1,0.03509521484375,-0.03509521484375,-0.03509521484375,1,79,True
-,79,13,92,13,79,92,1,0.1265869140625,-0.1265869140625,-0.1265869140625,1,79,True
-,79,14,93,14,79,93,0,0.277587890625,-0.277587890625,-0.277587890625,1,79,True
-,79,15,94,15,79,94,1,0.26611328125,-0.26611328125,-0.26611328125,1,79,True
-,79,16,95,16,79,95,1,0.1287841796875,-0.1287841796875,-0.1287841796875,1,79,True
-,79,17,96,17,79,96,0,0.145263671875,-0.145263671875,-0.145263671875,1,79,True
-,79,18,97,18,79,97,0,0.0487060546875,-0.0487060546875,-0.0487060546875,1,79,True
-,79,19,98,19,79,98,0,0.67236328125,-0.67236328125,-0.67236328125,1,79,True
-,79,20,99,20,79,99,1,0.145263671875,-0.145263671875,-0.145263671875,1,79,True
-,79,21,100,21,79,100,2,0.309326171875,-0.309326171875,-0.309326171875,1,79,True
-,79,22,101,22,79,101,0,0.51318359375,-0.51318359375,-0.51318359375,1,79,True
-,79,23,102,23,79,102,1,0.18359375,-0.18359375,-0.18359375,1,79,True
-,79,24,103,24,79,103,0,0.300048828125,-0.300048828125,-0.300048828125,1,79,True
-,79,25,104,25,79,104,0,0.10284423828125,-0.10284423828125,-0.10284423828125,1,79,True
-,79,26,105,26,79,105,0,0.07025146484375,-0.07025146484375,-0.07025146484375,1,79,True
-,79,27,106,27,79,106,0,0.10784912109375,-0.10784912109375,-0.10784912109375,1,79,True
-,79,28,107,28,79,107,0,0.58837890625,-0.58837890625,-0.58837890625,1,79,True
-,79,29,108,29,79,108,0,0.453369140625,-0.453369140625,-0.453369140625,1,79,True
-,79,30,109,30,79,109,0,0.09442138671875,-0.09442138671875,-0.09442138671875,1,79,True
-,79,31,110,31,79,110,0,0.2003173828125,-0.2003173828125,-0.2003173828125,1,79,True
-,79,32,111,32,79,111,0,0.342041015625,-0.342041015625,-0.342041015625,1,79,True
-,79,33,112,33,79,112,0,0.04595947265625,-0.04595947265625,-0.04595947265625,1,79,True
-,79,34,113,34,79,113,0,0.34033203125,-0.34033203125,-0.34033203125,1,79,True
-,79,35,114,35,79,114,0,0.328857421875,-0.328857421875,-0.328857421875,1,79,True
-,79,36,115,36,79,115,0,0.02593994140625,-0.02593994140625,-0.02593994140625,1,79,True
-,79,37,116,37,79,116,0,0.75390625,-0.75390625,-0.75390625,1,79,True
-,79,38,117,38,79,117,0,0.10467529296875,-0.10467529296875,-0.10467529296875,1,79,True
-,79,39,118,39,79,118,0,0.414306640625,-0.414306640625,-0.414306640625,1,79,True
-,79,40,119,40,79,119,0,0.1875,-0.1875,-0.1875,1,79,True
-,79,41,120,41,79,120,0,0.1129150390625,-0.1129150390625,-0.1129150390625,1,79,True
-,79,42,121,42,79,121,0,0.037200927734375,-0.037200927734375,-0.037200927734375,1,79,True
-,79,43,122,43,79,122,0,0.6279296875,-0.6279296875,-0.6279296875,1,79,True
-,79,44,123,44,79,123,0,0.712890625,-0.712890625,-0.712890625,1,79,True
-,79,45,124,45,79,124,1,0.311279296875,-0.311279296875,-0.311279296875,1,79,True
-,79,46,125,46,79,125,0,2.443359375,-2.443359375,-2.443359375,1,69,False
-,79,47,126,47,79,126,0,0.81884765625,-0.81884765625,-0.81884765625,1,69,False
-,79,48,127,48,79,127,0,0.26220703125,-0.26220703125,-0.26220703125,1,79,True
-,79,49,128,49,79,128,0,0.5771484375,-0.5771484375,-0.5771484375,1,79,True
-,79,50,129,50,79,129,0,0.05023193359375,-0.05023193359375,-0.05023193359375,1,79,True
-,79,51,130,51,79,130,0,0.14697265625,-0.14697265625,-0.14697265625,1,79,True
-,79,52,131,52,79,131,0,2.306640625,-2.306640625,-2.306640625,1,69,False
-,79,53,132,53,79,132,0,2.26953125,-2.26953125,-2.26953125,1,69,False
-,79,54,133,54,79,133,0,0.489013671875,-0.489013671875,-0.489013671875,1,79,True
-,79,55,134,55,79,134,0,3.123046875,-3.123046875,-3.123046875,1,69,False
-,79,56,135,56,79,135,0,2.55078125,-2.55078125,-2.55078125,1,69,False
-,79,57,136,57,79,136,0,3.60546875,-3.60546875,-3.60546875,1,69,False
-,79,58,137,58,79,137,0,1.5927734375,-1.5927734375,-1.5927734375,1,69,False
-,79,59,138,59,79,138,0,1.88671875,-1.88671875,-1.88671875,1,69,False
-,79,60,139,60,79,139,0,2.75390625,-2.75390625,-2.75390625,1,69,False
-,79,61,140,61,79,140,0,1.943359375,-1.943359375,-1.943359375,1,69,False
-,79,62,141,62,79,141,0,1.724609375,-1.724609375,-1.724609375,1,69,False
-,79,63,142,63,79,142,0,2.908203125,-2.908203125,-2.908203125,1,69,False
-,79,64,143,64,79,143,0,2.421875,-2.421875,-2.421875,1,69,False
-,79,65,144,65,79,144,0,0.18359375,-0.18359375,-0.18359375,1,79,True
-,79,66,145,66,79,145,0,0.1954345703125,-0.1954345703125,-0.1954345703125,1,79,True
-,79,67,146,67,79,146,0,5.546875,-5.546875,-5.546875,1,69,False
-,79,68,147,68,79,147,1,3.423828125,-3.423828125,-3.423828125,1,69,False
-,79,69,148,69,79,148,0,2.908203125,-2.908203125,-2.908203125,1,69,False
-,79,70,149,70,79,149,0,1.103515625,-1.103515625,-1.103515625,1,69,False
-,79,71,150,71,79,150,0,0.890625,-0.890625,-0.890625,1,69,False
-,79,72,151,72,79,151,1,3.947265625,-3.947265625,-3.947265625,1,69,False
-,79,73,152,73,79,152,0,4.59375,-4.59375,-4.59375,1,69,False
-,79,74,153,74,79,153,0,1.3828125,-1.3828125,-1.3828125,1,68,False
-,79,75,154,75,79,154,0,0.58154296875,-0.58154296875,-0.58154296875,1,79,True
-,79,76,155,76,79,155,0,5.46875,-5.46875,-5.46875,1,69,False
-,79,77,156,77,79,156,0,1.93359375,-1.93359375,-1.93359375,1,69,False
-,79,78,157,78,79,157,0,0.72802734375,-0.72802734375,-0.72802734375,1,79,True
-,79,79,158,79,79,158,0,3.224609375,-3.224609375,-3.224609375,1,69,False
-,79,80,159,80,79,159,0,1.7001953125,-1.7001953125,-1.7001953125,1,69,False
-,79,81,160,81,79,160,0,0.82177734375,-0.82177734375,-0.82177734375,1,69,False
-,79,82,161,82,79,161,0,3.849609375,-3.849609375,-3.849609375,1,69,False
-,79,83,162,83,79,162,0,2.57421875,-2.57421875,-2.57421875,1,69,False
-,79,84,163,84,79,163,0,2.408203125,-2.408203125,-2.408203125,1,69,False
-,79,85,164,85,79,164,0,1.748046875,-1.748046875,-1.748046875,1,69,False
-,79,86,165,86,79,165,0,0.1572265625,-0.1572265625,-0.1572265625,1,79,True
-,79,87,166,87,79,166,0,1.1455078125,-1.1455078125,-1.1455078125,1,69,False
-,79,88,167,88,79,167,0,0.1734619140625,-0.1734619140625,-0.1734619140625,1,79,True
-,79,89,168,89,79,168,0,0.222900390625,-0.222900390625,-0.222900390625,1,79,True
-,79,90,169,90,79,169,0,0.437255859375,-0.437255859375,-0.437255859375,1,79,True
-,79,91,170,91,79,170,0,0.45556640625,-0.45556640625,-0.45556640625,1,79,True
-,79,92,171,92,79,171,0,2.00390625,-2.00390625,-2.00390625,1,69,False
-,79,93,172,93,79,172,0,0.351318359375,-0.351318359375,-0.351318359375,1,79,True
-,79,94,173,94,79,173,0,0.7197265625,-0.7197265625,-0.7197265625,1,79,True
-,79,95,174,95,79,174,0,0.1771240234375,-0.1771240234375,-0.1771240234375,1,79,True
-,79,96,175,96,79,175,0,0.05926513671875,-0.05926513671875,-0.05926513671875,1,79,True
-,79,97,176,97,79,176,0,0.2646484375,-0.2646484375,-0.2646484375,1,79,True
-,79,98,177,98,79,177,0,0.0909423828125,-0.0909423828125,-0.0909423828125,1,79,True
-,79,99,178,99,79,178,0,0.82666015625,-0.82666015625,-0.82666015625,1,89,False
-,80,10,90,10,80,90,9,0.09954833984375,-0.09954833984375,-0.09954833984375,1,80,True
-,80,11,91,11,80,91,0,0.7822265625,-0.7822265625,-0.7822265625,1,80,True
-,80,12,92,12,80,92,2,0.097900390625,-0.097900390625,-0.097900390625,1,80,True
-,80,13,93,13,80,93,0,1.0615234375,-1.0615234375,-1.0615234375,1,82,False
-,80,14,94,14,80,94,3,0.06695556640625,-0.06695556640625,-0.06695556640625,1,80,True
-,80,15,95,15,80,95,0,0.04107666015625,-0.04107666015625,-0.04107666015625,1,80,True
-,80,16,96,16,80,96,0,0.0190887451171875,-0.0190887451171875,-0.0190887451171875,1,80,True
-,80,17,97,17,80,97,0,0.95458984375,-0.95458984375,-0.95458984375,1,90,False
-,80,18,98,18,80,98,2,0.2408447265625,-0.2408447265625,-0.2408447265625,1,80,True
-,80,19,99,19,80,99,0,0.93115234375,-0.93115234375,-0.93115234375,1,90,False
-,80,20,100,20,80,100,22,0.14111328125,-0.14111328125,-0.14111328125,1,80,True
-,80,21,101,21,80,101,0,0.521484375,-0.521484375,-0.521484375,1,80,True
-,80,22,102,22,80,102,0,0.373046875,-0.373046875,-0.373046875,1,80,True
-,80,23,103,23,80,103,0,4.59765625,-4.59765625,-4.59765625,1,78,False
-,80,24,104,24,80,104,0,0.57080078125,-0.57080078125,-0.57080078125,1,80,True
-,80,25,105,25,80,105,0,0.343994140625,-0.343994140625,-0.343994140625,1,80,True
-,80,26,106,26,80,106,0,0.0565185546875,-0.0565185546875,-0.0565185546875,1,80,True
-,80,27,107,27,80,107,0,0.1717529296875,-0.1717529296875,-0.1717529296875,1,80,True
-,80,28,108,28,80,108,0,2.1796875,-2.1796875,-2.1796875,1,88,False
-,80,29,109,29,80,109,0,0.79443359375,-0.79443359375,-0.79443359375,1,80,True
-,80,30,110,30,80,110,4,0.428955078125,-0.428955078125,-0.428955078125,1,80,True
-,80,31,111,31,80,111,0,1.1123046875,-1.1123046875,-1.1123046875,1,80,True
-,80,32,112,32,80,112,2,2.2421875,-2.2421875,-2.2421875,1,79,False
-,80,33,113,33,80,113,0,2.275390625,-2.275390625,-2.275390625,1,74,False
-,80,34,114,34,80,114,0,0.59326171875,-0.59326171875,-0.59326171875,1,80,True
-,80,35,115,35,80,115,0,2.078125,-2.078125,-2.078125,1,70,False
-,80,36,116,36,80,116,1,0.20703125,-0.20703125,-0.20703125,1,80,True
-,80,37,117,37,80,117,0,0.25048828125,-0.25048828125,-0.25048828125,1,80,True
-,80,38,118,38,80,118,0,0.93310546875,-0.93310546875,-0.93310546875,1,80,True
-,80,39,119,39,80,119,0,0.21728515625,-0.21728515625,-0.21728515625,1,80,True
-,80,40,120,40,80,120,8,0.12115478515625,-0.12115478515625,-0.12115478515625,1,80,True
-,80,41,121,41,80,121,0,0.671875,-0.671875,-0.671875,1,80,True
-,80,42,122,42,80,122,0,0.205078125,-0.205078125,-0.205078125,1,80,True
-,80,43,123,43,80,123,0,1.3134765625,-1.3134765625,-1.3134765625,1,70,False
-,80,44,124,44,80,124,0,2.875,-2.875,-2.875,1,60,False
-,80,45,125,45,80,125,0,3.7265625,-3.7265625,-3.7265625,1,70,False
-,80,46,126,46,80,126,0,0.7568359375,-0.7568359375,-0.7568359375,1,70,False
-,80,47,127,47,80,127,0,1.240234375,-1.240234375,-1.240234375,1,70,False
-,80,48,128,48,80,128,2,1.4326171875,-1.4326171875,-1.4326171875,1,79,False
-,80,49,129,49,80,129,0,0.5087890625,-0.5087890625,-0.5087890625,1,80,True
-,80,50,130,50,80,130,1,0.91796875,-0.91796875,-0.91796875,1,80,True
-,80,51,131,51,80,131,0,1.505859375,-1.505859375,-1.505859375,1,70,False
-,80,52,132,52,80,132,0,2.720703125,-2.720703125,-2.720703125,1,70,False
-,80,53,133,53,80,133,0,3.2734375,-3.2734375,-3.2734375,1,70,False
-,80,54,134,54,80,134,0,0.51611328125,-0.51611328125,-0.51611328125,1,80,True
-,80,55,135,55,80,135,0,3.458984375,-3.458984375,-3.458984375,1,70,False
-,80,56,136,56,80,136,0,2.98828125,-2.98828125,-2.98828125,1,60,False
-,80,57,137,57,80,137,0,3.578125,-3.578125,-3.578125,1,70,False
-,80,58,138,58,80,138,0,0.60302734375,-0.60302734375,-0.60302734375,1,80,True
-,80,59,139,59,80,139,0,2.416015625,-2.416015625,-2.416015625,1,70,False
-,80,60,140,60,80,140,0,2.931640625,-2.931640625,-2.931640625,1,70,False
-,80,61,141,61,80,141,0,2.583984375,-2.583984375,-2.583984375,1,70,False
-,80,62,142,62,80,142,0,1.5458984375,-1.5458984375,-1.5458984375,1,70,False
-,80,63,143,63,80,143,1,2.77734375,-2.77734375,-2.77734375,1,70,False
-,80,64,144,64,80,144,0,0.20751953125,-0.20751953125,-0.20751953125,1,80,True
-,80,65,145,65,80,145,0,2.330078125,-2.330078125,-2.330078125,1,70,False
-,80,66,146,66,80,146,0,0.90283203125,-0.90283203125,-0.90283203125,1,70,False
-,80,67,147,67,80,147,0,3.83984375,-3.83984375,-3.83984375,1,70,False
-,80,68,148,68,80,148,0,5.453125,-5.453125,-5.453125,1,60,False
-,80,69,149,69,80,149,0,2.900390625,-2.900390625,-2.900390625,1,70,False
-,80,70,150,70,80,150,0,2.65234375,-2.65234375,-2.65234375,1,70,False
-,80,71,151,71,80,151,0,4.8046875,-4.8046875,-4.8046875,1,70,False
-,80,72,152,72,80,152,1,2.541015625,-2.541015625,-2.541015625,1,68,False
-,80,73,153,73,80,153,0,4.49609375,-4.49609375,-4.49609375,1,70,False
-,80,74,154,74,80,154,0,0.8798828125,-0.8798828125,-0.8798828125,1,80,True
-,80,75,155,75,80,155,1,2.46484375,-2.46484375,-2.46484375,1,70,False
-,80,76,156,76,80,156,0,2.54296875,-2.54296875,-2.54296875,1,70,False
-,80,77,157,77,80,157,0,2.46875,-2.46875,-2.46875,1,70,False
-,80,78,158,78,80,158,0,1.158203125,-1.158203125,-1.158203125,1,80,True
-,80,79,159,79,80,159,0,2.76953125,-2.76953125,-2.76953125,1,70,False
-,80,80,160,80,80,160,0,0.873046875,-0.873046875,-0.873046875,1,60,False
-,80,81,161,81,80,161,0,1.162109375,-1.162109375,-1.162109375,1,70,False
-,80,82,162,82,80,162,0,1.634765625,-1.634765625,-1.634765625,1,70,False
-,80,83,163,83,80,163,0,3.326171875,-3.326171875,-3.326171875,1,60,False
-,80,84,164,84,80,164,1,1.2783203125,-1.2783203125,-1.2783203125,1,60,False
-,80,85,165,85,80,165,0,0.63525390625,-0.63525390625,-0.63525390625,1,80,True
-,80,86,166,86,80,166,0,0.42138671875,-0.42138671875,-0.42138671875,1,80,True
-,80,87,167,87,80,167,0,0.65673828125,-0.65673828125,-0.65673828125,1,80,True
-,80,88,168,88,80,168,0,0.1400146484375,-0.1400146484375,-0.1400146484375,1,80,True
-,80,89,169,89,80,169,0,0.52197265625,-0.52197265625,-0.52197265625,1,80,True
-,80,90,170,90,80,170,0,0.1561279296875,-0.1561279296875,-0.1561279296875,1,80,True
-,80,91,171,91,80,171,0,0.98193359375,-0.98193359375,-0.98193359375,1,70,False
-,80,92,172,92,80,172,0,1.322265625,-1.322265625,-1.322265625,1,70,False
-,80,93,173,93,80,173,0,0.78515625,-0.78515625,-0.78515625,1,80,True
-,80,94,174,94,80,174,0,0.060760498046875,-0.060760498046875,-0.060760498046875,1,80,True
-,80,95,175,95,80,175,0,0.307861328125,-0.307861328125,-0.307861328125,1,80,True
-,80,96,176,96,80,176,0,0.62451171875,-0.62451171875,-0.62451171875,1,80,True
-,80,97,177,97,80,177,0,0.23388671875,-0.23388671875,-0.23388671875,1,80,True
-,80,98,178,98,80,178,0,1.208984375,-1.208984375,-1.208984375,1,80,True
-,80,99,179,99,80,179,0,0.7783203125,-0.7783203125,-0.7783203125,1,80,True
-,81,10,91,10,81,91,0,0.03363037109375,-0.03363037109375,-0.03363037109375,1,81,True
-,81,11,92,11,81,92,1,0.051116943359375,-0.051116943359375,-0.051116943359375,1,81,True
-,81,12,93,12,81,93,0,0.00572967529296875,-0.00572967529296875,-0.00572967529296875,1,81,True
-,81,13,94,13,81,94,2,0.03485107421875,-0.03485107421875,-0.03485107421875,1,81,True
-,81,14,95,14,81,95,0,0.010711669921875,-0.010711669921875,-0.010711669921875,1,81,True
-,81,15,96,15,81,96,0,0.07135009765625,-0.07135009765625,-0.07135009765625,1,81,True
-,81,16,97,16,81,97,0,0.094482421875,-0.094482421875,-0.094482421875,1,81,True
-,81,17,98,17,81,98,2,0.154296875,-0.154296875,-0.154296875,1,81,True
-,81,18,99,18,81,99,1,0.07183837890625,-0.07183837890625,-0.07183837890625,1,81,True
-,81,19,100,19,81,100,3,1.5146484375,-1.5146484375,-1.5146484375,1,91,False
-,81,20,101,20,81,101,0,0.50634765625,-0.50634765625,-0.50634765625,1,81,True
-,81,21,102,21,81,102,1,0.330322265625,-0.330322265625,-0.330322265625,1,81,True
-,81,22,103,22,81,103,0,0.8291015625,-0.8291015625,-0.8291015625,1,91,False
-,81,23,104,23,81,104,0,2.70703125,-2.70703125,-2.70703125,1,83,False
-,81,24,105,24,81,105,0,0.2357177734375,-0.2357177734375,-0.2357177734375,1,81,True
-,81,25,106,25,81,106,0,0.09674072265625,-0.09674072265625,-0.09674072265625,1,81,True
-,81,26,107,26,81,107,0,0.0875244140625,-0.0875244140625,-0.0875244140625,1,81,True
-,81,27,108,27,81,108,0,0.036712646484375,-0.036712646484375,-0.036712646484375,1,81,True
-,81,28,109,28,81,109,0,0.407470703125,-0.407470703125,-0.407470703125,1,81,True
-,81,29,110,29,81,110,0,0.1585693359375,-0.1585693359375,-0.1585693359375,1,81,True
-,81,30,111,30,81,111,0,0.1251220703125,-0.1251220703125,-0.1251220703125,1,81,True
-,81,31,112,31,81,112,0,0.20947265625,-0.20947265625,-0.20947265625,1,81,True
-,81,32,113,32,81,113,0,0.294189453125,-0.294189453125,-0.294189453125,1,81,True
-,81,33,114,33,81,114,0,0.044891357421875,-0.044891357421875,-0.044891357421875,1,81,True
-,81,34,115,34,81,115,0,0.281982421875,-0.281982421875,-0.281982421875,1,81,True
-,81,35,116,35,81,116,0,0.298828125,-0.298828125,-0.298828125,1,81,True
-,81,36,117,36,81,117,0,0.033172607421875,-0.033172607421875,-0.033172607421875,1,81,True
-,81,37,118,37,81,118,0,0.11273193359375,-0.11273193359375,-0.11273193359375,1,81,True
-,81,38,119,38,81,119,0,0.1966552734375,-0.1966552734375,-0.1966552734375,1,81,True
-,81,39,120,39,81,120,0,0.1112060546875,-0.1112060546875,-0.1112060546875,1,81,True
-,81,40,121,40,81,121,0,0.1795654296875,-0.1795654296875,-0.1795654296875,1,81,True
-,81,41,122,41,81,122,1,0.267822265625,-0.267822265625,-0.267822265625,1,81,True
-,81,42,123,42,81,123,0,0.1361083984375,-0.1361083984375,-0.1361083984375,1,81,True
-,81,43,124,43,81,124,0,0.89599609375,-0.89599609375,-0.89599609375,1,81,True
-,81,44,125,44,81,125,1,1.5966796875,-1.5966796875,-1.5966796875,1,71,False
-,81,45,126,45,81,126,1,0.1678466796875,-0.1678466796875,-0.1678466796875,1,81,True
-,81,46,127,46,81,127,0,0.60791015625,-0.60791015625,-0.60791015625,1,81,True
-,81,47,128,47,81,128,0,0.82568359375,-0.82568359375,-0.82568359375,1,81,True
-,81,48,129,48,81,129,0,0.35498046875,-0.35498046875,-0.35498046875,1,81,True
-,81,49,130,49,81,130,0,0.31005859375,-0.31005859375,-0.31005859375,1,81,True
-,81,50,131,50,81,131,0,0.6376953125,-0.6376953125,-0.6376953125,1,81,True
-,81,51,132,51,81,132,0,0.72412109375,-0.72412109375,-0.72412109375,1,81,True
-,81,52,133,52,81,133,0,1.3857421875,-1.3857421875,-1.3857421875,1,71,False
-,81,53,134,53,81,134,1,1.3642578125,-1.3642578125,-1.3642578125,1,71,False
-,81,54,135,54,81,135,0,0.19775390625,-0.19775390625,-0.19775390625,1,81,True
-,81,55,136,55,81,136,0,2.01953125,-2.01953125,-2.01953125,1,71,False
-,81,56,137,56,81,137,0,3.341796875,-3.341796875,-3.341796875,1,71,False
-,81,57,138,57,81,138,0,0.218505859375,-0.218505859375,-0.218505859375,1,81,True
-,81,58,139,58,81,139,0,1.1064453125,-1.1064453125,-1.1064453125,1,71,False
-,81,59,140,59,81,140,0,1.3125,-1.3125,-1.3125,1,71,False
-,81,60,141,60,81,141,0,1.2861328125,-1.2861328125,-1.2861328125,1,71,False
-,81,61,142,61,81,142,0,1.4931640625,-1.4931640625,-1.4931640625,1,71,False
-,81,62,143,62,81,143,0,0.5068359375,-0.5068359375,-0.5068359375,1,81,True
-,81,63,144,63,81,144,0,0.1639404296875,-0.1639404296875,-0.1639404296875,1,81,True
-,81,64,145,64,81,145,0,0.242919921875,-0.242919921875,-0.242919921875,1,81,True
-,81,65,146,65,81,146,0,0.88232421875,-0.88232421875,-0.88232421875,1,71,False
-,81,66,147,66,81,147,0,0.44140625,-0.44140625,-0.44140625,1,81,True
-,81,67,148,67,81,148,0,2.193359375,-2.193359375,-2.193359375,1,71,False
-,81,68,149,68,81,149,0,1.708984375,-1.708984375,-1.708984375,1,71,False
-,81,69,150,69,81,150,0,0.6201171875,-0.6201171875,-0.6201171875,1,81,True
-,81,70,151,70,81,151,0,4.3125,-4.3125,-4.3125,1,71,False
-,81,71,152,71,81,152,0,4.03515625,-4.03515625,-4.03515625,1,71,False
-,81,72,153,72,81,153,2,2.234375,-2.234375,-2.234375,1,71,False
-,81,73,154,73,81,154,0,1.9228515625,-1.9228515625,-1.9228515625,1,71,False
-,81,74,155,74,81,155,0,1.671875,-1.671875,-1.671875,1,71,False
-,81,75,156,75,81,156,0,0.257568359375,-0.257568359375,-0.257568359375,1,81,True
-,81,76,157,76,81,157,0,2.693359375,-2.693359375,-2.693359375,1,71,False
-,81,77,158,77,81,158,0,1.1259765625,-1.1259765625,-1.1259765625,1,71,False
-,81,78,159,78,81,159,0,0.371337890625,-0.371337890625,-0.371337890625,1,81,True
-,81,79,160,79,81,160,0,2.244140625,-2.244140625,-2.244140625,1,71,False
-,81,80,161,80,81,161,0,1.6357421875,-1.6357421875,-1.6357421875,1,71,False
-,81,81,162,81,81,162,0,1.044921875,-1.044921875,-1.044921875,1,81,True
-,81,82,163,82,81,163,0,1.6494140625,-1.6494140625,-1.6494140625,1,71,False
-,81,83,164,83,81,164,0,1.064453125,-1.064453125,-1.064453125,1,71,False
-,81,84,165,84,81,165,1,0.0732421875,-0.0732421875,-0.0732421875,1,81,True
-,81,85,166,85,81,166,0,0.103759765625,-0.103759765625,-0.103759765625,1,81,True
-,81,86,167,86,81,167,0,0.1878662109375,-0.1878662109375,-0.1878662109375,1,81,True
-,81,87,168,87,81,168,0,0.024200439453125,-0.024200439453125,-0.024200439453125,1,81,True
-,81,88,169,88,81,169,0,0.097900390625,-0.097900390625,-0.097900390625,1,81,True
-,81,89,170,89,81,170,0,0.06646728515625,-0.06646728515625,-0.06646728515625,1,81,True
-,81,90,171,90,81,171,0,0.07781982421875,-0.07781982421875,-0.07781982421875,1,81,True
-,81,91,172,91,81,172,0,0.168701171875,-0.168701171875,-0.168701171875,1,81,True
-,81,92,173,92,81,173,0,0.35791015625,-0.35791015625,-0.35791015625,1,81,True
-,81,93,174,93,81,174,0,0.007381439208984375,-0.007381439208984375,-0.007381439208984375,1,81,True
-,81,94,175,94,81,175,0,0.0462646484375,-0.0462646484375,-0.0462646484375,1,81,True
-,81,95,176,95,81,176,0,0.06927490234375,-0.06927490234375,-0.06927490234375,1,81,True
-,81,96,177,96,81,177,0,0.12005615234375,-0.12005615234375,-0.12005615234375,1,81,True
-,81,97,178,97,81,178,0,0.235107421875,-0.235107421875,-0.235107421875,1,81,True
-,81,98,179,98,81,179,0,0.25341796875,-0.25341796875,-0.25341796875,1,81,True
-,81,99,180,99,81,180,0,0.07537841796875,-0.07537841796875,-0.07537841796875,1,81,True
-,82,10,92,10,82,92,0,0.01009368896484375,-0.01009368896484375,-0.01009368896484375,1,82,True
-,82,11,93,11,82,93,0,0.0183258056640625,-0.0183258056640625,-0.0183258056640625,1,82,True
-,82,12,94,12,82,94,1,0.006511688232421875,-0.006511688232421875,-0.006511688232421875,1,82,True
-,82,13,95,13,82,95,1,0.07354736328125,-0.07354736328125,-0.07354736328125,1,82,True
-,82,14,96,14,82,96,1,0.007732391357421875,-0.007732391357421875,-0.007732391357421875,1,82,True
-,82,15,97,15,82,97,0,0.1302490234375,-0.1302490234375,-0.1302490234375,1,82,True
-,82,16,98,16,82,98,1,0.07586669921875,-0.07586669921875,-0.07586669921875,1,82,True
-,82,17,99,17,82,99,0,0.27783203125,-0.27783203125,-0.27783203125,1,82,True
-,82,18,100,18,82,100,3,0.139404296875,-0.139404296875,-0.139404296875,1,82,True
-,82,19,101,19,82,101,0,1.1611328125,-1.1611328125,-1.1611328125,1,92,False
-,82,20,102,20,82,102,0,0.6728515625,-0.6728515625,-0.6728515625,1,82,True
-,82,21,103,21,82,103,1,0.95654296875,-0.95654296875,-0.95654296875,1,92,False
-,82,22,104,22,82,104,0,0.120361328125,-0.120361328125,-0.120361328125,1,82,True
-,82,23,105,23,82,105,0,0.248291015625,-0.248291015625,-0.248291015625,1,82,True
-,82,24,106,24,82,106,0,0.0218353271484375,-0.0218353271484375,-0.0218353271484375,1,82,True
-,82,25,107,25,82,107,0,0.18359375,-0.18359375,-0.18359375,1,82,True
-,82,26,108,26,82,108,0,0.005496978759765625,-0.005496978759765625,-0.005496978759765625,1,82,True
-,82,27,109,27,82,109,0,0.1640625,-0.1640625,-0.1640625,1,82,True
-,82,28,110,28,82,110,1,0.06353759765625,-0.06353759765625,-0.06353759765625,1,82,True
-,82,29,111,29,82,111,0,0.249267578125,-0.249267578125,-0.249267578125,1,82,True
-,82,30,112,30,82,112,0,0.050262451171875,-0.050262451171875,-0.050262451171875,1,82,True
-,82,31,113,31,82,113,0,0.533203125,-0.533203125,-0.533203125,1,82,True
-,82,32,114,32,82,114,0,0.05828857421875,-0.05828857421875,-0.05828857421875,1,82,True
-,82,33,115,33,82,115,0,0.392822265625,-0.392822265625,-0.392822265625,1,82,True
-,82,34,116,34,82,116,0,0.1749267578125,-0.1749267578125,-0.1749267578125,1,82,True
-,82,35,117,35,82,117,0,0.186767578125,-0.186767578125,-0.186767578125,1,82,True
-,82,36,118,36,82,118,0,0.06719970703125,-0.06719970703125,-0.06719970703125,1,82,True
-,82,37,119,37,82,119,0,0.67431640625,-0.67431640625,-0.67431640625,1,82,True
-,82,38,120,38,82,120,2,0.1376953125,-0.1376953125,-0.1376953125,1,82,True
-,82,39,121,39,82,121,0,0.12359619140625,-0.12359619140625,-0.12359619140625,1,82,True
-,82,40,122,40,82,122,0,0.39892578125,-0.39892578125,-0.39892578125,1,82,True
-,82,41,123,41,82,123,0,0.388671875,-0.388671875,-0.388671875,1,82,True
-,82,42,124,42,82,124,0,0.250732421875,-0.250732421875,-0.250732421875,1,82,True
-,82,43,125,43,82,125,0,2.958984375,-2.958984375,-2.958984375,1,72,False
-,82,44,126,44,82,126,0,0.572265625,-0.572265625,-0.572265625,1,82,True
-,82,45,127,45,82,127,0,0.57763671875,-0.57763671875,-0.57763671875,1,82,True
-,82,46,128,46,82,128,1,0.173828125,-0.173828125,-0.173828125,1,82,True
-,82,47,129,47,82,129,0,0.30078125,-0.30078125,-0.30078125,1,82,True
-,82,48,130,48,82,130,0,0.121826171875,-0.121826171875,-0.121826171875,1,82,True
-,82,49,131,49,82,131,0,0.34423828125,-0.34423828125,-0.34423828125,1,82,True
-,82,50,132,50,82,132,2,1.361328125,-1.361328125,-1.361328125,1,72,False
-,82,51,133,51,82,133,0,1.11328125,-1.11328125,-1.11328125,1,82,True
-,82,52,134,52,82,134,0,0.9248046875,-0.9248046875,-0.9248046875,1,62,False
-,82,53,135,53,82,135,0,1.677734375,-1.677734375,-1.677734375,1,72,False
-,82,54,136,54,82,136,0,0.270751953125,-0.270751953125,-0.270751953125,1,82,True
-,82,55,137,55,82,137,0,4.0546875,-4.0546875,-4.0546875,1,72,False
-,82,56,138,56,82,138,1,1.0859375,-1.0859375,-1.0859375,1,62,False
-,82,57,139,57,82,139,0,2.466796875,-2.466796875,-2.466796875,1,72,False
-,82,58,140,58,82,140,0,0.556640625,-0.556640625,-0.556640625,1,82,True
-,82,59,141,59,82,141,0,2.08203125,-2.08203125,-2.08203125,1,72,False
-,82,60,142,60,82,142,0,0.919921875,-0.919921875,-0.919921875,1,82,True
-,82,61,143,61,82,143,0,1.109375,-1.109375,-1.109375,1,72,False
-,82,62,144,62,82,144,0,0.0301361083984375,-0.0301361083984375,-0.0301361083984375,1,82,True
-,82,63,145,63,82,145,0,0.65625,-0.65625,-0.65625,1,82,True
-,82,64,146,64,82,146,0,1.6005859375,-1.6005859375,-1.6005859375,1,72,False
-,82,65,147,65,82,147,0,1.93359375,-1.93359375,-1.93359375,1,72,False
-,82,66,148,66,82,148,0,1.1533203125,-1.1533203125,-1.1533203125,1,62,False
-,82,67,149,67,82,149,0,3.837890625,-3.837890625,-3.837890625,1,72,False
-,82,68,150,68,82,150,0,0.7646484375,-0.7646484375,-0.7646484375,1,82,True
-,82,69,151,69,82,151,0,2.638671875,-2.638671875,-2.638671875,1,72,False
-,82,70,152,70,82,152,0,4.140625,-4.140625,-4.140625,1,62,False
-,82,71,153,71,82,153,0,2.94921875,-2.94921875,-2.94921875,1,72,False
-,82,72,154,72,82,154,0,0.5859375,-0.5859375,-0.5859375,1,82,True
-,82,73,155,73,82,155,0,3.62109375,-3.62109375,-3.62109375,1,72,False
-,82,74,156,74,82,156,0,0.406005859375,-0.406005859375,-0.406005859375,1,82,True
-,82,75,157,75,82,157,0,2.923828125,-2.923828125,-2.923828125,1,72,False
-,82,76,158,76,82,158,0,2.283203125,-2.283203125,-2.283203125,1,62,False
-,82,77,159,77,82,159,0,1.6064453125,-1.6064453125,-1.6064453125,1,72,False
-,82,78,160,78,82,160,0,0.1829833984375,-0.1829833984375,-0.1829833984375,1,82,True
-,82,79,161,79,82,161,0,3.39453125,-3.39453125,-3.39453125,1,72,False
-,82,80,162,80,82,162,0,0.7578125,-0.7578125,-0.7578125,1,82,True
-,82,81,163,81,82,163,0,1.0966796875,-1.0966796875,-1.0966796875,1,72,False
-,82,82,164,82,82,164,0,2.70703125,-2.70703125,-2.70703125,1,62,False
-,82,83,165,83,82,165,0,1.1376953125,-1.1376953125,-1.1376953125,1,72,False
-,82,84,166,84,82,166,0,0.857421875,-0.857421875,-0.857421875,1,62,False
-,82,85,167,85,82,167,0,1.9462890625,-1.9462890625,-1.9462890625,1,72,False
-,82,86,168,86,82,168,0,0.05181884765625,-0.05181884765625,-0.05181884765625,1,82,True
-,82,87,169,87,82,169,0,0.685546875,-0.685546875,-0.685546875,1,82,True
-,82,88,170,88,82,170,0,0.054107666015625,-0.054107666015625,-0.054107666015625,1,82,True
-,82,89,171,89,82,171,0,0.0743408203125,-0.0743408203125,-0.0743408203125,1,82,True
-,82,90,172,90,82,172,0,0.0287017822265625,-0.0287017822265625,-0.0287017822265625,1,82,True
-,82,91,173,91,82,173,0,0.57861328125,-0.57861328125,-0.57861328125,1,82,True
-,82,92,174,92,82,174,0,0.107666015625,-0.107666015625,-0.107666015625,1,82,True
-,82,93,175,93,82,175,0,0.2171630859375,-0.2171630859375,-0.2171630859375,1,82,True
-,82,94,176,94,82,176,0,0.10205078125,-0.10205078125,-0.10205078125,1,82,True
-,82,95,177,95,82,177,0,0.1341552734375,-0.1341552734375,-0.1341552734375,1,82,True
-,82,96,178,96,82,178,0,0.12432861328125,-0.12432861328125,-0.12432861328125,1,82,True
-,82,97,179,97,82,179,0,0.400634765625,-0.400634765625,-0.400634765625,1,82,True
-,82,98,180,98,82,180,1,0.039215087890625,-0.039215087890625,-0.039215087890625,1,82,True
-,82,99,181,99,82,181,0,0.273193359375,-0.273193359375,-0.273193359375,1,82,True
-,83,10,93,10,83,93,0,0.01470184326171875,-0.01470184326171875,-0.01470184326171875,1,83,True
-,83,11,94,11,83,94,0,0.049102783203125,-0.049102783203125,-0.049102783203125,1,83,True
-,83,12,95,12,83,95,1,0.035858154296875,-0.035858154296875,-0.035858154296875,1,83,True
-,83,13,96,13,83,96,0,0.242431640625,-0.242431640625,-0.242431640625,1,83,True
-,83,14,97,14,83,97,0,0.188232421875,-0.188232421875,-0.188232421875,1,83,True
-,83,15,98,15,83,98,0,0.2685546875,-0.2685546875,-0.2685546875,1,83,True
-,83,16,99,16,83,99,2,0.466064453125,-0.466064453125,-0.466064453125,1,83,True
-,83,17,100,17,83,100,2,0.615234375,-0.615234375,-0.615234375,1,83,True
-,83,18,101,18,83,101,0,0.406982421875,-0.406982421875,-0.406982421875,1,83,True
-,83,19,102,19,83,102,0,1.3056640625,-1.3056640625,-1.3056640625,1,93,False
-,83,20,103,20,83,103,0,1.84375,-1.84375,-1.84375,1,93,False
-,83,21,104,21,83,104,1,0.3056640625,-0.3056640625,-0.3056640625,1,83,True
-,83,22,105,22,83,105,0,0.67236328125,-0.67236328125,-0.67236328125,1,83,True
-,83,23,106,23,83,106,0,0.33642578125,-0.33642578125,-0.33642578125,1,83,True
-,83,24,107,24,83,107,0,0.32373046875,-0.32373046875,-0.32373046875,1,83,True
-,83,25,108,25,83,108,0,0.76171875,-0.76171875,-0.76171875,1,83,True
-,83,26,109,26,83,109,0,0.0782470703125,-0.0782470703125,-0.0782470703125,1,83,True
-,83,27,110,27,83,110,0,0.0802001953125,-0.0802001953125,-0.0802001953125,1,83,True
-,83,28,111,28,83,111,0,0.465087890625,-0.465087890625,-0.465087890625,1,83,True
-,83,29,112,29,83,112,1,0.48974609375,-0.48974609375,-0.48974609375,1,83,True
-,83,30,113,30,83,113,0,0.10845947265625,-0.10845947265625,-0.10845947265625,1,83,True
-,83,31,114,31,83,114,0,0.26806640625,-0.26806640625,-0.26806640625,1,83,True
-,83,32,115,32,83,115,0,0.78759765625,-0.78759765625,-0.78759765625,1,83,True
-,83,33,116,33,83,116,0,0.9443359375,-0.9443359375,-0.9443359375,1,73,False
-,83,34,117,34,83,117,0,0.267822265625,-0.267822265625,-0.267822265625,1,83,True
-,83,35,118,35,83,118,0,1.5615234375,-1.5615234375,-1.5615234375,1,73,False
-,83,36,119,36,83,119,0,0.65234375,-0.65234375,-0.65234375,1,83,True
-,83,37,120,37,83,120,1,0.1964111328125,-0.1964111328125,-0.1964111328125,1,83,True
-,83,38,121,38,83,121,0,0.57470703125,-0.57470703125,-0.57470703125,1,83,True
-,83,39,122,39,83,122,0,0.671875,-0.671875,-0.671875,1,83,True
-,83,40,123,40,83,123,0,0.7255859375,-0.7255859375,-0.7255859375,1,83,True
-,83,41,124,41,83,124,0,1.369140625,-1.369140625,-1.369140625,1,73,False
-,83,42,125,42,83,125,0,2.310546875,-2.310546875,-2.310546875,1,73,False
-,83,43,126,43,83,126,0,1.224609375,-1.224609375,-1.224609375,1,73,False
-,83,44,127,44,83,127,1,1.2470703125,-1.2470703125,-1.2470703125,1,73,False
-,83,45,128,45,83,128,1,0.759765625,-0.759765625,-0.759765625,1,83,True
-,83,46,129,46,83,129,0,0.196533203125,-0.196533203125,-0.196533203125,1,83,True
-,83,47,130,47,83,130,0,0.425048828125,-0.425048828125,-0.425048828125,1,83,True
-,83,48,131,48,83,131,1,1.3544921875,-1.3544921875,-1.3544921875,1,73,False
-,83,49,132,49,83,132,0,1.853515625,-1.853515625,-1.853515625,1,73,False
-,83,50,133,50,83,133,1,1.5517578125,-1.5517578125,-1.5517578125,1,73,False
-,83,51,134,51,83,134,1,2.021484375,-2.021484375,-2.021484375,1,73,False
-,83,52,135,52,83,135,0,2.880859375,-2.880859375,-2.880859375,1,73,False
-,83,53,136,53,83,136,0,4.4765625,-4.4765625,-4.4765625,1,73,False
-,83,54,137,54,83,137,0,1.283203125,-1.283203125,-1.283203125,1,73,False
-,83,55,138,55,83,138,1,4.015625,-4.015625,-4.015625,1,73,False
-,83,56,139,56,83,139,0,4.82421875,-4.82421875,-4.82421875,1,73,False
-,83,57,140,57,83,140,0,3.98828125,-3.98828125,-3.98828125,1,73,False
-,83,58,141,58,83,141,0,2.02734375,-2.02734375,-2.02734375,1,73,False
-,83,59,142,59,83,142,0,3.703125,-3.703125,-3.703125,1,73,False
-,83,60,143,60,83,143,0,3.197265625,-3.197265625,-3.197265625,1,73,False
-,83,61,144,61,83,144,0,0.29150390625,-0.29150390625,-0.29150390625,1,83,True
-,83,62,145,62,83,145,0,1.365234375,-1.365234375,-1.365234375,1,73,False
-,83,63,146,63,83,146,0,2.630859375,-2.630859375,-2.630859375,1,73,False
-,83,64,147,64,83,147,0,2.3203125,-2.3203125,-2.3203125,1,73,False
-,83,65,148,65,83,148,0,2.1484375,-2.1484375,-2.1484375,1,73,False
-,83,66,149,66,83,149,0,2.107421875,-2.107421875,-2.107421875,1,73,False
-,83,67,150,67,83,150,0,2.28515625,-2.28515625,-2.28515625,1,73,False
-,83,68,151,68,83,151,0,4.48828125,-4.48828125,-4.48828125,1,73,False
-,83,69,152,69,83,152,0,3.76953125,-3.76953125,-3.76953125,1,73,False
-,83,70,153,70,83,153,0,3.78515625,-3.78515625,-3.78515625,1,73,False
-,83,71,154,71,83,154,0,4.2109375,-4.2109375,-4.2109375,1,73,False
-,83,72,155,72,83,155,0,3.064453125,-3.064453125,-3.064453125,1,73,False
-,83,73,156,73,83,156,0,2.798828125,-2.798828125,-2.798828125,1,73,False
-,83,74,157,74,83,157,0,1.486328125,-1.486328125,-1.486328125,1,73,False
-,83,75,158,75,83,158,0,2.04296875,-2.04296875,-2.04296875,1,73,False
-,83,76,159,76,83,159,0,3.85546875,-3.85546875,-3.85546875,1,73,False
-,83,77,160,77,83,160,0,1.880859375,-1.880859375,-1.880859375,1,73,False
-,83,78,161,78,83,161,0,1.5458984375,-1.5458984375,-1.5458984375,1,73,False
-,83,79,162,79,83,162,1,3.455078125,-3.455078125,-3.455078125,1,73,False
-,83,80,163,80,83,163,0,2.271484375,-2.271484375,-2.271484375,1,73,False
-,83,81,164,81,83,164,1,2.05078125,-2.05078125,-2.05078125,1,73,False
-,83,82,165,82,83,165,0,2.154296875,-2.154296875,-2.154296875,1,73,False
-,83,83,166,83,83,166,0,2.234375,-2.234375,-2.234375,1,73,False
-,83,84,167,84,83,167,0,2.0546875,-2.0546875,-2.0546875,1,73,False
-,83,85,168,85,83,168,0,1.0732421875,-1.0732421875,-1.0732421875,1,73,False
-,83,86,169,86,83,169,0,0.452392578125,-0.452392578125,-0.452392578125,1,83,True
-,83,87,170,87,83,170,0,0.15673828125,-0.15673828125,-0.15673828125,1,83,True
-,83,88,171,88,83,171,1,0.125244140625,-0.125244140625,-0.125244140625,1,83,True
-,83,89,172,89,83,172,0,0.19384765625,-0.19384765625,-0.19384765625,1,83,True
-,83,90,173,90,83,173,0,0.07989501953125,-0.07989501953125,-0.07989501953125,1,83,True
-,83,91,174,91,83,174,0,0.43798828125,-0.43798828125,-0.43798828125,1,83,True
-,83,92,175,92,83,175,0,1.3505859375,-1.3505859375,-1.3505859375,1,73,False
-,83,93,176,93,83,176,0,0.68115234375,-0.68115234375,-0.68115234375,1,83,True
-,83,94,177,94,83,177,0,0.1353759765625,-0.1353759765625,-0.1353759765625,1,83,True
-,83,95,178,95,83,178,1,0.17041015625,-0.17041015625,-0.17041015625,1,83,True
-,83,96,179,96,83,179,0,0.73291015625,-0.73291015625,-0.73291015625,1,83,True
-,83,97,180,97,83,180,0,0.05841064453125,-0.05841064453125,-0.05841064453125,1,83,True
-,83,98,181,98,83,181,0,0.163330078125,-0.163330078125,-0.163330078125,1,83,True
-,83,99,182,99,83,182,0,0.161865234375,-0.161865234375,-0.161865234375,1,83,True
-,84,10,94,10,84,94,1,0.0127105712890625,-0.0127105712890625,-0.0127105712890625,1,84,True
-,84,11,95,11,84,95,0,0.03973388671875,-0.03973388671875,-0.03973388671875,1,84,True
-,84,12,96,12,84,96,1,0.06744384765625,-0.06744384765625,-0.06744384765625,1,84,True
-,84,13,97,13,84,97,1,0.0531005859375,-0.0531005859375,-0.0531005859375,1,84,True
-,84,14,98,14,84,98,0,0.78662109375,-0.78662109375,-0.78662109375,1,84,True
-,84,15,99,15,84,99,0,0.27392578125,-0.27392578125,-0.27392578125,1,84,True
-,84,16,100,16,84,100,3,0.032379150390625,-0.032379150390625,-0.032379150390625,1,84,True
-,84,17,101,17,84,101,0,0.426025390625,-0.426025390625,-0.426025390625,1,84,True
-,84,18,102,18,84,102,0,0.2459716796875,-0.2459716796875,-0.2459716796875,1,84,True
-,84,19,103,19,84,103,1,1.216796875,-1.216796875,-1.216796875,1,94,False
-,84,20,104,20,84,104,3,0.09027099609375,-0.09027099609375,-0.09027099609375,1,84,True
-,84,21,105,21,84,105,1,0.39599609375,-0.39599609375,-0.39599609375,1,84,True
-,84,22,106,22,84,106,0,0.0540771484375,-0.0540771484375,-0.0540771484375,1,84,True
-,84,23,107,23,84,107,0,0.25048828125,-0.25048828125,-0.25048828125,1,84,True
-,84,24,108,24,84,108,0,0.132568359375,-0.132568359375,-0.132568359375,1,84,True
-,84,25,109,25,84,109,0,0.2213134765625,-0.2213134765625,-0.2213134765625,1,84,True
-,84,26,110,26,84,110,0,0.02606201171875,-0.02606201171875,-0.02606201171875,1,84,True
-,84,27,111,27,84,111,0,0.035736083984375,-0.035736083984375,-0.035736083984375,1,84,True
-,84,28,112,28,84,112,0,0.12646484375,-0.12646484375,-0.12646484375,1,84,True
-,84,29,113,29,84,113,0,0.225830078125,-0.225830078125,-0.225830078125,1,84,True
-,84,30,114,30,84,114,1,0.0248870849609375,-0.0248870849609375,-0.0248870849609375,1,84,True
-,84,31,115,31,84,115,0,0.357666015625,-0.357666015625,-0.357666015625,1,84,True
-,84,32,116,32,84,116,1,0.2200927734375,-0.2200927734375,-0.2200927734375,1,84,True
-,84,33,117,33,84,117,1,0.19970703125,-0.19970703125,-0.19970703125,1,84,True
-,84,34,118,34,84,118,0,1.224609375,-1.224609375,-1.224609375,1,84,True
-,84,35,119,35,84,119,0,0.73046875,-0.73046875,-0.73046875,1,84,True
-,84,36,120,36,84,120,2,0.06475830078125,-0.06475830078125,-0.06475830078125,1,84,True
-,84,37,121,37,84,121,0,0.380126953125,-0.380126953125,-0.380126953125,1,84,True
-,84,38,122,38,84,122,0,0.2142333984375,-0.2142333984375,-0.2142333984375,1,84,True
-,84,39,123,39,84,123,0,0.303955078125,-0.303955078125,-0.303955078125,1,84,True
-,84,40,124,40,84,124,0,0.322998046875,-0.322998046875,-0.322998046875,1,84,True
-,84,41,125,41,84,125,0,1.287109375,-1.287109375,-1.287109375,1,74,False
-,84,42,126,42,84,126,0,0.2900390625,-0.2900390625,-0.2900390625,1,84,True
-,84,43,127,43,84,127,0,0.39013671875,-0.39013671875,-0.39013671875,1,84,True
-,84,44,128,44,84,128,2,0.5078125,-0.5078125,-0.5078125,1,84,True
-,84,45,129,45,84,129,0,0.045257568359375,-0.045257568359375,-0.045257568359375,1,84,True
-,84,46,130,46,84,130,0,0.0240631103515625,-0.0240631103515625,-0.0240631103515625,1,84,True
-,84,47,131,47,84,131,0,0.9931640625,-0.9931640625,-0.9931640625,1,74,False
-,84,48,132,48,84,132,1,1.4091796875,-1.4091796875,-1.4091796875,1,74,False
-,84,49,133,49,84,133,0,1.115234375,-1.115234375,-1.115234375,1,74,False
-,84,50,134,50,84,134,0,0.63525390625,-0.63525390625,-0.63525390625,1,84,True
-,84,51,135,51,84,135,0,0.54833984375,-0.54833984375,-0.54833984375,1,84,True
-,84,52,136,52,84,136,0,0.9033203125,-0.9033203125,-0.9033203125,1,84,True
-,84,53,137,53,84,137,0,2.693359375,-2.693359375,-2.693359375,1,74,False
-,84,54,138,54,84,138,0,0.322265625,-0.322265625,-0.322265625,1,84,True
-,84,55,139,55,84,139,0,2.302734375,-2.302734375,-2.302734375,1,74,False
-,84,56,140,56,84,140,0,1.0380859375,-1.0380859375,-1.0380859375,1,74,False
-,84,57,141,57,84,141,0,1.9013671875,-1.9013671875,-1.9013671875,1,74,False
-,84,58,142,58,84,142,0,1.6357421875,-1.6357421875,-1.6357421875,1,74,False
-,84,59,143,59,84,143,0,2.6171875,-2.6171875,-2.6171875,1,74,False
-,84,60,144,60,84,144,1,0.1510009765625,-0.1510009765625,-0.1510009765625,1,84,True
-,84,61,145,61,84,145,0,0.3876953125,-0.3876953125,-0.3876953125,1,84,True
-,84,62,146,62,84,146,0,0.344482421875,-0.344482421875,-0.344482421875,1,84,True
-,84,63,147,63,84,147,0,1.5087890625,-1.5087890625,-1.5087890625,1,74,False
-,84,64,148,64,84,148,0,0.255859375,-0.255859375,-0.255859375,1,84,True
-,84,65,149,65,84,149,0,0.4853515625,-0.4853515625,-0.4853515625,1,84,True
-,84,66,150,66,84,150,0,0.74853515625,-0.74853515625,-0.74853515625,1,84,True
-,84,67,151,67,84,151,0,2.498046875,-2.498046875,-2.498046875,1,74,False
-,84,68,152,68,84,152,0,2.291015625,-2.291015625,-2.291015625,1,64,False
-,84,69,153,69,84,153,0,1.8232421875,-1.8232421875,-1.8232421875,1,75,False
-,84,70,154,70,84,154,0,0.978515625,-0.978515625,-0.978515625,1,74,False
-,84,71,155,71,84,155,0,2.36328125,-2.36328125,-2.36328125,1,74,False
-,84,72,156,72,84,156,0,0.91015625,-0.91015625,-0.91015625,1,84,True
-,84,73,157,73,84,157,0,2.197265625,-2.197265625,-2.197265625,1,74,False
-,84,74,158,74,84,158,0,0.255126953125,-0.255126953125,-0.255126953125,1,84,True
-,84,75,159,75,84,159,0,0.1053466796875,-0.1053466796875,-0.1053466796875,1,84,True
-,84,76,160,76,84,160,0,0.4931640625,-0.4931640625,-0.4931640625,1,84,True
-,84,77,161,77,84,161,0,0.798828125,-0.798828125,-0.798828125,1,74,False
-,84,78,162,78,84,162,1,0.54150390625,-0.54150390625,-0.54150390625,1,84,True
-,84,79,163,79,84,163,0,1.3642578125,-1.3642578125,-1.3642578125,1,74,False
-,84,80,164,80,84,164,0,0.7333984375,-0.7333984375,-0.7333984375,1,84,True
-,84,81,165,81,84,165,0,0.26123046875,-0.26123046875,-0.26123046875,1,84,True
-,84,82,166,82,84,166,0,0.98583984375,-0.98583984375,-0.98583984375,1,64,False
-,84,83,167,83,84,167,0,1.0224609375,-1.0224609375,-1.0224609375,1,74,False
-,84,84,168,84,84,168,0,0.430908203125,-0.430908203125,-0.430908203125,1,84,True
-,84,85,169,85,84,169,0,0.281982421875,-0.281982421875,-0.281982421875,1,84,True
-,84,86,170,86,84,170,0,0.012725830078125,-0.012725830078125,-0.012725830078125,1,84,True
-,84,87,171,87,84,171,0,0.09637451171875,-0.09637451171875,-0.09637451171875,1,84,True
-,84,88,172,88,84,172,0,0.0214385986328125,-0.0214385986328125,-0.0214385986328125,1,84,True
-,84,89,173,89,84,173,0,0.07818603515625,-0.07818603515625,-0.07818603515625,1,84,True
-,84,90,174,90,84,174,0,0.0272064208984375,-0.0272064208984375,-0.0272064208984375,1,84,True
-,84,91,175,91,84,175,0,0.5107421875,-0.5107421875,-0.5107421875,1,84,True
-,84,92,176,92,84,176,0,0.1690673828125,-0.1690673828125,-0.1690673828125,1,84,True
-,84,93,177,93,84,177,0,0.050018310546875,-0.050018310546875,-0.050018310546875,1,84,True
-,84,94,178,94,84,178,1,0.036895751953125,-0.036895751953125,-0.036895751953125,1,84,True
-,84,95,179,95,84,179,0,0.1396484375,-0.1396484375,-0.1396484375,1,84,True
-,84,96,180,96,84,180,0,0.03485107421875,-0.03485107421875,-0.03485107421875,1,84,True
-,84,97,181,97,84,181,0,0.295166015625,-0.295166015625,-0.295166015625,1,84,True
-,84,98,182,98,84,182,0,0.1348876953125,-0.1348876953125,-0.1348876953125,1,84,True
-,84,99,183,99,84,183,0,0.1580810546875,-0.1580810546875,-0.1580810546875,1,84,True
-,85,10,95,10,85,95,1,0.17138671875,-0.17138671875,-0.17138671875,1,85,True
-,85,11,96,11,85,96,0,0.25537109375,-0.25537109375,-0.25537109375,1,85,True
-,85,12,97,12,85,97,0,0.03936767578125,-0.03936767578125,-0.03936767578125,1,85,True
-,85,13,98,13,85,98,0,0.1400146484375,-0.1400146484375,-0.1400146484375,1,85,True
-,85,14,99,14,85,99,0,0.23828125,-0.23828125,-0.23828125,1,85,True
-,85,15,100,15,85,100,7,0.3212890625,-0.3212890625,-0.3212890625,1,85,True
-,85,16,101,16,85,101,1,1.119140625,-1.119140625,-1.119140625,1,95,False
-,85,17,102,17,85,102,0,1.443359375,-1.443359375,-1.443359375,1,95,False
-,85,18,103,18,85,103,0,1.658203125,-1.658203125,-1.658203125,1,95,False
-,85,19,104,19,85,104,1,2.119140625,-2.119140625,-2.119140625,1,95,False
-,85,20,105,20,85,105,1,2.15234375,-2.15234375,-2.15234375,1,95,False
-,85,21,106,21,85,106,1,1.0302734375,-1.0302734375,-1.0302734375,1,95,False
-,85,22,107,22,85,107,0,0.86865234375,-0.86865234375,-0.86865234375,1,85,True
-,85,23,108,23,85,108,3,2.392578125,-2.392578125,-2.392578125,1,83,False
-,85,24,109,24,85,109,0,0.634765625,-0.634765625,-0.634765625,1,85,True
-,85,25,110,25,85,110,1,0.11053466796875,-0.11053466796875,-0.11053466796875,1,85,True
-,85,26,111,26,85,111,0,0.05389404296875,-0.05389404296875,-0.05389404296875,1,85,True
-,85,27,112,27,85,112,1,0.2359619140625,-0.2359619140625,-0.2359619140625,1,85,True
-,85,28,113,28,85,113,0,0.71240234375,-0.71240234375,-0.71240234375,1,85,True
-,85,29,114,29,85,114,0,0.177001953125,-0.177001953125,-0.177001953125,1,85,True
-,85,30,115,30,85,115,0,0.091796875,-0.091796875,-0.091796875,1,85,True
-,85,31,116,31,85,116,0,0.289306640625,-0.289306640625,-0.289306640625,1,85,True
-,85,32,117,32,85,117,0,0.365478515625,-0.365478515625,-0.365478515625,1,85,True
-,85,33,118,33,85,118,0,0.8681640625,-0.8681640625,-0.8681640625,1,85,True
-,85,34,119,34,85,119,0,1.0390625,-1.0390625,-1.0390625,1,75,False
-,85,35,120,35,85,120,2,0.2919921875,-0.2919921875,-0.2919921875,1,85,True
-,85,36,121,36,85,121,0,0.3740234375,-0.3740234375,-0.3740234375,1,85,True
-,85,37,122,37,85,122,0,0.99169921875,-0.99169921875,-0.99169921875,1,75,False
-,85,38,123,38,85,123,0,1.078125,-1.078125,-1.078125,1,85,True
-,85,39,124,39,85,124,0,0.77783203125,-0.77783203125,-0.77783203125,1,85,True
-,85,40,125,40,85,125,0,2.6640625,-2.6640625,-2.6640625,1,75,False
-,85,41,126,41,85,126,0,0.77392578125,-0.77392578125,-0.77392578125,1,85,True
-,85,42,127,42,85,127,0,0.84130859375,-0.84130859375,-0.84130859375,1,85,True
-,85,43,128,43,85,128,0,1.5556640625,-1.5556640625,-1.5556640625,1,75,False
-,85,44,129,44,85,129,0,0.339599609375,-0.339599609375,-0.339599609375,1,85,True
-,85,45,130,45,85,130,0,0.05621337890625,-0.05621337890625,-0.05621337890625,1,85,True
-,85,46,131,46,85,131,0,0.759765625,-0.759765625,-0.759765625,1,85,True
-,85,47,132,47,85,132,0,2.3515625,-2.3515625,-2.3515625,1,75,False
-,85,48,133,48,85,133,0,2.123046875,-2.123046875,-2.123046875,1,74,False
-,85,49,134,49,85,134,0,1.2548828125,-1.2548828125,-1.2548828125,1,75,False
-,85,50,135,50,85,135,0,1.3896484375,-1.3896484375,-1.3896484375,1,75,False
-,85,51,136,51,85,136,0,2.57421875,-2.57421875,-2.57421875,1,75,False
-,85,52,137,52,85,137,0,2.6171875,-2.6171875,-2.6171875,1,75,False
-,85,53,138,53,85,138,0,1.3623046875,-1.3623046875,-1.3623046875,1,75,False
-,85,54,139,54,85,139,0,0.86181640625,-0.86181640625,-0.86181640625,1,75,False
-,85,55,140,55,85,140,1,3.41015625,-3.41015625,-3.41015625,1,75,False
-,85,56,141,56,85,141,0,4.29296875,-4.29296875,-4.29296875,1,75,False
-,85,57,142,57,85,142,1,3.34765625,-3.34765625,-3.34765625,1,75,False
-,85,58,143,58,85,143,0,2.224609375,-2.224609375,-2.224609375,1,75,False
-,85,59,144,59,85,144,0,0.81005859375,-0.81005859375,-0.81005859375,1,85,True
-,85,60,145,60,85,145,0,0.611328125,-0.611328125,-0.611328125,1,85,True
-,85,61,146,61,85,146,0,1.517578125,-1.517578125,-1.517578125,1,75,False
-,85,62,147,62,85,147,0,0.7265625,-0.7265625,-0.7265625,1,85,True
-,85,63,148,63,85,148,0,1.2783203125,-1.2783203125,-1.2783203125,1,75,False
-,85,64,149,64,85,149,0,1.46875,-1.46875,-1.46875,1,75,False
-,85,65,150,65,85,150,0,0.369873046875,-0.369873046875,-0.369873046875,1,85,True
-,85,66,151,66,85,151,0,2.6953125,-2.6953125,-2.6953125,1,75,False
-,85,67,152,67,85,152,0,3.19921875,-3.19921875,-3.19921875,1,75,False
-,85,68,153,68,85,153,0,2.171875,-2.171875,-2.171875,1,74,False
-,85,69,154,69,85,154,0,2.0625,-2.0625,-2.0625,1,75,False
-,85,70,155,70,85,155,0,3.716796875,-3.716796875,-3.716796875,1,75,False
-,85,71,156,71,85,156,0,2.966796875,-2.966796875,-2.966796875,1,75,False
-,85,72,157,72,85,157,0,1.5439453125,-1.5439453125,-1.5439453125,1,75,False
-,85,73,158,73,85,158,0,2.216796875,-2.216796875,-2.216796875,1,75,False
-,85,74,159,74,85,159,0,0.82470703125,-0.82470703125,-0.82470703125,1,75,False
-,85,75,160,75,85,160,0,1.4326171875,-1.4326171875,-1.4326171875,1,75,False
-,85,76,161,76,85,161,0,5.72265625,-5.72265625,-5.72265625,1,75,False
-,85,77,162,77,85,162,0,1.6767578125,-1.6767578125,-1.6767578125,1,75,False
-,85,78,163,78,85,163,0,1.4833984375,-1.4833984375,-1.4833984375,1,75,False
-,85,79,164,79,85,164,0,4.19140625,-4.19140625,-4.19140625,1,75,False
-,85,80,165,80,85,165,0,2.861328125,-2.861328125,-2.861328125,1,75,False
-,85,81,166,81,85,166,0,2.111328125,-2.111328125,-2.111328125,1,75,False
-,85,82,167,82,85,167,1,2.205078125,-2.205078125,-2.205078125,1,75,False
-,85,83,168,83,85,168,0,1.2587890625,-1.2587890625,-1.2587890625,1,75,False
-,85,84,169,84,85,169,0,0.68212890625,-0.68212890625,-0.68212890625,1,85,True
-,85,85,170,85,85,170,0,0.202880859375,-0.202880859375,-0.202880859375,1,85,True
-,85,86,171,86,85,171,0,0.189697265625,-0.189697265625,-0.189697265625,1,85,True
-,85,87,172,87,85,172,0,0.156494140625,-0.156494140625,-0.156494140625,1,85,True
-,85,88,173,88,85,173,0,0.861328125,-0.861328125,-0.861328125,1,85,True
-,85,89,174,89,85,174,0,0.0853271484375,-0.0853271484375,-0.0853271484375,1,85,True
-,85,90,175,90,85,175,0,0.371337890625,-0.371337890625,-0.371337890625,1,85,True
-,85,91,176,91,85,176,0,0.83349609375,-0.83349609375,-0.83349609375,1,75,False
-,85,92,177,92,85,177,0,0.295654296875,-0.295654296875,-0.295654296875,1,85,True
-,85,93,178,93,85,178,0,0.328857421875,-0.328857421875,-0.328857421875,1,85,True
-,85,94,179,94,85,179,0,0.1671142578125,-0.1671142578125,-0.1671142578125,1,85,True
-,85,95,180,95,85,180,0,0.035247802734375,-0.035247802734375,-0.035247802734375,1,85,True
-,85,96,181,96,85,181,0,0.08648681640625,-0.08648681640625,-0.08648681640625,1,85,True
-,85,97,182,97,85,182,0,0.20458984375,-0.20458984375,-0.20458984375,1,85,True
-,85,98,183,98,85,183,0,0.378662109375,-0.378662109375,-0.378662109375,1,85,True
-,85,99,184,99,85,184,0,0.413330078125,-0.413330078125,-0.413330078125,1,85,True
-,86,10,96,10,86,96,0,0.0129852294921875,-0.0129852294921875,-0.0129852294921875,1,86,True
-,86,11,97,11,86,97,1,0.0831298828125,-0.0831298828125,-0.0831298828125,1,86,True
-,86,12,98,12,86,98,1,0.0104827880859375,-0.0104827880859375,-0.0104827880859375,1,86,True
-,86,13,99,13,86,99,0,0.04791259765625,-0.04791259765625,-0.04791259765625,1,86,True
-,86,14,100,14,86,100,2,0.046173095703125,-0.046173095703125,-0.046173095703125,1,86,True
-,86,15,101,15,86,101,3,0.1773681640625,-0.1773681640625,-0.1773681640625,1,86,True
-,86,16,102,16,86,102,0,0.206787109375,-0.206787109375,-0.206787109375,1,86,True
-,86,17,103,17,86,103,0,0.70703125,-0.70703125,-0.70703125,1,86,True
-,86,18,104,18,86,104,0,0.556640625,-0.556640625,-0.556640625,1,86,True
-,86,19,105,19,86,105,1,0.90771484375,-0.90771484375,-0.90771484375,1,86,True
-,86,20,106,20,86,106,0,0.21240234375,-0.21240234375,-0.21240234375,1,86,True
-,86,21,107,21,86,107,0,0.497802734375,-0.497802734375,-0.497802734375,1,86,True
-,86,22,108,22,86,108,0,0.1102294921875,-0.1102294921875,-0.1102294921875,1,86,True
-,86,23,109,23,86,109,0,0.3232421875,-0.3232421875,-0.3232421875,1,86,True
-,86,24,110,24,86,110,0,0.0546875,-0.0546875,-0.0546875,1,86,True
-,86,25,111,25,86,111,0,0.04486083984375,-0.04486083984375,-0.04486083984375,1,86,True
-,86,26,112,26,86,112,1,0.021759033203125,-0.021759033203125,-0.021759033203125,1,86,True
-,86,27,113,27,86,113,0,0.034576416015625,-0.034576416015625,-0.034576416015625,1,86,True
-,86,28,114,28,86,114,0,0.09515380859375,-0.09515380859375,-0.09515380859375,1,86,True
-,86,29,115,29,86,115,0,0.07611083984375,-0.07611083984375,-0.07611083984375,1,86,True
-,86,30,116,30,86,116,0,0.0638427734375,-0.0638427734375,-0.0638427734375,1,86,True
-,86,31,117,31,86,117,0,0.12548828125,-0.12548828125,-0.12548828125,1,86,True
-,86,32,118,32,86,118,0,0.3115234375,-0.3115234375,-0.3115234375,1,86,True
-,86,33,119,33,86,119,0,0.401611328125,-0.401611328125,-0.401611328125,1,86,True
-,86,34,120,34,86,120,0,0.049041748046875,-0.049041748046875,-0.049041748046875,1,86,True
-,86,35,121,35,86,121,1,0.215087890625,-0.215087890625,-0.215087890625,1,86,True
-,86,36,122,36,86,122,0,0.244873046875,-0.244873046875,-0.244873046875,1,86,True
-,86,37,123,37,86,123,0,0.488037109375,-0.488037109375,-0.488037109375,1,86,True
-,86,38,124,38,86,124,0,2.517578125,-2.517578125,-2.517578125,1,66,False
-,86,39,125,39,86,125,0,0.85400390625,-0.85400390625,-0.85400390625,1,86,True
-,86,40,126,40,86,126,2,0.44189453125,-0.44189453125,-0.44189453125,1,86,True
-,86,41,127,41,86,127,0,0.50732421875,-0.50732421875,-0.50732421875,1,86,True
-,86,42,128,42,86,128,0,0.3603515625,-0.3603515625,-0.3603515625,1,86,True
-,86,43,129,43,86,129,0,0.07623291015625,-0.07623291015625,-0.07623291015625,1,86,True
-,86,44,130,44,86,130,0,0.0946044921875,-0.0946044921875,-0.0946044921875,1,86,True
-,86,45,131,45,86,131,0,0.298095703125,-0.298095703125,-0.298095703125,1,86,True
-,86,46,132,46,86,132,0,0.43701171875,-0.43701171875,-0.43701171875,1,86,True
-,86,47,133,47,86,133,0,0.51708984375,-0.51708984375,-0.51708984375,1,86,True
-,86,48,134,48,86,134,0,0.3125,-0.3125,-0.3125,1,86,True
-,86,49,135,49,86,135,0,0.498046875,-0.498046875,-0.498046875,1,86,True
-,86,50,136,50,86,136,0,0.71923828125,-0.71923828125,-0.71923828125,1,86,True
-,86,51,137,51,86,137,0,1.5986328125,-1.5986328125,-1.5986328125,1,76,False
-,86,52,138,52,86,138,0,0.2227783203125,-0.2227783203125,-0.2227783203125,1,86,True
-,86,53,139,53,86,139,0,1.21484375,-1.21484375,-1.21484375,1,76,False
-,86,54,140,54,86,140,0,0.217041015625,-0.217041015625,-0.217041015625,1,86,True
-,86,55,141,55,86,141,0,2.6640625,-2.6640625,-2.6640625,1,76,False
-,86,56,142,56,86,142,0,4.3515625,-4.3515625,-4.3515625,1,66,False
-,86,57,143,57,86,143,0,3.279296875,-3.279296875,-3.279296875,1,76,False
-,86,58,144,58,86,144,0,0.76220703125,-0.76220703125,-0.76220703125,1,86,True
-,86,59,145,59,86,145,0,0.59375,-0.59375,-0.59375,1,86,True
-,86,60,146,60,86,146,0,0.83984375,-0.83984375,-0.83984375,1,76,False
-,86,61,147,61,86,147,0,1.6552734375,-1.6552734375,-1.6552734375,1,76,False
-,86,62,148,62,86,148,0,0.43798828125,-0.43798828125,-0.43798828125,1,86,True
-,86,63,149,63,86,149,0,1.3798828125,-1.3798828125,-1.3798828125,1,76,False
-,86,64,150,64,86,150,0,0.379638671875,-0.379638671875,-0.379638671875,1,86,True
-,86,65,151,65,86,151,0,0.767578125,-0.767578125,-0.767578125,1,86,True
-,86,66,152,66,86,152,0,0.9609375,-0.9609375,-0.9609375,1,86,True
-,86,67,153,67,86,153,0,3.14453125,-3.14453125,-3.14453125,1,76,False
-,86,68,154,68,86,154,0,1.8837890625,-1.8837890625,-1.8837890625,1,66,False
-,86,69,155,69,86,155,0,2.150390625,-2.150390625,-2.150390625,1,76,False
-,86,70,156,70,86,156,0,0.92138671875,-0.92138671875,-0.92138671875,1,86,True
-,86,71,157,71,86,157,0,2.42578125,-2.42578125,-2.42578125,1,76,False
-,86,72,158,72,86,158,0,0.52099609375,-0.52099609375,-0.52099609375,1,86,True
-,86,73,159,73,86,159,1,0.77099609375,-0.77099609375,-0.77099609375,1,76,False
-,86,74,160,74,86,160,0,0.1256103515625,-0.1256103515625,-0.1256103515625,1,86,True
-,86,75,161,75,86,161,0,1.296875,-1.296875,-1.296875,1,76,False
-,86,76,162,76,86,162,0,1.2841796875,-1.2841796875,-1.2841796875,1,76,False
-,86,77,163,77,86,163,0,0.791015625,-0.791015625,-0.791015625,1,86,True
-,86,78,164,78,86,164,0,0.546875,-0.546875,-0.546875,1,86,True
-,86,79,165,79,86,165,0,1.3212890625,-1.3212890625,-1.3212890625,1,76,False
-,86,80,166,80,86,166,0,0.96435546875,-0.96435546875,-0.96435546875,1,66,False
-,86,81,167,81,86,167,0,0.84619140625,-0.84619140625,-0.84619140625,1,76,False
-,86,82,168,82,86,168,1,0.332763671875,-0.332763671875,-0.332763671875,1,86,True
-,86,83,169,83,86,169,0,0.291259765625,-0.291259765625,-0.291259765625,1,86,True
-,86,84,170,84,86,170,0,0.010650634765625,-0.010650634765625,-0.010650634765625,1,86,True
-,86,85,171,85,86,171,0,0.104736328125,-0.104736328125,-0.104736328125,1,86,True
-,86,86,172,86,86,172,0,0.019317626953125,-0.019317626953125,-0.019317626953125,1,86,True
-,86,87,173,87,86,173,0,0.037811279296875,-0.037811279296875,-0.037811279296875,1,86,True
-,86,88,174,88,86,174,0,0.0335693359375,-0.0335693359375,-0.0335693359375,1,86,True
-,86,89,175,89,86,175,0,0.050048828125,-0.050048828125,-0.050048828125,1,86,True
-,86,90,176,90,86,176,0,0.07818603515625,-0.07818603515625,-0.07818603515625,1,86,True
-,86,91,177,91,86,177,0,0.06890869140625,-0.06890869140625,-0.06890869140625,1,86,True
-,86,92,178,92,86,178,0,0.043792724609375,-0.043792724609375,-0.043792724609375,1,86,True
-,86,93,179,93,86,179,0,0.0251922607421875,-0.0251922607421875,-0.0251922607421875,1,86,True
-,86,94,180,94,86,180,0,0.0161590576171875,-0.0161590576171875,-0.0161590576171875,1,86,True
-,86,95,181,95,86,181,0,0.0198974609375,-0.0198974609375,-0.0198974609375,1,86,True
-,86,96,182,96,86,182,0,0.386474609375,-0.386474609375,-0.386474609375,1,86,True
-,86,97,183,97,86,183,0,0.0333251953125,-0.0333251953125,-0.0333251953125,1,86,True
-,86,98,184,98,86,184,0,0.048065185546875,-0.048065185546875,-0.048065185546875,1,86,True
-,86,99,185,99,86,185,0,0.218505859375,-0.218505859375,-0.218505859375,1,86,True
-,87,10,97,10,87,97,0,0.0225677490234375,-0.0225677490234375,-0.0225677490234375,1,87,True
-,87,11,98,11,87,98,0,0.01456451416015625,-0.01456451416015625,-0.01456451416015625,1,87,True
-,87,12,99,12,87,99,1,0.01422882080078125,-0.01422882080078125,-0.01422882080078125,1,87,True
-,87,13,100,13,87,100,0,0.060028076171875,-0.060028076171875,-0.060028076171875,1,87,True
-,87,14,101,14,87,101,0,0.043731689453125,-0.043731689453125,-0.043731689453125,1,87,True
-,87,15,102,15,87,102,0,0.0188140869140625,-0.0188140869140625,-0.0188140869140625,1,87,True
-,87,16,103,16,87,103,0,0.458984375,-0.458984375,-0.458984375,1,87,True
-,87,17,104,17,87,104,0,0.1024169921875,-0.1024169921875,-0.1024169921875,1,87,True
-,87,18,105,18,87,105,0,0.45556640625,-0.45556640625,-0.45556640625,1,87,True
-,87,19,106,19,87,106,0,0.267333984375,-0.267333984375,-0.267333984375,1,87,True
-,87,20,107,20,87,107,0,0.219970703125,-0.219970703125,-0.219970703125,1,87,True
-,87,21,108,21,87,108,1,0.330078125,-0.330078125,-0.330078125,1,87,True
-,87,22,109,22,87,109,0,0.2200927734375,-0.2200927734375,-0.2200927734375,1,87,True
-,87,23,110,23,87,110,0,0.08294677734375,-0.08294677734375,-0.08294677734375,1,87,True
-,87,24,111,24,87,111,0,0.046051025390625,-0.046051025390625,-0.046051025390625,1,87,True
-,87,25,112,25,87,112,0,0.06317138671875,-0.06317138671875,-0.06317138671875,1,87,True
-,87,26,113,26,87,113,0,0.1502685546875,-0.1502685546875,-0.1502685546875,1,87,True
-,87,27,114,27,87,114,0,0.0076141357421875,-0.0076141357421875,-0.0076141357421875,1,87,True
-,87,28,115,28,87,115,0,0.15234375,-0.15234375,-0.15234375,1,87,True
-,87,29,116,29,87,116,0,0.431396484375,-0.431396484375,-0.431396484375,1,87,True
-,87,30,117,30,87,117,0,0.10205078125,-0.10205078125,-0.10205078125,1,87,True
-,87,31,118,31,87,118,0,0.11663818359375,-0.11663818359375,-0.11663818359375,1,87,True
-,87,32,119,32,87,119,0,0.62939453125,-0.62939453125,-0.62939453125,1,87,True
-,87,33,120,33,87,120,0,0.052703857421875,-0.052703857421875,-0.052703857421875,1,87,True
-,87,34,121,34,87,121,0,0.2744140625,-0.2744140625,-0.2744140625,1,87,True
-,87,35,122,35,87,122,1,1.2958984375,-1.2958984375,-1.2958984375,1,77,False
-,87,36,123,36,87,123,0,1.11328125,-1.11328125,-1.11328125,1,87,True
-,87,37,124,37,87,124,0,0.625,-0.625,-0.625,1,87,True
-,87,38,125,38,87,125,1,1.8037109375,-1.8037109375,-1.8037109375,1,77,False
-,87,39,126,39,87,126,0,0.314208984375,-0.314208984375,-0.314208984375,1,87,True
-,87,40,127,40,87,127,0,0.66064453125,-0.66064453125,-0.66064453125,1,87,True
-,87,41,128,41,87,128,0,0.306396484375,-0.306396484375,-0.306396484375,1,87,True
-,87,42,129,42,87,129,0,0.06689453125,-0.06689453125,-0.06689453125,1,87,True
-,87,43,130,43,87,130,1,0.0260009765625,-0.0260009765625,-0.0260009765625,1,87,True
-,87,44,131,44,87,131,0,0.387451171875,-0.387451171875,-0.387451171875,1,87,True
-,87,45,132,45,87,132,1,0.264404296875,-0.264404296875,-0.264404296875,1,87,True
-,87,46,133,46,87,133,0,0.4091796875,-0.4091796875,-0.4091796875,1,87,True
-,87,47,134,47,87,134,0,0.8525390625,-0.8525390625,-0.8525390625,1,77,False
-,87,48,135,48,87,135,0,0.340576171875,-0.340576171875,-0.340576171875,1,87,True
-,87,49,136,49,87,136,0,0.876953125,-0.876953125,-0.876953125,1,77,False
-,87,50,137,50,87,137,0,1.04296875,-1.04296875,-1.04296875,1,77,False
-,87,51,138,51,87,138,0,0.3984375,-0.3984375,-0.3984375,1,87,True
-,87,52,139,52,87,139,0,1.8408203125,-1.8408203125,-1.8408203125,1,77,False
-,87,53,140,53,87,140,0,1.84765625,-1.84765625,-1.84765625,1,77,False
-,87,54,141,54,87,141,0,1.1396484375,-1.1396484375,-1.1396484375,1,77,False
-,87,55,142,55,87,142,1,3.607421875,-3.607421875,-3.607421875,1,77,False
-,87,56,143,56,87,143,0,4.2734375,-4.2734375,-4.2734375,1,77,False
-,87,57,144,57,87,144,0,0.453369140625,-0.453369140625,-0.453369140625,1,87,True
-,87,58,145,58,87,145,0,0.4345703125,-0.4345703125,-0.4345703125,1,87,True
-,87,59,146,59,87,146,0,1.9765625,-1.9765625,-1.9765625,1,77,False
-,87,60,147,60,87,147,0,1.3486328125,-1.3486328125,-1.3486328125,1,87,True
-,87,61,148,61,87,148,0,1.19921875,-1.19921875,-1.19921875,1,77,False
-,87,62,149,62,87,149,0,0.3486328125,-0.3486328125,-0.3486328125,1,87,True
-,87,63,150,63,87,150,0,0.18505859375,-0.18505859375,-0.18505859375,1,87,True
-,87,64,151,64,87,151,0,2.041015625,-2.041015625,-2.041015625,1,77,False
-,87,65,152,65,87,152,0,0.4736328125,-0.4736328125,-0.4736328125,1,87,True
-,87,66,153,66,87,153,0,1.84375,-1.84375,-1.84375,1,77,False
-,87,67,154,67,87,154,0,1.8271484375,-1.8271484375,-1.8271484375,1,77,False
-,87,68,155,68,87,155,0,1.302734375,-1.302734375,-1.302734375,1,77,False
-,87,69,156,69,87,156,0,0.779296875,-0.779296875,-0.779296875,1,87,True
-,87,70,157,70,87,157,0,1.349609375,-1.349609375,-1.349609375,1,77,False
-,87,71,158,71,87,158,0,1.435546875,-1.435546875,-1.435546875,1,77,False
-,87,72,159,72,87,159,0,0.392578125,-0.392578125,-0.392578125,1,87,True
-,87,73,160,73,87,160,0,0.2078857421875,-0.2078857421875,-0.2078857421875,1,87,True
-,87,74,161,74,87,161,0,1.640625,-1.640625,-1.640625,1,77,False
-,87,75,162,75,87,162,0,1.130859375,-1.130859375,-1.130859375,1,77,False
-,87,76,163,76,87,163,0,2.1328125,-2.1328125,-2.1328125,1,77,False
-,87,77,164,77,87,164,0,1.05859375,-1.05859375,-1.05859375,1,77,False
-,87,78,165,78,87,165,0,0.58544921875,-0.58544921875,-0.58544921875,1,87,True
-,87,79,166,79,87,166,0,0.85302734375,-0.85302734375,-0.85302734375,1,77,False
-,87,80,167,80,87,167,1,1.1298828125,-1.1298828125,-1.1298828125,1,77,False
-,87,81,168,81,87,168,0,0.3974609375,-0.3974609375,-0.3974609375,1,87,True
-,87,82,169,82,87,169,0,0.4013671875,-0.4013671875,-0.4013671875,1,87,True
-,87,83,170,83,87,170,0,0.04290771484375,-0.04290771484375,-0.04290771484375,1,87,True
-,87,84,171,84,87,171,0,0.76806640625,-0.76806640625,-0.76806640625,1,87,True
-,87,85,172,85,87,172,0,0.04559326171875,-0.04559326171875,-0.04559326171875,1,87,True
-,87,86,173,86,87,173,0,0.04443359375,-0.04443359375,-0.04443359375,1,87,True
-,87,87,174,87,87,174,0,0.169189453125,-0.169189453125,-0.169189453125,1,87,True
-,87,88,175,88,87,175,0,0.02569580078125,-0.02569580078125,-0.02569580078125,1,87,True
-,87,89,176,89,87,176,0,0.045257568359375,-0.045257568359375,-0.045257568359375,1,87,True
-,87,90,177,90,87,177,0,0.1165771484375,-0.1165771484375,-0.1165771484375,1,87,True
-,87,91,178,91,87,178,0,0.05889892578125,-0.05889892578125,-0.05889892578125,1,87,True
-,87,92,179,92,87,179,0,0.07110595703125,-0.07110595703125,-0.07110595703125,1,87,True
-,87,93,180,93,87,180,0,0.016357421875,-0.016357421875,-0.016357421875,1,87,True
-,87,94,181,94,87,181,0,0.033111572265625,-0.033111572265625,-0.033111572265625,1,87,True
-,87,95,182,95,87,182,0,0.030120849609375,-0.030120849609375,-0.030120849609375,1,87,True
-,87,96,183,96,87,183,0,0.943359375,-0.943359375,-0.943359375,1,87,True
-,87,97,184,97,87,184,0,0.1558837890625,-0.1558837890625,-0.1558837890625,1,87,True
-,87,98,185,98,87,185,0,0.104736328125,-0.104736328125,-0.104736328125,1,87,True
-,87,99,186,99,87,186,0,0.224853515625,-0.224853515625,-0.224853515625,1,87,True
-,88,10,98,10,88,98,1,0.018280029296875,-0.018280029296875,-0.018280029296875,1,88,True
-,88,11,99,11,88,99,0,0.0863037109375,-0.0863037109375,-0.0863037109375,1,88,True
-,88,12,100,12,88,100,4,0.010498046875,-0.010498046875,-0.010498046875,1,88,True
-,88,13,101,13,88,101,0,0.16064453125,-0.16064453125,-0.16064453125,1,88,True
-,88,14,102,14,88,102,0,0.031707763671875,-0.031707763671875,-0.031707763671875,1,88,True
-,88,15,103,15,88,103,0,0.1558837890625,-0.1558837890625,-0.1558837890625,1,88,True
-,88,16,104,16,88,104,0,0.2401123046875,-0.2401123046875,-0.2401123046875,1,88,True
-,88,17,105,17,88,105,0,1.1513671875,-1.1513671875,-1.1513671875,1,98,False
-,88,18,106,18,88,106,0,0.321044921875,-0.321044921875,-0.321044921875,1,88,True
-,88,19,107,19,88,107,1,1.0595703125,-1.0595703125,-1.0595703125,1,98,False
-,88,20,108,20,88,108,0,1.0078125,-1.0078125,-1.0078125,1,88,True
-,88,21,109,21,88,109,0,0.37451171875,-0.37451171875,-0.37451171875,1,88,True
-,88,22,110,22,88,110,0,0.1318359375,-0.1318359375,-0.1318359375,1,88,True
-,88,23,111,23,88,111,0,0.420166015625,-0.420166015625,-0.420166015625,1,88,True
-,88,24,112,24,88,112,0,0.049652099609375,-0.049652099609375,-0.049652099609375,1,88,True
-,88,25,113,25,88,113,0,0.185791015625,-0.185791015625,-0.185791015625,1,88,True
-,88,26,114,26,88,114,0,0.04168701171875,-0.04168701171875,-0.04168701171875,1,88,True
-,88,27,115,27,88,115,1,0.0275115966796875,-0.0275115966796875,-0.0275115966796875,1,88,True
-,88,28,116,28,88,116,0,0.318115234375,-0.318115234375,-0.318115234375,1,88,True
-,88,29,117,29,88,117,0,0.279296875,-0.279296875,-0.279296875,1,88,True
-,88,30,118,30,88,118,1,0.38427734375,-0.38427734375,-0.38427734375,1,88,True
-,88,31,119,31,88,119,0,0.77001953125,-0.77001953125,-0.77001953125,1,88,True
-,88,32,120,32,88,120,0,0.045074462890625,-0.045074462890625,-0.045074462890625,1,88,True
-,88,33,121,33,88,121,0,0.1759033203125,-0.1759033203125,-0.1759033203125,1,88,True
-,88,34,122,34,88,122,0,0.7177734375,-0.7177734375,-0.7177734375,1,88,True
-,88,35,123,35,88,123,0,0.66650390625,-0.66650390625,-0.66650390625,1,88,True
-,88,36,124,36,88,124,0,0.9462890625,-0.9462890625,-0.9462890625,1,88,True
-,88,37,125,37,88,125,0,2.673828125,-2.673828125,-2.673828125,1,78,False
-,88,38,126,38,88,126,0,0.5947265625,-0.5947265625,-0.5947265625,1,88,True
-,88,39,127,39,88,127,1,0.419677734375,-0.419677734375,-0.419677734375,1,88,True
-,88,40,128,40,88,128,1,0.484130859375,-0.484130859375,-0.484130859375,1,88,True
-,88,41,129,41,88,129,0,0.232177734375,-0.232177734375,-0.232177734375,1,88,True
-,88,42,130,42,88,130,1,0.047271728515625,-0.047271728515625,-0.047271728515625,1,88,True
-,88,43,131,43,88,131,0,0.456787109375,-0.456787109375,-0.456787109375,1,88,True
-,88,44,132,44,88,132,0,1.376953125,-1.376953125,-1.376953125,1,78,False
-,88,45,133,45,88,133,0,0.15380859375,-0.15380859375,-0.15380859375,1,88,True
-,88,46,134,46,88,134,0,0.85888671875,-0.85888671875,-0.85888671875,1,88,True
-,88,47,135,47,88,135,0,1.0556640625,-1.0556640625,-1.0556640625,1,78,False
-,88,48,136,48,88,136,1,0.412109375,-0.412109375,-0.412109375,1,88,True
-,88,49,137,49,88,137,0,1.234375,-1.234375,-1.234375,1,78,False
-,88,50,138,50,88,138,2,0.68359375,-0.68359375,-0.68359375,1,88,True
-,88,51,139,51,88,139,0,1.3212890625,-1.3212890625,-1.3212890625,1,78,False
-,88,52,140,52,88,140,0,1.9033203125,-1.9033203125,-1.9033203125,1,78,False
-,88,53,141,53,88,141,0,3.99609375,-3.99609375,-3.99609375,1,78,False
-,88,54,142,54,88,142,0,2.048828125,-2.048828125,-2.048828125,1,68,False
-,88,55,143,55,88,143,0,5.1171875,-5.1171875,-5.1171875,1,78,False
-,88,56,144,56,88,144,0,1.5283203125,-1.5283203125,-1.5283203125,1,68,False
-,88,57,145,57,88,145,0,1.9384765625,-1.9384765625,-1.9384765625,1,78,False
-,88,58,146,58,88,146,0,1.857421875,-1.857421875,-1.857421875,1,78,False
-,88,59,147,59,88,147,0,1.611328125,-1.611328125,-1.611328125,1,78,False
-,88,60,148,60,88,148,0,2.025390625,-2.025390625,-2.025390625,1,78,False
-,88,61,149,61,88,149,0,0.84521484375,-0.84521484375,-0.84521484375,1,78,False
-,88,62,150,62,88,150,0,0.16357421875,-0.16357421875,-0.16357421875,1,88,True
-,88,63,151,63,88,151,0,2.75390625,-2.75390625,-2.75390625,1,68,False
-,88,64,152,64,88,152,0,0.77685546875,-0.77685546875,-0.77685546875,1,88,True
-,88,65,153,65,88,153,0,0.374755859375,-0.374755859375,-0.374755859375,1,88,True
-,88,66,154,66,88,154,0,0.78759765625,-0.78759765625,-0.78759765625,1,88,True
-,88,67,155,67,88,155,0,2.236328125,-2.236328125,-2.236328125,1,78,False
-,88,68,156,68,88,156,0,2.0625,-2.0625,-2.0625,1,68,False
-,88,69,157,69,88,157,0,1.6484375,-1.6484375,-1.6484375,1,78,False
-,88,70,158,70,88,158,0,1.244140625,-1.244140625,-1.244140625,1,78,False
-,88,71,159,71,88,159,0,1.3779296875,-1.3779296875,-1.3779296875,1,78,False
-,88,72,160,72,88,160,0,0.021453857421875,-0.021453857421875,-0.021453857421875,1,88,True
-,88,73,161,73,88,161,0,1.5068359375,-1.5068359375,-1.5068359375,1,78,False
-,88,74,162,74,88,162,0,1.341796875,-1.341796875,-1.341796875,1,68,False
-,88,75,163,75,88,163,0,0.8564453125,-0.8564453125,-0.8564453125,1,88,True
-,88,76,164,76,88,164,0,3.0546875,-3.0546875,-3.0546875,1,68,False
-,88,77,165,77,88,165,0,1.5595703125,-1.5595703125,-1.5595703125,1,78,False
-,88,78,166,78,88,166,0,0.54443359375,-0.54443359375,-0.54443359375,1,88,True
-,88,79,167,79,88,167,0,1.296875,-1.296875,-1.296875,1,78,False
-,88,80,168,80,88,168,0,0.446533203125,-0.446533203125,-0.446533203125,1,88,True
-,88,81,169,81,88,169,0,0.314453125,-0.314453125,-0.314453125,1,88,True
-,88,82,170,82,88,170,0,0.165771484375,-0.165771484375,-0.165771484375,1,88,True
-,88,83,171,83,88,171,0,0.09820556640625,-0.09820556640625,-0.09820556640625,1,88,True
-,88,84,172,84,88,172,0,0.1923828125,-0.1923828125,-0.1923828125,1,88,True
-,88,85,173,85,88,173,0,0.232666015625,-0.232666015625,-0.232666015625,1,88,True
-,88,86,174,86,88,174,0,0.1597900390625,-0.1597900390625,-0.1597900390625,1,88,True
-,88,87,175,87,88,175,0,0.107177734375,-0.107177734375,-0.107177734375,1,88,True
-,88,88,176,88,88,176,0,0.045196533203125,-0.045196533203125,-0.045196533203125,1,88,True
-,88,89,177,89,88,177,0,0.11328125,-0.11328125,-0.11328125,1,88,True
-,88,90,178,90,88,178,0,0.0391845703125,-0.0391845703125,-0.0391845703125,1,88,True
-,88,91,179,91,88,179,0,0.300537109375,-0.300537109375,-0.300537109375,1,88,True
-,88,92,180,92,88,180,0,0.1580810546875,-0.1580810546875,-0.1580810546875,1,88,True
-,88,93,181,93,88,181,0,0.0249481201171875,-0.0249481201171875,-0.0249481201171875,1,88,True
-,88,94,182,94,88,182,0,0.08514404296875,-0.08514404296875,-0.08514404296875,1,88,True
-,88,95,183,95,88,183,0,0.080810546875,-0.080810546875,-0.080810546875,1,88,True
-,88,96,184,96,88,184,0,1.3212890625,-1.3212890625,-1.3212890625,1,88,True
-,88,97,185,97,88,185,0,0.54150390625,-0.54150390625,-0.54150390625,1,88,True
-,88,98,186,98,88,186,0,0.10748291015625,-0.10748291015625,-0.10748291015625,1,88,True
-,88,99,187,99,88,187,0,2.146484375,-2.146484375,-2.146484375,1,94,False
-,89,10,99,10,89,99,2,0.0712890625,-0.0712890625,-0.0712890625,1,89,True
-,89,11,100,11,89,100,3,0.043365478515625,-0.043365478515625,-0.043365478515625,1,89,True
-,89,12,101,12,89,101,0,0.0494384765625,-0.0494384765625,-0.0494384765625,1,89,True
-,89,13,102,13,89,102,0,0.043121337890625,-0.043121337890625,-0.043121337890625,1,89,True
-,89,14,103,14,89,103,0,0.2088623046875,-0.2088623046875,-0.2088623046875,1,89,True
-,89,15,104,15,89,104,0,0.0226287841796875,-0.0226287841796875,-0.0226287841796875,1,89,True
-,89,16,105,16,89,105,0,0.350341796875,-0.350341796875,-0.350341796875,1,89,True
-,89,17,106,17,89,106,0,0.6435546875,-0.6435546875,-0.6435546875,1,89,True
-,89,18,107,18,89,107,0,0.68994140625,-0.68994140625,-0.68994140625,1,89,True
-,89,19,108,19,89,108,0,1.8291015625,-1.8291015625,-1.8291015625,1,99,False
-,89,20,109,20,89,109,0,0.63037109375,-0.63037109375,-0.63037109375,1,89,True
-,89,21,110,21,89,110,0,0.2022705078125,-0.2022705078125,-0.2022705078125,1,89,True
-,89,22,111,22,89,111,0,0.06549072265625,-0.06549072265625,-0.06549072265625,1,89,True
-,89,23,112,23,89,112,0,0.11444091796875,-0.11444091796875,-0.11444091796875,1,89,True
-,89,24,113,24,89,113,0,0.02838134765625,-0.02838134765625,-0.02838134765625,1,89,True
-,89,25,114,25,89,114,0,0.01983642578125,-0.01983642578125,-0.01983642578125,1,89,True
-,89,26,115,26,89,115,0,0.0262908935546875,-0.0262908935546875,-0.0262908935546875,1,89,True
-,89,27,116,27,89,116,0,0.28759765625,-0.28759765625,-0.28759765625,1,89,True
-,89,28,117,28,89,117,0,0.310791015625,-0.310791015625,-0.310791015625,1,89,True
-,89,29,118,29,89,118,0,0.60986328125,-0.60986328125,-0.60986328125,1,89,True
-,89,30,119,30,89,119,0,0.72314453125,-0.72314453125,-0.72314453125,1,89,True
-,89,31,120,31,89,120,0,0.46630859375,-0.46630859375,-0.46630859375,1,89,True
-,89,32,121,32,89,121,0,0.53955078125,-0.53955078125,-0.53955078125,1,89,True
-,89,33,122,33,89,122,0,2.060546875,-2.060546875,-2.060546875,1,79,False
-,89,34,123,34,89,123,0,1.6123046875,-1.6123046875,-1.6123046875,1,79,False
-,89,35,124,35,89,124,1,1.1328125,-1.1328125,-1.1328125,1,79,False
-,89,36,125,36,89,125,0,2.271484375,-2.271484375,-2.271484375,1,79,False
-,89,37,126,37,89,126,0,1.1083984375,-1.1083984375,-1.1083984375,1,79,False
-,89,38,127,38,89,127,0,1.109375,-1.109375,-1.109375,1,79,False
-,89,39,128,39,89,128,0,0.962890625,-0.962890625,-0.962890625,1,79,False
-,89,40,129,40,89,129,0,0.148193359375,-0.148193359375,-0.148193359375,1,89,True
-,89,41,130,41,89,130,0,0.18505859375,-0.18505859375,-0.18505859375,1,89,True
-,89,42,131,42,89,131,0,0.58447265625,-0.58447265625,-0.58447265625,1,89,True
-,89,43,132,43,89,132,0,0.93994140625,-0.93994140625,-0.93994140625,1,79,False
-,89,44,133,44,89,133,0,0.8603515625,-0.8603515625,-0.8603515625,1,89,True
-,89,45,134,45,89,134,0,0.59912109375,-0.59912109375,-0.59912109375,1,89,True
-,89,46,135,46,89,135,0,0.744140625,-0.744140625,-0.744140625,1,79,False
-,89,47,136,47,89,136,0,2.79296875,-2.79296875,-2.79296875,1,79,False
-,89,48,137,48,89,137,0,2.875,-2.875,-2.875,1,79,False
-,89,49,138,49,89,138,0,0.5625,-0.5625,-0.5625,1,89,True
-,89,50,139,50,89,139,0,2.826171875,-2.826171875,-2.826171875,1,79,False
-,89,51,140,51,89,140,0,2.39453125,-2.39453125,-2.39453125,1,79,False
-,89,52,141,52,89,141,0,2.74609375,-2.74609375,-2.74609375,1,79,False
-,89,53,142,53,89,142,0,4.8828125,-4.8828125,-4.8828125,1,69,False
-,89,54,143,54,89,143,0,2.322265625,-2.322265625,-2.322265625,1,79,False
-,89,55,144,55,89,144,1,3.2109375,-3.2109375,-3.2109375,1,79,False
-,89,56,145,56,89,145,0,2.705078125,-2.705078125,-2.705078125,1,79,False
-,89,57,146,57,89,146,0,3.6640625,-3.6640625,-3.6640625,1,79,False
-,89,58,147,58,89,147,0,2.302734375,-2.302734375,-2.302734375,1,79,False
-,89,59,148,59,89,148,0,1.888671875,-1.888671875,-1.888671875,1,79,False
-,89,60,149,60,89,149,0,0.623046875,-0.623046875,-0.623046875,1,89,True
-,89,61,150,61,89,150,0,0.654296875,-0.654296875,-0.654296875,1,89,True
-,89,62,151,62,89,151,0,0.97998046875,-0.97998046875,-0.97998046875,1,79,False
-,89,63,152,63,89,152,0,4.00390625,-4.00390625,-4.00390625,1,79,False
-,89,64,153,64,89,153,0,4.140625,-4.140625,-4.140625,1,79,False
-,89,65,154,65,89,154,0,0.3837890625,-0.3837890625,-0.3837890625,1,89,True
-,89,66,155,66,89,155,0,0.724609375,-0.724609375,-0.724609375,1,89,True
-,89,67,156,67,89,156,0,2.251953125,-2.251953125,-2.251953125,1,79,False
-,89,68,157,68,89,157,0,1.859375,-1.859375,-1.859375,1,79,False
-,89,69,158,69,89,158,0,2.03125,-2.03125,-2.03125,1,79,False
-,89,70,159,70,89,159,0,0.98095703125,-0.98095703125,-0.98095703125,1,79,False
-,89,71,160,71,89,160,0,3.275390625,-3.275390625,-3.275390625,1,79,False
-,89,72,161,72,89,161,0,4.20703125,-4.20703125,-4.20703125,1,79,False
-,89,73,162,73,89,162,0,4.96484375,-4.96484375,-4.96484375,1,79,False
-,89,74,163,74,89,163,0,3.09765625,-3.09765625,-3.09765625,1,79,False
-,89,75,164,75,89,164,0,2.064453125,-2.064453125,-2.064453125,1,79,False
-,89,76,165,76,89,165,0,4.2265625,-4.2265625,-4.2265625,1,79,False
-,89,77,166,77,89,166,0,2.21484375,-2.21484375,-2.21484375,1,79,False
-,89,78,167,78,89,167,0,0.6416015625,-0.6416015625,-0.6416015625,1,89,True
-,89,79,168,79,89,168,0,2.205078125,-2.205078125,-2.205078125,1,79,False
-,89,80,169,80,89,169,0,1.1767578125,-1.1767578125,-1.1767578125,1,79,False
-,89,81,170,81,89,170,0,0.274169921875,-0.274169921875,-0.274169921875,1,89,True
-,89,82,171,82,89,171,0,0.94091796875,-0.94091796875,-0.94091796875,1,79,False
-,89,83,172,83,89,172,0,0.4638671875,-0.4638671875,-0.4638671875,1,89,True
-,89,84,173,84,89,173,0,0.7353515625,-0.7353515625,-0.7353515625,1,89,True
-,89,85,174,85,89,174,0,0.0709228515625,-0.0709228515625,-0.0709228515625,1,89,True
-,89,86,175,86,89,175,0,0.042816162109375,-0.042816162109375,-0.042816162109375,1,89,True
-,89,87,176,87,89,176,0,0.1292724609375,-0.1292724609375,-0.1292724609375,1,89,True
-,89,88,177,88,89,177,0,0.06988525390625,-0.06988525390625,-0.06988525390625,1,89,True
-,89,89,178,89,89,178,0,0.109619140625,-0.109619140625,-0.109619140625,1,89,True
-,89,90,179,90,89,179,0,0.07366943359375,-0.07366943359375,-0.07366943359375,1,89,True
-,89,91,180,91,89,180,0,0.019500732421875,-0.019500732421875,-0.019500732421875,1,89,True
-,89,92,181,92,89,181,0,0.26904296875,-0.26904296875,-0.26904296875,1,89,True
-,89,93,182,93,89,182,0,0.070068359375,-0.070068359375,-0.070068359375,1,89,True
-,89,94,183,94,89,183,0,0.1043701171875,-0.1043701171875,-0.1043701171875,1,89,True
-,89,95,184,95,89,184,0,0.2098388671875,-0.2098388671875,-0.2098388671875,1,89,True
-,89,96,185,96,89,185,0,0.30908203125,-0.30908203125,-0.30908203125,1,89,True
-,89,97,186,97,89,186,0,0.29931640625,-0.29931640625,-0.29931640625,1,89,True
-,89,98,187,98,89,187,0,0.20849609375,-0.20849609375,-0.20849609375,1,89,True
-,89,99,188,99,89,188,0,0.036773681640625,-0.036773681640625,-0.036773681640625,1,89,True
-,90,10,100,10,90,100,39,0.01715087890625,-0.01715087890625,-0.01715087890625,1,90,True
-,90,11,101,11,90,101,0,0.12359619140625,-0.12359619140625,-0.12359619140625,1,90,True
-,90,12,102,12,90,102,1,0.020538330078125,-0.020538330078125,-0.020538330078125,1,90,True
-,90,13,103,13,90,103,0,0.03424072265625,-0.03424072265625,-0.03424072265625,1,90,True
-,90,14,104,14,90,104,1,0.04742431640625,-0.04742431640625,-0.04742431640625,1,90,True
-,90,15,105,15,90,105,1,0.062255859375,-0.062255859375,-0.062255859375,1,90,True
-,90,16,106,16,90,106,0,0.12188720703125,-0.12188720703125,-0.12188720703125,1,90,True
-,90,17,107,17,90,107,0,0.0849609375,-0.0849609375,-0.0849609375,1,90,True
-,90,18,108,18,90,108,0,0.52294921875,-0.52294921875,-0.52294921875,1,90,True
-,90,19,109,19,90,109,0,0.58154296875,-0.58154296875,-0.58154296875,1,90,True
-,90,20,110,20,90,110,1,0.11383056640625,-0.11383056640625,-0.11383056640625,1,90,True
-,90,21,111,21,90,111,0,0.1632080078125,-0.1632080078125,-0.1632080078125,1,90,True
-,90,22,112,22,90,112,0,0.1314697265625,-0.1314697265625,-0.1314697265625,1,90,True
-,90,23,113,23,90,113,0,3.060546875,-3.060546875,-3.060546875,1,88,False
-,90,24,114,24,90,114,0,0.1265869140625,-0.1265869140625,-0.1265869140625,1,90,True
-,90,25,115,25,90,115,0,0.03851318359375,-0.03851318359375,-0.03851318359375,1,90,True
-,90,26,116,26,90,116,0,0.036163330078125,-0.036163330078125,-0.036163330078125,1,90,True
-,90,27,117,27,90,117,0,0.0247650146484375,-0.0247650146484375,-0.0247650146484375,1,90,True
-,90,28,118,28,90,118,0,0.27490234375,-0.27490234375,-0.27490234375,1,90,True
-,90,29,119,29,90,119,0,0.1512451171875,-0.1512451171875,-0.1512451171875,1,90,True
-,90,30,120,30,90,120,3,0.347412109375,-0.347412109375,-0.347412109375,1,90,True
-,90,31,121,31,90,121,0,0.1796875,-0.1796875,-0.1796875,1,90,True
-,90,32,122,32,90,122,0,0.60009765625,-0.60009765625,-0.60009765625,1,90,True
-,90,33,123,33,90,123,0,0.64013671875,-0.64013671875,-0.64013671875,1,90,True
-,90,34,124,34,90,124,0,0.33154296875,-0.33154296875,-0.33154296875,1,90,True
-,90,35,125,35,90,125,0,1.572265625,-1.572265625,-1.572265625,1,80,False
-,90,36,126,36,90,126,0,1.5458984375,-1.5458984375,-1.5458984375,1,70,False
-,90,37,127,37,90,127,1,0.262939453125,-0.262939453125,-0.262939453125,1,90,True
-,90,38,128,38,90,128,0,0.8447265625,-0.8447265625,-0.8447265625,1,90,True
-,90,39,129,39,90,129,0,0.087646484375,-0.087646484375,-0.087646484375,1,90,True
-,90,40,130,40,90,130,0,0.18603515625,-0.18603515625,-0.18603515625,1,90,True
-,90,41,131,41,90,131,0,0.1505126953125,-0.1505126953125,-0.1505126953125,1,90,True
-,90,42,132,42,90,132,0,0.58349609375,-0.58349609375,-0.58349609375,1,90,True
-,90,43,133,43,90,133,0,1.419921875,-1.419921875,-1.419921875,1,89,False
-,90,44,134,44,90,134,1,0.34521484375,-0.34521484375,-0.34521484375,1,90,True
-,90,45,135,45,90,135,0,0.11614990234375,-0.11614990234375,-0.11614990234375,1,90,True
-,90,46,136,46,90,136,0,0.34130859375,-0.34130859375,-0.34130859375,1,90,True
-,90,47,137,47,90,137,0,0.43701171875,-0.43701171875,-0.43701171875,1,90,True
-,90,48,138,48,90,138,3,0.335693359375,-0.335693359375,-0.335693359375,1,90,True
-,90,49,139,49,90,139,0,0.30517578125,-0.30517578125,-0.30517578125,1,90,True
-,90,50,140,50,90,140,1,3.341796875,-3.341796875,-3.341796875,1,78,False
-,90,51,141,51,90,141,0,0.71875,-0.71875,-0.71875,1,90,True
-,90,52,142,52,90,142,0,2.013671875,-2.013671875,-2.013671875,1,70,False
-,90,53,143,53,90,143,0,3.814453125,-3.814453125,-3.814453125,1,80,False
-,90,54,144,54,90,144,0,0.841796875,-0.841796875,-0.841796875,1,78,False
-,90,55,145,55,90,145,0,2.1953125,-2.1953125,-2.1953125,1,80,False
-,90,56,146,56,90,146,0,2.40234375,-2.40234375,-2.40234375,1,70,False
-,90,57,147,57,90,147,0,0.99951171875,-0.99951171875,-0.99951171875,1,90,True
-,90,58,148,58,90,148,0,2.05078125,-2.05078125,-2.05078125,1,78,False
-,90,59,149,59,90,149,0,0.51416015625,-0.51416015625,-0.51416015625,1,90,True
-,90,60,150,60,90,150,1,1.3037109375,-1.3037109375,-1.3037109375,1,78,False
-,90,61,151,61,90,151,0,1.693359375,-1.693359375,-1.693359375,1,80,False
-,90,62,152,62,90,152,0,0.456298828125,-0.456298828125,-0.456298828125,1,90,True
-,90,63,153,63,90,153,0,3.3828125,-3.3828125,-3.3828125,1,78,False
-,90,64,154,64,90,154,0,0.3515625,-0.3515625,-0.3515625,1,90,True
-,90,65,155,65,90,155,1,0.2103271484375,-0.2103271484375,-0.2103271484375,1,90,True
-,90,66,156,66,90,156,0,0.12054443359375,-0.12054443359375,-0.12054443359375,1,90,True
-,90,67,157,67,90,157,1,0.95654296875,-0.95654296875,-0.95654296875,1,80,False
-,90,68,158,68,90,158,0,0.822265625,-0.822265625,-0.822265625,1,90,True
-,90,69,159,69,90,159,0,0.1195068359375,-0.1195068359375,-0.1195068359375,1,90,True
-,90,70,160,70,90,160,0,0.697265625,-0.697265625,-0.697265625,1,90,True
-,90,71,161,71,90,161,0,3.6484375,-3.6484375,-3.6484375,1,80,False
-,90,72,162,72,90,162,0,2.60546875,-2.60546875,-2.60546875,1,69,False
-,90,73,163,73,90,163,0,2.0234375,-2.0234375,-2.0234375,1,80,False
-,90,74,164,74,90,164,0,0.41552734375,-0.41552734375,-0.41552734375,1,90,True
-,90,75,165,75,90,165,0,1.0693359375,-1.0693359375,-1.0693359375,1,81,False
-,90,76,166,76,90,166,0,1.7880859375,-1.7880859375,-1.7880859375,1,70,False
-,90,77,167,77,90,167,0,0.5712890625,-0.5712890625,-0.5712890625,1,90,True
-,90,78,168,78,90,168,0,0.77197265625,-0.77197265625,-0.77197265625,1,90,True
-,90,79,169,79,90,169,0,0.53857421875,-0.53857421875,-0.53857421875,1,90,True
-,90,80,170,80,90,170,0,0.05206298828125,-0.05206298828125,-0.05206298828125,1,90,True
-,90,81,171,81,90,171,0,0.0704345703125,-0.0704345703125,-0.0704345703125,1,90,True
-,90,82,172,82,90,172,0,0.2135009765625,-0.2135009765625,-0.2135009765625,1,90,True
-,90,83,173,83,90,173,0,0.80419921875,-0.80419921875,-0.80419921875,1,90,True
-,90,84,174,84,90,174,0,0.0107269287109375,-0.0107269287109375,-0.0107269287109375,1,90,True
-,90,85,175,85,90,175,0,0.078369140625,-0.078369140625,-0.078369140625,1,90,True
-,90,86,176,86,90,176,0,0.0111541748046875,-0.0111541748046875,-0.0111541748046875,1,90,True
-,90,87,177,87,90,177,0,0.04364013671875,-0.04364013671875,-0.04364013671875,1,90,True
-,90,88,178,88,90,178,0,0.5546875,-0.5546875,-0.5546875,1,90,True
-,90,89,179,89,90,179,0,0.04901123046875,-0.04901123046875,-0.04901123046875,1,90,True
-,90,90,180,90,90,180,3,0.0190582275390625,-0.0190582275390625,-0.0190582275390625,1,90,True
-,90,91,181,91,90,181,0,0.032623291015625,-0.032623291015625,-0.032623291015625,1,90,True
-,90,92,182,92,90,182,0,0.14794921875,-0.14794921875,-0.14794921875,1,90,True
-,90,93,183,93,90,183,0,0.05218505859375,-0.05218505859375,-0.05218505859375,1,90,True
-,90,94,184,94,90,184,0,0.0396728515625,-0.0396728515625,-0.0396728515625,1,90,True
-,90,95,185,95,90,185,0,0.016448974609375,-0.016448974609375,-0.016448974609375,1,90,True
-,90,96,186,96,90,186,0,3.49609375,-3.49609375,-3.49609375,1,78,False
-,90,97,187,97,90,187,0,0.0643310546875,-0.0643310546875,-0.0643310546875,1,90,True
-,90,98,188,98,90,188,0,0.2958984375,-0.2958984375,-0.2958984375,1,90,True
-,90,99,189,99,90,189,0,0.21337890625,-0.21337890625,-0.21337890625,1,90,True
-,91,10,101,10,91,101,6,0.361328125,-0.361328125,-0.361328125,1,91,True
-,91,11,102,11,91,102,0,0.07568359375,-0.07568359375,-0.07568359375,1,91,True
-,91,12,103,12,91,103,0,0.03326416015625,-0.03326416015625,-0.03326416015625,1,91,True
-,91,13,104,13,91,104,0,0.07232666015625,-0.07232666015625,-0.07232666015625,1,91,True
-,91,14,105,14,91,105,1,0.283935546875,-0.283935546875,-0.283935546875,1,91,True
-,91,15,106,15,91,106,0,0.456298828125,-0.456298828125,-0.456298828125,1,91,True
-,91,16,107,16,91,107,2,0.3916015625,-0.3916015625,-0.3916015625,1,91,True
-,91,17,108,17,91,108,0,1.8193359375,-1.8193359375,-1.8193359375,1,101,False
-,91,18,109,18,91,109,0,3.796875,-3.796875,-3.796875,1,101,False
-,91,19,110,19,91,110,0,0.370361328125,-0.370361328125,-0.370361328125,1,91,True
-,91,20,111,20,91,111,0,0.313720703125,-0.313720703125,-0.313720703125,1,91,True
-,91,21,112,21,91,112,0,0.5263671875,-0.5263671875,-0.5263671875,1,91,True
-,91,22,113,22,91,113,0,0.0867919921875,-0.0867919921875,-0.0867919921875,1,91,True
-,91,23,114,23,91,114,0,2.2578125,-2.2578125,-2.2578125,1,89,False
-,91,24,115,24,91,115,0,0.0213623046875,-0.0213623046875,-0.0213623046875,1,91,True
-,91,25,116,25,91,116,0,0.053955078125,-0.053955078125,-0.053955078125,1,91,True
-,91,26,117,26,91,117,0,0.0672607421875,-0.0672607421875,-0.0672607421875,1,91,True
-,91,27,118,27,91,118,0,0.0404052734375,-0.0404052734375,-0.0404052734375,1,91,True
-,91,28,119,28,91,119,0,0.271484375,-0.271484375,-0.271484375,1,91,True
-,91,29,120,29,91,120,0,0.06768798828125,-0.06768798828125,-0.06768798828125,1,91,True
-,91,30,121,30,91,121,0,0.034271240234375,-0.034271240234375,-0.034271240234375,1,91,True
-,91,31,122,31,91,122,0,0.54638671875,-0.54638671875,-0.54638671875,1,91,True
-,91,32,123,32,91,123,2,0.53369140625,-0.53369140625,-0.53369140625,1,91,True
-,91,33,124,33,91,124,0,0.234130859375,-0.234130859375,-0.234130859375,1,91,True
-,91,34,125,34,91,125,0,1.17578125,-1.17578125,-1.17578125,1,81,False
-,91,35,126,35,91,126,0,1.220703125,-1.220703125,-1.220703125,1,81,False
-,91,36,127,36,91,127,0,0.890625,-0.890625,-0.890625,1,91,True
-,91,37,128,37,91,128,0,0.429443359375,-0.429443359375,-0.429443359375,1,91,True
-,91,38,129,38,91,129,0,0.245849609375,-0.245849609375,-0.245849609375,1,91,True
-,91,39,130,39,91,130,0,0.08514404296875,-0.08514404296875,-0.08514404296875,1,91,True
-,91,40,131,40,91,131,0,0.79296875,-0.79296875,-0.79296875,1,91,True
-,91,41,132,41,91,132,0,0.8935546875,-0.8935546875,-0.8935546875,1,91,True
-,91,42,133,42,91,133,0,0.225830078125,-0.225830078125,-0.225830078125,1,91,True
-,91,43,134,43,91,134,0,0.244384765625,-0.244384765625,-0.244384765625,1,91,True
-,91,44,135,44,91,135,0,0.1842041015625,-0.1842041015625,-0.1842041015625,1,91,True
-,91,45,136,45,91,136,0,0.6181640625,-0.6181640625,-0.6181640625,1,91,True
-,91,46,137,46,91,137,0,1.5048828125,-1.5048828125,-1.5048828125,1,81,False
-,91,47,138,47,91,138,0,0.6259765625,-0.6259765625,-0.6259765625,1,91,True
-,91,48,139,48,91,139,0,0.499755859375,-0.499755859375,-0.499755859375,1,91,True
-,91,49,140,49,91,140,0,0.6318359375,-0.6318359375,-0.6318359375,1,91,True
-,91,50,141,50,91,141,0,2.91015625,-2.91015625,-2.91015625,1,81,False
-,91,51,142,51,91,142,0,1.501953125,-1.501953125,-1.501953125,1,81,False
-,91,52,143,52,91,143,0,2.052734375,-2.052734375,-2.052734375,1,81,False
-,91,53,144,53,91,144,0,0.363037109375,-0.363037109375,-0.363037109375,1,91,True
-,91,54,145,54,91,145,0,0.0616455078125,-0.0616455078125,-0.0616455078125,1,91,True
-,91,55,146,55,91,146,0,3.9765625,-3.9765625,-3.9765625,1,81,False
-,91,56,147,56,91,147,0,3.1796875,-3.1796875,-3.1796875,1,71,False
-,91,57,148,57,91,148,0,1.2431640625,-1.2431640625,-1.2431640625,1,81,False
-,91,58,149,58,91,149,0,0.658203125,-0.658203125,-0.658203125,1,91,True
-,91,59,150,59,91,150,0,0.1646728515625,-0.1646728515625,-0.1646728515625,1,91,True
-,91,60,151,60,91,151,0,3.447265625,-3.447265625,-3.447265625,1,81,False
-,91,61,152,61,91,152,0,2.1328125,-2.1328125,-2.1328125,1,81,False
-,91,62,153,62,91,153,0,0.31494140625,-0.31494140625,-0.31494140625,1,91,True
-,91,63,154,63,91,154,0,1.708984375,-1.708984375,-1.708984375,1,81,False
-,91,64,155,64,91,155,0,1.197265625,-1.197265625,-1.197265625,1,81,False
-,91,65,156,65,91,156,0,0.5078125,-0.5078125,-0.5078125,1,91,True
-,91,66,157,66,91,157,0,0.703125,-0.703125,-0.703125,1,91,True
-,91,67,158,67,91,158,0,1.833984375,-1.833984375,-1.833984375,1,81,False
-,91,68,159,68,91,159,0,0.41162109375,-0.41162109375,-0.41162109375,1,91,True
-,91,69,160,69,91,160,0,0.394287109375,-0.394287109375,-0.394287109375,1,91,True
-,91,70,161,70,91,161,0,3.78515625,-3.78515625,-3.78515625,1,81,False
-,91,71,162,71,91,162,0,4.0546875,-4.0546875,-4.0546875,1,81,False
-,91,72,163,72,91,163,0,2.16015625,-2.16015625,-2.16015625,1,81,False
-,91,73,164,73,91,164,0,3.376953125,-3.376953125,-3.376953125,1,81,False
-,91,74,165,74,91,165,0,1.0517578125,-1.0517578125,-1.0517578125,1,81,False
-,91,75,166,75,91,166,0,2.1328125,-2.1328125,-2.1328125,1,81,False
-,91,76,167,76,91,167,0,4.48828125,-4.48828125,-4.48828125,1,81,False
-,91,77,168,77,91,168,0,0.7119140625,-0.7119140625,-0.7119140625,1,91,True
-,91,78,169,78,91,169,0,0.432373046875,-0.432373046875,-0.432373046875,1,91,True
-,91,79,170,79,91,170,0,0.43017578125,-0.43017578125,-0.43017578125,1,91,True
-,91,80,171,80,91,171,0,0.6767578125,-0.6767578125,-0.6767578125,1,91,True
-,91,81,172,81,91,172,0,0.08587646484375,-0.08587646484375,-0.08587646484375,1,91,True
-,91,82,173,82,91,173,0,0.255859375,-0.255859375,-0.255859375,1,91,True
-,91,83,174,83,91,174,0,0.029754638671875,-0.029754638671875,-0.029754638671875,1,91,True
-,91,84,175,84,91,175,0,0.12347412109375,-0.12347412109375,-0.12347412109375,1,91,True
-,91,85,176,85,91,176,0,0.2061767578125,-0.2061767578125,-0.2061767578125,1,91,True
-,91,86,177,86,91,177,0,0.035369873046875,-0.035369873046875,-0.035369873046875,1,91,True
-,91,87,178,87,91,178,0,0.04083251953125,-0.04083251953125,-0.04083251953125,1,91,True
-,91,88,179,88,91,179,0,0.135009765625,-0.135009765625,-0.135009765625,1,91,True
-,91,89,180,89,91,180,0,0.042999267578125,-0.042999267578125,-0.042999267578125,1,91,True
-,91,90,181,90,91,181,0,0.0271453857421875,-0.0271453857421875,-0.0271453857421875,1,91,True
-,91,91,182,91,91,182,0,0.047515869140625,-0.047515869140625,-0.047515869140625,1,91,True
-,91,92,183,92,91,183,0,0.057708740234375,-0.057708740234375,-0.057708740234375,1,91,True
-,91,93,184,93,91,184,0,0.06884765625,-0.06884765625,-0.06884765625,1,91,True
-,91,94,185,94,91,185,0,0.037567138671875,-0.037567138671875,-0.037567138671875,1,91,True
-,91,95,186,95,91,186,1,0.0257568359375,-0.0257568359375,-0.0257568359375,1,91,True
-,91,96,187,96,91,187,0,0.85693359375,-0.85693359375,-0.85693359375,1,91,True
-,91,97,188,97,91,188,0,0.09814453125,-0.09814453125,-0.09814453125,1,91,True
-,91,98,189,98,91,189,0,0.357666015625,-0.357666015625,-0.357666015625,1,91,True
-,91,99,190,99,91,190,0,0.11175537109375,-0.11175537109375,-0.11175537109375,1,91,True
-,92,10,102,10,92,102,1,0.01555633544921875,-0.01555633544921875,-0.01555633544921875,1,92,True
-,92,11,103,11,92,103,0,0.095947265625,-0.095947265625,-0.095947265625,1,92,True
-,92,12,104,12,92,104,0,0.01190948486328125,-0.01190948486328125,-0.01190948486328125,1,92,True
-,92,13,105,13,92,105,1,0.0526123046875,-0.0526123046875,-0.0526123046875,1,92,True
-,92,14,106,14,92,106,0,0.029327392578125,-0.029327392578125,-0.029327392578125,1,92,True
-,92,15,107,15,92,107,0,0.082275390625,-0.082275390625,-0.082275390625,1,92,True
-,92,16,108,16,92,108,0,0.23388671875,-0.23388671875,-0.23388671875,1,92,True
-,92,17,109,17,92,109,1,0.962890625,-0.962890625,-0.962890625,1,102,False
-,92,18,110,18,92,110,1,0.042755126953125,-0.042755126953125,-0.042755126953125,1,92,True
-,92,19,111,19,92,111,0,0.463623046875,-0.463623046875,-0.463623046875,1,92,True
-,92,20,112,20,92,112,1,0.1707763671875,-0.1707763671875,-0.1707763671875,1,92,True
-,92,21,113,21,92,113,0,0.177978515625,-0.177978515625,-0.177978515625,1,92,True
-,92,22,114,22,92,114,0,0.088134765625,-0.088134765625,-0.088134765625,1,92,True
-,92,23,115,23,92,115,0,0.4560546875,-0.4560546875,-0.4560546875,1,92,True
-,92,24,116,24,92,116,0,0.0139923095703125,-0.0139923095703125,-0.0139923095703125,1,92,True
-,92,25,117,25,92,117,0,0.08795166015625,-0.08795166015625,-0.08795166015625,1,92,True
-,92,26,118,26,92,118,0,0.318603515625,-0.318603515625,-0.318603515625,1,92,True
-,92,27,119,27,92,119,0,0.051727294921875,-0.051727294921875,-0.051727294921875,1,92,True
-,92,28,120,28,92,120,3,0.0300445556640625,-0.0300445556640625,-0.0300445556640625,1,92,True
-,92,29,121,29,92,121,0,0.1422119140625,-0.1422119140625,-0.1422119140625,1,92,True
-,92,30,122,30,92,122,0,0.65869140625,-0.65869140625,-0.65869140625,1,92,True
-,92,31,123,31,92,123,0,1.41796875,-1.41796875,-1.41796875,1,82,False
-,92,32,124,32,92,124,0,0.833984375,-0.833984375,-0.833984375,1,92,True
-,92,33,125,33,92,125,0,1.998046875,-1.998046875,-1.998046875,1,82,False
-,92,34,126,34,92,126,0,0.41015625,-0.41015625,-0.41015625,1,92,True
-,92,35,127,35,92,127,0,1.265625,-1.265625,-1.265625,1,82,False
-,92,36,128,36,92,128,0,0.277099609375,-0.277099609375,-0.277099609375,1,92,True
-,92,37,129,37,92,129,0,0.501953125,-0.501953125,-0.501953125,1,92,True
-,92,38,130,38,92,130,0,0.17041015625,-0.17041015625,-0.17041015625,1,92,True
-,92,39,131,39,92,131,0,0.399658203125,-0.399658203125,-0.399658203125,1,92,True
-,92,40,132,40,92,132,0,0.31982421875,-0.31982421875,-0.31982421875,1,92,True
-,92,41,133,41,92,133,0,0.464599609375,-0.464599609375,-0.464599609375,1,92,True
-,92,42,134,42,92,134,0,0.183837890625,-0.183837890625,-0.183837890625,1,92,True
-,92,43,135,43,92,135,0,0.406005859375,-0.406005859375,-0.406005859375,1,92,True
-,92,44,136,44,92,136,0,0.63037109375,-0.63037109375,-0.63037109375,1,92,True
-,92,45,137,45,92,137,0,1.740234375,-1.740234375,-1.740234375,1,82,False
-,92,46,138,46,92,138,0,0.88916015625,-0.88916015625,-0.88916015625,1,82,False
-,92,47,139,47,92,139,0,1.166015625,-1.166015625,-1.166015625,1,82,False
-,92,48,140,48,92,140,0,0.0782470703125,-0.0782470703125,-0.0782470703125,1,92,True
-,92,49,141,49,92,141,0,1.8251953125,-1.8251953125,-1.8251953125,1,82,False
-,92,50,142,50,92,142,0,2.408203125,-2.408203125,-2.408203125,1,72,False
-,92,51,143,51,92,143,0,0.96923828125,-0.96923828125,-0.96923828125,1,92,True
-,92,52,144,52,92,144,0,0.17626953125,-0.17626953125,-0.17626953125,1,92,True
-,92,53,145,53,92,145,0,0.95166015625,-0.95166015625,-0.95166015625,1,82,False
-,92,54,146,54,92,146,0,0.2030029296875,-0.2030029296875,-0.2030029296875,1,92,True
-,92,55,147,55,92,147,0,3.21484375,-3.21484375,-3.21484375,1,82,False
-,92,56,148,56,92,148,0,1.3828125,-1.3828125,-1.3828125,1,72,False
-,92,57,149,57,92,149,0,0.80224609375,-0.80224609375,-0.80224609375,1,82,False
-,92,58,150,58,92,150,0,0.313232421875,-0.313232421875,-0.313232421875,1,92,True
-,92,59,151,59,92,151,0,1.638671875,-1.638671875,-1.638671875,1,82,False
-,92,60,152,60,92,152,0,0.8232421875,-0.8232421875,-0.8232421875,1,92,True
-,92,61,153,61,92,153,0,1.0859375,-1.0859375,-1.0859375,1,82,False
-,92,62,154,62,92,154,0,0.1954345703125,-0.1954345703125,-0.1954345703125,1,92,True
-,92,63,155,63,92,155,0,0.4306640625,-0.4306640625,-0.4306640625,1,92,True
-,92,64,156,64,92,156,0,0.282958984375,-0.282958984375,-0.282958984375,1,92,True
-,92,65,157,65,92,157,0,1.09375,-1.09375,-1.09375,1,82,False
-,92,66,158,66,92,158,0,0.300537109375,-0.300537109375,-0.300537109375,1,92,True
-,92,67,159,67,92,159,0,0.37109375,-0.37109375,-0.37109375,1,92,True
-,92,68,160,68,92,160,0,0.123779296875,-0.123779296875,-0.123779296875,1,92,True
-,92,69,161,69,92,161,0,2.291015625,-2.291015625,-2.291015625,1,82,False
-,92,70,162,70,92,162,0,1.2841796875,-1.2841796875,-1.2841796875,1,72,False
-,92,71,163,71,92,163,0,2.009765625,-2.009765625,-2.009765625,1,82,False
-,92,72,164,72,92,164,0,0.467041015625,-0.467041015625,-0.467041015625,1,92,True
-,92,73,165,73,92,165,0,1.615234375,-1.615234375,-1.615234375,1,82,False
-,92,74,166,74,92,166,0,0.7802734375,-0.7802734375,-0.7802734375,1,72,False
-,92,75,167,75,92,167,0,1.5361328125,-1.5361328125,-1.5361328125,1,82,False
-,92,76,168,76,92,168,0,0.8046875,-0.8046875,-0.8046875,1,92,True
-,92,77,169,77,92,169,0,0.83740234375,-0.83740234375,-0.83740234375,1,92,True
-,92,78,170,78,92,170,2,0.0875244140625,-0.0875244140625,-0.0875244140625,1,92,True
-,92,79,171,79,92,171,0,0.76953125,-0.76953125,-0.76953125,1,82,False
-,92,80,172,80,92,172,0,0.2021484375,-0.2021484375,-0.2021484375,1,92,True
-,92,81,173,81,92,173,1,0.050262451171875,-0.050262451171875,-0.050262451171875,1,92,True
-,92,82,174,82,92,174,0,0.0909423828125,-0.0909423828125,-0.0909423828125,1,92,True
-,92,83,175,83,92,175,0,0.2061767578125,-0.2061767578125,-0.2061767578125,1,92,True
-,92,84,176,84,92,176,0,0.0567626953125,-0.0567626953125,-0.0567626953125,1,92,True
-,92,85,177,85,92,177,0,0.125,-0.125,-0.125,1,92,True
-,92,86,178,86,92,178,0,0.037841796875,-0.037841796875,-0.037841796875,1,92,True
-,92,87,179,87,92,179,0,0.034759521484375,-0.034759521484375,-0.034759521484375,1,92,True
-,92,88,180,88,92,180,0,0.01617431640625,-0.01617431640625,-0.01617431640625,1,92,True
-,92,89,181,89,92,181,0,0.05841064453125,-0.05841064453125,-0.05841064453125,1,92,True
-,92,90,182,90,92,182,0,0.03179931640625,-0.03179931640625,-0.03179931640625,1,92,True
-,92,91,183,91,92,183,0,0.053314208984375,-0.053314208984375,-0.053314208984375,1,92,True
-,92,92,184,92,92,184,0,0.17431640625,-0.17431640625,-0.17431640625,1,92,True
-,92,93,185,93,92,185,0,0.0701904296875,-0.0701904296875,-0.0701904296875,1,92,True
-,92,94,186,94,92,186,0,0.01491546630859375,-0.01491546630859375,-0.01491546630859375,1,92,True
-,92,95,187,95,92,187,0,0.07470703125,-0.07470703125,-0.07470703125,1,92,True
-,92,96,188,96,92,188,0,0.075439453125,-0.075439453125,-0.075439453125,1,92,True
-,92,97,189,97,92,189,0,0.1197509765625,-0.1197509765625,-0.1197509765625,1,92,True
-,92,98,190,98,92,190,0,0.223876953125,-0.223876953125,-0.223876953125,1,92,True
-,92,99,191,99,92,191,0,0.1820068359375,-0.1820068359375,-0.1820068359375,1,92,True
-,93,10,103,10,93,103,0,0.06781005859375,-0.06781005859375,-0.06781005859375,1,93,True
-,93,11,104,11,93,104,0,0.11749267578125,-0.11749267578125,-0.11749267578125,1,93,True
-,93,12,105,12,93,105,0,0.0141448974609375,-0.0141448974609375,-0.0141448974609375,1,93,True
-,93,13,106,13,93,106,0,0.0283355712890625,-0.0283355712890625,-0.0283355712890625,1,93,True
-,93,14,107,14,93,107,0,0.0472412109375,-0.0472412109375,-0.0472412109375,1,93,True
-,93,15,108,15,93,108,0,0.049835205078125,-0.049835205078125,-0.049835205078125,1,93,True
-,93,16,109,16,93,109,0,0.634765625,-0.634765625,-0.634765625,1,93,True
-,93,17,110,17,93,110,1,0.138916015625,-0.138916015625,-0.138916015625,1,93,True
-,93,18,111,18,93,111,0,0.05914306640625,-0.05914306640625,-0.05914306640625,1,93,True
-,93,19,112,19,93,112,0,0.369140625,-0.369140625,-0.369140625,1,93,True
-,93,20,113,20,93,113,0,0.06890869140625,-0.06890869140625,-0.06890869140625,1,93,True
-,93,21,114,21,93,114,0,0.055633544921875,-0.055633544921875,-0.055633544921875,1,93,True
-,93,22,115,22,93,115,0,0.18994140625,-0.18994140625,-0.18994140625,1,93,True
-,93,23,116,23,93,116,0,0.226318359375,-0.226318359375,-0.226318359375,1,93,True
-,93,24,117,24,93,117,0,0.04736328125,-0.04736328125,-0.04736328125,1,93,True
-,93,25,118,25,93,118,0,0.035491943359375,-0.035491943359375,-0.035491943359375,1,93,True
-,93,26,119,26,93,119,0,0.0965576171875,-0.0965576171875,-0.0965576171875,1,93,True
-,93,27,120,27,93,120,0,0.00691986083984375,-0.00691986083984375,-0.00691986083984375,1,93,True
-,93,28,121,28,93,121,0,0.02764892578125,-0.02764892578125,-0.02764892578125,1,93,True
-,93,29,122,29,93,122,0,0.2091064453125,-0.2091064453125,-0.2091064453125,1,93,True
-,93,30,123,30,93,123,1,0.0755615234375,-0.0755615234375,-0.0755615234375,1,93,True
-,93,31,124,31,93,124,0,0.708984375,-0.708984375,-0.708984375,1,93,True
-,93,32,125,32,93,125,3,0.84033203125,-0.84033203125,-0.84033203125,1,93,True
-,93,33,126,33,93,126,0,0.10888671875,-0.10888671875,-0.10888671875,1,93,True
-,93,34,127,34,93,127,0,0.1968994140625,-0.1968994140625,-0.1968994140625,1,93,True
-,93,35,128,35,93,128,0,0.364501953125,-0.364501953125,-0.364501953125,1,93,True
-,93,36,129,36,93,129,0,0.260986328125,-0.260986328125,-0.260986328125,1,93,True
-,93,37,130,37,93,130,0,0.044219970703125,-0.044219970703125,-0.044219970703125,1,93,True
-,93,38,131,38,93,131,0,0.277099609375,-0.277099609375,-0.277099609375,1,93,True
-,93,39,132,39,93,132,0,0.24755859375,-0.24755859375,-0.24755859375,1,93,True
-,93,40,133,40,93,133,0,0.151611328125,-0.151611328125,-0.151611328125,1,93,True
-,93,41,134,41,93,134,0,0.2440185546875,-0.2440185546875,-0.2440185546875,1,93,True
-,93,42,135,42,93,135,0,0.08563232421875,-0.08563232421875,-0.08563232421875,1,93,True
-,93,43,136,43,93,136,0,0.9638671875,-0.9638671875,-0.9638671875,1,83,False
-,93,44,137,44,93,137,0,1.1279296875,-1.1279296875,-1.1279296875,1,83,False
-,93,45,138,45,93,138,0,0.290283203125,-0.290283203125,-0.290283203125,1,93,True
-,93,46,139,46,93,139,0,1.962890625,-1.962890625,-1.962890625,1,83,False
-,93,47,140,47,93,140,0,1.2080078125,-1.2080078125,-1.2080078125,1,83,False
-,93,48,141,48,93,141,0,1.65625,-1.65625,-1.65625,1,93,True
-,93,49,142,49,93,142,0,1.58984375,-1.58984375,-1.58984375,1,83,False
-,93,50,143,50,93,143,0,2.052734375,-2.052734375,-2.052734375,1,83,False
-,93,51,144,51,93,144,0,0.3291015625,-0.3291015625,-0.3291015625,1,93,True
-,93,52,145,52,93,145,0,0.66259765625,-0.66259765625,-0.66259765625,1,93,True
-,93,53,146,53,93,146,0,2.046875,-2.046875,-2.046875,1,83,False
-,93,54,147,54,93,147,0,0.5517578125,-0.5517578125,-0.5517578125,1,93,True
-,93,55,148,55,93,148,0,1.84765625,-1.84765625,-1.84765625,1,83,False
-,93,56,149,56,93,149,0,1.017578125,-1.017578125,-1.017578125,1,93,True
-,93,57,150,57,93,150,0,0.14697265625,-0.14697265625,-0.14697265625,1,93,True
-,93,58,151,58,93,151,0,1.63671875,-1.63671875,-1.63671875,1,83,False
-,93,59,152,59,93,152,0,2.150390625,-2.150390625,-2.150390625,1,83,False
-,93,60,153,60,93,153,0,0.94140625,-0.94140625,-0.94140625,1,93,True
-,93,61,154,61,93,154,0,0.68701171875,-0.68701171875,-0.68701171875,1,93,True
-,93,62,155,62,93,155,0,0.24462890625,-0.24462890625,-0.24462890625,1,93,True
-,93,63,156,63,93,156,0,0.422119140625,-0.422119140625,-0.422119140625,1,93,True
-,93,64,157,64,93,157,0,1.7236328125,-1.7236328125,-1.7236328125,1,83,False
-,93,65,158,65,93,158,0,0.45654296875,-0.45654296875,-0.45654296875,1,93,True
-,93,66,159,66,93,159,0,0.310302734375,-0.310302734375,-0.310302734375,1,93,True
-,93,67,160,67,93,160,0,0.59375,-0.59375,-0.59375,1,93,True
-,93,68,161,68,93,161,0,1.353515625,-1.353515625,-1.353515625,1,83,False
-,93,69,162,69,93,162,0,3.271484375,-3.271484375,-3.271484375,1,63,False
-,93,70,163,70,93,163,0,1.958984375,-1.958984375,-1.958984375,1,83,False
-,93,71,164,71,93,164,0,2.970703125,-2.970703125,-2.970703125,1,83,False
-,93,72,165,72,93,165,0,1.4326171875,-1.4326171875,-1.4326171875,1,83,False
-,93,73,166,73,93,166,0,2.15625,-2.15625,-2.15625,1,83,False
-,93,74,167,74,93,167,0,1.1435546875,-1.1435546875,-1.1435546875,1,83,False
-,93,75,168,75,93,168,1,0.8974609375,-0.8974609375,-0.8974609375,1,93,True
-,93,76,169,76,93,169,0,2.8515625,-2.8515625,-2.8515625,1,83,False
-,93,77,170,77,93,170,0,0.1370849609375,-0.1370849609375,-0.1370849609375,1,93,True
-,93,78,171,78,93,171,0,0.0745849609375,-0.0745849609375,-0.0745849609375,1,93,True
-,93,79,172,79,93,172,0,0.8984375,-0.8984375,-0.8984375,1,83,False
-,93,80,173,80,93,173,0,0.35986328125,-0.35986328125,-0.35986328125,1,93,True
-,93,81,174,81,93,174,0,0.1300048828125,-0.1300048828125,-0.1300048828125,1,93,True
-,93,82,175,82,93,175,0,0.432861328125,-0.432861328125,-0.432861328125,1,93,True
-,93,83,176,83,93,176,0,0.47900390625,-0.47900390625,-0.47900390625,1,93,True
-,93,84,177,84,93,177,0,0.1156005859375,-0.1156005859375,-0.1156005859375,1,93,True
-,93,85,178,85,93,178,0,0.0299530029296875,-0.0299530029296875,-0.0299530029296875,1,93,True
-,93,86,179,86,93,179,0,0.13232421875,-0.13232421875,-0.13232421875,1,93,True
-,93,87,180,87,93,180,0,0.0070648193359375,-0.0070648193359375,-0.0070648193359375,1,93,True
-,93,88,181,88,93,181,0,0.01751708984375,-0.01751708984375,-0.01751708984375,1,93,True
-,93,89,182,89,93,182,0,0.061004638671875,-0.061004638671875,-0.061004638671875,1,93,True
-,93,90,183,90,93,183,0,0.034393310546875,-0.034393310546875,-0.034393310546875,1,93,True
-,93,91,184,91,93,184,0,0.2437744140625,-0.2437744140625,-0.2437744140625,1,93,True
-,93,92,185,92,93,185,0,0.134033203125,-0.134033203125,-0.134033203125,1,93,True
-,93,93,186,93,93,186,0,0.01018524169921875,-0.01018524169921875,-0.01018524169921875,1,93,True
-,93,94,187,94,93,187,0,0.05859375,-0.05859375,-0.05859375,1,93,True
-,93,95,188,95,93,188,0,0.032196044921875,-0.032196044921875,-0.032196044921875,1,93,True
-,93,96,189,96,93,189,0,0.311279296875,-0.311279296875,-0.311279296875,1,93,True
-,93,97,190,97,93,190,0,0.1834716796875,-0.1834716796875,-0.1834716796875,1,93,True
-,93,98,191,98,93,191,0,0.180908203125,-0.180908203125,-0.180908203125,1,93,True
-,93,99,192,99,93,192,0,0.12115478515625,-0.12115478515625,-0.12115478515625,1,93,True
-,94,10,104,10,94,104,0,0.032958984375,-0.032958984375,-0.032958984375,1,94,True
-,94,11,105,11,94,105,0,0.0223541259765625,-0.0223541259765625,-0.0223541259765625,1,94,True
-,94,12,106,12,94,106,0,0.00693511962890625,-0.00693511962890625,-0.00693511962890625,1,94,True
-,94,13,107,13,94,107,0,0.08184814453125,-0.08184814453125,-0.08184814453125,1,94,True
-,94,14,108,14,94,108,0,0.1654052734375,-0.1654052734375,-0.1654052734375,1,94,True
-,94,15,109,15,94,109,0,0.124267578125,-0.124267578125,-0.124267578125,1,94,True
-,94,16,110,16,94,110,0,0.02301025390625,-0.02301025390625,-0.02301025390625,1,94,True
-,94,17,111,17,94,111,0,0.1832275390625,-0.1832275390625,-0.1832275390625,1,94,True
-,94,18,112,18,94,112,0,0.07476806640625,-0.07476806640625,-0.07476806640625,1,94,True
-,94,19,113,19,94,113,0,0.328125,-0.328125,-0.328125,1,94,True
-,94,20,114,20,94,114,0,0.0489501953125,-0.0489501953125,-0.0489501953125,1,94,True
-,94,21,115,21,94,115,0,0.1602783203125,-0.1602783203125,-0.1602783203125,1,94,True
-,94,22,116,22,94,116,0,0.1463623046875,-0.1463623046875,-0.1463623046875,1,94,True
-,94,23,117,23,94,117,0,0.2452392578125,-0.2452392578125,-0.2452392578125,1,94,True
-,94,24,118,24,94,118,0,0.0173492431640625,-0.0173492431640625,-0.0173492431640625,1,94,True
-,94,25,119,25,94,119,0,0.0477294921875,-0.0477294921875,-0.0477294921875,1,94,True
-,94,26,120,26,94,120,0,0.01611328125,-0.01611328125,-0.01611328125,1,94,True
-,94,27,121,27,94,121,1,0.38623046875,-0.38623046875,-0.38623046875,1,94,True
-,94,28,122,28,94,122,0,0.2340087890625,-0.2340087890625,-0.2340087890625,1,94,True
-,94,29,123,29,94,123,0,0.41015625,-0.41015625,-0.41015625,1,94,True
-,94,30,124,30,94,124,0,0.07928466796875,-0.07928466796875,-0.07928466796875,1,94,True
-,94,31,125,31,94,125,0,1.84375,-1.84375,-1.84375,1,84,False
-,94,32,126,32,94,126,2,0.69580078125,-0.69580078125,-0.69580078125,1,94,True
-,94,33,127,33,94,127,1,0.473388671875,-0.473388671875,-0.473388671875,1,94,True
-,94,34,128,34,94,128,1,1.5517578125,-1.5517578125,-1.5517578125,1,82,False
-,94,35,129,35,94,129,0,0.388916015625,-0.388916015625,-0.388916015625,1,94,True
-,94,36,130,36,94,130,0,0.04962158203125,-0.04962158203125,-0.04962158203125,1,94,True
-,94,37,131,37,94,131,0,0.44287109375,-0.44287109375,-0.44287109375,1,94,True
-,94,38,132,38,94,132,0,0.91748046875,-0.91748046875,-0.91748046875,1,74,False
-,94,39,133,39,94,133,0,0.3115234375,-0.3115234375,-0.3115234375,1,94,True
-,94,40,134,40,94,134,0,0.405029296875,-0.405029296875,-0.405029296875,1,94,True
-,94,41,135,41,94,135,0,0.66162109375,-0.66162109375,-0.66162109375,1,94,True
-,94,42,136,42,94,136,0,0.25634765625,-0.25634765625,-0.25634765625,1,94,True
-,94,43,137,43,94,137,0,0.978515625,-0.978515625,-0.978515625,1,84,False
-,94,44,138,44,94,138,0,0.67626953125,-0.67626953125,-0.67626953125,1,94,True
-,94,45,139,45,94,139,0,1.44921875,-1.44921875,-1.44921875,1,84,False
-,94,46,140,46,94,140,1,1.095703125,-1.095703125,-1.095703125,1,94,True
-,94,47,141,47,94,141,0,2.2421875,-2.2421875,-2.2421875,1,74,False
-,94,48,142,48,94,142,1,2.26953125,-2.26953125,-2.26953125,1,74,False
-,94,49,143,49,94,143,0,1.4296875,-1.4296875,-1.4296875,1,84,False
-,94,50,144,50,94,144,0,0.5634765625,-0.5634765625,-0.5634765625,1,94,True
-,94,51,145,51,94,145,0,0.333251953125,-0.333251953125,-0.333251953125,1,94,True
-,94,52,146,52,94,146,0,1.2109375,-1.2109375,-1.2109375,1,74,False
-,94,53,147,53,94,147,0,2.412109375,-2.412109375,-2.412109375,1,74,False
-,94,54,148,54,94,148,0,0.498779296875,-0.498779296875,-0.498779296875,1,94,True
-,94,55,149,55,94,149,0,3.01953125,-3.01953125,-3.01953125,1,84,False
-,94,56,150,56,94,150,1,0.587890625,-0.587890625,-0.587890625,1,94,True
-,94,57,151,57,94,151,0,1.1162109375,-1.1162109375,-1.1162109375,1,94,True
-,94,58,152,58,94,152,1,2.357421875,-2.357421875,-2.357421875,1,74,False
-,94,59,153,59,94,153,0,0.99560546875,-0.99560546875,-0.99560546875,1,94,True
-,94,60,154,60,94,154,0,0.395263671875,-0.395263671875,-0.395263671875,1,94,True
-,94,61,155,61,94,155,0,1.357421875,-1.357421875,-1.357421875,1,84,False
-,94,62,156,62,94,156,0,0.10174560546875,-0.10174560546875,-0.10174560546875,1,94,True
-,94,63,157,63,94,157,0,0.7626953125,-0.7626953125,-0.7626953125,1,94,True
-,94,64,158,64,94,158,0,1.091796875,-1.091796875,-1.091796875,1,84,False
-,94,65,159,65,94,159,0,0.62939453125,-0.62939453125,-0.62939453125,1,94,True
-,94,66,160,66,94,160,1,0.24853515625,-0.24853515625,-0.24853515625,1,94,True
-,94,67,161,67,94,161,0,3.1328125,-3.1328125,-3.1328125,1,84,False
-,94,68,162,68,94,162,0,1.9951171875,-1.9951171875,-1.9951171875,1,74,False
-,94,69,163,69,94,163,0,2.4609375,-2.4609375,-2.4609375,1,84,False
-,94,70,164,70,94,164,0,2.599609375,-2.599609375,-2.599609375,1,74,False
-,94,71,165,71,94,165,0,3.76953125,-3.76953125,-3.76953125,1,84,False
-,94,72,166,72,94,166,0,2.263671875,-2.263671875,-2.263671875,1,74,False
-,94,73,167,73,94,167,0,3.6875,-3.6875,-3.6875,1,84,False
-,94,74,168,74,94,168,0,0.8125,-0.8125,-0.8125,1,74,False
-,94,75,169,75,94,169,0,1.978515625,-1.978515625,-1.978515625,1,84,False
-,94,76,170,76,94,170,0,0.4658203125,-0.4658203125,-0.4658203125,1,94,True
-,94,77,171,77,94,171,0,0.137939453125,-0.137939453125,-0.137939453125,1,94,True
-,94,78,172,78,94,172,0,0.1103515625,-0.1103515625,-0.1103515625,1,94,True
-,94,79,173,79,94,173,0,0.76171875,-0.76171875,-0.76171875,1,84,False
-,94,80,174,80,94,174,0,0.036895751953125,-0.036895751953125,-0.036895751953125,1,94,True
-,94,81,175,81,94,175,0,0.09063720703125,-0.09063720703125,-0.09063720703125,1,94,True
-,94,82,176,82,94,176,0,0.345703125,-0.345703125,-0.345703125,1,94,True
-,94,83,177,83,94,177,0,0.09716796875,-0.09716796875,-0.09716796875,1,94,True
-,94,84,178,84,94,178,0,0.0298614501953125,-0.0298614501953125,-0.0298614501953125,1,94,True
-,94,85,179,85,94,179,0,0.09283447265625,-0.09283447265625,-0.09283447265625,1,94,True
-,94,86,180,86,94,180,0,0.01157379150390625,-0.01157379150390625,-0.01157379150390625,1,94,True
-,94,87,181,87,94,181,0,0.02252197265625,-0.02252197265625,-0.02252197265625,1,94,True
-,94,88,182,88,94,182,0,0.1064453125,-0.1064453125,-0.1064453125,1,94,True
-,94,89,183,89,94,183,0,0.02960205078125,-0.02960205078125,-0.02960205078125,1,94,True
-,94,90,184,90,94,184,0,0.043212890625,-0.043212890625,-0.043212890625,1,94,True
-,94,91,185,91,94,185,0,0.06634521484375,-0.06634521484375,-0.06634521484375,1,94,True
-,94,92,186,92,94,186,0,0.1396484375,-0.1396484375,-0.1396484375,1,94,True
-,94,93,187,93,94,187,0,0.08941650390625,-0.08941650390625,-0.08941650390625,1,94,True
-,94,94,188,94,94,188,0,0.042022705078125,-0.042022705078125,-0.042022705078125,1,94,True
-,94,95,189,95,94,189,0,0.056488037109375,-0.056488037109375,-0.056488037109375,1,94,True
-,94,96,190,96,94,190,0,0.0166168212890625,-0.0166168212890625,-0.0166168212890625,1,94,True
-,94,97,191,97,94,191,0,0.27099609375,-0.27099609375,-0.27099609375,1,94,True
-,94,98,192,98,94,192,0,0.0311737060546875,-0.0311737060546875,-0.0311737060546875,1,94,True
-,94,99,193,99,94,193,0,0.1041259765625,-0.1041259765625,-0.1041259765625,1,94,True
-,95,10,105,10,95,105,0,0.22998046875,-0.22998046875,-0.22998046875,1,95,True
-,95,11,106,11,95,106,0,0.036956787109375,-0.036956787109375,-0.036956787109375,1,95,True
-,95,12,107,12,95,107,0,0.132080078125,-0.132080078125,-0.132080078125,1,95,True
-,95,13,108,13,95,108,0,0.060150146484375,-0.060150146484375,-0.060150146484375,1,95,True
-,95,14,109,14,95,109,0,0.048553466796875,-0.048553466796875,-0.048553466796875,1,95,True
-,95,15,110,15,95,110,1,0.055511474609375,-0.055511474609375,-0.055511474609375,1,95,True
-,95,16,111,16,95,111,0,0.061553955078125,-0.061553955078125,-0.061553955078125,1,95,True
-,95,17,112,17,95,112,0,0.5966796875,-0.5966796875,-0.5966796875,1,95,True
-,95,18,113,18,95,113,0,0.2032470703125,-0.2032470703125,-0.2032470703125,1,95,True
-,95,19,114,19,95,114,0,0.1534423828125,-0.1534423828125,-0.1534423828125,1,95,True
-,95,20,115,20,95,115,0,0.1612548828125,-0.1612548828125,-0.1612548828125,1,95,True
-,95,21,116,21,95,116,0,0.076171875,-0.076171875,-0.076171875,1,95,True
-,95,22,117,22,95,117,0,0.1400146484375,-0.1400146484375,-0.1400146484375,1,95,True
-,95,23,118,23,95,118,0,1.8740234375,-1.8740234375,-1.8740234375,1,97,False
-,95,24,119,24,95,119,0,0.0341796875,-0.0341796875,-0.0341796875,1,95,True
-,95,25,120,25,95,120,11,0.03271484375,-0.03271484375,-0.03271484375,1,95,True
-,95,26,121,26,95,121,0,0.2822265625,-0.2822265625,-0.2822265625,1,95,True
-,95,27,122,27,95,122,0,0.139404296875,-0.139404296875,-0.139404296875,1,95,True
-,95,28,123,28,95,123,0,0.28955078125,-0.28955078125,-0.28955078125,1,95,True
-,95,29,124,29,95,124,0,0.7197265625,-0.7197265625,-0.7197265625,1,95,True
-,95,30,125,30,95,125,0,0.55908203125,-0.55908203125,-0.55908203125,1,95,True
-,95,31,126,31,95,126,0,0.405517578125,-0.405517578125,-0.405517578125,1,95,True
-,95,32,127,32,95,127,1,0.9052734375,-0.9052734375,-0.9052734375,1,95,True
-,95,33,128,33,95,128,0,0.326904296875,-0.326904296875,-0.326904296875,1,95,True
-,95,34,129,34,95,129,0,0.354248046875,-0.354248046875,-0.354248046875,1,95,True
-,95,35,130,35,95,130,0,0.931640625,-0.931640625,-0.931640625,1,95,True
-,95,36,131,36,95,131,0,1.029296875,-1.029296875,-1.029296875,1,85,False
-,95,37,132,37,95,132,0,0.7177734375,-0.7177734375,-0.7177734375,1,95,True
-,95,38,133,38,95,133,0,1.189453125,-1.189453125,-1.189453125,1,95,True
-,95,39,134,39,95,134,0,0.9873046875,-0.9873046875,-0.9873046875,1,85,False
-,95,40,135,40,95,135,1,0.63623046875,-0.63623046875,-0.63623046875,1,95,True
-,95,41,136,41,95,136,0,0.67724609375,-0.67724609375,-0.67724609375,1,95,True
-,95,42,137,42,95,137,0,0.75390625,-0.75390625,-0.75390625,1,95,True
-,95,43,138,43,95,138,0,0.75927734375,-0.75927734375,-0.75927734375,1,95,True
-,95,44,139,44,95,139,0,3.33984375,-3.33984375,-3.33984375,1,85,False
-,95,45,140,45,95,140,0,2.904296875,-2.904296875,-2.904296875,1,85,False
-,95,46,141,46,95,141,0,2.904296875,-2.904296875,-2.904296875,1,85,False
-,95,47,142,47,95,142,1,4.1015625,-4.1015625,-4.1015625,1,85,False
-,95,48,143,48,95,143,0,1.1201171875,-1.1201171875,-1.1201171875,1,95,True
-,95,49,144,49,95,144,0,0.1773681640625,-0.1773681640625,-0.1773681640625,1,95,True
-,95,50,145,50,95,145,0,0.63232421875,-0.63232421875,-0.63232421875,1,95,True
-,95,51,146,51,95,146,0,0.63671875,-0.63671875,-0.63671875,1,95,True
-,95,52,147,52,95,147,0,1.4345703125,-1.4345703125,-1.4345703125,1,85,False
-,95,53,148,53,95,148,0,1.7490234375,-1.7490234375,-1.7490234375,1,85,False
-,95,54,149,54,95,149,1,0.423828125,-0.423828125,-0.423828125,1,95,True
-,95,55,150,55,95,150,0,2.609375,-2.609375,-2.609375,1,85,False
-,95,56,151,56,95,151,0,2.037109375,-2.037109375,-2.037109375,1,85,False
-,95,57,152,57,95,152,0,1.9736328125,-1.9736328125,-1.9736328125,1,85,False
-,95,58,153,58,95,153,0,1.2353515625,-1.2353515625,-1.2353515625,1,85,False
-,95,59,154,59,95,154,0,1.2880859375,-1.2880859375,-1.2880859375,1,85,False
-,95,60,155,60,95,155,0,0.98779296875,-0.98779296875,-0.98779296875,1,85,False
-,95,61,156,61,95,156,0,0.50146484375,-0.50146484375,-0.50146484375,1,95,True
-,95,62,157,62,95,157,0,0.3251953125,-0.3251953125,-0.3251953125,1,95,True
-,95,63,158,63,95,158,0,0.78955078125,-0.78955078125,-0.78955078125,1,95,True
-,95,64,159,64,95,159,0,0.314453125,-0.314453125,-0.314453125,1,95,True
-,95,65,160,65,95,160,0,1.4189453125,-1.4189453125,-1.4189453125,1,85,False
-,95,66,161,66,95,161,0,0.56298828125,-0.56298828125,-0.56298828125,1,95,True
-,95,67,162,67,95,162,0,3.189453125,-3.189453125,-3.189453125,1,85,False
-,95,68,163,68,95,163,0,2.2734375,-2.2734375,-2.2734375,1,85,False
-,95,69,164,69,95,164,0,3.09765625,-3.09765625,-3.09765625,1,85,False
-,95,70,165,70,95,165,0,2.826171875,-2.826171875,-2.826171875,1,85,False
-,95,71,166,71,95,166,0,3.73828125,-3.73828125,-3.73828125,1,85,False
-,95,72,167,72,95,167,0,2.69140625,-2.69140625,-2.69140625,1,85,False
-,95,73,168,73,95,168,0,2.1875,-2.1875,-2.1875,1,85,False
-,95,74,169,74,95,169,0,2.16015625,-2.16015625,-2.16015625,1,85,False
-,95,75,170,75,95,170,0,1.029296875,-1.029296875,-1.029296875,1,85,False
-,95,76,171,76,95,171,0,3.966796875,-3.966796875,-3.966796875,1,85,False
-,95,77,172,77,95,172,0,0.50341796875,-0.50341796875,-0.50341796875,1,95,True
-,95,78,173,78,95,173,0,0.47216796875,-0.47216796875,-0.47216796875,1,95,True
-,95,79,174,79,95,174,0,0.51806640625,-0.51806640625,-0.51806640625,1,95,True
-,95,80,175,80,95,175,1,0.38525390625,-0.38525390625,-0.38525390625,1,95,True
-,95,81,176,81,95,176,0,0.301025390625,-0.301025390625,-0.301025390625,1,95,True
-,95,82,177,82,95,177,0,0.42724609375,-0.42724609375,-0.42724609375,1,95,True
-,95,83,178,83,95,178,0,0.41162109375,-0.41162109375,-0.41162109375,1,95,True
-,95,84,179,84,95,179,0,0.1466064453125,-0.1466064453125,-0.1466064453125,1,95,True
-,95,85,180,85,95,180,0,0.0228729248046875,-0.0228729248046875,-0.0228729248046875,1,95,True
-,95,86,181,86,95,181,0,0.03472900390625,-0.03472900390625,-0.03472900390625,1,95,True
-,95,87,182,87,95,182,0,0.03717041015625,-0.03717041015625,-0.03717041015625,1,95,True
-,95,88,183,88,95,183,0,0.3369140625,-0.3369140625,-0.3369140625,1,95,True
-,95,89,184,89,95,184,0,0.05718994140625,-0.05718994140625,-0.05718994140625,1,95,True
-,95,90,185,90,95,185,0,0.0396728515625,-0.0396728515625,-0.0396728515625,1,95,True
-,95,91,186,91,95,186,0,0.0413818359375,-0.0413818359375,-0.0413818359375,1,95,True
-,95,92,187,92,95,187,0,0.403076171875,-0.403076171875,-0.403076171875,1,95,True
-,95,93,188,93,95,188,0,0.08062744140625,-0.08062744140625,-0.08062744140625,1,95,True
-,95,94,189,94,95,189,0,0.0147552490234375,-0.0147552490234375,-0.0147552490234375,1,95,True
-,95,95,190,95,95,190,0,0.150390625,-0.150390625,-0.150390625,1,95,True
-,95,96,191,96,95,191,0,1.7216796875,-1.7216796875,-1.7216796875,1,94,False
-,95,97,192,97,95,192,0,0.04388427734375,-0.04388427734375,-0.04388427734375,1,95,True
-,95,98,193,98,95,193,0,0.376220703125,-0.376220703125,-0.376220703125,1,95,True
-,95,99,194,99,95,194,0,0.08203125,-0.08203125,-0.08203125,1,95,True
-,96,10,106,10,96,106,0,0.01396942138671875,-0.01396942138671875,-0.01396942138671875,1,96,True
-,96,11,107,11,96,107,1,0.05096435546875,-0.05096435546875,-0.05096435546875,1,96,True
-,96,12,108,12,96,108,1,0.0073394775390625,-0.0073394775390625,-0.0073394775390625,1,96,True
-,96,13,109,13,96,109,0,0.017822265625,-0.017822265625,-0.017822265625,1,96,True
-,96,14,110,14,96,110,0,0.01084136962890625,-0.01084136962890625,-0.01084136962890625,1,96,True
-,96,15,111,15,96,111,0,0.019622802734375,-0.019622802734375,-0.019622802734375,1,96,True
-,96,16,112,16,96,112,0,0.021820068359375,-0.021820068359375,-0.021820068359375,1,96,True
-,96,17,113,17,96,113,0,0.08929443359375,-0.08929443359375,-0.08929443359375,1,96,True
-,96,18,114,18,96,114,0,0.0185546875,-0.0185546875,-0.0185546875,1,96,True
-,96,19,115,19,96,115,0,0.1710205078125,-0.1710205078125,-0.1710205078125,1,96,True
-,96,20,116,20,96,116,0,0.0279541015625,-0.0279541015625,-0.0279541015625,1,96,True
-,96,21,117,21,96,117,0,0.0584716796875,-0.0584716796875,-0.0584716796875,1,96,True
-,96,22,118,22,96,118,0,0.07659912109375,-0.07659912109375,-0.07659912109375,1,96,True
-,96,23,119,23,96,119,0,0.9619140625,-0.9619140625,-0.9619140625,1,96,True
-,96,24,120,24,96,120,2,0.017974853515625,-0.017974853515625,-0.017974853515625,1,96,True
-,96,25,121,25,96,121,0,0.22021484375,-0.22021484375,-0.22021484375,1,96,True
-,96,26,122,26,96,122,0,0.105712890625,-0.105712890625,-0.105712890625,1,96,True
-,96,27,123,27,96,123,0,0.2191162109375,-0.2191162109375,-0.2191162109375,1,96,True
-,96,28,124,28,96,124,0,0.483642578125,-0.483642578125,-0.483642578125,1,96,True
-,96,29,125,29,96,125,0,0.64599609375,-0.64599609375,-0.64599609375,1,96,True
-,96,30,126,30,96,126,0,0.1285400390625,-0.1285400390625,-0.1285400390625,1,96,True
-,96,31,127,31,96,127,1,0.51318359375,-0.51318359375,-0.51318359375,1,96,True
-,96,32,128,32,96,128,5,0.412109375,-0.412109375,-0.412109375,1,96,True
-,96,33,129,33,96,129,0,0.2183837890625,-0.2183837890625,-0.2183837890625,1,96,True
-,96,34,130,34,96,130,0,0.050018310546875,-0.050018310546875,-0.050018310546875,1,96,True
-,96,35,131,35,96,131,0,0.402587890625,-0.402587890625,-0.402587890625,1,96,True
-,96,36,132,36,96,132,0,1.4248046875,-1.4248046875,-1.4248046875,1,86,False
-,96,37,133,37,96,133,0,0.513671875,-0.513671875,-0.513671875,1,96,True
-,96,38,134,38,96,134,0,1.3359375,-1.3359375,-1.3359375,1,92,False
-,96,39,135,39,96,135,0,0.1458740234375,-0.1458740234375,-0.1458740234375,1,96,True
-,96,40,136,40,96,136,2,0.335693359375,-0.335693359375,-0.335693359375,1,96,True
-,96,41,137,41,96,137,0,0.71484375,-0.71484375,-0.71484375,1,96,True
-,96,42,138,42,96,138,0,0.2548828125,-0.2548828125,-0.2548828125,1,96,True
-,96,43,139,43,96,139,0,0.91943359375,-0.91943359375,-0.91943359375,1,86,False
-,96,44,140,44,96,140,0,1.50390625,-1.50390625,-1.50390625,1,86,False
-,96,45,141,45,96,141,0,0.447265625,-0.447265625,-0.447265625,1,96,True
-,96,46,142,46,96,142,0,3.22265625,-3.22265625,-3.22265625,1,86,False
-,96,47,143,47,96,143,0,1.435546875,-1.435546875,-1.435546875,1,86,False
-,96,48,144,48,96,144,0,0.87353515625,-0.87353515625,-0.87353515625,1,96,True
-,96,49,145,49,96,145,0,0.25537109375,-0.25537109375,-0.25537109375,1,96,True
-,96,50,146,50,96,146,0,0.482421875,-0.482421875,-0.482421875,1,96,True
-,96,51,147,51,96,147,0,0.39501953125,-0.39501953125,-0.39501953125,1,96,True
-,96,52,148,52,96,148,0,1.0556640625,-1.0556640625,-1.0556640625,1,86,False
-,96,53,149,53,96,149,0,0.7294921875,-0.7294921875,-0.7294921875,1,96,True
-,96,54,150,54,96,150,1,0.179931640625,-0.179931640625,-0.179931640625,1,96,True
-,96,55,151,55,96,151,0,2.900390625,-2.900390625,-2.900390625,1,86,False
-,96,56,152,56,96,152,0,0.40234375,-0.40234375,-0.40234375,1,96,True
-,96,57,153,57,96,153,0,0.279541015625,-0.279541015625,-0.279541015625,1,96,True
-,96,58,154,58,96,154,0,0.8701171875,-0.8701171875,-0.8701171875,1,96,True
-,96,59,155,59,96,155,0,0.2078857421875,-0.2078857421875,-0.2078857421875,1,96,True
-,96,60,156,60,96,156,0,0.5517578125,-0.5517578125,-0.5517578125,1,96,True
-,96,61,157,61,96,157,0,0.525390625,-0.525390625,-0.525390625,1,96,True
-,96,62,158,62,96,158,0,0.388671875,-0.388671875,-0.388671875,1,96,True
-,96,63,159,63,96,159,0,0.097412109375,-0.097412109375,-0.097412109375,1,96,True
-,96,64,160,64,96,160,0,0.01325225830078125,-0.01325225830078125,-0.01325225830078125,1,96,True
-,96,65,161,65,96,161,0,0.85498046875,-0.85498046875,-0.85498046875,1,96,True
-,96,66,162,66,96,162,0,0.76953125,-0.76953125,-0.76953125,1,96,True
-,96,67,163,67,96,163,0,1.7373046875,-1.7373046875,-1.7373046875,1,86,False
-,96,68,164,68,96,164,0,1.90234375,-1.90234375,-1.90234375,1,86,False
-,96,69,165,69,96,165,0,1.2958984375,-1.2958984375,-1.2958984375,1,86,False
-,96,70,166,70,96,166,0,2.17578125,-2.17578125,-2.17578125,1,76,False
-,96,71,167,71,96,167,0,3.064453125,-3.064453125,-3.064453125,1,86,False
-,96,72,168,72,96,168,0,0.23876953125,-0.23876953125,-0.23876953125,1,96,True
-,96,73,169,73,96,169,0,2.25390625,-2.25390625,-2.25390625,1,86,False
-,96,74,170,74,96,170,0,0.06439208984375,-0.06439208984375,-0.06439208984375,1,96,True
-,96,75,171,75,96,171,0,0.134765625,-0.134765625,-0.134765625,1,96,True
-,96,76,172,76,96,172,0,0.9287109375,-0.9287109375,-0.9287109375,1,86,False
-,96,77,173,77,96,173,0,0.34375,-0.34375,-0.34375,1,96,True
-,96,78,174,78,96,174,0,0.1353759765625,-0.1353759765625,-0.1353759765625,1,96,True
-,96,79,175,79,96,175,0,0.49365234375,-0.49365234375,-0.49365234375,1,96,True
-,96,80,176,80,96,176,0,0.04669189453125,-0.04669189453125,-0.04669189453125,1,96,True
-,96,81,177,81,96,177,0,0.1298828125,-0.1298828125,-0.1298828125,1,96,True
-,96,82,178,82,96,178,0,0.0640869140625,-0.0640869140625,-0.0640869140625,1,96,True
-,96,83,179,83,96,179,0,0.055633544921875,-0.055633544921875,-0.055633544921875,1,96,True
-,96,84,180,84,96,180,1,0.019317626953125,-0.019317626953125,-0.019317626953125,1,96,True
-,96,85,181,85,96,181,0,0.0273590087890625,-0.0273590087890625,-0.0273590087890625,1,96,True
-,96,86,182,86,96,182,0,0.0185546875,-0.0185546875,-0.0185546875,1,96,True
-,96,87,183,87,96,183,0,0.018890380859375,-0.018890380859375,-0.018890380859375,1,96,True
-,96,88,184,88,96,184,0,0.030487060546875,-0.030487060546875,-0.030487060546875,1,96,True
-,96,89,185,89,96,185,0,0.032806396484375,-0.032806396484375,-0.032806396484375,1,96,True
-,96,90,186,90,96,186,0,0.00708770751953125,-0.00708770751953125,-0.00708770751953125,1,96,True
-,96,91,187,91,96,187,0,0.0274200439453125,-0.0274200439453125,-0.0274200439453125,1,96,True
-,96,92,188,92,96,188,0,0.1287841796875,-0.1287841796875,-0.1287841796875,1,96,True
-,96,93,189,93,96,189,0,0.0111083984375,-0.0111083984375,-0.0111083984375,1,96,True
-,96,94,190,94,96,190,0,0.012847900390625,-0.012847900390625,-0.012847900390625,1,96,True
-,96,95,191,95,96,191,0,0.0277252197265625,-0.0277252197265625,-0.0277252197265625,1,96,True
-,96,96,192,96,96,192,0,0.35888671875,-0.35888671875,-0.35888671875,1,96,True
-,96,97,193,97,96,193,0,0.0286407470703125,-0.0286407470703125,-0.0286407470703125,1,96,True
-,96,98,194,98,96,194,0,0.19091796875,-0.19091796875,-0.19091796875,1,96,True
-,96,99,195,99,96,195,0,0.055877685546875,-0.055877685546875,-0.055877685546875,1,96,True
-,97,10,107,10,97,107,1,0.27685546875,-0.27685546875,-0.27685546875,1,97,True
-,97,11,108,11,97,108,0,0.11114501953125,-0.11114501953125,-0.11114501953125,1,97,True
-,97,12,109,12,97,109,1,0.0909423828125,-0.0909423828125,-0.0909423828125,1,97,True
-,97,13,110,13,97,110,0,0.5087890625,-0.5087890625,-0.5087890625,1,97,True
-,97,14,111,14,97,111,0,0.2281494140625,-0.2281494140625,-0.2281494140625,1,97,True
-,97,15,112,15,97,112,1,0.114013671875,-0.114013671875,-0.114013671875,1,97,True
-,97,16,113,16,97,113,2,0.4287109375,-0.4287109375,-0.4287109375,1,97,True
-,97,17,114,17,97,114,1,0.48193359375,-0.48193359375,-0.48193359375,1,97,True
-,97,18,115,18,97,115,1,0.515625,-0.515625,-0.515625,1,97,True
-,97,19,116,19,97,116,0,0.6953125,-0.6953125,-0.6953125,1,97,True
-,97,20,117,20,97,117,0,0.3857421875,-0.3857421875,-0.3857421875,1,97,True
-,97,21,118,21,97,118,1,0.2337646484375,-0.2337646484375,-0.2337646484375,1,97,True
-,97,22,119,22,97,119,0,0.292236328125,-0.292236328125,-0.292236328125,1,97,True
-,97,23,120,23,97,120,0,0.07305908203125,-0.07305908203125,-0.07305908203125,1,97,True
-,97,24,121,24,97,121,0,0.1783447265625,-0.1783447265625,-0.1783447265625,1,97,True
-,97,25,122,25,97,122,0,0.311279296875,-0.311279296875,-0.311279296875,1,97,True
-,97,26,123,26,97,123,0,0.341064453125,-0.341064453125,-0.341064453125,1,97,True
-,97,27,124,27,97,124,0,0.11407470703125,-0.11407470703125,-0.11407470703125,1,97,True
-,97,28,125,28,97,125,0,1.3046875,-1.3046875,-1.3046875,1,87,False
-,97,29,126,29,97,126,0,0.462890625,-0.462890625,-0.462890625,1,97,True
-,97,30,127,30,97,127,1,0.61181640625,-0.61181640625,-0.61181640625,1,97,True
-,97,31,128,31,97,128,0,1.369140625,-1.369140625,-1.369140625,1,87,False
-,97,32,129,32,97,129,0,1.05078125,-1.05078125,-1.05078125,1,97,True
-,97,33,130,33,97,130,0,0.1915283203125,-0.1915283203125,-0.1915283203125,1,97,True
-,97,34,131,34,97,131,0,1.037109375,-1.037109375,-1.037109375,1,87,False
-,97,35,132,35,97,132,0,0.2236328125,-0.2236328125,-0.2236328125,1,97,True
-,97,36,133,36,97,133,0,0.6669921875,-0.6669921875,-0.6669921875,1,97,True
-,97,37,134,37,97,134,0,1.533203125,-1.533203125,-1.533203125,1,87,False
-,97,38,135,38,97,135,0,1.3046875,-1.3046875,-1.3046875,1,87,False
-,97,39,136,39,97,136,0,1.068359375,-1.068359375,-1.068359375,1,87,False
-,97,40,137,40,97,137,0,2.193359375,-2.193359375,-2.193359375,1,87,False
-,97,41,138,41,97,138,0,1.603515625,-1.603515625,-1.603515625,1,87,False
-,97,42,139,42,97,139,1,1.1669921875,-1.1669921875,-1.1669921875,1,87,False
-,97,43,140,43,97,140,0,4.43359375,-4.43359375,-4.43359375,1,87,False
-,97,44,141,44,97,141,0,4.5390625,-4.5390625,-4.5390625,1,87,False
-,97,45,142,45,97,142,0,3.09375,-3.09375,-3.09375,1,87,False
-,97,46,143,46,97,143,0,3.044921875,-3.044921875,-3.044921875,1,87,False
-,97,47,144,47,97,144,0,1.0439453125,-1.0439453125,-1.0439453125,1,87,False
-,97,48,145,48,97,145,0,0.36767578125,-0.36767578125,-0.36767578125,1,97,True
-,97,49,146,49,97,146,0,2.431640625,-2.431640625,-2.431640625,1,87,False
-,97,50,147,50,97,147,0,2.419921875,-2.419921875,-2.419921875,1,87,False
-,97,51,148,51,97,148,0,1.2705078125,-1.2705078125,-1.2705078125,1,87,False
-,97,52,149,52,97,149,0,1.078125,-1.078125,-1.078125,1,87,False
-,97,53,150,53,97,150,0,0.5146484375,-0.5146484375,-0.5146484375,1,97,True
-,97,54,151,54,97,151,0,0.55322265625,-0.55322265625,-0.55322265625,1,97,True
-,97,55,152,55,97,152,0,2.66796875,-2.66796875,-2.66796875,1,87,False
-,97,56,153,56,97,153,0,0.7041015625,-0.7041015625,-0.7041015625,1,97,True
-,97,57,154,57,97,154,0,1.1064453125,-1.1064453125,-1.1064453125,1,87,False
-,97,58,155,58,97,155,0,0.89453125,-0.89453125,-0.89453125,1,87,False
-,97,59,156,59,97,156,0,0.76220703125,-0.76220703125,-0.76220703125,1,97,True
-,97,60,157,60,97,157,0,0.468994140625,-0.468994140625,-0.468994140625,1,97,True
-,97,61,158,61,97,158,0,0.7763671875,-0.7763671875,-0.7763671875,1,87,False
-,97,62,159,62,97,159,0,0.380859375,-0.380859375,-0.380859375,1,97,True
-,97,63,160,63,97,160,0,0.61328125,-0.61328125,-0.61328125,1,97,True
-,97,64,161,64,97,161,0,3.3359375,-3.3359375,-3.3359375,1,87,False
-,97,65,162,65,97,162,0,1.03125,-1.03125,-1.03125,1,87,False
-,97,66,163,66,97,163,0,1.1259765625,-1.1259765625,-1.1259765625,1,87,False
-,97,67,164,67,97,164,0,3.7109375,-3.7109375,-3.7109375,1,87,False
-,97,68,165,68,97,165,0,2.017578125,-2.017578125,-2.017578125,1,87,False
-,97,69,166,69,97,166,0,3.443359375,-3.443359375,-3.443359375,1,87,False
-,97,70,167,70,97,167,0,3.31640625,-3.31640625,-3.31640625,1,87,False
-,97,71,168,71,97,168,0,3.38671875,-3.38671875,-3.38671875,1,87,False
-,97,72,169,72,97,169,0,1.9482421875,-1.9482421875,-1.9482421875,1,87,False
-,97,73,170,73,97,170,0,2.05859375,-2.05859375,-2.05859375,1,87,False
-,97,74,171,74,97,171,0,1.2890625,-1.2890625,-1.2890625,1,87,False
-,97,75,172,75,97,172,0,0.56689453125,-0.56689453125,-0.56689453125,1,97,True
-,97,76,173,76,97,173,0,2.408203125,-2.408203125,-2.408203125,1,87,False
-,97,77,174,77,97,174,0,0.58984375,-0.58984375,-0.58984375,1,97,True
-,97,78,175,78,97,175,0,0.416748046875,-0.416748046875,-0.416748046875,1,97,True
-,97,79,176,79,97,176,0,2.62890625,-2.62890625,-2.62890625,1,87,False
-,97,80,177,80,97,177,0,0.794921875,-0.794921875,-0.794921875,1,87,False
-,97,81,178,81,97,178,0,0.202880859375,-0.202880859375,-0.202880859375,1,97,True
-,97,82,179,82,97,179,0,0.224609375,-0.224609375,-0.224609375,1,97,True
-,97,83,180,83,97,180,0,0.067138671875,-0.067138671875,-0.067138671875,1,97,True
-,97,84,181,84,97,181,0,0.197021484375,-0.197021484375,-0.197021484375,1,97,True
-,97,85,182,85,97,182,0,0.09552001953125,-0.09552001953125,-0.09552001953125,1,97,True
-,97,86,183,86,97,183,0,0.057098388671875,-0.057098388671875,-0.057098388671875,1,97,True
-,97,87,184,87,97,184,0,0.05609130859375,-0.05609130859375,-0.05609130859375,1,97,True
-,97,88,185,88,97,185,0,0.10595703125,-0.10595703125,-0.10595703125,1,97,True
-,97,89,186,89,97,186,0,0.041351318359375,-0.041351318359375,-0.041351318359375,1,97,True
-,97,90,187,90,97,187,0,0.3583984375,-0.3583984375,-0.3583984375,1,97,True
-,97,91,188,91,97,188,0,0.08782958984375,-0.08782958984375,-0.08782958984375,1,97,True
-,97,92,189,92,97,189,0,0.09722900390625,-0.09722900390625,-0.09722900390625,1,97,True
-,97,93,190,93,97,190,0,0.92919921875,-0.92919921875,-0.92919921875,1,107,False
-,97,94,191,94,97,191,0,0.035369873046875,-0.035369873046875,-0.035369873046875,1,97,True
-,97,95,192,95,97,192,0,0.15283203125,-0.15283203125,-0.15283203125,1,97,True
-,97,96,193,96,97,193,0,0.1973876953125,-0.1973876953125,-0.1973876953125,1,97,True
-,97,97,194,97,97,194,0,0.416259765625,-0.416259765625,-0.416259765625,1,97,True
-,97,98,195,98,97,195,0,0.2239990234375,-0.2239990234375,-0.2239990234375,1,97,True
-,97,99,196,99,97,196,0,0.238525390625,-0.238525390625,-0.238525390625,1,97,True
-,98,10,108,10,98,108,1,0.07281494140625,-0.07281494140625,-0.07281494140625,1,98,True
-,98,11,109,11,98,109,0,0.377197265625,-0.377197265625,-0.377197265625,1,98,True
-,98,12,110,12,98,110,0,0.00798797607421875,-0.00798797607421875,-0.00798797607421875,1,98,True
-,98,13,111,13,98,111,0,0.148193359375,-0.148193359375,-0.148193359375,1,98,True
-,98,14,112,14,98,112,1,0.056854248046875,-0.056854248046875,-0.056854248046875,1,98,True
-,98,15,113,15,98,113,0,0.052337646484375,-0.052337646484375,-0.052337646484375,1,98,True
-,98,16,114,16,98,114,0,0.05194091796875,-0.05194091796875,-0.05194091796875,1,98,True
-,98,17,115,17,98,115,0,0.306884765625,-0.306884765625,-0.306884765625,1,98,True
-,98,18,116,18,98,116,0,0.00966644287109375,-0.00966644287109375,-0.00966644287109375,1,98,True
-,98,19,117,19,98,117,0,0.267333984375,-0.267333984375,-0.267333984375,1,98,True
-,98,20,118,20,98,118,0,0.100830078125,-0.100830078125,-0.100830078125,1,98,True
-,98,21,119,21,98,119,0,0.1871337890625,-0.1871337890625,-0.1871337890625,1,98,True
-,98,22,120,22,98,120,0,0.1015625,-0.1015625,-0.1015625,1,98,True
-,98,23,121,23,98,121,0,0.0511474609375,-0.0511474609375,-0.0511474609375,1,98,True
-,98,24,122,24,98,122,0,0.12066650390625,-0.12066650390625,-0.12066650390625,1,98,True
-,98,25,123,25,98,123,0,0.1431884765625,-0.1431884765625,-0.1431884765625,1,98,True
-,98,26,124,26,98,124,1,0.58837890625,-0.58837890625,-0.58837890625,1,98,True
-,98,27,125,27,98,125,1,1.0634765625,-1.0634765625,-1.0634765625,1,88,False
-,98,28,126,28,98,126,0,0.372802734375,-0.372802734375,-0.372802734375,1,98,True
-,98,29,127,29,98,127,0,1.0546875,-1.0546875,-1.0546875,1,98,True
-,98,30,128,30,98,128,1,0.484619140625,-0.484619140625,-0.484619140625,1,98,True
-,98,31,129,31,98,129,0,0.87060546875,-0.87060546875,-0.87060546875,1,98,True
-,98,32,130,32,98,130,0,0.05035400390625,-0.05035400390625,-0.05035400390625,1,98,True
-,98,33,131,33,98,131,0,0.328369140625,-0.328369140625,-0.328369140625,1,98,True
-,98,34,132,34,98,132,0,0.062103271484375,-0.062103271484375,-0.062103271484375,1,98,True
-,98,35,133,35,98,133,0,0.294189453125,-0.294189453125,-0.294189453125,1,98,True
-,98,36,134,36,98,134,0,0.64111328125,-0.64111328125,-0.64111328125,1,98,True
-,98,37,135,37,98,135,0,0.92578125,-0.92578125,-0.92578125,1,98,True
-,98,38,136,38,98,136,0,1.2392578125,-1.2392578125,-1.2392578125,1,78,False
-,98,39,137,39,98,137,0,1.083984375,-1.083984375,-1.083984375,1,88,False
-,98,40,138,40,98,138,0,0.4609375,-0.4609375,-0.4609375,1,98,True
-,98,41,139,41,98,139,0,1.7998046875,-1.7998046875,-1.7998046875,1,88,False
-,98,42,140,42,98,140,0,0.2403564453125,-0.2403564453125,-0.2403564453125,1,98,True
-,98,43,141,43,98,141,0,2.8359375,-2.8359375,-2.8359375,1,88,False
-,98,44,142,44,98,142,0,2.759765625,-2.759765625,-2.759765625,1,78,False
-,98,45,143,45,98,143,0,2.92578125,-2.92578125,-2.92578125,1,88,False
-,98,46,144,46,98,144,0,0.8505859375,-0.8505859375,-0.8505859375,1,98,True
-,98,47,145,47,98,145,0,1.8095703125,-1.8095703125,-1.8095703125,1,88,False
-,98,48,146,48,98,146,1,0.93212890625,-0.93212890625,-0.93212890625,1,98,True
-,98,49,147,49,98,147,0,1.865234375,-1.865234375,-1.865234375,1,88,False
-,98,50,148,50,98,148,0,1.7236328125,-1.7236328125,-1.7236328125,1,86,False
-,98,51,149,51,98,149,0,1.484375,-1.484375,-1.484375,1,88,False
-,98,52,150,52,98,150,0,0.0538330078125,-0.0538330078125,-0.0538330078125,1,98,True
-,98,53,151,53,98,151,0,2.6328125,-2.6328125,-2.6328125,1,88,False
-,98,54,152,54,98,152,1,0.345703125,-0.345703125,-0.345703125,1,98,True
-,98,55,153,55,98,153,0,1.9150390625,-1.9150390625,-1.9150390625,1,88,False
-,98,56,154,56,98,154,0,0.6611328125,-0.6611328125,-0.6611328125,1,98,True
-,98,57,155,57,98,155,0,1.685546875,-1.685546875,-1.685546875,1,88,False
-,98,58,156,58,98,156,0,0.1834716796875,-0.1834716796875,-0.1834716796875,1,98,True
-,98,59,157,59,98,157,0,1.4931640625,-1.4931640625,-1.4931640625,1,88,False
-,98,60,158,60,98,158,0,0.29443359375,-0.29443359375,-0.29443359375,1,98,True
-,98,61,159,61,98,159,0,0.2685546875,-0.2685546875,-0.2685546875,1,98,True
-,98,62,160,62,98,160,0,0.059600830078125,-0.059600830078125,-0.059600830078125,1,98,True
-,98,63,161,63,98,161,0,2.296875,-2.296875,-2.296875,1,88,False
-,98,64,162,64,98,162,0,1.2353515625,-1.2353515625,-1.2353515625,1,78,False
-,98,65,163,65,98,163,0,1.287109375,-1.287109375,-1.287109375,1,88,False
-,98,66,164,66,98,164,0,0.71728515625,-0.71728515625,-0.71728515625,1,98,True
-,98,67,165,67,98,165,0,1.7919921875,-1.7919921875,-1.7919921875,1,88,False
-,98,68,166,68,98,166,0,0.841796875,-0.841796875,-0.841796875,1,78,False
-,98,69,167,69,98,167,0,2.033203125,-2.033203125,-2.033203125,1,88,False
-,98,70,168,70,98,168,0,0.345703125,-0.345703125,-0.345703125,1,98,True
-,98,71,169,71,98,169,0,1.7158203125,-1.7158203125,-1.7158203125,1,88,False
-,98,72,170,72,98,170,0,0.012481689453125,-0.012481689453125,-0.012481689453125,1,98,True
-,98,73,171,73,98,171,0,0.391845703125,-0.391845703125,-0.391845703125,1,98,True
-,98,74,172,74,98,172,0,0.08319091796875,-0.08319091796875,-0.08319091796875,1,98,True
-,98,75,173,75,98,173,0,0.61767578125,-0.61767578125,-0.61767578125,1,98,True
-,98,76,174,76,98,174,0,0.244873046875,-0.244873046875,-0.244873046875,1,98,True
-,98,77,175,77,98,175,0,0.288818359375,-0.288818359375,-0.288818359375,1,98,True
-,98,78,176,78,98,176,0,0.041229248046875,-0.041229248046875,-0.041229248046875,1,98,True
-,98,79,177,79,98,177,0,0.433837890625,-0.433837890625,-0.433837890625,1,98,True
-,98,80,178,80,98,178,0,0.0225067138671875,-0.0225067138671875,-0.0225067138671875,1,98,True
-,98,81,179,81,98,179,0,0.114013671875,-0.114013671875,-0.114013671875,1,98,True
-,98,82,180,82,98,180,0,0.01168060302734375,-0.01168060302734375,-0.01168060302734375,1,98,True
-,98,83,181,83,98,181,0,0.18359375,-0.18359375,-0.18359375,1,98,True
-,98,84,182,84,98,182,0,0.021209716796875,-0.021209716796875,-0.021209716796875,1,98,True
-,98,85,183,85,98,183,0,0.028289794921875,-0.028289794921875,-0.028289794921875,1,98,True
-,98,86,184,86,98,184,0,0.05126953125,-0.05126953125,-0.05126953125,1,98,True
-,98,87,185,87,98,185,0,0.08331298828125,-0.08331298828125,-0.08331298828125,1,98,True
-,98,88,186,88,98,186,0,0.00539398193359375,-0.00539398193359375,-0.00539398193359375,1,98,True
-,98,89,187,89,98,187,0,0.14794921875,-0.14794921875,-0.14794921875,1,98,True
-,98,90,188,90,98,188,0,0.00638580322265625,-0.00638580322265625,-0.00638580322265625,1,98,True
-,98,91,189,91,98,189,0,0.039337158203125,-0.039337158203125,-0.039337158203125,1,98,True
-,98,92,190,92,98,190,0,0.0172882080078125,-0.0172882080078125,-0.0172882080078125,1,98,True
-,98,93,191,93,98,191,0,0.08343505859375,-0.08343505859375,-0.08343505859375,1,98,True
-,98,94,192,94,98,192,0,0.00876617431640625,-0.00876617431640625,-0.00876617431640625,1,98,True
-,98,95,193,95,98,193,0,0.058319091796875,-0.058319091796875,-0.058319091796875,1,98,True
-,98,96,194,96,98,194,0,0.36279296875,-0.36279296875,-0.36279296875,1,98,True
-,98,97,195,97,98,195,0,0.55712890625,-0.55712890625,-0.55712890625,1,98,True
-,98,98,196,98,98,196,0,0.390625,-0.390625,-0.390625,1,98,True
-,98,99,197,99,98,197,0,1.5888671875,-1.5888671875,-1.5888671875,1,94,False
-,99,10,109,10,99,109,0,0.0648193359375,-0.0648193359375,-0.0648193359375,1,99,True
-,99,11,110,11,99,110,2,0.0823974609375,-0.0823974609375,-0.0823974609375,1,99,True
-,99,12,111,12,99,111,0,0.1435546875,-0.1435546875,-0.1435546875,1,99,True
-,99,13,112,13,99,112,0,0.083984375,-0.083984375,-0.083984375,1,99,True
-,99,14,113,14,99,113,0,0.173828125,-0.173828125,-0.173828125,1,99,True
-,99,15,114,15,99,114,0,0.02032470703125,-0.02032470703125,-0.02032470703125,1,99,True
-,99,16,115,16,99,115,0,0.056854248046875,-0.056854248046875,-0.056854248046875,1,99,True
-,99,17,116,17,99,116,0,0.157470703125,-0.157470703125,-0.157470703125,1,99,True
-,99,18,117,18,99,117,0,0.0243682861328125,-0.0243682861328125,-0.0243682861328125,1,99,True
-,99,19,118,19,99,118,0,0.328125,-0.328125,-0.328125,1,99,True
-,99,20,119,20,99,119,0,0.1292724609375,-0.1292724609375,-0.1292724609375,1,99,True
-,99,21,120,21,99,120,1,0.06390380859375,-0.06390380859375,-0.06390380859375,1,99,True
-,99,22,121,22,99,121,0,0.07525634765625,-0.07525634765625,-0.07525634765625,1,99,True
-,99,23,122,23,99,122,0,0.119140625,-0.119140625,-0.119140625,1,99,True
-,99,24,123,24,99,123,0,0.03924560546875,-0.03924560546875,-0.03924560546875,1,99,True
-,99,25,124,25,99,124,0,0.0836181640625,-0.0836181640625,-0.0836181640625,1,99,True
-,99,26,125,26,99,125,0,0.252685546875,-0.252685546875,-0.252685546875,1,99,True
-,99,27,126,27,99,126,1,0.1787109375,-0.1787109375,-0.1787109375,1,99,True
-,99,28,127,28,99,127,1,0.58154296875,-0.58154296875,-0.58154296875,1,99,True
-,99,29,128,29,99,128,1,0.50634765625,-0.50634765625,-0.50634765625,1,99,True
-,99,30,129,30,99,129,0,0.2088623046875,-0.2088623046875,-0.2088623046875,1,99,True
-,99,31,130,31,99,130,0,0.105712890625,-0.105712890625,-0.105712890625,1,99,True
-,99,32,131,32,99,131,0,0.55517578125,-0.55517578125,-0.55517578125,1,99,True
-,99,33,132,33,99,132,0,0.2081298828125,-0.2081298828125,-0.2081298828125,1,99,True
-,99,34,133,34,99,133,0,0.434326171875,-0.434326171875,-0.434326171875,1,99,True
-,99,35,134,35,99,134,0,0.810546875,-0.810546875,-0.810546875,1,99,True
-,99,36,135,36,99,135,0,1.2919921875,-1.2919921875,-1.2919921875,1,99,True
-,99,37,136,37,99,136,1,1.083984375,-1.083984375,-1.083984375,1,89,False
-,99,38,137,38,99,137,0,0.86865234375,-0.86865234375,-0.86865234375,1,99,True
-,99,39,138,39,99,138,0,0.57470703125,-0.57470703125,-0.57470703125,1,99,True
-,99,40,139,40,99,139,0,0.9033203125,-0.9033203125,-0.9033203125,1,89,False
-,99,41,140,41,99,140,0,1.8642578125,-1.8642578125,-1.8642578125,1,89,False
-,99,42,141,42,99,141,0,2.28515625,-2.28515625,-2.28515625,1,89,False
-,99,43,142,43,99,142,0,4.28515625,-4.28515625,-4.28515625,1,89,False
-,99,44,143,44,99,143,0,1.3974609375,-1.3974609375,-1.3974609375,1,89,False
-,99,45,144,45,99,144,2,0.3251953125,-0.3251953125,-0.3251953125,1,99,True
-,99,46,145,46,99,145,0,2.435546875,-2.435546875,-2.435546875,1,89,False
-,99,47,146,47,99,146,0,4.4375,-4.4375,-4.4375,1,89,False
-,99,48,147,48,99,147,0,1.4287109375,-1.4287109375,-1.4287109375,1,99,True
-,99,49,148,49,99,148,0,0.873046875,-0.873046875,-0.873046875,1,89,False
-,99,50,149,50,99,149,0,0.5126953125,-0.5126953125,-0.5126953125,1,99,True
-,99,51,150,51,99,150,0,0.371337890625,-0.371337890625,-0.371337890625,1,99,True
-,99,52,151,52,99,151,0,1.4130859375,-1.4130859375,-1.4130859375,1,89,False
-,99,53,152,53,99,152,0,3.62109375,-3.62109375,-3.62109375,1,89,False
-,99,54,153,54,99,153,0,1.78515625,-1.78515625,-1.78515625,1,89,False
-,99,55,154,55,99,154,0,2.1953125,-2.1953125,-2.1953125,1,89,False
-,99,56,155,56,99,155,0,0.299072265625,-0.299072265625,-0.299072265625,1,99,True
-,99,57,156,57,99,156,0,0.55615234375,-0.55615234375,-0.55615234375,1,99,True
-,99,58,157,58,99,157,0,0.2646484375,-0.2646484375,-0.2646484375,1,99,True
-,99,59,158,59,99,158,0,0.7060546875,-0.7060546875,-0.7060546875,1,99,True
-,99,60,159,60,99,159,0,0.480224609375,-0.480224609375,-0.480224609375,1,99,True
-,99,61,160,61,99,160,0,1.1259765625,-1.1259765625,-1.1259765625,1,89,False
-,99,62,161,62,99,161,0,1.0693359375,-1.0693359375,-1.0693359375,1,89,False
-,99,63,162,63,99,162,0,3.337890625,-3.337890625,-3.337890625,1,69,False
-,99,64,163,64,99,163,0,1.1376953125,-1.1376953125,-1.1376953125,1,89,False
-,99,65,164,65,99,164,0,0.7607421875,-0.7607421875,-0.7607421875,1,99,True
-,99,66,165,66,99,165,0,0.1763916015625,-0.1763916015625,-0.1763916015625,1,99,True
-,99,67,166,67,99,166,0,1.345703125,-1.345703125,-1.345703125,1,89,False
-,99,68,167,68,99,167,0,0.2470703125,-0.2470703125,-0.2470703125,1,99,True
-,99,69,168,69,99,168,0,0.685546875,-0.685546875,-0.685546875,1,99,True
-,99,70,169,70,99,169,0,0.266357421875,-0.266357421875,-0.266357421875,1,99,True
-,99,71,170,71,99,170,0,0.32373046875,-0.32373046875,-0.32373046875,1,99,True
-,99,72,171,72,99,171,0,0.301513671875,-0.301513671875,-0.301513671875,1,99,True
-,99,73,172,73,99,172,0,0.68798828125,-0.68798828125,-0.68798828125,1,99,True
-,99,74,173,74,99,173,0,0.327880859375,-0.327880859375,-0.327880859375,1,99,True
-,99,75,174,75,99,174,0,0.06256103515625,-0.06256103515625,-0.06256103515625,1,99,True
-,99,76,175,76,99,175,0,1.439453125,-1.439453125,-1.439453125,1,89,False
-,99,77,176,77,99,176,0,0.206787109375,-0.206787109375,-0.206787109375,1,99,True
-,99,78,177,78,99,177,0,0.11907958984375,-0.11907958984375,-0.11907958984375,1,99,True
-,99,79,178,79,99,178,0,0.243896484375,-0.243896484375,-0.243896484375,1,99,True
-,99,80,179,80,99,179,0,0.0946044921875,-0.0946044921875,-0.0946044921875,1,99,True
-,99,81,180,81,99,180,0,0.01543426513671875,-0.01543426513671875,-0.01543426513671875,1,99,True
-,99,82,181,82,99,181,0,0.291015625,-0.291015625,-0.291015625,1,99,True
-,99,83,182,83,99,182,0,0.2139892578125,-0.2139892578125,-0.2139892578125,1,99,True
-,99,84,183,84,99,183,0,0.032318115234375,-0.032318115234375,-0.032318115234375,1,99,True
-,99,85,184,85,99,184,0,0.0233001708984375,-0.0233001708984375,-0.0233001708984375,1,99,True
-,99,86,185,86,99,185,0,0.01404571533203125,-0.01404571533203125,-0.01404571533203125,1,99,True
-,99,87,186,87,99,186,0,0.03216552734375,-0.03216552734375,-0.03216552734375,1,99,True
-,99,88,187,88,99,187,0,0.036407470703125,-0.036407470703125,-0.036407470703125,1,99,True
-,99,89,188,89,99,188,0,0.0201416015625,-0.0201416015625,-0.0201416015625,1,99,True
-,99,90,189,90,99,189,0,0.00644683837890625,-0.00644683837890625,-0.00644683837890625,1,99,True
-,99,91,190,91,99,190,1,0.052459716796875,-0.052459716796875,-0.052459716796875,1,99,True
-,99,92,191,92,99,191,0,0.07879638671875,-0.07879638671875,-0.07879638671875,1,99,True
-,99,93,192,93,99,192,0,0.01053619384765625,-0.01053619384765625,-0.01053619384765625,1,99,True
-,99,94,193,94,99,193,0,0.006084442138671875,-0.006084442138671875,-0.006084442138671875,1,99,True
-,99,95,194,95,99,194,0,0.024200439453125,-0.024200439453125,-0.024200439453125,1,99,True
-,99,96,195,96,99,195,0,0.0625,-0.0625,-0.0625,1,99,True
-,99,97,196,97,99,196,0,0.16943359375,-0.16943359375,-0.16943359375,1,99,True
-,99,98,197,98,99,197,0,0.12841796875,-0.12841796875,-0.12841796875,1,99,True
-,99,99,198,99,99,198,0,0.042938232421875,-0.042938232421875,-0.042938232421875,1,99,True
