op,a,b,x,y,answer,problem_size,freq,surprisal,target_logprob,avg_target_logprob,n_target_tokens,prediction,correct
*,10,10,10,10,100,100,239,4.00390625,-4.00390625,-4.00390625,1,10,False
*,10,11,10,11,110,110,11,5.6875,-5.6875,-5.6875,1,792,False
*,10,12,10,12,120,120,33,5.73828125,-5.73828125,-5.73828125,1,792,False
*,10,13,10,13,130,130,7,5.82421875,-5.82421875,-5.82421875,1,792,False
*,10,14,10,14,140,140,5,5.65625,-5.65625,-5.65625,1,792,False
*,10,15,10,15,150,150,13,6.48828125,-6.48828125,-6.48828125,1,792,False
*,10,16,10,16,160,160,13,5.9296875,-5.9296875,-5.9296875,1,784,False
*,10,17,10,17,170,170,2,7.2890625,-7.2890625,-7.2890625,1,792,False
*,10,18,10,18,180,180,3,7.0234375,-7.0234375,-7.0234375,1,792,False
*,10,19,10,19,190,190,4,8.203125,-8.203125,-8.203125,1,792,False
*,10,20,10,20,200,200,35,7.03125,-7.03125,-7.03125,1,3456,False
*,10,21,10,21,210,210,4,7.34375,-7.34375,-7.34375,1,792,False
*,10,22,10,22,220,220,3,7.2734375,-7.2734375,-7.2734375,1,792,False
*,10,23,10,23,230,230,0,6.55078125,-6.55078125,-6.55078125,1,2254,False
*,10,24,10,24,240,240,4,5.90625,-5.90625,-5.90625,1,784,False
*,10,25,10,25,250,250,12,5.8828125,-5.8828125,-5.8828125,1,792,False
*,10,26,10,26,260,260,1,6.5546875,-6.5546875,-6.5546875,1,792,False
*,10,27,10,27,270,270,2,6.375,-6.375,-6.375,1,792,False
*,10,28,10,28,280,280,3,5.94140625,-5.94140625,-5.94140625,1,728,False
*,10,29,10,29,290,290,0,6.78125,-6.78125,-6.78125,1,792,False
*,10,30,10,30,300,300,12,5.9921875,-5.9921875,-5.9921875,1,792,False
*,10,31,10,31,310,310,0,6.72265625,-6.72265625,-6.72265625,1,792,False
*,10,32,10,32,320,320,2,5.84765625,-5.84765625,-5.84765625,1,792,False
*,10,33,10,33,330,330,1,6.67578125,-6.67578125,-6.67578125,1,792,False
*,10,34,10,34,340,340,2,6.625,-6.625,-6.625,1,784,False
*,10,35,10,35,350,350,1,5.5546875,-5.5546875,-5.5546875,1,792,False
*,10,36,10,36,360,360,1,5.20703125,-5.20703125,-5.20703125,1,792,False
*,10,37,10,37,370,370,0,6.5234375,-6.5234375,-6.5234375,1,792,False
*,10,38,10,38,380,380,0,6.59765625,-6.59765625,-6.59765625,1,792,False
*,10,39,10,39,390,390,0,6.51171875,-6.51171875,-6.51171875,1,792,False
*,10,40,10,40,400,400,6,5.50390625,-5.50390625,-5.50390625,1,792,False
*,10,41,10,41,410,410,0,6.75390625,-6.75390625,-6.75390625,1,792,False
*,10,42,10,42,420,420,0,6.26953125,-6.26953125,-6.26953125,1,792,False
*,10,43,10,43,430,430,0,7.375,-7.375,-7.375,1,792,False
*,10,44,10,44,440,440,0,6.2890625,-6.2890625,-6.2890625,1,784,False
*,10,45,10,45,450,450,0,5.83984375,-5.83984375,-5.83984375,1,792,False
*,10,46,10,46,460,460,0,7.09765625,-7.09765625,-7.09765625,1,792,False
*,10,47,10,47,470,470,0,7.1171875,-7.1171875,-7.1171875,1,792,False
*,10,48,10,48,480,480,0,5.7890625,-5.7890625,-5.7890625,1,792,False
*,10,49,10,49,490,490,1,7.12890625,-7.12890625,-7.12890625,1,792,False
*,10,50,10,50,500,500,7,5.2109375,-5.2109375,-5.2109375,1,1050,False
*,10,51,10,51,510,510,1,6.98828125,-6.98828125,-6.98828125,1,792,False
*,10,52,10,52,520,520,1,6.60546875,-6.60546875,-6.60546875,1,792,False
*,10,53,10,53,530,530,0,7.66796875,-7.66796875,-7.66796875,1,792,False
*,10,54,10,54,540,540,0,7.265625,-7.265625,-7.265625,1,792,False
*,10,55,10,55,550,550,0,6.94921875,-6.94921875,-6.94921875,1,792,False
*,10,56,10,56,560,560,0,6.8515625,-6.8515625,-6.8515625,1,792,False
*,10,57,10,57,570,570,0,7.23828125,-7.23828125,-7.23828125,1,792,False
*,10,58,10,58,580,580,0,7.35546875,-7.35546875,-7.35546875,1,792,False
*,10,59,10,59,590,590,0,7.88671875,-7.88671875,-7.88671875,1,2256,False
*,10,60,10,60,600,600,14,6.84765625,-6.84765625,-6.84765625,1,2304,False
*,10,61,10,61,610,610,0,7.37890625,-7.37890625,-7.37890625,1,792,False
*,10,62,10,62,620,620,0,7.45703125,-7.45703125,-7.45703125,1,2256,False
*,10,63,10,63,630,630,0,7.53125,-7.53125,-7.53125,1,792,False
*,10,64,10,64,640,640,3,7.06640625,-7.06640625,-7.06640625,1,1064,False
*,10,65,10,65,650,650,1,7.6328125,-7.6328125,-7.6328125,1,2256,False
*,10,66,10,66,660,660,0,7.5078125,-7.5078125,-7.5078125,1,2304,False
*,10,67,10,67,670,670,0,7.73828125,-7.73828125,-3.869140625,2,2384,False
*,10,68,10,68,680,680,1,7.87109375,-7.87109375,-7.87109375,1,2304,False
*,10,69,10,69,690,690,0,7.875,-7.875,-3.9375,2,2304,False
*,10,70,10,70,700,700,1,7.27734375,-7.27734375,-7.27734375,1,2304,False
*,10,71,10,71,710,710,0,7.94921875,-7.94921875,-7.94921875,1,2304,False
*,10,72,10,72,720,720,0,6.84375,-6.84375,-6.84375,1,2304,False
*,10,73,10,73,730,730,0,7.8828125,-7.8828125,-3.94140625,2,2304,False
*,10,74,10,74,740,740,0,7.421875,-7.421875,-3.7109375,2,2304,False
*,10,75,10,75,750,750,3,7.01953125,-7.01953125,-7.01953125,1,2304,False
*,10,76,10,76,760,760,0,7.3125,-7.3125,-3.65625,2,2304,False
*,10,77,10,77,770,770,1,7.4921875,-7.4921875,-3.74609375,2,2384,False
*,10,78,10,78,780,780,0,8.078125,-8.078125,-8.078125,1,2304,False
*,10,79,10,79,790,790,2,7.96875,-7.96875,-3.984375,2,2304,False
*,10,80,10,80,800,800,2,6.9453125,-6.9453125,-6.9453125,1,2304,False
*,10,81,10,81,810,810,1,8.046875,-8.046875,-4.0234375,2,2304,False
*,10,82,10,82,820,820,0,7.28125,-7.28125,-7.28125,1,2304,False
*,10,83,10,83,830,830,0,7.9140625,-7.9140625,-3.95703125,2,2384,False
*,10,84,10,84,840,840,1,7.109375,-7.109375,-3.5546875,2,2304,False
*,10,85,10,85,850,850,0,7.8046875,-7.8046875,-7.8046875,1,2384,False
*,10,86,10,86,860,860,0,7.7109375,-7.7109375,-3.85546875,2,2304,False
*,10,87,10,87,870,870,1,7.8984375,-7.8984375,-3.94921875,2,2384,False
*,10,88,10,88,880,880,0,7.28515625,-7.28515625,-3.642578125,2,2304,False
*,10,89,10,89,890,890,0,8.3125,-8.3125,-4.15625,2,2384,False
*,10,90,10,90,900,900,6,7.15234375,-7.15234375,-7.15234375,1,2304,False
*,10,91,10,91,910,910,0,7.93359375,-7.93359375,-3.966796875,2,2256,False
*,10,92,10,92,920,920,0,7.9921875,-7.9921875,-3.99609375,2,2304,False
*,10,93,10,93,930,930,0,8.140625,-8.140625,-4.0703125,2,2304,False
*,10,94,10,94,940,940,0,7.890625,-7.890625,-3.9453125,2,2304,False
*,10,95,10,95,950,950,0,7.69140625,-7.69140625,-7.69140625,1,2384,False
*,10,96,10,96,960,960,0,7.03125,-7.03125,-3.515625,2,2304,False
*,10,97,10,97,970,970,0,8.0234375,-8.0234375,-4.01171875,2,2256,False
*,10,98,10,98,980,980,0,7.94921875,-7.94921875,-3.974609375,2,2254,False
*,10,99,10,99,990,990,2,8.8515625,-8.8515625,-4.42578125,2,2254,False
*,11,10,11,10,110,110,11,5.5234375,-5.5234375,-5.5234375,1,792,False
*,11,11,11,11,121,121,55,6.0703125,-6.0703125,-6.0703125,1,7,False
*,11,12,11,12,132,132,7,5.65625,-5.65625,-5.65625,1,792,False
*,11,13,11,13,143,143,11,8.0703125,-8.0703125,-8.0703125,1,792,False
*,11,14,11,14,154,154,1,7.59765625,-7.59765625,-7.59765625,1,792,False
*,11,15,11,15,165,165,4,7.609375,-7.609375,-7.609375,1,795,False
*,11,16,11,16,176,176,11,7.1484375,-7.1484375,-7.1484375,1,792,False
*,11,17,11,17,187,187,7,7.89453125,-7.89453125,-7.89453125,1,792,False
*,11,18,11,18,198,198,0,7.9921875,-7.9921875,-7.9921875,1,792,False
*,11,19,11,19,209,209,7,8.28125,-8.28125,-8.28125,1,2255,False
*,11,20,11,20,220,220,4,7.7109375,-7.7109375,-7.7109375,1,2256,False
*,11,21,11,21,231,231,2,7.65625,-7.65625,-7.65625,1,711,False
*,11,22,11,22,242,242,0,7.5703125,-7.5703125,-7.5703125,1,2256,False
*,11,23,11,23,253,253,3,7.91796875,-7.91796875,-7.91796875,1,2254,False
*,11,24,11,24,264,264,0,6.83203125,-6.83203125,-6.83203125,1,2256,False
*,11,25,11,25,275,275,0,6.51171875,-6.51171875,-6.51171875,1,2256,False
*,11,26,11,26,286,286,1,7.5078125,-7.5078125,-7.5078125,1,2256,False
*,11,27,11,27,297,297,2,6.94921875,-6.94921875,-6.94921875,1,711,False
*,11,28,11,28,308,308,1,7.1796875,-7.1796875,-7.1796875,1,792,False
*,11,29,11,29,319,319,1,7.9609375,-7.9609375,-7.9609375,1,792,False
*,11,30,11,30,330,330,1,6.71875,-6.71875,-6.71875,1,792,False
*,11,31,11,31,341,341,0,6.41015625,-6.41015625,-6.41015625,1,711,False
*,11,32,11,32,352,352,1,7.06640625,-7.06640625,-7.06640625,1,792,False
*,11,33,11,33,363,363,0,7.5546875,-7.5546875,-7.5546875,1,792,False
*,11,34,11,34,374,374,1,7.21484375,-7.21484375,-7.21484375,1,792,False
*,11,35,11,35,385,385,0,6.0859375,-6.0859375,-6.0859375,1,795,False
*,11,36,11,36,396,396,1,6.3359375,-6.3359375,-6.3359375,1,792,False
*,11,37,11,37,407,407,0,7.125,-7.125,-7.125,1,792,False
*,11,38,11,38,418,418,0,7.31640625,-7.31640625,-7.31640625,1,792,False
*,11,39,11,39,429,429,1,7.80078125,-7.80078125,-7.80078125,1,792,False
*,11,40,11,40,440,440,3,6.59375,-6.59375,-6.59375,1,792,False
*,11,41,11,41,451,451,1,7.23828125,-7.23828125,-7.23828125,1,976,False
*,11,42,11,42,462,462,0,7.19140625,-7.19140625,-7.19140625,1,792,False
*,11,43,11,43,473,473,0,7.90234375,-7.90234375,-7.90234375,1,2256,False
*,11,44,11,44,484,484,0,6.73828125,-6.73828125,-6.73828125,1,792,False
*,11,45,11,45,495,495,1,6.7734375,-6.7734375,-6.7734375,1,2345,False
*,11,46,11,46,506,506,0,7.91015625,-7.91015625,-7.91015625,1,2262,False
*,11,47,11,47,517,517,0,7.67578125,-7.67578125,-7.67578125,1,2262,False
*,11,48,11,48,528,528,0,7.60546875,-7.60546875,-7.60546875,1,2304,False
*,11,49,11,49,539,539,1,8.0859375,-8.0859375,-8.0859375,1,2255,False
*,11,50,11,50,550,550,5,7.18359375,-7.18359375,-7.18359375,1,2256,False
*,11,51,11,51,561,561,0,7.58203125,-7.58203125,-7.58203125,1,975,False
*,11,52,11,52,572,572,0,7.140625,-7.140625,-3.5703125,2,792,False
*,11,53,11,53,583,583,0,7.1796875,-7.1796875,-3.58984375,2,792,False
*,11,54,11,54,594,594,1,7.65234375,-7.65234375,-7.65234375,1,2304,False
*,11,55,11,55,605,605,0,7.87109375,-7.87109375,-7.87109375,1,755,False
*,11,56,11,56,616,616,1,6.98828125,-6.98828125,-6.98828125,1,792,False
*,11,57,11,57,627,627,0,8.21875,-8.21875,-4.109375,2,792,False
*,11,58,11,58,638,638,1,7.84375,-7.84375,-3.921875,2,792,False
*,11,59,11,59,649,649,1,7.98828125,-7.98828125,-3.994140625,2,2255,False
*,11,60,11,60,660,660,1,7.6015625,-7.6015625,-7.6015625,1,2256,False
*,11,61,11,61,671,671,1,7.7890625,-7.7890625,-3.89453125,2,2254,False
*,11,62,11,62,682,682,0,8.0859375,-8.0859375,-4.04296875,2,2256,False
*,11,63,11,63,693,693,0,7.55078125,-7.55078125,-3.775390625,2,2256,False
*,11,64,11,64,704,704,0,8.0078125,-8.0078125,-8.0078125,1,1728,False
*,11,65,11,65,715,715,0,7.8359375,-7.8359375,-3.91796875,2,2256,False
*,11,66,11,66,726,726,0,7.9609375,-7.9609375,-3.98046875,2,2240,False
*,11,67,11,67,737,737,0,8.0859375,-8.0859375,-8.0859375,1,2375,False
*,11,68,11,68,748,748,0,7.640625,-7.640625,-3.8203125,2,2384,False
*,11,69,11,69,759,759,0,7.921875,-7.921875,-3.9609375,2,2304,False
*,11,70,11,70,770,770,0,7.5234375,-7.5234375,-3.76171875,2,2262,False
*,11,71,11,71,781,781,0,8.3125,-8.3125,-4.15625,2,2262,False
*,11,72,11,72,792,792,3,6.75,-6.75,-3.375,2,2304,False
*,11,73,11,73,803,803,0,8.28125,-8.28125,-4.140625,2,2375,False
*,11,74,11,74,814,814,0,7.890625,-7.890625,-3.9453125,2,2304,False
*,11,75,11,75,825,825,0,7.640625,-7.640625,-3.8203125,2,2375,False
*,11,76,11,76,836,836,0,7.4921875,-7.4921875,-3.74609375,2,2304,False
*,11,77,11,77,847,847,0,8.0625,-8.0625,-4.03125,2,2256,False
*,11,78,11,78,858,858,0,7.859375,-7.859375,-3.9296875,2,2384,False
*,11,79,11,79,869,869,0,8.0625,-8.0625,-4.03125,2,2304,False
*,11,80,11,80,880,880,0,7.49609375,-7.49609375,-3.748046875,2,2304,False
*,11,81,11,81,891,891,0,8.390625,-8.390625,-4.1953125,2,2304,False
*,11,82,11,82,902,902,0,8.1328125,-8.1328125,-4.06640625,2,2256,False
*,11,83,11,83,913,913,0,7.6796875,-7.6796875,-3.83984375,2,2384,False
*,11,84,11,84,924,924,0,7.1640625,-7.1640625,-7.1640625,1,2304,False
*,11,85,11,85,935,935,0,8.109375,-8.109375,-4.0546875,2,2256,False
*,11,86,11,86,946,946,0,7.98046875,-7.98046875,-3.990234375,2,2256,False
*,11,87,11,87,957,957,0,8.1328125,-8.1328125,-4.06640625,2,2256,False
*,11,88,11,88,968,968,0,7.28515625,-7.28515625,-3.642578125,2,2384,False
*,11,89,11,89,979,979,0,8.125,-8.125,-4.0625,2,2255,False
*,11,90,11,90,990,990,0,8.0703125,-8.0703125,-4.03515625,2,2256,False
*,11,91,11,91,1001,1001,2,7.5625,-7.5625,-3.78125,2,2255,False
*,11,92,11,92,1012,1012,0,7.2734375,-7.2734375,-3.63671875,2,2256,False
*,11,93,11,93,1023,1023,0,7.47265625,-7.47265625,-3.736328125,2,2255,False
*,11,94,11,94,1034,1034,0,8.1640625,-8.1640625,-4.08203125,2,2254,False
*,11,95,11,95,1045,1045,0,7.7265625,-7.7265625,-3.86328125,2,2255,False
*,11,96,11,96,1056,1056,0,6.953125,-6.953125,-3.4765625,2,2304,False
*,11,97,11,97,1067,1067,1,7.671875,-7.671875,-3.8359375,2,2255,False
*,11,98,11,98,1078,1078,0,8.46875,-8.46875,-4.234375,2,2254,False
*,11,99,11,99,1089,1089,0,8.1796875,-8.1796875,-4.08984375,2,2255,False
*,12,10,12,10,120,120,28,5.71484375,-5.71484375,-5.71484375,1,792,False
*,12,11,12,11,132,132,10,5.8203125,-5.8203125,-5.8203125,1,792,False
*,12,12,12,12,144,144,103,5.51953125,-5.51953125,-5.51953125,1,8,False
*,12,13,12,13,156,156,17,8.2578125,-8.2578125,-8.2578125,1,2256,False
*,12,14,12,14,168,168,9,7.03515625,-7.03515625,-7.03515625,1,784,False
*,12,15,12,15,180,180,17,7.33984375,-7.33984375,-7.33984375,1,792,False
*,12,16,12,16,192,192,12,6.6875,-6.6875,-6.6875,1,864,False
*,12,17,12,17,204,204,5,8.0546875,-8.0546875,-8.0546875,1,792,False
*,12,18,12,18,216,216,5,7.0078125,-7.0078125,-7.0078125,1,792,False
*,12,19,12,19,228,228,1,7.0703125,-7.0703125,-7.0703125,1,2256,False
*,12,20,12,20,240,240,12,5.33984375,-5.33984375,-5.33984375,1,2256,False
*,12,21,12,21,252,252,7,7.61328125,-7.61328125,-7.61328125,1,792,False
*,12,22,12,22,264,264,2,6.5390625,-6.5390625,-6.5390625,1,2256,False
*,12,23,12,23,276,276,1,7.24609375,-7.24609375,-7.24609375,1,2254,False
*,12,24,12,24,288,288,7,5.38671875,-5.38671875,-5.38671875,1,864,False
*,12,25,12,25,300,300,6,6.890625,-6.890625,-6.890625,1,2256,False
*,12,26,12,26,312,312,0,7.578125,-7.578125,-7.578125,1,2304,False
*,12,27,12,27,324,324,2,6.57421875,-6.57421875,-6.57421875,1,792,False
*,12,28,12,28,336,336,1,6.59375,-6.59375,-6.59375,1,784,False
*,12,29,12,29,348,348,1,7.01953125,-7.01953125,-7.01953125,1,792,False
*,12,30,12,30,360,360,7,5.26171875,-5.26171875,-5.26171875,1,792,False
*,12,31,12,31,372,372,3,7.1171875,-7.1171875,-7.1171875,1,792,False
*,12,32,12,32,384,384,1,5.30078125,-5.30078125,-5.30078125,1,864,False
*,12,33,12,33,396,396,0,6.70703125,-6.70703125,-6.70703125,1,792,False
*,12,34,12,34,408,408,4,6.703125,-6.703125,-6.703125,1,784,False
*,12,35,12,35,420,420,0,6.65234375,-6.65234375,-6.65234375,1,792,False
*,12,36,12,36,432,432,1,5.6953125,-5.6953125,-5.6953125,1,792,False
*,12,37,12,37,444,444,1,7.265625,-7.265625,-7.265625,1,792,False
*,12,38,12,38,456,456,0,6.88671875,-6.88671875,-6.88671875,1,792,False
*,12,39,12,39,468,468,0,7.04296875,-7.04296875,-7.04296875,1,792,False
*,12,40,12,40,480,480,6,5.26171875,-5.26171875,-5.26171875,1,792,False
*,12,41,12,41,492,492,1,7.58203125,-7.58203125,-7.58203125,1,792,False
*,12,42,12,42,504,504,0,7.19140625,-7.19140625,-7.19140625,1,792,False
*,12,43,12,43,516,516,0,7.9375,-7.9375,-7.9375,1,792,False
*,12,44,12,44,528,528,0,6.6484375,-6.6484375,-6.6484375,1,784,False
*,12,45,12,45,540,540,3,7.44140625,-7.44140625,-7.44140625,1,792,False
*,12,46,12,46,552,552,0,6.97265625,-6.97265625,-6.97265625,1,792,False
*,12,47,12,47,564,564,0,7.828125,-7.828125,-7.828125,1,792,False
*,12,48,12,48,576,576,0,6.00390625,-6.00390625,-6.00390625,1,784,False
*,12,49,12,49,588,588,0,7.13671875,-7.13671875,-3.568359375,2,792,False
*,12,50,12,50,600,600,5,6.83203125,-6.83203125,-6.83203125,1,792,False
*,12,51,12,51,612,612,0,8.0234375,-8.0234375,-8.0234375,1,792,False
*,12,52,12,52,624,624,1,6.421875,-6.421875,-6.421875,1,792,False
*,12,53,12,53,636,636,0,7.41796875,-7.41796875,-7.41796875,1,792,False
*,12,54,12,54,648,648,1,6.7421875,-6.7421875,-3.37109375,2,792,False
*,12,55,12,55,660,660,1,7.46484375,-7.46484375,-7.46484375,1,792,False
*,12,56,12,56,672,672,1,6.671875,-6.671875,-3.3359375,2,784,False
*,12,57,12,57,684,684,0,7.2265625,-7.2265625,-3.61328125,2,792,False
*,12,58,12,58,696,696,0,7.03515625,-7.03515625,-3.517578125,2,864,False
*,12,59,12,59,708,708,0,7.875,-7.875,-3.9375,2,2256,False
*,12,60,12,60,720,720,7,6.484375,-6.484375,-6.484375,1,2304,False
*,12,61,12,61,732,732,1,7.6875,-7.6875,-3.84375,2,864,False
*,12,62,12,62,744,744,0,7.2890625,-7.2890625,-3.64453125,2,2256,False
*,12,63,12,63,756,756,0,7.4453125,-7.4453125,-3.72265625,2,792,False
*,12,64,12,64,768,768,0,5.55078125,-5.55078125,-5.55078125,1,1728,False
*,12,65,12,65,780,780,1,8.1796875,-8.1796875,-8.1796875,1,792,False
*,12,66,12,66,792,792,0,6.4765625,-6.4765625,-3.23828125,2,2304,False
*,12,67,12,67,804,804,0,7.5859375,-7.5859375,-3.79296875,2,2384,False
*,12,68,12,68,816,816,0,7.40625,-7.40625,-3.703125,2,2304,False
*,12,69,12,69,828,828,0,7.53125,-7.53125,-3.765625,2,2304,False
*,12,70,12,70,840,840,1,7.40625,-7.40625,-3.703125,2,2304,False
*,12,71,12,71,852,852,0,7.62109375,-7.62109375,-3.810546875,2,2256,False
*,12,72,12,72,864,864,0,6.07421875,-6.07421875,-3.037109375,2,2304,False
*,12,73,12,73,876,876,0,7.890625,-7.890625,-3.9453125,2,2304,False
*,12,74,12,74,888,888,0,7.890625,-7.890625,-7.890625,1,2304,False
*,12,75,12,75,900,900,0,7.46875,-7.46875,-7.46875,1,2304,False
*,12,76,12,76,912,912,0,7.45703125,-7.45703125,-3.728515625,2,2304,False
*,12,77,12,77,924,924,0,7.37890625,-7.37890625,-7.37890625,1,2384,False
*,12,78,12,78,936,936,0,7.3203125,-7.3203125,-3.66015625,2,2304,False
*,12,79,12,79,948,948,0,8.2109375,-8.2109375,-4.10546875,2,2384,False
*,12,80,12,80,960,960,1,7.125,-7.125,-3.5625,2,2304,False
*,12,81,12,81,972,972,1,8.0390625,-8.0390625,-4.01953125,2,2304,False
*,12,82,12,82,984,984,0,7.1328125,-7.1328125,-3.56640625,2,2240,False
*,12,83,12,83,996,996,0,8.0859375,-8.0859375,-4.04296875,2,2384,False
*,12,84,12,84,1008,1008,0,6.8984375,-6.8984375,-3.44921875,2,2304,False
*,12,85,12,85,1020,1020,1,8.03125,-8.03125,-4.015625,2,2384,False
*,12,86,12,86,1032,1032,0,7.7421875,-7.7421875,-3.87109375,2,2240,False
*,12,87,12,87,1044,1044,0,7.7734375,-7.7734375,-3.88671875,2,2384,False
*,12,88,12,88,1056,1056,0,6.6171875,-6.6171875,-3.30859375,2,2304,False
*,12,89,12,89,1068,1068,0,7.84375,-7.84375,-3.921875,2,2240,False
*,12,90,12,90,1080,1080,0,6.63671875,-6.63671875,-6.63671875,1,2240,False
*,12,91,12,91,1092,1092,0,7.21875,-7.21875,-3.609375,2,2256,False
*,12,92,12,92,1104,1104,1,7.04296875,-7.04296875,-3.521484375,2,2304,False
*,12,93,12,93,1116,1116,0,8.1953125,-8.1953125,-4.09765625,2,2304,False
*,12,94,12,94,1128,1128,0,7.12109375,-7.12109375,-3.560546875,2,2240,False
*,12,95,12,95,1140,1140,1,8.1796875,-8.1796875,-4.08984375,2,2384,False
*,12,96,12,96,1152,1152,2,6.703125,-6.703125,-3.3515625,2,2304,False
*,12,97,12,97,1164,1164,0,8.125,-8.125,-4.0625,2,2254,False
*,12,98,12,98,1176,1176,2,8.6875,-8.6875,-4.34375,2,2254,False
*,12,99,12,99,1188,1188,0,8.359375,-8.359375,-4.1796875,2,2255,False
*,13,10,13,10,130,130,5,5.81640625,-5.81640625,-5.81640625,1,792,False
*,13,11,13,11,143,143,5,7.69921875,-7.69921875,-7.69921875,1,792,False
*,13,12,13,12,156,156,11,7.5234375,-7.5234375,-7.5234375,1,792,False
*,13,13,13,13,169,169,37,6.625,-6.625,-6.625,1,7,False
*,13,14,13,14,182,182,9,8.59375,-8.59375,-8.59375,1,792,False
*,13,15,13,15,195,195,4,7.7265625,-7.7265625,-7.7265625,1,795,False
*,13,16,13,16,208,208,6,7.73828125,-7.73828125,-7.73828125,1,792,False
*,13,17,13,17,221,221,5,7.25390625,-7.25390625,-7.25390625,1,792,False
*,13,18,13,18,234,234,2,7.26171875,-7.26171875,-7.26171875,1,792,False
*,13,19,13,19,247,247,1,8.0859375,-8.0859375,-8.0859375,1,795,False
*,13,20,13,20,260,260,11,6.65625,-6.65625,-6.65625,1,2256,False
*,13,21,13,21,273,273,0,7.90625,-7.90625,-7.90625,1,795,False
*,13,22,13,22,286,286,2,7.80078125,-7.80078125,-7.80078125,1,792,False
*,13,23,13,23,299,299,1,7.01953125,-7.01953125,-7.01953125,1,705,False
*,13,24,13,24,312,312,4,7.75,-7.75,-7.75,1,792,False
*,13,25,13,25,325,325,2,7.4765625,-7.4765625,-7.4765625,1,795,False
*,13,26,13,26,338,338,1,7.359375,-7.359375,-7.359375,1,792,False
*,13,27,13,27,351,351,0,7.09375,-7.09375,-7.09375,1,795,False
*,13,28,13,28,364,364,11,6.93359375,-6.93359375,-6.93359375,1,792,False
*,13,29,13,29,377,377,0,6.77734375,-6.77734375,-6.77734375,1,792,False
*,13,30,13,30,390,390,2,6.67578125,-6.67578125,-6.67578125,1,792,False
*,13,31,13,31,403,403,1,7.16796875,-7.16796875,-7.16796875,1,711,False
*,13,32,13,32,416,416,0,6.33984375,-6.33984375,-6.33984375,1,792,False
*,13,33,13,33,429,429,0,7.5390625,-7.5390625,-7.5390625,1,792,False
*,13,34,13,34,442,442,1,7.00390625,-7.00390625,-7.00390625,1,792,False
*,13,35,13,35,455,455,0,6.29296875,-6.29296875,-6.29296875,1,795,False
*,13,36,13,36,468,468,0,6.63671875,-6.63671875,-6.63671875,1,792,False
*,13,37,13,37,481,481,1,6.89453125,-6.89453125,-6.89453125,1,792,False
*,13,38,13,38,494,494,0,6.890625,-6.890625,-6.890625,1,792,False
*,13,39,13,39,507,507,0,7.75,-7.75,-7.75,1,795,False
*,13,40,13,40,520,520,2,7.140625,-7.140625,-7.140625,1,792,False
*,13,41,13,41,533,533,2,7.78125,-7.78125,-7.78125,1,976,False
*,13,42,13,42,546,546,0,7.46875,-7.46875,-7.46875,1,792,False
*,13,43,13,43,559,559,0,8.015625,-8.015625,-8.015625,1,792,False
*,13,44,13,44,572,572,0,7.1171875,-7.1171875,-3.55859375,2,792,False
*,13,45,13,45,585,585,0,7.82421875,-7.82421875,-7.82421875,1,795,False
*,13,46,13,46,598,598,0,7.5,-7.5,-3.75,2,792,False
*,13,47,13,47,611,611,0,7.859375,-7.859375,-7.859375,1,795,False
*,13,48,13,48,624,624,4,6.9296875,-6.9296875,-6.9296875,1,792,False
*,13,49,13,49,637,637,0,8.2421875,-8.2421875,-4.12109375,2,795,False
*,13,50,13,50,650,650,1,7.1796875,-7.1796875,-7.1796875,1,792,False
*,13,51,13,51,663,663,0,7.59765625,-7.59765625,-3.798828125,2,975,False
*,13,52,13,52,676,676,1,7.1328125,-7.1328125,-3.56640625,2,792,False
*,13,53,13,53,689,689,0,7.6328125,-7.6328125,-3.81640625,2,795,False
*,13,54,13,54,702,702,1,7.8671875,-7.8671875,-7.8671875,1,792,False
*,13,55,13,55,715,715,0,7.328125,-7.328125,-3.6640625,2,795,False
*,13,56,13,56,728,728,0,6.71484375,-6.71484375,-3.357421875,2,792,False
*,13,57,13,57,741,741,0,7.37890625,-7.37890625,-3.689453125,2,795,False
*,13,58,13,58,754,754,0,7.5546875,-7.5546875,-3.77734375,2,976,False
*,13,59,13,59,767,767,1,7.58984375,-7.58984375,-3.794921875,2,2255,False
*,13,60,13,60,780,780,1,8.0078125,-8.0078125,-8.0078125,1,792,False
*,13,61,13,61,793,793,3,7.484375,-7.484375,-3.7421875,2,792,False
*,13,62,13,62,806,806,0,7.76953125,-7.76953125,-3.884765625,2,2256,False
*,13,63,13,63,819,819,0,7.640625,-7.640625,-3.8203125,2,792,False
*,13,64,13,64,832,832,1,6.9375,-6.9375,-3.46875,2,1728,False
*,13,65,13,65,845,845,0,7.6953125,-7.6953125,-3.84765625,2,795,False
*,13,66,13,66,858,858,0,7.81640625,-7.81640625,-3.908203125,2,792,False
*,13,67,13,67,871,871,0,8.0703125,-8.0703125,-4.03515625,2,792,False
*,13,68,13,68,884,884,0,7.8203125,-7.8203125,-3.91015625,2,2384,False
*,13,69,13,69,897,897,0,8.296875,-8.296875,-4.1484375,2,2262,False
*,13,70,13,70,910,910,1,8.0859375,-8.0859375,-4.04296875,2,2262,False
*,13,71,13,71,923,923,1,8.0,-8.0,-4.0,2,2262,False
*,13,72,13,72,936,936,0,7.421875,-7.421875,-3.7109375,2,2304,False
*,13,73,13,73,949,949,1,8.203125,-8.203125,-4.1015625,2,2262,False
*,13,74,13,74,962,962,0,8.1171875,-8.1171875,-4.05859375,2,2384,False
*,13,75,13,75,975,975,0,7.24609375,-7.24609375,-3.623046875,2,775,False
*,13,76,13,76,988,988,0,7.80859375,-7.80859375,-3.904296875,2,792,False
*,13,77,13,77,1001,1001,0,7.96875,-7.96875,-3.984375,2,2384,False
*,13,78,13,78,1014,1014,0,7.265625,-7.265625,-3.6328125,2,2384,False
*,13,79,13,79,1027,1027,0,7.9375,-7.9375,-3.96875,2,2384,False
*,13,80,13,80,1040,1040,0,7.140625,-7.140625,-3.5703125,2,2384,False
*,13,81,13,81,1053,1053,0,7.8671875,-7.8671875,-3.93359375,2,2256,False
*,13,82,13,82,1066,1066,1,7.7109375,-7.7109375,-3.85546875,2,2262,False
*,13,83,13,83,1079,1079,0,7.84765625,-7.84765625,-3.923828125,2,795,False
*,13,84,13,84,1092,1092,0,7.28125,-7.28125,-3.640625,2,2384,False
*,13,85,13,85,1105,1105,0,7.4609375,-7.4609375,-3.73046875,2,2384,False
*,13,86,13,86,1118,1118,0,7.7578125,-7.7578125,-3.87890625,2,2384,False
*,13,87,13,87,1131,1131,0,7.96484375,-7.96484375,-3.982421875,2,2384,False
*,13,88,13,88,1144,1144,0,7.38671875,-7.38671875,-3.693359375,2,2384,False
*,13,89,13,89,1157,1157,0,8.0078125,-8.0078125,-4.00390625,2,2255,False
*,13,90,13,90,1170,1170,0,7.90234375,-7.90234375,-3.951171875,2,2256,False
*,13,91,13,91,1183,1183,0,7.9375,-7.9375,-3.96875,2,955,False
*,13,92,13,92,1196,1196,0,7.7734375,-7.7734375,-3.88671875,2,2256,False
*,13,93,13,93,1209,1209,0,7.71875,-7.71875,-3.859375,2,2375,False
*,13,94,13,94,1222,1222,1,7.91015625,-7.91015625,-3.955078125,2,2262,False
*,13,95,13,95,1235,1235,0,7.75,-7.75,-3.875,2,2384,False
*,13,96,13,96,1248,1248,0,7.1640625,-7.1640625,-3.58203125,2,792,False
*,13,97,13,97,1261,1261,0,8.0,-8.0,-4.0,2,2255,False
*,13,98,13,98,1274,1274,0,8.1796875,-8.1796875,-4.08984375,2,2254,False
*,13,99,13,99,1287,1287,0,8.5625,-8.5625,-4.28125,2,2255,False
*,14,10,14,10,140,140,16,5.62109375,-5.62109375,-5.62109375,1,792,False
*,14,11,14,11,154,154,3,7.40234375,-7.40234375,-7.40234375,1,792,False
*,14,12,14,12,168,168,7,6.62890625,-6.62890625,-6.62890625,1,792,False
*,14,13,14,13,182,182,5,8.078125,-8.078125,-8.078125,1,792,False
*,14,14,14,14,196,196,20,6.171875,-6.171875,-6.171875,1,784,False
*,14,15,14,15,210,210,4,7.296875,-7.296875,-7.296875,1,792,False
*,14,16,14,16,224,224,6,6.1484375,-6.1484375,-6.1484375,1,784,False
*,14,17,14,17,238,238,1,6.78125,-6.78125,-6.78125,1,792,False
*,14,18,14,18,252,252,1,7.46875,-7.46875,-7.46875,1,792,False
*,14,19,14,19,266,266,0,7.07421875,-7.07421875,-7.07421875,1,792,False
*,14,20,14,20,280,280,6,5.7265625,-5.7265625,-5.7265625,1,784,False
*,14,21,14,21,294,294,0,7.828125,-7.828125,-7.828125,1,792,False
*,14,22,14,22,308,308,1,7.6015625,-7.6015625,-7.6015625,1,792,False
*,14,23,14,23,322,322,0,7.74609375,-7.74609375,-7.74609375,1,792,False
*,14,24,14,24,336,336,3,7.109375,-7.109375,-7.109375,1,784,False
*,14,25,14,25,350,350,2,6.02734375,-6.02734375,-6.02734375,1,792,False
*,14,26,14,26,364,364,0,7.11328125,-7.11328125,-7.11328125,1,792,False
*,14,27,14,27,378,378,2,7.1640625,-7.1640625,-7.1640625,1,792,False
*,14,28,14,28,392,392,2,6.65234375,-6.65234375,-6.65234375,1,784,False
*,14,29,14,29,406,406,0,7.1953125,-7.1953125,-7.1953125,1,792,False
*,14,30,14,30,420,420,2,6.3984375,-6.3984375,-6.3984375,1,792,False
*,14,31,14,31,434,434,0,7.0390625,-7.0390625,-7.0390625,1,792,False
*,14,32,14,32,448,448,0,5.6171875,-5.6171875,-5.6171875,1,784,False
*,14,33,14,33,462,462,0,6.9140625,-6.9140625,-6.9140625,1,792,False
*,14,34,14,34,476,476,0,6.640625,-6.640625,-6.640625,1,784,False
*,14,35,14,35,490,490,1,6.84765625,-6.84765625,-6.84765625,1,792,False
*,14,36,14,36,504,504,1,6.5625,-6.5625,-6.5625,1,792,False
*,14,37,14,37,518,518,1,6.953125,-6.953125,-6.953125,1,792,False
*,14,38,14,38,532,532,0,7.18359375,-7.18359375,-7.18359375,1,792,False
*,14,39,14,39,546,546,0,7.3359375,-7.3359375,-7.3359375,1,792,False
*,14,40,14,40,560,560,2,6.671875,-6.671875,-6.671875,1,792,False
*,14,41,14,41,574,574,0,7.64453125,-7.64453125,-7.64453125,1,792,False
*,14,42,14,42,588,588,1,6.58203125,-6.58203125,-3.291015625,2,792,False
*,14,43,14,43,602,602,1,7.95703125,-7.95703125,-7.95703125,1,792,False
*,14,44,14,44,616,616,0,6.66796875,-6.66796875,-6.66796875,1,784,False
*,14,45,14,45,630,630,0,7.328125,-7.328125,-7.328125,1,792,False
*,14,46,14,46,644,644,0,6.85546875,-6.85546875,-3.427734375,2,792,False
*,14,47,14,47,658,658,0,7.6328125,-7.6328125,-3.81640625,2,792,False
*,14,48,14,48,672,672,0,6.7890625,-6.7890625,-3.39453125,2,792,False
*,14,49,14,49,686,686,0,7.6328125,-7.6328125,-3.81640625,2,792,False
*,14,50,14,50,700,700,3,6.5234375,-6.5234375,-6.5234375,1,792,False
*,14,51,14,51,714,714,0,7.18359375,-7.18359375,-3.591796875,2,792,False
*,14,52,14,52,728,728,0,6.36328125,-6.36328125,-3.181640625,2,792,False
*,14,53,14,53,742,742,0,7.0390625,-7.0390625,-3.51953125,2,792,False
*,14,54,14,54,756,756,0,6.8203125,-6.8203125,-3.41015625,2,792,False
*,14,55,14,55,770,770,0,7.0703125,-7.0703125,-3.53515625,2,792,False
*,14,56,14,56,784,784,0,5.6796875,-5.6796875,-2.83984375,2,784,True
*,14,57,14,57,798,798,0,7.21875,-7.21875,-3.609375,2,792,False
*,14,58,14,58,812,812,0,7.31640625,-7.31640625,-3.658203125,2,792,False
*,14,59,14,59,826,826,0,7.3359375,-7.3359375,-3.66796875,2,2256,False
*,14,60,14,60,840,840,1,6.6875,-6.6875,-3.34375,2,792,False
*,14,61,14,61,854,854,0,7.515625,-7.515625,-3.7578125,2,792,False
*,14,62,14,62,868,868,0,7.2734375,-7.2734375,-3.63671875,2,2256,False
*,14,63,14,63,882,882,0,8.0703125,-8.0703125,-4.03515625,2,792,False
*,14,64,14,64,896,896,0,6.625,-6.625,-3.3125,2,784,False
*,14,65,14,65,910,910,0,7.81640625,-7.81640625,-3.908203125,2,792,False
*,14,66,14,66,924,924,0,6.9765625,-6.9765625,-6.9765625,1,792,False
*,14,67,14,67,938,938,0,7.90625,-7.90625,-3.953125,2,792,False
*,14,68,14,68,952,952,0,7.2421875,-7.2421875,-3.62109375,2,2384,False
*,14,69,14,69,966,966,0,7.59375,-7.59375,-3.796875,2,2262,False
*,14,70,14,70,980,980,0,7.8515625,-7.8515625,-3.92578125,2,2262,False
*,14,71,14,71,994,994,1,8.109375,-8.109375,-4.0546875,2,2262,False
*,14,72,14,72,1008,1008,0,7.015625,-7.015625,-3.5078125,2,2304,False
*,14,73,14,73,1022,1022,0,7.78125,-7.78125,-3.890625,2,792,False
*,14,74,14,74,1036,1036,0,7.546875,-7.546875,-3.7734375,2,792,False
*,14,75,14,75,1050,1050,0,7.34375,-7.34375,-3.671875,2,792,False
*,14,76,14,76,1064,1064,0,6.73046875,-6.73046875,-3.365234375,2,792,False
*,14,77,14,77,1078,1078,0,7.96875,-7.96875,-3.984375,2,792,False
*,14,78,14,78,1092,1092,0,6.99609375,-6.99609375,-3.498046875,2,2384,False
*,14,79,14,79,1106,1106,0,8.0078125,-8.0078125,-4.00390625,2,2384,False
*,14,80,14,80,1120,1120,0,6.78125,-6.78125,-3.390625,2,2304,False
*,14,81,14,81,1134,1134,0,7.33203125,-7.33203125,-3.666015625,2,2256,False
*,14,82,14,82,1148,1148,0,7.5234375,-7.5234375,-3.76171875,2,2262,False
*,14,83,14,83,1162,1162,0,7.8125,-7.8125,-3.90625,2,792,False
*,14,84,14,84,1176,1176,0,7.66015625,-7.66015625,-3.830078125,2,2304,False
*,14,85,14,85,1190,1190,0,8.125,-8.125,-4.0625,2,2384,False
*,14,86,14,86,1204,1204,1,6.98828125,-6.98828125,-3.494140625,2,2384,False
*,14,87,14,87,1218,1218,0,8.171875,-8.171875,-4.0859375,2,2384,False
*,14,88,14,88,1232,1232,0,7.359375,-7.359375,-3.6796875,2,2384,False
*,14,89,14,89,1246,1246,0,7.8828125,-7.8828125,-3.94140625,2,2256,False
*,14,90,14,90,1260,1260,0,7.6328125,-7.6328125,-3.81640625,2,2240,False
*,14,91,14,91,1274,1274,0,7.90625,-7.90625,-3.953125,2,2256,False
*,14,92,14,92,1288,1288,0,7.8203125,-7.8203125,-3.91015625,2,2384,False
*,14,93,14,93,1302,1302,0,7.828125,-7.828125,-3.9140625,2,2262,False
*,14,94,14,94,1316,1316,0,7.46875,-7.46875,-3.734375,2,2384,False
*,14,95,14,95,1330,1330,0,8.1640625,-8.1640625,-4.08203125,2,2384,False
*,14,96,14,96,1344,1344,0,6.99609375,-6.99609375,-3.498046875,2,2240,False
*,14,97,14,97,1358,1358,0,7.5390625,-7.5390625,-3.76953125,2,2254,False
*,14,98,14,98,1372,1372,0,8.2265625,-8.2265625,-4.11328125,2,2254,False
*,14,99,14,99,1386,1386,0,8.2734375,-8.2734375,-4.13671875,2,2254,False
*,15,10,15,10,150,150,16,6.18359375,-6.18359375,-6.18359375,1,792,False
*,15,11,15,11,165,165,3,7.4375,-7.4375,-7.4375,1,792,False
*,15,12,15,12,180,180,11,6.96875,-6.96875,-6.96875,1,792,False
*,15,13,15,13,195,195,1,7.67578125,-7.67578125,-7.67578125,1,792,False
*,15,14,15,14,210,210,7,7.27734375,-7.27734375,-7.27734375,1,792,False
*,15,15,15,15,225,225,30,5.91015625,-5.91015625,-5.91015625,1,795,False
*,15,16,15,16,240,240,10,6.39453125,-6.39453125,-6.39453125,1,792,False
*,15,17,15,17,255,255,3,7.484375,-7.484375,-7.484375,1,795,False
*,15,18,15,18,270,270,3,6.578125,-6.578125,-6.578125,1,792,False
*,15,19,15,19,285,285,1,6.66796875,-6.66796875,-6.66796875,1,795,False
*,15,20,15,20,300,300,18,6.6328125,-6.6328125,-6.6328125,1,792,False
*,15,21,15,21,315,315,0,7.8359375,-7.8359375,-7.8359375,1,795,False
*,15,22,15,22,330,330,0,7.36328125,-7.36328125,-7.36328125,1,792,False
*,15,23,15,23,345,345,0,7.421875,-7.421875,-7.421875,1,795,False
*,15,24,15,24,360,360,5,6.1796875,-6.1796875,-6.1796875,1,784,False
*,15,25,15,25,375,375,2,6.5625,-6.5625,-6.5625,1,725,False
*,15,26,15,26,390,390,0,7.00390625,-7.00390625,-7.00390625,1,792,False
*,15,27,15,27,405,405,1,6.71484375,-6.71484375,-6.71484375,1,795,False
*,15,28,15,28,420,420,1,6.85546875,-6.85546875,-6.85546875,1,728,False
*,15,29,15,29,435,435,1,7.1015625,-7.1015625,-7.1015625,1,795,False
*,15,30,15,30,450,450,4,5.59765625,-5.59765625,-5.59765625,1,792,False
*,15,31,15,31,465,465,1,7.0625,-7.0625,-7.0625,1,711,False
*,15,32,15,32,480,480,1,6.12890625,-6.12890625,-6.12890625,1,792,False
*,15,33,15,33,495,495,0,6.54296875,-6.54296875,-6.54296875,1,711,False
*,15,34,15,34,510,510,0,6.9140625,-6.9140625,-6.9140625,1,784,False
*,15,35,15,35,525,525,2,6.83203125,-6.83203125,-6.83203125,1,795,False
*,15,36,15,36,540,540,3,6.4921875,-6.4921875,-6.4921875,1,792,False
*,15,37,15,37,555,555,1,6.921875,-6.921875,-6.921875,1,795,False
*,15,38,15,38,570,570,1,7.140625,-7.140625,-7.140625,1,792,False
*,15,39,15,39,585,585,0,7.5859375,-7.5859375,-7.5859375,1,795,False
*,15,40,15,40,600,600,2,6.90234375,-6.90234375,-6.90234375,1,792,False
*,15,41,15,41,615,615,0,8.0546875,-8.0546875,-8.0546875,1,795,False
*,15,42,15,42,630,630,0,7.20703125,-7.20703125,-7.20703125,1,792,False
*,15,43,15,43,645,645,0,7.62890625,-7.62890625,-3.814453125,2,795,False
*,15,44,15,44,660,660,0,7.2578125,-7.2578125,-7.2578125,1,784,False
*,15,45,15,45,675,675,1,7.12109375,-7.12109375,-7.12109375,1,795,False
*,15,46,15,46,690,690,0,7.328125,-7.328125,-3.6640625,2,792,False
*,15,47,15,47,705,705,0,7.22265625,-7.22265625,-3.611328125,2,795,False
*,15,48,15,48,720,720,0,6.640625,-6.640625,-6.640625,1,792,False
*,15,49,15,49,735,735,0,7.33984375,-7.33984375,-3.669921875,2,795,False
*,15,50,15,50,750,750,5,6.25390625,-6.25390625,-6.25390625,1,795,False
*,15,51,15,51,765,765,1,7.3359375,-7.3359375,-3.66796875,2,795,False
*,15,52,15,52,780,780,2,7.7109375,-7.7109375,-7.7109375,1,792,False
*,15,53,15,53,795,795,1,6.94921875,-6.94921875,-3.474609375,2,795,True
*,15,54,15,54,810,810,0,7.46875,-7.46875,-3.734375,2,792,False
*,15,55,15,55,825,825,0,7.10546875,-7.10546875,-3.552734375,2,755,False
*,15,56,15,56,840,840,1,6.82421875,-6.82421875,-3.412109375,2,784,False
*,15,57,15,57,855,855,0,7.453125,-7.453125,-3.7265625,2,795,False
*,15,58,15,58,870,870,0,7.4140625,-7.4140625,-3.70703125,2,792,False
*,15,59,15,59,885,885,0,8.4765625,-8.4765625,-4.23828125,2,795,False
*,15,60,15,60,900,900,8,6.859375,-6.859375,-6.859375,1,792,False
*,15,61,15,61,915,915,0,7.55859375,-7.55859375,-3.779296875,2,795,False
*,15,62,15,62,930,930,1,7.953125,-7.953125,-3.9765625,2,2256,False
*,15,63,15,63,945,945,1,7.58203125,-7.58203125,-3.791015625,2,775,False
*,15,64,15,64,960,960,3,7.04296875,-7.04296875,-3.521484375,2,1728,False
*,15,65,15,65,975,975,0,7.33984375,-7.33984375,-3.669921875,2,795,False
*,15,66,15,66,990,990,0,8.09375,-8.09375,-4.046875,2,792,False
*,15,67,15,67,1005,1005,0,8.21875,-8.21875,-4.109375,2,795,False
*,15,68,15,68,1020,1020,0,7.8125,-7.8125,-3.90625,2,2384,False
*,15,69,15,69,1035,1035,0,7.8046875,-7.8046875,-3.90234375,2,2262,False
*,15,70,15,70,1050,1050,0,7.34375,-7.34375,-3.671875,2,2262,False
*,15,71,15,71,1065,1065,0,7.51171875,-7.51171875,-3.755859375,2,2256,False
*,15,72,15,72,1080,1080,0,6.84375,-6.84375,-6.84375,1,2304,False
*,15,73,15,73,1095,1095,0,7.6171875,-7.6171875,-3.80859375,2,775,False
*,15,74,15,74,1110,1110,0,7.31640625,-7.31640625,-3.658203125,2,792,False
*,15,75,15,75,1125,1125,1,7.07421875,-7.07421875,-3.537109375,2,775,False
*,15,76,15,76,1140,1140,0,7.88671875,-7.88671875,-3.943359375,2,792,False
*,15,77,15,77,1155,1155,0,7.921875,-7.921875,-3.9609375,2,795,False
*,15,78,15,78,1170,1170,0,8.1328125,-8.1328125,-4.06640625,2,2384,False
*,15,79,15,79,1185,1185,0,7.7890625,-7.7890625,-3.89453125,2,2256,False
*,15,80,15,80,1200,1200,3,6.69140625,-6.69140625,-6.69140625,1,2304,False
*,15,81,15,81,1215,1215,0,7.5546875,-7.5546875,-3.77734375,2,2256,False
*,15,82,15,82,1230,1230,0,8.28125,-8.28125,-4.140625,2,2262,False
*,15,83,15,83,1245,1245,0,8.078125,-8.078125,-4.0390625,2,795,False
*,15,84,15,84,1260,1260,0,7.7421875,-7.7421875,-3.87109375,2,2304,False
*,15,85,15,85,1275,1275,0,7.8046875,-7.8046875,-3.90234375,2,2256,False
*,15,86,15,86,1290,1290,0,8.2265625,-8.2265625,-4.11328125,2,2384,False
*,15,87,15,87,1305,1305,0,7.85546875,-7.85546875,-3.927734375,2,2256,False
*,15,88,15,88,1320,1320,1,7.40625,-7.40625,-3.703125,2,2384,False
*,15,89,15,89,1335,1335,0,7.79296875,-7.79296875,-3.896484375,2,2255,False
*,15,90,15,90,1350,1350,0,7.703125,-7.703125,-3.8515625,2,2256,False
*,15,91,15,91,1365,1365,0,7.7578125,-7.7578125,-3.87890625,2,2255,False
*,15,92,15,92,1380,1380,0,7.921875,-7.921875,-3.9609375,2,2256,False
*,15,93,15,93,1395,1395,0,7.72265625,-7.72265625,-3.861328125,2,2255,False
*,15,94,15,94,1410,1410,1,8.15625,-8.15625,-4.078125,2,2256,False
*,15,95,15,95,1425,1425,0,7.59375,-7.59375,-3.796875,2,2255,False
*,15,96,15,96,1440,1440,0,7.37109375,-7.37109375,-3.685546875,2,2384,False
*,15,97,15,97,1455,1455,0,7.9140625,-7.9140625,-3.95703125,2,2255,False
*,15,98,15,98,1470,1470,0,8.25,-8.25,-4.125,2,2254,False
*,15,99,15,99,1485,1485,0,8.875,-8.875,-4.4375,2,2255,False
*,16,10,16,10,160,160,21,5.90625,-5.90625,-5.90625,1,792,False
*,16,11,16,11,176,176,4,7.2265625,-7.2265625,-7.2265625,1,792,False
*,16,12,16,12,192,192,20,6.3125,-6.3125,-6.3125,1,792,False
*,16,13,16,13,208,208,10,7.75390625,-7.75390625,-7.75390625,1,792,False
*,16,14,16,14,224,224,4,6.3046875,-6.3046875,-6.3046875,1,784,False
*,16,15,16,15,240,240,6,6.41796875,-6.41796875,-6.41796875,1,792,False
*,16,16,16,16,256,256,114,5.3046875,-5.3046875,-5.3046875,1,8,False
*,16,17,16,17,272,272,0,7.07421875,-7.07421875,-7.07421875,1,792,False
*,16,18,16,18,288,288,1,6.0703125,-6.0703125,-6.0703125,1,864,False
*,16,19,16,19,304,304,1,7.72265625,-7.72265625,-7.72265625,1,864,False
*,16,20,16,20,320,320,8,6.2265625,-6.2265625,-6.2265625,1,864,False
*,16,21,16,21,336,336,5,7.11328125,-7.11328125,-7.11328125,1,792,False
*,16,22,16,22,352,352,0,7.37109375,-7.37109375,-7.37109375,1,864,False
*,16,23,16,23,368,368,0,6.95703125,-6.95703125,-6.95703125,1,8,False
*,16,24,16,24,384,384,4,5.94140625,-5.94140625,-5.94140625,1,864,False
*,16,25,16,25,400,400,1,7.0078125,-7.0078125,-7.0078125,1,864,False
*,16,26,16,26,416,416,2,6.37109375,-6.37109375,-6.37109375,1,792,False
*,16,27,16,27,432,432,2,6.67578125,-6.67578125,-6.67578125,1,792,False
*,16,28,16,28,448,448,0,5.69921875,-5.69921875,-5.69921875,1,784,False
*,16,29,16,29,464,464,0,6.9765625,-6.9765625,-6.9765625,1,792,False
*,16,30,16,30,480,480,2,5.97265625,-5.97265625,-5.97265625,1,792,False
*,16,31,16,31,496,496,5,7.0546875,-7.0546875,-7.0546875,1,784,False
*,16,32,16,32,512,512,17,5.6953125,-5.6953125,-5.6953125,1,864,False
*,16,33,16,33,528,528,1,6.83984375,-6.83984375,-6.83984375,1,792,False
*,16,34,16,34,544,544,1,6.37109375,-6.37109375,-6.37109375,1,784,False
*,16,35,16,35,560,560,0,6.984375,-6.984375,-6.984375,1,792,False
*,16,36,16,36,576,576,1,5.91015625,-5.91015625,-5.91015625,1,792,False
*,16,37,16,37,592,592,0,6.5234375,-6.5234375,-3.26171875,2,792,False
*,16,38,16,38,608,608,0,6.9296875,-6.9296875,-6.9296875,1,792,False
*,16,39,16,39,624,624,0,6.796875,-6.796875,-6.796875,1,792,False
*,16,40,16,40,640,640,4,6.12109375,-6.12109375,-6.12109375,1,864,False
*,16,41,16,41,656,656,1,7.078125,-7.078125,-3.5390625,2,864,False
*,16,42,16,42,672,672,1,6.875,-6.875,-3.4375,2,792,False
*,16,43,16,43,688,688,0,7.4765625,-7.4765625,-3.73828125,2,792,False
*,16,44,16,44,704,704,2,6.3203125,-6.3203125,-6.3203125,1,864,False
*,16,45,16,45,720,720,0,6.91796875,-6.91796875,-6.91796875,1,792,False
*,16,46,16,46,736,736,0,6.79296875,-6.79296875,-3.396484375,2,864,False
*,16,47,16,47,752,752,0,7.15625,-7.15625,-3.578125,2,792,False
*,16,48,16,48,768,768,2,5.58203125,-5.58203125,-5.58203125,1,864,False
*,16,49,16,49,784,784,0,6.8671875,-6.8671875,-3.43359375,2,864,False
*,16,50,16,50,800,800,5,6.34765625,-6.34765625,-6.34765625,1,864,False
*,16,51,16,51,816,816,0,7.1953125,-7.1953125,-3.59765625,2,864,False
*,16,52,16,52,832,832,0,6.015625,-6.015625,-3.0078125,2,864,False
*,16,53,16,53,848,848,0,7.078125,-7.078125,-3.5390625,2,864,False
*,16,54,16,54,864,864,0,5.9453125,-5.9453125,-2.97265625,2,864,True
*,16,55,16,55,880,880,1,7.2421875,-7.2421875,-3.62109375,2,864,False
*,16,56,16,56,896,896,0,6.07421875,-6.07421875,-3.037109375,2,864,False
*,16,57,16,57,912,912,0,7.390625,-7.390625,-3.6953125,2,864,False
*,16,58,16,58,928,928,0,6.765625,-6.765625,-3.3828125,2,864,False
*,16,59,16,59,944,944,0,7.3828125,-7.3828125,-3.69140625,2,864,False
*,16,60,16,60,960,960,4,6.5,-6.5,-3.25,2,864,False
*,16,61,16,61,976,976,0,7.4453125,-7.4453125,-3.72265625,2,2254,False
*,16,62,16,62,992,992,0,7.390625,-7.390625,-3.6953125,2,2256,False
*,16,63,16,63,1008,1008,0,7.08984375,-7.08984375,-3.544921875,2,784,False
*,16,64,16,64,1024,1024,8,4.9296875,-4.9296875,-4.9296875,1,1728,False
*,16,65,16,65,1040,1040,0,7.2109375,-7.2109375,-3.60546875,2,864,False
*,16,66,16,66,1056,1056,0,6.6640625,-6.6640625,-3.33203125,2,784,False
*,16,67,16,67,1072,1072,0,7.7421875,-7.7421875,-3.87109375,2,792,False
*,16,68,16,68,1088,1088,0,6.7265625,-6.7265625,-3.36328125,2,864,False
*,16,69,16,69,1104,1104,0,7.5703125,-7.5703125,-3.78515625,2,864,False
*,16,70,16,70,1120,1120,1,7.2578125,-7.2578125,-3.62890625,2,2256,False
*,16,71,16,71,1136,1136,0,7.421875,-7.421875,-3.7109375,2,2256,False
*,16,72,16,72,1152,1152,0,7.03125,-7.03125,-3.515625,2,864,False
*,16,73,16,73,1168,1168,0,7.703125,-7.703125,-3.8515625,2,792,False
*,16,74,16,74,1184,1184,0,7.25,-7.25,-3.625,2,784,False
*,16,75,16,75,1200,1200,1,6.984375,-6.984375,-6.984375,1,864,False
*,16,76,16,76,1216,1216,0,6.921875,-6.921875,-3.4609375,2,784,False
*,16,77,16,77,1232,1232,0,7.9921875,-7.9921875,-3.99609375,2,792,False
*,16,78,16,78,1248,1248,0,7.0546875,-7.0546875,-3.52734375,2,784,False
*,16,79,16,79,1264,1264,0,7.33203125,-7.33203125,-3.666015625,2,2256,False
*,16,80,16,80,1280,1280,0,6.3671875,-6.3671875,-3.18359375,2,2256,False
*,16,81,16,81,1296,1296,0,7.59765625,-7.59765625,-3.798828125,2,2256,False
*,16,82,16,82,1312,1312,0,7.11328125,-7.11328125,-3.556640625,2,2256,False
*,16,83,16,83,1328,1328,0,8.15625,-8.15625,-4.078125,2,864,False
*,16,84,16,84,1344,1344,0,7.296875,-7.296875,-3.6484375,2,864,False
*,16,85,16,85,1360,1360,0,8.390625,-8.390625,-4.1953125,2,2256,False
*,16,86,16,86,1376,1376,0,7.78125,-7.78125,-3.890625,2,2256,False
*,16,87,16,87,1392,1392,0,8.234375,-8.234375,-4.1171875,2,864,False
*,16,88,16,88,1408,1408,0,6.72265625,-6.72265625,-3.361328125,2,2240,False
*,16,89,16,89,1424,1424,0,8.140625,-8.140625,-4.0703125,2,2256,False
*,16,90,16,90,1440,1440,0,7.296875,-7.296875,-3.6484375,2,2256,False
*,16,91,16,91,1456,1456,0,7.73046875,-7.73046875,-3.865234375,2,2256,False
*,16,92,16,92,1472,1472,0,7.81640625,-7.81640625,-3.908203125,2,2256,False
*,16,93,16,93,1488,1488,0,8.390625,-8.390625,-4.1953125,2,2255,False
*,16,94,16,94,1504,1504,6,7.1796875,-7.1796875,-3.58984375,2,2256,False
*,16,95,16,95,1520,1520,0,7.8125,-7.8125,-3.90625,2,2256,False
*,16,96,16,96,1536,1536,0,6.8046875,-6.8046875,-3.40234375,2,864,False
*,16,97,16,97,1552,1552,0,7.59375,-7.59375,-3.796875,2,2255,False
*,16,98,16,98,1568,1568,0,7.5546875,-7.5546875,-3.77734375,2,2254,False
*,16,99,16,99,1584,1584,0,7.9765625,-7.9765625,-3.98828125,2,2255,False
*,17,10,17,10,170,170,4,7.2265625,-7.2265625,-7.2265625,1,792,False
*,17,11,17,11,187,187,6,7.8125,-7.8125,-7.8125,1,792,False
*,17,12,17,12,204,204,8,7.62109375,-7.62109375,-7.62109375,1,792,False
*,17,13,17,13,221,221,2,7.6015625,-7.6015625,-7.6015625,1,792,False
*,17,14,17,14,238,238,1,6.828125,-6.828125,-6.828125,1,792,False
*,17,15,17,15,255,255,1,7.86328125,-7.86328125,-7.86328125,1,792,False
*,17,16,17,16,272,272,5,6.90625,-6.90625,-6.90625,1,792,False
*,17,17,17,17,289,289,104,6.390625,-6.390625,-6.390625,1,7,False
*,17,18,17,18,306,306,2,7.71484375,-7.71484375,-7.71484375,1,792,False
*,17,19,17,19,323,323,2,7.82421875,-7.82421875,-7.82421875,1,792,False
*,17,20,17,20,340,340,4,7.08203125,-7.08203125,-7.08203125,1,2256,False
*,17,21,17,21,357,357,0,6.921875,-6.921875,-6.921875,1,792,False
*,17,22,17,22,374,374,0,7.8515625,-7.8515625,-7.8515625,1,2256,False
*,17,23,17,23,391,391,6,8.2109375,-8.2109375,-8.2109375,1,792,False
*,17,24,17,24,408,408,2,7.02734375,-7.02734375,-7.02734375,1,792,False
*,17,25,17,25,425,425,2,7.4453125,-7.4453125,-7.4453125,1,792,False
*,17,26,17,26,442,442,1,7.3671875,-7.3671875,-7.3671875,1,792,False
*,17,27,17,27,459,459,1,7.09765625,-7.09765625,-7.09765625,1,792,False
*,17,28,17,28,476,476,2,7.24609375,-7.24609375,-7.24609375,1,784,False
*,17,29,17,29,493,493,0,7.265625,-7.265625,-7.265625,1,792,False
*,17,30,17,30,510,510,4,7.0859375,-7.0859375,-7.0859375,1,792,False
*,17,31,17,31,527,527,0,7.69921875,-7.69921875,-7.69921875,1,711,False
*,17,32,17,32,544,544,0,6.42578125,-6.42578125,-6.42578125,1,792,False
*,17,33,17,33,561,561,1,7.34765625,-7.34765625,-7.34765625,1,792,False
*,17,34,17,34,578,578,3,7.1015625,-7.1015625,-3.55078125,2,792,False
*,17,35,17,35,595,595,1,7.4453125,-7.4453125,-7.4453125,1,795,False
*,17,36,17,36,612,612,0,7.61328125,-7.61328125,-7.61328125,1,792,False
*,17,37,17,37,629,629,0,7.47265625,-7.47265625,-3.736328125,2,792,False
*,17,38,17,38,646,646,0,7.4375,-7.4375,-3.71875,2,792,False
*,17,39,17,39,663,663,0,7.5859375,-7.5859375,-3.79296875,2,792,False
*,17,40,17,40,680,680,0,6.98046875,-6.98046875,-6.98046875,1,792,False
*,17,41,17,41,697,697,0,7.94140625,-7.94140625,-3.970703125,2,792,False
*,17,42,17,42,714,714,0,7.3671875,-7.3671875,-3.68359375,2,792,False
*,17,43,17,43,731,731,0,7.44921875,-7.44921875,-3.724609375,2,792,False
*,17,44,17,44,748,748,0,7.03125,-7.03125,-3.515625,2,792,False
*,17,45,17,45,765,765,0,7.4453125,-7.4453125,-3.72265625,2,795,False
*,17,46,17,46,782,782,0,7.8515625,-7.8515625,-3.92578125,2,792,False
*,17,47,17,47,799,799,0,7.6328125,-7.6328125,-3.81640625,2,792,False
*,17,48,17,48,816,816,0,7.17578125,-7.17578125,-3.587890625,2,792,False
*,17,49,17,49,833,833,1,8.0625,-8.0625,-4.03125,2,792,False
*,17,50,17,50,850,850,0,7.078125,-7.078125,-7.078125,1,792,False
*,17,51,17,51,867,867,0,7.359375,-7.359375,-3.6796875,2,792,False
*,17,52,17,52,884,884,0,7.3984375,-7.3984375,-3.69921875,2,792,False
*,17,53,17,53,901,901,0,8.328125,-8.328125,-4.1640625,2,792,False
*,17,54,17,54,918,918,0,7.9609375,-7.9609375,-3.98046875,2,792,False
*,17,55,17,55,935,935,0,7.59375,-7.59375,-3.796875,2,795,False
*,17,56,17,56,952,952,0,7.0078125,-7.0078125,-3.50390625,2,792,False
*,17,57,17,57,969,969,0,8.03125,-8.03125,-4.015625,2,792,False
*,17,58,17,58,986,986,0,7.84375,-7.84375,-3.921875,2,2256,False
*,17,59,17,59,1003,1003,0,7.59375,-7.59375,-3.796875,2,2256,False
*,17,60,17,60,1020,1020,2,7.73046875,-7.73046875,-3.865234375,2,2256,False
*,17,61,17,61,1037,1037,0,8.5625,-8.5625,-4.28125,2,1728,False
*,17,62,17,62,1054,1054,0,7.8671875,-7.8671875,-3.93359375,2,2256,False
*,17,63,17,63,1071,1071,0,7.8984375,-7.8984375,-3.94921875,2,1728,False
*,17,64,17,64,1088,1088,1,7.08984375,-7.08984375,-3.544921875,2,1728,False
*,17,65,17,65,1105,1105,0,7.61328125,-7.61328125,-3.806640625,2,1728,False
*,17,66,17,66,1122,1122,0,7.8671875,-7.8671875,-3.93359375,2,2256,False
*,17,67,17,67,1139,1139,0,8.28125,-8.28125,-4.140625,2,2256,False
*,17,68,17,68,1156,1156,0,7.546875,-7.546875,-3.7734375,2,2256,False
*,17,69,17,69,1173,1173,0,8.40625,-8.40625,-4.203125,2,2262,False
*,17,70,17,70,1190,1190,0,8.3515625,-8.3515625,-4.17578125,2,2384,False
*,17,71,17,71,1207,1207,0,8.0078125,-8.0078125,-4.00390625,2,2256,False
*,17,72,17,72,1224,1224,0,7.79296875,-7.79296875,-3.896484375,2,2304,False
*,17,73,17,73,1241,1241,0,8.3359375,-8.3359375,-4.16796875,2,2262,False
*,17,74,17,74,1258,1258,0,7.9140625,-7.9140625,-3.95703125,2,2384,False
*,17,75,17,75,1275,1275,0,7.91796875,-7.91796875,-3.958984375,2,775,False
*,17,76,17,76,1292,1292,0,7.546875,-7.546875,-3.7734375,2,2256,False
*,17,77,17,77,1309,1309,0,8.2109375,-8.2109375,-4.10546875,2,2256,False
*,17,78,17,78,1326,1326,0,7.90234375,-7.90234375,-3.951171875,2,2384,False
*,17,79,17,79,1343,1343,0,8.1875,-8.1875,-4.09375,2,2256,False
*,17,80,17,80,1360,1360,1,8.1875,-8.1875,-4.09375,2,2304,False
*,17,81,17,81,1377,1377,0,8.25,-8.25,-4.125,2,2256,False
*,17,82,17,82,1394,1394,0,7.875,-7.875,-3.9375,2,2256,False
*,17,83,17,83,1411,1411,0,8.1171875,-8.1171875,-4.05859375,2,2256,False
*,17,84,17,84,1428,1428,0,7.78125,-7.78125,-3.890625,2,2304,False
*,17,85,17,85,1445,1445,0,8.21875,-8.21875,-4.109375,2,2256,False
*,17,86,17,86,1462,1462,0,8.3125,-8.3125,-4.15625,2,2256,False
*,17,87,17,87,1479,1479,0,8.515625,-8.515625,-4.2578125,2,2256,False
*,17,88,17,88,1496,1496,0,7.390625,-7.390625,-3.6953125,2,2384,False
*,17,89,17,89,1513,1513,0,8.0078125,-8.0078125,-4.00390625,2,2255,False
*,17,90,17,90,1530,1530,0,7.96875,-7.96875,-3.984375,2,2256,False
*,17,91,17,91,1547,1547,0,7.953125,-7.953125,-3.9765625,2,2255,False
*,17,92,17,92,1564,1564,0,7.6796875,-7.6796875,-3.83984375,2,2256,False
*,17,93,17,93,1581,1581,0,8.1328125,-8.1328125,-4.06640625,2,2255,False
*,17,94,17,94,1598,1598,0,7.71484375,-7.71484375,-3.857421875,2,2256,False
*,17,95,17,95,1615,1615,0,7.921875,-7.921875,-3.9609375,2,2255,False
*,17,96,17,96,1632,1632,0,7.30078125,-7.30078125,-3.650390625,2,2256,False
*,17,97,17,97,1649,1649,0,7.59765625,-7.59765625,-3.798828125,2,2255,False
*,17,98,17,98,1666,1666,0,8.5859375,-8.5859375,-4.29296875,2,1728,False
*,17,99,17,99,1683,1683,1,8.390625,-8.390625,-4.1953125,2,2254,False
*,18,10,18,10,180,180,7,6.8671875,-6.8671875,-6.8671875,1,792,False
*,18,11,18,11,198,198,4,7.50390625,-7.50390625,-7.50390625,1,792,False
*,18,12,18,12,216,216,8,6.44921875,-6.44921875,-6.44921875,1,792,False
*,18,13,18,13,234,234,0,7.23046875,-7.23046875,-7.23046875,1,792,False
*,18,14,18,14,252,252,1,7.171875,-7.171875,-7.171875,1,792,False
*,18,15,18,15,270,270,1,6.60546875,-6.60546875,-6.60546875,1,792,False
*,18,16,18,16,288,288,3,6.1953125,-6.1953125,-6.1953125,1,792,False
*,18,17,18,17,306,306,4,7.14453125,-7.14453125,-7.14453125,1,792,False
*,18,18,18,18,324,324,9,6.3515625,-6.3515625,-6.3515625,1,792,False
*,18,19,18,19,342,342,1,6.95703125,-6.95703125,-6.95703125,1,792,False
*,18,20,18,20,360,360,8,5.734375,-5.734375,-5.734375,1,792,False
*,18,21,18,21,378,378,0,7.19140625,-7.19140625,-7.19140625,1,792,False
*,18,22,18,22,396,396,0,7.1015625,-7.1015625,-7.1015625,1,792,False
*,18,23,18,23,414,414,0,6.98046875,-6.98046875,-6.98046875,1,792,False
*,18,24,18,24,432,432,0,6.48046875,-6.48046875,-6.48046875,1,792,False
*,18,25,18,25,450,450,1,6.36328125,-6.36328125,-6.36328125,1,792,False
*,18,26,18,26,468,468,1,7.140625,-7.140625,-7.140625,1,792,False
*,18,27,18,27,486,486,0,6.5234375,-6.5234375,-6.5234375,1,792,False
*,18,28,18,28,504,504,0,6.71875,-6.71875,-6.71875,1,784,False
*,18,29,18,29,522,522,0,7.48828125,-7.48828125,-7.48828125,1,792,False
*,18,30,18,30,540,540,5,6.48046875,-6.48046875,-6.48046875,1,792,False
*,18,31,18,31,558,558,0,6.87109375,-6.87109375,-3.435546875,2,792,False
*,18,32,18,32,576,576,3,6.11328125,-6.11328125,-6.11328125,1,784,False
*,18,33,18,33,594,594,1,6.9375,-6.9375,-6.9375,1,792,False
*,18,34,18,34,612,612,0,7.45703125,-7.45703125,-7.45703125,1,792,False
*,18,35,18,35,630,630,0,7.1171875,-7.1171875,-7.1171875,1,792,False
*,18,36,18,36,648,648,0,6.3671875,-6.3671875,-3.18359375,2,792,False
*,18,37,18,37,666,666,1,7.50390625,-7.50390625,-7.50390625,1,792,False
*,18,38,18,38,684,684,0,6.984375,-6.984375,-3.4921875,2,792,False
*,18,39,18,39,702,702,0,7.6953125,-7.6953125,-7.6953125,1,792,False
*,18,40,18,40,720,720,1,6.203125,-6.203125,-6.203125,1,792,False
*,18,41,18,41,738,738,0,7.55078125,-7.55078125,-3.775390625,2,792,False
*,18,42,18,42,756,756,0,6.9609375,-6.9609375,-3.48046875,2,792,False
*,18,43,18,43,774,774,0,7.40234375,-7.40234375,-3.701171875,2,792,False
*,18,44,18,44,792,792,0,6.1875,-6.1875,-3.09375,2,792,True
*,18,45,18,45,810,810,0,7.625,-7.625,-3.8125,2,792,False
*,18,46,18,46,828,828,0,6.8828125,-6.8828125,-3.44140625,2,792,False
*,18,47,18,47,846,846,0,7.3515625,-7.3515625,-3.67578125,2,792,False
*,18,48,18,48,864,864,2,6.0859375,-6.0859375,-3.04296875,2,792,False
*,18,49,18,49,882,882,0,8.171875,-8.171875,-4.0859375,2,792,False
*,18,50,18,50,900,900,1,6.9453125,-6.9453125,-6.9453125,1,792,False
*,18,51,18,51,918,918,0,7.71875,-7.71875,-3.859375,2,964,False
*,18,52,18,52,936,936,0,6.9140625,-6.9140625,-3.45703125,2,792,False
*,18,53,18,53,954,954,0,7.55859375,-7.55859375,-3.779296875,2,792,False
*,18,54,18,54,972,972,0,7.484375,-7.484375,-3.7421875,2,792,False
*,18,55,18,55,990,990,0,7.94921875,-7.94921875,-3.974609375,2,792,False
*,18,56,18,56,1008,1008,0,6.765625,-6.765625,-3.3828125,2,864,False
*,18,57,18,57,1026,1026,0,7.44921875,-7.44921875,-3.724609375,2,792,False
*,18,58,18,58,1044,1044,0,7.15625,-7.15625,-3.578125,2,864,False
*,18,59,18,59,1062,1062,0,7.984375,-7.984375,-3.9921875,2,2256,False
*,18,60,18,60,1080,1080,1,6.46875,-6.46875,-6.46875,1,864,False
*,18,61,18,61,1098,1098,0,8.078125,-8.078125,-4.0390625,2,864,False
*,18,62,18,62,1116,1116,0,8.0625,-8.0625,-4.03125,2,2256,False
*,18,63,18,63,1134,1134,0,7.35546875,-7.35546875,-3.677734375,2,792,False
*,18,64,18,64,1152,1152,0,6.8203125,-6.8203125,-3.41015625,2,864,False
*,18,65,18,65,1170,1170,0,8.15625,-8.15625,-4.078125,2,864,False
*,18,66,18,66,1188,1188,0,7.42578125,-7.42578125,-3.712890625,2,2384,False
*,18,67,18,67,1206,1206,0,7.9296875,-7.9296875,-3.96484375,2,2384,False
*,18,68,18,68,1224,1224,0,7.4609375,-7.4609375,-3.73046875,2,2384,False
*,18,69,18,69,1242,1242,0,7.828125,-7.828125,-3.9140625,2,2304,False
*,18,70,18,70,1260,1260,2,7.65234375,-7.65234375,-3.826171875,2,2384,False
*,18,71,18,71,1278,1278,0,8.6171875,-8.6171875,-4.30859375,2,2256,False
*,18,72,18,72,1296,1296,0,6.80859375,-6.80859375,-3.404296875,2,2304,False
*,18,73,18,73,1314,1314,0,8.1796875,-8.1796875,-4.08984375,2,2384,False
*,18,74,18,74,1332,1332,0,7.921875,-7.921875,-3.9609375,2,2304,False
*,18,75,18,75,1350,1350,0,7.8515625,-7.8515625,-3.92578125,2,792,False
*,18,76,18,76,1368,1368,0,7.1640625,-7.1640625,-3.58203125,2,792,False
*,18,77,18,77,1386,1386,0,8.15625,-8.15625,-4.078125,2,2384,False
*,18,78,18,78,1404,1404,0,7.27734375,-7.27734375,-3.638671875,2,2384,False
*,18,79,18,79,1422,1422,0,8.15625,-8.15625,-4.078125,2,2384,False
*,18,80,18,80,1440,1440,0,6.9453125,-6.9453125,-3.47265625,2,2304,False
*,18,81,18,81,1458,1458,2,8.234375,-8.234375,-4.1171875,2,2256,False
*,18,82,18,82,1476,1476,1,7.8203125,-7.8203125,-3.91015625,2,2384,False
*,18,83,18,83,1494,1494,0,7.7734375,-7.7734375,-3.88671875,2,2384,False
*,18,84,18,84,1512,1512,0,7.3046875,-7.3046875,-3.65234375,2,2304,False
*,18,85,18,85,1530,1530,0,8.0234375,-8.0234375,-4.01171875,2,2384,False
*,18,86,18,86,1548,1548,0,7.765625,-7.765625,-3.8828125,2,2384,False
*,18,87,18,87,1566,1566,0,7.8671875,-7.8671875,-3.93359375,2,2384,False
*,18,88,18,88,1584,1584,0,7.1953125,-7.1953125,-3.59765625,2,2384,False
*,18,89,18,89,1602,1602,0,7.78515625,-7.78515625,-3.892578125,2,2384,False
*,18,90,18,90,1620,1620,0,7.9453125,-7.9453125,-3.97265625,2,2240,False
*,18,91,18,91,1638,1638,0,8.171875,-8.171875,-4.0859375,2,2256,False
*,18,92,18,92,1656,1656,0,7.34375,-7.34375,-3.671875,2,2384,False
*,18,93,18,93,1674,1674,0,8.125,-8.125,-4.0625,2,2384,False
*,18,94,18,94,1692,1692,0,7.359375,-7.359375,-3.6796875,2,2384,False
*,18,95,18,95,1710,1710,0,7.984375,-7.984375,-3.9921875,2,2384,False
*,18,96,18,96,1728,1728,0,5.55078125,-5.55078125,-2.775390625,2,2304,False
*,18,97,18,97,1746,1746,0,8.328125,-8.328125,-4.1640625,2,2256,False
*,18,98,18,98,1764,1764,0,7.4921875,-7.4921875,-3.74609375,2,2254,False
*,18,99,18,99,1782,1782,0,8.2734375,-8.2734375,-4.13671875,2,2254,False
*,19,10,19,10,190,190,4,7.83203125,-7.83203125,-7.83203125,1,792,False
*,19,11,19,11,209,209,3,7.6875,-7.6875,-7.6875,1,792,False
*,19,12,19,12,228,228,3,7.1171875,-7.1171875,-7.1171875,1,792,False
*,19,13,19,13,247,247,3,7.92578125,-7.92578125,-7.92578125,1,792,False
*,19,14,19,14,266,266,1,7.1328125,-7.1328125,-7.1328125,1,792,False
*,19,15,19,15,285,285,2,6.98046875,-6.98046875,-6.98046875,1,795,False
*,19,16,19,16,304,304,1,7.41015625,-7.41015625,-7.41015625,1,792,False
*,19,17,19,17,323,323,0,7.484375,-7.484375,-7.484375,1,795,False
*,19,18,19,18,342,342,8,7.203125,-7.203125,-7.203125,1,964,False
*,19,19,19,19,361,361,22,6.64453125,-6.64453125,-6.64453125,1,795,False
*,19,20,19,20,380,380,2,7.29296875,-7.29296875,-7.29296875,1,792,False
*,19,21,19,21,399,399,0,7.71875,-7.71875,-7.71875,1,964,False
*,19,22,19,22,418,418,0,7.6875,-7.6875,-7.6875,1,964,False
*,19,23,19,23,437,437,2,7.87890625,-7.87890625,-7.87890625,1,964,False
*,19,24,19,24,456,456,1,7.140625,-7.140625,-7.140625,1,964,False
*,19,25,19,25,475,475,1,7.3203125,-7.3203125,-7.3203125,1,795,False
*,19,26,19,26,494,494,0,7.30859375,-7.30859375,-7.30859375,1,792,False
*,19,27,19,27,513,513,3,7.44140625,-7.44140625,-7.44140625,1,792,False
*,19,28,19,28,532,532,1,7.32421875,-7.32421875,-7.32421875,1,792,False
*,19,29,19,29,551,551,2,7.84375,-7.84375,-7.84375,1,928,False
*,19,30,19,30,570,570,0,6.6953125,-6.6953125,-6.6953125,1,792,False
*,19,31,19,31,589,589,0,7.52734375,-7.52734375,-3.763671875,2,711,False
*,19,32,19,32,608,608,0,7.13671875,-7.13671875,-7.13671875,1,792,False
*,19,33,19,33,627,627,0,7.93359375,-7.93359375,-3.966796875,2,795,False
*,19,34,19,34,646,646,0,7.2890625,-7.2890625,-3.64453125,2,792,False
*,19,35,19,35,665,665,0,7.3984375,-7.3984375,-3.69921875,2,795,False
*,19,36,19,36,684,684,0,7.16015625,-7.16015625,-3.580078125,2,792,False
*,19,37,19,37,703,703,0,7.734375,-7.734375,-3.8671875,2,795,False
*,19,38,19,38,722,722,0,7.359375,-7.359375,-3.6796875,2,976,False
*,19,39,19,39,741,741,0,7.609375,-7.609375,-3.8046875,2,976,False
*,19,40,19,40,760,760,1,7.359375,-7.359375,-3.6796875,2,792,False
*,19,41,19,41,779,779,0,7.9140625,-7.9140625,-3.95703125,2,976,False
*,19,42,19,42,798,798,1,7.44140625,-7.44140625,-3.720703125,2,984,False
*,19,43,19,43,817,817,1,8.3203125,-8.3203125,-4.16015625,2,2384,False
*,19,44,19,44,836,836,0,7.3125,-7.3125,-3.65625,2,984,False
*,19,45,19,45,855,855,0,7.8203125,-7.8203125,-3.91015625,2,795,False
*,19,46,19,46,874,874,0,7.5859375,-7.5859375,-3.79296875,2,964,False
*,19,47,19,47,893,893,0,8.3046875,-8.3046875,-4.15234375,2,2262,False
*,19,48,19,48,912,912,0,7.5859375,-7.5859375,-3.79296875,2,2384,False
*,19,49,19,49,931,931,0,7.8359375,-7.8359375,-3.91796875,2,2384,False
*,19,50,19,50,950,950,0,6.98828125,-6.98828125,-6.98828125,1,792,False
*,19,51,19,51,969,969,0,7.875,-7.875,-3.9375,2,964,False
*,19,52,19,52,988,988,0,7.7890625,-7.7890625,-3.89453125,2,792,False
*,19,53,19,53,1007,1007,0,7.60546875,-7.60546875,-3.802734375,2,955,False
*,19,54,19,54,1026,1026,0,7.453125,-7.453125,-3.7265625,2,2384,False
*,19,55,19,55,1045,1045,0,7.6015625,-7.6015625,-3.80078125,2,795,False
*,19,56,19,56,1064,1064,0,6.875,-6.875,-3.4375,2,792,False
*,19,57,19,57,1083,1083,0,7.7421875,-7.7421875,-3.87109375,2,955,False
*,19,58,19,58,1102,1102,0,7.640625,-7.640625,-3.8203125,2,2384,False
*,19,59,19,59,1121,1121,0,7.8515625,-7.8515625,-3.92578125,2,2256,False
*,19,60,19,60,1140,1140,2,7.65625,-7.65625,-3.828125,2,2256,False
*,19,61,19,61,1159,1159,0,8.421875,-8.421875,-4.2109375,2,2254,False
*,19,62,19,62,1178,1178,0,7.6875,-7.6875,-3.84375,2,2256,False
*,19,63,19,63,1197,1197,1,7.796875,-7.796875,-3.8984375,2,2256,False
*,19,64,19,64,1216,1216,1,7.3671875,-7.3671875,-3.68359375,2,1728,False
*,19,65,19,65,1235,1235,0,7.796875,-7.796875,-3.8984375,2,2384,False
*,19,66,19,66,1254,1254,1,7.46875,-7.46875,-3.734375,2,2384,False
*,19,67,19,67,1273,1273,0,8.40625,-8.40625,-4.203125,2,2384,False
*,19,68,19,68,1292,1292,0,7.46875,-7.46875,-3.734375,2,2384,False
*,19,69,19,69,1311,1311,0,8.046875,-8.046875,-4.0234375,2,2384,False
*,19,70,19,70,1330,1330,0,8.2890625,-8.2890625,-4.14453125,2,2384,False
*,19,71,19,71,1349,1349,0,7.7109375,-7.7109375,-3.85546875,2,2384,False
*,19,72,19,72,1368,1368,0,7.52734375,-7.52734375,-3.763671875,2,2384,False
*,19,73,19,73,1387,1387,0,8.1796875,-8.1796875,-4.08984375,2,2384,False
*,19,74,19,74,1406,1406,0,7.63671875,-7.63671875,-3.818359375,2,2384,False
*,19,75,19,75,1425,1425,0,7.8046875,-7.8046875,-3.90234375,2,2384,False
*,19,76,19,76,1444,1444,1,7.765625,-7.765625,-3.8828125,2,2384,False
*,19,77,19,77,1463,1463,0,8.2265625,-8.2265625,-4.11328125,2,2384,False
*,19,78,19,78,1482,1482,0,8.0,-8.0,-4.0,2,2384,False
*,19,79,19,79,1501,1501,0,8.125,-8.125,-4.0625,2,2384,False
*,19,80,19,80,1520,1520,0,7.7109375,-7.7109375,-3.85546875,2,2384,False
*,19,81,19,81,1539,1539,0,8.1875,-8.1875,-4.09375,2,2384,False
*,19,82,19,82,1558,1558,0,7.8671875,-7.8671875,-3.93359375,2,2384,False
*,19,83,19,83,1577,1577,0,8.3125,-8.3125,-4.15625,2,2384,False
*,19,84,19,84,1596,1596,0,7.46875,-7.46875,-3.734375,2,2384,False
*,19,85,19,85,1615,1615,0,8.109375,-8.109375,-4.0546875,2,2384,False
*,19,86,19,86,1634,1634,0,8.15625,-8.15625,-4.078125,2,2384,False
*,19,87,19,87,1653,1653,0,7.9609375,-7.9609375,-3.98046875,2,2384,False
*,19,88,19,88,1672,1672,1,8.015625,-8.015625,-4.0078125,2,2384,False
*,19,89,19,89,1691,1691,0,8.265625,-8.265625,-4.1328125,2,2384,False
*,19,90,19,90,1710,1710,0,7.9375,-7.9375,-3.96875,2,2384,False
*,19,91,19,91,1729,1729,2,7.4765625,-7.4765625,-3.73828125,2,2256,False
*,19,92,19,92,1748,1748,0,7.5546875,-7.5546875,-3.77734375,2,2384,False
*,19,93,19,93,1767,1767,0,7.6796875,-7.6796875,-3.83984375,2,2384,False
*,19,94,19,94,1786,1786,0,7.9296875,-7.9296875,-3.96484375,2,2384,False
*,19,95,19,95,1805,1805,0,7.91796875,-7.91796875,-3.958984375,2,2384,False
*,19,96,19,96,1824,1824,0,7.62890625,-7.62890625,-3.814453125,2,2384,False
*,19,97,19,97,1843,1843,0,7.83984375,-7.83984375,-3.919921875,2,2255,False
*,19,98,19,98,1862,1862,0,8.390625,-8.390625,-8.390625,1,2254,False
*,19,99,19,99,1881,1881,2,8.140625,-8.140625,-8.140625,1,2254,False
*,20,10,20,10,200,200,42,6.57421875,-6.57421875,-6.57421875,1,792,False
*,20,11,20,11,220,220,3,7.25,-7.25,-7.25,1,792,False
*,20,12,20,12,240,240,20,5.94921875,-5.94921875,-5.94921875,1,792,False
*,20,13,20,13,260,260,8,7.19140625,-7.19140625,-7.19140625,1,792,False
*,20,14,20,14,280,280,3,6.296875,-6.296875,-6.296875,1,784,False
*,20,15,20,15,300,300,5,6.77734375,-6.77734375,-6.77734375,1,792,False
*,20,16,20,16,320,320,5,5.953125,-5.953125,-5.953125,1,784,False
*,20,17,20,17,340,340,3,6.66796875,-6.66796875,-6.66796875,1,792,False
*,20,18,20,18,360,360,4,5.7578125,-5.7578125,-5.7578125,1,792,False
*,20,19,20,19,380,380,16,6.7109375,-6.7109375,-6.7109375,1,792,False
*,20,20,20,20,400,400,131,4.2109375,-4.2109375,-4.2109375,1,792,False
*,20,21,20,21,420,420,6,5.8828125,-5.8828125,-5.8828125,1,792,False
*,20,22,20,22,440,440,3,6.171875,-6.171875,-6.171875,1,792,False
*,20,23,20,23,460,460,3,7.140625,-7.140625,-7.140625,1,792,False
*,20,24,20,24,480,480,5,5.71875,-5.71875,-5.71875,1,792,False
*,20,25,20,25,500,500,9,5.8671875,-5.8671875,-5.8671875,1,792,False
*,20,26,20,26,520,520,2,6.58203125,-6.58203125,-6.58203125,1,792,False
*,20,27,20,27,540,540,2,6.34375,-6.34375,-6.34375,1,792,False
*,20,28,20,28,560,560,2,6.36328125,-6.36328125,-6.36328125,1,784,False
*,20,29,20,29,580,580,2,6.703125,-6.703125,-6.703125,1,792,False
*,20,30,20,30,600,600,16,6.13671875,-6.13671875,-6.13671875,1,792,False
*,20,31,20,31,620,620,1,6.5078125,-6.5078125,-6.5078125,1,792,False
*,20,32,20,32,640,640,3,5.4453125,-5.4453125,-5.4453125,1,792,False
*,20,33,20,33,660,660,0,6.69921875,-6.69921875,-6.69921875,1,792,False
*,20,34,20,34,680,680,0,6.69140625,-6.69140625,-6.69140625,1,784,False
*,20,35,20,35,700,700,0,6.41015625,-6.41015625,-6.41015625,1,792,False
*,20,36,20,36,720,720,0,5.484375,-5.484375,-5.484375,1,792,False
*,20,37,20,37,740,740,0,6.9296875,-6.9296875,-3.46484375,2,792,False
*,20,38,20,38,760,760,0,6.8125,-6.8125,-3.40625,2,792,False
*,20,39,20,39,780,780,1,7.48046875,-7.48046875,-7.48046875,1,792,False
*,20,40,20,40,800,800,9,5.875,-5.875,-5.875,1,792,False
*,20,41,20,41,820,820,0,6.65625,-6.65625,-6.65625,1,792,False
*,20,42,20,42,840,840,0,6.4375,-6.4375,-3.21875,2,792,False
*,20,43,20,43,860,860,0,7.3515625,-7.3515625,-3.67578125,2,792,False
*,20,44,20,44,880,880,0,6.60546875,-6.60546875,-3.302734375,2,784,False
*,20,45,20,45,900,900,0,6.88671875,-6.88671875,-6.88671875,1,792,False
*,20,46,20,46,920,920,2,7.2890625,-7.2890625,-3.64453125,2,792,False
*,20,47,20,47,940,940,0,7.1484375,-7.1484375,-3.57421875,2,792,False
*,20,48,20,48,960,960,1,6.296875,-6.296875,-3.1484375,2,784,False
*,20,49,20,49,980,980,2,7.5390625,-7.5390625,-3.76953125,2,2256,False
*,20,50,20,50,1000,1000,15,5.3671875,-5.3671875,-5.3671875,1,792,False
*,20,51,20,51,1020,1020,1,7.19921875,-7.19921875,-3.599609375,2,792,False
*,20,52,20,52,1040,1040,0,6.06640625,-6.06640625,-3.033203125,2,792,False
*,20,53,20,53,1060,1060,1,7.4375,-7.4375,-3.71875,2,792,False
*,20,54,20,54,1080,1080,1,6.40234375,-6.40234375,-6.40234375,1,792,False
*,20,55,20,55,1100,1100,0,6.67578125,-6.67578125,-6.67578125,1,792,False
*,20,56,20,56,1120,1120,0,6.1484375,-6.1484375,-3.07421875,2,864,False
*,20,57,20,57,1140,1140,0,7.6015625,-7.6015625,-3.80078125,2,792,False
*,20,58,20,58,1160,1160,0,7.69140625,-7.69140625,-3.845703125,2,2256,False
*,20,59,20,59,1180,1180,2,8.484375,-8.484375,-4.2421875,2,2256,False
*,20,60,20,60,1200,1200,6,6.1015625,-6.1015625,-6.1015625,1,864,False
*,20,61,20,61,1220,1220,0,7.81640625,-7.81640625,-3.908203125,2,864,False
*,20,62,20,62,1240,1240,0,7.171875,-7.171875,-3.5859375,2,2256,False
*,20,63,20,63,1260,1260,0,7.515625,-7.515625,-3.7578125,2,864,False
*,20,64,20,64,1280,1280,0,6.5859375,-6.5859375,-3.29296875,2,864,False
*,20,65,20,65,1300,1300,0,7.16796875,-7.16796875,-7.16796875,1,864,False
*,20,66,20,66,1320,1320,0,7.40625,-7.40625,-3.703125,2,2240,False
*,20,67,20,67,1340,1340,0,7.828125,-7.828125,-3.9140625,2,2384,False
*,20,68,20,68,1360,1360,0,8.046875,-8.046875,-4.0234375,2,2384,False
*,20,69,20,69,1380,1380,0,8.0859375,-8.0859375,-4.04296875,2,2304,False
*,20,70,20,70,1400,1400,2,6.81640625,-6.81640625,-6.81640625,1,2240,False
*,20,71,20,71,1420,1420,1,8.265625,-8.265625,-4.1328125,2,2256,False
*,20,72,20,72,1440,1440,0,6.875,-6.875,-3.4375,2,2304,False
*,20,73,20,73,1460,1460,0,8.1875,-8.1875,-4.09375,2,2384,False
*,20,74,20,74,1480,1480,0,7.92578125,-7.92578125,-3.962890625,2,2304,False
*,20,75,20,75,1500,1500,0,7.0859375,-7.0859375,-7.0859375,1,2304,False
*,20,76,20,76,1520,1520,0,7.453125,-7.453125,-3.7265625,2,2304,False
*,20,77,20,77,1540,1540,0,7.78125,-7.78125,-3.890625,2,2384,False
*,20,78,20,78,1560,1560,0,7.28515625,-7.28515625,-3.642578125,2,2384,False
*,20,79,20,79,1580,1580,0,7.796875,-7.796875,-3.8984375,2,2384,False
*,20,80,20,80,1600,1600,4,6.3828125,-6.3828125,-6.3828125,1,2304,False
*,20,81,20,81,1620,1620,0,7.8828125,-7.8828125,-3.94140625,2,2304,False
*,20,82,20,82,1640,1640,0,7.29296875,-7.29296875,-3.646484375,2,2384,False
*,20,83,20,83,1660,1660,1,8.1640625,-8.1640625,-4.08203125,2,2384,False
*,20,84,20,84,1680,1680,1,7.0390625,-7.0390625,-3.51953125,2,2304,False
*,20,85,20,85,1700,1700,2,7.0859375,-7.0859375,-3.54296875,2,2384,False
*,20,86,20,86,1720,1720,2,7.0078125,-7.0078125,-3.50390625,2,2384,False
*,20,87,20,87,1740,1740,0,7.42578125,-7.42578125,-3.712890625,2,2384,False
*,20,88,20,88,1760,1760,0,7.359375,-7.359375,-3.6796875,2,2384,False
*,20,89,20,89,1780,1780,0,7.625,-7.625,-3.8125,2,2384,False
*,20,90,20,90,1800,1800,0,6.4453125,-6.4453125,-6.4453125,1,2240,False
*,20,91,20,91,1820,1820,0,8.96875,-8.96875,-4.484375,2,2256,False
*,20,92,20,92,1840,1840,1,6.875,-6.875,-6.875,1,2384,False
*,20,93,20,93,1860,1860,0,7.59375,-7.59375,-7.59375,1,2384,False
*,20,94,20,94,1880,1880,0,7.4609375,-7.4609375,-7.4609375,1,2384,False
*,20,95,20,95,1900,1900,0,6.88671875,-6.88671875,-6.88671875,1,2384,False
*,20,96,20,96,1920,1920,1,6.79296875,-6.79296875,-6.79296875,1,2304,False
*,20,97,20,97,1940,1940,0,7.5859375,-7.5859375,-7.5859375,1,2256,False
*,20,98,20,98,1960,1960,0,7.51171875,-7.51171875,-7.51171875,1,2254,False
*,20,99,20,99,1980,1980,0,7.82421875,-7.82421875,-7.82421875,1,3456,False
*,21,10,21,10,210,210,5,7.1015625,-7.1015625,-7.1015625,1,792,False
*,21,11,21,11,231,231,3,7.43359375,-7.43359375,-7.43359375,1,711,False
*,21,12,21,12,252,252,3,6.9609375,-6.9609375,-6.9609375,1,792,False
*,21,13,21,13,273,273,2,7.71484375,-7.71484375,-7.71484375,1,792,False
*,21,14,21,14,294,294,2,7.46484375,-7.46484375,-7.46484375,1,792,False
*,21,15,21,15,315,315,2,7.69921875,-7.69921875,-7.69921875,1,795,False
*,21,16,21,16,336,336,1,6.8671875,-6.8671875,-6.8671875,1,792,False
*,21,17,21,17,357,357,0,6.65234375,-6.65234375,-6.65234375,1,7,False
*,21,18,21,18,378,378,0,7.12109375,-7.12109375,-7.12109375,1,792,False
*,21,19,21,19,399,399,0,7.59375,-7.59375,-7.59375,1,955,False
*,21,20,21,20,420,420,4,6.28515625,-6.28515625,-6.28515625,1,792,False
*,21,21,21,21,441,441,12,5.6171875,-5.6171875,-5.6171875,1,721,False
*,21,22,21,22,462,462,0,6.8359375,-6.8359375,-6.8359375,1,792,False
*,21,23,21,23,483,483,0,7.19921875,-7.19921875,-7.19921875,1,975,False
*,21,24,21,24,504,504,2,7.1796875,-7.1796875,-7.1796875,1,784,False
*,21,25,21,25,525,525,1,7.265625,-7.265625,-7.265625,1,795,False
*,21,26,21,26,546,546,0,7.4375,-7.4375,-7.4375,1,792,False
*,21,27,21,27,567,567,0,6.84765625,-6.84765625,-6.84765625,1,711,False
*,21,28,21,28,588,588,2,6.78125,-6.78125,-3.390625,2,784,False
*,21,29,21,29,609,609,0,7.3671875,-7.3671875,-7.3671875,1,711,False
*,21,30,21,30,630,630,0,6.60546875,-6.60546875,-6.60546875,1,792,False
*,21,31,21,31,651,651,0,7.6171875,-7.6171875,-3.80859375,2,711,False
*,21,32,21,32,672,672,0,7.01171875,-7.01171875,-3.505859375,2,784,False
*,21,33,21,33,693,693,1,6.9140625,-6.9140625,-3.45703125,2,711,False
*,21,34,21,34,714,714,0,7.0078125,-7.0078125,-3.50390625,2,784,False
*,21,35,21,35,735,735,0,6.7265625,-6.7265625,-3.36328125,2,795,False
*,21,36,21,36,756,756,2,6.82421875,-6.82421875,-3.412109375,2,792,False
*,21,37,21,37,777,777,3,6.953125,-6.953125,-6.953125,1,711,False
*,21,38,21,38,798,798,1,7.15625,-7.15625,-3.578125,2,792,False
*,21,39,21,39,819,819,0,7.484375,-7.484375,-3.7421875,2,945,False
*,21,40,21,40,840,840,0,6.8671875,-6.8671875,-3.43359375,2,792,False
*,21,41,21,41,861,861,1,8.140625,-8.140625,-4.0703125,2,945,False
*,21,42,21,42,882,882,0,8.0078125,-8.0078125,-4.00390625,2,984,False
*,21,43,21,43,903,903,0,7.8203125,-7.8203125,-3.91015625,2,943,False
*,21,44,21,44,924,924,0,6.4296875,-6.4296875,-6.4296875,1,784,False
*,21,45,21,45,945,945,0,7.0,-7.0,-3.5,2,795,False
*,21,46,21,46,966,966,0,7.0390625,-7.0390625,-3.51953125,2,964,False
*,21,47,21,47,987,987,0,7.71875,-7.71875,-3.859375,2,955,False
*,21,48,21,48,1008,1008,0,6.7890625,-6.7890625,-3.39453125,2,792,False
*,21,49,21,49,1029,1029,0,7.84375,-7.84375,-3.921875,2,2256,False
*,21,50,21,50,1050,1050,2,6.7109375,-6.7109375,-3.35546875,2,792,False
*,21,51,21,51,1071,1071,1,7.33203125,-7.33203125,-3.666015625,2,975,False
*,21,52,21,52,1092,1092,0,6.98828125,-6.98828125,-3.494140625,2,792,False
*,21,53,21,53,1113,1113,0,8.375,-8.375,-4.1875,2,955,False
*,21,54,21,54,1134,1134,0,7.2890625,-7.2890625,-3.64453125,2,984,False
*,21,55,21,55,1155,1155,0,7.703125,-7.703125,-3.8515625,2,795,False
*,21,56,21,56,1176,1176,0,7.37109375,-7.37109375,-3.685546875,2,864,False
*,21,57,21,57,1197,1197,1,7.60546875,-7.60546875,-3.802734375,2,955,False
*,21,58,21,58,1218,1218,0,7.90625,-7.90625,-3.953125,2,2256,False
*,21,59,21,59,1239,1239,0,8.015625,-8.015625,-4.0078125,2,2256,False
*,21,60,21,60,1260,1260,5,7.3203125,-7.3203125,-3.66015625,2,2256,False
*,21,61,21,61,1281,1281,0,8.421875,-8.421875,-4.2109375,2,864,False
*,21,62,21,62,1302,1302,0,7.7265625,-7.7265625,-3.86328125,2,2256,False
*,21,63,21,63,1323,1323,0,7.94140625,-7.94140625,-3.970703125,2,955,False
*,21,64,21,64,1344,1344,1,7.04296875,-7.04296875,-3.521484375,2,1728,False
*,21,65,21,65,1365,1365,0,7.6796875,-7.6796875,-3.83984375,2,864,False
*,21,66,21,66,1386,1386,0,7.76953125,-7.76953125,-3.884765625,2,2256,False
*,21,67,21,67,1407,1407,0,7.8203125,-7.8203125,-3.91015625,2,2256,False
*,21,68,21,68,1428,1428,0,7.59375,-7.59375,-3.796875,2,2384,False
*,21,69,21,69,1449,1449,0,8.171875,-8.171875,-4.0859375,2,2262,False
*,21,70,21,70,1470,1470,0,7.890625,-7.890625,-3.9453125,2,2262,False
*,21,71,21,71,1491,1491,0,7.8671875,-7.8671875,-3.93359375,2,2256,False
*,21,72,21,72,1512,1512,0,7.328125,-7.328125,-3.6640625,2,2256,False
*,21,73,21,73,1533,1533,0,8.078125,-8.078125,-4.0390625,2,2262,False
*,21,74,21,74,1554,1554,0,7.9921875,-7.9921875,-3.99609375,2,2384,False
*,21,75,21,75,1575,1575,0,7.7265625,-7.7265625,-3.86328125,2,775,False
*,21,76,21,76,1596,1596,0,7.4140625,-7.4140625,-3.70703125,2,2256,False
*,21,77,21,77,1617,1617,0,8.40625,-8.40625,-4.203125,2,2256,False
*,21,78,21,78,1638,1638,0,8.046875,-8.046875,-4.0234375,2,2256,False
*,21,79,21,79,1659,1659,0,8.015625,-8.015625,-4.0078125,2,2256,False
*,21,80,21,80,1680,1680,0,7.2265625,-7.2265625,-3.61328125,2,2256,False
*,21,81,21,81,1701,1701,0,8.734375,-8.734375,-4.3671875,2,2256,False
*,21,82,21,82,1722,1722,0,7.6640625,-7.6640625,-3.83203125,2,2256,False
*,21,83,21,83,1743,1743,0,7.90625,-7.90625,-3.953125,2,2256,False
*,21,84,21,84,1764,1764,0,7.453125,-7.453125,-3.7265625,2,2256,False
*,21,85,21,85,1785,1785,0,7.8515625,-7.8515625,-3.92578125,2,2256,False
*,21,86,21,86,1806,1806,1,7.5859375,-7.5859375,-3.79296875,2,2256,False
*,21,87,21,87,1827,1827,0,7.78125,-7.78125,-3.890625,2,2256,False
*,21,88,21,88,1848,1848,0,6.6953125,-6.6953125,-6.6953125,1,2384,False
*,21,89,21,89,1869,1869,0,8.2578125,-8.2578125,-4.12890625,2,2255,False
*,21,90,21,90,1890,1890,0,7.19140625,-7.19140625,-7.19140625,1,2256,False
*,21,91,21,91,1911,1911,0,7.68359375,-7.68359375,-7.68359375,1,2255,False
*,21,92,21,92,1932,1932,0,7.36328125,-7.36328125,-7.36328125,1,2256,False
*,21,93,21,93,1953,1953,0,7.73046875,-7.73046875,-7.73046875,1,2255,False
*,21,94,21,94,1974,1974,0,7.44921875,-7.44921875,-7.44921875,1,2254,False
*,21,95,21,95,1995,1995,0,7.58203125,-7.58203125,-7.58203125,1,2256,False
*,21,96,21,96,2016,2016,0,8.1484375,-8.1484375,-8.1484375,1,2384,False
*,21,97,21,97,2037,2037,0,8.4921875,-8.4921875,-4.24609375,2,2254,False
*,21,98,21,98,2058,2058,0,8.5,-8.5,-4.25,2,2254,False
*,21,99,21,99,2079,2079,0,8.875,-8.875,-4.4375,2,2255,False
*,22,10,22,10,220,220,5,7.21875,-7.21875,-7.21875,1,792,False
*,22,11,22,11,242,242,3,7.51171875,-7.51171875,-7.51171875,1,792,False
*,22,12,22,12,264,264,1,6.625,-6.625,-6.625,1,792,False
*,22,13,22,13,286,286,0,7.890625,-7.890625,-7.890625,1,964,False
*,22,14,22,14,308,308,0,7.2734375,-7.2734375,-7.2734375,1,792,False
*,22,15,22,15,330,330,1,7.34765625,-7.34765625,-7.34765625,1,792,False
*,22,16,22,16,352,352,0,7.0703125,-7.0703125,-7.0703125,1,864,False
*,22,17,22,17,374,374,0,7.2890625,-7.2890625,-7.2890625,1,792,False
*,22,18,22,18,396,396,1,7.203125,-7.203125,-7.203125,1,964,False
*,22,19,22,19,418,418,0,7.703125,-7.703125,-7.703125,1,2254,False
*,22,20,22,20,440,440,1,6.453125,-6.453125,-6.453125,1,784,False
*,22,21,22,21,462,462,0,7.05078125,-7.05078125,-7.05078125,1,9,False
*,22,22,22,22,484,484,5,6.07421875,-6.07421875,-6.07421875,1,792,False
*,22,23,22,23,506,506,1,8.0,-8.0,-8.0,1,2254,False
*,22,24,22,24,528,528,2,7.15234375,-7.15234375,-7.15234375,1,2256,False
*,22,25,22,25,550,550,0,7.40234375,-7.40234375,-7.40234375,1,2256,False
*,22,26,22,26,572,572,0,7.1953125,-7.1953125,-3.59765625,2,2256,False
*,22,27,22,27,594,594,0,7.296875,-7.296875,-7.296875,1,792,False
*,22,28,22,28,616,616,0,6.78515625,-6.78515625,-6.78515625,1,784,False
*,22,29,22,29,638,638,1,7.7578125,-7.7578125,-3.87890625,2,792,False
*,22,30,22,30,660,660,1,6.703125,-6.703125,-6.703125,1,792,False
*,22,31,22,31,682,682,0,7.609375,-7.609375,-3.8046875,2,792,False
*,22,32,22,32,704,704,0,6.15625,-6.15625,-6.15625,1,864,False
*,22,33,22,33,726,726,1,7.5390625,-7.5390625,-3.76953125,2,792,False
*,22,34,22,34,748,748,0,7.0546875,-7.0546875,-3.52734375,2,784,False
*,22,35,22,35,770,770,0,7.078125,-7.078125,-3.5390625,2,792,False
*,22,36,22,36,792,792,0,6.109375,-6.109375,-3.0546875,2,792,True
*,22,37,22,37,814,814,0,7.5859375,-7.5859375,-3.79296875,2,792,False
*,22,38,22,38,836,836,0,7.15625,-7.15625,-3.578125,2,792,False
*,22,39,22,39,858,858,0,7.91015625,-7.91015625,-3.955078125,2,792,False
*,22,40,22,40,880,880,0,6.8046875,-6.8046875,-3.40234375,2,792,False
*,22,41,22,41,902,902,0,8.015625,-8.015625,-4.0078125,2,2256,False
*,22,42,22,42,924,924,0,6.38671875,-6.38671875,-6.38671875,1,2256,False
*,22,43,22,43,946,946,0,7.72265625,-7.72265625,-3.861328125,2,2256,False
*,22,44,22,44,968,968,0,6.875,-6.875,-3.4375,2,864,False
*,22,45,22,45,990,990,1,7.9765625,-7.9765625,-3.98828125,2,2256,False
*,22,46,22,46,1012,1012,0,7.40625,-7.40625,-3.703125,2,2254,False
*,22,47,22,47,1034,1034,0,7.86328125,-7.86328125,-3.931640625,2,2254,False
*,22,48,22,48,1056,1056,0,6.5546875,-6.5546875,-3.27734375,2,2384,False
*,22,49,22,49,1078,1078,0,8.15625,-8.15625,-4.078125,2,2256,False
*,22,50,22,50,1100,1100,0,6.69921875,-6.69921875,-6.69921875,1,2256,False
*,22,51,22,51,1122,1122,0,7.546875,-7.546875,-3.7734375,2,964,False
*,22,52,22,52,1144,1144,1,7.29296875,-7.29296875,-3.646484375,2,792,False
*,22,53,22,53,1166,1166,0,7.5546875,-7.5546875,-3.77734375,2,964,False
*,22,54,22,54,1188,1188,0,7.16796875,-7.16796875,-3.583984375,2,2256,False
*,22,55,22,55,1210,1210,0,7.4765625,-7.4765625,-3.73828125,2,955,False
*,22,56,22,56,1232,1232,0,7.0859375,-7.0859375,-3.54296875,2,864,False
*,22,57,22,57,1254,1254,0,7.46875,-7.46875,-3.734375,2,966,False
*,22,58,22,58,1276,1276,0,7.484375,-7.484375,-3.7421875,2,2256,False
*,22,59,22,59,1298,1298,0,8.1015625,-8.1015625,-4.05078125,2,2256,False
*,22,60,22,60,1320,1320,0,7.4296875,-7.4296875,-3.71484375,2,2256,False
*,22,61,22,61,1342,1342,0,7.7890625,-7.7890625,-3.89453125,2,2254,False
*,22,62,22,62,1364,1364,0,8.109375,-8.109375,-4.0546875,2,2254,False
*,22,63,22,63,1386,1386,0,8.03125,-8.03125,-4.015625,2,2256,False
*,22,64,22,64,1408,1408,1,7.0703125,-7.0703125,-3.53515625,2,2256,False
*,22,65,22,65,1430,1430,0,8.1328125,-8.1328125,-4.06640625,2,2256,False
*,22,66,22,66,1452,1452,0,7.421875,-7.421875,-3.7109375,2,2262,False
*,22,67,22,67,1474,1474,0,7.97265625,-7.97265625,-3.986328125,2,2256,False
*,22,68,22,68,1496,1496,0,7.2109375,-7.2109375,-3.60546875,2,2384,False
*,22,69,22,69,1518,1518,0,8.046875,-8.046875,-4.0234375,2,2254,False
*,22,70,22,70,1540,1540,0,7.6015625,-7.6015625,-3.80078125,2,2262,False
*,22,71,22,71,1562,1562,0,8.0703125,-8.0703125,-4.03515625,2,2256,False
*,22,72,22,72,1584,1584,0,7.3671875,-7.3671875,-3.68359375,2,2304,False
*,22,73,22,73,1606,1606,0,7.828125,-7.828125,-3.9140625,2,2262,False
*,22,74,22,74,1628,1628,0,7.9453125,-7.9453125,-3.97265625,2,2256,False
*,22,75,22,75,1650,1650,0,7.7421875,-7.7421875,-3.87109375,2,2256,False
*,22,76,22,76,1672,1672,0,7.984375,-7.984375,-3.9921875,2,2256,False
*,22,77,22,77,1694,1694,0,7.8515625,-7.8515625,-3.92578125,2,2256,False
*,22,78,22,78,1716,1716,0,7.6796875,-7.6796875,-3.83984375,2,2262,False
*,22,79,22,79,1738,1738,0,7.6953125,-7.6953125,-3.84765625,2,2254,False
*,22,80,22,80,1760,1760,0,7.45703125,-7.45703125,-3.728515625,2,2256,False
*,22,81,22,81,1782,1782,0,8.0546875,-8.0546875,-4.02734375,2,2256,False
*,22,82,22,82,1804,1804,0,8.0703125,-8.0703125,-4.03515625,2,2256,False
*,22,83,22,83,1826,1826,0,7.84765625,-7.84765625,-3.923828125,2,2254,False
*,22,84,22,84,1848,1848,0,6.48828125,-6.48828125,-6.48828125,1,2256,False
*,22,85,22,85,1870,1870,0,7.6640625,-7.6640625,-7.6640625,1,2256,False
*,22,86,22,86,1892,1892,0,6.9375,-6.9375,-6.9375,1,2256,False
*,22,87,22,87,1914,1914,0,7.5703125,-7.5703125,-7.5703125,1,2256,False
*,22,88,22,88,1936,1936,0,6.71875,-6.71875,-6.71875,1,2384,False
*,22,89,22,89,1958,1958,0,7.85546875,-7.85546875,-7.85546875,1,2254,False
*,22,90,22,90,1980,1980,1,7.69140625,-7.69140625,-7.69140625,1,2256,False
*,22,91,22,91,2002,2002,0,7.4375,-7.4375,-7.4375,1,2255,False
*,22,92,22,92,2024,2024,0,7.390625,-7.390625,-3.6953125,2,2256,False
*,22,93,22,93,2046,2046,0,7.7578125,-7.7578125,-3.87890625,2,2254,False
*,22,94,22,94,2068,2068,0,7.53125,-7.53125,-3.765625,2,2254,False
*,22,95,22,95,2090,2090,0,8.234375,-8.234375,-4.1171875,2,2254,False
*,22,96,22,96,2112,2112,0,7.6015625,-7.6015625,-3.80078125,2,2256,False
*,22,97,22,97,2134,2134,0,7.859375,-7.859375,-3.9296875,2,2254,False
*,22,98,22,98,2156,2156,0,8.1875,-8.1875,-4.09375,2,2254,False
*,22,99,22,99,2178,2178,0,8.671875,-8.671875,-4.3359375,2,2254,False
*,23,10,23,10,230,230,4,7.0390625,-7.0390625,-7.0390625,1,9,False
*,23,11,23,11,253,253,2,7.46484375,-7.46484375,-7.46484375,1,711,False
*,23,12,23,12,276,276,2,7.1640625,-7.1640625,-7.1640625,1,792,False
*,23,13,23,13,299,299,0,7.30859375,-7.30859375,-7.30859375,1,9,False
*,23,14,23,14,322,322,0,7.65625,-7.65625,-7.65625,1,964,False
*,23,15,23,15,345,345,0,7.47265625,-7.47265625,-7.47265625,1,975,False
*,23,16,23,16,368,368,0,6.765625,-6.765625,-6.765625,1,864,False
*,23,17,23,17,391,391,1,7.375,-7.375,-7.375,1,705,False
*,23,18,23,18,414,414,2,7.1875,-7.1875,-7.1875,1,964,False
*,23,19,23,19,437,437,0,7.75,-7.75,-7.75,1,2255,False
*,23,20,23,20,460,460,1,7.7890625,-7.7890625,-7.7890625,1,2255,False
*,23,21,23,21,483,483,1,7.18359375,-7.18359375,-7.18359375,1,9,False
*,23,22,23,22,506,506,4,7.578125,-7.578125,-7.578125,1,2254,False
*,23,23,23,23,529,529,9,7.29296875,-7.29296875,-7.29296875,1,2254,False
*,23,24,23,24,552,552,2,7.33984375,-7.33984375,-7.33984375,1,2254,False
*,23,25,23,25,575,575,0,7.84765625,-7.84765625,-7.84765625,1,2255,False
*,23,26,23,26,598,598,0,7.52734375,-7.52734375,-3.763671875,2,964,False
*,23,27,23,27,621,621,3,7.3046875,-7.3046875,-3.65234375,2,711,False
*,23,28,23,28,644,644,0,7.34765625,-7.34765625,-3.673828125,2,728,False
*,23,29,23,29,667,667,0,6.984375,-6.984375,-6.984375,1,959,False
*,23,30,23,30,690,690,3,7.0546875,-7.0546875,-3.52734375,2,730,False
*,23,31,23,31,713,713,0,7.13671875,-7.13671875,-7.13671875,1,731,False
*,23,32,23,32,736,736,2,6.92578125,-6.92578125,-3.462890625,2,864,False
*,23,33,23,33,759,759,0,7.1171875,-7.1171875,-3.55859375,2,733,False
*,23,34,23,34,782,782,0,7.203125,-7.203125,-3.6015625,2,784,False
*,23,35,23,35,805,805,0,7.1796875,-7.1796875,-3.58984375,2,735,False
*,23,36,23,36,828,828,1,6.625,-6.625,-3.3125,2,792,False
*,23,37,23,37,851,851,0,8.140625,-8.140625,-4.0703125,2,711,False
*,23,38,23,38,874,874,0,7.4453125,-7.4453125,-3.72265625,2,964,False
*,23,39,23,39,897,897,0,7.96875,-7.96875,-3.984375,2,939,False
*,23,40,23,40,920,920,0,7.61328125,-7.61328125,-3.806640625,2,864,False
*,23,41,23,41,943,943,0,7.3984375,-7.3984375,-3.69921875,2,2255,False
*,23,42,23,42,966,966,0,7.1171875,-7.1171875,-3.55859375,2,2255,False
*,23,43,23,43,989,989,1,7.671875,-7.671875,-3.8359375,2,2255,False
*,23,44,23,44,1012,1012,0,7.39453125,-7.39453125,-3.697265625,2,864,False
*,23,45,23,45,1035,1035,2,7.6484375,-7.6484375,-3.82421875,2,2255,False
*,23,46,23,46,1058,1058,1,7.83203125,-7.83203125,-3.916015625,2,2254,False
*,23,47,23,47,1081,1081,0,8.2265625,-8.2265625,-4.11328125,2,2254,False
*,23,48,23,48,1104,1104,0,7.09375,-7.09375,-3.546875,2,2254,False
*,23,49,23,49,1127,1127,0,7.70703125,-7.70703125,-3.853515625,2,2255,False
*,23,50,23,50,1150,1150,0,8.5859375,-8.5859375,-4.29296875,2,2255,False
*,23,51,23,51,1173,1173,0,8.0,-8.0,-4.0,2,925,False
*,23,52,23,52,1196,1196,0,7.88671875,-7.88671875,-3.943359375,2,792,False
*,23,53,23,53,1219,1219,0,7.88671875,-7.88671875,-3.943359375,2,925,False
*,23,54,23,54,1242,1242,0,7.71875,-7.71875,-3.859375,2,2254,False
*,23,55,23,55,1265,1265,0,7.53125,-7.53125,-3.765625,2,955,False
*,23,56,23,56,1288,1288,0,7.83203125,-7.83203125,-3.916015625,2,864,False
*,23,57,23,57,1311,1311,0,7.8203125,-7.8203125,-3.91015625,2,955,False
*,23,58,23,58,1334,1334,0,7.55859375,-7.55859375,-3.779296875,2,2254,False
*,23,59,23,59,1357,1357,0,7.59765625,-7.59765625,-3.798828125,2,2255,False
*,23,60,23,60,1380,1380,0,7.88671875,-7.88671875,-3.943359375,2,2255,False
*,23,61,23,61,1403,1403,0,8.6875,-8.6875,-4.34375,2,2254,False
*,23,62,23,62,1426,1426,0,8.046875,-8.046875,-4.0234375,2,2254,False
*,23,63,23,63,1449,1449,0,8.1484375,-8.1484375,-4.07421875,2,2254,False
*,23,64,23,64,1472,1472,1,8.2734375,-8.2734375,-4.13671875,2,1728,False
*,23,65,23,65,1495,1495,0,7.671875,-7.671875,-3.8359375,2,2255,False
*,23,66,23,66,1518,1518,1,7.9609375,-7.9609375,-3.98046875,2,2262,False
*,23,67,23,67,1541,1541,1,8.1484375,-8.1484375,-4.07421875,2,2255,False
*,23,68,23,68,1564,1564,0,7.6015625,-7.6015625,-3.80078125,2,2254,False
*,23,69,23,69,1587,1587,0,8.265625,-8.265625,-4.1328125,2,2255,False
*,23,70,23,70,1610,1610,0,7.8359375,-7.8359375,-3.91796875,2,2254,False
*,23,71,23,71,1633,1633,0,8.1171875,-8.1171875,-4.05859375,2,2255,False
*,23,72,23,72,1656,1656,0,7.5859375,-7.5859375,-3.79296875,2,2256,False
*,23,73,23,73,1679,1679,0,8.3515625,-8.3515625,-4.17578125,2,2255,False
*,23,74,23,74,1702,1702,0,8.0625,-8.0625,-4.03125,2,2254,False
*,23,75,23,75,1725,1725,0,6.9140625,-6.9140625,-3.45703125,2,2255,False
*,23,76,23,76,1748,1748,0,7.421875,-7.421875,-3.7109375,2,2254,False
*,23,77,23,77,1771,1771,0,7.796875,-7.796875,-3.8984375,2,2255,False
*,23,78,23,78,1794,1794,0,8.578125,-8.578125,-4.2890625,2,2254,False
*,23,79,23,79,1817,1817,0,8.03125,-8.03125,-4.015625,2,2254,False
*,23,80,23,80,1840,1840,0,7.1796875,-7.1796875,-7.1796875,1,2256,False
*,23,81,23,81,1863,1863,0,8.0703125,-8.0703125,-8.0703125,1,2255,False
*,23,82,23,82,1886,1886,0,7.43359375,-7.43359375,-7.43359375,1,2254,False
*,23,83,23,83,1909,1909,0,7.98828125,-7.98828125,-7.98828125,1,2255,False
*,23,84,23,84,1932,1932,0,7.67578125,-7.67578125,-7.67578125,1,2254,False
*,23,85,23,85,1955,1955,0,7.55078125,-7.55078125,-7.55078125,1,2255,False
*,23,86,23,86,1978,1978,0,8.375,-8.375,-8.375,1,2254,False
*,23,87,23,87,2001,2001,0,7.984375,-7.984375,-7.984375,1,2255,False
*,23,88,23,88,2024,2024,0,7.4921875,-7.4921875,-3.74609375,2,2254,False
*,23,89,23,89,2047,2047,2,7.7578125,-7.7578125,-3.87890625,2,2255,False
*,23,90,23,90,2070,2070,0,8.3125,-8.3125,-4.15625,2,2254,False
*,23,91,23,91,2093,2093,0,7.98046875,-7.98046875,-3.990234375,2,2255,False
*,23,92,23,92,2116,2116,0,8.5,-8.5,-4.25,2,2254,False
*,23,93,23,93,2139,2139,0,8.546875,-8.546875,-4.2734375,2,2254,False
*,23,94,23,94,2162,2162,0,8.046875,-8.046875,-4.0234375,2,2254,False
*,23,95,23,95,2185,2185,0,7.95703125,-7.95703125,-3.978515625,2,2255,False
*,23,96,23,96,2208,2208,0,8.046875,-8.046875,-4.0234375,2,2254,False
*,23,97,23,97,2231,2231,0,7.421875,-7.421875,-3.7109375,2,2254,False
*,23,98,23,98,2254,2254,0,2.89453125,-2.89453125,-1.447265625,2,2254,True
*,23,99,23,99,2277,2277,0,7.14453125,-7.14453125,-3.572265625,2,2254,False
*,24,10,24,10,240,240,17,6.1328125,-6.1328125,-6.1328125,1,784,False
*,24,11,24,11,264,264,1,6.8984375,-6.8984375,-6.8984375,1,792,False
*,24,12,24,12,288,288,7,5.73046875,-5.73046875,-5.73046875,1,784,False
*,24,13,24,13,312,312,2,7.35546875,-7.35546875,-7.35546875,1,792,False
*,24,14,24,14,336,336,1,6.88671875,-6.88671875,-6.88671875,1,784,False
*,24,15,24,15,360,360,5,6.640625,-6.640625,-6.640625,1,792,False
*,24,16,24,16,384,384,10,5.77734375,-5.77734375,-5.77734375,1,864,False
*,24,17,24,17,408,408,3,6.84375,-6.84375,-6.84375,1,792,False
*,24,18,24,18,432,432,1,6.6484375,-6.6484375,-6.6484375,1,792,False
*,24,19,24,19,456,456,0,7.0078125,-7.0078125,-7.0078125,1,2256,False
*,24,20,24,20,480,480,7,6.04296875,-6.04296875,-6.04296875,1,784,False
*,24,21,24,21,504,504,2,7.1328125,-7.1328125,-7.1328125,1,984,False
*,24,22,24,22,528,528,0,6.83203125,-6.83203125,-6.83203125,1,792,False
*,24,23,24,23,552,552,5,7.1953125,-7.1953125,-7.1953125,1,2254,False
*,24,24,24,24,576,576,25,5.73828125,-5.73828125,-5.73828125,1,864,False
*,24,25,24,25,600,600,4,7.08984375,-7.08984375,-7.08984375,1,784,False
*,24,26,24,26,624,624,0,6.41796875,-6.41796875,-6.41796875,1,784,False
*,24,27,24,27,648,648,0,6.8203125,-6.8203125,-3.41015625,2,792,False
*,24,28,24,28,672,672,1,6.6953125,-6.6953125,-3.34765625,2,864,False
*,24,29,24,29,696,696,0,6.890625,-6.890625,-3.4453125,2,784,False
*,24,30,24,30,720,720,9,5.953125,-5.953125,-5.953125,1,784,False
*,24,31,24,31,744,744,1,6.87890625,-6.87890625,-3.439453125,2,784,False
*,24,32,24,32,768,768,1,4.984375,-4.984375,-4.984375,1,864,False
*,24,33,24,33,792,792,0,6.4765625,-6.4765625,-3.23828125,2,784,False
*,24,34,24,34,816,816,0,6.80859375,-6.80859375,-3.404296875,2,784,False
*,24,35,24,35,840,840,1,6.86328125,-6.86328125,-3.431640625,2,784,False
*,24,36,24,36,864,864,1,5.6796875,-5.6796875,-2.83984375,2,864,True
*,24,37,24,37,888,888,1,7.0859375,-7.0859375,-7.0859375,1,792,False
*,24,38,24,38,912,912,0,7.171875,-7.171875,-3.5859375,2,784,False
*,24,39,24,39,936,936,0,7.09375,-7.09375,-3.546875,2,792,False
*,24,40,24,40,960,960,1,6.56640625,-6.56640625,-3.283203125,2,864,False
*,24,41,24,41,984,984,1,6.9921875,-6.9921875,-3.49609375,2,2256,False
*,24,42,24,42,1008,1008,0,6.6953125,-6.6953125,-3.34765625,2,864,False
*,24,43,24,43,1032,1032,0,7.70703125,-7.70703125,-3.853515625,2,2384,False
*,24,44,24,44,1056,1056,0,6.265625,-6.265625,-3.1328125,2,864,False
*,24,45,24,45,1080,1080,0,6.7265625,-6.7265625,-6.7265625,1,2304,False
*,24,46,24,46,1104,1104,0,7.140625,-7.140625,-3.5703125,2,2304,False
*,24,47,24,47,1128,1128,1,6.93359375,-6.93359375,-3.466796875,2,2304,False
*,24,48,24,48,1152,1152,1,7.00390625,-7.00390625,-3.501953125,2,2304,False
*,24,49,24,49,1176,1176,0,7.796875,-7.796875,-3.8984375,2,2256,False
*,24,50,24,50,1200,1200,1,6.41015625,-6.41015625,-6.41015625,1,784,False
*,24,51,24,51,1224,1224,0,7.55859375,-7.55859375,-3.779296875,2,984,False
*,24,52,24,52,1248,1248,0,6.609375,-6.609375,-3.3046875,2,864,False
*,24,53,24,53,1272,1272,2,8.265625,-8.265625,-4.1328125,2,864,False
*,24,54,24,54,1296,1296,0,6.6796875,-6.6796875,-3.33984375,2,2304,False
*,24,55,24,55,1320,1320,0,7.5078125,-7.5078125,-3.75390625,2,864,False
*,24,56,24,56,1344,1344,0,6.921875,-6.921875,-3.4609375,2,864,False
*,24,57,24,57,1368,1368,1,7.55859375,-7.55859375,-3.779296875,2,2256,False
*,24,58,24,58,1392,1392,0,7.55859375,-7.55859375,-3.779296875,2,2384,False
*,24,59,24,59,1416,1416,0,7.60546875,-7.60546875,-3.802734375,2,2256,False
*,24,60,24,60,1440,1440,29,6.7734375,-6.7734375,-3.38671875,2,2240,False
*,24,61,24,61,1464,1464,0,7.703125,-7.703125,-3.8515625,2,2254,False
*,24,62,24,62,1488,1488,0,7.8671875,-7.8671875,-3.93359375,2,2256,False
*,24,63,24,63,1512,1512,0,7.28125,-7.28125,-3.640625,2,2256,False
*,24,64,24,64,1536,1536,2,6.5625,-6.5625,-3.28125,2,2304,False
*,24,65,24,65,1560,1560,0,7.55859375,-7.55859375,-3.779296875,2,2384,False
*,24,66,24,66,1584,1584,0,7.18359375,-7.18359375,-3.591796875,2,2240,False
*,24,67,24,67,1608,1608,1,7.29296875,-7.29296875,-3.646484375,2,2384,False
*,24,68,24,68,1632,1632,0,7.35546875,-7.35546875,-3.677734375,2,2384,False
*,24,69,24,69,1656,1656,0,7.57421875,-7.57421875,-3.787109375,2,2384,False
*,24,70,24,70,1680,1680,0,7.21484375,-7.21484375,-3.607421875,2,2304,False
*,24,71,24,71,1704,1704,0,7.73046875,-7.73046875,-3.865234375,2,2256,False
*,24,72,24,72,1728,1728,0,5.53515625,-5.53515625,-2.767578125,2,2304,False
*,24,73,24,73,1752,1752,0,7.828125,-7.828125,-3.9140625,2,2304,False
*,24,74,24,74,1776,1776,0,7.1875,-7.1875,-3.59375,2,2384,False
*,24,75,24,75,1800,1800,1,6.8515625,-6.8515625,-6.8515625,1,2304,False
*,24,76,24,76,1824,1824,0,7.12109375,-7.12109375,-3.560546875,2,2304,False
*,24,77,24,77,1848,1848,0,7.13671875,-7.13671875,-7.13671875,1,2384,False
*,24,78,24,78,1872,1872,0,7.6953125,-7.6953125,-3.84765625,2,2384,False
*,24,79,24,79,1896,1896,0,7.6875,-7.6875,-7.6875,1,2384,False
*,24,80,24,80,1920,1920,0,6.515625,-6.515625,-6.515625,1,2304,False
*,24,81,24,81,1944,1944,0,7.00390625,-7.00390625,-7.00390625,1,2304,False
*,24,82,24,82,1968,1968,0,7.140625,-7.140625,-7.140625,1,2384,False
*,24,83,24,83,1992,1992,0,8.078125,-8.078125,-8.078125,1,2384,False
*,24,84,24,84,2016,2016,0,7.91015625,-7.91015625,-7.91015625,1,2304,False
*,24,85,24,85,2040,2040,0,7.953125,-7.953125,-3.9765625,2,2384,False
*,24,86,24,86,2064,2064,1,7.40625,-7.40625,-3.703125,2,2384,False
*,24,87,24,87,2088,2088,0,7.953125,-7.953125,-3.9765625,2,2384,False
*,24,88,24,88,2112,2112,0,7.48046875,-7.48046875,-3.740234375,2,2384,False
*,24,89,24,89,2136,2136,0,8.4296875,-8.4296875,-4.21484375,2,2384,False
*,24,90,24,90,2160,2160,1,7.65625,-7.65625,-3.828125,2,2256,False
*,24,91,24,91,2184,2184,0,7.64453125,-7.64453125,-3.822265625,2,2256,False
*,24,92,24,92,2208,2208,0,7.625,-7.625,-3.8125,2,2384,False
*,24,93,24,93,2232,2232,0,8.5546875,-8.5546875,-4.27734375,2,2254,False
*,24,94,24,94,2256,2256,0,6.59375,-6.59375,-3.296875,2,2384,False
*,24,95,24,95,2280,2280,0,8.34375,-8.34375,-4.171875,2,2384,False
*,24,96,24,96,2304,2304,1,6.56640625,-6.56640625,-3.283203125,2,2304,True
*,24,97,24,97,2328,2328,0,8.03125,-8.03125,-4.015625,2,2254,False
*,24,98,24,98,2352,2352,0,7.35546875,-7.35546875,-3.677734375,2,2254,False
*,24,99,24,99,2376,2376,0,7.9375,-7.9375,-3.96875,2,2254,False
*,25,10,25,10,250,250,9,6.3515625,-6.3515625,-6.3515625,1,792,False
*,25,11,25,11,275,275,1,7.23828125,-7.23828125,-7.23828125,1,711,False
*,25,12,25,12,300,300,11,6.75390625,-6.75390625,-6.75390625,1,792,False
*,25,13,25,13,325,325,2,7.19921875,-7.19921875,-7.19921875,1,792,False
*,25,14,25,14,350,350,2,6.74609375,-6.74609375,-6.74609375,1,792,False
*,25,15,25,15,375,375,2,7.01171875,-7.01171875,-7.01171875,1,705,False
*,25,16,25,16,400,400,3,6.83203125,-6.83203125,-6.83203125,1,784,False
*,25,17,25,17,425,425,1,6.984375,-6.984375,-6.984375,1,705,False
*,25,18,25,18,450,450,1,6.51953125,-6.51953125,-6.51953125,1,792,False
*,25,19,25,19,475,475,1,7.32421875,-7.32421875,-7.32421875,1,975,False
*,25,20,25,20,500,500,10,6.16015625,-6.16015625,-6.16015625,1,792,False
*,25,21,25,21,525,525,0,7.16796875,-7.16796875,-7.16796875,1,795,False
*,25,22,25,22,550,550,5,7.1953125,-7.1953125,-7.1953125,1,964,False
*,25,23,25,23,575,575,0,7.65234375,-7.65234375,-7.65234375,1,975,False
*,25,24,25,24,600,600,3,7.0390625,-7.0390625,-7.0390625,1,784,False
*,25,25,25,25,625,625,62,5.40234375,-5.40234375,-5.40234375,1,725,False
*,25,26,25,26,650,650,0,7.1953125,-7.1953125,-7.1953125,1,792,False
*,25,27,25,27,675,675,0,6.92578125,-6.92578125,-6.92578125,1,705,False
*,25,28,25,28,700,700,0,6.82421875,-6.82421875,-6.82421875,1,784,False
*,25,29,25,29,725,725,0,6.9296875,-6.9296875,-3.46484375,2,795,False
*,25,30,25,30,750,750,5,6.27734375,-6.27734375,-6.27734375,1,792,False
*,25,31,25,31,775,775,0,6.8359375,-6.8359375,-3.41796875,2,711,False
*,25,32,25,32,800,800,3,6.28125,-6.28125,-6.28125,1,864,False
*,25,33,25,33,825,825,0,6.984375,-6.984375,-3.4921875,2,775,False
*,25,34,25,34,850,850,0,7.0546875,-7.0546875,-7.0546875,1,784,False
*,25,35,25,35,875,875,0,7.2734375,-7.2734375,-3.63671875,2,795,False
*,25,36,25,36,900,900,3,6.94140625,-6.94140625,-6.94140625,1,792,False
*,25,37,25,37,925,925,1,7.05859375,-7.05859375,-3.529296875,2,795,False
*,25,38,25,38,950,950,0,6.9609375,-6.9609375,-6.9609375,1,792,False
*,25,39,25,39,975,975,0,7.0234375,-7.0234375,-3.51171875,2,975,True
*,25,40,25,40,1000,1000,3,5.87890625,-5.87890625,-5.87890625,1,792,False
*,25,41,25,41,1025,1025,0,6.984375,-6.984375,-3.4921875,2,975,False
*,25,42,25,42,1050,1050,0,7.0234375,-7.0234375,-3.51171875,2,984,False
*,25,43,25,43,1075,1075,1,7.4765625,-7.4765625,-3.73828125,2,975,False
*,25,44,25,44,1100,1100,0,6.9375,-6.9375,-6.9375,1,864,False
*,25,45,25,45,1125,1125,0,6.8984375,-6.8984375,-3.44921875,2,795,False
*,25,46,25,46,1150,1150,0,8.5625,-8.5625,-4.28125,2,964,False
*,25,47,25,47,1175,1175,0,7.5546875,-7.5546875,-3.77734375,2,975,False
*,25,48,25,48,1200,1200,2,6.6484375,-6.6484375,-6.6484375,1,864,False
*,25,49,25,49,1225,1225,0,7.453125,-7.453125,-3.7265625,2,975,False
*,25,50,25,50,1250,1250,5,7.078125,-7.078125,-3.5390625,2,792,False
*,25,51,25,51,1275,1275,0,7.71875,-7.71875,-3.859375,2,975,False
*,25,52,25,52,1300,1300,0,7.0625,-7.0625,-7.0625,1,864,False
*,25,53,25,53,1325,1325,0,7.26171875,-7.26171875,-3.630859375,2,864,False
*,25,54,25,54,1350,1350,0,7.9453125,-7.9453125,-3.97265625,2,864,False
*,25,55,25,55,1375,1375,0,7.703125,-7.703125,-3.8515625,2,864,False
*,25,56,25,56,1400,1400,0,6.8203125,-6.8203125,-6.8203125,1,864,False
*,25,57,25,57,1425,1425,0,7.65625,-7.65625,-3.828125,2,864,False
*,25,58,25,58,1450,1450,0,7.94140625,-7.94140625,-3.970703125,2,1728,False
*,25,59,25,59,1475,1475,0,7.8125,-7.8125,-3.90625,2,1728,False
*,25,60,25,60,1500,1500,2,6.8671875,-6.8671875,-6.8671875,1,864,False
*,25,61,25,61,1525,1525,0,7.859375,-7.859375,-3.9296875,2,1728,False
*,25,62,25,62,1550,1550,0,7.8671875,-7.8671875,-3.93359375,2,1728,False
*,25,63,25,63,1575,1575,1,7.64453125,-7.64453125,-3.822265625,2,1728,False
*,25,64,25,64,1600,1600,2,6.5546875,-6.5546875,-6.5546875,1,1728,False
*,25,65,25,65,1625,1625,0,7.609375,-7.609375,-3.8046875,2,864,False
*,25,66,25,66,1650,1650,0,7.5546875,-7.5546875,-3.77734375,2,2384,False
*,25,67,25,67,1675,1675,0,7.84375,-7.84375,-3.921875,2,2384,False
*,25,68,25,68,1700,1700,0,7.265625,-7.265625,-3.6328125,2,2384,False
*,25,69,25,69,1725,1725,0,7.56640625,-7.56640625,-3.783203125,2,2384,False
*,25,70,25,70,1750,1750,0,7.66015625,-7.66015625,-3.830078125,2,2384,False
*,25,71,25,71,1775,1775,0,8.0859375,-8.0859375,-4.04296875,2,2256,False
*,25,72,25,72,1800,1800,0,6.92578125,-6.92578125,-6.92578125,1,2384,False
*,25,73,25,73,1825,1825,0,7.375,-7.375,-3.6875,2,2384,False
*,25,74,25,74,1850,1850,0,7.2265625,-7.2265625,-7.2265625,1,2384,False
*,25,75,25,75,1875,1875,0,7.7109375,-7.7109375,-3.85546875,2,2375,False
*,25,76,25,76,1900,1900,0,7.42578125,-7.42578125,-7.42578125,1,2384,False
*,25,77,25,77,1925,1925,0,7.69140625,-7.69140625,-7.69140625,1,2384,False
*,25,78,25,78,1950,1950,0,7.64453125,-7.64453125,-7.64453125,1,2384,False
*,25,79,25,79,1975,1975,0,7.5625,-7.5625,-7.5625,1,2384,False
*,25,80,25,80,2000,2000,2,6.7421875,-6.7421875,-6.7421875,1,2384,False
*,25,81,25,81,2025,2025,0,7.78125,-7.78125,-3.890625,2,2256,False
*,25,82,25,82,2050,2050,1,8.15625,-8.15625,-4.078125,2,2384,False
*,25,83,25,83,2075,2075,0,8.296875,-8.296875,-4.1484375,2,2384,False
*,25,84,25,84,2100,2100,1,8.421875,-8.421875,-4.2109375,2,2384,False
*,25,85,25,85,2125,2125,1,8.328125,-8.328125,-4.1640625,2,2384,False
*,25,86,25,86,2150,2150,0,8.671875,-8.671875,-4.3359375,2,2384,False
*,25,87,25,87,2175,2175,0,8.2265625,-8.2265625,-4.11328125,2,2384,False
*,25,88,25,88,2200,2200,0,8.078125,-8.078125,-4.0390625,2,2384,False
*,25,89,25,89,2225,2225,0,8.171875,-8.171875,-4.0859375,2,2384,False
*,25,90,25,90,2250,2250,0,7.24609375,-7.24609375,-3.623046875,2,2256,False
*,25,91,25,91,2275,2275,0,8.1875,-8.1875,-4.09375,2,2256,False
*,25,92,25,92,2300,2300,0,7.6171875,-7.6171875,-3.80859375,2,2384,False
*,25,93,25,93,2325,2325,0,7.828125,-7.828125,-3.9140625,2,2254,False
*,25,94,25,94,2350,2350,0,8.1796875,-8.1796875,-4.08984375,2,2384,False
*,25,95,25,95,2375,2375,0,7.546875,-7.546875,-3.7734375,2,2384,False
*,25,96,25,96,2400,2400,0,6.4921875,-6.4921875,-3.24609375,2,2384,False
*,25,97,25,97,2425,2425,1,8.421875,-8.421875,-4.2109375,2,2254,False
*,25,98,25,98,2450,2450,0,8.125,-8.125,-4.0625,2,2254,False
*,25,99,25,99,2475,2475,0,8.484375,-8.484375,-4.2421875,2,2254,False
*,26,10,26,10,260,260,4,7.0234375,-7.0234375,-7.0234375,1,792,False
*,26,11,26,11,286,286,0,7.6015625,-7.6015625,-7.6015625,1,792,False
*,26,12,26,12,312,312,0,6.75,-6.75,-6.75,1,792,False
*,26,13,26,13,338,338,3,6.984375,-6.984375,-6.984375,1,966,False
*,26,14,26,14,364,364,3,6.9453125,-6.9453125,-6.9453125,1,784,False
*,26,15,26,15,390,390,1,7.16796875,-7.16796875,-7.16796875,1,792,False
*,26,16,26,16,416,416,1,6.15234375,-6.15234375,-6.15234375,1,864,False
*,26,17,26,17,442,442,2,6.86328125,-6.86328125,-6.86328125,1,792,False
*,26,18,26,18,468,468,0,7.15625,-7.15625,-7.15625,1,964,False
*,26,19,26,19,494,494,1,7.41015625,-7.41015625,-7.41015625,1,964,False
*,26,20,26,20,520,520,2,6.75,-6.75,-6.75,1,864,False
*,26,21,26,21,546,546,0,7.5390625,-7.5390625,-7.5390625,1,964,False
*,26,22,26,22,572,572,1,7.32421875,-7.32421875,-3.662109375,2,964,False
*,26,23,26,23,598,598,0,7.97265625,-7.97265625,-3.986328125,2,964,False
*,26,24,26,24,624,624,0,6.5390625,-6.5390625,-6.5390625,1,2256,False
*,26,25,26,25,650,650,4,7.32421875,-7.32421875,-7.32421875,1,792,False
*,26,26,26,26,676,676,38,6.82421875,-6.82421875,-3.412109375,2,792,False
*,26,27,26,27,702,702,0,7.7421875,-7.7421875,-7.7421875,1,792,False
*,26,28,26,28,728,728,0,6.546875,-6.546875,-3.2734375,2,784,False
*,26,29,26,29,754,754,1,7.515625,-7.515625,-3.7578125,2,928,False
*,26,30,26,30,780,780,0,7.30859375,-7.30859375,-7.30859375,1,792,False
*,26,31,26,31,806,806,0,7.13671875,-7.13671875,-3.568359375,2,964,False
*,26,32,26,32,832,832,0,6.15234375,-6.15234375,-3.076171875,2,864,False
*,26,33,26,33,858,858,0,7.4296875,-7.4296875,-3.71484375,2,792,False
*,26,34,26,34,884,884,0,7.171875,-7.171875,-3.5859375,2,784,False
*,26,35,26,35,910,910,0,7.4921875,-7.4921875,-3.74609375,2,792,False
*,26,36,26,36,936,936,0,6.55859375,-6.55859375,-3.279296875,2,864,False
*,26,37,26,37,962,962,0,7.828125,-7.828125,-3.9140625,2,792,False
*,26,38,26,38,988,988,0,7.390625,-7.390625,-3.6953125,2,928,False
*,26,39,26,39,1014,1014,0,7.23046875,-7.23046875,-3.615234375,2,964,False
*,26,40,26,40,1040,1040,2,6.3125,-6.3125,-3.15625,2,864,False
*,26,41,26,41,1066,1066,0,7.44140625,-7.44140625,-3.720703125,2,964,False
*,26,42,26,42,1092,1092,0,6.85546875,-6.85546875,-3.427734375,2,984,False
*,26,43,26,43,1118,1118,0,7.5546875,-7.5546875,-3.77734375,2,1728,False
*,26,44,26,44,1144,1144,0,7.15234375,-7.15234375,-3.576171875,2,864,False
*,26,45,26,45,1170,1170,0,8.0625,-8.0625,-4.03125,2,2256,False
*,26,46,26,46,1196,1196,0,7.703125,-7.703125,-3.8515625,2,1728,False
*,26,47,26,47,1222,1222,0,7.94140625,-7.94140625,-3.970703125,2,2262,False
*,26,48,26,48,1248,1248,0,6.6953125,-6.6953125,-3.34765625,2,2384,False
*,26,49,26,49,1274,1274,0,8.0234375,-8.0234375,-4.01171875,2,2256,False
*,26,50,26,50,1300,1300,0,6.82421875,-6.82421875,-6.82421875,1,2256,False
*,26,51,26,51,1326,1326,0,7.6015625,-7.6015625,-3.80078125,2,964,False
*,26,52,26,52,1352,1352,0,7.41015625,-7.41015625,-3.705078125,2,864,False
*,26,53,26,53,1378,1378,0,7.5078125,-7.5078125,-3.75390625,2,1728,False
*,26,54,26,54,1404,1404,0,6.8359375,-6.8359375,-3.41796875,2,2384,False
*,26,55,26,55,1430,1430,0,8.0390625,-8.0390625,-4.01953125,2,864,False
*,26,56,26,56,1456,1456,0,6.53125,-6.53125,-3.265625,2,864,False
*,26,57,26,57,1482,1482,0,7.8359375,-7.8359375,-3.91796875,2,1728,False
*,26,58,26,58,1508,1508,0,6.97265625,-6.97265625,-3.486328125,2,1728,False
*,26,59,26,59,1534,1534,0,7.71875,-7.71875,-3.859375,2,1728,False
*,26,60,26,60,1560,1560,0,6.86328125,-6.86328125,-3.431640625,2,2256,False
*,26,61,26,61,1586,1586,0,8.0703125,-8.0703125,-4.03515625,2,1728,False
*,26,62,26,62,1612,1612,0,7.296875,-7.296875,-3.6484375,2,1728,False
*,26,63,26,63,1638,1638,0,7.6875,-7.6875,-3.84375,2,1728,False
*,26,64,26,64,1664,1664,0,5.70703125,-5.70703125,-2.853515625,2,1728,False
*,26,65,26,65,1690,1690,0,7.78125,-7.78125,-3.890625,2,1728,False
*,26,66,26,66,1716,1716,0,7.22265625,-7.22265625,-3.611328125,2,2240,False
*,26,67,26,67,1742,1742,0,7.421875,-7.421875,-3.7109375,2,2262,False
*,26,68,26,68,1768,1768,0,5.8359375,-5.8359375,-2.91796875,2,2384,False
*,26,69,26,69,1794,1794,0,8.1875,-8.1875,-4.09375,2,2262,False
*,26,70,26,70,1820,1820,0,8.421875,-8.421875,-4.2109375,2,2384,False
*,26,71,26,71,1846,1846,0,7.91015625,-7.91015625,-3.955078125,2,2262,False
*,26,72,26,72,1872,1872,0,7.359375,-7.359375,-3.6796875,2,2384,False
*,26,73,26,73,1898,1898,0,8.25,-8.25,-8.25,1,2262,False
*,26,74,26,74,1924,1924,0,7.63671875,-7.63671875,-7.63671875,1,2384,False
*,26,75,26,75,1950,1950,0,7.5546875,-7.5546875,-7.5546875,1,2384,False
*,26,76,26,76,1976,1976,0,7.51953125,-7.51953125,-7.51953125,1,2384,False
*,26,77,26,77,2002,2002,0,7.734375,-7.734375,-7.734375,1,2384,False
*,26,78,26,78,2028,2028,0,7.62109375,-7.62109375,-3.810546875,2,2384,False
*,26,79,26,79,2054,2054,0,8.2109375,-8.2109375,-4.10546875,2,2384,False
*,26,80,26,80,2080,2080,0,7.1328125,-7.1328125,-3.56640625,2,2240,False
*,26,81,26,81,2106,2106,0,8.0234375,-8.0234375,-4.01171875,2,2256,False
*,26,82,26,82,2132,2132,0,8.03125,-8.03125,-4.015625,2,2384,False
*,26,83,26,83,2158,2158,0,8.4453125,-8.4453125,-4.22265625,2,2384,False
*,26,84,26,84,2184,2184,0,7.3828125,-7.3828125,-3.69140625,2,2384,False
*,26,85,26,85,2210,2210,0,8.6953125,-8.6953125,-4.34765625,2,2384,False
*,26,86,26,86,2236,2236,1,8.0,-8.0,-4.0,2,2384,False
*,26,87,26,87,2262,2262,0,7.5,-7.5,-3.75,2,2384,False
*,26,88,26,88,2288,2288,0,7.40625,-7.40625,-3.703125,2,2384,False
*,26,89,26,89,2314,2314,0,8.375,-8.375,-4.1875,2,2384,False
*,26,90,26,90,2340,2340,0,7.83984375,-7.83984375,-3.919921875,2,2240,False
*,26,91,26,91,2366,2366,0,7.94140625,-7.94140625,-3.970703125,2,2256,False
*,26,92,26,92,2392,2392,0,8.484375,-8.484375,-4.2421875,2,2384,False
*,26,93,26,93,2418,2418,1,8.625,-8.625,-4.3125,2,2262,False
*,26,94,26,94,2444,2444,0,7.74609375,-7.74609375,-3.873046875,2,2384,False
*,26,95,26,95,2470,2470,0,8.6640625,-8.6640625,-4.33203125,2,2384,False
*,26,96,26,96,2496,2496,0,7.453125,-7.453125,-3.7265625,2,2384,False
*,26,97,26,97,2522,2522,0,8.40625,-8.40625,-4.203125,2,2262,False
*,26,98,26,98,2548,2548,0,7.68359375,-7.68359375,-3.841796875,2,2254,False
*,26,99,26,99,2574,2574,0,7.953125,-7.953125,-3.9765625,2,2254,False
*,27,10,27,10,270,270,1,7.3125,-7.3125,-7.3125,1,792,False
*,27,11,27,11,297,297,1,7.26953125,-7.26953125,-7.26953125,1,711,False
*,27,12,27,12,324,324,1,7.140625,-7.140625,-7.140625,1,792,False
*,27,13,27,13,351,351,0,7.73828125,-7.73828125,-7.73828125,1,705,False
*,27,14,27,14,378,378,1,7.67578125,-7.67578125,-7.67578125,1,792,False
*,27,15,27,15,405,405,0,7.4609375,-7.4609375,-7.4609375,1,705,False
*,27,16,27,16,432,432,2,6.78515625,-6.78515625,-6.78515625,1,864,False
*,27,17,27,17,459,459,0,7.375,-7.375,-7.375,1,705,False
*,27,18,27,18,486,486,0,6.66015625,-6.66015625,-6.66015625,1,792,False
*,27,19,27,19,513,513,0,7.609375,-7.609375,-7.609375,1,705,False
*,27,20,27,20,540,540,0,7.02734375,-7.02734375,-7.02734375,1,864,False
*,27,21,27,21,567,567,0,7.015625,-7.015625,-7.015625,1,711,False
*,27,22,27,22,594,594,1,7.4765625,-7.4765625,-7.4765625,1,864,False
*,27,23,27,23,621,621,0,7.8203125,-7.8203125,-3.91015625,2,2254,False
*,27,24,27,24,648,648,0,7.109375,-7.109375,-3.5546875,2,864,False
*,27,25,27,25,675,675,0,7.01953125,-7.01953125,-7.01953125,1,864,False
*,27,26,27,26,702,702,3,7.58984375,-7.58984375,-7.58984375,1,864,False
*,27,27,27,27,729,729,8,7.4296875,-7.4296875,-3.71484375,2,767,False
*,27,28,27,28,756,756,1,6.9765625,-6.9765625,-3.48828125,2,864,False
*,27,29,27,29,783,783,0,7.48046875,-7.48046875,-3.740234375,2,828,False
*,27,30,27,30,810,810,1,7.18359375,-7.18359375,-3.591796875,2,828,False
*,27,31,27,31,837,837,0,7.35546875,-7.35546875,-3.677734375,2,864,False
*,27,32,27,32,864,864,1,5.515625,-5.515625,-2.7578125,2,864,True
*,27,33,27,33,891,891,0,7.93359375,-7.93359375,-3.966796875,2,711,False
*,27,34,27,34,918,918,0,7.3515625,-7.3515625,-3.67578125,2,864,False
*,27,35,27,35,945,945,0,6.99609375,-6.99609375,-3.498046875,2,795,False
*,27,36,27,36,972,972,0,7.078125,-7.078125,-3.5390625,2,864,False
*,27,37,27,37,999,999,1,7.48828125,-7.48828125,-7.48828125,1,711,False
*,27,38,27,38,1026,1026,1,7.28125,-7.28125,-3.640625,2,864,False
*,27,39,27,39,1053,1053,1,7.6484375,-7.6484375,-3.82421875,2,966,False
*,27,40,27,40,1080,1080,0,6.1328125,-6.1328125,-6.1328125,1,864,False
*,27,41,27,41,1107,1107,0,7.87890625,-7.87890625,-3.939453125,2,864,False
*,27,42,27,42,1134,1134,0,6.9765625,-6.9765625,-3.48828125,2,864,False
*,27,43,27,43,1161,1161,0,7.87109375,-7.87109375,-3.935546875,2,864,False
*,27,44,27,44,1188,1188,0,7.11328125,-7.11328125,-3.556640625,2,864,False
*,27,45,27,45,1215,1215,1,7.375,-7.375,-3.6875,2,864,False
*,27,46,27,46,1242,1242,1,7.765625,-7.765625,-3.8828125,2,1728,False
*,27,47,27,47,1269,1269,1,8.1875,-8.1875,-4.09375,2,1728,False
*,27,48,27,48,1296,1296,0,6.8203125,-6.8203125,-3.41015625,2,1728,False
*,27,49,27,49,1323,1323,0,8.0703125,-8.0703125,-4.03515625,2,1728,False
*,27,50,27,50,1350,1350,0,7.46875,-7.46875,-3.734375,2,864,False
*,27,51,27,51,1377,1377,0,7.609375,-7.609375,-3.8046875,2,864,False
*,27,52,27,52,1404,1404,0,6.6953125,-6.6953125,-3.34765625,2,1728,False
*,27,53,27,53,1431,1431,0,7.6328125,-7.6328125,-3.81640625,2,1728,False
*,27,54,27,54,1458,1458,0,7.57421875,-7.57421875,-3.787109375,2,1728,False
*,27,55,27,55,1485,1485,0,8.03125,-8.03125,-4.015625,2,864,False
*,27,56,27,56,1512,1512,0,6.84375,-6.84375,-3.421875,2,1728,False
*,27,57,27,57,1539,1539,0,7.80078125,-7.80078125,-3.900390625,2,1728,False
*,27,58,27,58,1566,1566,0,7.1953125,-7.1953125,-3.59765625,2,1728,False
*,27,59,27,59,1593,1593,0,7.2578125,-7.2578125,-3.62890625,2,1728,False
*,27,60,27,60,1620,1620,0,6.76171875,-6.76171875,-3.380859375,2,1728,False
*,27,61,27,61,1647,1647,0,1.1630859375,-1.1630859375,-0.58154296875,2,1647,True
*,27,62,27,62,1674,1674,0,6.5078125,-6.5078125,-3.25390625,2,1728,False
*,27,63,27,63,1701,1701,0,8.5390625,-8.5390625,-4.26953125,2,1728,False
*,27,64,27,64,1728,1728,0,0.9140625,-0.9140625,-0.45703125,2,1728,True
*,27,65,27,65,1755,1755,0,6.828125,-6.828125,-3.4140625,2,1728,False
*,27,66,27,66,1782,1782,0,7.47265625,-7.47265625,-3.736328125,2,1728,False
*,27,67,27,67,1809,1809,0,7.1953125,-7.1953125,-3.59765625,2,1728,False
*,27,68,27,68,1836,1836,0,7.78125,-7.78125,-3.890625,2,1728,False
*,27,69,27,69,1863,1863,0,7.76171875,-7.76171875,-7.76171875,1,1728,False
*,27,70,27,70,1890,1890,0,7.203125,-7.203125,-7.203125,1,2256,False
*,27,71,27,71,1917,1917,0,7.68359375,-7.68359375,-7.68359375,1,1728,False
*,27,72,27,72,1944,1944,0,6.85546875,-6.85546875,-6.85546875,1,2256,False
*,27,73,27,73,1971,1971,0,7.90234375,-7.90234375,-7.90234375,1,2256,False
*,27,74,27,74,1998,1998,0,8.1875,-8.1875,-8.1875,1,2256,False
*,27,75,27,75,2025,2025,0,8.046875,-8.046875,-4.0234375,2,2256,False
*,27,76,27,76,2052,2052,0,7.96875,-7.96875,-3.984375,2,1728,False
*,27,77,27,77,2079,2079,0,8.6328125,-8.6328125,-4.31640625,2,2256,False
*,27,78,27,78,2106,2106,0,8.1640625,-8.1640625,-4.08203125,2,2256,False
*,27,79,27,79,2133,2133,0,8.6875,-8.6875,-4.34375,2,2256,False
*,27,80,27,80,2160,2160,0,8.0703125,-8.0703125,-4.03515625,2,2256,False
*,27,81,27,81,2187,2187,1,8.3671875,-8.3671875,-4.18359375,2,2256,False
*,27,82,27,82,2214,2214,0,8.453125,-8.453125,-4.2265625,2,2256,False
*,27,83,27,83,2241,2241,0,8.171875,-8.171875,-4.0859375,2,2254,False
*,27,84,27,84,2268,2268,0,8.125,-8.125,-4.0625,2,2256,False
*,27,85,27,85,2295,2295,0,8.0859375,-8.0859375,-4.04296875,2,2256,False
*,27,86,27,86,2322,2322,0,8.4609375,-8.4609375,-4.23046875,2,2256,False
*,27,87,27,87,2349,2349,1,8.7265625,-8.7265625,-4.36328125,2,2256,False
*,27,88,27,88,2376,2376,0,7.9453125,-7.9453125,-3.97265625,2,2256,False
*,27,89,27,89,2403,2403,0,8.4765625,-8.4765625,-4.23828125,2,2254,False
*,27,90,27,90,2430,2430,0,8.578125,-8.578125,-4.2890625,2,2256,False
*,27,91,27,91,2457,2457,0,8.359375,-8.359375,-4.1796875,2,2254,False
*,27,92,27,92,2484,2484,0,8.3125,-8.3125,-4.15625,2,2254,False
*,27,93,27,93,2511,2511,0,8.3125,-8.3125,-4.15625,2,2254,False
*,27,94,27,94,2538,2538,0,8.21875,-8.21875,-4.109375,2,2254,False
*,27,95,27,95,2565,2565,0,8.46875,-8.46875,-4.234375,2,2254,False
*,27,96,27,96,2592,2592,0,7.03515625,-7.03515625,-3.517578125,2,2256,False
*,27,97,27,97,2619,2619,0,8.5859375,-8.5859375,-4.29296875,2,2254,False
*,27,98,27,98,2646,2646,0,8.4921875,-8.4921875,-4.24609375,2,2254,False
*,27,99,27,99,2673,2673,0,8.640625,-8.640625,-4.3203125,2,2254,False
*,28,10,28,10,280,280,0,6.40234375,-6.40234375,-6.40234375,1,784,False
*,28,11,28,11,308,308,0,7.43359375,-7.43359375,-7.43359375,1,792,False
*,28,12,28,12,336,336,6,6.69140625,-6.69140625,-6.69140625,1,784,False
*,28,13,28,13,364,364,2,7.5546875,-7.5546875,-7.5546875,1,984,False
*,28,14,28,14,392,392,1,6.8203125,-6.8203125,-6.8203125,1,784,False
*,28,15,28,15,420,420,1,7.14453125,-7.14453125,-7.14453125,1,792,False
*,28,16,28,16,448,448,1,5.88671875,-5.88671875,-5.88671875,1,864,False
*,28,17,28,17,476,476,0,7.0,-7.0,-7.0,1,792,False
*,28,18,28,18,504,504,0,7.28515625,-7.28515625,-7.28515625,1,964,False
*,28,19,28,19,532,532,0,7.8515625,-7.8515625,-7.8515625,1,1056,False
*,28,20,28,20,560,560,1,7.0078125,-7.0078125,-7.0078125,1,864,False
*,28,21,28,21,588,588,0,7.12109375,-7.12109375,-3.560546875,2,964,False
*,28,22,28,22,616,616,0,7.43359375,-7.43359375,-7.43359375,1,2256,False
*,28,23,28,23,644,644,2,7.78125,-7.78125,-3.890625,2,2254,False
*,28,24,28,24,672,672,7,7.3984375,-7.3984375,-3.69921875,2,2256,False
*,28,25,28,25,700,700,0,7.33203125,-7.33203125,-7.33203125,1,2256,False
*,28,26,28,26,728,728,0,7.08203125,-7.08203125,-3.541015625,2,1056,False
*,28,27,28,27,756,756,1,7.296875,-7.296875,-3.6484375,2,864,False
*,28,28,28,28,784,784,100,6.0546875,-6.0546875,-3.02734375,2,864,False
*,28,29,28,29,812,812,0,7.2578125,-7.2578125,-3.62890625,2,928,False
*,28,30,28,30,840,840,0,6.75390625,-6.75390625,-3.376953125,2,928,False
*,28,31,28,31,868,868,0,6.8828125,-6.8828125,-3.44140625,2,964,False
*,28,32,28,32,896,896,1,6.31640625,-6.31640625,-3.158203125,2,864,False
*,28,33,28,33,924,924,0,6.63671875,-6.63671875,-6.63671875,1,928,False
*,28,34,28,34,952,952,0,6.83984375,-6.83984375,-3.419921875,2,864,False
*,28,35,28,35,980,980,1,7.21875,-7.21875,-3.609375,2,864,False
*,28,36,28,36,1008,1008,2,6.40625,-6.40625,-3.203125,2,864,False
*,28,37,28,37,1036,1036,1,7.48046875,-7.48046875,-3.740234375,2,864,False
*,28,38,28,38,1064,1064,0,6.4921875,-6.4921875,-3.24609375,2,928,False
*,28,39,28,39,1092,1092,0,6.94140625,-6.94140625,-3.470703125,2,928,False
*,28,40,28,40,1120,1120,0,6.19921875,-6.19921875,-3.099609375,2,864,False
*,28,41,28,41,1148,1148,0,7.484375,-7.484375,-3.7421875,2,964,False
*,28,42,28,42,1176,1176,1,7.34765625,-7.34765625,-3.673828125,2,1440,False
*,28,43,28,43,1204,1204,0,7.140625,-7.140625,-3.5703125,2,1440,False
*,28,44,28,44,1232,1232,0,6.9921875,-6.9921875,-3.49609375,2,1440,False
*,28,45,28,45,1260,1260,0,7.62890625,-7.62890625,-3.814453125,2,2256,False
*,28,46,28,46,1288,1288,0,7.91015625,-7.91015625,-3.955078125,2,1728,False
*,28,47,28,47,1316,1316,0,7.375,-7.375,-3.6875,2,1728,False
*,28,48,28,48,1344,1344,0,6.80078125,-6.80078125,-3.400390625,2,2384,False
*,28,49,28,49,1372,1372,0,7.375,-7.375,-3.6875,2,2256,False
*,28,50,28,50,1400,1400,0,6.5859375,-6.5859375,-6.5859375,1,1728,False
*,28,51,28,51,1428,1428,0,7.4921875,-7.4921875,-3.74609375,2,1728,False
*,28,52,28,52,1456,1456,0,6.6484375,-6.6484375,-3.32421875,2,1728,False
*,28,53,28,53,1484,1484,0,7.40234375,-7.40234375,-3.701171875,2,1728,False
*,28,54,28,54,1512,1512,0,6.921875,-6.921875,-3.4609375,2,2256,False
*,28,55,28,55,1540,1540,0,7.38671875,-7.38671875,-3.693359375,2,1728,False
*,28,56,28,56,1568,1568,0,6.453125,-6.453125,-3.2265625,2,1728,False
*,28,57,28,57,1596,1596,0,7.2265625,-7.2265625,-3.61328125,2,1728,False
*,28,58,28,58,1624,1624,0,7.53125,-7.53125,-3.765625,2,1728,False
*,28,59,28,59,1652,1652,0,7.390625,-7.390625,-3.6953125,2,1728,False
*,28,60,28,60,1680,1680,0,6.734375,-6.734375,-3.3671875,2,1728,False
*,28,61,28,61,1708,1708,0,6.96875,-6.96875,-3.484375,2,1647,False
*,28,62,28,62,1736,1736,0,6.84765625,-6.84765625,-3.423828125,2,2256,False
*,28,63,28,63,1764,1764,0,7.30859375,-7.30859375,-3.654296875,2,1728,False
*,28,64,28,64,1792,1792,0,7.8359375,-7.8359375,-3.91796875,2,1728,False
*,28,65,28,65,1820,1820,0,8.59375,-8.59375,-4.296875,2,1728,False
*,28,66,28,66,1848,1848,0,6.41015625,-6.41015625,-6.41015625,1,2384,False
*,28,67,28,67,1876,1876,0,6.98828125,-6.98828125,-6.98828125,1,2384,False
*,28,68,28,68,1904,1904,0,6.8671875,-6.8671875,-6.8671875,1,2384,False
*,28,69,28,69,1932,1932,0,7.26171875,-7.26171875,-7.26171875,1,2384,False
*,28,70,28,70,1960,1960,1,7.32421875,-7.32421875,-7.32421875,1,2384,False
*,28,71,28,71,1988,1988,0,7.41015625,-7.41015625,-7.41015625,1,2384,False
*,28,72,28,72,2016,2016,0,7.953125,-7.953125,-7.953125,1,2384,False
*,28,73,28,73,2044,2044,0,7.9609375,-7.9609375,-3.98046875,2,2384,False
*,28,74,28,74,2072,2072,0,7.83984375,-7.83984375,-3.919921875,2,2384,False
*,28,75,28,75,2100,2100,0,8.640625,-8.640625,-4.3203125,2,2384,False
*,28,76,28,76,2128,2128,0,7.98046875,-7.98046875,-3.990234375,2,2384,False
*,28,77,28,77,2156,2156,0,8.28125,-8.28125,-4.140625,2,2384,False
*,28,78,28,78,2184,2184,0,7.46875,-7.46875,-3.734375,2,2384,False
*,28,79,28,79,2212,2212,0,8.578125,-8.578125,-4.2890625,2,2384,False
*,28,80,28,80,2240,2240,0,6.6328125,-6.6328125,-3.31640625,2,2384,False
*,28,81,28,81,2268,2268,0,7.953125,-7.953125,-3.9765625,2,2384,False
*,28,82,28,82,2296,2296,0,7.49609375,-7.49609375,-3.748046875,2,2384,False
*,28,83,28,83,2324,2324,0,7.8046875,-7.8046875,-3.90234375,2,2384,False
*,28,84,28,84,2352,2352,0,7.24609375,-7.24609375,-3.623046875,2,2384,False
*,28,85,28,85,2380,2380,0,8.1484375,-8.1484375,-4.07421875,2,2384,False
*,28,86,28,86,2408,2408,0,7.796875,-7.796875,-3.8984375,2,2384,False
*,28,87,28,87,2436,2436,0,8.515625,-8.515625,-4.2578125,2,2384,False
*,28,88,28,88,2464,2464,0,7.54296875,-7.54296875,-3.771484375,2,2384,False
*,28,89,28,89,2492,2492,0,7.9375,-7.9375,-3.96875,2,2384,False
*,28,90,28,90,2520,2520,0,7.640625,-7.640625,-3.8203125,2,2384,False
*,28,91,28,91,2548,2548,0,8.328125,-8.328125,-4.1640625,2,2256,False
*,28,92,28,92,2576,2576,0,7.375,-7.375,-3.6875,2,2384,False
*,28,93,28,93,2604,2604,0,8.7109375,-8.7109375,-4.35546875,2,2262,False
*,28,94,28,94,2632,2632,0,8.171875,-8.171875,-4.0859375,2,2384,False
*,28,95,28,95,2660,2660,0,8.5390625,-8.5390625,-4.26953125,2,2384,False
*,28,96,28,96,2688,2688,0,7.6171875,-7.6171875,-3.80859375,2,2384,False
*,28,97,28,97,2716,2716,0,8.53125,-8.53125,-4.265625,2,2254,False
*,28,98,28,98,2744,2744,0,7.7265625,-7.7265625,-3.86328125,2,2254,False
*,28,99,28,99,2772,2772,0,7.86328125,-7.86328125,-3.931640625,2,2254,False
*,29,10,29,10,290,290,1,7.078125,-7.078125,-7.078125,1,792,False
*,29,11,29,11,319,319,0,7.875,-7.875,-7.875,1,792,False
*,29,12,29,12,348,348,0,6.6171875,-6.6171875,-6.6171875,1,792,False
*,29,13,29,13,377,377,1,6.87109375,-6.87109375,-6.87109375,1,966,False
*,29,14,29,14,406,406,1,7.140625,-7.140625,-7.140625,1,792,False
*,29,15,29,15,435,435,0,6.9765625,-6.9765625,-6.9765625,1,795,False
*,29,16,29,16,464,464,0,6.67578125,-6.67578125,-6.67578125,1,784,False
*,29,17,29,17,493,493,0,6.875,-6.875,-6.875,1,792,False
*,29,18,29,18,522,522,1,7.890625,-7.890625,-7.890625,1,792,False
*,29,19,29,19,551,551,1,8.046875,-8.046875,-8.046875,1,964,False
*,29,20,29,20,580,580,0,6.83984375,-6.83984375,-6.83984375,1,792,False
*,29,21,29,21,609,609,1,7.6171875,-7.6171875,-7.6171875,1,966,False
*,29,22,29,22,638,638,0,7.86328125,-7.86328125,-3.931640625,2,964,False
*,29,23,29,23,667,667,0,7.5859375,-7.5859375,-7.5859375,1,964,False
*,29,24,29,24,696,696,1,7.2265625,-7.2265625,-3.61328125,2,864,False
*,29,25,29,25,725,725,0,7.25,-7.25,-3.625,2,792,False
*,29,26,29,26,754,754,0,7.70703125,-7.70703125,-3.853515625,2,1056,False
*,29,27,29,27,783,783,0,7.6015625,-7.6015625,-3.80078125,2,792,False
*,29,28,29,28,812,812,0,7.25,-7.25,-3.625,2,784,False
*,29,29,29,29,841,841,7,6.70703125,-6.70703125,-6.70703125,1,711,False
*,29,30,29,30,870,870,1,7.3203125,-7.3203125,-3.66015625,2,792,False
*,29,31,29,31,899,899,1,7.55078125,-7.55078125,-3.775390625,2,928,False
*,29,32,29,32,928,928,0,6.5,-6.5,-3.25,2,864,False
*,29,33,29,33,957,957,0,7.4296875,-7.4296875,-3.71484375,2,966,False
*,29,34,29,34,986,986,0,7.515625,-7.515625,-3.7578125,2,964,False
*,29,35,29,35,1015,1015,0,7.015625,-7.015625,-3.5078125,2,928,False
*,29,36,29,36,1044,1044,0,7.1328125,-7.1328125,-3.56640625,2,864,False
*,29,37,29,37,1073,1073,1,7.7734375,-7.7734375,-3.88671875,2,864,False
*,29,38,29,38,1102,1102,0,7.5546875,-7.5546875,-3.77734375,2,928,False
*,29,39,29,39,1131,1131,0,7.76953125,-7.76953125,-3.884765625,2,928,False
*,29,40,29,40,1160,1160,0,7.7734375,-7.7734375,-3.88671875,2,864,False
*,29,41,29,41,1189,1189,0,7.453125,-7.453125,-3.7265625,2,928,False
*,29,42,29,42,1218,1218,0,7.8515625,-7.8515625,-3.92578125,2,928,False
*,29,43,29,43,1247,1247,0,7.83203125,-7.83203125,-3.916015625,2,1728,False
*,29,44,29,44,1276,1276,0,7.2734375,-7.2734375,-3.63671875,2,1456,False
*,29,45,29,45,1305,1305,0,7.5625,-7.5625,-3.78125,2,2384,False
*,29,46,29,46,1334,1334,0,7.48828125,-7.48828125,-3.744140625,2,1728,False
*,29,47,29,47,1363,1363,0,8.015625,-8.015625,-4.0078125,2,1728,False
*,29,48,29,48,1392,1392,0,7.640625,-7.640625,-3.8203125,2,2384,False
*,29,49,29,49,1421,1421,0,7.7578125,-7.7578125,-3.87890625,2,2384,False
*,29,50,29,50,1450,1450,2,7.9140625,-7.9140625,-3.95703125,2,928,False
*,29,51,29,51,1479,1479,0,8.171875,-8.171875,-4.0859375,2,966,False
*,29,52,29,52,1508,1508,1,7.11328125,-7.11328125,-3.556640625,2,1728,False
*,29,53,29,53,1537,1537,0,7.97265625,-7.97265625,-3.986328125,2,1728,False
*,29,54,29,54,1566,1566,0,7.46484375,-7.46484375,-3.732421875,2,1728,False
*,29,55,29,55,1595,1595,0,7.46484375,-7.46484375,-3.732421875,2,864,False
*,29,56,29,56,1624,1624,0,7.65625,-7.65625,-3.828125,2,1728,False
*,29,57,29,57,1653,1653,0,7.640625,-7.640625,-3.8203125,2,1728,False
*,29,58,29,58,1682,1682,0,7.6484375,-7.6484375,-3.82421875,2,1728,False
*,29,59,29,59,1711,1711,0,7.375,-7.375,-3.6875,2,1728,False
*,29,60,29,60,1740,1740,2,7.0859375,-7.0859375,-3.54296875,2,1728,False
*,29,61,29,61,1769,1769,0,9.03125,-9.03125,-4.515625,2,1667,False
*,29,62,29,62,1798,1798,1,7.54296875,-7.54296875,-3.771484375,2,1728,False
*,29,63,29,63,1827,1827,0,7.46484375,-7.46484375,-3.732421875,2,1728,False
*,29,64,29,64,1856,1856,0,7.0390625,-7.0390625,-3.51953125,2,1728,False
*,29,65,29,65,1885,1885,0,7.5859375,-7.5859375,-7.5859375,1,1728,False
*,29,66,29,66,1914,1914,0,7.453125,-7.453125,-7.453125,1,2240,False
*,29,67,29,67,1943,1943,0,8.09375,-8.09375,-8.09375,1,2384,False
*,29,68,29,68,1972,1972,0,7.6015625,-7.6015625,-7.6015625,1,2384,False
*,29,69,29,69,2001,2001,0,8.2265625,-8.2265625,-8.2265625,1,2240,False
*,29,70,29,70,2030,2030,0,7.54296875,-7.54296875,-7.54296875,1,2384,False
*,29,71,29,71,2059,2059,0,8.0390625,-8.0390625,-4.01953125,2,2384,False
*,29,72,29,72,2088,2088,0,7.69921875,-7.69921875,-3.849609375,2,2384,False
*,29,73,29,73,2117,2117,0,8.6328125,-8.6328125,-4.31640625,2,2384,False
*,29,74,29,74,2146,2146,0,8.5078125,-8.5078125,-4.25390625,2,2384,False
*,29,75,29,75,2175,2175,0,8.3359375,-8.3359375,-4.16796875,2,2384,False
*,29,76,29,76,2204,2204,0,8.5078125,-8.5078125,-4.25390625,2,2384,False
*,29,77,29,77,2233,2233,0,8.2109375,-8.2109375,-4.10546875,2,2384,False
*,29,78,29,78,2262,2262,0,7.49609375,-7.49609375,-3.748046875,2,2384,False
*,29,79,29,79,2291,2291,0,8.78125,-8.78125,-4.390625,2,2384,False
*,29,80,29,80,2320,2320,0,8.171875,-8.171875,-4.0859375,2,2240,False
*,29,81,29,81,2349,2349,0,8.34375,-8.34375,-4.171875,2,2384,False
*,29,82,29,82,2378,2378,0,8.0703125,-8.0703125,-4.03515625,2,2384,False
*,29,83,29,83,2407,2407,0,8.03125,-8.03125,-4.015625,2,2384,False
*,29,84,29,84,2436,2436,0,8.171875,-8.171875,-4.0859375,2,2384,False
*,29,85,29,85,2465,2465,0,8.546875,-8.546875,-4.2734375,2,2384,False
*,29,86,29,86,2494,2494,0,8.1875,-8.1875,-4.09375,2,2384,False
*,29,87,29,87,2523,2523,0,8.71875,-8.71875,-4.359375,2,2384,False
*,29,88,29,88,2552,2552,0,7.3359375,-7.3359375,-3.66796875,2,2384,False
*,29,89,29,89,2581,2581,0,8.640625,-8.640625,-4.3203125,2,2384,False
*,29,90,29,90,2610,2610,0,8.1796875,-8.1796875,-4.08984375,2,2240,False
*,29,91,29,91,2639,2639,0,8.8515625,-8.8515625,-4.42578125,2,2256,False
*,29,92,29,92,2668,2668,0,8.140625,-8.140625,-4.0703125,2,2384,False
*,29,93,29,93,2697,2697,0,8.640625,-8.640625,-4.3203125,2,2384,False
*,29,94,29,94,2726,2726,0,8.515625,-8.515625,-4.2578125,2,2384,False
*,29,95,29,95,2755,2755,0,9.1953125,-9.1953125,-4.59765625,2,2384,False
*,29,96,29,96,2784,2784,0,8.546875,-8.546875,-4.2734375,2,2384,False
*,29,97,29,97,2813,2813,0,8.4765625,-8.4765625,-4.23828125,2,2262,False
*,29,98,29,98,2842,2842,0,8.078125,-8.078125,-4.0390625,2,2254,False
*,29,99,29,99,2871,2871,0,8.703125,-8.703125,-4.3515625,2,2254,False
*,30,10,30,10,300,300,19,6.4375,-6.4375,-6.4375,1,792,False
*,30,11,30,11,330,330,3,6.8671875,-6.8671875,-6.8671875,1,792,False
*,30,12,30,12,360,360,26,5.703125,-5.703125,-5.703125,1,792,False
*,30,13,30,13,390,390,1,7.00390625,-7.00390625,-7.00390625,1,792,False
*,30,14,30,14,420,420,3,6.58203125,-6.58203125,-6.58203125,1,784,False
*,30,15,30,15,450,450,5,6.36328125,-6.36328125,-6.36328125,1,792,False
*,30,16,30,16,480,480,6,5.80078125,-5.80078125,-5.80078125,1,784,False
*,30,17,30,17,510,510,0,6.66015625,-6.66015625,-6.66015625,1,792,False
*,30,18,30,18,540,540,0,6.41015625,-6.41015625,-6.41015625,1,792,False
*,30,19,30,19,570,570,3,6.7265625,-6.7265625,-6.7265625,1,792,False
*,30,20,30,20,600,600,8,6.13671875,-6.13671875,-6.13671875,1,784,False
*,30,21,30,21,630,630,1,6.72265625,-6.72265625,-6.72265625,1,792,False
*,30,22,30,22,660,660,0,6.59375,-6.59375,-6.59375,1,792,False
*,30,23,30,23,690,690,0,7.25,-7.25,-3.625,2,792,False
*,30,24,30,24,720,720,12,5.6796875,-5.6796875,-5.6796875,1,784,False
*,30,25,30,25,750,750,7,6.4375,-6.4375,-6.4375,1,792,False
*,30,26,30,26,780,780,0,7.23828125,-7.23828125,-7.23828125,1,792,False
*,30,27,30,27,810,810,0,7.265625,-7.265625,-3.6328125,2,792,False
*,30,28,30,28,840,840,2,6.55078125,-6.55078125,-3.275390625,2,784,False
*,30,29,30,29,870,870,2,7.328125,-7.328125,-3.6640625,2,792,False
*,30,30,30,30,900,900,33,5.25390625,-5.25390625,-5.25390625,1,792,False
*,30,31,30,31,930,930,2,7.3125,-7.3125,-3.65625,2,792,False
*,30,32,30,32,960,960,1,6.1015625,-6.1015625,-3.05078125,2,784,False
*,30,33,30,33,990,990,0,7.4140625,-7.4140625,-3.70703125,2,792,False
*,30,34,30,34,1020,1020,0,7.0625,-7.0625,-3.53125,2,784,False
*,30,35,30,35,1050,1050,2,6.91015625,-6.91015625,-3.455078125,2,792,False
*,30,36,30,36,1080,1080,0,5.984375,-5.984375,-5.984375,1,792,False
*,30,37,30,37,1110,1110,0,7.18359375,-7.18359375,-3.591796875,2,792,False
*,30,38,30,38,1140,1140,0,7.5390625,-7.5390625,-3.76953125,2,792,False
*,30,39,30,39,1170,1170,0,7.9453125,-7.9453125,-3.97265625,2,928,False
*,30,40,30,40,1200,1200,4,6.1640625,-6.1640625,-6.1640625,1,784,False
*,30,41,30,41,1230,1230,3,8.1796875,-8.1796875,-4.08984375,2,792,False
*,30,42,30,42,1260,1260,0,7.25390625,-7.25390625,-3.626953125,2,960,False
*,30,43,30,43,1290,1290,0,7.9921875,-7.9921875,-3.99609375,2,792,False
*,30,44,30,44,1320,1320,0,7.3984375,-7.3984375,-3.69921875,2,864,False
*,30,45,30,45,1350,1350,0,8.0625,-8.0625,-4.03125,2,792,False
*,30,46,30,46,1380,1380,0,7.7890625,-7.7890625,-3.89453125,2,792,False
*,30,47,30,47,1410,1410,0,7.90625,-7.90625,-3.953125,2,792,False
*,30,48,30,48,1440,1440,5,6.921875,-6.921875,-3.4609375,2,784,False
*,30,49,30,49,1470,1470,0,7.953125,-7.953125,-3.9765625,2,2240,False
*,30,50,30,50,1500,1500,7,6.4140625,-6.4140625,-6.4140625,1,792,False
*,30,51,30,51,1530,1530,0,8.015625,-8.015625,-4.0078125,2,960,False
*,30,52,30,52,1560,1560,0,7.234375,-7.234375,-3.6171875,2,792,False
*,30,53,30,53,1590,1590,0,7.890625,-7.890625,-3.9453125,2,928,False
*,30,54,30,54,1620,1620,0,7.7890625,-7.7890625,-3.89453125,2,792,False
*,30,55,30,55,1650,1650,0,7.7578125,-7.7578125,-3.87890625,2,792,False
*,30,56,30,56,1680,1680,0,6.8828125,-6.8828125,-3.44140625,2,864,False
*,30,57,30,57,1710,1710,0,7.8515625,-7.8515625,-3.92578125,2,792,False
*,30,58,30,58,1740,1740,0,7.21875,-7.21875,-3.609375,2,2240,False
*,30,59,30,59,1770,1770,1,7.6171875,-7.6171875,-3.80859375,2,2240,False
*,30,60,30,60,1800,1800,23,6.125,-6.125,-6.125,1,864,False
*,30,61,30,61,1830,1830,1,7.74609375,-7.74609375,-7.74609375,1,864,False
*,30,62,30,62,1860,1860,0,6.875,-6.875,-6.875,1,2256,False
*,30,63,30,63,1890,1890,0,7.375,-7.375,-7.375,1,864,False
*,30,64,30,64,1920,1920,0,6.8203125,-6.8203125,-6.8203125,1,1728,False
*,30,65,30,65,1950,1950,0,7.35546875,-7.35546875,-7.35546875,1,2256,False
*,30,66,30,66,1980,1980,0,7.55859375,-7.55859375,-7.55859375,1,2240,False
*,30,67,30,67,2010,2010,4,8.1171875,-8.1171875,-8.1171875,1,2240,False
*,30,68,30,68,2040,2040,0,7.7578125,-7.7578125,-3.87890625,2,2304,False
*,30,69,30,69,2070,2070,0,8.71875,-8.71875,-4.359375,2,2304,False
*,30,70,30,70,2100,2100,1,8.1171875,-8.1171875,-4.05859375,2,2240,False
*,30,71,30,71,2130,2130,0,8.65625,-8.65625,-4.328125,2,2384,False
*,30,72,30,72,2160,2160,0,8.1015625,-8.1015625,-4.05078125,2,2304,False
*,30,73,30,73,2190,2190,0,8.4609375,-8.4609375,-4.23046875,2,2304,False
*,30,74,30,74,2220,2220,0,8.7421875,-8.7421875,-4.37109375,2,2304,False
*,30,75,30,75,2250,2250,0,7.8359375,-7.8359375,-3.91796875,2,2256,False
*,30,76,30,76,2280,2280,0,8.3828125,-8.3828125,-4.19140625,2,2304,False
*,30,77,30,77,2310,2310,0,8.828125,-8.828125,-4.4140625,2,2384,False
*,30,78,30,78,2340,2340,0,8.21875,-8.21875,-4.109375,2,2240,False
*,30,79,30,79,2370,2370,0,8.1484375,-8.1484375,-4.07421875,2,2304,False
*,30,80,30,80,2400,2400,1,6.296875,-6.296875,-3.1484375,2,2240,False
*,30,81,30,81,2430,2430,0,8.78125,-8.78125,-4.390625,2,2256,False
*,30,82,30,82,2460,2460,0,8.390625,-8.390625,-4.1953125,2,2240,False
*,30,83,30,83,2490,2490,0,8.96875,-8.96875,-4.484375,2,2384,False
*,30,84,30,84,2520,2520,0,8.1015625,-8.1015625,-4.05078125,2,2304,False
*,30,85,30,85,2550,2550,0,8.671875,-8.671875,-4.3359375,2,2384,False
*,30,86,30,86,2580,2580,0,8.015625,-8.015625,-4.0078125,2,2384,False
*,30,87,30,87,2610,2610,1,8.75,-8.75,-4.375,2,2384,False
*,30,88,30,88,2640,2640,0,7.3125,-7.3125,-3.65625,2,2384,False
*,30,89,30,89,2670,2670,0,8.5234375,-8.5234375,-4.26171875,2,2240,False
*,30,90,30,90,2700,2700,1,7.5546875,-7.5546875,-3.77734375,2,2240,False
*,30,91,30,91,2730,2730,0,8.84375,-8.84375,-4.421875,2,2256,False
*,30,92,30,92,2760,2760,0,8.390625,-8.390625,-4.1953125,2,2304,False
*,30,93,30,93,2790,2790,0,8.90625,-8.90625,-4.453125,2,2384,False
*,30,94,30,94,2820,2820,0,8.1875,-8.1875,-4.09375,2,2384,False
*,30,95,30,95,2850,2850,0,8.3671875,-8.3671875,-4.18359375,2,2384,False
*,30,96,30,96,2880,2880,0,7.55078125,-7.55078125,-3.775390625,2,2304,False
*,30,97,30,97,2910,2910,0,9.078125,-9.078125,-4.5390625,2,2256,False
*,30,98,30,98,2940,2940,0,8.46875,-8.46875,-4.234375,2,2254,False
*,30,99,30,99,2970,2970,0,8.953125,-8.953125,-4.4765625,2,3456,False
*,31,10,31,10,310,310,6,6.953125,-6.953125,-6.953125,1,792,False
*,31,11,31,11,341,341,1,6.5625,-6.5625,-6.5625,1,711,False
*,31,12,31,12,372,372,3,6.7734375,-6.7734375,-6.7734375,1,792,False
*,31,13,31,13,403,403,0,7.4453125,-7.4453125,-7.4453125,1,792,False
*,31,14,31,14,434,434,0,7.18359375,-7.18359375,-7.18359375,1,784,False
*,31,15,31,15,465,465,0,7.1015625,-7.1015625,-7.1015625,1,795,False
*,31,16,31,16,496,496,3,6.6640625,-6.6640625,-6.6640625,1,864,False
*,31,17,31,17,527,527,2,7.2265625,-7.2265625,-7.2265625,1,7,False
*,31,18,31,18,558,558,1,6.95703125,-6.95703125,-3.478515625,2,792,False
*,31,19,31,19,589,589,2,7.703125,-7.703125,-3.8515625,2,964,False
*,31,20,31,20,620,620,0,6.6328125,-6.6328125,-6.6328125,1,784,False
*,31,21,31,21,651,651,0,7.9296875,-7.9296875,-3.96484375,2,711,False
*,31,22,31,22,682,682,1,7.77734375,-7.77734375,-3.888671875,2,792,False
*,31,23,31,23,713,713,0,7.46484375,-7.46484375,-7.46484375,1,795,False
*,31,24,31,24,744,744,8,7.0078125,-7.0078125,-3.50390625,2,784,False
*,31,25,31,25,775,775,0,7.12109375,-7.12109375,-3.560546875,2,792,False
*,31,26,31,26,806,806,0,7.4296875,-7.4296875,-3.71484375,2,792,False
*,31,27,31,27,837,837,0,7.70703125,-7.70703125,-3.853515625,2,792,False
*,31,28,31,28,868,868,0,6.8125,-6.8125,-3.40625,2,784,False
*,31,29,31,29,899,899,2,7.7734375,-7.7734375,-3.88671875,2,711,False
*,31,30,31,30,930,930,0,7.23046875,-7.23046875,-3.615234375,2,784,False
*,31,31,31,31,961,961,10,7.9140625,-7.9140625,-3.95703125,2,7,False
*,31,32,31,32,992,992,2,7.140625,-7.140625,-3.5703125,2,784,False
*,31,33,31,33,1023,1023,1,7.421875,-7.421875,-3.7109375,2,784,False
*,31,34,31,34,1054,1054,0,7.5546875,-7.5546875,-3.77734375,2,784,False
*,31,35,31,35,1085,1085,0,8.015625,-8.015625,-4.0078125,2,795,False
*,31,36,31,36,1116,1116,0,7.734375,-7.734375,-3.8671875,2,784,False
*,31,37,31,37,1147,1147,0,7.921875,-7.921875,-3.9609375,2,792,False
*,31,38,31,38,1178,1178,0,7.5703125,-7.5703125,-3.78515625,2,792,False
*,31,39,31,39,1209,1209,1,7.875,-7.875,-3.9375,2,928,False
*,31,40,31,40,1240,1240,0,7.0859375,-7.0859375,-3.54296875,2,784,False
*,31,41,31,41,1271,1271,1,8.5078125,-8.5078125,-4.25390625,2,792,False
*,31,42,31,42,1302,1302,0,7.78515625,-7.78515625,-3.892578125,2,792,False
*,31,43,31,43,1333,1333,0,8.4140625,-8.4140625,-4.20703125,2,792,False
*,31,44,31,44,1364,1364,0,8.125,-8.125,-4.0625,2,784,False
*,31,45,31,45,1395,1395,0,7.7578125,-7.7578125,-3.87890625,2,795,False
*,31,46,31,46,1426,1426,0,7.8203125,-7.8203125,-3.91015625,2,792,False
*,31,47,31,47,1457,1457,0,7.9453125,-7.9453125,-3.97265625,2,795,False
*,31,48,31,48,1488,1488,1,7.796875,-7.796875,-3.8984375,2,864,False
*,31,49,31,49,1519,1519,0,8.078125,-8.078125,-4.0390625,2,2256,False
*,31,50,31,50,1550,1550,2,8.0078125,-8.0078125,-4.00390625,2,792,False
*,31,51,31,51,1581,1581,0,8.3984375,-8.3984375,-4.19921875,2,792,False
*,31,52,31,52,1612,1612,0,7.89453125,-7.89453125,-3.947265625,2,792,False
*,31,53,31,53,1643,1643,1,7.7578125,-7.7578125,-3.87890625,2,792,False
*,31,54,31,54,1674,1674,0,8.328125,-8.328125,-4.1640625,2,784,False
*,31,55,31,55,1705,1705,1,7.8125,-7.8125,-3.90625,2,795,False
*,31,56,31,56,1736,1736,0,7.48828125,-7.48828125,-3.744140625,2,864,False
*,31,57,31,57,1767,1767,0,7.671875,-7.671875,-3.8359375,2,792,False
*,31,58,31,58,1798,1798,0,7.76171875,-7.76171875,-3.880859375,2,2256,False
*,31,59,31,59,1829,1829,0,7.671875,-7.671875,-3.8359375,2,2256,False
*,31,60,31,60,1860,1860,0,6.90234375,-6.90234375,-6.90234375,1,2256,False
*,31,61,31,61,1891,1891,0,8.125,-8.125,-8.125,1,1728,False
*,31,62,31,62,1922,1922,0,7.9765625,-7.9765625,-7.9765625,1,2256,False
*,31,63,31,63,1953,1953,0,7.99609375,-7.99609375,-7.99609375,1,1728,False
*,31,64,31,64,1984,1984,0,7.3671875,-7.3671875,-7.3671875,1,1728,False
*,31,65,31,65,2015,2015,0,8.6796875,-8.6796875,-8.6796875,1,2256,False
*,31,66,31,66,2046,2046,0,8.140625,-8.140625,-4.0703125,2,2240,False
*,31,67,31,67,2077,2077,0,8.796875,-8.796875,-4.3984375,2,2240,False
*,31,68,31,68,2108,2108,0,8.75,-8.75,-4.375,2,2384,False
*,31,69,31,69,2139,2139,0,8.890625,-8.890625,-4.4453125,2,2240,False
*,31,70,31,70,2170,2170,0,8.484375,-8.484375,-4.2421875,2,2240,False
*,31,71,31,71,2201,2201,1,7.93359375,-7.93359375,-3.966796875,2,2256,False
*,31,72,31,72,2232,2232,0,8.4921875,-8.4921875,-4.24609375,2,2304,False
*,31,73,31,73,2263,2263,0,8.6796875,-8.6796875,-4.33984375,2,2304,False
*,31,74,31,74,2294,2294,0,8.375,-8.375,-4.1875,2,2304,False
*,31,75,31,75,2325,2325,0,8.0625,-8.0625,-4.03125,2,775,False
*,31,76,31,76,2356,2356,0,8.5703125,-8.5703125,-4.28515625,2,784,False
*,31,77,31,77,2387,2387,0,8.6640625,-8.6640625,-4.33203125,2,2256,False
*,31,78,31,78,2418,2418,0,8.84375,-8.84375,-4.421875,2,2240,False
*,31,79,31,79,2449,2449,0,8.9375,-8.9375,-4.46875,2,2304,False
*,31,80,31,80,2480,2480,0,8.0078125,-8.0078125,-4.00390625,2,2304,False
*,31,81,31,81,2511,2511,0,8.578125,-8.578125,-4.2890625,2,2256,False
*,31,82,31,82,2542,2542,0,8.7890625,-8.7890625,-4.39453125,2,2256,False
*,31,83,31,83,2573,2573,0,9.171875,-9.171875,-4.5859375,2,2256,False
*,31,84,31,84,2604,2604,0,8.640625,-8.640625,-4.3203125,2,2304,False
*,31,85,31,85,2635,2635,0,8.65625,-8.65625,-4.328125,2,2256,False
*,31,86,31,86,2666,2666,0,8.2890625,-8.2890625,-4.14453125,2,2256,False
*,31,87,31,87,2697,2697,0,9.171875,-9.171875,-4.5859375,2,2256,False
*,31,88,31,88,2728,2728,0,8.140625,-8.140625,-4.0703125,2,2384,False
*,31,89,31,89,2759,2759,0,9.109375,-9.109375,-4.5546875,2,2256,False
*,31,90,31,90,2790,2790,0,8.9375,-8.9375,-4.46875,2,2256,False
*,31,91,31,91,2821,2821,0,9.046875,-9.046875,-4.5234375,2,2256,False
*,31,92,31,92,2852,2852,0,8.6328125,-8.6328125,-4.31640625,2,2256,False
*,31,93,31,93,2883,2883,0,8.4609375,-8.4609375,-4.23046875,2,2304,False
*,31,94,31,94,2914,2914,0,8.71875,-8.71875,-4.359375,2,2384,False
*,31,95,31,95,2945,2945,0,9.109375,-9.109375,-4.5546875,2,2256,False
*,31,96,31,96,2976,2976,0,8.515625,-8.515625,-4.2578125,2,2304,False
*,31,97,31,97,3007,3007,0,9.0078125,-9.0078125,-4.50390625,2,2256,False
*,31,98,31,98,3038,3038,0,9.328125,-9.328125,-4.6640625,2,2254,False
*,31,99,31,99,3069,3069,0,9.0859375,-9.0859375,-4.54296875,2,3456,False
*,32,10,32,10,320,320,4,5.97265625,-5.97265625,-5.97265625,1,792,False
*,32,11,32,11,352,352,2,7.16015625,-7.16015625,-7.16015625,1,792,False
*,32,12,32,12,384,384,6,5.29296875,-5.29296875,-5.29296875,1,864,False
*,32,13,32,13,416,416,1,6.59375,-6.59375,-6.59375,1,792,False
*,32,14,32,14,448,448,0,5.66015625,-5.66015625,-5.66015625,1,784,False
*,32,15,32,15,480,480,2,6.1953125,-6.1953125,-6.1953125,1,792,False
*,32,16,32,16,512,512,12,5.15625,-5.15625,-5.15625,1,864,False
*,32,17,32,17,544,544,2,6.97265625,-6.97265625,-6.97265625,1,792,False
*,32,18,32,18,576,576,3,5.9921875,-5.9921875,-5.9921875,1,792,False
*,32,19,32,19,608,608,1,7.28515625,-7.28515625,-7.28515625,1,792,False
*,32,20,32,20,640,640,3,5.31640625,-5.31640625,-5.31640625,1,864,False
*,32,21,32,21,672,672,0,6.9453125,-6.9453125,-3.47265625,2,792,False
*,32,22,32,22,704,704,0,5.90625,-5.90625,-5.90625,1,792,False
*,32,23,32,23,736,736,2,6.9609375,-6.9609375,-3.48046875,2,792,False
*,32,24,32,24,768,768,8,4.7265625,-4.7265625,-4.7265625,1,864,False
*,32,25,32,25,800,800,2,6.30078125,-6.30078125,-6.30078125,1,864,False
*,32,26,32,26,832,832,0,6.0546875,-6.0546875,-3.02734375,2,792,False
*,32,27,32,27,864,864,2,5.890625,-5.890625,-2.9453125,2,792,False
*,32,28,32,28,896,896,0,5.984375,-5.984375,-2.9921875,2,864,False
*,32,29,32,29,928,928,0,6.515625,-6.515625,-3.2578125,2,792,False
*,32,30,32,30,960,960,1,6.0546875,-6.0546875,-3.02734375,2,792,False
*,32,31,32,31,992,992,0,7.5078125,-7.5078125,-3.75390625,2,792,False
*,32,32,32,32,1024,1024,72,3.541015625,-3.541015625,-3.541015625,1,864,False
*,32,33,32,33,1056,1056,2,6.86328125,-6.86328125,-3.431640625,2,792,False
*,32,34,32,34,1088,1088,0,6.375,-6.375,-3.1875,2,864,False
*,32,35,32,35,1120,1120,1,6.48046875,-6.48046875,-3.240234375,2,792,False
*,32,36,32,36,1152,1152,0,6.859375,-6.859375,-3.4296875,2,864,False
*,32,37,32,37,1184,1184,0,7.37109375,-7.37109375,-3.685546875,2,792,False
*,32,38,32,38,1216,1216,1,7.0703125,-7.0703125,-3.53515625,2,792,False
*,32,39,32,39,1248,1248,0,7.1796875,-7.1796875,-3.58984375,2,792,False
*,32,40,32,40,1280,1280,0,6.2109375,-6.2109375,-3.10546875,2,864,False
*,32,41,32,41,1312,1312,1,7.2265625,-7.2265625,-3.61328125,2,792,False
*,32,42,32,42,1344,1344,0,7.19921875,-7.19921875,-3.599609375,2,864,False
*,32,43,32,43,1376,1376,1,8.0234375,-8.0234375,-4.01171875,2,864,False
*,32,44,32,44,1408,1408,0,6.51953125,-6.51953125,-3.259765625,2,864,False
*,32,45,32,45,1440,1440,0,7.3828125,-7.3828125,-3.69140625,2,864,False
*,32,46,32,46,1472,1472,1,8.0390625,-8.0390625,-4.01953125,2,864,False
*,32,47,32,47,1504,1504,0,7.4140625,-7.4140625,-3.70703125,2,864,False
*,32,48,32,48,1536,1536,5,6.8984375,-6.8984375,-3.44921875,2,864,False
*,32,49,32,49,1568,1568,1,7.3828125,-7.3828125,-3.69140625,2,792,False
*,32,50,32,50,1600,1600,1,6.28125,-6.28125,-6.28125,1,864,False
*,32,51,32,51,1632,1632,2,7.6796875,-7.6796875,-3.83984375,2,792,False
*,32,52,32,52,1664,1664,0,6.51953125,-6.51953125,-3.259765625,2,864,False
*,32,53,32,53,1696,1696,0,7.48828125,-7.48828125,-3.744140625,2,864,False
*,32,54,32,54,1728,1728,1,5.04296875,-5.04296875,-2.521484375,2,864,False
*,32,55,32,55,1760,1760,1,8.3359375,-8.3359375,-4.16796875,2,792,False
*,32,56,32,56,1792,1792,0,7.8359375,-7.8359375,-3.91796875,2,864,False
*,32,57,32,57,1824,1824,0,7.74609375,-7.74609375,-3.873046875,2,792,False
*,32,58,32,58,1856,1856,0,7.671875,-7.671875,-3.8359375,2,864,False
*,32,59,32,59,1888,1888,0,7.0625,-7.0625,-7.0625,1,864,False
*,32,60,32,60,1920,1920,3,6.1640625,-6.1640625,-6.1640625,1,864,False
*,32,61,32,61,1952,1952,0,8.5390625,-8.5390625,-8.5390625,1,864,False
*,32,62,32,62,1984,1984,0,7.765625,-7.765625,-7.765625,1,792,False
*,32,63,32,63,2016,2016,0,8.0703125,-8.0703125,-8.0703125,1,864,False
*,32,64,32,64,2048,2048,12,5.94140625,-5.94140625,-2.970703125,2,864,False
*,32,65,32,65,2080,2080,0,8.28125,-8.28125,-4.140625,2,864,False
*,32,66,32,66,2112,2112,0,7.4609375,-7.4609375,-3.73046875,2,864,False
*,32,67,32,67,2144,2144,1,8.5703125,-8.5703125,-4.28515625,2,792,False
*,32,68,32,68,2176,2176,1,7.91796875,-7.91796875,-3.958984375,2,864,False
*,32,69,32,69,2208,2208,0,8.65625,-8.65625,-4.328125,2,792,False
*,32,70,32,70,2240,2240,0,7.1484375,-7.1484375,-3.57421875,2,2304,False
*,32,71,32,71,2272,2272,1,8.28125,-8.28125,-4.140625,2,2304,False
*,32,72,32,72,2304,2304,1,6.734375,-6.734375,-3.3671875,2,864,False
*,32,73,32,73,2336,2336,0,8.375,-8.375,-4.1875,2,792,False
*,32,74,32,74,2368,2368,0,7.70703125,-7.70703125,-3.853515625,2,784,False
*,32,75,32,75,2400,2400,0,7.06640625,-7.06640625,-3.533203125,2,792,False
*,32,76,32,76,2432,2432,0,8.265625,-8.265625,-4.1328125,2,784,False
*,32,77,32,77,2464,2464,0,8.6015625,-8.6015625,-4.30078125,2,792,False
*,32,78,32,78,2496,2496,0,7.984375,-7.984375,-3.9921875,2,2304,False
*,32,79,32,79,2528,2528,0,8.1640625,-8.1640625,-4.08203125,2,2304,False
*,32,80,32,80,2560,2560,1,7.1171875,-7.1171875,-3.55859375,2,864,False
*,32,81,32,81,2592,2592,2,7.96875,-7.96875,-3.984375,2,2304,False
*,32,82,32,82,2624,2624,0,7.859375,-7.859375,-3.9296875,2,2304,False
*,32,83,32,83,2656,2656,0,8.859375,-8.859375,-4.4296875,2,864,False
*,32,84,32,84,2688,2688,1,7.9140625,-7.9140625,-3.95703125,2,864,False
*,32,85,32,85,2720,2720,0,8.6328125,-8.6328125,-4.31640625,2,2256,False
*,32,86,32,86,2752,2752,0,8.609375,-8.609375,-4.3046875,2,2240,False
*,32,87,32,87,2784,2784,0,9.109375,-9.109375,-4.5546875,2,2304,False
*,32,88,32,88,2816,2816,0,7.203125,-7.203125,-3.6015625,2,2304,False
*,32,89,32,89,2848,2848,0,8.1796875,-8.1796875,-4.08984375,2,2240,False
*,32,90,32,90,2880,2880,0,7.59375,-7.59375,-3.796875,2,2240,False
*,32,91,32,91,2912,2912,0,8.828125,-8.828125,-4.4140625,2,2256,False
*,32,92,32,92,2944,2944,0,8.1171875,-8.1171875,-4.05859375,2,792,False
*,32,93,32,93,2976,2976,1,8.75,-8.75,-4.375,2,2304,False
*,32,94,32,94,3008,3008,0,7.75390625,-7.75390625,-3.876953125,2,2304,False
*,32,95,32,95,3040,3040,0,8.1796875,-8.1796875,-4.08984375,2,2256,False
*,32,96,32,96,3072,3072,0,7.5234375,-7.5234375,-3.76171875,2,864,False
*,32,97,32,97,3104,3104,0,8.234375,-8.234375,-4.1171875,2,2256,False
*,32,98,32,98,3136,3136,0,7.74609375,-7.74609375,-3.873046875,2,2254,False
*,32,99,32,99,3168,3168,0,8.515625,-8.515625,-4.2578125,2,3456,False
*,33,10,33,10,330,330,1,6.7578125,-6.7578125,-6.7578125,1,792,False
*,33,11,33,11,363,363,2,7.71875,-7.71875,-7.71875,1,711,False
*,33,12,33,12,396,396,2,6.48046875,-6.48046875,-6.48046875,1,792,False
*,33,13,33,13,429,429,0,7.671875,-7.671875,-7.671875,1,792,False
*,33,14,33,14,462,462,0,6.859375,-6.859375,-6.859375,1,792,False
*,33,15,33,15,495,495,0,6.51171875,-6.51171875,-6.51171875,1,795,False
*,33,16,33,16,528,528,2,6.4765625,-6.4765625,-6.4765625,1,784,False
*,33,17,33,17,561,561,0,7.21875,-7.21875,-7.21875,1,792,False
*,33,18,33,18,594,594,0,6.9375,-6.9375,-6.9375,1,792,False
*,33,19,33,19,627,627,0,8.0625,-8.0625,-4.03125,2,795,False
*,33,20,33,20,660,660,2,6.73046875,-6.73046875,-6.73046875,1,784,False
*,33,21,33,21,693,693,0,7.17578125,-7.17578125,-3.587890625,2,711,False
*,33,22,33,22,726,726,0,7.5078125,-7.5078125,-3.75390625,2,792,False
*,33,23,33,23,759,759,0,7.23046875,-7.23046875,-3.615234375,2,711,False
*,33,24,33,24,792,792,0,6.5859375,-6.5859375,-3.29296875,2,784,False
*,33,25,33,25,825,825,0,7.1171875,-7.1171875,-3.55859375,2,795,False
*,33,26,33,26,858,858,0,7.55078125,-7.55078125,-3.775390625,2,792,False
*,33,27,33,27,891,891,0,8.0859375,-8.0859375,-4.04296875,2,792,False
*,33,28,33,28,924,924,0,6.51953125,-6.51953125,-6.51953125,1,784,False
*,33,29,33,29,957,957,0,7.5234375,-7.5234375,-3.76171875,2,792,False
*,33,30,33,30,990,990,0,7.3984375,-7.3984375,-3.69921875,2,928,False
*,33,31,33,31,1023,1023,0,7.4921875,-7.4921875,-3.74609375,2,711,False
*,33,32,33,32,1056,1056,2,6.65625,-6.65625,-3.328125,2,784,False
*,33,33,33,33,1089,1089,3,7.90625,-7.90625,-3.953125,2,733,False
*,33,34,33,34,1122,1122,0,7.96875,-7.96875,-3.984375,2,784,False
*,33,35,33,35,1155,1155,0,7.953125,-7.953125,-3.9765625,2,795,False
*,33,36,33,36,1188,1188,0,7.1484375,-7.1484375,-3.57421875,2,792,False
*,33,37,33,37,1221,1221,1,8.265625,-8.265625,-4.1328125,2,795,False
*,33,38,33,38,1254,1254,0,7.4921875,-7.4921875,-3.74609375,2,792,False
*,33,39,33,39,1287,1287,0,8.1328125,-8.1328125,-4.06640625,2,966,False
*,33,40,33,40,1320,1320,1,7.5078125,-7.5078125,-3.75390625,2,784,False
*,33,41,33,41,1353,1353,0,8.203125,-8.203125,-4.1015625,2,792,False
*,33,42,33,42,1386,1386,0,7.82421875,-7.82421875,-3.912109375,2,984,False
*,33,43,33,43,1419,1419,0,8.0546875,-8.0546875,-4.02734375,2,795,False
*,33,44,33,44,1452,1452,0,7.30859375,-7.30859375,-3.654296875,2,784,False
*,33,45,33,45,1485,1485,0,8.3046875,-8.3046875,-4.15234375,2,795,False
*,33,46,33,46,1518,1518,0,7.9921875,-7.9921875,-3.99609375,2,792,False
*,33,47,33,47,1551,1551,0,8.3828125,-8.3828125,-4.19140625,2,795,False
*,33,48,33,48,1584,1584,0,7.484375,-7.484375,-3.7421875,2,864,False
*,33,49,33,49,1617,1617,0,8.328125,-8.328125,-4.1640625,2,795,False
*,33,50,33,50,1650,1650,1,7.81640625,-7.81640625,-3.908203125,2,792,False
*,33,51,33,51,1683,1683,0,8.421875,-8.421875,-4.2109375,2,975,False
*,33,52,33,52,1716,1716,0,7.8046875,-7.8046875,-3.90234375,2,792,False
*,33,53,33,53,1749,1749,0,8.0859375,-8.0859375,-4.04296875,2,795,False
*,33,54,33,54,1782,1782,0,8.453125,-8.453125,-4.2265625,2,792,False
*,33,55,33,55,1815,1815,0,7.7421875,-7.7421875,-3.87109375,2,795,False
*,33,56,33,56,1848,1848,0,6.69140625,-6.69140625,-6.69140625,1,864,False
*,33,57,33,57,1881,1881,0,8.125,-8.125,-8.125,1,795,False
*,33,58,33,58,1914,1914,0,7.6015625,-7.6015625,-7.6015625,1,1728,False
*,33,59,33,59,1947,1947,0,7.89453125,-7.89453125,-7.89453125,1,795,False
*,33,60,33,60,1980,1980,1,7.4765625,-7.4765625,-7.4765625,1,864,False
*,33,61,33,61,2013,2013,0,9.6171875,-9.6171875,-9.6171875,1,784,False
*,33,62,33,62,2046,2046,0,8.3046875,-8.3046875,-4.15234375,2,792,False
*,33,63,33,63,2079,2079,0,9.0703125,-9.0703125,-4.53515625,2,784,False
*,33,64,33,64,2112,2112,0,7.234375,-7.234375,-3.6171875,2,1728,False
*,33,65,33,65,2145,2145,0,8.6953125,-8.6953125,-4.34765625,2,1728,False
*,33,66,33,66,2178,2178,0,9.09375,-9.09375,-4.546875,2,2240,False
*,33,67,33,67,2211,2211,0,8.7421875,-8.7421875,-4.37109375,2,2240,False
*,33,68,33,68,2244,2244,0,8.21875,-8.21875,-4.109375,2,2384,False
*,33,69,33,69,2277,2277,0,8.5625,-8.5625,-4.28125,2,2304,False
*,33,70,33,70,2310,2310,0,8.8203125,-8.8203125,-4.41015625,2,2384,False
*,33,71,33,71,2343,2343,0,8.3515625,-8.3515625,-4.17578125,2,2384,False
*,33,72,33,72,2376,2376,0,8.3125,-8.3125,-4.15625,2,792,False
*,33,73,33,73,2409,2409,0,8.65625,-8.65625,-4.328125,2,2384,False
*,33,74,33,74,2442,2442,1,8.2890625,-8.2890625,-4.14453125,2,2304,False
*,33,75,33,75,2475,2475,0,8.890625,-8.890625,-4.4453125,2,775,False
*,33,76,33,76,2508,2508,0,7.859375,-7.859375,-3.9296875,2,784,False
*,33,77,33,77,2541,2541,0,9.046875,-9.046875,-4.5234375,2,2384,False
*,33,78,33,78,2574,2574,0,8.8671875,-8.8671875,-4.43359375,2,2384,False
*,33,79,33,79,2607,2607,0,8.765625,-8.765625,-4.3828125,2,2384,False
*,33,80,33,80,2640,2640,0,7.609375,-7.609375,-3.8046875,2,2304,False
*,33,81,33,81,2673,2673,0,9.1953125,-9.1953125,-4.59765625,2,2304,False
*,33,82,33,82,2706,2706,0,8.8125,-8.8125,-4.40625,2,2384,False
*,33,83,33,83,2739,2739,0,9.46875,-9.46875,-4.734375,2,2384,False
*,33,84,33,84,2772,2772,0,9.1875,-9.1875,-4.59375,2,2304,False
*,33,85,33,85,2805,2805,0,9.03125,-9.03125,-4.515625,2,2384,False
*,33,86,33,86,2838,2838,0,8.9921875,-8.9921875,-4.49609375,2,2256,False
*,33,87,33,87,2871,2871,0,9.1484375,-9.1484375,-4.57421875,2,2384,False
*,33,88,33,88,2904,2904,0,8.328125,-8.328125,-4.1640625,2,2384,False
*,33,89,33,89,2937,2937,0,9.1015625,-9.1015625,-4.55078125,2,2384,False
*,33,90,33,90,2970,2970,0,8.953125,-8.953125,-4.4765625,2,2240,False
*,33,91,33,91,3003,3003,0,9.25,-9.25,-4.625,2,2256,False
*,33,92,33,92,3036,3036,0,8.40625,-8.40625,-4.203125,2,2384,False
*,33,93,33,93,3069,3069,0,9.15625,-9.15625,-4.578125,2,2384,False
*,33,94,33,94,3102,3102,0,8.90625,-8.90625,-4.453125,2,2384,False
*,33,95,33,95,3135,3135,0,8.875,-8.875,-4.4375,2,2384,False
*,33,96,33,96,3168,3168,0,8.265625,-8.265625,-4.1328125,2,2240,False
*,33,97,33,97,3201,3201,0,9.4609375,-9.4609375,-4.73046875,2,2256,False
*,33,98,33,98,3234,3234,0,8.40625,-8.40625,-4.203125,2,3456,False
*,33,99,33,99,3267,3267,0,9.078125,-9.078125,-4.5390625,2,3456,False
*,34,10,34,10,340,340,2,6.734375,-6.734375,-6.734375,1,792,False
*,34,11,34,11,374,374,1,7.125,-7.125,-7.125,1,792,False
*,34,12,34,12,408,408,0,6.453125,-6.453125,-6.453125,1,792,False
*,34,13,34,13,442,442,0,7.0234375,-7.0234375,-7.0234375,1,792,False
*,34,14,34,14,476,476,0,6.58203125,-6.58203125,-6.58203125,1,784,False
*,34,15,34,15,510,510,0,7.0234375,-7.0234375,-7.0234375,1,792,False
*,34,16,34,16,544,544,3,6.32421875,-6.32421875,-6.32421875,1,784,False
*,34,17,34,17,578,578,0,7.10546875,-7.10546875,-3.552734375,2,792,False
*,34,18,34,18,612,612,0,7.44140625,-7.44140625,-7.44140625,1,792,False
*,34,19,34,19,646,646,1,7.5546875,-7.5546875,-3.77734375,2,792,False
*,34,20,34,20,680,680,0,6.625,-6.625,-6.625,1,784,False
*,34,21,34,21,714,714,1,7.203125,-7.203125,-3.6015625,2,792,False
*,34,22,34,22,748,748,0,6.8515625,-6.8515625,-3.42578125,2,792,False
*,34,23,34,23,782,782,0,7.5859375,-7.5859375,-3.79296875,2,784,False
*,34,24,34,24,816,816,0,6.859375,-6.859375,-3.4296875,2,784,False
*,34,25,34,25,850,850,0,7.0546875,-7.0546875,-7.0546875,1,792,False
*,34,26,34,26,884,884,0,7.2578125,-7.2578125,-3.62890625,2,792,False
*,34,27,34,27,918,918,0,7.66015625,-7.66015625,-3.830078125,2,792,False
*,34,28,34,28,952,952,0,6.828125,-6.828125,-3.4140625,2,784,False
*,34,29,34,29,986,986,3,7.53125,-7.53125,-3.765625,2,792,False
*,34,30,34,30,1020,1020,0,7.23828125,-7.23828125,-3.619140625,2,792,False
*,34,31,34,31,1054,1054,0,7.8671875,-7.8671875,-3.93359375,2,784,False
*,34,32,34,32,1088,1088,2,6.3984375,-6.3984375,-3.19921875,2,784,False
*,34,33,34,33,1122,1122,0,7.97265625,-7.97265625,-3.986328125,2,792,False
*,34,34,34,34,1156,1156,4,7.80859375,-7.80859375,-3.904296875,2,784,False
*,34,35,34,35,1190,1190,1,8.0625,-8.0625,-4.03125,2,792,False
*,34,36,34,36,1224,1224,1,7.359375,-7.359375,-3.6796875,2,784,False
*,34,37,34,37,1258,1258,0,7.8203125,-7.8203125,-3.91015625,2,792,False
*,34,38,34,38,1292,1292,0,7.265625,-7.265625,-3.6328125,2,792,False
*,34,39,34,39,1326,1326,0,7.96484375,-7.96484375,-3.982421875,2,792,False
*,34,40,34,40,1360,1360,0,8.15625,-8.15625,-4.078125,2,784,False
*,34,41,34,41,1394,1394,0,7.81640625,-7.81640625,-3.908203125,2,792,False
*,34,42,34,42,1428,1428,0,7.3671875,-7.3671875,-3.68359375,2,784,False
*,34,43,34,43,1462,1462,0,8.1875,-8.1875,-4.09375,2,784,False
*,34,44,34,44,1496,1496,0,7.078125,-7.078125,-3.5390625,2,784,False
*,34,45,34,45,1530,1530,0,8.203125,-8.203125,-4.1015625,2,792,False
*,34,46,34,46,1564,1564,0,7.6171875,-7.6171875,-3.80859375,2,792,False
*,34,47,34,47,1598,1598,0,7.83203125,-7.83203125,-3.916015625,2,784,False
*,34,48,34,48,1632,1632,0,7.4375,-7.4375,-3.71875,2,784,False
*,34,49,34,49,1666,1666,0,8.1328125,-8.1328125,-4.06640625,2,2384,False
*,34,50,34,50,1700,1700,1,7.109375,-7.109375,-3.5546875,2,792,False
*,34,51,34,51,1734,1734,0,8.375,-8.375,-4.1875,2,792,False
*,34,52,34,52,1768,1768,0,6.33984375,-6.33984375,-3.169921875,2,792,False
*,34,53,34,53,1802,1802,0,8.125,-8.125,-4.0625,2,792,False
*,34,54,34,54,1836,1836,0,8.140625,-8.140625,-4.0703125,2,784,False
*,34,55,34,55,1870,1870,0,7.76953125,-7.76953125,-7.76953125,1,792,False
*,34,56,34,56,1904,1904,1,7.2421875,-7.2421875,-7.2421875,1,864,False
*,34,57,34,57,1938,1938,0,7.82421875,-7.82421875,-7.82421875,1,792,False
*,34,58,34,58,1972,1972,0,7.7734375,-7.7734375,-7.7734375,1,2240,False
*,34,59,34,59,2006,2006,0,8.5078125,-8.5078125,-8.5078125,1,2240,False
*,34,60,34,60,2040,2040,0,7.71875,-7.71875,-3.859375,2,2240,False
*,34,61,34,61,2074,2074,0,8.78125,-8.78125,-4.390625,2,784,False
*,34,62,34,62,2108,2108,0,8.875,-8.875,-4.4375,2,2384,False
*,34,63,34,63,2142,2142,0,8.390625,-8.390625,-4.1953125,2,1728,False
*,34,64,34,64,2176,2176,0,8.1171875,-8.1171875,-4.05859375,2,1728,False
*,34,65,34,65,2210,2210,0,9.0,-9.0,-4.5,2,2384,False
*,34,66,34,66,2244,2244,0,8.0,-8.0,-4.0,2,2240,False
*,34,67,34,67,2278,2278,0,8.5625,-8.5625,-4.28125,2,2240,False
*,34,68,34,68,2312,2312,0,8.46875,-8.46875,-4.234375,2,2240,False
*,34,69,34,69,2346,2346,0,8.1171875,-8.1171875,-4.05859375,2,2240,False
*,34,70,34,70,2380,2380,0,8.1328125,-8.1328125,-4.06640625,2,2240,False
*,34,71,34,71,2414,2414,0,8.734375,-8.734375,-4.3671875,2,2384,False
*,34,72,34,72,2448,2448,0,7.828125,-7.828125,-3.9140625,2,784,False
*,34,73,34,73,2482,2482,0,8.96875,-8.96875,-4.484375,2,2304,False
*,34,74,34,74,2516,2516,0,8.109375,-8.109375,-4.0546875,2,2304,False
*,34,75,34,75,2550,2550,0,8.8671875,-8.8671875,-4.43359375,2,2304,False
*,34,76,34,76,2584,2584,0,7.828125,-7.828125,-3.9140625,2,2304,False
*,34,77,34,77,2618,2618,0,8.984375,-8.984375,-4.4921875,2,2384,False
*,34,78,34,78,2652,2652,1,8.0859375,-8.0859375,-4.04296875,2,2240,False
*,34,79,34,79,2686,2686,0,8.1015625,-8.1015625,-4.05078125,2,2304,False
*,34,80,34,80,2720,2720,0,8.375,-8.375,-4.1875,2,2304,False
*,34,81,34,81,2754,2754,0,8.734375,-8.734375,-4.3671875,2,2304,False
*,34,82,34,82,2788,2788,0,9.1484375,-9.1484375,-4.57421875,2,2384,False
*,34,83,34,83,2822,2822,1,8.890625,-8.890625,-4.4453125,2,2384,False
*,34,84,34,84,2856,2856,0,8.3828125,-8.3828125,-4.19140625,2,2304,False
*,34,85,34,85,2890,2890,0,8.7734375,-8.7734375,-4.38671875,2,2384,False
*,34,86,34,86,2924,2924,0,8.3046875,-8.3046875,-4.15234375,2,2384,False
*,34,87,34,87,2958,2958,0,8.5859375,-8.5859375,-4.29296875,2,2384,False
*,34,88,34,88,2992,2992,0,7.9609375,-7.9609375,-3.98046875,2,2240,False
*,34,89,34,89,3026,3026,1,8.65625,-8.65625,-4.328125,2,2240,False
*,34,90,34,90,3060,3060,0,8.1171875,-8.1171875,-4.05859375,2,2240,False
*,34,91,34,91,3094,3094,0,9.0,-9.0,-4.5,2,2240,False
*,34,92,34,92,3128,3128,0,8.609375,-8.609375,-4.3046875,2,2384,False
*,34,93,34,93,3162,3162,0,8.890625,-8.890625,-4.4453125,2,2384,False
*,34,94,34,94,3196,3196,0,8.15625,-8.15625,-4.078125,2,2384,False
*,34,95,34,95,3230,3230,0,9.265625,-9.265625,-4.6328125,2,2384,False
*,34,96,34,96,3264,3264,0,7.5859375,-7.5859375,-3.79296875,2,2240,False
*,34,97,34,97,3298,3298,0,9.140625,-9.140625,-4.5703125,2,2256,False
*,34,98,34,98,3332,3332,0,8.2109375,-8.2109375,-4.10546875,2,2254,False
*,34,99,34,99,3366,3366,0,8.640625,-8.640625,-4.3203125,2,3456,False
*,35,10,35,10,350,350,3,5.99609375,-5.99609375,-5.99609375,1,792,False
*,35,11,35,11,385,385,1,6.53515625,-6.53515625,-6.53515625,1,792,False
*,35,12,35,12,420,420,2,6.5859375,-6.5859375,-6.5859375,1,792,False
*,35,13,35,13,455,455,1,6.78125,-6.78125,-6.78125,1,792,False
*,35,14,35,14,490,490,1,7.15234375,-7.15234375,-7.15234375,1,792,False
*,35,15,35,15,525,525,2,6.74609375,-6.74609375,-6.74609375,1,795,False
*,35,16,35,16,560,560,0,7.1171875,-7.1171875,-7.1171875,1,784,False
*,35,17,35,17,595,595,1,7.3984375,-7.3984375,-7.3984375,1,7,False
*,35,18,35,18,630,630,2,7.23046875,-7.23046875,-7.23046875,1,792,False
*,35,19,35,19,665,665,0,7.5859375,-7.5859375,-3.79296875,2,795,False
*,35,20,35,20,700,700,2,6.41796875,-6.41796875,-6.41796875,1,792,False
*,35,21,35,21,735,735,0,7.0390625,-7.0390625,-3.51953125,2,795,False
*,35,22,35,22,770,770,0,7.1484375,-7.1484375,-3.57421875,2,792,False
*,35,23,35,23,805,805,0,7.37109375,-7.37109375,-3.685546875,2,795,False
*,35,24,35,24,840,840,1,7.0078125,-7.0078125,-3.50390625,2,784,False
*,35,25,35,25,875,875,0,7.4453125,-7.4453125,-3.72265625,2,795,False
*,35,26,35,26,910,910,1,7.640625,-7.640625,-3.8203125,2,792,False
*,35,27,35,27,945,945,0,7.32421875,-7.32421875,-3.662109375,2,795,False
*,35,28,35,28,980,980,2,7.46875,-7.46875,-3.734375,2,784,False
*,35,29,35,29,1015,1015,1,7.3359375,-7.3359375,-3.66796875,2,795,False
*,35,30,35,30,1050,1050,3,6.875,-6.875,-3.4375,2,792,False
*,35,31,35,31,1085,1085,0,8.140625,-8.140625,-4.0703125,2,795,False
*,35,32,35,32,1120,1120,0,6.57421875,-6.57421875,-3.287109375,2,792,False
*,35,33,35,33,1155,1155,0,8.03125,-8.03125,-4.015625,2,795,False
*,35,34,35,34,1190,1190,1,7.93359375,-7.93359375,-3.966796875,2,792,False
*,35,35,35,35,1225,1225,7,7.625,-7.625,-3.8125,2,735,False
*,35,36,35,36,1260,1260,0,8.0,-8.0,-4.0,2,792,False
*,35,37,35,37,1295,1295,0,8.125,-8.125,-4.0625,2,795,False
*,35,38,35,38,1330,1330,0,8.28125,-8.28125,-4.140625,2,792,False
*,35,39,35,39,1365,1365,0,8.03125,-8.03125,-4.015625,2,795,False
*,35,40,35,40,1400,1400,0,6.80078125,-6.80078125,-6.80078125,1,792,False
*,35,41,35,41,1435,1435,1,8.3203125,-8.3203125,-4.16015625,2,795,False
*,35,42,35,42,1470,1470,0,8.0625,-8.0625,-4.03125,2,792,False
*,35,43,35,43,1505,1505,0,8.21875,-8.21875,-4.109375,2,795,False
*,35,44,35,44,1540,1540,0,7.71875,-7.71875,-3.859375,2,784,False
*,35,45,35,45,1575,1575,0,7.76171875,-7.76171875,-3.880859375,2,795,False
*,35,46,35,46,1610,1610,1,8.125,-8.125,-4.0625,2,795,False
*,35,47,35,47,1645,1645,0,8.046875,-8.046875,-4.0234375,2,795,False
*,35,48,35,48,1680,1680,2,7.33984375,-7.33984375,-3.669921875,2,792,False
*,35,49,35,49,1715,1715,0,8.3125,-8.3125,-4.15625,2,795,False
*,35,50,35,50,1750,1750,0,7.484375,-7.484375,-3.7421875,2,795,False
*,35,51,35,51,1785,1785,0,8.421875,-8.421875,-4.2109375,2,795,False
*,35,52,35,52,1820,1820,0,9.234375,-9.234375,-4.6171875,2,792,False
*,35,53,35,53,1855,1855,0,7.8828125,-7.8828125,-3.94140625,2,795,False
*,35,54,35,54,1890,1890,0,7.7734375,-7.7734375,-7.7734375,1,792,False
*,35,55,35,55,1925,1925,0,7.5859375,-7.5859375,-7.5859375,1,795,False
*,35,56,35,56,1960,1960,0,7.33203125,-7.33203125,-7.33203125,1,792,False
*,35,57,35,57,1995,1995,0,7.91796875,-7.91796875,-7.91796875,1,795,False
*,35,58,35,58,2030,2030,0,7.8203125,-7.8203125,-7.8203125,1,2384,False
*,35,59,35,59,2065,2065,0,8.3046875,-8.3046875,-4.15234375,2,2256,False
*,35,60,35,60,2100,2100,2,8.6328125,-8.6328125,-4.31640625,2,2256,False
*,35,61,35,61,2135,2135,0,9.15625,-9.15625,-4.578125,2,795,False
*,35,62,35,62,2170,2170,1,8.90625,-8.90625,-4.453125,2,2256,False
*,35,63,35,63,2205,2205,0,8.6484375,-8.6484375,-4.32421875,2,795,False
*,35,64,35,64,2240,2240,0,7.96484375,-7.96484375,-3.982421875,2,1728,False
*,35,65,35,65,2275,2275,0,8.4375,-8.4375,-4.21875,2,2256,False
*,35,66,35,66,2310,2310,0,8.953125,-8.953125,-4.4765625,2,2384,False
*,35,67,35,67,2345,2345,0,8.296875,-8.296875,-4.1484375,2,2375,False
*,35,68,35,68,2380,2380,0,8.1875,-8.1875,-4.09375,2,2384,False
*,35,69,35,69,2415,2415,0,8.6875,-8.6875,-4.34375,2,3456,False
*,35,70,35,70,2450,2450,0,8.9375,-8.9375,-4.46875,2,2384,False
*,35,71,35,71,2485,2485,0,9.421875,-9.421875,-4.7109375,2,2384,False
*,35,72,35,72,2520,2520,0,8.390625,-8.390625,-4.1953125,2,792,False
*,35,73,35,73,2555,2555,0,8.625,-8.625,-4.3125,2,795,False
*,35,74,35,74,2590,2590,0,9.0,-9.0,-4.5,2,2304,False
*,35,75,35,75,2625,2625,0,7.9375,-7.9375,-3.96875,2,775,False
*,35,76,35,76,2660,2660,0,8.640625,-8.640625,-4.3203125,2,792,False
*,35,77,35,77,2695,2695,0,8.3203125,-8.3203125,-4.16015625,2,2384,False
*,35,78,35,78,2730,2730,0,8.921875,-8.921875,-4.4609375,2,2384,False
*,35,79,35,79,2765,2765,0,9.453125,-9.453125,-4.7265625,2,2384,False
*,35,80,35,80,2800,2800,0,7.4453125,-7.4453125,-3.72265625,2,2240,False
*,35,81,35,81,2835,2835,0,9.015625,-9.015625,-4.5078125,2,2256,False
*,35,82,35,82,2870,2870,0,9.09375,-9.09375,-4.546875,2,2384,False
*,35,83,35,83,2905,2905,0,9.1015625,-9.1015625,-4.55078125,2,2384,False
*,35,84,35,84,2940,2940,0,8.59375,-8.59375,-4.296875,2,2384,False
*,35,85,35,85,2975,2975,0,8.953125,-8.953125,-4.4765625,2,2375,False
*,35,86,35,86,3010,3010,0,8.96875,-8.96875,-4.484375,2,2384,False
*,35,87,35,87,3045,3045,0,9.125,-9.125,-4.5625,2,2384,False
*,35,88,35,88,3080,3080,0,8.5234375,-8.5234375,-4.26171875,2,2384,False
*,35,89,35,89,3115,3115,0,9.125,-9.125,-4.5625,2,3456,False
*,35,90,35,90,3150,3150,0,9.0546875,-9.0546875,-4.52734375,2,3456,False
*,35,91,35,91,3185,3185,0,9.6328125,-9.6328125,-4.81640625,2,2256,False
*,35,92,35,92,3220,3220,0,8.765625,-8.765625,-4.3828125,2,2384,False
*,35,93,35,93,3255,3255,0,9.0234375,-9.0234375,-4.51171875,2,2375,False
*,35,94,35,94,3290,3290,0,9.25,-9.25,-4.625,2,2384,False
*,35,95,35,95,3325,3325,0,8.578125,-8.578125,-4.2890625,2,2375,False
*,35,96,35,96,3360,3360,0,8.8359375,-8.8359375,-4.41796875,2,2384,False
*,35,97,35,97,3395,3395,0,9.015625,-9.015625,-4.5078125,2,2256,False
*,35,98,35,98,3430,3430,0,9.1875,-9.1875,-4.59375,2,2254,False
*,35,99,35,99,3465,3465,0,8.734375,-8.734375,-4.3671875,2,3456,False
*,36,10,36,10,360,360,2,5.51171875,-5.51171875,-5.51171875,1,792,False
*,36,11,36,11,396,396,0,6.56640625,-6.56640625,-6.56640625,1,792,False
*,36,12,36,12,432,432,5,5.47265625,-5.47265625,-5.47265625,1,792,False
*,36,13,36,13,468,468,1,6.7421875,-6.7421875,-6.7421875,1,792,False
*,36,14,36,14,504,504,0,6.640625,-6.640625,-6.640625,1,784,False
*,36,15,36,15,540,540,1,6.48828125,-6.48828125,-6.48828125,1,792,False
*,36,16,36,16,576,576,0,5.46484375,-5.46484375,-5.46484375,1,864,False
*,36,17,36,17,612,612,1,7.48046875,-7.48046875,-7.48046875,1,792,False
*,36,18,36,18,648,648,1,6.23828125,-6.23828125,-3.119140625,2,792,False
*,36,19,36,19,684,684,0,7.09375,-7.09375,-3.546875,2,792,False
*,36,20,36,20,720,720,3,5.53125,-5.53125,-5.53125,1,784,False
*,36,21,36,21,756,756,0,6.99609375,-6.99609375,-3.498046875,2,792,False
*,36,22,36,22,792,792,1,6.0,-6.0,-3.0,2,792,True
*,36,23,36,23,828,828,0,6.8046875,-6.8046875,-3.40234375,2,936,False
*,36,24,36,24,864,864,4,5.4765625,-5.4765625,-2.73828125,2,864,True
*,36,25,36,25,900,900,0,6.76171875,-6.76171875,-6.76171875,1,792,False
*,36,26,36,26,936,936,0,6.5546875,-6.5546875,-3.27734375,2,792,False
*,36,27,36,27,972,972,0,7.265625,-7.265625,-3.6328125,2,792,False
*,36,28,36,28,1008,1008,0,6.6171875,-6.6171875,-3.30859375,2,864,False
*,36,29,36,29,1044,1044,0,7.46875,-7.46875,-3.734375,2,864,False
*,36,30,36,30,1080,1080,0,5.85546875,-5.85546875,-5.85546875,1,960,False
*,36,31,36,31,1116,1116,0,7.875,-7.875,-3.9375,2,792,False
*,36,32,36,32,1152,1152,0,6.6953125,-6.6953125,-3.34765625,2,864,False
*,36,33,36,33,1188,1188,0,7.33203125,-7.33203125,-3.666015625,2,792,False
*,36,34,36,34,1224,1224,0,7.203125,-7.203125,-3.6015625,2,784,False
*,36,35,36,35,1260,1260,1,7.81640625,-7.81640625,-3.908203125,2,792,False
*,36,36,36,36,1296,1296,13,6.3828125,-6.3828125,-3.19140625,2,936,False
*,36,37,36,37,1332,1332,1,8.375,-8.375,-4.1875,2,792,False
*,36,38,36,38,1368,1368,0,7.0703125,-7.0703125,-3.53515625,2,792,False
*,36,39,36,39,1404,1404,0,7.34765625,-7.34765625,-3.673828125,2,792,False
*,36,40,36,40,1440,1440,0,6.734375,-6.734375,-3.3671875,2,864,False
*,36,41,36,41,1476,1476,0,8.09375,-8.09375,-4.046875,2,792,False
*,36,42,36,42,1512,1512,1,7.171875,-7.171875,-3.5859375,2,864,False
*,36,43,36,43,1548,1548,0,7.71875,-7.71875,-3.859375,2,864,False
*,36,44,36,44,1584,1584,0,7.1171875,-7.1171875,-3.55859375,2,864,False
*,36,45,36,45,1620,1620,0,8.0234375,-8.0234375,-4.01171875,2,792,False
*,36,46,36,46,1656,1656,0,7.24609375,-7.24609375,-3.623046875,2,792,False
*,36,47,36,47,1692,1692,0,7.546875,-7.546875,-3.7734375,2,792,False
*,36,48,36,48,1728,1728,1,5.28125,-5.28125,-2.640625,2,864,False
*,36,49,36,49,1764,1764,0,7.3828125,-7.3828125,-3.69140625,2,792,False
*,36,50,36,50,1800,1800,0,6.68359375,-6.68359375,-6.68359375,1,792,False
*,36,51,36,51,1836,1836,0,8.140625,-8.140625,-4.0703125,2,792,False
*,36,52,36,52,1872,1872,0,7.5390625,-7.5390625,-3.76953125,2,864,False
*,36,53,36,53,1908,1908,0,7.7109375,-7.7109375,-7.7109375,1,864,False
*,36,54,36,54,1944,1944,1,6.98046875,-6.98046875,-6.98046875,1,864,False
*,36,55,36,55,1980,1980,0,7.47265625,-7.47265625,-7.47265625,1,864,False
*,36,56,36,56,2016,2016,0,7.7265625,-7.7265625,-7.7265625,1,864,False
*,36,57,36,57,2052,2052,0,8.4375,-8.4375,-4.21875,2,792,False
*,36,58,36,58,2088,2088,0,7.7421875,-7.7421875,-3.87109375,2,2304,False
*,36,59,36,59,2124,2124,0,8.21875,-8.21875,-4.109375,2,2240,False
*,36,60,36,60,2160,2160,2,7.890625,-7.890625,-3.9453125,2,864,False
*,36,61,36,61,2196,2196,0,8.8125,-8.8125,-4.40625,2,864,False
*,36,62,36,62,2232,2232,0,8.5703125,-8.5703125,-4.28515625,2,2304,False
*,36,63,36,63,2268,2268,0,8.3828125,-8.3828125,-4.19140625,2,864,False
*,36,64,36,64,2304,2304,0,7.09375,-7.09375,-3.546875,2,864,False
*,36,65,36,65,2340,2340,0,8.703125,-8.703125,-4.3515625,2,864,False
*,36,66,36,66,2376,2376,0,8.0546875,-8.0546875,-4.02734375,2,2304,False
*,36,67,36,67,2412,2412,0,8.6171875,-8.6171875,-4.30859375,2,2304,False
*,36,68,36,68,2448,2448,0,7.84375,-7.84375,-3.921875,2,2304,False
*,36,69,36,69,2484,2484,0,8.25,-8.25,-4.125,2,3456,False
*,36,70,36,70,2520,2520,0,8.171875,-8.171875,-4.0859375,2,2304,False
*,36,71,36,71,2556,2556,0,8.109375,-8.109375,-4.0546875,2,2304,False
*,36,72,36,72,2592,2592,1,7.578125,-7.578125,-3.7890625,2,784,False
*,36,73,36,73,2628,2628,0,8.3359375,-8.3359375,-4.16796875,2,2304,False
*,36,74,36,74,2664,2664,0,8.453125,-8.453125,-4.2265625,2,2304,False
*,36,75,36,75,2700,2700,0,8.109375,-8.109375,-4.0546875,2,792,False
*,36,76,36,76,2736,2736,0,7.9765625,-7.9765625,-3.98828125,2,784,False
*,36,77,36,77,2772,2772,0,8.9453125,-8.9453125,-4.47265625,2,2304,False
*,36,78,36,78,2808,2808,0,8.1796875,-8.1796875,-4.08984375,2,2304,False
*,36,79,36,79,2844,2844,0,8.515625,-8.515625,-4.2578125,2,2304,False
*,36,80,36,80,2880,2880,0,7.26171875,-7.26171875,-3.630859375,2,2304,False
*,36,81,36,81,2916,2916,0,8.640625,-8.640625,-4.3203125,2,3456,False
*,36,82,36,82,2952,2952,0,8.59375,-8.59375,-4.296875,2,2304,False
*,36,83,36,83,2988,2988,0,9.1875,-9.1875,-4.59375,2,2304,False
*,36,84,36,84,3024,3024,1,7.6484375,-7.6484375,-3.82421875,2,2304,False
*,36,85,36,85,3060,3060,0,8.6640625,-8.6640625,-4.33203125,2,3456,False
*,36,86,36,86,3096,3096,0,8.3515625,-8.3515625,-4.17578125,2,2304,False
*,36,87,36,87,3132,3132,0,8.4375,-8.4375,-4.21875,2,2304,False
*,36,88,36,88,3168,3168,0,7.875,-7.875,-3.9375,2,2304,False
*,36,89,36,89,3204,3204,0,8.375,-8.375,-4.1875,2,3456,False
*,36,90,36,90,3240,3240,0,8.203125,-8.203125,-4.1015625,2,3456,False
*,36,91,36,91,3276,3276,0,9.0,-9.0,-4.5,2,2304,False
*,36,92,36,92,3312,3312,0,8.0546875,-8.0546875,-4.02734375,2,2304,False
*,36,93,36,93,3348,3348,0,8.421875,-8.421875,-4.2109375,2,3456,False
*,36,94,36,94,3384,3384,0,7.9140625,-7.9140625,-3.95703125,2,3456,False
*,36,95,36,95,3420,3420,0,8.890625,-8.890625,-4.4453125,2,3456,False
*,36,96,36,96,3456,3456,0,6.875,-6.875,-3.4375,2,3456,True
*,36,97,36,97,3492,3492,0,8.578125,-8.578125,-4.2890625,2,3456,False
*,36,98,36,98,3528,3528,0,7.9609375,-7.9609375,-3.98046875,2,3456,False
*,36,99,36,99,3564,3564,0,8.59375,-8.59375,-4.296875,2,3456,False
*,37,10,37,10,370,370,1,6.66796875,-6.66796875,-6.66796875,1,7,False
*,37,11,37,11,407,407,0,7.3359375,-7.3359375,-7.3359375,1,7,False
*,37,12,37,12,444,444,2,7.30078125,-7.30078125,-7.30078125,1,792,False
*,37,13,37,13,481,481,0,7.18359375,-7.18359375,-7.18359375,1,792,False
*,37,14,37,14,518,518,0,7.17578125,-7.17578125,-7.17578125,1,792,False
*,37,15,37,15,555,555,1,7.04296875,-7.04296875,-7.04296875,1,7,False
*,37,16,37,16,592,592,2,6.6640625,-6.6640625,-3.33203125,2,792,False
*,37,17,37,17,629,629,0,7.6640625,-7.6640625,-3.83203125,2,7,False
*,37,18,37,18,666,666,1,7.65234375,-7.65234375,-7.65234375,1,792,False
*,37,19,37,19,703,703,0,7.6875,-7.6875,-3.84375,2,795,False
*,37,20,37,20,740,740,0,6.984375,-6.984375,-3.4921875,2,792,False
*,37,21,37,21,777,777,1,7.19921875,-7.19921875,-7.19921875,1,792,False
*,37,22,37,22,814,814,1,7.83984375,-7.83984375,-3.919921875,2,792,False
*,37,23,37,23,851,851,0,8.625,-8.625,-4.3125,2,795,False
*,37,24,37,24,888,888,0,7.2578125,-7.2578125,-7.2578125,1,792,False
*,37,25,37,25,925,925,0,7.296875,-7.296875,-3.6484375,2,792,False
*,37,26,37,26,962,962,0,8.0234375,-8.0234375,-4.01171875,2,792,False
*,37,27,37,27,999,999,2,7.8359375,-7.8359375,-7.8359375,1,792,False
*,37,28,37,28,1036,1036,0,7.8203125,-7.8203125,-3.91015625,2,792,False
*,37,29,37,29,1073,1073,0,8.125,-8.125,-4.0625,2,792,False
*,37,30,37,30,1110,1110,2,7.25390625,-7.25390625,-3.626953125,2,792,False
*,37,31,37,31,1147,1147,1,8.1015625,-8.1015625,-4.05078125,2,792,False
*,37,32,37,32,1184,1184,1,7.23828125,-7.23828125,-3.619140625,2,784,False
*,37,33,37,33,1221,1221,2,8.4296875,-8.4296875,-4.21484375,2,792,False
*,37,34,37,34,1258,1258,0,7.8515625,-7.8515625,-3.92578125,2,792,False
*,37,35,37,35,1295,1295,0,8.03125,-8.03125,-4.015625,2,795,False
*,37,36,37,36,1332,1332,3,8.1015625,-8.1015625,-4.05078125,2,792,False
*,37,37,37,37,1369,1369,1,8.734375,-8.734375,-4.3671875,2,795,False
*,37,38,37,38,1406,1406,0,8.140625,-8.140625,-4.0703125,2,792,False
*,37,39,37,39,1443,1443,1,8.5546875,-8.5546875,-4.27734375,2,795,False
*,37,40,37,40,1480,1480,0,8.15625,-8.15625,-4.078125,2,792,False
*,37,41,37,41,1517,1517,0,8.5546875,-8.5546875,-4.27734375,2,792,False
*,37,42,37,42,1554,1554,1,8.265625,-8.265625,-4.1328125,2,792,False
*,37,43,37,43,1591,1591,2,8.203125,-8.203125,-4.1015625,2,792,False
*,37,44,37,44,1628,1628,0,8.1328125,-8.1328125,-4.06640625,2,784,False
*,37,45,37,45,1665,1665,0,8.1328125,-8.1328125,-4.06640625,2,795,False
*,37,46,37,46,1702,1702,0,8.40625,-8.40625,-4.203125,2,792,False
*,37,47,37,47,1739,1739,0,9.0234375,-9.0234375,-4.51171875,2,795,False
*,37,48,37,48,1776,1776,0,7.7578125,-7.7578125,-3.87890625,2,792,False
*,37,49,37,49,1813,1813,0,7.671875,-7.671875,-3.8359375,2,795,False
*,37,50,37,50,1850,1850,0,7.35546875,-7.35546875,-7.35546875,1,792,False
*,37,51,37,51,1887,1887,0,8.046875,-8.046875,-8.046875,1,795,False
*,37,52,37,52,1924,1924,0,7.94921875,-7.94921875,-7.94921875,1,792,False
*,37,53,37,53,1961,1961,0,8.65625,-8.65625,-8.65625,1,792,False
*,37,54,37,54,1998,1998,0,8.265625,-8.265625,-8.265625,1,792,False
*,37,55,37,55,2035,2035,0,8.953125,-8.953125,-4.4765625,2,795,False
*,37,56,37,56,2072,2072,0,8.40625,-8.40625,-4.203125,2,792,False
*,37,57,37,57,2109,2109,0,9.546875,-9.546875,-4.7734375,2,795,False
*,37,58,37,58,2146,2146,0,9.0859375,-9.0859375,-4.54296875,2,792,False
*,37,59,37,59,2183,2183,0,8.734375,-8.734375,-4.3671875,2,2384,False
*,37,60,37,60,2220,2220,0,8.875,-8.875,-4.4375,2,792,False
*,37,61,37,61,2257,2257,0,8.375,-8.375,-4.1875,2,792,False
*,37,62,37,62,2294,2294,0,8.7421875,-8.7421875,-4.37109375,2,2256,False
*,37,63,37,63,2331,2331,0,9.515625,-9.515625,-4.7578125,2,784,False
*,37,64,37,64,2368,2368,0,8.0859375,-8.0859375,-4.04296875,2,1728,False
*,37,65,37,65,2405,2405,0,8.6484375,-8.6484375,-4.32421875,2,795,False
*,37,66,37,66,2442,2442,0,8.328125,-8.328125,-4.1640625,2,2384,False
*,37,67,37,67,2479,2479,0,9.375,-9.375,-4.6875,2,792,False
*,37,68,37,68,2516,2516,0,8.3125,-8.3125,-4.15625,2,2384,False
*,37,69,37,69,2553,2553,0,8.8671875,-8.8671875,-4.43359375,2,3456,False
*,37,70,37,70,2590,2590,0,8.953125,-8.953125,-4.4765625,2,2384,False
*,37,71,37,71,2627,2627,0,9.296875,-9.296875,-4.6484375,2,2384,False
*,37,72,37,72,2664,2664,1,8.78125,-8.78125,-4.390625,2,792,False
*,37,73,37,73,2701,2701,1,8.703125,-8.703125,-4.3515625,2,795,False
*,37,74,37,74,2738,2738,0,9.078125,-9.078125,-4.5390625,2,792,False
*,37,75,37,75,2775,2775,0,9.65625,-9.65625,-4.828125,2,795,False
*,37,76,37,76,2812,2812,0,8.6640625,-8.6640625,-4.33203125,2,792,False
*,37,77,37,77,2849,2849,0,9.359375,-9.359375,-4.6796875,2,795,False
*,37,78,37,78,2886,2886,0,8.5,-8.5,-4.25,2,2384,False
*,37,79,37,79,2923,2923,0,9.296875,-9.296875,-4.6484375,2,2384,False
*,37,80,37,80,2960,2960,0,8.6015625,-8.6015625,-4.30078125,2,2240,False
*,37,81,37,81,2997,2997,0,9.1875,-9.1875,-4.59375,2,2256,False
*,37,82,37,82,3034,3034,0,9.21875,-9.21875,-4.609375,2,2384,False
*,37,83,37,83,3071,3071,0,9.28125,-9.28125,-4.640625,2,795,False
*,37,84,37,84,3108,3108,0,9.03125,-9.03125,-4.515625,2,784,False
*,37,85,37,85,3145,3145,0,9.328125,-9.328125,-4.6640625,2,2384,False
*,37,86,37,86,3182,3182,0,9.4140625,-9.4140625,-4.70703125,2,2384,False
*,37,87,37,87,3219,3219,0,9.1171875,-9.1171875,-4.55859375,2,2384,False
*,37,88,37,88,3256,3256,0,8.640625,-8.640625,-4.3203125,2,2384,False
*,37,89,37,89,3293,3293,0,9.734375,-9.734375,-4.8671875,2,3456,False
*,37,90,37,90,3330,3330,0,8.828125,-8.828125,-4.4140625,2,3456,False
*,37,91,37,91,3367,3367,0,9.28125,-9.28125,-4.640625,2,2256,False
*,37,92,37,92,3404,3404,0,8.75,-8.75,-4.375,2,2384,False
*,37,93,37,93,3441,3441,0,9.40625,-9.40625,-4.703125,2,2384,False
*,37,94,37,94,3478,3478,0,8.7421875,-8.7421875,-4.37109375,2,2384,False
*,37,95,37,95,3515,3515,0,8.59375,-8.59375,-4.296875,2,2384,False
*,37,96,37,96,3552,3552,0,8.7578125,-8.7578125,-4.37890625,2,2384,False
*,37,97,37,97,3589,3589,0,9.21875,-9.21875,-4.609375,2,3456,False
*,37,98,37,98,3626,3626,0,8.765625,-8.765625,-4.3828125,2,3456,False
*,37,99,37,99,3663,3663,0,9.1875,-9.1875,-4.59375,2,3456,False
*,38,10,38,10,380,380,1,6.6015625,-6.6015625,-6.6015625,1,792,False
*,38,11,38,11,418,418,0,7.078125,-7.078125,-7.078125,1,792,False
*,38,12,38,12,456,456,0,6.3046875,-6.3046875,-6.3046875,1,792,False
*,38,13,38,13,494,494,1,6.875,-6.875,-6.875,1,792,False
*,38,14,38,14,532,532,0,7.04296875,-7.04296875,-7.04296875,1,792,False
*,38,15,38,15,570,570,1,7.05078125,-7.05078125,-7.05078125,1,792,False
*,38,16,38,16,608,608,0,6.5,-6.5,-6.5,1,784,False
*,38,17,38,17,646,646,0,7.44140625,-7.44140625,-3.720703125,2,792,False
*,38,18,38,18,684,684,0,6.91796875,-6.91796875,-3.458984375,2,792,False
*,38,19,38,19,722,722,0,7.29296875,-7.29296875,-3.646484375,2,792,False
*,38,20,38,20,760,760,2,6.671875,-6.671875,-3.3359375,2,792,False
*,38,21,38,21,798,798,0,7.2734375,-7.2734375,-3.63671875,2,792,False
*,38,22,38,22,836,836,0,7.03125,-7.03125,-3.515625,2,792,False
*,38,23,38,23,874,874,0,7.40625,-7.40625,-3.703125,2,792,False
*,38,24,38,24,912,912,2,7.265625,-7.265625,-3.6328125,2,784,False
*,38,25,38,25,950,950,1,7.13671875,-7.13671875,-7.13671875,1,792,False
*,38,26,38,26,988,988,0,7.515625,-7.515625,-3.7578125,2,792,False
*,38,27,38,27,1026,1026,0,7.640625,-7.640625,-3.8203125,2,792,False
*,38,28,38,28,1064,1064,0,6.8046875,-6.8046875,-3.40234375,2,784,False
*,38,29,38,29,1102,1102,0,7.921875,-7.921875,-3.9609375,2,792,False
*,38,30,38,30,1140,1140,0,7.4453125,-7.4453125,-3.72265625,2,792,False
*,38,31,38,31,1178,1178,0,7.609375,-7.609375,-3.8046875,2,792,False
*,38,32,38,32,1216,1216,0,6.7890625,-6.7890625,-3.39453125,2,864,False
*,38,33,38,33,1254,1254,0,7.59765625,-7.59765625,-3.798828125,2,792,False
*,38,34,38,34,1292,1292,1,7.2890625,-7.2890625,-3.64453125,2,792,False
*,38,35,38,35,1330,1330,0,8.359375,-8.359375,-4.1796875,2,792,False
*,38,36,38,36,1368,1368,0,7.12109375,-7.12109375,-3.560546875,2,792,False
*,38,37,38,37,1406,1406,0,8.171875,-8.171875,-4.0859375,2,792,False
*,38,38,38,38,1444,1444,1,7.9921875,-7.9921875,-3.99609375,2,792,False
*,38,39,38,39,1482,1482,0,8.40625,-8.40625,-4.203125,2,792,False
*,38,40,38,40,1520,1520,1,7.875,-7.875,-3.9375,2,784,False
*,38,41,38,41,1558,1558,0,8.125,-8.125,-4.0625,2,792,False
*,38,42,38,42,1596,1596,0,7.453125,-7.453125,-3.7265625,2,792,False
*,38,43,38,43,1634,1634,0,8.234375,-8.234375,-4.1171875,2,792,False
*,38,44,38,44,1672,1672,0,7.828125,-7.828125,-3.9140625,2,784,False
*,38,45,38,45,1710,1710,1,8.1796875,-8.1796875,-4.08984375,2,792,False
*,38,46,38,46,1748,1748,0,7.40625,-7.40625,-3.703125,2,792,False
*,38,47,38,47,1786,1786,0,8.546875,-8.546875,-4.2734375,2,792,False
*,38,48,38,48,1824,1824,0,7.3984375,-7.3984375,-3.69921875,2,864,False
*,38,49,38,49,1862,1862,0,7.88671875,-7.88671875,-7.88671875,1,2384,False
*,38,50,38,50,1900,1900,0,7.28515625,-7.28515625,-7.28515625,1,792,False
*,38,51,38,51,1938,1938,0,8.015625,-8.015625,-8.015625,1,792,False
*,38,52,38,52,1976,1976,0,7.7421875,-7.7421875,-7.7421875,1,792,False
*,38,53,38,53,2014,2014,1,8.4296875,-8.4296875,-8.4296875,1,792,False
*,38,54,38,54,2052,2052,0,8.234375,-8.234375,-4.1171875,2,792,False
*,38,55,38,55,2090,2090,0,9.328125,-9.328125,-4.6640625,2,792,False
*,38,56,38,56,2128,2128,0,8.3359375,-8.3359375,-4.16796875,2,864,False
*,38,57,38,57,2166,2166,0,9.0,-9.0,-4.5,2,792,False
*,38,58,38,58,2204,2204,0,8.6875,-8.6875,-4.34375,2,2384,False
*,38,59,38,59,2242,2242,0,8.3203125,-8.3203125,-4.16015625,2,2384,False
*,38,60,38,60,2280,2280,1,8.421875,-8.421875,-4.2109375,2,2240,False
*,38,61,38,61,2318,2318,0,9.1640625,-9.1640625,-4.58203125,2,792,False
*,38,62,38,62,2356,2356,0,8.59375,-8.59375,-4.296875,2,2384,False
*,38,63,38,63,2394,2394,0,8.828125,-8.828125,-4.4140625,2,2384,False
*,38,64,38,64,2432,2432,0,8.6640625,-8.6640625,-4.33203125,2,1728,False
*,38,65,38,65,2470,2470,0,9.0625,-9.0625,-4.53125,2,2384,False
*,38,66,38,66,2508,2508,0,7.86328125,-7.86328125,-3.931640625,2,2240,False
*,38,67,38,67,2546,2546,0,8.75,-8.75,-4.375,2,2384,False
*,38,68,38,68,2584,2584,0,7.93359375,-7.93359375,-3.966796875,2,2384,False
*,38,69,38,69,2622,2622,0,8.84375,-8.84375,-4.421875,2,2384,False
*,38,70,38,70,2660,2660,0,8.3671875,-8.3671875,-4.18359375,2,2384,False
*,38,71,38,71,2698,2698,0,9.0546875,-9.0546875,-4.52734375,2,2384,False
*,38,72,38,72,2736,2736,1,8.1015625,-8.1015625,-4.05078125,2,792,False
*,38,73,38,73,2774,2774,0,9.0390625,-9.0390625,-4.51953125,2,2384,False
*,38,74,38,74,2812,2812,0,8.375,-8.375,-4.1875,2,2304,False
*,38,75,38,75,2850,2850,1,8.96875,-8.96875,-4.484375,2,792,False
*,38,76,38,76,2888,2888,1,8.53125,-8.53125,-4.265625,2,2384,False
*,38,77,38,77,2926,2926,0,8.84375,-8.84375,-4.421875,2,2384,False
*,38,78,38,78,2964,2964,0,8.890625,-8.890625,-4.4453125,2,2384,False
*,38,79,38,79,3002,3002,0,9.3984375,-9.3984375,-4.69921875,2,2384,False
*,38,80,38,80,3040,3040,0,7.69140625,-7.69140625,-3.845703125,2,2240,False
*,38,81,38,81,3078,3078,0,9.4375,-9.4375,-4.71875,2,2384,False
*,38,82,38,82,3116,3116,0,8.59375,-8.59375,-4.296875,2,2384,False
*,38,83,38,83,3154,3154,0,9.4453125,-9.4453125,-4.72265625,2,2384,False
*,38,84,38,84,3192,3192,0,8.4296875,-8.4296875,-4.21484375,2,2384,False
*,38,85,38,85,3230,3230,0,9.421875,-9.421875,-4.7109375,2,2384,False
*,38,86,38,86,3268,3268,0,9.15625,-9.15625,-4.578125,2,2384,False
*,38,87,38,87,3306,3306,0,8.671875,-8.671875,-4.3359375,2,2384,False
*,38,88,38,88,3344,3344,0,8.1171875,-8.1171875,-4.05859375,2,2384,False
*,38,89,38,89,3382,3382,0,9.078125,-9.078125,-4.5390625,2,2384,False
*,38,90,38,90,3420,3420,0,8.75,-8.75,-4.375,2,2240,False
*,38,91,38,91,3458,3458,0,9.4453125,-9.4453125,-4.72265625,2,2384,False
*,38,92,38,92,3496,3496,0,8.515625,-8.515625,-4.2578125,2,2384,False
*,38,93,38,93,3534,3534,0,9.125,-9.125,-4.5625,2,2384,False
*,38,94,38,94,3572,3572,0,8.484375,-8.484375,-4.2421875,2,2384,False
*,38,95,38,95,3610,3610,0,9.03125,-9.03125,-4.515625,2,2384,False
*,38,96,38,96,3648,3648,0,8.15625,-8.15625,-4.078125,2,2240,False
*,38,97,38,97,3686,3686,0,8.609375,-8.609375,-4.3046875,2,2384,False
*,38,98,38,98,3724,3724,0,8.4375,-8.4375,-4.21875,2,2254,False
*,38,99,38,99,3762,3762,0,8.515625,-8.515625,-4.2578125,2,3456,False
*,39,10,39,10,390,390,1,6.62109375,-6.62109375,-6.62109375,1,792,False
*,39,11,39,11,429,429,0,7.5234375,-7.5234375,-7.5234375,1,792,False
*,39,12,39,12,468,468,0,6.1171875,-6.1171875,-6.1171875,1,792,False
*,39,13,39,13,507,507,0,7.34375,-7.34375,-7.34375,1,792,False
*,39,14,39,14,546,546,1,7.421875,-7.421875,-7.421875,1,792,False
*,39,15,39,15,585,585,0,7.25390625,-7.25390625,-7.25390625,1,795,False
*,39,16,39,16,624,624,3,6.57421875,-6.57421875,-6.57421875,1,792,False
*,39,17,39,17,663,663,2,7.515625,-7.515625,-3.7578125,2,795,False
*,39,18,39,18,702,702,0,7.51171875,-7.51171875,-7.51171875,1,792,False
*,39,19,39,19,741,741,0,7.4609375,-7.4609375,-3.73046875,2,795,False
*,39,20,39,20,780,780,0,7.24609375,-7.24609375,-7.24609375,1,792,False
*,39,21,39,21,819,819,0,7.5859375,-7.5859375,-3.79296875,2,795,False
*,39,22,39,22,858,858,0,7.77734375,-7.77734375,-3.888671875,2,792,False
*,39,23,39,23,897,897,0,8.03125,-8.03125,-4.015625,2,795,False
*,39,24,39,24,936,936,2,7.04296875,-7.04296875,-3.521484375,2,792,False
*,39,25,39,25,975,975,0,7.1953125,-7.1953125,-3.59765625,2,795,False
*,39,26,39,26,1014,1014,0,7.4453125,-7.4453125,-3.72265625,2,792,False
*,39,27,39,27,1053,1053,0,7.8203125,-7.8203125,-3.91015625,2,792,False
*,39,28,39,28,1092,1092,0,7.171875,-7.171875,-3.5859375,2,792,False
*,39,29,39,29,1131,1131,0,7.91015625,-7.91015625,-3.955078125,2,795,False
*,39,30,39,30,1170,1170,0,7.66015625,-7.66015625,-3.830078125,2,792,False
*,39,31,39,31,1209,1209,0,8.109375,-8.109375,-4.0546875,2,795,False
*,39,32,39,32,1248,1248,1,7.078125,-7.078125,-3.5390625,2,792,False
*,39,33,39,33,1287,1287,0,8.1640625,-8.1640625,-4.08203125,2,792,False
*,39,34,39,34,1326,1326,0,7.984375,-7.984375,-3.9921875,2,792,False
*,39,35,39,35,1365,1365,1,8.0234375,-8.0234375,-4.01171875,2,795,False
*,39,36,39,36,1404,1404,1,7.515625,-7.515625,-3.7578125,2,792,False
*,39,37,39,37,1443,1443,0,8.53125,-8.53125,-4.265625,2,795,False
*,39,38,39,38,1482,1482,0,8.3828125,-8.3828125,-4.19140625,2,792,False
*,39,39,39,39,1521,1521,0,8.734375,-8.734375,-4.3671875,2,795,False
*,39,40,39,40,1560,1560,0,7.9765625,-7.9765625,-3.98828125,2,792,False
*,39,41,39,41,1599,1599,0,8.375,-8.375,-4.1875,2,795,False
*,39,42,39,42,1638,1638,0,8.234375,-8.234375,-4.1171875,2,792,False
*,39,43,39,43,1677,1677,0,8.109375,-8.109375,-4.0546875,2,795,False
*,39,44,39,44,1716,1716,0,7.89453125,-7.89453125,-3.947265625,2,792,False
*,39,45,39,45,1755,1755,0,8.078125,-8.078125,-4.0390625,2,795,False
*,39,46,39,46,1794,1794,0,8.7890625,-8.7890625,-4.39453125,2,792,False
*,39,47,39,47,1833,1833,0,8.5703125,-8.5703125,-4.28515625,2,795,False
*,39,48,39,48,1872,1872,1,8.0234375,-8.0234375,-4.01171875,2,792,False
*,39,49,39,49,1911,1911,0,7.6484375,-7.6484375,-7.6484375,1,2240,False
*,39,50,39,50,1950,1950,0,7.44921875,-7.44921875,-7.44921875,1,792,False
*,39,51,39,51,1989,1989,0,7.5546875,-7.5546875,-7.5546875,1,795,False
*,39,52,39,52,2028,2028,0,8.3203125,-8.3203125,-4.16015625,2,792,False
*,39,53,39,53,2067,2067,0,8.515625,-8.515625,-4.2578125,2,795,False
*,39,54,39,54,2106,2106,0,8.5625,-8.5625,-4.28125,2,792,False
*,39,55,39,55,2145,2145,0,8.890625,-8.890625,-4.4453125,2,795,False
*,39,56,39,56,2184,2184,0,8.296875,-8.296875,-4.1484375,2,792,False
*,39,57,39,57,2223,2223,0,8.7578125,-8.7578125,-4.37890625,2,795,False
*,39,58,39,58,2262,2262,0,7.953125,-7.953125,-3.9765625,2,2384,False
*,39,59,39,59,2301,2301,0,9.171875,-9.171875,-4.5859375,2,2240,False
*,39,60,39,60,2340,2340,0,8.546875,-8.546875,-4.2734375,2,2240,False
*,39,61,39,61,2379,2379,0,9.046875,-9.046875,-4.5234375,2,2256,False
*,39,62,39,62,2418,2418,0,9.03125,-9.03125,-4.515625,2,2384,False
*,39,63,39,63,2457,2457,0,8.53125,-8.53125,-4.265625,2,2384,False
*,39,64,39,64,2496,2496,0,8.2109375,-8.2109375,-4.10546875,2,1728,False
*,39,65,39,65,2535,2535,0,8.9453125,-8.9453125,-4.47265625,2,2384,False
*,39,66,39,66,2574,2574,0,8.7890625,-8.7890625,-4.39453125,2,2384,False
*,39,67,39,67,2613,2613,0,8.7578125,-8.7578125,-4.37890625,2,2384,False
*,39,68,39,68,2652,2652,0,7.9140625,-7.9140625,-3.95703125,2,2384,False
*,39,69,39,69,2691,2691,0,9.140625,-9.140625,-4.5703125,2,2304,False
*,39,70,39,70,2730,2730,0,8.84375,-8.84375,-4.421875,2,2384,False
*,39,71,39,71,2769,2769,0,9.140625,-9.140625,-4.5703125,2,2384,False
*,39,72,39,72,2808,2808,1,8.2890625,-8.2890625,-4.14453125,2,792,False
*,39,73,39,73,2847,2847,0,9.1953125,-9.1953125,-4.59765625,2,2384,False
*,39,74,39,74,2886,2886,0,8.4375,-8.4375,-4.21875,2,2384,False
*,39,75,39,75,2925,2925,0,8.9375,-8.9375,-4.46875,2,795,False
*,39,76,39,76,2964,2964,0,8.984375,-8.984375,-4.4921875,2,2384,False
*,39,77,39,77,3003,3003,0,9.375,-9.375,-4.6875,2,2384,False
*,39,78,39,78,3042,3042,0,9.09375,-9.09375,-4.546875,2,2384,False
*,39,79,39,79,3081,3081,0,9.5,-9.5,-4.75,2,2384,False
*,39,80,39,80,3120,3120,0,8.7578125,-8.7578125,-4.37890625,2,2240,False
*,39,81,39,81,3159,3159,0,9.609375,-9.609375,-4.8046875,2,2304,False
*,39,82,39,82,3198,3198,0,9.046875,-9.046875,-4.5234375,2,2384,False
*,39,83,39,83,3237,3237,0,9.59375,-9.59375,-4.796875,2,2384,False
*,39,84,39,84,3276,3276,0,8.8671875,-8.8671875,-4.43359375,2,2384,False
*,39,85,39,85,3315,3315,0,8.953125,-8.953125,-4.4765625,2,2384,False
*,39,86,39,86,3354,3354,0,9.0,-9.0,-4.5,2,2384,False
*,39,87,39,87,3393,3393,0,9.1015625,-9.1015625,-4.55078125,2,2384,False
*,39,88,39,88,3432,3432,0,8.4140625,-8.4140625,-4.20703125,2,2384,False
*,39,89,39,89,3471,3471,0,8.875,-8.875,-4.4375,2,2384,False
*,39,90,39,90,3510,3510,0,8.765625,-8.765625,-4.3828125,2,3456,False
*,39,91,39,91,3549,3549,0,9.0,-9.0,-4.5,2,2240,False
*,39,92,39,92,3588,3588,0,8.6796875,-8.6796875,-4.33984375,2,2384,False
*,39,93,39,93,3627,3627,0,9.25,-9.25,-4.625,2,2384,False
*,39,94,39,94,3666,3666,0,9.5078125,-9.5078125,-4.75390625,2,2384,False
*,39,95,39,95,3705,3705,1,8.921875,-8.921875,-4.4609375,2,2384,False
*,39,96,39,96,3744,3744,0,8.359375,-8.359375,-4.1796875,2,2384,False
*,39,97,39,97,3783,3783,0,9.1484375,-9.1484375,-4.57421875,2,3456,False
*,39,98,39,98,3822,3822,0,8.671875,-8.671875,-4.3359375,2,3456,False
*,39,99,39,99,3861,3861,0,8.90625,-8.90625,-4.453125,2,3456,False
*,40,10,40,10,400,400,11,5.86328125,-5.86328125,-5.86328125,1,792,False
*,40,11,40,11,440,440,0,6.93359375,-6.93359375,-6.93359375,1,792,False
*,40,12,40,12,480,480,3,5.10546875,-5.10546875,-5.10546875,1,792,False
*,40,13,40,13,520,520,1,7.265625,-7.265625,-7.265625,1,792,False
*,40,14,40,14,560,560,0,6.91796875,-6.91796875,-6.91796875,1,784,False
*,40,15,40,15,600,600,3,6.83984375,-6.83984375,-6.83984375,1,792,False
*,40,16,40,16,640,640,3,5.7578125,-5.7578125,-5.7578125,1,864,False
*,40,17,40,17,680,680,1,7.1640625,-7.1640625,-7.1640625,1,792,False
*,40,18,40,18,720,720,0,5.88671875,-5.88671875,-5.88671875,1,792,False
*,40,19,40,19,760,760,0,7.25,-7.25,-3.625,2,792,False
*,40,20,40,20,800,800,16,5.6484375,-5.6484375,-5.6484375,1,864,False
*,40,21,40,21,840,840,0,6.86328125,-6.86328125,-3.431640625,2,792,False
*,40,22,40,22,880,880,0,6.5234375,-6.5234375,-3.26171875,2,792,False
*,40,23,40,23,920,920,1,7.66796875,-7.66796875,-3.833984375,2,792,False
*,40,24,40,24,960,960,0,6.203125,-6.203125,-3.1015625,2,864,False
*,40,25,40,25,1000,1000,5,5.73828125,-5.73828125,-5.73828125,1,792,False
*,40,26,40,26,1040,1040,0,6.46875,-6.46875,-3.234375,2,864,False
*,40,27,40,27,1080,1080,0,6.234375,-6.234375,-6.234375,1,792,False
*,40,28,40,28,1120,1120,0,5.96484375,-5.96484375,-2.982421875,2,864,False
*,40,29,40,29,1160,1160,0,7.703125,-7.703125,-3.8515625,2,792,False
*,40,30,40,30,1200,1200,6,5.921875,-5.921875,-5.921875,1,792,False
*,40,31,40,31,1240,1240,0,7.34765625,-7.34765625,-3.673828125,2,792,False
*,40,32,40,32,1280,1280,1,6.21875,-6.21875,-3.109375,2,864,False
*,40,33,40,33,1320,1320,0,7.6640625,-7.6640625,-3.83203125,2,792,False
*,40,34,40,34,1360,1360,0,8.046875,-8.046875,-4.0234375,2,784,False
*,40,35,40,35,1400,1400,0,6.78125,-6.78125,-6.78125,1,792,False
*,40,36,40,36,1440,1440,0,6.90625,-6.90625,-3.453125,2,864,False
*,40,37,40,37,1480,1480,0,8.0859375,-8.0859375,-4.04296875,2,792,False
*,40,38,40,38,1520,1520,0,7.9765625,-7.9765625,-3.98828125,2,792,False
*,40,39,40,39,1560,1560,0,7.6953125,-7.6953125,-3.84765625,2,792,False
*,40,40,40,40,1600,1600,22,5.11328125,-5.11328125,-5.11328125,1,864,False
*,40,41,40,41,1640,1640,0,7.3828125,-7.3828125,-3.69140625,2,792,False
*,40,42,40,42,1680,1680,1,6.8125,-6.8125,-3.40625,2,864,False
*,40,43,40,43,1720,1720,0,7.54296875,-7.54296875,-3.771484375,2,864,False
*,40,44,40,44,1760,1760,0,7.7734375,-7.7734375,-3.88671875,2,864,False
*,40,45,40,45,1800,1800,0,6.8046875,-6.8046875,-6.8046875,1,792,False
*,40,46,40,46,1840,1840,0,6.828125,-6.828125,-6.828125,1,864,False
*,40,47,40,47,1880,1880,0,7.046875,-7.046875,-7.046875,1,864,False
*,40,48,40,48,1920,1920,0,5.6015625,-5.6015625,-5.6015625,1,864,False
*,40,49,40,49,1960,1960,0,7.1640625,-7.1640625,-7.1640625,1,2240,False
*,40,50,40,50,2000,2000,4,5.83984375,-5.83984375,-5.83984375,1,792,False
*,40,51,40,51,2040,2040,0,7.9453125,-7.9453125,-3.97265625,2,792,False
*,40,52,40,52,2080,2080,4,7.2734375,-7.2734375,-3.63671875,2,864,False
*,40,53,40,53,2120,2120,0,8.96875,-8.96875,-4.484375,2,864,False
*,40,54,40,54,2160,2160,1,8.1875,-8.1875,-4.09375,2,864,False
*,40,55,40,55,2200,2200,0,8.2578125,-8.2578125,-4.12890625,2,792,False
*,40,56,40,56,2240,2240,0,6.9453125,-6.9453125,-3.47265625,2,864,False
*,40,57,40,57,2280,2280,0,8.7109375,-8.7109375,-4.35546875,2,2240,False
*,40,58,40,58,2320,2320,0,8.390625,-8.390625,-4.1953125,2,2240,False
*,40,59,40,59,2360,2360,0,9.0703125,-9.0703125,-4.53515625,2,2240,False
*,40,60,40,60,2400,2400,5,6.05859375,-6.05859375,-3.029296875,2,2240,False
*,40,61,40,61,2440,2440,0,8.390625,-8.390625,-4.1953125,2,2256,False
*,40,62,40,62,2480,2480,0,8.3046875,-8.3046875,-4.15234375,2,2304,False
*,40,63,40,63,2520,2520,0,8.46875,-8.46875,-4.234375,2,2304,False
*,40,64,40,64,2560,2560,2,7.1015625,-7.1015625,-3.55078125,2,1728,False
*,40,65,40,65,2600,2600,0,7.80859375,-7.80859375,-3.904296875,2,2240,False
*,40,66,40,66,2640,2640,0,7.625,-7.625,-3.8125,2,2240,False
*,40,67,40,67,2680,2680,0,8.40625,-8.40625,-4.203125,2,2240,False
*,40,68,40,68,2720,2720,1,8.34375,-8.34375,-4.171875,2,2304,False
*,40,69,40,69,2760,2760,0,8.40625,-8.40625,-4.203125,2,2304,False
*,40,70,40,70,2800,2800,1,7.35546875,-7.35546875,-3.677734375,2,2240,False
*,40,71,40,71,2840,2840,0,8.1796875,-8.1796875,-4.08984375,2,2304,False
*,40,72,40,72,2880,2880,0,7.43359375,-7.43359375,-3.716796875,2,864,False
*,40,73,40,73,2920,2920,0,8.859375,-8.859375,-4.4296875,2,2304,False
*,40,74,40,74,2960,2960,0,8.5859375,-8.5859375,-4.29296875,2,2304,False
*,40,75,40,75,3000,3000,1,7.78515625,-7.78515625,-7.78515625,1,792,False
*,40,76,40,76,3040,3040,0,7.7109375,-7.7109375,-3.85546875,2,784,False
*,40,77,40,77,3080,3080,0,8.9375,-8.9375,-4.46875,2,2384,False
*,40,78,40,78,3120,3120,0,8.65625,-8.65625,-4.328125,2,2240,False
*,40,79,40,79,3160,3160,0,9.1796875,-9.1796875,-4.58984375,2,2304,False
*,40,80,40,80,3200,3200,2,7.75,-7.75,-3.875,2,2304,False
*,40,81,40,81,3240,3240,0,8.6015625,-8.6015625,-4.30078125,2,2304,False
*,40,82,40,82,3280,3280,0,7.9140625,-7.9140625,-3.95703125,2,2304,False
*,40,83,40,83,3320,3320,0,8.625,-8.625,-4.3125,2,2384,False
*,40,84,40,84,3360,3360,0,8.84375,-8.84375,-4.421875,2,2304,False
*,40,85,40,85,3400,3400,0,8.5859375,-8.5859375,-4.29296875,2,2240,False
*,40,86,40,86,3440,3440,0,7.953125,-7.953125,-3.9765625,2,2240,False
*,40,87,40,87,3480,3480,0,8.984375,-8.984375,-4.4921875,2,2240,False
*,40,88,40,88,3520,3520,0,8.5703125,-8.5703125,-4.28515625,2,2304,False
*,40,89,40,89,3560,3560,0,8.640625,-8.640625,-4.3203125,2,2240,False
*,40,90,40,90,3600,3600,1,6.7578125,-6.7578125,-3.37890625,2,2240,False
*,40,91,40,91,3640,3640,0,8.296875,-8.296875,-4.1484375,2,2240,False
*,40,92,40,92,3680,3680,0,8.1171875,-8.1171875,-4.05859375,2,2304,False
*,40,93,40,93,3720,3720,0,9.4375,-9.4375,-4.71875,2,2304,False
*,40,94,40,94,3760,3760,0,8.765625,-8.765625,-4.3828125,2,2240,False
*,40,95,40,95,3800,3800,0,8.0078125,-8.0078125,-4.00390625,2,2240,False
*,40,96,40,96,3840,3840,0,7.453125,-7.453125,-3.7265625,2,864,False
*,40,97,40,97,3880,3880,0,8.3203125,-8.3203125,-4.16015625,2,2256,False
*,40,98,40,98,3920,3920,0,8.640625,-8.640625,-4.3203125,2,4,False
*,40,99,40,99,3960,3960,0,8.890625,-8.890625,-4.4453125,2,4016,False
*,41,10,41,10,410,410,0,7.0625,-7.0625,-7.0625,1,792,False
*,41,11,41,11,451,451,0,7.078125,-7.078125,-7.078125,1,792,False
*,41,12,41,12,492,492,3,7.22265625,-7.22265625,-7.22265625,1,792,False
*,41,13,41,13,533,533,1,8.09375,-8.09375,-8.09375,1,792,False
*,41,14,41,14,574,574,0,7.4765625,-7.4765625,-7.4765625,1,792,False
*,41,15,41,15,615,615,1,8.1953125,-8.1953125,-8.1953125,1,795,False
*,41,16,41,16,656,656,0,7.03125,-7.03125,-3.515625,2,784,False
*,41,17,41,17,697,697,0,7.78515625,-7.78515625,-3.892578125,2,7,False
*,41,18,41,18,738,738,0,7.44140625,-7.44140625,-3.720703125,2,792,False
*,41,19,41,19,779,779,0,7.8671875,-7.8671875,-3.93359375,2,2256,False
*,41,20,41,20,820,820,2,6.796875,-6.796875,-6.796875,1,792,False
*,41,21,41,21,861,861,1,8.3046875,-8.3046875,-4.15234375,2,795,False
*,41,22,41,22,902,902,0,7.9609375,-7.9609375,-3.98046875,2,792,False
*,41,23,41,23,943,943,0,7.3984375,-7.3984375,-3.69921875,2,795,False
*,41,24,41,24,984,984,0,7.15625,-7.15625,-3.578125,2,784,False
*,41,25,41,25,1025,1025,0,7.1796875,-7.1796875,-3.58984375,2,795,False
*,41,26,41,26,1066,1066,0,7.4921875,-7.4921875,-3.74609375,2,792,False
*,41,27,41,27,1107,1107,0,8.0,-8.0,-4.0,2,792,False
*,41,28,41,28,1148,1148,0,7.45703125,-7.45703125,-3.728515625,2,784,False
*,41,29,41,29,1189,1189,0,7.71875,-7.71875,-3.859375,2,792,False
*,41,30,41,30,1230,1230,1,8.0546875,-8.0546875,-4.02734375,2,792,False
*,41,31,41,31,1271,1271,2,8.578125,-8.578125,-4.2890625,2,711,False
*,41,32,41,32,1312,1312,1,7.05078125,-7.05078125,-3.525390625,2,784,False
*,41,33,41,33,1353,1353,0,8.21875,-8.21875,-4.109375,2,792,False
*,41,34,41,34,1394,1394,0,7.78125,-7.78125,-3.890625,2,792,False
*,41,35,41,35,1435,1435,0,8.265625,-8.265625,-4.1328125,2,795,False
*,41,36,41,36,1476,1476,1,8.078125,-8.078125,-4.0390625,2,792,False
*,41,37,41,37,1517,1517,0,8.5234375,-8.5234375,-4.26171875,2,795,False
*,41,38,41,38,1558,1558,0,8.0390625,-8.0390625,-4.01953125,2,792,False
*,41,39,41,39,1599,1599,0,8.1875,-8.1875,-4.09375,2,795,False
*,41,40,41,40,1640,1640,2,7.34765625,-7.34765625,-3.673828125,2,792,False
*,41,41,41,41,1681,1681,6,9.015625,-9.015625,-4.5078125,2,795,False
*,41,42,41,42,1722,1722,0,8.0625,-8.0625,-4.03125,2,792,False
*,41,43,41,43,1763,1763,2,8.0,-8.0,-4.0,2,2256,False
*,41,44,41,44,1804,1804,0,7.765625,-7.765625,-3.8828125,2,2384,False
*,41,45,41,45,1845,1845,0,8.2578125,-8.2578125,-4.12890625,2,2375,False
*,41,46,41,46,1886,1886,0,7.7109375,-7.7109375,-7.7109375,1,2126,False
*,41,47,41,47,1927,1927,0,8.390625,-8.390625,-8.390625,1,2126,False
*,41,48,41,48,1968,1968,0,7.29296875,-7.29296875,-7.29296875,1,2240,False
*,41,49,41,49,2009,2009,0,7.91796875,-7.91796875,-7.91796875,1,2240,False
*,41,50,41,50,2050,2050,0,8.34375,-8.34375,-4.171875,2,2256,False
*,41,51,41,51,2091,2091,0,8.53125,-8.53125,-4.265625,2,2256,False
*,41,52,41,52,2132,2132,0,8.71875,-8.71875,-4.359375,2,2240,False
*,41,53,41,53,2173,2173,0,9.21875,-9.21875,-4.609375,2,2126,False
*,41,54,41,54,2214,2214,0,8.7109375,-8.7109375,-4.35546875,2,2240,False
*,41,55,41,55,2255,2255,0,8.046875,-8.046875,-4.0234375,2,2256,False
*,41,56,41,56,2296,2296,0,8.296875,-8.296875,-4.1484375,2,2240,False
*,41,57,41,57,2337,2337,0,8.921875,-8.921875,-4.4609375,2,2256,False
*,41,58,41,58,2378,2378,0,8.484375,-8.484375,-4.2421875,2,2240,False
*,41,59,41,59,2419,2419,0,8.859375,-8.859375,-4.4296875,2,2240,False
*,41,60,41,60,2460,2460,0,8.609375,-8.609375,-4.3046875,2,2240,False
*,41,61,41,61,2501,2501,1,8.875,-8.875,-4.4375,2,2255,False
*,41,62,41,62,2542,2542,0,8.859375,-8.859375,-4.4296875,2,2256,False
*,41,63,41,63,2583,2583,0,9.0625,-9.0625,-4.53125,2,2126,False
*,41,64,41,64,2624,2624,0,8.0390625,-8.0390625,-4.01953125,2,1728,False
*,41,65,41,65,2665,2665,0,8.9375,-8.9375,-4.46875,2,2384,False
*,41,66,41,66,2706,2706,0,8.703125,-8.703125,-4.3515625,2,2240,False
*,41,67,41,67,2747,2747,0,9.1640625,-9.1640625,-4.58203125,2,2240,False
*,41,68,41,68,2788,2788,0,9.109375,-9.109375,-4.5546875,2,2384,False
*,41,69,41,69,2829,2829,0,9.09375,-9.09375,-4.546875,2,2240,False
*,41,70,41,70,2870,2870,0,8.9375,-8.9375,-4.46875,2,2240,False
*,41,71,41,71,2911,2911,0,9.171875,-9.171875,-4.5859375,2,2126,False
*,41,72,41,72,2952,2952,0,8.8046875,-8.8046875,-4.40234375,2,2240,False
*,41,73,41,73,2993,2993,0,8.734375,-8.734375,-4.3671875,2,2304,False
*,41,74,41,74,3034,3034,0,9.203125,-9.203125,-4.6015625,2,2304,False
*,41,75,41,75,3075,3075,0,8.84375,-8.84375,-4.421875,2,2375,False
*,41,76,41,76,3116,3116,0,8.703125,-8.703125,-4.3515625,2,2256,False
*,41,77,41,77,3157,3157,0,9.96875,-9.96875,-4.984375,2,2126,False
*,41,78,41,78,3198,3198,0,9.125,-9.125,-4.5625,2,2384,False
*,41,79,41,79,3239,3239,0,9.296875,-9.296875,-4.6484375,2,2240,False
*,41,80,41,80,3280,3280,0,7.875,-7.875,-3.9375,2,2240,False
*,41,81,41,81,3321,3321,0,9.2421875,-9.2421875,-4.62109375,2,2256,False
*,41,82,41,82,3362,3362,0,8.890625,-8.890625,-4.4453125,2,2256,False
*,41,83,41,83,3403,3403,0,9.609375,-9.609375,-4.8046875,2,2384,False
*,41,84,41,84,3444,3444,0,8.140625,-8.140625,-4.0703125,2,2304,False
*,41,85,41,85,3485,3485,0,9.453125,-9.453125,-4.7265625,2,2256,False
*,41,86,41,86,3526,3526,0,9.03125,-9.03125,-4.515625,2,2240,False
*,41,87,41,87,3567,3567,0,8.8203125,-8.8203125,-4.41015625,2,2240,False
*,41,88,41,88,3608,3608,0,8.171875,-8.171875,-4.0859375,2,2384,False
*,41,89,41,89,3649,3649,0,9.7890625,-9.7890625,-4.89453125,2,2240,False
*,41,90,41,90,3690,3690,0,8.96875,-8.96875,-4.484375,2,2240,False
*,41,91,41,91,3731,3731,0,9.703125,-9.703125,-4.8515625,2,2256,False
*,41,92,41,92,3772,3772,0,8.0546875,-8.0546875,-4.02734375,2,2240,False
*,41,93,41,93,3813,3813,0,8.9140625,-8.9140625,-4.45703125,2,2375,False
*,41,94,41,94,3854,3854,0,8.796875,-8.796875,-4.3984375,2,2240,False
*,41,95,41,95,3895,3895,0,9.171875,-9.171875,-4.5859375,2,2384,False
*,41,96,41,96,3936,3936,0,8.6484375,-8.6484375,-4.32421875,2,2240,False
*,41,97,41,97,3977,3977,0,9.5703125,-9.5703125,-4.78515625,2,2256,False
*,41,98,41,98,4018,4018,0,8.59375,-8.59375,-4.296875,2,2254,False
*,41,99,41,99,4059,4059,0,9.5,-9.5,-4.75,2,2256,False
*,42,10,42,10,420,420,5,6.41015625,-6.41015625,-6.41015625,1,792,False
*,42,11,42,11,462,462,3,6.94921875,-6.94921875,-6.94921875,1,792,False
*,42,12,42,12,504,504,0,6.57421875,-6.57421875,-6.57421875,1,792,False
*,42,13,42,13,546,546,0,7.86328125,-7.86328125,-7.86328125,1,792,False
*,42,14,42,14,588,588,0,6.7109375,-6.7109375,-3.35546875,2,792,False
*,42,15,42,15,630,630,0,7.49609375,-7.49609375,-7.49609375,1,792,False
*,42,16,42,16,672,672,0,6.890625,-6.890625,-3.4453125,2,864,False
*,42,17,42,17,714,714,1,7.2734375,-7.2734375,-3.63671875,2,792,False
*,42,18,42,18,756,756,2,7.0390625,-7.0390625,-3.51953125,2,792,False
*,42,19,42,19,798,798,0,7.640625,-7.640625,-3.8203125,2,2256,False
*,42,20,42,20,840,840,0,6.5234375,-6.5234375,-3.26171875,2,864,False
*,42,21,42,21,882,882,1,8.1640625,-8.1640625,-4.08203125,2,984,False
*,42,22,42,22,924,924,0,6.48046875,-6.48046875,-6.48046875,1,792,False
*,42,23,42,23,966,966,2,7.234375,-7.234375,-3.6171875,2,2254,False
*,42,24,42,24,1008,1008,1,6.6640625,-6.6640625,-3.33203125,2,864,False
*,42,25,42,25,1050,1050,1,7.2109375,-7.2109375,-3.60546875,2,792,False
*,42,26,42,26,1092,1092,0,6.80078125,-6.80078125,-3.400390625,2,2240,False
*,42,27,42,27,1134,1134,0,7.23828125,-7.23828125,-3.619140625,2,792,False
*,42,28,42,28,1176,1176,0,7.32421875,-7.32421875,-3.662109375,2,864,False
*,42,29,42,29,1218,1218,0,8.1015625,-8.1015625,-4.05078125,2,864,False
*,42,30,42,30,1260,1260,2,7.15625,-7.15625,-3.578125,2,960,False
*,42,31,42,31,1302,1302,0,7.78125,-7.78125,-3.890625,2,792,False
*,42,32,42,32,1344,1344,0,7.03125,-7.03125,-3.515625,2,864,False
*,42,33,42,33,1386,1386,0,8.015625,-8.015625,-4.0078125,2,792,False
*,42,34,42,34,1428,1428,1,7.26171875,-7.26171875,-3.630859375,2,792,False
*,42,35,42,35,1470,1470,0,8.015625,-8.015625,-4.0078125,2,792,False
*,42,36,42,36,1512,1512,1,7.3125,-7.3125,-3.65625,2,864,False
*,42,37,42,37,1554,1554,0,8.09375,-8.09375,-4.046875,2,792,False
*,42,38,42,38,1596,1596,0,7.22265625,-7.22265625,-3.611328125,2,792,False
*,42,39,42,39,1638,1638,1,8.0,-8.0,-4.0,2,2256,False
*,42,40,42,40,1680,1680,0,6.80078125,-6.80078125,-3.400390625,2,864,False
*,42,41,42,41,1722,1722,0,8.0390625,-8.0390625,-4.01953125,2,792,False
*,42,42,42,42,1764,1764,1,7.890625,-7.890625,-3.9453125,2,784,False
*,42,43,42,43,1806,1806,2,7.703125,-7.703125,-3.8515625,2,792,False
*,42,44,42,44,1848,1848,0,6.28125,-6.28125,-6.28125,1,864,False
*,42,45,42,45,1890,1890,0,7.1640625,-7.1640625,-7.1640625,1,2384,False
*,42,46,42,46,1932,1932,0,7.21484375,-7.21484375,-7.21484375,1,2256,False
*,42,47,42,47,1974,1974,0,7.5,-7.5,-7.5,1,2262,False
*,42,48,42,48,2016,2016,0,7.41796875,-7.41796875,-7.41796875,1,2240,False
*,42,49,42,49,2058,2058,0,8.40625,-8.40625,-4.203125,2,2240,False
*,42,50,42,50,2100,2100,0,8.34375,-8.34375,-4.171875,2,2256,False
*,42,51,42,51,2142,2142,0,8.1484375,-8.1484375,-4.07421875,2,2256,False
*,42,52,42,52,2184,2184,0,7.7421875,-7.7421875,-3.87109375,2,2240,False
*,42,53,42,53,2226,2226,0,8.390625,-8.390625,-4.1953125,2,2256,False
*,42,54,42,54,2268,2268,0,8.0625,-8.0625,-4.03125,2,2304,False
*,42,55,42,55,2310,2310,0,8.9140625,-8.9140625,-4.45703125,2,2256,False
*,42,56,42,56,2352,2352,0,7.3125,-7.3125,-3.65625,2,2240,False
*,42,57,42,57,2394,2394,0,8.7578125,-8.7578125,-4.37890625,2,2256,False
*,42,58,42,58,2436,2436,0,8.390625,-8.390625,-4.1953125,2,2240,False
*,42,59,42,59,2478,2478,0,8.9140625,-8.9140625,-4.45703125,2,2240,False
*,42,60,42,60,2520,2520,2,8.140625,-8.140625,-4.0703125,2,2240,False
*,42,61,42,61,2562,2562,0,8.84375,-8.84375,-4.421875,2,2256,False
*,42,62,42,62,2604,2604,0,8.515625,-8.515625,-4.2578125,2,2256,False
*,42,63,42,63,2646,2646,0,8.265625,-8.265625,-4.1328125,2,2256,False
*,42,64,42,64,2688,2688,0,7.86328125,-7.86328125,-3.931640625,2,1728,False
*,42,65,42,65,2730,2730,0,8.9453125,-8.9453125,-4.47265625,2,2256,False
*,42,66,42,66,2772,2772,0,8.8515625,-8.8515625,-4.42578125,2,2240,False
*,42,67,42,67,2814,2814,0,8.5703125,-8.5703125,-4.28515625,2,2240,False
*,42,68,42,68,2856,2856,0,8.3515625,-8.3515625,-4.17578125,2,2240,False
*,42,69,42,69,2898,2898,0,8.890625,-8.890625,-4.4453125,2,2240,False
*,42,70,42,70,2940,2940,0,8.328125,-8.328125,-4.1640625,2,2240,False
*,42,71,42,71,2982,2982,0,9.0859375,-9.0859375,-4.54296875,2,2384,False
*,42,72,42,72,3024,3024,1,7.921875,-7.921875,-3.9609375,2,2304,False
*,42,73,42,73,3066,3066,0,8.890625,-8.890625,-4.4453125,2,2384,False
*,42,74,42,74,3108,3108,0,8.953125,-8.953125,-4.4765625,2,2304,False
*,42,75,42,75,3150,3150,0,9.578125,-9.578125,-4.7890625,2,2256,False
*,42,76,42,76,3192,3192,0,8.578125,-8.578125,-4.2890625,2,2240,False
*,42,77,42,77,3234,3234,0,9.0625,-9.0625,-4.53125,2,2384,False
*,42,78,42,78,3276,3276,0,8.78125,-8.78125,-4.390625,2,2240,False
*,42,79,42,79,3318,3318,0,8.8828125,-8.8828125,-4.44140625,2,2240,False
*,42,80,42,80,3360,3360,0,8.8984375,-8.8984375,-4.44921875,2,2240,False
*,42,81,42,81,3402,3402,0,8.890625,-8.890625,-4.4453125,2,2240,False
*,42,82,42,82,3444,3444,0,8.234375,-8.234375,-4.1171875,2,2240,False
*,42,83,42,83,3486,3486,0,9.1484375,-9.1484375,-4.57421875,2,2384,False
*,42,84,42,84,3528,3528,0,7.85546875,-7.85546875,-3.927734375,2,2304,False
*,42,85,42,85,3570,3570,0,8.984375,-8.984375,-4.4921875,2,2384,False
*,42,86,42,86,3612,3612,0,8.546875,-8.546875,-4.2734375,2,2240,False
*,42,87,42,87,3654,3654,0,8.4140625,-8.4140625,-4.20703125,2,2240,False
*,42,88,42,88,3696,3696,0,7.953125,-7.953125,-3.9765625,2,2240,False
*,42,89,42,89,3738,3738,0,9.109375,-9.109375,-4.5546875,2,2240,False
*,42,90,42,90,3780,3780,0,8.65625,-8.65625,-4.328125,2,2240,False
*,42,91,42,91,3822,3822,0,9.375,-9.375,-4.6875,2,2256,False
*,42,92,42,92,3864,3864,0,9.078125,-9.078125,-4.5390625,2,2240,False
*,42,93,42,93,3906,3906,0,8.21875,-8.21875,-4.109375,2,2384,False
*,42,94,42,94,3948,3948,0,8.90625,-8.90625,-4.453125,2,2240,False
*,42,95,42,95,3990,3990,0,9.1953125,-9.1953125,-4.59765625,2,2384,False
*,42,96,42,96,4032,4032,0,8.25,-8.25,-4.125,2,2240,False
*,42,97,42,97,4074,4074,0,9.4453125,-9.4453125,-4.72265625,2,2256,False
*,42,98,42,98,4116,4116,0,8.46875,-8.46875,-4.234375,2,2254,False
*,42,99,42,99,4158,4158,0,9.328125,-9.328125,-4.6640625,2,2256,False
*,43,10,43,10,430,430,5,7.47265625,-7.47265625,-7.47265625,1,2256,False
*,43,11,43,11,473,473,0,7.6640625,-7.6640625,-7.6640625,1,792,False
*,43,12,43,12,516,516,1,7.28125,-7.28125,-7.28125,1,792,False
*,43,13,43,13,559,559,0,8.0703125,-8.0703125,-8.0703125,1,792,False
*,43,14,43,14,602,602,0,7.8125,-7.8125,-7.8125,1,792,False
*,43,15,43,15,645,645,0,7.671875,-7.671875,-3.8359375,2,795,False
*,43,16,43,16,688,688,0,7.51953125,-7.51953125,-3.759765625,2,784,False
*,43,17,43,17,731,731,0,7.37109375,-7.37109375,-3.685546875,2,795,False
*,43,18,43,18,774,774,0,7.546875,-7.546875,-3.7734375,2,792,False
*,43,19,43,19,817,817,0,8.5703125,-8.5703125,-4.28515625,2,2255,False
*,43,20,43,20,860,860,0,7.6875,-7.6875,-3.84375,2,2256,False
*,43,21,43,21,903,903,0,8.109375,-8.109375,-4.0546875,2,2256,False
*,43,22,43,22,946,946,0,7.890625,-7.890625,-3.9453125,2,2256,False
*,43,23,43,23,989,989,0,7.9296875,-7.9296875,-3.96484375,2,2254,False
*,43,24,43,24,1032,1032,0,7.9921875,-7.9921875,-3.99609375,2,2256,False
*,43,25,43,25,1075,1075,0,7.73828125,-7.73828125,-3.869140625,2,2256,False
*,43,26,43,26,1118,1118,0,7.828125,-7.828125,-3.9140625,2,2384,False
*,43,27,43,27,1161,1161,0,8.28125,-8.28125,-4.140625,2,792,False
*,43,28,43,28,1204,1204,0,7.171875,-7.171875,-3.5859375,2,784,False
*,43,29,43,29,1247,1247,0,8.046875,-8.046875,-4.0234375,2,792,False
*,43,30,43,30,1290,1290,0,7.95703125,-7.95703125,-3.978515625,2,792,False
*,43,31,43,31,1333,1333,0,8.46875,-8.46875,-4.234375,2,795,False
*,43,32,43,32,1376,1376,0,7.67578125,-7.67578125,-3.837890625,2,864,False
*,43,33,43,33,1419,1419,0,8.1796875,-8.1796875,-4.08984375,2,792,False
*,43,34,43,34,1462,1462,0,8.234375,-8.234375,-4.1171875,2,784,False
*,43,35,43,35,1505,1505,0,8.203125,-8.203125,-4.1015625,2,795,False
*,43,36,43,36,1548,1548,0,7.875,-7.875,-3.9375,2,792,False
*,43,37,43,37,1591,1591,0,8.0625,-8.0625,-4.03125,2,795,False
*,43,38,43,38,1634,1634,0,8.09375,-8.09375,-4.046875,2,2384,False
*,43,39,43,39,1677,1677,0,8.03125,-8.03125,-4.015625,2,2375,False
*,43,40,43,40,1720,1720,0,7.2265625,-7.2265625,-3.61328125,2,2384,False
*,43,41,43,41,1763,1763,0,8.015625,-8.015625,-4.0078125,2,2256,False
*,43,42,43,42,1806,1806,1,7.55859375,-7.55859375,-3.779296875,2,2256,False
*,43,43,43,43,1849,1849,2,8.6875,-8.6875,-4.34375,2,795,False
*,43,44,43,44,1892,1892,0,7.11328125,-7.11328125,-7.11328125,1,2384,False
*,43,45,43,45,1935,1935,0,7.765625,-7.765625,-7.765625,1,2375,False
*,43,46,43,46,1978,1978,0,8.109375,-8.109375,-8.109375,1,2126,False
*,43,47,43,47,2021,2021,0,8.625,-8.625,-8.625,1,2262,False
*,43,48,43,48,2064,2064,0,7.8984375,-7.8984375,-3.94921875,2,2384,False
*,43,49,43,49,2107,2107,0,8.6015625,-8.6015625,-4.30078125,2,2375,False
*,43,50,43,50,2150,2150,1,8.8359375,-8.8359375,-4.41796875,2,2250,False
*,43,51,43,51,2193,2193,0,8.796875,-8.796875,-4.3984375,2,2256,False
*,43,52,43,52,2236,2236,0,8.4453125,-8.4453125,-4.22265625,2,2384,False
*,43,53,43,53,2279,2279,0,8.5,-8.5,-4.25,2,2375,False
*,43,54,43,54,2322,2322,0,8.7109375,-8.7109375,-4.35546875,2,2384,False
*,43,55,43,55,2365,2365,0,8.328125,-8.328125,-4.1640625,2,2375,False
*,43,56,43,56,2408,2408,0,7.765625,-7.765625,-3.8828125,2,2384,False
*,43,57,43,57,2451,2451,0,9.5703125,-9.5703125,-4.78515625,2,2375,False
*,43,58,43,58,2494,2494,0,8.2578125,-8.2578125,-4.12890625,2,2384,False
*,43,59,43,59,2537,2537,0,8.890625,-8.890625,-4.4453125,2,2240,False
*,43,60,43,60,2580,2580,1,8.109375,-8.109375,-4.0546875,2,2240,False
*,43,61,43,61,2623,2623,1,8.59375,-8.59375,-4.296875,2,2255,False
*,43,62,43,62,2666,2666,0,8.734375,-8.734375,-4.3671875,2,2256,False
*,43,63,43,63,2709,2709,0,9.5546875,-9.5546875,-4.77734375,2,2375,False
*,43,64,43,64,2752,2752,0,8.3828125,-8.3828125,-4.19140625,2,1728,False
*,43,65,43,65,2795,2795,0,9.359375,-9.359375,-4.6796875,2,2375,False
*,43,66,43,66,2838,2838,0,8.78125,-8.78125,-4.390625,2,2240,False
*,43,67,43,67,2881,2881,0,9.03125,-9.03125,-4.515625,2,2375,False
*,43,68,43,68,2924,2924,0,8.296875,-8.296875,-4.1484375,2,2384,False
*,43,69,43,69,2967,2967,0,8.4921875,-8.4921875,-4.24609375,2,3456,False
*,43,70,43,70,3010,3010,0,8.6015625,-8.6015625,-4.30078125,2,2384,False
*,43,71,43,71,3053,3053,0,9.3359375,-9.3359375,-4.66796875,2,2375,False
*,43,72,43,72,3096,3096,1,8.484375,-8.484375,-4.2421875,2,2384,False
*,43,73,43,73,3139,3139,0,9.234375,-9.234375,-4.6171875,2,2375,False
*,43,74,43,74,3182,3182,0,9.2109375,-9.2109375,-4.60546875,2,2384,False
*,43,75,43,75,3225,3225,0,8.8515625,-8.8515625,-4.42578125,2,2375,False
*,43,76,43,76,3268,3268,0,9.0859375,-9.0859375,-4.54296875,2,2384,False
*,43,77,43,77,3311,3311,0,8.9609375,-8.9609375,-4.48046875,2,2375,False
*,43,78,43,78,3354,3354,0,8.9296875,-8.9296875,-4.46484375,2,2384,False
*,43,79,43,79,3397,3397,0,9.4296875,-9.4296875,-4.71484375,2,2384,False
*,43,80,43,80,3440,3440,0,7.6875,-7.6875,-3.84375,2,2240,False
*,43,81,43,81,3483,3483,0,9.0234375,-9.0234375,-4.51171875,2,2256,False
*,43,82,43,82,3526,3526,0,8.90625,-8.90625,-4.453125,2,2384,False
*,43,83,43,83,3569,3569,0,9.109375,-9.109375,-4.5546875,2,2384,False
*,43,84,43,84,3612,3612,0,8.5703125,-8.5703125,-4.28515625,2,2384,False
*,43,85,43,85,3655,3655,0,9.640625,-9.640625,-4.8203125,2,2375,False
*,43,86,43,86,3698,3698,0,8.9296875,-8.9296875,-4.46484375,2,2384,False
*,43,87,43,87,3741,3741,0,9.984375,-9.984375,-4.9921875,2,2384,False
*,43,88,43,88,3784,3784,0,8.75,-8.75,-4.375,2,2384,False
*,43,89,43,89,3827,3827,0,9.15625,-9.15625,-4.578125,2,2384,False
*,43,90,43,90,3870,3870,0,8.78125,-8.78125,-4.390625,2,2240,False
*,43,91,43,91,3913,3913,0,9.265625,-9.265625,-4.6328125,2,2256,False
*,43,92,43,92,3956,3956,0,8.8125,-8.8125,-4.40625,2,2384,False
*,43,93,43,93,3999,3999,0,9.3515625,-9.3515625,-4.67578125,2,2375,False
*,43,94,43,94,4042,4042,0,9.3671875,-9.3671875,-4.68359375,2,2240,False
*,43,95,43,95,4085,4085,0,9.578125,-9.578125,-4.7890625,2,2384,False
*,43,96,43,96,4128,4128,0,8.671875,-8.671875,-4.3359375,2,2240,False
*,43,97,43,97,4171,4171,0,10.078125,-10.078125,-5.0390625,2,3456,False
*,43,98,43,98,4214,4214,0,8.1015625,-8.1015625,-4.05078125,2,2254,False
*,43,99,43,99,4257,4257,0,9.2421875,-9.2421875,-4.62109375,2,3456,False
*,44,10,44,10,440,440,1,6.5703125,-6.5703125,-6.5703125,1,792,False
*,44,11,44,11,484,484,0,6.9375,-6.9375,-6.9375,1,792,False
*,44,12,44,12,528,528,1,6.46484375,-6.46484375,-6.46484375,1,792,False
*,44,13,44,13,572,572,0,7.23046875,-7.23046875,-3.615234375,2,792,False
*,44,14,44,14,616,616,1,7.00390625,-7.00390625,-7.00390625,1,784,False
*,44,15,44,15,660,660,0,7.27734375,-7.27734375,-7.27734375,1,792,False
*,44,16,44,16,704,704,0,6.03125,-6.03125,-6.03125,1,864,False
*,44,17,44,17,748,748,0,7.14453125,-7.14453125,-3.572265625,2,792,False
*,44,18,44,18,792,792,0,6.2734375,-6.2734375,-3.13671875,2,792,True
*,44,19,44,19,836,836,0,7.65625,-7.65625,-3.828125,2,2256,False
*,44,20,44,20,880,880,0,6.65625,-6.65625,-3.328125,2,2240,False
*,44,21,44,21,924,924,0,6.8984375,-6.8984375,-6.8984375,1,2256,False
*,44,22,44,22,968,968,0,6.98046875,-6.98046875,-3.490234375,2,2256,False
*,44,23,44,23,1012,1012,0,7.8515625,-7.8515625,-3.92578125,2,2254,False
*,44,24,44,24,1056,1056,0,6.4375,-6.4375,-3.21875,2,2304,False
*,44,25,44,25,1100,1100,0,7.140625,-7.140625,-7.140625,1,2384,False
*,44,26,44,26,1144,1144,0,7.390625,-7.390625,-3.6953125,2,2240,False
*,44,27,44,27,1188,1188,1,7.46875,-7.46875,-3.734375,2,792,False
*,44,28,44,28,1232,1232,0,7.15234375,-7.15234375,-3.576171875,2,864,False
*,44,29,44,29,1276,1276,0,7.6640625,-7.6640625,-3.83203125,2,792,False
*,44,30,44,30,1320,1320,0,7.3984375,-7.3984375,-3.69921875,2,792,False
*,44,31,44,31,1364,1364,0,8.1328125,-8.1328125,-4.06640625,2,792,False
*,44,32,44,32,1408,1408,0,6.47265625,-6.47265625,-3.236328125,2,864,False
*,44,33,44,33,1452,1452,0,7.4921875,-7.4921875,-3.74609375,2,792,False
*,44,34,44,34,1496,1496,0,7.0078125,-7.0078125,-3.50390625,2,784,False
*,44,35,44,35,1540,1540,0,7.6796875,-7.6796875,-3.83984375,2,792,False
*,44,36,44,36,1584,1584,0,7.1953125,-7.1953125,-3.59765625,2,864,False
*,44,37,44,37,1628,1628,0,7.95703125,-7.95703125,-3.978515625,2,792,False
*,44,38,44,38,1672,1672,0,7.72265625,-7.72265625,-3.861328125,2,784,False
*,44,39,44,39,1716,1716,0,7.63671875,-7.63671875,-3.818359375,2,2240,False
*,44,40,44,40,1760,1760,1,7.4765625,-7.4765625,-3.73828125,2,864,False
*,44,41,44,41,1804,1804,0,8.0703125,-8.0703125,-4.03515625,2,2240,False
*,44,42,44,42,1848,1848,0,6.3359375,-6.3359375,-6.3359375,1,2240,False
*,44,43,44,43,1892,1892,1,7.0234375,-7.0234375,-7.0234375,1,2304,False
*,44,44,44,44,1936,1936,4,7.5625,-7.5625,-7.5625,1,784,False
*,44,45,44,45,1980,1980,0,7.6171875,-7.6171875,-7.6171875,1,792,False
*,44,46,44,46,2024,2024,0,7.703125,-7.703125,-3.8515625,2,2304,False
*,44,47,44,47,2068,2068,0,7.8671875,-7.8671875,-3.93359375,2,2240,False
*,44,48,44,48,2112,2112,0,7.5,-7.5,-3.75,2,2240,False
*,44,49,44,49,2156,2156,0,8.21875,-8.21875,-4.109375,2,2240,False
*,44,50,44,50,2200,2200,0,7.99609375,-7.99609375,-3.998046875,2,2304,False
*,44,51,44,51,2244,2244,0,7.859375,-7.859375,-3.9296875,2,2240,False
*,44,52,44,52,2288,2288,0,7.90625,-7.90625,-3.953125,2,2304,False
*,44,53,44,53,2332,2332,0,8.6640625,-8.6640625,-4.33203125,2,2240,False
*,44,54,44,54,2376,2376,0,7.6875,-7.6875,-3.84375,2,2304,False
*,44,55,44,55,2420,2420,0,8.671875,-8.671875,-4.3359375,2,2240,False
*,44,56,44,56,2464,2464,0,7.625,-7.625,-3.8125,2,2240,False
*,44,57,44,57,2508,2508,0,7.8046875,-7.8046875,-3.90234375,2,2240,False
*,44,58,44,58,2552,2552,0,7.6328125,-7.6328125,-3.81640625,2,2240,False
*,44,59,44,59,2596,2596,0,8.15625,-8.15625,-4.078125,2,2240,False
*,44,60,44,60,2640,2640,1,7.4453125,-7.4453125,-3.72265625,2,2240,False
*,44,61,44,61,2684,2684,0,9.0546875,-9.0546875,-4.52734375,2,2256,False
*,44,62,44,62,2728,2728,0,7.9765625,-7.9765625,-3.98828125,2,2240,False
*,44,63,44,63,2772,2772,0,8.65625,-8.65625,-4.328125,2,2240,False
*,44,64,44,64,2816,2816,0,7.6015625,-7.6015625,-3.80078125,2,1728,False
*,44,65,44,65,2860,2860,0,8.625,-8.625,-4.3125,2,2240,False
*,44,66,44,66,2904,2904,0,8.3984375,-8.3984375,-4.19921875,2,2240,False
*,44,67,44,67,2948,2948,0,8.453125,-8.453125,-4.2265625,2,2240,False
*,44,68,44,68,2992,2992,0,7.80078125,-7.80078125,-3.900390625,2,2240,False
*,44,69,44,69,3036,3036,0,8.265625,-8.265625,-4.1328125,2,2240,False
*,44,70,44,70,3080,3080,0,8.4375,-8.4375,-4.21875,2,2240,False
*,44,71,44,71,3124,3124,0,8.7578125,-8.7578125,-4.37890625,2,2240,False
*,44,72,44,72,3168,3168,0,7.9140625,-7.9140625,-3.95703125,2,2304,False
*,44,73,44,73,3212,3212,0,9.03125,-9.03125,-4.515625,2,2304,False
*,44,74,44,74,3256,3256,0,8.390625,-8.390625,-4.1953125,2,2304,False
*,44,75,44,75,3300,3300,0,8.0546875,-8.0546875,-4.02734375,2,2304,False
*,44,76,44,76,3344,3344,0,7.93359375,-7.93359375,-3.966796875,2,2304,False
*,44,77,44,77,3388,3388,0,8.4453125,-8.4453125,-4.22265625,2,2384,False
*,44,78,44,78,3432,3432,0,8.3203125,-8.3203125,-4.16015625,2,2240,False
*,44,79,44,79,3476,3476,0,8.6015625,-8.6015625,-4.30078125,2,2240,False
*,44,80,44,80,3520,3520,0,8.2265625,-8.2265625,-4.11328125,2,2240,False
*,44,81,44,81,3564,3564,0,8.84375,-8.84375,-4.421875,2,2304,False
*,44,82,44,82,3608,3608,0,8.1015625,-8.1015625,-4.05078125,2,2240,False
*,44,83,44,83,3652,3652,0,8.671875,-8.671875,-4.3359375,2,2384,False
*,44,84,44,84,3696,3696,0,7.625,-7.625,-3.8125,2,2304,False
*,44,85,44,85,3740,3740,0,8.71875,-8.71875,-4.359375,2,2384,False
*,44,86,44,86,3784,3784,0,8.890625,-8.890625,-4.4453125,2,2240,False
*,44,87,44,87,3828,3828,0,8.7734375,-8.7734375,-4.38671875,2,2240,False
*,44,88,44,88,3872,3872,0,8.6015625,-8.6015625,-4.30078125,2,2240,False
*,44,89,44,89,3916,3916,0,9.03125,-9.03125,-4.515625,2,2240,False
*,44,90,44,90,3960,3960,0,8.546875,-8.546875,-4.2734375,2,2240,False
*,44,91,44,91,4004,4004,0,8.8203125,-8.8203125,-4.41015625,2,2240,False
*,44,92,44,92,4048,4048,0,8.296875,-8.296875,-4.1484375,2,2240,False
*,44,93,44,93,4092,4092,0,9.078125,-9.078125,-4.5390625,2,2384,False
*,44,94,44,94,4136,4136,0,8.8359375,-8.8359375,-4.41796875,2,2240,False
*,44,95,44,95,4180,4180,0,9.7109375,-9.7109375,-4.85546875,2,2384,False
*,44,96,44,96,4224,4224,0,8.4375,-8.4375,-4.21875,2,2240,False
*,44,97,44,97,4268,4268,0,9.3203125,-9.3203125,-4.66015625,2,2240,False
*,44,98,44,98,4312,4312,0,8.53125,-8.53125,-4.265625,2,2254,False
*,44,99,44,99,4356,4356,0,8.8125,-8.8125,-4.40625,2,2240,False
*,45,10,45,10,450,450,2,6.390625,-6.390625,-6.390625,1,2256,False
*,45,11,45,11,495,495,0,7.06640625,-7.06640625,-7.06640625,1,2255,False
*,45,12,45,12,540,540,2,7.2421875,-7.2421875,-7.2421875,1,792,False
*,45,13,45,13,585,585,0,8.0,-8.0,-8.0,1,2255,False
*,45,14,45,14,630,630,0,7.828125,-7.828125,-7.828125,1,792,False
*,45,15,45,15,675,675,0,7.12109375,-7.12109375,-7.12109375,1,795,False
*,45,16,45,16,720,720,2,6.6015625,-6.6015625,-6.6015625,1,864,False
*,45,17,45,17,765,765,0,7.390625,-7.390625,-3.6953125,2,795,False
*,45,18,45,18,810,810,1,7.984375,-7.984375,-3.9921875,2,2256,False
*,45,19,45,19,855,855,0,8.0546875,-8.0546875,-4.02734375,2,2255,False
*,45,20,45,20,900,900,0,7.06640625,-7.06640625,-7.06640625,1,2256,False
*,45,21,45,21,945,945,0,7.3359375,-7.3359375,-3.66796875,2,2255,False
*,45,22,45,22,990,990,0,8.265625,-8.265625,-4.1328125,2,2255,False
*,45,23,45,23,1035,1035,0,7.9140625,-7.9140625,-3.95703125,2,2254,False
*,45,24,45,24,1080,1080,2,7.0390625,-7.0390625,-7.0390625,1,2255,False
*,45,25,45,25,1125,1125,0,7.1875,-7.1875,-3.59375,2,2255,False
*,45,26,45,26,1170,1170,0,8.0625,-8.0625,-4.03125,2,2256,False
*,45,27,45,27,1215,1215,0,7.89453125,-7.89453125,-3.947265625,2,1728,False
*,45,28,45,28,1260,1260,1,7.71484375,-7.71484375,-3.857421875,2,784,False
*,45,29,45,29,1305,1305,0,7.8671875,-7.8671875,-3.93359375,2,795,False
*,45,30,45,30,1350,1350,0,7.953125,-7.953125,-3.9765625,2,960,False
*,45,31,45,31,1395,1395,0,8.0703125,-8.0703125,-4.03515625,2,795,False
*,45,32,45,32,1440,1440,1,7.296875,-7.296875,-3.6484375,2,864,False
*,45,33,45,33,1485,1485,1,8.3203125,-8.3203125,-4.16015625,2,795,False
*,45,34,45,34,1530,1530,0,8.09375,-8.09375,-4.046875,2,792,False
*,45,35,45,35,1575,1575,0,7.90234375,-7.90234375,-3.951171875,2,795,False
*,45,36,45,36,1620,1620,0,7.99609375,-7.99609375,-3.998046875,2,792,False
*,45,37,45,37,1665,1665,0,7.9375,-7.9375,-3.96875,2,795,False
*,45,38,45,38,1710,1710,0,7.57421875,-7.57421875,-3.787109375,2,2256,False
*,45,39,45,39,1755,1755,0,7.82421875,-7.82421875,-3.912109375,2,2256,False
*,45,40,45,40,1800,1800,0,6.75390625,-6.75390625,-6.75390625,1,2256,False
*,45,41,45,41,1845,1845,0,8.40625,-8.40625,-4.203125,2,2255,False
*,45,42,45,42,1890,1890,0,7.25,-7.25,-7.25,1,2256,False
*,45,43,45,43,1935,1935,0,7.61328125,-7.61328125,-7.61328125,1,2255,False
*,45,44,45,44,1980,1980,0,7.66796875,-7.66796875,-7.66796875,1,2256,False
*,45,45,45,45,2025,2025,5,8.265625,-8.265625,-4.1328125,2,795,False
*,45,46,45,46,2070,2070,1,8.84375,-8.84375,-4.421875,2,2255,False
*,45,47,45,47,2115,2115,0,8.7421875,-8.7421875,-4.37109375,2,2255,False
*,45,48,45,48,2160,2160,0,8.2578125,-8.2578125,-4.12890625,2,2256,False
*,45,49,45,49,2205,2205,0,7.9453125,-7.9453125,-3.97265625,2,2255,False
*,45,50,45,50,2250,2250,0,7.2734375,-7.2734375,-3.63671875,2,2250,True
*,45,51,45,51,2295,2295,0,8.1640625,-8.1640625,-4.08203125,2,2256,False
*,45,52,45,52,2340,2340,0,8.4140625,-8.4140625,-4.20703125,2,2256,False
*,45,53,45,53,2385,2385,0,8.2734375,-8.2734375,-4.13671875,2,2256,False
*,45,54,45,54,2430,2430,0,8.8515625,-8.8515625,-4.42578125,2,2256,False
*,45,55,45,55,2475,2475,0,8.7890625,-8.7890625,-4.39453125,2,2256,False
*,45,56,45,56,2520,2520,1,7.93359375,-7.93359375,-3.966796875,2,2256,False
*,45,57,45,57,2565,2565,0,8.59375,-8.59375,-4.296875,2,2256,False
*,45,58,45,58,2610,2610,0,8.6171875,-8.6171875,-4.30859375,2,2256,False
*,45,59,45,59,2655,2655,0,8.265625,-8.265625,-4.1328125,2,2255,False
*,45,60,45,60,2700,2700,0,7.83984375,-7.83984375,-3.919921875,2,2256,False
*,45,61,45,61,2745,2745,0,9.625,-9.625,-4.8125,2,2254,False
*,45,62,45,62,2790,2790,0,9.234375,-9.234375,-4.6171875,2,1728,False
*,45,63,45,63,2835,2835,0,8.90625,-8.90625,-4.453125,2,1728,False
*,45,64,45,64,2880,2880,0,8.40625,-8.40625,-4.203125,2,1728,False
*,45,65,45,65,2925,2925,0,8.71875,-8.71875,-4.359375,2,2255,False
*,45,66,45,66,2970,2970,0,8.9375,-8.9375,-4.46875,2,2240,False
*,45,67,45,67,3015,3015,0,8.796875,-8.796875,-4.3984375,2,2240,False
*,45,68,45,68,3060,3060,0,8.53125,-8.53125,-4.265625,2,2240,False
*,45,69,45,69,3105,3105,0,8.9765625,-8.9765625,-4.48828125,2,2240,False
*,45,70,45,70,3150,3150,0,9.1171875,-9.1171875,-4.55859375,2,2384,False
*,45,71,45,71,3195,3195,0,9.5625,-9.5625,-4.78125,2,2256,False
*,45,72,45,72,3240,3240,0,8.359375,-8.359375,-4.1796875,2,2384,False
*,45,73,45,73,3285,3285,1,9.2109375,-9.2109375,-4.60546875,2,2375,False
*,45,74,45,74,3330,3330,0,9.09375,-9.09375,-4.546875,2,2384,False
*,45,75,45,75,3375,3375,0,8.484375,-8.484375,-4.2421875,2,2256,False
*,45,76,45,76,3420,3420,0,8.890625,-8.890625,-4.4453125,2,2256,False
*,45,77,45,77,3465,3465,0,8.953125,-8.953125,-4.4765625,2,2256,False
*,45,78,45,78,3510,3510,0,8.875,-8.875,-4.4375,2,2240,False
*,45,79,45,79,3555,3555,0,9.4921875,-9.4921875,-4.74609375,2,2256,False
*,45,80,45,80,3600,3600,1,7.265625,-7.265625,-3.6328125,2,2240,False
*,45,81,45,81,3645,3645,0,9.1015625,-9.1015625,-4.55078125,2,2256,False
*,45,82,45,82,3690,3690,0,9.1484375,-9.1484375,-4.57421875,2,2256,False
*,45,83,45,83,3735,3735,0,9.359375,-9.359375,-4.6796875,2,2256,False
*,45,84,45,84,3780,3780,0,8.859375,-8.859375,-4.4296875,2,2256,False
*,45,85,45,85,3825,3825,0,8.859375,-8.859375,-4.4296875,2,2255,False
*,45,86,45,86,3870,3870,0,9.265625,-9.265625,-4.6328125,2,2256,False
*,45,87,45,87,3915,3915,0,9.1171875,-9.1171875,-4.55859375,2,2256,False
*,45,88,45,88,3960,3960,0,8.859375,-8.859375,-4.4296875,2,2240,False
*,45,89,45,89,4005,4005,1,9.0078125,-9.0078125,-4.50390625,2,2255,False
*,45,90,45,90,4050,4050,0,9.09375,-9.09375,-4.546875,2,2240,False
*,45,91,45,91,4095,4095,0,9.0703125,-9.0703125,-4.53515625,2,2255,False
*,45,92,45,92,4140,4140,0,9.421875,-9.421875,-4.7109375,2,2256,False
*,45,93,45,93,4185,4185,0,9.953125,-9.953125,-4.9765625,2,2255,False
*,45,94,45,94,4230,4230,0,10.0,-10.0,-5.0,2,2256,False
*,45,95,45,95,4275,4275,0,9.5,-9.5,-4.75,2,2255,False
*,45,96,45,96,4320,4320,0,8.5390625,-8.5390625,-4.26953125,2,2240,False
*,45,97,45,97,4365,4365,0,10.0625,-10.0625,-5.03125,2,2255,False
*,45,98,45,98,4410,4410,0,9.09375,-9.09375,-4.546875,2,2254,False
*,45,99,45,99,4455,4455,0,9.0078125,-9.0078125,-4.50390625,2,2255,False
*,46,10,46,10,460,460,2,7.91015625,-7.91015625,-7.91015625,1,2256,False
*,46,11,46,11,506,506,0,8.25,-8.25,-8.25,1,2255,False
*,46,12,46,12,552,552,0,7.171875,-7.171875,-7.171875,1,2256,False
*,46,13,46,13,598,598,0,8.0625,-8.0625,-4.03125,2,2256,False
*,46,14,46,14,644,644,0,7.703125,-7.703125,-3.8515625,2,2256,False
*,46,15,46,15,690,690,0,7.859375,-7.859375,-3.9296875,2,2256,False
*,46,16,46,16,736,736,0,7.36328125,-7.36328125,-3.681640625,2,2256,False
*,46,17,46,17,782,782,0,8.0,-8.0,-4.0,2,2254,False
*,46,18,46,18,828,828,0,7.640625,-7.640625,-3.8203125,2,2256,False
*,46,19,46,19,874,874,0,8.5,-8.5,-4.25,2,2254,False
*,46,20,46,20,920,920,2,8.203125,-8.203125,-4.1015625,2,2256,False
*,46,21,46,21,966,966,0,7.83203125,-7.83203125,-3.916015625,2,2254,False
*,46,22,46,22,1012,1012,0,7.7265625,-7.7265625,-3.86328125,2,2254,False
*,46,23,46,23,1058,1058,0,8.34375,-8.34375,-4.171875,2,2254,False
*,46,24,46,24,1104,1104,0,7.51171875,-7.51171875,-3.755859375,2,2254,False
*,46,25,46,25,1150,1150,0,9.40625,-9.40625,-4.703125,2,2254,False
*,46,26,46,26,1196,1196,0,8.03125,-8.03125,-4.015625,2,2256,False
*,46,27,46,27,1242,1242,0,8.578125,-8.578125,-4.2890625,2,1728,False
*,46,28,46,28,1288,1288,0,8.2109375,-8.2109375,-4.10546875,2,1728,False
*,46,29,46,29,1334,1334,0,7.42578125,-7.42578125,-3.712890625,2,2256,False
*,46,30,46,30,1380,1380,0,7.8125,-7.8125,-3.90625,2,2256,False
*,46,31,46,31,1426,1426,0,7.8984375,-7.8984375,-3.94921875,2,1728,False
*,46,32,46,32,1472,1472,0,7.6796875,-7.6796875,-3.83984375,2,1728,False
*,46,33,46,33,1518,1518,0,8.1171875,-8.1171875,-4.05859375,2,1728,False
*,46,34,46,34,1564,1564,0,7.35546875,-7.35546875,-3.677734375,2,2256,False
*,46,35,46,35,1610,1610,0,7.83984375,-7.83984375,-3.919921875,2,1728,False
*,46,36,46,36,1656,1656,0,6.83203125,-6.83203125,-3.416015625,2,1728,False
*,46,37,46,37,1702,1702,0,8.1015625,-8.1015625,-4.05078125,2,2256,False
*,46,38,46,38,1748,1748,0,6.6796875,-6.6796875,-3.33984375,2,2256,False
*,46,39,46,39,1794,1794,0,8.703125,-8.703125,-4.3515625,2,2256,False
*,46,40,46,40,1840,1840,0,6.6796875,-6.6796875,-6.6796875,1,2256,False
*,46,41,46,41,1886,1886,0,7.28515625,-7.28515625,-7.28515625,1,2256,False
*,46,42,46,42,1932,1932,0,7.046875,-7.046875,-7.046875,1,2256,False
*,46,43,46,43,1978,1978,0,8.1328125,-8.1328125,-8.1328125,1,2256,False
*,46,44,46,44,2024,2024,0,7.3125,-7.3125,-3.65625,2,2256,False
*,46,45,46,45,2070,2070,0,8.6875,-8.6875,-4.34375,2,2256,False
*,46,46,46,46,2116,2116,1,9.4453125,-9.4453125,-4.72265625,2,2254,False
*,46,47,46,47,2162,2162,0,8.6953125,-8.6953125,-4.34765625,2,2254,False
*,46,48,46,48,2208,2208,0,7.984375,-7.984375,-3.9921875,2,2262,False
*,46,49,46,49,2254,2254,0,6.8046875,-6.8046875,-3.40234375,2,2256,False
*,46,50,46,50,2300,2300,1,7.28125,-7.28125,-3.640625,2,2256,False
*,46,51,46,51,2346,2346,0,7.71875,-7.71875,-3.859375,2,2256,False
*,46,52,46,52,2392,2392,0,8.71875,-8.71875,-4.359375,2,2256,False
*,46,53,46,53,2438,2438,0,8.84375,-8.84375,-4.421875,2,2256,False
*,46,54,46,54,2484,2484,0,8.1328125,-8.1328125,-4.06640625,2,2256,False
*,46,55,46,55,2530,2530,0,8.65625,-8.65625,-4.328125,2,2256,False
*,46,56,46,56,2576,2576,0,7.33984375,-7.33984375,-3.669921875,2,2256,False
*,46,57,46,57,2622,2622,0,8.6171875,-8.6171875,-4.30859375,2,2256,False
*,46,58,46,58,2668,2668,2,8.2265625,-8.2265625,-4.11328125,2,2256,False
*,46,59,46,59,2714,2714,0,8.3203125,-8.3203125,-4.16015625,2,2256,False
*,46,60,46,60,2760,2760,1,8.4375,-8.4375,-4.21875,2,2256,False
*,46,61,46,61,2806,2806,0,9.34375,-9.34375,-4.671875,2,2254,False
*,46,62,46,62,2852,2852,0,8.5,-8.5,-4.25,2,1728,False
*,46,63,46,63,2898,2898,0,8.3984375,-8.3984375,-4.19921875,2,1728,False
*,46,64,46,64,2944,2944,0,8.78125,-8.78125,-4.390625,2,1728,False
*,46,65,46,65,2990,2990,0,8.84375,-8.84375,-4.421875,2,1728,False
*,46,66,46,66,3036,3036,0,8.28125,-8.28125,-4.140625,2,2256,False
*,46,67,46,67,3082,3082,0,9.0703125,-9.0703125,-4.53515625,2,2256,False
*,46,68,46,68,3128,3128,0,8.34375,-8.34375,-4.171875,2,2256,False
*,46,69,46,69,3174,3174,0,8.84375,-8.84375,-4.421875,2,2262,False
*,46,70,46,70,3220,3220,0,8.640625,-8.640625,-4.3203125,2,2256,False
*,46,71,46,71,3266,3266,0,9.0703125,-9.0703125,-4.53515625,2,2256,False
*,46,72,46,72,3312,3312,1,7.58203125,-7.58203125,-3.791015625,2,2256,False
*,46,73,46,73,3358,3358,0,8.78125,-8.78125,-4.390625,2,2262,False
*,46,74,46,74,3404,3404,0,8.375,-8.375,-4.1875,2,2262,False
*,46,75,46,75,3450,3450,0,9.0703125,-9.0703125,-4.53515625,2,2256,False
*,46,76,46,76,3496,3496,0,8.359375,-8.359375,-4.1796875,2,2256,False
*,46,77,46,77,3542,3542,0,9.0703125,-9.0703125,-4.53515625,2,2256,False
*,46,78,46,78,3588,3588,0,8.390625,-8.390625,-4.1953125,2,2256,False
*,46,79,46,79,3634,3634,0,9.6875,-9.6875,-4.84375,2,2256,False
*,46,80,46,80,3680,3680,0,8.1015625,-8.1015625,-4.05078125,2,2256,False
*,46,81,46,81,3726,3726,0,9.2421875,-9.2421875,-4.62109375,2,2256,False
*,46,82,46,82,3772,3772,0,8.09375,-8.09375,-4.046875,2,2256,False
*,46,83,46,83,3818,3818,0,9.53125,-9.53125,-4.765625,2,2256,False
*,46,84,46,84,3864,3864,0,9.1953125,-9.1953125,-4.59765625,2,2256,False
*,46,85,46,85,3910,3910,0,9.609375,-9.609375,-4.8046875,2,2256,False
*,46,86,46,86,3956,3956,0,9.1875,-9.1875,-4.59375,2,2256,False
*,46,87,46,87,4002,4002,0,9.5,-9.5,-4.75,2,2256,False
*,46,88,46,88,4048,4048,0,8.578125,-8.578125,-4.2890625,2,2256,False
*,46,89,46,89,4094,4094,0,8.84375,-8.84375,-4.421875,2,2256,False
*,46,90,46,90,4140,4140,0,9.171875,-9.171875,-4.5859375,2,2256,False
*,46,91,46,91,4186,4186,0,10.3359375,-10.3359375,-5.16796875,2,2256,False
*,46,92,46,92,4232,4232,0,9.5078125,-9.5078125,-4.75390625,2,2256,False
*,46,93,46,93,4278,4278,0,10.1796875,-10.1796875,-5.08984375,2,2254,False
*,46,94,46,94,4324,4324,0,9.390625,-9.390625,-4.6953125,2,2256,False
*,46,95,46,95,4370,4370,0,10.328125,-10.328125,-5.1640625,2,2256,False
*,46,96,46,96,4416,4416,0,8.7421875,-8.7421875,-4.37109375,2,2256,False
*,46,97,46,97,4462,4462,0,10.0546875,-10.0546875,-5.02734375,2,2254,False
*,46,98,46,98,4508,4508,0,1.9423828125,-1.9423828125,-0.97119140625,2,2254,False
*,46,99,46,99,4554,4554,0,7.75,-7.75,-3.875,2,2254,False
*,47,10,47,10,470,470,3,8.1796875,-8.1796875,-8.1796875,1,2256,False
*,47,11,47,11,517,517,3,8.09375,-8.09375,-8.09375,1,2255,False
*,47,12,47,12,564,564,0,7.96484375,-7.96484375,-7.96484375,1,2256,False
*,47,13,47,13,611,611,1,8.28125,-8.28125,-8.28125,1,2262,False
*,47,14,47,14,658,658,0,8.2890625,-8.2890625,-4.14453125,2,1056,False
*,47,15,47,15,705,705,0,7.4296875,-7.4296875,-3.71484375,2,975,False
*,47,16,47,16,752,752,0,7.4375,-7.4375,-3.71875,2,1056,False
*,47,17,47,17,799,799,0,7.5703125,-7.5703125,-3.78515625,2,2256,False
*,47,18,47,18,846,846,0,8.0234375,-8.0234375,-4.01171875,2,2262,False
*,47,19,47,19,893,893,0,8.8671875,-8.8671875,-4.43359375,2,2255,False
*,47,20,47,20,940,940,1,7.890625,-7.890625,-3.9453125,2,2256,False
*,47,21,47,21,987,987,0,8.1875,-8.1875,-4.09375,2,2255,False
*,47,22,47,22,1034,1034,0,8.2265625,-8.2265625,-4.11328125,2,2254,False
*,47,23,47,23,1081,1081,0,8.7109375,-8.7109375,-4.35546875,2,2254,False
*,47,24,47,24,1128,1128,0,7.6015625,-7.6015625,-3.80078125,2,2262,False
*,47,25,47,25,1175,1175,0,7.7890625,-7.7890625,-3.89453125,2,2255,False
*,47,26,47,26,1222,1222,0,8.109375,-8.109375,-4.0546875,2,2262,False
*,47,27,47,27,1269,1269,0,8.625,-8.625,-4.3125,2,1728,False
*,47,28,47,28,1316,1316,0,7.2265625,-7.2265625,-3.61328125,2,1728,False
*,47,29,47,29,1363,1363,0,7.97265625,-7.97265625,-3.986328125,2,1728,False
*,47,30,47,30,1410,1410,0,7.765625,-7.765625,-3.8828125,2,1728,False
*,47,31,47,31,1457,1457,0,7.7890625,-7.7890625,-3.89453125,2,1728,False
*,47,32,47,32,1504,1504,1,7.01953125,-7.01953125,-3.509765625,2,1728,False
*,47,33,47,33,1551,1551,0,8.3203125,-8.3203125,-4.16015625,2,1728,False
*,47,34,47,34,1598,1598,0,7.40625,-7.40625,-3.703125,2,1728,False
*,47,35,47,35,1645,1645,0,7.5,-7.5,-3.75,2,1728,False
*,47,36,47,36,1692,1692,0,7.1953125,-7.1953125,-3.59765625,2,1728,False
*,47,37,47,37,1739,1739,0,8.25,-8.25,-4.125,2,1728,False
*,47,38,47,38,1786,1786,0,7.734375,-7.734375,-3.8671875,2,1728,False
*,47,39,47,39,1833,1833,0,8.0859375,-8.0859375,-4.04296875,2,2240,False
*,47,40,47,40,1880,1880,0,6.87890625,-6.87890625,-6.87890625,1,2240,False
*,47,41,47,41,1927,1927,1,7.80078125,-7.80078125,-7.80078125,1,2240,False
*,47,42,47,42,1974,1974,0,7.359375,-7.359375,-7.359375,1,2240,False
*,47,43,47,43,2021,2021,1,8.484375,-8.484375,-8.484375,1,2262,False
*,47,44,47,44,2068,2068,0,7.4921875,-7.4921875,-3.74609375,2,2240,False
*,47,45,47,45,2115,2115,0,8.5234375,-8.5234375,-4.26171875,2,2255,False
*,47,46,47,46,2162,2162,0,8.3515625,-8.3515625,-4.17578125,2,2262,False
*,47,47,47,47,2209,2209,0,8.0859375,-8.0859375,-4.04296875,2,2254,False
*,47,48,47,48,2256,2256,0,7.171875,-7.171875,-3.5859375,2,2262,False
*,47,49,47,49,2303,2303,0,8.8046875,-8.8046875,-4.40234375,2,2255,False
*,47,50,47,50,2350,2350,0,8.1484375,-8.1484375,-4.07421875,2,2256,False
*,47,51,47,51,2397,2397,0,8.953125,-8.953125,-4.4765625,2,2262,False
*,47,52,47,52,2444,2444,1,8.1953125,-8.1953125,-4.09765625,2,2240,False
*,47,53,47,53,2491,2491,0,8.9140625,-8.9140625,-4.45703125,2,1728,False
*,47,54,47,54,2538,2538,0,8.46875,-8.46875,-4.234375,2,2240,False
*,47,55,47,55,2585,2585,0,8.984375,-8.984375,-4.4921875,2,2256,False
*,47,56,47,56,2632,2632,0,8.5,-8.5,-4.25,2,2240,False
*,47,57,47,57,2679,2679,0,8.6328125,-8.6328125,-4.31640625,2,2240,False
*,47,58,47,58,2726,2726,0,9.015625,-9.015625,-4.5078125,2,2240,False
*,47,59,47,59,2773,2773,1,8.9921875,-8.9921875,-4.49609375,2,1728,False
*,47,60,47,60,2820,2820,0,8.390625,-8.390625,-4.1953125,2,1728,False
*,47,61,47,61,2867,2867,0,9.0625,-9.0625,-4.53125,2,1728,False
*,47,62,47,62,2914,2914,0,8.984375,-8.984375,-4.4921875,2,1728,False
*,47,63,47,63,2961,2961,0,9.375,-9.375,-4.6875,2,1728,False
*,47,64,47,64,3008,3008,0,9.015625,-9.015625,-4.5078125,2,1728,False
*,47,65,47,65,3055,3055,0,9.6640625,-9.6640625,-4.83203125,2,2240,False
*,47,66,47,66,3102,3102,0,9.1953125,-9.1953125,-4.59765625,2,2240,False
*,47,67,47,67,3149,3149,0,9.5703125,-9.5703125,-4.78515625,2,2240,False
*,47,68,47,68,3196,3196,0,8.609375,-8.609375,-4.3046875,2,2240,False
*,47,69,47,69,3243,3243,0,9.1328125,-9.1328125,-4.56640625,2,2240,False
*,47,70,47,70,3290,3290,0,9.2890625,-9.2890625,-4.64453125,2,2240,False
*,47,71,47,71,3337,3337,0,9.6015625,-9.6015625,-4.80078125,2,2240,False
*,47,72,47,72,3384,3384,0,7.890625,-7.890625,-3.9453125,2,2240,False
*,47,73,47,73,3431,3431,0,8.9765625,-8.9765625,-4.48828125,2,2262,False
*,47,74,47,74,3478,3478,0,8.84375,-8.84375,-4.421875,2,2240,False
*,47,75,47,75,3525,3525,0,8.984375,-8.984375,-4.4921875,2,2262,False
*,47,76,47,76,3572,3572,0,8.7109375,-8.7109375,-4.35546875,2,2240,False
*,47,77,47,77,3619,3619,0,9.109375,-9.109375,-4.5546875,2,2240,False
*,47,78,47,78,3666,3666,0,9.625,-9.625,-4.8125,2,2240,False
*,47,79,47,79,3713,3713,0,9.53125,-9.53125,-4.765625,2,2262,False
*,47,80,47,80,3760,3760,0,8.859375,-8.859375,-4.4296875,2,2240,False
*,47,81,47,81,3807,3807,0,9.4453125,-9.4453125,-4.72265625,2,2240,False
*,47,82,47,82,3854,3854,0,9.015625,-9.015625,-4.5078125,2,2240,False
*,47,83,47,83,3901,3901,0,9.75,-9.75,-4.875,2,2262,False
*,47,84,47,84,3948,3948,0,9.1484375,-9.1484375,-4.57421875,2,2240,False
*,47,85,47,85,3995,3995,0,9.21875,-9.21875,-4.609375,2,2240,False
*,47,86,47,86,4042,4042,0,9.546875,-9.546875,-4.7734375,2,2240,False
*,47,87,47,87,4089,4089,0,10.15625,-10.15625,-5.078125,2,2240,False
*,47,88,47,88,4136,4136,0,9.21875,-9.21875,-4.609375,2,2240,False
*,47,89,47,89,4183,4183,0,9.90625,-9.90625,-4.953125,2,2240,False
*,47,90,47,90,4230,4230,0,9.640625,-9.640625,-4.8203125,2,2240,False
*,47,91,47,91,4277,4277,0,10.15625,-10.15625,-5.078125,2,2256,False
*,47,92,47,92,4324,4324,0,9.40625,-9.40625,-4.703125,2,2240,False
*,47,93,47,93,4371,4371,0,10.1796875,-10.1796875,-5.08984375,2,2262,False
*,47,94,47,94,4418,4418,0,9.640625,-9.640625,-4.8203125,2,2240,False
*,47,95,47,95,4465,4465,0,10.09375,-10.09375,-5.046875,2,2256,False
*,47,96,47,96,4512,4512,0,8.8359375,-8.8359375,-4.41796875,2,2240,False
*,47,97,47,97,4559,4559,0,9.5,-9.5,-4.75,2,2254,False
*,47,98,47,98,4606,4606,0,9.734375,-9.734375,-4.8671875,2,2254,False
*,47,99,47,99,4653,4653,0,9.984375,-9.984375,-4.9921875,2,2254,False
*,48,10,48,10,480,480,6,5.90234375,-5.90234375,-5.90234375,1,792,False
*,48,11,48,11,528,528,2,7.26953125,-7.26953125,-7.26953125,1,792,False
*,48,12,48,12,576,576,3,5.9765625,-5.9765625,-5.9765625,1,792,False
*,48,13,48,13,624,624,2,7.09765625,-7.09765625,-7.09765625,1,792,False
*,48,14,48,14,672,672,1,6.96875,-6.96875,-3.484375,2,784,False
*,48,15,48,15,720,720,1,6.4140625,-6.4140625,-6.4140625,1,792,False
*,48,16,48,16,768,768,3,5.13671875,-5.13671875,-5.13671875,1,864,False
*,48,17,48,17,816,816,1,7.234375,-7.234375,-3.6171875,2,792,False
*,48,18,48,18,864,864,1,6.2265625,-6.2265625,-3.11328125,2,2240,False
*,48,19,48,19,912,912,0,7.7578125,-7.7578125,-3.87890625,2,2256,False
*,48,20,48,20,960,960,0,6.5625,-6.5625,-3.28125,2,2240,False
*,48,21,48,21,1008,1008,0,6.78125,-6.78125,-3.390625,2,2256,False
*,48,22,48,22,1056,1056,0,6.6953125,-6.6953125,-3.34765625,2,2256,False
*,48,23,48,23,1104,1104,0,7.34765625,-7.34765625,-3.673828125,2,2254,False
*,48,24,48,24,1152,1152,0,6.859375,-6.859375,-3.4296875,2,2304,False
*,48,25,48,25,1200,1200,0,6.828125,-6.828125,-6.828125,1,2384,False
*,48,26,48,26,1248,1248,0,6.875,-6.875,-3.4375,2,2240,False
*,48,27,48,27,1296,1296,0,7.21875,-7.21875,-3.609375,2,1728,False
*,48,28,48,28,1344,1344,0,6.8359375,-6.8359375,-3.41796875,2,864,False
*,48,29,48,29,1392,1392,0,7.609375,-7.609375,-3.8046875,2,2240,False
*,48,30,48,30,1440,1440,0,6.84765625,-6.84765625,-3.423828125,2,864,False
*,48,31,48,31,1488,1488,0,7.7890625,-7.7890625,-3.89453125,2,864,False
*,48,32,48,32,1536,1536,3,6.49609375,-6.49609375,-3.248046875,2,864,False
*,48,33,48,33,1584,1584,0,7.4375,-7.4375,-3.71875,2,864,False
*,48,34,48,34,1632,1632,0,7.1953125,-7.1953125,-3.59765625,2,2240,False
*,48,35,48,35,1680,1680,0,6.9375,-6.9375,-3.46875,2,864,False
*,48,36,48,36,1728,1728,1,4.8984375,-4.8984375,-2.44921875,2,864,False
*,48,37,48,37,1776,1776,0,7.56640625,-7.56640625,-3.783203125,2,864,False
*,48,38,48,38,1824,1824,0,7.1328125,-7.1328125,-3.56640625,2,2240,False
*,48,39,48,39,1872,1872,0,7.71875,-7.71875,-3.859375,2,2240,False
*,48,40,48,40,1920,1920,0,5.96484375,-5.96484375,-5.96484375,1,2304,False
*,48,41,48,41,1968,1968,0,7.2109375,-7.2109375,-7.2109375,1,2240,False
*,48,42,48,42,2016,2016,0,7.57421875,-7.57421875,-7.57421875,1,2240,False
*,48,43,48,43,2064,2064,0,7.5,-7.5,-3.75,2,2384,False
*,48,44,48,44,2112,2112,0,7.55078125,-7.55078125,-3.775390625,2,2240,False
*,48,45,48,45,2160,2160,0,8.21875,-8.21875,-4.109375,2,2240,False
*,48,46,48,46,2208,2208,0,7.9921875,-7.9921875,-3.99609375,2,2240,False
*,48,47,48,47,2256,2256,4,7.25390625,-7.25390625,-3.626953125,2,2304,False
*,48,48,48,48,2304,2304,10,6.5,-6.5,-3.25,2,2304,True
*,48,49,48,49,2352,2352,0,7.2265625,-7.2265625,-3.61328125,2,2240,False
*,48,50,48,50,2400,2400,1,6.390625,-6.390625,-3.1953125,2,2304,False
*,48,51,48,51,2448,2448,0,7.90625,-7.90625,-3.953125,2,2240,False
*,48,52,48,52,2496,2496,0,7.484375,-7.484375,-3.7421875,2,2304,False
*,48,53,48,53,2544,2544,0,7.9765625,-7.9765625,-3.98828125,2,2240,False
*,48,54,48,54,2592,2592,1,7.21875,-7.21875,-3.609375,2,2240,False
*,48,55,48,55,2640,2640,0,7.828125,-7.828125,-3.9140625,2,2240,False
*,48,56,48,56,2688,2688,0,7.49609375,-7.49609375,-3.748046875,2,2240,False
*,48,57,48,57,2736,2736,0,7.9921875,-7.9921875,-3.99609375,2,2240,False
*,48,58,48,58,2784,2784,0,8.609375,-8.609375,-4.3046875,2,2240,False
*,48,59,48,59,2832,2832,0,8.3359375,-8.3359375,-4.16796875,2,2240,False
*,48,60,48,60,2880,2880,0,7.546875,-7.546875,-3.7734375,2,2240,False
*,48,61,48,61,2928,2928,0,8.6328125,-8.6328125,-4.31640625,2,2256,False
*,48,62,48,62,2976,2976,0,8.484375,-8.484375,-4.2421875,2,2240,False
*,48,63,48,63,3024,3024,1,8.3203125,-8.3203125,-4.16015625,2,2240,False
*,48,64,48,64,3072,3072,0,7.9296875,-7.9296875,-3.96484375,2,1728,False
*,48,65,48,65,3120,3120,0,8.625,-8.625,-4.3125,2,2240,False
*,48,66,48,66,3168,3168,0,8.15625,-8.15625,-4.078125,2,2240,False
*,48,67,48,67,3216,3216,0,7.6171875,-7.6171875,-3.80859375,2,2240,False
*,48,68,48,68,3264,3264,0,7.58984375,-7.58984375,-3.794921875,2,2240,False
*,48,69,48,69,3312,3312,0,8.0,-8.0,-4.0,2,2240,False
*,48,70,48,70,3360,3360,0,8.6875,-8.6875,-4.34375,2,2240,False
*,48,71,48,71,3408,3408,0,8.0390625,-8.0390625,-4.01953125,2,2240,False
*,48,72,48,72,3456,3456,0,6.6171875,-6.6171875,-3.30859375,2,2304,False
*,48,73,48,73,3504,3504,0,7.94140625,-7.94140625,-3.970703125,2,2240,False
*,48,74,48,74,3552,3552,0,8.3828125,-8.3828125,-4.19140625,2,2304,False
*,48,75,48,75,3600,3600,1,7.5546875,-7.5546875,-3.77734375,2,2304,False
*,48,76,48,76,3648,3648,0,7.8671875,-7.8671875,-3.93359375,2,2240,False
*,48,77,48,77,3696,3696,0,8.1875,-8.1875,-4.09375,2,2384,False
*,48,78,48,78,3744,3744,0,8.28125,-8.28125,-4.140625,2,2240,False
*,48,79,48,79,3792,3792,0,8.46875,-8.46875,-4.234375,2,2240,False
*,48,80,48,80,3840,3840,0,7.0,-7.0,-3.5,2,2304,False
*,48,81,48,81,3888,3888,0,7.84765625,-7.84765625,-3.923828125,2,2240,False
*,48,82,48,82,3936,3936,0,8.5546875,-8.5546875,-4.27734375,2,2240,False
*,48,83,48,83,3984,3984,0,8.8203125,-8.8203125,-4.41015625,2,2384,False
*,48,84,48,84,4032,4032,0,7.953125,-7.953125,-3.9765625,2,2304,False
*,48,85,48,85,4080,4080,0,8.2734375,-8.2734375,-4.13671875,2,2384,False
*,48,86,48,86,4128,4128,0,8.5546875,-8.5546875,-4.27734375,2,2240,False
*,48,87,48,87,4176,4176,0,9.109375,-9.109375,-4.5546875,2,2240,False
*,48,88,48,88,4224,4224,0,8.21875,-8.21875,-4.109375,2,2240,False
*,48,89,48,89,4272,4272,0,8.59375,-8.59375,-4.296875,2,2240,False
*,48,90,48,90,4320,4320,0,8.171875,-8.171875,-4.0859375,2,2240,False
*,48,91,48,91,4368,4368,0,8.9453125,-8.9453125,-4.47265625,2,2240,False
*,48,92,48,92,4416,4416,0,8.3046875,-8.3046875,-4.15234375,2,2240,False
*,48,93,48,93,4464,4464,0,9.28125,-9.28125,-4.640625,2,2240,False
*,48,94,48,94,4512,4512,0,8.34375,-8.34375,-4.171875,2,2240,False
*,48,95,48,95,4560,4560,0,8.828125,-8.828125,-4.4140625,2,2384,False
*,48,96,48,96,4608,4608,0,6.8359375,-6.8359375,-3.41796875,2,2240,False
*,48,97,48,97,4656,4656,0,9.171875,-9.171875,-4.5859375,2,2240,False
*,48,98,48,98,4704,4704,0,7.90234375,-7.90234375,-3.951171875,2,2254,False
*,48,99,48,99,4752,4752,0,8.1015625,-8.1015625,-4.05078125,2,3456,False
*,49,10,49,10,490,490,0,7.2109375,-7.2109375,-7.2109375,1,2256,False
*,49,11,49,11,539,539,1,7.89453125,-7.89453125,-7.89453125,1,2256,False
*,49,12,49,12,588,588,0,6.9453125,-6.9453125,-3.47265625,2,792,False
*,49,13,49,13,637,637,0,8.3828125,-8.3828125,-4.19140625,2,2375,False
*,49,14,49,14,686,686,0,7.828125,-7.828125,-3.9140625,2,984,False
*,49,15,49,15,735,735,0,7.3359375,-7.3359375,-3.66796875,2,975,False
*,49,16,49,16,784,784,0,6.8203125,-6.8203125,-3.41015625,2,784,True
*,49,17,49,17,833,833,0,7.99609375,-7.99609375,-3.998046875,2,795,False
*,49,18,49,18,882,882,0,8.453125,-8.453125,-4.2265625,2,2384,False
*,49,19,49,19,931,931,0,8.046875,-8.046875,-4.0234375,2,2255,False
*,49,20,49,20,980,980,0,7.8984375,-7.8984375,-3.94921875,2,2384,False
*,49,21,49,21,1029,1029,1,8.0234375,-8.0234375,-4.01171875,2,2256,False
*,49,22,49,22,1078,1078,0,8.1796875,-8.1796875,-4.08984375,2,2256,False
*,49,23,49,23,1127,1127,0,7.88671875,-7.88671875,-3.943359375,2,2254,False
*,49,24,49,24,1176,1176,0,7.8359375,-7.8359375,-3.91796875,2,2384,False
*,49,25,49,25,1225,1225,0,7.484375,-7.484375,-3.7421875,2,2375,False
*,49,26,49,26,1274,1274,0,7.96875,-7.96875,-3.984375,2,2384,False
*,49,27,49,27,1323,1323,0,8.3828125,-8.3828125,-4.19140625,2,1728,False
*,49,28,49,28,1372,1372,0,7.5234375,-7.5234375,-3.76171875,2,1728,False
*,49,29,49,29,1421,1421,0,7.91796875,-7.91796875,-3.958984375,2,1728,False
*,49,30,49,30,1470,1470,0,7.90625,-7.90625,-3.953125,2,2240,False
*,49,31,49,31,1519,1519,0,8.140625,-8.140625,-4.0703125,2,1728,False
*,49,32,49,32,1568,1568,0,7.04296875,-7.04296875,-3.521484375,2,1728,False
*,49,33,49,33,1617,1617,0,8.2734375,-8.2734375,-4.13671875,2,864,False
*,49,34,49,34,1666,1666,0,7.85546875,-7.85546875,-3.927734375,2,1728,False
*,49,35,49,35,1715,1715,0,8.1171875,-8.1171875,-4.05859375,2,975,False
*,49,36,49,36,1764,1764,1,7.2421875,-7.2421875,-3.62109375,2,1728,False
*,49,37,49,37,1813,1813,0,7.5859375,-7.5859375,-3.79296875,2,2375,False
*,49,38,49,38,1862,1862,0,7.55078125,-7.55078125,-7.55078125,1,2384,False
*,49,39,49,39,1911,1911,0,7.453125,-7.453125,-7.453125,1,2375,False
*,49,40,49,40,1960,1960,0,7.05078125,-7.05078125,-7.05078125,1,2384,False
*,49,41,49,41,2009,2009,0,7.890625,-7.890625,-7.890625,1,2375,False
*,49,42,49,42,2058,2058,1,8.359375,-8.359375,-4.1796875,2,2384,False
*,49,43,49,43,2107,2107,1,8.6796875,-8.6796875,-4.33984375,2,2375,False
*,49,44,49,44,2156,2156,0,8.171875,-8.171875,-4.0859375,2,2384,False
*,49,45,49,45,2205,2205,0,8.0234375,-8.0234375,-4.01171875,2,2375,False
*,49,46,49,46,2254,2254,0,7.6484375,-7.6484375,-3.82421875,2,2262,False
*,49,47,49,47,2303,2303,0,8.9453125,-8.9453125,-4.47265625,2,2262,False
*,49,48,49,48,2352,2352,1,7.0703125,-7.0703125,-3.53515625,2,2384,False
*,49,49,49,49,2401,2401,6,8.0703125,-8.0703125,-4.03515625,2,2255,False
*,49,50,49,50,2450,2450,0,8.7578125,-8.7578125,-4.37890625,2,2256,False
*,49,51,49,51,2499,2499,0,8.984375,-8.984375,-4.4921875,2,2256,False
*,49,52,49,52,2548,2548,1,8.0625,-8.0625,-4.03125,2,2240,False
*,49,53,49,53,2597,2597,0,8.8125,-8.8125,-4.40625,2,2375,False
*,49,54,49,54,2646,2646,0,7.984375,-7.984375,-3.9921875,2,2384,False
*,49,55,49,55,2695,2695,0,8.109375,-8.109375,-4.0546875,2,2375,False
*,49,56,49,56,2744,2744,0,8.1484375,-8.1484375,-4.07421875,2,2384,False
*,49,57,49,57,2793,2793,0,8.6875,-8.6875,-4.34375,2,2375,False
*,49,58,49,58,2842,2842,0,8.34375,-8.34375,-4.171875,2,2384,False
*,49,59,49,59,2891,2891,0,9.6875,-9.6875,-4.84375,2,2240,False
*,49,60,49,60,2940,2940,0,8.4921875,-8.4921875,-4.24609375,2,2240,False
*,49,61,49,61,2989,2989,0,9.203125,-9.203125,-4.6015625,2,2254,False
*,49,62,49,62,3038,3038,0,9.390625,-9.390625,-4.6953125,2,2256,False
*,49,63,49,63,3087,3087,0,9.171875,-9.171875,-4.5859375,2,2375,False
*,49,64,49,64,3136,3136,0,8.09375,-8.09375,-4.046875,2,1728,False
*,49,65,49,65,3185,3185,0,9.640625,-9.640625,-4.8203125,2,2375,False
*,49,66,49,66,3234,3234,0,8.9375,-8.9375,-4.46875,2,2384,False
*,49,67,49,67,3283,3283,0,9.3046875,-9.3046875,-4.65234375,2,2375,False
*,49,68,49,68,3332,3332,0,8.734375,-8.734375,-4.3671875,2,2384,False
*,49,69,49,69,3381,3381,0,8.8984375,-8.8984375,-4.44921875,2,2240,False
*,49,70,49,70,3430,3430,0,9.1484375,-9.1484375,-4.57421875,2,2384,False
*,49,71,49,71,3479,3479,0,8.75,-8.75,-4.375,2,2375,False
*,49,72,49,72,3528,3528,0,7.9296875,-7.9296875,-3.96484375,2,2384,False
*,49,73,49,73,3577,3577,0,9.5703125,-9.5703125,-4.78515625,2,2375,False
*,49,74,49,74,3626,3626,0,9.0546875,-9.0546875,-4.52734375,2,2384,False
*,49,75,49,75,3675,3675,0,9.0703125,-9.0703125,-4.53515625,2,2375,False
*,49,76,49,76,3724,3724,0,8.6875,-8.6875,-4.34375,2,2384,False
*,49,77,49,77,3773,3773,0,8.796875,-8.796875,-4.3984375,2,2375,False
*,49,78,49,78,3822,3822,0,9.3203125,-9.3203125,-4.66015625,2,2384,False
*,49,79,49,79,3871,3871,0,9.328125,-9.328125,-4.6640625,2,2384,False
*,49,80,49,80,3920,3920,0,8.640625,-8.640625,-4.3203125,2,2240,False
*,49,81,49,81,3969,3969,0,9.265625,-9.265625,-4.6328125,2,2384,False
*,49,82,49,82,4018,4018,0,9.1640625,-9.1640625,-4.58203125,2,2384,False
*,49,83,49,83,4067,4067,0,9.2421875,-9.2421875,-4.62109375,2,2384,False
*,49,84,49,84,4116,4116,0,9.0234375,-9.0234375,-4.51171875,2,2384,False
*,49,85,49,85,4165,4165,0,10.0625,-10.0625,-5.03125,2,2384,False
*,49,86,49,86,4214,4214,0,9.25,-9.25,-4.625,2,2384,False
*,49,87,49,87,4263,4263,0,10.140625,-10.140625,-5.0703125,2,2384,False
*,49,88,49,88,4312,4312,0,8.78125,-8.78125,-4.390625,2,2384,False
*,49,89,49,89,4361,4361,0,10.359375,-10.359375,-5.1796875,2,2240,False
*,49,90,49,90,4410,4410,0,9.3359375,-9.3359375,-4.66796875,2,2240,False
*,49,91,49,91,4459,4459,0,9.84375,-9.84375,-4.921875,2,2256,False
*,49,92,49,92,4508,4508,0,7.6484375,-7.6484375,-3.82421875,2,2384,False
*,49,93,49,93,4557,4557,0,9.2421875,-9.2421875,-4.62109375,2,2375,False
*,49,94,49,94,4606,4606,0,9.7890625,-9.7890625,-4.89453125,2,2240,False
*,49,95,49,95,4655,4655,1,10.2734375,-10.2734375,-5.13671875,2,2384,False
*,49,96,49,96,4704,4704,0,8.5859375,-8.5859375,-4.29296875,2,2240,False
*,49,97,49,97,4753,4753,0,10.0625,-10.0625,-5.03125,2,2254,False
*,49,98,49,98,4802,4802,0,8.1796875,-8.1796875,-4.08984375,2,2254,False
*,49,99,49,99,4851,4851,0,10.453125,-10.453125,-5.2265625,2,3016,False
*,50,10,50,10,500,500,16,5.92578125,-5.92578125,-5.92578125,1,2256,False
*,50,11,50,11,550,550,4,7.80078125,-7.80078125,-7.80078125,1,2256,False
*,50,12,50,12,600,600,8,6.96875,-6.96875,-6.96875,1,792,False
*,50,13,50,13,650,650,1,8.21875,-8.21875,-8.21875,1,2256,False
*,50,14,50,14,700,700,1,7.06640625,-7.06640625,-7.06640625,1,792,False
*,50,15,50,15,750,750,1,6.94921875,-6.94921875,-6.94921875,1,792,False
*,50,16,50,16,800,800,3,6.5859375,-6.5859375,-6.5859375,1,864,False
*,50,17,50,17,850,850,0,7.56640625,-7.56640625,-7.56640625,1,792,False
*,50,18,50,18,900,900,1,7.390625,-7.390625,-7.390625,1,792,False
*,50,19,50,19,950,950,0,7.73828125,-7.73828125,-7.73828125,1,2256,False
*,50,20,50,20,1000,1000,10,5.84375,-5.84375,-5.84375,1,2256,False
*,50,21,50,21,1050,1050,0,7.14453125,-7.14453125,-3.572265625,2,2256,False
*,50,22,50,22,1100,1100,0,7.0703125,-7.0703125,-7.0703125,1,2256,False
*,50,23,50,23,1150,1150,0,8.953125,-8.953125,-4.4765625,2,2254,False
*,50,24,50,24,1200,1200,6,6.625,-6.625,-6.625,1,2304,False
*,50,25,50,25,1250,1250,5,7.48828125,-7.48828125,-3.744140625,2,2256,False
*,50,26,50,26,1300,1300,1,7.3671875,-7.3671875,-7.3671875,1,2384,False
*,50,27,50,27,1350,1350,0,7.84375,-7.84375,-3.921875,2,1728,False
*,50,28,50,28,1400,1400,0,6.80859375,-6.80859375,-6.80859375,1,2384,False
*,50,29,50,29,1450,1450,0,8.25,-8.25,-4.125,2,2256,False
*,50,30,50,30,1500,1500,4,6.6328125,-6.6328125,-6.6328125,1,2256,False
*,50,31,50,31,1550,1550,2,8.203125,-8.203125,-4.1015625,2,792,False
*,50,32,50,32,1600,1600,1,6.45703125,-6.45703125,-6.45703125,1,864,False
*,50,33,50,33,1650,1650,0,7.75,-7.75,-3.875,2,792,False
*,50,34,50,34,1700,1700,0,7.328125,-7.328125,-3.6640625,2,2384,False
*,50,35,50,35,1750,1750,1,7.6875,-7.6875,-3.84375,2,1728,False
*,50,36,50,36,1800,1800,0,6.796875,-6.796875,-6.796875,1,864,False
*,50,37,50,37,1850,1850,0,7.33203125,-7.33203125,-7.33203125,1,2384,False
*,50,38,50,38,1900,1900,0,7.14453125,-7.14453125,-7.14453125,1,2384,False
*,50,39,50,39,1950,1950,0,7.2421875,-7.2421875,-7.2421875,1,2384,False
*,50,40,50,40,2000,2000,3,6.125,-6.125,-6.125,1,2304,False
*,50,41,50,41,2050,2050,0,8.3125,-8.3125,-4.15625,2,2256,False
*,50,42,50,42,2100,2100,3,8.3359375,-8.3359375,-4.16796875,2,2256,False
*,50,43,50,43,2150,2150,0,8.8125,-8.8125,-4.40625,2,2384,False
*,50,44,50,44,2200,2200,1,7.875,-7.875,-3.9375,2,2384,False
*,50,45,50,45,2250,2250,1,7.546875,-7.546875,-3.7734375,2,2250,True
*,50,46,50,46,2300,2300,0,7.46484375,-7.46484375,-3.732421875,2,2304,False
*,50,47,50,47,2350,2350,0,8.2890625,-8.2890625,-4.14453125,2,2250,False
*,50,48,50,48,2400,2400,0,6.40625,-6.40625,-3.203125,2,2304,False
*,50,49,50,49,2450,2450,5,8.734375,-8.734375,-4.3671875,2,2250,False
*,50,50,50,50,2500,2500,39,5.39453125,-5.39453125,-5.39453125,1,2250,False
*,50,51,50,51,2550,2550,0,8.375,-8.375,-4.1875,2,2256,False
*,50,52,50,52,2600,2600,0,7.078125,-7.078125,-3.5390625,2,2304,False
*,50,53,50,53,2650,2650,0,8.078125,-8.078125,-4.0390625,2,2256,False
*,50,54,50,54,2700,2700,0,7.9609375,-7.9609375,-3.98046875,2,2304,False
*,50,55,50,55,2750,2750,0,8.6953125,-8.6953125,-4.34765625,2,2250,False
*,50,56,50,56,2800,2800,0,7.09375,-7.09375,-3.546875,2,2304,False
*,50,57,50,57,2850,2850,0,8.53125,-8.53125,-4.265625,2,2384,False
*,50,58,50,58,2900,2900,0,8.421875,-8.421875,-4.2109375,2,2384,False
*,50,59,50,59,2950,2950,0,9.0234375,-9.0234375,-4.51171875,2,2256,False
*,50,60,50,60,3000,3000,3,7.4453125,-7.4453125,-7.4453125,1,2256,False
*,50,61,50,61,3050,3050,0,8.984375,-8.984375,-4.4921875,2,2254,False
*,50,62,50,62,3100,3100,0,8.9453125,-8.9453125,-4.47265625,2,2256,False
*,50,63,50,63,3150,3150,0,9.5390625,-9.5390625,-4.76953125,2,2256,False
*,50,64,50,64,3200,3200,0,8.390625,-8.390625,-4.1953125,2,1728,False
*,50,65,50,65,3250,3250,0,9.3359375,-9.3359375,-4.66796875,2,2256,False
*,50,66,50,66,3300,3300,0,8.0234375,-8.0234375,-4.01171875,2,2384,False
*,50,67,50,67,3350,3350,0,8.453125,-8.453125,-4.2265625,2,2384,False
*,50,68,50,68,3400,3400,0,8.4765625,-8.4765625,-4.23828125,2,2384,False
*,50,69,50,69,3450,3450,1,9.15625,-9.15625,-4.578125,2,2304,False
*,50,70,50,70,3500,3500,2,8.09375,-8.09375,-4.046875,2,2240,False
*,50,71,50,71,3550,3550,0,8.765625,-8.765625,-4.3828125,2,2384,False
*,50,72,50,72,3600,3600,2,7.390625,-7.390625,-3.6953125,2,2304,False
*,50,73,50,73,3650,3650,0,8.8359375,-8.8359375,-4.41796875,2,2384,False
*,50,74,50,74,3700,3700,0,9.59375,-9.59375,-4.796875,2,2304,False
*,50,75,50,75,3750,3750,0,9.125,-9.125,-4.5625,2,2250,False
*,50,76,50,76,3800,3800,0,8.609375,-8.609375,-4.3046875,2,2304,False
*,50,77,50,77,3850,3850,0,8.7578125,-8.7578125,-4.37890625,2,2384,False
*,50,78,50,78,3900,3900,0,9.4375,-9.4375,-4.71875,2,2384,False
*,50,79,50,79,3950,3950,0,9.359375,-9.359375,-4.6796875,2,2384,False
*,50,80,50,80,4000,4000,7,7.125,-7.125,-7.125,1,2304,False
*,50,81,50,81,4050,4050,0,9.046875,-9.046875,-4.5234375,2,2256,False
*,50,82,50,82,4100,4100,0,8.9296875,-8.9296875,-4.46484375,2,2384,False
*,50,83,50,83,4150,4150,0,9.859375,-9.859375,-4.9296875,2,2384,False
*,50,84,50,84,4200,4200,0,8.28125,-8.28125,-4.140625,2,2304,False
*,50,85,50,85,4250,4250,0,9.1640625,-9.1640625,-4.58203125,2,3456,False
*,50,86,50,86,4300,4300,0,9.640625,-9.640625,-4.8203125,2,2240,False
*,50,87,50,87,4350,4350,0,9.15625,-9.15625,-4.578125,2,2384,False
*,50,88,50,88,4400,4400,0,7.640625,-7.640625,-3.8203125,2,2384,False
*,50,89,50,89,4450,4450,0,9.3515625,-9.3515625,-4.67578125,2,3456,False
*,50,90,50,90,4500,4500,1,7.53125,-7.53125,-3.765625,2,2256,False
*,50,91,50,91,4550,4550,0,9.0390625,-9.0390625,-4.51953125,2,2256,False
*,50,92,50,92,4600,4600,0,8.7734375,-8.7734375,-4.38671875,2,2384,False
*,50,93,50,93,4650,4650,0,9.171875,-9.171875,-4.5859375,2,3456,False
*,50,94,50,94,4700,4700,0,9.1484375,-9.1484375,-4.57421875,2,2240,False
*,50,95,50,95,4750,4750,0,9.359375,-9.359375,-4.6796875,2,2384,False
*,50,96,50,96,4800,4800,0,7.0234375,-7.0234375,-3.51171875,2,2304,False
*,50,97,50,97,4850,4850,1,9.359375,-9.359375,-4.6796875,2,3016,False
*,50,98,50,98,4900,4900,0,8.2421875,-8.2421875,-4.12109375,2,2254,False
*,50,99,50,99,4950,4950,1,9.359375,-9.359375,-4.6796875,2,3456,False
*,51,10,51,10,510,510,0,7.5234375,-7.5234375,-7.5234375,1,2256,False
*,51,11,51,11,561,561,0,7.8046875,-7.8046875,-7.8046875,1,792,False
*,51,12,51,12,612,612,0,7.96875,-7.96875,-7.96875,1,792,False
*,51,13,51,13,663,663,0,7.9140625,-7.9140625,-3.95703125,2,795,False
*,51,14,51,14,714,714,0,7.296875,-7.296875,-3.6484375,2,792,False
*,51,15,51,15,765,765,0,7.29296875,-7.29296875,-3.646484375,2,795,False
*,51,16,51,16,816,816,0,7.30078125,-7.30078125,-3.650390625,2,792,False
*,51,17,51,17,867,867,0,7.24609375,-7.24609375,-3.623046875,2,795,False
*,51,18,51,18,918,918,0,8.0390625,-8.0390625,-4.01953125,2,2384,False
*,51,19,51,19,969,969,0,8.1953125,-8.1953125,-4.09765625,2,2256,False
*,51,20,51,20,1020,1020,1,7.4296875,-7.4296875,-3.71484375,2,2256,False
*,51,21,51,21,1071,1071,0,7.375,-7.375,-3.6875,2,2256,False
*,51,22,51,22,1122,1122,0,7.5546875,-7.5546875,-3.77734375,2,2256,False
*,51,23,51,23,1173,1173,0,8.15625,-8.15625,-4.078125,2,2254,False
*,51,24,51,24,1224,1224,1,7.67578125,-7.67578125,-3.837890625,2,2256,False
*,51,25,51,25,1275,1275,0,7.703125,-7.703125,-3.8515625,2,2256,False
*,51,26,51,26,1326,1326,0,7.68359375,-7.68359375,-3.841796875,2,2384,False
*,51,27,51,27,1377,1377,0,7.90234375,-7.90234375,-3.951171875,2,1728,False
*,51,28,51,28,1428,1428,1,7.53515625,-7.53515625,-3.767578125,2,1728,False
*,51,29,51,29,1479,1479,1,8.296875,-8.296875,-4.1484375,2,1728,False
*,51,30,51,30,1530,1530,1,7.9296875,-7.9296875,-3.96484375,2,1728,False
*,51,31,51,31,1581,1581,0,8.265625,-8.265625,-4.1328125,2,955,False
*,51,32,51,32,1632,1632,0,7.3671875,-7.3671875,-3.68359375,2,1728,False
*,51,33,51,33,1683,1683,0,8.1640625,-8.1640625,-4.08203125,2,975,False
*,51,34,51,34,1734,1734,0,7.671875,-7.671875,-3.8359375,2,1728,False
*,51,35,51,35,1785,1785,0,8.125,-8.125,-4.0625,2,795,False
*,51,36,51,36,1836,1836,0,8.09375,-8.09375,-4.046875,2,936,False
*,51,37,51,37,1887,1887,0,7.61328125,-7.61328125,-7.61328125,1,1728,False
*,51,38,51,38,1938,1938,0,7.57421875,-7.57421875,-7.57421875,1,2384,False
*,51,39,51,39,1989,1989,0,7.33203125,-7.33203125,-7.33203125,1,2384,False
*,51,40,51,40,2040,2040,0,7.88671875,-7.88671875,-3.943359375,2,2384,False
*,51,41,51,41,2091,2091,0,8.359375,-8.359375,-4.1796875,2,2256,False
*,51,42,51,42,2142,2142,0,8.1640625,-8.1640625,-4.08203125,2,2256,False
*,51,43,51,43,2193,2193,0,8.75,-8.75,-4.375,2,2384,False
*,51,44,51,44,2244,2244,0,7.75,-7.75,-3.875,2,2384,False
*,51,45,51,45,2295,2295,0,8.28125,-8.28125,-4.140625,2,2375,False
*,51,46,51,46,2346,2346,0,7.8515625,-7.8515625,-3.92578125,2,2126,False
*,51,47,51,47,2397,2397,0,8.953125,-8.953125,-4.4765625,2,2126,False
*,51,48,51,48,2448,2448,0,8.0234375,-8.0234375,-4.01171875,2,2384,False
*,51,49,51,49,2499,2499,0,8.9296875,-8.9296875,-4.46484375,2,2255,False
*,51,50,51,50,2550,2550,1,8.390625,-8.390625,-4.1953125,2,2250,False
*,51,51,51,51,2601,2601,5,8.5625,-8.5625,-4.28125,2,1728,False
*,51,52,51,52,2652,2652,0,8.0078125,-8.0078125,-4.00390625,2,2256,False
*,51,53,51,53,2703,2703,0,9.21875,-9.21875,-4.609375,2,2256,False
*,51,54,51,54,2754,2754,0,8.4921875,-8.4921875,-4.24609375,2,2256,False
*,51,55,51,55,2805,2805,0,9.359375,-9.359375,-4.6796875,2,2256,False
*,51,56,51,56,2856,2856,0,8.3359375,-8.3359375,-4.16796875,2,2384,False
*,51,57,51,57,2907,2907,0,8.90625,-8.90625,-4.453125,2,2256,False
*,51,58,51,58,2958,2958,0,8.515625,-8.515625,-4.2578125,2,2384,False
*,51,59,51,59,3009,3009,0,8.7109375,-8.7109375,-4.35546875,2,2126,False
*,51,60,51,60,3060,3060,0,8.5078125,-8.5078125,-4.25390625,2,2256,False
*,51,61,51,61,3111,3111,0,9.5546875,-9.5546875,-4.77734375,2,2256,False
*,51,62,51,62,3162,3162,0,9.1875,-9.1875,-4.59375,2,2256,False
*,51,63,51,63,3213,3213,0,8.7578125,-8.7578125,-4.37890625,2,2256,False
*,51,64,51,64,3264,3264,0,7.91796875,-7.91796875,-3.958984375,2,1728,False
*,51,65,51,65,3315,3315,0,8.890625,-8.890625,-4.4453125,2,2256,False
*,51,66,51,66,3366,3366,0,8.84375,-8.84375,-4.421875,2,2384,False
*,51,67,51,67,3417,3417,0,8.8984375,-8.8984375,-4.44921875,2,2375,False
*,51,68,51,68,3468,3468,0,8.15625,-8.15625,-4.078125,2,2384,False
*,51,69,51,69,3519,3519,0,9.0625,-9.0625,-4.53125,2,2240,False
*,51,70,51,70,3570,3570,0,8.796875,-8.796875,-4.3984375,2,2384,False
*,51,71,51,71,3621,3621,0,9.1953125,-9.1953125,-4.59765625,2,2126,False
*,51,72,51,72,3672,3672,0,8.4375,-8.4375,-4.21875,2,2304,False
*,51,73,51,73,3723,3723,0,9.375,-9.375,-4.6875,2,2384,False
*,51,74,51,74,3774,3774,0,8.875,-8.875,-4.4375,2,2384,False
*,51,75,51,75,3825,3825,0,8.9921875,-8.9921875,-4.49609375,2,2256,False
*,51,76,51,76,3876,3876,0,8.96875,-8.96875,-4.484375,2,2384,False
*,51,77,51,77,3927,3927,0,9.40625,-9.40625,-4.703125,2,2384,False
*,51,78,51,78,3978,3978,0,9.578125,-9.578125,-4.7890625,2,2384,False
*,51,79,51,79,4029,4029,0,9.8125,-9.8125,-4.90625,2,2384,False
*,51,80,51,80,4080,4080,1,8.2890625,-8.2890625,-4.14453125,2,2240,False
*,51,81,51,81,4131,4131,0,9.890625,-9.890625,-4.9453125,2,2256,False
*,51,82,51,82,4182,4182,0,10.15625,-10.15625,-5.078125,2,2256,False
*,51,83,51,83,4233,4233,0,10.4140625,-10.4140625,-5.20703125,2,2384,False
*,51,84,51,84,4284,4284,0,8.6875,-8.6875,-4.34375,2,2384,False
*,51,85,51,85,4335,4335,1,9.8984375,-9.8984375,-4.94921875,2,2384,False
*,51,86,51,86,4386,4386,0,9.75,-9.75,-4.875,2,2384,False
*,51,87,51,87,4437,4437,0,10.0625,-10.0625,-5.03125,2,2256,False
*,51,88,51,88,4488,4488,0,9.5234375,-9.5234375,-4.76171875,2,2384,False
*,51,89,51,89,4539,4539,0,9.4375,-9.4375,-4.71875,2,2256,False
*,51,90,51,90,4590,4590,0,8.828125,-8.828125,-4.4140625,2,2240,False
*,51,91,51,91,4641,4641,0,9.65625,-9.65625,-4.828125,2,2256,False
*,51,92,51,92,4692,4692,0,8.734375,-8.734375,-4.3671875,2,2384,False
*,51,93,51,93,4743,4743,0,9.703125,-9.703125,-4.8515625,2,2375,False
*,51,94,51,94,4794,4794,0,9.71875,-9.71875,-4.859375,2,2384,False
*,51,95,51,95,4845,4845,0,9.65625,-9.65625,-4.828125,2,2384,False
*,51,96,51,96,4896,4896,0,8.8046875,-8.8046875,-4.40234375,2,3456,False
*,51,97,51,97,4947,4947,0,9.796875,-9.796875,-4.8984375,2,3456,False
*,51,98,51,98,4998,4998,0,9.34375,-9.34375,-4.671875,2,2254,False
*,51,99,51,99,5049,5049,0,9.0859375,-9.0859375,-4.54296875,2,3456,False
*,52,10,52,10,520,520,0,7.27734375,-7.27734375,-7.27734375,1,2256,False
*,52,11,52,11,572,572,0,7.2421875,-7.2421875,-3.62109375,2,2256,False
*,52,12,52,12,624,624,0,6.71875,-6.71875,-6.71875,1,792,False
*,52,13,52,13,676,676,0,7.359375,-7.359375,-3.6796875,2,2256,False
*,52,14,52,14,728,728,1,6.703125,-6.703125,-3.3515625,2,792,False
*,52,15,52,15,780,780,1,7.8828125,-7.8828125,-7.8828125,1,792,False
*,52,16,52,16,832,832,1,6.46484375,-6.46484375,-3.232421875,2,864,False
*,52,17,52,17,884,884,0,7.67578125,-7.67578125,-3.837890625,2,792,False
*,52,18,52,18,936,936,0,7.37109375,-7.37109375,-3.685546875,2,2384,False
*,52,19,52,19,988,988,0,8.265625,-8.265625,-4.1328125,2,2384,False
*,52,20,52,20,1040,1040,1,6.4296875,-6.4296875,-3.21484375,2,2384,False
*,52,21,52,21,1092,1092,0,7.15625,-7.15625,-3.578125,2,2256,False
*,52,22,52,22,1144,1144,0,7.46875,-7.46875,-3.734375,2,2256,False
*,52,23,52,23,1196,1196,0,8.140625,-8.140625,-4.0703125,2,2254,False
*,52,24,52,24,1248,1248,0,6.921875,-6.921875,-3.4609375,2,2304,False
*,52,25,52,25,1300,1300,0,7.39453125,-7.39453125,-7.39453125,1,2384,False
*,52,26,52,26,1352,1352,0,7.26171875,-7.26171875,-3.630859375,2,2240,False
*,52,27,52,27,1404,1404,0,7.19140625,-7.19140625,-3.595703125,2,1728,False
*,52,28,52,28,1456,1456,0,6.734375,-6.734375,-3.3671875,2,2384,False
*,52,29,52,29,1508,1508,0,7.12109375,-7.12109375,-3.560546875,2,2256,False
*,52,30,52,30,1560,1560,1,7.07421875,-7.07421875,-3.537109375,2,2240,False
*,52,31,52,31,1612,1612,0,7.671875,-7.671875,-3.8359375,2,1728,False
*,52,32,52,32,1664,1664,0,6.1640625,-6.1640625,-3.08203125,2,1728,False
*,52,33,52,33,1716,1716,0,7.6328125,-7.6328125,-3.81640625,2,1728,False
*,52,34,52,34,1768,1768,0,5.92578125,-5.92578125,-2.962890625,2,2384,False
*,52,35,52,35,1820,1820,0,9.0390625,-9.0390625,-4.51953125,2,1728,False
*,52,36,52,36,1872,1872,0,7.5,-7.5,-3.75,2,2304,False
*,52,37,52,37,1924,1924,0,7.7578125,-7.7578125,-7.7578125,1,2384,False
*,52,38,52,38,1976,1976,0,7.5625,-7.5625,-7.5625,1,2384,False
*,52,39,52,39,2028,2028,0,7.859375,-7.859375,-3.9296875,2,2384,False
*,52,40,52,40,2080,2080,1,7.23828125,-7.23828125,-3.619140625,2,2304,False
*,52,41,52,41,2132,2132,0,8.4453125,-8.4453125,-4.22265625,2,2384,False
*,52,42,52,42,2184,2184,0,7.5859375,-7.5859375,-3.79296875,2,2240,False
*,52,43,52,43,2236,2236,0,8.1796875,-8.1796875,-4.08984375,2,2384,False
*,52,44,52,44,2288,2288,0,7.6484375,-7.6484375,-3.82421875,2,2384,False
*,52,45,52,45,2340,2340,0,8.3046875,-8.3046875,-4.15234375,2,2384,False
*,52,46,52,46,2392,2392,0,8.765625,-8.765625,-4.3828125,2,2384,False
*,52,47,52,47,2444,2444,0,8.046875,-8.046875,-4.0234375,2,2384,False
*,52,48,52,48,2496,2496,0,7.671875,-7.671875,-3.8359375,2,2304,False
*,52,49,52,49,2548,2548,0,8.015625,-8.015625,-4.0078125,2,2240,False
*,52,50,52,50,2600,2600,2,6.9375,-6.9375,-3.46875,2,2256,False
*,52,51,52,51,2652,2652,5,7.984375,-7.984375,-3.9921875,2,2256,False
*,52,52,52,52,2704,2704,1,8.4140625,-8.4140625,-4.20703125,2,2256,False
*,52,53,52,53,2756,2756,0,8.6484375,-8.6484375,-4.32421875,2,2256,False
*,52,54,52,54,2808,2808,0,7.80078125,-7.80078125,-3.900390625,2,2304,False
*,52,55,52,55,2860,2860,0,8.7265625,-8.7265625,-4.36328125,2,2256,False
*,52,56,52,56,2912,2912,0,7.9296875,-7.9296875,-3.96484375,2,2240,False
*,52,57,52,57,2964,2964,0,8.5859375,-8.5859375,-4.29296875,2,2384,False
*,52,58,52,58,3016,3016,1,7.90625,-7.90625,-3.953125,2,2240,False
*,52,59,52,59,3068,3068,0,8.1171875,-8.1171875,-4.05859375,2,2240,False
*,52,60,52,60,3120,3120,0,8.28125,-8.28125,-4.140625,2,2240,False
*,52,61,52,61,3172,3172,0,9.125,-9.125,-4.5625,2,2256,False
*,52,62,52,62,3224,3224,0,8.796875,-8.796875,-4.3984375,2,2384,False
*,52,63,52,63,3276,3276,0,8.890625,-8.890625,-4.4453125,2,2384,False
*,52,64,52,64,3328,3328,0,7.765625,-7.765625,-3.8828125,2,2304,False
*,52,65,52,65,3380,3380,0,8.765625,-8.765625,-4.3828125,2,2384,False
*,52,66,52,66,3432,3432,0,8.3671875,-8.3671875,-4.18359375,2,2240,False
*,52,67,52,67,3484,3484,0,8.46875,-8.46875,-4.234375,2,2240,False
*,52,68,52,68,3536,3536,0,7.703125,-7.703125,-3.8515625,2,2384,False
*,52,69,52,69,3588,3588,0,8.359375,-8.359375,-4.1796875,2,2240,False
*,52,70,52,70,3640,3640,0,7.78125,-7.78125,-3.890625,2,2240,False
*,52,71,52,71,3692,3692,0,8.28125,-8.28125,-4.140625,2,2384,False
*,52,72,52,72,3744,3744,0,8.1015625,-8.1015625,-4.05078125,2,2304,False
*,52,73,52,73,3796,3796,0,8.6015625,-8.6015625,-4.30078125,2,2384,False
*,52,74,52,74,3848,3848,0,8.8046875,-8.8046875,-4.40234375,2,2304,False
*,52,75,52,75,3900,3900,0,9.328125,-9.328125,-4.6640625,2,2304,False
*,52,76,52,76,3952,3952,0,8.2578125,-8.2578125,-4.12890625,2,2304,False
*,52,77,52,77,4004,4004,0,8.5546875,-8.5546875,-4.27734375,2,2384,False
*,52,78,52,78,4056,4056,0,9.15625,-9.15625,-4.578125,2,2240,False
*,52,79,52,79,4108,4108,0,9.46875,-9.46875,-4.734375,2,2384,False
*,52,80,52,80,4160,4160,0,8.203125,-8.203125,-4.1015625,2,2304,False
*,52,81,52,81,4212,4212,0,8.9296875,-8.9296875,-4.46484375,2,2304,False
*,52,82,52,82,4264,4264,0,9.1640625,-9.1640625,-4.58203125,2,2240,False
*,52,83,52,83,4316,4316,0,8.828125,-8.828125,-4.4140625,2,2384,False
*,52,84,52,84,4368,4368,0,7.87890625,-7.87890625,-3.939453125,2,2304,False
*,52,85,52,85,4420,4420,0,9.078125,-9.078125,-4.5390625,2,2384,False
*,52,86,52,86,4472,4472,0,8.6875,-8.6875,-4.34375,2,2384,False
*,52,87,52,87,4524,4524,0,8.921875,-8.921875,-4.4609375,2,2384,False
*,52,88,52,88,4576,4576,0,8.34375,-8.34375,-4.171875,2,2240,False
*,52,89,52,89,4628,4628,0,8.84375,-8.84375,-4.421875,2,2240,False
*,52,90,52,90,4680,4680,0,8.5546875,-8.5546875,-4.27734375,2,2240,False
*,52,91,52,91,4732,4732,0,9.78125,-9.78125,-4.890625,2,2240,False
*,52,92,52,92,4784,4784,0,9.078125,-9.078125,-4.5390625,2,2240,False
*,52,93,52,93,4836,4836,0,9.3203125,-9.3203125,-4.66015625,2,2384,False
*,52,94,52,94,4888,4888,0,8.625,-8.625,-4.3125,2,2240,False
*,52,95,52,95,4940,4940,0,9.4375,-9.4375,-4.71875,2,2384,False
*,52,96,52,96,4992,4992,1,6.8984375,-6.8984375,-3.44921875,2,3456,False
*,52,97,52,97,5044,5044,1,9.2421875,-9.2421875,-4.62109375,2,3456,False
*,52,98,52,98,5096,5096,0,8.78125,-8.78125,-4.390625,2,2254,False
*,52,99,52,99,5148,5148,0,8.7734375,-8.7734375,-4.38671875,2,4016,False
*,53,10,53,10,530,530,0,8.25,-8.25,-8.25,1,2256,False
*,53,11,53,11,583,583,3,7.4375,-7.4375,-3.71875,2,2256,False
*,53,12,53,12,636,636,0,7.5859375,-7.5859375,-7.5859375,1,2384,False
*,53,13,53,13,689,689,0,7.9921875,-7.9921875,-3.99609375,2,2375,False
*,53,14,53,14,742,742,0,7.39453125,-7.39453125,-3.697265625,2,2256,False
*,53,15,53,15,795,795,0,7.02734375,-7.02734375,-3.513671875,2,795,True
*,53,16,53,16,848,848,0,7.4765625,-7.4765625,-3.73828125,2,2256,False
*,53,17,53,17,901,901,0,8.3984375,-8.3984375,-4.19921875,2,795,False
*,53,18,53,18,954,954,0,8.0859375,-8.0859375,-4.04296875,2,2384,False
*,53,19,53,19,1007,1007,0,7.7578125,-7.7578125,-3.87890625,2,2384,False
*,53,20,53,20,1060,1060,0,7.8671875,-7.8671875,-3.93359375,2,2384,False
*,53,21,53,21,1113,1113,0,8.5078125,-8.5078125,-4.25390625,2,2256,False
*,53,22,53,22,1166,1166,0,7.921875,-7.921875,-3.9609375,2,2256,False
*,53,23,53,23,1219,1219,0,8.1484375,-8.1484375,-4.07421875,2,2254,False
*,53,24,53,24,1272,1272,0,8.46875,-8.46875,-4.234375,2,2384,False
*,53,25,53,25,1325,1325,0,7.3359375,-7.3359375,-3.66796875,2,2375,False
*,53,26,53,26,1378,1378,1,7.546875,-7.546875,-3.7734375,2,2384,False
*,53,27,53,27,1431,1431,0,7.953125,-7.953125,-3.9765625,2,1728,False
*,53,28,53,28,1484,1484,0,7.53515625,-7.53515625,-3.767578125,2,1728,False
*,53,29,53,29,1537,1537,0,8.03125,-8.03125,-4.015625,2,1728,False
*,53,30,53,30,1590,1590,0,7.8046875,-7.8046875,-3.90234375,2,2256,False
*,53,31,53,31,1643,1643,1,7.90625,-7.90625,-3.953125,2,1728,False
*,53,32,53,32,1696,1696,0,7.0859375,-7.0859375,-3.54296875,2,1728,False
*,53,33,53,33,1749,1749,0,7.921875,-7.921875,-3.9609375,2,1728,False
*,53,34,53,34,1802,1802,0,7.69140625,-7.69140625,-3.845703125,2,1728,False
*,53,35,53,35,1855,1855,0,7.71875,-7.71875,-3.859375,2,1728,False
*,53,36,53,36,1908,1908,0,7.67578125,-7.67578125,-7.67578125,1,1728,False
*,53,37,53,37,1961,1961,0,8.21875,-8.21875,-8.21875,1,2375,False
*,53,38,53,38,2014,2014,0,7.97265625,-7.97265625,-7.97265625,1,2384,False
*,53,39,53,39,2067,2067,1,8.0859375,-8.0859375,-4.04296875,2,2375,False
*,53,40,53,40,2120,2120,0,8.921875,-8.921875,-4.4609375,2,2384,False
*,53,41,53,41,2173,2173,1,8.984375,-8.984375,-4.4921875,2,2375,False
*,53,42,53,42,2226,2226,0,8.3515625,-8.3515625,-4.17578125,2,2384,False
*,53,43,53,43,2279,2279,0,8.359375,-8.359375,-4.1796875,2,2375,False
*,53,44,53,44,2332,2332,0,8.578125,-8.578125,-4.2890625,2,2384,False
*,53,45,53,45,2385,2385,0,8.2109375,-8.2109375,-4.10546875,2,2375,False
*,53,46,53,46,2438,2438,1,8.8359375,-8.8359375,-4.41796875,2,2262,False
*,53,47,53,47,2491,2491,0,9.0,-9.0,-4.5,2,2262,False
*,53,48,53,48,2544,2544,0,7.90625,-7.90625,-3.953125,2,2384,False
*,53,49,53,49,2597,2597,0,8.625,-8.625,-4.3125,2,2375,False
*,53,50,53,50,2650,2650,0,8.0390625,-8.0390625,-4.01953125,2,2250,False
*,53,51,53,51,2703,2703,0,9.0546875,-9.0546875,-4.52734375,2,2256,False
*,53,52,53,52,2756,2756,0,8.4453125,-8.4453125,-4.22265625,2,2256,False
*,53,53,53,53,2809,2809,0,8.984375,-8.984375,-4.4921875,2,2254,False
*,53,54,53,54,2862,2862,1,8.9609375,-8.9609375,-4.48046875,2,2262,False
*,53,55,53,55,2915,2915,0,8.59375,-8.59375,-4.296875,2,2255,False
*,53,56,53,56,2968,2968,0,7.890625,-7.890625,-3.9453125,2,2384,False
*,53,57,53,57,3021,3021,1,9.078125,-9.078125,-4.5390625,2,2375,False
*,53,58,53,58,3074,3074,0,8.8515625,-8.8515625,-4.42578125,2,2384,False
*,53,59,53,59,3127,3127,1,9.28125,-9.28125,-4.640625,2,2256,False
*,53,60,53,60,3180,3180,0,9.40625,-9.40625,-4.703125,2,2384,False
*,53,61,53,61,3233,3233,1,9.84375,-9.84375,-4.921875,2,2254,False
*,53,62,53,62,3286,3286,0,9.25,-9.25,-4.625,2,2262,False
*,53,63,53,63,3339,3339,0,9.09375,-9.09375,-4.546875,2,2375,False
*,53,64,53,64,3392,3392,0,8.0703125,-8.0703125,-4.03515625,2,1728,False
*,53,65,53,65,3445,3445,0,9.3046875,-9.3046875,-4.65234375,2,2375,False
*,53,66,53,66,3498,3498,0,9.359375,-9.359375,-4.6796875,2,2384,False
*,53,67,53,67,3551,3551,0,9.03125,-9.03125,-4.515625,2,2375,False
*,53,68,53,68,3604,3604,0,8.59375,-8.59375,-4.296875,2,2384,False
*,53,69,53,69,3657,3657,0,8.7734375,-8.7734375,-4.38671875,2,2375,False
*,53,70,53,70,3710,3710,0,9.21875,-9.21875,-4.609375,2,2384,False
*,53,71,53,71,3763,3763,0,9.5,-9.5,-4.75,2,2375,False
*,53,72,53,72,3816,3816,0,8.984375,-8.984375,-4.4921875,2,2384,False
*,53,73,53,73,3869,3869,0,9.4453125,-9.4453125,-4.72265625,2,2375,False
*,53,74,53,74,3922,3922,0,9.703125,-9.703125,-4.8515625,2,2384,False
*,53,75,53,75,3975,3975,0,9.15625,-9.15625,-4.578125,2,2375,False
*,53,76,53,76,4028,4028,0,9.234375,-9.234375,-4.6171875,2,2384,False
*,53,77,53,77,4081,4081,0,9.21875,-9.21875,-4.609375,2,2384,False
*,53,78,53,78,4134,4134,0,10.0625,-10.0625,-5.03125,2,2384,False
*,53,79,53,79,4187,4187,0,10.078125,-10.078125,-5.0390625,2,2375,False
*,53,80,53,80,4240,4240,1,9.2578125,-9.2578125,-4.62890625,2,2384,False
*,53,81,53,81,4293,4293,0,9.890625,-9.890625,-4.9453125,2,2256,False
*,53,82,53,82,4346,4346,0,9.75,-9.75,-4.875,2,2384,False
*,53,83,53,83,4399,4399,0,9.578125,-9.578125,-4.7890625,2,2375,False
*,53,84,53,84,4452,4452,0,8.6640625,-8.6640625,-4.33203125,2,2384,False
*,53,85,53,85,4505,4505,0,10.09375,-10.09375,-5.046875,2,2384,False
*,53,86,53,86,4558,4558,0,9.296875,-9.296875,-4.6484375,2,2384,False
*,53,87,53,87,4611,4611,0,9.6015625,-9.6015625,-4.80078125,2,2384,False
*,53,88,53,88,4664,4664,0,9.1640625,-9.1640625,-4.58203125,2,2384,False
*,53,89,53,89,4717,4717,1,9.703125,-9.703125,-4.8515625,2,2384,False
*,53,90,53,90,4770,4770,0,9.4921875,-9.4921875,-4.74609375,2,2256,False
*,53,91,53,91,4823,4823,0,10.28125,-10.28125,-5.140625,2,2256,False
*,53,92,53,92,4876,4876,0,10.4921875,-10.4921875,-5.24609375,2,2384,False
*,53,93,53,93,4929,4929,0,9.71875,-9.71875,-4.859375,2,2375,False
*,53,94,53,94,4982,4982,0,9.953125,-9.953125,-4.9765625,2,2384,False
*,53,95,53,95,5035,5035,0,9.875,-9.875,-4.9375,2,2384,False
*,53,96,53,96,5088,5088,0,8.765625,-8.765625,-4.3828125,2,2384,False
*,53,97,53,97,5141,5141,0,9.8125,-9.8125,-4.90625,2,3016,False
*,53,98,53,98,5194,5194,0,8.984375,-8.984375,-4.4921875,2,2254,False
*,53,99,53,99,5247,5247,0,9.421875,-9.421875,-4.7109375,2,3456,False
*,54,10,54,10,540,540,4,7.7109375,-7.7109375,-7.7109375,1,2256,False
*,54,11,54,11,594,594,0,7.88671875,-7.88671875,-7.88671875,1,2256,False
*,54,12,54,12,648,648,0,6.73828125,-6.73828125,-3.369140625,2,2304,False
*,54,13,54,13,702,702,0,8.46875,-8.46875,-8.46875,1,2256,False
*,54,14,54,14,756,756,0,7.0,-7.0,-3.5,2,2256,False
*,54,15,54,15,810,810,0,7.875,-7.875,-3.9375,2,792,False
*,54,16,54,16,864,864,0,6.06640625,-6.06640625,-3.033203125,2,2304,False
*,54,17,54,17,918,918,0,8.109375,-8.109375,-4.0546875,2,792,False
*,54,18,54,18,972,972,0,7.9375,-7.9375,-3.96875,2,2304,False
*,54,19,54,19,1026,1026,0,7.8125,-7.8125,-3.90625,2,2384,False
*,54,20,54,20,1080,1080,1,6.5546875,-6.5546875,-6.5546875,1,2304,False
*,54,21,54,21,1134,1134,0,7.31640625,-7.31640625,-3.658203125,2,2256,False
*,54,22,54,22,1188,1188,0,7.3359375,-7.3359375,-3.66796875,2,2256,False
*,54,23,54,23,1242,1242,0,7.81640625,-7.81640625,-3.908203125,2,2254,False
*,54,24,54,24,1296,1296,0,6.890625,-6.890625,-3.4453125,2,2304,False
*,54,25,54,25,1350,1350,0,7.890625,-7.890625,-3.9453125,2,2304,False
*,54,26,54,26,1404,1404,1,6.796875,-6.796875,-3.3984375,2,2304,False
*,54,27,54,27,1458,1458,0,7.8203125,-7.8203125,-3.91015625,2,2304,False
*,54,28,54,28,1512,1512,0,7.00390625,-7.00390625,-3.501953125,2,2304,False
*,54,29,54,29,1566,1566,0,7.54296875,-7.54296875,-3.771484375,2,2384,False
*,54,30,54,30,1620,1620,0,7.71875,-7.71875,-3.859375,2,2304,False
*,54,31,54,31,1674,1674,0,8.171875,-8.171875,-4.0859375,2,2256,False
*,54,32,54,32,1728,1728,0,4.3671875,-4.3671875,-2.18359375,2,2304,False
*,54,33,54,33,1782,1782,0,8.0546875,-8.0546875,-4.02734375,2,1728,False
*,54,34,54,34,1836,1836,0,7.8671875,-7.8671875,-3.93359375,2,2304,False
*,54,35,54,35,1890,1890,0,7.48828125,-7.48828125,-7.48828125,1,2384,False
*,54,36,54,36,1944,1944,0,6.68359375,-6.68359375,-6.68359375,1,2304,False
*,54,37,54,37,1998,1998,0,8.0078125,-8.0078125,-8.0078125,1,2384,False
*,54,38,54,38,2052,2052,0,7.7734375,-7.7734375,-3.88671875,2,2384,False
*,54,39,54,39,2106,2106,0,8.0546875,-8.0546875,-4.02734375,2,2384,False
*,54,40,54,40,2160,2160,0,7.85546875,-7.85546875,-3.927734375,2,2304,False
*,54,41,54,41,2214,2214,0,8.5234375,-8.5234375,-4.26171875,2,2256,False
*,54,42,54,42,2268,2268,0,7.98046875,-7.98046875,-3.990234375,2,2304,False
*,54,43,54,43,2322,2322,0,8.5,-8.5,-4.25,2,2384,False
*,54,44,54,44,2376,2376,0,7.4921875,-7.4921875,-3.74609375,2,2304,False
*,54,45,54,45,2430,2430,0,8.7734375,-8.7734375,-4.38671875,2,2304,False
*,54,46,54,46,2484,2484,0,8.09375,-8.09375,-4.046875,2,2304,False
*,54,47,54,47,2538,2538,0,8.4609375,-8.4609375,-4.23046875,2,2384,False
*,54,48,54,48,2592,2592,1,7.140625,-7.140625,-3.5703125,2,2304,False
*,54,49,54,49,2646,2646,0,7.67578125,-7.67578125,-3.837890625,2,2240,False
*,54,50,54,50,2700,2700,1,7.6171875,-7.6171875,-3.80859375,2,2304,False
*,54,51,54,51,2754,2754,0,8.484375,-8.484375,-4.2421875,2,2256,False
*,54,52,54,52,2808,2808,0,7.69921875,-7.69921875,-3.849609375,2,2304,False
*,54,53,54,53,2862,2862,0,8.9609375,-8.9609375,-4.48046875,2,2262,False
*,54,54,54,54,2916,2916,1,8.34375,-8.34375,-4.171875,2,2256,False
*,54,55,54,55,2970,2970,0,8.921875,-8.921875,-4.4609375,2,2256,False
*,54,56,54,56,3024,3024,1,7.25,-7.25,-3.625,2,2304,False
*,54,57,54,57,3078,3078,0,8.953125,-8.953125,-4.4765625,2,2256,False
*,54,58,54,58,3132,3132,0,8.4765625,-8.4765625,-4.23828125,2,2384,False
*,54,59,54,59,3186,3186,0,8.953125,-8.953125,-4.4765625,2,2240,False
*,54,60,54,60,3240,3240,1,8.3203125,-8.3203125,-4.16015625,2,2304,False
*,54,61,54,61,3294,3294,0,9.0,-9.0,-4.5,2,2254,False
*,54,62,54,62,3348,3348,0,8.4921875,-8.4921875,-4.24609375,2,2384,False
*,54,63,54,63,3402,3402,0,8.890625,-8.890625,-4.4453125,2,2384,False
*,54,64,54,64,3456,3456,0,7.1484375,-7.1484375,-3.57421875,2,1728,False
*,54,65,54,65,3510,3510,0,9.0,-9.0,-4.5,2,2384,False
*,54,66,54,66,3564,3564,0,8.765625,-8.765625,-4.3828125,2,2240,False
*,54,67,54,67,3618,3618,0,9.0078125,-9.0078125,-4.50390625,2,2240,False
*,54,68,54,68,3672,3672,0,8.1953125,-8.1953125,-4.09765625,2,2384,False
*,54,69,54,69,3726,3726,0,9.015625,-9.015625,-4.5078125,2,2304,False
*,54,70,54,70,3780,3780,1,8.6640625,-8.6640625,-4.33203125,2,2304,False
*,54,71,54,71,3834,3834,0,9.5546875,-9.5546875,-4.77734375,2,2384,False
*,54,72,54,72,3888,3888,0,7.5390625,-7.5390625,-3.76953125,2,2304,False
*,54,73,54,73,3942,3942,0,9.453125,-9.453125,-4.7265625,2,2304,False
*,54,74,54,74,3996,3996,0,8.34375,-8.34375,-4.171875,2,2304,False
*,54,75,54,75,4050,4050,0,9.1953125,-9.1953125,-4.59765625,2,2304,False
*,54,76,54,76,4104,4104,0,8.359375,-8.359375,-4.1796875,2,2304,False
*,54,77,54,77,4158,4158,0,9.8125,-9.8125,-4.90625,2,2384,False
*,54,78,54,78,4212,4212,1,8.8046875,-8.8046875,-4.40234375,2,2384,False
*,54,79,54,79,4266,4266,0,9.625,-9.625,-4.8125,2,2384,False
*,54,80,54,80,4320,4320,0,8.28125,-8.28125,-4.140625,2,2304,False
*,54,81,54,81,4374,4374,0,9.6796875,-9.6796875,-4.83984375,2,2304,False
*,54,82,54,82,4428,4428,0,8.953125,-8.953125,-4.4765625,2,2384,False
*,54,83,54,83,4482,4482,0,9.578125,-9.578125,-4.7890625,2,2384,False
*,54,84,54,84,4536,4536,0,8.2734375,-8.2734375,-4.13671875,2,2304,False
*,54,85,54,85,4590,4590,0,9.203125,-9.203125,-4.6015625,2,2384,False
*,54,86,54,86,4644,4644,0,9.0234375,-9.0234375,-4.51171875,2,2384,False
*,54,87,54,87,4698,4698,0,9.890625,-9.890625,-4.9453125,2,2384,False
*,54,88,54,88,4752,4752,0,8.796875,-8.796875,-4.3984375,2,2384,False
*,54,89,54,89,4806,4806,0,9.375,-9.375,-4.6875,2,2240,False
*,54,90,54,90,4860,4860,0,9.578125,-9.578125,-4.7890625,2,2240,False
*,54,91,54,91,4914,4914,0,10.03125,-10.03125,-5.015625,2,2256,False
*,54,92,54,92,4968,4968,0,9.0625,-9.0625,-4.53125,2,2384,False
*,54,93,54,93,5022,5022,0,9.640625,-9.640625,-4.8203125,2,2384,False
*,54,94,54,94,5076,5076,0,9.5625,-9.5625,-4.78125,2,2240,False
*,54,95,54,95,5130,5130,0,10.015625,-10.015625,-5.0078125,2,2384,False
*,54,96,54,96,5184,5184,0,7.875,-7.875,-3.9375,2,2304,False
*,54,97,54,97,5238,5238,0,9.7734375,-9.7734375,-4.88671875,2,2256,False
*,54,98,54,98,5292,5292,0,8.484375,-8.484375,-4.2421875,2,2254,False
*,54,99,54,99,5346,5346,0,9.8359375,-9.8359375,-4.91796875,2,3456,False
*,55,10,55,10,550,550,4,7.515625,-7.515625,-7.515625,1,2256,False
*,55,11,55,11,605,605,0,8.1171875,-8.1171875,-8.1171875,1,711,False
*,55,12,55,12,660,660,5,7.640625,-7.640625,-7.640625,1,792,False
*,55,13,55,13,715,715,1,7.8125,-7.8125,-3.90625,2,2256,False
*,55,14,55,14,770,770,0,7.265625,-7.265625,-3.6328125,2,792,False
*,55,15,55,15,825,825,0,7.5078125,-7.5078125,-3.75390625,2,795,False
*,55,16,55,16,880,880,0,7.453125,-7.453125,-3.7265625,2,784,False
*,55,17,55,17,935,935,0,7.875,-7.875,-3.9375,2,795,False
*,55,18,55,18,990,990,1,8.1953125,-8.1953125,-4.09765625,2,2384,False
*,55,19,55,19,1045,1045,0,8.0234375,-8.0234375,-4.01171875,2,2384,False
*,55,20,55,20,1100,1100,1,7.0,-7.0,-7.0,1,2256,False
*,55,21,55,21,1155,1155,0,7.8671875,-7.8671875,-3.93359375,2,2256,False
*,55,22,55,22,1210,1210,0,7.90625,-7.90625,-3.953125,2,2256,False
*,55,23,55,23,1265,1265,0,8.140625,-8.140625,-4.0703125,2,2254,False
*,55,24,55,24,1320,1320,0,7.734375,-7.734375,-3.8671875,2,2384,False
*,55,25,55,25,1375,1375,1,7.90625,-7.90625,-3.953125,2,2256,False
*,55,26,55,26,1430,1430,1,8.3046875,-8.3046875,-4.15234375,2,2384,False
*,55,27,55,27,1485,1485,1,8.3125,-8.3125,-4.15625,2,795,False
*,55,28,55,28,1540,1540,0,7.671875,-7.671875,-3.8359375,2,2384,False
*,55,29,55,29,1595,1595,0,7.6484375,-7.6484375,-3.82421875,2,2256,False
*,55,30,55,30,1650,1650,0,7.734375,-7.734375,-3.8671875,2,2256,False
*,55,31,55,31,1705,1705,0,8.046875,-8.046875,-4.0234375,2,795,False
*,55,32,55,32,1760,1760,0,7.84375,-7.84375,-3.921875,2,2304,False
*,55,33,55,33,1815,1815,0,7.71875,-7.71875,-3.859375,2,795,False
*,55,34,55,34,1870,1870,0,7.5703125,-7.5703125,-7.5703125,1,2384,False
*,55,35,55,35,1925,1925,0,7.4765625,-7.4765625,-7.4765625,1,795,False
*,55,36,55,36,1980,1980,1,7.45703125,-7.45703125,-7.45703125,1,2304,False
*,55,37,55,37,2035,2035,0,8.7109375,-8.7109375,-4.35546875,2,2375,False
*,55,38,55,38,2090,2090,0,8.9609375,-8.9609375,-4.48046875,2,2384,False
*,55,39,55,39,2145,2145,0,8.625,-8.625,-4.3125,2,2384,False
*,55,40,55,40,2200,2200,0,8.09375,-8.09375,-4.046875,2,2384,False
*,55,41,55,41,2255,2255,0,7.9453125,-7.9453125,-3.97265625,2,2256,False
*,55,42,55,42,2310,2310,0,8.7734375,-8.7734375,-4.38671875,2,2256,False
*,55,43,55,43,2365,2365,0,8.1796875,-8.1796875,-4.08984375,2,2384,False
*,55,44,55,44,2420,2420,0,8.734375,-8.734375,-4.3671875,2,2384,False
*,55,45,55,45,2475,2475,0,8.8359375,-8.8359375,-4.41796875,2,2375,False
*,55,46,55,46,2530,2530,0,8.8203125,-8.8203125,-4.41015625,2,2262,False
*,55,47,55,47,2585,2585,0,9.046875,-9.046875,-4.5234375,2,2262,False
*,55,48,55,48,2640,2640,0,7.7734375,-7.7734375,-3.88671875,2,2384,False
*,55,49,55,49,2695,2695,0,8.015625,-8.015625,-4.0078125,2,2375,False
*,55,50,55,50,2750,2750,0,8.65625,-8.65625,-4.328125,2,2250,False
*,55,51,55,51,2805,2805,1,9.3203125,-9.3203125,-4.66015625,2,2256,False
*,55,52,55,52,2860,2860,0,8.7890625,-8.7890625,-4.39453125,2,2384,False
*,55,53,55,53,2915,2915,0,8.703125,-8.703125,-4.3515625,2,2262,False
*,55,54,55,54,2970,2970,0,9.0859375,-9.0859375,-4.54296875,2,2256,False
*,55,55,55,55,3025,3025,7,8.2734375,-8.2734375,-4.13671875,2,755,False
*,55,56,55,56,3080,3080,0,8.796875,-8.796875,-4.3984375,2,2384,False
*,55,57,55,57,3135,3135,0,9.140625,-9.140625,-4.5703125,2,2256,False
*,55,58,55,58,3190,3190,0,9.5625,-9.5625,-4.78125,2,2384,False
*,55,59,55,59,3245,3245,0,9.5625,-9.5625,-4.78125,2,2256,False
*,55,60,55,60,3300,3300,0,7.9921875,-7.9921875,-3.99609375,2,2384,False
*,55,61,55,61,3355,3355,0,9.3203125,-9.3203125,-4.66015625,2,2254,False
*,55,62,55,62,3410,3410,0,9.390625,-9.390625,-4.6953125,2,2384,False
*,55,63,55,63,3465,3465,0,9.078125,-9.078125,-4.5390625,2,2384,False
*,55,64,55,64,3520,3520,0,8.4609375,-8.4609375,-4.23046875,2,1728,False
*,55,65,55,65,3575,3575,0,9.40625,-9.40625,-4.703125,2,2375,False
*,55,66,55,66,3630,3630,1,9.2578125,-9.2578125,-4.62890625,2,2384,False
*,55,67,55,67,3685,3685,0,9.546875,-9.546875,-4.7734375,2,2375,False
*,55,68,55,68,3740,3740,0,8.734375,-8.734375,-4.3671875,2,2384,False
*,55,69,55,69,3795,3795,0,9.203125,-9.203125,-4.6015625,2,2304,False
*,55,70,55,70,3850,3850,0,8.828125,-8.828125,-4.4140625,2,2384,False
*,55,71,55,71,3905,3905,0,9.90625,-9.90625,-4.953125,2,2384,False
*,55,72,55,72,3960,3960,0,9.203125,-9.203125,-4.6015625,2,2384,False
*,55,73,55,73,4015,4015,0,9.65625,-9.65625,-4.828125,2,2384,False
*,55,74,55,74,4070,4070,0,9.609375,-9.609375,-4.8046875,2,2384,False
*,55,75,55,75,4125,4125,0,9.53125,-9.53125,-4.765625,2,2375,False
*,55,76,55,76,4180,4180,0,10.0703125,-10.0703125,-5.03515625,2,2384,False
*,55,77,55,77,4235,4235,0,9.84375,-9.84375,-4.921875,2,2384,False
*,55,78,55,78,4290,4290,0,9.6015625,-9.6015625,-4.80078125,2,2384,False
*,55,79,55,79,4345,4345,0,10.046875,-10.046875,-5.0234375,2,2384,False
*,55,80,55,80,4400,4400,0,8.28125,-8.28125,-4.140625,2,2304,False
*,55,81,55,81,4455,4455,0,9.234375,-9.234375,-4.6171875,2,2304,False
*,55,82,55,82,4510,4510,1,9.4921875,-9.4921875,-4.74609375,2,2384,False
*,55,83,55,83,4565,4565,0,9.9140625,-9.9140625,-4.95703125,2,2384,False
*,55,84,55,84,4620,4620,0,9.515625,-9.515625,-4.7578125,2,2384,False
*,55,85,55,85,4675,4675,0,10.2421875,-10.2421875,-5.12109375,2,2384,False
*,55,86,55,86,4730,4730,0,9.9765625,-9.9765625,-4.98828125,2,2384,False
*,55,87,55,87,4785,4785,0,10.640625,-10.640625,-5.3203125,2,2384,False
*,55,88,55,88,4840,4840,1,9.265625,-9.265625,-4.6328125,2,2384,False
*,55,89,55,89,4895,4895,0,9.875,-9.875,-4.9375,2,2384,False
*,55,90,55,90,4950,4950,0,10.171875,-10.171875,-5.0859375,2,2240,False
*,55,91,55,91,5005,5005,0,9.671875,-9.671875,-4.8359375,2,2256,False
*,55,92,55,92,5060,5060,0,9.6796875,-9.6796875,-4.83984375,2,2384,False
*,55,93,55,93,5115,5115,0,9.75,-9.75,-4.875,2,2384,False
*,55,94,55,94,5170,5170,0,10.1171875,-10.1171875,-5.05859375,2,2384,False
*,55,95,55,95,5225,5225,0,9.4296875,-9.4296875,-4.71484375,2,2384,False
*,55,96,55,96,5280,5280,0,9.046875,-9.046875,-4.5234375,2,2384,False
*,55,97,55,97,5335,5335,0,10.4609375,-10.4609375,-5.23046875,2,3456,False
*,55,98,55,98,5390,5390,0,10.0234375,-10.0234375,-5.01171875,2,2254,False
*,55,99,55,99,5445,5445,0,9.8984375,-9.8984375,-4.94921875,2,3456,False
*,56,10,56,10,560,560,1,7.51953125,-7.51953125,-7.51953125,1,2256,False
*,56,11,56,11,616,616,0,7.69140625,-7.69140625,-7.69140625,1,2256,False
*,56,12,56,12,672,672,1,6.9296875,-6.9296875,-3.46484375,2,792,False
*,56,13,56,13,728,728,0,7.17578125,-7.17578125,-3.587890625,2,2384,False
*,56,14,56,14,784,784,0,6.046875,-6.046875,-3.0234375,2,784,True
*,56,15,56,15,840,840,0,7.11328125,-7.11328125,-3.556640625,2,792,False
*,56,16,56,16,896,896,0,6.515625,-6.515625,-3.2578125,2,784,False
*,56,17,56,17,952,952,0,7.29296875,-7.29296875,-3.646484375,2,792,False
*,56,18,56,18,1008,1008,0,6.92578125,-6.92578125,-3.462890625,2,2304,False
*,56,19,56,19,1064,1064,0,7.1796875,-7.1796875,-3.58984375,2,2384,False
*,56,20,56,20,1120,1120,1,6.64453125,-6.64453125,-3.322265625,2,2304,False
*,56,21,56,21,1176,1176,0,7.5703125,-7.5703125,-3.78515625,2,2256,False
*,56,22,56,22,1232,1232,0,7.5234375,-7.5234375,-3.76171875,2,2256,False
*,56,23,56,23,1288,1288,0,8.34375,-8.34375,-4.171875,2,2254,False
*,56,24,56,24,1344,1344,0,7.06640625,-7.06640625,-3.533203125,2,2304,False
*,56,25,56,25,1400,1400,0,7.0234375,-7.0234375,-7.0234375,1,2256,False
*,56,26,56,26,1456,1456,0,6.7734375,-6.7734375,-3.38671875,2,2304,False
*,56,27,56,27,1512,1512,0,7.2109375,-7.2109375,-3.60546875,2,2304,False
*,56,28,56,28,1568,1568,0,6.5859375,-6.5859375,-3.29296875,2,2304,False
*,56,29,56,29,1624,1624,0,7.77734375,-7.77734375,-3.888671875,2,2384,False
*,56,30,56,30,1680,1680,1,6.88671875,-6.88671875,-3.443359375,2,2304,False
*,56,31,56,31,1736,1736,0,7.5078125,-7.5078125,-3.75390625,2,864,False
*,56,32,56,32,1792,1792,0,7.0078125,-7.0078125,-3.50390625,2,2304,False
*,56,33,56,33,1848,1848,0,6.7578125,-6.7578125,-6.7578125,1,2304,False
*,56,34,56,34,1904,1904,0,7.1875,-7.1875,-7.1875,1,2304,False
*,56,35,56,35,1960,1960,0,7.14453125,-7.14453125,-7.14453125,1,2384,False
*,56,36,56,36,2016,2016,0,7.62109375,-7.62109375,-7.62109375,1,2304,False
*,56,37,56,37,2072,2072,1,8.0625,-8.0625,-4.03125,2,2384,False
*,56,38,56,38,2128,2128,0,8.046875,-8.046875,-4.0234375,2,2384,False
*,56,39,56,39,2184,2184,0,7.78515625,-7.78515625,-3.892578125,2,2384,False
*,56,40,56,40,2240,2240,0,6.78125,-6.78125,-3.390625,2,2304,False
*,56,41,56,41,2296,2296,0,7.94140625,-7.94140625,-3.970703125,2,2384,False
*,56,42,56,42,2352,2352,0,7.0703125,-7.0703125,-3.53515625,2,2304,False
*,56,43,56,43,2408,2408,0,8.015625,-8.015625,-4.0078125,2,2384,False
*,56,44,56,44,2464,2464,0,7.65234375,-7.65234375,-3.826171875,2,2304,False
*,56,45,56,45,2520,2520,0,8.1328125,-8.1328125,-4.06640625,2,2304,False
*,56,46,56,46,2576,2576,0,7.421875,-7.421875,-3.7109375,2,2304,False
*,56,47,56,47,2632,2632,0,8.5703125,-8.5703125,-4.28515625,2,2304,False
*,56,48,56,48,2688,2688,0,7.4609375,-7.4609375,-3.73046875,2,2304,False
*,56,49,56,49,2744,2744,0,8.015625,-8.015625,-4.0078125,2,2384,False
*,56,50,56,50,2800,2800,0,7.3515625,-7.3515625,-3.67578125,2,2304,False
*,56,51,56,51,2856,2856,0,8.328125,-8.328125,-4.1640625,2,2304,False
*,56,52,56,52,2912,2912,0,8.078125,-8.078125,-4.0390625,2,2304,False
*,56,53,56,53,2968,2968,0,8.0390625,-8.0390625,-4.01953125,2,2384,False
*,56,54,56,54,3024,3024,1,7.484375,-7.484375,-3.7421875,2,2304,False
*,56,55,56,55,3080,3080,0,8.78125,-8.78125,-4.390625,2,2256,False
*,56,56,56,56,3136,3136,0,7.390625,-7.390625,-3.6953125,2,2256,False
*,56,57,56,57,3192,3192,0,8.515625,-8.515625,-4.2578125,2,2256,False
*,56,58,56,58,3248,3248,0,7.9453125,-7.9453125,-3.97265625,2,2384,False
*,56,59,56,59,3304,3304,0,8.28125,-8.28125,-4.140625,2,2240,False
*,56,60,56,60,3360,3360,0,8.78125,-8.78125,-4.390625,2,2304,False
*,56,61,56,61,3416,3416,0,8.71875,-8.71875,-4.359375,2,2256,False
*,56,62,56,62,3472,3472,0,8.0390625,-8.0390625,-4.01953125,2,2384,False
*,56,63,56,63,3528,3528,0,8.1015625,-8.1015625,-4.05078125,2,2384,False
*,56,64,56,64,3584,3584,1,7.4453125,-7.4453125,-3.72265625,2,2304,False
*,56,65,56,65,3640,3640,1,8.03125,-8.03125,-4.015625,2,2384,False
*,56,66,56,66,3696,3696,0,7.90625,-7.90625,-3.953125,2,2384,False
*,56,67,56,67,3752,3752,0,8.5,-8.5,-4.25,2,2384,False
*,56,68,56,68,3808,3808,0,7.796875,-7.796875,-3.8984375,2,2384,False
*,56,69,56,69,3864,3864,0,9.09375,-9.09375,-4.546875,2,2304,False
*,56,70,56,70,3920,3920,0,8.6640625,-8.6640625,-4.33203125,2,2384,False
*,56,71,56,71,3976,3976,0,9.0234375,-9.0234375,-4.51171875,2,2384,False
*,56,72,56,72,4032,4032,0,8.265625,-8.265625,-4.1328125,2,2304,False
*,56,73,56,73,4088,4088,0,8.65625,-8.65625,-4.328125,2,2384,False
*,56,74,56,74,4144,4144,0,8.828125,-8.828125,-4.4140625,2,2304,False
*,56,75,56,75,4200,4200,0,8.6875,-8.6875,-4.34375,2,2304,False
*,56,76,56,76,4256,4256,0,8.5546875,-8.5546875,-4.27734375,2,2304,False
*,56,77,56,77,4312,4312,0,8.953125,-8.953125,-4.4765625,2,2384,False
*,56,78,56,78,4368,4368,0,8.2734375,-8.2734375,-4.13671875,2,2384,False
*,56,79,56,79,4424,4424,0,8.9609375,-8.9609375,-4.48046875,2,2384,False
*,56,80,56,80,4480,4480,0,8.1953125,-8.1953125,-4.09765625,2,2304,False
*,56,81,56,81,4536,4536,0,8.484375,-8.484375,-4.2421875,2,2304,False
*,56,82,56,82,4592,4592,0,8.734375,-8.734375,-4.3671875,2,2384,False
*,56,83,56,83,4648,4648,0,9.03125,-9.03125,-4.515625,2,2384,False
*,56,84,56,84,4704,4704,0,7.83984375,-7.83984375,-3.919921875,2,2304,False
*,56,85,56,85,4760,4760,0,9.484375,-9.484375,-4.7421875,2,2384,False
*,56,86,56,86,4816,4816,0,9.0390625,-9.0390625,-4.51953125,2,2384,False
*,56,87,56,87,4872,4872,0,9.4375,-9.4375,-4.71875,2,2384,False
*,56,88,56,88,4928,4928,0,8.0859375,-8.0859375,-4.04296875,2,2384,False
*,56,89,56,89,4984,4984,0,9.390625,-9.390625,-4.6953125,2,2384,False
*,56,90,56,90,5040,5040,0,8.296875,-8.296875,-4.1484375,2,2240,False
*,56,91,56,91,5096,5096,0,9.828125,-9.828125,-4.9140625,2,2256,False
*,56,92,56,92,5152,5152,0,8.703125,-8.703125,-4.3515625,2,2384,False
*,56,93,56,93,5208,5208,0,9.1640625,-9.1640625,-4.58203125,2,2384,False
*,56,94,56,94,5264,5264,0,9.5859375,-9.5859375,-4.79296875,2,2304,False
*,56,95,56,95,5320,5320,0,9.484375,-9.484375,-4.7421875,2,2384,False
*,56,96,56,96,5376,5376,1,8.34375,-8.34375,-4.171875,2,3456,False
*,56,97,56,97,5432,5432,0,9.7421875,-9.7421875,-4.87109375,2,2384,False
*,56,98,56,98,5488,5488,0,8.8125,-8.8125,-4.40625,2,2254,False
*,56,99,56,99,5544,5544,0,8.265625,-8.265625,-4.1328125,2,3456,False
*,57,10,57,10,570,570,0,7.40234375,-7.40234375,-7.40234375,1,2256,False
*,57,11,57,11,627,627,0,8.4140625,-8.4140625,-4.20703125,2,792,False
*,57,12,57,12,684,684,1,7.2734375,-7.2734375,-3.63671875,2,792,False
*,57,13,57,13,741,741,0,7.7265625,-7.7265625,-3.86328125,2,795,False
*,57,14,57,14,798,798,0,7.359375,-7.359375,-3.6796875,2,792,False
*,57,15,57,15,855,855,0,7.73828125,-7.73828125,-3.869140625,2,795,False
*,57,16,57,16,912,912,0,7.6875,-7.6875,-3.84375,2,792,False
*,57,17,57,17,969,969,0,8.1015625,-8.1015625,-4.05078125,2,795,False
*,57,18,57,18,1026,1026,1,7.625,-7.625,-3.8125,2,2384,False
*,57,19,57,19,1083,1083,0,8.0078125,-8.0078125,-4.00390625,2,2256,False
*,57,20,57,20,1140,1140,1,7.6484375,-7.6484375,-3.82421875,2,2384,False
*,57,21,57,21,1197,1197,0,7.6953125,-7.6953125,-3.84765625,2,2256,False
*,57,22,57,22,1254,1254,0,7.58984375,-7.58984375,-3.794921875,2,2256,False
*,57,23,57,23,1311,1311,0,8.21875,-8.21875,-4.109375,2,2254,False
*,57,24,57,24,1368,1368,0,7.6171875,-7.6171875,-3.80859375,2,2384,False
*,57,25,57,25,1425,1425,0,7.734375,-7.734375,-3.8671875,2,2384,False
*,57,26,57,26,1482,1482,0,7.984375,-7.984375,-3.9921875,2,2384,False
*,57,27,57,27,1539,1539,0,8.171875,-8.171875,-4.0859375,2,2262,False
*,57,28,57,28,1596,1596,0,7.421875,-7.421875,-3.7109375,2,2384,False
*,57,29,57,29,1653,1653,1,7.86328125,-7.86328125,-3.931640625,2,2384,False
*,57,30,57,30,1710,1710,0,7.75,-7.75,-3.875,2,2256,False
*,57,31,57,31,1767,1767,0,7.734375,-7.734375,-3.8671875,2,795,False
*,57,32,57,32,1824,1824,0,7.25,-7.25,-3.625,2,2384,False
*,57,33,57,33,1881,1881,1,7.7421875,-7.7421875,-7.7421875,1,795,False
*,57,34,57,34,1938,1938,0,7.515625,-7.515625,-7.515625,1,2384,False
*,57,35,57,35,1995,1995,0,7.75,-7.75,-7.75,1,2375,False
*,57,36,57,36,2052,2052,0,8.3515625,-8.3515625,-4.17578125,2,2384,False
*,57,37,57,37,2109,2109,0,9.1953125,-9.1953125,-4.59765625,2,2375,False
*,57,38,57,38,2166,2166,0,8.7578125,-8.7578125,-4.37890625,2,2384,False
*,57,39,57,39,2223,2223,0,8.4375,-8.4375,-4.21875,2,2384,False
*,57,40,57,40,2280,2280,0,8.453125,-8.453125,-4.2265625,2,2384,False
*,57,41,57,41,2337,2337,0,8.796875,-8.796875,-4.3984375,2,2384,False
*,57,42,57,42,2394,2394,0,8.6640625,-8.6640625,-4.33203125,2,2384,False
*,57,43,57,43,2451,2451,0,9.4296875,-9.4296875,-4.71484375,2,2384,False
*,57,44,57,44,2508,2508,0,7.8359375,-7.8359375,-3.91796875,2,2384,False
*,57,45,57,45,2565,2565,0,8.7109375,-8.7109375,-4.35546875,2,2375,False
*,57,46,57,46,2622,2622,0,8.5703125,-8.5703125,-4.28515625,2,2262,False
*,57,47,57,47,2679,2679,0,8.6328125,-8.6328125,-4.31640625,2,2262,False
*,57,48,57,48,2736,2736,0,8.09375,-8.09375,-4.046875,2,2384,False
*,57,49,57,49,2793,2793,0,8.625,-8.625,-4.3125,2,2375,False
*,57,50,57,50,2850,2850,0,8.671875,-8.671875,-4.3359375,2,2384,False
*,57,51,57,51,2907,2907,0,8.828125,-8.828125,-4.4140625,2,2256,False
*,57,52,57,52,2964,2964,0,8.7578125,-8.7578125,-4.37890625,2,2384,False
*,57,53,57,53,3021,3021,1,9.21875,-9.21875,-4.609375,2,2384,False
*,57,54,57,54,3078,3078,0,9.171875,-9.171875,-4.5859375,2,2384,False
*,57,55,57,55,3135,3135,1,9.15625,-9.15625,-4.578125,2,2255,False
*,57,56,57,56,3192,3192,0,8.6328125,-8.6328125,-4.31640625,2,2384,False
*,57,57,57,57,3249,3249,3,9.9296875,-9.9296875,-4.96484375,2,2255,False
*,57,58,57,58,3306,3306,0,8.59375,-8.59375,-4.296875,2,2262,False
*,57,59,57,59,3363,3363,0,9.46875,-9.46875,-4.734375,2,2255,False
*,57,60,57,60,3420,3420,0,9.2734375,-9.2734375,-4.63671875,2,2240,False
*,57,61,57,61,3477,3477,0,9.453125,-9.453125,-4.7265625,2,2256,False
*,57,62,57,62,3534,3534,0,9.2421875,-9.2421875,-4.62109375,2,2384,False
*,57,63,57,63,3591,3591,0,9.3359375,-9.3359375,-4.66796875,2,2384,False
*,57,64,57,64,3648,3648,0,8.296875,-8.296875,-4.1484375,2,1728,False
*,57,65,57,65,3705,3705,0,9.296875,-9.296875,-4.6484375,2,2384,False
*,57,66,57,66,3762,3762,0,9.140625,-9.140625,-4.5703125,2,2384,False
*,57,67,57,67,3819,3819,0,9.40625,-9.40625,-4.703125,2,2375,False
*,57,68,57,68,3876,3876,0,9.0,-9.0,-4.5,2,2384,False
*,57,69,57,69,3933,3933,0,9.515625,-9.515625,-4.7578125,2,2384,False
*,57,70,57,70,3990,3990,0,9.25,-9.25,-4.625,2,2384,False
*,57,71,57,71,4047,4047,0,9.109375,-9.109375,-4.5546875,2,2384,False
*,57,72,57,72,4104,4104,0,9.0234375,-9.0234375,-4.51171875,2,2384,False
*,57,73,57,73,4161,4161,0,9.8671875,-9.8671875,-4.93359375,2,2375,False
*,57,74,57,74,4218,4218,0,9.265625,-9.265625,-4.6328125,2,2384,False
*,57,75,57,75,4275,4275,0,9.421875,-9.421875,-4.7109375,2,2375,False
*,57,76,57,76,4332,4332,0,9.3671875,-9.3671875,-4.68359375,2,2384,False
*,57,77,57,77,4389,4389,0,10.09375,-10.09375,-5.046875,2,2384,False
*,57,78,57,78,4446,4446,0,9.75,-9.75,-4.875,2,2384,False
*,57,79,57,79,4503,4503,0,10.171875,-10.171875,-5.0859375,2,2384,False
*,57,80,57,80,4560,4560,0,8.8515625,-8.8515625,-4.42578125,2,2384,False
*,57,81,57,81,4617,4617,0,10.359375,-10.359375,-5.1796875,2,2256,False
*,57,82,57,82,4674,4674,0,9.578125,-9.578125,-4.7890625,2,2384,False
*,57,83,57,83,4731,4731,0,10.3125,-10.3125,-5.15625,2,2384,False
*,57,84,57,84,4788,4788,0,9.9140625,-9.9140625,-4.95703125,2,2384,False
*,57,85,57,85,4845,4845,0,9.765625,-9.765625,-4.8828125,2,2384,False
*,57,86,57,86,4902,4902,0,9.1484375,-9.1484375,-4.57421875,2,2384,False
*,57,87,57,87,4959,4959,0,10.21875,-10.21875,-5.109375,2,2384,False
*,57,88,57,88,5016,5016,0,8.8359375,-8.8359375,-4.41796875,2,2384,False
*,57,89,57,89,5073,5073,0,10.40625,-10.40625,-5.203125,2,2384,False
*,57,90,57,90,5130,5130,0,9.953125,-9.953125,-4.9765625,2,2240,False
*,57,91,57,91,5187,5187,0,10.0546875,-10.0546875,-5.02734375,2,2256,False
*,57,92,57,92,5244,5244,0,9.609375,-9.609375,-4.8046875,2,2384,False
*,57,93,57,93,5301,5301,0,10.40625,-10.40625,-5.203125,2,2384,False
*,57,94,57,94,5358,5358,0,9.8359375,-9.8359375,-4.91796875,2,2384,False
*,57,95,57,95,5415,5415,0,9.9609375,-9.9609375,-4.98046875,2,2384,False
*,57,96,57,96,5472,5472,0,9.078125,-9.078125,-4.5390625,2,2384,False
*,57,97,57,97,5529,5529,0,10.3203125,-10.3203125,-5.16015625,2,3456,False
*,57,98,57,98,5586,5586,0,10.046875,-10.046875,-5.0234375,2,2254,False
*,57,99,57,99,5643,5643,0,9.75,-9.75,-4.875,2,3456,False
*,58,10,58,10,580,580,4,7.21484375,-7.21484375,-7.21484375,1,2256,False
*,58,11,58,11,638,638,0,7.8671875,-7.8671875,-3.93359375,2,792,False
*,58,12,58,12,696,696,0,6.83203125,-6.83203125,-3.416015625,2,792,False
*,58,13,58,13,754,754,0,7.6875,-7.6875,-3.84375,2,792,False
*,58,14,58,14,812,812,0,7.5234375,-7.5234375,-3.76171875,2,792,False
*,58,15,58,15,870,870,0,7.64453125,-7.64453125,-3.822265625,2,792,False
*,58,16,58,16,928,928,1,6.890625,-6.890625,-3.4453125,2,784,False
*,58,17,58,17,986,986,1,7.91015625,-7.91015625,-3.955078125,2,792,False
*,58,18,58,18,1044,1044,0,7.34375,-7.34375,-3.671875,2,2384,False
*,58,19,58,19,1102,1102,0,7.7890625,-7.7890625,-3.89453125,2,2384,False
*,58,20,58,20,1160,1160,0,7.9921875,-7.9921875,-3.99609375,2,2384,False
*,58,21,58,21,1218,1218,0,8.2421875,-8.2421875,-4.12109375,2,2256,False
*,58,22,58,22,1276,1276,0,7.609375,-7.609375,-3.8046875,2,2256,False
*,58,23,58,23,1334,1334,0,7.89453125,-7.89453125,-3.947265625,2,2254,False
*,58,24,58,24,1392,1392,0,7.703125,-7.703125,-3.8515625,2,2384,False
*,58,25,58,25,1450,1450,0,8.15625,-8.15625,-4.078125,2,2384,False
*,58,26,58,26,1508,1508,0,7.1015625,-7.1015625,-3.55078125,2,2384,False
*,58,27,58,27,1566,1566,0,7.64453125,-7.64453125,-3.822265625,2,2384,False
*,58,28,58,28,1624,1624,0,7.7421875,-7.7421875,-3.87109375,2,2384,False
*,58,29,58,29,1682,1682,0,8.0859375,-8.0859375,-4.04296875,2,2384,False
*,58,30,58,30,1740,1740,0,7.203125,-7.203125,-3.6015625,2,2240,False
*,58,31,58,31,1798,1798,0,7.8515625,-7.8515625,-3.92578125,2,792,False
*,58,32,58,32,1856,1856,0,7.3828125,-7.3828125,-3.69140625,2,2240,False
*,58,33,58,33,1914,1914,0,7.6484375,-7.6484375,-7.6484375,1,792,False
*,58,34,58,34,1972,1972,0,7.625,-7.625,-7.625,1,2384,False
*,58,35,58,35,2030,2030,0,7.921875,-7.921875,-7.921875,1,2384,False
*,58,36,58,36,2088,2088,0,7.80859375,-7.80859375,-3.904296875,2,2240,False
*,58,37,58,37,2146,2146,0,9.078125,-9.078125,-4.5390625,2,2384,False
*,58,38,58,38,2204,2204,0,8.484375,-8.484375,-4.2421875,2,2384,False
*,58,39,58,39,2262,2262,0,7.7265625,-7.7265625,-3.86328125,2,2384,False
*,58,40,58,40,2320,2320,0,8.328125,-8.328125,-4.1640625,2,2384,False
*,58,41,58,41,2378,2378,0,8.453125,-8.453125,-4.2265625,2,2384,False
*,58,42,58,42,2436,2436,0,8.5,-8.5,-4.25,2,2384,False
*,58,43,58,43,2494,2494,0,8.375,-8.375,-4.1875,2,2384,False
*,58,44,58,44,2552,2552,0,7.58203125,-7.58203125,-3.791015625,2,2384,False
*,58,45,58,45,2610,2610,0,8.71875,-8.71875,-4.359375,2,2384,False
*,58,46,58,46,2668,2668,0,8.1484375,-8.1484375,-4.07421875,2,2384,False
*,58,47,58,47,2726,2726,0,9.1875,-9.1875,-4.59375,2,2384,False
*,58,48,58,48,2784,2784,0,8.546875,-8.546875,-4.2734375,2,2240,False
*,58,49,58,49,2842,2842,0,8.390625,-8.390625,-4.1953125,2,2240,False
*,58,50,58,50,2900,2900,0,8.4765625,-8.4765625,-4.23828125,2,2240,False
*,58,51,58,51,2958,2958,0,8.609375,-8.609375,-4.3046875,2,2256,False
*,58,52,58,52,3016,3016,0,8.2421875,-8.2421875,-4.12109375,2,2240,False
*,58,53,58,53,3074,3074,0,9.09375,-9.09375,-4.546875,2,2384,False
*,58,54,58,54,3132,3132,0,8.7734375,-8.7734375,-4.38671875,2,2384,False
*,58,55,58,55,3190,3190,0,9.859375,-9.859375,-4.9296875,2,2384,False
*,58,56,58,56,3248,3248,0,8.15625,-8.15625,-4.078125,2,2240,False
*,58,57,58,57,3306,3306,0,8.75,-8.75,-4.375,2,2256,False
*,58,58,58,58,3364,3364,4,9.09375,-9.09375,-4.546875,2,2256,False
*,58,59,58,59,3422,3422,0,9.1015625,-9.1015625,-4.55078125,2,2256,False
*,58,60,58,60,3480,3480,0,8.96875,-8.96875,-4.484375,2,2240,False
*,58,61,58,61,3538,3538,0,9.953125,-9.953125,-4.9765625,2,2256,False
*,58,62,58,62,3596,3596,0,9.0546875,-9.0546875,-4.52734375,2,2384,False
*,58,63,58,63,3654,3654,0,8.75,-8.75,-4.375,2,2384,False
*,58,64,58,64,3712,3712,0,9.359375,-9.359375,-4.6796875,2,2384,False
*,58,65,58,65,3770,3770,0,9.484375,-9.484375,-4.7421875,2,2384,False
*,58,66,58,66,3828,3828,0,8.6484375,-8.6484375,-4.32421875,2,2240,False
*,58,67,58,67,3886,3886,0,9.609375,-9.609375,-4.8046875,2,2240,False
*,58,68,58,68,3944,3944,0,8.9609375,-8.9609375,-4.48046875,2,2384,False
*,58,69,58,69,4002,4002,0,9.1640625,-9.1640625,-4.58203125,2,2240,False
*,58,70,58,70,4060,4060,0,8.984375,-8.984375,-4.4921875,2,2384,False
*,58,71,58,71,4118,4118,0,10.1328125,-10.1328125,-5.06640625,2,2384,False
*,58,72,58,72,4176,4176,0,9.109375,-9.109375,-4.5546875,2,2240,False
*,58,73,58,73,4234,4234,0,10.234375,-10.234375,-5.1171875,2,2384,False
*,58,74,58,74,4292,4292,0,9.234375,-9.234375,-4.6171875,2,2384,False
*,58,75,58,75,4350,4350,0,9.75,-9.75,-4.875,2,2384,False
*,58,76,58,76,4408,4408,0,9.2578125,-9.2578125,-4.62890625,2,2240,False
*,58,77,58,77,4466,4466,0,10.1875,-10.1875,-5.09375,2,2384,False
*,58,78,58,78,4524,4524,0,9.390625,-9.390625,-4.6953125,2,2240,False
*,58,79,58,79,4582,4582,0,10.546875,-10.546875,-5.2734375,2,2384,False
*,58,80,58,80,4640,4640,0,8.703125,-8.703125,-4.3515625,2,2240,False
*,58,81,58,81,4698,4698,0,10.1484375,-10.1484375,-5.07421875,2,2384,False
*,58,82,58,82,4756,4756,0,9.734375,-9.734375,-4.8671875,2,2384,False
*,58,83,58,83,4814,4814,0,10.15625,-10.15625,-5.078125,2,2384,False
*,58,84,58,84,4872,4872,0,9.609375,-9.609375,-4.8046875,2,2384,False
*,58,85,58,85,4930,4930,0,10.4140625,-10.4140625,-5.20703125,2,2384,False
*,58,86,58,86,4988,4988,0,10.21875,-10.21875,-5.109375,2,2384,False
*,58,87,58,87,5046,5046,0,10.015625,-10.015625,-5.0078125,2,2384,False
*,58,88,58,88,5104,5104,0,8.8984375,-8.8984375,-4.44921875,2,2384,False
*,58,89,58,89,5162,5162,0,9.9765625,-9.9765625,-4.98828125,2,2240,False
*,58,90,58,90,5220,5220,0,9.8359375,-9.8359375,-4.91796875,2,2240,False
*,58,91,58,91,5278,5278,0,10.25,-10.25,-5.125,2,2256,False
*,58,92,58,92,5336,5336,0,9.109375,-9.109375,-4.5546875,2,2384,False
*,58,93,58,93,5394,5394,0,10.1015625,-10.1015625,-5.05078125,2,2384,False
*,58,94,58,94,5452,5452,0,9.25,-9.25,-4.625,2,2240,False
*,58,95,58,95,5510,5510,0,10.40625,-10.40625,-5.203125,2,2384,False
*,58,96,58,96,5568,5568,0,9.25,-9.25,-4.625,2,2240,False
*,58,97,58,97,5626,5626,0,10.625,-10.625,-5.3125,2,2240,False
*,58,98,58,98,5684,5684,0,9.734375,-9.734375,-4.8671875,2,2254,False
*,58,99,58,99,5742,5742,0,9.6328125,-9.6328125,-4.81640625,2,2240,False
*,59,10,59,10,590,590,0,8.171875,-8.171875,-8.171875,1,2256,False
*,59,11,59,11,649,649,0,8.015625,-8.015625,-4.0078125,2,2256,False
*,59,12,59,12,708,708,0,7.80859375,-7.80859375,-3.904296875,2,2384,False
*,59,13,59,13,767,767,0,7.88671875,-7.88671875,-3.943359375,2,2256,False
*,59,14,59,14,826,826,0,7.64453125,-7.64453125,-3.822265625,2,2384,False
*,59,15,59,15,885,885,1,8.6875,-8.6875,-4.34375,2,2375,False
*,59,16,59,16,944,944,0,7.59765625,-7.59765625,-3.798828125,2,2384,False
*,59,17,59,17,1003,1003,0,7.4609375,-7.4609375,-3.73046875,2,795,False
*,59,18,59,18,1062,1062,0,8.09375,-8.09375,-4.046875,2,2384,False
*,59,19,59,19,1121,1121,0,7.94921875,-7.94921875,-3.974609375,2,2255,False
*,59,20,59,20,1180,1180,1,8.875,-8.875,-4.4375,2,2384,False
*,59,21,59,21,1239,1239,0,8.25,-8.25,-4.125,2,2255,False
*,59,22,59,22,1298,1298,0,8.2734375,-8.2734375,-4.13671875,2,2256,False
*,59,23,59,23,1357,1357,0,7.76953125,-7.76953125,-3.884765625,2,2254,False
*,59,24,59,24,1416,1416,0,7.8125,-7.8125,-3.90625,2,2384,False
*,59,25,59,25,1475,1475,1,7.9609375,-7.9609375,-3.98046875,2,2384,False
*,59,26,59,26,1534,1534,0,7.90234375,-7.90234375,-3.951171875,2,2384,False
*,59,27,59,27,1593,1593,1,7.734375,-7.734375,-3.8671875,2,2262,False
*,59,28,59,28,1652,1652,0,7.6328125,-7.6328125,-3.81640625,2,2384,False
*,59,29,59,29,1711,1711,0,7.58203125,-7.58203125,-3.791015625,2,2384,False
*,59,30,59,30,1770,1770,1,7.4453125,-7.4453125,-3.72265625,2,2384,False
*,59,31,59,31,1829,1829,0,7.6484375,-7.6484375,-3.82421875,2,2256,False
*,59,32,59,32,1888,1888,0,6.86328125,-6.86328125,-6.86328125,1,2384,False
*,59,33,59,33,1947,1947,0,7.74609375,-7.74609375,-7.74609375,1,2375,False
*,59,34,59,34,2006,2006,0,8.234375,-8.234375,-8.234375,1,2384,False
*,59,35,59,35,2065,2065,0,8.15625,-8.15625,-4.078125,2,2375,False
*,59,36,59,36,2124,2124,0,8.21875,-8.21875,-4.109375,2,2384,False
*,59,37,59,37,2183,2183,0,8.296875,-8.296875,-4.1484375,2,2375,False
*,59,38,59,38,2242,2242,0,8.078125,-8.078125,-4.0390625,2,2384,False
*,59,39,59,39,2301,2301,0,8.78125,-8.78125,-4.390625,2,2375,False
*,59,40,59,40,2360,2360,0,8.890625,-8.890625,-4.4453125,2,2384,False
*,59,41,59,41,2419,2419,0,8.78125,-8.78125,-4.390625,2,2375,False
*,59,42,59,42,2478,2478,0,8.8671875,-8.8671875,-4.43359375,2,2384,False
*,59,43,59,43,2537,2537,0,8.859375,-8.859375,-4.4296875,2,2375,False
*,59,44,59,44,2596,2596,0,8.1484375,-8.1484375,-4.07421875,2,2384,False
*,59,45,59,45,2655,2655,0,8.1328125,-8.1328125,-4.06640625,2,2375,False
*,59,46,59,46,2714,2714,0,8.3359375,-8.3359375,-4.16796875,2,2126,False
*,59,47,59,47,2773,2773,0,9.0,-9.0,-4.5,2,2126,False
*,59,48,59,48,2832,2832,0,8.46875,-8.46875,-4.234375,2,2384,False
*,59,49,59,49,2891,2891,0,9.5390625,-9.5390625,-4.76953125,2,2375,False
*,59,50,59,50,2950,2950,0,9.0,-9.0,-4.5,2,2384,False
*,59,51,59,51,3009,3009,0,8.53125,-8.53125,-4.265625,2,2126,False
*,59,52,59,52,3068,3068,0,8.265625,-8.265625,-4.1328125,2,2384,False
*,59,53,59,53,3127,3127,0,9.453125,-9.453125,-4.7265625,2,2375,False
*,59,54,59,54,3186,3186,0,9.1015625,-9.1015625,-4.55078125,2,2384,False
*,59,55,59,55,3245,3245,0,9.609375,-9.609375,-4.8046875,2,2375,False
*,59,56,59,56,3304,3304,0,8.3984375,-8.3984375,-4.19921875,2,2384,False
*,59,57,59,57,3363,3363,0,9.5625,-9.5625,-4.78125,2,2255,False
*,59,58,59,58,3422,3422,0,8.859375,-8.859375,-4.4296875,2,2384,False
*,59,59,59,59,3481,3481,1,9.1328125,-9.1328125,-4.56640625,2,2255,False
*,59,60,59,60,3540,3540,0,8.5703125,-8.5703125,-4.28515625,2,2255,False
*,59,61,59,61,3599,3599,0,9.4140625,-9.4140625,-4.70703125,2,2254,False
*,59,62,59,62,3658,3658,0,8.9140625,-8.9140625,-4.45703125,2,2262,False
*,59,63,59,63,3717,3717,1,9.4375,-9.4375,-4.71875,2,2375,False
*,59,64,59,64,3776,3776,0,8.484375,-8.484375,-4.2421875,2,2384,False
*,59,65,59,65,3835,3835,0,9.2578125,-9.2578125,-4.62890625,2,2375,False
*,59,66,59,66,3894,3894,0,9.578125,-9.578125,-4.7890625,2,2384,False
*,59,67,59,67,3953,3953,0,9.359375,-9.359375,-4.6796875,2,2375,False
*,59,68,59,68,4012,4012,0,9.2265625,-9.2265625,-4.61328125,2,2384,False
*,59,69,59,69,4071,4071,0,10.03125,-10.03125,-5.015625,2,2375,False
*,59,70,59,70,4130,4130,0,10.0625,-10.0625,-5.03125,2,2384,False
*,59,71,59,71,4189,4189,0,10.6171875,-10.6171875,-5.30859375,2,2375,False
*,59,72,59,72,4248,4248,0,9.09375,-9.09375,-4.546875,2,2384,False
*,59,73,59,73,4307,4307,0,9.75,-9.75,-4.875,2,2375,False
*,59,74,59,74,4366,4366,0,9.859375,-9.859375,-4.9296875,2,2384,False
*,59,75,59,75,4425,4425,0,9.890625,-9.890625,-4.9453125,2,2375,False
*,59,76,59,76,4484,4484,0,9.671875,-9.671875,-4.8359375,2,2384,False
*,59,77,59,77,4543,4543,0,9.7578125,-9.7578125,-4.87890625,2,2375,False
*,59,78,59,78,4602,4602,0,10.1015625,-10.1015625,-5.05078125,2,2384,False
*,59,79,59,79,4661,4661,0,9.65625,-9.65625,-4.828125,2,2375,False
*,59,80,59,80,4720,4720,0,9.96875,-9.96875,-4.984375,2,2384,False
*,59,81,59,81,4779,4779,0,10.0078125,-10.0078125,-5.00390625,2,2384,False
*,59,82,59,82,4838,4838,0,10.46875,-10.46875,-5.234375,2,2384,False
*,59,83,59,83,4897,4897,0,10.6015625,-10.6015625,-5.30078125,2,2384,False
*,59,84,59,84,4956,4956,0,9.625,-9.625,-4.8125,2,2384,False
*,59,85,59,85,5015,5015,0,9.625,-9.625,-4.8125,2,2375,False
*,59,86,59,86,5074,5074,0,10.234375,-10.234375,-5.1171875,2,2384,False
*,59,87,59,87,5133,5133,0,10.3359375,-10.3359375,-5.16796875,2,2384,False
*,59,88,59,88,5192,5192,0,9.5859375,-9.5859375,-4.79296875,2,2384,False
*,59,89,59,89,5251,5251,0,9.78125,-9.78125,-4.890625,2,2240,False
*,59,90,59,90,5310,5310,0,9.984375,-9.984375,-4.9921875,2,2240,False
*,59,91,59,91,5369,5369,0,10.859375,-10.859375,-5.4296875,2,2240,False
*,59,92,59,92,5428,5428,0,9.921875,-9.921875,-4.9609375,2,2384,False
*,59,93,59,93,5487,5487,0,10.375,-10.375,-5.1875,2,2375,False
*,59,94,59,94,5546,5546,0,9.765625,-9.765625,-4.8828125,2,2384,False
*,59,95,59,95,5605,5605,0,11.0625,-11.0625,-5.53125,2,2384,False
*,59,96,59,96,5664,5664,0,9.8125,-9.8125,-4.90625,2,2240,False
*,59,97,59,97,5723,5723,0,10.03125,-10.03125,-5.015625,2,2240,False
*,59,98,59,98,5782,5782,0,10.046875,-10.046875,-5.0234375,2,2254,False
*,59,99,59,99,5841,5841,0,10.265625,-10.265625,-5.1328125,2,3016,False
*,60,10,60,10,600,600,10,6.86328125,-6.86328125,-6.86328125,1,2304,False
*,60,11,60,11,660,660,0,7.38671875,-7.38671875,-7.38671875,1,792,False
*,60,12,60,12,720,720,5,6.17578125,-6.17578125,-6.17578125,1,792,False
*,60,13,60,13,780,780,1,8.0859375,-8.0859375,-8.0859375,1,2256,False
*,60,14,60,14,840,840,3,6.81640625,-6.81640625,-3.408203125,2,784,False
*,60,15,60,15,900,900,4,6.83984375,-6.83984375,-6.83984375,1,792,False
*,60,16,60,16,960,960,4,6.58984375,-6.58984375,-3.294921875,2,864,False
*,60,17,60,17,1020,1020,0,8.0703125,-8.0703125,-4.03515625,2,792,False
*,60,18,60,18,1080,1080,1,6.30859375,-6.30859375,-6.30859375,1,2304,False
*,60,19,60,19,1140,1140,0,8.0,-8.0,-4.0,2,2304,False
*,60,20,60,20,1200,1200,1,6.45703125,-6.45703125,-6.45703125,1,2304,False
*,60,21,60,21,1260,1260,0,7.6953125,-7.6953125,-3.84765625,2,2256,False
*,60,22,60,22,1320,1320,1,7.6953125,-7.6953125,-3.84765625,2,2256,False
*,60,23,60,23,1380,1380,0,8.421875,-8.421875,-4.2109375,2,2254,False
*,60,24,60,24,1440,1440,21,6.96875,-6.96875,-3.484375,2,2304,False
*,60,25,60,25,1500,1500,4,7.03515625,-7.03515625,-7.03515625,1,2304,False
*,60,26,60,26,1560,1560,0,7.19921875,-7.19921875,-3.599609375,2,2304,False
*,60,27,60,27,1620,1620,0,7.86328125,-7.86328125,-3.931640625,2,2304,False
*,60,28,60,28,1680,1680,0,6.859375,-6.859375,-3.4296875,2,2304,False
*,60,29,60,29,1740,1740,0,7.578125,-7.578125,-3.7890625,2,2304,False
*,60,30,60,30,1800,1800,6,6.15234375,-6.15234375,-6.15234375,1,2304,False
*,60,31,60,31,1860,1860,0,6.9375,-6.9375,-6.9375,1,792,False
*,60,32,60,32,1920,1920,0,6.1796875,-6.1796875,-6.1796875,1,2304,False
*,60,33,60,33,1980,1980,0,7.29296875,-7.29296875,-7.29296875,1,792,False
*,60,34,60,34,2040,2040,0,7.59375,-7.59375,-3.796875,2,2304,False
*,60,35,60,35,2100,2100,0,8.5078125,-8.5078125,-4.25390625,2,792,False
*,60,36,60,36,2160,2160,0,8.0,-8.0,-4.0,2,864,False
*,60,37,60,37,2220,2220,0,8.921875,-8.921875,-4.4609375,2,2304,False
*,60,38,60,38,2280,2280,0,8.3125,-8.3125,-4.15625,2,2304,False
*,60,39,60,39,2340,2340,0,8.484375,-8.484375,-4.2421875,2,2304,False
*,60,40,60,40,2400,2400,3,6.1796875,-6.1796875,-3.08984375,2,2304,False
*,60,41,60,41,2460,2460,0,8.6953125,-8.6953125,-4.34765625,2,2304,False
*,60,42,60,42,2520,2520,2,8.1875,-8.1875,-4.09375,2,2304,False
*,60,43,60,43,2580,2580,0,8.15625,-8.15625,-4.078125,2,2304,False
*,60,44,60,44,2640,2640,0,7.3984375,-7.3984375,-3.69921875,2,2304,False
*,60,45,60,45,2700,2700,2,7.5546875,-7.5546875,-3.77734375,2,2304,False
*,60,46,60,46,2760,2760,0,8.265625,-8.265625,-4.1328125,2,2304,False
*,60,47,60,47,2820,2820,0,8.3671875,-8.3671875,-4.18359375,2,2304,False
*,60,48,60,48,2880,2880,2,7.3515625,-7.3515625,-3.67578125,2,2304,False
*,60,49,60,49,2940,2940,0,8.46875,-8.46875,-4.234375,2,2240,False
*,60,50,60,50,3000,3000,4,7.28515625,-7.28515625,-7.28515625,1,2304,False
*,60,51,60,51,3060,3060,0,8.59375,-8.59375,-4.296875,2,2256,False
*,60,52,60,52,3120,3120,1,8.359375,-8.359375,-4.1796875,2,2304,False
*,60,53,60,53,3180,3180,0,9.4921875,-9.4921875,-4.74609375,2,2304,False
*,60,54,60,54,3240,3240,0,8.40625,-8.40625,-4.203125,2,2304,False
*,60,55,60,55,3300,3300,0,8.2734375,-8.2734375,-4.13671875,2,2304,False
*,60,56,60,56,3360,3360,0,8.8359375,-8.8359375,-4.41796875,2,2304,False
*,60,57,60,57,3420,3420,1,9.34375,-9.34375,-4.671875,2,2304,False
*,60,58,60,58,3480,3480,0,8.859375,-8.859375,-4.4296875,2,2304,False
*,60,59,60,59,3540,3540,0,8.578125,-8.578125,-4.2890625,2,2256,False
*,60,60,60,60,3600,3600,35,5.6953125,-5.6953125,-2.84765625,2,2304,False
*,60,61,60,61,3660,3660,2,9.3125,-9.3125,-4.65625,2,2256,False
*,60,62,60,62,3720,3720,0,9.5,-9.5,-4.75,2,2304,False
*,60,63,60,63,3780,3780,0,9.234375,-9.234375,-4.6171875,2,2304,False
*,60,64,60,64,3840,3840,0,7.9609375,-7.9609375,-3.98046875,2,2304,False
*,60,65,60,65,3900,3900,0,9.4609375,-9.4609375,-4.73046875,2,2304,False
*,60,66,60,66,3960,3960,0,8.796875,-8.796875,-4.3984375,2,2240,False
*,60,67,60,67,4020,4020,0,9.828125,-9.828125,-4.9140625,2,2240,False
*,60,68,60,68,4080,4080,0,8.0390625,-8.0390625,-4.01953125,2,2304,False
*,60,69,60,69,4140,4140,0,9.078125,-9.078125,-4.5390625,2,2304,False
*,60,70,60,70,4200,4200,1,8.234375,-8.234375,-4.1171875,2,2304,False
*,60,71,60,71,4260,4260,0,9.9375,-9.9375,-4.96875,2,2304,False
*,60,72,60,72,4320,4320,0,8.46875,-8.46875,-4.234375,2,2304,False
*,60,73,60,73,4380,4380,0,9.2265625,-9.2265625,-4.61328125,2,2304,False
*,60,74,60,74,4440,4440,0,8.7265625,-8.7265625,-4.36328125,2,2304,False
*,60,75,60,75,4500,4500,0,8.2734375,-8.2734375,-4.13671875,2,2304,False
*,60,76,60,76,4560,4560,0,8.5625,-8.5625,-4.28125,2,2304,False
*,60,77,60,77,4620,4620,0,9.3359375,-9.3359375,-4.66796875,2,2240,False
*,60,78,60,78,4680,4680,0,9.1328125,-9.1328125,-4.56640625,2,2304,False
*,60,79,60,79,4740,4740,0,9.3359375,-9.3359375,-4.66796875,2,2304,False
*,60,80,60,80,4800,4800,5,7.203125,-7.203125,-3.6015625,2,2304,False
*,60,81,60,81,4860,4860,0,9.8125,-9.8125,-4.90625,2,2304,False
*,60,82,60,82,4920,4920,0,9.71875,-9.71875,-4.859375,2,2304,False
*,60,83,60,83,4980,4980,0,9.890625,-9.890625,-4.9453125,2,2304,False
*,60,84,60,84,5040,5040,0,8.1484375,-8.1484375,-4.07421875,2,2304,False
*,60,85,60,85,5100,5100,0,9.625,-9.625,-4.8125,2,2304,False
*,60,86,60,86,5160,5160,0,9.3203125,-9.3203125,-4.66015625,2,2304,False
*,60,87,60,87,5220,5220,0,9.8984375,-9.8984375,-4.94921875,2,2304,False
*,60,88,60,88,5280,5280,0,8.6953125,-8.6953125,-4.34765625,2,2304,False
*,60,89,60,89,5340,5340,0,9.703125,-9.703125,-4.8515625,2,2240,False
*,60,90,60,90,5400,5400,0,7.9921875,-7.9921875,-3.99609375,2,2304,False
*,60,91,60,91,5460,5460,1,10.3125,-10.3125,-5.15625,2,2240,False
*,60,92,60,92,5520,5520,0,9.453125,-9.453125,-4.7265625,2,2304,False
*,60,93,60,93,5580,5580,0,9.5546875,-9.5546875,-4.77734375,2,2304,False
*,60,94,60,94,5640,5640,0,8.6953125,-8.6953125,-4.34765625,2,2304,False
*,60,95,60,95,5700,5700,1,9.453125,-9.453125,-4.7265625,2,2240,False
*,60,96,60,96,5760,5760,0,8.7734375,-8.7734375,-4.38671875,2,2304,False
*,60,97,60,97,5820,5820,1,9.6796875,-9.6796875,-4.83984375,2,2256,False
*,60,98,60,98,5880,5880,0,9.125,-9.125,-4.5625,2,2254,False
*,60,99,60,99,5940,5940,0,9.3515625,-9.3515625,-4.67578125,2,3456,False
*,61,10,61,10,610,610,0,7.859375,-7.859375,-7.859375,1,2256,False
*,61,11,61,11,671,671,2,7.91015625,-7.91015625,-3.955078125,2,2255,False
*,61,12,61,12,732,732,1,7.7890625,-7.7890625,-3.89453125,2,2256,False
*,61,13,61,13,793,793,0,8.015625,-8.015625,-4.0078125,2,2255,False
*,61,14,61,14,854,854,0,7.86328125,-7.86328125,-3.931640625,2,2256,False
*,61,15,61,15,915,915,0,7.6015625,-7.6015625,-3.80078125,2,2255,False
*,61,16,61,16,976,976,0,7.421875,-7.421875,-3.7109375,2,2256,False
*,61,17,61,17,1037,1037,0,8.140625,-8.140625,-4.0703125,2,2255,False
*,61,18,61,18,1098,1098,0,8.015625,-8.015625,-4.0078125,2,2255,False
*,61,19,61,19,1159,1159,0,8.515625,-8.515625,-4.2578125,2,2255,False
*,61,20,61,20,1220,1220,0,8.078125,-8.078125,-4.0390625,2,2256,False
*,61,21,61,21,1281,1281,0,8.546875,-8.546875,-4.2734375,2,2254,False
*,61,22,61,22,1342,1342,0,7.984375,-7.984375,-3.9921875,2,2254,False
*,61,23,61,23,1403,1403,0,8.8515625,-8.8515625,-4.42578125,2,2254,False
*,61,24,61,24,1464,1464,1,7.8515625,-7.8515625,-3.92578125,2,2254,False
*,61,25,61,25,1525,1525,0,7.8046875,-7.8046875,-3.90234375,2,2255,False
*,61,26,61,26,1586,1586,0,8.171875,-8.171875,-4.0859375,2,2256,False
*,61,27,61,27,1647,1647,0,5.50390625,-5.50390625,-2.751953125,2,2254,False
*,61,28,61,28,1708,1708,0,6.80859375,-6.80859375,-3.404296875,2,2256,False
*,61,29,61,29,1769,1769,0,8.5234375,-8.5234375,-4.26171875,2,2255,False
*,61,30,61,30,1830,1830,0,7.41015625,-7.41015625,-7.41015625,1,2256,False
*,61,31,61,31,1891,1891,1,7.80859375,-7.80859375,-7.80859375,1,2255,False
*,61,32,61,32,1952,1952,0,7.78125,-7.78125,-7.78125,1,2256,False
*,61,33,61,33,2013,2013,0,8.7734375,-8.7734375,-8.7734375,1,2255,False
*,61,34,61,34,2074,2074,0,8.15625,-8.15625,-4.078125,2,2256,False
*,61,35,61,35,2135,2135,0,8.484375,-8.484375,-4.2421875,2,2255,False
*,61,36,61,36,2196,2196,0,8.34375,-8.34375,-4.171875,2,2256,False
*,61,37,61,37,2257,2257,0,8.140625,-8.140625,-4.0703125,2,2256,False
*,61,38,61,38,2318,2318,0,8.4375,-8.4375,-4.21875,2,2255,False
*,61,39,61,39,2379,2379,0,8.46875,-8.46875,-4.234375,2,2255,False
*,61,40,61,40,2440,2440,0,8.25,-8.25,-4.125,2,2256,False
*,61,41,61,41,2501,2501,1,8.5625,-8.5625,-4.28125,2,2255,False
*,61,42,61,42,2562,2562,1,8.6015625,-8.6015625,-4.30078125,2,2255,False
*,61,43,61,43,2623,2623,0,8.4140625,-8.4140625,-4.20703125,2,2255,False
*,61,44,61,44,2684,2684,0,8.1171875,-8.1171875,-4.05859375,2,2256,False
*,61,45,61,45,2745,2745,0,9.03125,-9.03125,-4.515625,2,2255,False
*,61,46,61,46,2806,2806,0,8.6484375,-8.6484375,-4.32421875,2,2254,False
*,61,47,61,47,2867,2867,0,8.6953125,-8.6953125,-4.34765625,2,2255,False
*,61,48,61,48,2928,2928,0,8.2578125,-8.2578125,-4.12890625,2,2255,False
*,61,49,61,49,2989,2989,0,8.953125,-8.953125,-4.4765625,2,2255,False
*,61,50,61,50,3050,3050,0,8.828125,-8.828125,-4.4140625,2,2256,False
*,61,51,61,51,3111,3111,0,9.328125,-9.328125,-4.6640625,2,2255,False
*,61,52,61,52,3172,3172,0,8.7109375,-8.7109375,-4.35546875,2,2256,False
*,61,53,61,53,3233,3233,1,9.8203125,-9.8203125,-4.91015625,2,2255,False
*,61,54,61,54,3294,3294,0,8.9140625,-8.9140625,-4.45703125,2,2255,False
*,61,55,61,55,3355,3355,0,9.2265625,-9.2265625,-4.61328125,2,2255,False
*,61,56,61,56,3416,3416,0,8.4375,-8.4375,-4.21875,2,2256,False
*,61,57,61,57,3477,3477,0,9.421875,-9.421875,-4.7109375,2,2255,False
*,61,58,61,58,3538,3538,0,9.6015625,-9.6015625,-4.80078125,2,2256,False
*,61,59,61,59,3599,3599,0,9.3203125,-9.3203125,-4.66015625,2,2255,False
*,61,60,61,60,3660,3660,0,9.5078125,-9.5078125,-4.75390625,2,2255,False
*,61,61,61,61,3721,3721,3,10.390625,-10.390625,-5.1953125,2,2254,False
*,61,62,61,62,3782,3782,0,9.4296875,-9.4296875,-4.71484375,2,2254,False
*,61,63,61,63,3843,3843,0,8.984375,-8.984375,-4.4921875,2,2254,False
*,61,64,61,64,3904,3904,3,9.671875,-9.671875,-4.8359375,2,2254,False
*,61,65,61,65,3965,3965,0,9.546875,-9.546875,-4.7734375,2,2255,False
*,61,66,61,66,4026,4026,0,9.7109375,-9.7109375,-4.85546875,2,2256,False
*,61,67,61,67,4087,4087,0,10.125,-10.125,-5.0625,2,2255,False
*,61,68,61,68,4148,4148,0,9.859375,-9.859375,-4.9296875,2,2255,False
*,61,69,61,69,4209,4209,0,10.1015625,-10.1015625,-5.05078125,2,2255,False
*,61,70,61,70,4270,4270,0,9.921875,-9.921875,-4.9609375,2,2255,False
*,61,71,61,71,4331,4331,0,10.59375,-10.59375,-5.296875,2,2255,False
*,61,72,61,72,4392,4392,0,9.5234375,-9.5234375,-4.76171875,2,2256,False
*,61,73,61,73,4453,4453,0,9.8515625,-9.8515625,-4.92578125,2,2255,False
*,61,74,61,74,4514,4514,0,9.7421875,-9.7421875,-4.87109375,2,2256,False
*,61,75,61,75,4575,4575,0,9.921875,-9.921875,-4.9609375,2,2255,False
*,61,76,61,76,4636,4636,0,9.6796875,-9.6796875,-4.83984375,2,2256,False
*,61,77,61,77,4697,4697,0,10.171875,-10.171875,-5.0859375,2,2256,False
*,61,78,61,78,4758,4758,0,10.390625,-10.390625,-5.1953125,2,2256,False
*,61,79,61,79,4819,4819,1,10.59375,-10.59375,-5.296875,2,2255,False
*,61,80,61,80,4880,4880,1,9.5,-9.5,-4.75,2,2256,False
*,61,81,61,81,4941,4941,0,10.671875,-10.671875,-5.3359375,2,2255,False
*,61,82,61,82,5002,5002,0,9.8125,-9.8125,-4.90625,2,2256,False
*,61,83,61,83,5063,5063,0,10.6015625,-10.6015625,-5.30078125,2,2255,False
*,61,84,61,84,5124,5124,0,9.890625,-9.890625,-4.9453125,2,2256,False
*,61,85,61,85,5185,5185,0,10.71875,-10.71875,-5.359375,2,2255,False
*,61,86,61,86,5246,5246,0,9.78125,-9.78125,-4.890625,2,2256,False
*,61,87,61,87,5307,5307,0,10.609375,-10.609375,-5.3046875,2,2255,False
*,61,88,61,88,5368,5368,0,9.3046875,-9.3046875,-4.65234375,2,2256,False
*,61,89,61,89,5429,5429,0,10.78125,-10.78125,-5.390625,2,2255,False
*,61,90,61,90,5490,5490,0,10.6953125,-10.6953125,-5.34765625,2,2256,False
*,61,91,61,91,5551,5551,0,11.25,-11.25,-5.625,2,2255,False
*,61,92,61,92,5612,5612,0,10.125,-10.125,-5.0625,2,2256,False
*,61,93,61,93,5673,5673,0,10.765625,-10.765625,-5.3828125,2,2255,False
*,61,94,61,94,5734,5734,0,10.75,-10.75,-5.375,2,2254,False
*,61,95,61,95,5795,5795,0,10.6875,-10.6875,-5.34375,2,2255,False
*,61,96,61,96,5856,5856,0,10.3125,-10.3125,-5.15625,2,2256,False
*,61,97,61,97,5917,5917,0,10.765625,-10.765625,-5.3828125,2,2254,False
*,61,98,61,98,5978,5978,0,10.546875,-10.546875,-5.2734375,2,2254,False
*,61,99,61,99,6039,6039,0,10.640625,-10.640625,-5.3203125,2,2254,False
*,62,10,62,10,620,620,1,7.9453125,-7.9453125,-7.9453125,1,2256,False
*,62,11,62,11,682,682,0,8.2734375,-8.2734375,-4.13671875,2,2256,False
*,62,12,62,12,744,744,0,7.6484375,-7.6484375,-3.82421875,2,2256,False
*,62,13,62,13,806,806,0,8.4765625,-8.4765625,-4.23828125,2,2256,False
*,62,14,62,14,868,868,0,7.8125,-7.8125,-3.90625,2,2384,False
*,62,15,62,15,930,930,0,8.4453125,-8.4453125,-4.22265625,2,2256,False
*,62,16,62,16,992,992,3,7.78125,-7.78125,-3.890625,2,2256,False
*,62,17,62,17,1054,1054,0,7.90625,-7.90625,-3.953125,2,2256,False
*,62,18,62,18,1116,1116,0,8.3671875,-8.3671875,-4.18359375,2,2384,False
*,62,19,62,19,1178,1178,2,8.046875,-8.046875,-4.0234375,2,2256,False
*,62,20,62,20,1240,1240,0,7.6796875,-7.6796875,-3.83984375,2,2384,False
*,62,21,62,21,1302,1302,0,7.984375,-7.984375,-3.9921875,2,2256,False
*,62,22,62,22,1364,1364,0,8.71875,-8.71875,-4.359375,2,2256,False
*,62,23,62,23,1426,1426,0,8.3125,-8.3125,-4.15625,2,2254,False
*,62,24,62,24,1488,1488,0,8.1875,-8.1875,-4.09375,2,2256,False
*,62,25,62,25,1550,1550,0,8.25,-8.25,-4.125,2,2256,False
*,62,26,62,26,1612,1612,0,7.65625,-7.65625,-3.828125,2,2384,False
*,62,27,62,27,1674,1674,1,7.90234375,-7.90234375,-3.951171875,2,2262,False
*,62,28,62,28,1736,1736,0,7.38671875,-7.38671875,-3.693359375,2,2384,False
*,62,29,62,29,1798,1798,0,7.5078125,-7.5078125,-3.75390625,2,2256,False
*,62,30,62,30,1860,1860,0,7.1015625,-7.1015625,-7.1015625,1,2256,False
*,62,31,62,31,1922,1922,0,7.87109375,-7.87109375,-7.87109375,1,2256,False
*,62,32,62,32,1984,1984,0,7.62109375,-7.62109375,-7.62109375,1,2384,False
*,62,33,62,33,2046,2046,0,8.046875,-8.046875,-4.0234375,2,2384,False
*,62,34,62,34,2108,2108,0,8.5546875,-8.5546875,-4.27734375,2,2384,False
*,62,35,62,35,2170,2170,0,8.46875,-8.46875,-4.234375,2,2384,False
*,62,36,62,36,2232,2232,0,8.40625,-8.40625,-4.203125,2,2384,False
*,62,37,62,37,2294,2294,0,8.15625,-8.15625,-4.078125,2,2384,False
*,62,38,62,38,2356,2356,0,8.0078125,-8.0078125,-4.00390625,2,2384,False
*,62,39,62,39,2418,2418,0,8.75,-8.75,-4.375,2,2384,False
*,62,40,62,40,2480,2480,0,8.1328125,-8.1328125,-4.06640625,2,2384,False
*,62,41,62,41,2542,2542,0,8.5234375,-8.5234375,-4.26171875,2,2384,False
*,62,42,62,42,2604,2604,0,8.40625,-8.40625,-4.203125,2,2256,False
*,62,43,62,43,2666,2666,0,8.3046875,-8.3046875,-4.15234375,2,2384,False
*,62,44,62,44,2728,2728,0,7.74609375,-7.74609375,-3.873046875,2,2384,False
*,62,45,62,45,2790,2790,0,8.859375,-8.859375,-4.4296875,2,2384,False
*,62,46,62,46,2852,2852,0,8.3671875,-8.3671875,-4.18359375,2,2262,False
*,62,47,62,47,2914,2914,0,8.53125,-8.53125,-4.265625,2,2262,False
*,62,48,62,48,2976,2976,0,8.0078125,-8.0078125,-4.00390625,2,2384,False
*,62,49,62,49,3038,3038,0,9.203125,-9.203125,-4.6015625,2,2384,False
*,62,50,62,50,3100,3100,0,8.6953125,-8.6953125,-4.34765625,2,2384,False
*,62,51,62,51,3162,3162,0,9.015625,-9.015625,-4.5078125,2,2256,False
*,62,52,62,52,3224,3224,0,8.828125,-8.828125,-4.4140625,2,2384,False
*,62,53,62,53,3286,3286,0,9.1875,-9.1875,-4.59375,2,2384,False
*,62,54,62,54,3348,3348,0,8.359375,-8.359375,-4.1796875,2,2384,False
*,62,55,62,55,3410,3410,0,9.28125,-9.28125,-4.640625,2,2384,False
*,62,56,62,56,3472,3472,0,7.84765625,-7.84765625,-3.923828125,2,2384,False
*,62,57,62,57,3534,3534,0,9.078125,-9.078125,-4.5390625,2,2384,False
*,62,58,62,58,3596,3596,0,8.9140625,-8.9140625,-4.45703125,2,2384,False
*,62,59,62,59,3658,3658,0,8.8984375,-8.8984375,-4.44921875,2,2256,False
*,62,60,62,60,3720,3720,0,9.296875,-9.296875,-4.6484375,2,2256,False
*,62,61,62,61,3782,3782,2,9.328125,-9.328125,-4.6640625,2,2254,False
*,62,62,62,62,3844,3844,4,8.7265625,-8.7265625,-4.36328125,2,2254,False
*,62,63,62,63,3906,3906,0,8.609375,-8.609375,-4.3046875,2,2255,False
*,62,64,62,64,3968,3968,0,8.703125,-8.703125,-4.3515625,2,2256,False
*,62,65,62,65,4030,4030,0,9.953125,-9.953125,-4.9765625,2,2256,False
*,62,66,62,66,4092,4092,0,8.9140625,-8.9140625,-4.45703125,2,2384,False
*,62,67,62,67,4154,4154,0,9.6796875,-9.6796875,-4.83984375,2,2384,False
*,62,68,62,68,4216,4216,0,8.609375,-8.609375,-4.3046875,2,2384,False
*,62,69,62,69,4278,4278,0,9.5078125,-9.5078125,-4.75390625,2,2240,False
*,62,70,62,70,4340,4340,0,8.9609375,-8.9609375,-4.48046875,2,2384,False
*,62,71,62,71,4402,4402,0,9.5625,-9.5625,-4.78125,2,2384,False
*,62,72,62,72,4464,4464,0,8.9609375,-8.9609375,-4.48046875,2,2384,False
*,62,73,62,73,4526,4526,0,9.21875,-9.21875,-4.609375,2,2384,False
*,62,74,62,74,4588,4588,0,9.328125,-9.328125,-4.6640625,2,2384,False
*,62,75,62,75,4650,4650,1,9.46875,-9.46875,-4.734375,2,2384,False
*,62,76,62,76,4712,4712,0,9.4140625,-9.4140625,-4.70703125,2,2384,False
*,62,77,62,77,4774,4774,0,9.3125,-9.3125,-4.65625,2,2384,False
*,62,78,62,78,4836,4836,0,9.546875,-9.546875,-4.7734375,2,2384,False
*,62,79,62,79,4898,4898,0,10.265625,-10.265625,-5.1328125,2,2384,False
*,62,80,62,80,4960,4960,2,9.3984375,-9.3984375,-4.69921875,2,2240,False
*,62,81,62,81,5022,5022,0,9.90625,-9.90625,-4.953125,2,2256,False
*,62,82,62,82,5084,5084,0,9.359375,-9.359375,-4.6796875,2,2256,False
*,62,83,62,83,5146,5146,0,10.25,-10.25,-5.125,2,2384,False
*,62,84,62,84,5208,5208,0,8.6875,-8.6875,-4.34375,2,2384,False
*,62,85,62,85,5270,5270,0,9.890625,-9.890625,-4.9453125,2,2384,False
*,62,86,62,86,5332,5332,0,10.15625,-10.15625,-5.078125,2,2384,False
*,62,87,62,87,5394,5394,0,10.21875,-10.21875,-5.109375,2,2384,False
*,62,88,62,88,5456,5456,0,8.921875,-8.921875,-4.4609375,2,2384,False
*,62,89,62,89,5518,5518,0,10.3125,-10.3125,-5.15625,2,2256,False
*,62,90,62,90,5580,5580,0,9.5,-9.5,-4.75,2,2240,False
*,62,91,62,91,5642,5642,0,10.640625,-10.640625,-5.3203125,2,2256,False
*,62,92,62,92,5704,5704,0,9.7265625,-9.7265625,-4.86328125,2,2256,False
*,62,93,62,93,5766,5766,0,10.1953125,-10.1953125,-5.09765625,2,2254,False
*,62,94,62,94,5828,5828,0,9.421875,-9.421875,-4.7109375,2,2256,False
*,62,95,62,95,5890,5890,0,10.09375,-10.09375,-5.046875,2,2256,False
*,62,96,62,96,5952,5952,0,8.296875,-8.296875,-4.1484375,2,2240,False
*,62,97,62,97,6014,6014,0,9.890625,-9.890625,-4.9453125,2,2256,False
*,62,98,62,98,6076,6076,0,9.0625,-9.0625,-4.53125,2,2254,False
*,62,99,62,99,6138,6138,0,9.921875,-9.921875,-4.9609375,2,2254,False
*,63,10,63,10,630,630,1,8.1796875,-8.1796875,-8.1796875,1,2256,False
*,63,11,63,11,693,693,2,7.828125,-7.828125,-3.9140625,2,2256,False
*,63,12,63,12,756,756,0,7.578125,-7.578125,-3.7890625,2,2256,False
*,63,13,63,13,819,819,0,8.34375,-8.34375,-4.171875,2,2256,False
*,63,14,63,14,882,882,0,8.578125,-8.578125,-4.2890625,2,2384,False
*,63,15,63,15,945,945,0,7.90625,-7.90625,-3.953125,2,2256,False
*,63,16,63,16,1008,1008,0,7.09765625,-7.09765625,-3.548828125,2,2384,False
*,63,17,63,17,1071,1071,0,7.80859375,-7.80859375,-3.904296875,2,2256,False
*,63,18,63,18,1134,1134,0,7.4296875,-7.4296875,-3.71484375,2,2384,False
*,63,19,63,19,1197,1197,0,8.03125,-8.03125,-4.015625,2,2384,False
*,63,20,63,20,1260,1260,0,7.9296875,-7.9296875,-3.96484375,2,2384,False
*,63,21,63,21,1323,1323,0,8.25,-8.25,-4.125,2,2256,False
*,63,22,63,22,1386,1386,0,8.1796875,-8.1796875,-4.08984375,2,2256,False
*,63,23,63,23,1449,1449,0,8.2890625,-8.2890625,-4.14453125,2,2254,False
*,63,24,63,24,1512,1512,0,7.546875,-7.546875,-3.7734375,2,2304,False
*,63,25,63,25,1575,1575,0,7.9375,-7.9375,-3.96875,2,2384,False
*,63,26,63,26,1638,1638,0,7.9140625,-7.9140625,-3.95703125,2,2384,False
*,63,27,63,27,1701,1701,0,8.921875,-8.921875,-4.4609375,2,2262,False
*,63,28,63,28,1764,1764,0,7.2421875,-7.2421875,-3.62109375,2,2384,False
*,63,29,63,29,1827,1827,0,7.68359375,-7.68359375,-3.841796875,2,2384,False
*,63,30,63,30,1890,1890,0,7.296875,-7.296875,-7.296875,1,2384,False
*,63,31,63,31,1953,1953,0,7.73828125,-7.73828125,-7.73828125,1,2256,False
*,63,32,63,32,2016,2016,1,7.8515625,-7.8515625,-7.8515625,1,2384,False
*,63,33,63,33,2079,2079,0,8.859375,-8.859375,-4.4296875,2,2384,False
*,63,34,63,34,2142,2142,0,8.1328125,-8.1328125,-4.06640625,2,2384,False
*,63,35,63,35,2205,2205,1,8.2109375,-8.2109375,-4.10546875,2,2384,False
*,63,36,63,36,2268,2268,0,8.3125,-8.3125,-4.15625,2,2304,False
*,63,37,63,37,2331,2331,0,9.0390625,-9.0390625,-4.51953125,2,2384,False
*,63,38,63,38,2394,2394,0,8.4609375,-8.4609375,-4.23046875,2,2384,False
*,63,39,63,39,2457,2457,0,8.46875,-8.46875,-4.234375,2,2384,False
*,63,40,63,40,2520,2520,2,8.109375,-8.109375,-4.0546875,2,2384,False
*,63,41,63,41,2583,2583,0,8.8125,-8.8125,-4.40625,2,2384,False
*,63,42,63,42,2646,2646,0,7.953125,-7.953125,-3.9765625,2,2384,False
*,63,43,63,43,2709,2709,0,9.4140625,-9.4140625,-4.70703125,2,2384,False
*,63,44,63,44,2772,2772,0,8.484375,-8.484375,-4.2421875,2,2384,False
*,63,45,63,45,2835,2835,0,8.640625,-8.640625,-4.3203125,2,2384,False
*,63,46,63,46,2898,2898,0,8.7421875,-8.7421875,-4.37109375,2,2262,False
*,63,47,63,47,2961,2961,0,9.0625,-9.0625,-4.53125,2,2262,False
*,63,48,63,48,3024,3024,1,8.046875,-8.046875,-4.0234375,2,2384,False
*,63,49,63,49,3087,3087,0,8.953125,-8.953125,-4.4765625,2,2240,False
*,63,50,63,50,3150,3150,0,9.296875,-9.296875,-4.6484375,2,2384,False
*,63,51,63,51,3213,3213,0,8.7578125,-8.7578125,-4.37890625,2,2256,False
*,63,52,63,52,3276,3276,1,8.859375,-8.859375,-4.4296875,2,2384,False
*,63,53,63,53,3339,3339,0,8.984375,-8.984375,-4.4921875,2,2384,False
*,63,54,63,54,3402,3402,2,8.78125,-8.78125,-4.390625,2,2384,False
*,63,55,63,55,3465,3465,0,8.96875,-8.96875,-4.484375,2,2384,False
*,63,56,63,56,3528,3528,0,7.953125,-7.953125,-3.9765625,2,2384,False
*,63,57,63,57,3591,3591,0,9.2421875,-9.2421875,-4.62109375,2,2384,False
*,63,58,63,58,3654,3654,0,8.65625,-8.65625,-4.328125,2,2384,False
*,63,59,63,59,3717,3717,0,9.3671875,-9.3671875,-4.68359375,2,2240,False
*,63,60,63,60,3780,3780,0,9.09375,-9.09375,-4.546875,2,2256,False
*,63,61,63,61,3843,3843,0,8.7421875,-8.7421875,-4.37109375,2,2254,False
*,63,62,63,62,3906,3906,1,8.546875,-8.546875,-4.2734375,2,2254,False
*,63,63,63,63,3969,3969,3,9.6171875,-9.6171875,-4.80859375,2,2254,False
*,63,64,63,64,4032,4032,1,9.3125,-9.3125,-4.65625,2,1728,False
*,63,65,63,65,4095,4095,0,8.8359375,-8.8359375,-4.41796875,2,2256,False
*,63,66,63,66,4158,4158,0,9.828125,-9.828125,-4.9140625,2,2384,False
*,63,67,63,67,4221,4221,0,10.140625,-10.140625,-5.0703125,2,2384,False
*,63,68,63,68,4284,4284,0,8.875,-8.875,-4.4375,2,2384,False
*,63,69,63,69,4347,4347,0,9.609375,-9.609375,-4.8046875,2,3456,False
*,63,70,63,70,4410,4410,0,9.515625,-9.515625,-4.7578125,2,2384,False
*,63,71,63,71,4473,4473,0,10.046875,-10.046875,-5.0234375,2,2384,False
*,63,72,63,72,4536,4536,0,8.625,-8.625,-4.3125,2,2304,False
*,63,73,63,73,4599,4599,0,9.7421875,-9.7421875,-4.87109375,2,2384,False
*,63,74,63,74,4662,4662,0,9.2734375,-9.2734375,-4.63671875,2,2384,False
*,63,75,63,75,4725,4725,0,9.515625,-9.515625,-4.7578125,2,2304,False
*,63,76,63,76,4788,4788,0,9.734375,-9.734375,-4.8671875,2,2384,False
*,63,77,63,77,4851,4851,0,10.9453125,-10.9453125,-5.47265625,2,2384,False
*,63,78,63,78,4914,4914,0,10.140625,-10.140625,-5.0703125,2,2384,False
*,63,79,63,79,4977,4977,0,10.421875,-10.421875,-5.2109375,2,2384,False
*,63,80,63,80,5040,5040,0,8.4375,-8.4375,-4.21875,2,2304,False
*,63,81,63,81,5103,5103,0,10.0546875,-10.0546875,-5.02734375,2,2304,False
*,63,82,63,82,5166,5166,0,9.9140625,-9.9140625,-4.95703125,2,2384,False
*,63,83,63,83,5229,5229,0,10.3125,-10.3125,-5.15625,2,2384,False
*,63,84,63,84,5292,5292,0,8.9765625,-8.9765625,-4.48828125,2,2384,False
*,63,85,63,85,5355,5355,0,10.1875,-10.1875,-5.09375,2,3456,False
*,63,86,63,86,5418,5418,0,10.421875,-10.421875,-5.2109375,2,2384,False
*,63,87,63,87,5481,5481,0,10.0546875,-10.0546875,-5.02734375,2,2384,False
*,63,88,63,88,5544,5544,0,8.828125,-8.828125,-4.4140625,2,2384,False
*,63,89,63,89,5607,5607,0,10.1875,-10.1875,-5.09375,2,2240,False
*,63,90,63,90,5670,5670,1,10.28125,-10.28125,-5.140625,2,2240,False
*,63,91,63,91,5733,5733,0,10.40625,-10.40625,-5.203125,2,2256,False
*,63,92,63,92,5796,5796,0,9.59375,-9.59375,-4.796875,2,2256,False
*,63,93,63,93,5859,5859,0,10.6640625,-10.6640625,-5.33203125,2,2304,False
*,63,94,63,94,5922,5922,0,10.1171875,-10.1171875,-5.05859375,2,2384,False
*,63,95,63,95,5985,5985,0,10.3046875,-10.3046875,-5.15234375,2,3456,False
*,63,96,63,96,6048,6048,0,8.609375,-8.609375,-4.3046875,2,3456,False
*,63,97,63,97,6111,6111,0,9.96875,-9.96875,-4.984375,2,3456,False
*,63,98,63,98,6174,6174,0,10.09375,-10.09375,-5.046875,2,2254,False
*,63,99,63,99,6237,6237,0,9.9765625,-9.9765625,-4.98828125,2,3456,False
*,64,10,64,10,640,640,4,7.0390625,-7.0390625,-7.0390625,1,2256,False
*,64,11,64,11,704,704,1,7.33984375,-7.33984375,-7.33984375,1,2256,False
*,64,12,64,12,768,768,2,5.96484375,-5.96484375,-5.96484375,1,2256,False
*,64,13,64,13,832,832,0,7.21875,-7.21875,-3.609375,2,2256,False
*,64,14,64,14,896,896,1,7.0703125,-7.0703125,-3.53515625,2,2256,False
*,64,15,64,15,960,960,3,7.19140625,-7.19140625,-3.595703125,2,2256,False
*,64,16,64,16,1024,1024,12,5.421875,-5.421875,-5.421875,1,2256,False
*,64,17,64,17,1088,1088,0,7.21875,-7.21875,-3.609375,2,784,False
*,64,18,64,18,1152,1152,1,7.01953125,-7.01953125,-3.509765625,2,2304,False
*,64,19,64,19,1216,1216,3,7.78515625,-7.78515625,-3.892578125,2,2256,False
*,64,20,64,20,1280,1280,3,6.8828125,-6.8828125,-3.44140625,2,2256,False
*,64,21,64,21,1344,1344,0,7.40234375,-7.40234375,-3.701171875,2,2256,False
*,64,22,64,22,1408,1408,0,7.11328125,-7.11328125,-3.556640625,2,2256,False
*,64,23,64,23,1472,1472,1,8.6875,-8.6875,-4.34375,2,2254,False
*,64,24,64,24,1536,1536,3,6.9921875,-6.9921875,-3.49609375,2,2304,False
*,64,25,64,25,1600,1600,1,6.95703125,-6.95703125,-6.95703125,1,2256,False
*,64,26,64,26,1664,1664,0,6.30859375,-6.30859375,-3.154296875,2,2304,False
*,64,27,64,27,1728,1728,1,2.521484375,-2.521484375,-1.2607421875,2,1728,True
*,64,28,64,28,1792,1792,0,8.3203125,-8.3203125,-4.16015625,2,2304,False
*,64,29,64,29,1856,1856,0,7.65625,-7.65625,-3.828125,2,2256,False
*,64,30,64,30,1920,1920,1,6.8359375,-6.8359375,-6.8359375,1,2304,False
*,64,31,64,31,1984,1984,1,7.5234375,-7.5234375,-7.5234375,1,2256,False
*,64,32,64,32,2048,2048,9,6.0234375,-6.0234375,-3.01171875,2,2304,False
*,64,33,64,33,2112,2112,0,7.453125,-7.453125,-3.7265625,2,2304,False
*,64,34,64,34,2176,2176,0,7.6953125,-7.6953125,-3.84765625,2,2304,False
*,64,35,64,35,2240,2240,0,7.21875,-7.21875,-3.609375,2,2304,False
*,64,36,64,36,2304,2304,0,6.8515625,-6.8515625,-3.42578125,2,2304,True
*,64,37,64,37,2368,2368,0,7.71875,-7.71875,-3.859375,2,2304,False
*,64,38,64,38,2432,2432,0,8.640625,-8.640625,-4.3203125,2,2384,False
*,64,39,64,39,2496,2496,0,8.2578125,-8.2578125,-4.12890625,2,2240,False
*,64,40,64,40,2560,2560,0,7.1796875,-7.1796875,-3.58984375,2,2304,False
*,64,41,64,41,2624,2624,1,7.9765625,-7.9765625,-3.98828125,2,2240,False
*,64,42,64,42,2688,2688,0,7.9375,-7.9375,-3.96875,2,2240,False
*,64,43,64,43,2752,2752,0,8.21875,-8.21875,-4.109375,2,2304,False
*,64,44,64,44,2816,2816,0,7.35546875,-7.35546875,-3.677734375,2,2304,False
*,64,45,64,45,2880,2880,1,7.8671875,-7.8671875,-3.93359375,2,2304,False
*,64,46,64,46,2944,2944,0,7.98046875,-7.98046875,-3.990234375,2,2304,False
*,64,47,64,47,3008,3008,0,7.91796875,-7.91796875,-3.958984375,2,2240,False
*,64,48,64,48,3072,3072,2,7.4140625,-7.4140625,-3.70703125,2,2304,False
*,64,49,64,49,3136,3136,0,8.078125,-8.078125,-4.0390625,2,2240,False
*,64,50,64,50,3200,3200,0,8.28125,-8.28125,-4.140625,2,2304,False
*,64,51,64,51,3264,3264,0,8.015625,-8.015625,-4.0078125,2,2256,False
*,64,52,64,52,3328,3328,0,7.71875,-7.71875,-3.859375,2,2304,False
*,64,53,64,53,3392,3392,0,7.921875,-7.921875,-3.9609375,2,2256,False
*,64,54,64,54,3456,3456,0,7.0546875,-7.0546875,-3.52734375,2,2304,False
*,64,55,64,55,3520,3520,0,8.8125,-8.8125,-4.40625,2,2240,False
*,64,56,64,56,3584,3584,0,7.88671875,-7.88671875,-3.943359375,2,2240,False
*,64,57,64,57,3648,3648,0,8.2734375,-8.2734375,-4.13671875,2,2256,False
*,64,58,64,58,3712,3712,0,9.5,-9.5,-4.75,2,2240,False
*,64,59,64,59,3776,3776,0,8.359375,-8.359375,-4.1796875,2,2240,False
*,64,60,64,60,3840,3840,1,8.03125,-8.03125,-4.015625,2,2256,False
*,64,61,64,61,3904,3904,0,9.828125,-9.828125,-4.9140625,2,1728,False
*,64,62,64,62,3968,3968,0,8.875,-8.875,-4.4375,2,1728,False
*,64,63,64,63,4032,4032,6,9.03125,-9.03125,-4.515625,2,1728,False
*,64,64,64,64,4096,4096,50,5.8359375,-5.8359375,-2.91796875,2,1728,False
*,64,65,64,65,4160,4160,0,8.515625,-8.515625,-4.2578125,2,2256,False
*,64,66,64,66,4224,4224,0,8.78125,-8.78125,-4.390625,2,2240,False
*,64,67,64,67,4288,4288,1,8.7421875,-8.7421875,-4.37109375,2,2240,False
*,64,68,64,68,4352,4352,1,7.45703125,-7.45703125,-3.728515625,2,2240,False
*,64,69,64,69,4416,4416,0,8.59375,-8.59375,-4.296875,2,2240,False
*,64,70,64,70,4480,4480,1,8.7109375,-8.7109375,-4.35546875,2,2240,False
*,64,71,64,71,4544,4544,0,8.453125,-8.453125,-4.2265625,2,2240,False
*,64,72,64,72,4608,4608,0,7.1328125,-7.1328125,-3.56640625,2,2304,False
*,64,73,64,73,4672,4672,1,8.484375,-8.484375,-4.2421875,2,2304,False
*,64,74,64,74,4736,4736,0,8.6640625,-8.6640625,-4.33203125,2,2304,False
*,64,75,64,75,4800,4800,0,8.0625,-8.0625,-4.03125,2,2304,False
*,64,76,64,76,4864,4864,0,8.8125,-8.8125,-4.40625,2,2304,False
*,64,77,64,77,4928,4928,0,8.75,-8.75,-4.375,2,2384,False
*,64,78,64,78,4992,4992,1,7.8828125,-7.8828125,-3.94140625,2,2240,False
*,64,79,64,79,5056,5056,0,9.140625,-9.140625,-4.5703125,2,2240,False
*,64,80,64,80,5120,5120,1,7.6328125,-7.6328125,-3.81640625,2,2304,False
*,64,81,64,81,5184,5184,0,8.21875,-8.21875,-4.109375,2,2304,False
*,64,82,64,82,5248,5248,0,8.328125,-8.328125,-4.1640625,2,2240,False
*,64,83,64,83,5312,5312,0,9.390625,-9.390625,-4.6953125,2,2304,False
*,64,84,64,84,5376,5376,0,8.671875,-8.671875,-4.3359375,2,2304,False
*,64,85,64,85,5440,5440,0,9.2421875,-9.2421875,-4.62109375,2,2256,False
*,64,86,64,86,5504,5504,0,8.90625,-8.90625,-4.453125,2,2240,False
*,64,87,64,87,5568,5568,0,9.1953125,-9.1953125,-4.59765625,2,2240,False
*,64,88,64,88,5632,5632,0,9.0546875,-9.0546875,-4.52734375,2,2240,False
*,64,89,64,89,5696,5696,0,9.421875,-9.421875,-4.7109375,2,2240,False
*,64,90,64,90,5760,5760,0,8.90625,-8.90625,-4.453125,2,2240,False
*,64,91,64,91,5824,5824,0,9.4375,-9.4375,-4.71875,2,2240,False
*,64,92,64,92,5888,5888,0,8.7265625,-8.7265625,-4.36328125,2,2240,False
*,64,93,64,93,5952,5952,0,8.640625,-8.640625,-4.3203125,2,2304,False
*,64,94,64,94,6016,6016,0,8.9765625,-8.9765625,-4.48828125,2,2240,False
*,64,95,64,95,6080,6080,0,9.3515625,-9.3515625,-4.67578125,2,2240,False
*,64,96,64,96,6144,6144,0,7.1015625,-7.1015625,-3.55078125,2,2240,False
*,64,97,64,97,6208,6208,0,9.1953125,-9.1953125,-4.59765625,2,2256,False
*,64,98,64,98,6272,6272,0,9.1640625,-9.1640625,-4.58203125,2,2254,False
*,64,99,64,99,6336,6336,0,8.9296875,-8.9296875,-4.46484375,2,2256,False
*,65,10,65,10,650,650,1,7.7421875,-7.7421875,-7.7421875,1,2256,False
*,65,11,65,11,715,715,0,7.7265625,-7.7265625,-3.86328125,2,792,False
*,65,12,65,12,780,780,0,7.9765625,-7.9765625,-7.9765625,1,792,False
*,65,13,65,13,845,845,0,8.09375,-8.09375,-4.046875,2,792,False
*,65,14,65,14,910,910,1,8.109375,-8.109375,-4.0546875,2,792,False
*,65,15,65,15,975,975,0,7.41796875,-7.41796875,-3.708984375,2,795,False
*,65,16,65,16,1040,1040,1,7.125,-7.125,-3.5625,2,784,False
*,65,17,65,17,1105,1105,0,8.2265625,-8.2265625,-4.11328125,2,795,False
*,65,18,65,18,1170,1170,0,8.1953125,-8.1953125,-4.09765625,2,2384,False
*,65,19,65,19,1235,1235,0,8.2109375,-8.2109375,-4.10546875,2,2384,False
*,65,20,65,20,1300,1300,1,7.42578125,-7.42578125,-7.42578125,1,2384,False
*,65,21,65,21,1365,1365,0,8.078125,-8.078125,-4.0390625,2,2256,False
*,65,22,65,22,1430,1430,0,8.5,-8.5,-4.25,2,2256,False
*,65,23,65,23,1495,1495,0,7.90625,-7.90625,-3.953125,2,2254,False
*,65,24,65,24,1560,1560,0,7.73046875,-7.73046875,-3.865234375,2,2256,False
*,65,25,65,25,1625,1625,0,7.859375,-7.859375,-3.9296875,2,2256,False
*,65,26,65,26,1690,1690,0,8.3984375,-8.3984375,-4.19921875,2,2384,False
*,65,27,65,27,1755,1755,0,8.03125,-8.03125,-4.015625,2,795,False
*,65,28,65,28,1820,1820,0,9.2421875,-9.2421875,-4.62109375,2,2384,False
*,65,29,65,29,1885,1885,0,7.953125,-7.953125,-7.953125,1,2384,False
*,65,30,65,30,1950,1950,0,7.4296875,-7.4296875,-7.4296875,1,2256,False
*,65,31,65,31,2015,2015,0,8.84375,-8.84375,-8.84375,1,795,False
*,65,32,65,32,2080,2080,1,8.2578125,-8.2578125,-4.12890625,2,2256,False
*,65,33,65,33,2145,2145,1,8.859375,-8.859375,-4.4296875,2,795,False
*,65,34,65,34,2210,2210,0,9.0,-9.0,-4.5,2,2384,False
*,65,35,65,35,2275,2275,0,8.609375,-8.609375,-4.3046875,2,795,False
*,65,36,65,36,2340,2340,0,8.5625,-8.5625,-4.28125,2,864,False
*,65,37,65,37,2405,2405,0,8.828125,-8.828125,-4.4140625,2,795,False
*,65,38,65,38,2470,2470,0,9.09375,-9.09375,-4.546875,2,2384,False
*,65,39,65,39,2535,2535,0,9.0,-9.0,-4.5,2,2384,False
*,65,40,65,40,2600,2600,0,7.86328125,-7.86328125,-3.931640625,2,2384,False
*,65,41,65,41,2665,2665,0,9.171875,-9.171875,-4.5859375,2,2384,False
*,65,42,65,42,2730,2730,0,9.0625,-9.0625,-4.53125,2,2384,False
*,65,43,65,43,2795,2795,0,9.578125,-9.578125,-4.7890625,2,2384,False
*,65,44,65,44,2860,2860,0,8.8984375,-8.8984375,-4.44921875,2,2384,False
*,65,45,65,45,2925,2925,0,8.84375,-8.84375,-4.421875,2,2375,False
*,65,46,65,46,2990,2990,0,9.203125,-9.203125,-4.6015625,2,2262,False
*,65,47,65,47,3055,3055,0,9.5546875,-9.5546875,-4.77734375,2,2384,False
*,65,48,65,48,3120,3120,0,8.7890625,-8.7890625,-4.39453125,2,2384,False
*,65,49,65,49,3185,3185,0,9.765625,-9.765625,-4.8828125,2,2384,False
*,65,50,65,50,3250,3250,0,9.53125,-9.53125,-4.765625,2,2250,False
*,65,51,65,51,3315,3315,0,9.1953125,-9.1953125,-4.59765625,2,2256,False
*,65,52,65,52,3380,3380,0,8.90625,-8.90625,-4.453125,2,2384,False
*,65,53,65,53,3445,3445,0,9.640625,-9.640625,-4.8203125,2,2384,False
*,65,54,65,54,3510,3510,0,9.125,-9.125,-4.5625,2,2384,False
*,65,55,65,55,3575,3575,0,9.640625,-9.640625,-4.8203125,2,2375,False
*,65,56,65,56,3640,3640,0,8.1953125,-8.1953125,-4.09765625,2,2384,False
*,65,57,65,57,3705,3705,0,9.625,-9.625,-4.8125,2,2384,False
*,65,58,65,58,3770,3770,0,9.40625,-9.40625,-4.703125,2,2384,False
*,65,59,65,59,3835,3835,0,9.4609375,-9.4609375,-4.73046875,2,2384,False
*,65,60,65,60,3900,3900,0,9.6953125,-9.6953125,-4.84765625,2,2384,False
*,65,61,65,61,3965,3965,0,9.796875,-9.796875,-4.8984375,2,2255,False
*,65,62,65,62,4030,4030,0,10.15625,-10.15625,-5.078125,2,2256,False
*,65,63,65,63,4095,4095,0,9.0390625,-9.0390625,-4.51953125,2,2256,False
*,65,64,65,64,4160,4160,0,9.3359375,-9.3359375,-4.66796875,2,1728,False
*,65,65,65,65,4225,4225,5,9.65625,-9.65625,-4.828125,2,2255,False
*,65,66,65,66,4290,4290,0,9.6640625,-9.6640625,-4.83203125,2,2256,False
*,65,67,65,67,4355,4355,0,10.03125,-10.03125,-5.015625,2,2256,False
*,65,68,65,68,4420,4420,0,9.4140625,-9.4140625,-4.70703125,2,2384,False
*,65,69,65,69,4485,4485,0,10.9140625,-10.9140625,-5.45703125,2,2384,False
*,65,70,65,70,4550,4550,0,9.140625,-9.140625,-4.5703125,2,2384,False
*,65,71,65,71,4615,4615,0,9.8671875,-9.8671875,-4.93359375,2,2384,False
*,65,72,65,72,4680,4680,0,9.5,-9.5,-4.75,2,2384,False
*,65,73,65,73,4745,4745,0,10.3125,-10.3125,-5.15625,2,2384,False
*,65,74,65,74,4810,4810,0,10.1328125,-10.1328125,-5.06640625,2,2384,False
*,65,75,65,75,4875,4875,0,10.21875,-10.21875,-5.109375,2,2375,False
*,65,76,65,76,4940,4940,0,9.875,-9.875,-4.9375,2,2384,False
*,65,77,65,77,5005,5005,0,9.71875,-9.71875,-4.859375,2,2384,False
*,65,78,65,78,5070,5070,0,10.171875,-10.171875,-5.0859375,2,2384,False
*,65,79,65,79,5135,5135,0,10.5,-10.5,-5.25,2,2384,False
*,65,80,65,80,5200,5200,0,9.328125,-9.328125,-4.6640625,2,2304,False
*,65,81,65,81,5265,5265,0,10.1484375,-10.1484375,-5.07421875,2,2384,False
*,65,82,65,82,5330,5330,0,10.3828125,-10.3828125,-5.19140625,2,2256,False
*,65,83,65,83,5395,5395,0,10.2734375,-10.2734375,-5.13671875,2,2384,False
*,65,84,65,84,5460,5460,0,10.453125,-10.453125,-5.2265625,2,2384,False
*,65,85,65,85,5525,5525,0,10.296875,-10.296875,-5.1484375,2,2384,False
*,65,86,65,86,5590,5590,0,10.78125,-10.78125,-5.390625,2,2384,False
*,65,87,65,87,5655,5655,0,10.578125,-10.578125,-5.2890625,2,2384,False
*,65,88,65,88,5720,5720,0,10.125,-10.125,-5.0625,2,2384,False
*,65,89,65,89,5785,5785,0,10.765625,-10.765625,-5.3828125,2,2384,False
*,65,90,65,90,5850,5850,0,9.921875,-9.921875,-4.9609375,2,2240,False
*,65,91,65,91,5915,5915,0,10.265625,-10.265625,-5.1328125,2,2256,False
*,65,92,65,92,5980,5980,0,10.125,-10.125,-5.0625,2,2384,False
*,65,93,65,93,6045,6045,0,10.609375,-10.609375,-5.3046875,2,2384,False
*,65,94,65,94,6110,6110,0,10.328125,-10.328125,-5.1640625,2,2384,False
*,65,95,65,95,6175,6175,0,10.015625,-10.015625,-5.0078125,2,2384,False
*,65,96,65,96,6240,6240,0,9.5625,-9.5625,-4.78125,2,2384,False
*,65,97,65,97,6305,6305,0,9.9609375,-9.9609375,-4.98046875,2,3456,False
*,65,98,65,98,6370,6370,0,10.15625,-10.15625,-5.078125,2,2254,False
*,65,99,65,99,6435,6435,0,10.8203125,-10.8203125,-5.41015625,2,3456,False
*,66,10,66,10,660,660,0,7.52734375,-7.52734375,-7.52734375,1,2384,False
*,66,11,66,11,726,726,0,8.0234375,-8.0234375,-4.01171875,2,2256,False
*,66,12,66,12,792,792,0,6.49609375,-6.49609375,-3.248046875,2,2304,False
*,66,13,66,13,858,858,0,8.1171875,-8.1171875,-4.05859375,2,2384,False
*,66,14,66,14,924,924,0,7.14453125,-7.14453125,-7.14453125,1,2384,False
*,66,15,66,15,990,990,1,8.2109375,-8.2109375,-4.10546875,2,2384,False
*,66,16,66,16,1056,1056,1,6.4765625,-6.4765625,-3.23828125,2,2240,False
*,66,17,66,17,1122,1122,0,7.84375,-7.84375,-3.921875,2,792,False
*,66,18,66,18,1188,1188,1,7.390625,-7.390625,-3.6953125,2,2384,False
*,66,19,66,19,1254,1254,0,7.53125,-7.53125,-3.765625,2,2384,False
*,66,20,66,20,1320,1320,1,7.671875,-7.671875,-3.8359375,2,2384,False
*,66,21,66,21,1386,1386,0,8.0546875,-8.0546875,-4.02734375,2,2256,False
*,66,22,66,22,1452,1452,0,7.28125,-7.28125,-3.640625,2,2256,False
*,66,23,66,23,1518,1518,0,8.140625,-8.140625,-4.0703125,2,2254,False
*,66,24,66,24,1584,1584,0,7.21875,-7.21875,-3.609375,2,2304,False
*,66,25,66,25,1650,1650,0,7.703125,-7.703125,-3.8515625,2,2384,False
*,66,26,66,26,1716,1716,0,7.48828125,-7.48828125,-3.744140625,2,2384,False
*,66,27,66,27,1782,1782,0,8.3125,-8.3125,-4.15625,2,2262,False
*,66,28,66,28,1848,1848,0,6.56640625,-6.56640625,-6.56640625,1,2384,False
*,66,29,66,29,1914,1914,0,7.69140625,-7.69140625,-7.69140625,1,2384,False
*,66,30,66,30,1980,1980,0,7.5078125,-7.5078125,-7.5078125,1,2240,False
*,66,31,66,31,2046,2046,0,8.2890625,-8.2890625,-4.14453125,2,2256,False
*,66,32,66,32,2112,2112,0,7.3828125,-7.3828125,-3.69140625,2,2304,False
*,66,33,66,33,2178,2178,0,9.0625,-9.0625,-4.53125,2,2384,False
*,66,34,66,34,2244,2244,0,7.7265625,-7.7265625,-3.86328125,2,2384,False
*,66,35,66,35,2310,2310,0,8.953125,-8.953125,-4.4765625,2,2384,False
*,66,36,66,36,2376,2376,0,7.9140625,-7.9140625,-3.95703125,2,2304,False
*,66,37,66,37,2442,2442,0,8.296875,-8.296875,-4.1484375,2,2384,False
*,66,38,66,38,2508,2508,0,7.73828125,-7.73828125,-3.869140625,2,2384,False
*,66,39,66,39,2574,2574,0,8.5,-8.5,-4.25,2,2384,False
*,66,40,66,40,2640,2640,0,7.484375,-7.484375,-3.7421875,2,2384,False
*,66,41,66,41,2706,2706,0,8.53125,-8.53125,-4.265625,2,2384,False
*,66,42,66,42,2772,2772,0,8.6484375,-8.6484375,-4.32421875,2,2384,False
*,66,43,66,43,2838,2838,0,8.734375,-8.734375,-4.3671875,2,2384,False
*,66,44,66,44,2904,2904,0,8.25,-8.25,-4.125,2,2384,False
*,66,45,66,45,2970,2970,0,8.9609375,-8.9609375,-4.48046875,2,2384,False
*,66,46,66,46,3036,3036,0,8.2734375,-8.2734375,-4.13671875,2,2384,False
*,66,47,66,47,3102,3102,0,9.25,-9.25,-4.625,2,2384,False
*,66,48,66,48,3168,3168,0,8.3125,-8.3125,-4.15625,2,2384,False
*,66,49,66,49,3234,3234,0,8.890625,-8.890625,-4.4453125,2,2240,False
*,66,50,66,50,3300,3300,0,8.2265625,-8.2265625,-4.11328125,2,2304,False
*,66,51,66,51,3366,3366,0,9.015625,-9.015625,-4.5078125,2,2384,False
*,66,52,66,52,3432,3432,0,8.484375,-8.484375,-4.2421875,2,2240,False
*,66,53,66,53,3498,3498,0,9.5390625,-9.5390625,-4.76953125,2,2384,False
*,66,54,66,54,3564,3564,0,8.8515625,-8.8515625,-4.42578125,2,2384,False
*,66,55,66,55,3630,3630,0,9.390625,-9.390625,-4.6953125,2,2384,False
*,66,56,66,56,3696,3696,0,8.0234375,-8.0234375,-4.01171875,2,2240,False
*,66,57,66,57,3762,3762,0,8.9375,-8.9375,-4.46875,2,2384,False
*,66,58,66,58,3828,3828,0,8.6015625,-8.6015625,-4.30078125,2,2384,False
*,66,59,66,59,3894,3894,0,9.453125,-9.453125,-4.7265625,2,2240,False
*,66,60,66,60,3960,3960,0,8.9609375,-8.9609375,-4.48046875,2,2304,False
*,66,61,66,61,4026,4026,0,9.9765625,-9.9765625,-4.98828125,2,2256,False
*,66,62,66,62,4092,4092,0,9.234375,-9.234375,-4.6171875,2,2256,False
*,66,63,66,63,4158,4158,0,10.0078125,-10.0078125,-5.00390625,2,2384,False
*,66,64,66,64,4224,4224,0,9.09375,-9.09375,-4.546875,2,1728,False
*,66,65,66,65,4290,4290,0,9.8203125,-9.8203125,-4.91015625,2,2256,False
*,66,66,66,66,4356,4356,3,9.09375,-9.09375,-4.546875,2,2256,False
*,66,67,66,67,4422,4422,1,9.953125,-9.953125,-4.9765625,2,2262,False
*,66,68,66,68,4488,4488,0,9.6796875,-9.6796875,-4.83984375,2,2384,False
*,66,69,66,69,4554,4554,0,8.84375,-8.84375,-4.421875,2,2240,False
*,66,70,66,70,4620,4620,0,9.1640625,-9.1640625,-4.58203125,2,2384,False
*,66,71,66,71,4686,4686,0,9.578125,-9.578125,-4.7890625,2,2384,False
*,66,72,66,72,4752,4752,0,8.9296875,-8.9296875,-4.46484375,2,2304,False
*,66,73,66,73,4818,4818,0,10.25,-10.25,-5.125,2,2384,False
*,66,74,66,74,4884,4884,0,9.15625,-9.15625,-4.578125,2,2304,False
*,66,75,66,75,4950,4950,0,10.71875,-10.71875,-5.359375,2,2304,False
*,66,76,66,76,5016,5016,0,8.734375,-8.734375,-4.3671875,2,2384,False
*,66,77,66,77,5082,5082,0,10.328125,-10.328125,-5.1640625,2,2384,False
*,66,78,66,78,5148,5148,0,9.6328125,-9.6328125,-4.81640625,2,2384,False
*,66,79,66,79,5214,5214,0,10.4375,-10.4375,-5.21875,2,2384,False
*,66,80,66,80,5280,5280,0,9.21875,-9.21875,-4.609375,2,2240,False
*,66,81,66,81,5346,5346,0,10.390625,-10.390625,-5.1953125,2,2240,False
*,66,82,66,82,5412,5412,0,10.015625,-10.015625,-5.0078125,2,2384,False
*,66,83,66,83,5478,5478,0,9.78125,-9.78125,-4.890625,2,2384,False
*,66,84,66,84,5544,5544,0,9.046875,-9.046875,-4.5234375,2,2384,False
*,66,85,66,85,5610,5610,0,10.546875,-10.546875,-5.2734375,2,2384,False
*,66,86,66,86,5676,5676,0,9.875,-9.875,-4.9375,2,2240,False
*,66,87,66,87,5742,5742,0,10.234375,-10.234375,-5.1171875,2,2384,False
*,66,88,66,88,5808,5808,0,9.3125,-9.3125,-4.65625,2,2240,False
*,66,89,66,89,5874,5874,0,10.734375,-10.734375,-5.3671875,2,2240,False
*,66,90,66,90,5940,5940,0,9.65625,-9.65625,-4.828125,2,2240,False
*,66,91,66,91,6006,6006,0,10.65625,-10.65625,-5.328125,2,2240,False
*,66,92,66,92,6072,6072,0,9.2734375,-9.2734375,-4.63671875,2,2384,False
*,66,93,66,93,6138,6138,0,9.9765625,-9.9765625,-4.98828125,2,2384,False
*,66,94,66,94,6204,6204,0,10.34375,-10.34375,-5.171875,2,2384,False
*,66,95,66,95,6270,6270,0,9.8515625,-9.8515625,-4.92578125,2,2384,False
*,66,96,66,96,6336,6336,0,8.71875,-8.71875,-4.359375,2,2240,False
*,66,97,66,97,6402,6402,0,10.15625,-10.15625,-5.078125,2,2240,False
*,66,98,66,98,6468,6468,0,10.609375,-10.609375,-5.3046875,2,2254,False
*,66,99,66,99,6534,6534,1,10.5234375,-10.5234375,-5.26171875,2,2240,False
*,67,10,67,10,670,670,0,7.8203125,-7.8203125,-3.91015625,2,2384,False
*,67,11,67,11,737,737,0,8.1328125,-8.1328125,-8.1328125,1,2384,False
*,67,12,67,12,804,804,0,7.6796875,-7.6796875,-3.83984375,2,2384,False
*,67,13,67,13,871,871,0,8.5,-8.5,-4.25,2,2384,False
*,67,14,67,14,938,938,0,8.078125,-8.078125,-4.0390625,2,2384,False
*,67,15,67,15,1005,1005,0,8.2109375,-8.2109375,-4.10546875,2,2384,False
*,67,16,67,16,1072,1072,2,7.55859375,-7.55859375,-3.779296875,2,2384,False
*,67,17,67,17,1139,1139,0,8.09375,-8.09375,-4.046875,2,795,False
*,67,18,67,18,1206,1206,0,7.94921875,-7.94921875,-3.974609375,2,2384,False
*,67,19,67,19,1273,1273,0,8.609375,-8.609375,-4.3046875,2,2384,False
*,67,20,67,20,1340,1340,1,8.03125,-8.03125,-4.015625,2,2384,False
*,67,21,67,21,1407,1407,0,7.9140625,-7.9140625,-3.95703125,2,2384,False
*,67,22,67,22,1474,1474,0,8.125,-8.125,-4.0625,2,2256,False
*,67,23,67,23,1541,1541,0,8.5,-8.5,-4.25,2,2254,False
*,67,24,67,24,1608,1608,0,7.40234375,-7.40234375,-3.701171875,2,2384,False
*,67,25,67,25,1675,1675,0,8.0625,-8.0625,-4.03125,2,2384,False
*,67,26,67,26,1742,1742,0,7.71875,-7.71875,-3.859375,2,2384,False
*,67,27,67,27,1809,1809,2,7.3515625,-7.3515625,-3.67578125,2,2375,False
*,67,28,67,28,1876,1876,0,7.375,-7.375,-7.375,1,2384,False
*,67,29,67,29,1943,1943,0,8.1953125,-8.1953125,-8.1953125,1,2384,False
*,67,30,67,30,2010,2010,0,7.9921875,-7.9921875,-7.9921875,1,2384,False
*,67,31,67,31,2077,2077,0,8.796875,-8.796875,-4.3984375,2,2384,False
*,67,32,67,32,2144,2144,0,8.3359375,-8.3359375,-4.16796875,2,2384,False
*,67,33,67,33,2211,2211,0,8.609375,-8.609375,-4.3046875,2,2384,False
*,67,34,67,34,2278,2278,0,8.3828125,-8.3828125,-4.19140625,2,2384,False
*,67,35,67,35,2345,2345,0,8.0,-8.0,-4.0,2,2375,False
*,67,36,67,36,2412,2412,0,8.640625,-8.640625,-4.3203125,2,2384,False
*,67,37,67,37,2479,2479,0,9.234375,-9.234375,-4.6171875,2,2375,False
*,67,38,67,38,2546,2546,0,8.5078125,-8.5078125,-4.25390625,2,2384,False
*,67,39,67,39,2613,2613,0,8.5703125,-8.5703125,-4.28515625,2,2384,False
*,67,40,67,40,2680,2680,0,8.265625,-8.265625,-4.1328125,2,2384,False
*,67,41,67,41,2747,2747,0,8.96875,-8.96875,-4.484375,2,2384,False
*,67,42,67,42,2814,2814,0,8.484375,-8.484375,-4.2421875,2,2384,False
*,67,43,67,43,2881,2881,0,8.9375,-8.9375,-4.46875,2,2384,False
*,67,44,67,44,2948,2948,0,8.4453125,-8.4453125,-4.22265625,2,2384,False
*,67,45,67,45,3015,3015,0,8.734375,-8.734375,-4.3671875,2,2375,False
*,67,46,67,46,3082,3082,0,9.015625,-9.015625,-4.5078125,2,2384,False
*,67,47,67,47,3149,3149,0,9.578125,-9.578125,-4.7890625,2,2375,False
*,67,48,67,48,3216,3216,0,7.765625,-7.765625,-3.8828125,2,2384,False
*,67,49,67,49,3283,3283,0,9.203125,-9.203125,-4.6015625,2,2375,False
*,67,50,67,50,3350,3350,0,8.5,-8.5,-4.25,2,2384,False
*,67,51,67,51,3417,3417,0,9.015625,-9.015625,-4.5078125,2,2384,False
*,67,52,67,52,3484,3484,0,8.5625,-8.5625,-4.28125,2,2384,False
*,67,53,67,53,3551,3551,0,9.046875,-9.046875,-4.5234375,2,2375,False
*,67,54,67,54,3618,3618,0,9.09375,-9.09375,-4.546875,2,2384,False
*,67,55,67,55,3685,3685,0,9.484375,-9.484375,-4.7421875,2,2375,False
*,67,56,67,56,3752,3752,0,8.515625,-8.515625,-4.2578125,2,2384,False
*,67,57,67,57,3819,3819,0,9.46875,-9.46875,-4.734375,2,2384,False
*,67,58,67,58,3886,3886,0,9.5234375,-9.5234375,-4.76171875,2,2384,False
*,67,59,67,59,3953,3953,0,9.3125,-9.3125,-4.65625,2,2240,False
*,67,60,67,60,4020,4020,0,10.21875,-10.21875,-5.109375,2,2240,False
*,67,61,67,61,4087,4087,0,10.234375,-10.234375,-5.1171875,2,2255,False
*,67,62,67,62,4154,4154,0,9.78125,-9.78125,-4.890625,2,2384,False
*,67,63,67,63,4221,4221,0,10.25,-10.25,-5.125,2,2384,False
*,67,64,67,64,4288,4288,0,9.0625,-9.0625,-4.53125,2,1728,False
*,67,65,67,65,4355,4355,0,10.03125,-10.03125,-5.015625,2,2375,False
*,67,66,67,66,4422,4422,0,9.8125,-9.8125,-4.90625,2,2384,False
*,67,67,67,67,4489,4489,4,10.7578125,-10.7578125,-5.37890625,2,2255,False
*,67,68,67,68,4556,4556,0,8.8125,-8.8125,-4.40625,2,2384,False
*,67,69,67,69,4623,4623,0,9.46875,-9.46875,-4.734375,2,2375,False
*,67,70,67,70,4690,4690,0,9.71875,-9.71875,-4.859375,2,2384,False
*,67,71,67,71,4757,4757,0,10.296875,-10.296875,-5.1484375,2,2375,False
*,67,72,67,72,4824,4824,0,9.671875,-9.671875,-4.8359375,2,2384,False
*,67,73,67,73,4891,4891,0,11.171875,-11.171875,-5.5859375,2,2375,False
*,67,74,67,74,4958,4958,0,10.25,-10.25,-5.125,2,2384,False
*,67,75,67,75,5025,5025,0,9.875,-9.875,-4.9375,2,2375,False
*,67,76,67,76,5092,5092,0,9.484375,-9.484375,-4.7421875,2,2384,False
*,67,77,67,77,5159,5159,0,10.3671875,-10.3671875,-5.18359375,2,2384,False
*,67,78,67,78,5226,5226,0,9.953125,-9.953125,-4.9765625,2,2384,False
*,67,79,67,79,5293,5293,0,10.40625,-10.40625,-5.203125,2,2384,False
*,67,80,67,80,5360,5360,0,10.2734375,-10.2734375,-5.13671875,2,2240,False
*,67,81,67,81,5427,5427,0,10.5234375,-10.5234375,-5.26171875,2,2240,False
*,67,82,67,82,5494,5494,0,10.953125,-10.953125,-5.4765625,2,2384,False
*,67,83,67,83,5561,5561,0,10.328125,-10.328125,-5.1640625,2,2384,False
*,67,84,67,84,5628,5628,0,9.890625,-9.890625,-4.9453125,2,2384,False
*,67,85,67,85,5695,5695,0,10.640625,-10.640625,-5.3203125,2,2384,False
*,67,86,67,86,5762,5762,0,10.2734375,-10.2734375,-5.13671875,2,2384,False
*,67,87,67,87,5829,5829,0,10.484375,-10.484375,-5.2421875,2,2384,False
*,67,88,67,88,5896,5896,0,9.65625,-9.65625,-4.828125,2,2384,False
*,67,89,67,89,5963,5963,0,9.90625,-9.90625,-4.953125,2,2240,False
*,67,90,67,90,6030,6030,0,10.40625,-10.40625,-5.203125,2,2240,False
*,67,91,67,91,6097,6097,0,10.625,-10.625,-5.3125,2,2240,False
*,67,92,67,92,6164,6164,0,10.421875,-10.421875,-5.2109375,2,2384,False
*,67,93,67,93,6231,6231,0,9.875,-9.875,-4.9375,2,2375,False
*,67,94,67,94,6298,6298,0,10.28125,-10.28125,-5.140625,2,2384,False
*,67,95,67,95,6365,6365,1,10.5,-10.5,-5.25,2,2384,False
*,67,96,67,96,6432,6432,0,9.5,-9.5,-4.75,2,3456,False
*,67,97,67,97,6499,6499,0,10.5625,-10.5625,-5.28125,2,3016,False
*,67,98,67,98,6566,6566,0,9.671875,-9.671875,-4.8359375,2,2254,False
*,67,99,67,99,6633,6633,0,10.359375,-10.359375,-5.1796875,2,3456,False
*,68,10,68,10,680,680,5,7.8671875,-7.8671875,-7.8671875,1,2384,False
*,68,11,68,11,748,748,0,7.40234375,-7.40234375,-3.701171875,2,2384,False
*,68,12,68,12,816,816,0,7.16796875,-7.16796875,-3.583984375,2,2384,False
*,68,13,68,13,884,884,0,7.9140625,-7.9140625,-3.95703125,2,2384,False
*,68,14,68,14,952,952,0,7.2109375,-7.2109375,-3.60546875,2,2384,False
*,68,15,68,15,1020,1020,1,8.09375,-8.09375,-4.046875,2,792,False
*,68,16,68,16,1088,1088,1,6.6328125,-6.6328125,-3.31640625,2,2384,False
*,68,17,68,17,1156,1156,0,7.984375,-7.984375,-3.9921875,2,792,False
*,68,18,68,18,1224,1224,0,7.71875,-7.71875,-3.859375,2,2384,False
*,68,19,68,19,1292,1292,0,7.640625,-7.640625,-3.8203125,2,2384,False
*,68,20,68,20,1360,1360,0,8.3359375,-8.3359375,-4.16796875,2,2384,False
*,68,21,68,21,1428,1428,0,7.85546875,-7.85546875,-3.927734375,2,2384,False
*,68,22,68,22,1496,1496,0,7.5390625,-7.5390625,-3.76953125,2,2384,False
*,68,23,68,23,1564,1564,0,7.9140625,-7.9140625,-3.95703125,2,2254,False
*,68,24,68,24,1632,1632,0,7.5546875,-7.5546875,-3.77734375,2,2384,False
*,68,25,68,25,1700,1700,0,7.48828125,-7.48828125,-3.744140625,2,2384,False
*,68,26,68,26,1768,1768,0,6.25,-6.25,-3.125,2,2384,False
*,68,27,68,27,1836,1836,0,8.2109375,-8.2109375,-4.10546875,2,2384,False
*,68,28,68,28,1904,1904,0,7.37890625,-7.37890625,-7.37890625,1,2384,False
*,68,29,68,29,1972,1972,0,7.76171875,-7.76171875,-7.76171875,1,2384,False
*,68,30,68,30,2040,2040,0,7.7890625,-7.7890625,-3.89453125,2,2384,False
*,68,31,68,31,2108,2108,0,9.0234375,-9.0234375,-4.51171875,2,2384,False
*,68,32,68,32,2176,2176,0,7.84375,-7.84375,-3.921875,2,2384,False
*,68,33,68,33,2244,2244,0,8.2421875,-8.2421875,-4.12109375,2,2384,False
*,68,34,68,34,2312,2312,0,8.5078125,-8.5078125,-4.25390625,2,2384,False
*,68,35,68,35,2380,2380,0,8.3515625,-8.3515625,-4.17578125,2,2384,False
*,68,36,68,36,2448,2448,0,7.7890625,-7.7890625,-3.89453125,2,2240,False
*,68,37,68,37,2516,2516,0,8.4375,-8.4375,-4.21875,2,2384,False
*,68,38,68,38,2584,2584,0,8.03125,-8.03125,-4.015625,2,2384,False
*,68,39,68,39,2652,2652,0,7.90234375,-7.90234375,-3.951171875,2,2384,False
*,68,40,68,40,2720,2720,0,8.421875,-8.421875,-4.2109375,2,2384,False
*,68,41,68,41,2788,2788,0,9.1875,-9.1875,-4.59375,2,2384,False
*,68,42,68,42,2856,2856,0,8.4609375,-8.4609375,-4.23046875,2,2384,False
*,68,43,68,43,2924,2924,0,8.515625,-8.515625,-4.2578125,2,2384,False
*,68,44,68,44,2992,2992,0,7.90625,-7.90625,-3.953125,2,2304,False
*,68,45,68,45,3060,3060,1,8.71875,-8.71875,-4.359375,2,2384,False
*,68,46,68,46,3128,3128,0,8.75,-8.75,-4.375,2,2384,False
*,68,47,68,47,3196,3196,0,8.703125,-8.703125,-4.3515625,2,2384,False
*,68,48,68,48,3264,3264,0,7.81640625,-7.81640625,-3.908203125,2,2240,False
*,68,49,68,49,3332,3332,0,8.796875,-8.796875,-4.3984375,2,2384,False
*,68,50,68,50,3400,3400,0,8.703125,-8.703125,-4.3515625,2,2304,False
*,68,51,68,51,3468,3468,0,8.421875,-8.421875,-4.2109375,2,2384,False
*,68,52,68,52,3536,3536,0,7.91015625,-7.91015625,-3.955078125,2,2240,False
*,68,53,68,53,3604,3604,0,8.5078125,-8.5078125,-4.25390625,2,2384,False
*,68,54,68,54,3672,3672,0,8.375,-8.375,-4.1875,2,2384,False
*,68,55,68,55,3740,3740,0,9.0078125,-9.0078125,-4.50390625,2,2384,False
*,68,56,68,56,3808,3808,0,7.90625,-7.90625,-3.953125,2,2240,False
*,68,57,68,57,3876,3876,0,9.078125,-9.078125,-4.5390625,2,2384,False
*,68,58,68,58,3944,3944,0,8.984375,-8.984375,-4.4921875,2,2384,False
*,68,59,68,59,4012,4012,0,9.09375,-9.09375,-4.546875,2,2240,False
*,68,60,68,60,4080,4080,1,8.3515625,-8.3515625,-4.17578125,2,2240,False
*,68,61,68,61,4148,4148,0,9.796875,-9.796875,-4.8984375,2,2256,False
*,68,62,68,62,4216,4216,0,8.84375,-8.84375,-4.421875,2,2384,False
*,68,63,68,63,4284,4284,0,8.859375,-8.859375,-4.4296875,2,2384,False
*,68,64,68,64,4352,4352,0,7.79296875,-7.79296875,-3.896484375,2,1728,False
*,68,65,68,65,4420,4420,0,9.390625,-9.390625,-4.6953125,2,2384,False
*,68,66,68,66,4488,4488,0,9.65625,-9.65625,-4.828125,2,2240,False
*,68,67,68,67,4556,4556,0,8.8984375,-8.8984375,-4.44921875,2,2384,False
*,68,68,68,68,4624,4624,1,8.484375,-8.484375,-4.2421875,2,2304,False
*,68,69,68,69,4692,4692,0,8.671875,-8.671875,-4.3359375,2,2304,False
*,68,70,68,70,4760,4760,1,9.5,-9.5,-4.75,2,2384,False
*,68,71,68,71,4828,4828,0,9.4765625,-9.4765625,-4.73828125,2,2384,False
*,68,72,68,72,4896,4896,0,8.609375,-8.609375,-4.3046875,2,2304,False
*,68,73,68,73,4964,4964,0,10.203125,-10.203125,-5.1015625,2,2384,False
*,68,74,68,74,5032,5032,0,9.5078125,-9.5078125,-4.75390625,2,2304,False
*,68,75,68,75,5100,5100,0,9.9375,-9.9375,-4.96875,2,2384,False
*,68,76,68,76,5168,5168,0,9.09375,-9.09375,-4.546875,2,2240,False
*,68,77,68,77,5236,5236,0,9.5234375,-9.5234375,-4.76171875,2,2384,False
*,68,78,68,78,5304,5304,0,9.109375,-9.109375,-4.5546875,2,2384,False
*,68,79,68,79,5372,5372,0,10.09375,-10.09375,-5.046875,2,2384,False
*,68,80,68,80,5440,5440,0,9.0625,-9.0625,-4.53125,2,2304,False
*,68,81,68,81,5508,5508,0,9.8671875,-9.8671875,-4.93359375,2,2384,False
*,68,82,68,82,5576,5576,0,9.6796875,-9.6796875,-4.83984375,2,2384,False
*,68,83,68,83,5644,5644,0,10.390625,-10.390625,-5.1953125,2,2384,False
*,68,84,68,84,5712,5712,0,9.4375,-9.4375,-4.71875,2,2304,False
*,68,85,68,85,5780,5780,0,9.8046875,-9.8046875,-4.90234375,2,2384,False
*,68,86,68,86,5848,5848,0,9.3828125,-9.3828125,-4.69140625,2,2240,False
*,68,87,68,87,5916,5916,0,10.03125,-10.03125,-5.015625,2,2384,False
*,68,88,68,88,5984,5984,0,9.21875,-9.21875,-4.609375,2,2240,False
*,68,89,68,89,6052,6052,0,9.5078125,-9.5078125,-4.75390625,2,2240,False
*,68,90,68,90,6120,6120,0,9.5234375,-9.5234375,-4.76171875,2,2240,False
*,68,91,68,91,6188,6188,0,10.203125,-10.203125,-5.1015625,2,2240,False
*,68,92,68,92,6256,6256,0,9.46875,-9.46875,-4.734375,2,2384,False
*,68,93,68,93,6324,6324,0,9.9453125,-9.9453125,-4.97265625,2,2384,False
*,68,94,68,94,6392,6392,0,9.265625,-9.265625,-4.6328125,2,2384,False
*,68,95,68,95,6460,6460,0,10.796875,-10.796875,-5.3984375,2,2384,False
*,68,96,68,96,6528,6528,0,9.1171875,-9.1171875,-4.55859375,2,2304,False
*,68,97,68,97,6596,6596,0,9.875,-9.875,-4.9375,2,3456,False
*,68,98,68,98,6664,6664,0,8.71875,-8.71875,-4.359375,2,2254,False
*,68,99,68,99,6732,6732,0,10.0,-10.0,-5.0,2,3456,False
*,69,10,69,10,690,690,0,7.94140625,-7.94140625,-3.970703125,2,2384,False
*,69,11,69,11,759,759,0,7.88671875,-7.88671875,-3.943359375,2,2384,False
*,69,12,69,12,828,828,1,7.56640625,-7.56640625,-3.783203125,2,2384,False
*,69,13,69,13,897,897,0,8.671875,-8.671875,-4.3359375,2,2384,False
*,69,14,69,14,966,966,0,7.6328125,-7.6328125,-3.81640625,2,2384,False
*,69,15,69,15,1035,1035,0,7.84375,-7.84375,-3.921875,2,2384,False
*,69,16,69,16,1104,1104,0,7.30859375,-7.30859375,-3.654296875,2,2384,False
*,69,17,69,17,1173,1173,0,8.1796875,-8.1796875,-4.08984375,2,2384,False
*,69,18,69,18,1242,1242,0,7.953125,-7.953125,-3.9765625,2,2384,False
*,69,19,69,19,1311,1311,0,8.21875,-8.21875,-4.109375,2,2384,False
*,69,20,69,20,1380,1380,0,8.25,-8.25,-4.125,2,2384,False
*,69,21,69,21,1449,1449,1,8.171875,-8.171875,-4.0859375,2,2256,False
*,69,22,69,22,1518,1518,0,8.0703125,-8.0703125,-4.03515625,2,2256,False
*,69,23,69,23,1587,1587,0,8.46875,-8.46875,-4.234375,2,2254,False
*,69,24,69,24,1656,1656,0,7.5390625,-7.5390625,-3.76953125,2,2384,False
*,69,25,69,25,1725,1725,0,7.6171875,-7.6171875,-3.80859375,2,2384,False
*,69,26,69,26,1794,1794,0,8.1953125,-8.1953125,-4.09765625,2,2384,False
*,69,27,69,27,1863,1863,0,7.91015625,-7.91015625,-7.91015625,1,2384,False
*,69,28,69,28,1932,1932,0,7.42578125,-7.42578125,-7.42578125,1,2384,False
*,69,29,69,29,2001,2001,0,8.09375,-8.09375,-8.09375,1,2384,False
*,69,30,69,30,2070,2070,0,8.578125,-8.578125,-4.2890625,2,2384,False
*,69,31,69,31,2139,2139,0,8.96875,-8.96875,-4.484375,2,2384,False
*,69,32,69,32,2208,2208,0,8.359375,-8.359375,-4.1796875,2,2384,False
*,69,33,69,33,2277,2277,0,8.46875,-8.46875,-4.234375,2,2384,False
*,69,34,69,34,2346,2346,0,7.8828125,-7.8828125,-3.94140625,2,2384,False
*,69,35,69,35,2415,2415,0,8.671875,-8.671875,-4.3359375,2,2384,False
*,69,36,69,36,2484,2484,0,8.421875,-8.421875,-4.2109375,2,2384,False
*,69,37,69,37,2553,2553,0,8.734375,-8.734375,-4.3671875,2,2384,False
*,69,38,69,38,2622,2622,0,8.703125,-8.703125,-4.3515625,2,2384,False
*,69,39,69,39,2691,2691,0,9.0,-9.0,-4.5,2,2384,False
*,69,40,69,40,2760,2760,0,8.4609375,-8.4609375,-4.23046875,2,2384,False
*,69,41,69,41,2829,2829,0,9.1875,-9.1875,-4.59375,2,2384,False
*,69,42,69,42,2898,2898,0,8.65625,-8.65625,-4.328125,2,2384,False
*,69,43,69,43,2967,2967,0,8.609375,-8.609375,-4.3046875,2,2384,False
*,69,44,69,44,3036,3036,0,8.21875,-8.21875,-4.109375,2,2384,False
*,69,45,69,45,3105,3105,0,9.109375,-9.109375,-4.5546875,2,2384,False
*,69,46,69,46,3174,3174,0,8.9375,-8.9375,-4.46875,2,2384,False
*,69,47,69,47,3243,3243,0,9.2890625,-9.2890625,-4.64453125,2,2384,False
*,69,48,69,48,3312,3312,0,8.09375,-8.09375,-4.046875,2,2384,False
*,69,49,69,49,3381,3381,0,8.9453125,-8.9453125,-4.47265625,2,2384,False
*,69,50,69,50,3450,3450,0,8.984375,-8.984375,-4.4921875,2,2384,False
*,69,51,69,51,3519,3519,0,9.3046875,-9.3046875,-4.65234375,2,2384,False
*,69,52,69,52,3588,3588,0,8.40625,-8.40625,-4.203125,2,2384,False
*,69,53,69,53,3657,3657,0,8.859375,-8.859375,-4.4296875,2,2384,False
*,69,54,69,54,3726,3726,0,9.2265625,-9.2265625,-4.61328125,2,2384,False
*,69,55,69,55,3795,3795,0,9.34375,-9.34375,-4.671875,2,2384,False
*,69,56,69,56,3864,3864,0,9.203125,-9.203125,-4.6015625,2,2384,False
*,69,57,69,57,3933,3933,0,9.609375,-9.609375,-4.8046875,2,2384,False
*,69,58,69,58,4002,4002,0,9.3515625,-9.3515625,-4.67578125,2,2384,False
*,69,59,69,59,4071,4071,0,10.15625,-10.15625,-5.078125,2,2384,False
*,69,60,69,60,4140,4140,0,9.3671875,-9.3671875,-4.68359375,2,2384,False
*,69,61,69,61,4209,4209,0,10.28125,-10.28125,-5.140625,2,2255,False
*,69,62,69,62,4278,4278,0,9.7890625,-9.7890625,-4.89453125,2,2384,False
*,69,63,69,63,4347,4347,0,9.78125,-9.78125,-4.890625,2,2384,False
*,69,64,69,64,4416,4416,0,9.046875,-9.046875,-4.5234375,2,2384,False
*,69,65,69,65,4485,4485,0,10.8984375,-10.8984375,-5.44921875,2,2384,False
*,69,66,69,66,4554,4554,0,8.953125,-8.953125,-4.4765625,2,2384,False
*,69,67,69,67,4623,4623,0,9.6875,-9.6875,-4.84375,2,2384,False
*,69,68,69,68,4692,4692,0,8.703125,-8.703125,-4.3515625,2,2384,False
*,69,69,69,69,4761,4761,1,10.109375,-10.109375,-5.0546875,2,2254,False
*,69,70,69,70,4830,4830,0,10.09375,-10.09375,-5.046875,2,2384,False
*,69,71,69,71,4899,4899,0,10.078125,-10.078125,-5.0390625,2,2384,False
*,69,72,69,72,4968,4968,0,9.390625,-9.390625,-4.6953125,2,2384,False
*,69,73,69,73,5037,5037,0,10.234375,-10.234375,-5.1171875,2,2384,False
*,69,74,69,74,5106,5106,0,9.765625,-9.765625,-4.8828125,2,2384,False
*,69,75,69,75,5175,5175,0,9.859375,-9.859375,-4.9296875,2,2384,False
*,69,76,69,76,5244,5244,0,9.546875,-9.546875,-4.7734375,2,2384,False
*,69,77,69,77,5313,5313,0,10.2578125,-10.2578125,-5.12890625,2,2384,False
*,69,78,69,78,5382,5382,1,10.0625,-10.0625,-5.03125,2,2384,False
*,69,79,69,79,5451,5451,0,10.46875,-10.46875,-5.234375,2,2384,False
*,69,80,69,80,5520,5520,0,9.828125,-9.828125,-4.9140625,2,2384,False
*,69,81,69,81,5589,5589,0,10.2890625,-10.2890625,-5.14453125,2,2384,False
*,69,82,69,82,5658,5658,0,10.34375,-10.34375,-5.171875,2,2384,False
*,69,83,69,83,5727,5727,0,10.625,-10.625,-5.3125,2,2384,False
*,69,84,69,84,5796,5796,0,9.671875,-9.671875,-4.8359375,2,2384,False
*,69,85,69,85,5865,5865,0,10.2734375,-10.2734375,-5.13671875,2,2384,False
*,69,86,69,86,5934,5934,0,10.4296875,-10.4296875,-5.21484375,2,2384,False
*,69,87,69,87,6003,6003,0,10.6640625,-10.6640625,-5.33203125,2,2384,False
*,69,88,69,88,6072,6072,0,9.828125,-9.828125,-4.9140625,2,2384,False
*,69,89,69,89,6141,6141,0,10.296875,-10.296875,-5.1484375,2,2384,False
*,69,90,69,90,6210,6210,0,10.8359375,-10.8359375,-5.41796875,2,2240,False
*,69,91,69,91,6279,6279,0,11.0859375,-11.0859375,-5.54296875,2,2384,False
*,69,92,69,92,6348,6348,0,10.015625,-10.015625,-5.0078125,2,2384,False
*,69,93,69,93,6417,6417,0,10.609375,-10.609375,-5.3046875,2,2384,False
*,69,94,69,94,6486,6486,0,10.109375,-10.109375,-5.0546875,2,2384,False
*,69,95,69,95,6555,6555,0,10.765625,-10.765625,-5.3828125,2,2384,False
*,69,96,69,96,6624,6624,0,9.8046875,-9.8046875,-4.90234375,2,3456,False
*,69,97,69,97,6693,6693,0,10.453125,-10.453125,-5.2265625,2,3016,False
*,69,98,69,98,6762,6762,0,9.5703125,-9.5703125,-4.78515625,2,2254,False
*,69,99,69,99,6831,6831,0,10.640625,-10.640625,-5.3203125,2,3456,False
*,70,10,70,10,700,700,7,7.21484375,-7.21484375,-7.21484375,1,2304,False
*,70,11,70,11,770,770,1,7.55078125,-7.55078125,-3.775390625,2,2384,False
*,70,12,70,12,840,840,3,7.33984375,-7.33984375,-3.669921875,2,2384,False
*,70,13,70,13,910,910,1,8.484375,-8.484375,-4.2421875,2,2384,False
*,70,14,70,14,980,980,2,8.015625,-8.015625,-4.0078125,2,2384,False
*,70,15,70,15,1050,1050,3,7.54296875,-7.54296875,-3.771484375,2,2384,False
*,70,16,70,16,1120,1120,0,6.68359375,-6.68359375,-3.341796875,2,2384,False
*,70,17,70,17,1190,1190,0,8.4140625,-8.4140625,-4.20703125,2,792,False
*,70,18,70,18,1260,1260,1,7.859375,-7.859375,-3.9296875,2,2384,False
*,70,19,70,19,1330,1330,0,8.578125,-8.578125,-4.2890625,2,2384,False
*,70,20,70,20,1400,1400,0,6.8984375,-6.8984375,-6.8984375,1,2384,False
*,70,21,70,21,1470,1470,0,8.140625,-8.140625,-4.0703125,2,2256,False
*,70,22,70,22,1540,1540,0,7.5703125,-7.5703125,-3.78515625,2,2256,False
*,70,23,70,23,1610,1610,1,7.9453125,-7.9453125,-3.97265625,2,2254,False
*,70,24,70,24,1680,1680,4,7.16796875,-7.16796875,-3.583984375,2,2304,False
*,70,25,70,25,1750,1750,0,7.8203125,-7.8203125,-3.91015625,2,2384,False
*,70,26,70,26,1820,1820,0,8.6796875,-8.6796875,-4.33984375,2,2384,False
*,70,27,70,27,1890,1890,0,7.37890625,-7.37890625,-7.37890625,1,2304,False
*,70,28,70,28,1960,1960,0,7.16796875,-7.16796875,-7.16796875,1,2384,False
*,70,29,70,29,2030,2030,0,7.7421875,-7.7421875,-7.7421875,1,2384,False
*,70,30,70,30,2100,2100,0,8.125,-8.125,-4.0625,2,2304,False
*,70,31,70,31,2170,2170,0,8.7109375,-8.7109375,-4.35546875,2,2256,False
*,70,32,70,32,2240,2240,0,7.10546875,-7.10546875,-3.552734375,2,2304,False
*,70,33,70,33,2310,2310,0,8.859375,-8.859375,-4.4296875,2,2384,False
*,70,34,70,34,2380,2380,0,8.140625,-8.140625,-4.0703125,2,2384,False
*,70,35,70,35,2450,2450,0,8.8984375,-8.8984375,-4.44921875,2,2384,False
*,70,36,70,36,2520,2520,0,8.234375,-8.234375,-4.1171875,2,2304,False
*,70,37,70,37,2590,2590,0,8.96875,-8.96875,-4.484375,2,2384,False
*,70,38,70,38,2660,2660,0,8.2734375,-8.2734375,-4.13671875,2,2384,False
*,70,39,70,39,2730,2730,0,8.765625,-8.765625,-4.3828125,2,2384,False
*,70,40,70,40,2800,2800,0,7.375,-7.375,-3.6875,2,2304,False
*,70,41,70,41,2870,2870,0,8.96875,-8.96875,-4.484375,2,2384,False
*,70,42,70,42,2940,2940,0,8.3671875,-8.3671875,-4.18359375,2,2384,False
*,70,43,70,43,3010,3010,1,8.75,-8.75,-4.375,2,2384,False
*,70,44,70,44,3080,3080,0,8.46875,-8.46875,-4.234375,2,2384,False
*,70,45,70,45,3150,3150,0,9.28125,-9.28125,-4.640625,2,2304,False
*,70,46,70,46,3220,3220,0,8.640625,-8.640625,-4.3203125,2,2384,False
*,70,47,70,47,3290,3290,0,9.4453125,-9.4453125,-4.72265625,2,2304,False
*,70,48,70,48,3360,3360,0,8.734375,-8.734375,-4.3671875,2,2304,False
*,70,49,70,49,3430,3430,0,9.359375,-9.359375,-4.6796875,2,2240,False
*,70,50,70,50,3500,3500,0,8.0703125,-8.0703125,-4.03515625,2,2304,False
*,70,51,70,51,3570,3570,0,9.0390625,-9.0390625,-4.51953125,2,2304,False
*,70,52,70,52,3640,3640,0,7.78515625,-7.78515625,-3.892578125,2,2304,False
*,70,53,70,53,3710,3710,0,9.453125,-9.453125,-4.7265625,2,2384,False
*,70,54,70,54,3780,3780,0,8.921875,-8.921875,-4.4609375,2,2304,False
*,70,55,70,55,3850,3850,0,9.0078125,-9.0078125,-4.50390625,2,2304,False
*,70,56,70,56,3920,3920,0,8.765625,-8.765625,-4.3828125,2,2304,False
*,70,57,70,57,3990,3990,0,9.375,-9.375,-4.6875,2,2384,False
*,70,58,70,58,4060,4060,0,8.984375,-8.984375,-4.4921875,2,2384,False
*,70,59,70,59,4130,4130,0,10.265625,-10.265625,-5.1328125,2,2240,False
*,70,60,70,60,4200,4200,3,8.546875,-8.546875,-4.2734375,2,2304,False
*,70,61,70,61,4270,4270,0,10.078125,-10.078125,-5.0390625,2,2256,False
*,70,62,70,62,4340,4340,0,9.375,-9.375,-4.6875,2,2384,False
*,70,63,70,63,4410,4410,0,9.796875,-9.796875,-4.8984375,2,2384,False
*,70,64,70,64,4480,4480,0,9.1484375,-9.1484375,-4.57421875,2,2304,False
*,70,65,70,65,4550,4550,1,9.328125,-9.328125,-4.6640625,2,2384,False
*,70,66,70,66,4620,4620,0,9.1484375,-9.1484375,-4.57421875,2,2304,False
*,70,67,70,67,4690,4690,0,9.875,-9.875,-4.9375,2,2384,False
*,70,68,70,68,4760,4760,0,9.5625,-9.5625,-4.78125,2,2304,False
*,70,69,70,69,4830,4830,0,10.140625,-10.140625,-5.0703125,2,2304,False
*,70,70,70,70,4900,4900,4,9.96875,-9.96875,-4.984375,2,2254,False
*,70,71,70,71,4970,4970,0,10.3828125,-10.3828125,-5.19140625,2,2256,False
*,70,72,70,72,5040,5040,0,8.453125,-8.453125,-4.2265625,2,2304,False
*,70,73,70,73,5110,5110,0,10.046875,-10.046875,-5.0234375,2,2384,False
*,70,74,70,74,5180,5180,0,10.1796875,-10.1796875,-5.08984375,2,2384,False
*,70,75,70,75,5250,5250,0,9.90625,-9.90625,-4.953125,2,2304,False
*,70,76,70,76,5320,5320,0,9.703125,-9.703125,-4.8515625,2,2304,False
*,70,77,70,77,5390,5390,0,10.15625,-10.15625,-5.078125,2,2384,False
*,70,78,70,78,5460,5460,0,10.46875,-10.46875,-5.234375,2,2384,False
*,70,79,70,79,5530,5530,0,10.515625,-10.515625,-5.2578125,2,2384,False
*,70,80,70,80,5600,5600,1,8.9453125,-8.9453125,-4.47265625,2,2240,False
*,70,81,70,81,5670,5670,1,10.625,-10.625,-5.3125,2,2304,False
*,70,82,70,82,5740,5740,0,9.7109375,-9.7109375,-4.85546875,2,2384,False
*,70,83,70,83,5810,5810,0,10.6953125,-10.6953125,-5.34765625,2,2384,False
*,70,84,70,84,5880,5880,0,9.8046875,-9.8046875,-4.90234375,2,2304,False
*,70,85,70,85,5950,5950,0,10.609375,-10.609375,-5.3046875,2,2384,False
*,70,86,70,86,6020,6020,0,10.6171875,-10.6171875,-5.30859375,2,2240,False
*,70,87,70,87,6090,6090,0,10.578125,-10.578125,-5.2890625,2,2384,False
*,70,88,70,88,6160,6160,0,9.71875,-9.71875,-4.859375,2,2384,False
*,70,89,70,89,6230,6230,0,10.3984375,-10.3984375,-5.19921875,2,2240,False
*,70,90,70,90,6300,6300,0,10.109375,-10.109375,-5.0546875,2,2240,False
*,70,91,70,91,6370,6370,0,10.609375,-10.609375,-5.3046875,2,2240,False
*,70,92,70,92,6440,6440,0,9.59375,-9.59375,-4.796875,2,2240,False
*,70,93,70,93,6510,6510,0,10.4375,-10.4375,-5.21875,2,2384,False
*,70,94,70,94,6580,6580,0,9.734375,-9.734375,-4.8671875,2,2240,False
*,70,95,70,95,6650,6650,0,9.640625,-9.640625,-4.8203125,2,2384,False
*,70,96,70,96,6720,6720,0,9.3359375,-9.3359375,-4.66796875,2,2304,False
*,70,97,70,97,6790,6790,0,10.3125,-10.3125,-5.15625,2,2240,False
*,70,98,70,98,6860,6860,0,10.359375,-10.359375,-5.1796875,2,2254,False
*,70,99,70,99,6930,6930,0,10.4921875,-10.4921875,-5.24609375,2,2240,False
*,71,10,71,10,710,710,0,8.2734375,-8.2734375,-8.2734375,1,2384,False
*,71,11,71,11,781,781,0,8.4453125,-8.4453125,-4.22265625,2,2256,False
*,71,12,71,12,852,852,0,7.7890625,-7.7890625,-3.89453125,2,2384,False
*,71,13,71,13,923,923,0,8.609375,-8.609375,-4.3046875,2,2384,False
*,71,14,71,14,994,994,1,8.546875,-8.546875,-4.2734375,2,2384,False
*,71,15,71,15,1065,1065,0,7.5703125,-7.5703125,-3.78515625,2,2384,False
*,71,16,71,16,1136,1136,0,7.30859375,-7.30859375,-3.654296875,2,2384,False
*,71,17,71,17,1207,1207,0,7.9375,-7.9375,-3.96875,2,2384,False
*,71,18,71,18,1278,1278,0,8.671875,-8.671875,-4.3359375,2,2384,False
*,71,19,71,19,1349,1349,0,7.828125,-7.828125,-3.9140625,2,2384,False
*,71,20,71,20,1420,1420,0,8.3984375,-8.3984375,-4.19921875,2,2384,False
*,71,21,71,21,1491,1491,0,8.03125,-8.03125,-4.015625,2,2256,False
*,71,22,71,22,1562,1562,0,8.125,-8.125,-4.0625,2,2384,False
*,71,23,71,23,1633,1633,0,8.3828125,-8.3828125,-4.19140625,2,2254,False
*,71,24,71,24,1704,1704,0,7.640625,-7.640625,-3.8203125,2,2384,False
*,71,25,71,25,1775,1775,0,8.140625,-8.140625,-4.0703125,2,2384,False
*,71,26,71,26,1846,1846,0,8.0703125,-8.0703125,-4.03515625,2,2384,False
*,71,27,71,27,1917,1917,0,7.59765625,-7.59765625,-7.59765625,1,2384,False
*,71,28,71,28,1988,1988,0,7.28515625,-7.28515625,-7.28515625,1,2384,False
*,71,29,71,29,2059,2059,0,8.1484375,-8.1484375,-4.07421875,2,2384,False
*,71,30,71,30,2130,2130,0,8.4453125,-8.4453125,-4.22265625,2,2384,False
*,71,31,71,31,2201,2201,0,7.828125,-7.828125,-3.9140625,2,2256,False
*,71,32,71,32,2272,2272,0,8.078125,-8.078125,-4.0390625,2,2304,False
*,71,33,71,33,2343,2343,0,8.2109375,-8.2109375,-4.10546875,2,2384,False
*,71,34,71,34,2414,2414,1,8.625,-8.625,-4.3125,2,2384,False
*,71,35,71,35,2485,2485,0,9.265625,-9.265625,-4.6328125,2,2375,False
*,71,36,71,36,2556,2556,0,8.0078125,-8.0078125,-4.00390625,2,2304,False
*,71,37,71,37,2627,2627,0,9.125,-9.125,-4.5625,2,2375,False
*,71,38,71,38,2698,2698,0,8.859375,-8.859375,-4.4296875,2,2384,False
*,71,39,71,39,2769,2769,0,8.8359375,-8.8359375,-4.41796875,2,2384,False
*,71,40,71,40,2840,2840,0,7.890625,-7.890625,-3.9453125,2,2384,False
*,71,41,71,41,2911,2911,0,9.1171875,-9.1171875,-4.55859375,2,2384,False
*,71,42,71,42,2982,2982,0,9.09375,-9.09375,-4.546875,2,2384,False
*,71,43,71,43,3053,3053,0,9.3671875,-9.3671875,-4.68359375,2,2384,False
*,71,44,71,44,3124,3124,0,8.703125,-8.703125,-4.3515625,2,2384,False
*,71,45,71,45,3195,3195,0,9.5234375,-9.5234375,-4.76171875,2,2384,False
*,71,46,71,46,3266,3266,0,9.2109375,-9.2109375,-4.60546875,2,2384,False
*,71,47,71,47,3337,3337,0,9.6875,-9.6875,-4.84375,2,2384,False
*,71,48,71,48,3408,3408,0,7.9453125,-7.9453125,-3.97265625,2,2384,False
*,71,49,71,49,3479,3479,0,8.7734375,-8.7734375,-4.38671875,2,2240,False
*,71,50,71,50,3550,3550,0,8.6796875,-8.6796875,-4.33984375,2,2384,False
*,71,51,71,51,3621,3621,0,9.21875,-9.21875,-4.609375,2,2126,False
*,71,52,71,52,3692,3692,0,8.3125,-8.3125,-4.15625,2,2384,False
*,71,53,71,53,3763,3763,0,9.609375,-9.609375,-4.8046875,2,2384,False
*,71,54,71,54,3834,3834,0,9.71875,-9.71875,-4.859375,2,2384,False
*,71,55,71,55,3905,3905,0,9.796875,-9.796875,-4.8984375,2,2375,False
*,71,56,71,56,3976,3976,0,8.9921875,-8.9921875,-4.49609375,2,2384,False
*,71,57,71,57,4047,4047,0,9.109375,-9.109375,-4.5546875,2,2384,False
*,71,58,71,58,4118,4118,0,10.0859375,-10.0859375,-5.04296875,2,2384,False
*,71,59,71,59,4189,4189,0,10.6640625,-10.6640625,-5.33203125,2,2240,False
*,71,60,71,60,4260,4260,0,10.0546875,-10.0546875,-5.02734375,2,2240,False
*,71,61,71,61,4331,4331,0,10.5546875,-10.5546875,-5.27734375,2,2255,False
*,71,62,71,62,4402,4402,0,9.8359375,-9.8359375,-4.91796875,2,2384,False
*,71,63,71,63,4473,4473,0,10.1484375,-10.1484375,-5.07421875,2,2384,False
*,71,64,71,64,4544,4544,0,8.5859375,-8.5859375,-4.29296875,2,2304,False
*,71,65,71,65,4615,4615,0,9.90625,-9.90625,-4.953125,2,2384,False
*,71,66,71,66,4686,4686,0,9.5625,-9.5625,-4.78125,2,2384,False
*,71,67,71,67,4757,4757,0,10.3671875,-10.3671875,-5.18359375,2,2384,False
*,71,68,71,68,4828,4828,0,9.578125,-9.578125,-4.7890625,2,2384,False
*,71,69,71,69,4899,4899,0,10.015625,-10.015625,-5.0078125,2,2304,False
*,71,70,71,70,4970,4970,0,10.3515625,-10.3515625,-5.17578125,2,2256,False
*,71,71,71,71,5041,5041,1,9.53125,-9.53125,-4.765625,2,2254,False
*,71,72,71,72,5112,5112,0,9.8359375,-9.8359375,-4.91796875,2,2304,False
*,71,73,71,73,5183,5183,0,9.8828125,-9.8828125,-4.94140625,2,2375,False
*,71,74,71,74,5254,5254,0,10.09375,-10.09375,-5.046875,2,2384,False
*,71,75,71,75,5325,5325,0,10.078125,-10.078125,-5.0390625,2,2375,False
*,71,76,71,76,5396,5396,0,10.171875,-10.171875,-5.0859375,2,2384,False
*,71,77,71,77,5467,5467,0,10.640625,-10.640625,-5.3203125,2,2384,False
*,71,78,71,78,5538,5538,0,10.640625,-10.640625,-5.3203125,2,2384,False
*,71,79,71,79,5609,5609,0,10.890625,-10.890625,-5.4453125,2,2384,False
*,71,80,71,80,5680,5680,0,9.75,-9.75,-4.875,2,2240,False
*,71,81,71,81,5751,5751,0,11.1953125,-11.1953125,-5.59765625,2,2304,False
*,71,82,71,82,5822,5822,0,10.5234375,-10.5234375,-5.26171875,2,2384,False
*,71,83,71,83,5893,5893,0,10.984375,-10.984375,-5.4921875,2,2384,False
*,71,84,71,84,5964,5964,0,10.6484375,-10.6484375,-5.32421875,2,2304,False
*,71,85,71,85,6035,6035,0,10.53125,-10.53125,-5.265625,2,2384,False
*,71,86,71,86,6106,6106,0,10.0859375,-10.0859375,-5.04296875,2,2384,False
*,71,87,71,87,6177,6177,0,11.125,-11.125,-5.5625,2,2240,False
*,71,88,71,88,6248,6248,0,10.109375,-10.109375,-5.0546875,2,2384,False
*,71,89,71,89,6319,6319,0,10.109375,-10.109375,-5.0546875,2,2240,False
*,71,90,71,90,6390,6390,0,10.265625,-10.265625,-5.1328125,2,2240,False
*,71,91,71,91,6461,6461,0,10.84375,-10.84375,-5.421875,2,2240,False
*,71,92,71,92,6532,6532,0,10.5,-10.5,-5.25,2,2384,False
*,71,93,71,93,6603,6603,0,10.7890625,-10.7890625,-5.39453125,2,2375,False
*,71,94,71,94,6674,6674,0,10.5,-10.5,-5.25,2,2240,False
*,71,95,71,95,6745,6745,0,10.1328125,-10.1328125,-5.06640625,2,2384,False
*,71,96,71,96,6816,6816,0,9.71875,-9.71875,-4.859375,2,2240,False
*,71,97,71,97,6887,6887,0,11.1875,-11.1875,-5.59375,2,2240,False
*,71,98,71,98,6958,6958,0,10.4765625,-10.4765625,-5.23828125,2,2254,False
*,71,99,71,99,7029,7029,0,10.171875,-10.171875,-5.0859375,2,2240,False
*,72,10,72,10,720,720,2,6.84375,-6.84375,-6.84375,1,2304,False
*,72,11,72,11,792,792,1,6.6328125,-6.6328125,-3.31640625,2,2304,False
*,72,12,72,12,864,864,0,6.203125,-6.203125,-3.1015625,2,2304,False
*,72,13,72,13,936,936,2,7.578125,-7.578125,-3.7890625,2,2304,False
*,72,14,72,14,1008,1008,1,6.92578125,-6.92578125,-3.462890625,2,2304,False
*,72,15,72,15,1080,1080,0,6.6640625,-6.6640625,-6.6640625,1,2304,False
*,72,16,72,16,1152,1152,3,6.8828125,-6.8828125,-3.44140625,2,2304,False
*,72,17,72,17,1224,1224,0,7.859375,-7.859375,-3.9296875,2,792,False
*,72,18,72,18,1296,1296,0,6.96875,-6.96875,-3.484375,2,2304,False
*,72,19,72,19,1368,1368,1,7.4609375,-7.4609375,-3.73046875,2,2384,False
*,72,20,72,20,1440,1440,0,7.078125,-7.078125,-3.5390625,2,2304,False
*,72,21,72,21,1512,1512,1,7.26953125,-7.26953125,-3.634765625,2,2256,False
*,72,22,72,22,1584,1584,0,7.31640625,-7.31640625,-3.658203125,2,2384,False
*,72,23,72,23,1656,1656,0,7.3671875,-7.3671875,-3.68359375,2,2254,False
*,72,24,72,24,1728,1728,1,5.59375,-5.59375,-2.796875,2,2304,False
*,72,25,72,25,1800,1800,0,6.859375,-6.859375,-6.859375,1,2384,False
*,72,26,72,26,1872,1872,1,7.5,-7.5,-3.75,2,2304,False
*,72,27,72,27,1944,1944,0,6.76953125,-6.76953125,-6.76953125,1,2304,False
*,72,28,72,28,2016,2016,0,7.96484375,-7.96484375,-7.96484375,1,2304,False
*,72,29,72,29,2088,2088,0,7.8046875,-7.8046875,-3.90234375,2,2384,False
*,72,30,72,30,2160,2160,4,7.84375,-7.84375,-3.921875,2,2304,False
*,72,31,72,31,2232,2232,0,8.5,-8.5,-4.25,2,2304,False
*,72,32,72,32,2304,2304,0,6.5859375,-6.5859375,-3.29296875,2,2304,True
*,72,33,72,33,2376,2376,0,8.0234375,-8.0234375,-4.01171875,2,2304,False
*,72,34,72,34,2448,2448,0,7.6953125,-7.6953125,-3.84765625,2,2304,False
*,72,35,72,35,2520,2520,0,8.34375,-8.34375,-4.171875,2,2240,False
*,72,36,72,36,2592,2592,0,7.4453125,-7.4453125,-3.72265625,2,2304,False
*,72,37,72,37,2664,2664,0,8.578125,-8.578125,-4.2890625,2,2304,False
*,72,38,72,38,2736,2736,0,7.84375,-7.84375,-3.921875,2,2304,False
*,72,39,72,39,2808,2808,0,8.0234375,-8.0234375,-4.01171875,2,2384,False
*,72,40,72,40,2880,2880,0,7.34375,-7.34375,-3.671875,2,2304,False
*,72,41,72,41,2952,2952,0,8.625,-8.625,-4.3125,2,2384,False
*,72,42,72,42,3024,3024,2,7.8515625,-7.8515625,-3.92578125,2,2304,False
*,72,43,72,43,3096,3096,0,8.546875,-8.546875,-4.2734375,2,2304,False
*,72,44,72,44,3168,3168,0,8.078125,-8.078125,-4.0390625,2,2304,False
*,72,45,72,45,3240,3240,0,8.40625,-8.40625,-4.203125,2,2304,False
*,72,46,72,46,3312,3312,1,7.984375,-7.984375,-3.9921875,2,2304,False
*,72,47,72,47,3384,3384,0,8.140625,-8.140625,-4.0703125,2,2304,False
*,72,48,72,48,3456,3456,1,6.7421875,-6.7421875,-3.37109375,2,2304,False
*,72,49,72,49,3528,3528,0,8.0078125,-8.0078125,-4.00390625,2,2240,False
*,72,50,72,50,3600,3600,0,7.25,-7.25,-3.625,2,2304,False
*,72,51,72,51,3672,3672,0,8.34375,-8.34375,-4.171875,2,2304,False
*,72,52,72,52,3744,3744,0,8.078125,-8.078125,-4.0390625,2,2304,False
*,72,53,72,53,3816,3816,0,8.8125,-8.8125,-4.40625,2,2304,False
*,72,54,72,54,3888,3888,0,7.6875,-7.6875,-3.84375,2,2304,False
*,72,55,72,55,3960,3960,0,9.140625,-9.140625,-4.5703125,2,2304,False
*,72,56,72,56,4032,4032,0,8.3515625,-8.3515625,-4.17578125,2,2304,False
*,72,57,72,57,4104,4104,0,8.7734375,-8.7734375,-4.38671875,2,2304,False
*,72,58,72,58,4176,4176,1,8.875,-8.875,-4.4375,2,2240,False
*,72,59,72,59,4248,4248,0,8.828125,-8.828125,-4.4140625,2,2240,False
*,72,60,72,60,4320,4320,1,8.5546875,-8.5546875,-4.27734375,2,2304,False
*,72,61,72,61,4392,4392,0,9.4921875,-9.4921875,-4.74609375,2,2256,False
*,72,62,72,62,4464,4464,0,9.1640625,-9.1640625,-4.58203125,2,2304,False
*,72,63,72,63,4536,4536,0,8.5390625,-8.5390625,-4.26953125,2,2304,False
*,72,64,72,64,4608,4608,0,7.53125,-7.53125,-3.765625,2,2304,False
*,72,65,72,65,4680,4680,0,9.234375,-9.234375,-4.6171875,2,2304,False
*,72,66,72,66,4752,4752,0,8.9453125,-8.9453125,-4.47265625,2,2240,False
*,72,67,72,67,4824,4824,0,9.359375,-9.359375,-4.6796875,2,2240,False
*,72,68,72,68,4896,4896,0,8.78125,-8.78125,-4.390625,2,2304,False
*,72,69,72,69,4968,4968,0,9.1796875,-9.1796875,-4.58984375,2,2304,False
*,72,70,72,70,5040,5040,1,8.21875,-8.21875,-4.109375,2,2304,False
*,72,71,72,71,5112,5112,0,9.8125,-9.8125,-4.90625,2,2304,False
*,72,72,72,72,5184,5184,1,7.28125,-7.28125,-3.640625,2,2304,False
*,72,73,72,73,5256,5256,0,9.3125,-9.3125,-4.65625,2,2304,False
*,72,74,72,74,5328,5328,0,8.734375,-8.734375,-4.3671875,2,2304,False
*,72,75,72,75,5400,5400,0,8.8984375,-8.8984375,-4.44921875,2,2304,False
*,72,76,72,76,5472,5472,0,8.6875,-8.6875,-4.34375,2,2304,False
*,72,77,72,77,5544,5544,0,9.3515625,-9.3515625,-4.67578125,2,2304,False
*,72,78,72,78,5616,5616,0,9.6484375,-9.6484375,-4.82421875,2,2240,False
*,72,79,72,79,5688,5688,0,10.140625,-10.140625,-5.0703125,2,2240,False
*,72,80,72,80,5760,5760,0,9.28125,-9.28125,-4.640625,2,2304,False
*,72,81,72,81,5832,5832,0,9.84375,-9.84375,-4.921875,2,2304,False
*,72,82,72,82,5904,5904,0,9.890625,-9.890625,-4.9453125,2,2304,False
*,72,83,72,83,5976,5976,0,9.9296875,-9.9296875,-4.96484375,2,2384,False
*,72,84,72,84,6048,6048,0,8.1328125,-8.1328125,-4.06640625,2,2304,False
*,72,85,72,85,6120,6120,0,9.6015625,-9.6015625,-4.80078125,2,2304,False
*,72,86,72,86,6192,6192,0,9.4296875,-9.4296875,-4.71484375,2,2240,False
*,72,87,72,87,6264,6264,0,10.921875,-10.921875,-5.4609375,2,2240,False
*,72,88,72,88,6336,6336,0,8.6640625,-8.6640625,-4.33203125,2,2304,False
*,72,89,72,89,6408,6408,0,9.6171875,-9.6171875,-4.80859375,2,2240,False
*,72,90,72,90,6480,6480,2,9.6484375,-9.6484375,-4.82421875,2,2240,False
*,72,91,72,91,6552,6552,0,9.3203125,-9.3203125,-4.66015625,2,2240,False
*,72,92,72,92,6624,6624,0,9.765625,-9.765625,-4.8828125,2,2304,False
*,72,93,72,93,6696,6696,0,10.328125,-10.328125,-5.1640625,2,2384,False
*,72,94,72,94,6768,6768,1,9.3984375,-9.3984375,-4.69921875,2,2240,False
*,72,95,72,95,6840,6840,0,9.25,-9.25,-4.625,2,2384,False
*,72,96,72,96,6912,6912,0,9.328125,-9.328125,-4.6640625,2,3456,False
*,72,97,72,97,6984,6984,0,9.984375,-9.984375,-4.9921875,2,2240,False
*,72,98,72,98,7056,7056,0,8.4375,-8.4375,-4.21875,2,2256,False
*,72,99,72,99,7128,7128,0,9.578125,-9.578125,-4.7890625,2,3456,False
*,73,10,73,10,730,730,2,8.1484375,-8.1484375,-4.07421875,2,2384,False
*,73,11,73,11,803,803,0,8.375,-8.375,-4.1875,2,2256,False
*,73,12,73,12,876,876,0,8.0859375,-8.0859375,-4.04296875,2,2384,False
*,73,13,73,13,949,949,0,8.5,-8.5,-4.25,2,2256,False
*,73,14,73,14,1022,1022,0,7.78125,-7.78125,-3.890625,2,2384,False
*,73,15,73,15,1095,1095,0,7.7578125,-7.7578125,-3.87890625,2,2384,False
*,73,16,73,16,1168,1168,1,7.51171875,-7.51171875,-3.755859375,2,2384,False
*,73,17,73,17,1241,1241,0,8.2109375,-8.2109375,-4.10546875,2,2384,False
*,73,18,73,18,1314,1314,0,8.2265625,-8.2265625,-4.11328125,2,2384,False
*,73,19,73,19,1387,1387,0,8.1875,-8.1875,-4.09375,2,2384,False
*,73,20,73,20,1460,1460,0,8.265625,-8.265625,-4.1328125,2,2384,False
*,73,21,73,21,1533,1533,0,8.0390625,-8.0390625,-4.01953125,2,2256,False
*,73,22,73,22,1606,1606,0,7.71875,-7.71875,-3.859375,2,2256,False
*,73,23,73,23,1679,1679,0,8.3671875,-8.3671875,-4.18359375,2,2254,False
*,73,24,73,24,1752,1752,0,7.40625,-7.40625,-3.703125,2,2384,False
*,73,25,73,25,1825,1825,0,7.3203125,-7.3203125,-3.66015625,2,2384,False
*,73,26,73,26,1898,1898,0,8.1796875,-8.1796875,-8.1796875,1,2384,False
*,73,27,73,27,1971,1971,0,7.70703125,-7.70703125,-7.70703125,1,2384,False
*,73,28,73,28,2044,2044,0,8.125,-8.125,-4.0625,2,2384,False
*,73,29,73,29,2117,2117,0,8.6484375,-8.6484375,-4.32421875,2,2384,False
*,73,30,73,30,2190,2190,0,8.296875,-8.296875,-4.1484375,2,2384,False
*,73,31,73,31,2263,2263,0,8.5625,-8.5625,-4.28125,2,2384,False
*,73,32,73,32,2336,2336,0,8.1875,-8.1875,-4.09375,2,2384,False
*,73,33,73,33,2409,2409,0,8.5859375,-8.5859375,-4.29296875,2,2384,False
*,73,34,73,34,2482,2482,0,8.84375,-8.84375,-4.421875,2,2384,False
*,73,35,73,35,2555,2555,0,8.59375,-8.59375,-4.296875,2,2375,False
*,73,36,73,36,2628,2628,0,8.3203125,-8.3203125,-4.16015625,2,2384,False
*,73,37,73,37,2701,2701,0,8.6015625,-8.6015625,-4.30078125,2,2375,False
*,73,38,73,38,2774,2774,0,8.875,-8.875,-4.4375,2,2384,False
*,73,39,73,39,2847,2847,0,9.0546875,-9.0546875,-4.52734375,2,2384,False
*,73,40,73,40,2920,2920,0,8.609375,-8.609375,-4.3046875,2,2384,False
*,73,41,73,41,2993,2993,0,8.6015625,-8.6015625,-4.30078125,2,2384,False
*,73,42,73,42,3066,3066,0,8.8984375,-8.8984375,-4.44921875,2,2384,False
*,73,43,73,43,3139,3139,0,9.3203125,-9.3203125,-4.66015625,2,2384,False
*,73,44,73,44,3212,3212,0,9.15625,-9.15625,-4.578125,2,2384,False
*,73,45,73,45,3285,3285,0,9.3046875,-9.3046875,-4.65234375,2,2375,False
*,73,46,73,46,3358,3358,0,8.890625,-8.890625,-4.4453125,2,2384,False
*,73,47,73,47,3431,3431,0,9.09375,-9.09375,-4.546875,2,2384,False
*,73,48,73,48,3504,3504,0,8.0390625,-8.0390625,-4.01953125,2,2384,False
*,73,49,73,49,3577,3577,0,9.59375,-9.59375,-4.796875,2,2384,False
*,73,50,73,50,3650,3650,0,8.890625,-8.890625,-4.4453125,2,2384,False
*,73,51,73,51,3723,3723,0,9.625,-9.625,-4.8125,2,2126,False
*,73,52,73,52,3796,3796,0,8.84375,-8.84375,-4.421875,2,2384,False
*,73,53,73,53,3869,3869,0,9.6015625,-9.6015625,-4.80078125,2,2126,False
*,73,54,73,54,3942,3942,1,9.78125,-9.78125,-4.890625,2,2384,False
*,73,55,73,55,4015,4015,0,9.9375,-9.9375,-4.96875,2,2375,False
*,73,56,73,56,4088,4088,0,9.0234375,-9.0234375,-4.51171875,2,2384,False
*,73,57,73,57,4161,4161,0,10.0859375,-10.0859375,-5.04296875,2,2384,False
*,73,58,73,58,4234,4234,0,10.359375,-10.359375,-5.1796875,2,2384,False
*,73,59,73,59,4307,4307,0,9.9375,-9.9375,-4.96875,2,2240,False
*,73,60,73,60,4380,4380,0,9.5546875,-9.5546875,-4.77734375,2,2240,False
*,73,61,73,61,4453,4453,0,10.109375,-10.109375,-5.0546875,2,2256,False
*,73,62,73,62,4526,4526,0,9.703125,-9.703125,-4.8515625,2,2384,False
*,73,63,73,63,4599,4599,0,10.078125,-10.078125,-5.0390625,2,2384,False
*,73,64,73,64,4672,4672,0,9.1875,-9.1875,-4.59375,2,1728,False
*,73,65,73,65,4745,4745,0,10.328125,-10.328125,-5.1640625,2,2384,False
*,73,66,73,66,4818,4818,0,10.390625,-10.390625,-5.1953125,2,2240,False
*,73,67,73,67,4891,4891,0,11.3203125,-11.3203125,-5.66015625,2,2384,False
*,73,68,73,68,4964,4964,0,10.3671875,-10.3671875,-5.18359375,2,2384,False
*,73,69,73,69,5037,5037,0,10.1953125,-10.1953125,-5.09765625,2,2384,False
*,73,70,73,70,5110,5110,0,10.1328125,-10.1328125,-5.06640625,2,2384,False
*,73,71,73,71,5183,5183,0,9.9921875,-9.9921875,-4.99609375,2,2256,False
*,73,72,73,72,5256,5256,0,9.609375,-9.609375,-4.8046875,2,2256,False
*,73,73,73,73,5329,5329,0,10.5234375,-10.5234375,-5.26171875,2,2256,False
*,73,74,73,74,5402,5402,1,10.2734375,-10.2734375,-5.13671875,2,2262,False
*,73,75,73,75,5475,5475,0,10.6875,-10.6875,-5.34375,2,2375,False
*,73,76,73,76,5548,5548,0,10.453125,-10.453125,-5.2265625,2,2384,False
*,73,77,73,77,5621,5621,0,10.84375,-10.84375,-5.421875,2,2384,False
*,73,78,73,78,5694,5694,0,10.203125,-10.203125,-5.1015625,2,2384,False
*,73,79,73,79,5767,5767,0,10.8671875,-10.8671875,-5.43359375,2,2384,False
*,73,80,73,80,5840,5840,0,9.703125,-9.703125,-4.8515625,2,2384,False
*,73,81,73,81,5913,5913,0,10.640625,-10.640625,-5.3203125,2,2384,False
*,73,82,73,82,5986,5986,0,10.8671875,-10.8671875,-5.43359375,2,2384,False
*,73,83,73,83,6059,6059,0,10.7734375,-10.7734375,-5.38671875,2,2384,False
*,73,84,73,84,6132,6132,0,10.3984375,-10.3984375,-5.19921875,2,2384,False
*,73,85,73,85,6205,6205,0,10.2265625,-10.2265625,-5.11328125,2,2384,False
*,73,86,73,86,6278,6278,0,11.0703125,-11.0703125,-5.53515625,2,2384,False
*,73,87,73,87,6351,6351,0,11.0546875,-11.0546875,-5.52734375,2,2384,False
*,73,88,73,88,6424,6424,0,10.625,-10.625,-5.3125,2,2384,False
*,73,89,73,89,6497,6497,0,10.84375,-10.84375,-5.421875,2,2240,False
*,73,90,73,90,6570,6570,0,10.859375,-10.859375,-5.4296875,2,2240,False
*,73,91,73,91,6643,6643,0,11.375,-11.375,-5.6875,2,2240,False
*,73,92,73,92,6716,6716,0,9.984375,-9.984375,-4.9921875,2,2384,False
*,73,93,73,93,6789,6789,0,11.2265625,-11.2265625,-5.61328125,2,2375,False
*,73,94,73,94,6862,6862,0,10.8515625,-10.8515625,-5.42578125,2,2384,False
*,73,95,73,95,6935,6935,0,10.6875,-10.6875,-5.34375,2,2384,False
*,73,96,73,96,7008,7008,0,10.3671875,-10.3671875,-5.18359375,2,2240,False
*,73,97,73,97,7081,7081,0,11.28125,-11.28125,-5.640625,2,2256,False
*,73,98,73,98,7154,7154,0,10.296875,-10.296875,-5.1484375,2,2254,False
*,73,99,73,99,7227,7227,0,11.1640625,-11.1640625,-5.58203125,2,2256,False
*,74,10,74,10,740,740,2,7.71484375,-7.71484375,-3.857421875,2,2384,False
*,74,11,74,11,814,814,0,8.171875,-8.171875,-4.0859375,2,2256,False
*,74,12,74,12,888,888,2,7.765625,-7.765625,-7.765625,1,2384,False
*,74,13,74,13,962,962,0,8.5703125,-8.5703125,-4.28515625,2,2384,False
*,74,14,74,14,1036,1036,0,7.44140625,-7.44140625,-3.720703125,2,2384,False
*,74,15,74,15,1110,1110,1,7.421875,-7.421875,-3.7109375,2,2384,False
*,74,16,74,16,1184,1184,0,7.10546875,-7.10546875,-3.552734375,2,2384,False
*,74,17,74,17,1258,1258,0,7.8828125,-7.8828125,-3.94140625,2,2384,False
*,74,18,74,18,1332,1332,0,8.09375,-8.09375,-4.046875,2,2384,False
*,74,19,74,19,1406,1406,0,7.453125,-7.453125,-3.7265625,2,2384,False
*,74,20,74,20,1480,1480,0,8.046875,-8.046875,-4.0234375,2,2384,False
*,74,21,74,21,1554,1554,0,7.91015625,-7.91015625,-3.955078125,2,2384,False
*,74,22,74,22,1628,1628,0,7.78515625,-7.78515625,-3.892578125,2,2384,False
*,74,23,74,23,1702,1702,1,7.86328125,-7.86328125,-3.931640625,2,2254,False
*,74,24,74,24,1776,1776,0,6.6796875,-6.6796875,-3.33984375,2,2384,False
*,74,25,74,25,1850,1850,0,7.1484375,-7.1484375,-7.1484375,1,2384,False
*,74,26,74,26,1924,1924,0,7.765625,-7.765625,-7.765625,1,2384,False
*,74,27,74,27,1998,1998,0,8.0390625,-8.0390625,-8.0390625,1,2384,False
*,74,28,74,28,2072,2072,0,7.7421875,-7.7421875,-3.87109375,2,2384,False
*,74,29,74,29,2146,2146,0,8.59375,-8.59375,-4.296875,2,2384,False
*,74,30,74,30,2220,2220,2,8.4765625,-8.4765625,-4.23828125,2,2384,False
*,74,31,74,31,2294,2294,0,8.328125,-8.328125,-4.1640625,2,2384,False
*,74,32,74,32,2368,2368,0,7.40625,-7.40625,-3.703125,2,2384,False
*,74,33,74,33,2442,2442,0,8.28125,-8.28125,-4.140625,2,2384,False
*,74,34,74,34,2516,2516,0,7.96875,-7.96875,-3.984375,2,2384,False
*,74,35,74,35,2590,2590,0,8.921875,-8.921875,-4.4609375,2,2384,False
*,74,36,74,36,2664,2664,0,8.390625,-8.390625,-4.1953125,2,2384,False
*,74,37,74,37,2738,2738,0,8.75,-8.75,-4.375,2,2384,False
*,74,38,74,38,2812,2812,0,8.25,-8.25,-4.125,2,2384,False
*,74,39,74,39,2886,2886,1,8.0234375,-8.0234375,-4.01171875,2,2384,False
*,74,40,74,40,2960,2960,0,8.2890625,-8.2890625,-4.14453125,2,2384,False
*,74,41,74,41,3034,3034,0,9.09375,-9.09375,-4.546875,2,2384,False
*,74,42,74,42,3108,3108,0,8.890625,-8.890625,-4.4453125,2,2384,False
*,74,43,74,43,3182,3182,0,9.296875,-9.296875,-4.6484375,2,2384,False
*,74,44,74,44,3256,3256,0,8.5,-8.5,-4.25,2,2384,False
*,74,45,74,45,3330,3330,0,9.15625,-9.15625,-4.578125,2,2384,False
*,74,46,74,46,3404,3404,0,8.5,-8.5,-4.25,2,2384,False
*,74,47,74,47,3478,3478,0,8.96875,-8.96875,-4.484375,2,2384,False
*,74,48,74,48,3552,3552,0,8.578125,-8.578125,-4.2890625,2,2384,False
*,74,49,74,49,3626,3626,0,9.0,-9.0,-4.5,2,2384,False
*,74,50,74,50,3700,3700,0,9.65625,-9.65625,-4.828125,2,2384,False
*,74,51,74,51,3774,3774,0,8.890625,-8.890625,-4.4453125,2,2384,False
*,74,52,74,52,3848,3848,0,9.015625,-9.015625,-4.5078125,2,2384,False
*,74,53,74,53,3922,3922,0,9.8828125,-9.8828125,-4.94140625,2,2384,False
*,74,54,74,54,3996,3996,0,8.5546875,-8.5546875,-4.27734375,2,2384,False
*,74,55,74,55,4070,4070,0,9.84375,-9.84375,-4.921875,2,2384,False
*,74,56,74,56,4144,4144,0,9.0703125,-9.0703125,-4.53515625,2,2240,False
*,74,57,74,57,4218,4218,1,9.4140625,-9.4140625,-4.70703125,2,2384,False
*,74,58,74,58,4292,4292,0,9.25,-9.25,-4.625,2,2384,False
*,74,59,74,59,4366,4366,0,10.015625,-10.015625,-5.0078125,2,2240,False
*,74,60,74,60,4440,4440,0,9.0,-9.0,-4.5,2,2240,False
*,74,61,74,61,4514,4514,0,9.8125,-9.8125,-4.90625,2,2256,False
*,74,62,74,62,4588,4588,0,9.796875,-9.796875,-4.8984375,2,2384,False
*,74,63,74,63,4662,4662,0,9.5078125,-9.5078125,-4.75390625,2,2384,False
*,74,64,74,64,4736,4736,0,8.75,-8.75,-4.375,2,2384,False
*,74,65,74,65,4810,4810,0,10.125,-10.125,-5.0625,2,2384,False
*,74,66,74,66,4884,4884,0,9.1796875,-9.1796875,-4.58984375,2,2240,False
*,74,67,74,67,4958,4958,0,10.203125,-10.203125,-5.1015625,2,2384,False
*,74,68,74,68,5032,5032,0,9.6328125,-9.6328125,-4.81640625,2,2384,False
*,74,69,74,69,5106,5106,0,9.6875,-9.6875,-4.84375,2,2240,False
*,74,70,74,70,5180,5180,0,10.28125,-10.28125,-5.140625,2,2384,False
*,74,71,74,71,5254,5254,0,10.15625,-10.15625,-5.078125,2,2384,False
*,74,72,74,72,5328,5328,0,9.0859375,-9.0859375,-4.54296875,2,2384,False
*,74,73,74,73,5402,5402,0,10.1796875,-10.1796875,-5.08984375,2,2384,False
*,74,74,74,74,5476,5476,0,9.359375,-9.359375,-4.6796875,2,2256,False
*,74,75,74,75,5550,5550,0,10.4375,-10.4375,-5.21875,2,2384,False
*,74,76,74,76,5624,5624,0,9.90625,-9.90625,-4.953125,2,2384,False
*,74,77,74,77,5698,5698,0,10.609375,-10.609375,-5.3046875,2,2384,False
*,74,78,74,78,5772,5772,0,10.0625,-10.0625,-5.03125,2,2384,False
*,74,79,74,79,5846,5846,0,10.828125,-10.828125,-5.4140625,2,2384,False
*,74,80,74,80,5920,5920,0,10.0,-10.0,-5.0,2,2240,False
*,74,81,74,81,5994,5994,0,10.515625,-10.515625,-5.2578125,2,2384,False
*,74,82,74,82,6068,6068,0,10.453125,-10.453125,-5.2265625,2,2384,False
*,74,83,74,83,6142,6142,0,10.453125,-10.453125,-5.2265625,2,2384,False
*,74,84,74,84,6216,6216,0,10.0625,-10.0625,-5.03125,2,2384,False
*,74,85,74,85,6290,6290,0,10.8984375,-10.8984375,-5.44921875,2,2384,False
*,74,86,74,86,6364,6364,0,11.3203125,-11.3203125,-5.66015625,2,2384,False
*,74,87,74,87,6438,6438,0,11.2890625,-11.2890625,-5.64453125,2,2384,False
*,74,88,74,88,6512,6512,0,10.46875,-10.46875,-5.234375,2,2240,False
*,74,89,74,89,6586,6586,0,10.9140625,-10.9140625,-5.45703125,2,2384,False
*,74,90,74,90,6660,6660,0,10.296875,-10.296875,-5.1484375,2,2240,False
*,74,91,74,91,6734,6734,0,11.15625,-11.15625,-5.578125,2,2240,False
*,74,92,74,92,6808,6808,0,10.8515625,-10.8515625,-5.42578125,2,2384,False
*,74,93,74,93,6882,6882,0,11.0703125,-11.0703125,-5.53515625,2,2384,False
*,74,94,74,94,6956,6956,0,10.515625,-10.515625,-5.2578125,2,2384,False
*,74,95,74,95,7030,7030,0,10.890625,-10.890625,-5.4453125,2,2384,False
*,74,96,74,96,7104,7104,0,10.140625,-10.140625,-5.0703125,2,2240,False
*,74,97,74,97,7178,7178,0,11.65625,-11.65625,-5.828125,2,2384,False
*,74,98,74,98,7252,7252,0,9.6640625,-9.6640625,-4.83203125,2,2254,False
*,74,99,74,99,7326,7326,0,11.234375,-11.234375,-5.6171875,2,2240,False
*,75,10,75,10,750,750,0,7.53515625,-7.53515625,-7.53515625,1,2256,False
*,75,11,75,11,825,825,0,8.0390625,-8.0390625,-4.01953125,2,2256,False
*,75,12,75,12,900,900,2,7.78515625,-7.78515625,-7.78515625,1,2384,False
*,75,13,75,13,975,975,0,7.8671875,-7.8671875,-3.93359375,2,2384,False
*,75,14,75,14,1050,1050,0,7.5703125,-7.5703125,-3.78515625,2,2384,False
*,75,15,75,15,1125,1125,4,6.87890625,-6.87890625,-3.439453125,2,2375,False
*,75,16,75,16,1200,1200,0,7.13671875,-7.13671875,-7.13671875,1,2384,False
*,75,17,75,17,1275,1275,0,7.921875,-7.921875,-3.9609375,2,2375,False
*,75,18,75,18,1350,1350,0,8.140625,-8.140625,-4.0703125,2,2384,False
*,75,19,75,19,1425,1425,0,8.015625,-8.015625,-4.0078125,2,2384,False
*,75,20,75,20,1500,1500,1,7.2421875,-7.2421875,-7.2421875,1,2384,False
*,75,21,75,21,1575,1575,0,7.7734375,-7.7734375,-3.88671875,2,2256,False
*,75,22,75,22,1650,1650,0,7.6015625,-7.6015625,-3.80078125,2,2256,False
*,75,23,75,23,1725,1725,0,7.05859375,-7.05859375,-3.529296875,2,2254,False
*,75,24,75,24,1800,1800,0,6.83984375,-6.83984375,-6.83984375,1,2384,False
*,75,25,75,25,1875,1875,2,7.734375,-7.734375,-3.8671875,2,2375,False
*,75,26,75,26,1950,1950,0,7.4765625,-7.4765625,-7.4765625,1,2384,False
*,75,27,75,27,2025,2025,0,7.9296875,-7.9296875,-3.96484375,2,2375,False
*,75,28,75,28,2100,2100,0,8.5703125,-8.5703125,-4.28515625,2,2384,False
*,75,29,75,29,2175,2175,0,8.15625,-8.15625,-4.078125,2,2384,False
*,75,30,75,30,2250,2250,0,7.484375,-7.484375,-3.7421875,2,2256,False
*,75,31,75,31,2325,2325,0,7.9765625,-7.9765625,-3.98828125,2,2256,False
*,75,32,75,32,2400,2400,0,6.95703125,-6.95703125,-3.478515625,2,2384,False
*,75,33,75,33,2475,2475,0,8.6875,-8.6875,-4.34375,2,2375,False
*,75,34,75,34,2550,2550,0,8.59375,-8.59375,-4.296875,2,2384,False
*,75,35,75,35,2625,2625,0,8.046875,-8.046875,-4.0234375,2,2375,False
*,75,36,75,36,2700,2700,0,8.03125,-8.03125,-4.015625,2,2384,False
*,75,37,75,37,2775,2775,0,9.1875,-9.1875,-4.59375,2,2375,False
*,75,38,75,38,2850,2850,0,8.59375,-8.59375,-4.296875,2,2384,False
*,75,39,75,39,2925,2925,0,8.609375,-8.609375,-4.3046875,2,2375,False
*,75,40,75,40,3000,3000,0,7.6953125,-7.6953125,-7.6953125,1,2384,False
*,75,41,75,41,3075,3075,0,8.65625,-8.65625,-4.328125,2,2375,False
*,75,42,75,42,3150,3150,0,9.2265625,-9.2265625,-4.61328125,2,2384,False
*,75,43,75,43,3225,3225,0,8.890625,-8.890625,-4.4453125,2,2375,False
*,75,44,75,44,3300,3300,0,8.375,-8.375,-4.1875,2,2384,False
*,75,45,75,45,3375,3375,0,8.3984375,-8.3984375,-4.19921875,2,2375,False
*,75,46,75,46,3450,3450,0,9.046875,-9.046875,-4.5234375,2,2384,False
*,75,47,75,47,3525,3525,0,8.9921875,-8.9921875,-4.49609375,2,2375,False
*,75,48,75,48,3600,3600,0,7.8125,-7.8125,-3.90625,2,2384,False
*,75,49,75,49,3675,3675,0,9.0859375,-9.0859375,-4.54296875,2,2375,False
*,75,50,75,50,3750,3750,0,9.03125,-9.03125,-4.515625,2,2250,False
*,75,51,75,51,3825,3825,0,9.2109375,-9.2109375,-4.60546875,2,2256,False
*,75,52,75,52,3900,3900,0,9.6875,-9.6875,-4.84375,2,2384,False
*,75,53,75,53,3975,3975,0,9.390625,-9.390625,-4.6953125,2,2375,False
*,75,54,75,54,4050,4050,0,9.53125,-9.53125,-4.765625,2,2384,False
*,75,55,75,55,4125,4125,0,9.6953125,-9.6953125,-4.84765625,2,2375,False
*,75,56,75,56,4200,4200,0,9.15625,-9.15625,-4.578125,2,2384,False
*,75,57,75,57,4275,4275,0,9.609375,-9.609375,-4.8046875,2,2375,False
*,75,58,75,58,4350,4350,0,9.9296875,-9.9296875,-4.96484375,2,2384,False
*,75,59,75,59,4425,4425,0,10.015625,-10.015625,-5.0078125,2,2384,False
*,75,60,75,60,4500,4500,0,8.796875,-8.796875,-4.3984375,2,2384,False
*,75,61,75,61,4575,4575,0,10.203125,-10.203125,-5.1015625,2,2255,False
*,75,62,75,62,4650,4650,0,9.9375,-9.9375,-4.96875,2,2384,False
*,75,63,75,63,4725,4725,0,9.78125,-9.78125,-4.890625,2,2375,False
*,75,64,75,64,4800,4800,0,8.546875,-8.546875,-4.2734375,2,2384,False
*,75,65,75,65,4875,4875,0,10.109375,-10.109375,-5.0546875,2,2375,False
*,75,66,75,66,4950,4950,0,10.734375,-10.734375,-5.3671875,2,2384,False
*,75,67,75,67,5025,5025,0,9.9375,-9.9375,-4.96875,2,2375,False
*,75,68,75,68,5100,5100,0,10.1171875,-10.1171875,-5.05859375,2,2384,False
*,75,69,75,69,5175,5175,0,9.671875,-9.671875,-4.8359375,2,2375,False
*,75,70,75,70,5250,5250,0,10.015625,-10.015625,-5.0078125,2,2384,False
*,75,71,75,71,5325,5325,0,10.21875,-10.21875,-5.109375,2,2375,False
*,75,72,75,72,5400,5400,0,9.234375,-9.234375,-4.6171875,2,2384,False
*,75,73,75,73,5475,5475,0,10.578125,-10.578125,-5.2890625,2,2375,False
*,75,74,75,74,5550,5550,1,10.390625,-10.390625,-5.1953125,2,2256,False
*,75,75,75,75,5625,5625,4,9.515625,-9.515625,-4.7578125,2,2256,False
*,75,76,75,76,5700,5700,0,10.21875,-10.21875,-5.109375,2,2384,False
*,75,77,75,77,5775,5775,0,10.6328125,-10.6328125,-5.31640625,2,2384,False
*,75,78,75,78,5850,5850,0,10.5625,-10.5625,-5.28125,2,2384,False
*,75,79,75,79,5925,5925,0,10.609375,-10.609375,-5.3046875,2,2384,False
*,75,80,75,80,6000,6000,0,9.90625,-9.90625,-4.953125,2,2384,False
*,75,81,75,81,6075,6075,0,10.0078125,-10.0078125,-5.00390625,2,2256,False
*,75,82,75,82,6150,6150,0,11.46875,-11.46875,-5.734375,2,2384,False
*,75,83,75,83,6225,6225,0,10.84375,-10.84375,-5.421875,2,2375,False
*,75,84,75,84,6300,6300,1,10.578125,-10.578125,-5.2890625,2,2384,False
*,75,85,75,85,6375,6375,3,10.1953125,-10.1953125,-5.09765625,2,2375,False
*,75,86,75,86,6450,6450,0,11.265625,-11.265625,-5.6328125,2,2384,False
*,75,87,75,87,6525,6525,0,10.90625,-10.90625,-5.453125,2,2384,False
*,75,88,75,88,6600,6600,0,9.75,-9.75,-4.875,2,2384,False
*,75,89,75,89,6675,6675,0,10.625,-10.625,-5.3125,2,2375,False
*,75,90,75,90,6750,6750,0,10.3203125,-10.3203125,-5.16015625,2,2384,False
*,75,91,75,91,6825,6825,0,10.453125,-10.453125,-5.2265625,2,2375,False
*,75,92,75,92,6900,6900,0,10.546875,-10.546875,-5.2734375,2,2384,False
*,75,93,75,93,6975,6975,0,10.3125,-10.3125,-5.15625,2,2375,False
*,75,94,75,94,7050,7050,0,10.328125,-10.328125,-5.1640625,2,2384,False
*,75,95,75,95,7125,7125,0,9.859375,-9.859375,-4.9296875,2,2375,False
*,75,96,75,96,7200,7200,0,10.1796875,-10.1796875,-5.08984375,2,2384,False
*,75,97,75,97,7275,7275,0,10.4921875,-10.4921875,-5.24609375,2,2256,False
*,75,98,75,98,7350,7350,0,10.59375,-10.59375,-5.296875,2,2254,False
*,75,99,75,99,7425,7425,0,10.3125,-10.3125,-5.15625,2,3456,False
*,76,10,76,10,760,760,0,7.64453125,-7.64453125,-3.822265625,2,2256,False
*,76,11,76,11,836,836,1,7.7578125,-7.7578125,-3.87890625,2,2256,False
*,76,12,76,12,912,912,0,7.921875,-7.921875,-3.9609375,2,2384,False
*,76,13,76,13,988,988,0,8.328125,-8.328125,-4.1640625,2,2384,False
*,76,14,76,14,1064,1064,0,6.87890625,-6.87890625,-3.439453125,2,2384,False
*,76,15,76,15,1140,1140,0,7.8828125,-7.8828125,-3.94140625,2,2384,False
*,76,16,76,16,1216,1216,0,6.79296875,-6.79296875,-3.396484375,2,2240,False
*,76,17,76,17,1292,1292,0,7.54296875,-7.54296875,-3.771484375,2,2384,False
*,76,18,76,18,1368,1368,0,7.19921875,-7.19921875,-3.599609375,2,2384,False
*,76,19,76,19,1444,1444,1,7.765625,-7.765625,-3.8828125,2,2384,False
*,76,20,76,20,1520,1520,0,7.3984375,-7.3984375,-3.69921875,2,2384,False
*,76,21,76,21,1596,1596,0,7.21484375,-7.21484375,-3.607421875,2,2256,False
*,76,22,76,22,1672,1672,0,7.64453125,-7.64453125,-3.822265625,2,2256,False
*,76,23,76,23,1748,1748,0,7.2109375,-7.2109375,-3.60546875,2,2254,False
*,76,24,76,24,1824,1824,0,6.84765625,-6.84765625,-3.423828125,2,2384,False
*,76,25,76,25,1900,1900,0,7.234375,-7.234375,-7.234375,1,2384,False
*,76,26,76,26,1976,1976,0,7.55078125,-7.55078125,-7.55078125,1,2384,False
*,76,27,76,27,2052,2052,0,7.71484375,-7.71484375,-3.857421875,2,2384,False
*,76,28,76,28,2128,2128,0,7.875,-7.875,-3.9375,2,2384,False
*,76,29,76,29,2204,2204,0,8.2109375,-8.2109375,-4.10546875,2,2384,False
*,76,30,76,30,2280,2280,1,8.140625,-8.140625,-4.0703125,2,2240,False
*,76,31,76,31,2356,2356,0,8.2109375,-8.2109375,-4.10546875,2,2384,False
*,76,32,76,32,2432,2432,0,7.9921875,-7.9921875,-3.99609375,2,2240,False
*,76,33,76,33,2508,2508,0,7.83203125,-7.83203125,-3.916015625,2,2384,False
*,76,34,76,34,2584,2584,0,7.4375,-7.4375,-3.71875,2,2384,False
*,76,35,76,35,2660,2660,0,8.4140625,-8.4140625,-4.20703125,2,2384,False
*,76,36,76,36,2736,2736,0,7.66015625,-7.66015625,-3.830078125,2,2240,False
*,76,37,76,37,2812,2812,0,8.1640625,-8.1640625,-4.08203125,2,2384,False
*,76,38,76,38,2888,2888,0,7.7421875,-7.7421875,-3.87109375,2,2384,False
*,76,39,76,39,2964,2964,0,8.5390625,-8.5390625,-4.26953125,2,2384,False
*,76,40,76,40,3040,3040,0,7.390625,-7.390625,-3.6953125,2,2384,False
*,76,41,76,41,3116,3116,0,8.609375,-8.609375,-4.3046875,2,2384,False
*,76,42,76,42,3192,3192,0,8.3515625,-8.3515625,-4.17578125,2,2384,False
*,76,43,76,43,3268,3268,0,9.09375,-9.09375,-4.546875,2,2384,False
*,76,44,76,44,3344,3344,0,7.921875,-7.921875,-3.9609375,2,2384,False
*,76,45,76,45,3420,3420,1,8.84375,-8.84375,-4.421875,2,2384,False
*,76,46,76,46,3496,3496,0,8.5390625,-8.5390625,-4.26953125,2,2384,False
*,76,47,76,47,3572,3572,0,8.8515625,-8.8515625,-4.42578125,2,2384,False
*,76,48,76,48,3648,3648,0,7.93359375,-7.93359375,-3.966796875,2,2384,False
*,76,49,76,49,3724,3724,0,8.765625,-8.765625,-4.3828125,2,2384,False
*,76,50,76,50,3800,3800,0,8.875,-8.875,-4.4375,2,2384,False
*,76,51,76,51,3876,3876,0,8.9375,-8.9375,-4.46875,2,2384,False
*,76,52,76,52,3952,3952,0,8.2734375,-8.2734375,-4.13671875,2,2240,False
*,76,53,76,53,4028,4028,0,9.2890625,-9.2890625,-4.64453125,2,2384,False
*,76,54,76,54,4104,4104,0,8.65625,-8.65625,-4.328125,2,2384,False
*,76,55,76,55,4180,4180,0,10.2421875,-10.2421875,-5.12109375,2,2384,False
*,76,56,76,56,4256,4256,0,8.90625,-8.90625,-4.453125,2,2240,False
*,76,57,76,57,4332,4332,0,9.5546875,-9.5546875,-4.77734375,2,2384,False
*,76,58,76,58,4408,4408,0,9.4921875,-9.4921875,-4.74609375,2,2240,False
*,76,59,76,59,4484,4484,0,9.9453125,-9.9453125,-4.97265625,2,2240,False
*,76,60,76,60,4560,4560,0,8.8046875,-8.8046875,-4.40234375,2,2240,False
*,76,61,76,61,4636,4636,0,9.9921875,-9.9921875,-4.99609375,2,2256,False
*,76,62,76,62,4712,4712,0,9.78125,-9.78125,-4.890625,2,2384,False
*,76,63,76,63,4788,4788,0,10.1171875,-10.1171875,-5.05859375,2,2384,False
*,76,64,76,64,4864,4864,0,9.0625,-9.0625,-4.53125,2,2384,False
*,76,65,76,65,4940,4940,0,10.0625,-10.0625,-5.03125,2,2384,False
*,76,66,76,66,5016,5016,0,8.7421875,-8.7421875,-4.37109375,2,2240,False
*,76,67,76,67,5092,5092,0,9.6171875,-9.6171875,-4.80859375,2,2384,False
*,76,68,76,68,5168,5168,0,9.2734375,-9.2734375,-4.63671875,2,2384,False
*,76,69,76,69,5244,5244,0,9.484375,-9.484375,-4.7421875,2,2240,False
*,76,70,76,70,5320,5320,0,9.9296875,-9.9296875,-4.96484375,2,2384,False
*,76,71,76,71,5396,5396,0,10.328125,-10.328125,-5.1640625,2,2384,False
*,76,72,76,72,5472,5472,0,8.8046875,-8.8046875,-4.40234375,2,2240,False
*,76,73,76,73,5548,5548,0,10.34375,-10.34375,-5.171875,2,2384,False
*,76,74,76,74,5624,5624,0,9.796875,-9.796875,-4.8984375,2,2384,False
*,76,75,76,75,5700,5700,1,10.390625,-10.390625,-5.1953125,2,2384,False
*,76,76,76,76,5776,5776,0,9.015625,-9.015625,-4.5078125,2,2256,False
*,76,77,76,77,5852,5852,0,10.5078125,-10.5078125,-5.25390625,2,2384,False
*,76,78,76,78,5928,5928,0,9.859375,-9.859375,-4.9296875,2,2384,False
*,76,79,76,79,6004,6004,0,10.9375,-10.9375,-5.46875,2,2384,False
*,76,80,76,80,6080,6080,0,9.296875,-9.296875,-4.6484375,2,2240,False
*,76,81,76,81,6156,6156,0,10.484375,-10.484375,-5.2421875,2,2384,False
*,76,82,76,82,6232,6232,0,10.7421875,-10.7421875,-5.37109375,2,2384,False
*,76,83,76,83,6308,6308,0,10.8828125,-10.8828125,-5.44140625,2,2384,False
*,76,84,76,84,6384,6384,0,9.640625,-9.640625,-4.8203125,2,2384,False
*,76,85,76,85,6460,6460,0,11.40625,-11.40625,-5.703125,2,2384,False
*,76,86,76,86,6536,6536,0,10.0859375,-10.0859375,-5.04296875,2,2240,False
*,76,87,76,87,6612,6612,0,10.5859375,-10.5859375,-5.29296875,2,2240,False
*,76,88,76,88,6688,6688,0,9.4921875,-9.4921875,-4.74609375,2,2240,False
*,76,89,76,89,6764,6764,0,10.421875,-10.421875,-5.2109375,2,2240,False
*,76,90,76,90,6840,6840,0,9.71875,-9.71875,-4.859375,2,2240,False
*,76,91,76,91,6916,6916,0,10.859375,-10.859375,-5.4296875,2,2240,False
*,76,92,76,92,6992,6992,0,10.1875,-10.1875,-5.09375,2,2384,False
*,76,93,76,93,7068,7068,0,10.2578125,-10.2578125,-5.12890625,2,2384,False
*,76,94,76,94,7144,7144,0,9.609375,-9.609375,-4.8046875,2,2384,False
*,76,95,76,95,7220,7220,0,10.9296875,-10.9296875,-5.46484375,2,2384,False
*,76,96,76,96,7296,7296,0,9.75,-9.75,-4.875,2,2240,False
*,76,97,76,97,7372,7372,0,11.296875,-11.296875,-5.6484375,2,2240,False
*,76,98,76,98,7448,7448,0,9.9375,-9.9375,-4.96875,2,2256,False
*,76,99,76,99,7524,7524,0,10.375,-10.375,-5.1875,2,2240,False
*,77,10,77,10,770,770,0,7.84375,-7.84375,-3.921875,2,2256,False
*,77,11,77,11,847,847,1,8.2109375,-8.2109375,-4.10546875,2,2256,False
*,77,12,77,12,924,924,0,7.4453125,-7.4453125,-7.4453125,1,2384,False
*,77,13,77,13,1001,1001,0,7.7109375,-7.7109375,-3.85546875,2,2384,False
*,77,14,77,14,1078,1078,0,7.859375,-7.859375,-3.9296875,2,2384,False
*,77,15,77,15,1155,1155,0,7.828125,-7.828125,-3.9140625,2,2256,False
*,77,16,77,16,1232,1232,0,7.71875,-7.71875,-3.859375,2,2384,False
*,77,17,77,17,1309,1309,0,7.6875,-7.6875,-3.84375,2,2384,False
*,77,18,77,18,1386,1386,0,7.96875,-7.96875,-3.984375,2,2384,False
*,77,19,77,19,1463,1463,0,8.0546875,-8.0546875,-4.02734375,2,2255,False
*,77,20,77,20,1540,1540,0,7.55859375,-7.55859375,-3.779296875,2,2384,False
*,77,21,77,21,1617,1617,0,8.0546875,-8.0546875,-4.02734375,2,2255,False
*,77,22,77,22,1694,1694,0,7.5,-7.5,-3.75,2,2255,False
*,77,23,77,23,1771,1771,0,7.62890625,-7.62890625,-3.814453125,2,2254,False
*,77,24,77,24,1848,1848,0,6.890625,-6.890625,-6.890625,1,2384,False
*,77,25,77,25,1925,1925,0,7.5234375,-7.5234375,-7.5234375,1,2384,False
*,77,26,77,26,2002,2002,0,7.57421875,-7.57421875,-7.57421875,1,2384,False
*,77,27,77,27,2079,2079,0,8.4921875,-8.4921875,-4.24609375,2,2262,False
*,77,28,77,28,2156,2156,0,8.328125,-8.328125,-4.1640625,2,2384,False
*,77,29,77,29,2233,2233,0,8.0,-8.0,-4.0,2,2384,False
*,77,30,77,30,2310,2310,0,8.5,-8.5,-4.25,2,2384,False
*,77,31,77,31,2387,2387,0,8.3125,-8.3125,-4.15625,2,2256,False
*,77,32,77,32,2464,2464,0,8.234375,-8.234375,-4.1171875,2,2384,False
*,77,33,77,33,2541,2541,1,8.859375,-8.859375,-4.4296875,2,2384,False
*,77,34,77,34,2618,2618,0,8.8203125,-8.8203125,-4.41015625,2,2384,False
*,77,35,77,35,2695,2695,0,7.984375,-7.984375,-3.9921875,2,2375,False
*,77,36,77,36,2772,2772,0,8.6484375,-8.6484375,-4.32421875,2,2384,False
*,77,37,77,37,2849,2849,0,8.75,-8.75,-4.375,2,2375,False
*,77,38,77,38,2926,2926,0,8.734375,-8.734375,-4.3671875,2,2384,False
*,77,39,77,39,3003,3003,0,9.1796875,-9.1796875,-4.58984375,2,2384,False
*,77,40,77,40,3080,3080,0,8.8203125,-8.8203125,-4.41015625,2,2384,False
*,77,41,77,41,3157,3157,0,9.859375,-9.859375,-4.9296875,2,2384,False
*,77,42,77,42,3234,3234,0,9.0390625,-9.0390625,-4.51953125,2,2384,False
*,77,43,77,43,3311,3311,1,9.1640625,-9.1640625,-4.58203125,2,2384,False
*,77,44,77,44,3388,3388,0,8.765625,-8.765625,-4.3828125,2,2384,False
*,77,45,77,45,3465,3465,0,9.078125,-9.078125,-4.5390625,2,2375,False
*,77,46,77,46,3542,3542,0,9.21875,-9.21875,-4.609375,2,2262,False
*,77,47,77,47,3619,3619,0,9.2578125,-9.2578125,-4.62890625,2,2262,False
*,77,48,77,48,3696,3696,0,8.4765625,-8.4765625,-4.23828125,2,2384,False
*,77,49,77,49,3773,3773,0,8.84375,-8.84375,-4.421875,2,2384,False
*,77,50,77,50,3850,3850,1,9.0625,-9.0625,-4.53125,2,2384,False
*,77,51,77,51,3927,3927,0,9.90625,-9.90625,-4.953125,2,2384,False
*,77,52,77,52,4004,4004,0,9.3046875,-9.3046875,-4.65234375,2,2384,False
*,77,53,77,53,4081,4081,0,9.453125,-9.453125,-4.7265625,2,2384,False
*,77,54,77,54,4158,4158,0,10.390625,-10.390625,-5.1953125,2,2384,False
*,77,55,77,55,4235,4235,0,10.3125,-10.3125,-5.15625,2,2375,False
*,77,56,77,56,4312,4312,0,9.765625,-9.765625,-4.8828125,2,2384,False
*,77,57,77,57,4389,4389,0,10.59375,-10.59375,-5.296875,2,2384,False
*,77,58,77,58,4466,4466,0,10.703125,-10.703125,-5.3515625,2,2384,False
*,77,59,77,59,4543,4543,0,10.421875,-10.421875,-5.2109375,2,2384,False
*,77,60,77,60,4620,4620,0,10.0625,-10.0625,-5.03125,2,2384,False
*,77,61,77,61,4697,4697,0,10.5546875,-10.5546875,-5.27734375,2,2255,False
*,77,62,77,62,4774,4774,0,10.046875,-10.046875,-5.0234375,2,2384,False
*,77,63,77,63,4851,4851,0,11.359375,-11.359375,-5.6796875,2,2384,False
*,77,64,77,64,4928,4928,0,9.234375,-9.234375,-4.6171875,2,2384,False
*,77,65,77,65,5005,5005,0,10.03125,-10.03125,-5.015625,2,2384,False
*,77,66,77,66,5082,5082,0,10.7265625,-10.7265625,-5.36328125,2,2384,False
*,77,67,77,67,5159,5159,0,10.7890625,-10.7890625,-5.39453125,2,2384,False
*,77,68,77,68,5236,5236,0,10.265625,-10.265625,-5.1328125,2,2384,False
*,77,69,77,69,5313,5313,0,10.375,-10.375,-5.1875,2,2384,False
*,77,70,77,70,5390,5390,0,10.640625,-10.640625,-5.3203125,2,2384,False
*,77,71,77,71,5467,5467,0,11.1875,-11.1875,-5.59375,2,2384,False
*,77,72,77,72,5544,5544,0,9.859375,-9.859375,-4.9296875,2,2384,False
*,77,73,77,73,5621,5621,0,10.9921875,-10.9921875,-5.49609375,2,2375,False
*,77,74,77,74,5698,5698,0,10.90625,-10.90625,-5.453125,2,2384,False
*,77,75,77,75,5775,5775,0,11.03125,-11.03125,-5.515625,2,2375,False
*,77,76,77,76,5852,5852,0,10.90625,-10.90625,-5.453125,2,2262,False
*,77,77,77,77,5929,5929,1,11.046875,-11.046875,-5.5234375,2,2255,False
*,77,78,77,78,6006,6006,0,11.1796875,-11.1796875,-5.58984375,2,2262,False
*,77,79,77,79,6083,6083,0,10.921875,-10.921875,-5.4609375,2,2262,False
*,77,80,77,80,6160,6160,0,11.0,-11.0,-5.5,2,2384,False
*,77,81,77,81,6237,6237,0,11.078125,-11.078125,-5.5390625,2,2384,False
*,77,82,77,82,6314,6314,0,11.4765625,-11.4765625,-5.73828125,2,2384,False
*,77,83,77,83,6391,6391,0,11.1796875,-11.1796875,-5.58984375,2,2384,False
*,77,84,77,84,6468,6468,0,11.359375,-11.359375,-5.6796875,2,2384,False
*,77,85,77,85,6545,6545,0,11.1640625,-11.1640625,-5.58203125,2,2384,False
*,77,86,77,86,6622,6622,0,11.125,-11.125,-5.5625,2,2384,False
*,77,87,77,87,6699,6699,0,11.3125,-11.3125,-5.65625,2,2384,False
*,77,88,77,88,6776,6776,0,11.53125,-11.53125,-5.765625,2,2384,False
*,77,89,77,89,6853,6853,0,11.3828125,-11.3828125,-5.69140625,2,2384,False
*,77,90,77,90,6930,6930,0,10.96875,-10.96875,-5.484375,2,2240,False
*,77,91,77,91,7007,7007,0,12.078125,-12.078125,-6.0390625,2,2255,False
*,77,92,77,92,7084,7084,0,10.8125,-10.8125,-5.40625,2,2384,False
*,77,93,77,93,7161,7161,0,11.015625,-11.015625,-5.5078125,2,2384,False
*,77,94,77,94,7238,7238,0,11.59375,-11.59375,-5.796875,2,2384,False
*,77,95,77,95,7315,7315,0,11.078125,-11.078125,-5.5390625,2,2384,False
*,77,96,77,96,7392,7392,1,11.0078125,-11.0078125,-5.50390625,2,2384,False
*,77,97,77,97,7469,7469,0,11.1640625,-11.1640625,-5.58203125,2,2262,False
*,77,98,77,98,7546,7546,0,10.34375,-10.34375,-5.171875,2,2254,False
*,77,99,77,99,7623,7623,0,11.125,-11.125,-5.5625,2,2255,False
*,78,10,78,10,780,780,0,8.421875,-8.421875,-8.421875,1,2384,False
*,78,11,78,11,858,858,0,8.203125,-8.203125,-4.1015625,2,2256,False
*,78,12,78,12,936,936,0,7.7265625,-7.7265625,-3.86328125,2,2384,False
*,78,13,78,13,1014,1014,0,7.234375,-7.234375,-3.6171875,2,2384,False
*,78,14,78,14,1092,1092,0,7.0,-7.0,-3.5,2,2384,False
*,78,15,78,15,1170,1170,0,8.0234375,-8.0234375,-4.01171875,2,2384,False
*,78,16,78,16,1248,1248,0,6.96484375,-6.96484375,-3.482421875,2,2384,False
*,78,17,78,17,1326,1326,0,7.8828125,-7.8828125,-3.94140625,2,2384,False
*,78,18,78,18,1404,1404,0,7.11328125,-7.11328125,-3.556640625,2,2384,False
*,78,19,78,19,1482,1482,0,8.109375,-8.109375,-4.0546875,2,2384,False
*,78,20,78,20,1560,1560,0,7.31640625,-7.31640625,-3.658203125,2,2384,False
*,78,21,78,21,1638,1638,0,7.84375,-7.84375,-3.921875,2,2256,False
*,78,22,78,22,1716,1716,0,7.34375,-7.34375,-3.671875,2,2256,False
*,78,23,78,23,1794,1794,0,8.1875,-8.1875,-4.09375,2,2254,False
*,78,24,78,24,1872,1872,0,7.53515625,-7.53515625,-3.767578125,2,2384,False
*,78,25,78,25,1950,1950,0,7.46484375,-7.46484375,-7.46484375,1,2384,False
*,78,26,78,26,2028,2028,0,7.49609375,-7.49609375,-3.748046875,2,2384,False
*,78,27,78,27,2106,2106,0,7.90234375,-7.90234375,-3.951171875,2,2262,False
*,78,28,78,28,2184,2184,1,7.4453125,-7.4453125,-3.72265625,2,2384,False
*,78,29,78,29,2262,2262,0,7.328125,-7.328125,-3.6640625,2,2384,False
*,78,30,78,30,2340,2340,1,7.9375,-7.9375,-3.96875,2,2384,False
*,78,31,78,31,2418,2418,0,8.6875,-8.6875,-4.34375,2,2384,False
*,78,32,78,32,2496,2496,0,7.6015625,-7.6015625,-3.80078125,2,2384,False
*,78,33,78,33,2574,2574,0,8.4375,-8.4375,-4.21875,2,2384,False
*,78,34,78,34,2652,2652,0,7.8046875,-7.8046875,-3.90234375,2,2384,False
*,78,35,78,35,2730,2730,0,8.78125,-8.78125,-4.390625,2,2384,False
*,78,36,78,36,2808,2808,0,7.78515625,-7.78515625,-3.892578125,2,2384,False
*,78,37,78,37,2886,2886,0,8.015625,-8.015625,-4.0078125,2,2384,False
*,78,38,78,38,2964,2964,0,8.625,-8.625,-4.3125,2,2384,False
*,78,39,78,39,3042,3042,0,8.7890625,-8.7890625,-4.39453125,2,2384,False
*,78,40,78,40,3120,3120,0,8.421875,-8.421875,-4.2109375,2,2384,False
*,78,41,78,41,3198,3198,0,9.078125,-9.078125,-4.5390625,2,2384,False
*,78,42,78,42,3276,3276,0,8.65625,-8.65625,-4.328125,2,2384,False
*,78,43,78,43,3354,3354,0,8.9140625,-8.9140625,-4.45703125,2,2384,False
*,78,44,78,44,3432,3432,0,8.3125,-8.3125,-4.15625,2,2384,False
*,78,45,78,45,3510,3510,0,8.828125,-8.828125,-4.4140625,2,2384,False
*,78,46,78,46,3588,3588,0,8.515625,-8.515625,-4.2578125,2,2384,False
*,78,47,78,47,3666,3666,0,9.7890625,-9.7890625,-4.89453125,2,2384,False
*,78,48,78,48,3744,3744,0,8.21875,-8.21875,-4.109375,2,2384,False
*,78,49,78,49,3822,3822,0,9.3046875,-9.3046875,-4.65234375,2,2384,False
*,78,50,78,50,3900,3900,2,9.6171875,-9.6171875,-4.80859375,2,2384,False
*,78,51,78,51,3978,3978,0,9.8671875,-9.8671875,-4.93359375,2,2384,False
*,78,52,78,52,4056,4056,0,9.390625,-9.390625,-4.6953125,2,2384,False
*,78,53,78,53,4134,4134,0,10.359375,-10.359375,-5.1796875,2,2384,False
*,78,54,78,54,4212,4212,0,9.3359375,-9.3359375,-4.66796875,2,2384,False
*,78,55,78,55,4290,4290,0,9.9375,-9.9375,-4.96875,2,2384,False
*,78,56,78,56,4368,4368,0,8.59375,-8.59375,-4.296875,2,2240,False
*,78,57,78,57,4446,4446,0,9.9375,-9.9375,-4.96875,2,2384,False
*,78,58,78,58,4524,4524,0,9.59375,-9.59375,-4.796875,2,2384,False
*,78,59,78,59,4602,4602,0,10.328125,-10.328125,-5.1640625,2,2240,False
*,78,60,78,60,4680,4680,0,9.546875,-9.546875,-4.7734375,2,2240,False
*,78,61,78,61,4758,4758,0,10.484375,-10.484375,-5.2421875,2,2256,False
*,78,62,78,62,4836,4836,0,10.03125,-10.03125,-5.015625,2,2384,False
*,78,63,78,63,4914,4914,0,10.5078125,-10.5078125,-5.25390625,2,2384,False
*,78,64,78,64,4992,4992,0,8.296875,-8.296875,-4.1484375,2,2384,False
*,78,65,78,65,5070,5070,0,10.34375,-10.34375,-5.171875,2,2384,False
*,78,66,78,66,5148,5148,0,9.6875,-9.6875,-4.84375,2,2240,False
*,78,67,78,67,5226,5226,0,10.2734375,-10.2734375,-5.13671875,2,2384,False
*,78,68,78,68,5304,5304,0,9.34375,-9.34375,-4.671875,2,2384,False
*,78,69,78,69,5382,5382,0,10.0546875,-10.0546875,-5.02734375,2,2240,False
*,78,70,78,70,5460,5460,0,10.71875,-10.71875,-5.359375,2,2384,False
*,78,71,78,71,5538,5538,0,10.9140625,-10.9140625,-5.45703125,2,2384,False
*,78,72,78,72,5616,5616,0,9.765625,-9.765625,-4.8828125,2,2384,False
*,78,73,78,73,5694,5694,0,10.15625,-10.15625,-5.078125,2,2384,False
*,78,74,78,74,5772,5772,0,10.15625,-10.15625,-5.078125,2,2384,False
*,78,75,78,75,5850,5850,0,10.5703125,-10.5703125,-5.28515625,2,2384,False
*,78,76,78,76,5928,5928,1,10.1328125,-10.1328125,-5.06640625,2,2240,False
*,78,77,78,77,6006,6006,1,10.9921875,-10.9921875,-5.49609375,2,2384,False
*,78,78,78,78,6084,6084,0,10.171875,-10.171875,-5.0859375,2,2256,False
*,78,79,78,79,6162,6162,1,11.0,-11.0,-5.5,2,2262,False
*,78,80,78,80,6240,6240,0,9.6015625,-9.6015625,-4.80078125,2,2240,False
*,78,81,78,81,6318,6318,0,10.7265625,-10.7265625,-5.36328125,2,2384,False
*,78,82,78,82,6396,6396,0,11.234375,-11.234375,-5.6171875,2,2384,False
*,78,83,78,83,6474,6474,0,11.0,-11.0,-5.5,2,2384,False
*,78,84,78,84,6552,6552,0,9.7890625,-9.7890625,-4.89453125,2,2384,False
*,78,85,78,85,6630,6630,0,10.8125,-10.8125,-5.40625,2,2384,False
*,78,86,78,86,6708,6708,0,10.84375,-10.84375,-5.421875,2,2384,False
*,78,87,78,87,6786,6786,0,11.3046875,-11.3046875,-5.65234375,2,2384,False
*,78,88,78,88,6864,6864,0,10.34375,-10.34375,-5.171875,2,2384,False
*,78,89,78,89,6942,6942,0,10.671875,-10.671875,-5.3359375,2,2240,False
*,78,90,78,90,7020,7020,0,11.34375,-11.34375,-5.671875,2,2240,False
*,78,91,78,91,7098,7098,0,11.15625,-11.15625,-5.578125,2,2256,False
*,78,92,78,92,7176,7176,0,10.3359375,-10.3359375,-5.16796875,2,2384,False
*,78,93,78,93,7254,7254,0,10.6484375,-10.6484375,-5.32421875,2,2384,False
*,78,94,78,94,7332,7332,0,10.7109375,-10.7109375,-5.35546875,2,2384,False
*,78,95,78,95,7410,7410,0,11.609375,-11.609375,-5.8046875,2,2384,False
*,78,96,78,96,7488,7488,0,10.4375,-10.4375,-5.21875,2,2240,False
*,78,97,78,97,7566,7566,0,11.015625,-11.015625,-5.5078125,2,2256,False
*,78,98,78,98,7644,7644,0,9.9453125,-9.9453125,-4.97265625,2,2254,False
*,78,99,78,99,7722,7722,0,11.1640625,-11.1640625,-5.58203125,2,2256,False
*,79,10,79,10,790,790,0,8.6484375,-8.6484375,-4.32421875,2,2256,False
*,79,11,79,11,869,869,0,8.6171875,-8.6171875,-4.30859375,2,2255,False
*,79,12,79,12,948,948,0,8.890625,-8.890625,-4.4453125,2,2384,False
*,79,13,79,13,1027,1027,0,8.34375,-8.34375,-4.171875,2,2255,False
*,79,14,79,14,1106,1106,0,7.609375,-7.609375,-3.8046875,2,2384,False
*,79,15,79,15,1185,1185,0,7.671875,-7.671875,-3.8359375,2,2255,False
*,79,16,79,16,1264,1264,0,7.4375,-7.4375,-3.71875,2,2384,False
*,79,17,79,17,1343,1343,0,7.828125,-7.828125,-3.9140625,2,2255,False
*,79,18,79,18,1422,1422,0,8.0625,-8.0625,-4.03125,2,2262,False
*,79,19,79,19,1501,1501,0,7.84375,-7.84375,-3.921875,2,2255,False
*,79,20,79,20,1580,1580,0,7.69921875,-7.69921875,-3.849609375,2,2384,False
*,79,21,79,21,1659,1659,0,7.609375,-7.609375,-3.8046875,2,2255,False
*,79,22,79,22,1738,1738,0,7.265625,-7.265625,-3.6328125,2,2255,False
*,79,23,79,23,1817,1817,0,7.9921875,-7.9921875,-3.99609375,2,2254,False
*,79,24,79,24,1896,1896,0,7.4453125,-7.4453125,-7.4453125,1,2262,False
*,79,25,79,25,1975,1975,0,7.1796875,-7.1796875,-7.1796875,1,2255,False
*,79,26,79,26,2054,2054,0,7.8671875,-7.8671875,-3.93359375,2,2384,False
*,79,27,79,27,2133,2133,0,8.140625,-8.140625,-4.0703125,2,2262,False
*,79,28,79,28,2212,2212,0,8.3515625,-8.3515625,-4.17578125,2,2384,False
*,79,29,79,29,2291,2291,0,8.296875,-8.296875,-4.1484375,2,2384,False
*,79,30,79,30,2370,2370,0,7.65625,-7.65625,-3.828125,2,2384,False
*,79,31,79,31,2449,2449,0,8.625,-8.625,-4.3125,2,2256,False
*,79,32,79,32,2528,2528,0,7.5546875,-7.5546875,-3.77734375,2,2384,False
*,79,33,79,33,2607,2607,0,8.484375,-8.484375,-4.2421875,2,2384,False
*,79,34,79,34,2686,2686,0,7.6328125,-7.6328125,-3.81640625,2,2384,False
*,79,35,79,35,2765,2765,0,8.984375,-8.984375,-4.4921875,2,2375,False
*,79,36,79,36,2844,2844,0,8.390625,-8.390625,-4.1953125,2,2384,False
*,79,37,79,37,2923,2923,0,8.890625,-8.890625,-4.4453125,2,2375,False
*,79,38,79,38,3002,3002,0,9.328125,-9.328125,-4.6640625,2,2384,False
*,79,39,79,39,3081,3081,0,9.21875,-9.21875,-4.609375,2,2384,False
*,79,40,79,40,3160,3160,0,9.0859375,-9.0859375,-4.54296875,2,2384,False
*,79,41,79,41,3239,3239,0,9.3203125,-9.3203125,-4.66015625,2,2384,False
*,79,42,79,42,3318,3318,0,8.828125,-8.828125,-4.4140625,2,2384,False
*,79,43,79,43,3397,3397,0,9.7109375,-9.7109375,-4.85546875,2,2384,False
*,79,44,79,44,3476,3476,0,8.890625,-8.890625,-4.4453125,2,2384,False
*,79,45,79,45,3555,3555,0,9.359375,-9.359375,-4.6796875,2,2375,False
*,79,46,79,46,3634,3634,0,9.6875,-9.6875,-4.84375,2,2262,False
*,79,47,79,47,3713,3713,0,9.6640625,-9.6640625,-4.83203125,2,2262,False
*,79,48,79,48,3792,3792,0,8.53125,-8.53125,-4.265625,2,2384,False
*,79,49,79,49,3871,3871,0,9.5625,-9.5625,-4.78125,2,2384,False
*,79,50,79,50,3950,3950,1,9.5625,-9.5625,-4.78125,2,2384,False
*,79,51,79,51,4029,4029,0,10.3984375,-10.3984375,-5.19921875,2,2262,False
*,79,52,79,52,4108,4108,0,10.1328125,-10.1328125,-5.06640625,2,2384,False
*,79,53,79,53,4187,4187,0,10.625,-10.625,-5.3125,2,2262,False
*,79,54,79,54,4266,4266,0,10.265625,-10.265625,-5.1328125,2,2384,False
*,79,55,79,55,4345,4345,0,10.546875,-10.546875,-5.2734375,2,2375,False
*,79,56,79,56,4424,4424,0,9.59375,-9.59375,-4.796875,2,2384,False
*,79,57,79,57,4503,4503,0,10.390625,-10.390625,-5.1953125,2,2384,False
*,79,58,79,58,4582,4582,0,11.171875,-11.171875,-5.5859375,2,2384,False
*,79,59,79,59,4661,4661,0,9.78125,-9.78125,-4.890625,2,2384,False
*,79,60,79,60,4740,4740,0,9.875,-9.875,-4.9375,2,2384,False
*,79,61,79,61,4819,4819,0,10.90625,-10.90625,-5.453125,2,2255,False
*,79,62,79,62,4898,4898,0,11.078125,-11.078125,-5.5390625,2,2262,False
*,79,63,79,63,4977,4977,0,11.03125,-11.03125,-5.515625,2,2262,False
*,79,64,79,64,5056,5056,1,9.7578125,-9.7578125,-4.87890625,2,2384,False
*,79,65,79,65,5135,5135,0,10.875,-10.875,-5.4375,2,2384,False
*,79,66,79,66,5214,5214,0,10.6171875,-10.6171875,-5.30859375,2,2384,False
*,79,67,79,67,5293,5293,0,10.890625,-10.890625,-5.4453125,2,2384,False
*,79,68,79,68,5372,5372,0,10.90625,-10.90625,-5.453125,2,2384,False
*,79,69,79,69,5451,5451,0,10.7421875,-10.7421875,-5.37109375,2,2262,False
*,79,70,79,70,5530,5530,0,11.1015625,-11.1015625,-5.55078125,2,2384,False
*,79,71,79,71,5609,5609,0,11.4375,-11.4375,-5.71875,2,2262,False
*,79,72,79,72,5688,5688,0,10.6875,-10.6875,-5.34375,2,2384,False
*,79,73,79,73,5767,5767,0,11.1328125,-11.1328125,-5.56640625,2,2262,False
*,79,74,79,74,5846,5846,0,11.1796875,-11.1796875,-5.58984375,2,2384,False
*,79,75,79,75,5925,5925,0,10.8984375,-10.8984375,-5.44921875,2,2375,False
*,79,76,79,76,6004,6004,0,11.46875,-11.46875,-5.734375,2,2384,False
*,79,77,79,77,6083,6083,0,10.859375,-10.859375,-5.4296875,2,2384,False
*,79,78,79,78,6162,6162,0,11.25,-11.25,-5.625,2,2262,False
*,79,79,79,79,6241,6241,0,10.78125,-10.78125,-5.390625,2,2254,False
*,79,80,79,80,6320,6320,1,10.65625,-10.65625,-5.328125,2,2384,False
*,79,81,79,81,6399,6399,0,11.515625,-11.515625,-5.7578125,2,2262,False
*,79,82,79,82,6478,6478,0,11.578125,-11.578125,-5.7890625,2,2262,False
*,79,83,79,83,6557,6557,0,11.5703125,-11.5703125,-5.78515625,2,2384,False
*,79,84,79,84,6636,6636,0,10.8203125,-10.8203125,-5.41015625,2,2384,False
*,79,85,79,85,6715,6715,0,10.75,-10.75,-5.375,2,2384,False
*,79,86,79,86,6794,6794,1,11.671875,-11.671875,-5.8359375,2,2384,False
*,79,87,79,87,6873,6873,0,11.671875,-11.671875,-5.8359375,2,2384,False
*,79,88,79,88,6952,6952,0,11.3203125,-11.3203125,-5.66015625,2,2384,False
*,79,89,79,89,7031,7031,0,11.203125,-11.203125,-5.6015625,2,2255,False
*,79,90,79,90,7110,7110,0,11.515625,-11.515625,-5.7578125,2,2262,False
*,79,91,79,91,7189,7189,0,12.109375,-12.109375,-6.0546875,2,2255,False
*,79,92,79,92,7268,7268,0,12.0,-12.0,-6.0,2,2384,False
*,79,93,79,93,7347,7347,0,12.140625,-12.140625,-6.0703125,2,2262,False
*,79,94,79,94,7426,7426,0,11.1875,-11.1875,-5.59375,2,2384,False
*,79,95,79,95,7505,7505,0,11.359375,-11.359375,-5.6796875,2,2384,False
*,79,96,79,96,7584,7584,0,10.5,-10.5,-5.25,2,2384,False
*,79,97,79,97,7663,7663,0,11.3046875,-11.3046875,-5.65234375,2,2255,False
*,79,98,79,98,7742,7742,0,10.8125,-10.8125,-5.40625,2,2254,False
*,79,99,79,99,7821,7821,0,11.3359375,-11.3359375,-5.66796875,2,2255,False
*,80,10,80,10,800,800,4,7.36328125,-7.36328125,-7.36328125,1,2256,False
*,80,11,80,11,880,880,0,7.765625,-7.765625,-3.8828125,2,2256,False
*,80,12,80,12,960,960,3,7.515625,-7.515625,-3.7578125,2,2384,False
*,80,13,80,13,1040,1040,0,7.19921875,-7.19921875,-3.599609375,2,2384,False
*,80,14,80,14,1120,1120,0,6.57421875,-6.57421875,-3.287109375,2,2384,False
*,80,15,80,15,1200,1200,1,6.59375,-6.59375,-6.59375,1,2384,False
*,80,16,80,16,1280,1280,1,6.828125,-6.828125,-3.4140625,2,2240,False
*,80,17,80,17,1360,1360,0,8.3359375,-8.3359375,-4.16796875,2,2384,False
*,80,18,80,18,1440,1440,1,7.1796875,-7.1796875,-3.58984375,2,2384,False
*,80,19,80,19,1520,1520,0,7.62890625,-7.62890625,-3.814453125,2,2384,False
*,80,20,80,20,1600,1600,3,6.62109375,-6.62109375,-6.62109375,1,2384,False
*,80,21,80,21,1680,1680,0,6.9296875,-6.9296875,-3.46484375,2,2256,False
*,80,22,80,22,1760,1760,0,6.98828125,-6.98828125,-3.494140625,2,2256,False
*,80,23,80,23,1840,1840,0,6.921875,-6.921875,-6.921875,1,2254,False
*,80,24,80,24,1920,1920,1,6.69921875,-6.69921875,-6.69921875,1,2384,False
*,80,25,80,25,2000,2000,7,6.71484375,-6.71484375,-6.71484375,1,2384,False
*,80,26,80,26,2080,2080,0,7.2578125,-7.2578125,-3.62890625,2,2384,False
*,80,27,80,27,2160,2160,0,7.8515625,-7.8515625,-3.92578125,2,2384,False
*,80,28,80,28,2240,2240,0,6.5546875,-6.5546875,-3.27734375,2,2384,False
*,80,29,80,29,2320,2320,0,8.28125,-8.28125,-4.140625,2,2384,False
*,80,30,80,30,2400,2400,0,6.27734375,-6.27734375,-3.138671875,2,2240,False
*,80,31,80,31,2480,2480,0,7.87890625,-7.87890625,-3.939453125,2,2240,False
*,80,32,80,32,2560,2560,0,6.78125,-6.78125,-3.390625,2,2240,False
*,80,33,80,33,2640,2640,0,7.546875,-7.546875,-3.7734375,2,2384,False
*,80,34,80,34,2720,2720,0,8.0703125,-8.0703125,-4.03515625,2,2240,False
*,80,35,80,35,2800,2800,1,7.4453125,-7.4453125,-3.72265625,2,2240,False
*,80,36,80,36,2880,2880,0,7.1875,-7.1875,-3.59375,2,2304,False
*,80,37,80,37,2960,2960,0,8.296875,-8.296875,-4.1484375,2,2384,False
*,80,38,80,38,3040,3040,0,7.484375,-7.484375,-3.7421875,2,2384,False
*,80,39,80,39,3120,3120,0,8.5234375,-8.5234375,-4.26171875,2,2384,False
*,80,40,80,40,3200,3200,4,7.46875,-7.46875,-3.734375,2,2304,False
*,80,41,80,41,3280,3280,0,7.859375,-7.859375,-3.9296875,2,2384,False
*,80,42,80,42,3360,3360,0,8.65625,-8.65625,-4.328125,2,2240,False
*,80,43,80,43,3440,3440,0,7.609375,-7.609375,-3.8046875,2,2384,False
*,80,44,80,44,3520,3520,0,8.1171875,-8.1171875,-4.05859375,2,2240,False
*,80,45,80,45,3600,3600,0,7.09375,-7.09375,-3.546875,2,2240,False
*,80,46,80,46,3680,3680,0,7.65234375,-7.65234375,-3.826171875,2,2240,False
*,80,47,80,47,3760,3760,0,8.8203125,-8.8203125,-4.41015625,2,2240,False
*,80,48,80,48,3840,3840,0,6.984375,-6.984375,-3.4921875,2,2304,False
*,80,49,80,49,3920,3920,0,8.5234375,-8.5234375,-4.26171875,2,2240,False
*,80,50,80,50,4000,4000,2,7.42578125,-7.42578125,-7.42578125,1,2240,False
*,80,51,80,51,4080,4080,0,8.0625,-8.0625,-4.03125,2,2240,False
*,80,52,80,52,4160,4160,0,8.296875,-8.296875,-4.1484375,2,2240,False
*,80,53,80,53,4240,4240,0,8.9765625,-8.9765625,-4.48828125,2,2240,False
*,80,54,80,54,4320,4320,0,8.578125,-8.578125,-4.2890625,2,2240,False
*,80,55,80,55,4400,4400,1,8.2734375,-8.2734375,-4.13671875,2,2240,False
*,80,56,80,56,4480,4480,0,8.3125,-8.3125,-4.15625,2,2240,False
*,80,57,80,57,4560,4560,0,8.859375,-8.859375,-4.4296875,2,2384,False
*,80,58,80,58,4640,4640,0,8.703125,-8.703125,-4.3515625,2,2240,False
*,80,59,80,59,4720,4720,0,10.0859375,-10.0859375,-5.04296875,2,2240,False
*,80,60,80,60,4800,4800,2,7.3125,-7.3125,-3.65625,2,2240,False
*,80,61,80,61,4880,4880,0,9.390625,-9.390625,-4.6953125,2,2256,False
*,80,62,80,62,4960,4960,0,9.75,-9.75,-4.875,2,2384,False
*,80,63,80,63,5040,5040,0,8.4375,-8.4375,-4.21875,2,2240,False
*,80,64,80,64,5120,5120,1,7.703125,-7.703125,-3.8515625,2,2304,False
*,80,65,80,65,5200,5200,0,9.0,-9.0,-4.5,2,2240,False
*,80,66,80,66,5280,5280,0,9.09375,-9.09375,-4.546875,2,2240,False
*,80,67,80,67,5360,5360,0,10.4375,-10.4375,-5.21875,2,2240,False
*,80,68,80,68,5440,5440,0,9.28125,-9.28125,-4.640625,2,2240,False
*,80,69,80,69,5520,5520,0,9.78125,-9.78125,-4.890625,2,2240,False
*,80,70,80,70,5600,5600,0,9.0625,-9.0625,-4.53125,2,2240,False
*,80,71,80,71,5680,5680,1,9.90625,-9.90625,-4.953125,2,2384,False
*,80,72,80,72,5760,5760,0,9.4140625,-9.4140625,-4.70703125,2,2304,False
*,80,73,80,73,5840,5840,0,9.578125,-9.578125,-4.7890625,2,2240,False
*,80,74,80,74,5920,5920,0,10.109375,-10.109375,-5.0546875,2,2384,False
*,80,75,80,75,6000,6000,1,9.453125,-9.453125,-4.7265625,2,2240,False
*,80,76,80,76,6080,6080,0,9.375,-9.375,-4.6875,2,2240,False
*,80,77,80,77,6160,6160,0,10.15625,-10.15625,-5.078125,2,2240,False
*,80,78,80,78,6240,6240,0,9.421875,-9.421875,-4.7109375,2,2240,False
*,80,79,80,79,6320,6320,0,10.328125,-10.328125,-5.1640625,2,2256,False
*,80,80,80,80,6400,6400,4,6.890625,-6.890625,-3.4453125,2,2256,False
*,80,81,80,81,6480,6480,0,9.6015625,-9.6015625,-4.80078125,2,2256,False
*,80,82,80,82,6560,6560,0,10.4375,-10.4375,-5.21875,2,2384,False
*,80,83,80,83,6640,6640,0,9.7421875,-9.7421875,-4.87109375,2,2384,False
*,80,84,80,84,6720,6720,0,9.7890625,-9.7890625,-4.89453125,2,2240,False
*,80,85,80,85,6800,6800,0,9.3984375,-9.3984375,-4.69921875,2,2384,False
*,80,86,80,86,6880,6880,0,9.671875,-9.671875,-4.8359375,2,2240,False
*,80,87,80,87,6960,6960,0,10.5234375,-10.5234375,-5.26171875,2,2240,False
*,80,88,80,88,7040,7040,0,9.515625,-9.515625,-4.7578125,2,2240,False
*,80,89,80,89,7120,7120,0,9.3828125,-9.3828125,-4.69140625,2,2240,False
*,80,90,80,90,7200,7200,1,9.375,-9.375,-4.6875,2,2240,False
*,80,91,80,91,7280,7280,0,10.40625,-10.40625,-5.203125,2,2240,False
*,80,92,80,92,7360,7360,0,10.875,-10.875,-5.4375,2,2240,False
*,80,93,80,93,7440,7440,0,10.28125,-10.28125,-5.140625,2,2384,False
*,80,94,80,94,7520,7520,0,10.3125,-10.3125,-5.15625,2,2240,False
*,80,95,80,95,7600,7600,0,10.859375,-10.859375,-5.4296875,2,2384,False
*,80,96,80,96,7680,7680,1,9.484375,-9.484375,-4.7421875,2,3456,False
*,80,97,80,97,7760,7760,0,10.46875,-10.46875,-5.234375,2,2240,False
*,80,98,80,98,7840,7840,0,9.625,-9.625,-4.8125,2,2256,False
*,80,99,80,99,7920,7920,0,10.234375,-10.234375,-5.1171875,2,3456,False
*,81,10,81,10,810,810,0,8.421875,-8.421875,-4.2109375,2,2256,False
*,81,11,81,11,891,891,1,8.75,-8.75,-4.375,2,2256,False
*,81,12,81,12,972,972,1,8.484375,-8.484375,-4.2421875,2,2384,False
*,81,13,81,13,1053,1053,0,7.96484375,-7.96484375,-3.982421875,2,2256,False
*,81,14,81,14,1134,1134,0,7.0703125,-7.0703125,-3.53515625,2,2256,False
*,81,15,81,15,1215,1215,0,7.4765625,-7.4765625,-3.73828125,2,2256,False
*,81,16,81,16,1296,1296,1,7.40234375,-7.40234375,-3.701171875,2,2240,False
*,81,17,81,17,1377,1377,0,7.765625,-7.765625,-3.8828125,2,2256,False
*,81,18,81,18,1458,1458,2,8.125,-8.125,-4.0625,2,2384,False
*,81,19,81,19,1539,1539,0,7.9921875,-7.9921875,-3.99609375,2,2255,False
*,81,20,81,20,1620,1620,1,7.80859375,-7.80859375,-3.904296875,2,2384,False
*,81,21,81,21,1701,1701,0,8.1953125,-8.1953125,-4.09765625,2,2255,False
*,81,22,81,22,1782,1782,0,7.625,-7.625,-3.8125,2,2256,False
*,81,23,81,23,1863,1863,0,7.890625,-7.890625,-7.890625,1,2254,False
*,81,24,81,24,1944,1944,0,6.81640625,-6.81640625,-6.81640625,1,2255,False
*,81,25,81,25,2025,2025,1,7.5234375,-7.5234375,-3.76171875,2,2256,False
*,81,26,81,26,2106,2106,0,7.78515625,-7.78515625,-3.892578125,2,2384,False
*,81,27,81,27,2187,2187,0,7.890625,-7.890625,-3.9453125,2,2256,False
*,81,28,81,28,2268,2268,0,8.0703125,-8.0703125,-4.03515625,2,2384,False
*,81,29,81,29,2349,2349,0,8.1640625,-8.1640625,-4.08203125,2,2384,False
*,81,30,81,30,2430,2430,1,8.609375,-8.609375,-4.3046875,2,2240,False
*,81,31,81,31,2511,2511,0,8.421875,-8.421875,-4.2109375,2,2256,False
*,81,32,81,32,2592,2592,0,7.46484375,-7.46484375,-3.732421875,2,2384,False
*,81,33,81,33,2673,2673,0,8.8828125,-8.8828125,-4.44140625,2,2384,False
*,81,34,81,34,2754,2754,0,8.359375,-8.359375,-4.1796875,2,2384,False
*,81,35,81,35,2835,2835,0,8.8125,-8.8125,-4.40625,2,2384,False
*,81,36,81,36,2916,2916,0,8.453125,-8.453125,-4.2265625,2,2240,False
*,81,37,81,37,2997,2997,0,8.71875,-8.71875,-4.359375,2,2384,False
*,81,38,81,38,3078,3078,0,9.3203125,-9.3203125,-4.66015625,2,2384,False
*,81,39,81,39,3159,3159,0,9.515625,-9.515625,-4.7578125,2,2384,False
*,81,40,81,40,3240,3240,0,8.71875,-8.71875,-4.359375,2,2384,False
*,81,41,81,41,3321,3321,0,9.1640625,-9.1640625,-4.58203125,2,2240,False
*,81,42,81,42,3402,3402,1,8.84375,-8.84375,-4.421875,2,2256,False
*,81,43,81,43,3483,3483,0,9.2265625,-9.2265625,-4.61328125,2,2384,False
*,81,44,81,44,3564,3564,0,9.015625,-9.015625,-4.5078125,2,2384,False
*,81,45,81,45,3645,3645,0,9.21875,-9.21875,-4.609375,2,2240,False
*,81,46,81,46,3726,3726,0,9.4375,-9.4375,-4.71875,2,2262,False
*,81,47,81,47,3807,3807,0,9.6484375,-9.6484375,-4.82421875,2,2384,False
*,81,48,81,48,3888,3888,0,8.21875,-8.21875,-4.109375,2,2240,False
*,81,49,81,49,3969,3969,0,9.59375,-9.59375,-4.796875,2,2240,False
*,81,50,81,50,4050,4050,0,9.6328125,-9.6328125,-4.81640625,2,2384,False
*,81,51,81,51,4131,4131,0,10.453125,-10.453125,-5.2265625,2,2256,False
*,81,52,81,52,4212,4212,0,9.71875,-9.71875,-4.859375,2,2240,False
*,81,53,81,53,4293,4293,0,10.421875,-10.421875,-5.2109375,2,2240,False
*,81,54,81,54,4374,4374,0,10.2890625,-10.2890625,-5.14453125,2,2240,False
*,81,55,81,55,4455,4455,0,9.734375,-9.734375,-4.8671875,2,2256,False
*,81,56,81,56,4536,4536,0,9.1875,-9.1875,-4.59375,2,2240,False
*,81,57,81,57,4617,4617,0,10.6875,-10.6875,-5.34375,2,2240,False
*,81,58,81,58,4698,4698,0,10.671875,-10.671875,-5.3359375,2,2240,False
*,81,59,81,59,4779,4779,0,10.3125,-10.3125,-5.15625,2,2240,False
*,81,60,81,60,4860,4860,0,10.65625,-10.65625,-5.328125,2,2240,False
*,81,61,81,61,4941,4941,0,10.921875,-10.921875,-5.4609375,2,2255,False
*,81,62,81,62,5022,5022,0,10.5703125,-10.5703125,-5.28515625,2,2256,False
*,81,63,81,63,5103,5103,0,10.421875,-10.421875,-5.2109375,2,2240,False
*,81,64,81,64,5184,5184,0,8.90625,-8.90625,-4.453125,2,2240,False
*,81,65,81,65,5265,5265,0,10.484375,-10.484375,-5.2421875,2,2240,False
*,81,66,81,66,5346,5346,0,10.6328125,-10.6328125,-5.31640625,2,2240,False
*,81,67,81,67,5427,5427,4,11.109375,-11.109375,-5.5546875,2,2240,False
*,81,68,81,68,5508,5508,0,10.484375,-10.484375,-5.2421875,2,2240,False
*,81,69,81,69,5589,5589,0,10.734375,-10.734375,-5.3671875,2,2240,False
*,81,70,81,70,5670,5670,0,11.265625,-11.265625,-5.6328125,2,2240,False
*,81,71,81,71,5751,5751,0,11.8515625,-11.8515625,-5.92578125,2,2384,False
*,81,72,81,72,5832,5832,0,10.6875,-10.6875,-5.34375,2,2240,False
*,81,73,81,73,5913,5913,0,11.0625,-11.0625,-5.53125,2,2262,False
*,81,74,81,74,5994,5994,0,11.03125,-11.03125,-5.515625,2,2384,False
*,81,75,81,75,6075,6075,0,10.625,-10.625,-5.3125,2,2240,False
*,81,76,81,76,6156,6156,0,11.1875,-11.1875,-5.59375,2,2240,False
*,81,77,81,77,6237,6237,0,11.203125,-11.203125,-5.6015625,2,2240,False
*,81,78,81,78,6318,6318,0,11.046875,-11.046875,-5.5234375,2,2256,False
*,81,79,81,79,6399,6399,0,11.515625,-11.515625,-5.7578125,2,2255,False
*,81,80,81,80,6480,6480,0,10.6171875,-10.6171875,-5.30859375,2,2256,False
*,81,81,81,81,6561,6561,3,10.3203125,-10.3203125,-5.16015625,2,2255,False
*,81,82,81,82,6642,6642,2,12.203125,-12.203125,-6.1015625,2,2256,False
*,81,83,81,83,6723,6723,0,11.25,-11.25,-5.625,2,2256,False
*,81,84,81,84,6804,6804,0,11.265625,-11.265625,-5.6328125,2,2384,False
*,81,85,81,85,6885,6885,0,11.7890625,-11.7890625,-5.89453125,2,2256,False
*,81,86,81,86,6966,6966,0,11.296875,-11.296875,-5.6484375,2,2240,False
*,81,87,81,87,7047,7047,0,11.7578125,-11.7578125,-5.87890625,2,2240,False
*,81,88,81,88,7128,7128,0,11.0546875,-11.0546875,-5.52734375,2,2240,False
*,81,89,81,89,7209,7209,0,11.3203125,-11.3203125,-5.66015625,2,2240,False
*,81,90,81,90,7290,7290,0,11.4375,-11.4375,-5.71875,2,2240,False
*,81,91,81,91,7371,7371,0,11.9609375,-11.9609375,-5.98046875,2,2240,False
*,81,92,81,92,7452,7452,0,11.6328125,-11.6328125,-5.81640625,2,2240,False
*,81,93,81,93,7533,7533,0,11.5078125,-11.5078125,-5.75390625,2,2240,False
*,81,94,81,94,7614,7614,0,11.4921875,-11.4921875,-5.74609375,2,2240,False
*,81,95,81,95,7695,7695,0,12.09375,-12.09375,-6.046875,2,2384,False
*,81,96,81,96,7776,7776,0,10.921875,-10.921875,-5.4609375,2,2240,False
*,81,97,81,97,7857,7857,1,12.1171875,-12.1171875,-6.05859375,2,2240,False
*,81,98,81,98,7938,7938,0,11.03125,-11.03125,-5.515625,2,2254,False
*,81,99,81,99,8019,8019,0,11.78125,-11.78125,-5.890625,2,2256,False
*,82,10,82,10,820,820,0,8.0625,-8.0625,-8.0625,1,2256,False
*,82,11,82,11,902,902,0,8.609375,-8.609375,-4.3046875,2,2256,False
*,82,12,82,12,984,984,0,7.9140625,-7.9140625,-3.95703125,2,2240,False
*,82,13,82,13,1066,1066,0,7.87890625,-7.87890625,-3.939453125,2,2240,False
*,82,14,82,14,1148,1148,0,7.60546875,-7.60546875,-3.802734375,2,2384,False
*,82,15,82,15,1230,1230,0,8.2109375,-8.2109375,-4.10546875,2,2384,False
*,82,16,82,16,1312,1312,0,7.109375,-7.109375,-3.5546875,2,2384,False
*,82,17,82,17,1394,1394,0,7.7265625,-7.7265625,-3.86328125,2,2384,False
*,82,18,82,18,1476,1476,0,7.7890625,-7.7890625,-3.89453125,2,2384,False
*,82,19,82,19,1558,1558,0,7.7890625,-7.7890625,-3.89453125,2,2262,False
*,82,20,82,20,1640,1640,0,7.140625,-7.140625,-3.5703125,2,2384,False
*,82,21,82,21,1722,1722,0,7.4140625,-7.4140625,-3.70703125,2,2262,False
*,82,22,82,22,1804,1804,0,7.45703125,-7.45703125,-3.728515625,2,2256,False
*,82,23,82,23,1886,1886,0,7.20703125,-7.20703125,-7.20703125,1,2254,False
*,82,24,82,24,1968,1968,0,6.89453125,-6.89453125,-6.89453125,1,2262,False
*,82,25,82,25,2050,2050,0,7.76953125,-7.76953125,-3.884765625,2,2384,False
*,82,26,82,26,2132,2132,0,7.8125,-7.8125,-3.90625,2,2384,False
*,82,27,82,27,2214,2214,0,8.25,-8.25,-4.125,2,2262,False
*,82,28,82,28,2296,2296,0,7.75,-7.75,-3.875,2,2384,False
*,82,29,82,29,2378,2378,0,7.88671875,-7.88671875,-3.943359375,2,2384,False
*,82,30,82,30,2460,2460,0,8.1171875,-8.1171875,-4.05859375,2,2384,False
*,82,31,82,31,2542,2542,0,8.53125,-8.53125,-4.265625,2,2256,False
*,82,32,82,32,2624,2624,0,7.4140625,-7.4140625,-3.70703125,2,2384,False
*,82,33,82,33,2706,2706,0,8.453125,-8.453125,-4.2265625,2,2384,False
*,82,34,82,34,2788,2788,0,8.90625,-8.90625,-4.453125,2,2384,False
*,82,35,82,35,2870,2870,0,8.765625,-8.765625,-4.3828125,2,2384,False
*,82,36,82,36,2952,2952,0,8.2421875,-8.2421875,-4.12109375,2,2384,False
*,82,37,82,37,3034,3034,0,8.953125,-8.953125,-4.4765625,2,2384,False
*,82,38,82,38,3116,3116,0,8.7109375,-8.7109375,-4.35546875,2,2384,False
*,82,39,82,39,3198,3198,0,8.96875,-8.96875,-4.484375,2,2384,False
*,82,40,82,40,3280,3280,0,8.0078125,-8.0078125,-4.00390625,2,2384,False
*,82,41,82,41,3362,3362,0,9.03125,-9.03125,-4.515625,2,2384,False
*,82,42,82,42,3444,3444,0,8.2421875,-8.2421875,-4.12109375,2,2384,False
*,82,43,82,43,3526,3526,0,9.0625,-9.0625,-4.53125,2,2384,False
*,82,44,82,44,3608,3608,0,8.421875,-8.421875,-4.2109375,2,2384,False
*,82,45,82,45,3690,3690,0,9.1875,-9.1875,-4.59375,2,2384,False
*,82,46,82,46,3772,3772,0,8.1875,-8.1875,-4.09375,2,2262,False
*,82,47,82,47,3854,3854,0,9.2578125,-9.2578125,-4.62890625,2,2262,False
*,82,48,82,48,3936,3936,0,8.78125,-8.78125,-4.390625,2,2384,False
*,82,49,82,49,4018,4018,0,9.5625,-9.5625,-4.78125,2,2384,False
*,82,50,82,50,4100,4100,0,9.5390625,-9.5390625,-4.76953125,2,2384,False
*,82,51,82,51,4182,4182,0,10.7265625,-10.7265625,-5.36328125,2,2384,False
*,82,52,82,52,4264,4264,0,9.84375,-9.84375,-4.921875,2,2240,False
*,82,53,82,53,4346,4346,0,10.140625,-10.140625,-5.0703125,2,2384,False
*,82,54,82,54,4428,4428,0,9.6875,-9.6875,-4.84375,2,2384,False
*,82,55,82,55,4510,4510,0,9.9609375,-9.9609375,-4.98046875,2,2384,False
*,82,56,82,56,4592,4592,0,9.15625,-9.15625,-4.578125,2,2384,False
*,82,57,82,57,4674,4674,0,10.1015625,-10.1015625,-5.05078125,2,2384,False
*,82,58,82,58,4756,4756,0,10.34375,-10.34375,-5.171875,2,2384,False
*,82,59,82,59,4838,4838,0,10.953125,-10.953125,-5.4765625,2,2240,False
*,82,60,82,60,4920,4920,0,10.34375,-10.34375,-5.171875,2,2240,False
*,82,61,82,61,5002,5002,0,10.171875,-10.171875,-5.0859375,2,2256,False
*,82,62,82,62,5084,5084,0,9.9921875,-9.9921875,-4.99609375,2,2256,False
*,82,63,82,63,5166,5166,0,10.484375,-10.484375,-5.2421875,2,2384,False
*,82,64,82,64,5248,5248,0,9.015625,-9.015625,-4.5078125,2,2384,False
*,82,65,82,65,5330,5330,0,11.078125,-11.078125,-5.5390625,2,2384,False
*,82,66,82,66,5412,5412,0,10.6875,-10.6875,-5.34375,2,2240,False
*,82,67,82,67,5494,5494,0,11.53125,-11.53125,-5.765625,2,2240,False
*,82,68,82,68,5576,5576,0,10.578125,-10.578125,-5.2890625,2,2384,False
*,82,69,82,69,5658,5658,0,10.8125,-10.8125,-5.40625,2,2240,False
*,82,70,82,70,5740,5740,0,10.515625,-10.515625,-5.2578125,2,2384,False
*,82,71,82,71,5822,5822,0,11.1640625,-11.1640625,-5.58203125,2,2384,False
*,82,72,82,72,5904,5904,0,10.5078125,-10.5078125,-5.25390625,2,2384,False
*,82,73,82,73,5986,5986,0,11.2734375,-11.2734375,-5.63671875,2,2384,False
*,82,74,82,74,6068,6068,0,10.9296875,-10.9296875,-5.46484375,2,2384,False
*,82,75,82,75,6150,6150,0,12.046875,-12.046875,-6.0234375,2,2384,False
*,82,76,82,76,6232,6232,0,11.2890625,-11.2890625,-5.64453125,2,2240,False
*,82,77,82,77,6314,6314,0,11.625,-11.625,-5.8125,2,2384,False
*,82,78,82,78,6396,6396,0,11.5546875,-11.5546875,-5.77734375,2,2240,False
*,82,79,82,79,6478,6478,0,11.65625,-11.65625,-5.828125,2,2262,False
*,82,80,82,80,6560,6560,0,11.0703125,-11.0703125,-5.53515625,2,2240,False
*,82,81,82,81,6642,6642,0,12.0,-12.0,-6.0,2,2256,False
*,82,82,82,82,6724,6724,1,10.5,-10.5,-5.25,2,2256,False
*,82,83,82,83,6806,6806,1,11.9140625,-11.9140625,-5.95703125,2,2256,False
*,82,84,82,84,6888,6888,0,11.3125,-11.3125,-5.65625,2,2384,False
*,82,85,82,85,6970,6970,0,11.59375,-11.59375,-5.796875,2,2384,False
*,82,86,82,86,7052,7052,0,11.25,-11.25,-5.625,2,2384,False
*,82,87,82,87,7134,7134,0,12.03125,-12.03125,-6.015625,2,2384,False
*,82,88,82,88,7216,7216,0,10.375,-10.375,-5.1875,2,2240,False
*,82,89,82,89,7298,7298,0,12.234375,-12.234375,-6.1171875,2,2240,False
*,82,90,82,90,7380,7380,0,11.421875,-11.421875,-5.7109375,2,2240,False
*,82,91,82,91,7462,7462,0,12.375,-12.375,-6.1875,2,2240,False
*,82,92,82,92,7544,7544,0,10.921875,-10.921875,-5.4609375,2,2240,False
*,82,93,82,93,7626,7626,0,11.4921875,-11.4921875,-5.74609375,2,2384,False
*,82,94,82,94,7708,7708,0,11.609375,-11.609375,-5.8046875,2,2240,False
*,82,95,82,95,7790,7790,0,11.65625,-11.65625,-5.828125,2,2384,False
*,82,96,82,96,7872,7872,0,10.96875,-10.96875,-5.484375,2,2240,False
*,82,97,82,97,7954,7954,0,11.859375,-11.859375,-5.9296875,2,2240,False
*,82,98,82,98,8036,8036,0,10.703125,-10.703125,-5.3515625,2,2254,False
*,82,99,82,99,8118,8118,0,11.890625,-11.890625,-5.9453125,2,2240,False
*,83,10,83,10,830,830,1,8.890625,-8.890625,-4.4453125,2,2384,False
*,83,11,83,11,913,913,0,8.5234375,-8.5234375,-4.26171875,2,2255,False
*,83,12,83,12,996,996,0,8.953125,-8.953125,-4.4765625,2,2384,False
*,83,13,83,13,1079,1079,0,8.375,-8.375,-4.1875,2,2384,False
*,83,14,83,14,1162,1162,0,7.77734375,-7.77734375,-3.888671875,2,2384,False
*,83,15,83,15,1245,1245,0,8.1171875,-8.1171875,-4.05859375,2,2384,False
*,83,16,83,16,1328,1328,0,7.8203125,-7.8203125,-3.91015625,2,2384,False
*,83,17,83,17,1411,1411,0,7.8203125,-7.8203125,-3.91015625,2,2384,False
*,83,18,83,18,1494,1494,0,7.71875,-7.71875,-3.859375,2,2384,False
*,83,19,83,19,1577,1577,0,8.1953125,-8.1953125,-4.09765625,2,2255,False
*,83,20,83,20,1660,1660,0,7.9375,-7.9375,-3.96875,2,2384,False
*,83,21,83,21,1743,1743,0,7.3359375,-7.3359375,-3.66796875,2,2255,False
*,83,22,83,22,1826,1826,0,7.25390625,-7.25390625,-3.626953125,2,2255,False
*,83,23,83,23,1909,1909,0,7.67578125,-7.67578125,-7.67578125,1,2255,False
*,83,24,83,24,1992,1992,0,7.83984375,-7.83984375,-7.83984375,1,2262,False
*,83,25,83,25,2075,2075,0,7.5859375,-7.5859375,-3.79296875,2,2384,False
*,83,26,83,26,2158,2158,0,8.0859375,-8.0859375,-4.04296875,2,2384,False
*,83,27,83,27,2241,2241,0,7.96484375,-7.96484375,-3.982421875,2,2384,False
*,83,28,83,28,2324,2324,0,7.6875,-7.6875,-3.84375,2,2384,False
*,83,29,83,29,2407,2407,0,7.703125,-7.703125,-3.8515625,2,2384,False
*,83,30,83,30,2490,2490,0,8.421875,-8.421875,-4.2109375,2,2384,False
*,83,31,83,31,2573,2573,0,8.5703125,-8.5703125,-4.28515625,2,2256,False
*,83,32,83,32,2656,2656,0,8.171875,-8.171875,-4.0859375,2,2384,False
*,83,33,83,33,2739,2739,0,8.890625,-8.890625,-4.4453125,2,2384,False
*,83,34,83,34,2822,2822,0,8.53125,-8.53125,-4.265625,2,2384,False
*,83,35,83,35,2905,2905,0,8.65625,-8.65625,-4.328125,2,2375,False
*,83,36,83,36,2988,2988,0,8.703125,-8.703125,-4.3515625,2,2384,False
*,83,37,83,37,3071,3071,0,8.890625,-8.890625,-4.4453125,2,2384,False
*,83,38,83,38,3154,3154,0,9.234375,-9.234375,-4.6171875,2,2384,False
*,83,39,83,39,3237,3237,0,9.3125,-9.3125,-4.65625,2,2384,False
*,83,40,83,40,3320,3320,0,8.5625,-8.5625,-4.28125,2,2384,False
*,83,41,83,41,3403,3403,0,9.4609375,-9.4609375,-4.73046875,2,2384,False
*,83,42,83,42,3486,3486,0,9.0390625,-9.0390625,-4.51953125,2,2384,False
*,83,43,83,43,3569,3569,0,9.0234375,-9.0234375,-4.51171875,2,2384,False
*,83,44,83,44,3652,3652,0,8.953125,-8.953125,-4.4765625,2,2384,False
*,83,45,83,45,3735,3735,0,9.375,-9.375,-4.6875,2,2375,False
*,83,46,83,46,3818,3818,0,9.3984375,-9.3984375,-4.69921875,2,2262,False
*,83,47,83,47,3901,3901,0,9.7265625,-9.7265625,-4.86328125,2,2262,False
*,83,48,83,48,3984,3984,0,8.9921875,-8.9921875,-4.49609375,2,2384,False
*,83,49,83,49,4067,4067,0,9.4609375,-9.4609375,-4.73046875,2,2384,False
*,83,50,83,50,4150,4150,0,10.109375,-10.109375,-5.0546875,2,2384,False
*,83,51,83,51,4233,4233,0,10.8984375,-10.8984375,-5.44921875,2,2384,False
*,83,52,83,52,4316,4316,0,9.5390625,-9.5390625,-4.76953125,2,2384,False
*,83,53,83,53,4399,4399,0,10.078125,-10.078125,-5.0390625,2,2384,False
*,83,54,83,54,4482,4482,0,10.1484375,-10.1484375,-5.07421875,2,2384,False
*,83,55,83,55,4565,4565,0,10.0859375,-10.0859375,-5.04296875,2,2384,False
*,83,56,83,56,4648,4648,0,9.6640625,-9.6640625,-4.83203125,2,2384,False
*,83,57,83,57,4731,4731,0,10.5078125,-10.5078125,-5.25390625,2,2384,False
*,83,58,83,58,4814,4814,0,10.6875,-10.6875,-5.34375,2,2384,False
*,83,59,83,59,4897,4897,0,11.0859375,-11.0859375,-5.54296875,2,2384,False
*,83,60,83,60,4980,4980,0,10.46875,-10.46875,-5.234375,2,2240,False
*,83,61,83,61,5063,5063,0,11.0625,-11.0625,-5.53125,2,2255,False
*,83,62,83,62,5146,5146,0,10.828125,-10.828125,-5.4140625,2,2384,False
*,83,63,83,63,5229,5229,0,10.71875,-10.71875,-5.359375,2,2384,False
*,83,64,83,64,5312,5312,0,9.7890625,-9.7890625,-4.89453125,2,2384,False
*,83,65,83,65,5395,5395,0,10.828125,-10.828125,-5.4140625,2,2384,False
*,83,66,83,66,5478,5478,0,10.25,-10.25,-5.125,2,2384,False
*,83,67,83,67,5561,5561,0,10.875,-10.875,-5.4375,2,2384,False
*,83,68,83,68,5644,5644,0,11.1640625,-11.1640625,-5.58203125,2,2384,False
*,83,69,83,69,5727,5727,0,10.921875,-10.921875,-5.4609375,2,2384,False
*,83,70,83,70,5810,5810,0,11.265625,-11.265625,-5.6328125,2,2384,False
*,83,71,83,71,5893,5893,0,11.578125,-11.578125,-5.7890625,2,2384,False
*,83,72,83,72,5976,5976,0,10.515625,-10.515625,-5.2578125,2,2384,False
*,83,73,83,73,6059,6059,0,11.140625,-11.140625,-5.5703125,2,2384,False
*,83,74,83,74,6142,6142,0,10.984375,-10.984375,-5.4921875,2,2384,False
*,83,75,83,75,6225,6225,0,11.25,-11.25,-5.625,2,2375,False
*,83,76,83,76,6308,6308,0,11.5859375,-11.5859375,-5.79296875,2,2384,False
*,83,77,83,77,6391,6391,0,11.2109375,-11.2109375,-5.60546875,2,2384,False
*,83,78,83,78,6474,6474,0,11.65625,-11.65625,-5.828125,2,2384,False
*,83,79,83,79,6557,6557,0,11.859375,-11.859375,-5.9296875,2,2384,False
*,83,80,83,80,6640,6640,0,10.359375,-10.359375,-5.1796875,2,2384,False
*,83,81,83,81,6723,6723,0,11.203125,-11.203125,-5.6015625,2,2255,False
*,83,82,83,82,6806,6806,0,12.1015625,-12.1015625,-6.05078125,2,2255,False
*,83,83,83,83,6889,6889,0,11.3671875,-11.3671875,-5.68359375,2,2255,False
*,83,84,83,84,6972,6972,0,10.921875,-10.921875,-5.4609375,2,2255,False
*,83,85,83,85,7055,7055,0,11.6640625,-11.6640625,-5.83203125,2,2255,False
*,83,86,83,86,7138,7138,0,12.171875,-12.171875,-6.0859375,2,2384,False
*,83,87,83,87,7221,7221,0,12.28125,-12.28125,-6.140625,2,2384,False
*,83,88,83,88,7304,7304,0,11.734375,-11.734375,-5.8671875,2,2384,False
*,83,89,83,89,7387,7387,0,12.078125,-12.078125,-6.0390625,2,2255,False
*,83,90,83,90,7470,7470,0,11.5546875,-11.5546875,-5.77734375,2,2240,False
*,83,91,83,91,7553,7553,0,12.265625,-12.265625,-6.1328125,2,2255,False
*,83,92,83,92,7636,7636,0,11.75,-11.75,-5.875,2,2384,False
*,83,93,83,93,7719,7719,0,11.6796875,-11.6796875,-5.83984375,2,2384,False
*,83,94,83,94,7802,7802,0,11.9921875,-11.9921875,-5.99609375,2,2384,False
*,83,95,83,95,7885,7885,0,12.0390625,-12.0390625,-6.01953125,2,2384,False
*,83,96,83,96,7968,7968,0,10.8828125,-10.8828125,-5.44140625,2,2384,False
*,83,97,83,97,8051,8051,0,11.7421875,-11.7421875,-5.87109375,2,2262,False
*,83,98,83,98,8134,8134,0,10.84375,-10.84375,-5.421875,2,2254,False
*,83,99,83,99,8217,8217,0,10.90625,-10.90625,-5.453125,2,2255,False
*,84,10,84,10,840,840,0,7.7578125,-7.7578125,-3.87890625,2,2240,False
*,84,11,84,11,924,924,1,7.54296875,-7.54296875,-7.54296875,1,2256,False
*,84,12,84,12,1008,1008,2,6.890625,-6.890625,-3.4453125,2,2240,False
*,84,13,84,13,1092,1092,0,7.515625,-7.515625,-3.7578125,2,2384,False
*,84,14,84,14,1176,1176,0,7.4609375,-7.4609375,-3.73046875,2,2384,False
*,84,15,84,15,1260,1260,0,7.9453125,-7.9453125,-3.97265625,2,2384,False
*,84,16,84,16,1344,1344,0,7.109375,-7.109375,-3.5546875,2,2240,False
*,84,17,84,17,1428,1428,1,7.6796875,-7.6796875,-3.83984375,2,2384,False
*,84,18,84,18,1512,1512,0,7.2265625,-7.2265625,-3.61328125,2,2384,False
*,84,19,84,19,1596,1596,0,7.21875,-7.21875,-3.609375,2,2384,False
*,84,20,84,20,1680,1680,1,6.921875,-6.921875,-3.4609375,2,2384,False
*,84,21,84,21,1764,1764,0,6.78515625,-6.78515625,-3.392578125,2,2384,False
*,84,22,84,22,1848,1848,0,6.265625,-6.265625,-6.265625,1,2256,False
*,84,23,84,23,1932,1932,0,7.2578125,-7.2578125,-7.2578125,1,2254,False
*,84,24,84,24,2016,2016,0,8.0703125,-8.0703125,-8.0703125,1,2384,False
*,84,25,84,25,2100,2100,0,8.0703125,-8.0703125,-4.03515625,2,2384,False
*,84,26,84,26,2184,2184,0,7.1484375,-7.1484375,-3.57421875,2,2384,False
*,84,27,84,27,2268,2268,0,7.6875,-7.6875,-3.84375,2,2384,False
*,84,28,84,28,2352,2352,0,6.9921875,-6.9921875,-3.49609375,2,2384,False
*,84,29,84,29,2436,2436,0,8.2265625,-8.2265625,-4.11328125,2,2384,False
*,84,30,84,30,2520,2520,0,7.6640625,-7.6640625,-3.83203125,2,2384,False
*,84,31,84,31,2604,2604,0,8.4609375,-8.4609375,-4.23046875,2,2384,False
*,84,32,84,32,2688,2688,0,7.40625,-7.40625,-3.703125,2,2384,False
*,84,33,84,33,2772,2772,0,8.578125,-8.578125,-4.2890625,2,2384,False
*,84,34,84,34,2856,2856,0,8.1171875,-8.1171875,-4.05859375,2,2384,False
*,84,35,84,35,2940,2940,0,8.28125,-8.28125,-4.140625,2,2384,False
*,84,36,84,36,3024,3024,1,7.46875,-7.46875,-3.734375,2,2384,False
*,84,37,84,37,3108,3108,0,8.8984375,-8.8984375,-4.44921875,2,2384,False
*,84,38,84,38,3192,3192,0,8.40625,-8.40625,-4.203125,2,2384,False
*,84,39,84,39,3276,3276,0,8.6171875,-8.6171875,-4.30859375,2,2384,False
*,84,40,84,40,3360,3360,0,8.7734375,-8.7734375,-4.38671875,2,2384,False
*,84,41,84,41,3444,3444,0,8.171875,-8.171875,-4.0859375,2,2384,False
*,84,42,84,42,3528,3528,0,7.828125,-7.828125,-3.9140625,2,2384,False
*,84,43,84,43,3612,3612,0,8.53125,-8.53125,-4.265625,2,2384,False
*,84,44,84,44,3696,3696,0,7.81640625,-7.81640625,-3.908203125,2,2384,False
*,84,45,84,45,3780,3780,0,8.796875,-8.796875,-4.3984375,2,2384,False
*,84,46,84,46,3864,3864,0,9.09375,-9.09375,-4.546875,2,2384,False
*,84,47,84,47,3948,3948,0,9.21875,-9.21875,-4.609375,2,2384,False
*,84,48,84,48,4032,4032,0,8.421875,-8.421875,-4.2109375,2,2240,False
*,84,49,84,49,4116,4116,0,9.125,-9.125,-4.5625,2,2240,False
*,84,50,84,50,4200,4200,0,8.7109375,-8.7109375,-4.35546875,2,2384,False
*,84,51,84,51,4284,4284,0,9.171875,-9.171875,-4.5859375,2,2384,False
*,84,52,84,52,4368,4368,0,8.5,-8.5,-4.25,2,2240,False
*,84,53,84,53,4452,4452,0,8.8125,-8.8125,-4.40625,2,2384,False
*,84,54,84,54,4536,4536,0,8.7734375,-8.7734375,-4.38671875,2,2384,False
*,84,55,84,55,4620,4620,0,9.6484375,-9.6484375,-4.82421875,2,2384,False
*,84,56,84,56,4704,4704,0,8.4921875,-8.4921875,-4.24609375,2,2240,False
*,84,57,84,57,4788,4788,0,10.1015625,-10.1015625,-5.05078125,2,2384,False
*,84,58,84,58,4872,4872,0,10.03125,-10.03125,-5.015625,2,2240,False
*,84,59,84,59,4956,4956,0,10.03125,-10.03125,-5.015625,2,2240,False
*,84,60,84,60,5040,5040,0,8.609375,-8.609375,-4.3046875,2,2240,False
*,84,61,84,61,5124,5124,0,10.0234375,-10.0234375,-5.01171875,2,2256,False
*,84,62,84,62,5208,5208,0,9.234375,-9.234375,-4.6171875,2,2384,False
*,84,63,84,63,5292,5292,0,9.3125,-9.3125,-4.65625,2,2384,False
*,84,64,84,64,5376,5376,0,9.0546875,-9.0546875,-4.52734375,2,2384,False
*,84,65,84,65,5460,5460,0,10.828125,-10.828125,-5.4140625,2,2384,False
*,84,66,84,66,5544,5544,0,9.3203125,-9.3203125,-4.66015625,2,2240,False
*,84,67,84,67,5628,5628,0,10.234375,-10.234375,-5.1171875,2,2384,False
*,84,68,84,68,5712,5712,0,9.9609375,-9.9609375,-4.98046875,2,2384,False
*,84,69,84,69,5796,5796,0,9.953125,-9.953125,-4.9765625,2,2240,False
*,84,70,84,70,5880,5880,0,10.3359375,-10.3359375,-5.16796875,2,2384,False
*,84,71,84,71,5964,5964,0,11.046875,-11.046875,-5.5234375,2,2384,False
*,84,72,84,72,6048,6048,0,8.8984375,-8.8984375,-4.44921875,2,2384,False
*,84,73,84,73,6132,6132,0,10.515625,-10.515625,-5.2578125,2,2384,False
*,84,74,84,74,6216,6216,0,10.53125,-10.53125,-5.265625,2,2384,False
*,84,75,84,75,6300,6300,0,10.703125,-10.703125,-5.3515625,2,2384,False
*,84,76,84,76,6384,6384,0,9.96875,-9.96875,-4.984375,2,2240,False
*,84,77,84,77,6468,6468,0,11.1796875,-11.1796875,-5.58984375,2,2384,False
*,84,78,84,78,6552,6552,0,9.875,-9.875,-4.9375,2,2384,False
*,84,79,84,79,6636,6636,0,10.984375,-10.984375,-5.4921875,2,2384,False
*,84,80,84,80,6720,6720,0,10.171875,-10.171875,-5.0859375,2,2240,False
*,84,81,84,81,6804,6804,0,11.0859375,-11.0859375,-5.54296875,2,2384,False
*,84,82,84,82,6888,6888,0,11.21875,-11.21875,-5.609375,2,2240,False
*,84,83,84,83,6972,6972,0,10.84375,-10.84375,-5.421875,2,2256,False
*,84,84,84,84,7056,7056,0,8.609375,-8.609375,-4.3046875,2,2256,False
*,84,85,84,85,7140,7140,0,10.8515625,-10.8515625,-5.42578125,2,2256,False
*,84,86,84,86,7224,7224,0,10.421875,-10.421875,-5.2109375,2,2240,False
*,84,87,84,87,7308,7308,0,11.0,-11.0,-5.5,2,2240,False
*,84,88,84,88,7392,7392,0,10.0625,-10.0625,-5.03125,2,2240,False
*,84,89,84,89,7476,7476,0,11.65625,-11.65625,-5.828125,2,2240,False
*,84,90,84,90,7560,7560,0,10.5703125,-10.5703125,-5.28515625,2,2240,False
*,84,91,84,91,7644,7644,0,11.453125,-11.453125,-5.7265625,2,2240,False
*,84,92,84,92,7728,7728,0,10.71875,-10.71875,-5.359375,2,2240,False
*,84,93,84,93,7812,7812,0,11.234375,-11.234375,-5.6171875,2,2384,False
*,84,94,84,94,7896,7896,0,11.140625,-11.140625,-5.5703125,2,2240,False
*,84,95,84,95,7980,7980,0,11.1328125,-11.1328125,-5.56640625,2,2384,False
*,84,96,84,96,8064,8064,0,10.1328125,-10.1328125,-5.06640625,2,2240,False
*,84,97,84,97,8148,8148,0,11.53125,-11.53125,-5.765625,2,2240,False
*,84,98,84,98,8232,8232,0,9.96875,-9.96875,-4.984375,2,2256,False
*,84,99,84,99,8316,8316,0,11.03125,-11.03125,-5.515625,2,2240,False
*,85,10,85,10,850,850,0,8.2734375,-8.2734375,-8.2734375,1,2256,False
*,85,11,85,11,935,935,0,8.4296875,-8.4296875,-4.21484375,2,2255,False
*,85,12,85,12,1020,1020,0,8.046875,-8.046875,-4.0234375,2,2384,False
*,85,13,85,13,1105,1105,0,7.515625,-7.515625,-3.7578125,2,2255,False
*,85,14,85,14,1190,1190,0,7.796875,-7.796875,-3.8984375,2,2256,False
*,85,15,85,15,1275,1275,0,7.6953125,-7.6953125,-3.84765625,2,2255,False
*,85,16,85,16,1360,1360,0,8.3125,-8.3125,-4.15625,2,2384,False
*,85,17,85,17,1445,1445,0,8.0390625,-8.0390625,-4.01953125,2,2384,False
*,85,18,85,18,1530,1530,1,7.984375,-7.984375,-3.9921875,2,2384,False
*,85,19,85,19,1615,1615,0,7.81640625,-7.81640625,-3.908203125,2,2255,False
*,85,20,85,20,1700,1700,0,6.5546875,-6.5546875,-3.27734375,2,2384,False
*,85,21,85,21,1785,1785,0,7.64453125,-7.64453125,-3.822265625,2,2255,False
*,85,22,85,22,1870,1870,0,7.18359375,-7.18359375,-7.18359375,1,2255,False
*,85,23,85,23,1955,1955,0,7.05859375,-7.05859375,-7.05859375,1,2254,False
*,85,24,85,24,2040,2040,0,7.5625,-7.5625,-3.78125,2,2255,False
*,85,25,85,25,2125,2125,0,7.8671875,-7.8671875,-3.93359375,2,2255,False
*,85,26,85,26,2210,2210,0,8.4453125,-8.4453125,-4.22265625,2,2384,False
*,85,27,85,27,2295,2295,0,7.80078125,-7.80078125,-3.900390625,2,2262,False
*,85,28,85,28,2380,2380,0,8.078125,-8.078125,-4.0390625,2,2384,False
*,85,29,85,29,2465,2465,0,8.578125,-8.578125,-4.2890625,2,2384,False
*,85,30,85,30,2550,2550,1,8.375,-8.375,-4.1875,2,2384,False
*,85,31,85,31,2635,2635,0,8.6640625,-8.6640625,-4.33203125,2,2256,False
*,85,32,85,32,2720,2720,0,8.2578125,-8.2578125,-4.12890625,2,2384,False
*,85,33,85,33,2805,2805,0,9.0,-9.0,-4.5,2,2384,False
*,85,34,85,34,2890,2890,0,8.7109375,-8.7109375,-4.35546875,2,2384,False
*,85,35,85,35,2975,2975,2,8.796875,-8.796875,-4.3984375,2,2375,False
*,85,36,85,36,3060,3060,0,8.609375,-8.609375,-4.3046875,2,2384,False
*,85,37,85,37,3145,3145,0,9.234375,-9.234375,-4.6171875,2,2384,False
*,85,38,85,38,3230,3230,0,9.5625,-9.5625,-4.78125,2,2384,False
*,85,39,85,39,3315,3315,0,9.03125,-9.03125,-4.515625,2,2384,False
*,85,40,85,40,3400,3400,0,8.75,-8.75,-4.375,2,2384,False
*,85,41,85,41,3485,3485,1,9.875,-9.875,-4.9375,2,2384,False
*,85,42,85,42,3570,3570,0,9.0625,-9.0625,-4.53125,2,2384,False
*,85,43,85,43,3655,3655,0,9.796875,-9.796875,-4.8984375,2,2384,False
*,85,44,85,44,3740,3740,0,8.984375,-8.984375,-4.4921875,2,2384,False
*,85,45,85,45,3825,3825,0,9.1484375,-9.1484375,-4.57421875,2,2375,False
*,85,46,85,46,3910,3910,0,9.390625,-9.390625,-4.6953125,2,2262,False
*,85,47,85,47,3995,3995,0,9.3671875,-9.3671875,-4.68359375,2,2262,False
*,85,48,85,48,4080,4080,0,8.90625,-8.90625,-4.453125,2,2384,False
*,85,49,85,49,4165,4165,0,10.53125,-10.53125,-5.265625,2,2384,False
*,85,50,85,50,4250,4250,0,9.8671875,-9.8671875,-4.93359375,2,2384,False
*,85,51,85,51,4335,4335,0,10.546875,-10.546875,-5.2734375,2,2384,False
*,85,52,85,52,4420,4420,0,9.78125,-9.78125,-4.890625,2,2384,False
*,85,53,85,53,4505,4505,0,10.6640625,-10.6640625,-5.33203125,2,2384,False
*,85,54,85,54,4590,4590,0,9.6875,-9.6875,-4.84375,2,2384,False
*,85,55,85,55,4675,4675,0,10.734375,-10.734375,-5.3671875,2,2384,False
*,85,56,85,56,4760,4760,0,9.921875,-9.921875,-4.9609375,2,2384,False
*,85,57,85,57,4845,4845,0,10.265625,-10.265625,-5.1328125,2,2384,False
*,85,58,85,58,4930,4930,0,10.921875,-10.921875,-5.4609375,2,2384,False
*,85,59,85,59,5015,5015,0,10.28125,-10.28125,-5.140625,2,2256,False
*,85,60,85,60,5100,5100,0,10.328125,-10.328125,-5.1640625,2,2384,False
*,85,61,85,61,5185,5185,0,10.890625,-10.890625,-5.4453125,2,2255,False
*,85,62,85,62,5270,5270,0,10.46875,-10.46875,-5.234375,2,2384,False
*,85,63,85,63,5355,5355,0,10.75,-10.75,-5.375,2,2384,False
*,85,64,85,64,5440,5440,0,10.0859375,-10.0859375,-5.04296875,2,2384,False
*,85,65,85,65,5525,5525,0,10.828125,-10.828125,-5.4140625,2,2384,False
*,85,66,85,66,5610,5610,0,10.9140625,-10.9140625,-5.45703125,2,2384,False
*,85,67,85,67,5695,5695,0,11.25,-11.25,-5.625,2,2384,False
*,85,68,85,68,5780,5780,0,10.6171875,-10.6171875,-5.30859375,2,2384,False
*,85,69,85,69,5865,5865,0,10.65625,-10.65625,-5.328125,2,2384,False
*,85,70,85,70,5950,5950,0,11.125,-11.125,-5.5625,2,2384,False
*,85,71,85,71,6035,6035,0,11.1328125,-11.1328125,-5.56640625,2,2384,False
*,85,72,85,72,6120,6120,0,10.8125,-10.8125,-5.40625,2,2384,False
*,85,73,85,73,6205,6205,0,10.53125,-10.53125,-5.265625,2,2384,False
*,85,74,85,74,6290,6290,0,11.3984375,-11.3984375,-5.69921875,2,2384,False
*,85,75,85,75,6375,6375,0,11.0234375,-11.0234375,-5.51171875,2,2375,False
*,85,76,85,76,6460,6460,0,11.90625,-11.90625,-5.953125,2,2384,False
*,85,77,85,77,6545,6545,0,11.328125,-11.328125,-5.6640625,2,2384,False
*,85,78,85,78,6630,6630,0,11.25,-11.25,-5.625,2,2384,False
*,85,79,85,79,6715,6715,0,11.015625,-11.015625,-5.5078125,2,2384,False
*,85,80,85,80,6800,6800,0,10.34375,-10.34375,-5.171875,2,2384,False
*,85,81,85,81,6885,6885,0,11.8984375,-11.8984375,-5.94921875,2,2384,False
*,85,82,85,82,6970,6970,0,11.6953125,-11.6953125,-5.84765625,2,2384,False
*,85,83,85,83,7055,7055,0,11.8125,-11.8125,-5.90625,2,2255,False
*,85,84,85,84,7140,7140,0,11.3125,-11.3125,-5.65625,2,2256,False
*,85,85,85,85,7225,7225,1,10.8359375,-10.8359375,-5.41796875,2,2255,False
*,85,86,85,86,7310,7310,0,11.71875,-11.71875,-5.859375,2,2256,False
*,85,87,85,87,7395,7395,0,11.84375,-11.84375,-5.921875,2,2255,False
*,85,88,85,88,7480,7480,0,11.71875,-11.71875,-5.859375,2,2384,False
*,85,89,85,89,7565,7565,0,11.1796875,-11.1796875,-5.58984375,2,2255,False
*,85,90,85,90,7650,7650,0,11.53125,-11.53125,-5.765625,2,2256,False
*,85,91,85,91,7735,7735,0,11.59375,-11.59375,-5.796875,2,2255,False
*,85,92,85,92,7820,7820,0,11.546875,-11.546875,-5.7734375,2,2384,False
*,85,93,85,93,7905,7905,0,10.7109375,-10.7109375,-5.35546875,2,2262,False
*,85,94,85,94,7990,7990,0,11.8515625,-11.8515625,-5.92578125,2,2384,False
*,85,95,85,95,8075,8075,0,11.390625,-11.390625,-5.6953125,2,2384,False
*,85,96,85,96,8160,8160,0,10.921875,-10.921875,-5.4609375,2,2384,False
*,85,97,85,97,8245,8245,0,11.625,-11.625,-5.8125,2,2255,False
*,85,98,85,98,8330,8330,0,11.1953125,-11.1953125,-5.59765625,2,2254,False
*,85,99,85,99,8415,8415,0,11.15625,-11.15625,-5.578125,2,2255,False
*,86,10,86,10,860,860,0,8.1875,-8.1875,-4.09375,2,2256,False
*,86,11,86,11,946,946,0,8.203125,-8.203125,-4.1015625,2,2256,False
*,86,12,86,12,1032,1032,0,7.6953125,-7.6953125,-3.84765625,2,2384,False
*,86,13,86,13,1118,1118,0,7.6796875,-7.6796875,-3.83984375,2,2384,False
*,86,14,86,14,1204,1204,0,6.8828125,-6.8828125,-3.44140625,2,2384,False
*,86,15,86,15,1290,1290,0,7.97265625,-7.97265625,-3.986328125,2,2384,False
*,86,16,86,16,1376,1376,0,7.390625,-7.390625,-3.6953125,2,2240,False
*,86,17,86,17,1462,1462,0,8.09375,-8.09375,-4.046875,2,2384,False
*,86,18,86,18,1548,1548,0,7.6328125,-7.6328125,-3.81640625,2,2384,False
*,86,19,86,19,1634,1634,0,7.8515625,-7.8515625,-3.92578125,2,2256,False
*,86,20,86,20,1720,1720,0,6.5703125,-6.5703125,-3.28515625,2,2384,False
*,86,21,86,21,1806,1806,0,7.3203125,-7.3203125,-3.66015625,2,2256,False
*,86,22,86,22,1892,1892,0,6.796875,-6.796875,-6.796875,1,2256,False
*,86,23,86,23,1978,1978,0,8.0078125,-8.0078125,-8.0078125,1,2254,False
*,86,24,86,24,2064,2064,0,7.09375,-7.09375,-3.546875,2,2384,False
*,86,25,86,25,2150,2150,0,8.125,-8.125,-4.0625,2,2384,False
*,86,26,86,26,2236,2236,0,7.78125,-7.78125,-3.890625,2,2384,False
*,86,27,86,27,2322,2322,0,8.09375,-8.09375,-4.046875,2,2384,False
*,86,28,86,28,2408,2408,0,7.6328125,-7.6328125,-3.81640625,2,2384,False
*,86,29,86,29,2494,2494,0,8.25,-8.25,-4.125,2,2384,False
*,86,30,86,30,2580,2580,0,7.8125,-7.8125,-3.90625,2,2384,False
*,86,31,86,31,2666,2666,0,8.265625,-8.265625,-4.1328125,2,2384,False
*,86,32,86,32,2752,2752,0,8.125,-8.125,-4.0625,2,2384,False
*,86,33,86,33,2838,2838,0,8.7890625,-8.7890625,-4.39453125,2,2384,False
*,86,34,86,34,2924,2924,0,8.3203125,-8.3203125,-4.16015625,2,2384,False
*,86,35,86,35,3010,3010,0,8.7890625,-8.7890625,-4.39453125,2,2384,False
*,86,36,86,36,3096,3096,0,8.3125,-8.3125,-4.15625,2,2384,False
*,86,37,86,37,3182,3182,0,9.296875,-9.296875,-4.6484375,2,2384,False
*,86,38,86,38,3268,3268,0,9.421875,-9.421875,-4.7109375,2,2384,False
*,86,39,86,39,3354,3354,0,8.8515625,-8.8515625,-4.42578125,2,2384,False
*,86,40,86,40,3440,3440,0,7.77734375,-7.77734375,-3.888671875,2,2384,False
*,86,41,86,41,3526,3526,0,9.125,-9.125,-4.5625,2,2384,False
*,86,42,86,42,3612,3612,0,8.734375,-8.734375,-4.3671875,2,2384,False
*,86,43,86,43,3698,3698,0,9.0390625,-9.0390625,-4.51953125,2,2384,False
*,86,44,86,44,3784,3784,0,9.015625,-9.015625,-4.5078125,2,2384,False
*,86,45,86,45,3870,3870,0,9.1953125,-9.1953125,-4.59765625,2,2384,False
*,86,46,86,46,3956,3956,0,8.921875,-8.921875,-4.4609375,2,2384,False
*,86,47,86,47,4042,4042,0,9.8046875,-9.8046875,-4.90234375,2,2384,False
*,86,48,86,48,4128,4128,0,9.109375,-9.109375,-4.5546875,2,2384,False
*,86,49,86,49,4214,4214,0,9.5625,-9.5625,-4.78125,2,2384,False
*,86,50,86,50,4300,4300,0,10.1015625,-10.1015625,-5.05078125,2,2384,False
*,86,51,86,51,4386,4386,0,10.328125,-10.328125,-5.1640625,2,2384,False
*,86,52,86,52,4472,4472,0,9.375,-9.375,-4.6875,2,2384,False
*,86,53,86,53,4558,4558,0,9.3125,-9.3125,-4.65625,2,2384,False
*,86,54,86,54,4644,4644,0,9.546875,-9.546875,-4.7734375,2,2384,False
*,86,55,86,55,4730,4730,0,10.359375,-10.359375,-5.1796875,2,2384,False
*,86,56,86,56,4816,4816,0,9.640625,-9.640625,-4.8203125,2,2384,False
*,86,57,86,57,4902,4902,0,9.0859375,-9.0859375,-4.54296875,2,2384,False
*,86,58,86,58,4988,4988,0,10.7578125,-10.7578125,-5.37890625,2,2384,False
*,86,59,86,59,5074,5074,0,10.875,-10.875,-5.4375,2,2240,False
*,86,60,86,60,5160,5160,0,10.0,-10.0,-5.0,2,2240,False
*,86,61,86,61,5246,5246,0,9.8984375,-9.8984375,-4.94921875,2,2256,False
*,86,62,86,62,5332,5332,0,10.890625,-10.890625,-5.4453125,2,2384,False
*,86,63,86,63,5418,5418,0,11.015625,-11.015625,-5.5078125,2,2384,False
*,86,64,86,64,5504,5504,0,9.453125,-9.453125,-4.7265625,2,2384,False
*,86,65,86,65,5590,5590,0,11.3046875,-11.3046875,-5.65234375,2,2384,False
*,86,66,86,66,5676,5676,0,10.296875,-10.296875,-5.1484375,2,2240,False
*,86,67,86,67,5762,5762,0,10.6953125,-10.6953125,-5.34765625,2,2384,False
*,86,68,86,68,5848,5848,0,10.03125,-10.03125,-5.015625,2,2384,False
*,86,69,86,69,5934,5934,0,10.78125,-10.78125,-5.390625,2,2384,False
*,86,70,86,70,6020,6020,0,11.40625,-11.40625,-5.703125,2,2384,False
*,86,71,86,71,6106,6106,0,10.6875,-10.6875,-5.34375,2,2384,False
*,86,72,86,72,6192,6192,0,10.3515625,-10.3515625,-5.17578125,2,2384,False
*,86,73,86,73,6278,6278,0,11.25,-11.25,-5.625,2,2384,False
*,86,74,86,74,6364,6364,0,11.6796875,-11.6796875,-5.83984375,2,2384,False
*,86,75,86,75,6450,6450,0,11.765625,-11.765625,-5.8828125,2,2384,False
*,86,76,86,76,6536,6536,0,10.6640625,-10.6640625,-5.33203125,2,2384,False
*,86,77,86,77,6622,6622,0,11.2109375,-11.2109375,-5.60546875,2,2384,False
*,86,78,86,78,6708,6708,0,11.546875,-11.546875,-5.7734375,2,2384,False
*,86,79,86,79,6794,6794,0,11.7265625,-11.7265625,-5.86328125,2,2384,False
*,86,80,86,80,6880,6880,0,10.328125,-10.328125,-5.1640625,2,2384,False
*,86,81,86,81,6966,6966,0,11.265625,-11.265625,-5.6328125,2,2384,False
*,86,82,86,82,7052,7052,0,11.2421875,-11.2421875,-5.62109375,2,2384,False
*,86,83,86,83,7138,7138,0,12.171875,-12.171875,-6.0859375,2,2384,False
*,86,84,86,84,7224,7224,0,10.5703125,-10.5703125,-5.28515625,2,2384,False
*,86,85,86,85,7310,7310,0,11.6484375,-11.6484375,-5.82421875,2,2256,False
*,86,86,86,86,7396,7396,1,11.53125,-11.53125,-5.765625,2,2256,False
*,86,87,86,87,7482,7482,0,12.171875,-12.171875,-6.0859375,2,2256,False
*,86,88,86,88,7568,7568,0,10.8515625,-10.8515625,-5.42578125,2,2256,False
*,86,89,86,89,7654,7654,0,12.1015625,-12.1015625,-6.05078125,2,2256,False
*,86,90,86,90,7740,7740,0,10.9296875,-10.9296875,-5.46484375,2,2240,False
*,86,91,86,91,7826,7826,0,11.5546875,-11.5546875,-5.77734375,2,2256,False
*,86,92,86,92,7912,7912,0,11.671875,-11.671875,-5.8359375,2,2384,False
*,86,93,86,93,7998,7998,0,12.453125,-12.453125,-6.2265625,2,2262,False
*,86,94,86,94,8084,8084,0,12.5078125,-12.5078125,-6.25390625,2,2240,False
*,86,95,86,95,8170,8170,0,12.0234375,-12.0234375,-6.01171875,2,2384,False
*,86,96,86,96,8256,8256,0,10.3203125,-10.3203125,-5.16015625,2,2240,False
*,86,97,86,97,8342,8342,0,12.4453125,-12.4453125,-6.22265625,2,2262,False
*,86,98,86,98,8428,8428,0,10.4375,-10.4375,-5.21875,2,2254,False
*,86,99,86,99,8514,8514,0,11.8125,-11.8125,-5.90625,2,2256,False
*,87,10,87,10,870,870,0,8.2734375,-8.2734375,-4.13671875,2,2256,False
*,87,11,87,11,957,957,0,8.3203125,-8.3203125,-4.16015625,2,2255,False
*,87,12,87,12,1044,1044,1,7.73828125,-7.73828125,-3.869140625,2,2384,False
*,87,13,87,13,1131,1131,0,7.7109375,-7.7109375,-3.85546875,2,2255,False
*,87,14,87,14,1218,1218,0,7.96875,-7.96875,-3.984375,2,2384,False
*,87,15,87,15,1305,1305,1,7.53125,-7.53125,-3.765625,2,2255,False
*,87,16,87,16,1392,1392,0,7.6640625,-7.6640625,-3.83203125,2,2384,False
*,87,17,87,17,1479,1479,0,8.203125,-8.203125,-4.1015625,2,2255,False
*,87,18,87,18,1566,1566,0,7.8203125,-7.8203125,-3.91015625,2,2384,False
*,87,19,87,19,1653,1653,0,7.69140625,-7.69140625,-3.845703125,2,2255,False
*,87,20,87,20,1740,1740,0,6.94140625,-6.94140625,-3.470703125,2,2256,False
*,87,21,87,21,1827,1827,0,7.59765625,-7.59765625,-3.798828125,2,2255,False
*,87,22,87,22,1914,1914,0,7.03125,-7.03125,-7.03125,1,2255,False
*,87,23,87,23,2001,2001,0,7.78515625,-7.78515625,-7.78515625,1,2254,False
*,87,24,87,24,2088,2088,0,7.5,-7.5,-3.75,2,2255,False
*,87,25,87,25,2175,2175,0,7.703125,-7.703125,-3.8515625,2,2255,False
*,87,26,87,26,2262,2262,0,7.1953125,-7.1953125,-3.59765625,2,2384,False
*,87,27,87,27,2349,2349,0,8.2421875,-8.2421875,-4.12109375,2,2255,False
*,87,28,87,28,2436,2436,0,8.6484375,-8.6484375,-4.32421875,2,2384,False
*,87,29,87,29,2523,2523,0,8.953125,-8.953125,-4.4765625,2,2384,False
*,87,30,87,30,2610,2610,0,8.453125,-8.453125,-4.2265625,2,2384,False
*,87,31,87,31,2697,2697,0,8.953125,-8.953125,-4.4765625,2,2255,False
*,87,32,87,32,2784,2784,0,8.765625,-8.765625,-4.3828125,2,2384,False
*,87,33,87,33,2871,2871,0,8.9765625,-8.9765625,-4.48828125,2,2384,False
*,87,34,87,34,2958,2958,0,8.375,-8.375,-4.1875,2,2384,False
*,87,35,87,35,3045,3045,0,9.0859375,-9.0859375,-4.54296875,2,2384,False
*,87,36,87,36,3132,3132,0,8.578125,-8.578125,-4.2890625,2,2384,False
*,87,37,87,37,3219,3219,0,9.2265625,-9.2265625,-4.61328125,2,2384,False
*,87,38,87,38,3306,3306,0,9.0078125,-9.0078125,-4.50390625,2,2384,False
*,87,39,87,39,3393,3393,0,9.015625,-9.015625,-4.5078125,2,2384,False
*,87,40,87,40,3480,3480,0,8.9375,-8.9375,-4.46875,2,2384,False
*,87,41,87,41,3567,3567,0,9.0859375,-9.0859375,-4.54296875,2,2255,False
*,87,42,87,42,3654,3654,0,8.640625,-8.640625,-4.3203125,2,2384,False
*,87,43,87,43,3741,3741,0,10.2734375,-10.2734375,-5.13671875,2,2384,False
*,87,44,87,44,3828,3828,0,9.0546875,-9.0546875,-4.52734375,2,2384,False
*,87,45,87,45,3915,3915,0,9.28125,-9.28125,-4.640625,2,2384,False
*,87,46,87,46,4002,4002,0,9.7734375,-9.7734375,-4.88671875,2,2262,False
*,87,47,87,47,4089,4089,0,10.2578125,-10.2578125,-5.12890625,2,2262,False
*,87,48,87,48,4176,4176,0,9.6875,-9.6875,-4.84375,2,2384,False
*,87,49,87,49,4263,4263,0,10.515625,-10.515625,-5.2578125,2,2384,False
*,87,50,87,50,4350,4350,0,9.6953125,-9.6953125,-4.84765625,2,2384,False
*,87,51,87,51,4437,4437,0,10.546875,-10.546875,-5.2734375,2,2256,False
*,87,52,87,52,4524,4524,0,9.5703125,-9.5703125,-4.78515625,2,2384,False
*,87,53,87,53,4611,4611,0,10.15625,-10.15625,-5.078125,2,2384,False
*,87,54,87,54,4698,4698,0,10.4453125,-10.4453125,-5.22265625,2,2384,False
*,87,55,87,55,4785,4785,0,11.078125,-11.078125,-5.5390625,2,2384,False
*,87,56,87,56,4872,4872,0,10.25,-10.25,-5.125,2,2384,False
*,87,57,87,57,4959,4959,0,10.609375,-10.609375,-5.3046875,2,2384,False
*,87,58,87,58,5046,5046,0,10.4453125,-10.4453125,-5.22265625,2,2384,False
*,87,59,87,59,5133,5133,0,10.6875,-10.6875,-5.34375,2,2255,False
*,87,60,87,60,5220,5220,0,10.75,-10.75,-5.375,2,2240,False
*,87,61,87,61,5307,5307,1,10.9375,-10.9375,-5.46875,2,2255,False
*,87,62,87,62,5394,5394,0,11.046875,-11.046875,-5.5234375,2,2384,False
*,87,63,87,63,5481,5481,0,10.625,-10.625,-5.3125,2,2384,False
*,87,64,87,64,5568,5568,0,9.6640625,-9.6640625,-4.83203125,2,2384,False
*,87,65,87,65,5655,5655,0,10.921875,-10.921875,-5.4609375,2,2384,False
*,87,66,87,66,5742,5742,0,10.4453125,-10.4453125,-5.22265625,2,2384,False
*,87,67,87,67,5829,5829,0,10.84375,-10.84375,-5.421875,2,2384,False
*,87,68,87,68,5916,5916,0,10.828125,-10.828125,-5.4140625,2,2384,False
*,87,69,87,69,6003,6003,0,11.03125,-11.03125,-5.515625,2,2265,False
*,87,70,87,70,6090,6090,0,11.125,-11.125,-5.5625,2,2384,False
*,87,71,87,71,6177,6177,0,11.78125,-11.78125,-5.890625,2,2384,False
*,87,72,87,72,6264,6264,0,11.390625,-11.390625,-5.6953125,2,2384,False
*,87,73,87,73,6351,6351,0,11.25,-11.25,-5.625,2,2384,False
*,87,74,87,74,6438,6438,0,11.5390625,-11.5390625,-5.76953125,2,2384,False
*,87,75,87,75,6525,6525,0,11.28125,-11.28125,-5.640625,2,2384,False
*,87,76,87,76,6612,6612,0,11.046875,-11.046875,-5.5234375,2,2384,False
*,87,77,87,77,6699,6699,0,11.2578125,-11.2578125,-5.62890625,2,2384,False
*,87,78,87,78,6786,6786,0,11.640625,-11.640625,-5.8203125,2,2384,False
*,87,79,87,79,6873,6873,0,11.78125,-11.78125,-5.890625,2,2384,False
*,87,80,87,80,6960,6960,0,11.0390625,-11.0390625,-5.51953125,2,2384,False
*,87,81,87,81,7047,7047,0,11.6328125,-11.6328125,-5.81640625,2,2384,False
*,87,82,87,82,7134,7134,0,11.9296875,-11.9296875,-5.96484375,2,2384,False
*,87,83,87,83,7221,7221,0,12.296875,-12.296875,-6.1484375,2,2255,False
*,87,84,87,84,7308,7308,0,11.203125,-11.203125,-5.6015625,2,2384,False
*,87,85,87,85,7395,7395,0,11.703125,-11.703125,-5.8515625,2,2255,False
*,87,86,87,86,7482,7482,0,11.921875,-11.921875,-5.9609375,2,2255,False
*,87,87,87,87,7569,7569,1,11.078125,-11.078125,-5.5390625,2,2255,False
*,87,88,87,88,7656,7656,0,11.7734375,-11.7734375,-5.88671875,2,2255,False
*,87,89,87,89,7743,7743,0,11.875,-11.875,-5.9375,2,2255,False
*,87,90,87,90,7830,7830,0,11.546875,-11.546875,-5.7734375,2,2256,False
*,87,91,87,91,7917,7917,0,11.765625,-11.765625,-5.8828125,2,2255,False
*,87,92,87,92,8004,8004,0,11.84375,-11.84375,-5.921875,2,2384,False
*,87,93,87,93,8091,8091,0,11.6640625,-11.6640625,-5.83203125,2,2265,False
*,87,94,87,94,8178,8178,0,12.078125,-12.078125,-6.0390625,2,2262,False
*,87,95,87,95,8265,8265,0,11.9140625,-11.9140625,-5.95703125,2,2384,False
*,87,96,87,96,8352,8352,0,11.71875,-11.71875,-5.859375,2,2240,False
*,87,97,87,97,8439,8439,0,11.84375,-11.84375,-5.921875,2,2255,False
*,87,98,87,98,8526,8526,0,10.796875,-10.796875,-5.3984375,2,2254,False
*,87,99,87,99,8613,8613,0,11.4765625,-11.4765625,-5.73828125,2,2255,False
*,88,10,88,10,880,880,0,7.72265625,-7.72265625,-3.861328125,2,2256,False
*,88,11,88,11,968,968,0,7.65625,-7.65625,-3.828125,2,2256,False
*,88,12,88,12,1056,1056,0,6.6875,-6.6875,-3.34375,2,2240,False
*,88,13,88,13,1144,1144,0,7.421875,-7.421875,-3.7109375,2,2256,False
*,88,14,88,14,1232,1232,0,7.546875,-7.546875,-3.7734375,2,2256,False
*,88,15,88,15,1320,1320,0,7.71875,-7.71875,-3.859375,2,2256,False
*,88,16,88,16,1408,1408,0,6.359375,-6.359375,-3.1796875,2,2240,False
*,88,17,88,17,1496,1496,1,7.41796875,-7.41796875,-3.708984375,2,2256,False
*,88,18,88,18,1584,1584,0,7.28125,-7.28125,-3.640625,2,2384,False
*,88,19,88,19,1672,1672,0,7.75,-7.75,-3.875,2,2256,False
*,88,20,88,20,1760,1760,0,6.546875,-6.546875,-3.2734375,2,2240,False
*,88,21,88,21,1848,1848,0,6.37890625,-6.37890625,-6.37890625,1,2256,False
*,88,22,88,22,1936,1936,0,6.171875,-6.171875,-6.171875,1,2256,False
*,88,23,88,23,2024,2024,0,6.9453125,-6.9453125,-3.47265625,2,2254,False
*,88,24,88,24,2112,2112,0,7.45703125,-7.45703125,-3.728515625,2,2256,False
*,88,25,88,25,2200,2200,0,7.63671875,-7.63671875,-3.818359375,2,2256,False
*,88,26,88,26,2288,2288,0,7.30859375,-7.30859375,-3.654296875,2,2384,False
*,88,27,88,27,2376,2376,0,7.79296875,-7.79296875,-3.896484375,2,2384,False
*,88,28,88,28,2464,2464,0,7.796875,-7.796875,-3.8984375,2,2384,False
*,88,29,88,29,2552,2552,0,7.8671875,-7.8671875,-3.93359375,2,2384,False
*,88,30,88,30,2640,2640,0,7.3828125,-7.3828125,-3.69140625,2,2384,False
*,88,31,88,31,2728,2728,0,8.2578125,-8.2578125,-4.12890625,2,2256,False
*,88,32,88,32,2816,2816,0,7.2734375,-7.2734375,-3.63671875,2,2384,False
*,88,33,88,33,2904,2904,0,8.4921875,-8.4921875,-4.24609375,2,2384,False
*,88,34,88,34,2992,2992,0,7.953125,-7.953125,-3.9765625,2,2384,False
*,88,35,88,35,3080,3080,0,8.75,-8.75,-4.375,2,2384,False
*,88,36,88,36,3168,3168,0,8.28125,-8.28125,-4.140625,2,2384,False
*,88,37,88,37,3256,3256,0,8.71875,-8.71875,-4.359375,2,2384,False
*,88,38,88,38,3344,3344,0,8.59375,-8.59375,-4.296875,2,2384,False
*,88,39,88,39,3432,3432,0,8.671875,-8.671875,-4.3359375,2,2384,False
*,88,40,88,40,3520,3520,0,8.4765625,-8.4765625,-4.23828125,2,2384,False
*,88,41,88,41,3608,3608,0,8.609375,-8.609375,-4.3046875,2,2384,False
*,88,42,88,42,3696,3696,0,8.390625,-8.390625,-4.1953125,2,2384,False
*,88,43,88,43,3784,3784,0,9.359375,-9.359375,-4.6796875,2,2384,False
*,88,44,88,44,3872,3872,0,8.875,-8.875,-4.4375,2,2384,False
*,88,45,88,45,3960,3960,0,9.1875,-9.1875,-4.59375,2,2384,False
*,88,46,88,46,4048,4048,0,8.78125,-8.78125,-4.390625,2,2384,False
*,88,47,88,47,4136,4136,0,9.6875,-9.6875,-4.84375,2,2384,False
*,88,48,88,48,4224,4224,0,8.6171875,-8.6171875,-4.30859375,2,2384,False
*,88,49,88,49,4312,4312,0,9.671875,-9.671875,-4.8359375,2,2384,False
*,88,50,88,50,4400,4400,0,8.546875,-8.546875,-4.2734375,2,2384,False
*,88,51,88,51,4488,4488,0,10.328125,-10.328125,-5.1640625,2,2384,False
*,88,52,88,52,4576,4576,0,9.28125,-9.28125,-4.640625,2,2384,False
*,88,53,88,53,4664,4664,0,9.6015625,-9.6015625,-4.80078125,2,2384,False
*,88,54,88,54,4752,4752,0,9.1953125,-9.1953125,-4.59765625,2,2384,False
*,88,55,88,55,4840,4840,0,9.7578125,-9.7578125,-4.87890625,2,2384,False
*,88,56,88,56,4928,4928,0,8.9609375,-8.9609375,-4.48046875,2,2384,False
*,88,57,88,57,5016,5016,0,9.2890625,-9.2890625,-4.64453125,2,2384,False
*,88,58,88,58,5104,5104,4,9.6875,-9.6875,-4.84375,2,2384,False
*,88,59,88,59,5192,5192,0,9.9765625,-9.9765625,-4.98828125,2,2240,False
*,88,60,88,60,5280,5280,0,9.6640625,-9.6640625,-4.83203125,2,2240,False
*,88,61,88,61,5368,5368,0,9.796875,-9.796875,-4.8984375,2,2256,False
*,88,62,88,62,5456,5456,0,9.84375,-9.84375,-4.921875,2,2384,False
*,88,63,88,63,5544,5544,0,9.71875,-9.71875,-4.859375,2,2384,False
*,88,64,88,64,5632,5632,0,9.75,-9.75,-4.875,2,2384,False
*,88,65,88,65,5720,5720,0,10.6875,-10.6875,-5.34375,2,2384,False
*,88,66,88,66,5808,5808,0,10.015625,-10.015625,-5.0078125,2,2240,False
*,88,67,88,67,5896,5896,0,10.265625,-10.265625,-5.1328125,2,2384,False
*,88,68,88,68,5984,5984,0,10.03125,-10.03125,-5.015625,2,2384,False
*,88,69,88,69,6072,6072,0,10.2109375,-10.2109375,-5.10546875,2,2384,False
*,88,70,88,70,6160,6160,0,10.6328125,-10.6328125,-5.31640625,2,2384,False
*,88,71,88,71,6248,6248,0,10.71875,-10.71875,-5.359375,2,2384,False
*,88,72,88,72,6336,6336,0,9.6171875,-9.6171875,-4.80859375,2,2384,False
*,88,73,88,73,6424,6424,0,10.78125,-10.78125,-5.390625,2,2384,False
*,88,74,88,74,6512,6512,0,10.9375,-10.9375,-5.46875,2,2384,False
*,88,75,88,75,6600,6600,0,10.109375,-10.109375,-5.0546875,2,2384,False
*,88,76,88,76,6688,6688,0,10.2734375,-10.2734375,-5.13671875,2,2384,False
*,88,77,88,77,6776,6776,0,11.34375,-11.34375,-5.671875,2,2384,False
*,88,78,88,78,6864,6864,0,10.96875,-10.96875,-5.484375,2,2384,False
*,88,79,88,79,6952,6952,0,11.3515625,-11.3515625,-5.67578125,2,2384,False
*,88,80,88,80,7040,7040,0,10.1171875,-10.1171875,-5.05859375,2,2240,False
*,88,81,88,81,7128,7128,0,10.6875,-10.6875,-5.34375,2,2384,False
*,88,82,88,82,7216,7216,0,10.4609375,-10.4609375,-5.23046875,2,2384,False
*,88,83,88,83,7304,7304,0,11.5,-11.5,-5.75,2,2384,False
*,88,84,88,84,7392,7392,0,10.265625,-10.265625,-5.1328125,2,2384,False
*,88,85,88,85,7480,7480,0,11.6875,-11.6875,-5.84375,2,2384,False
*,88,86,88,86,7568,7568,0,11.0,-11.0,-5.5,2,2240,False
*,88,87,88,87,7656,7656,0,12.234375,-12.234375,-6.1171875,2,2256,False
*,88,88,88,88,7744,7744,2,9.84375,-9.84375,-4.921875,2,2256,False
*,88,89,88,89,7832,7832,0,11.3359375,-11.3359375,-5.66796875,2,2255,False
*,88,90,88,90,7920,7920,0,10.984375,-10.984375,-5.4921875,2,2256,False
*,88,91,88,91,8008,8008,0,11.34375,-11.34375,-5.671875,2,2256,False
*,88,92,88,92,8096,8096,0,10.59375,-10.59375,-5.296875,2,2240,False
*,88,93,88,93,8184,8184,0,11.0,-11.0,-5.5,2,2384,False
*,88,94,88,94,8272,8272,0,11.265625,-11.265625,-5.6328125,2,2240,False
*,88,95,88,95,8360,8360,0,12.15625,-12.15625,-6.078125,2,2384,False
*,88,96,88,96,8448,8448,0,10.1328125,-10.1328125,-5.06640625,2,2240,False
*,88,97,88,97,8536,8536,0,11.28125,-11.28125,-5.640625,2,2256,False
*,88,98,88,98,8624,8624,0,10.34375,-10.34375,-5.171875,2,2254,False
*,88,99,88,99,8712,8712,0,11.3359375,-11.3359375,-5.66796875,2,2256,False
*,89,10,89,10,890,890,0,8.65625,-8.65625,-4.328125,2,2255,False
*,89,11,89,11,979,979,0,8.4609375,-8.4609375,-4.23046875,2,2255,False
*,89,12,89,12,1068,1068,0,7.75,-7.75,-3.875,2,2255,False
*,89,13,89,13,1157,1157,0,7.99609375,-7.99609375,-3.998046875,2,2255,False
*,89,14,89,14,1246,1246,0,7.8203125,-7.8203125,-3.91015625,2,2255,False
*,89,15,89,15,1335,1335,0,7.515625,-7.515625,-3.7578125,2,2255,False
*,89,16,89,16,1424,1424,0,7.765625,-7.765625,-3.8828125,2,2255,False
*,89,17,89,17,1513,1513,1,7.75,-7.75,-3.875,2,2255,False
*,89,18,89,18,1602,1602,0,7.2421875,-7.2421875,-3.62109375,2,2255,False
*,89,19,89,19,1691,1691,0,8.015625,-8.015625,-4.0078125,2,2255,False
*,89,20,89,20,1780,1780,1,7.21875,-7.21875,-3.609375,2,2255,False
*,89,21,89,21,1869,1869,0,7.94921875,-7.94921875,-3.974609375,2,2255,False
*,89,22,89,22,1958,1958,0,7.30078125,-7.30078125,-7.30078125,1,2255,False
*,89,23,89,23,2047,2047,0,7.140625,-7.140625,-3.5703125,2,2254,False
*,89,24,89,24,2136,2136,0,8.15625,-8.15625,-4.078125,2,2255,False
*,89,25,89,25,2225,2225,0,7.91015625,-7.91015625,-3.955078125,2,2255,False
*,89,26,89,26,2314,2314,0,8.125,-8.125,-4.0625,2,2255,False
*,89,27,89,27,2403,2403,0,8.0859375,-8.0859375,-4.04296875,2,2255,False
*,89,28,89,28,2492,2492,0,7.98046875,-7.98046875,-3.990234375,2,2384,False
*,89,29,89,29,2581,2581,0,8.734375,-8.734375,-4.3671875,2,2255,False
*,89,30,89,30,2670,2670,0,8.3046875,-8.3046875,-4.15234375,2,2255,False
*,89,31,89,31,2759,2759,0,8.984375,-8.984375,-4.4921875,2,2255,False
*,89,32,89,32,2848,2848,0,7.875,-7.875,-3.9375,2,2384,False
*,89,33,89,33,2937,2937,0,9.0625,-9.0625,-4.53125,2,2255,False
*,89,34,89,34,3026,3026,1,8.8046875,-8.8046875,-4.40234375,2,2384,False
*,89,35,89,35,3115,3115,0,9.21875,-9.21875,-4.609375,2,2255,False
*,89,36,89,36,3204,3204,0,8.734375,-8.734375,-4.3671875,2,2384,False
*,89,37,89,37,3293,3293,0,9.8515625,-9.8515625,-4.92578125,2,2375,False
*,89,38,89,38,3382,3382,0,9.3671875,-9.3671875,-4.68359375,2,2255,False
*,89,39,89,39,3471,3471,0,9.0234375,-9.0234375,-4.51171875,2,2255,False
*,89,40,89,40,3560,3560,0,8.6953125,-8.6953125,-4.34765625,2,2384,False
*,89,41,89,41,3649,3649,0,10.09375,-10.09375,-5.046875,2,2255,False
*,89,42,89,42,3738,3738,0,9.46875,-9.46875,-4.734375,2,2255,False
*,89,43,89,43,3827,3827,0,9.65625,-9.65625,-4.828125,2,2255,False
*,89,44,89,44,3916,3916,1,9.4921875,-9.4921875,-4.74609375,2,2384,False
*,89,45,89,45,4005,4005,0,9.4296875,-9.4296875,-4.71484375,2,2255,False
*,89,46,89,46,4094,4094,0,9.09375,-9.09375,-4.546875,2,2262,False
*,89,47,89,47,4183,4183,0,10.1796875,-10.1796875,-5.08984375,2,2262,False
*,89,48,89,48,4272,4272,0,9.296875,-9.296875,-4.6484375,2,2384,False
*,89,49,89,49,4361,4361,0,10.796875,-10.796875,-5.3984375,2,2255,False
*,89,50,89,50,4450,4450,0,9.828125,-9.828125,-4.9140625,2,2255,False
*,89,51,89,51,4539,4539,0,10.140625,-10.140625,-5.0703125,2,2255,False
*,89,52,89,52,4628,4628,0,9.609375,-9.609375,-4.8046875,2,2256,False
*,89,53,89,53,4717,4717,0,10.296875,-10.296875,-5.1484375,2,2255,False
*,89,54,89,54,4806,4806,0,9.96875,-9.96875,-4.984375,2,2384,False
*,89,55,89,55,4895,4895,0,10.515625,-10.515625,-5.2578125,2,2255,False
*,89,56,89,56,4984,4984,0,10.1015625,-10.1015625,-5.05078125,2,2384,False
*,89,57,89,57,5073,5073,0,10.875,-10.875,-5.4375,2,2255,False
*,89,58,89,58,5162,5162,0,10.953125,-10.953125,-5.4765625,2,2384,False
*,89,59,89,59,5251,5251,0,10.578125,-10.578125,-5.2890625,2,2255,False
*,89,60,89,60,5340,5340,0,10.4609375,-10.4609375,-5.23046875,2,2256,False
*,89,61,89,61,5429,5429,0,11.25,-11.25,-5.625,2,2255,False
*,89,62,89,62,5518,5518,0,11.25,-11.25,-5.625,2,2255,False
*,89,63,89,63,5607,5607,0,10.71875,-10.71875,-5.359375,2,2255,False
*,89,64,89,64,5696,5696,0,9.96875,-9.96875,-4.984375,2,2384,False
*,89,65,89,65,5785,5785,0,11.265625,-11.265625,-5.6328125,2,2255,False
*,89,66,89,66,5874,5874,0,11.34375,-11.34375,-5.671875,2,2384,False
*,89,67,89,67,5963,5963,0,10.515625,-10.515625,-5.2578125,2,2265,False
*,89,68,89,68,6052,6052,0,10.703125,-10.703125,-5.3515625,2,2384,False
*,89,69,89,69,6141,6141,0,10.921875,-10.921875,-5.4609375,2,2265,False
*,89,70,89,70,6230,6230,0,11.2734375,-11.2734375,-5.63671875,2,2384,False
*,89,71,89,71,6319,6319,0,11.1171875,-11.1171875,-5.55859375,2,2255,False
*,89,72,89,72,6408,6408,0,10.859375,-10.859375,-5.4296875,2,2384,False
*,89,73,89,73,6497,6497,0,11.3125,-11.3125,-5.65625,2,2375,False
*,89,74,89,74,6586,6586,0,11.296875,-11.296875,-5.6484375,2,2384,False
*,89,75,89,75,6675,6675,0,10.921875,-10.921875,-5.4609375,2,2375,False
*,89,76,89,76,6764,6764,0,10.8828125,-10.8828125,-5.44140625,2,2384,False
*,89,77,89,77,6853,6853,0,11.4765625,-11.4765625,-5.73828125,2,2255,False
*,89,78,89,78,6942,6942,0,11.140625,-11.140625,-5.5703125,2,2384,False
*,89,79,89,79,7031,7031,0,11.46875,-11.46875,-5.734375,2,2255,False
*,89,80,89,80,7120,7120,0,10.703125,-10.703125,-5.3515625,2,2384,False
*,89,81,89,81,7209,7209,0,11.4765625,-11.4765625,-5.73828125,2,2255,False
*,89,82,89,82,7298,7298,0,12.453125,-12.453125,-6.2265625,2,2256,False
*,89,83,89,83,7387,7387,0,12.140625,-12.140625,-6.0703125,2,2255,False
*,89,84,89,84,7476,7476,0,12.234375,-12.234375,-6.1171875,2,2384,False
*,89,85,89,85,7565,7565,0,11.3046875,-11.3046875,-5.65234375,2,2255,False
*,89,86,89,86,7654,7654,0,12.0703125,-12.0703125,-6.03515625,2,2384,False
*,89,87,89,87,7743,7743,0,12.28125,-12.28125,-6.140625,2,2255,False
*,89,88,89,88,7832,7832,0,11.3203125,-11.3203125,-5.66015625,2,2255,False
*,89,89,89,89,7921,7921,1,10.578125,-10.578125,-5.2890625,2,2254,False
*,89,90,89,90,8010,8010,0,11.3203125,-11.3203125,-5.66015625,2,2255,False
*,89,91,89,91,8099,8099,0,11.125,-11.125,-5.5625,2,2255,False
*,89,92,89,92,8188,8188,0,11.9375,-11.9375,-5.96875,2,2255,False
*,89,93,89,93,8277,8277,0,12.15625,-12.15625,-6.078125,2,2255,False
*,89,94,89,94,8366,8366,0,11.78125,-11.78125,-5.890625,2,2255,False
*,89,95,89,95,8455,8455,0,11.84375,-11.84375,-5.921875,2,2255,False
*,89,96,89,96,8544,8544,0,10.859375,-10.859375,-5.4296875,2,2240,False
*,89,97,89,97,8633,8633,0,11.859375,-11.859375,-5.9296875,2,2255,False
*,89,98,89,98,8722,8722,0,11.25,-11.25,-5.625,2,2254,False
*,89,99,89,99,8811,8811,0,11.171875,-11.171875,-5.5859375,2,2255,False
*,90,10,90,10,900,900,8,7.375,-7.375,-7.375,1,2256,False
*,90,11,90,11,990,990,2,8.3203125,-8.3203125,-4.16015625,2,2256,False
*,90,12,90,12,1080,1080,1,6.609375,-6.609375,-6.609375,1,2384,False
*,90,13,90,13,1170,1170,0,8.1796875,-8.1796875,-4.08984375,2,2256,False
*,90,14,90,14,1260,1260,0,7.75390625,-7.75390625,-3.876953125,2,2256,False
*,90,15,90,15,1350,1350,1,7.8515625,-7.8515625,-3.92578125,2,2256,False
*,90,16,90,16,1440,1440,3,7.1953125,-7.1953125,-3.59765625,2,2384,False
*,90,17,90,17,1530,1530,2,8.109375,-8.109375,-4.0546875,2,2256,False
*,90,18,90,18,1620,1620,0,7.94921875,-7.94921875,-3.974609375,2,2384,False
*,90,19,90,19,1710,1710,0,7.85546875,-7.85546875,-3.927734375,2,2256,False
*,90,20,90,20,1800,1800,7,6.33203125,-6.33203125,-6.33203125,1,2256,False
*,90,21,90,21,1890,1890,0,7.15625,-7.15625,-7.15625,1,2256,False
*,90,22,90,22,1980,1980,0,7.42578125,-7.42578125,-7.42578125,1,2254,False
*,90,23,90,23,2070,2070,0,7.703125,-7.703125,-3.8515625,2,2254,False
*,90,24,90,24,2160,2160,0,7.5625,-7.5625,-3.78125,2,2254,False
*,90,25,90,25,2250,2250,0,7.0078125,-7.0078125,-3.50390625,2,2256,False
*,90,26,90,26,2340,2340,0,7.875,-7.875,-3.9375,2,2384,False
*,90,27,90,27,2430,2430,0,8.515625,-8.515625,-4.2578125,2,2262,False
*,90,28,90,28,2520,2520,0,7.91796875,-7.91796875,-3.958984375,2,2384,False
*,90,29,90,29,2610,2610,1,8.4453125,-8.4453125,-4.22265625,2,2256,False
*,90,30,90,30,2700,2700,2,7.5859375,-7.5859375,-3.79296875,2,2384,False
*,90,31,90,31,2790,2790,0,8.9921875,-8.9921875,-4.49609375,2,2256,False
*,90,32,90,32,2880,2880,0,7.6640625,-7.6640625,-3.83203125,2,2384,False
*,90,33,90,33,2970,2970,0,8.9296875,-8.9296875,-4.46484375,2,2384,False
*,90,34,90,34,3060,3060,0,8.390625,-8.390625,-4.1953125,2,2384,False
*,90,35,90,35,3150,3150,0,9.296875,-9.296875,-4.6484375,2,2384,False
*,90,36,90,36,3240,3240,0,8.515625,-8.515625,-4.2578125,2,2384,False
*,90,37,90,37,3330,3330,0,9.0546875,-9.0546875,-4.52734375,2,2384,False
*,90,38,90,38,3420,3420,0,8.921875,-8.921875,-4.4609375,2,2384,False
*,90,39,90,39,3510,3510,0,8.71875,-8.71875,-4.359375,2,2384,False
*,90,40,90,40,3600,3600,0,7.203125,-7.203125,-3.6015625,2,2384,False
*,90,41,90,41,3690,3690,0,9.2578125,-9.2578125,-4.62890625,2,2384,False
*,90,42,90,42,3780,3780,0,8.7890625,-8.7890625,-4.39453125,2,2384,False
*,90,43,90,43,3870,3870,0,8.984375,-8.984375,-4.4921875,2,2384,False
*,90,44,90,44,3960,3960,0,8.8359375,-8.8359375,-4.41796875,2,2384,False
*,90,45,90,45,4050,4050,0,9.171875,-9.171875,-4.5859375,2,2384,False
*,90,46,90,46,4140,4140,0,9.2578125,-9.2578125,-4.62890625,2,2262,False
*,90,47,90,47,4230,4230,0,9.90625,-9.90625,-4.953125,2,2262,False
*,90,48,90,48,4320,4320,0,8.625,-8.625,-4.3125,2,2384,False
*,90,49,90,49,4410,4410,1,9.546875,-9.546875,-4.7734375,2,2384,False
*,90,50,90,50,4500,4500,0,8.3125,-8.3125,-4.15625,2,2384,False
*,90,51,90,51,4590,4590,0,9.3984375,-9.3984375,-4.69921875,2,2256,False
*,90,52,90,52,4680,4680,0,9.1953125,-9.1953125,-4.59765625,2,2384,False
*,90,53,90,53,4770,4770,0,9.90625,-9.90625,-4.953125,2,2384,False
*,90,54,90,54,4860,4860,0,10.078125,-10.078125,-5.0390625,2,2384,False
*,90,55,90,55,4950,4950,0,10.6015625,-10.6015625,-5.30078125,2,2256,False
*,90,56,90,56,5040,5040,0,8.609375,-8.609375,-4.3046875,2,2384,False
*,90,57,90,57,5130,5130,0,10.2421875,-10.2421875,-5.12109375,2,2384,False
*,90,58,90,58,5220,5220,0,10.296875,-10.296875,-5.1484375,2,2384,False
*,90,59,90,59,5310,5310,0,10.6171875,-10.6171875,-5.30859375,2,2256,False
*,90,60,90,60,5400,5400,6,8.8671875,-8.8671875,-4.43359375,2,2240,False
*,90,61,90,61,5490,5490,0,10.9375,-10.9375,-5.46875,2,2256,False
*,90,62,90,62,5580,5580,0,10.15625,-10.15625,-5.078125,2,2256,False
*,90,63,90,63,5670,5670,0,10.6796875,-10.6796875,-5.33984375,2,2384,False
*,90,64,90,64,5760,5760,0,9.4453125,-9.4453125,-4.72265625,2,2384,False
*,90,65,90,65,5850,5850,0,10.125,-10.125,-5.0625,2,2384,False
*,90,66,90,66,5940,5940,0,9.84375,-9.84375,-4.921875,2,2384,False
*,90,67,90,67,6030,6030,0,10.734375,-10.734375,-5.3671875,2,2384,False
*,90,68,90,68,6120,6120,0,10.265625,-10.265625,-5.1328125,2,2384,False
*,90,69,90,69,6210,6210,0,11.140625,-11.140625,-5.5703125,2,2384,False
*,90,70,90,70,6300,6300,0,10.5625,-10.5625,-5.28125,2,2384,False
*,90,71,90,71,6390,6390,0,10.8125,-10.8125,-5.40625,2,2384,False
*,90,72,90,72,6480,6480,1,9.953125,-9.953125,-4.9765625,2,2384,False
*,90,73,90,73,6570,6570,0,11.046875,-11.046875,-5.5234375,2,2384,False
*,90,74,90,74,6660,6660,0,10.71875,-10.71875,-5.359375,2,2384,False
*,90,75,90,75,6750,6750,0,10.4375,-10.4375,-5.21875,2,2256,False
*,90,76,90,76,6840,6840,0,9.8125,-9.8125,-4.90625,2,2384,False
*,90,77,90,77,6930,6930,0,10.875,-10.875,-5.4375,2,2384,False
*,90,78,90,78,7020,7020,0,11.484375,-11.484375,-5.7421875,2,2384,False
*,90,79,90,79,7110,7110,0,11.25,-11.25,-5.625,2,2384,False
*,90,80,90,80,7200,7200,0,10.0625,-10.0625,-5.03125,2,2240,False
*,90,81,90,81,7290,7290,0,11.125,-11.125,-5.5625,2,2256,False
*,90,82,90,82,7380,7380,0,11.15625,-11.15625,-5.578125,2,2384,False
*,90,83,90,83,7470,7470,0,11.34375,-11.34375,-5.671875,2,2384,False
*,90,84,90,84,7560,7560,0,10.4375,-10.4375,-5.21875,2,2384,False
*,90,85,90,85,7650,7650,0,11.1796875,-11.1796875,-5.58984375,2,2256,False
*,90,86,90,86,7740,7740,0,10.4765625,-10.4765625,-5.23828125,2,2384,False
*,90,87,90,87,7830,7830,0,11.34375,-11.34375,-5.671875,2,2384,False
*,90,88,90,88,7920,7920,0,10.78125,-10.78125,-5.390625,2,2384,False
*,90,89,90,89,8010,8010,0,10.875,-10.875,-5.4375,2,2255,False
*,90,90,90,90,8100,8100,2,9.65625,-9.65625,-4.828125,2,2256,False
*,90,91,90,91,8190,8190,0,11.359375,-11.359375,-5.6796875,2,2255,False
*,90,92,90,92,8280,8280,0,10.578125,-10.578125,-5.2890625,2,2256,False
*,90,93,90,93,8370,8370,0,11.7421875,-11.7421875,-5.87109375,2,2254,False
*,90,94,90,94,8460,8460,0,11.703125,-11.703125,-5.8515625,2,2256,False
*,90,95,90,95,8550,8550,0,11.5859375,-11.5859375,-5.79296875,2,2256,False
*,90,96,90,96,8640,8640,0,10.234375,-10.234375,-5.1171875,2,2240,False
*,90,97,90,97,8730,8730,0,11.5625,-11.5625,-5.78125,2,2256,False
*,90,98,90,98,8820,8820,0,10.140625,-10.140625,-5.0703125,2,2254,False
*,90,99,90,99,8910,8910,1,11.109375,-11.109375,-5.5546875,2,2256,False
*,91,10,91,10,910,910,0,8.3828125,-8.3828125,-4.19140625,2,2255,False
*,91,11,91,11,1001,1001,0,7.3046875,-7.3046875,-3.65234375,2,2255,False
*,91,12,91,12,1092,1092,0,7.40234375,-7.40234375,-3.701171875,2,2256,False
*,91,13,91,13,1183,1183,0,7.765625,-7.765625,-3.8828125,2,2255,False
*,91,14,91,14,1274,1274,0,7.5390625,-7.5390625,-3.76953125,2,2256,False
*,91,15,91,15,1365,1365,0,7.484375,-7.484375,-3.7421875,2,2255,False
*,91,16,91,16,1456,1456,0,7.48828125,-7.48828125,-3.744140625,2,2255,False
*,91,17,91,17,1547,1547,0,7.71484375,-7.71484375,-3.857421875,2,2255,False
*,91,18,91,18,1638,1638,0,7.78125,-7.78125,-3.890625,2,2255,False
*,91,19,91,19,1729,1729,0,7.09375,-7.09375,-3.546875,2,2255,False
*,91,20,91,20,1820,1820,0,8.3671875,-8.3671875,-4.18359375,2,2255,False
*,91,21,91,21,1911,1911,0,7.296875,-7.296875,-7.296875,1,2255,False
*,91,22,91,22,2002,2002,0,6.91015625,-6.91015625,-6.91015625,1,2255,False
*,91,23,91,23,2093,2093,0,7.484375,-7.484375,-3.7421875,2,2255,False
*,91,24,91,24,2184,2184,0,7.17578125,-7.17578125,-3.587890625,2,2255,False
*,91,25,91,25,2275,2275,1,7.5390625,-7.5390625,-3.76953125,2,2255,False
*,91,26,91,26,2366,2366,0,7.6953125,-7.6953125,-3.84765625,2,2262,False
*,91,27,91,27,2457,2457,0,8.203125,-8.203125,-4.1015625,2,2255,False
*,91,28,91,28,2548,2548,0,8.2421875,-8.2421875,-4.12109375,2,2384,False
*,91,29,91,29,2639,2639,0,8.953125,-8.953125,-4.4765625,2,2255,False
*,91,30,91,30,2730,2730,0,8.640625,-8.640625,-4.3203125,2,2256,False
*,91,31,91,31,2821,2821,0,9.015625,-9.015625,-4.5078125,2,2255,False
*,91,32,91,32,2912,2912,0,8.6875,-8.6875,-4.34375,2,2384,False
*,91,33,91,33,3003,3003,0,9.2734375,-9.2734375,-4.63671875,2,2384,False
*,91,34,91,34,3094,3094,0,9.078125,-9.078125,-4.5390625,2,2384,False
*,91,35,91,35,3185,3185,0,9.65625,-9.65625,-4.828125,2,2255,False
*,91,36,91,36,3276,3276,0,9.1796875,-9.1796875,-4.58984375,2,2384,False
*,91,37,91,37,3367,3367,1,9.421875,-9.421875,-4.7109375,2,2384,False
*,91,38,91,38,3458,3458,0,9.765625,-9.765625,-4.8828125,2,2384,False
*,91,39,91,39,3549,3549,0,9.203125,-9.203125,-4.6015625,2,2255,False
*,91,40,91,40,3640,3640,0,8.609375,-8.609375,-4.3046875,2,2384,False
*,91,41,91,41,3731,3731,0,10.234375,-10.234375,-5.1171875,2,2255,False
*,91,42,91,42,3822,3822,0,9.796875,-9.796875,-4.8984375,2,2256,False
*,91,43,91,43,3913,3913,0,9.875,-9.875,-4.9375,2,2255,False
*,91,44,91,44,4004,4004,0,9.578125,-9.578125,-4.7890625,2,2384,False
*,91,45,91,45,4095,4095,0,9.15625,-9.15625,-4.578125,2,2255,False
*,91,46,91,46,4186,4186,0,10.4375,-10.4375,-5.21875,2,2262,False
*,91,47,91,47,4277,4277,0,10.515625,-10.515625,-5.2578125,2,2262,False
*,91,48,91,48,4368,4368,0,9.40625,-9.40625,-4.703125,2,2384,False
*,91,49,91,49,4459,4459,0,10.375,-10.375,-5.1875,2,2255,False
*,91,50,91,50,4550,4550,0,9.4609375,-9.4609375,-4.73046875,2,2256,False
*,91,51,91,51,4641,4641,1,10.3203125,-10.3203125,-5.16015625,2,2255,False
*,91,52,91,52,4732,4732,0,10.3125,-10.3125,-5.15625,2,2256,False
*,91,53,91,53,4823,4823,0,10.71875,-10.71875,-5.359375,2,2256,False
*,91,54,91,54,4914,4914,0,10.609375,-10.609375,-5.3046875,2,2256,False
*,91,55,91,55,5005,5005,0,10.21875,-10.21875,-5.109375,2,2255,False
*,91,56,91,56,5096,5096,0,10.140625,-10.140625,-5.0703125,2,2384,False
*,91,57,91,57,5187,5187,0,10.734375,-10.734375,-5.3671875,2,2255,False
*,91,58,91,58,5278,5278,0,10.9921875,-10.9921875,-5.49609375,2,2384,False
*,91,59,91,59,5369,5369,0,11.515625,-11.515625,-5.7578125,2,2255,False
*,91,60,91,60,5460,5460,0,11.09375,-11.09375,-5.546875,2,2256,False
*,91,61,91,61,5551,5551,0,11.1875,-11.1875,-5.59375,2,2255,False
*,91,62,91,62,5642,5642,0,11.390625,-11.390625,-5.6953125,2,2256,False
*,91,63,91,63,5733,5733,0,10.90625,-10.90625,-5.453125,2,2255,False
*,91,64,91,64,5824,5824,0,10.0546875,-10.0546875,-5.02734375,2,2384,False
*,91,65,91,65,5915,5915,0,10.5703125,-10.5703125,-5.28515625,2,2255,False
*,91,66,91,66,6006,6006,0,11.1484375,-11.1484375,-5.57421875,2,2384,False
*,91,67,91,67,6097,6097,0,11.15625,-11.15625,-5.578125,2,2384,False
*,91,68,91,68,6188,6188,0,11.2890625,-11.2890625,-5.64453125,2,2384,False
*,91,69,91,69,6279,6279,0,11.515625,-11.515625,-5.7578125,2,2255,False
*,91,70,91,70,6370,6370,0,11.4296875,-11.4296875,-5.71484375,2,2384,False
*,91,71,91,71,6461,6461,0,11.6953125,-11.6953125,-5.84765625,2,2255,False
*,91,72,91,72,6552,6552,0,9.703125,-9.703125,-4.8515625,2,2384,False
*,91,73,91,73,6643,6643,0,11.59375,-11.59375,-5.796875,2,2262,False
*,91,74,91,74,6734,6734,0,11.21875,-11.21875,-5.609375,2,2384,False
*,91,75,91,75,6825,6825,0,10.625,-10.625,-5.3125,2,2375,False
*,91,76,91,76,6916,6916,0,11.125,-11.125,-5.5625,2,2384,False
*,91,77,91,77,7007,7007,0,12.0625,-12.0625,-6.03125,2,2384,False
*,91,78,91,78,7098,7098,0,11.609375,-11.609375,-5.8046875,2,2384,False
*,91,79,91,79,7189,7189,2,12.28125,-12.28125,-6.140625,2,2384,False
*,91,80,91,80,7280,7280,0,11.0078125,-11.0078125,-5.50390625,2,2256,False
*,91,81,91,81,7371,7371,0,11.8203125,-11.8203125,-5.91015625,2,2255,False
*,91,82,91,82,7462,7462,0,12.296875,-12.296875,-6.1484375,2,2256,False
*,91,83,91,83,7553,7553,0,12.1328125,-12.1328125,-6.06640625,2,2255,False
*,91,84,91,84,7644,7644,0,11.609375,-11.609375,-5.8046875,2,2384,False
*,91,85,91,85,7735,7735,0,11.3203125,-11.3203125,-5.66015625,2,2255,False
*,91,86,91,86,7826,7826,0,11.375,-11.375,-5.6875,2,2384,False
*,91,87,91,87,7917,7917,0,11.828125,-11.828125,-5.9140625,2,2255,False
*,91,88,91,88,8008,8008,0,11.4140625,-11.4140625,-5.70703125,2,2256,False
*,91,89,91,89,8099,8099,0,10.8828125,-10.8828125,-5.44140625,2,2255,False
*,91,90,91,90,8190,8190,0,11.4765625,-11.4765625,-5.73828125,2,2255,False
*,91,91,91,91,8281,8281,2,11.78125,-11.78125,-5.890625,2,2255,False
*,91,92,91,92,8372,8372,0,12.6640625,-12.6640625,-6.33203125,2,2255,False
*,91,93,91,93,8463,8463,0,12.265625,-12.265625,-6.1328125,2,2255,False
*,91,94,91,94,8554,8554,0,12.1328125,-12.1328125,-6.06640625,2,2255,False
*,91,95,91,95,8645,8645,0,12.2578125,-12.2578125,-6.12890625,2,2255,False
*,91,96,91,96,8736,8736,0,11.0,-11.0,-5.5,2,2240,False
*,91,97,91,97,8827,8827,0,11.859375,-11.859375,-5.9296875,2,2255,False
*,91,98,91,98,8918,8918,0,10.65625,-10.65625,-5.328125,2,2255,False
*,91,99,91,99,9009,9009,2,13.28125,-13.28125,-6.640625,2,2255,False
*,92,10,92,10,920,920,1,8.3671875,-8.3671875,-4.18359375,2,2256,False
*,92,11,92,11,1012,1012,0,7.0390625,-7.0390625,-3.51953125,2,2256,False
*,92,12,92,12,1104,1104,0,6.96875,-6.96875,-3.484375,2,2240,False
*,92,13,92,13,1196,1196,0,7.69140625,-7.69140625,-3.845703125,2,2240,False
*,92,14,92,14,1288,1288,0,8.078125,-8.078125,-4.0390625,2,2240,False
*,92,15,92,15,1380,1380,0,8.125,-8.125,-4.0625,2,2256,False
*,92,16,92,16,1472,1472,0,7.75390625,-7.75390625,-3.876953125,2,2240,False
*,92,17,92,17,1564,1564,0,7.71875,-7.71875,-3.859375,2,2256,False
*,92,18,92,18,1656,1656,0,7.40625,-7.40625,-3.703125,2,2384,False
*,92,19,92,19,1748,1748,0,7.16015625,-7.16015625,-3.580078125,2,2256,False
*,92,20,92,20,1840,1840,0,6.5546875,-6.5546875,-6.5546875,1,2240,False
*,92,21,92,21,1932,1932,0,6.9375,-6.9375,-6.9375,1,2256,False
*,92,22,92,22,2024,2024,0,6.8984375,-6.8984375,-3.44921875,2,2254,False
*,92,23,92,23,2116,2116,0,8.5234375,-8.5234375,-4.26171875,2,2254,False
*,92,24,92,24,2208,2208,1,7.25,-7.25,-3.625,2,2256,False
*,92,25,92,25,2300,2300,0,7.1484375,-7.1484375,-3.57421875,2,2256,False
*,92,26,92,26,2392,2392,0,8.4296875,-8.4296875,-4.21484375,2,2384,False
*,92,27,92,27,2484,2484,0,8.28125,-8.28125,-4.140625,2,2384,False
*,92,28,92,28,2576,2576,0,7.578125,-7.578125,-3.7890625,2,2384,False
*,92,29,92,29,2668,2668,0,8.3828125,-8.3828125,-4.19140625,2,2384,False
*,92,30,92,30,2760,2760,0,8.1875,-8.1875,-4.09375,2,2384,False
*,92,31,92,31,2852,2852,0,8.5,-8.5,-4.25,2,2256,False
*,92,32,92,32,2944,2944,0,7.90625,-7.90625,-3.953125,2,2384,False
*,92,33,92,33,3036,3036,0,8.5625,-8.5625,-4.28125,2,2384,False
*,92,34,92,34,3128,3128,0,8.828125,-8.828125,-4.4140625,2,2384,False
*,92,35,92,35,3220,3220,0,8.921875,-8.921875,-4.4609375,2,2384,False
*,92,36,92,36,3312,3312,0,8.3203125,-8.3203125,-4.16015625,2,2384,False
*,92,37,92,37,3404,3404,0,8.7421875,-8.7421875,-4.37109375,2,2384,False
*,92,38,92,38,3496,3496,0,8.828125,-8.828125,-4.4140625,2,2384,False
*,92,39,92,39,3588,3588,0,8.84375,-8.84375,-4.421875,2,2384,False
*,92,40,92,40,3680,3680,0,8.296875,-8.296875,-4.1484375,2,2384,False
*,92,41,92,41,3772,3772,0,8.4375,-8.4375,-4.21875,2,2384,False
*,92,42,92,42,3864,3864,0,9.328125,-9.328125,-4.6640625,2,2384,False
*,92,43,92,43,3956,3956,0,9.0078125,-9.0078125,-4.50390625,2,2384,False
*,92,44,92,44,4048,4048,0,8.8203125,-8.8203125,-4.41015625,2,2384,False
*,92,45,92,45,4140,4140,0,9.453125,-9.453125,-4.7265625,2,2384,False
*,92,46,92,46,4232,4232,0,9.3828125,-9.3828125,-4.69140625,2,2384,False
*,92,47,92,47,4324,4324,0,9.5859375,-9.5859375,-4.79296875,2,2384,False
*,92,48,92,48,4416,4416,0,8.9375,-8.9375,-4.46875,2,2384,False
*,92,49,92,49,4508,4508,0,8.0234375,-8.0234375,-4.01171875,2,2240,False
*,92,50,92,50,4600,4600,0,9.2421875,-9.2421875,-4.62109375,2,2384,False
*,92,51,92,51,4692,4692,0,9.46875,-9.46875,-4.734375,2,2256,False
*,92,52,92,52,4784,4784,0,9.546875,-9.546875,-4.7734375,2,2384,False
*,92,53,92,53,4876,4876,0,10.8046875,-10.8046875,-5.40234375,2,2384,False
*,92,54,92,54,4968,4968,0,9.6640625,-9.6640625,-4.83203125,2,2384,False
*,92,55,92,55,5060,5060,0,10.0234375,-10.0234375,-5.01171875,2,2384,False
*,92,56,92,56,5152,5152,0,9.390625,-9.390625,-4.6953125,2,2384,False
*,92,57,92,57,5244,5244,0,10.203125,-10.203125,-5.1015625,2,2384,False
*,92,58,92,58,5336,5336,0,9.96875,-9.96875,-4.984375,2,2384,False
*,92,59,92,59,5428,5428,0,10.6484375,-10.6484375,-5.32421875,2,2240,False
*,92,60,92,60,5520,5520,0,10.265625,-10.265625,-5.1328125,2,2240,False
*,92,61,92,61,5612,5612,0,10.609375,-10.609375,-5.3046875,2,2256,False
*,92,62,92,62,5704,5704,0,10.640625,-10.640625,-5.3203125,2,2256,False
*,92,63,92,63,5796,5796,0,10.21875,-10.21875,-5.109375,2,2384,False
*,92,64,92,64,5888,5888,0,9.453125,-9.453125,-4.7265625,2,2384,False
*,92,65,92,65,5980,5980,0,10.59375,-10.59375,-5.296875,2,2384,False
*,92,66,92,66,6072,6072,0,10.03125,-10.03125,-5.015625,2,2384,False
*,92,67,92,67,6164,6164,0,10.9140625,-10.9140625,-5.45703125,2,2384,False
*,92,68,92,68,6256,6256,0,10.65625,-10.65625,-5.328125,2,2384,False
*,92,69,92,69,6348,6348,0,10.515625,-10.515625,-5.2578125,2,2384,False
*,92,70,92,70,6440,6440,0,10.421875,-10.421875,-5.2109375,2,2384,False
*,92,71,92,71,6532,6532,0,11.1484375,-11.1484375,-5.57421875,2,2384,False
*,92,72,92,72,6624,6624,0,10.265625,-10.265625,-5.1328125,2,2384,False
*,92,73,92,73,6716,6716,2,10.234375,-10.234375,-5.1171875,2,2384,False
*,92,74,92,74,6808,6808,0,11.296875,-11.296875,-5.6484375,2,2384,False
*,92,75,92,75,6900,6900,0,10.859375,-10.859375,-5.4296875,2,2384,False
*,92,76,92,76,6992,6992,0,10.796875,-10.796875,-5.3984375,2,2384,False
*,92,77,92,77,7084,7084,0,10.671875,-10.671875,-5.3359375,2,2384,False
*,92,78,92,78,7176,7176,1,10.890625,-10.890625,-5.4453125,2,2384,False
*,92,79,92,79,7268,7268,0,12.03125,-12.03125,-6.015625,2,2384,False
*,92,80,92,80,7360,7360,0,11.3046875,-11.3046875,-5.65234375,2,2384,False
*,92,81,92,81,7452,7452,0,11.4609375,-11.4609375,-5.73046875,2,2384,False
*,92,82,92,82,7544,7544,0,10.96875,-10.96875,-5.484375,2,2384,False
*,92,83,92,83,7636,7636,0,11.578125,-11.578125,-5.7890625,2,2384,False
*,92,84,92,84,7728,7728,0,10.6953125,-10.6953125,-5.34765625,2,2384,False
*,92,85,92,85,7820,7820,0,11.2421875,-11.2421875,-5.62109375,2,2384,False
*,92,86,92,86,7912,7912,0,11.4375,-11.4375,-5.71875,2,2384,False
*,92,87,92,87,8004,8004,0,11.609375,-11.609375,-5.8046875,2,2384,False
*,92,88,92,88,8096,8096,0,10.4609375,-10.4609375,-5.23046875,2,2240,False
*,92,89,92,89,8188,8188,0,11.640625,-11.640625,-5.8203125,2,2256,False
*,92,90,92,90,8280,8280,0,10.6796875,-10.6796875,-5.33984375,2,2256,False
*,92,91,92,91,8372,8372,0,12.6328125,-12.6328125,-6.31640625,2,2255,False
*,92,92,92,92,8464,8464,0,10.390625,-10.390625,-5.1953125,2,2256,False
*,92,93,92,93,8556,8556,0,11.9375,-11.9375,-5.96875,2,2255,False
*,92,94,92,94,8648,8648,0,11.0625,-11.0625,-5.53125,2,2256,False
*,92,95,92,95,8740,8740,0,11.28125,-11.28125,-5.640625,2,2256,False
*,92,96,92,96,8832,8832,1,10.4375,-10.4375,-5.21875,2,2240,False
*,92,97,92,97,8924,8924,2,11.2265625,-11.2265625,-5.61328125,2,2256,False
*,92,98,92,98,9016,9016,0,11.3046875,-11.3046875,-5.65234375,2,2254,False
*,92,99,92,99,9108,9108,0,12.5,-12.5,-6.25,2,2256,False
*,93,10,93,10,930,930,0,8.4140625,-8.4140625,-4.20703125,2,2255,False
*,93,11,93,11,1023,1023,0,7.54296875,-7.54296875,-3.771484375,2,2255,False
*,93,12,93,12,1116,1116,0,8.125,-8.125,-4.0625,2,2256,False
*,93,13,93,13,1209,1209,0,7.7421875,-7.7421875,-3.87109375,2,2255,False
*,93,14,93,14,1302,1302,0,7.3984375,-7.3984375,-3.69921875,2,2256,False
*,93,15,93,15,1395,1395,0,7.546875,-7.546875,-3.7734375,2,2255,False
*,93,16,93,16,1488,1488,0,8.078125,-8.078125,-4.0390625,2,2255,False
*,93,17,93,17,1581,1581,0,8.0625,-8.0625,-4.03125,2,2255,False
*,93,18,93,18,1674,1674,0,7.84375,-7.84375,-3.921875,2,2262,False
*,93,19,93,19,1767,1767,0,7.28515625,-7.28515625,-3.642578125,2,2255,False
*,93,20,93,20,1860,1860,0,7.2890625,-7.2890625,-7.2890625,1,2255,False
*,93,21,93,21,1953,1953,0,7.21875,-7.21875,-7.21875,1,2255,False
*,93,22,93,22,2046,2046,0,7.27734375,-7.27734375,-3.638671875,2,2255,False
*,93,23,93,23,2139,2139,0,8.2109375,-8.2109375,-4.10546875,2,2255,False
*,93,24,93,24,2232,2232,1,8.3515625,-8.3515625,-4.17578125,2,2255,False
*,93,25,93,25,2325,2325,0,7.7578125,-7.7578125,-3.87890625,2,2255,False
*,93,26,93,26,2418,2418,0,8.609375,-8.609375,-4.3046875,2,2262,False
*,93,27,93,27,2511,2511,0,8.234375,-8.234375,-4.1171875,2,2262,False
*,93,28,93,28,2604,2604,0,8.53125,-8.53125,-4.265625,2,2384,False
*,93,29,93,29,2697,2697,0,8.703125,-8.703125,-4.3515625,2,2255,False
*,93,30,93,30,2790,2790,0,8.7265625,-8.7265625,-4.36328125,2,2384,False
*,93,31,93,31,2883,2883,0,8.546875,-8.546875,-4.2734375,2,2255,False
*,93,32,93,32,2976,2976,0,8.515625,-8.515625,-4.2578125,2,2384,False
*,93,33,93,33,3069,3069,0,9.1875,-9.1875,-4.59375,2,2384,False
*,93,34,93,34,3162,3162,0,9.2734375,-9.2734375,-4.63671875,2,2384,False
*,93,35,93,35,3255,3255,0,9.109375,-9.109375,-4.5546875,2,2384,False
*,93,36,93,36,3348,3348,0,8.625,-8.625,-4.3125,2,2384,False
*,93,37,93,37,3441,3441,0,9.484375,-9.484375,-4.7421875,2,2375,False
*,93,38,93,38,3534,3534,1,9.421875,-9.421875,-4.7109375,2,2384,False
*,93,39,93,39,3627,3627,0,9.609375,-9.609375,-4.8046875,2,2384,False
*,93,40,93,40,3720,3720,0,9.578125,-9.578125,-4.7890625,2,2384,False
*,93,41,93,41,3813,3813,0,9.4453125,-9.4453125,-4.72265625,2,2255,False
*,93,42,93,42,3906,3906,0,8.578125,-8.578125,-4.2890625,2,2256,False
*,93,43,93,43,3999,3999,0,9.84375,-9.84375,-4.921875,2,2384,False
*,93,44,93,44,4092,4092,1,9.7265625,-9.7265625,-4.86328125,2,2384,False
*,93,45,93,45,4185,4185,0,10.203125,-10.203125,-5.1015625,2,2384,False
*,93,46,93,46,4278,4278,0,10.3125,-10.3125,-5.15625,2,2262,False
*,93,47,93,47,4371,4371,0,10.34375,-10.34375,-5.171875,2,2262,False
*,93,48,93,48,4464,4464,0,9.671875,-9.671875,-4.8359375,2,2384,False
*,93,49,93,49,4557,4557,0,9.4375,-9.4375,-4.71875,2,2255,False
*,93,50,93,50,4650,4650,0,9.609375,-9.609375,-4.8046875,2,2384,False
*,93,51,93,51,4743,4743,0,10.2109375,-10.2109375,-5.10546875,2,2255,False
*,93,52,93,52,4836,4836,0,9.9921875,-9.9921875,-4.99609375,2,2384,False
*,93,53,93,53,4929,4929,0,10.1875,-10.1875,-5.09375,2,2384,False
*,93,54,93,54,5022,5022,0,10.265625,-10.265625,-5.1328125,2,2384,False
*,93,55,93,55,5115,5115,0,10.265625,-10.265625,-5.1328125,2,2255,False
*,93,56,93,56,5208,5208,0,9.75,-9.75,-4.875,2,2384,False
*,93,57,93,57,5301,5301,0,11.0625,-11.0625,-5.53125,2,2255,False
*,93,58,93,58,5394,5394,0,11.078125,-11.078125,-5.5390625,2,2384,False
*,93,59,93,59,5487,5487,0,11.03125,-11.03125,-5.515625,2,2255,False
*,93,60,93,60,5580,5580,0,10.3671875,-10.3671875,-5.18359375,2,2384,False
*,93,61,93,61,5673,5673,0,11.203125,-11.203125,-5.6015625,2,2255,False
*,93,62,93,62,5766,5766,0,11.1015625,-11.1015625,-5.55078125,2,2255,False
*,93,63,93,63,5859,5859,0,11.328125,-11.328125,-5.6640625,2,2384,False
*,93,64,93,64,5952,5952,0,9.4375,-9.4375,-4.71875,2,1728,False
*,93,65,93,65,6045,6045,0,11.046875,-11.046875,-5.5234375,2,2265,False
*,93,66,93,66,6138,6138,0,10.796875,-10.796875,-5.3984375,2,2384,False
*,93,67,93,67,6231,6231,0,10.625,-10.625,-5.3125,2,2375,False
*,93,68,93,68,6324,6324,0,11.1328125,-11.1328125,-5.56640625,2,2384,False
*,93,69,93,69,6417,6417,0,11.0078125,-11.0078125,-5.50390625,2,2265,False
*,93,70,93,70,6510,6510,0,11.328125,-11.328125,-5.6640625,2,2384,False
*,93,71,93,71,6603,6603,0,11.703125,-11.703125,-5.8515625,2,2255,False
*,93,72,93,72,6696,6696,0,11.375,-11.375,-5.6875,2,2384,False
*,93,73,93,73,6789,6789,0,11.390625,-11.390625,-5.6953125,2,2384,False
*,93,74,93,74,6882,6882,0,11.5703125,-11.5703125,-5.78515625,2,2384,False
*,93,75,93,75,6975,6975,0,10.6796875,-10.6796875,-5.33984375,2,2375,False
*,93,76,93,76,7068,7068,0,10.6484375,-10.6484375,-5.32421875,2,2384,False
*,93,77,93,77,7161,7161,0,11.1796875,-11.1796875,-5.58984375,2,2384,False
*,93,78,93,78,7254,7254,0,11.375,-11.375,-5.6875,2,2384,False
*,93,79,93,79,7347,7347,0,12.5234375,-12.5234375,-6.26171875,2,2384,False
*,93,80,93,80,7440,7440,0,10.8046875,-10.8046875,-5.40234375,2,2384,False
*,93,81,93,81,7533,7533,0,11.359375,-11.359375,-5.6796875,2,2255,False
*,93,82,93,82,7626,7626,0,11.5390625,-11.5390625,-5.76953125,2,2262,False
*,93,83,93,83,7719,7719,0,11.8515625,-11.8515625,-5.92578125,2,2265,False
*,93,84,93,84,7812,7812,0,11.359375,-11.359375,-5.6796875,2,2384,False
*,93,85,93,85,7905,7905,0,10.734375,-10.734375,-5.3671875,2,2255,False
*,93,86,93,86,7998,7998,0,12.515625,-12.515625,-6.2578125,2,2384,False
*,93,87,93,87,8091,8091,0,11.921875,-11.921875,-5.9609375,2,2255,False
*,93,88,93,88,8184,8184,0,11.40625,-11.40625,-5.703125,2,2384,False
*,93,89,93,89,8277,8277,0,12.375,-12.375,-6.1875,2,2255,False
*,93,90,93,90,8370,8370,0,12.21875,-12.21875,-6.109375,2,2255,False
*,93,91,93,91,8463,8463,0,12.65625,-12.65625,-6.328125,2,2255,False
*,93,92,93,92,8556,8556,0,12.4375,-12.4375,-6.21875,2,2255,False
*,93,93,93,93,8649,8649,0,11.4375,-11.4375,-5.71875,2,2255,False
*,93,94,93,94,8742,8742,0,11.3984375,-11.3984375,-5.69921875,2,2255,False
*,93,95,93,95,8835,8835,0,11.3671875,-11.3671875,-5.68359375,2,2255,False
*,93,96,93,96,8928,8928,0,10.9453125,-10.9453125,-5.47265625,2,2256,False
*,93,97,93,97,9021,9021,0,11.8671875,-11.8671875,-5.93359375,2,2255,False
*,93,98,93,98,9114,9114,0,12.515625,-12.515625,-6.2578125,2,2254,False
*,93,99,93,99,9207,9207,0,13.109375,-13.109375,-6.5546875,2,2255,False
*,94,10,94,10,940,940,2,7.95703125,-7.95703125,-3.978515625,2,2256,False
*,94,11,94,11,1034,1034,0,8.0,-8.0,-4.0,2,2255,False
*,94,12,94,12,1128,1128,0,6.76171875,-6.76171875,-3.380859375,2,2256,False
*,94,13,94,13,1222,1222,0,8.0546875,-8.0546875,-4.02734375,2,2256,False
*,94,14,94,14,1316,1316,0,7.703125,-7.703125,-3.8515625,2,2256,False
*,94,15,94,15,1410,1410,0,7.96875,-7.96875,-3.984375,2,2255,False
*,94,16,94,16,1504,1504,0,7.0,-7.0,-3.5,2,2256,False
*,94,17,94,17,1598,1598,0,7.6328125,-7.6328125,-3.81640625,2,2255,False
*,94,18,94,18,1692,1692,0,7.21875,-7.21875,-3.609375,2,2262,False
*,94,19,94,19,1786,1786,0,7.328125,-7.328125,-3.6640625,2,2254,False
*,94,20,94,20,1880,1880,1,7.02734375,-7.02734375,-7.02734375,1,2256,False
*,94,21,94,21,1974,1974,0,7.08984375,-7.08984375,-7.08984375,1,2255,False
*,94,22,94,22,2068,2068,0,6.84375,-6.84375,-3.421875,2,2254,False
*,94,23,94,23,2162,2162,0,7.8125,-7.8125,-3.90625,2,2254,False
*,94,24,94,24,2256,2256,0,5.9921875,-5.9921875,-2.99609375,2,2254,False
*,94,25,94,25,2350,2350,1,7.6171875,-7.6171875,-3.80859375,2,2256,False
*,94,26,94,26,2444,2444,0,7.890625,-7.890625,-3.9453125,2,2262,False
*,94,27,94,27,2538,2538,0,8.34375,-8.34375,-4.171875,2,2262,False
*,94,28,94,28,2632,2632,0,8.484375,-8.484375,-4.2421875,2,2256,False
*,94,29,94,29,2726,2726,0,8.796875,-8.796875,-4.3984375,2,2256,False
*,94,30,94,30,2820,2820,0,8.2265625,-8.2265625,-4.11328125,2,2256,False
*,94,31,94,31,2914,2914,0,8.890625,-8.890625,-4.4453125,2,2256,False
*,94,32,94,32,3008,3008,0,7.9921875,-7.9921875,-3.99609375,2,2256,False
*,94,33,94,33,3102,3102,0,9.2890625,-9.2890625,-4.64453125,2,2256,False
*,94,34,94,34,3196,3196,0,8.7890625,-8.7890625,-4.39453125,2,2384,False
*,94,35,94,35,3290,3290,0,9.609375,-9.609375,-4.8046875,2,2256,False
*,94,36,94,36,3384,3384,0,8.265625,-8.265625,-4.1328125,2,2384,False
*,94,37,94,37,3478,3478,0,9.0,-9.0,-4.5,2,2384,False
*,94,38,94,38,3572,3572,0,9.0078125,-9.0078125,-4.50390625,2,2384,False
*,94,39,94,39,3666,3666,0,10.015625,-10.015625,-5.0078125,2,2256,False
*,94,40,94,40,3760,3760,0,9.1015625,-9.1015625,-4.55078125,2,2384,False
*,94,41,94,41,3854,3854,0,9.3125,-9.3125,-4.65625,2,2256,False
*,94,42,94,42,3948,3948,0,9.4765625,-9.4765625,-4.73828125,2,2256,False
*,94,43,94,43,4042,4042,0,9.828125,-9.828125,-4.9140625,2,2256,False
*,94,44,94,44,4136,4136,0,9.734375,-9.734375,-4.8671875,2,2256,False
*,94,45,94,45,4230,4230,0,10.0625,-10.0625,-5.03125,2,2256,False
*,94,46,94,46,4324,4324,1,9.625,-9.625,-4.8125,2,2262,False
*,94,47,94,47,4418,4418,0,9.9453125,-9.9453125,-4.97265625,2,2262,False
*,94,48,94,48,4512,4512,0,9.15625,-9.15625,-4.578125,2,2384,False
*,94,49,94,49,4606,4606,0,10.34375,-10.34375,-5.171875,2,2256,False
*,94,50,94,50,4700,4700,0,9.546875,-9.546875,-4.7734375,2,2256,False
*,94,51,94,51,4794,4794,0,10.484375,-10.484375,-5.2421875,2,2256,False
*,94,52,94,52,4888,4888,0,9.75,-9.75,-4.875,2,2256,False
*,94,53,94,53,4982,4982,0,10.546875,-10.546875,-5.2734375,2,2256,False
*,94,54,94,54,5076,5076,0,10.0546875,-10.0546875,-5.02734375,2,2256,False
*,94,55,94,55,5170,5170,0,10.703125,-10.703125,-5.3515625,2,2256,False
*,94,56,94,56,5264,5264,0,10.421875,-10.421875,-5.2109375,2,2384,False
*,94,57,94,57,5358,5358,0,10.671875,-10.671875,-5.3359375,2,2256,False
*,94,58,94,58,5452,5452,0,10.421875,-10.421875,-5.2109375,2,2256,False
*,94,59,94,59,5546,5546,0,10.765625,-10.765625,-5.3828125,2,2256,False
*,94,60,94,60,5640,5640,0,9.9765625,-9.9765625,-4.98828125,2,2256,False
*,94,61,94,61,5734,5734,0,11.390625,-11.390625,-5.6953125,2,2254,False
*,94,62,94,62,5828,5828,0,10.640625,-10.640625,-5.3203125,2,2256,False
*,94,63,94,63,5922,5922,0,11.0625,-11.0625,-5.53125,2,2256,False
*,94,64,94,64,6016,6016,7,10.109375,-10.109375,-5.0546875,2,2256,False
*,94,65,94,65,6110,6110,0,11.015625,-11.015625,-5.5078125,2,2256,False
*,94,66,94,66,6204,6204,0,11.09375,-11.09375,-5.546875,2,2240,False
*,94,67,94,67,6298,6298,0,11.09375,-11.09375,-5.546875,2,2384,False
*,94,68,94,68,6392,6392,0,10.8125,-10.8125,-5.40625,2,2384,False
*,94,69,94,69,6486,6486,0,10.984375,-10.984375,-5.4921875,2,2262,False
*,94,70,94,70,6580,6580,0,10.75,-10.75,-5.375,2,2384,False
*,94,71,94,71,6674,6674,0,11.53125,-11.53125,-5.765625,2,2256,False
*,94,72,94,72,6768,6768,0,10.0,-10.0,-5.0,2,2384,False
*,94,73,94,73,6862,6862,0,11.265625,-11.265625,-5.6328125,2,2262,False
*,94,74,94,74,6956,6956,0,11.0546875,-11.0546875,-5.52734375,2,2384,False
*,94,75,94,75,7050,7050,0,10.796875,-10.796875,-5.3984375,2,2256,False
*,94,76,94,76,7144,7144,0,10.453125,-10.453125,-5.2265625,2,2256,False
*,94,77,94,77,7238,7238,0,11.6953125,-11.6953125,-5.84765625,2,2256,False
*,94,78,94,78,7332,7332,0,10.9375,-10.9375,-5.46875,2,2384,False
*,94,79,94,79,7426,7426,0,11.3046875,-11.3046875,-5.65234375,2,2256,False
*,94,80,94,80,7520,7520,0,10.828125,-10.828125,-5.4140625,2,2256,False
*,94,81,94,81,7614,7614,0,11.53125,-11.53125,-5.765625,2,2256,False
*,94,82,94,82,7708,7708,0,11.9140625,-11.9140625,-5.95703125,2,2256,False
*,94,83,94,83,7802,7802,0,11.953125,-11.953125,-5.9765625,2,2256,False
*,94,84,94,84,7896,7896,0,11.59375,-11.59375,-5.796875,2,2384,False
*,94,85,94,85,7990,7990,0,11.921875,-11.921875,-5.9609375,2,2256,False
*,94,86,94,86,8084,8084,0,12.4375,-12.4375,-6.21875,2,2256,False
*,94,87,94,87,8178,8178,0,12.2265625,-12.2265625,-6.11328125,2,2256,False
*,94,88,94,88,8272,8272,0,11.546875,-11.546875,-5.7734375,2,2256,False
*,94,89,94,89,8366,8366,0,11.984375,-11.984375,-5.9921875,2,2255,False
*,94,90,94,90,8460,8460,0,12.0546875,-12.0546875,-6.02734375,2,2256,False
*,94,91,94,91,8554,8554,0,12.390625,-12.390625,-6.1953125,2,2255,False
*,94,92,94,92,8648,8648,0,11.53125,-11.53125,-5.765625,2,2256,False
*,94,93,94,93,8742,8742,0,11.671875,-11.671875,-5.8359375,2,2254,False
*,94,94,94,94,8836,8836,2,10.6484375,-10.6484375,-5.32421875,2,2254,False
*,94,95,94,95,8930,8930,0,11.578125,-11.578125,-5.7890625,2,2255,False
*,94,96,94,96,9024,9024,0,10.7109375,-10.7109375,-5.35546875,2,2256,False
*,94,97,94,97,9118,9118,0,13.359375,-13.359375,-6.6796875,2,2254,False
*,94,98,94,98,9212,9212,0,10.9453125,-10.9453125,-5.47265625,2,2254,False
*,94,99,94,99,9306,9306,0,12.8203125,-12.8203125,-6.41015625,2,2254,False
*,95,10,95,10,950,950,1,7.5390625,-7.5390625,-7.5390625,1,2255,False
*,95,11,95,11,1045,1045,0,7.70703125,-7.70703125,-3.853515625,2,2255,False
*,95,12,95,12,1140,1140,0,7.9765625,-7.9765625,-3.98828125,2,2255,False
*,95,13,95,13,1235,1235,1,7.9609375,-7.9609375,-3.98046875,2,2255,False
*,95,14,95,14,1330,1330,0,8.203125,-8.203125,-4.1015625,2,2255,False
*,95,15,95,15,1425,1425,0,7.515625,-7.515625,-3.7578125,2,2255,False
*,95,16,95,16,1520,1520,0,7.5546875,-7.5546875,-3.77734375,2,2255,False
*,95,17,95,17,1615,1615,0,7.80859375,-7.80859375,-3.904296875,2,2255,False
*,95,18,95,18,1710,1710,0,7.7734375,-7.7734375,-3.88671875,2,2255,False
*,95,19,95,19,1805,1805,0,7.62109375,-7.62109375,-3.810546875,2,2255,False
*,95,20,95,20,1900,1900,0,6.3515625,-6.3515625,-6.3515625,1,2255,False
*,95,21,95,21,1995,1995,1,7.078125,-7.078125,-7.078125,1,2255,False
*,95,22,95,22,2090,2090,0,7.3828125,-7.3828125,-3.69140625,2,2255,False
*,95,23,95,23,2185,2185,0,7.21484375,-7.21484375,-3.607421875,2,2255,False
*,95,24,95,24,2280,2280,0,7.76171875,-7.76171875,-3.880859375,2,2255,False
*,95,25,95,25,2375,2375,0,7.015625,-7.015625,-3.5078125,2,2255,False
*,95,26,95,26,2470,2470,0,8.453125,-8.453125,-4.2265625,2,2262,False
*,95,27,95,27,2565,2565,0,8.375,-8.375,-4.1875,2,2255,False
*,95,28,95,28,2660,2660,0,8.375,-8.375,-4.1875,2,2255,False
*,95,29,95,29,2755,2755,0,9.40625,-9.40625,-4.703125,2,2255,False
*,95,30,95,30,2850,2850,0,8.328125,-8.328125,-4.1640625,2,2255,False
*,95,31,95,31,2945,2945,0,9.3125,-9.3125,-4.65625,2,2255,False
*,95,32,95,32,3040,3040,0,8.1171875,-8.1171875,-4.05859375,2,2384,False
*,95,33,95,33,3135,3135,0,9.0078125,-9.0078125,-4.50390625,2,2255,False
*,95,34,95,34,3230,3230,0,9.546875,-9.546875,-4.7734375,2,2255,False
*,95,35,95,35,3325,3325,0,9.03125,-9.03125,-4.515625,2,2255,False
*,95,36,95,36,3420,3420,0,9.15625,-9.15625,-4.578125,2,2384,False
*,95,37,95,37,3515,3515,0,8.9375,-8.9375,-4.46875,2,2375,False
*,95,38,95,38,3610,3610,0,9.578125,-9.578125,-4.7890625,2,2255,False
*,95,39,95,39,3705,3705,0,9.296875,-9.296875,-4.6484375,2,2255,False
*,95,40,95,40,3800,3800,0,8.90625,-8.90625,-4.453125,2,2384,False
*,95,41,95,41,3895,3895,0,9.671875,-9.671875,-4.8359375,2,2255,False
*,95,42,95,42,3990,3990,0,9.484375,-9.484375,-4.7421875,2,2255,False
*,95,43,95,43,4085,4085,0,9.9921875,-9.9921875,-4.99609375,2,2255,False
*,95,44,95,44,4180,4180,0,10.234375,-10.234375,-5.1171875,2,2384,False
*,95,45,95,45,4275,4275,0,9.625,-9.625,-4.8125,2,2255,False
*,95,46,95,46,4370,4370,0,10.296875,-10.296875,-5.1484375,2,2255,False
*,95,47,95,47,4465,4465,0,10.2578125,-10.2578125,-5.12890625,2,2255,False
*,95,48,95,48,4560,4560,0,9.28125,-9.28125,-4.640625,2,2262,False
*,95,49,95,49,4655,4655,0,10.578125,-10.578125,-5.2890625,2,2255,False
*,95,50,95,50,4750,4750,0,9.7265625,-9.7265625,-4.86328125,2,2255,False
*,95,51,95,51,4845,4845,0,10.2734375,-10.2734375,-5.13671875,2,2255,False
*,95,52,95,52,4940,4940,0,9.96875,-9.96875,-4.984375,2,2256,False
*,95,53,95,53,5035,5035,0,10.25,-10.25,-5.125,2,2255,False
*,95,54,95,54,5130,5130,0,10.390625,-10.390625,-5.1953125,2,2255,False
*,95,55,95,55,5225,5225,0,10.109375,-10.109375,-5.0546875,2,2255,False
*,95,56,95,56,5320,5320,0,9.953125,-9.953125,-4.9765625,2,2384,False
*,95,57,95,57,5415,5415,0,10.6875,-10.6875,-5.34375,2,2255,False
*,95,58,95,58,5510,5510,0,11.078125,-11.078125,-5.5390625,2,2256,False
*,95,59,95,59,5605,5605,0,11.953125,-11.953125,-5.9765625,2,2255,False
*,95,60,95,60,5700,5700,0,10.625,-10.625,-5.3125,2,2255,False
*,95,61,95,61,5795,5795,0,11.1875,-11.1875,-5.59375,2,2255,False
*,95,62,95,62,5890,5890,0,11.0546875,-11.0546875,-5.52734375,2,2255,False
*,95,63,95,63,5985,5985,0,11.140625,-11.140625,-5.5703125,2,2255,False
*,95,64,95,64,6080,6080,0,10.40625,-10.40625,-5.203125,2,2255,False
*,95,65,95,65,6175,6175,0,10.7421875,-10.7421875,-5.37109375,2,2255,False
*,95,66,95,66,6270,6270,0,10.6484375,-10.6484375,-5.32421875,2,2384,False
*,95,67,95,67,6365,6365,0,11.2578125,-11.2578125,-5.62890625,2,2265,False
*,95,68,95,68,6460,6460,0,11.84375,-11.84375,-5.921875,2,2384,False
*,95,69,95,69,6555,6555,0,11.46875,-11.46875,-5.734375,2,2265,False
*,95,70,95,70,6650,6650,0,10.3671875,-10.3671875,-5.18359375,2,2384,False
*,95,71,95,71,6745,6745,0,10.78125,-10.78125,-5.390625,2,2255,False
*,95,72,95,72,6840,6840,0,10.0,-10.0,-5.0,2,2384,False
*,95,73,95,73,6935,6935,0,10.90625,-10.90625,-5.453125,2,2262,False
*,95,74,95,74,7030,7030,0,11.25,-11.25,-5.625,2,2384,False
*,95,75,95,75,7125,7125,0,10.40625,-10.40625,-5.203125,2,2255,False
*,95,76,95,76,7220,7220,0,11.328125,-11.328125,-5.6640625,2,2384,False
*,95,77,95,77,7315,7315,0,11.046875,-11.046875,-5.5234375,2,2255,False
*,95,78,95,78,7410,7410,0,11.875,-11.875,-5.9375,2,2384,False
*,95,79,95,79,7505,7505,0,11.5390625,-11.5390625,-5.76953125,2,2255,False
*,95,80,95,80,7600,7600,0,11.78125,-11.78125,-5.890625,2,2256,False
*,95,81,95,81,7695,7695,0,12.046875,-12.046875,-6.0234375,2,2255,False
*,95,82,95,82,7790,7790,0,11.5,-11.5,-5.75,2,2262,False
*,95,83,95,83,7885,7885,0,11.953125,-11.953125,-5.9765625,2,2255,False
*,95,84,95,84,7980,7980,0,10.96875,-10.96875,-5.484375,2,2384,False
*,95,85,95,85,8075,8075,1,11.2265625,-11.2265625,-5.61328125,2,2255,False
*,95,86,95,86,8170,8170,0,11.9453125,-11.9453125,-5.97265625,2,2256,False
*,95,87,95,87,8265,8265,0,11.921875,-11.921875,-5.9609375,2,2255,False
*,95,88,95,88,8360,8360,0,11.96875,-11.96875,-5.984375,2,2256,False
*,95,89,95,89,8455,8455,0,11.9609375,-11.9609375,-5.98046875,2,2255,False
*,95,90,95,90,8550,8550,0,11.921875,-11.921875,-5.9609375,2,2255,False
*,95,91,95,91,8645,8645,0,12.390625,-12.390625,-6.1953125,2,2255,False
*,95,92,95,92,8740,8740,0,11.5546875,-11.5546875,-5.77734375,2,2255,False
*,95,93,95,93,8835,8835,0,11.4453125,-11.4453125,-5.72265625,2,2255,False
*,95,94,95,94,8930,8930,0,11.46875,-11.46875,-5.734375,2,2255,False
*,95,95,95,95,9025,9025,3,10.7421875,-10.7421875,-5.37109375,2,2255,False
*,95,96,95,96,9120,9120,0,12.2265625,-12.2265625,-6.11328125,2,2255,False
*,95,97,95,97,9215,9215,0,11.3125,-11.3125,-5.65625,2,2255,False
*,95,98,95,98,9310,9310,0,11.4140625,-11.4140625,-5.70703125,2,2254,False
*,95,99,95,99,9405,9405,0,12.671875,-12.671875,-6.3359375,2,2255,False
*,96,10,96,10,960,960,1,7.2734375,-7.2734375,-3.63671875,2,2256,False
*,96,11,96,11,1056,1056,0,7.1171875,-7.1171875,-3.55859375,2,2255,False
*,96,12,96,12,1152,1152,0,6.9765625,-6.9765625,-3.48828125,2,2256,False
*,96,13,96,13,1248,1248,0,7.40625,-7.40625,-3.703125,2,2256,False
*,96,14,96,14,1344,1344,1,6.79296875,-6.79296875,-3.396484375,2,2256,False
*,96,15,96,15,1440,1440,0,7.46484375,-7.46484375,-3.732421875,2,2256,False
*,96,16,96,16,1536,1536,2,6.74609375,-6.74609375,-3.373046875,2,2256,False
*,96,17,96,17,1632,1632,0,7.546875,-7.546875,-3.7734375,2,2256,False
*,96,18,96,18,1728,1728,0,5.8125,-5.8125,-2.90625,2,2262,False
*,96,19,96,19,1824,1824,0,7.39453125,-7.39453125,-3.697265625,2,2254,False
*,96,20,96,20,1920,1920,0,6.84375,-6.84375,-6.84375,1,2256,False
*,96,21,96,21,2016,2016,0,7.94140625,-7.94140625,-7.94140625,1,2254,False
*,96,22,96,22,2112,2112,0,6.91015625,-6.91015625,-3.455078125,2,2254,False
*,96,23,96,23,2208,2208,0,7.41796875,-7.41796875,-3.708984375,2,2254,False
*,96,24,96,24,2304,2304,0,6.25390625,-6.25390625,-3.126953125,2,2254,False
*,96,25,96,25,2400,2400,0,6.3671875,-6.3671875,-3.18359375,2,2256,False
*,96,26,96,26,2496,2496,1,7.578125,-7.578125,-3.7890625,2,2262,False
*,96,27,96,27,2592,2592,0,7.3359375,-7.3359375,-3.66796875,2,2254,False
*,96,28,96,28,2688,2688,1,7.5390625,-7.5390625,-3.76953125,2,2384,False
*,96,29,96,29,2784,2784,0,8.4375,-8.4375,-4.21875,2,2256,False
*,96,30,96,30,2880,2880,0,7.6640625,-7.6640625,-3.83203125,2,2256,False
*,96,31,96,31,2976,2976,0,8.421875,-8.421875,-4.2109375,2,2256,False
*,96,32,96,32,3072,3072,1,7.15625,-7.15625,-3.578125,2,2384,False
*,96,33,96,33,3168,3168,0,8.59375,-8.59375,-4.296875,2,2384,False
*,96,34,96,34,3264,3264,0,7.609375,-7.609375,-3.8046875,2,2384,False
*,96,35,96,35,3360,3360,1,9.0,-9.0,-4.5,2,2384,False
*,96,36,96,36,3456,3456,1,7.0859375,-7.0859375,-3.54296875,2,2384,False
*,96,37,96,37,3552,3552,1,8.5078125,-8.5078125,-4.25390625,2,2384,False
*,96,38,96,38,3648,3648,1,8.546875,-8.546875,-4.2734375,2,2384,False
*,96,39,96,39,3744,3744,0,8.28125,-8.28125,-4.140625,2,2384,False
*,96,40,96,40,3840,3840,1,7.5703125,-7.5703125,-3.78515625,2,2384,False
*,96,41,96,41,3936,3936,0,8.703125,-8.703125,-4.3515625,2,2256,False
*,96,42,96,42,4032,4032,0,8.7578125,-8.7578125,-4.37890625,2,2256,False
*,96,43,96,43,4128,4128,0,8.9296875,-8.9296875,-4.46484375,2,2256,False
*,96,44,96,44,4224,4224,0,8.3046875,-8.3046875,-4.15234375,2,2384,False
*,96,45,96,45,4320,4320,0,8.734375,-8.734375,-4.3671875,2,2384,False
*,96,46,96,46,4416,4416,0,8.6953125,-8.6953125,-4.34765625,2,2262,False
*,96,47,96,47,4512,4512,0,8.9921875,-8.9921875,-4.49609375,2,2256,False
*,96,48,96,48,4608,4608,1,7.640625,-7.640625,-3.8203125,2,2384,False
*,96,49,96,49,4704,4704,0,8.9296875,-8.9296875,-4.46484375,2,2256,False
*,96,50,96,50,4800,4800,0,7.484375,-7.484375,-3.7421875,2,2256,False
*,96,51,96,51,4896,4896,0,9.328125,-9.328125,-4.6640625,2,2256,False
*,96,52,96,52,4992,4992,0,7.59375,-7.59375,-3.796875,2,2384,False
*,96,53,96,53,5088,5088,0,9.0703125,-9.0703125,-4.53515625,2,2256,False
*,96,54,96,54,5184,5184,0,8.140625,-8.140625,-4.0703125,2,2384,False
*,96,55,96,55,5280,5280,0,9.5234375,-9.5234375,-4.76171875,2,2256,False
*,96,56,96,56,5376,5376,0,8.890625,-8.890625,-4.4453125,2,2384,False
*,96,57,96,57,5472,5472,0,9.4375,-9.4375,-4.71875,2,2256,False
*,96,58,96,58,5568,5568,0,9.9140625,-9.9140625,-4.95703125,2,2256,False
*,96,59,96,59,5664,5664,0,10.203125,-10.203125,-5.1015625,2,2256,False
*,96,60,96,60,5760,5760,0,9.5546875,-9.5546875,-4.77734375,2,2256,False
*,96,61,96,61,5856,5856,0,10.734375,-10.734375,-5.3671875,2,2254,False
*,96,62,96,62,5952,5952,0,9.203125,-9.203125,-4.6015625,2,2256,False
*,96,63,96,63,6048,6048,0,9.484375,-9.484375,-4.7421875,2,2256,False
*,96,64,96,64,6144,6144,1,7.8828125,-7.8828125,-3.94140625,2,2256,False
*,96,65,96,65,6240,6240,0,10.078125,-10.078125,-5.0390625,2,2384,False
*,96,66,96,66,6336,6336,0,9.46875,-9.46875,-4.734375,2,2384,False
*,96,67,96,67,6432,6432,0,9.9140625,-9.9140625,-4.95703125,2,2384,False
*,96,68,96,68,6528,6528,0,9.9296875,-9.9296875,-4.96484375,2,2384,False
*,96,69,96,69,6624,6624,0,10.0078125,-10.0078125,-5.00390625,2,2384,False
*,96,70,96,70,6720,6720,0,9.890625,-9.890625,-4.9453125,2,2384,False
*,96,71,96,71,6816,6816,0,10.1953125,-10.1953125,-5.09765625,2,2256,False
*,96,72,96,72,6912,6912,0,9.734375,-9.734375,-4.8671875,2,2384,False
*,96,73,96,73,7008,7008,0,10.4609375,-10.4609375,-5.23046875,2,2384,False
*,96,74,96,74,7104,7104,0,10.109375,-10.109375,-5.0546875,2,2384,False
*,96,75,96,75,7200,7200,0,10.3125,-10.3125,-5.15625,2,2384,False
*,96,76,96,76,7296,7296,0,9.984375,-9.984375,-4.9921875,2,2384,False
*,96,77,96,77,7392,7392,0,10.578125,-10.578125,-5.2890625,2,2384,False
*,96,78,96,78,7488,7488,0,10.875,-10.875,-5.4375,2,2384,False
*,96,79,96,79,7584,7584,0,10.5546875,-10.5546875,-5.27734375,2,2384,False
*,96,80,96,80,7680,7680,0,9.828125,-9.828125,-4.9140625,2,2384,False
*,96,81,96,81,7776,7776,0,10.3515625,-10.3515625,-5.17578125,2,2256,False
*,96,82,96,82,7872,7872,0,10.84375,-10.84375,-5.421875,2,2256,False
*,96,83,96,83,7968,7968,0,10.8125,-10.8125,-5.40625,2,2256,False
*,96,84,96,84,8064,8064,0,9.984375,-9.984375,-4.9921875,2,2384,False
*,96,85,96,85,8160,8160,0,10.5,-10.5,-5.25,2,2256,False
*,96,86,96,86,8256,8256,0,10.140625,-10.140625,-5.0703125,2,2256,False
*,96,87,96,87,8352,8352,0,11.546875,-11.546875,-5.7734375,2,2256,False
*,96,88,96,88,8448,8448,0,10.0546875,-10.0546875,-5.02734375,2,2384,False
*,96,89,96,89,8544,8544,0,10.7578125,-10.7578125,-5.37890625,2,2256,False
*,96,90,96,90,8640,8640,0,10.578125,-10.578125,-5.2890625,2,2256,False
*,96,91,96,91,8736,8736,0,11.1796875,-11.1796875,-5.58984375,2,2256,False
*,96,92,96,92,8832,8832,0,10.7890625,-10.7890625,-5.39453125,2,2256,False
*,96,93,96,93,8928,8928,0,11.0,-11.0,-5.5,2,2254,False
*,96,94,96,94,9024,9024,0,10.7109375,-10.7109375,-5.35546875,2,2256,False
*,96,95,96,95,9120,9120,0,11.8359375,-11.8359375,-5.91796875,2,2256,False
*,96,96,96,96,9216,9216,8,8.453125,-8.453125,-4.2265625,2,2256,False
*,96,97,96,97,9312,9312,2,11.5859375,-11.5859375,-5.79296875,2,2255,False
*,96,98,96,98,9408,9408,0,10.6875,-10.6875,-5.34375,2,2254,False
*,96,99,96,99,9504,9504,0,11.9140625,-11.9140625,-5.95703125,2,2255,False
*,97,10,97,10,970,970,0,8.046875,-8.046875,-4.0234375,2,2255,False
*,97,11,97,11,1067,1067,0,7.6875,-7.6875,-3.84375,2,2255,False
*,97,12,97,12,1164,1164,0,7.9375,-7.9375,-3.96875,2,2255,False
*,97,13,97,13,1261,1261,0,8.2578125,-8.2578125,-4.12890625,2,2255,False
*,97,14,97,14,1358,1358,0,7.5234375,-7.5234375,-3.76171875,2,2255,False
*,97,15,97,15,1455,1455,1,7.75,-7.75,-3.875,2,2255,False
*,97,16,97,16,1552,1552,0,7.47265625,-7.47265625,-3.736328125,2,2255,False
*,97,17,97,17,1649,1649,0,7.4140625,-7.4140625,-3.70703125,2,2255,False
*,97,18,97,18,1746,1746,0,7.53125,-7.53125,-3.765625,2,2255,False
*,97,19,97,19,1843,1843,0,7.53515625,-7.53515625,-3.767578125,2,2255,False
*,97,20,97,20,1940,1940,0,6.984375,-6.984375,-6.984375,1,2255,False
*,97,21,97,21,2037,2037,0,7.55859375,-7.55859375,-3.779296875,2,2255,False
*,97,22,97,22,2134,2134,0,7.4453125,-7.4453125,-3.72265625,2,2255,False
*,97,23,97,23,2231,2231,0,5.91796875,-5.91796875,-2.958984375,2,2255,False
*,97,24,97,24,2328,2328,0,7.609375,-7.609375,-3.8046875,2,2255,False
*,97,25,97,25,2425,2425,0,7.765625,-7.765625,-3.8828125,2,2255,False
*,97,26,97,26,2522,2522,0,8.21875,-8.21875,-4.109375,2,2255,False
*,97,27,97,27,2619,2619,0,8.3125,-8.3125,-4.15625,2,2255,False
*,97,28,97,28,2716,2716,0,8.421875,-8.421875,-4.2109375,2,2255,False
*,97,29,97,29,2813,2813,0,8.578125,-8.578125,-4.2890625,2,2255,False
*,97,30,97,30,2910,2910,0,8.78125,-8.78125,-4.390625,2,2255,False
*,97,31,97,31,3007,3007,0,9.4296875,-9.4296875,-4.71484375,2,2255,False
*,97,32,97,32,3104,3104,0,8.4296875,-8.4296875,-4.21484375,2,2255,False
*,97,33,97,33,3201,3201,0,9.578125,-9.578125,-4.7890625,2,2255,False
*,97,34,97,34,3298,3298,0,9.5078125,-9.5078125,-4.75390625,2,2255,False
*,97,35,97,35,3395,3395,0,9.171875,-9.171875,-4.5859375,2,2255,False
*,97,36,97,36,3492,3492,0,8.890625,-8.890625,-4.4453125,2,2265,False
*,97,37,97,37,3589,3589,0,9.3125,-9.3125,-4.65625,2,2255,False
*,97,38,97,38,3686,3686,0,9.234375,-9.234375,-4.6171875,2,2255,False
*,97,39,97,39,3783,3783,0,9.328125,-9.328125,-4.6640625,2,2255,False
*,97,40,97,40,3880,3880,0,8.828125,-8.828125,-4.4140625,2,2255,False
*,97,41,97,41,3977,3977,0,10.078125,-10.078125,-5.0390625,2,2255,False
*,97,42,97,42,4074,4074,0,9.5078125,-9.5078125,-4.75390625,2,2255,False
*,97,43,97,43,4171,4171,0,10.6328125,-10.6328125,-5.31640625,2,2255,False
*,97,44,97,44,4268,4268,0,10.09375,-10.09375,-5.046875,2,2255,False
*,97,45,97,45,4365,4365,0,10.1875,-10.1875,-5.09375,2,2255,False
*,97,46,97,46,4462,4462,0,10.296875,-10.296875,-5.1484375,2,2255,False
*,97,47,97,47,4559,4559,1,9.84375,-9.84375,-4.921875,2,2255,False
*,97,48,97,48,4656,4656,0,9.8515625,-9.8515625,-4.92578125,2,2255,False
*,97,49,97,49,4753,4753,0,10.453125,-10.453125,-5.2265625,2,2255,False
*,97,50,97,50,4850,4850,0,9.8125,-9.8125,-4.90625,2,2255,False
*,97,51,97,51,4947,4947,0,10.3125,-10.3125,-5.15625,2,2255,False
*,97,52,97,52,5044,5044,0,9.796875,-9.796875,-4.8984375,2,2255,False
*,97,53,97,53,5141,5141,0,10.453125,-10.453125,-5.2265625,2,2255,False
*,97,54,97,54,5238,5238,0,10.296875,-10.296875,-5.1484375,2,2255,False
*,97,55,97,55,5335,5335,0,11.3125,-11.3125,-5.65625,2,2255,False
*,97,56,97,56,5432,5432,0,10.734375,-10.734375,-5.3671875,2,2255,False
*,97,57,97,57,5529,5529,0,11.1875,-11.1875,-5.59375,2,2255,False
*,97,58,97,58,5626,5626,0,11.515625,-11.515625,-5.7578125,2,2255,False
*,97,59,97,59,5723,5723,0,11.296875,-11.296875,-5.6484375,2,2255,False
*,97,60,97,60,5820,5820,0,10.9609375,-10.9609375,-5.48046875,2,2255,False
*,97,61,97,61,5917,5917,0,11.5625,-11.5625,-5.78125,2,2255,False
*,97,62,97,62,6014,6014,0,11.7265625,-11.7265625,-5.86328125,2,2255,False
*,97,63,97,63,6111,6111,0,11.140625,-11.140625,-5.5703125,2,2255,False
*,97,64,97,64,6208,6208,0,10.2890625,-10.2890625,-5.14453125,2,2255,False
*,97,65,97,65,6305,6305,0,11.015625,-11.015625,-5.5078125,2,2255,False
*,97,66,97,66,6402,6402,0,11.375,-11.375,-5.6875,2,2265,False
*,97,67,97,67,6499,6499,0,11.1640625,-11.1640625,-5.58203125,2,2255,False
*,97,68,97,68,6596,6596,0,11.6328125,-11.6328125,-5.81640625,2,2255,False
*,97,69,97,69,6693,6693,0,11.625,-11.625,-5.8125,2,2255,False
*,97,70,97,70,6790,6790,0,11.140625,-11.140625,-5.5703125,2,2255,False
*,97,71,97,71,6887,6887,0,12.4375,-12.4375,-6.21875,2,2255,False
*,97,72,97,72,6984,6984,0,10.5625,-10.5625,-5.28125,2,2255,False
*,97,73,97,73,7081,7081,0,12.0078125,-12.0078125,-6.00390625,2,2255,False
*,97,74,97,74,7178,7178,0,12.28125,-12.28125,-6.140625,2,2255,False
*,97,75,97,75,7275,7275,0,11.390625,-11.390625,-5.6953125,2,2255,False
*,97,76,97,76,7372,7372,0,12.4765625,-12.4765625,-6.23828125,2,2255,False
*,97,77,97,77,7469,7469,0,11.375,-11.375,-5.6875,2,2255,False
*,97,78,97,78,7566,7566,0,11.4375,-11.4375,-5.71875,2,2255,False
*,97,79,97,79,7663,7663,0,12.25,-12.25,-6.125,2,2255,False
*,97,80,97,80,7760,7760,0,10.921875,-10.921875,-5.4609375,2,2255,False
*,97,81,97,81,7857,7857,0,12.640625,-12.640625,-6.3203125,2,2255,False
*,97,82,97,82,7954,7954,0,12.59375,-12.59375,-6.296875,2,2255,False
*,97,83,97,83,8051,8051,0,12.3671875,-12.3671875,-6.18359375,2,2255,False
*,97,84,97,84,8148,8148,0,12.265625,-12.265625,-6.1328125,2,2255,False
*,97,85,97,85,8245,8245,0,12.109375,-12.109375,-6.0546875,2,2255,False
*,97,86,97,86,8342,8342,0,12.9375,-12.9375,-6.46875,2,2255,False
*,97,87,97,87,8439,8439,0,12.34375,-12.34375,-6.171875,2,2255,False
*,97,88,97,88,8536,8536,0,11.5703125,-11.5703125,-5.78515625,2,2255,False
*,97,89,97,89,8633,8633,0,12.015625,-12.015625,-6.0078125,2,2255,False
*,97,90,97,90,8730,8730,0,11.9140625,-11.9140625,-5.95703125,2,2255,False
*,97,91,97,91,8827,8827,0,12.359375,-12.359375,-6.1796875,2,2255,False
*,97,92,97,92,8924,8924,0,11.6328125,-11.6328125,-5.81640625,2,2255,False
*,97,93,97,93,9021,9021,0,12.375,-12.375,-6.1875,2,2255,False
*,97,94,97,94,9118,9118,0,13.796875,-13.796875,-6.8984375,2,2255,False
*,97,95,97,95,9215,9215,0,11.4921875,-11.4921875,-5.74609375,2,2255,False
*,97,96,97,96,9312,9312,1,11.59375,-11.59375,-5.796875,2,2255,False
*,97,97,97,97,9409,9409,0,12.1875,-12.1875,-6.09375,2,2255,False
*,97,98,97,98,9506,9506,0,12.5234375,-12.5234375,-6.26171875,2,2255,False
*,97,99,97,99,9603,9603,0,13.40625,-13.40625,-6.703125,2,2255,False
*,98,10,98,10,980,980,0,8.109375,-8.109375,-4.0546875,2,2254,False
*,98,11,98,11,1078,1078,0,9.03125,-9.03125,-4.515625,2,2254,False
*,98,12,98,12,1176,1176,0,8.4296875,-8.4296875,-4.21484375,2,2254,False
*,98,13,98,13,1274,1274,0,8.3828125,-8.3828125,-4.19140625,2,2254,False
*,98,14,98,14,1372,1372,0,7.93359375,-7.93359375,-3.966796875,2,2254,False
*,98,15,98,15,1470,1470,0,8.5234375,-8.5234375,-4.26171875,2,2254,False
*,98,16,98,16,1568,1568,0,7.578125,-7.578125,-3.7890625,2,2254,False
*,98,17,98,17,1666,1666,0,8.296875,-8.296875,-4.1484375,2,2254,False
*,98,18,98,18,1764,1764,0,7.01171875,-7.01171875,-3.505859375,2,2254,False
*,98,19,98,19,1862,1862,0,8.5625,-8.5625,-8.5625,1,2254,False
*,98,20,98,20,1960,1960,0,7.671875,-7.671875,-7.671875,1,2254,False
*,98,21,98,21,2058,2058,0,7.4140625,-7.4140625,-3.70703125,2,2254,False
*,98,22,98,22,2156,2156,0,7.7265625,-7.7265625,-3.86328125,2,2254,False
*,98,23,98,23,2254,2254,0,0.9931640625,-0.9931640625,-0.49658203125,2,2254,True
*,98,24,98,24,2352,2352,6,6.09765625,-6.09765625,-3.048828125,2,2254,False
*,98,25,98,25,2450,2450,0,7.484375,-7.484375,-3.7421875,2,2254,False
*,98,26,98,26,2548,2548,0,7.421875,-7.421875,-3.7109375,2,2254,False
*,98,27,98,27,2646,2646,0,8.15625,-8.15625,-4.078125,2,2254,False
*,98,28,98,28,2744,2744,0,7.6875,-7.6875,-3.84375,2,2254,False
*,98,29,98,29,2842,2842,0,8.3984375,-8.3984375,-4.19921875,2,2254,False
*,98,30,98,30,2940,2940,0,8.296875,-8.296875,-4.1484375,2,2254,False
*,98,31,98,31,3038,3038,1,9.65625,-9.65625,-4.828125,2,2254,False
*,98,32,98,32,3136,3136,0,8.21875,-8.21875,-4.109375,2,2254,False
*,98,33,98,33,3234,3234,0,8.8515625,-8.8515625,-4.42578125,2,2254,False
*,98,34,98,34,3332,3332,0,8.859375,-8.859375,-4.4296875,2,2254,False
*,98,35,98,35,3430,3430,0,9.7890625,-9.7890625,-4.89453125,2,2254,False
*,98,36,98,36,3528,3528,0,8.2734375,-8.2734375,-4.13671875,2,2254,False
*,98,37,98,37,3626,3626,0,9.5546875,-9.5546875,-4.77734375,2,2254,False
*,98,38,98,38,3724,3724,0,9.3046875,-9.3046875,-4.65234375,2,2254,False
*,98,39,98,39,3822,3822,0,9.46875,-9.46875,-4.734375,2,2254,False
*,98,40,98,40,3920,3920,0,9.140625,-9.140625,-4.5703125,2,2254,False
*,98,41,98,41,4018,4018,0,9.546875,-9.546875,-4.7734375,2,2254,False
*,98,42,98,42,4116,4116,0,9.484375,-9.484375,-4.7421875,2,2254,False
*,98,43,98,43,4214,4214,0,9.0703125,-9.0703125,-4.53515625,2,2254,False
*,98,44,98,44,4312,4312,0,9.3203125,-9.3203125,-4.66015625,2,2254,False
*,98,45,98,45,4410,4410,0,9.25,-9.25,-4.625,2,2254,False
*,98,46,98,46,4508,4508,0,7.21875,-7.21875,-3.609375,2,2254,False
*,98,47,98,47,4606,4606,0,10.375,-10.375,-5.1875,2,2254,False
*,98,48,98,48,4704,4704,0,9.203125,-9.203125,-4.6015625,2,2254,False
*,98,49,98,49,4802,4802,1,9.3671875,-9.3671875,-4.68359375,2,2254,False
*,98,50,98,50,4900,4900,0,9.359375,-9.359375,-4.6796875,2,2254,False
*,98,51,98,51,4998,4998,0,10.765625,-10.765625,-5.3828125,2,2254,False
*,98,52,98,52,5096,5096,0,9.703125,-9.703125,-4.8515625,2,2254,False
*,98,53,98,53,5194,5194,0,10.21875,-10.21875,-5.109375,2,2254,False
*,98,54,98,54,5292,5292,0,9.453125,-9.453125,-4.7265625,2,2254,False
*,98,55,98,55,5390,5390,0,11.328125,-11.328125,-5.6640625,2,2254,False
*,98,56,98,56,5488,5488,0,10.5625,-10.5625,-5.28125,2,2254,False
*,98,57,98,57,5586,5586,0,10.9921875,-10.9921875,-5.49609375,2,2254,False
*,98,58,98,58,5684,5684,0,11.625,-11.625,-5.8125,2,2254,False
*,98,59,98,59,5782,5782,0,11.8203125,-11.8203125,-5.91015625,2,2254,False
*,98,60,98,60,5880,5880,0,10.546875,-10.546875,-5.2734375,2,2254,False
*,98,61,98,61,5978,5978,0,11.96875,-11.96875,-5.984375,2,2254,False
*,98,62,98,62,6076,6076,0,10.828125,-10.828125,-5.4140625,2,2254,False
*,98,63,98,63,6174,6174,0,11.4609375,-11.4609375,-5.73046875,2,2254,False
*,98,64,98,64,6272,6272,0,10.203125,-10.203125,-5.1015625,2,2254,False
*,98,65,98,65,6370,6370,0,11.859375,-11.859375,-5.9296875,2,2254,False
*,98,66,98,66,6468,6468,0,11.5625,-11.5625,-5.78125,2,2254,False
*,98,67,98,67,6566,6566,0,10.96875,-10.96875,-5.484375,2,2254,False
*,98,68,98,68,6664,6664,0,10.046875,-10.046875,-5.0234375,2,2254,False
*,98,69,98,69,6762,6762,0,11.265625,-11.265625,-5.6328125,2,2254,False
*,98,70,98,70,6860,6860,0,11.3125,-11.3125,-5.65625,2,2254,False
*,98,71,98,71,6958,6958,0,11.796875,-11.796875,-5.8984375,2,2254,False
*,98,72,98,72,7056,7056,0,10.015625,-10.015625,-5.0078125,2,2254,False
*,98,73,98,73,7154,7154,0,11.453125,-11.453125,-5.7265625,2,2254,False
*,98,74,98,74,7252,7252,0,10.703125,-10.703125,-5.3515625,2,2254,False
*,98,75,98,75,7350,7350,0,11.1875,-11.1875,-5.59375,2,2254,False
*,98,76,98,76,7448,7448,0,11.484375,-11.484375,-5.7421875,2,2254,False
*,98,77,98,77,7546,7546,0,10.734375,-10.734375,-5.3671875,2,2254,False
*,98,78,98,78,7644,7644,0,11.625,-11.625,-5.8125,2,2254,False
*,98,79,98,79,7742,7742,0,11.3984375,-11.3984375,-5.69921875,2,2254,False
*,98,80,98,80,7840,7840,0,10.140625,-10.140625,-5.0703125,2,2254,False
*,98,81,98,81,7938,7938,0,11.25,-11.25,-5.625,2,2254,False
*,98,82,98,82,8036,8036,0,11.1875,-11.1875,-5.59375,2,2254,False
*,98,83,98,83,8134,8134,0,11.5625,-11.5625,-5.78125,2,2254,False
*,98,84,98,84,8232,8232,0,9.96875,-9.96875,-4.984375,2,2254,False
*,98,85,98,85,8330,8330,0,11.40625,-11.40625,-5.703125,2,2254,False
*,98,86,98,86,8428,8428,0,11.109375,-11.109375,-5.5546875,2,2254,False
*,98,87,98,87,8526,8526,0,11.34375,-11.34375,-5.671875,2,2254,False
*,98,88,98,88,8624,8624,0,10.5,-10.5,-5.25,2,2254,False
*,98,89,98,89,8722,8722,0,11.671875,-11.671875,-5.8359375,2,2254,False
*,98,90,98,90,8820,8820,0,10.96875,-10.96875,-5.484375,2,2254,False
*,98,91,98,91,8918,8918,0,10.9375,-10.9375,-5.46875,2,2254,False
*,98,92,98,92,9016,9016,0,12.328125,-12.328125,-6.1640625,2,2254,False
*,98,93,98,93,9114,9114,0,13.25,-13.25,-6.625,2,2254,False
*,98,94,98,94,9212,9212,0,11.2109375,-11.2109375,-5.60546875,2,2254,False
*,98,95,98,95,9310,9310,0,11.71875,-11.71875,-5.859375,2,2254,False
*,98,96,98,96,9408,9408,0,11.5625,-11.5625,-5.78125,2,2254,False
*,98,97,98,97,9506,9506,1,13.421875,-13.421875,-6.7109375,2,2254,False
*,98,98,98,98,9604,9604,1,11.5859375,-11.5859375,-5.79296875,2,2254,False
*,98,99,98,99,9702,9702,0,12.921875,-12.921875,-6.4609375,2,2254,False
*,99,10,99,10,990,990,0,8.1796875,-8.1796875,-4.08984375,2,2255,False
*,99,11,99,11,1089,1089,0,7.5390625,-7.5390625,-3.76953125,2,2255,False
*,99,12,99,12,1188,1188,0,7.484375,-7.484375,-3.7421875,2,2255,False
*,99,13,99,13,1287,1287,0,8.296875,-8.296875,-4.1484375,2,2255,False
*,99,14,99,14,1386,1386,0,7.55859375,-7.55859375,-3.779296875,2,2255,False
*,99,15,99,15,1485,1485,0,8.2421875,-8.2421875,-4.12109375,2,2255,False
*,99,16,99,16,1584,1584,0,7.44140625,-7.44140625,-3.720703125,2,2255,False
*,99,17,99,17,1683,1683,0,7.96875,-7.96875,-3.984375,2,2255,False
*,99,18,99,18,1782,1782,0,7.80078125,-7.80078125,-3.900390625,2,2255,False
*,99,19,99,19,1881,1881,0,7.78125,-7.78125,-7.78125,1,2255,False
*,99,20,99,20,1980,1980,2,7.65625,-7.65625,-7.65625,1,2255,False
*,99,21,99,21,2079,2079,0,7.74609375,-7.74609375,-3.873046875,2,2255,False
*,99,22,99,22,2178,2178,0,8.3515625,-8.3515625,-4.17578125,2,2255,False
*,99,23,99,23,2277,2277,0,6.64453125,-6.64453125,-3.322265625,2,2254,False
*,99,24,99,24,2376,2376,0,7.5625,-7.5625,-3.78125,2,2255,False
*,99,25,99,25,2475,2475,0,7.94140625,-7.94140625,-3.970703125,2,2255,False
*,99,26,99,26,2574,2574,0,7.75390625,-7.75390625,-3.876953125,2,2265,False
*,99,27,99,27,2673,2673,0,8.625,-8.625,-4.3125,2,2255,False
*,99,28,99,28,2772,2772,0,8.09375,-8.09375,-4.046875,2,2255,False
*,99,29,99,29,2871,2871,0,8.6171875,-8.6171875,-4.30859375,2,2255,False
*,99,30,99,30,2970,2970,0,8.640625,-8.640625,-4.3203125,2,2255,False
*,99,31,99,31,3069,3069,0,9.09375,-9.09375,-4.546875,2,2255,False
*,99,32,99,32,3168,3168,0,8.3203125,-8.3203125,-4.16015625,2,2255,False
*,99,33,99,33,3267,3267,1,9.375,-9.375,-4.6875,2,2255,False
*,99,34,99,34,3366,3366,0,8.90625,-8.90625,-4.453125,2,2255,False
*,99,35,99,35,3465,3465,0,8.984375,-8.984375,-4.4921875,2,2255,False
*,99,36,99,36,3564,3564,0,8.5625,-8.5625,-4.28125,2,2265,False
*,99,37,99,37,3663,3663,0,9.421875,-9.421875,-4.7109375,2,2255,False
*,99,38,99,38,3762,3762,0,8.90625,-8.90625,-4.453125,2,2255,False
*,99,39,99,39,3861,3861,0,8.8671875,-8.8671875,-4.43359375,2,2255,False
*,99,40,99,40,3960,3960,0,9.0,-9.0,-4.5,2,2255,False
*,99,41,99,41,4059,4059,0,9.7890625,-9.7890625,-4.89453125,2,2255,False
*,99,42,99,42,4158,4158,0,9.8046875,-9.8046875,-4.90234375,2,2255,False
*,99,43,99,43,4257,4257,0,9.65625,-9.65625,-4.828125,2,2255,False
*,99,44,99,44,4356,4356,0,9.328125,-9.328125,-4.6640625,2,2255,False
*,99,45,99,45,4455,4455,0,9.0078125,-9.0078125,-4.50390625,2,2255,False
*,99,46,99,46,4554,4554,0,8.6640625,-8.6640625,-4.33203125,2,2255,False
*,99,47,99,47,4653,4653,0,10.3671875,-10.3671875,-5.18359375,2,2255,False
*,99,48,99,48,4752,4752,0,8.75,-8.75,-4.375,2,2265,False
*,99,49,99,49,4851,4851,0,11.0,-11.0,-5.5,2,2255,False
*,99,50,99,50,4950,4950,0,9.96875,-9.96875,-4.984375,2,2255,False
*,99,51,99,51,5049,5049,0,10.1015625,-10.1015625,-5.05078125,2,2255,False
*,99,52,99,52,5148,5148,0,9.578125,-9.578125,-4.7890625,2,2255,False
*,99,53,99,53,5247,5247,1,10.296875,-10.296875,-5.1484375,2,2255,False
*,99,54,99,54,5346,5346,0,10.359375,-10.359375,-5.1796875,2,2255,False
*,99,55,99,55,5445,5445,0,10.4921875,-10.4921875,-5.24609375,2,2255,False
*,99,56,99,56,5544,5544,0,9.078125,-9.078125,-4.5390625,2,2256,False
*,99,57,99,57,5643,5643,0,10.8359375,-10.8359375,-5.41796875,2,2255,False
*,99,58,99,58,5742,5742,0,10.5625,-10.5625,-5.28125,2,2255,False
*,99,59,99,59,5841,5841,0,11.5390625,-11.5390625,-5.76953125,2,2255,False
*,99,60,99,60,5940,5940,0,10.359375,-10.359375,-5.1796875,2,2255,False
*,99,61,99,61,6039,6039,0,11.34375,-11.34375,-5.671875,2,2255,False
*,99,62,99,62,6138,6138,0,11.125,-11.125,-5.5625,2,2255,False
*,99,63,99,63,6237,6237,0,10.90625,-10.90625,-5.453125,2,2255,False
*,99,64,99,64,6336,6336,0,10.046875,-10.046875,-5.0234375,2,2255,False
*,99,65,99,65,6435,6435,0,11.46875,-11.46875,-5.734375,2,2265,False
*,99,66,99,66,6534,6534,0,11.078125,-11.078125,-5.5390625,2,2265,False
*,99,67,99,67,6633,6633,0,10.8515625,-10.8515625,-5.42578125,2,2265,False
*,99,68,99,68,6732,6732,0,10.84375,-10.84375,-5.421875,2,2265,False
*,99,69,99,69,6831,6831,0,11.109375,-11.109375,-5.5546875,2,2265,False
*,99,70,99,70,6930,6930,0,11.078125,-11.078125,-5.5390625,2,2265,False
*,99,71,99,71,7029,7029,0,10.71875,-10.71875,-5.359375,2,2255,False
*,99,72,99,72,7128,7128,0,10.34375,-10.34375,-5.171875,2,2265,False
*,99,73,99,73,7227,7227,0,11.5546875,-11.5546875,-5.77734375,2,2265,False
*,99,74,99,74,7326,7326,0,11.5078125,-11.5078125,-5.75390625,2,2265,False
*,99,75,99,75,7425,7425,0,10.4765625,-10.4765625,-5.23828125,2,2255,False
*,99,76,99,76,7524,7524,0,10.5625,-10.5625,-5.28125,2,2265,False
*,99,77,99,77,7623,7623,0,11.28125,-11.28125,-5.640625,2,2255,False
*,99,78,99,78,7722,7722,0,11.7890625,-11.7890625,-5.89453125,2,2265,False
*,99,79,99,79,7821,7821,0,11.90625,-11.90625,-5.953125,2,2265,False
*,99,80,99,80,7920,7920,0,10.8359375,-10.8359375,-5.41796875,2,2255,False
*,99,81,99,81,8019,8019,0,12.296875,-12.296875,-6.1484375,2,2255,False
*,99,82,99,82,8118,8118,0,12.234375,-12.234375,-6.1171875,2,2255,False
*,99,83,99,83,8217,8217,0,10.953125,-10.953125,-5.4765625,2,2255,False
*,99,84,99,84,8316,8316,0,10.90625,-10.90625,-5.453125,2,2265,False
*,99,85,99,85,8415,8415,0,11.3515625,-11.3515625,-5.67578125,2,2255,False
*,99,86,99,86,8514,8514,0,11.75,-11.75,-5.875,2,2265,False
*,99,87,99,87,8613,8613,0,11.53125,-11.53125,-5.765625,2,2265,False
*,99,88,99,88,8712,8712,0,11.578125,-11.578125,-5.7890625,2,2255,False
*,99,89,99,89,8811,8811,0,11.5546875,-11.5546875,-5.77734375,2,2255,False
*,99,90,99,90,8910,8910,0,11.4375,-11.4375,-5.71875,2,2255,False
*,99,91,99,91,9009,9009,1,13.8515625,-13.8515625,-6.92578125,2,2255,False
*,99,92,99,92,9108,9108,0,13.2109375,-13.2109375,-6.60546875,2,2255,False
*,99,93,99,93,9207,9207,0,13.3359375,-13.3359375,-6.66796875,2,2255,False
*,99,94,99,94,9306,9306,0,13.234375,-13.234375,-6.6171875,2,2255,False
*,99,95,99,95,9405,9405,0,13.0625,-13.0625,-6.53125,2,2255,False
*,99,96,99,96,9504,9504,1,12.3671875,-12.3671875,-6.18359375,2,2255,False
*,99,97,99,97,9603,9603,1,13.6640625,-13.6640625,-6.83203125,2,2255,False
*,99,98,99,98,9702,9702,2,12.59375,-12.59375,-6.296875,2,2255,False
*,99,99,99,99,9801,9801,10,11.109375,-11.109375,-5.5546875,2,2255,False
