op,a,b,x,y,answer,problem_size,freq,surprisal,target_logprob,avg_target_logprob,n_target_tokens,prediction,correct
+,10,10,10,10,20,20,228,0.425048828125,-0.425048828125,-0.425048828125,1,20,True
+,10,11,10,11,21,21,21,0.783203125,-0.783203125,-0.783203125,1,21,True
+,10,12,10,12,22,22,31,0.378173828125,-0.378173828125,-0.378173828125,1,22,True
+,10,13,10,13,23,23,17,0.896484375,-0.896484375,-0.896484375,1,23,True
+,10,14,10,14,24,24,13,1.72265625,-1.72265625,-1.72265625,1,28,False
+,10,15,10,15,25,25,56,0.859375,-0.859375,-0.859375,1,25,True
+,10,16,10,16,26,26,18,0.91259765625,-0.91259765625,-0.91259765625,1,26,True
+,10,17,10,17,27,27,8,2.1328125,-2.1328125,-2.1328125,1,37,False
+,10,18,10,18,28,28,8,1.1083984375,-1.1083984375,-1.1083984375,1,28,True
+,10,19,10,19,29,29,1,1.4287109375,-1.4287109375,-1.4287109375,1,29,True
+,10,20,10,20,30,30,89,0.6357421875,-0.6357421875,-0.6357421875,1,30,True
+,10,21,10,21,31,31,7,0.7578125,-0.7578125,-0.7578125,1,31,True
+,10,22,10,22,32,32,17,0.96630859375,-0.96630859375,-0.96630859375,1,32,True
+,10,23,10,23,33,33,5,1.3564453125,-1.3564453125,-1.3564453125,1,33,True
+,10,24,10,24,34,34,8,0.9580078125,-0.9580078125,-0.9580078125,1,34,True
+,10,25,10,25,35,35,15,1.0986328125,-1.0986328125,-1.0986328125,1,35,True
+,10,26,10,26,36,36,6,0.7294921875,-0.7294921875,-0.7294921875,1,36,True
+,10,27,10,27,37,37,2,1.26953125,-1.26953125,-1.26953125,1,37,True
+,10,28,10,28,38,38,1,0.53662109375,-0.53662109375,-0.53662109375,1,38,True
+,10,29,10,29,39,39,2,1.166015625,-1.166015625,-1.166015625,1,39,True
+,10,30,10,30,40,40,32,0.66357421875,-0.66357421875,-0.66357421875,1,40,True
+,10,31,10,31,41,41,1,0.29150390625,-0.29150390625,-0.29150390625,1,41,True
+,10,32,10,32,42,42,3,0.66259765625,-0.66259765625,-0.66259765625,1,42,True
+,10,33,10,33,43,43,1,1.154296875,-1.154296875,-1.154296875,1,43,True
+,10,34,10,34,44,44,1,1.498046875,-1.498046875,-1.498046875,1,44,True
+,10,35,10,35,45,45,2,1.2958984375,-1.2958984375,-1.2958984375,1,55,False
+,10,36,10,36,46,46,4,0.69384765625,-0.69384765625,-0.69384765625,1,46,True
+,10,37,10,37,47,47,0,1.4033203125,-1.4033203125,-1.4033203125,1,47,True
+,10,38,10,38,48,48,2,1.6630859375,-1.6630859375,-1.6630859375,1,48,True
+,10,39,10,39,49,49,0,1.228515625,-1.228515625,-1.228515625,1,49,True
+,10,40,10,40,50,50,10,0.2452392578125,-0.2452392578125,-0.2452392578125,1,50,True
+,10,41,10,41,51,51,0,1.05078125,-1.05078125,-1.05078125,1,51,True
+,10,42,10,42,52,52,0,1.162109375,-1.162109375,-1.162109375,1,52,True
+,10,43,10,43,53,53,0,1.171875,-1.171875,-1.171875,1,53,True
+,10,44,10,44,54,54,0,1.505859375,-1.505859375,-1.505859375,1,54,True
+,10,45,10,45,55,55,10,0.50830078125,-0.50830078125,-0.50830078125,1,55,True
+,10,46,10,46,56,56,0,0.90380859375,-0.90380859375,-0.90380859375,1,56,True
+,10,47,10,47,57,57,0,1.9560546875,-1.9560546875,-1.9560546875,1,67,False
+,10,48,10,48,58,58,1,1.048828125,-1.048828125,-1.048828125,1,58,True
+,10,49,10,49,59,59,1,2.40625,-2.40625,-2.40625,1,49,False
+,10,50,10,50,60,60,13,2.06640625,-2.06640625,-2.06640625,1,70,False
+,10,51,10,51,61,61,0,1.439453125,-1.439453125,-1.439453125,1,61,True
+,10,52,10,52,62,62,0,0.93115234375,-0.93115234375,-0.93115234375,1,62,True
+,10,53,10,53,63,63,0,2.373046875,-2.373046875,-2.373046875,1,73,False
+,10,54,10,54,64,64,0,1.861328125,-1.861328125,-1.861328125,1,64,True
+,10,55,10,55,65,65,3,0.92333984375,-0.92333984375,-0.92333984375,1,65,True
+,10,56,10,56,66,66,0,1.55078125,-1.55078125,-1.55078125,1,66,True
+,10,57,10,57,67,67,0,2.15625,-2.15625,-2.15625,1,77,False
+,10,58,10,58,68,68,0,2.169921875,-2.169921875,-2.169921875,1,78,False
+,10,59,10,59,69,69,0,2.986328125,-2.986328125,-2.986328125,1,89,False
+,10,60,10,60,70,70,8,1.275390625,-1.275390625,-1.275390625,1,70,True
+,10,61,10,61,71,71,0,3.474609375,-3.474609375,-3.474609375,1,91,False
+,10,62,10,62,72,72,0,2.20703125,-2.20703125,-2.20703125,1,82,False
+,10,63,10,63,73,73,0,2.41015625,-2.41015625,-2.41015625,1,73,True
+,10,64,10,64,74,74,0,2.89453125,-2.89453125,-2.89453125,1,90,False
+,10,65,10,65,75,75,1,1.66015625,-1.66015625,-1.66015625,1,65,False
+,10,66,10,66,76,76,1,1.9013671875,-1.9013671875,-1.9013671875,1,66,False
+,10,67,10,67,77,77,0,1.919921875,-1.919921875,-1.919921875,1,77,True
+,10,68,10,68,78,78,0,2.05078125,-2.05078125,-2.05078125,1,68,False
+,10,69,10,69,79,79,0,2.818359375,-2.818359375,-2.818359375,1,89,False
+,10,70,10,70,80,80,4,1.837890625,-1.837890625,-1.837890625,1,70,False
+,10,71,10,71,81,81,0,1.9599609375,-1.9599609375,-1.9599609375,1,91,False
+,10,72,10,72,82,82,0,2.076171875,-2.076171875,-2.076171875,1,82,True
+,10,73,10,73,83,83,0,2.96875,-2.96875,-2.96875,1,73,False
+,10,74,10,74,84,84,0,3.607421875,-3.607421875,-3.607421875,1,94,False
+,10,75,10,75,85,85,2,2.380859375,-2.380859375,-2.380859375,1,95,False
+,10,76,10,76,86,86,0,2.126953125,-2.126953125,-2.126953125,1,76,False
+,10,77,10,77,87,87,0,4.26171875,-4.26171875,-4.26171875,1,77,False
+,10,78,10,78,88,88,0,3.02734375,-3.02734375,-3.02734375,1,78,False
+,10,79,10,79,89,89,0,4.5234375,-4.5234375,-4.5234375,1,179,False
+,10,80,10,80,90,90,7,2.02734375,-2.02734375,-2.02734375,1,80,False
+,10,81,10,81,91,91,0,4.46875,-4.46875,-4.46875,1,161,False
+,10,82,10,82,92,92,0,3.1328125,-3.1328125,-3.1328125,1,82,False
+,10,83,10,83,93,93,0,4.37109375,-4.37109375,-4.37109375,1,163,False
+,10,84,10,84,94,94,1,3.30078125,-3.30078125,-3.30078125,1,154,False
+,10,85,10,85,95,95,0,3.02734375,-3.02734375,-3.02734375,1,85,False
+,10,86,10,86,96,96,0,4.5625,-4.5625,-4.5625,1,86,False
+,10,87,10,87,97,97,0,3.38671875,-3.38671875,-3.38671875,1,127,False
+,10,88,10,88,98,98,0,3.26171875,-3.26171875,-3.26171875,1,118,False
+,10,89,10,89,99,99,0,4.1171875,-4.1171875,-4.1171875,1,179,False
+,10,90,10,90,100,100,2,3.1953125,-3.1953125,-3.1953125,1,180,False
+,10,91,10,91,101,101,0,3.59375,-3.59375,-3.59375,1,91,False
+,10,92,10,92,102,102,0,3.484375,-3.484375,-3.484375,1,122,False
+,10,93,10,93,103,103,2,3.466796875,-3.466796875,-3.466796875,1,93,False
+,10,94,10,94,104,104,0,3.60546875,-3.60546875,-3.60546875,1,94,False
+,10,95,10,95,105,105,1,3.53125,-3.53125,-3.53125,1,95,False
+,10,96,10,96,106,106,0,3.27734375,-3.27734375,-3.27734375,1,96,False
+,10,97,10,97,107,107,0,4.25390625,-4.25390625,-4.25390625,1,97,False
+,10,98,10,98,108,108,0,3.869140625,-3.869140625,-3.869140625,1,98,False
+,10,99,10,99,109,109,0,4.0703125,-4.0703125,-4.0703125,1,99,False
+,11,10,11,10,21,21,22,0.9208984375,-0.9208984375,-0.9208984375,1,21,True
+,11,11,11,11,22,22,32,0.2059326171875,-0.2059326171875,-0.2059326171875,1,22,True
+,11,12,11,12,23,23,20,1.19140625,-1.19140625,-1.19140625,1,23,True
+,11,13,11,13,24,24,17,2.9140625,-2.9140625,-2.9140625,1,26,False
+,11,14,11,14,25,25,9,1.6376953125,-1.6376953125,-1.6376953125,1,25,True
+,11,15,11,15,26,26,12,1.171875,-1.171875,-1.171875,1,26,True
+,11,16,11,16,27,27,12,2.46484375,-2.46484375,-2.46484375,1,25,False
+,11,17,11,17,28,28,7,2.046875,-2.046875,-2.046875,1,26,False
+,11,18,11,18,29,29,5,2.021484375,-2.021484375,-2.021484375,1,29,True
+,11,19,11,19,30,30,3,2.984375,-2.984375,-2.984375,1,38,False
+,11,20,11,20,31,31,4,1.134765625,-1.134765625,-1.134765625,1,31,True
+,11,21,11,21,32,32,4,1.3603515625,-1.3603515625,-1.3603515625,1,32,True
+,11,22,11,22,33,33,17,0.5869140625,-0.5869140625,-0.5869140625,1,33,True
+,11,23,11,23,34,34,0,1.2041015625,-1.2041015625,-1.2041015625,1,34,True
+,11,24,11,24,35,35,1,1.576171875,-1.576171875,-1.576171875,1,35,True
+,11,25,11,25,36,36,0,1.076171875,-1.076171875,-1.076171875,1,36,True
+,11,26,11,26,37,37,0,1.611328125,-1.611328125,-1.611328125,1,37,True
+,11,27,11,27,38,38,0,1.4736328125,-1.4736328125,-1.4736328125,1,38,True
+,11,28,11,28,39,39,1,2.0625,-2.0625,-2.0625,1,37,False
+,11,29,11,29,40,40,1,1.7333984375,-1.7333984375,-1.7333984375,1,40,True
+,11,30,11,30,41,41,2,0.85546875,-0.85546875,-0.85546875,1,41,True
+,11,31,11,31,42,42,1,2.0078125,-2.0078125,-2.0078125,1,40,False
+,11,32,11,32,43,43,1,1.6474609375,-1.6474609375,-1.6474609375,1,43,True
+,11,33,11,33,44,44,0,1.755859375,-1.755859375,-1.755859375,1,44,True
+,11,34,11,34,45,45,1,2.04296875,-2.04296875,-2.04296875,1,45,True
+,11,35,11,35,46,46,1,1.1123046875,-1.1123046875,-1.1123046875,1,46,True
+,11,36,11,36,47,47,1,1.736328125,-1.736328125,-1.736328125,1,47,True
+,11,37,11,37,48,48,0,2.609375,-2.609375,-2.609375,1,46,False
+,11,38,11,38,49,49,1,2.03125,-2.03125,-2.03125,1,49,True
+,11,39,11,39,50,50,2,1.7119140625,-1.7119140625,-1.7119140625,1,50,True
+,11,40,11,40,51,51,1,0.68798828125,-0.68798828125,-0.68798828125,1,51,True
+,11,41,11,41,52,52,1,1.5986328125,-1.5986328125,-1.5986328125,1,52,True
+,11,42,11,42,53,53,1,1.5654296875,-1.5654296875,-1.5654296875,1,55,False
+,11,43,11,43,54,54,0,2.435546875,-2.435546875,-2.435546875,1,56,False
+,11,44,11,44,55,55,0,1.248046875,-1.248046875,-1.248046875,1,55,True
+,11,45,11,45,56,56,2,0.83056640625,-0.83056640625,-0.83056640625,1,56,True
+,11,46,11,46,57,57,0,1.9013671875,-1.9013671875,-1.9013671875,1,55,False
+,11,47,11,47,58,58,0,2.099609375,-2.099609375,-2.099609375,1,56,False
+,11,48,11,48,59,59,1,2.494140625,-2.494140625,-2.494140625,1,55,False
+,11,49,11,49,60,60,0,2.70703125,-2.70703125,-2.70703125,1,56,False
+,11,50,11,50,61,61,1,1.357421875,-1.357421875,-1.357421875,1,61,True
+,11,51,11,51,62,62,0,1.990234375,-1.990234375,-1.990234375,1,62,True
+,11,52,11,52,63,63,0,1.9580078125,-1.9580078125,-1.9580078125,1,61,False
+,11,53,11,53,64,64,0,2.06640625,-2.06640625,-2.06640625,1,66,False
+,11,54,11,54,65,65,1,1.8857421875,-1.8857421875,-1.8857421875,1,65,True
+,11,55,11,55,66,66,1,0.83056640625,-0.83056640625,-0.83056640625,1,66,True
+,11,56,11,56,67,67,0,2.416015625,-2.416015625,-2.416015625,1,65,False
+,11,57,11,57,68,68,1,2.32421875,-2.32421875,-2.32421875,1,66,False
+,11,58,11,58,69,69,0,2.751953125,-2.751953125,-2.751953125,1,65,False
+,11,59,11,59,70,70,1,3.041015625,-3.041015625,-3.041015625,1,74,False
+,11,60,11,60,71,71,1,1.8359375,-1.8359375,-1.8359375,1,61,False
+,11,61,11,61,72,72,1,4.19921875,-4.19921875,-4.19921875,1,91,False
+,11,62,11,62,73,73,0,3.033203125,-3.033203125,-3.033203125,1,81,False
+,11,63,11,63,74,74,1,2.923828125,-2.923828125,-2.923828125,1,88,False
+,11,64,11,64,75,75,0,2.869140625,-2.869140625,-2.869140625,1,81,False
+,11,65,11,65,76,76,3,1.20703125,-1.20703125,-1.20703125,1,76,True
+,11,66,11,66,77,77,0,0.93994140625,-0.93994140625,-0.93994140625,1,77,True
+,11,67,11,67,78,78,1,2.966796875,-2.966796875,-2.966796875,1,76,False
+,11,68,11,68,79,79,0,2.248046875,-2.248046875,-2.248046875,1,77,False
+,11,69,11,69,80,80,0,2.509765625,-2.509765625,-2.509765625,1,88,False
+,11,70,11,70,81,81,0,1.1748046875,-1.1748046875,-1.1748046875,1,81,True
+,11,71,11,71,82,82,0,3.166015625,-3.166015625,-3.166015625,1,92,False
+,11,72,11,72,83,83,0,3.267578125,-3.267578125,-3.267578125,1,121,False
+,11,73,11,73,84,84,0,3.455078125,-3.455078125,-3.455078125,1,86,False
+,11,74,11,74,85,85,0,2.984375,-2.984375,-2.984375,1,81,False
+,11,75,11,75,86,86,0,1.9619140625,-1.9619140625,-1.9619140625,1,76,False
+,11,76,11,76,87,87,0,4.0,-4.0,-4.0,1,77,False
+,11,77,11,77,88,88,0,2.435546875,-2.435546875,-2.435546875,1,76,False
+,11,78,11,78,89,89,0,3.86328125,-3.86328125,-3.86328125,1,95,False
+,11,79,11,79,90,90,0,3.931640625,-3.931640625,-3.931640625,1,158,False
+,11,80,11,80,91,91,1,3.158203125,-3.158203125,-3.158203125,1,81,False
+,11,81,11,81,92,92,0,3.732421875,-3.732421875,-3.732421875,1,166,False
+,11,82,11,82,93,93,0,3.75390625,-3.75390625,-3.75390625,1,81,False
+,11,83,11,83,94,94,0,3.83984375,-3.83984375,-3.83984375,1,92,False
+,11,84,11,84,95,95,0,3.005859375,-3.005859375,-3.005859375,1,85,False
+,11,85,11,85,96,96,0,3.658203125,-3.658203125,-3.658203125,1,86,False
+,11,86,11,86,97,97,0,4.83984375,-4.83984375,-4.83984375,1,121,False
+,11,87,11,87,98,98,0,4.4765625,-4.4765625,-4.4765625,1,86,False
+,11,88,11,88,99,99,0,2.908203125,-2.908203125,-2.908203125,1,121,False
+,11,89,11,89,100,100,2,3.826171875,-3.826171875,-3.826171875,1,176,False
+,11,90,11,90,101,101,1,3.9140625,-3.9140625,-3.9140625,1,181,False
+,11,91,11,91,102,102,0,4.83203125,-4.83203125,-4.83203125,1,121,False
+,11,92,11,92,103,103,0,4.63671875,-4.63671875,-4.63671875,1,121,False
+,11,93,11,93,104,104,0,4.23046875,-4.23046875,-4.23046875,1,122,False
+,11,94,11,94,105,105,0,4.82421875,-4.82421875,-4.82421875,1,123,False
+,11,95,11,95,106,106,0,3.908203125,-3.908203125,-3.908203125,1,126,False
+,11,96,11,96,107,107,0,5.31640625,-5.31640625,-5.31640625,1,121,False
+,11,97,11,97,108,108,0,4.81640625,-4.81640625,-4.81640625,1,116,False
+,11,98,11,98,109,109,0,5.40625,-5.40625,-5.40625,1,121,False
+,11,99,11,99,110,110,1,2.9375,-2.9375,-2.9375,1,121,False
+,12,10,12,10,22,22,29,0.177978515625,-0.177978515625,-0.177978515625,1,22,True
+,12,11,12,11,23,23,13,1.373046875,-1.373046875,-1.373046875,1,22,False
+,12,12,12,12,24,24,83,0.483642578125,-0.483642578125,-0.483642578125,1,24,True
+,12,13,12,13,25,25,17,1.009765625,-1.009765625,-1.009765625,1,25,True
+,12,14,12,14,26,26,24,0.76123046875,-0.76123046875,-0.76123046875,1,26,True
+,12,15,12,15,27,27,39,1.087890625,-1.087890625,-1.087890625,1,27,True
+,12,16,12,16,28,28,22,1.001953125,-1.001953125,-1.001953125,1,28,True
+,12,17,12,17,29,29,11,1.552734375,-1.552734375,-1.552734375,1,29,True
+,12,18,12,18,30,30,15,0.47705078125,-0.47705078125,-0.47705078125,1,30,True
+,12,19,12,19,31,31,5,1.7353515625,-1.7353515625,-1.7353515625,1,29,False
+,12,20,12,20,32,32,16,0.91162109375,-0.91162109375,-0.91162109375,1,32,True
+,12,21,12,21,33,33,13,0.5322265625,-0.5322265625,-0.5322265625,1,33,True
+,12,22,12,22,34,34,14,0.64208984375,-0.64208984375,-0.64208984375,1,34,True
+,12,23,12,23,35,35,1,1.4375,-1.4375,-1.4375,1,35,True
+,12,24,12,24,36,36,13,0.685546875,-0.685546875,-0.685546875,1,36,True
+,12,25,12,25,37,37,2,0.67529296875,-0.67529296875,-0.67529296875,1,37,True
+,12,26,12,26,38,38,4,0.75927734375,-0.75927734375,-0.75927734375,1,38,True
+,12,27,12,27,39,39,4,1.392578125,-1.392578125,-1.392578125,1,39,True
+,12,28,12,28,40,40,2,0.751953125,-0.751953125,-0.751953125,1,40,True
+,12,29,12,29,41,41,2,1.3544921875,-1.3544921875,-1.3544921875,1,43,False
+,12,30,12,30,42,42,6,0.2578125,-0.2578125,-0.2578125,1,42,True
+,12,31,12,31,43,43,4,0.88525390625,-0.88525390625,-0.88525390625,1,43,True
+,12,32,12,32,44,44,4,1.1728515625,-1.1728515625,-1.1728515625,1,44,True
+,12,33,12,33,45,45,3,1.5361328125,-1.5361328125,-1.5361328125,1,45,True
+,12,34,12,34,46,46,13,0.81982421875,-0.81982421875,-0.81982421875,1,46,True
+,12,35,12,35,47,47,2,0.85595703125,-0.85595703125,-0.85595703125,1,47,True
+,12,36,12,36,48,48,8,0.599609375,-0.599609375,-0.599609375,1,48,True
+,12,37,12,37,49,49,1,1.31640625,-1.31640625,-1.31640625,1,49,True
+,12,38,12,38,50,50,1,0.87255859375,-0.87255859375,-0.87255859375,1,50,True
+,12,39,12,39,51,51,1,1.25,-1.25,-1.25,1,57,False
+,12,40,12,40,52,52,2,0.2880859375,-0.2880859375,-0.2880859375,1,52,True
+,12,41,12,41,53,53,0,0.78369140625,-0.78369140625,-0.78369140625,1,53,True
+,12,42,12,42,54,54,0,0.79296875,-0.79296875,-0.79296875,1,54,True
+,12,43,12,43,55,55,1,1.35546875,-1.35546875,-1.35546875,1,55,True
+,12,44,12,44,56,56,0,1.1982421875,-1.1982421875,-1.1982421875,1,56,True
+,12,45,12,45,57,57,1,0.697265625,-0.697265625,-0.697265625,1,57,True
+,12,46,12,46,58,58,0,1.00390625,-1.00390625,-1.00390625,1,58,True
+,12,47,12,47,59,59,1,1.6953125,-1.6953125,-1.6953125,1,61,False
+,12,48,12,48,60,60,8,0.5634765625,-0.5634765625,-0.5634765625,1,60,True
+,12,49,12,49,61,61,1,1.90625,-1.90625,-1.90625,1,65,False
+,12,50,12,50,62,62,4,0.72802734375,-0.72802734375,-0.72802734375,1,62,True
+,12,51,12,51,63,63,0,1.720703125,-1.720703125,-1.720703125,1,63,True
+,12,52,12,52,64,64,0,1.6494140625,-1.6494140625,-1.6494140625,1,64,True
+,12,53,12,53,65,65,0,2.107421875,-2.107421875,-2.107421875,1,67,False
+,12,54,12,54,66,66,0,0.9453125,-0.9453125,-0.9453125,1,66,True
+,12,55,12,55,67,67,0,1.607421875,-1.607421875,-1.607421875,1,77,False
+,12,56,12,56,68,68,0,0.80029296875,-0.80029296875,-0.80029296875,1,68,True
+,12,57,12,57,69,69,0,1.6474609375,-1.6474609375,-1.6474609375,1,69,True
+,12,58,12,58,70,70,0,2.0703125,-2.0703125,-2.0703125,1,74,False
+,12,59,12,59,71,71,0,4.17578125,-4.17578125,-4.17578125,1,77,False
+,12,60,12,60,72,72,2,0.998046875,-0.998046875,-0.998046875,1,72,True
+,12,61,12,61,73,73,0,3.962890625,-3.962890625,-3.962890625,1,92,False
+,12,62,12,62,74,74,0,1.6640625,-1.6640625,-1.6640625,1,74,True
+,12,63,12,63,75,75,0,2.322265625,-2.322265625,-2.322265625,1,87,False
+,12,64,12,64,76,76,5,2.466796875,-2.466796875,-2.466796875,1,88,False
+,12,65,12,65,77,77,2,0.61962890625,-0.61962890625,-0.61962890625,1,77,True
+,12,66,12,66,78,78,0,0.87841796875,-0.87841796875,-0.87841796875,1,78,True
+,12,67,12,67,79,79,1,2.5,-2.5,-2.5,1,77,False
+,12,68,12,68,80,80,0,1.8212890625,-1.8212890625,-1.8212890625,1,76,False
+,12,69,12,69,81,81,1,2.50390625,-2.50390625,-2.50390625,1,93,False
+,12,70,12,70,82,82,0,1.201171875,-1.201171875,-1.201171875,1,82,True
+,12,71,12,71,83,83,0,2.501953125,-2.501953125,-2.501953125,1,77,False
+,12,72,12,72,84,84,1,1.650390625,-1.650390625,-1.650390625,1,84,True
+,12,73,12,73,85,85,0,2.859375,-2.859375,-2.859375,1,77,False
+,12,74,12,74,86,86,0,2.15625,-2.15625,-2.15625,1,82,False
+,12,75,12,75,87,87,0,2.283203125,-2.283203125,-2.283203125,1,93,False
+,12,76,12,76,88,88,0,1.375,-1.375,-1.375,1,92,False
+,12,77,12,77,89,89,0,2.974609375,-2.974609375,-2.974609375,1,77,False
+,12,78,12,78,90,90,0,1.982421875,-1.982421875,-1.982421875,1,78,False
+,12,79,12,79,91,91,0,4.1875,-4.1875,-4.1875,1,157,False
+,12,80,12,80,92,92,2,1.2705078125,-1.2705078125,-1.2705078125,1,92,True
+,12,81,12,81,93,93,0,2.193359375,-2.193359375,-2.193359375,1,81,False
+,12,82,12,82,94,94,0,4.28515625,-4.28515625,-4.28515625,1,82,False
+,12,83,12,83,95,95,0,3.75390625,-3.75390625,-3.75390625,1,163,False
+,12,84,12,84,96,96,0,3.1015625,-3.1015625,-3.1015625,1,84,False
+,12,85,12,85,97,97,1,3.291015625,-3.291015625,-3.291015625,1,173,False
+,12,86,12,86,98,98,0,4.53515625,-4.53515625,-4.53515625,1,86,False
+,12,87,12,87,99,99,0,3.955078125,-3.955078125,-3.955078125,1,93,False
+,12,88,12,88,100,100,0,3.3984375,-3.3984375,-3.3984375,1,124,False
+,12,89,12,89,101,101,0,4.68359375,-4.68359375,-4.68359375,1,173,False
+,12,90,12,90,102,102,0,4.35546875,-4.35546875,-4.35546875,1,162,False
+,12,91,12,91,103,103,0,6.61328125,-6.61328125,-6.61328125,1,182,False
+,12,92,12,92,104,104,0,5.04296875,-5.04296875,-5.04296875,1,92,False
+,12,93,12,93,105,105,0,5.02734375,-5.02734375,-5.02734375,1,123,False
+,12,94,12,94,106,106,0,4.40625,-4.40625,-4.40625,1,122,False
+,12,95,12,95,107,107,0,4.6796875,-4.6796875,-4.6796875,1,127,False
+,12,96,12,96,108,108,3,4.26171875,-4.26171875,-4.26171875,1,144,False
+,12,97,12,97,109,109,0,4.53125,-4.53125,-4.53125,1,121,False
+,12,98,12,98,110,110,4,5.5859375,-5.5859375,-5.5859375,1,122,False
+,12,99,12,99,111,111,3,5.5,-5.5,-5.5,1,121,False
+,13,10,13,10,23,23,14,0.485107421875,-0.485107421875,-0.485107421875,1,23,True
+,13,11,13,11,24,24,15,1.521484375,-1.521484375,-1.521484375,1,24,True
+,13,12,13,12,25,25,10,0.81103515625,-0.81103515625,-0.81103515625,1,25,True
+,13,13,13,13,26,26,24,0.103515625,-0.103515625,-0.103515625,1,26,True
+,13,14,13,14,27,27,9,1.58984375,-1.58984375,-1.58984375,1,27,True
+,13,15,13,15,28,28,18,1.69140625,-1.69140625,-1.69140625,1,32,False
+,13,16,13,16,29,29,7,1.75,-1.75,-1.75,1,29,True
+,13,17,13,17,30,30,0,2.384765625,-2.384765625,-2.384765625,1,32,False
+,13,18,13,18,31,31,10,1.6025390625,-1.6025390625,-1.6025390625,1,31,True
+,13,19,13,19,32,32,3,1.8642578125,-1.8642578125,-1.8642578125,1,32,True
+,13,20,13,20,33,33,5,0.67236328125,-0.67236328125,-0.67236328125,1,33,True
+,13,21,13,21,34,34,23,1.29296875,-1.29296875,-1.29296875,1,34,True
+,13,22,13,22,35,35,4,1.8203125,-1.8203125,-1.8203125,1,33,False
+,13,23,13,23,36,36,7,3.029296875,-3.029296875,-3.029296875,1,38,False
+,13,24,13,24,37,37,2,1.4775390625,-1.4775390625,-1.4775390625,1,37,True
+,13,25,13,25,38,38,4,1.2861328125,-1.2861328125,-1.2861328125,1,38,True
+,13,26,13,26,39,39,1,1.701171875,-1.701171875,-1.701171875,1,39,True
+,13,27,13,27,40,40,0,1.8486328125,-1.8486328125,-1.8486328125,1,46,False
+,13,28,13,28,41,41,4,1.6162109375,-1.6162109375,-1.6162109375,1,41,True
+,13,29,13,29,42,42,4,2.15625,-2.15625,-2.15625,1,44,False
+,13,30,13,30,43,43,3,1.146484375,-1.146484375,-1.146484375,1,43,True
+,13,31,13,31,44,44,4,1.8427734375,-1.8427734375,-1.8427734375,1,46,False
+,13,32,13,32,45,45,1,2.08984375,-2.08984375,-2.08984375,1,47,False
+,13,33,13,33,46,46,1,2.20703125,-2.20703125,-2.20703125,1,50,False
+,13,34,13,34,47,47,0,2.236328125,-2.236328125,-2.236328125,1,53,False
+,13,35,13,35,48,48,0,1.8837890625,-1.8837890625,-1.8837890625,1,52,False
+,13,36,13,36,49,49,3,2.189453125,-2.189453125,-2.189453125,1,53,False
+,13,37,13,37,50,50,0,1.7353515625,-1.7353515625,-1.7353515625,1,50,True
+,13,38,13,38,51,51,1,2.2890625,-2.2890625,-2.2890625,1,55,False
+,13,39,13,39,52,52,0,1.8984375,-1.8984375,-1.8984375,1,56,False
+,13,40,13,40,53,53,0,1.25,-1.25,-1.25,1,53,True
+,13,41,13,41,54,54,0,1.970703125,-1.970703125,-1.970703125,1,54,True
+,13,42,13,42,55,55,0,1.287109375,-1.287109375,-1.287109375,1,55,True
+,13,43,13,43,56,56,0,1.8779296875,-1.8779296875,-1.8779296875,1,56,True
+,13,44,13,44,57,57,0,1.5068359375,-1.5068359375,-1.5068359375,1,57,True
+,13,45,13,45,58,58,2,1.14453125,-1.14453125,-1.14453125,1,58,True
+,13,46,13,46,59,59,0,2.93359375,-2.93359375,-2.93359375,1,57,False
+,13,47,13,47,60,60,0,2.64453125,-2.64453125,-2.64453125,1,66,False
+,13,48,13,48,61,61,1,1.7822265625,-1.7822265625,-1.7822265625,1,65,False
+,13,49,13,49,62,62,1,2.462890625,-2.462890625,-2.462890625,1,66,False
+,13,50,13,50,63,63,1,3.224609375,-3.224609375,-3.224609375,1,73,False
+,13,51,13,51,64,64,1,2.525390625,-2.525390625,-2.525390625,1,68,False
+,13,52,13,52,65,65,0,2.04296875,-2.04296875,-2.04296875,1,65,True
+,13,53,13,53,66,66,2,2.455078125,-2.455078125,-2.455078125,1,68,False
+,13,54,13,54,67,67,1,2.453125,-2.453125,-2.453125,1,77,False
+,13,55,13,55,68,68,1,1.984375,-1.984375,-1.984375,1,78,False
+,13,56,13,56,69,69,2,1.9873046875,-1.9873046875,-1.9873046875,1,69,True
+,13,57,13,57,70,70,1,2.564453125,-2.564453125,-2.564453125,1,76,False
+,13,58,13,58,71,71,0,2.94140625,-2.94140625,-2.94140625,1,77,False
+,13,59,13,59,72,72,0,4.109375,-4.109375,-4.109375,1,82,False
+,13,60,13,60,73,73,1,2.361328125,-2.361328125,-2.361328125,1,77,False
+,13,61,13,61,74,74,0,4.37890625,-4.37890625,-4.37890625,1,88,False
+,13,62,13,62,75,75,0,3.15625,-3.15625,-3.15625,1,81,False
+,13,63,13,63,76,76,0,2.98828125,-2.98828125,-2.98828125,1,88,False
+,13,64,13,64,77,77,0,2.328125,-2.328125,-2.328125,1,97,False
+,13,65,13,65,78,78,1,1.119140625,-1.119140625,-1.119140625,1,78,True
+,13,66,13,66,79,79,0,3.09375,-3.09375,-3.09375,1,83,False
+,13,67,13,67,80,80,0,2.888671875,-2.888671875,-2.888671875,1,86,False
+,13,68,13,68,81,81,0,2.404296875,-2.404296875,-2.404296875,1,77,False
+,13,69,13,69,82,82,0,2.607421875,-2.607421875,-2.607421875,1,92,False
+,13,70,13,70,83,83,0,2.28125,-2.28125,-2.28125,1,93,False
+,13,71,13,71,84,84,1,2.998046875,-2.998046875,-2.998046875,1,88,False
+,13,72,13,72,85,85,0,3.666015625,-3.666015625,-3.666015625,1,97,False
+,13,73,13,73,86,86,0,2.490234375,-2.490234375,-2.490234375,1,88,False
+,13,74,13,74,87,87,0,3.029296875,-3.029296875,-3.029296875,1,97,False
+,13,75,13,75,88,88,0,1.9091796875,-1.9091796875,-1.9091796875,1,92,False
+,13,76,13,76,89,89,0,3.783203125,-3.783203125,-3.783203125,1,93,False
+,13,77,13,77,90,90,0,2.869140625,-2.869140625,-2.869140625,1,96,False
+,13,78,13,78,91,91,0,2.853515625,-2.853515625,-2.853515625,1,97,False
+,13,79,13,79,92,92,1,3.2734375,-3.2734375,-3.2734375,1,92,True
+,13,80,13,80,93,93,1,1.8037109375,-1.8037109375,-1.8037109375,1,93,True
+,13,81,13,81,94,94,0,3.142578125,-3.142578125,-3.142578125,1,92,False
+,13,82,13,82,95,95,0,3.216796875,-3.216796875,-3.216796875,1,93,False
+,13,83,13,83,96,96,0,3.02734375,-3.02734375,-3.02734375,1,96,True
+,13,84,13,84,97,97,0,2.412109375,-2.412109375,-2.412109375,1,97,True
+,13,85,13,85,98,98,0,2.74609375,-2.74609375,-2.74609375,1,92,False
+,13,86,13,86,99,99,0,4.5703125,-4.5703125,-4.5703125,1,137,False
+,13,87,13,87,100,100,0,2.82421875,-2.82421875,-2.82421875,1,104,False
+,13,88,13,88,101,101,0,3.529296875,-3.529296875,-3.529296875,1,121,False
+,13,89,13,89,102,102,0,3.953125,-3.953125,-3.953125,1,132,False
+,13,90,13,90,103,103,0,3.8984375,-3.8984375,-3.8984375,1,133,False
+,13,91,13,91,104,104,0,4.03515625,-4.03515625,-4.03515625,1,132,False
+,13,92,13,92,105,105,0,4.95703125,-4.95703125,-4.95703125,1,133,False
+,13,93,13,93,106,106,0,4.09375,-4.09375,-4.09375,1,130,False
+,13,94,13,94,107,107,0,4.4765625,-4.4765625,-4.4765625,1,133,False
+,13,95,13,95,108,108,0,4.11328125,-4.11328125,-4.11328125,1,132,False
+,13,96,13,96,109,109,0,4.265625,-4.265625,-4.265625,1,137,False
+,13,97,13,97,110,110,0,4.48828125,-4.48828125,-4.48828125,1,104,False
+,13,98,13,98,111,111,0,5.109375,-5.109375,-5.109375,1,143,False
+,13,99,13,99,112,112,0,4.01953125,-4.01953125,-4.01953125,1,132,False
+,14,10,14,10,24,24,16,1.4990234375,-1.4990234375,-1.4990234375,1,28,False
+,14,11,14,11,25,25,4,1.2109375,-1.2109375,-1.2109375,1,25,True
+,14,12,14,12,26,26,9,1.025390625,-1.025390625,-1.025390625,1,26,True
+,14,13,14,13,27,27,7,1.763671875,-1.763671875,-1.763671875,1,29,False
+,14,14,14,14,28,28,21,0.1876220703125,-0.1876220703125,-0.1876220703125,1,28,True
+,14,15,14,15,29,29,16,1.7802734375,-1.7802734375,-1.7802734375,1,31,False
+,14,16,14,16,30,30,14,2.20703125,-2.20703125,-2.20703125,1,34,False
+,14,17,14,17,31,31,6,2.39453125,-2.39453125,-2.39453125,1,33,False
+,14,18,14,18,32,32,8,1.984375,-1.984375,-1.984375,1,38,False
+,14,19,14,19,33,33,4,2.4140625,-2.4140625,-2.4140625,1,37,False
+,14,20,14,20,34,34,5,1.0576171875,-1.0576171875,-1.0576171875,1,34,True
+,14,21,14,21,35,35,7,0.97216796875,-0.97216796875,-0.97216796875,1,35,True
+,14,22,14,22,36,36,4,1.3115234375,-1.3115234375,-1.3115234375,1,36,True
+,14,23,14,23,37,37,4,2.2734375,-2.2734375,-2.2734375,1,39,False
+,14,24,14,24,38,38,3,1.62890625,-1.62890625,-1.62890625,1,38,True
+,14,25,14,25,39,39,3,2.244140625,-2.244140625,-2.244140625,1,41,False
+,14,26,14,26,40,40,3,2.275390625,-2.275390625,-2.275390625,1,46,False
+,14,27,14,27,41,41,1,2.396484375,-2.396484375,-2.396484375,1,49,False
+,14,28,14,28,42,42,8,1.11328125,-1.11328125,-1.11328125,1,42,True
+,14,29,14,29,43,43,1,1.794921875,-1.794921875,-1.794921875,1,43,True
+,14,30,14,30,44,44,0,1.4453125,-1.4453125,-1.4453125,1,44,True
+,14,31,14,31,45,45,1,2.0078125,-2.0078125,-2.0078125,1,47,False
+,14,32,14,32,46,46,2,1.48046875,-1.48046875,-1.48046875,1,46,True
+,14,33,14,33,47,47,1,2.27734375,-2.27734375,-2.27734375,1,55,False
+,14,34,14,34,48,48,0,2.12109375,-2.12109375,-2.12109375,1,56,False
+,14,35,14,35,49,49,1,2.275390625,-2.275390625,-2.275390625,1,53,False
+,14,36,14,36,50,50,0,1.9150390625,-1.9150390625,-1.9150390625,1,56,False
+,14,37,14,37,51,51,0,2.501953125,-2.501953125,-2.501953125,1,55,False
+,14,38,14,38,52,52,1,2.333984375,-2.333984375,-2.333984375,1,56,False
+,14,39,14,39,53,53,2,2.134765625,-2.134765625,-2.134765625,1,53,True
+,14,40,14,40,54,54,14,1.30078125,-1.30078125,-1.30078125,1,54,True
+,14,41,14,41,55,55,3,2.138671875,-2.138671875,-2.138671875,1,57,False
+,14,42,14,42,56,56,1,0.8623046875,-0.8623046875,-0.8623046875,1,56,True
+,14,43,14,43,57,57,0,1.86328125,-1.86328125,-1.86328125,1,57,True
+,14,44,14,44,58,58,0,2.45703125,-2.45703125,-2.45703125,1,66,False
+,14,45,14,45,59,59,0,2.7421875,-2.7421875,-2.7421875,1,61,False
+,14,46,14,46,60,60,0,2.9921875,-2.9921875,-2.9921875,1,56,False
+,14,47,14,47,61,61,0,2.671875,-2.671875,-2.671875,1,63,False
+,14,48,14,48,62,62,0,2.021484375,-2.021484375,-2.021484375,1,62,True
+,14,49,14,49,63,63,1,2.048828125,-2.048828125,-2.048828125,1,63,True
+,14,50,14,50,64,64,1,2.490234375,-2.490234375,-2.490234375,1,74,False
+,14,51,14,51,65,65,0,2.744140625,-2.744140625,-2.744140625,1,77,False
+,14,52,14,52,66,66,0,1.7666015625,-1.7666015625,-1.7666015625,1,66,True
+,14,53,14,53,67,67,0,2.619140625,-2.619140625,-2.619140625,1,69,False
+,14,54,14,54,68,68,0,2.029296875,-2.029296875,-2.029296875,1,68,True
+,14,55,14,55,69,69,0,2.216796875,-2.216796875,-2.216796875,1,77,False
+,14,56,14,56,70,70,0,1.63671875,-1.63671875,-1.63671875,1,70,True
+,14,57,14,57,71,71,0,2.28125,-2.28125,-2.28125,1,77,False
+,14,58,14,58,72,72,0,2.568359375,-2.568359375,-2.568359375,1,76,False
+,14,59,14,59,73,73,0,3.5546875,-3.5546875,-3.5546875,1,83,False
+,14,60,14,60,74,74,0,1.3154296875,-1.3154296875,-1.3154296875,1,74,True
+,14,61,14,61,75,75,0,4.078125,-4.078125,-4.078125,1,88,False
+,14,62,14,62,76,76,0,2.177734375,-2.177734375,-2.177734375,1,76,True
+,14,63,14,63,77,77,0,1.9169921875,-1.9169921875,-1.9169921875,1,77,True
+,14,64,14,64,78,78,1,1.8212890625,-1.8212890625,-1.8212890625,1,78,True
+,14,65,14,65,79,79,1,2.173828125,-2.173828125,-2.173828125,1,81,False
+,14,66,14,66,80,80,0,2.587890625,-2.587890625,-2.587890625,1,88,False
+,14,67,14,67,81,81,0,2.484375,-2.484375,-2.484375,1,91,False
+,14,68,14,68,82,82,0,2.224609375,-2.224609375,-2.224609375,1,78,False
+,14,69,14,69,83,83,0,2.4765625,-2.4765625,-2.4765625,1,91,False
+,14,70,14,70,84,84,2,0.9833984375,-0.9833984375,-0.9833984375,1,84,True
+,14,71,14,71,85,85,0,2.6953125,-2.6953125,-2.6953125,1,91,False
+,14,72,14,72,86,86,1,2.07421875,-2.07421875,-2.07421875,1,94,False
+,14,73,14,73,87,87,0,3.1484375,-3.1484375,-3.1484375,1,91,False
+,14,74,14,74,88,88,0,2.765625,-2.765625,-2.765625,1,96,False
+,14,75,14,75,89,89,0,2.986328125,-2.986328125,-2.986328125,1,91,False
+,14,76,14,76,90,90,0,3.380859375,-3.380859375,-3.380859375,1,94,False
+,14,77,14,77,91,91,0,2.392578125,-2.392578125,-2.392578125,1,95,False
+,14,78,14,78,92,92,0,2.90234375,-2.90234375,-2.90234375,1,98,False
+,14,79,14,79,93,93,0,2.873046875,-2.873046875,-2.873046875,1,93,True
+,14,80,14,80,94,94,0,2.13671875,-2.13671875,-2.13671875,1,86,False
+,14,81,14,81,95,95,0,2.9375,-2.9375,-2.9375,1,95,True
+,14,82,14,82,96,96,0,2.599609375,-2.599609375,-2.599609375,1,96,True
+,14,83,14,83,97,97,0,3.267578125,-3.267578125,-3.267578125,1,93,False
+,14,84,14,84,98,98,0,2.49609375,-2.49609375,-2.49609375,1,98,True
+,14,85,14,85,99,99,0,3.71875,-3.71875,-3.71875,1,93,False
+,14,86,14,86,100,100,1,4.37890625,-4.37890625,-4.37890625,1,136,False
+,14,87,14,87,101,101,0,2.740234375,-2.740234375,-2.740234375,1,101,True
+,14,88,14,88,102,102,0,3.76953125,-3.76953125,-3.76953125,1,126,False
+,14,89,14,89,103,103,0,4.4765625,-4.4765625,-4.4765625,1,143,False
+,14,90,14,90,104,104,0,3.400390625,-3.400390625,-3.400390625,1,136,False
+,14,91,14,91,105,105,0,4.98046875,-4.98046875,-4.98046875,1,140,False
+,14,92,14,92,106,106,0,4.4765625,-4.4765625,-4.4765625,1,146,False
+,14,93,14,93,107,107,0,4.203125,-4.203125,-4.203125,1,143,False
+,14,94,14,94,108,108,0,4.91796875,-4.91796875,-4.91796875,1,140,False
+,14,95,14,95,109,109,0,4.47265625,-4.47265625,-4.47265625,1,143,False
+,14,96,14,96,110,110,1,4.6640625,-4.6640625,-4.6640625,1,142,False
+,14,97,14,97,111,111,0,4.52734375,-4.52734375,-4.52734375,1,121,False
+,14,98,14,98,112,112,0,5.03515625,-5.03515625,-5.03515625,1,140,False
+,14,99,14,99,113,113,0,3.7421875,-3.7421875,-3.7421875,1,143,False
+,15,10,15,10,25,25,33,0.443603515625,-0.443603515625,-0.443603515625,1,25,True
+,15,11,15,11,26,26,5,0.98095703125,-0.98095703125,-0.98095703125,1,26,True
+,15,12,15,12,27,27,13,1.5205078125,-1.5205078125,-1.5205078125,1,33,False
+,15,13,15,13,28,28,19,1.7275390625,-1.7275390625,-1.7275390625,1,32,False
+,15,14,15,14,29,29,9,1.205078125,-1.205078125,-1.205078125,1,29,True
+,15,15,15,15,30,30,50,0.1541748046875,-0.1541748046875,-0.1541748046875,1,30,True
+,15,16,15,16,31,31,11,1.4306640625,-1.4306640625,-1.4306640625,1,31,True
+,15,17,15,17,32,32,10,2.189453125,-2.189453125,-2.189453125,1,34,False
+,15,18,15,18,33,33,16,0.81591796875,-0.81591796875,-0.81591796875,1,33,True
+,15,19,15,19,34,34,4,2.33984375,-2.33984375,-2.33984375,1,38,False
+,15,20,15,20,35,35,22,0.646484375,-0.646484375,-0.646484375,1,35,True
+,15,21,15,21,36,36,4,0.98046875,-0.98046875,-0.98046875,1,36,True
+,15,22,15,22,37,37,2,1.4013671875,-1.4013671875,-1.4013671875,1,37,True
+,15,23,15,23,38,38,1,1.5361328125,-1.5361328125,-1.5361328125,1,38,True
+,15,24,15,24,39,39,2,1.92578125,-1.92578125,-1.92578125,1,39,True
+,15,25,15,25,40,40,14,1.798828125,-1.798828125,-1.798828125,1,40,True
+,15,26,15,26,41,41,0,1.619140625,-1.619140625,-1.619140625,1,41,True
+,15,27,15,27,42,42,3,1.74609375,-1.74609375,-1.74609375,1,48,False
+,15,28,15,28,43,43,3,1.69921875,-1.69921875,-1.69921875,1,43,True
+,15,29,15,29,44,44,3,1.291015625,-1.291015625,-1.291015625,1,44,True
+,15,30,15,30,45,45,24,0.7333984375,-0.7333984375,-0.7333984375,1,45,True
+,15,31,15,31,46,46,1,0.96630859375,-0.96630859375,-0.96630859375,1,46,True
+,15,32,15,32,47,47,1,1.7998046875,-1.7998046875,-1.7998046875,1,47,True
+,15,33,15,33,48,48,2,1.763671875,-1.763671875,-1.763671875,1,48,True
+,15,34,15,34,49,49,1,2.732421875,-2.732421875,-2.732421875,1,56,False
+,15,35,15,35,50,50,6,1.7958984375,-1.7958984375,-1.7958984375,1,52,False
+,15,36,15,36,51,51,2,1.8955078125,-1.8955078125,-1.8955078125,1,57,False
+,15,37,15,37,52,52,2,1.6484375,-1.6484375,-1.6484375,1,52,True
+,15,38,15,38,53,53,0,2.494140625,-2.494140625,-2.494140625,1,58,False
+,15,39,15,39,54,54,1,1.70703125,-1.70703125,-1.70703125,1,54,True
+,15,40,15,40,55,55,7,1.216796875,-1.216796875,-1.216796875,1,55,True
+,15,41,15,41,56,56,1,1.6865234375,-1.6865234375,-1.6865234375,1,56,True
+,15,42,15,42,57,57,1,1.4716796875,-1.4716796875,-1.4716796875,1,63,False
+,15,43,15,43,58,58,0,2.185546875,-2.185546875,-2.185546875,1,62,False
+,15,44,15,44,59,59,0,3.40234375,-3.40234375,-3.40234375,1,67,False
+,15,45,15,45,60,60,7,2.328125,-2.328125,-2.328125,1,66,False
+,15,46,15,46,61,61,0,2.037109375,-2.037109375,-2.037109375,1,67,False
+,15,47,15,47,62,62,1,1.9423828125,-1.9423828125,-1.9423828125,1,68,False
+,15,48,15,48,63,63,0,1.138671875,-1.138671875,-1.138671875,1,63,True
+,15,49,15,49,64,64,0,2.091796875,-2.091796875,-2.091796875,1,68,False
+,15,50,15,50,65,65,2,1.74609375,-1.74609375,-1.74609375,1,65,True
+,15,51,15,51,66,66,2,1.86328125,-1.86328125,-1.86328125,1,66,True
+,15,52,15,52,67,67,0,2.015625,-2.015625,-2.015625,1,77,False
+,15,53,15,53,68,68,0,2.26953125,-2.26953125,-2.26953125,1,68,True
+,15,54,15,54,69,69,0,2.49609375,-2.49609375,-2.49609375,1,81,False
+,15,55,15,55,70,70,5,3.162109375,-3.162109375,-3.162109375,1,88,False
+,15,56,15,56,71,71,0,2.32421875,-2.32421875,-2.32421875,1,77,False
+,15,57,15,57,72,72,0,2.8046875,-2.8046875,-2.8046875,1,78,False
+,15,58,15,58,73,73,0,3.232421875,-3.232421875,-3.232421875,1,77,False
+,15,59,15,59,74,74,0,3.4765625,-3.4765625,-3.4765625,1,94,False
+,15,60,15,60,75,75,5,2.251953125,-2.251953125,-2.251953125,1,105,False
+,15,61,15,61,76,76,0,3.185546875,-3.185546875,-3.185546875,1,88,False
+,15,62,15,62,77,77,1,2.72265625,-2.72265625,-2.72265625,1,95,False
+,15,63,15,63,78,78,1,2.154296875,-2.154296875,-2.154296875,1,78,True
+,15,64,15,64,79,79,0,4.421875,-4.421875,-4.421875,1,95,False
+,15,65,15,65,80,80,4,2.935546875,-2.935546875,-2.935546875,1,88,False
+,15,66,15,66,81,81,0,2.583984375,-2.583984375,-2.583984375,1,99,False
+,15,67,15,67,82,82,1,2.4296875,-2.4296875,-2.4296875,1,92,False
+,15,68,15,68,83,83,0,2.34375,-2.34375,-2.34375,1,91,False
+,15,69,15,69,84,84,0,2.9296875,-2.9296875,-2.9296875,1,96,False
+,15,70,15,70,85,85,1,2.1953125,-2.1953125,-2.1953125,1,95,False
+,15,71,15,71,86,86,0,2.861328125,-2.861328125,-2.861328125,1,92,False
+,15,72,15,72,87,87,0,3.625,-3.625,-3.625,1,99,False
+,15,73,15,73,88,88,1,2.34375,-2.34375,-2.34375,1,98,False
+,15,74,15,74,89,89,0,4.15234375,-4.15234375,-4.15234375,1,97,False
+,15,75,15,75,90,90,0,3.8515625,-3.8515625,-3.8515625,1,102,False
+,15,76,15,76,91,91,0,2.890625,-2.890625,-2.890625,1,101,False
+,15,77,15,77,92,92,0,2.0234375,-2.0234375,-2.0234375,1,92,True
+,15,78,15,78,93,93,1,2.4296875,-2.4296875,-2.4296875,1,123,False
+,15,79,15,79,94,94,0,3.455078125,-3.455078125,-3.455078125,1,124,False
+,15,80,15,80,95,95,1,1.677734375,-1.677734375,-1.677734375,1,95,True
+,15,81,15,81,96,96,0,2.1796875,-2.1796875,-2.1796875,1,96,True
+,15,82,15,82,97,97,0,2.740234375,-2.740234375,-2.740234375,1,97,True
+,15,83,15,83,98,98,0,2.84375,-2.84375,-2.84375,1,98,True
+,15,84,15,84,99,99,0,3.11328125,-3.11328125,-3.11328125,1,123,False
+,15,85,15,85,100,100,0,4.0546875,-4.0546875,-4.0546875,1,122,False
+,15,86,15,86,101,101,0,3.822265625,-3.822265625,-3.822265625,1,121,False
+,15,87,15,87,102,102,0,3.015625,-3.015625,-3.015625,1,126,False
+,15,88,15,88,103,103,0,3.478515625,-3.478515625,-3.478515625,1,121,False
+,15,89,15,89,104,104,0,3.65625,-3.65625,-3.65625,1,166,False
+,15,90,15,90,105,105,3,2.802734375,-2.802734375,-2.802734375,1,135,False
+,15,91,15,91,106,106,0,4.1484375,-4.1484375,-4.1484375,1,166,False
+,15,92,15,92,107,107,0,3.9921875,-3.9921875,-3.9921875,1,127,False
+,15,93,15,93,108,108,0,3.287109375,-3.287109375,-3.287109375,1,126,False
+,15,94,15,94,109,109,0,4.15625,-4.15625,-4.15625,1,121,False
+,15,95,15,95,110,110,0,4.22265625,-4.22265625,-4.22265625,1,122,False
+,15,96,15,96,111,111,2,3.275390625,-3.275390625,-3.275390625,1,123,False
+,15,97,15,97,112,112,0,3.646484375,-3.646484375,-3.646484375,1,104,False
+,15,98,15,98,113,113,0,4.22265625,-4.22265625,-4.22265625,1,143,False
+,15,99,15,99,114,114,1,4.3828125,-4.3828125,-4.3828125,1,124,False
+,16,10,16,10,26,26,17,0.37548828125,-0.37548828125,-0.37548828125,1,26,True
+,16,11,16,11,27,27,8,2.158203125,-2.158203125,-2.158203125,1,25,False
+,16,12,16,12,28,28,24,0.93212890625,-0.93212890625,-0.93212890625,1,28,True
+,16,13,16,13,29,29,5,1.5234375,-1.5234375,-1.5234375,1,31,False
+,16,14,16,14,30,30,5,1.310546875,-1.310546875,-1.310546875,1,30,True
+,16,15,16,15,31,31,12,0.77294921875,-0.77294921875,-0.77294921875,1,31,True
+,16,16,16,16,32,32,69,0.28857421875,-0.28857421875,-0.28857421875,1,32,True
+,16,17,16,17,33,33,9,1.6611328125,-1.6611328125,-1.6611328125,1,33,True
+,16,18,16,18,34,34,15,1.6650390625,-1.6650390625,-1.6650390625,1,38,False
+,16,19,16,19,35,35,6,1.896484375,-1.896484375,-1.896484375,1,37,False
+,16,20,16,20,36,36,13,1.08984375,-1.08984375,-1.08984375,1,36,True
+,16,21,16,21,37,37,4,1.654296875,-1.654296875,-1.654296875,1,35,False
+,16,22,16,22,38,38,2,1.5556640625,-1.5556640625,-1.5556640625,1,36,False
+,16,23,16,23,39,39,3,2.185546875,-2.185546875,-2.185546875,1,37,False
+,16,24,16,24,40,40,19,1.3876953125,-1.3876953125,-1.3876953125,1,40,True
+,16,25,16,25,41,41,6,1.1494140625,-1.1494140625,-1.1494140625,1,41,True
+,16,26,16,26,42,42,3,2.376953125,-2.376953125,-2.376953125,1,46,False
+,16,27,16,27,43,43,3,2.056640625,-2.056640625,-2.056640625,1,47,False
+,16,28,16,28,44,44,6,1.734375,-1.734375,-1.734375,1,48,False
+,16,29,16,29,45,45,1,2.3125,-2.3125,-2.3125,1,47,False
+,16,30,16,30,46,46,5,0.2215576171875,-0.2215576171875,-0.2215576171875,1,46,True
+,16,31,16,31,47,47,1,1.076171875,-1.076171875,-1.076171875,1,47,True
+,16,32,16,32,48,48,12,1.2587890625,-1.2587890625,-1.2587890625,1,48,True
+,16,33,16,33,49,49,1,2.3515625,-2.3515625,-2.3515625,1,47,False
+,16,34,16,34,50,50,0,2.162109375,-2.162109375,-2.162109375,1,56,False
+,16,35,16,35,51,51,0,1.818359375,-1.818359375,-1.818359375,1,53,False
+,16,36,16,36,52,52,3,1.984375,-1.984375,-1.984375,1,56,False
+,16,37,16,37,53,53,1,2.4140625,-2.4140625,-2.4140625,1,55,False
+,16,38,16,38,54,54,1,2.927734375,-2.927734375,-2.927734375,1,56,False
+,16,39,16,39,55,55,0,2.392578125,-2.392578125,-2.392578125,1,55,True
+,16,40,16,40,56,56,2,0.5859375,-0.5859375,-0.5859375,1,56,True
+,16,41,16,41,57,57,0,1.85546875,-1.85546875,-1.85546875,1,57,True
+,16,42,16,42,58,58,0,2.392578125,-2.392578125,-2.392578125,1,56,False
+,16,43,16,43,59,59,0,3.146484375,-3.146484375,-3.146484375,1,67,False
+,16,44,16,44,60,60,4,3.09765625,-3.09765625,-3.09765625,1,68,False
+,16,45,16,45,61,61,0,2.025390625,-2.025390625,-2.025390625,1,61,True
+,16,46,16,46,62,62,1,1.921875,-1.921875,-1.921875,1,66,False
+,16,47,16,47,63,63,1,3.13671875,-3.13671875,-3.13671875,1,71,False
+,16,48,16,48,64,64,7,1.5791015625,-1.5791015625,-1.5791015625,1,64,True
+,16,49,16,49,65,65,4,2.939453125,-2.939453125,-2.939453125,1,77,False
+,16,50,16,50,66,66,1,1.70703125,-1.70703125,-1.70703125,1,76,False
+,16,51,16,51,67,67,0,3.4765625,-3.4765625,-3.4765625,1,77,False
+,16,52,16,52,68,68,0,1.9248046875,-1.9248046875,-1.9248046875,1,76,False
+,16,53,16,53,69,69,0,3.244140625,-3.244140625,-3.244140625,1,77,False
+,16,54,16,54,70,70,0,2.77734375,-2.77734375,-2.77734375,1,76,False
+,16,55,16,55,71,71,0,2.53515625,-2.53515625,-2.53515625,1,81,False
+,16,56,16,56,72,72,1,2.3671875,-2.3671875,-2.3671875,1,76,False
+,16,57,16,57,73,73,1,3.0703125,-3.0703125,-3.0703125,1,77,False
+,16,58,16,58,74,74,1,2.8203125,-2.8203125,-2.8203125,1,86,False
+,16,59,16,59,75,75,0,4.90625,-4.90625,-4.90625,1,95,False
+,16,60,16,60,76,76,1,1.23828125,-1.23828125,-1.23828125,1,76,True
+,16,61,16,61,77,77,2,3.626953125,-3.626953125,-3.626953125,1,86,False
+,16,62,16,62,78,78,1,3.212890625,-3.212890625,-3.212890625,1,86,False
+,16,63,16,63,79,79,0,3.974609375,-3.974609375,-3.974609375,1,91,False
+,16,64,16,64,80,80,10,2.853515625,-2.853515625,-2.853515625,1,96,False
+,16,65,16,65,81,81,1,1.33203125,-1.33203125,-1.33203125,1,81,True
+,16,66,16,66,82,82,0,2.8046875,-2.8046875,-2.8046875,1,86,False
+,16,67,16,67,83,83,0,3.095703125,-3.095703125,-3.095703125,1,91,False
+,16,68,16,68,84,84,1,3.171875,-3.171875,-3.171875,1,96,False
+,16,69,16,69,85,85,0,3.513671875,-3.513671875,-3.513671875,1,95,False
+,16,70,16,70,86,86,1,1.5458984375,-1.5458984375,-1.5458984375,1,96,False
+,16,71,16,71,87,87,1,3.845703125,-3.845703125,-3.845703125,1,95,False
+,16,72,16,72,88,88,0,3.287109375,-3.287109375,-3.287109375,1,96,False
+,16,73,16,73,89,89,0,3.91015625,-3.91015625,-3.91015625,1,97,False
+,16,74,16,74,90,90,0,3.6015625,-3.6015625,-3.6015625,1,96,False
+,16,75,16,75,91,91,0,2.3671875,-2.3671875,-2.3671875,1,101,False
+,16,76,16,76,92,92,0,2.953125,-2.953125,-2.953125,1,96,False
+,16,77,16,77,93,93,0,3.048828125,-3.048828125,-3.048828125,1,95,False
+,16,78,16,78,94,94,0,2.791015625,-2.791015625,-2.791015625,1,106,False
+,16,79,16,79,95,95,0,3.548828125,-3.548828125,-3.548828125,1,127,False
+,16,80,16,80,96,96,1,0.876953125,-0.876953125,-0.876953125,1,96,True
+,16,81,16,81,97,97,3,3.03515625,-3.03515625,-3.03515625,1,121,False
+,16,82,16,82,98,98,0,3.548828125,-3.548828125,-3.548828125,1,106,False
+,16,83,16,83,99,99,2,3.880859375,-3.880859375,-3.880859375,1,127,False
+,16,84,16,84,100,100,4,3.154296875,-3.154296875,-3.154296875,1,112,False
+,16,85,16,85,101,101,0,2.95703125,-2.95703125,-2.95703125,1,121,False
+,16,86,16,86,102,102,0,4.69140625,-4.69140625,-4.69140625,1,166,False
+,16,87,16,87,103,103,0,3.37890625,-3.37890625,-3.37890625,1,121,False
+,16,88,16,88,104,104,0,2.75390625,-2.75390625,-2.75390625,1,96,False
+,16,89,16,89,105,105,0,4.20703125,-4.20703125,-4.20703125,1,121,False
+,16,90,16,90,106,106,0,2.712890625,-2.712890625,-2.712890625,1,166,False
+,16,91,16,91,107,107,0,5.9140625,-5.9140625,-5.9140625,1,160,False
+,16,92,16,92,108,108,1,5.11328125,-5.11328125,-5.11328125,1,136,False
+,16,93,16,93,109,109,0,3.61328125,-3.61328125,-3.61328125,1,121,False
+,16,94,16,94,110,110,0,4.1484375,-4.1484375,-4.1484375,1,126,False
+,16,95,16,95,111,111,0,3.47265625,-3.47265625,-3.47265625,1,121,False
+,16,96,16,96,112,112,0,3.6015625,-3.6015625,-3.6015625,1,160,False
+,16,97,16,97,113,113,0,4.34375,-4.34375,-4.34375,1,121,False
+,16,98,16,98,114,114,0,5.125,-5.125,-5.125,1,160,False
+,16,99,16,99,115,115,0,4.1015625,-4.1015625,-4.1015625,1,121,False
+,17,10,17,10,27,27,10,1.4677734375,-1.4677734375,-1.4677734375,1,27,True
+,17,11,17,11,28,28,12,1.6953125,-1.6953125,-1.6953125,1,26,False
+,17,12,17,12,29,29,5,1.5478515625,-1.5478515625,-1.5478515625,1,29,True
+,17,13,17,13,30,30,5,2.1875,-2.1875,-2.1875,1,26,False
+,17,14,17,14,31,31,3,1.7900390625,-1.7900390625,-1.7900390625,1,33,False
+,17,15,17,15,32,32,5,1.560546875,-1.560546875,-1.560546875,1,32,True
+,17,16,17,16,33,33,9,1.4345703125,-1.4345703125,-1.4345703125,1,33,True
+,17,17,17,17,34,34,15,1.015625,-1.015625,-1.015625,1,34,True
+,17,18,17,18,35,35,9,2.11328125,-2.11328125,-2.11328125,1,37,False
+,17,19,17,19,36,36,13,3.0703125,-3.0703125,-3.0703125,1,38,False
+,17,20,17,20,37,37,1,1.2802734375,-1.2802734375,-1.2802734375,1,37,True
+,17,21,17,21,38,38,2,1.80859375,-1.80859375,-1.80859375,1,38,True
+,17,22,17,22,39,39,1,2.1796875,-2.1796875,-2.1796875,1,37,False
+,17,23,17,23,40,40,1,2.46875,-2.46875,-2.46875,1,46,False
+,17,24,17,24,41,41,4,2.029296875,-2.029296875,-2.029296875,1,41,True
+,17,25,17,25,42,42,2,2.478515625,-2.478515625,-2.478515625,1,44,False
+,17,26,17,26,43,43,0,2.568359375,-2.568359375,-2.568359375,1,44,False
+,17,27,17,27,44,44,1,2.44140625,-2.44140625,-2.44140625,1,46,False
+,17,28,17,28,45,45,6,2.55078125,-2.55078125,-2.55078125,1,47,False
+,17,29,17,29,46,46,3,1.7900390625,-1.7900390625,-1.7900390625,1,46,True
+,17,30,17,30,47,47,2,1.453125,-1.453125,-1.453125,1,47,True
+,17,31,17,31,48,48,2,2.45703125,-2.45703125,-2.45703125,1,46,False
+,17,32,17,32,49,49,2,2.67578125,-2.67578125,-2.67578125,1,55,False
+,17,33,17,33,50,50,1,2.65234375,-2.65234375,-2.65234375,1,56,False
+,17,34,17,34,51,51,1,3.68359375,-3.68359375,-3.68359375,1,55,False
+,17,35,17,35,52,52,1,1.79296875,-1.79296875,-1.79296875,1,56,False
+,17,36,17,36,53,53,2,2.826171875,-2.826171875,-2.826171875,1,55,False
+,17,37,17,37,54,54,0,2.78515625,-2.78515625,-2.78515625,1,56,False
+,17,38,17,38,55,55,0,2.5859375,-2.5859375,-2.5859375,1,56,False
+,17,39,17,39,56,56,0,1.9677734375,-1.9677734375,-1.9677734375,1,56,True
+,17,40,17,40,57,57,0,1.919921875,-1.919921875,-1.919921875,1,57,True
+,17,41,17,41,58,58,1,2.71875,-2.71875,-2.71875,1,56,False
+,17,42,17,42,59,59,0,3.208984375,-3.208984375,-3.208984375,1,65,False
+,17,43,17,43,60,60,0,3.298828125,-3.298828125,-3.298828125,1,66,False
+,17,44,17,44,61,61,0,3.591796875,-3.591796875,-3.591796875,1,67,False
+,17,45,17,45,62,62,1,2.58984375,-2.58984375,-2.58984375,1,68,False
+,17,46,17,46,63,63,0,3.107421875,-3.107421875,-3.107421875,1,67,False
+,17,47,17,47,64,64,0,2.572265625,-2.572265625,-2.572265625,1,66,False
+,17,48,17,48,65,65,0,2.23046875,-2.23046875,-2.23046875,1,65,True
+,17,49,17,49,66,66,0,2.642578125,-2.642578125,-2.642578125,1,68,False
+,17,50,17,50,67,67,1,2.41796875,-2.41796875,-2.41796875,1,77,False
+,17,51,17,51,68,68,0,2.634765625,-2.634765625,-2.634765625,1,76,False
+,17,52,17,52,69,69,1,2.810546875,-2.810546875,-2.810546875,1,77,False
+,17,53,17,53,70,70,0,2.9453125,-2.9453125,-2.9453125,1,76,False
+,17,54,17,54,71,71,0,3.3125,-3.3125,-3.3125,1,77,False
+,17,55,17,55,72,72,1,3.125,-3.125,-3.125,1,78,False
+,17,56,17,56,73,73,0,3.388671875,-3.388671875,-3.388671875,1,77,False
+,17,57,17,57,74,74,0,3.037109375,-3.037109375,-3.037109375,1,86,False
+,17,58,17,58,75,75,0,3.62109375,-3.62109375,-3.62109375,1,91,False
+,17,59,17,59,76,76,1,3.556640625,-3.556640625,-3.556640625,1,94,False
+,17,60,17,60,77,77,0,2.19921875,-2.19921875,-2.19921875,1,97,False
+,17,61,17,61,78,78,0,3.546875,-3.546875,-3.546875,1,88,False
+,17,62,17,62,79,79,0,3.564453125,-3.564453125,-3.564453125,1,95,False
+,17,63,17,63,80,80,0,3.548828125,-3.548828125,-3.548828125,1,88,False
+,17,64,17,64,81,81,1,3.521484375,-3.521484375,-3.521484375,1,97,False
+,17,65,17,65,82,82,0,2.5546875,-2.5546875,-2.5546875,1,98,False
+,17,66,17,66,83,83,0,2.8125,-2.8125,-2.8125,1,91,False
+,17,67,17,67,84,84,0,3.783203125,-3.783203125,-3.783203125,1,94,False
+,17,68,17,68,85,85,0,3.658203125,-3.658203125,-3.658203125,1,97,False
+,17,69,17,69,86,86,0,3.306640625,-3.306640625,-3.306640625,1,98,False
+,17,70,17,70,87,87,0,3.369140625,-3.369140625,-3.369140625,1,97,False
+,17,71,17,71,88,88,1,2.84375,-2.84375,-2.84375,1,98,False
+,17,72,17,72,89,89,0,4.3046875,-4.3046875,-4.3046875,1,97,False
+,17,73,17,73,90,90,0,3.478515625,-3.478515625,-3.478515625,1,98,False
+,17,74,17,74,91,91,0,3.55078125,-3.55078125,-3.55078125,1,97,False
+,17,75,17,75,92,92,2,2.36328125,-2.36328125,-2.36328125,1,98,False
+,17,76,17,76,93,93,1,3.568359375,-3.568359375,-3.568359375,1,95,False
+,17,77,17,77,94,94,1,2.81640625,-2.81640625,-2.81640625,1,104,False
+,17,78,17,78,95,95,0,3.5,-3.5,-3.5,1,104,False
+,17,79,17,79,96,96,0,3.73828125,-3.73828125,-3.73828125,1,118,False
+,17,80,17,80,97,97,1,2.30859375,-2.30859375,-2.30859375,1,97,True
+,17,81,17,81,98,98,0,3.455078125,-3.455078125,-3.455078125,1,136,False
+,17,82,17,82,99,99,1,3.59765625,-3.59765625,-3.59765625,1,97,False
+,17,83,17,83,100,100,1,3.75,-3.75,-3.75,1,104,False
+,17,84,17,84,101,101,0,3.517578125,-3.517578125,-3.517578125,1,121,False
+,17,85,17,85,102,102,0,3.44921875,-3.44921875,-3.44921875,1,122,False
+,17,86,17,86,103,103,0,4.45703125,-4.45703125,-4.45703125,1,121,False
+,17,87,17,87,104,104,0,3.2421875,-3.2421875,-3.2421875,1,130,False
+,17,88,17,88,105,105,1,3.72265625,-3.72265625,-3.72265625,1,121,False
+,17,89,17,89,106,106,0,4.0390625,-4.0390625,-4.0390625,1,118,False
+,17,90,17,90,107,107,1,3.78125,-3.78125,-3.78125,1,137,False
+,17,91,17,91,108,108,0,4.9140625,-4.9140625,-4.9140625,1,182,False
+,17,92,17,92,109,109,0,5.01171875,-5.01171875,-5.01171875,1,177,False
+,17,93,17,93,110,110,0,3.962890625,-3.962890625,-3.962890625,1,104,False
+,17,94,17,94,111,111,0,3.978515625,-3.978515625,-3.978515625,1,123,False
+,17,95,17,95,112,112,0,4.390625,-4.390625,-4.390625,1,122,False
+,17,96,17,96,113,113,1,4.11328125,-4.11328125,-4.11328125,1,121,False
+,17,97,17,97,114,114,0,4.38671875,-4.38671875,-4.38671875,1,104,False
+,17,98,17,98,115,115,0,5.10546875,-5.10546875,-5.10546875,1,121,False
+,17,99,17,99,116,116,0,4.1484375,-4.1484375,-4.1484375,1,122,False
+,18,10,18,10,28,28,3,0.73779296875,-0.73779296875,-0.73779296875,1,28,True
+,18,11,18,11,29,29,4,1.400390625,-1.400390625,-1.400390625,1,29,True
+,18,12,18,12,30,30,21,1.0625,-1.0625,-1.0625,1,36,False
+,18,13,18,13,31,31,4,1.626953125,-1.626953125,-1.626953125,1,31,True
+,18,14,18,14,32,32,3,1.7451171875,-1.7451171875,-1.7451171875,1,28,False
+,18,15,18,15,33,33,11,0.50732421875,-0.50732421875,-0.50732421875,1,33,True
+,18,16,18,16,34,34,5,2.076171875,-2.076171875,-2.076171875,1,38,False
+,18,17,18,17,35,35,7,2.287109375,-2.287109375,-2.287109375,1,37,False
+,18,18,18,18,36,36,30,0.50146484375,-0.50146484375,-0.50146484375,1,36,True
+,18,19,18,19,37,37,4,2.638671875,-2.638671875,-2.638671875,1,41,False
+,18,20,18,20,38,38,9,0.53369140625,-0.53369140625,-0.53369140625,1,38,True
+,18,21,18,21,39,39,2,1.546875,-1.546875,-1.546875,1,39,True
+,18,22,18,22,40,40,6,1.9248046875,-1.9248046875,-1.9248046875,1,44,False
+,18,23,18,23,41,41,7,2.12109375,-2.12109375,-2.12109375,1,47,False
+,18,24,18,24,42,42,4,1.2431640625,-1.2431640625,-1.2431640625,1,42,True
+,18,25,18,25,43,43,5,1.9306640625,-1.9306640625,-1.9306640625,1,47,False
+,18,26,18,26,44,44,1,1.794921875,-1.794921875,-1.794921875,1,46,False
+,18,27,18,27,45,45,3,2.1640625,-2.1640625,-2.1640625,1,63,False
+,18,28,18,28,46,46,3,1.296875,-1.296875,-1.296875,1,46,True
+,18,29,18,29,47,47,4,1.955078125,-1.955078125,-1.955078125,1,47,True
+,18,30,18,30,48,48,2,0.541015625,-0.541015625,-0.541015625,1,48,True
+,18,31,18,31,49,49,0,2.181640625,-2.181640625,-2.181640625,1,47,False
+,18,32,18,32,50,50,5,1.92578125,-1.92578125,-1.92578125,1,50,True
+,18,33,18,33,51,51,1,2.28515625,-2.28515625,-2.28515625,1,57,False
+,18,34,18,34,52,52,2,2.79296875,-2.79296875,-2.79296875,1,56,False
+,18,35,18,35,53,53,1,1.8955078125,-1.8955078125,-1.8955078125,1,53,True
+,18,36,18,36,54,54,1,2.103515625,-2.103515625,-2.103515625,1,66,False
+,18,37,18,37,55,55,0,2.05078125,-2.05078125,-2.05078125,1,55,True
+,18,38,18,38,56,56,3,1.83203125,-1.83203125,-1.83203125,1,56,True
+,18,39,18,39,57,57,0,1.724609375,-1.724609375,-1.724609375,1,63,False
+,18,40,18,40,58,58,3,1.1630859375,-1.1630859375,-1.1630859375,1,58,True
+,18,41,18,41,59,59,0,3.22265625,-3.22265625,-3.22265625,1,67,False
+,18,42,18,42,60,60,1,2.01953125,-2.01953125,-2.01953125,1,66,False
+,18,43,18,43,61,61,1,2.826171875,-2.826171875,-2.826171875,1,67,False
+,18,44,18,44,62,62,0,2.69921875,-2.69921875,-2.69921875,1,68,False
+,18,45,18,45,63,63,0,1.623046875,-1.623046875,-1.623046875,1,63,True
+,18,46,18,46,64,64,0,2.8125,-2.8125,-2.8125,1,68,False
+,18,47,18,47,65,65,0,2.76953125,-2.76953125,-2.76953125,1,71,False
+,18,48,18,48,66,66,1,1.2373046875,-1.2373046875,-1.2373046875,1,66,True
+,18,49,18,49,67,67,2,3.130859375,-3.130859375,-3.130859375,1,77,False
+,18,50,18,50,68,68,1,2.41015625,-2.41015625,-2.41015625,1,82,False
+,18,51,18,51,69,69,0,2.587890625,-2.587890625,-2.587890625,1,81,False
+,18,52,18,52,70,70,0,2.373046875,-2.373046875,-2.373046875,1,82,False
+,18,53,18,53,71,71,0,2.890625,-2.890625,-2.890625,1,77,False
+,18,54,18,54,72,72,1,2.279296875,-2.279296875,-2.279296875,1,78,False
+,18,55,18,55,73,73,4,2.783203125,-2.783203125,-2.783203125,1,77,False
+,18,56,18,56,74,74,1,2.732421875,-2.732421875,-2.732421875,1,82,False
+,18,57,18,57,75,75,0,3.009765625,-3.009765625,-3.009765625,1,81,False
+,18,58,18,58,76,76,0,2.955078125,-2.955078125,-2.955078125,1,92,False
+,18,59,18,59,77,77,2,4.078125,-4.078125,-4.078125,1,97,False
+,18,60,18,60,78,78,0,1.330078125,-1.330078125,-1.330078125,1,78,True
+,18,61,18,61,79,79,1,4.8046875,-4.8046875,-4.8046875,1,88,False
+,18,62,18,62,80,80,0,2.798828125,-2.798828125,-2.798828125,1,88,False
+,18,63,18,63,81,81,0,2.412109375,-2.412109375,-2.412109375,1,99,False
+,18,64,18,64,82,82,0,2.576171875,-2.576171875,-2.576171875,1,98,False
+,18,65,18,65,83,83,0,2.61328125,-2.61328125,-2.61328125,1,97,False
+,18,66,18,66,84,84,0,3.25,-3.25,-3.25,1,96,False
+,18,67,18,67,85,85,1,3.74609375,-3.74609375,-3.74609375,1,97,False
+,18,68,18,68,86,86,0,2.9140625,-2.9140625,-2.9140625,1,98,False
+,18,69,18,69,87,87,0,3.697265625,-3.697265625,-3.697265625,1,93,False
+,18,70,18,70,88,88,0,2.025390625,-2.025390625,-2.025390625,1,98,False
+,18,71,18,71,89,89,0,3.962890625,-3.962890625,-3.962890625,1,95,False
+,18,72,18,72,90,90,0,3.466796875,-3.466796875,-3.466796875,1,108,False
+,18,73,18,73,91,91,0,2.9609375,-2.9609375,-2.9609375,1,97,False
+,18,74,18,74,92,92,0,3.255859375,-3.255859375,-3.255859375,1,98,False
+,18,75,18,75,93,93,2,1.6328125,-1.6328125,-1.6328125,1,93,True
+,18,76,18,76,94,94,0,3.17578125,-3.17578125,-3.17578125,1,106,False
+,18,77,18,77,95,95,0,2.287109375,-2.287109375,-2.287109375,1,95,True
+,18,78,18,78,96,96,0,1.892578125,-1.892578125,-1.892578125,1,96,True
+,18,79,18,79,97,97,0,3.23046875,-3.23046875,-3.23046875,1,127,False
+,18,80,18,80,98,98,0,1.7890625,-1.7890625,-1.7890625,1,98,True
+,18,81,18,81,99,99,2,2.21875,-2.21875,-2.21875,1,99,True
+,18,82,18,82,100,100,0,3.6171875,-3.6171875,-3.6171875,1,122,False
+,18,83,18,83,101,101,0,3.529296875,-3.529296875,-3.529296875,1,127,False
+,18,84,18,84,102,102,0,2.73828125,-2.73828125,-2.73828125,1,108,False
+,18,85,18,85,103,103,0,3.083984375,-3.083984375,-3.083984375,1,133,False
+,18,86,18,86,104,104,1,4.87890625,-4.87890625,-4.87890625,1,122,False
+,18,87,18,87,105,105,0,2.810546875,-2.810546875,-2.810546875,1,135,False
+,18,88,18,88,106,106,0,3.26953125,-3.26953125,-3.26953125,1,118,False
+,18,89,18,89,107,107,0,4.28125,-4.28125,-4.28125,1,133,False
+,18,90,18,90,108,108,0,1.955078125,-1.955078125,-1.955078125,1,162,False
+,18,91,18,91,109,109,0,5.03125,-5.03125,-5.03125,1,182,False
+,18,92,18,92,110,110,0,4.3203125,-4.3203125,-4.3203125,1,178,False
+,18,93,18,93,111,111,0,2.650390625,-2.650390625,-2.650390625,1,111,True
+,18,94,18,94,112,112,0,4.12890625,-4.12890625,-4.12890625,1,122,False
+,18,95,18,95,113,113,0,3.58203125,-3.58203125,-3.58203125,1,133,False
+,18,96,18,96,114,114,1,3.861328125,-3.861328125,-3.861328125,1,126,False
+,18,97,18,97,115,115,0,4.1328125,-4.1328125,-4.1328125,1,97,False
+,18,98,18,98,116,116,0,5.7109375,-5.7109375,-5.7109375,1,122,False
+,18,99,18,99,117,117,0,3.94140625,-3.94140625,-3.94140625,1,121,False
+,19,10,19,10,29,29,9,1.18359375,-1.18359375,-1.18359375,1,29,True
+,19,11,19,11,30,30,5,2.671875,-2.671875,-2.671875,1,38,False
+,19,12,19,12,31,31,3,2.75390625,-2.75390625,-2.75390625,1,37,False
+,19,13,19,13,32,32,7,2.05078125,-2.05078125,-2.05078125,1,32,True
+,19,14,19,14,33,33,4,2.265625,-2.265625,-2.265625,1,37,False
+,19,15,19,15,34,34,3,2.19140625,-2.19140625,-2.19140625,1,38,False
+,19,16,19,16,35,35,5,2.392578125,-2.392578125,-2.392578125,1,37,False
+,19,17,19,17,36,36,10,3.208984375,-3.208984375,-3.208984375,1,38,False
+,19,18,19,18,37,37,4,2.15234375,-2.15234375,-2.15234375,1,38,False
+,19,19,19,19,38,38,8,0.189453125,-0.189453125,-0.189453125,1,38,True
+,19,20,19,20,39,39,2,1.333984375,-1.333984375,-1.333984375,1,39,True
+,19,21,19,21,40,40,5,2.03515625,-2.03515625,-2.03515625,1,38,False
+,19,22,19,22,41,41,6,2.03515625,-2.03515625,-2.03515625,1,43,False
+,19,23,19,23,42,42,5,3.177734375,-3.177734375,-3.177734375,1,38,False
+,19,24,19,24,43,43,2,2.12890625,-2.12890625,-2.12890625,1,43,True
+,19,25,19,25,44,44,3,1.7041015625,-1.7041015625,-1.7041015625,1,44,True
+,19,26,19,26,45,45,1,3.306640625,-3.306640625,-3.306640625,1,44,False
+,19,27,19,27,46,46,2,2.447265625,-2.447265625,-2.447265625,1,44,False
+,19,28,19,28,47,47,1,2.255859375,-2.255859375,-2.255859375,1,47,True
+,19,29,19,29,48,48,1,2.47265625,-2.47265625,-2.47265625,1,44,False
+,19,30,19,30,49,49,1,1.791015625,-1.791015625,-1.791015625,1,49,True
+,19,31,19,31,50,50,2,2.55078125,-2.55078125,-2.55078125,1,46,False
+,19,32,19,32,51,51,1,3.369140625,-3.369140625,-3.369140625,1,57,False
+,19,33,19,33,52,52,0,2.458984375,-2.458984375,-2.458984375,1,56,False
+,19,34,19,34,53,53,0,3.482421875,-3.482421875,-3.482421875,1,56,False
+,19,35,19,35,54,54,0,2.78515625,-2.78515625,-2.78515625,1,56,False
+,19,36,19,36,55,55,0,2.765625,-2.765625,-2.765625,1,56,False
+,19,37,19,37,56,56,1,1.9423828125,-1.9423828125,-1.9423828125,1,56,True
+,19,38,19,38,57,57,0,3.599609375,-3.599609375,-3.599609375,1,68,False
+,19,39,19,39,58,58,0,2.431640625,-2.431640625,-2.431640625,1,68,False
+,19,40,19,40,59,59,3,2.232421875,-2.232421875,-2.232421875,1,69,False
+,19,41,19,41,60,60,0,3.33984375,-3.33984375,-3.33984375,1,68,False
+,19,42,19,42,61,61,0,2.900390625,-2.900390625,-2.900390625,1,65,False
+,19,43,19,43,62,62,0,2.796875,-2.796875,-2.796875,1,64,False
+,19,44,19,44,63,63,0,3.150390625,-3.150390625,-3.150390625,1,67,False
+,19,45,19,45,64,64,1,2.134765625,-2.134765625,-2.134765625,1,64,True
+,19,46,19,46,65,65,1,2.962890625,-2.962890625,-2.962890625,1,71,False
+,19,47,19,47,66,66,0,2.7109375,-2.7109375,-2.7109375,1,76,False
+,19,48,19,48,67,67,2,2.76171875,-2.76171875,-2.76171875,1,67,True
+,19,49,19,49,68,68,1,2.431640625,-2.431640625,-2.431640625,1,68,True
+,19,50,19,50,69,69,1,2.904296875,-2.904296875,-2.904296875,1,79,False
+,19,51,19,51,70,70,1,3.28125,-3.28125,-3.28125,1,76,False
+,19,52,19,52,71,71,0,3.259765625,-3.259765625,-3.259765625,1,77,False
+,19,53,19,53,72,72,0,3.544921875,-3.544921875,-3.544921875,1,78,False
+,19,54,19,54,73,73,0,3.439453125,-3.439453125,-3.439453125,1,77,False
+,19,55,19,55,74,74,0,2.865234375,-2.865234375,-2.865234375,1,78,False
+,19,56,19,56,75,75,0,3.826171875,-3.826171875,-3.826171875,1,77,False
+,19,57,19,57,76,76,0,2.9453125,-2.9453125,-2.9453125,1,88,False
+,19,58,19,58,77,77,2,3.666015625,-3.666015625,-3.666015625,1,97,False
+,19,59,19,59,78,78,0,3.873046875,-3.873046875,-3.873046875,1,98,False
+,19,60,19,60,79,79,0,2.59765625,-2.59765625,-2.59765625,1,89,False
+,19,61,19,61,80,80,2,4.32421875,-4.32421875,-4.32421875,1,88,False
+,19,62,19,62,81,81,1,3.794921875,-3.794921875,-3.794921875,1,99,False
+,19,63,19,63,82,82,0,3.552734375,-3.552734375,-3.552734375,1,98,False
+,19,64,19,64,83,83,1,3.642578125,-3.642578125,-3.642578125,1,99,False
+,19,65,19,65,84,84,0,3.41015625,-3.41015625,-3.41015625,1,98,False
+,19,66,19,66,85,85,0,4.1875,-4.1875,-4.1875,1,95,False
+,19,67,19,67,86,86,0,3.701171875,-3.701171875,-3.701171875,1,98,False
+,19,68,19,68,87,87,1,5.109375,-5.109375,-5.109375,1,97,False
+,19,69,19,69,88,88,0,2.619140625,-2.619140625,-2.619140625,1,98,False
+,19,70,19,70,89,89,0,3.373046875,-3.373046875,-3.373046875,1,99,False
+,19,71,19,71,90,90,0,4.6953125,-4.6953125,-4.6953125,1,98,False
+,19,72,19,72,91,91,0,4.1796875,-4.1796875,-4.1796875,1,97,False
+,19,73,19,73,92,92,0,3.021484375,-3.021484375,-3.021484375,1,98,False
+,19,74,19,74,93,93,0,3.7890625,-3.7890625,-3.7890625,1,99,False
+,19,75,19,75,94,94,0,2.60546875,-2.60546875,-2.60546875,1,98,False
+,19,76,19,76,95,95,1,3.111328125,-3.111328125,-3.111328125,1,107,False
+,19,77,19,77,96,96,0,3.40625,-3.40625,-3.40625,1,98,False
+,19,78,19,78,97,97,1,3.87890625,-3.87890625,-3.87890625,1,98,False
+,19,79,19,79,98,98,0,3.201171875,-3.201171875,-3.201171875,1,118,False
+,19,80,19,80,99,99,0,2.798828125,-2.798828125,-2.798828125,1,119,False
+,19,81,19,81,100,100,0,3.935546875,-3.935546875,-3.935546875,1,98,False
+,19,82,19,82,101,101,0,4.0859375,-4.0859375,-4.0859375,1,121,False
+,19,83,19,83,102,102,1,4.30078125,-4.30078125,-4.30078125,1,122,False
+,19,84,19,84,103,103,0,3.712890625,-3.712890625,-3.712890625,1,121,False
+,19,85,19,85,104,104,0,3.79296875,-3.79296875,-3.79296875,1,122,False
+,19,86,19,86,105,105,0,5.90234375,-5.90234375,-5.90234375,1,143,False
+,19,87,19,87,106,106,0,4.1640625,-4.1640625,-4.1640625,1,122,False
+,19,88,19,88,107,107,0,4.60546875,-4.60546875,-4.60546875,1,121,False
+,19,89,19,89,108,108,0,4.8125,-4.8125,-4.8125,1,144,False
+,19,90,19,90,109,109,0,4.60546875,-4.60546875,-4.60546875,1,139,False
+,19,91,19,91,110,110,3,4.7265625,-4.7265625,-4.7265625,1,140,False
+,19,92,19,92,111,111,0,5.30078125,-5.30078125,-5.30078125,1,133,False
+,19,93,19,93,112,112,0,3.751953125,-3.751953125,-3.751953125,1,122,False
+,19,94,19,94,113,113,0,4.00390625,-4.00390625,-4.00390625,1,143,False
+,19,95,19,95,114,114,1,4.16015625,-4.16015625,-4.16015625,1,144,False
+,19,96,19,96,115,115,1,4.31640625,-4.31640625,-4.31640625,1,121,False
+,19,97,19,97,116,116,0,4.32421875,-4.32421875,-4.32421875,1,122,False
+,19,98,19,98,117,117,0,4.90234375,-4.90234375,-4.90234375,1,121,False
+,19,99,19,99,118,118,0,3.41796875,-3.41796875,-3.41796875,1,122,False
+,20,10,20,10,30,30,55,0.1441650390625,-0.1441650390625,-0.1441650390625,1,30,True
+,20,11,20,11,31,31,8,0.41845703125,-0.41845703125,-0.41845703125,1,31,True
+,20,12,20,12,32,32,19,0.6533203125,-0.6533203125,-0.6533203125,1,32,True
+,20,13,20,13,33,33,8,0.640625,-0.640625,-0.640625,1,33,True
+,20,14,20,14,34,34,8,0.98486328125,-0.98486328125,-0.98486328125,1,34,True
+,20,15,20,15,35,35,20,0.90625,-0.90625,-0.90625,1,35,True
+,20,16,20,16,36,36,5,0.9150390625,-0.9150390625,-0.9150390625,1,36,True
+,20,17,20,17,37,37,7,1.15625,-1.15625,-1.15625,1,37,True
+,20,18,20,18,38,38,6,0.464599609375,-0.464599609375,-0.464599609375,1,38,True
+,20,19,20,19,39,39,4,1.0166015625,-1.0166015625,-1.0166015625,1,39,True
+,20,20,20,20,40,40,91,0.1353759765625,-0.1353759765625,-0.1353759765625,1,40,True
+,20,21,20,21,41,41,1,0.5869140625,-0.5869140625,-0.5869140625,1,41,True
+,20,22,20,22,42,42,8,0.56005859375,-0.56005859375,-0.56005859375,1,42,True
+,20,23,20,23,43,43,2,1.5927734375,-1.5927734375,-1.5927734375,1,43,True
+,20,24,20,24,44,44,11,1.0458984375,-1.0458984375,-1.0458984375,1,44,True
+,20,25,20,25,45,45,22,0.75537109375,-0.75537109375,-0.75537109375,1,45,True
+,20,26,20,26,46,46,4,0.8271484375,-0.8271484375,-0.8271484375,1,46,True
+,20,27,20,27,47,47,2,1.5908203125,-1.5908203125,-1.5908203125,1,47,True
+,20,28,20,28,48,48,3,0.6884765625,-0.6884765625,-0.6884765625,1,48,True
+,20,29,20,29,49,49,3,1.0712890625,-1.0712890625,-1.0712890625,1,49,True
+,20,30,20,30,50,50,47,0.275146484375,-0.275146484375,-0.275146484375,1,50,True
+,20,31,20,31,51,51,1,0.95703125,-0.95703125,-0.95703125,1,51,True
+,20,32,20,32,52,52,3,1.080078125,-1.080078125,-1.080078125,1,52,True
+,20,33,20,33,53,53,2,1.33203125,-1.33203125,-1.33203125,1,53,True
+,20,34,20,34,54,54,0,1.455078125,-1.455078125,-1.455078125,1,54,True
+,20,35,20,35,55,55,8,0.448486328125,-0.448486328125,-0.448486328125,1,55,True
+,20,36,20,36,56,56,3,0.8134765625,-0.8134765625,-0.8134765625,1,56,True
+,20,37,20,37,57,57,1,1.423828125,-1.423828125,-1.423828125,1,57,True
+,20,38,20,38,58,58,1,1.1025390625,-1.1025390625,-1.1025390625,1,58,True
+,20,39,20,39,59,59,0,1.8095703125,-1.8095703125,-1.8095703125,1,59,True
+,20,40,20,40,60,60,25,0.4716796875,-0.4716796875,-0.4716796875,1,60,True
+,20,41,20,41,61,61,0,1.1279296875,-1.1279296875,-1.1279296875,1,61,True
+,20,42,20,42,62,62,1,0.9091796875,-0.9091796875,-0.9091796875,1,62,True
+,20,43,20,43,63,63,0,1.6806640625,-1.6806640625,-1.6806640625,1,63,True
+,20,44,20,44,64,64,3,1.49609375,-1.49609375,-1.49609375,1,64,True
+,20,45,20,45,65,65,9,0.595703125,-0.595703125,-0.595703125,1,65,True
+,20,46,20,46,66,66,1,1.623046875,-1.623046875,-1.623046875,1,66,True
+,20,47,20,47,67,67,3,1.4765625,-1.4765625,-1.4765625,1,67,True
+,20,48,20,48,68,68,1,1.181640625,-1.181640625,-1.181640625,1,68,True
+,20,49,20,49,69,69,0,1.8310546875,-1.8310546875,-1.8310546875,1,69,True
+,20,50,20,50,70,70,10,0.82470703125,-0.82470703125,-0.82470703125,1,70,True
+,20,51,20,51,71,71,0,1.5791015625,-1.5791015625,-1.5791015625,1,71,True
+,20,52,20,52,72,72,1,1.7578125,-1.7578125,-1.7578125,1,72,True
+,20,53,20,53,73,73,0,1.7763671875,-1.7763671875,-1.7763671875,1,73,True
+,20,54,20,54,74,74,2,2.041015625,-2.041015625,-2.041015625,1,74,True
+,20,55,20,55,75,75,3,1.6923828125,-1.6923828125,-1.6923828125,1,85,False
+,20,56,20,56,76,76,0,1.7373046875,-1.7373046875,-1.7373046875,1,76,True
+,20,57,20,57,77,77,0,1.68359375,-1.68359375,-1.68359375,1,77,True
+,20,58,20,58,78,78,0,1.666015625,-1.666015625,-1.666015625,1,78,True
+,20,59,20,59,79,79,0,2.8984375,-2.8984375,-2.8984375,1,89,False
+,20,60,20,60,80,80,14,1.0078125,-1.0078125,-1.0078125,1,80,True
+,20,61,20,61,81,81,0,2.7421875,-2.7421875,-2.7421875,1,91,False
+,20,62,20,62,82,82,0,1.9609375,-1.9609375,-1.9609375,1,82,True
+,20,63,20,63,83,83,0,2.4765625,-2.4765625,-2.4765625,1,97,False
+,20,64,20,64,84,84,1,3.216796875,-3.216796875,-3.216796875,1,96,False
+,20,65,20,65,85,85,1,1.5048828125,-1.5048828125,-1.5048828125,1,95,False
+,20,66,20,66,86,86,0,2.330078125,-2.330078125,-2.330078125,1,88,False
+,20,67,20,67,87,87,0,3.521484375,-3.521484375,-3.521484375,1,97,False
+,20,68,20,68,88,88,1,2.001953125,-2.001953125,-2.001953125,1,88,True
+,20,69,20,69,89,89,1,3.255859375,-3.255859375,-3.255859375,1,101,False
+,20,70,20,70,90,90,9,1.78125,-1.78125,-1.78125,1,100,False
+,20,71,20,71,91,91,0,1.9599609375,-1.9599609375,-1.9599609375,1,101,False
+,20,72,20,72,92,92,1,1.8935546875,-1.8935546875,-1.8935546875,1,92,True
+,20,73,20,73,93,93,0,2.935546875,-2.935546875,-2.935546875,1,97,False
+,20,74,20,74,94,94,0,2.759765625,-2.759765625,-2.759765625,1,98,False
+,20,75,20,75,95,95,1,1.5576171875,-1.5576171875,-1.5576171875,1,95,True
+,20,76,20,76,96,96,1,2.29296875,-2.29296875,-2.29296875,1,96,True
+,20,77,20,77,97,97,0,2.783203125,-2.783203125,-2.783203125,1,121,False
+,20,78,20,78,98,98,0,2.1015625,-2.1015625,-2.1015625,1,118,False
+,20,79,20,79,99,99,0,4.0703125,-4.0703125,-4.0703125,1,119,False
+,20,80,20,80,100,100,4,2.283203125,-2.283203125,-2.283203125,1,120,False
+,20,81,20,81,101,101,0,2.447265625,-2.447265625,-2.447265625,1,121,False
+,20,82,20,82,102,102,0,2.986328125,-2.986328125,-2.986328125,1,122,False
+,20,83,20,83,103,103,0,4.08984375,-4.08984375,-4.08984375,1,123,False
+,20,84,20,84,104,104,1,3.06640625,-3.06640625,-3.06640625,1,124,False
+,20,85,20,85,105,105,0,2.998046875,-2.998046875,-2.998046875,1,135,False
+,20,86,20,86,106,106,0,4.5078125,-4.5078125,-4.5078125,1,146,False
+,20,87,20,87,107,107,0,3.615234375,-3.615234375,-3.615234375,1,137,False
+,20,88,20,88,108,108,0,3.763671875,-3.763671875,-3.763671875,1,132,False
+,20,89,20,89,109,109,0,4.5625,-4.5625,-4.5625,1,129,False
+,20,90,20,90,110,110,0,3.234375,-3.234375,-3.234375,1,190,False
+,20,91,20,91,111,111,0,5.42578125,-5.42578125,-5.42578125,1,121,False
+,20,92,20,92,112,112,0,4.07421875,-4.07421875,-4.07421875,1,152,False
+,20,93,20,93,113,113,0,3.4921875,-3.4921875,-3.4921875,1,123,False
+,20,94,20,94,114,114,0,4.26953125,-4.26953125,-4.26953125,1,124,False
+,20,95,20,95,115,115,0,2.7890625,-2.7890625,-2.7890625,1,135,False
+,20,96,20,96,116,116,0,4.07421875,-4.07421875,-4.07421875,1,136,False
+,20,97,20,97,117,117,0,3.662109375,-3.662109375,-3.662109375,1,97,False
+,20,98,20,98,118,118,0,3.787109375,-3.787109375,-3.787109375,1,120,False
+,20,99,20,99,119,119,1,2.755859375,-2.755859375,-2.755859375,1,199,False
+,21,10,21,10,31,31,3,0.763671875,-0.763671875,-0.763671875,1,31,True
+,21,11,21,11,32,32,6,1.43359375,-1.43359375,-1.43359375,1,32,True
+,21,12,21,12,33,33,7,1.0439453125,-1.0439453125,-1.0439453125,1,33,True
+,21,13,21,13,34,34,27,1.2578125,-1.2578125,-1.2578125,1,34,True
+,21,14,21,14,35,35,3,1.1591796875,-1.1591796875,-1.1591796875,1,35,True
+,21,15,21,15,36,36,7,1.220703125,-1.220703125,-1.220703125,1,36,True
+,21,16,21,16,37,37,0,1.7314453125,-1.7314453125,-1.7314453125,1,37,True
+,21,17,21,17,38,38,2,2.029296875,-2.029296875,-2.029296875,1,38,True
+,21,18,21,18,39,39,6,1.779296875,-1.779296875,-1.779296875,1,39,True
+,21,19,21,19,40,40,6,2.123046875,-2.123046875,-2.123046875,1,44,False
+,21,20,21,20,41,41,2,0.72119140625,-0.72119140625,-0.72119140625,1,41,True
+,21,21,21,21,42,42,8,0.07452392578125,-0.07452392578125,-0.07452392578125,1,42,True
+,21,22,21,22,43,43,3,0.6865234375,-0.6865234375,-0.6865234375,1,43,True
+,21,23,21,23,44,44,3,1.7822265625,-1.7822265625,-1.7822265625,1,44,True
+,21,24,21,24,45,45,5,2.13671875,-2.13671875,-2.13671875,1,45,True
+,21,25,21,25,46,46,4,1.78125,-1.78125,-1.78125,1,46,True
+,21,26,21,26,47,47,2,2.25,-2.25,-2.25,1,47,True
+,21,27,21,27,48,48,2,1.8701171875,-1.8701171875,-1.8701171875,1,48,True
+,21,28,21,28,49,49,5,1.94140625,-1.94140625,-1.94140625,1,47,False
+,21,29,21,29,50,50,1,2.177734375,-2.177734375,-2.177734375,1,50,True
+,21,30,21,30,51,51,2,1.2109375,-1.2109375,-1.2109375,1,51,True
+,21,31,21,31,52,52,2,1.4169921875,-1.4169921875,-1.4169921875,1,52,True
+,21,32,21,32,53,53,8,1.697265625,-1.697265625,-1.697265625,1,53,True
+,21,33,21,33,54,54,5,2.26171875,-2.26171875,-2.26171875,1,54,True
+,21,34,21,34,55,55,34,1.9150390625,-1.9150390625,-1.9150390625,1,55,True
+,21,35,21,35,56,56,5,0.89599609375,-0.89599609375,-0.89599609375,1,56,True
+,21,36,21,36,57,57,2,1.5673828125,-1.5673828125,-1.5673828125,1,57,True
+,21,37,21,37,58,58,0,2.08984375,-2.08984375,-2.08984375,1,56,False
+,21,38,21,38,59,59,0,2.966796875,-2.966796875,-2.966796875,1,56,False
+,21,39,21,39,60,60,1,2.044921875,-2.044921875,-2.044921875,1,66,False
+,21,40,21,40,61,61,0,1.197265625,-1.197265625,-1.197265625,1,61,True
+,21,41,21,41,62,62,0,1.4296875,-1.4296875,-1.4296875,1,62,True
+,21,42,21,42,63,63,2,0.89990234375,-0.89990234375,-0.89990234375,1,63,True
+,21,43,21,43,64,64,3,1.6015625,-1.6015625,-1.6015625,1,64,True
+,21,44,21,44,65,65,0,2.025390625,-2.025390625,-2.025390625,1,65,True
+,21,45,21,45,66,66,0,1.2265625,-1.2265625,-1.2265625,1,66,True
+,21,46,21,46,67,67,0,2.025390625,-2.025390625,-2.025390625,1,71,False
+,21,47,21,47,68,68,1,2.08203125,-2.08203125,-2.08203125,1,76,False
+,21,48,21,48,69,69,0,1.9091796875,-1.9091796875,-1.9091796875,1,63,False
+,21,49,21,49,70,70,0,2.24609375,-2.24609375,-2.24609375,1,74,False
+,21,50,21,50,71,71,2,1.84375,-1.84375,-1.84375,1,71,True
+,21,51,21,51,72,72,0,2.796875,-2.796875,-2.796875,1,76,False
+,21,52,21,52,73,73,0,2.232421875,-2.232421875,-2.232421875,1,77,False
+,21,53,21,53,74,74,1,2.5546875,-2.5546875,-2.5546875,1,76,False
+,21,54,21,54,75,75,0,2.69140625,-2.69140625,-2.69140625,1,81,False
+,21,55,21,55,76,76,0,1.8994140625,-1.8994140625,-1.8994140625,1,76,True
+,21,56,21,56,77,77,1,1.6865234375,-1.6865234375,-1.6865234375,1,77,True
+,21,57,21,57,78,78,0,2.861328125,-2.861328125,-2.861328125,1,88,False
+,21,58,21,58,79,79,0,2.912109375,-2.912109375,-2.912109375,1,89,False
+,21,59,21,59,80,80,0,3.7265625,-3.7265625,-3.7265625,1,88,False
+,21,60,21,60,81,81,1,1.466796875,-1.466796875,-1.466796875,1,81,True
+,21,61,21,61,82,82,0,2.9375,-2.9375,-2.9375,1,92,False
+,21,62,21,62,83,83,0,1.7734375,-1.7734375,-1.7734375,1,91,False
+,21,63,21,63,84,84,0,1.99609375,-1.99609375,-1.99609375,1,84,True
+,21,64,21,64,85,85,0,2.91796875,-2.91796875,-2.91796875,1,91,False
+,21,65,21,65,86,86,1,2.11328125,-2.11328125,-2.11328125,1,88,False
+,21,66,21,66,87,87,1,2.87109375,-2.87109375,-2.87109375,1,99,False
+,21,67,21,67,88,88,0,1.951171875,-1.951171875,-1.951171875,1,98,False
+,21,68,21,68,89,89,0,2.626953125,-2.626953125,-2.626953125,1,95,False
+,21,69,21,69,90,90,0,3.400390625,-3.400390625,-3.400390625,1,96,False
+,21,70,21,70,91,91,0,1.3818359375,-1.3818359375,-1.3818359375,1,91,True
+,21,71,21,71,92,92,0,1.2939453125,-1.2939453125,-1.2939453125,1,92,True
+,21,72,21,72,93,93,0,2.5234375,-2.5234375,-2.5234375,1,121,False
+,21,73,21,73,94,94,1,2.3359375,-2.3359375,-2.3359375,1,98,False
+,21,74,21,74,95,95,0,2.064453125,-2.064453125,-2.064453125,1,95,True
+,21,75,21,75,96,96,1,1.69140625,-1.69140625,-1.69140625,1,96,True
+,21,76,21,76,97,97,0,2.689453125,-2.689453125,-2.689453125,1,107,False
+,21,77,21,77,98,98,0,3.044921875,-3.044921875,-3.044921875,1,122,False
+,21,78,21,78,99,99,0,3.240234375,-3.240234375,-3.240234375,1,117,False
+,21,79,21,79,100,100,1,4.859375,-4.859375,-4.859375,1,140,False
+,21,80,21,80,101,101,0,2.251953125,-2.251953125,-2.251953125,1,121,False
+,21,81,21,81,102,102,0,3.537109375,-3.537109375,-3.537109375,1,132,False
+,21,82,21,82,103,103,0,3.6875,-3.6875,-3.6875,1,121,False
+,21,83,21,83,104,104,0,4.47265625,-4.47265625,-4.47265625,1,124,False
+,21,84,21,84,105,105,1,2.7421875,-2.7421875,-2.7421875,1,121,False
+,21,85,21,85,106,106,0,3.82421875,-3.82421875,-3.82421875,1,142,False
+,21,86,21,86,107,107,0,4.25,-4.25,-4.25,1,121,False
+,21,87,21,87,108,108,0,4.5078125,-4.5078125,-4.5078125,1,126,False
+,21,88,21,88,109,109,0,5.484375,-5.484375,-5.484375,1,121,False
+,21,89,21,89,110,110,0,5.0078125,-5.0078125,-5.0078125,1,140,False
+,21,90,21,90,111,111,0,3.791015625,-3.791015625,-3.791015625,1,141,False
+,21,91,21,91,112,112,0,3.498046875,-3.498046875,-3.498046875,1,121,False
+,21,92,21,92,113,113,0,4.8671875,-4.8671875,-4.8671875,1,121,False
+,21,93,21,93,114,114,0,4.7109375,-4.7109375,-4.7109375,1,132,False
+,21,94,21,94,115,115,0,4.140625,-4.140625,-4.140625,1,127,False
+,21,95,21,95,116,116,0,4.48046875,-4.48046875,-4.48046875,1,142,False
+,21,96,21,96,117,117,0,3.9140625,-3.9140625,-3.9140625,1,121,False
+,21,97,21,97,118,118,0,3.41796875,-3.41796875,-3.41796875,1,122,False
+,21,98,21,98,119,119,0,3.224609375,-3.224609375,-3.224609375,1,121,False
+,21,99,21,99,120,120,0,3.412109375,-3.412109375,-3.412109375,1,122,False
+,22,10,22,10,32,32,5,0.91064453125,-0.91064453125,-0.91064453125,1,32,True
+,22,11,22,11,33,33,6,1.1142578125,-1.1142578125,-1.1142578125,1,33,True
+,22,12,22,12,34,34,5,0.85400390625,-0.85400390625,-0.85400390625,1,34,True
+,22,13,22,13,35,35,2,1.369140625,-1.369140625,-1.369140625,1,35,True
+,22,14,22,14,36,36,5,1.42578125,-1.42578125,-1.42578125,1,36,True
+,22,15,22,15,37,37,3,1.25390625,-1.25390625,-1.25390625,1,37,True
+,22,16,22,16,38,38,2,1.8076171875,-1.8076171875,-1.8076171875,1,38,True
+,22,17,22,17,39,39,1,2.4140625,-2.4140625,-2.4140625,1,37,False
+,22,18,22,18,40,40,4,2.072265625,-2.072265625,-2.072265625,1,44,False
+,22,19,22,19,41,41,2,2.1328125,-2.1328125,-2.1328125,1,43,False
+,22,20,22,20,42,42,5,1.341796875,-1.341796875,-1.341796875,1,42,True
+,22,21,22,21,43,43,3,1.6513671875,-1.6513671875,-1.6513671875,1,44,False
+,22,22,22,22,44,44,18,0.1156005859375,-0.1156005859375,-0.1156005859375,1,44,True
+,22,23,22,23,45,45,5,2.37890625,-2.37890625,-2.37890625,1,44,False
+,22,24,22,24,46,46,3,1.7783203125,-1.7783203125,-1.7783203125,1,44,False
+,22,25,22,25,47,47,2,1.9814453125,-1.9814453125,-1.9814453125,1,47,True
+,22,26,22,26,48,48,1,2.28125,-2.28125,-2.28125,1,46,False
+,22,27,22,27,49,49,4,2.28515625,-2.28515625,-2.28515625,1,55,False
+,22,28,22,28,50,50,2,2.3984375,-2.3984375,-2.3984375,1,46,False
+,22,29,22,29,51,51,2,3.42578125,-3.42578125,-3.42578125,1,56,False
+,22,30,22,30,52,52,3,1.4619140625,-1.4619140625,-1.4619140625,1,52,True
+,22,31,22,31,53,53,5,1.9267578125,-1.9267578125,-1.9267578125,1,55,False
+,22,32,22,32,54,54,0,2.421875,-2.421875,-2.421875,1,50,False
+,22,33,22,33,55,55,2,1.80859375,-1.80859375,-1.80859375,1,55,True
+,22,34,22,34,56,56,1,1.830078125,-1.830078125,-1.830078125,1,56,True
+,22,35,22,35,57,57,0,1.7802734375,-1.7802734375,-1.7802734375,1,57,True
+,22,36,22,36,58,58,1,2.58984375,-2.58984375,-2.58984375,1,55,False
+,22,37,22,37,59,59,0,2.685546875,-2.685546875,-2.685546875,1,65,False
+,22,38,22,38,60,60,1,3.240234375,-3.240234375,-3.240234375,1,56,False
+,22,39,22,39,61,61,0,2.412109375,-2.412109375,-2.412109375,1,65,False
+,22,40,22,40,62,62,1,1.1689453125,-1.1689453125,-1.1689453125,1,62,True
+,22,41,22,41,63,63,0,1.8369140625,-1.8369140625,-1.8369140625,1,63,True
+,22,42,22,42,64,64,0,1.54296875,-1.54296875,-1.54296875,1,64,True
+,22,43,22,43,65,65,0,2.25,-2.25,-2.25,1,67,False
+,22,44,22,44,66,66,2,2.287109375,-2.287109375,-2.287109375,1,66,True
+,22,45,22,45,67,67,0,1.818359375,-1.818359375,-1.818359375,1,67,True
+,22,46,22,46,68,68,1,2.017578125,-2.017578125,-2.017578125,1,68,True
+,22,47,22,47,69,69,0,2.662109375,-2.662109375,-2.662109375,1,71,False
+,22,48,22,48,70,70,0,2.162109375,-2.162109375,-2.162109375,1,70,True
+,22,49,22,49,71,71,0,2.783203125,-2.783203125,-2.783203125,1,77,False
+,22,50,22,50,72,72,2,2.529296875,-2.529296875,-2.529296875,1,82,False
+,22,51,22,51,73,73,0,2.912109375,-2.912109375,-2.912109375,1,77,False
+,22,52,22,52,74,74,0,2.734375,-2.734375,-2.734375,1,78,False
+,22,53,22,53,75,75,1,3.1015625,-3.1015625,-3.1015625,1,77,False
+,22,54,22,54,76,76,0,3.00390625,-3.00390625,-3.00390625,1,88,False
+,22,55,22,55,77,77,0,2.154296875,-2.154296875,-2.154296875,1,77,True
+,22,56,22,56,78,78,1,2.455078125,-2.455078125,-2.455078125,1,78,True
+,22,57,22,57,79,79,0,2.927734375,-2.927734375,-2.927734375,1,77,False
+,22,58,22,58,80,80,1,3.388671875,-3.388671875,-3.388671875,1,88,False
+,22,59,22,59,81,81,0,3.88671875,-3.88671875,-3.88671875,1,95,False
+,22,60,22,60,82,82,1,2.15234375,-2.15234375,-2.15234375,1,92,False
+,22,61,22,61,83,83,1,2.951171875,-2.951171875,-2.951171875,1,88,False
+,22,62,22,62,84,84,0,2.65234375,-2.65234375,-2.65234375,1,92,False
+,22,63,22,63,85,85,0,3.345703125,-3.345703125,-3.345703125,1,95,False
+,22,64,22,64,86,86,0,3.55859375,-3.55859375,-3.55859375,1,98,False
+,22,65,22,65,87,87,1,2.611328125,-2.611328125,-2.611328125,1,93,False
+,22,66,22,66,88,88,0,1.8349609375,-1.8349609375,-1.8349609375,1,88,True
+,22,67,22,67,89,89,0,3.435546875,-3.435546875,-3.435546875,1,95,False
+,22,68,22,68,90,90,0,3.662109375,-3.662109375,-3.662109375,1,98,False
+,22,69,22,69,91,91,0,3.810546875,-3.810546875,-3.810546875,1,95,False
+,22,70,22,70,92,92,8,2.09765625,-2.09765625,-2.09765625,1,92,True
+,22,71,22,71,93,93,0,3.1484375,-3.1484375,-3.1484375,1,121,False
+,22,72,22,72,94,94,0,4.15234375,-4.15234375,-4.15234375,1,121,False
+,22,73,22,73,95,95,0,2.87109375,-2.87109375,-2.87109375,1,99,False
+,22,74,22,74,96,96,1,4.04296875,-4.04296875,-4.04296875,1,121,False
+,22,75,22,75,97,97,0,4.2421875,-4.2421875,-4.2421875,1,121,False
+,22,76,22,76,98,98,0,4.9609375,-4.9609375,-4.9609375,1,121,False
+,22,77,22,77,99,99,0,3.892578125,-3.892578125,-3.892578125,1,121,False
+,22,78,22,78,100,100,1,4.02734375,-4.02734375,-4.02734375,1,122,False
+,22,79,22,79,101,101,0,6.64453125,-6.64453125,-6.64453125,1,132,False
+,22,80,22,80,102,102,0,4.8125,-4.8125,-4.8125,1,121,False
+,22,81,22,81,103,103,0,4.61328125,-4.61328125,-4.61328125,1,121,False
+,22,82,22,82,104,104,0,5.7109375,-5.7109375,-5.7109375,1,121,False
+,22,83,22,83,105,105,0,5.81640625,-5.81640625,-5.81640625,1,121,False
+,22,84,22,84,106,106,0,5.52734375,-5.52734375,-5.52734375,1,121,False
+,22,85,22,85,107,107,0,5.02734375,-5.02734375,-5.02734375,1,121,False
+,22,86,22,86,108,108,0,6.2734375,-6.2734375,-6.2734375,1,121,False
+,22,87,22,87,109,109,0,5.609375,-5.609375,-5.609375,1,131,False
+,22,88,22,88,110,110,0,4.46875,-4.46875,-4.46875,1,122,False
+,22,89,22,89,111,111,1,5.18359375,-5.18359375,-5.18359375,1,144,False
+,22,90,22,90,112,112,0,4.2109375,-4.2109375,-4.2109375,1,152,False
+,22,91,22,91,113,113,0,5.62109375,-5.62109375,-5.62109375,1,121,False
+,22,92,22,92,114,114,0,6.265625,-6.265625,-6.265625,1,123,False
+,22,93,22,93,115,115,0,4.78515625,-4.78515625,-4.78515625,1,133,False
+,22,94,22,94,116,116,0,5.71484375,-5.71484375,-5.71484375,1,123,False
+,22,95,22,95,117,117,0,5.37890625,-5.37890625,-5.37890625,1,132,False
+,22,96,22,96,118,118,0,4.3515625,-4.3515625,-4.3515625,1,121,False
+,22,97,22,97,119,119,0,4.2421875,-4.2421875,-4.2421875,1,121,False
+,22,98,22,98,120,120,0,3.296875,-3.296875,-3.296875,1,121,False
+,22,99,22,99,121,121,0,1.880859375,-1.880859375,-1.880859375,1,121,True
+,23,10,23,10,33,33,4,1.845703125,-1.845703125,-1.845703125,1,33,True
+,23,11,23,11,34,34,10,1.1650390625,-1.1650390625,-1.1650390625,1,34,True
+,23,12,23,12,35,35,5,1.14453125,-1.14453125,-1.14453125,1,35,True
+,23,13,23,13,36,36,3,2.783203125,-2.783203125,-2.783203125,1,35,False
+,23,14,23,14,37,37,0,1.3837890625,-1.3837890625,-1.3837890625,1,37,True
+,23,15,23,15,38,38,1,1.7099609375,-1.7099609375,-1.7099609375,1,38,True
+,23,16,23,16,39,39,2,2.564453125,-2.564453125,-2.564453125,1,37,False
+,23,17,23,17,40,40,4,2.244140625,-2.244140625,-2.244140625,1,40,True
+,23,18,23,18,41,41,5,1.62109375,-1.62109375,-1.62109375,1,37,False
+,23,19,23,19,42,42,1,3.080078125,-3.080078125,-3.080078125,1,38,False
+,23,20,23,20,43,43,3,1.12890625,-1.12890625,-1.12890625,1,43,True
+,23,21,23,21,44,44,1,1.146484375,-1.146484375,-1.146484375,1,44,True
+,23,22,23,22,45,45,6,2.779296875,-2.779296875,-2.779296875,1,43,False
+,23,23,23,23,46,46,16,0.53125,-0.53125,-0.53125,1,46,True
+,23,24,23,24,47,47,2,1.728515625,-1.728515625,-1.728515625,1,49,False
+,23,25,23,25,48,48,4,2.20703125,-2.20703125,-2.20703125,1,44,False
+,23,26,23,26,49,49,2,2.41015625,-2.41015625,-2.41015625,1,47,False
+,23,27,23,27,50,50,5,2.486328125,-2.486328125,-2.486328125,1,46,False
+,23,28,23,28,51,51,5,3.1484375,-3.1484375,-3.1484375,1,47,False
+,23,29,23,29,52,52,2,2.439453125,-2.439453125,-2.439453125,1,48,False
+,23,30,23,30,53,53,0,1.6923828125,-1.6923828125,-1.6923828125,1,47,False
+,23,31,23,31,54,54,0,2.4921875,-2.4921875,-2.4921875,1,52,False
+,23,32,23,32,55,55,3,1.8134765625,-1.8134765625,-1.8134765625,1,55,True
+,23,33,23,33,56,56,0,2.224609375,-2.224609375,-2.224609375,1,52,False
+,23,34,23,34,57,57,1,2.3984375,-2.3984375,-2.3984375,1,61,False
+,23,35,23,35,58,58,3,2.048828125,-2.048828125,-2.048828125,1,56,False
+,23,36,23,36,59,59,0,2.8828125,-2.8828125,-2.8828125,1,55,False
+,23,37,23,37,60,60,4,3.275390625,-3.275390625,-3.275390625,1,56,False
+,23,38,23,38,61,61,1,2.6640625,-2.6640625,-2.6640625,1,55,False
+,23,39,23,39,62,62,1,2.501953125,-2.501953125,-2.501953125,1,64,False
+,23,40,23,40,63,63,0,1.81640625,-1.81640625,-1.81640625,1,63,True
+,23,41,23,41,64,64,1,2.51171875,-2.51171875,-2.51171875,1,62,False
+,23,42,23,42,65,65,2,2.0234375,-2.0234375,-2.0234375,1,65,True
+,23,43,23,43,66,66,0,2.580078125,-2.580078125,-2.580078125,1,68,False
+,23,44,23,44,67,67,1,2.146484375,-2.146484375,-2.146484375,1,67,True
+,23,45,23,45,68,68,1,1.966796875,-1.966796875,-1.966796875,1,68,True
+,23,46,23,46,69,69,2,2.59765625,-2.59765625,-2.59765625,1,73,False
+,23,47,23,47,70,70,1,2.603515625,-2.603515625,-2.603515625,1,74,False
+,23,48,23,48,71,71,0,2.46875,-2.46875,-2.46875,1,73,False
+,23,49,23,49,72,72,2,2.98046875,-2.98046875,-2.98046875,1,74,False
+,23,50,23,50,73,73,0,1.888671875,-1.888671875,-1.888671875,1,77,False
+,23,51,23,51,74,74,1,2.810546875,-2.810546875,-2.810546875,1,76,False
+,23,52,23,52,75,75,1,3.419921875,-3.419921875,-3.419921875,1,77,False
+,23,53,23,53,76,76,0,3.271484375,-3.271484375,-3.271484375,1,78,False
+,23,54,23,54,77,77,1,2.537109375,-2.537109375,-2.537109375,1,77,True
+,23,55,23,55,78,78,1,2.47265625,-2.47265625,-2.47265625,1,88,False
+,23,56,23,56,79,79,1,3.505859375,-3.505859375,-3.505859375,1,91,False
+,23,57,23,57,80,80,0,3.38671875,-3.38671875,-3.38671875,1,88,False
+,23,58,23,58,81,81,0,3.591796875,-3.591796875,-3.591796875,1,93,False
+,23,59,23,59,82,82,1,3.685546875,-3.685546875,-3.685546875,1,92,False
+,23,60,23,60,83,83,1,2.41015625,-2.41015625,-2.41015625,1,97,False
+,23,61,23,61,84,84,1,4.07421875,-4.07421875,-4.07421875,1,88,False
+,23,62,23,62,85,85,0,3.568359375,-3.568359375,-3.568359375,1,93,False
+,23,63,23,63,86,86,0,3.888671875,-3.888671875,-3.888671875,1,88,False
+,23,64,23,64,87,87,0,3.61328125,-3.61328125,-3.61328125,1,97,False
+,23,65,23,65,88,88,0,2.61328125,-2.61328125,-2.61328125,1,98,False
+,23,66,23,66,89,89,0,3.3046875,-3.3046875,-3.3046875,1,121,False
+,23,67,23,67,90,90,0,3.736328125,-3.736328125,-3.736328125,1,92,False
+,23,68,23,68,91,91,0,3.32421875,-3.32421875,-3.32421875,1,97,False
+,23,69,23,69,92,92,0,2.626953125,-2.626953125,-2.626953125,1,92,True
+,23,70,23,70,93,93,0,3.19140625,-3.19140625,-3.19140625,1,103,False
+,23,71,23,71,94,94,2,3.564453125,-3.564453125,-3.564453125,1,92,False
+,23,72,23,72,95,95,0,3.853515625,-3.853515625,-3.853515625,1,121,False
+,23,73,23,73,96,96,1,3.626953125,-3.626953125,-3.626953125,1,122,False
+,23,74,23,74,97,97,1,3.6328125,-3.6328125,-3.6328125,1,121,False
+,23,75,23,75,98,98,0,3.31640625,-3.31640625,-3.31640625,1,122,False
+,23,76,23,76,99,99,1,4.14453125,-4.14453125,-4.14453125,1,121,False
+,23,77,23,77,100,100,2,4.26953125,-4.26953125,-4.26953125,1,122,False
+,23,78,23,78,101,101,0,3.994140625,-3.994140625,-3.994140625,1,121,False
+,23,79,23,79,102,102,1,4.8046875,-4.8046875,-4.8046875,1,122,False
+,23,80,23,80,103,103,0,3.751953125,-3.751953125,-3.751953125,1,121,False
+,23,81,23,81,104,104,0,4.06640625,-4.06640625,-4.06640625,1,122,False
+,23,82,23,82,105,105,0,4.59375,-4.59375,-4.59375,1,121,False
+,23,83,23,83,106,106,1,5.88671875,-5.88671875,-5.88671875,1,122,False
+,23,84,23,84,107,107,0,4.62890625,-4.62890625,-4.62890625,1,121,False
+,23,85,23,85,108,108,1,4.5,-4.5,-4.5,1,122,False
+,23,86,23,86,109,109,0,6.12890625,-6.12890625,-6.12890625,1,143,False
+,23,87,23,87,110,110,1,4.875,-4.875,-4.875,1,140,False
+,23,88,23,88,111,111,0,4.6328125,-4.6328125,-4.6328125,1,123,False
+,23,89,23,89,112,112,0,5.33984375,-5.33984375,-5.33984375,1,144,False
+,23,90,23,90,113,113,0,4.7421875,-4.7421875,-4.7421875,1,163,False
+,23,91,23,91,114,114,0,6.2734375,-6.2734375,-6.2734375,1,144,False
+,23,92,23,92,115,115,0,5.5625,-5.5625,-5.5625,1,153,False
+,23,93,23,93,116,116,3,5.28515625,-5.28515625,-5.28515625,1,122,False
+,23,94,23,94,117,117,0,4.35546875,-4.35546875,-4.35546875,1,123,False
+,23,95,23,95,118,118,0,4.1171875,-4.1171875,-4.1171875,1,128,False
+,23,96,23,96,119,119,2,4.19921875,-4.19921875,-4.19921875,1,121,False
+,23,97,23,97,120,120,0,2.958984375,-2.958984375,-2.958984375,1,122,False
+,23,98,23,98,121,121,0,1.8173828125,-1.8173828125,-1.8173828125,1,121,True
+,23,99,23,99,122,122,0,2.265625,-2.265625,-2.265625,1,122,True
+,24,10,24,10,34,34,6,1.4580078125,-1.4580078125,-1.4580078125,1,34,True
+,24,11,24,11,35,35,2,1.71484375,-1.71484375,-1.71484375,1,35,True
+,24,12,24,12,36,36,14,0.4169921875,-0.4169921875,-0.4169921875,1,36,True
+,24,13,24,13,37,37,2,1.3310546875,-1.3310546875,-1.3310546875,1,37,True
+,24,14,24,14,38,38,5,1.2392578125,-1.2392578125,-1.2392578125,1,38,True
+,24,15,24,15,39,39,8,1.7685546875,-1.7685546875,-1.7685546875,1,33,False
+,24,16,24,16,40,40,9,1.68359375,-1.68359375,-1.68359375,1,40,True
+,24,17,24,17,41,41,6,1.890625,-1.890625,-1.890625,1,41,True
+,24,18,24,18,42,42,7,1.0849609375,-1.0849609375,-1.0849609375,1,42,True
+,24,19,24,19,43,43,3,2.00390625,-2.00390625,-2.00390625,1,43,True
+,24,20,24,20,44,44,7,1.2060546875,-1.2060546875,-1.2060546875,1,44,True
+,24,21,24,21,45,45,0,1.744140625,-1.744140625,-1.744140625,1,42,False
+,24,22,24,22,46,46,5,2.10546875,-2.10546875,-2.10546875,1,44,False
+,24,23,24,23,47,47,7,1.3603515625,-1.3603515625,-1.3603515625,1,46,False
+,24,24,24,24,48,48,33,0.061676025390625,-0.061676025390625,-0.061676025390625,1,48,True
+,24,25,24,25,49,49,4,1.8720703125,-1.8720703125,-1.8720703125,1,49,True
+,24,26,24,26,50,50,1,2.154296875,-2.154296875,-2.154296875,1,46,False
+,24,27,24,27,51,51,2,2.36328125,-2.36328125,-2.36328125,1,57,False
+,24,28,24,28,52,52,1,1.9208984375,-1.9208984375,-1.9208984375,1,56,False
+,24,29,24,29,53,53,2,3.076171875,-3.076171875,-3.076171875,1,56,False
+,24,30,24,30,54,54,5,1.13671875,-1.13671875,-1.13671875,1,54,True
+,24,31,24,31,55,55,1,1.5419921875,-1.5419921875,-1.5419921875,1,55,True
+,24,32,24,32,56,56,10,1.96484375,-1.96484375,-1.96484375,1,56,True
+,24,33,24,33,57,57,3,2.125,-2.125,-2.125,1,57,True
+,24,34,24,34,58,58,1,1.9833984375,-1.9833984375,-1.9833984375,1,62,False
+,24,35,24,35,59,59,1,2.537109375,-2.537109375,-2.537109375,1,61,False
+,24,36,24,36,60,60,10,2.216796875,-2.216796875,-2.216796875,1,60,True
+,24,37,24,37,61,61,0,2.3046875,-2.3046875,-2.3046875,1,65,False
+,24,38,24,38,62,62,1,2.119140625,-2.119140625,-2.119140625,1,62,True
+,24,39,24,39,63,63,1,1.9609375,-1.9609375,-1.9609375,1,63,True
+,24,40,24,40,64,64,4,1.5234375,-1.5234375,-1.5234375,1,64,True
+,24,41,24,41,65,65,0,2.345703125,-2.345703125,-2.345703125,1,67,False
+,24,42,24,42,66,66,4,1.638671875,-1.638671875,-1.638671875,1,66,True
+,24,43,24,43,67,67,0,2.3515625,-2.3515625,-2.3515625,1,67,True
+,24,44,24,44,68,68,0,2.53515625,-2.53515625,-2.53515625,1,68,True
+,24,45,24,45,69,69,1,2.359375,-2.359375,-2.359375,1,69,True
+,24,46,24,46,70,70,1,2.283203125,-2.283203125,-2.283203125,1,74,False
+,24,47,24,47,71,71,1,2.44140625,-2.44140625,-2.44140625,1,77,False
+,24,48,24,48,72,72,3,1.9150390625,-1.9150390625,-1.9150390625,1,72,True
+,24,49,24,49,73,73,0,2.546875,-2.546875,-2.546875,1,77,False
+,24,50,24,50,74,74,0,1.5107421875,-1.5107421875,-1.5107421875,1,74,True
+,24,51,24,51,75,75,0,2.634765625,-2.634765625,-2.634765625,1,81,False
+,24,52,24,52,76,76,0,2.37890625,-2.37890625,-2.37890625,1,76,True
+,24,53,24,53,77,77,1,2.427734375,-2.427734375,-2.427734375,1,83,False
+,24,54,24,54,78,78,0,2.05078125,-2.05078125,-2.05078125,1,84,False
+,24,55,24,55,79,79,0,3.369140625,-3.369140625,-3.369140625,1,89,False
+,24,56,24,56,80,80,0,2.6640625,-2.6640625,-2.6640625,1,88,False
+,24,57,24,57,81,81,0,2.841796875,-2.841796875,-2.841796875,1,91,False
+,24,58,24,58,82,82,0,2.76953125,-2.76953125,-2.76953125,1,94,False
+,24,59,24,59,83,83,0,3.42578125,-3.42578125,-3.42578125,1,89,False
+,24,60,24,60,84,84,1,1.9013671875,-1.9013671875,-1.9013671875,1,96,False
+,24,61,24,61,85,85,1,3.396484375,-3.396484375,-3.396484375,1,88,False
+,24,62,24,62,86,86,0,2.341796875,-2.341796875,-2.341796875,1,94,False
+,24,63,24,63,87,87,2,2.84375,-2.84375,-2.84375,1,93,False
+,24,64,24,64,88,88,2,2.6328125,-2.6328125,-2.6328125,1,92,False
+,24,65,24,65,89,89,0,2.890625,-2.890625,-2.890625,1,91,False
+,24,66,24,66,90,90,0,2.74609375,-2.74609375,-2.74609375,1,96,False
+,24,67,24,67,91,91,0,3.009765625,-3.009765625,-3.009765625,1,95,False
+,24,68,24,68,92,92,0,2.611328125,-2.611328125,-2.611328125,1,92,True
+,24,69,24,69,93,93,0,3.0625,-3.0625,-3.0625,1,99,False
+,24,70,24,70,94,94,1,2.263671875,-2.263671875,-2.263671875,1,94,True
+,24,71,24,71,95,95,0,3.0,-3.0,-3.0,1,98,False
+,24,72,24,72,96,96,6,2.994140625,-2.994140625,-2.994140625,1,120,False
+,24,73,24,73,97,97,0,2.921875,-2.921875,-2.921875,1,121,False
+,24,74,24,74,98,98,0,3.630859375,-3.630859375,-3.630859375,1,122,False
+,24,75,24,75,99,99,0,4.0390625,-4.0390625,-4.0390625,1,123,False
+,24,76,24,76,100,100,1,3.814453125,-3.814453125,-3.814453125,1,121,False
+,24,77,24,77,101,101,0,4.69140625,-4.69140625,-4.69140625,1,121,False
+,24,78,24,78,102,102,2,3.59375,-3.59375,-3.59375,1,126,False
+,24,79,24,79,103,103,0,6.171875,-6.171875,-6.171875,1,124,False
+,24,80,24,80,104,104,0,3.716796875,-3.716796875,-3.716796875,1,124,False
+,24,81,24,81,105,105,0,4.10546875,-4.10546875,-4.10546875,1,135,False
+,24,82,24,82,106,106,0,4.38671875,-4.38671875,-4.38671875,1,124,False
+,24,83,24,83,107,107,0,5.70703125,-5.70703125,-5.70703125,1,140,False
+,24,84,24,84,108,108,0,4.109375,-4.109375,-4.109375,1,121,False
+,24,85,24,85,109,109,0,5.53515625,-5.53515625,-5.53515625,1,121,False
+,24,86,24,86,110,110,0,5.18359375,-5.18359375,-5.18359375,1,130,False
+,24,87,24,87,111,111,0,5.14453125,-5.14453125,-5.14453125,1,135,False
+,24,88,24,88,112,112,0,4.11328125,-4.11328125,-4.11328125,1,124,False
+,24,89,24,89,113,113,0,5.51171875,-5.51171875,-5.51171875,1,124,False
+,24,90,24,90,114,114,0,4.71875,-4.71875,-4.71875,1,144,False
+,24,91,24,91,115,115,0,5.65625,-5.65625,-5.65625,1,124,False
+,24,92,24,92,116,116,0,5.20703125,-5.20703125,-5.20703125,1,136,False
+,24,93,24,93,117,117,0,4.9140625,-4.9140625,-4.9140625,1,133,False
+,24,94,24,94,118,118,0,4.04296875,-4.04296875,-4.04296875,1,124,False
+,24,95,24,95,119,119,0,4.59765625,-4.59765625,-4.59765625,1,124,False
+,24,96,24,96,120,120,1,2.990234375,-2.990234375,-2.990234375,1,121,False
+,24,97,24,97,121,121,0,2.419921875,-2.419921875,-2.419921875,1,124,False
+,24,98,24,98,122,122,0,2.76953125,-2.76953125,-2.76953125,1,121,False
+,24,99,24,99,123,123,0,3.669921875,-3.669921875,-3.669921875,1,124,False
+,25,10,25,10,35,35,6,1.24609375,-1.24609375,-1.24609375,1,35,True
+,25,11,25,11,36,36,3,1.3486328125,-1.3486328125,-1.3486328125,1,36,True
+,25,12,25,12,37,37,4,0.57470703125,-0.57470703125,-0.57470703125,1,37,True
+,25,13,25,13,38,38,2,1.52734375,-1.52734375,-1.52734375,1,38,True
+,25,14,25,14,39,39,6,2.0,-2.0,-2.0,1,41,False
+,25,15,25,15,40,40,20,2.5546875,-2.5546875,-2.5546875,1,38,False
+,25,16,25,16,41,41,8,1.505859375,-1.505859375,-1.505859375,1,41,True
+,25,17,25,17,42,42,3,2.3125,-2.3125,-2.3125,1,44,False
+,25,18,25,18,43,43,3,1.84375,-1.84375,-1.84375,1,41,False
+,25,19,25,19,44,44,2,1.7626953125,-1.7626953125,-1.7626953125,1,44,True
+,25,20,25,20,45,45,20,0.91015625,-0.91015625,-0.91015625,1,45,True
+,25,21,25,21,46,46,1,1.65625,-1.65625,-1.65625,1,44,False
+,25,22,25,22,47,47,3,1.7626953125,-1.7626953125,-1.7626953125,1,45,False
+,25,23,25,23,48,48,0,1.3251953125,-1.3251953125,-1.3251953125,1,48,True
+,25,24,25,24,49,49,5,0.88330078125,-0.88330078125,-0.88330078125,1,49,True
+,25,25,25,25,50,50,23,0.0887451171875,-0.0887451171875,-0.0887451171875,1,50,True
+,25,26,25,26,51,51,5,2.46875,-2.46875,-2.46875,1,53,False
+,25,27,25,27,52,52,4,2.1328125,-2.1328125,-2.1328125,1,52,True
+,25,28,25,28,53,53,0,2.376953125,-2.376953125,-2.376953125,1,57,False
+,25,29,25,29,54,54,1,2.142578125,-2.142578125,-2.142578125,1,54,True
+,25,30,25,30,55,55,9,0.8134765625,-0.8134765625,-0.8134765625,1,55,True
+,25,31,25,31,56,56,1,1.6826171875,-1.6826171875,-1.6826171875,1,56,True
+,25,32,25,32,57,57,6,1.376953125,-1.376953125,-1.376953125,1,57,True
+,25,33,25,33,58,58,2,2.185546875,-2.185546875,-2.185546875,1,56,False
+,25,34,25,34,59,59,1,2.912109375,-2.912109375,-2.912109375,1,61,False
+,25,35,25,35,60,60,5,3.025390625,-3.025390625,-3.025390625,1,56,False
+,25,36,25,36,61,61,6,1.7763671875,-1.7763671875,-1.7763671875,1,61,True
+,25,37,25,37,62,62,0,2.21484375,-2.21484375,-2.21484375,1,62,True
+,25,38,25,38,63,63,0,2.306640625,-2.306640625,-2.306640625,1,63,True
+,25,39,25,39,64,64,1,1.9345703125,-1.9345703125,-1.9345703125,1,64,True
+,25,40,25,40,65,65,8,1.5556640625,-1.5556640625,-1.5556640625,1,65,True
+,25,41,25,41,66,66,1,1.7119140625,-1.7119140625,-1.7119140625,1,66,True
+,25,42,25,42,67,67,0,1.9990234375,-1.9990234375,-1.9990234375,1,67,True
+,25,43,25,43,68,68,0,2.3515625,-2.3515625,-2.3515625,1,68,True
+,25,44,25,44,69,69,0,2.67578125,-2.67578125,-2.67578125,1,73,False
+,25,45,25,45,70,70,4,2.724609375,-2.724609375,-2.724609375,1,74,False
+,25,46,25,46,71,71,0,2.08984375,-2.08984375,-2.08984375,1,73,False
+,25,47,25,47,72,72,0,2.392578125,-2.392578125,-2.392578125,1,74,False
+,25,48,25,48,73,73,0,1.6748046875,-1.6748046875,-1.6748046875,1,73,True
+,25,49,25,49,74,74,4,1.5087890625,-1.5087890625,-1.5087890625,1,74,True
+,25,50,25,50,75,75,14,1.1494140625,-1.1494140625,-1.1494140625,1,75,True
+,25,51,25,51,76,76,0,1.8095703125,-1.8095703125,-1.8095703125,1,76,True
+,25,52,25,52,77,77,1,1.7421875,-1.7421875,-1.7421875,1,77,True
+,25,53,25,53,78,78,0,2.244140625,-2.244140625,-2.244140625,1,78,True
+,25,54,25,54,79,79,0,2.955078125,-2.955078125,-2.955078125,1,83,False
+,25,55,25,55,80,80,1,3.314453125,-3.314453125,-3.314453125,1,82,False
+,25,56,25,56,81,81,2,2.572265625,-2.572265625,-2.572265625,1,91,False
+,25,57,25,57,82,82,0,2.30859375,-2.30859375,-2.30859375,1,82,True
+,25,58,25,58,83,83,0,2.7890625,-2.7890625,-2.7890625,1,93,False
+,25,59,25,59,84,84,1,3.119140625,-3.119140625,-3.119140625,1,94,False
+,25,60,25,60,85,85,2,2.052734375,-2.052734375,-2.052734375,1,95,False
+,25,61,25,61,86,86,0,2.69921875,-2.69921875,-2.69921875,1,88,False
+,25,62,25,62,87,87,0,2.30078125,-2.30078125,-2.30078125,1,87,True
+,25,63,25,63,88,88,0,2.091796875,-2.091796875,-2.091796875,1,88,True
+,25,64,25,64,89,89,4,3.345703125,-3.345703125,-3.345703125,1,93,False
+,25,65,25,65,90,90,0,2.462890625,-2.462890625,-2.462890625,1,90,True
+,25,66,25,66,91,91,1,2.349609375,-2.349609375,-2.349609375,1,95,False
+,25,67,25,67,92,92,1,2.28515625,-2.28515625,-2.28515625,1,98,False
+,25,68,25,68,93,93,0,2.357421875,-2.357421875,-2.357421875,1,97,False
+,25,69,25,69,94,94,1,2.5078125,-2.5078125,-2.5078125,1,98,False
+,25,70,25,70,95,95,1,1.7177734375,-1.7177734375,-1.7177734375,1,95,True
+,25,71,25,71,96,96,0,2.373046875,-2.373046875,-2.373046875,1,98,False
+,25,72,25,72,97,97,0,2.19140625,-2.19140625,-2.19140625,1,121,False
+,25,73,25,73,98,98,0,2.123046875,-2.123046875,-2.123046875,1,98,True
+,25,74,25,74,99,99,0,2.9296875,-2.9296875,-2.9296875,1,121,False
+,25,75,25,75,100,100,5,3.412109375,-3.412109375,-3.412109375,1,122,False
+,25,76,25,76,101,101,0,3.6875,-3.6875,-3.6875,1,121,False
+,25,77,25,77,102,102,0,3.111328125,-3.111328125,-3.111328125,1,122,False
+,25,78,25,78,103,103,0,3.791015625,-3.791015625,-3.791015625,1,121,False
+,25,79,25,79,104,104,0,4.6640625,-4.6640625,-4.6640625,1,124,False
+,25,80,25,80,105,105,0,3.013671875,-3.013671875,-3.013671875,1,125,False
+,25,81,25,81,106,106,3,3.345703125,-3.345703125,-3.345703125,1,122,False
+,25,82,25,82,107,107,0,3.7734375,-3.7734375,-3.7734375,1,121,False
+,25,83,25,83,108,108,0,4.0625,-4.0625,-4.0625,1,126,False
+,25,84,25,84,109,109,0,4.515625,-4.515625,-4.515625,1,121,False
+,25,85,25,85,110,110,0,4.72265625,-4.72265625,-4.72265625,1,122,False
+,25,86,25,86,111,111,0,4.234375,-4.234375,-4.234375,1,121,False
+,25,87,25,87,112,112,0,3.9140625,-3.9140625,-3.9140625,1,124,False
+,25,88,25,88,113,113,0,4.45703125,-4.45703125,-4.45703125,1,121,False
+,25,89,25,89,114,114,1,4.94921875,-4.94921875,-4.94921875,1,126,False
+,25,90,25,90,115,115,0,4.23046875,-4.23046875,-4.23046875,1,125,False
+,25,91,25,91,116,116,0,5.02734375,-5.02734375,-5.02734375,1,126,False
+,25,92,25,92,117,117,0,4.3359375,-4.3359375,-4.3359375,1,133,False
+,25,93,25,93,118,118,0,4.09765625,-4.09765625,-4.09765625,1,122,False
+,25,94,25,94,119,119,0,4.25,-4.25,-4.25,1,123,False
+,25,95,25,95,120,120,1,3.947265625,-3.947265625,-3.947265625,1,126,False
+,25,96,25,96,121,121,0,2.107421875,-2.107421875,-2.107421875,1,121,True
+,25,97,25,97,122,122,1,2.439453125,-2.439453125,-2.439453125,1,124,False
+,25,98,25,98,123,123,0,2.423828125,-2.423828125,-2.423828125,1,121,False
+,25,99,25,99,124,124,0,2.322265625,-2.322265625,-2.322265625,1,124,True
+,26,10,26,10,36,36,12,0.78076171875,-0.78076171875,-0.78076171875,1,36,True
+,26,11,26,11,37,37,3,1.2021484375,-1.2021484375,-1.2021484375,1,37,True
+,26,12,26,12,38,38,3,0.9189453125,-0.9189453125,-0.9189453125,1,38,True
+,26,13,26,13,39,39,6,1.5380859375,-1.5380859375,-1.5380859375,1,39,True
+,26,14,26,14,40,40,1,1.7275390625,-1.7275390625,-1.7275390625,1,42,False
+,26,15,26,15,41,41,3,1.4736328125,-1.4736328125,-1.4736328125,1,41,True
+,26,16,26,16,42,42,2,1.3603515625,-1.3603515625,-1.3603515625,1,42,True
+,26,17,26,17,43,43,3,2.1875,-2.1875,-2.1875,1,43,True
+,26,18,26,18,44,44,3,1.5029296875,-1.5029296875,-1.5029296875,1,44,True
+,26,19,26,19,45,45,0,2.1640625,-2.1640625,-2.1640625,1,45,True
+,26,20,26,20,46,46,3,0.9404296875,-0.9404296875,-0.9404296875,1,46,True
+,26,21,26,21,47,47,1,1.7001953125,-1.7001953125,-1.7001953125,1,43,False
+,26,22,26,22,48,48,2,1.5146484375,-1.5146484375,-1.5146484375,1,46,False
+,26,23,26,23,49,49,1,2.08203125,-2.08203125,-2.08203125,1,47,False
+,26,24,26,24,50,50,4,1.5185546875,-1.5185546875,-1.5185546875,1,50,True
+,26,25,26,25,51,51,3,2.05859375,-2.05859375,-2.05859375,1,53,False
+,26,26,26,26,52,52,8,0.322509765625,-0.322509765625,-0.322509765625,1,52,True
+,26,27,26,27,53,53,2,2.078125,-2.078125,-2.078125,1,55,False
+,26,28,26,28,54,54,5,2.064453125,-2.064453125,-2.064453125,1,56,False
+,26,29,26,29,55,55,1,2.90625,-2.90625,-2.90625,1,56,False
+,26,30,26,30,56,56,3,0.95703125,-0.95703125,-0.95703125,1,56,True
+,26,31,26,31,57,57,0,1.845703125,-1.845703125,-1.845703125,1,57,True
+,26,32,26,32,58,58,1,2.037109375,-2.037109375,-2.037109375,1,58,True
+,26,33,26,33,59,59,0,3.138671875,-3.138671875,-3.138671875,1,61,False
+,26,34,26,34,60,60,2,2.7734375,-2.7734375,-2.7734375,1,66,False
+,26,35,26,35,61,61,0,2.3125,-2.3125,-2.3125,1,63,False
+,26,36,26,36,62,62,1,1.7578125,-1.7578125,-1.7578125,1,62,True
+,26,37,26,37,63,63,5,2.873046875,-2.873046875,-2.873046875,1,71,False
+,26,38,26,38,64,64,0,2.978515625,-2.978515625,-2.978515625,1,66,False
+,26,39,26,39,65,65,1,2.6796875,-2.6796875,-2.6796875,1,73,False
+,26,40,26,40,66,66,1,1.423828125,-1.423828125,-1.423828125,1,66,True
+,26,41,26,41,67,67,0,2.45703125,-2.45703125,-2.45703125,1,75,False
+,26,42,26,42,68,68,1,2.19140625,-2.19140625,-2.19140625,1,76,False
+,26,43,26,43,69,69,0,2.67578125,-2.67578125,-2.67578125,1,77,False
+,26,44,26,44,70,70,0,2.703125,-2.703125,-2.703125,1,78,False
+,26,45,26,45,71,71,0,2.248046875,-2.248046875,-2.248046875,1,77,False
+,26,46,26,46,72,72,0,2.17578125,-2.17578125,-2.17578125,1,76,False
+,26,47,26,47,73,73,0,2.400390625,-2.400390625,-2.400390625,1,77,False
+,26,48,26,48,74,74,0,1.7763671875,-1.7763671875,-1.7763671875,1,74,True
+,26,49,26,49,75,75,0,2.802734375,-2.802734375,-2.802734375,1,77,False
+,26,50,26,50,76,76,3,1.810546875,-1.810546875,-1.810546875,1,76,True
+,26,51,26,51,77,77,1,2.455078125,-2.455078125,-2.455078125,1,91,False
+,26,52,26,52,78,78,2,2.056640625,-2.056640625,-2.056640625,1,78,True
+,26,53,26,53,79,79,0,3.134765625,-3.134765625,-3.134765625,1,83,False
+,26,54,26,54,80,80,0,2.833984375,-2.833984375,-2.833984375,1,88,False
+,26,55,26,55,81,81,1,2.75,-2.75,-2.75,1,93,False
+,26,56,26,56,82,82,0,2.5859375,-2.5859375,-2.5859375,1,86,False
+,26,57,26,57,83,83,0,2.861328125,-2.861328125,-2.861328125,1,91,False
+,26,58,26,58,84,84,0,3.1328125,-3.1328125,-3.1328125,1,92,False
+,26,59,26,59,85,85,1,3.978515625,-3.978515625,-3.978515625,1,93,False
+,26,60,26,60,86,86,0,1.8818359375,-1.8818359375,-1.8818359375,1,86,True
+,26,61,26,61,87,87,0,2.66796875,-2.66796875,-2.66796875,1,88,False
+,26,62,26,62,88,88,2,2.064453125,-2.064453125,-2.064453125,1,88,True
+,26,63,26,63,89,89,0,2.662109375,-2.662109375,-2.662109375,1,91,False
+,26,64,26,64,90,90,0,2.314453125,-2.314453125,-2.314453125,1,90,True
+,26,65,26,65,91,91,2,2.330078125,-2.330078125,-2.330078125,1,93,False
+,26,66,26,66,92,92,0,1.9423828125,-1.9423828125,-1.9423828125,1,92,True
+,26,67,26,67,93,93,0,2.5703125,-2.5703125,-2.5703125,1,99,False
+,26,68,26,68,94,94,0,2.29296875,-2.29296875,-2.29296875,1,94,True
+,26,69,26,69,95,95,0,2.720703125,-2.720703125,-2.720703125,1,95,True
+,26,70,26,70,96,96,0,1.5146484375,-1.5146484375,-1.5146484375,1,96,True
+,26,71,26,71,97,97,0,2.498046875,-2.498046875,-2.498046875,1,97,True
+,26,72,26,72,98,98,0,2.365234375,-2.365234375,-2.365234375,1,106,False
+,26,73,26,73,99,99,0,2.26171875,-2.26171875,-2.26171875,1,99,True
+,26,74,26,74,100,100,0,3.07421875,-3.07421875,-3.07421875,1,96,False
+,26,75,26,75,101,101,0,2.755859375,-2.755859375,-2.755859375,1,121,False
+,26,76,26,76,102,102,0,3.20703125,-3.20703125,-3.20703125,1,122,False
+,26,77,26,77,103,103,0,4.1953125,-4.1953125,-4.1953125,1,121,False
+,26,78,26,78,104,104,1,3.390625,-3.390625,-3.390625,1,122,False
+,26,79,26,79,105,105,1,4.54296875,-4.54296875,-4.54296875,1,126,False
+,26,80,26,80,106,106,0,2.26171875,-2.26171875,-2.26171875,1,126,False
+,26,81,26,81,107,107,0,3.623046875,-3.623046875,-3.623046875,1,121,False
+,26,82,26,82,108,108,0,3.275390625,-3.275390625,-3.275390625,1,126,False
+,26,83,26,83,109,109,0,5.0625,-5.0625,-5.0625,1,129,False
+,26,84,26,84,110,110,0,3.349609375,-3.349609375,-3.349609375,1,122,False
+,26,85,26,85,111,111,0,3.453125,-3.453125,-3.453125,1,121,False
+,26,86,26,86,112,112,1,4.13671875,-4.13671875,-4.13671875,1,126,False
+,26,87,26,87,113,113,0,4.3125,-4.3125,-4.3125,1,131,False
+,26,88,26,88,114,114,0,4.1484375,-4.1484375,-4.1484375,1,126,False
+,26,89,26,89,115,115,1,5.10546875,-5.10546875,-5.10546875,1,126,False
+,26,90,26,90,116,116,0,4.171875,-4.171875,-4.171875,1,136,False
+,26,91,26,91,117,117,0,5.00390625,-5.00390625,-5.00390625,1,126,False
+,26,92,26,92,118,118,0,4.84765625,-4.84765625,-4.84765625,1,126,False
+,26,93,26,93,119,119,0,4.29296875,-4.29296875,-4.29296875,1,131,False
+,26,94,26,94,120,120,0,3.810546875,-3.810546875,-3.810546875,1,132,False
+,26,95,26,95,121,121,0,3.275390625,-3.275390625,-3.275390625,1,132,False
+,26,96,26,96,122,122,0,2.90234375,-2.90234375,-2.90234375,1,130,False
+,26,97,26,97,123,123,0,3.78125,-3.78125,-3.78125,1,130,False
+,26,98,26,98,124,124,0,3.169921875,-3.169921875,-3.169921875,1,132,False
+,26,99,26,99,125,125,0,3.16015625,-3.16015625,-3.16015625,1,125,True
+,27,10,27,10,37,37,3,1.1435546875,-1.1435546875,-1.1435546875,1,37,True
+,27,11,27,11,38,38,2,1.283203125,-1.283203125,-1.283203125,1,38,True
+,27,12,27,12,39,39,3,1.79296875,-1.79296875,-1.79296875,1,45,False
+,27,13,27,13,40,40,7,1.5068359375,-1.5068359375,-1.5068359375,1,40,True
+,27,14,27,14,41,41,1,1.5361328125,-1.5361328125,-1.5361328125,1,41,True
+,27,15,27,15,42,42,1,1.2119140625,-1.2119140625,-1.2119140625,1,42,True
+,27,16,27,16,43,43,3,1.7001953125,-1.7001953125,-1.7001953125,1,41,False
+,27,17,27,17,44,44,4,1.716796875,-1.716796875,-1.716796875,1,44,True
+,27,18,27,18,45,45,3,1.1005859375,-1.1005859375,-1.1005859375,1,45,True
+,27,19,27,19,46,46,2,1.9775390625,-1.9775390625,-1.9775390625,1,44,False
+,27,20,27,20,47,47,1,1.9267578125,-1.9267578125,-1.9267578125,1,43,False
+,27,21,27,21,48,48,1,1.5185546875,-1.5185546875,-1.5185546875,1,42,False
+,27,22,27,22,49,49,1,2.708984375,-2.708984375,-2.708984375,1,44,False
+,27,23,27,23,50,50,1,3.701171875,-3.701171875,-3.701171875,1,46,False
+,27,24,27,24,51,51,6,2.984375,-2.984375,-2.984375,1,48,False
+,27,25,27,25,52,52,2,2.57421875,-2.57421875,-2.57421875,1,46,False
+,27,26,27,26,53,53,2,2.544921875,-2.544921875,-2.544921875,1,46,False
+,27,27,27,27,54,54,13,0.055389404296875,-0.055389404296875,-0.055389404296875,1,54,True
+,27,28,27,28,55,55,1,1.6875,-1.6875,-1.6875,1,55,True
+,27,29,27,29,56,56,4,1.744140625,-1.744140625,-1.744140625,1,56,True
+,27,30,27,30,57,57,4,1.0859375,-1.0859375,-1.0859375,1,57,True
+,27,31,27,31,58,58,0,2.208984375,-2.208984375,-2.208984375,1,56,False
+,27,32,27,32,59,59,3,2.8671875,-2.8671875,-2.8671875,1,55,False
+,27,33,27,33,60,60,0,2.8125,-2.8125,-2.8125,1,66,False
+,27,34,27,34,61,61,2,2.25,-2.25,-2.25,1,67,False
+,27,35,27,35,62,62,1,2.255859375,-2.255859375,-2.255859375,1,56,False
+,27,36,27,36,63,63,3,1.158203125,-1.158203125,-1.158203125,1,63,True
+,27,37,27,37,64,64,0,2.103515625,-2.103515625,-2.103515625,1,64,True
+,27,38,27,38,65,65,0,2.705078125,-2.705078125,-2.705078125,1,67,False
+,27,39,27,39,66,66,1,1.53125,-1.53125,-1.53125,1,66,True
+,27,40,27,40,67,67,0,1.7763671875,-1.7763671875,-1.7763671875,1,67,True
+,27,41,27,41,68,68,0,2.087890625,-2.087890625,-2.087890625,1,68,True
+,27,42,27,42,69,69,1,2.44140625,-2.44140625,-2.44140625,1,81,False
+,27,43,27,43,70,70,2,2.96875,-2.96875,-2.96875,1,76,False
+,27,44,27,44,71,71,1,2.900390625,-2.900390625,-2.900390625,1,77,False
+,27,45,27,45,72,72,1,1.91796875,-1.91796875,-1.91796875,1,72,True
+,27,46,27,46,73,73,0,2.427734375,-2.427734375,-2.427734375,1,77,False
+,27,47,27,47,74,74,0,2.046875,-2.046875,-2.046875,1,76,False
+,27,48,27,48,75,75,1,2.2734375,-2.2734375,-2.2734375,1,81,False
+,27,49,27,49,76,76,0,2.40625,-2.40625,-2.40625,1,74,False
+,27,50,27,50,77,77,1,1.876953125,-1.876953125,-1.876953125,1,77,True
+,27,51,27,51,78,78,1,2.873046875,-2.873046875,-2.873046875,1,88,False
+,27,52,27,52,79,79,1,3.69140625,-3.69140625,-3.69140625,1,88,False
+,27,53,27,53,80,80,0,3.134765625,-3.134765625,-3.134765625,1,88,False
+,27,54,27,54,81,81,1,2.44140625,-2.44140625,-2.44140625,1,93,False
+,27,55,27,55,82,82,1,2.9609375,-2.9609375,-2.9609375,1,88,False
+,27,56,27,56,83,83,0,3.3046875,-3.3046875,-3.3046875,1,91,False
+,27,57,27,57,84,84,0,3.017578125,-3.017578125,-3.017578125,1,88,False
+,27,58,27,58,85,85,0,3.85546875,-3.85546875,-3.85546875,1,92,False
+,27,59,27,59,86,86,1,3.734375,-3.734375,-3.734375,1,88,False
+,27,60,27,60,87,87,2,3.017578125,-3.017578125,-3.017578125,1,93,False
+,27,61,27,61,88,88,1,0.0885009765625,-0.0885009765625,-0.0885009765625,1,88,True
+,27,62,27,62,89,89,0,2.736328125,-2.736328125,-2.736328125,1,88,False
+,27,63,27,63,90,90,0,3.91015625,-3.91015625,-3.91015625,1,88,False
+,27,64,27,64,91,91,2,2.265625,-2.265625,-2.265625,1,88,False
+,27,65,27,65,92,92,1,1.9345703125,-1.9345703125,-1.9345703125,1,88,False
+,27,66,27,66,93,93,0,2.27734375,-2.27734375,-2.27734375,1,99,False
+,27,67,27,67,94,94,0,2.62109375,-2.62109375,-2.62109375,1,88,False
+,27,68,27,68,95,95,0,2.697265625,-2.697265625,-2.697265625,1,92,False
+,27,69,27,69,96,96,1,2.048828125,-2.048828125,-2.048828125,1,96,True
+,27,70,27,70,97,97,0,2.857421875,-2.857421875,-2.857421875,1,98,False
+,27,71,27,71,98,98,0,2.259765625,-2.259765625,-2.259765625,1,98,True
+,27,72,27,72,99,99,2,2.890625,-2.890625,-2.890625,1,108,False
+,27,73,27,73,100,100,0,2.64453125,-2.64453125,-2.64453125,1,98,False
+,27,74,27,74,101,101,0,3.42578125,-3.42578125,-3.42578125,1,121,False
+,27,75,27,75,102,102,0,2.1796875,-2.1796875,-2.1796875,1,108,False
+,27,76,27,76,103,103,0,3.560546875,-3.560546875,-3.560546875,1,121,False
+,27,77,27,77,104,104,0,2.9375,-2.9375,-2.9375,1,122,False
+,27,78,27,78,105,105,1,3.765625,-3.765625,-3.765625,1,96,False
+,27,79,27,79,106,106,0,3.916015625,-3.916015625,-3.916015625,1,124,False
+,27,80,27,80,107,107,0,3.14453125,-3.14453125,-3.14453125,1,112,False
+,27,81,27,81,108,108,1,2.166015625,-2.166015625,-2.166015625,1,108,True
+,27,82,27,82,109,109,0,4.40234375,-4.40234375,-4.40234375,1,121,False
+,27,83,27,83,110,110,0,3.830078125,-3.830078125,-3.830078125,1,124,False
+,27,84,27,84,111,111,0,3.388671875,-3.388671875,-3.388671875,1,123,False
+,27,85,27,85,112,112,0,3.03125,-3.03125,-3.03125,1,122,False
+,27,86,27,86,113,113,1,4.75,-4.75,-4.75,1,121,False
+,27,87,27,87,114,114,0,3.9609375,-3.9609375,-3.9609375,1,126,False
+,27,88,27,88,115,115,0,5.26171875,-5.26171875,-5.26171875,1,121,False
+,27,89,27,89,116,116,0,4.50390625,-4.50390625,-4.50390625,1,124,False
+,27,90,27,90,117,117,0,3.322265625,-3.322265625,-3.322265625,1,135,False
+,27,91,27,91,118,118,0,4.4375,-4.4375,-4.4375,1,144,False
+,27,92,27,92,119,119,1,4.6171875,-4.6171875,-4.6171875,1,137,False
+,27,93,27,93,120,120,0,3.375,-3.375,-3.375,1,124,False
+,27,94,27,94,121,121,0,2.767578125,-2.767578125,-2.767578125,1,121,True
+,27,95,27,95,122,122,0,2.716796875,-2.716796875,-2.716796875,1,128,False
+,27,96,27,96,123,123,0,3.15625,-3.15625,-3.15625,1,121,False
+,27,97,27,97,124,124,0,2.876953125,-2.876953125,-2.876953125,1,124,True
+,27,98,27,98,125,125,0,4.6015625,-4.6015625,-4.6015625,1,143,False
+,27,99,27,99,126,126,0,3.740234375,-3.740234375,-3.740234375,1,124,False
+,28,10,28,10,38,38,3,1.1728515625,-1.1728515625,-1.1728515625,1,38,True
+,28,11,28,11,39,39,0,2.16796875,-2.16796875,-2.16796875,1,37,False
+,28,12,28,12,40,40,5,1.197265625,-1.197265625,-1.197265625,1,40,True
+,28,13,28,13,41,41,5,1.947265625,-1.947265625,-1.947265625,1,45,False
+,28,14,28,14,42,42,6,1.0546875,-1.0546875,-1.0546875,1,42,True
+,28,15,28,15,43,43,0,1.994140625,-1.994140625,-1.994140625,1,49,False
+,28,16,28,16,44,44,7,1.802734375,-1.802734375,-1.802734375,1,48,False
+,28,17,28,17,45,45,3,2.326171875,-2.326171875,-2.326171875,1,47,False
+,28,18,28,18,46,46,5,1.2880859375,-1.2880859375,-1.2880859375,1,46,True
+,28,19,28,19,47,47,3,2.353515625,-2.353515625,-2.353515625,1,47,True
+,28,20,28,20,48,48,1,0.9736328125,-0.9736328125,-0.9736328125,1,48,True
+,28,21,28,21,49,49,0,1.5458984375,-1.5458984375,-1.5458984375,1,49,True
+,28,22,28,22,50,50,4,2.439453125,-2.439453125,-2.439453125,1,46,False
+,28,23,28,23,51,51,0,3.625,-3.625,-3.625,1,47,False
+,28,24,28,24,52,52,3,1.509765625,-1.509765625,-1.509765625,1,52,True
+,28,25,28,25,53,53,2,2.25390625,-2.25390625,-2.25390625,1,57,False
+,28,26,28,26,54,54,1,2.103515625,-2.103515625,-2.103515625,1,56,False
+,28,27,28,27,55,55,1,1.2734375,-1.2734375,-1.2734375,1,55,True
+,28,28,28,28,56,56,5,0.11846923828125,-0.11846923828125,-0.11846923828125,1,56,True
+,28,29,28,29,57,57,5,3.9765625,-3.9765625,-3.9765625,1,58,False
+,28,30,28,30,58,58,5,1.2041015625,-1.2041015625,-1.2041015625,1,58,True
+,28,31,28,31,59,59,0,2.837890625,-2.837890625,-2.837890625,1,63,False
+,28,32,28,32,60,60,6,2.150390625,-2.150390625,-2.150390625,1,60,True
+,28,33,28,33,61,61,4,2.830078125,-2.830078125,-2.830078125,1,65,False
+,28,34,28,34,62,62,0,2.3359375,-2.3359375,-2.3359375,1,68,False
+,28,35,28,35,63,63,6,2.119140625,-2.119140625,-2.119140625,1,63,True
+,28,36,28,36,64,64,3,2.716796875,-2.716796875,-2.716796875,1,68,False
+,28,37,28,37,65,65,0,2.775390625,-2.775390625,-2.775390625,1,77,False
+,28,38,28,38,66,66,0,2.56640625,-2.56640625,-2.56640625,1,70,False
+,28,39,28,39,67,67,0,3.296875,-3.296875,-3.296875,1,77,False
+,28,40,28,40,68,68,1,1.626953125,-1.626953125,-1.626953125,1,68,True
+,28,41,28,41,69,69,0,2.9296875,-2.9296875,-2.9296875,1,77,False
+,28,42,28,42,70,70,0,1.8115234375,-1.8115234375,-1.8115234375,1,70,True
+,28,43,28,43,71,71,1,2.83203125,-2.83203125,-2.83203125,1,77,False
+,28,44,28,44,72,72,1,2.669921875,-2.669921875,-2.669921875,1,78,False
+,28,45,28,45,73,73,1,2.5546875,-2.5546875,-2.5546875,1,77,False
+,28,46,28,46,74,74,0,1.8642578125,-1.8642578125,-1.8642578125,1,74,True
+,28,47,28,47,75,75,0,2.591796875,-2.591796875,-2.591796875,1,77,False
+,28,48,28,48,76,76,2,2.009765625,-2.009765625,-2.009765625,1,76,True
+,28,49,28,49,77,77,1,2.416015625,-2.416015625,-2.416015625,1,77,True
+,28,50,28,50,78,78,2,1.908203125,-1.908203125,-1.908203125,1,78,True
+,28,51,28,51,79,79,0,3.48828125,-3.48828125,-3.48828125,1,91,False
+,28,52,28,52,80,80,0,2.94921875,-2.94921875,-2.94921875,1,92,False
+,28,53,28,53,81,81,0,3.4453125,-3.4453125,-3.4453125,1,93,False
+,28,54,28,54,82,82,0,2.72265625,-2.72265625,-2.72265625,1,94,False
+,28,55,28,55,83,83,0,3.34375,-3.34375,-3.34375,1,93,False
+,28,56,28,56,84,84,2,3.025390625,-3.025390625,-3.025390625,1,96,False
+,28,57,28,57,85,85,0,3.42578125,-3.42578125,-3.42578125,1,95,False
+,28,58,28,58,86,86,1,3.40234375,-3.40234375,-3.40234375,1,94,False
+,28,59,28,59,87,87,0,4.734375,-4.734375,-4.734375,1,95,False
+,28,60,28,60,88,88,0,2.119140625,-2.119140625,-2.119140625,1,92,False
+,28,61,28,61,89,89,0,3.0703125,-3.0703125,-3.0703125,1,88,False
+,28,62,28,62,90,90,0,2.537109375,-2.537109375,-2.537109375,1,94,False
+,28,63,28,63,91,91,1,2.625,-2.625,-2.625,1,97,False
+,28,64,28,64,92,92,2,2.076171875,-2.076171875,-2.076171875,1,92,True
+,28,65,28,65,93,93,0,2.69140625,-2.69140625,-2.69140625,1,97,False
+,28,66,28,66,94,94,0,2.85546875,-2.85546875,-2.85546875,1,98,False
+,28,67,28,67,95,95,1,3.298828125,-3.298828125,-3.298828125,1,121,False
+,28,68,28,68,96,96,1,3.060546875,-3.060546875,-3.060546875,1,112,False
+,28,69,28,69,97,97,0,3.939453125,-3.939453125,-3.939453125,1,121,False
+,28,70,28,70,98,98,0,2.734375,-2.734375,-2.734375,1,118,False
+,28,71,28,71,99,99,1,3.923828125,-3.923828125,-3.923828125,1,121,False
+,28,72,28,72,100,100,0,3.857421875,-3.857421875,-3.857421875,1,112,False
+,28,73,28,73,101,101,0,4.03125,-4.03125,-4.03125,1,121,False
+,28,74,28,74,102,102,0,3.443359375,-3.443359375,-3.443359375,1,118,False
+,28,75,28,75,103,103,0,4.16015625,-4.16015625,-4.16015625,1,121,False
+,28,76,28,76,104,104,0,4.1953125,-4.1953125,-4.1953125,1,120,False
+,28,77,28,77,105,105,0,4.01953125,-4.01953125,-4.01953125,1,121,False
+,28,78,28,78,106,106,0,3.611328125,-3.611328125,-3.611328125,1,118,False
+,28,79,28,79,107,107,0,5.72265625,-5.72265625,-5.72265625,1,126,False
+,28,80,28,80,108,108,0,3.185546875,-3.185546875,-3.185546875,1,128,False
+,28,81,28,81,109,109,0,4.953125,-4.953125,-4.953125,1,121,False
+,28,82,28,82,110,110,3,3.931640625,-3.931640625,-3.931640625,1,126,False
+,28,83,28,83,111,111,0,5.0390625,-5.0390625,-5.0390625,1,127,False
+,28,84,28,84,112,112,0,3.11328125,-3.11328125,-3.11328125,1,128,False
+,28,85,28,85,113,113,0,4.66015625,-4.66015625,-4.66015625,1,143,False
+,28,86,28,86,114,114,0,5.34765625,-5.34765625,-5.34765625,1,126,False
+,28,87,28,87,115,115,0,5.13671875,-5.13671875,-5.13671875,1,131,False
+,28,88,28,88,116,116,1,4.3203125,-4.3203125,-4.3203125,1,124,False
+,28,89,28,89,117,117,0,4.97265625,-4.97265625,-4.97265625,1,144,False
+,28,90,28,90,118,118,1,4.390625,-4.390625,-4.390625,1,148,False
+,28,91,28,91,119,119,0,5.140625,-5.140625,-5.140625,1,144,False
+,28,92,28,92,120,120,0,4.53125,-4.53125,-4.53125,1,144,False
+,28,93,28,93,121,121,0,3.33984375,-3.33984375,-3.33984375,1,133,False
+,28,94,28,94,122,122,0,3.173828125,-3.173828125,-3.173828125,1,138,False
+,28,95,28,95,123,123,0,3.583984375,-3.583984375,-3.583984375,1,132,False
+,28,96,28,96,124,124,0,2.734375,-2.734375,-2.734375,1,140,False
+,28,97,28,97,125,125,0,3.568359375,-3.568359375,-3.568359375,1,121,False
+,28,98,28,98,126,126,0,3.306640625,-3.306640625,-3.306640625,1,140,False
+,28,99,28,99,127,127,0,3.681640625,-3.681640625,-3.681640625,1,121,False
+,29,10,29,10,39,39,3,1.64453125,-1.64453125,-1.64453125,1,39,True
+,29,11,29,11,40,40,2,2.2265625,-2.2265625,-2.2265625,1,38,False
+,29,12,29,12,41,41,2,1.951171875,-1.951171875,-1.951171875,1,43,False
+,29,13,29,13,42,42,1,2.12109375,-2.12109375,-2.12109375,1,46,False
+,29,14,29,14,43,43,5,1.89453125,-1.89453125,-1.89453125,1,43,True
+,29,15,29,15,44,44,3,2.08203125,-2.08203125,-2.08203125,1,46,False
+,29,16,29,16,45,45,3,2.32421875,-2.32421875,-2.32421875,1,47,False
+,29,17,29,17,46,46,0,2.185546875,-2.185546875,-2.185546875,1,46,True
+,29,18,29,18,47,47,0,2.1015625,-2.1015625,-2.1015625,1,47,True
+,29,19,29,19,48,48,1,2.671875,-2.671875,-2.671875,1,44,False
+,29,20,29,20,49,49,1,1.3916015625,-1.3916015625,-1.3916015625,1,49,True
+,29,21,29,21,50,50,1,2.595703125,-2.595703125,-2.595703125,1,46,False
+,29,22,29,22,51,51,3,2.90625,-2.90625,-2.90625,1,45,False
+,29,23,29,23,52,52,3,3.248046875,-3.248046875,-3.248046875,1,48,False
+,29,24,29,24,53,53,2,3.033203125,-3.033203125,-3.033203125,1,49,False
+,29,25,29,25,54,54,3,2.349609375,-2.349609375,-2.349609375,1,58,False
+,29,26,29,26,55,55,4,2.8125,-2.8125,-2.8125,1,57,False
+,29,27,29,27,56,56,1,2.16015625,-2.16015625,-2.16015625,1,58,False
+,29,28,29,28,57,57,2,2.392578125,-2.392578125,-2.392578125,1,57,True
+,29,29,29,29,58,58,6,0.83056640625,-0.83056640625,-0.83056640625,1,58,True
+,29,30,29,30,59,59,3,1.25390625,-1.25390625,-1.25390625,1,59,True
+,29,31,29,31,60,60,2,2.544921875,-2.544921875,-2.544921875,1,62,False
+,29,32,29,32,61,61,1,2.625,-2.625,-2.625,1,63,False
+,29,33,29,33,62,62,0,2.52734375,-2.52734375,-2.52734375,1,68,False
+,29,34,29,34,63,63,0,3.109375,-3.109375,-3.109375,1,73,False
+,29,35,29,35,64,64,3,2.662109375,-2.662109375,-2.662109375,1,66,False
+,29,36,29,36,65,65,1,3.234375,-3.234375,-3.234375,1,77,False
+,29,37,29,37,66,66,0,2.615234375,-2.615234375,-2.615234375,1,66,True
+,29,38,29,38,67,67,0,3.208984375,-3.208984375,-3.208984375,1,77,False
+,29,39,29,39,68,68,1,2.873046875,-2.873046875,-2.873046875,1,74,False
+,29,40,29,40,69,69,0,2.2734375,-2.2734375,-2.2734375,1,79,False
+,29,41,29,41,70,70,1,3.046875,-3.046875,-3.046875,1,78,False
+,29,42,29,42,71,71,0,2.869140625,-2.869140625,-2.869140625,1,77,False
+,29,43,29,43,72,72,0,2.90234375,-2.90234375,-2.90234375,1,76,False
+,29,44,29,44,73,73,0,2.580078125,-2.580078125,-2.580078125,1,77,False
+,29,45,29,45,74,74,0,1.9580078125,-1.9580078125,-1.9580078125,1,74,True
+,29,46,29,46,75,75,0,2.783203125,-2.783203125,-2.783203125,1,77,False
+,29,47,29,47,76,76,4,2.318359375,-2.318359375,-2.318359375,1,76,True
+,29,48,29,48,77,77,0,2.275390625,-2.275390625,-2.275390625,1,77,True
+,29,49,29,49,78,78,0,2.54296875,-2.54296875,-2.54296875,1,74,False
+,29,50,29,50,79,79,0,2.603515625,-2.603515625,-2.603515625,1,89,False
+,29,51,29,51,80,80,0,3.046875,-3.046875,-3.046875,1,88,False
+,29,52,29,52,81,81,0,3.171875,-3.171875,-3.171875,1,93,False
+,29,53,29,53,82,82,0,3.005859375,-3.005859375,-3.005859375,1,78,False
+,29,54,29,54,83,83,0,3.080078125,-3.080078125,-3.080078125,1,89,False
+,29,55,29,55,84,84,0,2.818359375,-2.818359375,-2.818359375,1,94,False
+,29,56,29,56,85,85,0,3.85546875,-3.85546875,-3.85546875,1,93,False
+,29,57,29,57,86,86,0,3.095703125,-3.095703125,-3.095703125,1,88,False
+,29,58,29,58,87,87,0,3.80078125,-3.80078125,-3.80078125,1,93,False
+,29,59,29,59,88,88,1,2.751953125,-2.751953125,-2.751953125,1,94,False
+,29,60,29,60,89,89,0,2.025390625,-2.025390625,-2.025390625,1,89,True
+,29,61,29,61,90,90,0,2.8515625,-2.8515625,-2.8515625,1,88,False
+,29,62,29,62,91,91,0,2.755859375,-2.755859375,-2.755859375,1,93,False
+,29,63,29,63,92,92,0,2.388671875,-2.388671875,-2.388671875,1,88,False
+,29,64,29,64,93,93,0,2.08984375,-2.08984375,-2.08984375,1,93,True
+,29,65,29,65,94,94,0,2.333984375,-2.333984375,-2.333984375,1,94,True
+,29,66,29,66,95,95,0,2.63671875,-2.63671875,-2.63671875,1,95,True
+,29,67,29,67,96,96,0,2.69140625,-2.69140625,-2.69140625,1,98,False
+,29,68,29,68,97,97,0,2.8046875,-2.8046875,-2.8046875,1,99,False
+,29,69,29,69,98,98,0,2.7734375,-2.7734375,-2.7734375,1,98,True
+,29,70,29,70,99,99,2,2.044921875,-2.044921875,-2.044921875,1,99,True
+,29,71,29,71,100,100,1,3.1640625,-3.1640625,-3.1640625,1,98,False
+,29,72,29,72,101,101,0,3.3828125,-3.3828125,-3.3828125,1,121,False
+,29,73,29,73,102,102,1,3.154296875,-3.154296875,-3.154296875,1,108,False
+,29,74,29,74,103,103,0,3.47265625,-3.47265625,-3.47265625,1,121,False
+,29,75,29,75,104,104,0,2.873046875,-2.873046875,-2.873046875,1,112,False
+,29,76,29,76,105,105,0,3.54296875,-3.54296875,-3.54296875,1,121,False
+,29,77,29,77,106,106,1,3.37109375,-3.37109375,-3.37109375,1,120,False
+,29,78,29,78,107,107,1,4.0703125,-4.0703125,-4.0703125,1,118,False
+,29,79,29,79,108,108,0,3.7890625,-3.7890625,-3.7890625,1,124,False
+,29,80,29,80,109,109,0,3.537109375,-3.537109375,-3.537109375,1,119,False
+,29,81,29,81,110,110,0,3.30078125,-3.30078125,-3.30078125,1,118,False
+,29,82,29,82,111,111,0,3.650390625,-3.650390625,-3.650390625,1,121,False
+,29,83,29,83,112,112,1,4.0703125,-4.0703125,-4.0703125,1,124,False
+,29,84,29,84,113,113,1,3.322265625,-3.322265625,-3.322265625,1,121,False
+,29,85,29,85,114,114,0,4.09375,-4.09375,-4.09375,1,124,False
+,29,86,29,86,115,115,1,4.83984375,-4.83984375,-4.83984375,1,129,False
+,29,87,29,87,116,116,0,4.078125,-4.078125,-4.078125,1,124,False
+,29,88,29,88,117,117,0,3.28125,-3.28125,-3.28125,1,129,False
+,29,89,29,89,118,118,0,3.857421875,-3.857421875,-3.857421875,1,144,False
+,29,90,29,90,119,119,0,3.978515625,-3.978515625,-3.978515625,1,149,False
+,29,91,29,91,120,120,0,4.53515625,-4.53515625,-4.53515625,1,144,False
+,29,92,29,92,121,121,1,3.443359375,-3.443359375,-3.443359375,1,129,False
+,29,93,29,93,122,122,0,3.197265625,-3.197265625,-3.197265625,1,124,False
+,29,94,29,94,123,123,0,3.017578125,-3.017578125,-3.017578125,1,143,False
+,29,95,29,95,124,124,0,3.16796875,-3.16796875,-3.16796875,1,144,False
+,29,96,29,96,125,125,1,3.6796875,-3.6796875,-3.6796875,1,121,False
+,29,97,29,97,126,126,0,3.537109375,-3.537109375,-3.537109375,1,122,False
+,29,98,29,98,127,127,0,4.61328125,-4.61328125,-4.61328125,1,147,False
+,29,99,29,99,128,128,0,3.73046875,-3.73046875,-3.73046875,1,144,False
+,30,10,30,10,40,40,26,0.5966796875,-0.5966796875,-0.5966796875,1,40,True
+,30,11,30,11,41,41,3,0.90673828125,-0.90673828125,-0.90673828125,1,41,True
+,30,12,30,12,42,42,14,0.7099609375,-0.7099609375,-0.7099609375,1,42,True
+,30,13,30,13,43,43,0,1.56640625,-1.56640625,-1.56640625,1,43,True
+,30,14,30,14,44,44,3,1.7548828125,-1.7548828125,-1.7548828125,1,46,False
+,30,15,30,15,45,45,27,1.177734375,-1.177734375,-1.177734375,1,45,True
+,30,16,30,16,46,46,2,0.52392578125,-0.52392578125,-0.52392578125,1,46,True
+,30,17,30,17,47,47,2,1.671875,-1.671875,-1.671875,1,47,True
+,30,18,30,18,48,48,6,0.70263671875,-0.70263671875,-0.70263671875,1,48,True
+,30,19,30,19,49,49,2,1.7958984375,-1.7958984375,-1.7958984375,1,49,True
+,30,20,30,20,50,50,31,0.31982421875,-0.31982421875,-0.31982421875,1,50,True
+,30,21,30,21,51,51,3,0.9287109375,-0.9287109375,-0.9287109375,1,51,True
+,30,22,30,22,52,52,3,2.056640625,-2.056640625,-2.056640625,1,44,False
+,30,23,30,23,53,53,1,2.474609375,-2.474609375,-2.474609375,1,47,False
+,30,24,30,24,54,54,4,1.12109375,-1.12109375,-1.12109375,1,54,True
+,30,25,30,25,55,55,18,0.7109375,-0.7109375,-0.7109375,1,55,True
+,30,26,30,26,56,56,3,1.28125,-1.28125,-1.28125,1,56,True
+,30,27,30,27,57,57,3,1.2421875,-1.2421875,-1.2421875,1,57,True
+,30,28,30,28,58,58,3,1.0048828125,-1.0048828125,-1.0048828125,1,58,True
+,30,29,30,29,59,59,4,1.5712890625,-1.5712890625,-1.5712890625,1,59,True
+,30,30,30,30,60,60,55,0.032806396484375,-0.032806396484375,-0.032806396484375,1,60,True
+,30,31,30,31,61,61,3,1.6630859375,-1.6630859375,-1.6630859375,1,62,False
+,30,32,30,32,62,62,2,1.2236328125,-1.2236328125,-1.2236328125,1,62,True
+,30,33,30,33,63,63,1,1.890625,-1.890625,-1.890625,1,63,True
+,30,34,30,34,64,64,1,1.9833984375,-1.9833984375,-1.9833984375,1,68,False
+,30,35,30,35,65,65,9,1.5146484375,-1.5146484375,-1.5146484375,1,65,True
+,30,36,30,36,66,66,1,1.3115234375,-1.3115234375,-1.3115234375,1,66,True
+,30,37,30,37,67,67,0,2.1171875,-2.1171875,-2.1171875,1,77,False
+,30,38,30,38,68,68,0,1.99609375,-1.99609375,-1.99609375,1,68,True
+,30,39,30,39,69,69,1,1.849609375,-1.849609375,-1.849609375,1,69,True
+,30,40,30,40,70,70,17,0.61083984375,-0.61083984375,-0.61083984375,1,70,True
+,30,41,30,41,71,71,0,1.76171875,-1.76171875,-1.76171875,1,71,True
+,30,42,30,42,72,72,4,1.3134765625,-1.3134765625,-1.3134765625,1,72,True
+,30,43,30,43,73,73,0,2.458984375,-2.458984375,-2.458984375,1,77,False
+,30,44,30,44,74,74,0,2.07421875,-2.07421875,-2.07421875,1,74,True
+,30,45,30,45,75,75,6,1.4677734375,-1.4677734375,-1.4677734375,1,75,True
+,30,46,30,46,76,76,1,1.27734375,-1.27734375,-1.27734375,1,76,True
+,30,47,30,47,77,77,1,1.7802734375,-1.7802734375,-1.7802734375,1,77,True
+,30,48,30,48,78,78,4,0.875,-0.875,-0.875,1,78,True
+,30,49,30,49,79,79,1,2.373046875,-2.373046875,-2.373046875,1,77,False
+,30,50,30,50,80,80,16,1.2314453125,-1.2314453125,-1.2314453125,1,80,True
+,30,51,30,51,81,81,0,1.7431640625,-1.7431640625,-1.7431640625,1,81,True
+,30,52,30,52,82,82,0,1.8251953125,-1.8251953125,-1.8251953125,1,82,True
+,30,53,30,53,83,83,0,2.44921875,-2.44921875,-2.44921875,1,83,True
+,30,54,30,54,84,84,1,1.7587890625,-1.7587890625,-1.7587890625,1,84,True
+,30,55,30,55,85,85,3,2.216796875,-2.216796875,-2.216796875,1,95,False
+,30,56,30,56,86,86,0,2.044921875,-2.044921875,-2.044921875,1,86,True
+,30,57,30,57,87,87,0,2.47265625,-2.47265625,-2.47265625,1,93,False
+,30,58,30,58,88,88,0,2.349609375,-2.349609375,-2.349609375,1,92,False
+,30,59,30,59,89,89,0,2.904296875,-2.904296875,-2.904296875,1,94,False
+,30,60,30,60,90,90,21,0.497314453125,-0.497314453125,-0.497314453125,1,90,True
+,30,61,30,61,91,91,0,1.8974609375,-1.8974609375,-1.8974609375,1,91,True
+,30,62,30,62,92,92,0,1.49609375,-1.49609375,-1.49609375,1,92,True
+,30,63,30,63,93,93,1,1.634765625,-1.634765625,-1.634765625,1,93,True
+,30,64,30,64,94,94,2,2.18359375,-2.18359375,-2.18359375,1,98,False
+,30,65,30,65,95,95,1,1.3642578125,-1.3642578125,-1.3642578125,1,95,True
+,30,66,30,66,96,96,0,1.3642578125,-1.3642578125,-1.3642578125,1,96,True
+,30,67,30,67,97,97,0,2.443359375,-2.443359375,-2.443359375,1,97,True
+,30,68,30,68,98,98,0,1.7314453125,-1.7314453125,-1.7314453125,1,98,True
+,30,69,30,69,99,99,1,2.298828125,-2.298828125,-2.298828125,1,99,True
+,30,70,30,70,100,100,7,1.7607421875,-1.7607421875,-1.7607421875,1,110,False
+,30,71,30,71,101,101,0,2.193359375,-2.193359375,-2.193359375,1,121,False
+,30,72,30,72,102,102,1,2.125,-2.125,-2.125,1,108,False
+,30,73,30,73,103,103,0,3.1171875,-3.1171875,-3.1171875,1,97,False
+,30,74,30,74,104,104,0,3.1640625,-3.1640625,-3.1640625,1,112,False
+,30,75,30,75,105,105,1,1.8173828125,-1.8173828125,-1.8173828125,1,105,True
+,30,76,30,76,106,106,0,1.8466796875,-1.8466796875,-1.8466796875,1,106,True
+,30,77,30,77,107,107,0,3.0078125,-3.0078125,-3.0078125,1,121,False
+,30,78,30,78,108,108,0,2.00390625,-2.00390625,-2.00390625,1,108,True
+,30,79,30,79,109,109,0,5.2890625,-5.2890625,-5.2890625,1,127,False
+,30,80,30,80,110,110,1,1.7646484375,-1.7646484375,-1.7646484375,1,130,False
+,30,81,30,81,111,111,0,1.8818359375,-1.8818359375,-1.8818359375,1,111,True
+,30,82,30,82,112,112,2,3.228515625,-3.228515625,-3.228515625,1,122,False
+,30,83,30,83,113,113,0,4.703125,-4.703125,-4.703125,1,127,False
+,30,84,30,84,114,114,0,3.27734375,-3.27734375,-3.27734375,1,126,False
+,30,85,30,85,115,115,0,3.85546875,-3.85546875,-3.85546875,1,155,False
+,30,86,30,86,116,116,0,4.46875,-4.46875,-4.46875,1,152,False
+,30,87,30,87,117,117,0,2.978515625,-2.978515625,-2.978515625,1,123,False
+,30,88,30,88,118,118,0,2.529296875,-2.529296875,-2.529296875,1,118,True
+,30,89,30,89,119,119,0,4.26171875,-4.26171875,-4.26171875,1,148,False
+,30,90,30,90,120,120,2,3.9765625,-3.9765625,-3.9765625,1,180,False
+,30,91,30,91,121,121,0,3.814453125,-3.814453125,-3.814453125,1,181,False
+,30,92,30,92,122,122,0,3.0234375,-3.0234375,-3.0234375,1,142,False
+,30,93,30,93,123,123,0,2.392578125,-2.392578125,-2.392578125,1,123,True
+,30,94,30,94,124,124,1,3.5703125,-3.5703125,-3.5703125,1,148,False
+,30,95,30,95,125,125,0,3.830078125,-3.830078125,-3.830078125,1,155,False
+,30,96,30,96,126,126,1,2.9140625,-2.9140625,-2.9140625,1,126,True
+,30,97,30,97,127,127,0,4.04296875,-4.04296875,-4.04296875,1,137,False
+,30,98,30,98,128,128,0,4.05078125,-4.05078125,-4.05078125,1,148,False
+,30,99,30,99,129,129,0,3.521484375,-3.521484375,-3.521484375,1,153,False
+,31,10,31,10,41,41,1,1.0517578125,-1.0517578125,-1.0517578125,1,41,True
+,31,11,31,11,42,42,4,1.8984375,-1.8984375,-1.8984375,1,42,True
+,31,12,31,12,43,43,3,1.802734375,-1.802734375,-1.802734375,1,43,True
+,31,13,31,13,44,44,5,2.41015625,-2.41015625,-2.41015625,1,46,False
+,31,14,31,14,45,45,4,2.09765625,-2.09765625,-2.09765625,1,45,True
+,31,15,31,15,46,46,1,1.646484375,-1.646484375,-1.646484375,1,46,True
+,31,16,31,16,47,47,2,1.8046875,-1.8046875,-1.8046875,1,47,True
+,31,17,31,17,48,48,0,2.5,-2.5,-2.5,1,46,False
+,31,18,31,18,49,49,1,1.7607421875,-1.7607421875,-1.7607421875,1,49,True
+,31,19,31,19,50,50,3,2.580078125,-2.580078125,-2.580078125,1,50,True
+,31,20,31,20,51,51,1,1.814453125,-1.814453125,-1.814453125,1,41,False
+,31,21,31,21,52,52,2,1.7666015625,-1.7666015625,-1.7666015625,1,52,True
+,31,22,31,22,53,53,1,2.634765625,-2.634765625,-2.634765625,1,43,False
+,31,23,31,23,54,54,0,3.92578125,-3.92578125,-3.92578125,1,46,False
+,31,24,31,24,55,55,1,2.146484375,-2.146484375,-2.146484375,1,55,True
+,31,25,31,25,56,56,0,1.984375,-1.984375,-1.984375,1,56,True
+,31,26,31,26,57,57,2,2.396484375,-2.396484375,-2.396484375,1,55,False
+,31,27,31,27,58,58,1,2.185546875,-2.185546875,-2.185546875,1,56,False
+,31,28,31,28,59,59,1,2.4921875,-2.4921875,-2.4921875,1,55,False
+,31,29,31,29,60,60,5,2.5,-2.5,-2.5,1,62,False
+,31,30,31,30,61,61,2,0.456298828125,-0.456298828125,-0.456298828125,1,61,True
+,31,31,31,31,62,62,5,0.26123046875,-0.26123046875,-0.26123046875,1,62,True
+,31,32,31,32,63,63,7,1.4248046875,-1.4248046875,-1.4248046875,1,63,True
+,31,33,31,33,64,64,0,2.896484375,-2.896484375,-2.896484375,1,68,False
+,31,34,31,34,65,65,0,2.673828125,-2.673828125,-2.673828125,1,67,False
+,31,35,31,35,66,66,0,2.228515625,-2.228515625,-2.228515625,1,66,True
+,31,36,31,36,67,67,0,2.544921875,-2.544921875,-2.544921875,1,77,False
+,31,37,31,37,68,68,3,2.630859375,-2.630859375,-2.630859375,1,76,False
+,31,38,31,38,69,69,1,2.93359375,-2.93359375,-2.93359375,1,77,False
+,31,39,31,39,70,70,0,2.791015625,-2.791015625,-2.791015625,1,76,False
+,31,40,31,40,71,71,0,1.5869140625,-1.5869140625,-1.5869140625,1,71,True
+,31,41,31,41,72,72,0,2.474609375,-2.474609375,-2.474609375,1,72,True
+,31,42,31,42,73,73,0,2.30078125,-2.30078125,-2.30078125,1,77,False
+,31,43,31,43,74,74,1,2.556640625,-2.556640625,-2.556640625,1,76,False
+,31,44,31,44,75,75,1,2.462890625,-2.462890625,-2.462890625,1,77,False
+,31,45,31,45,76,76,0,1.7958984375,-1.7958984375,-1.7958984375,1,76,True
+,31,46,31,46,77,77,1,1.7548828125,-1.7548828125,-1.7548828125,1,77,True
+,31,47,31,47,78,78,2,2.52734375,-2.52734375,-2.52734375,1,76,False
+,31,48,31,48,79,79,1,2.32421875,-2.32421875,-2.32421875,1,77,False
+,31,49,31,49,80,80,2,2.84375,-2.84375,-2.84375,1,74,False
+,31,50,31,50,81,81,0,2.052734375,-2.052734375,-2.052734375,1,91,False
+,31,51,31,51,82,82,0,2.9453125,-2.9453125,-2.9453125,1,92,False
+,31,52,31,52,83,83,0,2.71484375,-2.71484375,-2.71484375,1,91,False
+,31,53,31,53,84,84,0,3.142578125,-3.142578125,-3.142578125,1,88,False
+,31,54,31,54,85,85,0,2.9375,-2.9375,-2.9375,1,91,False
+,31,55,31,55,86,86,0,2.375,-2.375,-2.375,1,96,False
+,31,56,31,56,87,87,1,2.833984375,-2.833984375,-2.833984375,1,91,False
+,31,57,31,57,88,88,0,2.46875,-2.46875,-2.46875,1,94,False
+,31,58,31,58,89,89,1,3.130859375,-3.130859375,-3.130859375,1,95,False
+,31,59,31,59,90,90,0,3.30078125,-3.30078125,-3.30078125,1,94,False
+,31,60,31,60,91,91,0,1.1787109375,-1.1787109375,-1.1787109375,1,91,True
+,31,61,31,61,92,92,0,1.7744140625,-1.7744140625,-1.7744140625,1,92,True
+,31,62,31,62,93,93,0,1.8271484375,-1.8271484375,-1.8271484375,1,93,True
+,31,63,31,63,94,94,0,2.158203125,-2.158203125,-2.158203125,1,92,False
+,31,64,31,64,95,95,1,2.12109375,-2.12109375,-2.12109375,1,95,True
+,31,65,31,65,96,96,0,1.923828125,-1.923828125,-1.923828125,1,96,True
+,31,66,31,66,97,97,0,2.236328125,-2.236328125,-2.236328125,1,95,False
+,31,67,31,67,98,98,0,2.603515625,-2.603515625,-2.603515625,1,98,True
+,31,68,31,68,99,99,0,2.330078125,-2.330078125,-2.330078125,1,95,False
+,31,69,31,69,100,100,0,2.630859375,-2.630859375,-2.630859375,1,98,False
+,31,70,31,70,101,101,1,1.373046875,-1.373046875,-1.373046875,1,101,True
+,31,71,31,71,102,102,0,2.814453125,-2.814453125,-2.814453125,1,112,False
+,31,72,31,72,103,103,0,2.9609375,-2.9609375,-2.9609375,1,121,False
+,31,73,31,73,104,104,1,3.076171875,-3.076171875,-3.076171875,1,106,False
+,31,74,31,74,105,105,0,2.7734375,-2.7734375,-2.7734375,1,107,False
+,31,75,31,75,106,106,0,1.763671875,-1.763671875,-1.763671875,1,106,True
+,31,76,31,76,107,107,0,2.23046875,-2.23046875,-2.23046875,1,107,True
+,31,77,31,77,108,108,0,3.201171875,-3.201171875,-3.201171875,1,124,False
+,31,78,31,78,109,109,0,3.546875,-3.546875,-3.546875,1,121,False
+,31,79,31,79,110,110,0,4.82421875,-4.82421875,-4.82421875,1,124,False
+,31,80,31,80,111,111,0,2.2109375,-2.2109375,-2.2109375,1,121,False
+,31,81,31,81,112,112,0,3.626953125,-3.626953125,-3.626953125,1,122,False
+,31,82,31,82,113,113,0,4.36328125,-4.36328125,-4.36328125,1,121,False
+,31,83,31,83,114,114,0,5.01953125,-5.01953125,-5.01953125,1,124,False
+,31,84,31,84,115,115,0,3.640625,-3.640625,-3.640625,1,121,False
+,31,85,31,85,116,116,0,3.841796875,-3.841796875,-3.841796875,1,126,False
+,31,86,31,86,117,117,0,4.1640625,-4.1640625,-4.1640625,1,127,False
+,31,87,31,87,118,118,0,3.9453125,-3.9453125,-3.9453125,1,124,False
+,31,88,31,88,119,119,1,3.193359375,-3.193359375,-3.193359375,1,121,False
+,31,89,31,89,120,120,0,4.6796875,-4.6796875,-4.6796875,1,144,False
+,31,90,31,90,121,121,2,3.595703125,-3.595703125,-3.595703125,1,161,False
+,31,91,31,91,122,122,0,4.65234375,-4.65234375,-4.65234375,1,152,False
+,31,92,31,92,123,123,0,3.275390625,-3.275390625,-3.275390625,1,133,False
+,31,93,31,93,124,124,0,3.119140625,-3.119140625,-3.119140625,1,140,False
+,31,94,31,94,125,125,0,3.541015625,-3.541015625,-3.541015625,1,143,False
+,31,95,31,95,126,126,0,2.990234375,-2.990234375,-2.990234375,1,144,False
+,31,96,31,96,127,127,1,2.92578125,-2.92578125,-2.92578125,1,121,False
+,31,97,31,97,128,128,0,3.15234375,-3.15234375,-3.15234375,1,124,False
+,31,98,31,98,129,129,0,3.720703125,-3.720703125,-3.720703125,1,143,False
+,31,99,31,99,130,130,0,3.7421875,-3.7421875,-3.7421875,1,152,False
+,32,10,32,10,42,42,15,0.443115234375,-0.443115234375,-0.443115234375,1,42,True
+,32,11,32,11,43,43,4,1.45703125,-1.45703125,-1.45703125,1,43,True
+,32,12,32,12,44,44,5,1.0517578125,-1.0517578125,-1.0517578125,1,44,True
+,32,13,32,13,45,45,5,1.7353515625,-1.7353515625,-1.7353515625,1,47,False
+,32,14,32,14,46,46,5,1.1328125,-1.1328125,-1.1328125,1,46,True
+,32,15,32,15,47,47,2,1.654296875,-1.654296875,-1.654296875,1,47,True
+,32,16,32,16,48,48,26,0.498291015625,-0.498291015625,-0.498291015625,1,48,True
+,32,17,32,17,49,49,0,1.7705078125,-1.7705078125,-1.7705078125,1,49,True
+,32,18,32,18,50,50,5,1.166015625,-1.166015625,-1.166015625,1,50,True
+,32,19,32,19,51,51,1,2.51171875,-2.51171875,-2.51171875,1,57,False
+,32,20,32,20,52,52,2,0.80859375,-0.80859375,-0.80859375,1,52,True
+,32,21,32,21,53,53,1,1.220703125,-1.220703125,-1.220703125,1,53,True
+,32,22,32,22,54,54,1,1.68359375,-1.68359375,-1.68359375,1,50,False
+,32,23,32,23,55,55,1,2.404296875,-2.404296875,-2.404296875,1,53,False
+,32,24,32,24,56,56,10,1.2333984375,-1.2333984375,-1.2333984375,1,56,True
+,32,25,32,25,57,57,3,1.42578125,-1.42578125,-1.42578125,1,57,True
+,32,26,32,26,58,58,2,1.88671875,-1.88671875,-1.88671875,1,58,True
+,32,27,32,27,59,59,1,2.68359375,-2.68359375,-2.68359375,1,55,False
+,32,28,32,28,60,60,3,2.609375,-2.609375,-2.609375,1,62,False
+,32,29,32,29,61,61,3,2.30859375,-2.30859375,-2.30859375,1,67,False
+,32,30,32,30,62,62,2,0.5068359375,-0.5068359375,-0.5068359375,1,62,True
+,32,31,32,31,63,63,4,1.4267578125,-1.4267578125,-1.4267578125,1,63,True
+,32,32,32,32,64,64,40,0.52734375,-0.52734375,-0.52734375,1,64,True
+,32,33,32,33,65,65,1,2.912109375,-2.912109375,-2.912109375,1,83,False
+,32,34,32,34,66,66,1,3.52734375,-3.52734375,-3.52734375,1,78,False
+,32,35,32,35,67,67,0,2.06640625,-2.06640625,-2.06640625,1,67,True
+,32,36,32,36,68,68,0,3.564453125,-3.564453125,-3.564453125,1,77,False
+,32,37,32,37,69,69,3,2.87890625,-2.87890625,-2.87890625,1,77,False
+,32,38,32,38,70,70,0,2.978515625,-2.978515625,-2.978515625,1,78,False
+,32,39,32,39,71,71,1,2.85546875,-2.85546875,-2.85546875,1,77,False
+,32,40,32,40,72,72,2,1.59375,-1.59375,-1.59375,1,72,True
+,32,41,32,41,73,73,0,2.423828125,-2.423828125,-2.423828125,1,77,False
+,32,42,32,42,74,74,0,2.146484375,-2.146484375,-2.146484375,1,74,True
+,32,43,32,43,75,75,1,2.5078125,-2.5078125,-2.5078125,1,77,False
+,32,44,32,44,76,76,0,2.5703125,-2.5703125,-2.5703125,1,78,False
+,32,45,32,45,77,77,2,1.8505859375,-1.8505859375,-1.8505859375,1,77,True
+,32,46,32,46,78,78,0,2.048828125,-2.048828125,-2.048828125,1,78,True
+,32,47,32,47,79,79,0,2.625,-2.625,-2.625,1,77,False
+,32,48,32,48,80,80,2,2.27734375,-2.27734375,-2.27734375,1,76,False
+,32,49,32,49,81,81,1,2.59375,-2.59375,-2.59375,1,77,False
+,32,50,32,50,82,82,2,1.1650390625,-1.1650390625,-1.1650390625,1,82,True
+,32,51,32,51,83,83,0,2.982421875,-2.982421875,-2.982421875,1,91,False
+,32,52,32,52,84,84,0,3.0703125,-3.0703125,-3.0703125,1,92,False
+,32,53,32,53,85,85,1,3.283203125,-3.283203125,-3.283203125,1,91,False
+,32,54,32,54,86,86,0,2.689453125,-2.689453125,-2.689453125,1,94,False
+,32,55,32,55,87,87,0,2.529296875,-2.529296875,-2.529296875,1,97,False
+,32,56,32,56,88,88,3,2.529296875,-2.529296875,-2.529296875,1,92,False
+,32,57,32,57,89,89,2,2.966796875,-2.966796875,-2.966796875,1,95,False
+,32,58,32,58,90,90,0,3.2734375,-3.2734375,-3.2734375,1,94,False
+,32,59,32,59,91,91,2,3.287109375,-3.287109375,-3.287109375,1,97,False
+,32,60,32,60,92,92,1,1.0419921875,-1.0419921875,-1.0419921875,1,92,True
+,32,61,32,61,93,93,0,2.2578125,-2.2578125,-2.2578125,1,92,False
+,32,62,32,62,94,94,0,2.0390625,-2.0390625,-2.0390625,1,94,True
+,32,63,32,63,95,95,0,1.9052734375,-1.9052734375,-1.9052734375,1,95,True
+,32,64,32,64,96,96,11,1.4453125,-1.4453125,-1.4453125,1,96,True
+,32,65,32,65,97,97,0,1.9423828125,-1.9423828125,-1.9423828125,1,97,True
+,32,66,32,66,98,98,0,2.375,-2.375,-2.375,1,98,True
+,32,67,32,67,99,99,0,2.28125,-2.28125,-2.28125,1,99,True
+,32,68,32,68,100,100,1,3.306640625,-3.306640625,-3.306640625,1,96,False
+,32,69,32,69,101,101,0,2.697265625,-2.697265625,-2.697265625,1,97,False
+,32,70,32,70,102,102,0,2.0859375,-2.0859375,-2.0859375,1,92,False
+,32,71,32,71,103,103,0,3.076171875,-3.076171875,-3.076171875,1,107,False
+,32,72,32,72,104,104,2,2.95703125,-2.95703125,-2.95703125,1,112,False
+,32,73,32,73,105,105,0,3.1875,-3.1875,-3.1875,1,97,False
+,32,74,32,74,106,106,0,3.255859375,-3.255859375,-3.255859375,1,108,False
+,32,75,32,75,107,107,0,1.5947265625,-1.5947265625,-1.5947265625,1,107,True
+,32,76,32,76,108,108,0,2.552734375,-2.552734375,-2.552734375,1,112,False
+,32,77,32,77,109,109,0,3.79296875,-3.79296875,-3.79296875,1,111,False
+,32,78,32,78,110,110,0,2.966796875,-2.966796875,-2.966796875,1,118,False
+,32,79,32,79,111,111,0,3.298828125,-3.298828125,-3.298828125,1,127,False
+,32,80,32,80,112,112,0,2.310546875,-2.310546875,-2.310546875,1,108,False
+,32,81,32,81,113,113,0,3.6796875,-3.6796875,-3.6796875,1,121,False
+,32,82,32,82,114,114,0,4.265625,-4.265625,-4.265625,1,122,False
+,32,83,32,83,115,115,0,3.876953125,-3.876953125,-3.876953125,1,127,False
+,32,84,32,84,116,116,0,3.123046875,-3.123046875,-3.123046875,1,112,False
+,32,85,32,85,117,117,0,2.91796875,-2.91796875,-2.91796875,1,127,False
+,32,86,32,86,118,118,0,3.60546875,-3.60546875,-3.60546875,1,122,False
+,32,87,32,87,119,119,0,3.029296875,-3.029296875,-3.029296875,1,121,False
+,32,88,32,88,120,120,0,2.3203125,-2.3203125,-2.3203125,1,132,False
+,32,89,32,89,121,121,0,3.158203125,-3.158203125,-3.158203125,1,127,False
+,32,90,32,90,122,122,0,2.28515625,-2.28515625,-2.28515625,1,122,True
+,32,91,32,91,123,123,0,3.1796875,-3.1796875,-3.1796875,1,121,False
+,32,92,32,92,124,124,0,3.43359375,-3.43359375,-3.43359375,1,132,False
+,32,93,32,93,125,125,0,3.509765625,-3.509765625,-3.509765625,1,127,False
+,32,94,32,94,126,126,0,2.748046875,-2.748046875,-2.748046875,1,122,False
+,32,95,32,95,127,127,0,2.537109375,-2.537109375,-2.537109375,1,127,True
+,32,96,32,96,128,128,1,2.576171875,-2.576171875,-2.576171875,1,128,True
+,32,97,32,97,129,129,0,3.548828125,-3.548828125,-3.548828125,1,121,False
+,32,98,32,98,130,130,0,3.294921875,-3.294921875,-3.294921875,1,122,False
+,32,99,32,99,131,131,0,3.541015625,-3.541015625,-3.541015625,1,121,False
+,33,10,33,10,43,43,2,2.05078125,-2.05078125,-2.05078125,1,37,False
+,33,11,33,11,44,44,1,1.9150390625,-1.9150390625,-1.9150390625,1,44,True
+,33,12,33,12,45,45,1,1.86328125,-1.86328125,-1.86328125,1,45,True
+,33,13,33,13,46,46,2,2.009765625,-2.009765625,-2.009765625,1,50,False
+,33,14,33,14,47,47,3,2.56640625,-2.56640625,-2.56640625,1,53,False
+,33,15,33,15,48,48,0,2.013671875,-2.013671875,-2.013671875,1,54,False
+,33,16,33,16,49,49,2,2.0390625,-2.0390625,-2.0390625,1,53,False
+,33,17,33,17,50,50,2,2.150390625,-2.150390625,-2.150390625,1,50,True
+,33,18,33,18,51,51,1,2.09375,-2.09375,-2.09375,1,57,False
+,33,19,33,19,52,52,0,2.69140625,-2.69140625,-2.69140625,1,56,False
+,33,20,33,20,53,53,1,1.787109375,-1.787109375,-1.787109375,1,53,True
+,33,21,33,21,54,54,0,1.7216796875,-1.7216796875,-1.7216796875,1,54,True
+,33,22,33,22,55,55,1,1.3046875,-1.3046875,-1.3046875,1,55,True
+,33,23,33,23,56,56,0,3.068359375,-3.068359375,-3.068359375,1,46,False
+,33,24,33,24,57,57,3,2.34765625,-2.34765625,-2.34765625,1,57,True
+,33,25,33,25,58,58,2,2.322265625,-2.322265625,-2.322265625,1,56,False
+,33,26,33,26,59,59,0,3.3125,-3.3125,-3.3125,1,65,False
+,33,27,33,27,60,60,1,2.58984375,-2.58984375,-2.58984375,1,66,False
+,33,28,33,28,61,61,3,2.96484375,-2.96484375,-2.96484375,1,67,False
+,33,29,33,29,62,62,0,2.71484375,-2.71484375,-2.71484375,1,68,False
+,33,30,33,30,63,63,1,1.4541015625,-1.4541015625,-1.4541015625,1,63,True
+,33,31,33,31,64,64,0,2.73046875,-2.73046875,-2.73046875,1,68,False
+,33,32,33,32,65,65,1,2.734375,-2.734375,-2.734375,1,77,False
+,33,33,33,33,66,66,6,0.51904296875,-0.51904296875,-0.51904296875,1,66,True
+,33,34,33,34,67,67,0,3.814453125,-3.814453125,-3.814453125,1,77,False
+,33,35,33,35,68,68,1,3.349609375,-3.349609375,-3.349609375,1,76,False
+,33,36,33,36,69,69,0,4.5390625,-4.5390625,-4.5390625,1,77,False
+,33,37,33,37,70,70,1,4.03515625,-4.03515625,-4.03515625,1,76,False
+,33,38,33,38,71,71,2,4.27734375,-4.27734375,-4.27734375,1,95,False
+,33,39,33,39,72,72,1,4.52734375,-4.52734375,-4.52734375,1,88,False
+,33,40,33,40,73,73,1,3.310546875,-3.310546875,-3.310546875,1,77,False
+,33,41,33,41,74,74,3,3.357421875,-3.357421875,-3.357421875,1,88,False
+,33,42,33,42,75,75,0,2.89453125,-2.89453125,-2.89453125,1,77,False
+,33,43,33,43,76,76,0,3.1328125,-3.1328125,-3.1328125,1,88,False
+,33,44,33,44,77,77,0,2.908203125,-2.908203125,-2.908203125,1,91,False
+,33,45,33,45,78,78,1,2.623046875,-2.623046875,-2.623046875,1,78,True
+,33,46,33,46,79,79,0,3.115234375,-3.115234375,-3.115234375,1,77,False
+,33,47,33,47,80,80,1,3.1875,-3.1875,-3.1875,1,94,False
+,33,48,33,48,81,81,0,2.87890625,-2.87890625,-2.87890625,1,93,False
+,33,49,33,49,82,82,0,2.85546875,-2.85546875,-2.85546875,1,94,False
+,33,50,33,50,83,83,0,2.533203125,-2.533203125,-2.533203125,1,97,False
+,33,51,33,51,84,84,0,3.50390625,-3.50390625,-3.50390625,1,96,False
+,33,52,33,52,85,85,0,3.6328125,-3.6328125,-3.6328125,1,97,False
+,33,53,33,53,86,86,0,3.23828125,-3.23828125,-3.23828125,1,94,False
+,33,54,33,54,87,87,0,3.234375,-3.234375,-3.234375,1,93,False
+,33,55,33,55,88,88,0,2.66796875,-2.66796875,-2.66796875,1,92,False
+,33,56,33,56,89,89,0,3.5390625,-3.5390625,-3.5390625,1,97,False
+,33,57,33,57,90,90,0,3.39453125,-3.39453125,-3.39453125,1,96,False
+,33,58,33,58,91,91,0,3.486328125,-3.486328125,-3.486328125,1,97,False
+,33,59,33,59,92,92,2,2.873046875,-2.873046875,-2.873046875,1,94,False
+,33,60,33,60,93,93,0,2.12890625,-2.12890625,-2.12890625,1,99,False
+,33,61,33,61,94,94,0,2.58203125,-2.58203125,-2.58203125,1,92,False
+,33,62,33,62,95,95,0,2.224609375,-2.224609375,-2.224609375,1,95,True
+,33,63,33,63,96,96,1,2.548828125,-2.548828125,-2.548828125,1,96,True
+,33,64,33,64,97,97,0,2.265625,-2.265625,-2.265625,1,97,True
+,33,65,33,65,98,98,0,2.39453125,-2.39453125,-2.39453125,1,98,True
+,33,66,33,66,99,99,2,2.5234375,-2.5234375,-2.5234375,1,111,False
+,33,67,33,67,100,100,0,3.462890625,-3.462890625,-3.462890625,1,122,False
+,33,68,33,68,101,101,0,3.650390625,-3.650390625,-3.650390625,1,121,False
+,33,69,33,69,102,102,1,3.1875,-3.1875,-3.1875,1,114,False
+,33,70,33,70,103,103,0,2.6953125,-2.6953125,-2.6953125,1,107,False
+,33,71,33,71,104,104,0,3.55078125,-3.55078125,-3.55078125,1,118,False
+,33,72,33,72,105,105,0,3.470703125,-3.470703125,-3.470703125,1,117,False
+,33,73,33,73,106,106,0,3.470703125,-3.470703125,-3.470703125,1,122,False
+,33,74,33,74,107,107,1,3.037109375,-3.037109375,-3.037109375,1,121,False
+,33,75,33,75,108,108,0,2.396484375,-2.396484375,-2.396484375,1,114,False
+,33,76,33,76,109,109,0,3.794921875,-3.794921875,-3.794921875,1,121,False
+,33,77,33,77,110,110,2,3.646484375,-3.646484375,-3.646484375,1,122,False
+,33,78,33,78,111,111,0,3.267578125,-3.267578125,-3.267578125,1,117,False
+,33,79,33,79,112,112,0,4.42578125,-4.42578125,-4.42578125,1,124,False
+,33,80,33,80,113,113,0,3.439453125,-3.439453125,-3.439453125,1,133,False
+,33,81,33,81,114,114,0,3.845703125,-3.845703125,-3.845703125,1,132,False
+,33,82,33,82,115,115,0,4.65234375,-4.65234375,-4.65234375,1,121,False
+,33,83,33,83,116,116,0,5.109375,-5.109375,-5.109375,1,148,False
+,33,84,33,84,117,117,0,3.263671875,-3.263671875,-3.263671875,1,147,False
+,33,85,33,85,118,118,0,4.16796875,-4.16796875,-4.16796875,1,142,False
+,33,86,33,86,119,119,0,4.9296875,-4.9296875,-4.9296875,1,143,False
+,33,87,33,87,120,120,0,4.17578125,-4.17578125,-4.17578125,1,144,False
+,33,88,33,88,121,121,0,2.708984375,-2.708984375,-2.708984375,1,133,False
+,33,89,33,89,122,122,0,4.23046875,-4.23046875,-4.23046875,1,148,False
+,33,90,33,90,123,123,0,3.376953125,-3.376953125,-3.376953125,1,153,False
+,33,91,33,91,124,124,0,4.70703125,-4.70703125,-4.70703125,1,148,False
+,33,92,33,92,125,125,0,5.03515625,-5.03515625,-5.03515625,1,143,False
+,33,93,33,93,126,126,0,4.05078125,-4.05078125,-4.05078125,1,138,False
+,33,94,33,94,127,127,0,3.578125,-3.578125,-3.578125,1,143,False
+,33,95,33,95,128,128,1,3.685546875,-3.685546875,-3.685546875,1,142,False
+,33,96,33,96,129,129,0,3.673828125,-3.673828125,-3.673828125,1,153,False
+,33,97,33,97,130,130,0,3.25390625,-3.25390625,-3.25390625,1,122,False
+,33,98,33,98,131,131,0,4.17578125,-4.17578125,-4.17578125,1,133,False
+,33,99,33,99,132,132,0,3.51171875,-3.51171875,-3.51171875,1,148,False
+,34,10,34,10,44,44,2,2.197265625,-2.197265625,-2.197265625,1,46,False
+,34,11,34,11,45,45,1,1.8955078125,-1.8955078125,-1.8955078125,1,45,True
+,34,12,34,12,46,46,5,1.3955078125,-1.3955078125,-1.3955078125,1,46,True
+,34,13,34,13,47,47,0,2.1875,-2.1875,-2.1875,1,49,False
+,34,14,34,14,48,48,2,1.7275390625,-1.7275390625,-1.7275390625,1,48,True
+,34,15,34,15,49,49,1,2.060546875,-2.060546875,-2.060546875,1,53,False
+,34,16,34,16,50,50,0,1.728515625,-1.728515625,-1.728515625,1,50,True
+,34,17,34,17,51,51,0,2.5,-2.5,-2.5,1,53,False
+,34,18,34,18,52,52,1,1.9296875,-1.9296875,-1.9296875,1,56,False
+,34,19,34,19,53,53,2,2.734375,-2.734375,-2.734375,1,55,False
+,34,20,34,20,54,54,2,1.875,-1.875,-1.875,1,54,True
+,34,21,34,21,55,55,6,1.5068359375,-1.5068359375,-1.5068359375,1,55,True
+,34,22,34,22,56,56,1,1.9208984375,-1.9208984375,-1.9208984375,1,56,True
+,34,23,34,23,57,57,1,2.00390625,-2.00390625,-2.00390625,1,57,True
+,34,24,34,24,58,58,1,1.8154296875,-1.8154296875,-1.8154296875,1,58,True
+,34,25,34,25,59,59,0,2.904296875,-2.904296875,-2.904296875,1,61,False
+,34,26,34,26,60,60,0,2.984375,-2.984375,-2.984375,1,56,False
+,34,27,34,27,61,61,2,2.412109375,-2.412109375,-2.412109375,1,67,False
+,34,28,34,28,62,62,0,2.533203125,-2.533203125,-2.533203125,1,68,False
+,34,29,34,29,63,63,0,3.03125,-3.03125,-3.03125,1,67,False
+,34,30,34,30,64,64,0,2.060546875,-2.060546875,-2.060546875,1,68,False
+,34,31,34,31,65,65,1,2.947265625,-2.947265625,-2.947265625,1,73,False
+,34,32,34,32,66,66,3,2.990234375,-2.990234375,-2.990234375,1,68,False
+,34,33,34,33,67,67,2,3.525390625,-3.525390625,-3.525390625,1,77,False
+,34,34,34,34,68,68,2,1.97265625,-1.97265625,-1.97265625,1,68,True
+,34,35,34,35,69,69,0,4.30078125,-4.30078125,-4.30078125,1,77,False
+,34,36,34,36,70,70,0,5.58203125,-5.58203125,-5.58203125,1,91,False
+,34,37,34,37,71,71,3,4.57421875,-4.57421875,-4.57421875,1,91,False
+,34,38,34,38,72,72,0,5.56640625,-5.56640625,-5.56640625,1,95,False
+,34,39,34,39,73,73,0,4.625,-4.625,-4.625,1,89,False
+,34,40,34,40,74,74,0,3.69921875,-3.69921875,-3.69921875,1,77,False
+,34,41,34,41,75,75,1,3.33984375,-3.33984375,-3.33984375,1,85,False
+,34,42,34,42,76,76,1,2.798828125,-2.798828125,-2.798828125,1,88,False
+,34,43,34,43,77,77,1,3.15234375,-3.15234375,-3.15234375,1,91,False
+,34,44,34,44,78,78,0,3.283203125,-3.283203125,-3.283203125,1,89,False
+,34,45,34,45,79,79,0,3.642578125,-3.642578125,-3.642578125,1,91,False
+,34,46,34,46,80,80,1,3.478515625,-3.478515625,-3.478515625,1,92,False
+,34,47,34,47,81,81,1,3.63671875,-3.63671875,-3.63671875,1,95,False
+,34,48,34,48,82,82,0,2.802734375,-2.802734375,-2.802734375,1,94,False
+,34,49,34,49,83,83,1,3.232421875,-3.232421875,-3.232421875,1,91,False
+,34,50,34,50,84,84,0,3.3515625,-3.3515625,-3.3515625,1,94,False
+,34,51,34,51,85,85,1,3.37109375,-3.37109375,-3.37109375,1,95,False
+,34,52,34,52,86,86,0,3.03125,-3.03125,-3.03125,1,94,False
+,34,53,34,53,87,87,0,3.572265625,-3.572265625,-3.572265625,1,95,False
+,34,54,34,54,88,88,0,3.12109375,-3.12109375,-3.12109375,1,94,False
+,34,55,34,55,89,89,5,3.26171875,-3.26171875,-3.26171875,1,99,False
+,34,56,34,56,90,90,0,3.853515625,-3.853515625,-3.853515625,1,94,False
+,34,57,34,57,91,91,0,3.18359375,-3.18359375,-3.18359375,1,95,False
+,34,58,34,58,92,92,0,3.306640625,-3.306640625,-3.306640625,1,94,False
+,34,59,34,59,93,93,0,3.48046875,-3.48046875,-3.48046875,1,95,False
+,34,60,34,60,94,94,0,1.8984375,-1.8984375,-1.8984375,1,94,True
+,34,61,34,61,95,95,0,2.447265625,-2.447265625,-2.447265625,1,97,False
+,34,62,34,62,96,96,0,2.5,-2.5,-2.5,1,96,True
+,34,63,34,63,97,97,0,2.501953125,-2.501953125,-2.501953125,1,97,True
+,34,64,34,64,98,98,0,2.412109375,-2.412109375,-2.412109375,1,98,True
+,34,65,34,65,99,99,0,2.96875,-2.96875,-2.96875,1,113,False
+,34,66,34,66,100,100,0,3.283203125,-3.283203125,-3.283203125,1,112,False
+,34,67,34,67,101,101,0,3.58984375,-3.58984375,-3.58984375,1,121,False
+,34,68,34,68,102,102,1,3.666015625,-3.666015625,-3.666015625,1,122,False
+,34,69,34,69,103,103,0,3.244140625,-3.244140625,-3.244140625,1,121,False
+,34,70,34,70,104,104,0,2.6953125,-2.6953125,-2.6953125,1,122,False
+,34,71,34,71,105,105,1,3.576171875,-3.576171875,-3.576171875,1,121,False
+,34,72,34,72,106,106,0,3.416015625,-3.416015625,-3.416015625,1,122,False
+,34,73,34,73,107,107,0,2.845703125,-2.845703125,-2.845703125,1,121,False
+,34,74,34,74,108,108,0,3.419921875,-3.419921875,-3.419921875,1,122,False
+,34,75,34,75,109,109,0,3.6796875,-3.6796875,-3.6796875,1,121,False
+,34,76,34,76,110,110,2,3.7890625,-3.7890625,-3.7890625,1,122,False
+,34,77,34,77,111,111,0,3.38671875,-3.38671875,-3.38671875,1,121,False
+,34,78,34,78,112,112,0,3.396484375,-3.396484375,-3.396484375,1,122,False
+,34,79,34,79,113,113,0,4.29296875,-4.29296875,-4.29296875,1,127,False
+,34,80,34,80,114,114,0,3.37890625,-3.37890625,-3.37890625,1,122,False
+,34,81,34,81,115,115,0,4.1015625,-4.1015625,-4.1015625,1,137,False
+,34,82,34,82,116,116,0,4.34375,-4.34375,-4.34375,1,122,False
+,34,83,34,83,117,117,0,4.58203125,-4.58203125,-4.58203125,1,143,False
+,34,84,34,84,118,118,0,3.830078125,-3.830078125,-3.830078125,1,154,False
+,34,85,34,85,119,119,0,4.171875,-4.171875,-4.171875,1,137,False
+,34,86,34,86,120,120,0,5.4921875,-5.4921875,-5.4921875,1,154,False
+,34,87,34,87,121,121,0,3.67578125,-3.67578125,-3.67578125,1,137,False
+,34,88,34,88,122,122,0,2.853515625,-2.853515625,-2.853515625,1,134,False
+,34,89,34,89,123,123,0,4.26953125,-4.26953125,-4.26953125,1,153,False
+,34,90,34,90,124,124,0,4.37109375,-4.37109375,-4.37109375,1,154,False
+,34,91,34,91,125,125,0,5.33203125,-5.33203125,-5.33203125,1,143,False
+,34,92,34,92,126,126,0,4.87890625,-4.87890625,-4.87890625,1,154,False
+,34,93,34,93,127,127,1,3.359375,-3.359375,-3.359375,1,137,False
+,34,94,34,94,128,128,0,4.37890625,-4.37890625,-4.37890625,1,138,False
+,34,95,34,95,129,129,0,3.865234375,-3.865234375,-3.865234375,1,143,False
+,34,96,34,96,130,130,0,3.921875,-3.921875,-3.921875,1,142,False
+,34,97,34,97,131,131,0,4.125,-4.125,-4.125,1,121,False
+,34,98,34,98,132,132,0,4.4921875,-4.4921875,-4.4921875,1,134,False
+,34,99,34,99,133,133,0,3.21484375,-3.21484375,-3.21484375,1,137,False
+,35,10,35,10,45,45,17,1.177734375,-1.177734375,-1.177734375,1,45,True
+,35,11,35,11,46,46,0,1.181640625,-1.181640625,-1.181640625,1,46,True
+,35,12,35,12,47,47,1,2.234375,-2.234375,-2.234375,1,53,False
+,35,13,35,13,48,48,0,2.328125,-2.328125,-2.328125,1,52,False
+,35,14,35,14,49,49,2,2.537109375,-2.537109375,-2.537109375,1,53,False
+,35,15,35,15,50,50,13,2.271484375,-2.271484375,-2.271484375,1,52,False
+,35,16,35,16,51,51,3,1.958984375,-1.958984375,-1.958984375,1,53,False
+,35,17,35,17,52,52,1,1.76171875,-1.76171875,-1.76171875,1,52,True
+,35,18,35,18,53,53,4,2.0078125,-2.0078125,-2.0078125,1,53,True
+,35,19,35,19,54,54,0,2.505859375,-2.505859375,-2.505859375,1,56,False
+,35,20,35,20,55,55,10,0.744140625,-0.744140625,-0.744140625,1,55,True
+,35,21,35,21,56,56,0,0.94140625,-0.94140625,-0.94140625,1,56,True
+,35,22,35,22,57,57,1,1.96484375,-1.96484375,-1.96484375,1,57,True
+,35,23,35,23,58,58,1,2.060546875,-2.060546875,-2.060546875,1,58,True
+,35,24,35,24,59,59,2,2.640625,-2.640625,-2.640625,1,61,False
+,35,25,35,25,60,60,8,2.30859375,-2.30859375,-2.30859375,1,60,True
+,35,26,35,26,61,61,1,2.625,-2.625,-2.625,1,61,True
+,35,27,35,27,62,62,11,2.130859375,-2.130859375,-2.130859375,1,62,True
+,35,28,35,28,63,63,0,2.1328125,-2.1328125,-2.1328125,1,63,True
+,35,29,35,29,64,64,0,2.39453125,-2.39453125,-2.39453125,1,68,False
+,35,30,35,30,65,65,6,1.0654296875,-1.0654296875,-1.0654296875,1,65,True
+,35,31,35,31,66,66,0,2.4609375,-2.4609375,-2.4609375,1,76,False
+,35,32,35,32,67,67,0,2.2578125,-2.2578125,-2.2578125,1,77,False
+,35,33,35,33,68,68,1,2.611328125,-2.611328125,-2.611328125,1,77,False
+,35,34,35,34,69,69,0,4.79296875,-4.79296875,-4.79296875,1,74,False
+,35,35,35,35,70,70,24,0.478759765625,-0.478759765625,-0.478759765625,1,70,True
+,35,36,35,36,71,71,0,4.30078125,-4.30078125,-4.30078125,1,91,False
+,35,37,35,37,72,72,2,4.3125,-4.3125,-4.3125,1,92,False
+,35,38,35,38,73,73,0,4.3203125,-4.3203125,-4.3203125,1,77,False
+,35,39,35,39,74,74,1,3.94140625,-3.94140625,-3.94140625,1,94,False
+,35,40,35,40,75,75,12,3.779296875,-3.779296875,-3.779296875,1,95,False
+,35,41,35,41,76,76,2,3.40625,-3.40625,-3.40625,1,94,False
+,35,42,35,42,77,77,2,2.328125,-2.328125,-2.328125,1,77,True
+,35,43,35,43,78,78,0,2.95703125,-2.95703125,-2.95703125,1,78,True
+,35,44,35,44,79,79,0,3.2421875,-3.2421875,-3.2421875,1,91,False
+,35,45,35,45,80,80,7,3.9765625,-3.9765625,-3.9765625,1,92,False
+,35,46,35,46,81,81,0,3.533203125,-3.533203125,-3.533203125,1,91,False
+,35,47,35,47,82,82,1,3.341796875,-3.341796875,-3.341796875,1,92,False
+,35,48,35,48,83,83,0,2.818359375,-2.818359375,-2.818359375,1,77,False
+,35,49,35,49,84,84,2,3.037109375,-3.037109375,-3.037109375,1,94,False
+,35,50,35,50,85,85,2,2.30859375,-2.30859375,-2.30859375,1,95,False
+,35,51,35,51,86,86,0,3.185546875,-3.185546875,-3.185546875,1,94,False
+,35,52,35,52,87,87,0,3.33984375,-3.33984375,-3.33984375,1,97,False
+,35,53,35,53,88,88,1,3.064453125,-3.064453125,-3.064453125,1,92,False
+,35,54,35,54,89,89,0,3.3359375,-3.3359375,-3.3359375,1,101,False
+,35,55,35,55,90,90,9,4.02734375,-4.02734375,-4.02734375,1,98,False
+,35,56,35,56,91,91,0,3.443359375,-3.443359375,-3.443359375,1,107,False
+,35,57,35,57,92,92,0,2.74609375,-2.74609375,-2.74609375,1,92,True
+,35,58,35,58,93,93,0,3.267578125,-3.267578125,-3.267578125,1,107,False
+,35,59,35,59,94,94,0,2.55859375,-2.55859375,-2.55859375,1,94,True
+,35,60,35,60,95,95,5,1.9248046875,-1.9248046875,-1.9248046875,1,95,True
+,35,61,35,61,96,96,1,2.81640625,-2.81640625,-2.81640625,1,92,False
+,35,62,35,62,97,97,1,2.478515625,-2.478515625,-2.478515625,1,97,True
+,35,63,35,63,98,98,0,2.62890625,-2.62890625,-2.62890625,1,98,True
+,35,64,35,64,99,99,0,3.01953125,-3.01953125,-3.01953125,1,105,False
+,35,65,35,65,100,100,2,3.5859375,-3.5859375,-3.5859375,1,106,False
+,35,66,35,66,101,101,0,3.123046875,-3.123046875,-3.123046875,1,121,False
+,35,67,35,67,102,102,2,3.310546875,-3.310546875,-3.310546875,1,112,False
+,35,68,35,68,103,103,0,3.71484375,-3.71484375,-3.71484375,1,107,False
+,35,69,35,69,104,104,0,3.291015625,-3.291015625,-3.291015625,1,122,False
+,35,70,35,70,105,105,1,1.9638671875,-1.9638671875,-1.9638671875,1,105,True
+,35,71,35,71,106,106,1,2.52734375,-2.52734375,-2.52734375,1,106,True
+,35,72,35,72,107,107,2,2.30859375,-2.30859375,-2.30859375,1,107,True
+,35,73,35,73,108,108,0,2.9921875,-2.9921875,-2.9921875,1,112,False
+,35,74,35,74,109,109,0,3.93359375,-3.93359375,-3.93359375,1,121,False
+,35,75,35,75,110,110,0,3.603515625,-3.603515625,-3.603515625,1,122,False
+,35,76,35,76,111,111,0,3.419921875,-3.419921875,-3.419921875,1,121,False
+,35,77,35,77,112,112,0,2.712890625,-2.712890625,-2.712890625,1,122,False
+,35,78,35,78,113,113,0,2.998046875,-2.998046875,-2.998046875,1,113,True
+,35,79,35,79,114,114,0,4.5390625,-4.5390625,-4.5390625,1,122,False
+,35,80,35,80,115,115,1,3.28125,-3.28125,-3.28125,1,135,False
+,35,81,35,81,116,116,0,3.6015625,-3.6015625,-3.6015625,1,122,False
+,35,82,35,82,117,117,0,3.419921875,-3.419921875,-3.419921875,1,127,False
+,35,83,35,83,118,118,0,4.0234375,-4.0234375,-4.0234375,1,142,False
+,35,84,35,84,119,119,0,3.24609375,-3.24609375,-3.24609375,1,121,False
+,35,85,35,85,120,120,0,5.6640625,-5.6640625,-5.6640625,1,142,False
+,35,86,35,86,121,121,0,4.10546875,-4.10546875,-4.10546875,1,143,False
+,35,87,35,87,122,122,0,3.087890625,-3.087890625,-3.087890625,1,142,False
+,35,88,35,88,123,123,0,2.76953125,-2.76953125,-2.76953125,1,143,False
+,35,89,35,89,124,124,0,4.64453125,-4.64453125,-4.64453125,1,154,False
+,35,90,35,90,125,125,1,5.48828125,-5.48828125,-5.48828125,1,155,False
+,35,91,35,91,126,126,0,3.830078125,-3.830078125,-3.830078125,1,154,False
+,35,92,35,92,127,127,0,3.833984375,-3.833984375,-3.833984375,1,153,False
+,35,93,35,93,128,128,0,4.0078125,-4.0078125,-4.0078125,1,142,False
+,35,94,35,94,129,129,0,4.32421875,-4.32421875,-4.32421875,1,143,False
+,35,95,35,95,130,130,0,4.9375,-4.9375,-4.9375,1,142,False
+,35,96,35,96,131,131,0,4.078125,-4.078125,-4.078125,1,137,False
+,35,97,35,97,132,132,0,3.638671875,-3.638671875,-3.638671875,1,122,False
+,35,98,35,98,133,133,1,3.07421875,-3.07421875,-3.07421875,1,143,False
+,35,99,35,99,134,134,0,3.66796875,-3.66796875,-3.66796875,1,154,False
+,36,10,36,10,46,46,1,0.75048828125,-0.75048828125,-0.75048828125,1,46,True
+,36,11,36,11,47,47,1,2.5234375,-2.5234375,-2.5234375,1,55,False
+,36,12,36,12,48,48,7,1.3857421875,-1.3857421875,-1.3857421875,1,60,False
+,36,13,36,13,49,49,0,2.416015625,-2.416015625,-2.416015625,1,55,False
+,36,14,36,14,50,50,2,1.4462890625,-1.4462890625,-1.4462890625,1,50,True
+,36,15,36,15,51,51,2,1.7861328125,-1.7861328125,-1.7861328125,1,57,False
+,36,16,36,16,52,52,8,1.4541015625,-1.4541015625,-1.4541015625,1,56,False
+,36,17,36,17,53,53,2,2.287109375,-2.287109375,-2.287109375,1,55,False
+,36,18,36,18,54,54,3,1.046875,-1.046875,-1.046875,1,54,True
+,36,19,36,19,55,55,1,2.34765625,-2.34765625,-2.34765625,1,55,True
+,36,20,36,20,56,56,1,0.67138671875,-0.67138671875,-0.67138671875,1,56,True
+,36,21,36,21,57,57,1,1.1181640625,-1.1181640625,-1.1181640625,1,57,True
+,36,22,36,22,58,58,1,1.9462890625,-1.9462890625,-1.9462890625,1,62,False
+,36,23,36,23,59,59,1,2.626953125,-2.626953125,-2.626953125,1,61,False
+,36,24,36,24,60,60,9,1.09375,-1.09375,-1.09375,1,60,True
+,36,25,36,25,61,61,3,1.693359375,-1.693359375,-1.693359375,1,61,True
+,36,26,36,26,62,62,0,1.4912109375,-1.4912109375,-1.4912109375,1,62,True
+,36,27,36,27,63,63,3,1.337890625,-1.337890625,-1.337890625,1,63,True
+,36,28,36,28,64,64,2,2.677734375,-2.677734375,-2.677734375,1,68,False
+,36,29,36,29,65,65,1,2.6484375,-2.6484375,-2.6484375,1,73,False
+,36,30,36,30,66,66,0,0.798828125,-0.798828125,-0.798828125,1,66,True
+,36,31,36,31,67,67,0,2.748046875,-2.748046875,-2.748046875,1,77,False
+,36,32,36,32,68,68,6,2.50390625,-2.50390625,-2.50390625,1,76,False
+,36,33,36,33,69,69,0,3.19140625,-3.19140625,-3.19140625,1,81,False
+,36,34,36,34,70,70,3,4.296875,-4.296875,-4.296875,1,77,False
+,36,35,36,35,71,71,0,3.59765625,-3.59765625,-3.59765625,1,77,False
+,36,36,36,36,72,72,21,2.5546875,-2.5546875,-2.5546875,1,108,False
+,36,37,36,37,73,73,1,4.5234375,-4.5234375,-4.5234375,1,91,False
+,36,38,36,38,74,74,2,5.1640625,-5.1640625,-5.1640625,1,95,False
+,36,39,36,39,75,75,1,4.19921875,-4.19921875,-4.19921875,1,93,False
+,36,40,36,40,76,76,1,3.853515625,-3.853515625,-3.853515625,1,92,False
+,36,41,36,41,77,77,0,3.474609375,-3.474609375,-3.474609375,1,91,False
+,36,42,36,42,78,78,2,2.30859375,-2.30859375,-2.30859375,1,78,True
+,36,43,36,43,79,79,3,3.8515625,-3.8515625,-3.8515625,1,95,False
+,36,44,36,44,80,80,1,3.796875,-3.796875,-3.796875,1,92,False
+,36,45,36,45,81,81,2,2.48046875,-2.48046875,-2.48046875,1,93,False
+,36,46,36,46,82,82,1,2.87109375,-2.87109375,-2.87109375,1,92,False
+,36,47,36,47,83,83,0,3.341796875,-3.341796875,-3.341796875,1,95,False
+,36,48,36,48,84,84,8,2.388671875,-2.388671875,-2.388671875,1,96,False
+,36,49,36,49,85,85,3,2.92578125,-2.92578125,-2.92578125,1,91,False
+,36,50,36,50,86,86,1,1.876953125,-1.876953125,-1.876953125,1,86,True
+,36,51,36,51,87,87,1,3.30078125,-3.30078125,-3.30078125,1,93,False
+,36,52,36,52,88,88,2,2.9765625,-2.9765625,-2.9765625,1,92,False
+,36,53,36,53,89,89,0,3.279296875,-3.279296875,-3.279296875,1,97,False
+,36,54,36,54,90,90,3,2.90625,-2.90625,-2.90625,1,102,False
+,36,55,36,55,91,91,0,2.490234375,-2.490234375,-2.490234375,1,101,False
+,36,56,36,56,92,92,0,2.447265625,-2.447265625,-2.447265625,1,92,True
+,36,57,36,57,93,93,1,2.77734375,-2.77734375,-2.77734375,1,105,False
+,36,58,36,58,94,94,1,2.603515625,-2.603515625,-2.603515625,1,106,False
+,36,59,36,59,95,95,0,2.791015625,-2.791015625,-2.791015625,1,107,False
+,36,60,36,60,96,96,2,1.3720703125,-1.3720703125,-1.3720703125,1,96,True
+,36,61,36,61,97,97,0,2.140625,-2.140625,-2.140625,1,97,True
+,36,62,36,62,98,98,1,2.439453125,-2.439453125,-2.439453125,1,94,False
+,36,63,36,63,99,99,8,2.259765625,-2.259765625,-2.259765625,1,93,False
+,36,64,36,64,100,100,24,2.533203125,-2.533203125,-2.533203125,1,92,False
+,36,65,36,65,101,101,0,2.435546875,-2.435546875,-2.435546875,1,101,True
+,36,66,36,66,102,102,2,2.490234375,-2.490234375,-2.490234375,1,126,False
+,36,67,36,67,103,103,0,3.35546875,-3.35546875,-3.35546875,1,107,False
+,36,68,36,68,104,104,0,4.12109375,-4.12109375,-4.12109375,1,136,False
+,36,69,36,69,105,105,0,2.951171875,-2.951171875,-2.951171875,1,111,False
+,36,70,36,70,106,106,0,1.5166015625,-1.5166015625,-1.5166015625,1,106,True
+,36,71,36,71,107,107,0,2.203125,-2.203125,-2.203125,1,121,False
+,36,72,36,72,108,108,0,2.3125,-2.3125,-2.3125,1,108,True
+,36,73,36,73,109,109,0,3.2265625,-3.2265625,-3.2265625,1,121,False
+,36,74,36,74,110,110,0,2.939453125,-2.939453125,-2.939453125,1,122,False
+,36,75,36,75,111,111,0,1.3388671875,-1.3388671875,-1.3388671875,1,111,True
+,36,76,36,76,112,112,0,3.169921875,-3.169921875,-3.169921875,1,121,False
+,36,77,36,77,113,113,0,3.04296875,-3.04296875,-3.04296875,1,121,False
+,36,78,36,78,114,114,0,2.431640625,-2.431640625,-2.431640625,1,126,False
+,36,79,36,79,115,115,0,4.13671875,-4.13671875,-4.13671875,1,127,False
+,36,80,36,80,116,116,1,2.220703125,-2.220703125,-2.220703125,1,116,True
+,36,81,36,81,117,117,2,2.251953125,-2.251953125,-2.251953125,1,111,False
+,36,82,36,82,118,118,0,3.654296875,-3.654296875,-3.654296875,1,122,False
+,36,83,36,83,119,119,0,3.83203125,-3.83203125,-3.83203125,1,143,False
+,36,84,36,84,120,120,8,3.568359375,-3.568359375,-3.568359375,1,126,False
+,36,85,36,85,121,121,0,2.845703125,-2.845703125,-2.845703125,1,137,False
+,36,86,36,86,122,122,0,4.09375,-4.09375,-4.09375,1,137,False
+,36,87,36,87,123,123,0,3.248046875,-3.248046875,-3.248046875,1,135,False
+,36,88,36,88,124,124,0,2.962890625,-2.962890625,-2.962890625,1,136,False
+,36,89,36,89,125,125,0,4.75,-4.75,-4.75,1,157,False
+,36,90,36,90,126,126,1,3.173828125,-3.173828125,-3.173828125,1,162,False
+,36,91,36,91,127,127,0,4.2421875,-4.2421875,-4.2421875,1,161,False
+,36,92,36,92,128,128,0,5.5859375,-5.5859375,-5.5859375,1,172,False
+,36,93,36,93,129,129,0,3.55859375,-3.55859375,-3.55859375,1,153,False
+,36,94,36,94,130,130,1,4.05078125,-4.05078125,-4.05078125,1,142,False
+,36,95,36,95,131,131,0,3.642578125,-3.642578125,-3.642578125,1,137,False
+,36,96,36,96,132,132,0,3.703125,-3.703125,-3.703125,1,144,False
+,36,97,36,97,133,133,0,3.76171875,-3.76171875,-3.76171875,1,137,False
+,36,98,36,98,134,134,0,3.7734375,-3.7734375,-3.7734375,1,142,False
+,36,99,36,99,135,135,0,3.9921875,-3.9921875,-3.9921875,1,153,False
+,37,10,37,10,47,47,1,1.998046875,-1.998046875,-1.998046875,1,47,True
+,37,11,37,11,48,48,4,2.65234375,-2.65234375,-2.65234375,1,56,False
+,37,12,37,12,49,49,4,2.748046875,-2.748046875,-2.748046875,1,55,False
+,37,13,37,13,50,50,2,2.34765625,-2.34765625,-2.34765625,1,56,False
+,37,14,37,14,51,51,0,2.68359375,-2.68359375,-2.68359375,1,57,False
+,37,15,37,15,52,52,1,2.060546875,-2.060546875,-2.060546875,1,56,False
+,37,16,37,16,53,53,1,2.498046875,-2.498046875,-2.498046875,1,55,False
+,37,17,37,17,54,54,2,2.658203125,-2.658203125,-2.658203125,1,56,False
+,37,18,37,18,55,55,1,2.087890625,-2.087890625,-2.087890625,1,55,True
+,37,19,37,19,56,56,0,2.22265625,-2.22265625,-2.22265625,1,56,True
+,37,20,37,20,57,57,2,1.8984375,-1.8984375,-1.8984375,1,57,True
+,37,21,37,21,58,58,0,2.2578125,-2.2578125,-2.2578125,1,56,False
+,37,22,37,22,59,59,0,2.66015625,-2.66015625,-2.66015625,1,55,False
+,37,23,37,23,60,60,0,2.564453125,-2.564453125,-2.564453125,1,56,False
+,37,24,37,24,61,61,3,2.4453125,-2.4453125,-2.4453125,1,65,False
+,37,25,37,25,62,62,0,2.3828125,-2.3828125,-2.3828125,1,66,False
+,37,26,37,26,63,63,0,2.763671875,-2.763671875,-2.763671875,1,65,False
+,37,27,37,27,64,64,1,2.685546875,-2.685546875,-2.685546875,1,68,False
+,37,28,37,28,65,65,2,2.4375,-2.4375,-2.4375,1,65,True
+,37,29,37,29,66,66,1,2.3828125,-2.3828125,-2.3828125,1,68,False
+,37,30,37,30,67,67,1,2.109375,-2.109375,-2.109375,1,67,True
+,37,31,37,31,68,68,0,2.87890625,-2.87890625,-2.87890625,1,74,False
+,37,32,37,32,69,69,2,3.021484375,-3.021484375,-3.021484375,1,77,False
+,37,33,37,33,70,70,0,3.2109375,-3.2109375,-3.2109375,1,76,False
+,37,34,37,34,71,71,1,4.14453125,-4.14453125,-4.14453125,1,77,False
+,37,35,37,35,72,72,1,3.689453125,-3.689453125,-3.689453125,1,76,False
+,37,36,37,36,73,73,1,4.296875,-4.296875,-4.296875,1,91,False
+,37,37,37,37,74,74,1,1.20703125,-1.20703125,-1.20703125,1,74,True
+,37,38,37,38,75,75,2,4.78515625,-4.78515625,-4.78515625,1,88,False
+,37,39,37,39,76,76,0,3.982421875,-3.982421875,-3.982421875,1,94,False
+,37,40,37,40,77,77,0,3.55859375,-3.55859375,-3.55859375,1,91,False
+,37,41,37,41,78,78,0,3.939453125,-3.939453125,-3.939453125,1,88,False
+,37,42,37,42,79,79,1,3.66796875,-3.66796875,-3.66796875,1,91,False
+,37,43,37,43,80,80,0,3.322265625,-3.322265625,-3.322265625,1,88,False
+,37,44,37,44,81,81,0,3.67578125,-3.67578125,-3.67578125,1,91,False
+,37,45,37,45,82,82,0,2.728515625,-2.728515625,-2.728515625,1,82,True
+,37,46,37,46,83,83,0,3.072265625,-3.072265625,-3.072265625,1,77,False
+,37,47,37,47,84,84,0,3.43359375,-3.43359375,-3.43359375,1,92,False
+,37,48,37,48,85,85,2,3.04296875,-3.04296875,-3.04296875,1,77,False
+,37,49,37,49,86,86,2,2.8984375,-2.8984375,-2.8984375,1,82,False
+,37,50,37,50,87,87,0,3.423828125,-3.423828125,-3.423828125,1,97,False
+,37,51,37,51,88,88,0,2.935546875,-2.935546875,-2.935546875,1,94,False
+,37,52,37,52,89,89,0,3.21484375,-3.21484375,-3.21484375,1,91,False
+,37,53,37,53,90,90,0,3.24609375,-3.24609375,-3.24609375,1,94,False
+,37,54,37,54,91,91,0,2.96484375,-2.96484375,-2.96484375,1,95,False
+,37,55,37,55,92,92,0,2.576171875,-2.576171875,-2.576171875,1,94,False
+,37,56,37,56,93,93,0,3.08984375,-3.08984375,-3.08984375,1,95,False
+,37,57,37,57,94,94,0,2.833984375,-2.833984375,-2.833984375,1,94,True
+,37,58,37,58,95,95,0,2.990234375,-2.990234375,-2.990234375,1,95,True
+,37,59,37,59,96,96,0,3.244140625,-3.244140625,-3.244140625,1,94,False
+,37,60,37,60,97,97,0,2.400390625,-2.400390625,-2.400390625,1,97,True
+,37,61,37,61,98,98,0,2.8515625,-2.8515625,-2.8515625,1,94,False
+,37,62,37,62,99,99,1,2.939453125,-2.939453125,-2.939453125,1,95,False
+,37,63,37,63,100,100,0,2.94921875,-2.94921875,-2.94921875,1,94,False
+,37,64,37,64,101,101,0,3.453125,-3.453125,-3.453125,1,97,False
+,37,65,37,65,102,102,0,3.10546875,-3.10546875,-3.10546875,1,98,False
+,37,66,37,66,103,103,0,3.40234375,-3.40234375,-3.40234375,1,107,False
+,37,67,37,67,104,104,0,3.251953125,-3.251953125,-3.251953125,1,110,False
+,37,68,37,68,105,105,0,3.7421875,-3.7421875,-3.7421875,1,121,False
+,37,69,37,69,106,106,0,3.046875,-3.046875,-3.046875,1,122,False
+,37,70,37,70,107,107,0,2.197265625,-2.197265625,-2.197265625,1,107,True
+,37,71,37,71,108,108,0,3.314453125,-3.314453125,-3.314453125,1,122,False
+,37,72,37,72,109,109,0,3.669921875,-3.669921875,-3.669921875,1,121,False
+,37,73,37,73,110,110,1,2.830078125,-2.830078125,-2.830078125,1,110,True
+,37,74,37,74,111,111,0,3.052734375,-3.052734375,-3.052734375,1,121,False
+,37,75,37,75,112,112,0,2.416015625,-2.416015625,-2.416015625,1,122,False
+,37,76,37,76,113,113,0,3.482421875,-3.482421875,-3.482421875,1,121,False
+,37,77,37,77,114,114,0,3.5234375,-3.5234375,-3.5234375,1,122,False
+,37,78,37,78,115,115,0,3.763671875,-3.763671875,-3.763671875,1,122,False
+,37,79,37,79,116,116,0,4.30859375,-4.30859375,-4.30859375,1,122,False
+,37,80,37,80,117,117,0,3.08203125,-3.08203125,-3.08203125,1,107,False
+,37,81,37,81,118,118,0,3.513671875,-3.513671875,-3.513671875,1,122,False
+,37,82,37,82,119,119,0,3.67578125,-3.67578125,-3.67578125,1,121,False
+,37,83,37,83,120,120,0,4.2265625,-4.2265625,-4.2265625,1,140,False
+,37,84,37,84,121,121,0,3.201171875,-3.201171875,-3.201171875,1,127,False
+,37,85,37,85,122,122,0,3.01171875,-3.01171875,-3.01171875,1,122,True
+,37,86,37,86,123,123,0,4.65625,-4.65625,-4.65625,1,157,False
+,37,87,37,87,124,124,0,3.529296875,-3.529296875,-3.529296875,1,154,False
+,37,88,37,88,125,125,0,3.45703125,-3.45703125,-3.45703125,1,127,False
+,37,89,37,89,126,126,0,4.26171875,-4.26171875,-4.26171875,1,154,False
+,37,90,37,90,127,127,0,4.078125,-4.078125,-4.078125,1,157,False
+,37,91,37,91,128,128,0,4.6484375,-4.6484375,-4.6484375,1,154,False
+,37,92,37,92,129,129,0,4.62109375,-4.62109375,-4.62109375,1,155,False
+,37,93,37,93,130,130,0,3.4921875,-3.4921875,-3.4921875,1,122,False
+,37,94,37,94,131,131,0,4.30859375,-4.30859375,-4.30859375,1,153,False
+,37,95,37,95,132,132,0,3.5625,-3.5625,-3.5625,1,142,False
+,37,96,37,96,133,133,0,3.587890625,-3.587890625,-3.587890625,1,137,False
+,37,97,37,97,134,134,0,4.00390625,-4.00390625,-4.00390625,1,122,False
+,37,98,37,98,135,135,0,4.546875,-4.546875,-4.546875,1,137,False
+,37,99,37,99,136,136,0,3.7734375,-3.7734375,-3.7734375,1,122,False
+,38,10,38,10,48,48,3,1.7724609375,-1.7724609375,-1.7724609375,1,48,True
+,38,11,38,11,49,49,2,2.263671875,-2.263671875,-2.263671875,1,55,False
+,38,12,38,12,50,50,0,2.037109375,-2.037109375,-2.037109375,1,58,False
+,38,13,38,13,51,51,0,2.943359375,-2.943359375,-2.943359375,1,57,False
+,38,14,38,14,52,52,2,2.560546875,-2.560546875,-2.560546875,1,56,False
+,38,15,38,15,53,53,0,2.619140625,-2.619140625,-2.619140625,1,57,False
+,38,16,38,16,54,54,1,2.380859375,-2.380859375,-2.380859375,1,58,False
+,38,17,38,17,55,55,2,2.5703125,-2.5703125,-2.5703125,1,57,False
+,38,18,38,18,56,56,0,2.107421875,-2.107421875,-2.107421875,1,56,True
+,38,19,38,19,57,57,2,2.810546875,-2.810546875,-2.810546875,1,67,False
+,38,20,38,20,58,58,3,1.7734375,-1.7734375,-1.7734375,1,58,True
+,38,21,38,21,59,59,0,2.625,-2.625,-2.625,1,55,False
+,38,22,38,22,60,60,0,2.779296875,-2.779296875,-2.779296875,1,56,False
+,38,23,38,23,61,61,1,2.501953125,-2.501953125,-2.501953125,1,57,False
+,38,24,38,24,62,62,2,2.333984375,-2.333984375,-2.333984375,1,68,False
+,38,25,38,25,63,63,3,2.56640625,-2.56640625,-2.56640625,1,67,False
+,38,26,38,26,64,64,1,2.7890625,-2.7890625,-2.7890625,1,66,False
+,38,27,38,27,65,65,0,2.849609375,-2.849609375,-2.849609375,1,67,False
+,38,28,38,28,66,66,1,2.3828125,-2.3828125,-2.3828125,1,68,False
+,38,29,38,29,67,67,0,2.60546875,-2.60546875,-2.60546875,1,73,False
+,38,30,38,30,68,68,1,1.7705078125,-1.7705078125,-1.7705078125,1,68,True
+,38,31,38,31,69,69,2,2.876953125,-2.876953125,-2.876953125,1,77,False
+,38,32,38,32,70,70,3,2.578125,-2.578125,-2.578125,1,78,False
+,38,33,38,33,71,71,0,3.2109375,-3.2109375,-3.2109375,1,77,False
+,38,34,38,34,72,72,1,4.015625,-4.015625,-4.015625,1,76,False
+,38,35,38,35,73,73,1,3.05078125,-3.05078125,-3.05078125,1,77,False
+,38,36,38,36,74,74,1,4.75390625,-4.75390625,-4.75390625,1,77,False
+,38,37,38,37,75,75,0,4.0703125,-4.0703125,-4.0703125,1,95,False
+,38,38,38,38,76,76,1,2.01171875,-2.01171875,-2.01171875,1,76,True
+,38,39,38,39,77,77,1,3.380859375,-3.380859375,-3.380859375,1,95,False
+,38,40,38,40,78,78,0,3.46484375,-3.46484375,-3.46484375,1,97,False
+,38,41,38,41,79,79,0,3.814453125,-3.814453125,-3.814453125,1,95,False
+,38,42,38,42,80,80,1,2.955078125,-2.955078125,-2.955078125,1,88,False
+,38,43,38,43,81,81,0,3.529296875,-3.529296875,-3.529296875,1,95,False
+,38,44,38,44,82,82,0,3.51171875,-3.51171875,-3.51171875,1,94,False
+,38,45,38,45,83,83,0,3.001953125,-3.001953125,-3.001953125,1,97,False
+,38,46,38,46,84,84,0,3.677734375,-3.677734375,-3.677734375,1,92,False
+,38,47,38,47,85,85,0,3.126953125,-3.126953125,-3.126953125,1,95,False
+,38,48,38,48,86,86,2,2.966796875,-2.966796875,-2.966796875,1,82,False
+,38,49,38,49,87,87,0,3.515625,-3.515625,-3.515625,1,95,False
+,38,50,38,50,88,88,1,2.4921875,-2.4921875,-2.4921875,1,92,False
+,38,51,38,51,89,89,0,3.158203125,-3.158203125,-3.158203125,1,95,False
+,38,52,38,52,90,90,0,3.56640625,-3.56640625,-3.56640625,1,92,False
+,38,53,38,53,91,91,3,2.994140625,-2.994140625,-2.994140625,1,95,False
+,38,54,38,54,92,92,1,2.787109375,-2.787109375,-2.787109375,1,94,False
+,38,55,38,55,93,93,0,2.888671875,-2.888671875,-2.888671875,1,97,False
+,38,56,38,56,94,94,0,2.92578125,-2.92578125,-2.92578125,1,102,False
+,38,57,38,57,95,95,0,2.94140625,-2.94140625,-2.94140625,1,95,True
+,38,58,38,58,96,96,0,3.68359375,-3.68359375,-3.68359375,1,122,False
+,38,59,38,59,97,97,0,3.41015625,-3.41015625,-3.41015625,1,107,False
+,38,60,38,60,98,98,0,2.294921875,-2.294921875,-2.294921875,1,98,True
+,38,61,38,61,99,99,0,2.951171875,-2.951171875,-2.951171875,1,95,False
+,38,62,38,62,100,100,1,3.015625,-3.015625,-3.015625,1,94,False
+,38,63,38,63,101,101,0,3.06640625,-3.06640625,-3.06640625,1,95,False
+,38,64,38,64,102,102,0,2.85546875,-2.85546875,-2.85546875,1,98,False
+,38,65,38,65,103,103,0,3.130859375,-3.130859375,-3.130859375,1,107,False
+,38,66,38,66,104,104,1,3.388671875,-3.388671875,-3.388671875,1,122,False
+,38,67,38,67,105,105,0,3.54296875,-3.54296875,-3.54296875,1,121,False
+,38,68,38,68,106,106,0,3.421875,-3.421875,-3.421875,1,122,False
+,38,69,38,69,107,107,0,3.197265625,-3.197265625,-3.197265625,1,121,False
+,38,70,38,70,108,108,0,3.4453125,-3.4453125,-3.4453125,1,122,False
+,38,71,38,71,109,109,0,3.8359375,-3.8359375,-3.8359375,1,121,False
+,38,72,38,72,110,110,0,3.197265625,-3.197265625,-3.197265625,1,122,False
+,38,73,38,73,111,111,0,2.84375,-2.84375,-2.84375,1,121,False
+,38,74,38,74,112,112,0,3.3828125,-3.3828125,-3.3828125,1,122,False
+,38,75,38,75,113,113,0,2.458984375,-2.458984375,-2.458984375,1,127,False
+,38,76,38,76,114,114,0,4.22265625,-4.22265625,-4.22265625,1,122,False
+,38,77,38,77,115,115,1,3.61328125,-3.61328125,-3.61328125,1,121,False
+,38,78,38,78,116,116,0,4.05859375,-4.05859375,-4.05859375,1,122,False
+,38,79,38,79,117,117,0,4.41796875,-4.41796875,-4.41796875,1,127,False
+,38,80,38,80,118,118,0,3.015625,-3.015625,-3.015625,1,122,False
+,38,81,38,81,119,119,0,3.314453125,-3.314453125,-3.314453125,1,133,False
+,38,82,38,82,120,120,0,4.30859375,-4.30859375,-4.30859375,1,122,False
+,38,83,38,83,121,121,2,4.0078125,-4.0078125,-4.0078125,1,143,False
+,38,84,38,84,122,122,0,3.134765625,-3.134765625,-3.134765625,1,142,False
+,38,85,38,85,123,123,1,4.046875,-4.046875,-4.046875,1,143,False
+,38,86,38,86,124,124,0,5.40625,-5.40625,-5.40625,1,154,False
+,38,87,38,87,125,125,0,4.03515625,-4.03515625,-4.03515625,1,133,False
+,38,88,38,88,126,126,0,3.7265625,-3.7265625,-3.7265625,1,142,False
+,38,89,38,89,127,127,0,4.0859375,-4.0859375,-4.0859375,1,153,False
+,38,90,38,90,128,128,0,4.93359375,-4.93359375,-4.93359375,1,158,False
+,38,91,38,91,129,129,0,4.4375,-4.4375,-4.4375,1,143,False
+,38,92,38,92,130,130,0,4.75,-4.75,-4.75,1,154,False
+,38,93,38,93,131,131,0,3.783203125,-3.783203125,-3.783203125,1,133,False
+,38,94,38,94,132,132,0,3.97265625,-3.97265625,-3.97265625,1,142,False
+,38,95,38,95,133,133,0,3.18359375,-3.18359375,-3.18359375,1,143,False
+,38,96,38,96,134,134,0,4.0234375,-4.0234375,-4.0234375,1,142,False
+,38,97,38,97,135,135,0,3.720703125,-3.720703125,-3.720703125,1,143,False
+,38,98,38,98,136,136,0,3.982421875,-3.982421875,-3.982421875,1,152,False
+,38,99,38,99,137,137,0,3.416015625,-3.416015625,-3.416015625,1,143,False
+,39,10,39,10,49,49,1,2.21875,-2.21875,-2.21875,1,49,True
+,39,11,39,11,50,50,0,2.357421875,-2.357421875,-2.357421875,1,56,False
+,39,12,39,12,51,51,3,2.6953125,-2.6953125,-2.6953125,1,57,False
+,39,13,39,13,52,52,1,2.2734375,-2.2734375,-2.2734375,1,58,False
+,39,14,39,14,53,53,1,2.97265625,-2.97265625,-2.97265625,1,55,False
+,39,15,39,15,54,54,5,2.212890625,-2.212890625,-2.212890625,1,66,False
+,39,16,39,16,55,55,2,2.541015625,-2.541015625,-2.541015625,1,61,False
+,39,17,39,17,56,56,2,2.603515625,-2.603515625,-2.603515625,1,68,False
+,39,18,39,18,57,57,1,2.27734375,-2.27734375,-2.27734375,1,63,False
+,39,19,39,19,58,58,0,2.8046875,-2.8046875,-2.8046875,1,68,False
+,39,20,39,20,59,59,0,2.36328125,-2.36328125,-2.36328125,1,59,True
+,39,21,39,21,60,60,1,1.76953125,-1.76953125,-1.76953125,1,60,True
+,39,22,39,22,61,61,0,2.5234375,-2.5234375,-2.5234375,1,61,True
+,39,23,39,23,62,62,0,2.646484375,-2.646484375,-2.646484375,1,58,False
+,39,24,39,24,63,63,0,2.37890625,-2.37890625,-2.37890625,1,63,True
+,39,25,39,25,64,64,8,2.349609375,-2.349609375,-2.349609375,1,68,False
+,39,26,39,26,65,65,2,3.0625,-3.0625,-3.0625,1,73,False
+,39,27,39,27,66,66,1,2.0078125,-2.0078125,-2.0078125,1,72,False
+,39,28,39,28,67,67,0,2.71484375,-2.71484375,-2.71484375,1,77,False
+,39,29,39,29,68,68,0,2.3046875,-2.3046875,-2.3046875,1,74,False
+,39,30,39,30,69,69,1,1.744140625,-1.744140625,-1.744140625,1,69,True
+,39,31,39,31,70,70,0,2.646484375,-2.646484375,-2.646484375,1,76,False
+,39,32,39,32,71,71,0,3.015625,-3.015625,-3.015625,1,77,False
+,39,33,39,33,72,72,0,3.0703125,-3.0703125,-3.0703125,1,78,False
+,39,34,39,34,73,73,3,4.0234375,-4.0234375,-4.0234375,1,82,False
+,39,35,39,35,74,74,0,2.9140625,-2.9140625,-2.9140625,1,82,False
+,39,36,39,36,75,75,3,3.822265625,-3.822265625,-3.822265625,1,93,False
+,39,37,39,37,76,76,0,3.626953125,-3.626953125,-3.626953125,1,88,False
+,39,38,39,38,77,77,0,3.501953125,-3.501953125,-3.501953125,1,88,False
+,39,39,39,39,78,78,4,0.35888671875,-0.35888671875,-0.35888671875,1,78,True
+,39,40,39,40,79,79,0,3.72265625,-3.72265625,-3.72265625,1,88,False
+,39,41,39,41,80,80,0,3.685546875,-3.685546875,-3.685546875,1,88,False
+,39,42,39,42,81,81,0,3.359375,-3.359375,-3.359375,1,93,False
+,39,43,39,43,82,82,1,3.052734375,-3.052734375,-3.052734375,1,92,False
+,39,44,39,44,83,83,0,3.583984375,-3.583984375,-3.583984375,1,94,False
+,39,45,39,45,84,84,0,2.986328125,-2.986328125,-2.986328125,1,96,False
+,39,46,39,46,85,85,0,3.595703125,-3.595703125,-3.595703125,1,95,False
+,39,47,39,47,86,86,0,3.16796875,-3.16796875,-3.16796875,1,94,False
+,39,48,39,48,87,87,0,3.26171875,-3.26171875,-3.26171875,1,93,False
+,39,49,39,49,88,88,1,2.537109375,-2.537109375,-2.537109375,1,94,False
+,39,50,39,50,89,89,0,2.8984375,-2.8984375,-2.8984375,1,94,False
+,39,51,39,51,90,90,1,3.05078125,-3.05078125,-3.05078125,1,96,False
+,39,52,39,52,91,91,0,3.1953125,-3.1953125,-3.1953125,1,92,False
+,39,53,39,53,92,92,0,2.66015625,-2.66015625,-2.66015625,1,94,False
+,39,54,39,54,93,93,1,2.587890625,-2.587890625,-2.587890625,1,93,True
+,39,55,39,55,94,94,0,2.22265625,-2.22265625,-2.22265625,1,94,True
+,39,56,39,56,95,95,0,2.962890625,-2.962890625,-2.962890625,1,95,True
+,39,57,39,57,96,96,0,2.818359375,-2.818359375,-2.818359375,1,96,True
+,39,58,39,58,97,97,0,3.392578125,-3.392578125,-3.392578125,1,107,False
+,39,59,39,59,98,98,0,3.01171875,-3.01171875,-3.01171875,1,94,False
+,39,60,39,60,99,99,1,2.4921875,-2.4921875,-2.4921875,1,99,True
+,39,61,39,61,100,100,3,3.095703125,-3.095703125,-3.095703125,1,94,False
+,39,62,39,62,101,101,1,3.25390625,-3.25390625,-3.25390625,1,95,False
+,39,63,39,63,102,102,0,2.87890625,-2.87890625,-2.87890625,1,96,False
+,39,64,39,64,103,103,3,3.046875,-3.046875,-3.046875,1,95,False
+,39,65,39,65,104,104,0,2.90234375,-2.90234375,-2.90234375,1,94,False
+,39,66,39,66,105,105,0,3.12890625,-3.12890625,-3.12890625,1,111,False
+,39,67,39,67,106,106,0,3.1328125,-3.1328125,-3.1328125,1,112,False
+,39,68,39,68,107,107,0,3.654296875,-3.654296875,-3.654296875,1,122,False
+,39,69,39,69,108,108,0,2.76171875,-2.76171875,-2.76171875,1,108,True
+,39,70,39,70,109,109,0,3.34375,-3.34375,-3.34375,1,107,False
+,39,71,39,71,110,110,0,3.154296875,-3.154296875,-3.154296875,1,112,False
+,39,72,39,72,111,111,0,2.40625,-2.40625,-2.40625,1,117,False
+,39,73,39,73,112,112,0,2.736328125,-2.736328125,-2.736328125,1,122,False
+,39,74,39,74,113,113,0,3.419921875,-3.419921875,-3.419921875,1,122,False
+,39,75,39,75,114,114,0,1.916015625,-1.916015625,-1.916015625,1,114,True
+,39,76,39,76,115,115,0,3.5078125,-3.5078125,-3.5078125,1,122,False
+,39,77,39,77,116,116,0,3.45703125,-3.45703125,-3.45703125,1,122,False
+,39,78,39,78,117,117,0,2.876953125,-2.876953125,-2.876953125,1,123,False
+,39,79,39,79,118,118,0,3.439453125,-3.439453125,-3.439453125,1,124,False
+,39,80,39,80,119,119,0,2.865234375,-2.865234375,-2.865234375,1,119,True
+,39,81,39,81,120,120,0,3.767578125,-3.767578125,-3.767578125,1,126,False
+,39,82,39,82,121,121,0,3.298828125,-3.298828125,-3.298828125,1,122,False
+,39,83,39,83,122,122,0,3.357421875,-3.357421875,-3.357421875,1,142,False
+,39,84,39,84,123,123,0,2.646484375,-2.646484375,-2.646484375,1,123,True
+,39,85,39,85,124,124,0,3.60546875,-3.60546875,-3.60546875,1,142,False
+,39,86,39,86,125,125,0,4.765625,-4.765625,-4.765625,1,143,False
+,39,87,39,87,126,126,0,2.990234375,-2.990234375,-2.990234375,1,144,False
+,39,88,39,88,127,127,0,3.623046875,-3.623046875,-3.623046875,1,143,False
+,39,89,39,89,128,128,0,4.44140625,-4.44140625,-4.44140625,1,154,False
+,39,90,39,90,129,129,0,3.73046875,-3.73046875,-3.73046875,1,153,False
+,39,91,39,91,130,130,0,4.6484375,-4.6484375,-4.6484375,1,154,False
+,39,92,39,92,131,131,0,4.59375,-4.59375,-4.59375,1,143,False
+,39,93,39,93,132,132,1,3.404296875,-3.404296875,-3.404296875,1,144,False
+,39,94,39,94,133,133,0,3.583984375,-3.583984375,-3.583984375,1,143,False
+,39,95,39,95,134,134,1,3.111328125,-3.111328125,-3.111328125,1,142,False
+,39,96,39,96,135,135,0,3.859375,-3.859375,-3.859375,1,144,False
+,39,97,39,97,136,136,0,3.78515625,-3.78515625,-3.78515625,1,122,False
+,39,98,39,98,137,137,1,3.953125,-3.953125,-3.953125,1,143,False
+,39,99,39,99,138,138,0,3.90625,-3.90625,-3.90625,1,144,False
+,40,10,40,10,50,50,23,0.1903076171875,-0.1903076171875,-0.1903076171875,1,50,True
+,40,11,40,11,51,51,2,0.74853515625,-0.74853515625,-0.74853515625,1,51,True
+,40,12,40,12,52,52,5,0.59228515625,-0.59228515625,-0.59228515625,1,52,True
+,40,13,40,13,53,53,2,1.0107421875,-1.0107421875,-1.0107421875,1,53,True
+,40,14,40,14,54,54,2,1.2861328125,-1.2861328125,-1.2861328125,1,54,True
+,40,15,40,15,55,55,10,1.1669921875,-1.1669921875,-1.1669921875,1,55,True
+,40,16,40,16,56,56,3,0.56494140625,-0.56494140625,-0.56494140625,1,56,True
+,40,17,40,17,57,57,1,1.484375,-1.484375,-1.484375,1,57,True
+,40,18,40,18,58,58,4,1.1201171875,-1.1201171875,-1.1201171875,1,58,True
+,40,19,40,19,59,59,0,1.7314453125,-1.7314453125,-1.7314453125,1,59,True
+,40,20,40,20,60,60,20,0.42529296875,-0.42529296875,-0.42529296875,1,60,True
+,40,21,40,21,61,61,0,1.2705078125,-1.2705078125,-1.2705078125,1,61,True
+,40,22,40,22,62,62,0,1.37890625,-1.37890625,-1.37890625,1,62,True
+,40,23,40,23,63,63,1,1.80078125,-1.80078125,-1.80078125,1,53,False
+,40,24,40,24,64,64,1,1.099609375,-1.099609375,-1.099609375,1,64,True
+,40,25,40,25,65,65,9,0.8603515625,-0.8603515625,-0.8603515625,1,65,True
+,40,26,40,26,66,66,0,1.28515625,-1.28515625,-1.28515625,1,66,True
+,40,27,40,27,67,67,2,1.3759765625,-1.3759765625,-1.3759765625,1,67,True
+,40,28,40,28,68,68,1,0.8115234375,-0.8115234375,-0.8115234375,1,68,True
+,40,29,40,29,69,69,1,1.7392578125,-1.7392578125,-1.7392578125,1,69,True
+,40,30,40,30,70,70,19,0.39013671875,-0.39013671875,-0.39013671875,1,70,True
+,40,31,40,31,71,71,0,1.1376953125,-1.1376953125,-1.1376953125,1,71,True
+,40,32,40,32,72,72,0,1.4912109375,-1.4912109375,-1.4912109375,1,72,True
+,40,33,40,33,73,73,3,1.8017578125,-1.8017578125,-1.8017578125,1,77,False
+,40,34,40,34,74,74,0,1.943359375,-1.943359375,-1.943359375,1,74,True
+,40,35,40,35,75,75,12,2.00390625,-2.00390625,-2.00390625,1,77,False
+,40,36,40,36,76,76,2,3.162109375,-3.162109375,-3.162109375,1,77,False
+,40,37,40,37,77,77,1,1.7001953125,-1.7001953125,-1.7001953125,1,77,True
+,40,38,40,38,78,78,2,2.5703125,-2.5703125,-2.5703125,1,77,False
+,40,39,40,39,79,79,0,2.23828125,-2.23828125,-2.23828125,1,89,False
+,40,40,40,40,80,80,32,0.0250244140625,-0.0250244140625,-0.0250244140625,1,80,True
+,40,41,40,41,81,81,3,1.501953125,-1.501953125,-1.501953125,1,91,False
+,40,42,40,42,82,82,2,1.0498046875,-1.0498046875,-1.0498046875,1,82,True
+,40,43,40,43,83,83,0,2.505859375,-2.505859375,-2.505859375,1,77,False
+,40,44,40,44,84,84,2,3.189453125,-3.189453125,-3.189453125,1,88,False
+,40,45,40,45,85,85,14,2.201171875,-2.201171875,-2.201171875,1,95,False
+,40,46,40,46,86,86,0,2.005859375,-2.005859375,-2.005859375,1,86,True
+,40,47,40,47,87,87,0,2.953125,-2.953125,-2.953125,1,77,False
+,40,48,40,48,88,88,0,2.009765625,-2.009765625,-2.009765625,1,88,True
+,40,49,40,49,89,89,0,2.466796875,-2.466796875,-2.466796875,1,89,True
+,40,50,40,50,90,90,20,1.2783203125,-1.2783203125,-1.2783203125,1,90,True
+,40,51,40,51,91,91,1,2.283203125,-2.283203125,-2.283203125,1,91,True
+,40,52,40,52,92,92,0,1.5185546875,-1.5185546875,-1.5185546875,1,92,True
+,40,53,40,53,93,93,0,2.865234375,-2.865234375,-2.865234375,1,83,False
+,40,54,40,54,94,94,0,2.048828125,-2.048828125,-2.048828125,1,94,True
+,40,55,40,55,95,95,3,1.51953125,-1.51953125,-1.51953125,1,95,True
+,40,56,40,56,96,96,1,2.318359375,-2.318359375,-2.318359375,1,96,True
+,40,57,40,57,97,97,0,2.638671875,-2.638671875,-2.638671875,1,107,False
+,40,58,40,58,98,98,0,2.990234375,-2.990234375,-2.990234375,1,122,False
+,40,59,40,59,99,99,0,3.439453125,-3.439453125,-3.439453125,1,119,False
+,40,60,40,60,100,100,11,1.28125,-1.28125,-1.28125,1,100,True
+,40,61,40,61,101,101,0,2.802734375,-2.802734375,-2.802734375,1,121,False
+,40,62,40,62,102,102,1,3.052734375,-3.052734375,-3.052734375,1,92,False
+,40,63,40,63,103,103,0,2.9453125,-2.9453125,-2.9453125,1,107,False
+,40,64,40,64,104,104,0,2.728515625,-2.728515625,-2.728515625,1,96,False
+,40,65,40,65,105,105,4,2.220703125,-2.220703125,-2.220703125,1,95,False
+,40,66,40,66,106,106,0,2.681640625,-2.681640625,-2.681640625,1,106,True
+,40,67,40,67,107,107,0,2.220703125,-2.220703125,-2.220703125,1,107,True
+,40,68,40,68,108,108,0,3.556640625,-3.556640625,-3.556640625,1,128,False
+,40,69,40,69,109,109,0,3.623046875,-3.623046875,-3.623046875,1,121,False
+,40,70,40,70,110,110,4,1.8251953125,-1.8251953125,-1.8251953125,1,110,True
+,40,71,40,71,111,111,0,3.064453125,-3.064453125,-3.064453125,1,121,False
+,40,72,40,72,112,112,1,2.259765625,-2.259765625,-2.259765625,1,112,True
+,40,73,40,73,113,113,0,3.029296875,-3.029296875,-3.029296875,1,121,False
+,40,74,40,74,114,114,0,4.06640625,-4.06640625,-4.06640625,1,121,False
+,40,75,40,75,115,115,0,2.64453125,-2.64453125,-2.64453125,1,121,False
+,40,76,40,76,116,116,0,3.14453125,-3.14453125,-3.14453125,1,121,False
+,40,77,40,77,117,117,0,3.05859375,-3.05859375,-3.05859375,1,121,False
+,40,78,40,78,118,118,0,2.345703125,-2.345703125,-2.345703125,1,118,True
+,40,79,40,79,119,119,0,3.373046875,-3.373046875,-3.373046875,1,127,False
+,40,80,40,80,120,120,2,1.8779296875,-1.8779296875,-1.8779296875,1,120,True
+,40,81,40,81,121,121,0,2.017578125,-2.017578125,-2.017578125,1,121,True
+,40,82,40,82,122,122,0,2.326171875,-2.326171875,-2.326171875,1,122,True
+,40,83,40,83,123,123,0,3.314453125,-3.314453125,-3.314453125,1,143,False
+,40,84,40,84,124,124,0,3.2265625,-3.2265625,-3.2265625,1,148,False
+,40,85,40,85,125,125,0,4.6640625,-4.6640625,-4.6640625,1,143,False
+,40,86,40,86,126,126,1,5.27734375,-5.27734375,-5.27734375,1,161,False
+,40,87,40,87,127,127,0,3.095703125,-3.095703125,-3.095703125,1,137,False
+,40,88,40,88,128,128,0,2.8984375,-2.8984375,-2.8984375,1,148,False
+,40,89,40,89,129,129,0,3.97265625,-3.97265625,-3.97265625,1,163,False
+,40,90,40,90,130,130,3,3.482421875,-3.482421875,-3.482421875,1,170,False
+,40,91,40,91,131,131,0,4.02734375,-4.02734375,-4.02734375,1,161,False
+,40,92,40,92,132,132,0,4.0859375,-4.0859375,-4.0859375,1,152,False
+,40,93,40,93,133,133,0,3.0390625,-3.0390625,-3.0390625,1,163,False
+,40,94,40,94,134,134,0,3.822265625,-3.822265625,-3.822265625,1,148,False
+,40,95,40,95,135,135,2,2.93359375,-2.93359375,-2.93359375,1,145,False
+,40,96,40,96,136,136,0,3.103515625,-3.103515625,-3.103515625,1,144,False
+,40,97,40,97,137,137,0,2.83203125,-2.83203125,-2.83203125,1,137,True
+,40,98,40,98,138,138,0,3.984375,-3.984375,-3.984375,1,148,False
+,40,99,40,99,139,139,0,3.306640625,-3.306640625,-3.306640625,1,143,False
+,41,10,41,10,51,51,3,1.072265625,-1.072265625,-1.072265625,1,51,True
+,41,11,41,11,52,52,0,1.5087890625,-1.5087890625,-1.5087890625,1,52,True
+,41,12,41,12,53,53,2,1.220703125,-1.220703125,-1.220703125,1,53,True
+,41,13,41,13,54,54,1,1.75390625,-1.75390625,-1.75390625,1,54,True
+,41,14,41,14,55,55,1,1.984375,-1.984375,-1.984375,1,57,False
+,41,15,41,15,56,56,2,1.7919921875,-1.7919921875,-1.7919921875,1,56,True
+,41,16,41,16,57,57,0,1.6328125,-1.6328125,-1.6328125,1,57,True
+,41,17,41,17,58,58,0,2.435546875,-2.435546875,-2.435546875,1,66,False
+,41,18,41,18,59,59,0,2.751953125,-2.751953125,-2.751953125,1,65,False
+,41,19,41,19,60,60,0,3.103515625,-3.103515625,-3.103515625,1,66,False
+,41,20,41,20,61,61,1,1.33203125,-1.33203125,-1.33203125,1,61,True
+,41,21,41,21,62,62,0,1.2939453125,-1.2939453125,-1.2939453125,1,62,True
+,41,22,41,22,63,63,2,1.7392578125,-1.7392578125,-1.7392578125,1,63,True
+,41,23,41,23,64,64,0,3.201171875,-3.201171875,-3.201171875,1,62,False
+,41,24,41,24,65,65,1,2.21484375,-2.21484375,-2.21484375,1,65,True
+,41,25,41,25,66,66,0,1.5341796875,-1.5341796875,-1.5341796875,1,66,True
+,41,26,41,26,67,67,0,2.35546875,-2.35546875,-2.35546875,1,67,True
+,41,27,41,27,68,68,0,1.7646484375,-1.7646484375,-1.7646484375,1,68,True
+,41,28,41,28,69,69,0,2.671875,-2.671875,-2.671875,1,67,False
+,41,29,41,29,70,70,0,2.4375,-2.4375,-2.4375,1,74,False
+,41,30,41,30,71,71,2,1.341796875,-1.341796875,-1.341796875,1,71,True
+,41,31,41,31,72,72,1,2.029296875,-2.029296875,-2.029296875,1,74,False
+,41,32,41,32,73,73,0,2.23828125,-2.23828125,-2.23828125,1,73,True
+,41,33,41,33,74,74,0,2.15234375,-2.15234375,-2.15234375,1,74,True
+,41,34,41,34,75,75,0,2.998046875,-2.998046875,-2.998046875,1,77,False
+,41,35,41,35,76,76,0,2.328125,-2.328125,-2.328125,1,78,False
+,41,36,41,36,77,77,2,2.126953125,-2.126953125,-2.126953125,1,77,True
+,41,37,41,37,78,78,0,2.490234375,-2.490234375,-2.490234375,1,82,False
+,41,38,41,38,79,79,1,3.24609375,-3.24609375,-3.24609375,1,77,False
+,41,39,41,39,80,80,0,2.69921875,-2.69921875,-2.69921875,1,88,False
+,41,40,41,40,81,81,0,1.5185546875,-1.5185546875,-1.5185546875,1,81,True
+,41,41,41,41,82,82,3,0.427734375,-0.427734375,-0.427734375,1,82,True
+,41,42,41,42,83,83,1,1.859375,-1.859375,-1.859375,1,83,True
+,41,43,41,43,84,84,5,2.7890625,-2.7890625,-2.7890625,1,88,False
+,41,44,41,44,85,85,1,2.84765625,-2.84765625,-2.84765625,1,91,False
+,41,45,41,45,86,86,1,2.5,-2.5,-2.5,1,86,True
+,41,46,41,46,87,87,0,3.28515625,-3.28515625,-3.28515625,1,91,False
+,41,47,41,47,88,88,0,2.986328125,-2.986328125,-2.986328125,1,92,False
+,41,48,41,48,89,89,0,3.310546875,-3.310546875,-3.310546875,1,77,False
+,41,49,41,49,90,90,0,3.421875,-3.421875,-3.421875,1,82,False
+,41,50,41,50,91,91,2,1.7880859375,-1.7880859375,-1.7880859375,1,91,True
+,41,51,41,51,92,92,1,2.494140625,-2.494140625,-2.494140625,1,92,True
+,41,52,41,52,93,93,0,2.841796875,-2.841796875,-2.841796875,1,91,False
+,41,53,41,53,94,94,0,2.912109375,-2.912109375,-2.912109375,1,92,False
+,41,54,41,54,95,95,0,2.8125,-2.8125,-2.8125,1,95,True
+,41,55,41,55,96,96,0,2.431640625,-2.431640625,-2.431640625,1,96,True
+,41,56,41,56,97,97,1,3.0078125,-3.0078125,-3.0078125,1,91,False
+,41,57,41,57,98,98,0,2.90234375,-2.90234375,-2.90234375,1,94,False
+,41,58,41,58,99,99,2,3.302734375,-3.302734375,-3.302734375,1,95,False
+,41,59,41,59,100,100,1,3.638671875,-3.638671875,-3.638671875,1,94,False
+,41,60,41,60,101,101,0,2.4609375,-2.4609375,-2.4609375,1,91,False
+,41,61,41,61,102,102,0,3.609375,-3.609375,-3.609375,1,91,False
+,41,62,41,62,103,103,0,3.25,-3.25,-3.25,1,91,False
+,41,63,41,63,104,104,0,3.572265625,-3.572265625,-3.572265625,1,92,False
+,41,64,41,64,105,105,1,3.60546875,-3.60546875,-3.60546875,1,95,False
+,41,65,41,65,106,106,0,2.876953125,-2.876953125,-2.876953125,1,96,False
+,41,66,41,66,107,107,0,2.84765625,-2.84765625,-2.84765625,1,121,False
+,41,67,41,67,108,108,0,3.353515625,-3.353515625,-3.353515625,1,106,False
+,41,68,41,68,109,109,0,3.88671875,-3.88671875,-3.88671875,1,121,False
+,41,69,41,69,110,110,0,3.34765625,-3.34765625,-3.34765625,1,122,False
+,41,70,41,70,111,111,0,2.634765625,-2.634765625,-2.634765625,1,121,False
+,41,71,41,71,112,112,0,3.10546875,-3.10546875,-3.10546875,1,122,False
+,41,72,41,72,113,113,0,3.6015625,-3.6015625,-3.6015625,1,121,False
+,41,73,41,73,114,114,0,3.279296875,-3.279296875,-3.279296875,1,122,False
+,41,74,41,74,115,115,0,3.77734375,-3.77734375,-3.77734375,1,121,False
+,41,75,41,75,116,116,0,2.650390625,-2.650390625,-2.650390625,1,122,False
+,41,76,41,76,117,117,0,3.8515625,-3.8515625,-3.8515625,1,121,False
+,41,77,41,77,118,118,0,3.603515625,-3.603515625,-3.603515625,1,122,False
+,41,78,41,78,119,119,0,3.794921875,-3.794921875,-3.794921875,1,121,False
+,41,79,41,79,120,120,0,4.7265625,-4.7265625,-4.7265625,1,142,False
+,41,80,41,80,121,121,0,1.4873046875,-1.4873046875,-1.4873046875,1,121,True
+,41,81,41,81,122,122,0,3.08984375,-3.08984375,-3.08984375,1,142,False
+,41,82,41,82,123,123,0,3.35546875,-3.35546875,-3.35546875,1,121,False
+,41,83,41,83,124,124,0,3.880859375,-3.880859375,-3.880859375,1,142,False
+,41,84,41,84,125,125,0,3.923828125,-3.923828125,-3.923828125,1,143,False
+,41,85,41,85,126,126,0,3.71875,-3.71875,-3.71875,1,142,False
+,41,86,41,86,127,127,0,4.4453125,-4.4453125,-4.4453125,1,161,False
+,41,87,41,87,128,128,0,3.658203125,-3.658203125,-3.658203125,1,148,False
+,41,88,41,88,129,129,1,3.158203125,-3.158203125,-3.158203125,1,121,False
+,41,89,41,89,130,130,0,4.6953125,-4.6953125,-4.6953125,1,144,False
+,41,90,41,90,131,131,0,3.591796875,-3.591796875,-3.591796875,1,161,False
+,41,91,41,91,132,132,0,5.24609375,-5.24609375,-5.24609375,1,172,False
+,41,92,41,92,133,133,0,4.27734375,-4.27734375,-4.27734375,1,141,False
+,41,93,41,93,134,134,0,3.453125,-3.453125,-3.453125,1,142,False
+,41,94,41,94,135,135,0,3.572265625,-3.572265625,-3.572265625,1,143,False
+,41,95,41,95,136,136,0,3.345703125,-3.345703125,-3.345703125,1,142,False
+,41,96,41,96,137,137,0,3.484375,-3.484375,-3.484375,1,143,False
+,41,97,41,97,138,138,0,3.7890625,-3.7890625,-3.7890625,1,122,False
+,41,98,41,98,139,139,0,3.478515625,-3.478515625,-3.478515625,1,141,False
+,41,99,41,99,140,140,0,3.3203125,-3.3203125,-3.3203125,1,142,False
+,42,10,42,10,52,52,2,1.0009765625,-1.0009765625,-1.0009765625,1,52,True
+,42,11,42,11,53,53,2,1.2958984375,-1.2958984375,-1.2958984375,1,53,True
+,42,12,42,12,54,54,4,0.6181640625,-0.6181640625,-0.6181640625,1,54,True
+,42,13,42,13,55,55,0,1.3505859375,-1.3505859375,-1.3505859375,1,55,True
+,42,14,42,14,56,56,4,1.26953125,-1.26953125,-1.26953125,1,56,True
+,42,15,42,15,57,57,3,0.966796875,-0.966796875,-0.966796875,1,57,True
+,42,16,42,16,58,58,1,1.404296875,-1.404296875,-1.404296875,1,58,True
+,42,17,42,17,59,59,0,2.5,-2.5,-2.5,1,61,False
+,42,18,42,18,60,60,2,1.73828125,-1.73828125,-1.73828125,1,66,False
+,42,19,42,19,61,61,0,2.791015625,-2.791015625,-2.791015625,1,67,False
+,42,20,42,20,62,62,1,1.4658203125,-1.4658203125,-1.4658203125,1,62,True
+,42,21,42,21,63,63,2,0.505859375,-0.505859375,-0.505859375,1,63,True
+,42,22,42,22,64,64,1,1.56640625,-1.56640625,-1.56640625,1,64,True
+,42,23,42,23,65,65,8,2.41015625,-2.41015625,-2.41015625,1,61,False
+,42,24,42,24,66,66,3,1.5224609375,-1.5224609375,-1.5224609375,1,66,True
+,42,25,42,25,67,67,2,1.892578125,-1.892578125,-1.892578125,1,67,True
+,42,26,42,26,68,68,1,1.845703125,-1.845703125,-1.845703125,1,68,True
+,42,27,42,27,69,69,3,1.9921875,-1.9921875,-1.9921875,1,63,False
+,42,28,42,28,70,70,2,1.515625,-1.515625,-1.515625,1,70,True
+,42,29,42,29,71,71,0,1.9541015625,-1.9541015625,-1.9541015625,1,71,True
+,42,30,42,30,72,72,3,1.267578125,-1.267578125,-1.267578125,1,72,True
+,42,31,42,31,73,73,1,1.9482421875,-1.9482421875,-1.9482421875,1,77,False
+,42,32,42,32,74,74,1,2.244140625,-2.244140625,-2.244140625,1,70,False
+,42,33,42,33,75,75,0,2.330078125,-2.330078125,-2.330078125,1,77,False
+,42,34,42,34,76,76,4,2.640625,-2.640625,-2.640625,1,77,False
+,42,35,42,35,77,77,0,1.4501953125,-1.4501953125,-1.4501953125,1,77,True
+,42,36,42,36,78,78,6,3.44921875,-3.44921875,-3.44921875,1,77,False
+,42,37,42,37,79,79,0,2.349609375,-2.349609375,-2.349609375,1,77,False
+,42,38,42,38,80,80,0,3.0078125,-3.0078125,-3.0078125,1,77,False
+,42,39,42,39,81,81,0,2.5546875,-2.5546875,-2.5546875,1,77,False
+,42,40,42,40,82,82,0,2.12109375,-2.12109375,-2.12109375,1,82,True
+,42,41,42,41,83,83,0,1.5654296875,-1.5654296875,-1.5654296875,1,83,True
+,42,42,42,42,84,84,9,0.1873779296875,-0.1873779296875,-0.1873779296875,1,84,True
+,42,43,42,43,85,85,2,2.396484375,-2.396484375,-2.396484375,1,85,True
+,42,44,42,44,86,86,0,3.630859375,-3.630859375,-3.630859375,1,91,False
+,42,45,42,45,87,87,2,2.9375,-2.9375,-2.9375,1,91,False
+,42,46,42,46,88,88,0,2.736328125,-2.736328125,-2.736328125,1,92,False
+,42,47,42,47,89,89,0,2.7109375,-2.7109375,-2.7109375,1,91,False
+,42,48,42,48,90,90,3,3.09375,-3.09375,-3.09375,1,78,False
+,42,49,42,49,91,91,1,2.515625,-2.515625,-2.515625,1,91,True
+,42,50,42,50,92,92,1,2.068359375,-2.068359375,-2.068359375,1,92,True
+,42,51,42,51,93,93,0,2.75390625,-2.75390625,-2.75390625,1,91,False
+,42,52,42,52,94,94,0,2.87109375,-2.87109375,-2.87109375,1,92,False
+,42,53,42,53,95,95,7,2.7421875,-2.7421875,-2.7421875,1,91,False
+,42,54,42,54,96,96,0,2.841796875,-2.841796875,-2.841796875,1,96,True
+,42,55,42,55,97,97,0,2.45703125,-2.45703125,-2.45703125,1,97,True
+,42,56,42,56,98,98,1,2.54296875,-2.54296875,-2.54296875,1,98,True
+,42,57,42,57,99,99,0,3.2578125,-3.2578125,-3.2578125,1,95,False
+,42,58,42,58,100,100,1,3.578125,-3.578125,-3.578125,1,94,False
+,42,59,42,59,101,101,0,2.98046875,-2.98046875,-2.98046875,1,95,False
+,42,60,42,60,102,102,0,2.18359375,-2.18359375,-2.18359375,1,102,True
+,42,61,42,61,103,103,0,3.154296875,-3.154296875,-3.154296875,1,91,False
+,42,62,42,62,104,104,3,3.390625,-3.390625,-3.390625,1,92,False
+,42,63,42,63,105,105,0,2.9296875,-2.9296875,-2.9296875,1,93,False
+,42,64,42,64,106,106,0,3.27734375,-3.27734375,-3.27734375,1,98,False
+,42,65,42,65,107,107,0,2.607421875,-2.607421875,-2.607421875,1,97,False
+,42,66,42,66,108,108,0,2.779296875,-2.779296875,-2.779296875,1,96,False
+,42,67,42,67,109,109,0,3.359375,-3.359375,-3.359375,1,121,False
+,42,68,42,68,110,110,0,2.87890625,-2.87890625,-2.87890625,1,110,True
+,42,69,42,69,111,111,1,2.810546875,-2.810546875,-2.810546875,1,105,False
+,42,70,42,70,112,112,1,1.9296875,-1.9296875,-1.9296875,1,112,True
+,42,71,42,71,113,113,0,3.123046875,-3.123046875,-3.123046875,1,107,False
+,42,72,42,72,114,114,0,3.24609375,-3.24609375,-3.24609375,1,105,False
+,42,73,42,73,115,115,0,3.41015625,-3.41015625,-3.41015625,1,121,False
+,42,74,42,74,116,116,0,3.9375,-3.9375,-3.9375,1,121,False
+,42,75,42,75,117,117,0,1.9580078125,-1.9580078125,-1.9580078125,1,123,False
+,42,76,42,76,118,118,0,3.1640625,-3.1640625,-3.1640625,1,122,False
+,42,77,42,77,119,119,1,2.873046875,-2.873046875,-2.873046875,1,121,False
+,42,78,42,78,120,120,0,3.33984375,-3.33984375,-3.33984375,1,126,False
+,42,79,42,79,121,121,0,2.953125,-2.953125,-2.953125,1,127,False
+,42,80,42,80,122,122,0,2.59375,-2.59375,-2.59375,1,122,True
+,42,81,42,81,123,123,0,2.880859375,-2.880859375,-2.880859375,1,129,False
+,42,82,42,82,124,124,0,4.16015625,-4.16015625,-4.16015625,1,121,False
+,42,83,42,83,125,125,0,3.701171875,-3.701171875,-3.701171875,1,133,False
+,42,84,42,84,126,126,0,3.01953125,-3.01953125,-3.01953125,1,147,False
+,42,85,42,85,127,127,0,2.611328125,-2.611328125,-2.611328125,1,127,True
+,42,86,42,86,128,128,0,5.14453125,-5.14453125,-5.14453125,1,163,False
+,42,87,42,87,129,129,0,2.84375,-2.84375,-2.84375,1,135,False
+,42,88,42,88,130,130,0,2.92578125,-2.92578125,-2.92578125,1,122,False
+,42,89,42,89,131,131,0,3.482421875,-3.482421875,-3.482421875,1,143,False
+,42,90,42,90,132,132,0,2.841796875,-2.841796875,-2.841796875,1,162,False
+,42,91,42,91,133,133,0,3.189453125,-3.189453125,-3.189453125,1,161,False
+,42,92,42,92,134,134,0,4.48828125,-4.48828125,-4.48828125,1,170,False
+,42,93,42,93,135,135,0,3.46484375,-3.46484375,-3.46484375,1,133,False
+,42,94,42,94,136,136,0,4.2421875,-4.2421875,-4.2421875,1,142,False
+,42,95,42,95,137,137,0,2.65234375,-2.65234375,-2.65234375,1,133,False
+,42,96,42,96,138,138,0,3.328125,-3.328125,-3.328125,1,126,False
+,42,97,42,97,139,139,0,3.859375,-3.859375,-3.859375,1,121,False
+,42,98,42,98,140,140,0,2.359375,-2.359375,-2.359375,1,142,False
+,42,99,42,99,141,141,0,3.271484375,-3.271484375,-3.271484375,1,121,False
+,43,10,43,10,53,53,1,1.3701171875,-1.3701171875,-1.3701171875,1,53,True
+,43,11,43,11,54,54,1,1.990234375,-1.990234375,-1.990234375,1,56,False
+,43,12,43,12,55,55,0,1.841796875,-1.841796875,-1.841796875,1,57,False
+,43,13,43,13,56,56,0,2.474609375,-2.474609375,-2.474609375,1,58,False
+,43,14,43,14,57,57,0,1.6826171875,-1.6826171875,-1.6826171875,1,57,True
+,43,15,43,15,58,58,1,1.923828125,-1.923828125,-1.923828125,1,58,True
+,43,16,43,16,59,59,0,2.666015625,-2.666015625,-2.666015625,1,57,False
+,43,17,43,17,60,60,0,2.921875,-2.921875,-2.921875,1,66,False
+,43,18,43,18,61,61,0,2.78125,-2.78125,-2.78125,1,67,False
+,43,19,43,19,62,62,0,3.203125,-3.203125,-3.203125,1,68,False
+,43,20,43,20,63,63,2,2.109375,-2.109375,-2.109375,1,63,True
+,43,21,43,21,64,64,1,2.24609375,-2.24609375,-2.24609375,1,64,True
+,43,22,43,22,65,65,5,2.2109375,-2.2109375,-2.2109375,1,65,True
+,43,23,43,23,66,66,1,3.185546875,-3.185546875,-3.185546875,1,63,False
+,43,24,43,24,67,67,1,2.09375,-2.09375,-2.09375,1,67,True
+,43,25,43,25,68,68,0,2.255859375,-2.255859375,-2.255859375,1,68,True
+,43,26,43,26,69,69,0,2.47265625,-2.47265625,-2.47265625,1,67,False
+,43,27,43,27,70,70,0,2.431640625,-2.431640625,-2.431640625,1,70,True
+,43,28,43,28,71,71,1,2.390625,-2.390625,-2.390625,1,67,False
+,43,29,43,29,72,72,0,2.615234375,-2.615234375,-2.615234375,1,74,False
+,43,30,43,30,73,73,1,2.263671875,-2.263671875,-2.263671875,1,67,False
+,43,31,43,31,74,74,0,2.259765625,-2.259765625,-2.259765625,1,74,True
+,43,32,43,32,75,75,0,2.640625,-2.640625,-2.640625,1,77,False
+,43,33,43,33,76,76,1,2.498046875,-2.498046875,-2.498046875,1,74,False
+,43,34,43,34,77,77,1,2.357421875,-2.357421875,-2.357421875,1,77,True
+,43,35,43,35,78,78,0,2.298828125,-2.298828125,-2.298828125,1,78,True
+,43,36,43,36,79,79,1,2.8984375,-2.8984375,-2.8984375,1,77,False
+,43,37,43,37,80,80,0,2.9921875,-2.9921875,-2.9921875,1,78,False
+,43,38,43,38,81,81,1,3.564453125,-3.564453125,-3.564453125,1,77,False
+,43,39,43,39,82,82,0,2.5546875,-2.5546875,-2.5546875,1,82,True
+,43,40,43,40,83,83,1,2.763671875,-2.763671875,-2.763671875,1,77,False
+,43,41,43,41,84,84,5,3.06640625,-3.06640625,-3.06640625,1,88,False
+,43,42,43,42,85,85,1,2.98828125,-2.98828125,-2.98828125,1,91,False
+,43,43,43,43,86,86,1,1.93359375,-1.93359375,-1.93359375,1,88,False
+,43,44,43,44,87,87,1,3.302734375,-3.302734375,-3.302734375,1,95,False
+,43,45,43,45,88,88,1,2.8125,-2.8125,-2.8125,1,94,False
+,43,46,43,46,89,89,0,3.212890625,-3.212890625,-3.212890625,1,95,False
+,43,47,43,47,90,90,0,3.46484375,-3.46484375,-3.46484375,1,94,False
+,43,48,43,48,91,91,0,3.021484375,-3.021484375,-3.021484375,1,91,True
+,43,49,43,49,92,92,0,3.150390625,-3.150390625,-3.150390625,1,86,False
+,43,50,43,50,93,93,0,3.0234375,-3.0234375,-3.0234375,1,97,False
+,43,51,43,51,94,94,0,2.986328125,-2.986328125,-2.986328125,1,94,True
+,43,52,43,52,95,95,1,3.126953125,-3.126953125,-3.126953125,1,91,False
+,43,53,43,53,96,96,1,3.212890625,-3.212890625,-3.212890625,1,94,False
+,43,54,43,54,97,97,0,3.052734375,-3.052734375,-3.052734375,1,97,True
+,43,55,43,55,98,98,0,3.28125,-3.28125,-3.28125,1,94,False
+,43,56,43,56,99,99,0,3.537109375,-3.537109375,-3.537109375,1,107,False
+,43,57,43,57,100,100,0,3.458984375,-3.458984375,-3.458984375,1,94,False
+,43,58,43,58,101,101,0,3.560546875,-3.560546875,-3.560546875,1,107,False
+,43,59,43,59,102,102,0,3.359375,-3.359375,-3.359375,1,94,False
+,43,60,43,60,103,103,0,2.953125,-2.953125,-2.953125,1,97,False
+,43,61,43,61,104,104,0,3.37890625,-3.37890625,-3.37890625,1,98,False
+,43,62,43,62,105,105,0,3.474609375,-3.474609375,-3.474609375,1,95,False
+,43,63,43,63,106,106,1,3.669921875,-3.669921875,-3.669921875,1,94,False
+,43,64,43,64,107,107,0,3.123046875,-3.123046875,-3.123046875,1,121,False
+,43,65,43,65,108,108,0,3.365234375,-3.365234375,-3.365234375,1,98,False
+,43,66,43,66,109,109,0,3.6015625,-3.6015625,-3.6015625,1,121,False
+,43,67,43,67,110,110,0,3.189453125,-3.189453125,-3.189453125,1,110,True
+,43,68,43,68,111,111,0,3.171875,-3.171875,-3.171875,1,121,False
+,43,69,43,69,112,112,0,3.119140625,-3.119140625,-3.119140625,1,122,False
+,43,70,43,70,113,113,2,2.783203125,-2.783203125,-2.783203125,1,107,False
+,43,71,43,71,114,114,0,3.529296875,-3.529296875,-3.529296875,1,122,False
+,43,72,43,72,115,115,1,3.298828125,-3.298828125,-3.298828125,1,121,False
+,43,73,43,73,116,116,1,3.505859375,-3.505859375,-3.505859375,1,122,False
+,43,74,43,74,117,117,0,3.310546875,-3.310546875,-3.310546875,1,121,False
+,43,75,43,75,118,118,0,2.73046875,-2.73046875,-2.73046875,1,122,False
+,43,76,43,76,119,119,1,3.28125,-3.28125,-3.28125,1,127,False
+,43,77,43,77,120,120,0,3.591796875,-3.591796875,-3.591796875,1,122,False
+,43,78,43,78,121,121,0,3.01171875,-3.01171875,-3.01171875,1,127,False
+,43,79,43,79,122,122,0,3.296875,-3.296875,-3.296875,1,132,False
+,43,80,43,80,123,123,0,2.798828125,-2.798828125,-2.798828125,1,127,False
+,43,81,43,81,124,124,0,3.087890625,-3.087890625,-3.087890625,1,130,False
+,43,82,43,82,125,125,0,3.513671875,-3.513671875,-3.513671875,1,127,False
+,43,83,43,83,126,126,0,3.787109375,-3.787109375,-3.787109375,1,142,False
+,43,84,43,84,127,127,0,2.76953125,-2.76953125,-2.76953125,1,127,True
+,43,85,43,85,128,128,0,3.759765625,-3.759765625,-3.759765625,1,142,False
+,43,86,43,86,129,129,1,4.046875,-4.046875,-4.046875,1,143,False
+,43,87,43,87,130,130,0,3.220703125,-3.220703125,-3.220703125,1,140,False
+,43,88,43,88,131,131,0,3.076171875,-3.076171875,-3.076171875,1,127,False
+,43,89,43,89,132,132,0,3.517578125,-3.517578125,-3.517578125,1,146,False
+,43,90,43,90,133,133,0,3.080078125,-3.080078125,-3.080078125,1,143,False
+,43,91,43,91,134,134,0,3.87890625,-3.87890625,-3.87890625,1,148,False
+,43,92,43,92,135,135,0,3.572265625,-3.572265625,-3.572265625,1,143,False
+,43,93,43,93,136,136,0,3.75,-3.75,-3.75,1,134,False
+,43,94,43,94,137,137,0,3.484375,-3.484375,-3.484375,1,143,False
+,43,95,43,95,138,138,0,3.046875,-3.046875,-3.046875,1,142,False
+,43,96,43,96,139,139,1,3.55078125,-3.55078125,-3.55078125,1,143,False
+,43,97,43,97,140,140,0,3.306640625,-3.306640625,-3.306640625,1,132,False
+,43,98,43,98,141,141,0,3.42578125,-3.42578125,-3.42578125,1,143,False
+,43,99,43,99,142,142,0,3.12890625,-3.12890625,-3.12890625,1,142,True
+,44,10,44,10,54,54,1,1.3935546875,-1.3935546875,-1.3935546875,1,54,True
+,44,11,44,11,55,55,1,1.8857421875,-1.8857421875,-1.8857421875,1,57,False
+,44,12,44,12,56,56,2,1.900390625,-1.900390625,-1.900390625,1,58,False
+,44,13,44,13,57,57,0,1.6103515625,-1.6103515625,-1.6103515625,1,57,True
+,44,14,44,14,58,58,0,1.97265625,-1.97265625,-1.97265625,1,66,False
+,44,15,44,15,59,59,2,2.919921875,-2.919921875,-2.919921875,1,67,False
+,44,16,44,16,60,60,2,2.837890625,-2.837890625,-2.837890625,1,68,False
+,44,17,44,17,61,61,1,3.123046875,-3.123046875,-3.123046875,1,67,False
+,44,18,44,18,62,62,0,2.357421875,-2.357421875,-2.357421875,1,70,False
+,44,19,44,19,63,63,2,3.236328125,-3.236328125,-3.236328125,1,71,False
+,44,20,44,20,64,64,0,2.283203125,-2.283203125,-2.283203125,1,68,False
+,44,21,44,21,65,65,0,2.2578125,-2.2578125,-2.2578125,1,65,True
+,44,22,44,22,66,66,3,1.421875,-1.421875,-1.421875,1,66,True
+,44,23,44,23,67,67,0,1.861328125,-1.861328125,-1.861328125,1,67,True
+,44,24,44,24,68,68,3,1.634765625,-1.634765625,-1.634765625,1,68,True
+,44,25,44,25,69,69,0,2.58203125,-2.58203125,-2.58203125,1,77,False
+,44,26,44,26,70,70,0,2.22265625,-2.22265625,-2.22265625,1,78,False
+,44,27,44,27,71,71,1,2.626953125,-2.626953125,-2.626953125,1,77,False
+,44,28,44,28,72,72,0,2.583984375,-2.583984375,-2.583984375,1,78,False
+,44,29,44,29,73,73,0,2.513671875,-2.513671875,-2.513671875,1,77,False
+,44,30,44,30,74,74,1,1.556640625,-1.556640625,-1.556640625,1,74,True
+,44,31,44,31,75,75,1,2.30078125,-2.30078125,-2.30078125,1,77,False
+,44,32,44,32,76,76,0,2.689453125,-2.689453125,-2.689453125,1,78,False
+,44,33,44,33,77,77,1,1.865234375,-1.865234375,-1.865234375,1,77,True
+,44,34,44,34,78,78,0,3.240234375,-3.240234375,-3.240234375,1,77,False
+,44,35,44,35,79,79,0,2.7265625,-2.7265625,-2.7265625,1,77,False
+,44,36,44,36,80,80,1,4.34765625,-4.34765625,-4.34765625,1,77,False
+,44,37,44,37,81,81,0,2.947265625,-2.947265625,-2.947265625,1,77,False
+,44,38,44,38,82,82,1,4.02734375,-4.02734375,-4.02734375,1,77,False
+,44,39,44,39,83,83,3,2.765625,-2.765625,-2.765625,1,77,False
+,44,40,44,40,84,84,0,4.92578125,-4.92578125,-4.92578125,1,77,False
+,44,41,44,41,85,85,0,2.75390625,-2.75390625,-2.75390625,1,89,False
+,44,42,44,42,86,86,0,2.869140625,-2.869140625,-2.869140625,1,88,False
+,44,43,44,43,87,87,1,2.451171875,-2.451171875,-2.451171875,1,87,True
+,44,44,44,44,88,88,5,1.078125,-1.078125,-1.078125,1,88,True
+,44,45,44,45,89,89,1,2.533203125,-2.533203125,-2.533203125,1,89,True
+,44,46,44,46,90,90,1,3.189453125,-3.189453125,-3.189453125,1,94,False
+,44,47,44,47,91,91,0,2.951171875,-2.951171875,-2.951171875,1,95,False
+,44,48,44,48,92,92,0,3.513671875,-3.513671875,-3.513671875,1,89,False
+,44,49,44,49,93,93,0,2.974609375,-2.974609375,-2.974609375,1,89,False
+,44,50,44,50,94,94,2,2.50390625,-2.50390625,-2.50390625,1,94,True
+,44,51,44,51,95,95,1,2.8125,-2.8125,-2.8125,1,95,True
+,44,52,44,52,96,96,0,3.73046875,-3.73046875,-3.73046875,1,92,False
+,44,53,44,53,97,97,0,3.099609375,-3.099609375,-3.099609375,1,93,False
+,44,54,44,54,98,98,0,3.6796875,-3.6796875,-3.6796875,1,91,False
+,44,55,44,55,99,99,2,3.0546875,-3.0546875,-3.0546875,1,121,False
+,44,56,44,56,100,100,1,4.37890625,-4.37890625,-4.37890625,1,121,False
+,44,57,44,57,101,101,0,3.447265625,-3.447265625,-3.447265625,1,121,False
+,44,58,44,58,102,102,1,3.587890625,-3.587890625,-3.587890625,1,121,False
+,44,59,44,59,103,103,0,3.447265625,-3.447265625,-3.447265625,1,121,False
+,44,60,44,60,104,104,0,2.7578125,-2.7578125,-2.7578125,1,92,False
+,44,61,44,61,105,105,0,3.7265625,-3.7265625,-3.7265625,1,95,False
+,44,62,44,62,106,106,0,3.341796875,-3.341796875,-3.341796875,1,94,False
+,44,63,44,63,107,107,0,3.47265625,-3.47265625,-3.47265625,1,121,False
+,44,64,44,64,108,108,0,3.25390625,-3.25390625,-3.25390625,1,121,False
+,44,65,44,65,109,109,1,3.708984375,-3.708984375,-3.708984375,1,121,False
+,44,66,44,66,110,110,0,2.87109375,-2.87109375,-2.87109375,1,110,True
+,44,67,44,67,111,111,0,2.94140625,-2.94140625,-2.94140625,1,121,False
+,44,68,44,68,112,112,0,3.576171875,-3.576171875,-3.576171875,1,121,False
+,44,69,44,69,113,113,0,2.9765625,-2.9765625,-2.9765625,1,121,False
+,44,70,44,70,114,114,0,2.818359375,-2.818359375,-2.818359375,1,114,True
+,44,71,44,71,115,115,1,3.466796875,-3.466796875,-3.466796875,1,121,False
+,44,72,44,72,116,116,0,3.958984375,-3.958984375,-3.958984375,1,121,False
+,44,73,44,73,117,117,0,3.1484375,-3.1484375,-3.1484375,1,121,False
+,44,74,44,74,118,118,0,3.81640625,-3.81640625,-3.81640625,1,121,False
+,44,75,44,75,119,119,0,3.029296875,-3.029296875,-3.029296875,1,121,False
+,44,76,44,76,120,120,0,4.70703125,-4.70703125,-4.70703125,1,121,False
+,44,77,44,77,121,121,0,2.419921875,-2.419921875,-2.419921875,1,121,True
+,44,78,44,78,122,122,0,3.17578125,-3.17578125,-3.17578125,1,121,False
+,44,79,44,79,123,123,0,3.11328125,-3.11328125,-3.11328125,1,135,False
+,44,80,44,80,124,124,0,3.908203125,-3.908203125,-3.908203125,1,121,False
+,44,81,44,81,125,125,0,3.3359375,-3.3359375,-3.3359375,1,121,False
+,44,82,44,82,126,126,1,3.869140625,-3.869140625,-3.869140625,1,121,False
+,44,83,44,83,127,127,0,3.146484375,-3.146484375,-3.146484375,1,135,False
+,44,84,44,84,128,128,4,4.4453125,-4.4453125,-4.4453125,1,121,False
+,44,85,44,85,129,129,0,3.494140625,-3.494140625,-3.494140625,1,143,False
+,44,86,44,86,130,130,0,5.3828125,-5.3828125,-5.3828125,1,143,False
+,44,87,44,87,131,131,0,3.078125,-3.078125,-3.078125,1,133,False
+,44,88,44,88,132,132,2,2.73828125,-2.73828125,-2.73828125,1,132,True
+,44,89,44,89,133,133,0,3.109375,-3.109375,-3.109375,1,133,True
+,44,90,44,90,134,134,0,3.5546875,-3.5546875,-3.5546875,1,154,False
+,44,91,44,91,135,135,0,3.501953125,-3.501953125,-3.501953125,1,133,False
+,44,92,44,92,136,136,0,4.32421875,-4.32421875,-4.32421875,1,148,False
+,44,93,44,93,137,137,0,3.46484375,-3.46484375,-3.46484375,1,133,False
+,44,94,44,94,138,138,0,3.939453125,-3.939453125,-3.939453125,1,133,False
+,44,95,44,95,139,139,0,3.6796875,-3.6796875,-3.6796875,1,133,False
+,44,96,44,96,140,140,0,4.07421875,-4.07421875,-4.07421875,1,121,False
+,44,97,44,97,141,141,0,3.673828125,-3.673828125,-3.673828125,1,121,False
+,44,98,44,98,142,142,0,3.79296875,-3.79296875,-3.79296875,1,144,False
+,44,99,44,99,143,143,0,2.8828125,-2.8828125,-2.8828125,1,121,False
+,45,10,45,10,55,55,9,0.53466796875,-0.53466796875,-0.53466796875,1,55,True
+,45,11,45,11,56,56,2,0.93212890625,-0.93212890625,-0.93212890625,1,56,True
+,45,12,45,12,57,57,5,1.1689453125,-1.1689453125,-1.1689453125,1,57,True
+,45,13,45,13,58,58,1,1.482421875,-1.482421875,-1.482421875,1,58,True
+,45,14,45,14,59,59,2,3.01953125,-3.01953125,-3.01953125,1,61,False
+,45,15,45,15,60,60,21,2.470703125,-2.470703125,-2.470703125,1,66,False
+,45,16,45,16,61,61,2,2.037109375,-2.037109375,-2.037109375,1,61,True
+,45,17,45,17,62,62,0,2.177734375,-2.177734375,-2.177734375,1,62,True
+,45,18,45,18,63,63,1,1.7470703125,-1.7470703125,-1.7470703125,1,63,True
+,45,19,45,19,64,64,1,2.2578125,-2.2578125,-2.2578125,1,64,True
+,45,20,45,20,65,65,10,1.435546875,-1.435546875,-1.435546875,1,65,True
+,45,21,45,21,66,66,2,1.236328125,-1.236328125,-1.236328125,1,66,True
+,45,22,45,22,67,67,0,2.328125,-2.328125,-2.328125,1,67,True
+,45,23,45,23,68,68,0,2.1015625,-2.1015625,-2.1015625,1,68,True
+,45,24,45,24,69,69,0,2.400390625,-2.400390625,-2.400390625,1,69,True
+,45,25,45,25,70,70,7,1.9189453125,-1.9189453125,-1.9189453125,1,70,True
+,45,26,45,26,71,71,2,2.091796875,-2.091796875,-2.091796875,1,71,True
+,45,27,45,27,72,72,1,1.384765625,-1.384765625,-1.384765625,1,72,True
+,45,28,45,28,73,73,1,2.203125,-2.203125,-2.203125,1,73,True
+,45,29,45,29,74,74,1,1.734375,-1.734375,-1.734375,1,74,True
+,45,30,45,30,75,75,11,1.123046875,-1.123046875,-1.123046875,1,75,True
+,45,31,45,31,76,76,0,1.4130859375,-1.4130859375,-1.4130859375,1,76,True
+,45,32,45,32,77,77,54,1.9541015625,-1.9541015625,-1.9541015625,1,77,True
+,45,33,45,33,78,78,0,1.7451171875,-1.7451171875,-1.7451171875,1,78,True
+,45,34,45,34,79,79,3,3.111328125,-3.111328125,-3.111328125,1,76,False
+,45,35,45,35,80,80,11,3.20703125,-3.20703125,-3.20703125,1,76,False
+,45,36,45,36,81,81,3,2.1328125,-2.1328125,-2.1328125,1,81,True
+,45,37,45,37,82,82,0,2.111328125,-2.111328125,-2.111328125,1,76,False
+,45,38,45,38,83,83,0,3.2578125,-3.2578125,-3.2578125,1,82,False
+,45,39,45,39,84,84,1,2.33984375,-2.33984375,-2.33984375,1,78,False
+,45,40,45,40,85,85,12,3.5703125,-3.5703125,-3.5703125,1,77,False
+,45,41,45,41,86,86,0,2.12109375,-2.12109375,-2.12109375,1,86,True
+,45,42,45,42,87,87,1,2.86328125,-2.86328125,-2.86328125,1,78,False
+,45,43,45,43,88,88,0,2.453125,-2.453125,-2.453125,1,88,True
+,45,44,45,44,89,89,3,2.4140625,-2.4140625,-2.4140625,1,91,False
+,45,45,45,45,90,90,10,0.2242431640625,-0.2242431640625,-0.2242431640625,1,90,True
+,45,46,45,46,91,91,0,1.880859375,-1.880859375,-1.880859375,1,91,True
+,45,47,45,47,92,92,0,1.888671875,-1.888671875,-1.888671875,1,92,True
+,45,48,45,48,93,93,0,2.7109375,-2.7109375,-2.7109375,1,78,False
+,45,49,45,49,94,94,3,2.5703125,-2.5703125,-2.5703125,1,88,False
+,45,50,45,50,95,95,8,1.8720703125,-1.8720703125,-1.8720703125,1,95,True
+,45,51,45,51,96,96,1,2.326171875,-2.326171875,-2.326171875,1,96,True
+,45,52,45,52,97,97,0,3.326171875,-3.326171875,-3.326171875,1,92,False
+,45,53,45,53,98,98,0,3.208984375,-3.208984375,-3.208984375,1,92,False
+,45,54,45,54,99,99,1,2.9140625,-2.9140625,-2.9140625,1,96,False
+,45,55,45,55,100,100,6,3.64453125,-3.64453125,-3.64453125,1,92,False
+,45,56,45,56,101,101,2,3.259765625,-3.259765625,-3.259765625,1,91,False
+,45,57,45,57,102,102,0,2.783203125,-2.783203125,-2.783203125,1,96,False
+,45,58,45,58,103,103,0,3.599609375,-3.599609375,-3.599609375,1,92,False
+,45,59,45,59,104,104,0,2.974609375,-2.974609375,-2.974609375,1,94,False
+,45,60,45,60,105,105,1,1.6953125,-1.6953125,-1.6953125,1,105,True
+,45,61,45,61,106,106,0,2.962890625,-2.962890625,-2.962890625,1,94,False
+,45,62,45,62,107,107,0,3.4140625,-3.4140625,-3.4140625,1,92,False
+,45,63,45,63,108,108,0,3.263671875,-3.263671875,-3.263671875,1,96,False
+,45,64,45,64,109,109,0,3.572265625,-3.572265625,-3.572265625,1,121,False
+,45,65,45,65,110,110,2,3.2109375,-3.2109375,-3.2109375,1,106,False
+,45,66,45,66,111,111,1,2.0703125,-2.0703125,-2.0703125,1,111,True
+,45,67,45,67,112,112,0,2.734375,-2.734375,-2.734375,1,92,False
+,45,68,45,68,113,113,0,3.478515625,-3.478515625,-3.478515625,1,122,False
+,45,69,45,69,114,114,1,2.71875,-2.71875,-2.71875,1,114,True
+,45,70,45,70,115,115,2,3.376953125,-3.376953125,-3.376953125,1,122,False
+,45,71,45,71,116,116,0,2.892578125,-2.892578125,-2.892578125,1,106,False
+,45,72,45,72,117,117,0,2.380859375,-2.380859375,-2.380859375,1,123,False
+,45,73,45,73,118,118,0,3.16796875,-3.16796875,-3.16796875,1,122,False
+,45,74,45,74,119,119,0,3.76953125,-3.76953125,-3.76953125,1,122,False
+,45,75,45,75,120,120,3,3.32421875,-3.32421875,-3.32421875,1,126,False
+,45,76,45,76,121,121,0,2.4609375,-2.4609375,-2.4609375,1,122,False
+,45,77,45,77,122,122,1,2.041015625,-2.041015625,-2.041015625,1,122,True
+,45,78,45,78,123,123,1,2.3203125,-2.3203125,-2.3203125,1,123,True
+,45,79,45,79,124,124,0,2.75,-2.75,-2.75,1,142,False
+,45,80,45,80,125,125,2,3.5546875,-3.5546875,-3.5546875,1,122,False
+,45,81,45,81,126,126,1,1.8193359375,-1.8193359375,-1.8193359375,1,126,True
+,45,82,45,82,127,127,0,3.697265625,-3.697265625,-3.697265625,1,122,False
+,45,83,45,83,128,128,0,3.345703125,-3.345703125,-3.345703125,1,142,False
+,45,84,45,84,129,129,0,3.119140625,-3.119140625,-3.119140625,1,123,False
+,45,85,45,85,130,130,0,4.53125,-4.53125,-4.53125,1,142,False
+,45,86,45,86,131,131,0,4.03125,-4.03125,-4.03125,1,157,False
+,45,87,45,87,132,132,0,2.470703125,-2.470703125,-2.470703125,1,132,True
+,45,88,45,88,133,133,1,2.583984375,-2.583984375,-2.583984375,1,143,False
+,45,89,45,89,134,134,0,3.19140625,-3.19140625,-3.19140625,1,154,False
+,45,90,45,90,135,135,3,2.1015625,-2.1015625,-2.1015625,1,135,True
+,45,91,45,91,136,136,0,3.060546875,-3.060546875,-3.060546875,1,154,False
+,45,92,45,92,137,137,0,2.431640625,-2.431640625,-2.431640625,1,137,True
+,45,93,45,93,138,138,0,3.044921875,-3.044921875,-3.044921875,1,132,False
+,45,94,45,94,139,139,0,3.63671875,-3.63671875,-3.63671875,1,137,False
+,45,95,45,95,140,140,0,3.490234375,-3.490234375,-3.490234375,1,142,False
+,45,96,45,96,141,141,0,3.033203125,-3.033203125,-3.033203125,1,135,False
+,45,97,45,97,142,142,0,3.150390625,-3.150390625,-3.150390625,1,122,False
+,45,98,45,98,143,143,0,2.662109375,-2.662109375,-2.662109375,1,143,True
+,45,99,45,99,144,144,0,2.998046875,-2.998046875,-2.998046875,1,144,True
+,46,10,46,10,56,56,1,0.9677734375,-0.9677734375,-0.9677734375,1,56,True
+,46,11,46,11,57,57,1,1.3203125,-1.3203125,-1.3203125,1,57,True
+,46,12,46,12,58,58,0,1.48046875,-1.48046875,-1.48046875,1,62,False
+,46,13,46,13,59,59,1,2.81640625,-2.81640625,-2.81640625,1,63,False
+,46,14,46,14,60,60,1,2.076171875,-2.076171875,-2.076171875,1,66,False
+,46,15,46,15,61,61,1,1.8935546875,-1.8935546875,-1.8935546875,1,67,False
+,46,16,46,16,62,62,0,1.4599609375,-1.4599609375,-1.4599609375,1,66,False
+,46,17,46,17,63,63,0,2.822265625,-2.822265625,-2.822265625,1,71,False
+,46,18,46,18,64,64,1,2.6328125,-2.6328125,-2.6328125,1,68,False
+,46,19,46,19,65,65,1,3.15234375,-3.15234375,-3.15234375,1,69,False
+,46,20,46,20,66,66,0,1.3623046875,-1.3623046875,-1.3623046875,1,66,True
+,46,21,46,21,67,67,0,1.7763671875,-1.7763671875,-1.7763671875,1,67,True
+,46,22,46,22,68,68,1,1.77734375,-1.77734375,-1.77734375,1,68,True
+,46,23,46,23,69,69,0,2.130859375,-2.130859375,-2.130859375,1,77,False
+,46,24,46,24,70,70,1,2.265625,-2.265625,-2.265625,1,68,False
+,46,25,46,25,71,71,0,2.18359375,-2.18359375,-2.18359375,1,77,False
+,46,26,46,26,72,72,0,1.6484375,-1.6484375,-1.6484375,1,72,True
+,46,27,46,27,73,73,16,1.8369140625,-1.8369140625,-1.8369140625,1,77,False
+,46,28,46,28,74,74,1,1.7451171875,-1.7451171875,-1.7451171875,1,74,True
+,46,29,46,29,75,75,0,2.501953125,-2.501953125,-2.501953125,1,77,False
+,46,30,46,30,76,76,0,1.45703125,-1.45703125,-1.45703125,1,76,True
+,46,31,46,31,77,77,0,1.1240234375,-1.1240234375,-1.1240234375,1,77,True
+,46,32,46,32,78,78,0,1.958984375,-1.958984375,-1.958984375,1,74,False
+,46,33,46,33,79,79,0,2.947265625,-2.947265625,-2.947265625,1,77,False
+,46,34,46,34,80,80,0,3.3125,-3.3125,-3.3125,1,74,False
+,46,35,46,35,81,81,0,2.798828125,-2.798828125,-2.798828125,1,77,False
+,46,36,46,36,82,82,0,2.6015625,-2.6015625,-2.6015625,1,74,False
+,46,37,46,37,83,83,1,2.931640625,-2.931640625,-2.931640625,1,77,False
+,46,38,46,38,84,84,0,3.373046875,-3.373046875,-3.373046875,1,76,False
+,46,39,46,39,85,85,0,3.630859375,-3.630859375,-3.630859375,1,77,False
+,46,40,46,40,86,86,0,2.525390625,-2.525390625,-2.525390625,1,78,False
+,46,41,46,41,87,87,1,2.859375,-2.859375,-2.859375,1,77,False
+,46,42,46,42,88,88,0,2.80078125,-2.80078125,-2.80078125,1,76,False
+,46,43,46,43,89,89,0,3.056640625,-3.056640625,-3.056640625,1,77,False
+,46,44,46,44,90,90,0,3.15234375,-3.15234375,-3.15234375,1,86,False
+,46,45,46,45,91,91,1,1.9111328125,-1.9111328125,-1.9111328125,1,91,True
+,46,46,46,46,92,92,4,0.71142578125,-0.71142578125,-0.71142578125,1,92,True
+,46,47,46,47,93,93,0,2.26171875,-2.26171875,-2.26171875,1,95,False
+,46,48,46,48,94,94,1,2.533203125,-2.533203125,-2.533203125,1,86,False
+,46,49,46,49,95,95,0,3.013671875,-3.013671875,-3.013671875,1,91,False
+,46,50,46,50,96,96,0,1.9443359375,-1.9443359375,-1.9443359375,1,96,True
+,46,51,46,51,97,97,0,2.6796875,-2.6796875,-2.6796875,1,91,False
+,46,52,46,52,98,98,0,3.228515625,-3.228515625,-3.228515625,1,92,False
+,46,53,46,53,99,99,0,3.681640625,-3.681640625,-3.681640625,1,91,False
+,46,54,46,54,100,100,0,3.908203125,-3.908203125,-3.908203125,1,92,False
+,46,55,46,55,101,101,1,2.703125,-2.703125,-2.703125,1,93,False
+,46,56,46,56,102,102,0,2.91015625,-2.91015625,-2.91015625,1,94,False
+,46,57,46,57,103,103,0,3.25,-3.25,-3.25,1,91,False
+,46,58,46,58,104,104,0,3.263671875,-3.263671875,-3.263671875,1,92,False
+,46,59,46,59,105,105,0,3.7421875,-3.7421875,-3.7421875,1,93,False
+,46,60,46,60,106,106,0,2.876953125,-2.876953125,-2.876953125,1,92,False
+,46,61,46,61,107,107,0,4.16796875,-4.16796875,-4.16796875,1,91,False
+,46,62,46,62,108,108,0,4.12890625,-4.12890625,-4.12890625,1,92,False
+,46,63,46,63,109,109,0,5.02734375,-5.02734375,-5.02734375,1,91,False
+,46,64,46,64,110,110,1,4.02734375,-4.02734375,-4.02734375,1,92,False
+,46,65,46,65,111,111,0,3.439453125,-3.439453125,-3.439453125,1,93,False
+,46,66,46,66,112,112,0,3.435546875,-3.435546875,-3.435546875,1,92,False
+,46,67,46,67,113,113,0,3.58984375,-3.58984375,-3.58984375,1,95,False
+,46,68,46,68,114,114,0,3.65625,-3.65625,-3.65625,1,94,False
+,46,69,46,69,115,115,0,3.951171875,-3.951171875,-3.951171875,1,121,False
+,46,70,46,70,116,116,0,3.28125,-3.28125,-3.28125,1,96,False
+,46,71,46,71,117,117,0,3.4375,-3.4375,-3.4375,1,121,False
+,46,72,46,72,118,118,0,3.078125,-3.078125,-3.078125,1,122,False
+,46,73,46,73,119,119,0,3.94140625,-3.94140625,-3.94140625,1,121,False
+,46,74,46,74,120,120,0,3.69140625,-3.69140625,-3.69140625,1,122,False
+,46,75,46,75,121,121,0,1.91015625,-1.91015625,-1.91015625,1,121,True
+,46,76,46,76,122,122,0,2.28125,-2.28125,-2.28125,1,122,True
+,46,77,46,77,123,123,0,2.92578125,-2.92578125,-2.92578125,1,121,False
+,46,78,46,78,124,124,0,3.583984375,-3.583984375,-3.583984375,1,122,False
+,46,79,46,79,125,125,0,3.591796875,-3.591796875,-3.591796875,1,121,False
+,46,80,46,80,126,126,0,2.875,-2.875,-2.875,1,106,False
+,46,81,46,81,127,127,0,3.7421875,-3.7421875,-3.7421875,1,121,False
+,46,82,46,82,128,128,0,4.40625,-4.40625,-4.40625,1,122,False
+,46,83,46,83,129,129,0,3.330078125,-3.330078125,-3.330078125,1,121,False
+,46,84,46,84,130,130,0,3.74609375,-3.74609375,-3.74609375,1,122,False
+,46,85,46,85,131,131,0,3.27734375,-3.27734375,-3.27734375,1,121,False
+,46,86,46,86,132,132,0,3.22265625,-3.22265625,-3.22265625,1,122,False
+,46,87,46,87,133,133,0,2.884765625,-2.884765625,-2.884765625,1,121,False
+,46,88,46,88,134,134,0,3.23828125,-3.23828125,-3.23828125,1,122,False
+,46,89,46,89,135,135,0,3.294921875,-3.294921875,-3.294921875,1,121,False
+,46,90,46,90,136,136,0,2.546875,-2.546875,-2.546875,1,146,False
+,46,91,46,91,137,137,0,3.142578125,-3.142578125,-3.142578125,1,143,False
+,46,92,46,92,138,138,1,2.72265625,-2.72265625,-2.72265625,1,146,False
+,46,93,46,93,139,139,0,4.0,-4.0,-4.0,1,121,False
+,46,94,46,94,140,140,0,3.705078125,-3.705078125,-3.705078125,1,122,False
+,46,95,46,95,141,141,0,2.841796875,-2.841796875,-2.841796875,1,121,False
+,46,96,46,96,142,142,0,3.38671875,-3.38671875,-3.38671875,1,122,False
+,46,97,46,97,143,143,0,3.060546875,-3.060546875,-3.060546875,1,121,False
+,46,98,46,98,144,144,0,2.1796875,-2.1796875,-2.1796875,1,144,True
+,46,99,46,99,145,145,0,3.837890625,-3.837890625,-3.837890625,1,121,False
+,47,10,47,10,57,57,3,1.642578125,-1.642578125,-1.642578125,1,57,True
+,47,11,47,11,58,58,1,2.0625,-2.0625,-2.0625,1,56,False
+,47,12,47,12,59,59,0,2.73828125,-2.73828125,-2.73828125,1,61,False
+,47,13,47,13,60,60,1,2.427734375,-2.427734375,-2.427734375,1,66,False
+,47,14,47,14,61,61,0,2.4921875,-2.4921875,-2.4921875,1,63,False
+,47,15,47,15,62,62,0,2.0859375,-2.0859375,-2.0859375,1,62,True
+,47,16,47,16,63,63,1,2.482421875,-2.482421875,-2.482421875,1,71,False
+,47,17,47,17,64,64,1,2.736328125,-2.736328125,-2.736328125,1,66,False
+,47,18,47,18,65,65,1,2.93359375,-2.93359375,-2.93359375,1,71,False
+,47,19,47,19,66,66,2,2.5625,-2.5625,-2.5625,1,66,True
+,47,20,47,20,67,67,0,2.31640625,-2.31640625,-2.31640625,1,77,False
+,47,21,47,21,68,68,2,2.291015625,-2.291015625,-2.291015625,1,70,False
+,47,22,47,22,69,69,0,2.50390625,-2.50390625,-2.50390625,1,65,False
+,47,23,47,23,70,70,0,3.5546875,-3.5546875,-3.5546875,1,68,False
+,47,24,47,24,71,71,1,2.75390625,-2.75390625,-2.75390625,1,71,True
+,47,25,47,25,72,72,1,2.32421875,-2.32421875,-2.32421875,1,74,False
+,47,26,47,26,73,73,1,2.509765625,-2.509765625,-2.509765625,1,77,False
+,47,27,47,27,74,74,2,2.224609375,-2.224609375,-2.224609375,1,76,False
+,47,28,47,28,75,75,1,2.67578125,-2.67578125,-2.67578125,1,71,False
+,47,29,47,29,76,76,1,2.15625,-2.15625,-2.15625,1,74,False
+,47,30,47,30,77,77,1,1.86328125,-1.86328125,-1.86328125,1,77,True
+,47,31,47,31,78,78,0,2.3046875,-2.3046875,-2.3046875,1,76,False
+,47,32,47,32,79,79,2,2.892578125,-2.892578125,-2.892578125,1,77,False
+,47,33,47,33,80,80,3,2.6640625,-2.6640625,-2.6640625,1,76,False
+,47,34,47,34,81,81,0,3.390625,-3.390625,-3.390625,1,77,False
+,47,35,47,35,82,82,1,2.6171875,-2.6171875,-2.6171875,1,76,False
+,47,36,47,36,83,83,0,3.12890625,-3.12890625,-3.12890625,1,77,False
+,47,37,47,37,84,84,0,3.04296875,-3.04296875,-3.04296875,1,76,False
+,47,38,47,38,85,85,0,3.39453125,-3.39453125,-3.39453125,1,77,False
+,47,39,47,39,86,86,0,2.76171875,-2.76171875,-2.76171875,1,88,False
+,47,40,47,40,87,87,0,3.3203125,-3.3203125,-3.3203125,1,77,False
+,47,41,47,41,88,88,0,2.66015625,-2.66015625,-2.66015625,1,88,True
+,47,42,47,42,89,89,0,3.224609375,-3.224609375,-3.224609375,1,88,False
+,47,43,47,43,90,90,0,3.15234375,-3.15234375,-3.15234375,1,88,False
+,47,44,47,44,91,91,0,2.7734375,-2.7734375,-2.7734375,1,91,True
+,47,45,47,45,92,92,0,2.31640625,-2.31640625,-2.31640625,1,92,True
+,47,46,47,46,93,93,0,3.00390625,-3.00390625,-3.00390625,1,95,False
+,47,47,47,47,94,94,2,0.7587890625,-0.7587890625,-0.7587890625,1,94,True
+,47,48,47,48,95,95,0,2.93359375,-2.93359375,-2.93359375,1,94,False
+,47,49,47,49,96,96,0,2.75,-2.75,-2.75,1,94,False
+,47,50,47,50,97,97,1,2.87109375,-2.87109375,-2.87109375,1,94,False
+,47,51,47,51,98,98,0,2.99609375,-2.99609375,-2.99609375,1,94,False
+,47,52,47,52,99,99,3,3.412109375,-3.412109375,-3.412109375,1,91,False
+,47,53,47,53,100,100,4,3.3125,-3.3125,-3.3125,1,94,False
+,47,54,47,54,101,101,0,3.578125,-3.578125,-3.578125,1,91,False
+,47,55,47,55,102,102,0,3.033203125,-3.033203125,-3.033203125,1,94,False
+,47,56,47,56,103,103,1,3.431640625,-3.431640625,-3.431640625,1,95,False
+,47,57,47,57,104,104,0,3.353515625,-3.353515625,-3.353515625,1,94,False
+,47,58,47,58,105,105,0,3.25390625,-3.25390625,-3.25390625,1,105,True
+,47,59,47,59,106,106,0,3.046875,-3.046875,-3.046875,1,94,False
+,47,60,47,60,107,107,1,2.8359375,-2.8359375,-2.8359375,1,97,False
+,47,61,47,61,108,108,1,3.66015625,-3.66015625,-3.66015625,1,94,False
+,47,62,47,62,109,109,0,3.6796875,-3.6796875,-3.6796875,1,95,False
+,47,63,47,63,110,110,0,3.287109375,-3.287109375,-3.287109375,1,94,False
+,47,64,47,64,111,111,0,3.228515625,-3.228515625,-3.228515625,1,121,False
+,47,65,47,65,112,112,0,3.09375,-3.09375,-3.09375,1,94,False
+,47,66,47,66,113,113,0,3.474609375,-3.474609375,-3.474609375,1,121,False
+,47,67,47,67,114,114,0,3.28125,-3.28125,-3.28125,1,110,False
+,47,68,47,68,115,115,0,3.35546875,-3.35546875,-3.35546875,1,121,False
+,47,69,47,69,116,116,0,3.126953125,-3.126953125,-3.126953125,1,122,False
+,47,70,47,70,117,117,0,3.19921875,-3.19921875,-3.19921875,1,121,False
+,47,71,47,71,118,118,0,2.82421875,-2.82421875,-2.82421875,1,122,False
+,47,72,47,72,119,119,0,3.060546875,-3.060546875,-3.060546875,1,121,False
+,47,73,47,73,120,120,0,3.123046875,-3.123046875,-3.123046875,1,122,False
+,47,74,47,74,121,121,11,2.8046875,-2.8046875,-2.8046875,1,121,True
+,47,75,47,75,122,122,0,2.02734375,-2.02734375,-2.02734375,1,122,True
+,47,76,47,76,123,123,0,3.15234375,-3.15234375,-3.15234375,1,121,False
+,47,77,47,77,124,124,0,2.908203125,-2.908203125,-2.908203125,1,126,False
+,47,78,47,78,125,125,0,3.6328125,-3.6328125,-3.6328125,1,130,False
+,47,79,47,79,126,126,0,3.22265625,-3.22265625,-3.22265625,1,142,False
+,47,80,47,80,127,127,0,3.01953125,-3.01953125,-3.01953125,1,122,False
+,47,81,47,81,128,128,0,3.314453125,-3.314453125,-3.314453125,1,130,False
+,47,82,47,82,129,129,0,3.29296875,-3.29296875,-3.29296875,1,130,False
+,47,83,47,83,130,130,0,3.111328125,-3.111328125,-3.111328125,1,140,False
+,47,84,47,84,131,131,0,3.556640625,-3.556640625,-3.556640625,1,130,False
+,47,85,47,85,132,132,0,3.390625,-3.390625,-3.390625,1,142,False
+,47,86,47,86,133,133,1,4.11328125,-4.11328125,-4.11328125,1,155,False
+,47,87,47,87,134,134,0,3.015625,-3.015625,-3.015625,1,140,False
+,47,88,47,88,135,135,0,2.62109375,-2.62109375,-2.62109375,1,143,False
+,47,89,47,89,136,136,0,3.541015625,-3.541015625,-3.541015625,1,144,False
+,47,90,47,90,137,137,0,3.115234375,-3.115234375,-3.115234375,1,157,False
+,47,91,47,91,138,138,1,3.94921875,-3.94921875,-3.94921875,1,140,False
+,47,92,47,92,139,139,0,3.44921875,-3.44921875,-3.44921875,1,147,False
+,47,93,47,93,140,140,0,2.859375,-2.859375,-2.859375,1,140,True
+,47,94,47,94,141,141,0,3.15625,-3.15625,-3.15625,1,143,False
+,47,95,47,95,142,142,1,2.400390625,-2.400390625,-2.400390625,1,142,True
+,47,96,47,96,143,143,0,3.078125,-3.078125,-3.078125,1,143,True
+,47,97,47,97,144,144,0,2.919921875,-2.919921875,-2.919921875,1,140,False
+,47,98,47,98,145,145,1,3.318359375,-3.318359375,-3.318359375,1,147,False
+,47,99,47,99,146,146,0,3.109375,-3.109375,-3.109375,1,142,False
+,48,10,48,10,58,58,8,0.58984375,-0.58984375,-0.58984375,1,58,True
+,48,11,48,11,59,59,4,2.18359375,-2.18359375,-2.18359375,1,61,False
+,48,12,48,12,60,60,8,1.125,-1.125,-1.125,1,60,True
+,48,13,48,13,61,61,2,1.873046875,-1.873046875,-1.873046875,1,61,True
+,48,14,48,14,62,62,0,1.8349609375,-1.8349609375,-1.8349609375,1,74,False
+,48,15,48,15,63,63,1,1.4990234375,-1.4990234375,-1.4990234375,1,63,True
+,48,16,48,16,64,64,6,1.791015625,-1.791015625,-1.791015625,1,68,False
+,48,17,48,17,65,65,0,2.638671875,-2.638671875,-2.638671875,1,71,False
+,48,18,48,18,66,66,1,1.486328125,-1.486328125,-1.486328125,1,78,False
+,48,19,48,19,67,67,0,2.92578125,-2.92578125,-2.92578125,1,77,False
+,48,20,48,20,68,68,1,1.326171875,-1.326171875,-1.326171875,1,68,True
+,48,21,48,21,69,69,1,1.2802734375,-1.2802734375,-1.2802734375,1,69,True
+,48,22,48,22,70,70,0,1.947265625,-1.947265625,-1.947265625,1,62,False
+,48,23,48,23,71,71,1,3.28515625,-3.28515625,-3.28515625,1,67,False
+,48,24,48,24,72,72,4,0.93505859375,-0.93505859375,-0.93505859375,1,72,True
+,48,25,48,25,73,73,1,1.783203125,-1.783203125,-1.783203125,1,77,False
+,48,26,48,26,74,74,1,1.65234375,-1.65234375,-1.65234375,1,74,True
+,48,27,48,27,75,75,1,1.734375,-1.734375,-1.734375,1,81,False
+,48,28,48,28,76,76,0,1.72265625,-1.72265625,-1.72265625,1,76,True
+,48,29,48,29,77,77,1,1.71484375,-1.71484375,-1.71484375,1,77,True
+,48,30,48,30,78,78,4,0.56298828125,-0.56298828125,-0.56298828125,1,78,True
+,48,31,48,31,79,79,0,2.23828125,-2.23828125,-2.23828125,1,77,False
+,48,32,48,32,80,80,3,1.7578125,-1.7578125,-1.7578125,1,80,True
+,48,33,48,33,81,81,0,1.966796875,-1.966796875,-1.966796875,1,81,True
+,48,34,48,34,82,82,0,2.3125,-2.3125,-2.3125,1,82,True
+,48,35,48,35,83,83,1,2.29296875,-2.29296875,-2.29296875,1,77,False
+,48,36,48,36,84,84,1,2.6171875,-2.6171875,-2.6171875,1,96,False
+,48,37,48,37,85,85,0,2.677734375,-2.677734375,-2.677734375,1,91,False
+,48,38,48,38,86,86,0,2.599609375,-2.599609375,-2.599609375,1,94,False
+,48,39,48,39,87,87,0,2.345703125,-2.345703125,-2.345703125,1,93,False
+,48,40,48,40,88,88,3,1.9375,-1.9375,-1.9375,1,88,True
+,48,41,48,41,89,89,0,2.439453125,-2.439453125,-2.439453125,1,91,False
+,48,42,48,42,90,90,1,2.1328125,-2.1328125,-2.1328125,1,96,False
+,48,43,48,43,91,91,0,2.58203125,-2.58203125,-2.58203125,1,91,True
+,48,44,48,44,92,92,0,2.6015625,-2.6015625,-2.6015625,1,92,True
+,48,45,48,45,93,93,0,1.916015625,-1.916015625,-1.916015625,1,93,True
+,48,46,48,46,94,94,1,1.783203125,-1.783203125,-1.783203125,1,94,True
+,48,47,48,47,95,95,1,1.994140625,-1.994140625,-1.994140625,1,95,True
+,48,48,48,48,96,96,9,0.3701171875,-0.3701171875,-0.3701171875,1,96,True
+,48,49,48,49,97,97,1,2.72265625,-2.72265625,-2.72265625,1,97,True
+,48,50,48,50,98,98,3,2.173828125,-2.173828125,-2.173828125,1,98,True
+,48,51,48,51,99,99,1,2.888671875,-2.888671875,-2.888671875,1,105,False
+,48,52,48,52,100,100,3,3.478515625,-3.478515625,-3.478515625,1,112,False
+,48,53,48,53,101,101,3,3.12109375,-3.12109375,-3.12109375,1,107,False
+,48,54,48,54,102,102,0,2.248046875,-2.248046875,-2.248046875,1,108,False
+,48,55,48,55,103,103,0,2.58984375,-2.58984375,-2.58984375,1,107,False
+,48,56,48,56,104,104,0,2.634765625,-2.634765625,-2.634765625,1,112,False
+,48,57,48,57,105,105,1,2.759765625,-2.759765625,-2.759765625,1,105,True
+,48,58,48,58,106,106,1,2.85546875,-2.85546875,-2.85546875,1,122,False
+,48,59,48,59,107,107,1,2.916015625,-2.916015625,-2.916015625,1,107,True
+,48,60,48,60,108,108,0,0.9619140625,-0.9619140625,-0.9619140625,1,108,True
+,48,61,48,61,109,109,0,3.408203125,-3.408203125,-3.408203125,1,97,False
+,48,62,48,62,110,110,0,2.5546875,-2.5546875,-2.5546875,1,94,False
+,48,63,48,63,111,111,0,2.51953125,-2.51953125,-2.51953125,1,111,True
+,48,64,48,64,112,112,8,2.0390625,-2.0390625,-2.0390625,1,112,True
+,48,65,48,65,113,113,1,2.69921875,-2.69921875,-2.69921875,1,121,False
+,48,66,48,66,114,114,0,2.29296875,-2.29296875,-2.29296875,1,114,True
+,48,67,48,67,115,115,1,2.982421875,-2.982421875,-2.982421875,1,121,False
+,48,68,48,68,116,116,0,3.248046875,-3.248046875,-3.248046875,1,136,False
+,48,69,48,69,117,117,1,2.5,-2.5,-2.5,1,123,False
+,48,70,48,70,118,118,2,2.41015625,-2.41015625,-2.41015625,1,122,False
+,48,71,48,71,119,119,0,2.791015625,-2.791015625,-2.791015625,1,121,False
+,48,72,48,72,120,120,2,2.099609375,-2.099609375,-2.099609375,1,120,True
+,48,73,48,73,121,121,0,2.505859375,-2.505859375,-2.505859375,1,121,True
+,48,74,48,74,122,122,0,2.455078125,-2.455078125,-2.455078125,1,122,True
+,48,75,48,75,123,123,0,1.40625,-1.40625,-1.40625,1,123,True
+,48,76,48,76,124,124,0,2.859375,-2.859375,-2.859375,1,122,False
+,48,77,48,77,125,125,0,3.40625,-3.40625,-3.40625,1,121,False
+,48,78,48,78,126,126,0,2.275390625,-2.275390625,-2.275390625,1,126,True
+,48,79,48,79,127,127,0,3.14453125,-3.14453125,-3.14453125,1,137,False
+,48,80,48,80,128,128,0,2.2265625,-2.2265625,-2.2265625,1,128,True
+,48,81,48,81,129,129,0,2.66015625,-2.66015625,-2.66015625,1,135,False
+,48,82,48,82,130,130,0,2.8125,-2.8125,-2.8125,1,130,True
+,48,83,48,83,131,131,1,3.240234375,-3.240234375,-3.240234375,1,143,False
+,48,84,48,84,132,132,1,2.556640625,-2.556640625,-2.556640625,1,132,True
+,48,85,48,85,133,133,0,3.1796875,-3.1796875,-3.1796875,1,137,False
+,48,86,48,86,134,134,0,4.44921875,-4.44921875,-4.44921875,1,154,False
+,48,87,48,87,135,135,0,2.1171875,-2.1171875,-2.1171875,1,135,True
+,48,88,48,88,136,136,0,2.623046875,-2.623046875,-2.623046875,1,148,False
+,48,89,48,89,137,137,0,3.685546875,-3.685546875,-3.685546875,1,157,False
+,48,90,48,90,138,138,0,2.720703125,-2.720703125,-2.720703125,1,162,False
+,48,91,48,91,139,139,0,4.1015625,-4.1015625,-4.1015625,1,155,False
+,48,92,48,92,140,140,0,3.203125,-3.203125,-3.203125,1,160,False
+,48,93,48,93,141,141,0,3.431640625,-3.431640625,-3.431640625,1,147,False
+,48,94,48,94,142,142,0,3.00390625,-3.00390625,-3.00390625,1,146,False
+,48,95,48,95,143,143,0,2.880859375,-2.880859375,-2.880859375,1,137,False
+,48,96,48,96,144,144,0,2.01171875,-2.01171875,-2.01171875,1,144,True
+,48,97,48,97,145,145,0,3.166015625,-3.166015625,-3.166015625,1,121,False
+,48,98,48,98,146,146,0,3.0234375,-3.0234375,-3.0234375,1,148,False
+,48,99,48,99,147,147,0,3.578125,-3.578125,-3.578125,1,165,False
+,49,10,49,10,59,59,0,2.212890625,-2.212890625,-2.212890625,1,61,False
+,49,11,49,11,60,60,0,2.33984375,-2.33984375,-2.33984375,1,66,False
+,49,12,49,12,61,61,4,2.37109375,-2.37109375,-2.37109375,1,65,False
+,49,13,49,13,62,62,1,2.505859375,-2.505859375,-2.505859375,1,68,False
+,49,14,49,14,63,63,0,2.876953125,-2.876953125,-2.876953125,1,73,False
+,49,15,49,15,64,64,4,2.560546875,-2.560546875,-2.560546875,1,68,False
+,49,16,49,16,65,65,2,3.546875,-3.546875,-3.546875,1,77,False
+,49,17,49,17,66,66,0,2.76171875,-2.76171875,-2.76171875,1,68,False
+,49,18,49,18,67,67,1,3.78515625,-3.78515625,-3.78515625,1,77,False
+,49,19,49,19,68,68,0,2.98046875,-2.98046875,-2.98046875,1,74,False
+,49,20,49,20,69,69,1,2.626953125,-2.626953125,-2.626953125,1,79,False
+,49,21,49,21,70,70,1,2.033203125,-2.033203125,-2.033203125,1,70,True
+,49,22,49,22,71,71,0,3.0859375,-3.0859375,-3.0859375,1,77,False
+,49,23,49,23,72,72,0,3.478515625,-3.478515625,-3.478515625,1,68,False
+,49,24,49,24,73,73,2,2.9765625,-2.9765625,-2.9765625,1,74,False
+,49,25,49,25,74,74,3,1.8564453125,-1.8564453125,-1.8564453125,1,74,True
+,49,26,49,26,75,75,0,3.359375,-3.359375,-3.359375,1,77,False
+,49,27,49,27,76,76,1,2.388671875,-2.388671875,-2.388671875,1,74,False
+,49,28,49,28,77,77,0,2.251953125,-2.251953125,-2.251953125,1,77,True
+,49,29,49,29,78,78,0,2.537109375,-2.537109375,-2.537109375,1,74,False
+,49,30,49,30,79,79,0,2.572265625,-2.572265625,-2.572265625,1,77,False
+,49,31,49,31,80,80,0,2.5625,-2.5625,-2.5625,1,82,False
+,49,32,49,32,81,81,2,3.21484375,-3.21484375,-3.21484375,1,77,False
+,49,33,49,33,82,82,2,2.28515625,-2.28515625,-2.28515625,1,82,True
+,49,34,49,34,83,83,0,3.68359375,-3.68359375,-3.68359375,1,94,False
+,49,35,49,35,84,84,0,3.134765625,-3.134765625,-3.134765625,1,82,False
+,49,36,49,36,85,85,0,3.8359375,-3.8359375,-3.8359375,1,94,False
+,49,37,49,37,86,86,0,2.697265625,-2.697265625,-2.697265625,1,94,False
+,49,38,49,38,87,87,0,4.1875,-4.1875,-4.1875,1,94,False
+,49,39,49,39,88,88,0,2.44921875,-2.44921875,-2.44921875,1,94,False
+,49,40,49,40,89,89,0,3.1796875,-3.1796875,-3.1796875,1,94,False
+,49,41,49,41,90,90,1,3.11328125,-3.11328125,-3.11328125,1,94,False
+,49,42,49,42,91,91,0,3.158203125,-3.158203125,-3.158203125,1,94,False
+,49,43,49,43,92,92,0,2.880859375,-2.880859375,-2.880859375,1,94,False
+,49,44,49,44,93,93,0,3.482421875,-3.482421875,-3.482421875,1,94,False
+,49,45,49,45,94,94,0,2.1171875,-2.1171875,-2.1171875,1,94,True
+,49,46,49,46,95,95,1,3.162109375,-3.162109375,-3.162109375,1,94,False
+,49,47,49,47,96,96,0,2.583984375,-2.583984375,-2.583984375,1,94,False
+,49,48,49,48,97,97,0,3.19140625,-3.19140625,-3.19140625,1,98,False
+,49,49,49,49,98,98,6,0.1812744140625,-0.1812744140625,-0.1812744140625,1,98,True
+,49,50,49,50,99,99,2,3.171875,-3.171875,-3.171875,1,98,False
+,49,51,49,51,100,100,2,2.98828125,-2.98828125,-2.98828125,1,98,False
+,49,52,49,52,101,101,5,3.953125,-3.953125,-3.953125,1,106,False
+,49,53,49,53,102,102,0,3.28125,-3.28125,-3.28125,1,94,False
+,49,54,49,54,103,103,0,3.89453125,-3.89453125,-3.89453125,1,94,False
+,49,55,49,55,104,104,0,3.025390625,-3.025390625,-3.025390625,1,94,False
+,49,56,49,56,105,105,0,3.93359375,-3.93359375,-3.93359375,1,94,False
+,49,57,49,57,106,106,0,3.169921875,-3.169921875,-3.169921875,1,94,False
+,49,58,49,58,107,107,0,3.958984375,-3.958984375,-3.958984375,1,122,False
+,49,59,49,59,108,108,1,3.462890625,-3.462890625,-3.462890625,1,94,False
+,49,60,49,60,109,109,0,3.552734375,-3.552734375,-3.552734375,1,98,False
+,49,61,49,61,110,110,0,3.35546875,-3.35546875,-3.35546875,1,98,False
+,49,62,49,62,111,111,0,3.578125,-3.578125,-3.578125,1,121,False
+,49,63,49,63,112,112,1,3.232421875,-3.232421875,-3.232421875,1,94,False
+,49,64,49,64,113,113,2,3.27734375,-3.27734375,-3.27734375,1,121,False
+,49,65,49,65,114,114,0,3.58203125,-3.58203125,-3.58203125,1,94,False
+,49,66,49,66,115,115,0,3.99609375,-3.99609375,-3.99609375,1,121,False
+,49,67,49,67,116,116,0,3.19140625,-3.19140625,-3.19140625,1,122,False
+,49,68,49,68,117,117,0,4.35546875,-4.35546875,-4.35546875,1,122,False
+,49,69,49,69,118,118,0,3.181640625,-3.181640625,-3.181640625,1,124,False
+,49,70,49,70,119,119,1,3.333984375,-3.333984375,-3.333984375,1,122,False
+,49,71,49,71,120,120,0,3.33203125,-3.33203125,-3.33203125,1,122,False
+,49,72,49,72,121,121,1,3.001953125,-3.001953125,-3.001953125,1,122,False
+,49,73,49,73,122,122,0,2.646484375,-2.646484375,-2.646484375,1,122,True
+,49,74,49,74,123,123,0,3.384765625,-3.384765625,-3.384765625,1,122,False
+,49,75,49,75,124,124,0,2.28515625,-2.28515625,-2.28515625,1,124,True
+,49,76,49,76,125,125,0,3.6015625,-3.6015625,-3.6015625,1,122,False
+,49,77,49,77,126,126,0,3.064453125,-3.064453125,-3.064453125,1,122,False
+,49,78,49,78,127,127,0,4.22265625,-4.22265625,-4.22265625,1,118,False
+,49,79,49,79,128,128,0,3.4921875,-3.4921875,-3.4921875,1,148,False
+,49,80,49,80,129,129,0,3.67578125,-3.67578125,-3.67578125,1,122,False
+,49,81,49,81,130,130,2,3.2421875,-3.2421875,-3.2421875,1,134,False
+,49,82,49,82,131,131,0,4.1953125,-4.1953125,-4.1953125,1,122,False
+,49,83,49,83,132,132,0,3.48828125,-3.48828125,-3.48828125,1,142,False
+,49,84,49,84,133,133,0,3.99609375,-3.99609375,-3.99609375,1,148,False
+,49,85,49,85,134,134,0,3.169921875,-3.169921875,-3.169921875,1,148,False
+,49,86,49,86,135,135,0,4.4609375,-4.4609375,-4.4609375,1,148,False
+,49,87,49,87,136,136,0,3.40625,-3.40625,-3.40625,1,140,False
+,49,88,49,88,137,137,0,3.453125,-3.453125,-3.453125,1,143,False
+,49,89,49,89,138,138,0,3.837890625,-3.837890625,-3.837890625,1,148,False
+,49,90,49,90,139,139,0,4.2890625,-4.2890625,-4.2890625,1,169,False
+,49,91,49,91,140,140,0,3.251953125,-3.251953125,-3.251953125,1,148,False
+,49,92,49,92,141,141,0,3.560546875,-3.560546875,-3.560546875,1,149,False
+,49,93,49,93,142,142,0,3.314453125,-3.314453125,-3.314453125,1,146,False
+,49,94,49,94,143,143,3,3.578125,-3.578125,-3.578125,1,144,False
+,49,95,49,95,144,144,0,2.796875,-2.796875,-2.796875,1,144,True
+,49,96,49,96,145,145,0,3.787109375,-3.787109375,-3.787109375,1,148,False
+,49,97,49,97,146,146,0,2.927734375,-2.927734375,-2.927734375,1,146,True
+,49,98,49,98,147,147,1,2.740234375,-2.740234375,-2.740234375,1,149,False
+,49,99,49,99,148,148,0,2.505859375,-2.505859375,-2.505859375,1,164,False
+,50,10,50,10,60,60,15,0.853515625,-0.853515625,-0.853515625,1,60,True
+,50,11,50,11,61,61,0,0.748046875,-0.748046875,-0.748046875,1,61,True
+,50,12,50,12,62,62,4,0.91650390625,-0.91650390625,-0.91650390625,1,62,True
+,50,13,50,13,63,63,3,2.287109375,-2.287109375,-2.287109375,1,67,False
+,50,14,50,14,64,64,0,2.0703125,-2.0703125,-2.0703125,1,66,False
+,50,15,50,15,65,65,9,1.814453125,-1.814453125,-1.814453125,1,65,True
+,50,16,50,16,66,66,4,0.98291015625,-0.98291015625,-0.98291015625,1,66,True
+,50,17,50,17,67,67,2,2.140625,-2.140625,-2.140625,1,77,False
+,50,18,50,18,68,68,0,1.5263671875,-1.5263671875,-1.5263671875,1,68,True
+,50,19,50,19,69,69,0,2.150390625,-2.150390625,-2.150390625,1,79,False
+,50,20,50,20,70,70,16,0.86572265625,-0.86572265625,-0.86572265625,1,70,True
+,50,21,50,21,71,71,0,1.6806640625,-1.6806640625,-1.6806640625,1,71,True
+,50,22,50,22,72,72,0,2.140625,-2.140625,-2.140625,1,62,False
+,50,23,50,23,73,73,1,2.7890625,-2.7890625,-2.7890625,1,63,False
+,50,24,50,24,74,74,1,1.0908203125,-1.0908203125,-1.0908203125,1,74,True
+,50,25,50,25,75,75,14,0.8125,-0.8125,-0.8125,1,75,True
+,50,26,50,26,76,76,0,1.51953125,-1.51953125,-1.51953125,1,76,True
+,50,27,50,27,77,77,1,1.7275390625,-1.7275390625,-1.7275390625,1,77,True
+,50,28,50,28,78,78,2,1.4228515625,-1.4228515625,-1.4228515625,1,78,True
+,50,29,50,29,79,79,1,1.9287109375,-1.9287109375,-1.9287109375,1,79,True
+,50,30,50,30,80,80,21,1.0361328125,-1.0361328125,-1.0361328125,1,80,True
+,50,31,50,31,81,81,0,1.90625,-1.90625,-1.90625,1,91,False
+,50,32,50,32,82,82,0,1.140625,-1.140625,-1.140625,1,82,True
+,50,33,50,33,83,83,1,1.7802734375,-1.7802734375,-1.7802734375,1,83,True
+,50,34,50,34,84,84,1,2.474609375,-2.474609375,-2.474609375,1,94,False
+,50,35,50,35,85,85,5,1.576171875,-1.576171875,-1.576171875,1,85,True
+,50,36,50,36,86,86,2,2.232421875,-2.232421875,-2.232421875,1,86,True
+,50,37,50,37,87,87,0,2.384765625,-2.384765625,-2.384765625,1,97,False
+,50,38,50,38,88,88,0,1.9580078125,-1.9580078125,-1.9580078125,1,88,True
+,50,39,50,39,89,89,0,2.03125,-2.03125,-2.03125,1,89,True
+,50,40,50,40,90,90,19,1.431640625,-1.431640625,-1.431640625,1,90,True
+,50,41,50,41,91,91,0,1.5537109375,-1.5537109375,-1.5537109375,1,91,True
+,50,42,50,42,92,92,2,1.8759765625,-1.8759765625,-1.8759765625,1,92,True
+,50,43,50,43,93,93,0,2.779296875,-2.779296875,-2.779296875,1,83,False
+,50,44,50,44,94,94,1,2.23046875,-2.23046875,-2.23046875,1,94,True
+,50,45,50,45,95,95,18,1.3974609375,-1.3974609375,-1.3974609375,1,95,True
+,50,46,50,46,96,96,1,2.1328125,-2.1328125,-2.1328125,1,86,False
+,50,47,50,47,97,97,0,2.20703125,-2.20703125,-2.20703125,1,97,True
+,50,48,50,48,98,98,4,1.96875,-1.96875,-1.96875,1,98,True
+,50,49,50,49,99,99,2,2.21875,-2.21875,-2.21875,1,97,False
+,50,50,50,50,100,100,54,0.1611328125,-0.1611328125,-0.1611328125,1,100,True
+,50,51,50,51,101,101,6,1.302734375,-1.302734375,-1.302734375,1,101,True
+,50,52,50,52,102,102,0,2.16015625,-2.16015625,-2.16015625,1,102,True
+,50,53,50,53,103,103,0,3.0078125,-3.0078125,-3.0078125,1,97,False
+,50,54,50,54,104,104,0,2.8671875,-2.8671875,-2.8671875,1,94,False
+,50,55,50,55,105,105,4,2.033203125,-2.033203125,-2.033203125,1,95,False
+,50,56,50,56,106,106,0,2.376953125,-2.376953125,-2.376953125,1,106,True
+,50,57,50,57,107,107,0,2.703125,-2.703125,-2.703125,1,107,True
+,50,58,50,58,108,108,0,2.958984375,-2.958984375,-2.958984375,1,122,False
+,50,59,50,59,109,109,0,3.525390625,-3.525390625,-3.525390625,1,119,False
+,50,60,50,60,110,110,10,1.896484375,-1.896484375,-1.896484375,1,100,False
+,50,61,50,61,111,111,0,3.1953125,-3.1953125,-3.1953125,1,121,False
+,50,62,50,62,112,112,1,2.705078125,-2.705078125,-2.705078125,1,92,False
+,50,63,50,63,113,113,0,2.90234375,-2.90234375,-2.90234375,1,113,True
+,50,64,50,64,114,114,0,3.46875,-3.46875,-3.46875,1,94,False
+,50,65,50,65,115,115,3,2.568359375,-2.568359375,-2.568359375,1,95,False
+,50,66,50,66,116,116,0,2.9375,-2.9375,-2.9375,1,106,False
+,50,67,50,67,117,117,0,3.029296875,-3.029296875,-3.029296875,1,107,False
+,50,68,50,68,118,118,1,2.435546875,-2.435546875,-2.435546875,1,122,False
+,50,69,50,69,119,119,0,2.876953125,-2.876953125,-2.876953125,1,121,False
+,50,70,50,70,120,120,14,2.46875,-2.46875,-2.46875,1,110,False
+,50,71,50,71,121,121,1,1.318359375,-1.318359375,-1.318359375,1,121,True
+,50,72,50,72,122,122,1,1.7314453125,-1.7314453125,-1.7314453125,1,122,True
+,50,73,50,73,123,123,0,2.69921875,-2.69921875,-2.69921875,1,121,False
+,50,74,50,74,124,124,0,2.421875,-2.421875,-2.421875,1,124,True
+,50,75,50,75,125,125,1,2.12890625,-2.12890625,-2.12890625,1,125,True
+,50,76,50,76,126,126,0,2.701171875,-2.701171875,-2.701171875,1,122,False
+,50,77,50,77,127,127,0,2.9609375,-2.9609375,-2.9609375,1,121,False
+,50,78,50,78,128,128,0,3.056640625,-3.056640625,-3.056640625,1,148,False
+,50,79,50,79,129,129,0,3.591796875,-3.591796875,-3.591796875,1,149,False
+,50,80,50,80,130,130,0,2.09765625,-2.09765625,-2.09765625,1,130,True
+,50,81,50,81,131,131,0,3.2578125,-3.2578125,-3.2578125,1,121,False
+,50,82,50,82,132,132,0,3.263671875,-3.263671875,-3.263671875,1,122,False
+,50,83,50,83,133,133,0,3.302734375,-3.302734375,-3.302734375,1,143,False
+,50,84,50,84,134,134,0,3.611328125,-3.611328125,-3.611328125,1,154,False
+,50,85,50,85,135,135,1,3.845703125,-3.845703125,-3.845703125,1,155,False
+,50,86,50,86,136,136,0,4.46875,-4.46875,-4.46875,1,166,False
+,50,87,50,87,137,137,0,3.513671875,-3.513671875,-3.513671875,1,157,False
+,50,88,50,88,138,138,0,3.033203125,-3.033203125,-3.033203125,1,148,False
+,50,89,50,89,139,139,0,4.41015625,-4.41015625,-4.41015625,1,169,False
+,50,90,50,90,140,140,4,3.73046875,-3.73046875,-3.73046875,1,170,False
+,50,91,50,91,141,141,0,4.3125,-4.3125,-4.3125,1,181,False
+,50,92,50,92,142,142,0,2.958984375,-2.958984375,-2.958984375,1,152,False
+,50,93,50,93,143,143,0,3.654296875,-3.654296875,-3.654296875,1,163,False
+,50,94,50,94,144,144,0,3.203125,-3.203125,-3.203125,1,154,False
+,50,95,50,95,145,145,0,3.220703125,-3.220703125,-3.220703125,1,165,False
+,50,96,50,96,146,146,1,3.404296875,-3.404296875,-3.404296875,1,166,False
+,50,97,50,97,147,147,0,3.564453125,-3.564453125,-3.564453125,1,152,False
+,50,98,50,98,148,148,1,2.11328125,-2.11328125,-2.11328125,1,148,True
+,50,99,50,99,149,149,0,2.595703125,-2.595703125,-2.595703125,1,169,False
+,51,10,51,10,61,61,1,0.98583984375,-0.98583984375,-0.98583984375,1,61,True
+,51,11,51,11,62,62,3,1.4814453125,-1.4814453125,-1.4814453125,1,62,True
+,51,12,51,12,63,63,1,1.2705078125,-1.2705078125,-1.2705078125,1,63,True
+,51,13,51,13,64,64,0,2.220703125,-2.220703125,-2.220703125,1,68,False
+,51,14,51,14,65,65,0,2.73828125,-2.73828125,-2.73828125,1,71,False
+,51,15,51,15,66,66,1,1.4853515625,-1.4853515625,-1.4853515625,1,66,True
+,51,16,51,16,67,67,0,2.6953125,-2.6953125,-2.6953125,1,77,False
+,51,17,51,17,68,68,2,2.19140625,-2.19140625,-2.19140625,1,68,True
+,51,18,51,18,69,69,0,2.38671875,-2.38671875,-2.38671875,1,81,False
+,51,19,51,19,70,70,0,2.96875,-2.96875,-2.96875,1,76,False
+,51,20,51,20,71,71,1,2.009765625,-2.009765625,-2.009765625,1,71,True
+,51,21,51,21,72,72,0,2.33203125,-2.33203125,-2.33203125,1,72,True
+,51,22,51,22,73,73,0,2.544921875,-2.544921875,-2.544921875,1,77,False
+,51,23,51,23,74,74,1,3.466796875,-3.466796875,-3.466796875,1,68,False
+,51,24,51,24,75,75,1,2.51953125,-2.51953125,-2.51953125,1,75,True
+,51,25,51,25,76,76,0,1.658203125,-1.658203125,-1.658203125,1,76,True
+,51,26,51,26,77,77,0,2.248046875,-2.248046875,-2.248046875,1,77,True
+,51,27,51,27,78,78,1,2.134765625,-2.134765625,-2.134765625,1,78,True
+,51,28,51,28,79,79,0,2.646484375,-2.646484375,-2.646484375,1,77,False
+,51,29,51,29,80,80,0,2.287109375,-2.287109375,-2.287109375,1,76,False
+,51,30,51,30,81,81,0,1.21875,-1.21875,-1.21875,1,81,True
+,51,31,51,31,82,82,0,1.7548828125,-1.7548828125,-1.7548828125,1,82,True
+,51,32,51,32,83,83,0,2.28125,-2.28125,-2.28125,1,83,True
+,51,33,51,33,84,84,0,2.484375,-2.484375,-2.484375,1,88,False
+,51,34,51,34,85,85,2,3.36328125,-3.36328125,-3.36328125,1,88,False
+,51,35,51,35,86,86,0,2.291015625,-2.291015625,-2.291015625,1,88,False
+,51,36,51,36,87,87,0,3.09765625,-3.09765625,-3.09765625,1,96,False
+,51,37,51,37,88,88,0,2.2109375,-2.2109375,-2.2109375,1,94,False
+,51,38,51,38,89,89,0,3.1796875,-3.1796875,-3.1796875,1,94,False
+,51,39,51,39,90,90,0,2.560546875,-2.560546875,-2.560546875,1,96,False
+,51,40,51,40,91,91,1,2.431640625,-2.431640625,-2.431640625,1,92,False
+,51,41,51,41,92,92,1,1.8828125,-1.8828125,-1.8828125,1,92,True
+,51,42,51,42,93,93,1,2.408203125,-2.408203125,-2.408203125,1,93,True
+,51,43,51,43,94,94,1,2.466796875,-2.466796875,-2.466796875,1,94,True
+,51,44,51,44,95,95,0,2.7421875,-2.7421875,-2.7421875,1,94,False
+,51,45,51,45,96,96,0,1.9619140625,-1.9619140625,-1.9619140625,1,96,True
+,51,46,51,46,97,97,0,2.75390625,-2.75390625,-2.75390625,1,95,False
+,51,47,51,47,98,98,0,2.75,-2.75,-2.75,1,94,False
+,51,48,51,48,99,99,2,3.111328125,-3.111328125,-3.111328125,1,96,False
+,51,49,51,49,100,100,0,2.599609375,-2.599609375,-2.599609375,1,98,False
+,51,50,51,50,101,101,2,1.3837890625,-1.3837890625,-1.3837890625,1,101,True
+,51,51,51,51,102,102,0,0.259033203125,-0.259033203125,-0.259033203125,1,102,True
+,51,52,51,52,103,103,0,3.85546875,-3.85546875,-3.85546875,1,122,False
+,51,53,51,53,104,104,1,3.0859375,-3.0859375,-3.0859375,1,106,False
+,51,54,51,54,105,105,0,3.650390625,-3.650390625,-3.650390625,1,121,False
+,51,55,51,55,106,106,0,2.345703125,-2.345703125,-2.345703125,1,106,True
+,51,56,51,56,107,107,0,3.34765625,-3.34765625,-3.34765625,1,106,False
+,51,57,51,57,108,108,0,3.548828125,-3.548828125,-3.548828125,1,122,False
+,51,58,51,58,109,109,0,3.662109375,-3.662109375,-3.662109375,1,122,False
+,51,59,51,59,110,110,0,3.130859375,-3.130859375,-3.130859375,1,122,False
+,51,60,51,60,111,111,1,2.15234375,-2.15234375,-2.15234375,1,111,True
+,51,61,51,61,112,112,0,3.529296875,-3.529296875,-3.529296875,1,100,False
+,51,62,51,62,113,113,0,3.302734375,-3.302734375,-3.302734375,1,121,False
+,51,63,51,63,114,114,0,3.59765625,-3.59765625,-3.59765625,1,96,False
+,51,64,51,64,115,115,0,3.40234375,-3.40234375,-3.40234375,1,95,False
+,51,65,51,65,116,116,0,3.115234375,-3.115234375,-3.115234375,1,106,False
+,51,66,51,66,117,117,0,2.87890625,-2.87890625,-2.87890625,1,111,False
+,51,67,51,67,118,118,0,3.0859375,-3.0859375,-3.0859375,1,124,False
+,51,68,51,68,119,119,0,3.869140625,-3.869140625,-3.869140625,1,136,False
+,51,69,51,69,120,120,0,3.068359375,-3.068359375,-3.068359375,1,126,False
+,51,70,51,70,121,121,0,2.22265625,-2.22265625,-2.22265625,1,121,True
+,51,71,51,71,122,122,0,2.498046875,-2.498046875,-2.498046875,1,122,True
+,51,72,51,72,123,123,0,2.49609375,-2.49609375,-2.49609375,1,123,True
+,51,73,51,73,124,124,0,2.494140625,-2.494140625,-2.494140625,1,122,False
+,51,74,51,74,125,125,0,3.20703125,-3.20703125,-3.20703125,1,122,False
+,51,75,51,75,126,126,0,1.3603515625,-1.3603515625,-1.3603515625,1,126,True
+,51,76,51,76,127,127,1,3.22265625,-3.22265625,-3.22265625,1,136,False
+,51,77,51,77,128,128,0,2.955078125,-2.955078125,-2.955078125,1,136,False
+,51,78,51,78,129,129,0,3.392578125,-3.392578125,-3.392578125,1,126,False
+,51,79,51,79,130,130,0,3.404296875,-3.404296875,-3.404296875,1,140,False
+,51,80,51,80,131,131,0,2.720703125,-2.720703125,-2.720703125,1,121,False
+,51,81,51,81,132,132,0,3.095703125,-3.095703125,-3.095703125,1,144,False
+,51,82,51,82,133,133,0,4.14453125,-4.14453125,-4.14453125,1,142,False
+,51,83,51,83,134,134,0,3.529296875,-3.529296875,-3.529296875,1,140,False
+,51,84,51,84,135,135,0,2.861328125,-2.861328125,-2.861328125,1,135,True
+,51,85,51,85,136,136,0,3.267578125,-3.267578125,-3.267578125,1,152,False
+,51,86,51,86,137,137,0,4.3984375,-4.3984375,-4.3984375,1,166,False
+,51,87,51,87,138,138,0,3.53515625,-3.53515625,-3.53515625,1,144,False
+,51,88,51,88,139,139,0,3.212890625,-3.212890625,-3.212890625,1,143,False
+,51,89,51,89,140,140,0,4.00390625,-4.00390625,-4.00390625,1,166,False
+,51,90,51,90,141,141,0,3.427734375,-3.427734375,-3.427734375,1,171,False
+,51,91,51,91,142,142,0,4.90234375,-4.90234375,-4.90234375,1,172,False
+,51,92,51,92,143,143,2,3.78125,-3.78125,-3.78125,1,161,False
+,51,93,51,93,144,144,0,3.150390625,-3.150390625,-3.150390625,1,156,False
+,51,94,51,94,145,145,0,3.62109375,-3.62109375,-3.62109375,1,155,False
+,51,95,51,95,146,146,0,3.166015625,-3.166015625,-3.166015625,1,166,False
+,51,96,51,96,147,147,0,3.9140625,-3.9140625,-3.9140625,1,165,False
+,51,97,51,97,148,148,0,3.1015625,-3.1015625,-3.1015625,1,152,False
+,51,98,51,98,149,149,0,3.3046875,-3.3046875,-3.3046875,1,143,False
+,51,99,51,99,150,150,0,4.55859375,-4.55859375,-4.55859375,1,172,False
+,52,10,52,10,62,62,1,0.69775390625,-0.69775390625,-0.69775390625,1,62,True
+,52,11,52,11,63,63,0,1.703125,-1.703125,-1.703125,1,63,True
+,52,12,52,12,64,64,4,2.033203125,-2.033203125,-2.033203125,1,68,False
+,52,13,52,13,65,65,3,2.671875,-2.671875,-2.671875,1,67,False
+,52,14,52,14,66,66,2,1.787109375,-1.787109375,-1.787109375,1,66,True
+,52,15,52,15,67,67,0,2.341796875,-2.341796875,-2.341796875,1,77,False
+,52,16,52,16,68,68,0,2.220703125,-2.220703125,-2.220703125,1,76,False
+,52,17,52,17,69,69,0,3.087890625,-3.087890625,-3.087890625,1,77,False
+,52,18,52,18,70,70,0,2.97265625,-2.97265625,-2.97265625,1,86,False
+,52,19,52,19,71,71,0,3.859375,-3.859375,-3.859375,1,89,False
+,52,20,52,20,72,72,2,3.08984375,-3.08984375,-3.08984375,1,92,False
+,52,21,52,21,73,73,0,2.66015625,-2.66015625,-2.66015625,1,83,False
+,52,22,52,22,74,74,0,2.046875,-2.046875,-2.046875,1,74,True
+,52,23,52,23,75,75,1,3.658203125,-3.658203125,-3.658203125,1,77,False
+,52,24,52,24,76,76,2,2.1875,-2.1875,-2.1875,1,76,True
+,52,25,52,25,77,77,1,1.9521484375,-1.9521484375,-1.9521484375,1,77,True
+,52,26,52,26,78,78,0,2.130859375,-2.130859375,-2.130859375,1,86,False
+,52,27,52,27,79,79,1,3.123046875,-3.123046875,-3.123046875,1,77,False
+,52,28,52,28,80,80,0,2.66796875,-2.66796875,-2.66796875,1,86,False
+,52,29,52,29,81,81,0,3.22265625,-3.22265625,-3.22265625,1,91,False
+,52,30,52,30,82,82,2,1.80859375,-1.80859375,-1.80859375,1,82,True
+,52,31,52,31,83,83,0,3.158203125,-3.158203125,-3.158203125,1,91,False
+,52,32,52,32,84,84,0,3.31640625,-3.31640625,-3.31640625,1,92,False
+,52,33,52,33,85,85,0,3.255859375,-3.255859375,-3.255859375,1,91,False
+,52,34,52,34,86,86,0,3.572265625,-3.572265625,-3.572265625,1,91,False
+,52,35,52,35,87,87,2,2.84375,-2.84375,-2.84375,1,97,False
+,52,36,52,36,88,88,0,3.646484375,-3.646484375,-3.646484375,1,91,False
+,52,37,52,37,89,89,0,2.86328125,-2.86328125,-2.86328125,1,95,False
+,52,38,52,38,90,90,0,3.599609375,-3.599609375,-3.599609375,1,95,False
+,52,39,52,39,91,91,0,2.73046875,-2.73046875,-2.73046875,1,95,False
+,52,40,52,40,92,92,1,2.630859375,-2.630859375,-2.630859375,1,92,True
+,52,41,52,41,93,93,0,2.865234375,-2.865234375,-2.865234375,1,97,False
+,52,42,52,42,94,94,0,2.578125,-2.578125,-2.578125,1,92,False
+,52,43,52,43,95,95,0,2.69921875,-2.69921875,-2.69921875,1,95,True
+,52,44,52,44,96,96,0,3.67578125,-3.67578125,-3.67578125,1,97,False
+,52,45,52,45,97,97,1,2.5625,-2.5625,-2.5625,1,97,True
+,52,46,52,46,98,98,0,2.869140625,-2.869140625,-2.869140625,1,106,False
+,52,47,52,47,99,99,1,3.48828125,-3.48828125,-3.48828125,1,107,False
+,52,48,52,48,100,100,3,3.474609375,-3.474609375,-3.474609375,1,106,False
+,52,49,52,49,101,101,0,3.3125,-3.3125,-3.3125,1,107,False
+,52,50,52,50,102,102,0,2.349609375,-2.349609375,-2.349609375,1,122,False
+,52,51,52,51,103,103,0,3.1171875,-3.1171875,-3.1171875,1,121,False
+,52,52,52,52,104,104,0,1.3955078125,-1.3955078125,-1.3955078125,1,104,True
+,52,53,52,53,105,105,0,3.94921875,-3.94921875,-3.94921875,1,121,False
+,52,54,52,54,106,106,0,4.03125,-4.03125,-4.03125,1,121,False
+,52,55,52,55,107,107,0,2.861328125,-2.861328125,-2.861328125,1,121,False
+,52,56,52,56,108,108,0,3.80078125,-3.80078125,-3.80078125,1,121,False
+,52,57,52,57,109,109,0,3.470703125,-3.470703125,-3.470703125,1,121,False
+,52,58,52,58,110,110,0,3.50390625,-3.50390625,-3.50390625,1,122,False
+,52,59,52,59,111,111,1,3.525390625,-3.525390625,-3.525390625,1,121,False
+,52,60,52,60,112,112,0,2.1484375,-2.1484375,-2.1484375,1,112,True
+,52,61,52,61,113,113,1,3.552734375,-3.552734375,-3.552734375,1,103,False
+,52,62,52,62,114,114,0,4.015625,-4.015625,-4.015625,1,122,False
+,52,63,52,63,115,115,0,3.515625,-3.515625,-3.515625,1,121,False
+,52,64,52,64,116,116,1,3.322265625,-3.322265625,-3.322265625,1,112,False
+,52,65,52,65,117,117,0,3.33203125,-3.33203125,-3.33203125,1,107,False
+,52,66,52,66,118,118,0,3.140625,-3.140625,-3.140625,1,122,False
+,52,67,52,67,119,119,0,3.03515625,-3.03515625,-3.03515625,1,121,False
+,52,68,52,68,120,120,1,4.05078125,-4.05078125,-4.05078125,1,121,False
+,52,69,52,69,121,121,0,2.79296875,-2.79296875,-2.79296875,1,121,True
+,52,70,52,70,122,122,0,2.064453125,-2.064453125,-2.064453125,1,122,True
+,52,71,52,71,123,123,0,3.369140625,-3.369140625,-3.369140625,1,121,False
+,52,72,52,72,124,124,0,3.337890625,-3.337890625,-3.337890625,1,121,False
+,52,73,52,73,125,125,0,3.34765625,-3.34765625,-3.34765625,1,121,False
+,52,74,52,74,126,126,0,3.59375,-3.59375,-3.59375,1,121,False
+,52,75,52,75,127,127,0,2.46484375,-2.46484375,-2.46484375,1,121,False
+,52,76,52,76,128,128,0,3.93359375,-3.93359375,-3.93359375,1,121,False
+,52,77,52,77,129,129,0,2.974609375,-2.974609375,-2.974609375,1,121,False
+,52,78,52,78,130,130,0,3.009765625,-3.009765625,-3.009765625,1,130,True
+,52,79,52,79,131,131,0,3.326171875,-3.326171875,-3.326171875,1,135,False
+,52,80,52,80,132,132,0,2.845703125,-2.845703125,-2.845703125,1,132,True
+,52,81,52,81,133,133,0,2.939453125,-2.939453125,-2.939453125,1,131,False
+,52,82,52,82,134,134,0,3.73046875,-3.73046875,-3.73046875,1,121,False
+,52,83,52,83,135,135,0,2.97265625,-2.97265625,-2.97265625,1,135,True
+,52,84,52,84,136,136,1,3.419921875,-3.419921875,-3.419921875,1,137,False
+,52,85,52,85,137,137,0,3.07421875,-3.07421875,-3.07421875,1,147,False
+,52,86,52,86,138,138,0,4.46875,-4.46875,-4.46875,1,155,False
+,52,87,52,87,139,139,0,3.283203125,-3.283203125,-3.283203125,1,155,False
+,52,88,52,88,140,140,0,3.126953125,-3.126953125,-3.126953125,1,132,False
+,52,89,52,89,141,141,0,3.8828125,-3.8828125,-3.8828125,1,147,False
+,52,90,52,90,142,142,0,3.365234375,-3.365234375,-3.365234375,1,152,False
+,52,91,52,91,143,143,0,3.9609375,-3.9609375,-3.9609375,1,163,False
+,52,92,52,92,144,144,0,4.328125,-4.328125,-4.328125,1,152,False
+,52,93,52,93,145,145,0,3.5546875,-3.5546875,-3.5546875,1,155,False
+,52,94,52,94,146,146,0,3.35546875,-3.35546875,-3.35546875,1,154,False
+,52,95,52,95,147,147,0,3.15625,-3.15625,-3.15625,1,163,False
+,52,96,52,96,148,148,0,3.173828125,-3.173828125,-3.173828125,1,152,False
+,52,97,52,97,149,149,0,3.919921875,-3.919921875,-3.919921875,1,135,False
+,52,98,52,98,150,150,0,4.17578125,-4.17578125,-4.17578125,1,152,False
+,52,99,52,99,151,151,0,3.90234375,-3.90234375,-3.90234375,1,155,False
+,53,10,53,10,63,63,2,1.8671875,-1.8671875,-1.8671875,1,63,True
+,53,11,53,11,64,64,2,2.392578125,-2.392578125,-2.392578125,1,66,False
+,53,12,53,12,65,65,1,3.107421875,-3.107421875,-3.107421875,1,77,False
+,53,13,53,13,66,66,0,3.0078125,-3.0078125,-3.0078125,1,68,False
+,53,14,53,14,67,67,1,2.908203125,-2.908203125,-2.908203125,1,77,False
+,53,15,53,15,68,68,0,2.904296875,-2.904296875,-2.904296875,1,78,False
+,53,16,53,16,69,69,0,3.330078125,-3.330078125,-3.330078125,1,77,False
+,53,17,53,17,70,70,0,3.41015625,-3.41015625,-3.41015625,1,78,False
+,53,18,53,18,71,71,0,3.884765625,-3.884765625,-3.884765625,1,77,False
+,53,19,53,19,72,72,0,4.19921875,-4.19921875,-4.19921875,1,88,False
+,53,20,53,20,73,73,3,3.2890625,-3.2890625,-3.2890625,1,77,False
+,53,21,53,21,74,74,2,3.2421875,-3.2421875,-3.2421875,1,86,False
+,53,22,53,22,75,75,2,3.421875,-3.421875,-3.421875,1,77,False
+,53,23,53,23,76,76,3,3.734375,-3.734375,-3.734375,1,78,False
+,53,24,53,24,77,77,0,2.794921875,-2.794921875,-2.794921875,1,89,False
+,53,25,53,25,78,78,0,2.91796875,-2.91796875,-2.91796875,1,88,False
+,53,26,53,26,79,79,2,3.44921875,-3.44921875,-3.44921875,1,89,False
+,53,27,53,27,80,80,0,3.009765625,-3.009765625,-3.009765625,1,88,False
+,53,28,53,28,81,81,0,3.416015625,-3.416015625,-3.416015625,1,91,False
+,53,29,53,29,82,82,1,2.95703125,-2.95703125,-2.95703125,1,94,False
+,53,30,53,30,83,83,1,2.68359375,-2.68359375,-2.68359375,1,89,False
+,53,31,53,31,84,84,0,3.876953125,-3.876953125,-3.876953125,1,94,False
+,53,32,53,32,85,85,0,3.509765625,-3.509765625,-3.509765625,1,97,False
+,53,33,53,33,86,86,0,3.328125,-3.328125,-3.328125,1,94,False
+,53,34,53,34,87,87,0,4.06640625,-4.06640625,-4.06640625,1,95,False
+,53,35,53,35,88,88,1,2.99609375,-2.99609375,-2.99609375,1,94,False
+,53,36,53,36,89,89,0,3.546875,-3.546875,-3.546875,1,97,False
+,53,37,53,37,90,90,0,3.501953125,-3.501953125,-3.501953125,1,94,False
+,53,38,53,38,91,91,1,3.375,-3.375,-3.375,1,95,False
+,53,39,53,39,92,92,1,2.966796875,-2.966796875,-2.966796875,1,94,False
+,53,40,53,40,93,93,0,3.462890625,-3.462890625,-3.462890625,1,107,False
+,53,41,53,41,94,94,0,3.12890625,-3.12890625,-3.12890625,1,106,False
+,53,42,53,42,95,95,0,3.205078125,-3.205078125,-3.205078125,1,107,False
+,53,43,53,43,96,96,0,3.130859375,-3.130859375,-3.130859375,1,94,False
+,53,44,53,44,97,97,0,3.392578125,-3.392578125,-3.392578125,1,107,False
+,53,45,53,45,98,98,1,3.298828125,-3.298828125,-3.298828125,1,106,False
+,53,46,53,46,99,99,0,3.8125,-3.8125,-3.8125,1,107,False
+,53,47,53,47,100,100,0,4.19921875,-4.19921875,-4.19921875,1,106,False
+,53,48,53,48,101,101,0,4.09765625,-4.09765625,-4.09765625,1,107,False
+,53,49,53,49,102,102,1,3.900390625,-3.900390625,-3.900390625,1,106,False
+,53,50,53,50,103,103,0,3.654296875,-3.654296875,-3.654296875,1,107,False
+,53,51,53,51,104,104,1,4.5625,-4.5625,-4.5625,1,124,False
+,53,52,53,52,105,105,0,5.2734375,-5.2734375,-5.2734375,1,122,False
+,53,53,53,53,106,106,0,2.53515625,-2.53515625,-2.53515625,1,106,True
+,53,54,53,54,107,107,0,5.27734375,-5.27734375,-5.27734375,1,143,False
+,53,55,53,55,108,108,0,5.0390625,-5.0390625,-5.0390625,1,124,False
+,53,56,53,56,109,109,0,4.65625,-4.65625,-4.65625,1,135,False
+,53,57,53,57,110,110,1,4.44921875,-4.44921875,-4.44921875,1,124,False
+,53,58,53,58,111,111,0,4.36328125,-4.36328125,-4.36328125,1,135,False
+,53,59,53,59,112,112,0,4.1796875,-4.1796875,-4.1796875,1,124,False
+,53,60,53,60,113,113,1,3.072265625,-3.072265625,-3.072265625,1,107,False
+,53,61,53,61,114,114,0,4.20703125,-4.20703125,-4.20703125,1,122,False
+,53,62,53,62,115,115,0,3.619140625,-3.619140625,-3.619140625,1,121,False
+,53,63,53,63,116,116,0,3.634765625,-3.634765625,-3.634765625,1,122,False
+,53,64,53,64,117,117,0,3.451171875,-3.451171875,-3.451171875,1,121,False
+,53,65,53,65,118,118,0,3.19921875,-3.19921875,-3.19921875,1,122,False
+,53,66,53,66,119,119,0,3.41015625,-3.41015625,-3.41015625,1,121,False
+,53,67,53,67,120,120,0,3.49609375,-3.49609375,-3.49609375,1,124,False
+,53,68,53,68,121,121,0,3.240234375,-3.240234375,-3.240234375,1,135,False
+,53,69,53,69,122,122,0,3.173828125,-3.173828125,-3.173828125,1,122,True
+,53,70,53,70,123,123,1,3.5,-3.5,-3.5,1,121,False
+,53,71,53,71,124,124,0,3.15625,-3.15625,-3.15625,1,122,False
+,53,72,53,72,125,125,1,3.41796875,-3.41796875,-3.41796875,1,121,False
+,53,73,53,73,126,126,0,3.271484375,-3.271484375,-3.271484375,1,122,False
+,53,74,53,74,127,127,0,3.236328125,-3.236328125,-3.236328125,1,121,False
+,53,75,53,75,128,128,2,3.185546875,-3.185546875,-3.185546875,1,122,False
+,53,76,53,76,129,129,0,3.396484375,-3.396484375,-3.396484375,1,135,False
+,53,77,53,77,130,130,0,3.201171875,-3.201171875,-3.201171875,1,124,False
+,53,78,53,78,131,131,0,3.810546875,-3.810546875,-3.810546875,1,121,False
+,53,79,53,79,132,132,0,3.6171875,-3.6171875,-3.6171875,1,136,False
+,53,80,53,80,133,133,0,3.169921875,-3.169921875,-3.169921875,1,133,True
+,53,81,53,81,134,134,0,3.265625,-3.265625,-3.265625,1,136,False
+,53,82,53,82,135,135,1,3.08984375,-3.08984375,-3.08984375,1,135,True
+,53,83,53,83,136,136,0,3.287109375,-3.287109375,-3.287109375,1,140,False
+,53,84,53,84,137,137,0,3.41796875,-3.41796875,-3.41796875,1,135,False
+,53,85,53,85,138,138,0,3.376953125,-3.376953125,-3.376953125,1,142,False
+,53,86,53,86,139,139,0,3.8828125,-3.8828125,-3.8828125,1,147,False
+,53,87,53,87,140,140,0,3.140625,-3.140625,-3.140625,1,140,True
+,53,88,53,88,141,141,0,3.6484375,-3.6484375,-3.6484375,1,143,False
+,53,89,53,89,142,142,0,3.666015625,-3.666015625,-3.666015625,1,146,False
+,53,90,53,90,143,143,0,3.40625,-3.40625,-3.40625,1,163,False
+,53,91,53,91,144,144,0,3.611328125,-3.611328125,-3.611328125,1,154,False
+,53,92,53,92,145,145,0,3.8046875,-3.8046875,-3.8046875,1,163,False
+,53,93,53,93,146,146,0,3.35546875,-3.35546875,-3.35546875,1,154,False
+,53,94,53,94,147,147,0,3.376953125,-3.376953125,-3.376953125,1,147,True
+,53,95,53,95,148,148,0,3.25,-3.25,-3.25,1,138,False
+,53,96,53,96,149,149,0,4.05859375,-4.05859375,-4.05859375,1,163,False
+,53,97,53,97,150,150,0,4.4609375,-4.4609375,-4.4609375,1,134,False
+,53,98,53,98,151,151,0,4.44921875,-4.44921875,-4.44921875,1,143,False
+,53,99,53,99,152,152,0,3.654296875,-3.654296875,-3.654296875,1,160,False
+,54,10,54,10,64,64,1,1.802734375,-1.802734375,-1.802734375,1,68,False
+,54,11,54,11,65,65,2,2.541015625,-2.541015625,-2.541015625,1,67,False
+,54,12,54,12,66,66,4,1.9638671875,-1.9638671875,-1.9638671875,1,78,False
+,54,13,54,13,67,67,2,3.283203125,-3.283203125,-3.283203125,1,77,False
+,54,14,54,14,68,68,3,2.20703125,-2.20703125,-2.20703125,1,76,False
+,54,15,54,15,69,69,1,3.107421875,-3.107421875,-3.107421875,1,81,False
+,54,16,54,16,70,70,0,2.90234375,-2.90234375,-2.90234375,1,82,False
+,54,17,54,17,71,71,0,3.85546875,-3.85546875,-3.85546875,1,89,False
+,54,18,54,18,72,72,1,3.28515625,-3.28515625,-3.28515625,1,96,False
+,54,19,54,19,73,73,0,4.21484375,-4.21484375,-4.21484375,1,91,False
+,54,20,54,20,74,74,3,3.3828125,-3.3828125,-3.3828125,1,94,False
+,54,21,54,21,75,75,1,2.876953125,-2.876953125,-2.876953125,1,81,False
+,54,22,54,22,76,76,2,2.62890625,-2.62890625,-2.62890625,1,88,False
+,54,23,54,23,77,77,1,2.220703125,-2.220703125,-2.220703125,1,83,False
+,54,24,54,24,78,78,2,2.13671875,-2.13671875,-2.13671875,1,84,False
+,54,25,54,25,79,79,1,3.529296875,-3.529296875,-3.529296875,1,89,False
+,54,26,54,26,80,80,0,3.16015625,-3.16015625,-3.16015625,1,92,False
+,54,27,54,27,81,81,3,1.9873046875,-1.9873046875,-1.9873046875,1,93,False
+,54,28,54,28,82,82,2,2.61328125,-2.61328125,-2.61328125,1,92,False
+,54,29,54,29,83,83,0,3.0390625,-3.0390625,-3.0390625,1,89,False
+,54,30,54,30,84,84,0,2.283203125,-2.283203125,-2.283203125,1,96,False
+,54,31,54,31,85,85,1,3.33203125,-3.33203125,-3.33203125,1,95,False
+,54,32,54,32,86,86,1,3.044921875,-3.044921875,-3.044921875,1,94,False
+,54,33,54,33,87,87,0,3.537109375,-3.537109375,-3.537109375,1,99,False
+,54,34,54,34,88,88,0,3.6875,-3.6875,-3.6875,1,95,False
+,54,35,54,35,89,89,0,2.80859375,-2.80859375,-2.80859375,1,97,False
+,54,36,54,36,90,90,2,4.37109375,-4.37109375,-4.37109375,1,99,False
+,54,37,54,37,91,91,0,3.06640625,-3.06640625,-3.06640625,1,95,False
+,54,38,54,38,92,92,0,3.103515625,-3.103515625,-3.103515625,1,94,False
+,54,39,54,39,93,93,0,2.818359375,-2.818359375,-2.818359375,1,99,False
+,54,40,54,40,94,94,0,3.00390625,-3.00390625,-3.00390625,1,94,True
+,54,41,54,41,95,95,0,3.0,-3.0,-3.0,1,121,False
+,54,42,54,42,96,96,1,2.9375,-2.9375,-2.9375,1,96,True
+,54,43,54,43,97,97,0,3.15234375,-3.15234375,-3.15234375,1,113,False
+,54,44,54,44,98,98,0,3.646484375,-3.646484375,-3.646484375,1,121,False
+,54,45,54,45,99,99,2,3.173828125,-3.173828125,-3.173828125,1,111,False
+,54,46,54,46,100,100,0,3.595703125,-3.595703125,-3.595703125,1,106,False
+,54,47,54,47,101,101,1,3.82421875,-3.82421875,-3.82421875,1,121,False
+,54,48,54,48,102,102,1,3.537109375,-3.537109375,-3.537109375,1,111,False
+,54,49,54,49,103,103,0,3.791015625,-3.791015625,-3.791015625,1,121,False
+,54,50,54,50,104,104,0,3.53515625,-3.53515625,-3.53515625,1,122,False
+,54,51,54,51,105,105,0,4.89453125,-4.89453125,-4.89453125,1,135,False
+,54,52,54,52,106,106,0,5.234375,-5.234375,-5.234375,1,137,False
+,54,53,54,53,107,107,2,4.26953125,-4.26953125,-4.26953125,1,143,False
+,54,54,54,54,108,108,6,2.306640625,-2.306640625,-2.306640625,1,162,False
+,54,55,54,55,109,109,0,5.97265625,-5.97265625,-5.97265625,1,143,False
+,54,56,54,56,110,110,1,5.70703125,-5.70703125,-5.70703125,1,143,False
+,54,57,54,57,111,111,0,5.28125,-5.28125,-5.28125,1,135,False
+,54,58,54,58,112,112,0,5.5859375,-5.5859375,-5.5859375,1,143,False
+,54,59,54,59,113,113,0,3.88671875,-3.88671875,-3.88671875,1,127,False
+,54,60,54,60,114,114,0,2.818359375,-2.818359375,-2.818359375,1,126,False
+,54,61,54,61,115,115,0,3.654296875,-3.654296875,-3.654296875,1,121,False
+,54,62,54,62,116,116,0,3.365234375,-3.365234375,-3.365234375,1,122,False
+,54,63,54,63,117,117,0,3.24609375,-3.24609375,-3.24609375,1,121,False
+,54,64,54,64,118,118,0,2.853515625,-2.853515625,-2.853515625,1,122,False
+,54,65,54,65,119,119,0,3.138671875,-3.138671875,-3.138671875,1,121,False
+,54,66,54,66,120,120,0,3.19921875,-3.19921875,-3.19921875,1,126,False
+,54,67,54,67,121,121,0,2.634765625,-2.634765625,-2.634765625,1,121,True
+,54,68,54,68,122,122,0,3.875,-3.875,-3.875,1,137,False
+,54,69,54,69,123,123,0,3.15625,-3.15625,-3.15625,1,135,False
+,54,70,54,70,124,124,0,3.142578125,-3.142578125,-3.142578125,1,121,False
+,54,71,54,71,125,125,0,3.0,-3.0,-3.0,1,121,False
+,54,72,54,72,126,126,0,3.3046875,-3.3046875,-3.3046875,1,135,False
+,54,73,54,73,127,127,0,2.662109375,-2.662109375,-2.662109375,1,121,False
+,54,74,54,74,128,128,0,4.109375,-4.109375,-4.109375,1,121,False
+,54,75,54,75,129,129,0,2.51171875,-2.51171875,-2.51171875,1,129,True
+,54,76,54,76,130,130,0,4.06640625,-4.06640625,-4.06640625,1,137,False
+,54,77,54,77,131,131,0,3.18359375,-3.18359375,-3.18359375,1,121,False
+,54,78,54,78,132,132,0,3.359375,-3.359375,-3.359375,1,135,False
+,54,79,54,79,133,133,0,3.294921875,-3.294921875,-3.294921875,1,137,False
+,54,80,54,80,134,134,0,3.2890625,-3.2890625,-3.2890625,1,137,False
+,54,81,54,81,135,135,1,2.025390625,-2.025390625,-2.025390625,1,135,True
+,54,82,54,82,136,136,0,3.59375,-3.59375,-3.59375,1,137,False
+,54,83,54,83,137,137,0,3.19921875,-3.19921875,-3.19921875,1,155,False
+,54,84,54,84,138,138,1,3.74609375,-3.74609375,-3.74609375,1,135,False
+,54,85,54,85,139,139,0,3.517578125,-3.517578125,-3.517578125,1,157,False
+,54,86,54,86,140,140,0,4.5859375,-4.5859375,-4.5859375,1,163,False
+,54,87,54,87,141,141,0,3.287109375,-3.287109375,-3.287109375,1,135,False
+,54,88,54,88,142,142,0,2.912109375,-2.912109375,-2.912109375,1,154,False
+,54,89,54,89,143,143,0,3.53125,-3.53125,-3.53125,1,155,False
+,54,90,54,90,144,144,0,3.458984375,-3.458984375,-3.458984375,1,153,False
+,54,91,54,91,145,145,0,3.361328125,-3.361328125,-3.361328125,1,155,False
+,54,92,54,92,146,146,0,3.814453125,-3.814453125,-3.814453125,1,170,False
+,54,93,54,93,147,147,0,3.212890625,-3.212890625,-3.212890625,1,165,False
+,54,94,54,94,148,148,0,3.72265625,-3.72265625,-3.72265625,1,154,False
+,54,95,54,95,149,149,0,3.296875,-3.296875,-3.296875,1,163,False
+,54,96,54,96,150,150,0,4.06640625,-4.06640625,-4.06640625,1,162,False
+,54,97,54,97,151,151,0,3.904296875,-3.904296875,-3.904296875,1,137,False
+,54,98,54,98,152,152,0,3.6875,-3.6875,-3.6875,1,154,False
+,54,99,54,99,153,153,0,3.634765625,-3.634765625,-3.634765625,1,165,False
+,55,10,55,10,65,65,2,0.79248046875,-0.79248046875,-0.79248046875,1,65,True
+,55,11,55,11,66,66,2,0.95703125,-0.95703125,-0.95703125,1,66,True
+,55,12,55,12,67,67,1,1.7724609375,-1.7724609375,-1.7724609375,1,77,False
+,55,13,55,13,68,68,0,2.04296875,-2.04296875,-2.04296875,1,78,False
+,55,14,55,14,69,69,0,2.97265625,-2.97265625,-2.97265625,1,77,False
+,55,15,55,15,70,70,4,3.416015625,-3.416015625,-3.416015625,1,78,False
+,55,16,55,16,71,71,0,2.8984375,-2.8984375,-2.8984375,1,77,False
+,55,17,55,17,72,72,0,3.251953125,-3.251953125,-3.251953125,1,78,False
+,55,18,55,18,73,73,1,3.736328125,-3.736328125,-3.736328125,1,77,False
+,55,19,55,19,74,74,0,3.3671875,-3.3671875,-3.3671875,1,88,False
+,55,20,55,20,75,75,0,3.099609375,-3.099609375,-3.099609375,1,95,False
+,55,21,55,21,76,76,2,2.62890625,-2.62890625,-2.62890625,1,76,True
+,55,22,55,22,77,77,2,1.8046875,-1.8046875,-1.8046875,1,77,True
+,55,23,55,23,78,78,0,2.330078125,-2.330078125,-2.330078125,1,88,False
+,55,24,55,24,79,79,0,3.171875,-3.171875,-3.171875,1,89,False
+,55,25,55,25,80,80,2,3.423828125,-3.423828125,-3.423828125,1,88,False
+,55,26,55,26,81,81,0,3.2578125,-3.2578125,-3.2578125,1,91,False
+,55,27,55,27,82,82,1,2.69140625,-2.69140625,-2.69140625,1,88,False
+,55,28,55,28,83,83,0,2.728515625,-2.728515625,-2.728515625,1,93,False
+,55,29,55,29,84,84,0,2.87890625,-2.87890625,-2.87890625,1,94,False
+,55,30,55,30,85,85,1,2.251953125,-2.251953125,-2.251953125,1,95,False
+,55,31,55,31,86,86,1,2.5234375,-2.5234375,-2.5234375,1,94,False
+,55,32,55,32,87,87,2,2.646484375,-2.646484375,-2.646484375,1,97,False
+,55,33,55,33,88,88,0,2.177734375,-2.177734375,-2.177734375,1,92,False
+,55,34,55,34,89,89,4,3.076171875,-3.076171875,-3.076171875,1,94,False
+,55,35,55,35,90,90,2,3.955078125,-3.955078125,-3.955078125,1,92,False
+,55,36,55,36,91,91,2,2.779296875,-2.779296875,-2.779296875,1,97,False
+,55,37,55,37,92,92,1,2.21484375,-2.21484375,-2.21484375,1,92,True
+,55,38,55,38,93,93,0,3.140625,-3.140625,-3.140625,1,97,False
+,55,39,55,39,94,94,0,2.068359375,-2.068359375,-2.068359375,1,94,True
+,55,40,55,40,95,95,5,2.283203125,-2.283203125,-2.283203125,1,95,True
+,55,41,55,41,96,96,0,2.333984375,-2.333984375,-2.333984375,1,96,True
+,55,42,55,42,97,97,0,2.712890625,-2.712890625,-2.712890625,1,97,True
+,55,43,55,43,98,98,0,2.86328125,-2.86328125,-2.86328125,1,92,False
+,55,44,55,44,99,99,0,2.775390625,-2.775390625,-2.775390625,1,99,True
+,55,45,55,45,100,100,2,3.634765625,-3.634765625,-3.634765625,1,92,False
+,55,46,55,46,101,101,0,2.609375,-2.609375,-2.609375,1,101,True
+,55,47,55,47,102,102,1,2.935546875,-2.935546875,-2.935546875,1,106,False
+,55,48,55,48,103,103,0,2.97265625,-2.97265625,-2.97265625,1,107,False
+,55,49,55,49,104,104,0,2.97265625,-2.97265625,-2.97265625,1,106,False
+,55,50,55,50,105,105,3,2.685546875,-2.685546875,-2.685546875,1,121,False
+,55,51,55,51,106,106,0,3.48046875,-3.48046875,-3.48046875,1,122,False
+,55,52,55,52,107,107,0,3.970703125,-3.970703125,-3.970703125,1,121,False
+,55,53,55,53,108,108,0,3.876953125,-3.876953125,-3.876953125,1,122,False
+,55,54,55,54,109,109,0,5.37890625,-5.37890625,-5.37890625,1,136,False
+,55,55,55,55,110,110,11,0.253662109375,-0.253662109375,-0.253662109375,1,110,True
+,55,56,55,56,111,111,0,5.6640625,-5.6640625,-5.6640625,1,143,False
+,55,57,55,57,112,112,0,5.375,-5.375,-5.375,1,148,False
+,55,58,55,58,113,113,0,5.0703125,-5.0703125,-5.0703125,1,143,False
+,55,59,55,59,114,114,1,5.078125,-5.078125,-5.078125,1,148,False
+,55,60,55,60,115,115,3,2.806640625,-2.806640625,-2.806640625,1,121,False
+,55,61,55,61,116,116,0,3.615234375,-3.615234375,-3.615234375,1,121,False
+,55,62,55,62,117,117,0,3.390625,-3.390625,-3.390625,1,121,False
+,55,63,55,63,118,118,0,3.02734375,-3.02734375,-3.02734375,1,122,False
+,55,64,55,64,119,119,0,3.234375,-3.234375,-3.234375,1,121,False
+,55,65,55,65,120,120,4,4.0234375,-4.0234375,-4.0234375,1,122,False
+,55,66,55,66,121,121,1,1.822265625,-1.822265625,-1.822265625,1,121,True
+,55,67,55,67,122,122,0,2.73828125,-2.73828125,-2.73828125,1,122,True
+,55,68,55,68,123,123,0,3.568359375,-3.568359375,-3.568359375,1,137,False
+,55,69,55,69,124,124,0,2.8828125,-2.8828125,-2.8828125,1,136,False
+,55,70,55,70,125,125,0,3.876953125,-3.876953125,-3.876953125,1,121,False
+,55,71,55,71,126,126,0,2.75390625,-2.75390625,-2.75390625,1,122,False
+,55,72,55,72,127,127,0,2.607421875,-2.607421875,-2.607421875,1,121,False
+,55,73,55,73,128,128,0,2.908203125,-2.908203125,-2.908203125,1,122,False
+,55,74,55,74,129,129,0,3.71875,-3.71875,-3.71875,1,121,False
+,55,75,55,75,130,130,1,4.0625,-4.0625,-4.0625,1,122,False
+,55,76,55,76,131,131,0,3.75,-3.75,-3.75,1,136,False
+,55,77,55,77,132,132,0,2.869140625,-2.869140625,-2.869140625,1,132,True
+,55,78,55,78,133,133,0,3.412109375,-3.412109375,-3.412109375,1,143,False
+,55,79,55,79,134,134,0,3.30078125,-3.30078125,-3.30078125,1,148,False
+,55,80,55,80,135,135,1,3.111328125,-3.111328125,-3.111328125,1,143,False
+,55,81,55,81,136,136,0,2.712890625,-2.712890625,-2.712890625,1,136,True
+,55,82,55,82,137,137,0,2.9296875,-2.9296875,-2.9296875,1,137,True
+,55,83,55,83,138,138,0,3.37890625,-3.37890625,-3.37890625,1,148,False
+,55,84,55,84,139,139,0,3.451171875,-3.451171875,-3.451171875,1,143,False
+,55,85,55,85,140,140,0,4.17578125,-4.17578125,-4.17578125,1,148,False
+,55,86,55,86,141,141,0,4.1953125,-4.1953125,-4.1953125,1,165,False
+,55,87,55,87,142,142,0,3.1640625,-3.1640625,-3.1640625,1,148,False
+,55,88,55,88,143,143,0,1.9921875,-1.9921875,-1.9921875,1,143,True
+,55,89,55,89,144,144,3,3.048828125,-3.048828125,-3.048828125,1,148,False
+,55,90,55,90,145,145,1,3.638671875,-3.638671875,-3.638671875,1,155,False
+,55,91,55,91,146,146,0,3.81640625,-3.81640625,-3.81640625,1,154,False
+,55,92,55,92,147,147,0,3.203125,-3.203125,-3.203125,1,153,False
+,55,93,55,93,148,148,0,2.720703125,-2.720703125,-2.720703125,1,148,True
+,55,94,55,94,149,149,0,3.708984375,-3.708984375,-3.708984375,1,143,False
+,55,95,55,95,150,150,0,5.03125,-5.03125,-5.03125,1,148,False
+,55,96,55,96,151,151,0,3.705078125,-3.705078125,-3.705078125,1,165,False
+,55,97,55,97,152,152,0,3.37890625,-3.37890625,-3.37890625,1,148,False
+,55,98,55,98,153,153,0,2.83203125,-2.83203125,-2.83203125,1,143,False
+,55,99,55,99,154,154,0,2.537109375,-2.537109375,-2.537109375,1,148,False
+,56,10,56,10,66,66,2,1.01171875,-1.01171875,-1.01171875,1,66,True
+,56,11,56,11,67,67,1,2.359375,-2.359375,-2.359375,1,77,False
+,56,12,56,12,68,68,1,2.005859375,-2.005859375,-2.005859375,1,76,False
+,56,13,56,13,69,69,0,3.08984375,-3.08984375,-3.08984375,1,77,False
+,56,14,56,14,70,70,2,1.955078125,-1.955078125,-1.955078125,1,78,False
+,56,15,56,15,71,71,0,3.34375,-3.34375,-3.34375,1,77,False
+,56,16,56,16,72,72,2,3.1171875,-3.1171875,-3.1171875,1,80,False
+,56,17,56,17,73,73,0,4.171875,-4.171875,-4.171875,1,77,False
+,56,18,56,18,74,74,0,3.111328125,-3.111328125,-3.111328125,1,82,False
+,56,19,56,19,75,75,0,4.125,-4.125,-4.125,1,91,False
+,56,20,56,20,76,76,3,2.751953125,-2.751953125,-2.751953125,1,92,False
+,56,21,56,21,77,77,1,2.41015625,-2.41015625,-2.41015625,1,91,False
+,56,22,56,22,78,78,1,2.26171875,-2.26171875,-2.26171875,1,82,False
+,56,23,56,23,79,79,1,3.26171875,-3.26171875,-3.26171875,1,83,False
+,56,24,56,24,80,80,2,2.28515625,-2.28515625,-2.28515625,1,88,False
+,56,25,56,25,81,81,1,3.40625,-3.40625,-3.40625,1,91,False
+,56,26,56,26,82,82,0,2.548828125,-2.548828125,-2.548828125,1,86,False
+,56,27,56,27,83,83,0,2.833984375,-2.833984375,-2.833984375,1,91,False
+,56,28,56,28,84,84,3,2.58984375,-2.58984375,-2.58984375,1,92,False
+,56,29,56,29,85,85,1,3.158203125,-3.158203125,-3.158203125,1,91,False
+,56,30,56,30,86,86,3,1.9580078125,-1.9580078125,-1.9580078125,1,94,False
+,56,31,56,31,87,87,0,3.40625,-3.40625,-3.40625,1,95,False
+,56,32,56,32,88,88,3,2.685546875,-2.685546875,-2.685546875,1,92,False
+,56,33,56,33,89,89,1,3.00390625,-3.00390625,-3.00390625,1,95,False
+,56,34,56,34,90,90,0,3.9296875,-3.9296875,-3.9296875,1,94,False
+,56,35,56,35,91,91,0,2.966796875,-2.966796875,-2.966796875,1,97,False
+,56,36,56,36,92,92,3,3.826171875,-3.826171875,-3.826171875,1,107,False
+,56,37,56,37,93,93,0,3.458984375,-3.458984375,-3.458984375,1,107,False
+,56,38,56,38,94,94,0,3.509765625,-3.509765625,-3.509765625,1,103,False
+,56,39,56,39,95,95,0,2.77734375,-2.77734375,-2.77734375,1,103,False
+,56,40,56,40,96,96,3,2.958984375,-2.958984375,-2.958984375,1,96,True
+,56,41,56,41,97,97,0,3.0078125,-3.0078125,-3.0078125,1,107,False
+,56,42,56,42,98,98,0,3.12890625,-3.12890625,-3.12890625,1,106,False
+,56,43,56,43,99,99,0,3.38671875,-3.38671875,-3.38671875,1,107,False
+,56,44,56,44,100,100,0,4.19921875,-4.19921875,-4.19921875,1,121,False
+,56,45,56,45,101,101,1,3.333984375,-3.333984375,-3.333984375,1,121,False
+,56,46,56,46,102,102,0,2.78515625,-2.78515625,-2.78515625,1,106,False
+,56,47,56,47,103,103,1,3.896484375,-3.896484375,-3.896484375,1,121,False
+,56,48,56,48,104,104,0,3.654296875,-3.654296875,-3.654296875,1,121,False
+,56,49,56,49,105,105,0,4.03125,-4.03125,-4.03125,1,121,False
+,56,50,56,50,106,106,3,2.943359375,-2.943359375,-2.943359375,1,122,False
+,56,51,56,51,107,107,0,4.8046875,-4.8046875,-4.8046875,1,121,False
+,56,52,56,52,108,108,0,6.04296875,-6.04296875,-6.04296875,1,137,False
+,56,53,56,53,109,109,0,5.16796875,-5.16796875,-5.16796875,1,135,False
+,56,54,56,54,110,110,0,5.44140625,-5.44140625,-5.44140625,1,143,False
+,56,55,56,55,111,111,1,5.5234375,-5.5234375,-5.5234375,1,143,False
+,56,56,56,56,112,112,2,1.7353515625,-1.7353515625,-1.7353515625,1,168,False
+,56,57,56,57,113,113,0,6.32421875,-6.32421875,-6.32421875,1,143,False
+,56,58,56,58,114,114,0,7.62890625,-7.62890625,-7.62890625,1,143,False
+,56,59,56,59,115,115,0,5.3203125,-5.3203125,-5.3203125,1,143,False
+,56,60,56,60,116,116,0,3.458984375,-3.458984375,-3.458984375,1,121,False
+,56,61,56,61,117,117,0,3.603515625,-3.603515625,-3.603515625,1,121,False
+,56,62,56,62,118,118,0,2.962890625,-2.962890625,-2.962890625,1,122,False
+,56,63,56,63,119,119,0,3.361328125,-3.361328125,-3.361328125,1,121,False
+,56,64,56,64,120,120,2,3.359375,-3.359375,-3.359375,1,121,False
+,56,65,56,65,121,121,3,2.244140625,-2.244140625,-2.244140625,1,121,True
+,56,66,56,66,122,122,0,3.416015625,-3.416015625,-3.416015625,1,121,False
+,56,67,56,67,123,123,0,3.890625,-3.890625,-3.890625,1,135,False
+,56,68,56,68,124,124,0,4.98046875,-4.98046875,-4.98046875,1,137,False
+,56,69,56,69,125,125,0,3.892578125,-3.892578125,-3.892578125,1,143,False
+,56,70,56,70,126,126,2,3.244140625,-3.244140625,-3.244140625,1,121,False
+,56,71,56,71,127,127,0,2.978515625,-2.978515625,-2.978515625,1,121,False
+,56,72,56,72,128,128,0,4.07421875,-4.07421875,-4.07421875,1,121,False
+,56,73,56,73,129,129,0,3.126953125,-3.126953125,-3.126953125,1,127,False
+,56,74,56,74,130,130,0,4.421875,-4.421875,-4.421875,1,121,False
+,56,75,56,75,131,131,0,3.111328125,-3.111328125,-3.111328125,1,121,False
+,56,76,56,76,132,132,0,4.6640625,-4.6640625,-4.6640625,1,137,False
+,56,77,56,77,133,133,0,3.470703125,-3.470703125,-3.470703125,1,135,False
+,56,78,56,78,134,134,1,3.865234375,-3.865234375,-3.865234375,1,121,False
+,56,79,56,79,135,135,0,3.380859375,-3.380859375,-3.380859375,1,137,False
+,56,80,56,80,136,136,1,3.26171875,-3.26171875,-3.26171875,1,121,False
+,56,81,56,81,137,137,0,3.087890625,-3.087890625,-3.087890625,1,121,False
+,56,82,56,82,138,138,0,4.33984375,-4.33984375,-4.33984375,1,121,False
+,56,83,56,83,139,139,0,3.3359375,-3.3359375,-3.3359375,1,143,False
+,56,84,56,84,140,140,1,3.7109375,-3.7109375,-3.7109375,1,137,False
+,56,85,56,85,141,141,0,3.388671875,-3.388671875,-3.388671875,1,147,False
+,56,86,56,86,142,142,0,4.55859375,-4.55859375,-4.55859375,1,165,False
+,56,87,56,87,143,143,0,3.5625,-3.5625,-3.5625,1,155,False
+,56,88,56,88,144,144,0,3.09375,-3.09375,-3.09375,1,136,False
+,56,89,56,89,145,145,1,3.470703125,-3.470703125,-3.470703125,1,147,False
+,56,90,56,90,146,146,1,3.30859375,-3.30859375,-3.30859375,1,166,False
+,56,91,56,91,147,147,0,3.29296875,-3.29296875,-3.29296875,1,147,True
+,56,92,56,92,148,148,0,3.494140625,-3.494140625,-3.494140625,1,152,False
+,56,93,56,93,149,149,1,3.91796875,-3.91796875,-3.91796875,1,121,False
+,56,94,56,94,150,150,0,4.4296875,-4.4296875,-4.4296875,1,146,False
+,56,95,56,95,151,151,0,3.740234375,-3.740234375,-3.740234375,1,137,False
+,56,96,56,96,152,152,0,3.91015625,-3.91015625,-3.91015625,1,148,False
+,56,97,56,97,153,153,0,4.5078125,-4.5078125,-4.5078125,1,121,False
+,56,98,56,98,154,154,0,3.630859375,-3.630859375,-3.630859375,1,148,False
+,56,99,56,99,155,155,0,3.75,-3.75,-3.75,1,121,False
+,57,10,57,10,67,67,0,1.83984375,-1.83984375,-1.83984375,1,67,True
+,57,11,57,11,68,68,2,1.95703125,-1.95703125,-1.95703125,1,68,True
+,57,12,57,12,69,69,1,2.3515625,-2.3515625,-2.3515625,1,75,False
+,57,13,57,13,70,70,1,2.86328125,-2.86328125,-2.86328125,1,76,False
+,57,14,57,14,71,71,1,2.919921875,-2.919921875,-2.919921875,1,77,False
+,57,15,57,15,72,72,0,3.34765625,-3.34765625,-3.34765625,1,78,False
+,57,16,57,16,73,73,1,3.259765625,-3.259765625,-3.259765625,1,77,False
+,57,17,57,17,74,74,0,3.25,-3.25,-3.25,1,88,False
+,57,18,57,18,75,75,0,2.802734375,-2.802734375,-2.802734375,1,81,False
+,57,19,57,19,76,76,1,3.287109375,-3.287109375,-3.287109375,1,88,False
+,57,20,57,20,77,77,1,3.166015625,-3.166015625,-3.166015625,1,95,False
+,57,21,57,21,78,78,0,2.794921875,-2.794921875,-2.794921875,1,84,False
+,57,22,57,22,79,79,0,3.091796875,-3.091796875,-3.091796875,1,77,False
+,57,23,57,23,80,80,0,3.1171875,-3.1171875,-3.1171875,1,88,False
+,57,24,57,24,81,81,1,3.2421875,-3.2421875,-3.2421875,1,89,False
+,57,25,57,25,82,82,0,2.619140625,-2.619140625,-2.619140625,1,88,False
+,57,26,57,26,83,83,0,3.294921875,-3.294921875,-3.294921875,1,89,False
+,57,27,57,27,84,84,0,2.986328125,-2.986328125,-2.986328125,1,90,False
+,57,28,57,28,85,85,0,2.81640625,-2.81640625,-2.81640625,1,91,False
+,57,29,57,29,86,86,0,2.83984375,-2.83984375,-2.83984375,1,88,False
+,57,30,57,30,87,87,0,2.48046875,-2.48046875,-2.48046875,1,93,False
+,57,31,57,31,88,88,1,2.7109375,-2.7109375,-2.7109375,1,94,False
+,57,32,57,32,89,89,2,2.75390625,-2.75390625,-2.75390625,1,95,False
+,57,33,57,33,90,90,1,3.40625,-3.40625,-3.40625,1,94,False
+,57,34,57,34,91,91,1,3.125,-3.125,-3.125,1,95,False
+,57,35,57,35,92,92,1,2.482421875,-2.482421875,-2.482421875,1,94,False
+,57,36,57,36,93,93,0,3.181640625,-3.181640625,-3.181640625,1,99,False
+,57,37,57,37,94,94,0,2.671875,-2.671875,-2.671875,1,94,True
+,57,38,57,38,95,95,2,2.802734375,-2.802734375,-2.802734375,1,95,True
+,57,39,57,39,96,96,0,2.791015625,-2.791015625,-2.791015625,1,96,True
+,57,40,57,40,97,97,1,2.796875,-2.796875,-2.796875,1,107,False
+,57,41,57,41,98,98,0,3.09375,-3.09375,-3.09375,1,94,False
+,57,42,57,42,99,99,1,3.150390625,-3.150390625,-3.150390625,1,99,True
+,57,43,57,43,100,100,1,3.326171875,-3.326171875,-3.326171875,1,94,False
+,57,44,57,44,101,101,0,3.302734375,-3.302734375,-3.302734375,1,107,False
+,57,45,57,45,102,102,0,2.837890625,-2.837890625,-2.837890625,1,102,True
+,57,46,57,46,103,103,0,2.888671875,-2.888671875,-2.888671875,1,103,True
+,57,47,57,47,104,104,0,3.2109375,-3.2109375,-3.2109375,1,106,False
+,57,48,57,48,105,105,0,3.26953125,-3.26953125,-3.26953125,1,105,True
+,57,49,57,49,106,106,0,2.943359375,-2.943359375,-2.943359375,1,106,True
+,57,50,57,50,107,107,0,2.8203125,-2.8203125,-2.8203125,1,107,True
+,57,51,57,51,108,108,2,4.2109375,-4.2109375,-4.2109375,1,122,False
+,57,52,57,52,109,109,0,4.328125,-4.328125,-4.328125,1,122,False
+,57,53,57,53,110,110,0,3.734375,-3.734375,-3.734375,1,122,False
+,57,54,57,54,111,111,0,4.703125,-4.703125,-4.703125,1,135,False
+,57,55,57,55,112,112,0,4.34765625,-4.34765625,-4.34765625,1,122,False
+,57,56,57,56,113,113,0,5.7109375,-5.7109375,-5.7109375,1,148,False
+,57,57,57,57,114,114,4,2.205078125,-2.205078125,-2.205078125,1,114,True
+,57,58,57,58,115,115,0,6.74609375,-6.74609375,-6.74609375,1,154,False
+,57,59,57,59,116,116,0,5.55078125,-5.55078125,-5.55078125,1,148,False
+,57,60,57,60,117,117,0,3.57421875,-3.57421875,-3.57421875,1,121,False
+,57,61,57,61,118,118,0,3.267578125,-3.267578125,-3.267578125,1,121,False
+,57,62,57,62,119,119,0,3.53515625,-3.53515625,-3.53515625,1,121,False
+,57,63,57,63,120,120,0,3.873046875,-3.873046875,-3.873046875,1,122,False
+,57,64,57,64,121,121,1,2.66796875,-2.66796875,-2.66796875,1,121,True
+,57,65,57,65,122,122,1,2.8359375,-2.8359375,-2.8359375,1,122,True
+,57,66,57,66,123,123,0,3.515625,-3.515625,-3.515625,1,129,False
+,57,67,57,67,124,124,0,3.203125,-3.203125,-3.203125,1,136,False
+,57,68,57,68,125,125,4,4.04296875,-4.04296875,-4.04296875,1,137,False
+,57,69,57,69,126,126,0,3.890625,-3.890625,-3.890625,1,144,False
+,57,70,57,70,127,127,0,3.23828125,-3.23828125,-3.23828125,1,122,False
+,57,71,57,71,128,128,0,3.396484375,-3.396484375,-3.396484375,1,122,False
+,57,72,57,72,129,129,0,2.833984375,-2.833984375,-2.833984375,1,135,False
+,57,73,57,73,130,130,0,2.96875,-2.96875,-2.96875,1,130,True
+,57,74,57,74,131,131,0,3.712890625,-3.712890625,-3.712890625,1,122,False
+,57,75,57,75,132,132,3,3.060546875,-3.060546875,-3.060546875,1,126,False
+,57,76,57,76,133,133,1,3.64453125,-3.64453125,-3.64453125,1,136,False
+,57,77,57,77,134,134,0,3.564453125,-3.564453125,-3.564453125,1,136,False
+,57,78,57,78,135,135,0,3.28125,-3.28125,-3.28125,1,129,False
+,57,79,57,79,136,136,0,3.376953125,-3.376953125,-3.376953125,1,148,False
+,57,80,57,80,137,137,0,3.25,-3.25,-3.25,1,142,False
+,57,81,57,81,138,138,0,3.591796875,-3.591796875,-3.591796875,1,144,False
+,57,82,57,82,139,139,0,3.673828125,-3.673828125,-3.673828125,1,137,False
+,57,83,57,83,140,140,0,3.05859375,-3.05859375,-3.05859375,1,140,True
+,57,84,57,84,141,141,0,3.466796875,-3.466796875,-3.466796875,1,135,False
+,57,85,57,85,142,142,0,2.9296875,-2.9296875,-2.9296875,1,142,True
+,57,86,57,86,143,143,1,4.0,-4.0,-4.0,1,155,False
+,57,87,57,87,144,144,0,3.19140625,-3.19140625,-3.19140625,1,144,True
+,57,88,57,88,145,145,0,3.560546875,-3.560546875,-3.560546875,1,143,False
+,57,89,57,89,146,146,0,3.38671875,-3.38671875,-3.38671875,1,154,False
+,57,90,57,90,147,147,0,2.84765625,-2.84765625,-2.84765625,1,147,True
+,57,91,57,91,148,148,0,3.376953125,-3.376953125,-3.376953125,1,154,False
+,57,92,57,92,149,149,1,3.859375,-3.859375,-3.859375,1,155,False
+,57,93,57,93,150,150,0,4.3046875,-4.3046875,-4.3046875,1,154,False
+,57,94,57,94,151,151,0,3.98828125,-3.98828125,-3.98828125,1,155,False
+,57,95,57,95,152,152,0,3.373046875,-3.373046875,-3.373046875,1,142,False
+,57,96,57,96,153,153,0,3.8046875,-3.8046875,-3.8046875,1,144,False
+,57,97,57,97,154,154,0,3.89453125,-3.89453125,-3.89453125,1,122,False
+,57,98,57,98,155,155,0,4.109375,-4.109375,-4.109375,1,143,False
+,57,99,57,99,156,156,0,3.84375,-3.84375,-3.84375,1,154,False
+,58,10,58,10,68,68,1,1.5576171875,-1.5576171875,-1.5576171875,1,68,True
+,58,11,58,11,69,69,3,2.546875,-2.546875,-2.546875,1,77,False
+,58,12,58,12,70,70,1,2.12890625,-2.12890625,-2.12890625,1,74,False
+,58,13,58,13,71,71,0,3.23046875,-3.23046875,-3.23046875,1,77,False
+,58,14,58,14,72,72,0,2.662109375,-2.662109375,-2.662109375,1,78,False
+,58,15,58,15,73,73,0,3.2578125,-3.2578125,-3.2578125,1,77,False
+,58,16,58,16,74,74,1,2.693359375,-2.693359375,-2.693359375,1,82,False
+,58,17,58,17,75,75,1,3.71875,-3.71875,-3.71875,1,89,False
+,58,18,58,18,76,76,1,3.046875,-3.046875,-3.046875,1,88,False
+,58,19,58,19,77,77,1,3.658203125,-3.658203125,-3.658203125,1,95,False
+,58,20,58,20,78,78,1,2.79296875,-2.79296875,-2.79296875,1,98,False
+,58,21,58,21,79,79,0,3.21484375,-3.21484375,-3.21484375,1,89,False
+,58,22,58,22,80,80,1,2.9453125,-2.9453125,-2.9453125,1,88,False
+,58,23,58,23,81,81,1,3.17578125,-3.17578125,-3.17578125,1,83,False
+,58,24,58,24,82,82,0,2.3046875,-2.3046875,-2.3046875,1,82,True
+,58,25,58,25,83,83,0,2.748046875,-2.748046875,-2.748046875,1,95,False
+,58,26,58,26,84,84,0,3.431640625,-3.431640625,-3.431640625,1,94,False
+,58,27,58,27,85,85,0,3.029296875,-3.029296875,-3.029296875,1,97,False
+,58,28,58,28,86,86,0,2.521484375,-2.521484375,-2.521484375,1,94,False
+,58,29,58,29,87,87,0,3.4765625,-3.4765625,-3.4765625,1,95,False
+,58,30,58,30,88,88,0,2.173828125,-2.173828125,-2.173828125,1,92,False
+,58,31,58,31,89,89,1,2.84765625,-2.84765625,-2.84765625,1,95,False
+,58,32,58,32,90,90,0,3.05859375,-3.05859375,-3.05859375,1,94,False
+,58,33,58,33,91,91,0,3.00390625,-3.00390625,-3.00390625,1,95,False
+,58,34,58,34,92,92,0,3.0234375,-3.0234375,-3.0234375,1,94,False
+,58,35,58,35,93,93,0,3.57421875,-3.57421875,-3.57421875,1,107,False
+,58,36,58,36,94,94,0,3.013671875,-3.013671875,-3.013671875,1,106,False
+,58,37,58,37,95,95,0,3.06640625,-3.06640625,-3.06640625,1,107,False
+,58,38,58,38,96,96,0,3.396484375,-3.396484375,-3.396484375,1,94,False
+,58,39,58,39,97,97,1,2.8984375,-2.8984375,-2.8984375,1,95,False
+,58,40,58,40,98,98,0,2.9296875,-2.9296875,-2.9296875,1,106,False
+,58,41,58,41,99,99,0,3.185546875,-3.185546875,-3.185546875,1,107,False
+,58,42,58,42,100,100,1,3.349609375,-3.349609375,-3.349609375,1,106,False
+,58,43,58,43,101,101,0,3.3046875,-3.3046875,-3.3046875,1,107,False
+,58,44,58,44,102,102,0,3.21875,-3.21875,-3.21875,1,106,False
+,58,45,58,45,103,103,0,3.138671875,-3.138671875,-3.138671875,1,107,False
+,58,46,58,46,104,104,0,3.060546875,-3.060546875,-3.060546875,1,106,False
+,58,47,58,47,105,105,0,3.580078125,-3.580078125,-3.580078125,1,107,False
+,58,48,58,48,106,106,0,2.88671875,-2.88671875,-2.88671875,1,106,True
+,58,49,58,49,107,107,0,3.25,-3.25,-3.25,1,113,False
+,58,50,58,50,108,108,1,3.046875,-3.046875,-3.046875,1,122,False
+,58,51,58,51,109,109,0,3.873046875,-3.873046875,-3.873046875,1,127,False
+,58,52,58,52,110,110,1,4.15625,-4.15625,-4.15625,1,122,False
+,58,53,58,53,111,111,0,4.015625,-4.015625,-4.015625,1,127,False
+,58,54,58,54,112,112,0,4.859375,-4.859375,-4.859375,1,127,False
+,58,55,58,55,113,113,0,4.97265625,-4.97265625,-4.97265625,1,143,False
+,58,56,58,56,114,114,0,6.23828125,-6.23828125,-6.23828125,1,143,False
+,58,57,58,57,115,115,0,7.10546875,-7.10546875,-7.10546875,1,173,False
+,58,58,58,58,116,116,3,4.40625,-4.40625,-4.40625,1,158,False
+,58,59,58,59,117,117,0,5.60546875,-5.60546875,-5.60546875,1,157,False
+,58,60,58,60,118,118,1,3.537109375,-3.537109375,-3.537109375,1,143,False
+,58,61,58,61,119,119,0,3.345703125,-3.345703125,-3.345703125,1,121,False
+,58,62,58,62,120,120,0,3.552734375,-3.552734375,-3.552734375,1,122,False
+,58,63,58,63,121,121,0,3.287109375,-3.287109375,-3.287109375,1,127,False
+,58,64,58,64,122,122,3,2.82421875,-2.82421875,-2.82421875,1,118,False
+,58,65,58,65,123,123,0,3.212890625,-3.212890625,-3.212890625,1,127,False
+,58,66,58,66,124,124,0,3.681640625,-3.681640625,-3.681640625,1,133,False
+,58,67,58,67,125,125,1,4.26171875,-4.26171875,-4.26171875,1,135,False
+,58,68,58,68,126,126,0,5.703125,-5.703125,-5.703125,1,143,False
+,58,69,58,69,127,127,0,4.0078125,-4.0078125,-4.0078125,1,143,False
+,58,70,58,70,128,128,0,3.57421875,-3.57421875,-3.57421875,1,122,False
+,58,71,58,71,129,129,0,3.2109375,-3.2109375,-3.2109375,1,127,False
+,58,72,58,72,130,130,1,3.75,-3.75,-3.75,1,127,False
+,58,73,58,73,131,131,0,3.34765625,-3.34765625,-3.34765625,1,127,False
+,58,74,58,74,132,132,0,4.05078125,-4.05078125,-4.05078125,1,127,False
+,58,75,58,75,133,133,0,2.841796875,-2.841796875,-2.841796875,1,127,False
+,58,76,58,76,134,134,0,4.09375,-4.09375,-4.09375,1,143,False
+,58,77,58,77,135,135,0,3.13671875,-3.13671875,-3.13671875,1,135,True
+,58,78,58,78,136,136,0,3.833984375,-3.833984375,-3.833984375,1,148,False
+,58,79,58,79,137,137,0,3.70703125,-3.70703125,-3.70703125,1,147,False
+,58,80,58,80,138,138,0,4.06640625,-4.06640625,-4.06640625,1,143,False
+,58,81,58,81,139,139,0,3.275390625,-3.275390625,-3.275390625,1,143,False
+,58,82,58,82,140,140,0,3.8984375,-3.8984375,-3.8984375,1,135,False
+,58,83,58,83,141,141,0,3.646484375,-3.646484375,-3.646484375,1,147,False
+,58,84,58,84,142,142,0,4.01953125,-4.01953125,-4.01953125,1,143,False
+,58,85,58,85,143,143,1,3.212890625,-3.212890625,-3.212890625,1,147,False
+,58,86,58,86,144,144,0,4.73828125,-4.73828125,-4.73828125,1,163,False
+,58,87,58,87,145,145,0,3.44140625,-3.44140625,-3.44140625,1,155,False
+,58,88,58,88,146,146,0,3.470703125,-3.470703125,-3.470703125,1,158,False
+,58,89,58,89,147,147,0,3.357421875,-3.357421875,-3.357421875,1,147,True
+,58,90,58,90,148,148,7,3.291015625,-3.291015625,-3.291015625,1,158,False
+,58,91,58,91,149,149,0,3.693359375,-3.693359375,-3.693359375,1,165,False
+,58,92,58,92,150,150,0,4.43359375,-4.43359375,-4.43359375,1,155,False
+,58,93,58,93,151,151,0,3.962890625,-3.962890625,-3.962890625,1,133,False
+,58,94,58,94,152,152,0,3.900390625,-3.900390625,-3.900390625,1,148,False
+,58,95,58,95,153,153,0,3.595703125,-3.595703125,-3.595703125,1,143,False
+,58,96,58,96,154,154,0,4.078125,-4.078125,-4.078125,1,148,False
+,58,97,58,97,155,155,0,4.30078125,-4.30078125,-4.30078125,1,121,False
+,58,98,58,98,156,156,0,4.15625,-4.15625,-4.15625,1,148,False
+,58,99,58,99,157,157,0,3.783203125,-3.783203125,-3.783203125,1,143,False
+,59,10,59,10,69,69,1,2.283203125,-2.283203125,-2.283203125,1,69,True
+,59,11,59,11,70,70,1,2.623046875,-2.623046875,-2.623046875,1,74,False
+,59,12,59,12,71,71,3,3.173828125,-3.173828125,-3.173828125,1,77,False
+,59,13,59,13,72,72,2,3.125,-3.125,-3.125,1,78,False
+,59,14,59,14,73,73,1,3.220703125,-3.220703125,-3.220703125,1,77,False
+,59,15,59,15,74,74,0,3.240234375,-3.240234375,-3.240234375,1,88,False
+,59,16,59,16,75,75,0,3.845703125,-3.845703125,-3.845703125,1,89,False
+,59,17,59,17,76,76,1,3.876953125,-3.876953125,-3.876953125,1,88,False
+,59,18,59,18,77,77,1,3.98828125,-3.98828125,-3.98828125,1,95,False
+,59,19,59,19,78,78,0,4.234375,-4.234375,-4.234375,1,94,False
+,59,20,59,20,79,79,0,3.9609375,-3.9609375,-3.9609375,1,89,False
+,59,21,59,21,80,80,0,3.4296875,-3.4296875,-3.4296875,1,88,False
+,59,22,59,22,81,81,0,3.892578125,-3.892578125,-3.892578125,1,95,False
+,59,23,59,23,82,82,0,3.205078125,-3.205078125,-3.205078125,1,88,False
+,59,24,59,24,83,83,1,3.07421875,-3.07421875,-3.07421875,1,89,False
+,59,25,59,25,84,84,1,3.4140625,-3.4140625,-3.4140625,1,88,False
+,59,26,59,26,85,85,0,3.8359375,-3.8359375,-3.8359375,1,97,False
+,59,27,59,27,86,86,0,3.19140625,-3.19140625,-3.19140625,1,92,False
+,59,28,59,28,87,87,0,3.724609375,-3.724609375,-3.724609375,1,95,False
+,59,29,59,29,88,88,0,2.609375,-2.609375,-2.609375,1,94,False
+,59,30,59,30,89,89,1,2.697265625,-2.697265625,-2.697265625,1,95,False
+,59,31,59,31,90,90,1,3.572265625,-3.572265625,-3.572265625,1,94,False
+,59,32,59,32,91,91,0,3.27734375,-3.27734375,-3.27734375,1,97,False
+,59,33,59,33,92,92,0,2.734375,-2.734375,-2.734375,1,98,False
+,59,34,59,34,93,93,0,3.845703125,-3.845703125,-3.845703125,1,95,False
+,59,35,59,35,94,94,0,2.416015625,-2.416015625,-2.416015625,1,94,True
+,59,36,59,36,95,95,0,2.94921875,-2.94921875,-2.94921875,1,95,True
+,59,37,59,37,96,96,0,3.4296875,-3.4296875,-3.4296875,1,106,False
+,59,38,59,38,97,97,0,3.40234375,-3.40234375,-3.40234375,1,107,False
+,59,39,59,39,98,98,0,2.8046875,-2.8046875,-2.8046875,1,94,False
+,59,40,59,40,99,99,0,3.060546875,-3.060546875,-3.060546875,1,99,True
+,59,41,59,41,100,100,0,3.416015625,-3.416015625,-3.416015625,1,106,False
+,59,42,59,42,101,101,0,3.3828125,-3.3828125,-3.3828125,1,106,False
+,59,43,59,43,102,102,1,3.212890625,-3.212890625,-3.212890625,1,106,False
+,59,44,59,44,103,103,0,3.380859375,-3.380859375,-3.380859375,1,95,False
+,59,45,59,45,104,104,0,2.935546875,-2.935546875,-2.935546875,1,106,False
+,59,46,59,46,105,105,0,3.86328125,-3.86328125,-3.86328125,1,106,False
+,59,47,59,47,106,106,0,2.826171875,-2.826171875,-2.826171875,1,106,True
+,59,48,59,48,107,107,0,3.23828125,-3.23828125,-3.23828125,1,106,False
+,59,49,59,49,108,108,1,3.412109375,-3.412109375,-3.412109375,1,106,False
+,59,50,59,50,109,109,1,3.384765625,-3.384765625,-3.384765625,1,106,False
+,59,51,59,51,110,110,0,3.533203125,-3.533203125,-3.533203125,1,122,False
+,59,52,59,52,111,111,0,4.46875,-4.46875,-4.46875,1,122,False
+,59,53,59,53,112,112,0,3.720703125,-3.720703125,-3.720703125,1,122,False
+,59,54,59,54,113,113,0,4.34375,-4.34375,-4.34375,1,124,False
+,59,55,59,55,114,114,0,4.55078125,-4.55078125,-4.55078125,1,124,False
+,59,56,59,56,115,115,0,5.30859375,-5.30859375,-5.30859375,1,144,False
+,59,57,59,57,116,116,0,5.90625,-5.90625,-5.90625,1,148,False
+,59,58,59,58,117,117,0,7.375,-7.375,-7.375,1,172,False
+,59,59,59,59,118,118,1,1.8125,-1.8125,-1.8125,1,148,False
+,59,60,59,60,119,119,3,3.640625,-3.640625,-3.640625,1,148,False
+,59,61,59,61,120,120,1,3.439453125,-3.439453125,-3.439453125,1,122,False
+,59,62,59,62,121,121,0,3.087890625,-3.087890625,-3.087890625,1,125,False
+,59,63,59,63,122,122,0,3.619140625,-3.619140625,-3.619140625,1,124,False
+,59,64,59,64,123,123,0,3.150390625,-3.150390625,-3.150390625,1,121,False
+,59,65,59,65,124,124,0,3.025390625,-3.025390625,-3.025390625,1,124,True
+,59,66,59,66,125,125,0,3.767578125,-3.767578125,-3.767578125,1,136,False
+,59,67,59,67,126,126,0,4.265625,-4.265625,-4.265625,1,144,False
+,59,68,59,68,127,127,0,4.53515625,-4.53515625,-4.53515625,1,148,False
+,59,69,59,69,128,128,0,4.3828125,-4.3828125,-4.3828125,1,148,False
+,59,70,59,70,129,129,0,3.556640625,-3.556640625,-3.556640625,1,124,False
+,59,71,59,71,130,130,0,3.3515625,-3.3515625,-3.3515625,1,136,False
+,59,72,59,72,131,131,0,3.82421875,-3.82421875,-3.82421875,1,127,False
+,59,73,59,73,132,132,0,3.572265625,-3.572265625,-3.572265625,1,124,False
+,59,74,59,74,133,133,0,3.818359375,-3.818359375,-3.818359375,1,124,False
+,59,75,59,75,134,134,0,3.0703125,-3.0703125,-3.0703125,1,124,False
+,59,76,59,76,135,135,1,3.748046875,-3.748046875,-3.748046875,1,136,False
+,59,77,59,77,136,136,0,3.18359375,-3.18359375,-3.18359375,1,136,True
+,59,78,59,78,137,137,0,3.845703125,-3.845703125,-3.845703125,1,148,False
+,59,79,59,79,138,138,0,3.982421875,-3.982421875,-3.982421875,1,148,False
+,59,80,59,80,139,139,0,3.640625,-3.640625,-3.640625,1,148,False
+,59,81,59,81,140,140,0,3.220703125,-3.220703125,-3.220703125,1,148,False
+,59,82,59,82,141,141,0,4.24609375,-4.24609375,-4.24609375,1,148,False
+,59,83,59,83,142,142,0,3.26953125,-3.26953125,-3.26953125,1,144,False
+,59,84,59,84,143,143,0,3.54296875,-3.54296875,-3.54296875,1,148,False
+,59,85,59,85,144,144,1,3.146484375,-3.146484375,-3.146484375,1,148,False
+,59,86,59,86,145,145,0,4.1875,-4.1875,-4.1875,1,155,False
+,59,87,59,87,146,146,0,3.380859375,-3.380859375,-3.380859375,1,148,False
+,59,88,59,88,147,147,0,3.33984375,-3.33984375,-3.33984375,1,143,False
+,59,89,59,89,148,148,0,3.1875,-3.1875,-3.1875,1,148,True
+,59,90,59,90,149,149,0,3.57421875,-3.57421875,-3.57421875,1,169,False
+,59,91,59,91,150,150,0,4.40234375,-4.40234375,-4.40234375,1,148,False
+,59,92,59,92,151,151,0,3.66015625,-3.66015625,-3.66015625,1,155,False
+,59,93,59,93,152,152,0,3.318359375,-3.318359375,-3.318359375,1,148,False
+,59,94,59,94,153,153,0,3.78515625,-3.78515625,-3.78515625,1,147,False
+,59,95,59,95,154,154,4,3.291015625,-3.291015625,-3.291015625,1,144,False
+,59,96,59,96,155,155,0,3.923828125,-3.923828125,-3.923828125,1,144,False
+,59,97,59,97,156,156,0,4.1484375,-4.1484375,-4.1484375,1,144,False
+,59,98,59,98,157,157,0,4.69140625,-4.69140625,-4.69140625,1,143,False
+,59,99,59,99,158,158,0,3.54296875,-3.54296875,-3.54296875,1,148,False
+,60,10,60,10,70,70,11,0.36376953125,-0.36376953125,-0.36376953125,1,70,True
+,60,11,60,11,71,71,5,1.1533203125,-1.1533203125,-1.1533203125,1,71,True
+,60,12,60,12,72,72,96,1.2587890625,-1.2587890625,-1.2587890625,1,72,True
+,60,13,60,13,73,73,0,2.044921875,-2.044921875,-2.044921875,1,77,False
+,60,14,60,14,74,74,2,1.5576171875,-1.5576171875,-1.5576171875,1,74,True
+,60,15,60,15,75,75,6,2.14453125,-2.14453125,-2.14453125,1,75,True
+,60,16,60,16,76,76,3,1.4560546875,-1.4560546875,-1.4560546875,1,76,True
+,60,17,60,17,77,77,10,2.35546875,-2.35546875,-2.35546875,1,89,False
+,60,18,60,18,78,78,1,1.44921875,-1.44921875,-1.44921875,1,78,True
+,60,19,60,19,79,79,1,3.36328125,-3.36328125,-3.36328125,1,89,False
+,60,20,60,20,80,80,18,1.1513671875,-1.1513671875,-1.1513671875,1,100,False
+,60,21,60,21,81,81,4,1.9833984375,-1.9833984375,-1.9833984375,1,99,False
+,60,22,60,22,82,82,1,1.90234375,-1.90234375,-1.90234375,1,92,False
+,60,23,60,23,83,83,0,2.0234375,-2.0234375,-2.0234375,1,83,True
+,60,24,60,24,84,84,0,1.2109375,-1.2109375,-1.2109375,1,84,True
+,60,25,60,25,85,85,6,1.568359375,-1.568359375,-1.568359375,1,95,False
+,60,26,60,26,86,86,1,1.314453125,-1.314453125,-1.314453125,1,86,True
+,60,27,60,27,87,87,0,1.9775390625,-1.9775390625,-1.9775390625,1,93,False
+,60,28,60,28,88,88,1,1.443359375,-1.443359375,-1.443359375,1,92,False
+,60,29,60,29,89,89,0,2.005859375,-2.005859375,-2.005859375,1,89,True
+,60,30,60,30,90,90,16,0.25048828125,-0.25048828125,-0.25048828125,1,90,True
+,60,31,60,31,91,91,1,1.6826171875,-1.6826171875,-1.6826171875,1,91,True
+,60,32,60,32,92,92,3,1.1142578125,-1.1142578125,-1.1142578125,1,92,True
+,60,33,60,33,93,93,0,2.068359375,-2.068359375,-2.068359375,1,99,False
+,60,34,60,34,94,94,6,1.4287109375,-1.4287109375,-1.4287109375,1,94,True
+,60,35,60,35,95,95,2,1.01171875,-1.01171875,-1.01171875,1,95,True
+,60,36,60,36,96,96,2,1.3486328125,-1.3486328125,-1.3486328125,1,96,True
+,60,37,60,37,97,97,0,1.7138671875,-1.7138671875,-1.7138671875,1,107,False
+,60,38,60,38,98,98,0,1.568359375,-1.568359375,-1.568359375,1,98,True
+,60,39,60,39,99,99,1,1.7275390625,-1.7275390625,-1.7275390625,1,99,True
+,60,40,60,40,100,100,17,0.9775390625,-0.9775390625,-0.9775390625,1,100,True
+,60,41,60,41,101,101,0,1.580078125,-1.580078125,-1.580078125,1,101,True
+,60,42,60,42,102,102,5,1.5048828125,-1.5048828125,-1.5048828125,1,102,True
+,60,43,60,43,103,103,0,2.462890625,-2.462890625,-2.462890625,1,97,False
+,60,44,60,44,104,104,3,2.197265625,-2.197265625,-2.197265625,1,104,True
+,60,45,60,45,105,105,8,1.6455078125,-1.6455078125,-1.6455078125,1,105,True
+,60,46,60,46,106,106,4,1.6318359375,-1.6318359375,-1.6318359375,1,106,True
+,60,47,60,47,107,107,2,1.9833984375,-1.9833984375,-1.9833984375,1,107,True
+,60,48,60,48,108,108,6,1.5078125,-1.5078125,-1.5078125,1,96,False
+,60,49,60,49,109,109,0,2.68359375,-2.68359375,-2.68359375,1,101,False
+,60,50,60,50,110,110,11,1.1953125,-1.1953125,-1.1953125,1,100,False
+,60,51,60,51,111,111,3,2.5078125,-2.5078125,-2.5078125,1,121,False
+,60,52,60,52,112,112,1,1.8857421875,-1.8857421875,-1.8857421875,1,112,True
+,60,53,60,53,113,113,0,2.8515625,-2.8515625,-2.8515625,1,107,False
+,60,54,60,54,114,114,1,2.58203125,-2.58203125,-2.58203125,1,126,False
+,60,55,60,55,115,115,0,1.837890625,-1.837890625,-1.837890625,1,115,True
+,60,56,60,56,116,116,0,2.576171875,-2.576171875,-2.576171875,1,112,False
+,60,57,60,57,117,117,3,4.5078125,-4.5078125,-4.5078125,1,147,False
+,60,58,60,58,118,118,3,4.625,-4.625,-4.625,1,148,False
+,60,59,60,59,119,119,0,4.34765625,-4.34765625,-4.34765625,1,179,False
+,60,60,60,60,120,120,145,0.173095703125,-0.173095703125,-0.173095703125,1,120,True
+,60,61,60,61,121,121,0,0.615234375,-0.615234375,-0.615234375,1,121,True
+,60,62,60,62,122,122,0,1.271484375,-1.271484375,-1.271484375,1,122,True
+,60,63,60,63,123,123,1,2.919921875,-2.919921875,-2.919921875,1,123,True
+,60,64,60,64,124,124,1,2.201171875,-2.201171875,-2.201171875,1,124,True
+,60,65,60,65,125,125,4,2.896484375,-2.896484375,-2.896484375,1,121,False
+,60,66,60,66,126,126,0,2.302734375,-2.302734375,-2.302734375,1,126,True
+,60,67,60,67,127,127,0,2.759765625,-2.759765625,-2.759765625,1,127,True
+,60,68,60,68,128,128,0,3.8359375,-3.8359375,-3.8359375,1,148,False
+,60,69,60,69,129,129,0,3.337890625,-3.337890625,-3.337890625,1,147,False
+,60,70,60,70,130,130,6,1.6572265625,-1.6572265625,-1.6572265625,1,130,True
+,60,71,60,71,131,131,0,2.646484375,-2.646484375,-2.646484375,1,121,False
+,60,72,60,72,132,132,3,2.09375,-2.09375,-2.09375,1,132,True
+,60,73,60,73,133,133,0,3.4375,-3.4375,-3.4375,1,127,False
+,60,74,60,74,134,134,0,3.826171875,-3.826171875,-3.826171875,1,122,False
+,60,75,60,75,135,135,1,2.513671875,-2.513671875,-2.513671875,1,123,False
+,60,76,60,76,136,136,0,2.375,-2.375,-2.375,1,136,True
+,60,77,60,77,137,137,0,2.876953125,-2.876953125,-2.876953125,1,127,False
+,60,78,60,78,138,138,0,2.279296875,-2.279296875,-2.279296875,1,138,True
+,60,79,60,79,139,139,0,2.923828125,-2.923828125,-2.923828125,1,139,True
+,60,80,60,80,140,140,7,1.55078125,-1.55078125,-1.55078125,1,160,False
+,60,81,60,81,141,141,0,2.37890625,-2.37890625,-2.37890625,1,141,True
+,60,82,60,82,142,142,0,2.537109375,-2.537109375,-2.537109375,1,142,True
+,60,83,60,83,143,143,0,2.55078125,-2.55078125,-2.55078125,1,143,True
+,60,84,60,84,144,144,0,2.43359375,-2.43359375,-2.43359375,1,168,False
+,60,85,60,85,145,145,1,3.607421875,-3.607421875,-3.607421875,1,155,False
+,60,86,60,86,146,146,0,3.7109375,-3.7109375,-3.7109375,1,172,False
+,60,87,60,87,147,147,0,2.87109375,-2.87109375,-2.87109375,1,147,True
+,60,88,60,88,148,148,0,2.125,-2.125,-2.125,1,148,True
+,60,89,60,89,149,149,0,3.564453125,-3.564453125,-3.564453125,1,163,False
+,60,90,60,90,150,150,7,2.791015625,-2.791015625,-2.791015625,1,180,False
+,60,91,60,91,151,151,1,3.373046875,-3.373046875,-3.373046875,1,191,False
+,60,92,60,92,152,152,0,2.05859375,-2.05859375,-2.05859375,1,152,True
+,60,93,60,93,153,153,0,3.001953125,-3.001953125,-3.001953125,1,147,False
+,60,94,60,94,154,154,1,2.931640625,-2.931640625,-2.931640625,1,154,True
+,60,95,60,95,155,155,0,2.79296875,-2.79296875,-2.79296875,1,155,True
+,60,96,60,96,156,156,2,2.8046875,-2.8046875,-2.8046875,1,144,False
+,60,97,60,97,157,157,0,3.642578125,-3.642578125,-3.642578125,1,137,False
+,60,98,60,98,158,158,0,3.59765625,-3.59765625,-3.59765625,1,148,False
+,60,99,60,99,159,159,0,3.384765625,-3.384765625,-3.384765625,1,169,False
+,61,10,61,10,71,71,2,1.7744140625,-1.7744140625,-1.7744140625,1,71,True
+,61,11,61,11,72,72,0,2.337890625,-2.337890625,-2.337890625,1,81,False
+,61,12,61,12,73,73,0,2.833984375,-2.833984375,-2.833984375,1,77,False
+,61,13,61,13,74,74,0,3.556640625,-3.556640625,-3.556640625,1,77,False
+,61,14,61,14,75,75,0,2.53515625,-2.53515625,-2.53515625,1,77,False
+,61,15,61,15,76,76,0,3.318359375,-3.318359375,-3.318359375,1,88,False
+,61,16,61,16,77,77,1,2.7890625,-2.7890625,-2.7890625,1,87,False
+,61,17,61,17,78,78,0,3.439453125,-3.439453125,-3.439453125,1,88,False
+,61,18,61,18,79,79,1,4.68359375,-4.68359375,-4.68359375,1,91,False
+,61,19,61,19,80,80,1,5.02734375,-5.02734375,-5.02734375,1,96,False
+,61,20,61,20,81,81,0,3.353515625,-3.353515625,-3.353515625,1,91,False
+,61,21,61,21,82,82,0,2.62109375,-2.62109375,-2.62109375,1,92,False
+,61,22,61,22,83,83,0,2.76953125,-2.76953125,-2.76953125,1,91,False
+,61,23,61,23,84,84,1,3.3828125,-3.3828125,-3.3828125,1,88,False
+,61,24,61,24,85,85,0,3.45703125,-3.45703125,-3.45703125,1,88,False
+,61,25,61,25,86,86,0,2.91796875,-2.91796875,-2.91796875,1,88,False
+,61,26,61,26,87,87,1,2.7734375,-2.7734375,-2.7734375,1,95,False
+,61,27,61,27,88,88,0,1.763671875,-1.763671875,-1.763671875,1,88,True
+,61,28,61,28,89,89,0,2.96484375,-2.96484375,-2.96484375,1,95,False
+,61,29,61,29,90,90,0,2.763671875,-2.763671875,-2.763671875,1,94,False
+,61,30,61,30,91,91,3,1.6865234375,-1.6865234375,-1.6865234375,1,91,True
+,61,31,61,31,92,92,1,1.84765625,-1.84765625,-1.84765625,1,92,True
+,61,32,61,32,93,93,1,2.591796875,-2.591796875,-2.591796875,1,95,False
+,61,33,61,33,94,94,0,2.736328125,-2.736328125,-2.736328125,1,98,False
+,61,34,61,34,95,95,0,1.9658203125,-1.9658203125,-1.9658203125,1,95,True
+,61,35,61,35,96,96,0,2.150390625,-2.150390625,-2.150390625,1,96,True
+,61,36,61,36,97,97,0,1.91796875,-1.91796875,-1.91796875,1,97,True
+,61,37,61,37,98,98,0,2.177734375,-2.177734375,-2.177734375,1,98,True
+,61,38,61,38,99,99,0,2.37890625,-2.37890625,-2.37890625,1,95,False
+,61,39,61,39,100,100,0,2.9375,-2.9375,-2.9375,1,98,False
+,61,40,61,40,101,101,0,1.904296875,-1.904296875,-1.904296875,1,101,True
+,61,41,61,41,102,102,0,2.759765625,-2.759765625,-2.759765625,1,96,False
+,61,42,61,42,103,103,0,2.779296875,-2.779296875,-2.779296875,1,95,False
+,61,43,61,43,104,104,0,3.46875,-3.46875,-3.46875,1,98,False
+,61,44,61,44,105,105,0,3.470703125,-3.470703125,-3.470703125,1,95,False
+,61,45,61,45,106,106,0,2.712890625,-2.712890625,-2.712890625,1,98,False
+,61,46,61,46,107,107,0,3.05859375,-3.05859375,-3.05859375,1,95,False
+,61,47,61,47,108,108,0,3.705078125,-3.705078125,-3.705078125,1,94,False
+,61,48,61,48,109,109,0,3.943359375,-3.943359375,-3.943359375,1,97,False
+,61,49,61,49,110,110,0,3.583984375,-3.583984375,-3.583984375,1,98,False
+,61,50,61,50,111,111,0,3.28125,-3.28125,-3.28125,1,101,False
+,61,51,61,51,112,112,0,3.267578125,-3.267578125,-3.267578125,1,106,False
+,61,52,61,52,113,113,0,3.755859375,-3.755859375,-3.755859375,1,107,False
+,61,53,61,53,114,114,1,4.546875,-4.546875,-4.546875,1,98,False
+,61,54,61,54,115,115,1,3.779296875,-3.779296875,-3.779296875,1,107,False
+,61,55,61,55,116,116,0,3.482421875,-3.482421875,-3.482421875,1,106,False
+,61,56,61,56,117,117,1,3.26171875,-3.26171875,-3.26171875,1,121,False
+,61,57,61,57,118,118,1,3.525390625,-3.525390625,-3.525390625,1,122,False
+,61,58,61,58,119,119,0,4.09375,-4.09375,-4.09375,1,135,False
+,61,59,61,59,120,120,1,4.140625,-4.140625,-4.140625,1,148,False
+,61,60,61,60,121,121,1,1.2177734375,-1.2177734375,-1.2177734375,1,121,True
+,61,61,61,61,122,122,2,1.84765625,-1.84765625,-1.84765625,1,152,False
+,61,62,61,62,123,123,0,1.814453125,-1.814453125,-1.814453125,1,121,False
+,61,63,61,63,124,124,1,3.048828125,-3.048828125,-3.048828125,1,124,True
+,61,64,61,64,125,125,3,3.029296875,-3.029296875,-3.029296875,1,121,False
+,61,65,61,65,126,126,0,3.146484375,-3.146484375,-3.146484375,1,122,False
+,61,66,61,66,127,127,0,3.3203125,-3.3203125,-3.3203125,1,121,False
+,61,67,61,67,128,128,0,3.470703125,-3.470703125,-3.470703125,1,136,False
+,61,68,61,68,129,129,0,3.703125,-3.703125,-3.703125,1,143,False
+,61,69,61,69,130,130,0,3.703125,-3.703125,-3.703125,1,148,False
+,61,70,61,70,131,131,0,2.81640625,-2.81640625,-2.81640625,1,121,False
+,61,71,61,71,132,132,0,3.712890625,-3.712890625,-3.712890625,1,142,False
+,61,72,61,72,133,133,0,3.125,-3.125,-3.125,1,121,False
+,61,73,61,73,134,134,0,3.77734375,-3.77734375,-3.77734375,1,124,False
+,61,74,61,74,135,135,0,3.5546875,-3.5546875,-3.5546875,1,121,False
+,61,75,61,75,136,136,0,2.8984375,-2.8984375,-2.8984375,1,122,False
+,61,76,61,76,137,137,0,3.5390625,-3.5390625,-3.5390625,1,127,False
+,61,77,61,77,138,138,0,3.5234375,-3.5234375,-3.5234375,1,136,False
+,61,78,61,78,139,139,0,3.560546875,-3.560546875,-3.560546875,1,143,False
+,61,79,61,79,140,140,0,3.044921875,-3.044921875,-3.044921875,1,148,False
+,61,80,61,80,141,141,1,2.41015625,-2.41015625,-2.41015625,1,141,True
+,61,81,61,81,142,142,0,2.642578125,-2.642578125,-2.642578125,1,142,True
+,61,82,61,82,143,143,0,2.9609375,-2.9609375,-2.9609375,1,143,True
+,61,83,61,83,144,144,0,2.90625,-2.90625,-2.90625,1,144,True
+,61,84,61,84,145,145,0,3.30078125,-3.30078125,-3.30078125,1,143,False
+,61,85,61,85,146,146,0,3.25390625,-3.25390625,-3.25390625,1,152,False
+,61,86,61,86,147,147,0,3.611328125,-3.611328125,-3.611328125,1,155,False
+,61,87,61,87,148,148,0,3.041015625,-3.041015625,-3.041015625,1,148,True
+,61,88,61,88,149,149,0,3.8671875,-3.8671875,-3.8671875,1,143,False
+,61,89,61,89,150,150,0,3.806640625,-3.806640625,-3.806640625,1,144,False
+,61,90,61,90,151,151,0,3.068359375,-3.068359375,-3.068359375,1,161,False
+,61,91,61,91,152,152,1,3.1171875,-3.1171875,-3.1171875,1,172,False
+,61,92,61,92,153,153,0,3.12109375,-3.12109375,-3.12109375,1,161,False
+,61,93,61,93,154,154,0,3.158203125,-3.158203125,-3.158203125,1,152,False
+,61,94,61,94,155,155,0,3.7265625,-3.7265625,-3.7265625,1,143,False
+,61,95,61,95,156,156,0,3.2109375,-3.2109375,-3.2109375,1,152,False
+,61,96,61,96,157,157,0,4.15234375,-4.15234375,-4.15234375,1,148,False
+,61,97,61,97,158,158,2,4.6015625,-4.6015625,-4.6015625,1,144,False
+,61,98,61,98,159,159,1,4.94921875,-4.94921875,-4.94921875,1,121,False
+,61,99,61,99,160,160,0,3.3984375,-3.3984375,-3.3984375,1,152,False
+,62,10,62,10,72,72,0,1.443359375,-1.443359375,-1.443359375,1,72,True
+,62,11,62,11,73,73,0,2.5546875,-2.5546875,-2.5546875,1,81,False
+,62,12,62,12,74,74,0,1.95703125,-1.95703125,-1.95703125,1,78,False
+,62,13,62,13,75,75,0,2.689453125,-2.689453125,-2.689453125,1,77,False
+,62,14,62,14,76,76,1,2.134765625,-2.134765625,-2.134765625,1,78,False
+,62,15,62,15,77,77,1,2.419921875,-2.419921875,-2.419921875,1,83,False
+,62,16,62,16,78,78,0,1.9423828125,-1.9423828125,-1.9423828125,1,78,True
+,62,17,62,17,79,79,1,3.666015625,-3.666015625,-3.666015625,1,89,False
+,62,18,62,18,80,80,1,2.974609375,-2.974609375,-2.974609375,1,88,False
+,62,19,62,19,81,81,0,4.5234375,-4.5234375,-4.5234375,1,95,False
+,62,20,62,20,82,82,0,2.484375,-2.484375,-2.484375,1,92,False
+,62,21,62,21,83,83,0,2.216796875,-2.216796875,-2.216796875,1,91,False
+,62,22,62,22,84,84,0,2.265625,-2.265625,-2.265625,1,94,False
+,62,23,62,23,85,85,0,2.982421875,-2.982421875,-2.982421875,1,83,False
+,62,24,62,24,86,86,2,2.037109375,-2.037109375,-2.037109375,1,86,True
+,62,25,62,25,87,87,0,2.46875,-2.46875,-2.46875,1,97,False
+,62,26,62,26,88,88,2,2.08984375,-2.08984375,-2.08984375,1,96,False
+,62,27,62,27,89,89,1,2.4765625,-2.4765625,-2.4765625,1,95,False
+,62,28,62,28,90,90,0,2.310546875,-2.310546875,-2.310546875,1,94,False
+,62,29,62,29,91,91,0,2.712890625,-2.712890625,-2.712890625,1,95,False
+,62,30,62,30,92,92,0,1.328125,-1.328125,-1.328125,1,92,True
+,62,31,62,31,93,93,0,2.171875,-2.171875,-2.171875,1,95,False
+,62,32,62,32,94,94,0,1.861328125,-1.861328125,-1.861328125,1,94,True
+,62,33,62,33,95,95,1,1.859375,-1.859375,-1.859375,1,95,True
+,62,34,62,34,96,96,0,2.169921875,-2.169921875,-2.169921875,1,96,True
+,62,35,62,35,97,97,0,1.8525390625,-1.8525390625,-1.8525390625,1,97,True
+,62,36,62,36,98,98,0,1.9990234375,-1.9990234375,-1.9990234375,1,98,True
+,62,37,62,37,99,99,0,2.3359375,-2.3359375,-2.3359375,1,99,True
+,62,38,62,38,100,100,0,2.611328125,-2.611328125,-2.611328125,1,98,False
+,62,39,62,39,101,101,0,2.3046875,-2.3046875,-2.3046875,1,101,True
+,62,40,62,40,102,102,1,2.123046875,-2.123046875,-2.123046875,1,102,True
+,62,41,62,41,103,103,0,2.603515625,-2.603515625,-2.603515625,1,99,False
+,62,42,62,42,104,104,0,2.861328125,-2.861328125,-2.861328125,1,98,False
+,62,43,62,43,105,105,0,3.0234375,-3.0234375,-3.0234375,1,97,False
+,62,44,62,44,106,106,0,2.822265625,-2.822265625,-2.822265625,1,98,False
+,62,45,62,45,107,107,0,2.28515625,-2.28515625,-2.28515625,1,107,True
+,62,46,62,46,108,108,0,3.630859375,-3.630859375,-3.630859375,1,94,False
+,62,47,62,47,109,109,0,3.169921875,-3.169921875,-3.169921875,1,95,False
+,62,48,62,48,110,110,1,3.12109375,-3.12109375,-3.12109375,1,98,False
+,62,49,62,49,111,111,0,2.916015625,-2.916015625,-2.916015625,1,107,False
+,62,50,62,50,112,112,1,2.671875,-2.671875,-2.671875,1,102,False
+,62,51,62,51,113,113,0,3.02734375,-3.02734375,-3.02734375,1,107,False
+,62,52,62,52,114,114,0,4.26171875,-4.26171875,-4.26171875,1,106,False
+,62,53,62,53,115,115,0,3.779296875,-3.779296875,-3.779296875,1,107,False
+,62,54,62,54,116,116,0,3.671875,-3.671875,-3.671875,1,106,False
+,62,55,62,55,117,117,0,2.966796875,-2.966796875,-2.966796875,1,107,False
+,62,56,62,56,118,118,0,2.9921875,-2.9921875,-2.9921875,1,122,False
+,62,57,62,57,119,119,0,3.2890625,-3.2890625,-3.2890625,1,127,False
+,62,58,62,58,120,120,0,3.716796875,-3.716796875,-3.716796875,1,124,False
+,62,59,62,59,121,121,0,3.162109375,-3.162109375,-3.162109375,1,127,False
+,62,60,62,60,122,122,0,1.9755859375,-1.9755859375,-1.9755859375,1,122,True
+,62,61,62,61,123,123,0,2.05859375,-2.05859375,-2.05859375,1,121,False
+,62,62,62,62,124,124,1,1.2353515625,-1.2353515625,-1.2353515625,1,124,True
+,62,63,62,63,125,125,0,2.294921875,-2.294921875,-2.294921875,1,125,True
+,62,64,62,64,126,126,0,3.029296875,-3.029296875,-3.029296875,1,122,False
+,62,65,62,65,127,127,0,2.71484375,-2.71484375,-2.71484375,1,127,True
+,62,66,62,66,128,128,0,4.09375,-4.09375,-4.09375,1,137,False
+,62,67,62,67,129,129,0,3.2109375,-3.2109375,-3.2109375,1,135,False
+,62,68,62,68,130,130,0,4.27734375,-4.27734375,-4.27734375,1,137,False
+,62,69,62,69,131,131,0,3.912109375,-3.912109375,-3.912109375,1,143,False
+,62,70,62,70,132,132,0,3.12109375,-3.12109375,-3.12109375,1,122,False
+,62,71,62,71,133,133,0,3.2109375,-3.2109375,-3.2109375,1,135,False
+,62,72,62,72,134,134,0,3.794921875,-3.794921875,-3.794921875,1,127,False
+,62,73,62,73,135,135,0,2.9375,-2.9375,-2.9375,1,127,False
+,62,74,62,74,136,136,0,4.15625,-4.15625,-4.15625,1,127,False
+,62,75,62,75,137,137,0,2.76953125,-2.76953125,-2.76953125,1,127,False
+,62,76,62,76,138,138,0,4.38671875,-4.38671875,-4.38671875,1,127,False
+,62,77,62,77,139,139,0,3.318359375,-3.318359375,-3.318359375,1,135,False
+,62,78,62,78,140,140,0,3.37109375,-3.37109375,-3.37109375,1,136,False
+,62,79,62,79,141,141,0,3.384765625,-3.384765625,-3.384765625,1,147,False
+,62,80,62,80,142,142,0,3.021484375,-3.021484375,-3.021484375,1,142,True
+,62,81,62,81,143,143,0,2.740234375,-2.740234375,-2.740234375,1,143,True
+,62,82,62,82,144,144,0,4.0546875,-4.0546875,-4.0546875,1,137,False
+,62,83,62,83,145,145,0,3.287109375,-3.287109375,-3.287109375,1,147,False
+,62,84,62,84,146,146,0,4.125,-4.125,-4.125,1,137,False
+,62,85,62,85,147,147,0,2.794921875,-2.794921875,-2.794921875,1,147,True
+,62,86,62,86,148,148,0,4.12890625,-4.12890625,-4.12890625,1,155,False
+,62,87,62,87,149,149,0,3.068359375,-3.068359375,-3.068359375,1,155,False
+,62,88,62,88,150,150,0,3.732421875,-3.732421875,-3.732421875,1,142,False
+,62,89,62,89,151,151,0,3.2421875,-3.2421875,-3.2421875,1,147,False
+,62,90,62,90,152,152,0,2.697265625,-2.697265625,-2.697265625,1,152,True
+,62,91,62,91,153,153,0,3.37890625,-3.37890625,-3.37890625,1,155,False
+,62,92,62,92,154,154,0,3.283203125,-3.283203125,-3.283203125,1,155,False
+,62,93,62,93,155,155,0,3.068359375,-3.068359375,-3.068359375,1,155,True
+,62,94,62,94,156,156,0,3.865234375,-3.865234375,-3.865234375,1,152,False
+,62,95,62,95,157,157,0,3.3515625,-3.3515625,-3.3515625,1,147,False
+,62,96,62,96,158,158,0,3.908203125,-3.908203125,-3.908203125,1,154,False
+,62,97,62,97,159,159,0,4.4453125,-4.4453125,-4.4453125,1,143,False
+,62,98,62,98,160,160,0,3.896484375,-3.896484375,-3.896484375,1,124,False
+,62,99,62,99,161,161,0,3.37109375,-3.37109375,-3.37109375,1,155,False
+,63,10,63,10,73,73,1,2.0234375,-2.0234375,-2.0234375,1,77,False
+,63,11,63,11,74,74,0,2.44921875,-2.44921875,-2.44921875,1,80,False
+,63,12,63,12,75,75,0,2.30078125,-2.30078125,-2.30078125,1,81,False
+,63,13,63,13,76,76,3,3.611328125,-3.611328125,-3.611328125,1,88,False
+,63,14,63,14,77,77,1,2.197265625,-2.197265625,-2.197265625,1,77,True
+,63,15,63,15,78,78,1,3.18359375,-3.18359375,-3.18359375,1,90,False
+,63,16,63,16,79,79,0,3.59375,-3.59375,-3.59375,1,91,False
+,63,17,63,17,80,80,0,4.078125,-4.078125,-4.078125,1,92,False
+,63,18,63,18,81,81,2,4.3203125,-4.3203125,-4.3203125,1,99,False
+,63,19,63,19,82,82,0,4.55859375,-4.55859375,-4.55859375,1,98,False
+,63,20,63,20,83,83,2,4.12109375,-4.12109375,-4.12109375,1,97,False
+,63,21,63,21,84,84,0,2.8515625,-2.8515625,-2.8515625,1,96,False
+,63,22,63,22,85,85,0,3.31640625,-3.31640625,-3.31640625,1,95,False
+,63,23,63,23,86,86,3,3.751953125,-3.751953125,-3.751953125,1,95,False
+,63,24,63,24,87,87,1,2.921875,-2.921875,-2.921875,1,95,False
+,63,25,63,25,88,88,1,2.5546875,-2.5546875,-2.5546875,1,92,False
+,63,26,63,26,89,89,0,2.990234375,-2.990234375,-2.990234375,1,97,False
+,63,27,63,27,90,90,0,2.59765625,-2.59765625,-2.59765625,1,96,False
+,63,28,63,28,91,91,0,2.84375,-2.84375,-2.84375,1,95,False
+,63,29,63,29,92,92,0,2.6328125,-2.6328125,-2.6328125,1,94,False
+,63,30,63,30,93,93,0,2.48828125,-2.48828125,-2.48828125,1,99,False
+,63,31,63,31,94,94,0,2.443359375,-2.443359375,-2.443359375,1,98,False
+,63,32,63,32,95,95,0,2.181640625,-2.181640625,-2.181640625,1,97,False
+,63,33,63,33,96,96,1,3.498046875,-3.498046875,-3.498046875,1,110,False
+,63,34,63,34,97,97,0,2.7890625,-2.7890625,-2.7890625,1,107,False
+,63,35,63,35,98,98,1,2.5703125,-2.5703125,-2.5703125,1,112,False
+,63,36,63,36,99,99,1,2.80078125,-2.80078125,-2.80078125,1,111,False
+,63,37,63,37,100,100,0,3.505859375,-3.505859375,-3.505859375,1,110,False
+,63,38,63,38,101,101,0,2.927734375,-2.927734375,-2.927734375,1,107,False
+,63,39,63,39,102,102,0,2.947265625,-2.947265625,-2.947265625,1,112,False
+,63,40,63,40,103,103,3,3.0078125,-3.0078125,-3.0078125,1,107,False
+,63,41,63,41,104,104,0,3.228515625,-3.228515625,-3.228515625,1,110,False
+,63,42,63,42,105,105,0,2.8671875,-2.8671875,-2.8671875,1,111,False
+,63,43,63,43,106,106,0,3.09375,-3.09375,-3.09375,1,110,False
+,63,44,63,44,107,107,1,2.861328125,-2.861328125,-2.861328125,1,107,True
+,63,45,63,45,108,108,1,2.92578125,-2.92578125,-2.92578125,1,108,True
+,63,46,63,46,109,109,0,3.115234375,-3.115234375,-3.115234375,1,101,False
+,63,47,63,47,110,110,0,2.82421875,-2.82421875,-2.82421875,1,110,True
+,63,48,63,48,111,111,0,2.8828125,-2.8828125,-2.8828125,1,111,True
+,63,49,63,49,112,112,0,2.708984375,-2.708984375,-2.708984375,1,112,True
+,63,50,63,50,113,113,0,2.740234375,-2.740234375,-2.740234375,1,107,False
+,63,51,63,51,114,114,0,3.826171875,-3.826171875,-3.826171875,1,124,False
+,63,52,63,52,115,115,1,3.84765625,-3.84765625,-3.84765625,1,127,False
+,63,53,63,53,116,116,0,3.62109375,-3.62109375,-3.62109375,1,122,False
+,63,54,63,54,117,117,0,3.712890625,-3.712890625,-3.712890625,1,121,False
+,63,55,63,55,118,118,0,3.48046875,-3.48046875,-3.48046875,1,122,False
+,63,56,63,56,119,119,0,3.8515625,-3.8515625,-3.8515625,1,127,False
+,63,57,63,57,120,120,0,5.16796875,-5.16796875,-5.16796875,1,148,False
+,63,58,63,58,121,121,1,5.12890625,-5.12890625,-5.12890625,1,155,False
+,63,59,63,59,122,122,0,5.22265625,-5.22265625,-5.22265625,1,148,False
+,63,60,63,60,123,123,0,4.859375,-4.859375,-4.859375,1,143,False
+,63,61,63,61,124,124,1,2.52734375,-2.52734375,-2.52734375,1,122,False
+,63,62,63,62,125,125,0,4.01171875,-4.01171875,-4.01171875,1,163,False
+,63,63,63,63,126,126,0,2.095703125,-2.095703125,-2.095703125,1,168,False
+,63,64,63,64,127,127,1,2.9140625,-2.9140625,-2.9140625,1,121,False
+,63,65,63,65,128,128,0,4.5078125,-4.5078125,-4.5078125,1,148,False
+,63,66,63,66,129,129,0,5.33203125,-5.33203125,-5.33203125,1,166,False
+,63,67,63,67,130,130,0,6.08203125,-6.08203125,-6.08203125,1,166,False
+,63,68,63,68,131,131,1,6.3359375,-6.3359375,-6.3359375,1,172,False
+,63,69,63,69,132,132,1,6.80859375,-6.80859375,-6.80859375,1,166,False
+,63,70,63,70,133,133,4,4.5390625,-4.5390625,-4.5390625,1,148,False
+,63,71,63,71,134,134,0,4.98046875,-4.98046875,-4.98046875,1,148,False
+,63,72,63,72,135,135,0,3.9453125,-3.9453125,-3.9453125,1,147,False
+,63,73,63,73,136,136,0,3.875,-3.875,-3.875,1,148,False
+,63,74,63,74,137,137,1,3.578125,-3.578125,-3.578125,1,148,False
+,63,75,63,75,138,138,2,3.435546875,-3.435546875,-3.435546875,1,142,False
+,63,76,63,76,139,139,0,3.84765625,-3.84765625,-3.84765625,1,154,False
+,63,77,63,77,140,140,0,3.62109375,-3.62109375,-3.62109375,1,154,False
+,63,78,63,78,141,141,0,4.19921875,-4.19921875,-4.19921875,1,165,False
+,63,79,63,79,142,142,0,4.58984375,-4.58984375,-4.58984375,1,172,False
+,63,80,63,80,143,143,0,3.220703125,-3.220703125,-3.220703125,1,148,False
+,63,81,63,81,144,144,0,3.9375,-3.9375,-3.9375,1,168,False
+,63,82,63,82,145,145,0,4.0390625,-4.0390625,-4.0390625,1,166,False
+,63,83,63,83,146,146,0,4.390625,-4.390625,-4.390625,1,166,False
+,63,84,63,84,147,147,1,3.34765625,-3.34765625,-3.34765625,1,165,False
+,63,85,63,85,148,148,0,3.40625,-3.40625,-3.40625,1,172,False
+,63,86,63,86,149,149,0,4.3046875,-4.3046875,-4.3046875,1,173,False
+,63,87,63,87,150,150,1,3.92578125,-3.92578125,-3.92578125,1,168,False
+,63,88,63,88,151,151,0,3.62890625,-3.62890625,-3.62890625,1,143,False
+,63,89,63,89,152,152,0,3.595703125,-3.595703125,-3.595703125,1,172,False
+,63,90,63,90,153,153,0,3.1953125,-3.1953125,-3.1953125,1,177,False
+,63,91,63,91,154,154,0,3.578125,-3.578125,-3.578125,1,172,False
+,63,92,63,92,155,155,0,3.63671875,-3.63671875,-3.63671875,1,175,False
+,63,93,63,93,156,156,1,3.873046875,-3.873046875,-3.873046875,1,166,False
+,63,94,63,94,157,157,1,3.716796875,-3.716796875,-3.716796875,1,163,False
+,63,95,63,95,158,158,0,3.36328125,-3.36328125,-3.36328125,1,172,False
+,63,96,63,96,159,159,0,3.927734375,-3.927734375,-3.927734375,1,165,False
+,63,97,63,97,160,160,0,3.142578125,-3.142578125,-3.142578125,1,148,False
+,63,98,63,98,161,161,0,3.671875,-3.671875,-3.671875,1,143,False
+,63,99,63,99,162,162,0,3.755859375,-3.755859375,-3.755859375,1,166,False
+,64,10,64,10,74,74,3,0.82666015625,-0.82666015625,-0.82666015625,1,74,True
+,64,11,64,11,75,75,0,2.048828125,-2.048828125,-2.048828125,1,77,False
+,64,12,64,12,76,76,4,2.201171875,-2.201171875,-2.201171875,1,80,False
+,64,13,64,13,77,77,1,2.0078125,-2.0078125,-2.0078125,1,87,False
+,64,14,64,14,78,78,3,0.8896484375,-0.8896484375,-0.8896484375,1,78,True
+,64,15,64,15,79,79,4,3.224609375,-3.224609375,-3.224609375,1,89,False
+,64,16,64,16,80,80,6,2.84765625,-2.84765625,-2.84765625,1,88,False
+,64,17,64,17,81,81,0,3.876953125,-3.876953125,-3.876953125,1,97,False
+,64,18,64,18,82,82,0,2.896484375,-2.896484375,-2.896484375,1,98,False
+,64,19,64,19,83,83,1,4.1953125,-4.1953125,-4.1953125,1,97,False
+,64,20,64,20,84,84,5,3.5078125,-3.5078125,-3.5078125,1,96,False
+,64,21,64,21,85,85,1,3.064453125,-3.064453125,-3.064453125,1,91,False
+,64,22,64,22,86,86,2,2.40234375,-2.40234375,-2.40234375,1,98,False
+,64,23,64,23,87,87,2,2.47265625,-2.47265625,-2.47265625,1,97,False
+,64,24,64,24,88,88,2,1.794921875,-1.794921875,-1.794921875,1,92,False
+,64,25,64,25,89,89,4,2.86328125,-2.86328125,-2.86328125,1,97,False
+,64,26,64,26,90,90,0,2.291015625,-2.291015625,-2.291015625,1,98,False
+,64,27,64,27,91,91,2,2.43359375,-2.43359375,-2.43359375,1,97,False
+,64,28,64,28,92,92,1,1.7041015625,-1.7041015625,-1.7041015625,1,92,True
+,64,29,64,29,93,93,0,2.78515625,-2.78515625,-2.78515625,1,97,False
+,64,30,64,30,94,94,2,1.4150390625,-1.4150390625,-1.4150390625,1,98,False
+,64,31,64,31,95,95,2,1.9658203125,-1.9658203125,-1.9658203125,1,97,False
+,64,32,64,32,96,96,16,1.5263671875,-1.5263671875,-1.5263671875,1,96,True
+,64,33,64,33,97,97,0,2.216796875,-2.216796875,-2.216796875,1,97,True
+,64,34,64,34,98,98,0,2.216796875,-2.216796875,-2.216796875,1,98,True
+,64,35,64,35,99,99,0,2.91796875,-2.91796875,-2.91796875,1,107,False
+,64,36,64,36,100,100,7,3.0078125,-3.0078125,-3.0078125,1,106,False
+,64,37,64,37,101,101,1,3.234375,-3.234375,-3.234375,1,107,False
+,64,38,64,38,102,102,0,2.58984375,-2.58984375,-2.58984375,1,106,False
+,64,39,64,39,103,103,0,2.171875,-2.171875,-2.171875,1,103,True
+,64,40,64,40,104,104,1,2.23046875,-2.23046875,-2.23046875,1,108,False
+,64,41,64,41,105,105,0,2.763671875,-2.763671875,-2.763671875,1,107,False
+,64,42,64,42,106,106,1,2.123046875,-2.123046875,-2.123046875,1,106,True
+,64,43,64,43,107,107,0,2.376953125,-2.376953125,-2.376953125,1,107,True
+,64,44,64,44,108,108,0,2.662109375,-2.662109375,-2.662109375,1,108,True
+,64,45,64,45,109,109,0,2.61328125,-2.61328125,-2.61328125,1,121,False
+,64,46,64,46,110,110,1,2.8359375,-2.8359375,-2.8359375,1,106,False
+,64,47,64,47,111,111,0,2.65234375,-2.65234375,-2.65234375,1,107,False
+,64,48,64,48,112,112,6,2.4765625,-2.4765625,-2.4765625,1,112,True
+,64,49,64,49,113,113,1,2.552734375,-2.552734375,-2.552734375,1,121,False
+,64,50,64,50,114,114,0,2.8671875,-2.8671875,-2.8671875,1,106,False
+,64,51,64,51,115,115,0,2.78515625,-2.78515625,-2.78515625,1,121,False
+,64,52,64,52,116,116,0,3.255859375,-3.255859375,-3.255859375,1,112,False
+,64,53,64,53,117,117,0,3.21484375,-3.21484375,-3.21484375,1,121,False
+,64,54,64,54,118,118,0,2.470703125,-2.470703125,-2.470703125,1,118,True
+,64,55,64,55,119,119,1,2.75,-2.75,-2.75,1,121,False
+,64,56,64,56,120,120,1,3.337890625,-3.337890625,-3.337890625,1,121,False
+,64,57,64,57,121,121,0,2.673828125,-2.673828125,-2.673828125,1,121,True
+,64,58,64,58,122,122,0,3.220703125,-3.220703125,-3.220703125,1,122,True
+,64,59,64,59,123,123,0,3.30859375,-3.30859375,-3.30859375,1,127,False
+,64,60,64,60,124,124,0,2.26953125,-2.26953125,-2.26953125,1,128,False
+,64,61,64,61,125,125,0,2.283203125,-2.283203125,-2.283203125,1,121,False
+,64,62,64,62,126,126,0,2.27734375,-2.27734375,-2.27734375,1,122,False
+,64,63,64,63,127,127,1,1.6865234375,-1.6865234375,-1.6865234375,1,127,True
+,64,64,64,64,128,128,21,0.71435546875,-0.71435546875,-0.71435546875,1,128,True
+,64,65,64,65,129,129,0,2.9375,-2.9375,-2.9375,1,121,False
+,64,66,64,66,130,130,1,4.1875,-4.1875,-4.1875,1,143,False
+,64,67,64,67,131,131,1,3.79296875,-3.79296875,-3.79296875,1,143,False
+,64,68,64,68,132,132,0,5.58203125,-5.58203125,-5.58203125,1,143,False
+,64,69,64,69,133,133,0,3.626953125,-3.626953125,-3.626953125,1,143,False
+,64,70,64,70,134,134,0,3.650390625,-3.650390625,-3.650390625,1,137,False
+,64,71,64,71,135,135,0,2.7109375,-2.7109375,-2.7109375,1,135,True
+,64,72,64,72,136,136,1,3.330078125,-3.330078125,-3.330078125,1,137,False
+,64,73,64,73,137,137,2,3.068359375,-3.068359375,-3.068359375,1,135,False
+,64,74,64,74,138,138,0,4.4765625,-4.4765625,-4.4765625,1,121,False
+,64,75,64,75,139,139,0,3.228515625,-3.228515625,-3.228515625,1,137,False
+,64,76,64,76,140,140,0,4.26953125,-4.26953125,-4.26953125,1,137,False
+,64,77,64,77,141,141,0,3.3203125,-3.3203125,-3.3203125,1,135,False
+,64,78,64,78,142,142,0,3.564453125,-3.564453125,-3.564453125,1,137,False
+,64,79,64,79,143,143,0,2.7578125,-2.7578125,-2.7578125,1,143,True
+,64,80,64,80,144,144,2,2.974609375,-2.974609375,-2.974609375,1,143,False
+,64,81,64,81,145,145,7,3.068359375,-3.068359375,-3.068359375,1,143,False
+,64,82,64,82,146,146,0,4.296875,-4.296875,-4.296875,1,137,False
+,64,83,64,83,147,147,0,2.900390625,-2.900390625,-2.900390625,1,143,False
+,64,84,64,84,148,148,0,3.498046875,-3.498046875,-3.498046875,1,137,False
+,64,85,64,85,149,149,0,3.08984375,-3.08984375,-3.08984375,1,143,False
+,64,86,64,86,150,150,0,4.8828125,-4.8828125,-4.8828125,1,143,False
+,64,87,64,87,151,151,0,3.421875,-3.421875,-3.421875,1,135,False
+,64,88,64,88,152,152,0,3.71875,-3.71875,-3.71875,1,144,False
+,64,89,64,89,153,153,0,3.177734375,-3.177734375,-3.177734375,1,147,False
+,64,90,64,90,154,154,0,2.994140625,-2.994140625,-2.994140625,1,154,True
+,64,91,64,91,155,155,0,3.7109375,-3.7109375,-3.7109375,1,143,False
+,64,92,64,92,156,156,1,3.763671875,-3.763671875,-3.763671875,1,144,False
+,64,93,64,93,157,157,0,3.794921875,-3.794921875,-3.794921875,1,137,False
+,64,94,64,94,158,158,0,4.05859375,-4.05859375,-4.05859375,1,142,False
+,64,95,64,95,159,159,0,3.953125,-3.953125,-3.953125,1,143,False
+,64,96,64,96,160,160,2,3.58984375,-3.58984375,-3.58984375,1,144,False
+,64,97,64,97,161,161,0,4.8515625,-4.8515625,-4.8515625,1,121,False
+,64,98,64,98,162,162,0,4.56640625,-4.56640625,-4.56640625,1,144,False
+,64,99,64,99,163,163,0,3.4296875,-3.4296875,-3.4296875,1,143,False
+,65,10,65,10,75,75,4,0.880859375,-0.880859375,-0.880859375,1,75,True
+,65,11,65,11,76,76,2,1.68359375,-1.68359375,-1.68359375,1,78,False
+,65,12,65,12,77,77,0,1.5693359375,-1.5693359375,-1.5693359375,1,77,True
+,65,13,65,13,78,78,1,1.8115234375,-1.8115234375,-1.8115234375,1,78,True
+,65,14,65,14,79,79,2,2.541015625,-2.541015625,-2.541015625,1,83,False
+,65,15,65,15,80,80,4,3.9765625,-3.9765625,-3.9765625,1,88,False
+,65,16,65,16,81,81,1,2.83203125,-2.83203125,-2.83203125,1,91,False
+,65,17,65,17,82,82,1,3.134765625,-3.134765625,-3.134765625,1,92,False
+,65,18,65,18,83,83,3,4.05859375,-4.05859375,-4.05859375,1,97,False
+,65,19,65,19,84,84,0,4.46875,-4.46875,-4.46875,1,98,False
+,65,20,65,20,85,85,1,3.13671875,-3.13671875,-3.13671875,1,95,False
+,65,21,65,21,86,86,0,2.880859375,-2.880859375,-2.880859375,1,98,False
+,65,22,65,22,87,87,3,2.58203125,-2.58203125,-2.58203125,1,97,False
+,65,23,65,23,88,88,1,2.232421875,-2.232421875,-2.232421875,1,88,True
+,65,24,65,24,89,89,1,2.51171875,-2.51171875,-2.51171875,1,89,True
+,65,25,65,25,90,90,1,2.7890625,-2.7890625,-2.7890625,1,98,False
+,65,26,65,26,91,91,1,2.53125,-2.53125,-2.53125,1,99,False
+,65,27,65,27,92,92,2,2.240234375,-2.240234375,-2.240234375,1,98,False
+,65,28,65,28,93,93,0,2.697265625,-2.697265625,-2.697265625,1,97,False
+,65,29,65,29,94,94,1,2.189453125,-2.189453125,-2.189453125,1,98,False
+,65,30,65,30,95,95,2,1.2998046875,-1.2998046875,-1.2998046875,1,95,True
+,65,31,65,31,96,96,0,1.8701171875,-1.8701171875,-1.8701171875,1,96,True
+,65,32,65,32,97,97,3,1.8251953125,-1.8251953125,-1.8251953125,1,97,True
+,65,33,65,33,98,98,1,2.0703125,-2.0703125,-2.0703125,1,98,True
+,65,34,65,34,99,99,0,3.18359375,-3.18359375,-3.18359375,1,106,False
+,65,35,65,35,100,100,3,3.373046875,-3.373046875,-3.373046875,1,106,False
+,65,36,65,36,101,101,0,2.794921875,-2.794921875,-2.794921875,1,107,False
+,65,37,65,37,102,102,0,2.388671875,-2.388671875,-2.388671875,1,108,False
+,65,38,65,38,103,103,0,2.873046875,-2.873046875,-2.873046875,1,107,False
+,65,39,65,39,104,104,0,2.572265625,-2.572265625,-2.572265625,1,106,False
+,65,40,65,40,105,105,1,2.42578125,-2.42578125,-2.42578125,1,107,False
+,65,41,65,41,106,106,0,2.17578125,-2.17578125,-2.17578125,1,106,True
+,65,42,65,42,107,107,0,2.140625,-2.140625,-2.140625,1,107,True
+,65,43,65,43,108,108,0,2.87109375,-2.87109375,-2.87109375,1,102,False
+,65,44,65,44,109,109,0,3.412109375,-3.412109375,-3.412109375,1,111,False
+,65,45,65,45,110,110,3,3.017578125,-3.017578125,-3.017578125,1,106,False
+,65,46,65,46,111,111,0,2.78515625,-2.78515625,-2.78515625,1,107,False
+,65,47,65,47,112,112,0,2.87109375,-2.87109375,-2.87109375,1,106,False
+,65,48,65,48,113,113,0,3.1953125,-3.1953125,-3.1953125,1,107,False
+,65,49,65,49,114,114,0,3.359375,-3.359375,-3.359375,1,106,False
+,65,50,65,50,115,115,0,2.505859375,-2.505859375,-2.505859375,1,105,False
+,65,51,65,51,116,116,0,3.2578125,-3.2578125,-3.2578125,1,122,False
+,65,52,65,52,117,117,0,3.474609375,-3.474609375,-3.474609375,1,121,False
+,65,53,65,53,118,118,0,3.205078125,-3.205078125,-3.205078125,1,112,False
+,65,54,65,54,119,119,1,3.53515625,-3.53515625,-3.53515625,1,121,False
+,65,55,65,55,120,120,1,3.248046875,-3.248046875,-3.248046875,1,122,False
+,65,56,65,56,121,121,1,2.73828125,-2.73828125,-2.73828125,1,121,True
+,65,57,65,57,122,122,0,3.306640625,-3.306640625,-3.306640625,1,122,True
+,65,58,65,58,123,123,0,3.89453125,-3.89453125,-3.89453125,1,143,False
+,65,59,65,59,124,124,0,3.94140625,-3.94140625,-3.94140625,1,148,False
+,65,60,65,60,125,125,1,3.732421875,-3.732421875,-3.732421875,1,145,False
+,65,61,65,61,126,126,0,3.525390625,-3.525390625,-3.525390625,1,122,False
+,65,62,65,62,127,127,0,3.583984375,-3.583984375,-3.583984375,1,137,False
+,65,63,65,63,128,128,2,3.5859375,-3.5859375,-3.5859375,1,148,False
+,65,64,65,64,129,129,1,3.08203125,-3.08203125,-3.08203125,1,143,False
+,65,65,65,65,130,130,2,1.0791015625,-1.0791015625,-1.0791015625,1,130,True
+,65,66,65,66,131,131,3,4.49609375,-4.49609375,-4.49609375,1,166,False
+,65,67,65,67,132,132,0,5.94140625,-5.94140625,-5.94140625,1,172,False
+,65,68,65,68,133,133,0,5.6640625,-5.6640625,-5.6640625,1,172,False
+,65,69,65,69,134,134,1,5.2734375,-5.2734375,-5.2734375,1,166,False
+,65,70,65,70,135,135,1,4.578125,-4.578125,-4.578125,1,152,False
+,65,71,65,71,136,136,0,3.9296875,-3.9296875,-3.9296875,1,152,False
+,65,72,65,72,137,137,0,3.248046875,-3.248046875,-3.248046875,1,137,True
+,65,73,65,73,138,138,0,3.80859375,-3.80859375,-3.80859375,1,148,False
+,65,74,65,74,139,139,0,4.15234375,-4.15234375,-4.15234375,1,148,False
+,65,75,65,75,140,140,0,3.755859375,-3.755859375,-3.755859375,1,148,False
+,65,76,65,76,141,141,0,4.23828125,-4.23828125,-4.23828125,1,148,False
+,65,77,65,77,142,142,0,3.36328125,-3.36328125,-3.36328125,1,152,False
+,65,78,65,78,143,143,0,3.615234375,-3.615234375,-3.615234375,1,148,False
+,65,79,65,79,144,144,1,3.47265625,-3.47265625,-3.47265625,1,152,False
+,65,80,65,80,145,145,1,3.8984375,-3.8984375,-3.8984375,1,143,False
+,65,81,65,81,146,146,0,3.38671875,-3.38671875,-3.38671875,1,148,False
+,65,82,65,82,147,147,0,3.529296875,-3.529296875,-3.529296875,1,148,False
+,65,83,65,83,148,148,0,3.046875,-3.046875,-3.046875,1,148,True
+,65,84,65,84,149,149,0,3.859375,-3.859375,-3.859375,1,148,False
+,65,85,65,85,150,150,0,4.859375,-4.859375,-4.859375,1,172,False
+,65,86,65,86,151,151,0,4.28125,-4.28125,-4.28125,1,165,False
+,65,87,65,87,152,152,0,3.361328125,-3.361328125,-3.361328125,1,154,False
+,65,88,65,88,153,153,0,3.154296875,-3.154296875,-3.154296875,1,153,True
+,65,89,65,89,154,154,0,3.2109375,-3.2109375,-3.2109375,1,154,True
+,65,90,65,90,155,155,1,3.478515625,-3.478515625,-3.478515625,1,157,False
+,65,91,65,91,156,156,1,3.369140625,-3.369140625,-3.369140625,1,166,False
+,65,92,65,92,157,157,0,3.306640625,-3.306640625,-3.306640625,1,165,False
+,65,93,65,93,158,158,0,3.298828125,-3.298828125,-3.298828125,1,148,False
+,65,94,65,94,159,159,0,3.9609375,-3.9609375,-3.9609375,1,153,False
+,65,95,65,95,160,160,0,4.11328125,-4.11328125,-4.11328125,1,152,False
+,65,96,65,96,161,161,0,4.06640625,-4.06640625,-4.06640625,1,165,False
+,65,97,65,97,162,162,0,4.21484375,-4.21484375,-4.21484375,1,148,False
+,65,98,65,98,163,163,0,3.740234375,-3.740234375,-3.740234375,1,143,False
+,65,99,65,99,164,164,0,3.248046875,-3.248046875,-3.248046875,1,148,False
+,66,10,66,10,76,76,0,1.1787109375,-1.1787109375,-1.1787109375,1,76,True
+,66,11,66,11,77,77,0,1.0751953125,-1.0751953125,-1.0751953125,1,77,True
+,66,12,66,12,78,78,1,1.0771484375,-1.0771484375,-1.0771484375,1,78,True
+,66,13,66,13,79,79,1,3.23046875,-3.23046875,-3.23046875,1,89,False
+,66,14,66,14,80,80,0,1.931640625,-1.931640625,-1.931640625,1,88,False
+,66,15,66,15,81,81,0,3.638671875,-3.638671875,-3.638671875,1,99,False
+,66,16,66,16,82,82,4,2.85546875,-2.85546875,-2.85546875,1,92,False
+,66,17,66,17,83,83,0,3.9453125,-3.9453125,-3.9453125,1,97,False
+,66,18,66,18,84,84,0,4.1640625,-4.1640625,-4.1640625,1,96,False
+,66,19,66,19,85,85,0,4.6796875,-4.6796875,-4.6796875,1,95,False
+,66,20,66,20,86,86,0,3.095703125,-3.095703125,-3.095703125,1,106,False
+,66,21,66,21,87,87,1,3.302734375,-3.302734375,-3.302734375,1,99,False
+,66,22,66,22,88,88,0,1.60546875,-1.60546875,-1.60546875,1,88,True
+,66,23,66,23,89,89,0,2.251953125,-2.251953125,-2.251953125,1,89,True
+,66,24,66,24,90,90,1,2.828125,-2.828125,-2.828125,1,94,False
+,66,25,66,25,91,91,0,2.68359375,-2.68359375,-2.68359375,1,97,False
+,66,26,66,26,92,92,0,2.001953125,-2.001953125,-2.001953125,1,92,True
+,66,27,66,27,93,93,0,2.142578125,-2.142578125,-2.142578125,1,99,False
+,66,28,66,28,94,94,1,2.283203125,-2.283203125,-2.283203125,1,98,False
+,66,29,66,29,95,95,1,2.255859375,-2.255859375,-2.255859375,1,97,False
+,66,30,66,30,96,96,1,1.21484375,-1.21484375,-1.21484375,1,96,True
+,66,31,66,31,97,97,0,2.1640625,-2.1640625,-2.1640625,1,107,False
+,66,32,66,32,98,98,1,1.939453125,-1.939453125,-1.939453125,1,98,True
+,66,33,66,33,99,99,1,2.609375,-2.609375,-2.609375,1,111,False
+,66,34,66,34,100,100,1,2.71875,-2.71875,-2.71875,1,110,False
+,66,35,66,35,101,101,1,2.56640625,-2.56640625,-2.56640625,1,107,False
+,66,36,66,36,102,102,0,2.76171875,-2.76171875,-2.76171875,1,111,False
+,66,37,66,37,103,103,0,2.810546875,-2.810546875,-2.810546875,1,107,False
+,66,38,66,38,104,104,0,2.984375,-2.984375,-2.984375,1,106,False
+,66,39,66,39,105,105,0,2.494140625,-2.494140625,-2.494140625,1,111,False
+,66,40,66,40,106,106,0,2.048828125,-2.048828125,-2.048828125,1,106,True
+,66,41,66,41,107,107,1,2.115234375,-2.115234375,-2.115234375,1,121,False
+,66,42,66,42,108,108,0,2.494140625,-2.494140625,-2.494140625,1,108,True
+,66,43,66,43,109,109,0,2.837890625,-2.837890625,-2.837890625,1,107,False
+,66,44,66,44,110,110,1,2.58984375,-2.58984375,-2.58984375,1,110,True
+,66,45,66,45,111,111,0,1.845703125,-1.845703125,-1.845703125,1,111,True
+,66,46,66,46,112,112,0,2.638671875,-2.638671875,-2.638671875,1,106,False
+,66,47,66,47,113,113,0,2.806640625,-2.806640625,-2.806640625,1,107,False
+,66,48,66,48,114,114,0,3.185546875,-3.185546875,-3.185546875,1,108,False
+,66,49,66,49,115,115,0,3.09375,-3.09375,-3.09375,1,121,False
+,66,50,66,50,116,116,0,3.01171875,-3.01171875,-3.01171875,1,112,False
+,66,51,66,51,117,117,1,2.94921875,-2.94921875,-2.94921875,1,121,False
+,66,52,66,52,118,118,0,3.578125,-3.578125,-3.578125,1,121,False
+,66,53,66,53,119,119,0,3.244140625,-3.244140625,-3.244140625,1,121,False
+,66,54,66,54,120,120,0,3.578125,-3.578125,-3.578125,1,121,False
+,66,55,66,55,121,121,1,1.947265625,-1.947265625,-1.947265625,1,121,True
+,66,56,66,56,122,122,0,3.576171875,-3.576171875,-3.576171875,1,121,False
+,66,57,66,57,123,123,0,4.19921875,-4.19921875,-4.19921875,1,143,False
+,66,58,66,58,124,124,0,4.5,-4.5,-4.5,1,143,False
+,66,59,66,59,125,125,0,4.2578125,-4.2578125,-4.2578125,1,143,False
+,66,60,66,60,126,126,0,3.65625,-3.65625,-3.65625,1,121,False
+,66,61,66,61,127,127,0,3.48828125,-3.48828125,-3.48828125,1,121,False
+,66,62,66,62,128,128,0,4.11328125,-4.11328125,-4.11328125,1,124,False
+,66,63,66,63,129,129,0,3.826171875,-3.826171875,-3.826171875,1,143,False
+,66,64,66,64,130,130,1,3.978515625,-3.978515625,-3.978515625,1,121,False
+,66,65,66,65,131,131,0,3.150390625,-3.150390625,-3.150390625,1,143,False
+,66,66,66,66,132,132,2,1.7744140625,-1.7744140625,-1.7744140625,1,132,True
+,66,67,66,67,133,133,1,4.4921875,-4.4921875,-4.4921875,1,167,False
+,66,68,66,68,134,134,0,6.51171875,-6.51171875,-6.51171875,1,173,False
+,66,69,66,69,135,135,0,5.453125,-5.453125,-5.453125,1,165,False
+,66,70,66,70,136,136,0,4.390625,-4.390625,-4.390625,1,143,False
+,66,71,66,71,137,137,0,3.734375,-3.734375,-3.734375,1,143,False
+,66,72,66,72,138,138,0,4.328125,-4.328125,-4.328125,1,147,False
+,66,73,66,73,139,139,0,3.763671875,-3.763671875,-3.763671875,1,143,False
+,66,74,66,74,140,140,0,4.18359375,-4.18359375,-4.18359375,1,143,False
+,66,75,66,75,141,141,0,3.001953125,-3.001953125,-3.001953125,1,147,False
+,66,76,66,76,142,142,0,4.0625,-4.0625,-4.0625,1,143,False
+,66,77,66,77,143,143,0,3.544921875,-3.544921875,-3.544921875,1,155,False
+,66,78,66,78,144,144,0,3.7890625,-3.7890625,-3.7890625,1,153,False
+,66,79,66,79,145,145,0,3.78125,-3.78125,-3.78125,1,157,False
+,66,80,66,80,146,146,0,4.109375,-4.109375,-4.109375,1,143,False
+,66,81,66,81,147,147,1,2.744140625,-2.744140625,-2.744140625,1,165,False
+,66,82,66,82,148,148,0,3.892578125,-3.892578125,-3.892578125,1,143,False
+,66,83,66,83,149,149,0,3.228515625,-3.228515625,-3.228515625,1,155,False
+,66,84,66,84,150,150,0,4.41015625,-4.41015625,-4.41015625,1,147,False
+,66,85,66,85,151,151,1,3.212890625,-3.212890625,-3.212890625,1,157,False
+,66,86,66,86,152,152,0,4.63671875,-4.63671875,-4.63671875,1,167,False
+,66,87,66,87,153,153,0,3.443359375,-3.443359375,-3.443359375,1,165,False
+,66,88,66,88,154,154,3,2.951171875,-2.951171875,-2.951171875,1,166,False
+,66,89,66,89,155,155,0,3.49609375,-3.49609375,-3.49609375,1,167,False
+,66,90,66,90,156,156,0,3.779296875,-3.779296875,-3.779296875,1,165,False
+,66,91,66,91,157,157,0,3.86328125,-3.86328125,-3.86328125,1,165,False
+,66,92,66,92,158,158,0,4.48828125,-4.48828125,-4.48828125,1,161,False
+,66,93,66,93,159,159,0,3.76953125,-3.76953125,-3.76953125,1,165,False
+,66,94,66,94,160,160,0,4.4140625,-4.4140625,-4.4140625,1,143,False
+,66,95,66,95,161,161,0,3.583984375,-3.583984375,-3.583984375,1,143,False
+,66,96,66,96,162,162,0,4.25,-4.25,-4.25,1,165,False
+,66,97,66,97,163,163,0,4.39453125,-4.39453125,-4.39453125,1,143,False
+,66,98,66,98,164,164,0,4.2109375,-4.2109375,-4.2109375,1,166,False
+,66,99,66,99,165,165,0,2.61328125,-2.61328125,-2.61328125,1,165,True
+,67,10,67,10,77,77,0,1.642578125,-1.642578125,-1.642578125,1,77,True
+,67,11,67,11,78,78,0,2.677734375,-2.677734375,-2.677734375,1,88,False
+,67,12,67,12,79,79,0,3.478515625,-3.478515625,-3.478515625,1,95,False
+,67,13,67,13,80,80,0,3.865234375,-3.865234375,-3.865234375,1,92,False
+,67,14,67,14,81,81,0,3.80078125,-3.80078125,-3.80078125,1,89,False
+,67,15,67,15,82,82,0,4.36328125,-4.36328125,-4.36328125,1,98,False
+,67,16,67,16,83,83,0,4.49609375,-4.49609375,-4.49609375,1,97,False
+,67,17,67,17,84,84,1,5.2734375,-5.2734375,-5.2734375,1,100,False
+,67,18,67,18,85,85,0,5.37109375,-5.37109375,-5.37109375,1,97,False
+,67,19,67,19,86,86,1,5.1484375,-5.1484375,-5.1484375,1,100,False
+,67,20,67,20,87,87,1,5.26171875,-5.26171875,-5.26171875,1,97,False
+,67,21,67,21,88,88,0,3.072265625,-3.072265625,-3.072265625,1,98,False
+,67,22,67,22,89,89,0,3.2109375,-3.2109375,-3.2109375,1,95,False
+,67,23,67,23,90,90,0,3.345703125,-3.345703125,-3.345703125,1,92,False
+,67,24,67,24,91,91,0,2.91796875,-2.91796875,-2.91796875,1,97,False
+,67,25,67,25,92,92,0,2.947265625,-2.947265625,-2.947265625,1,98,False
+,67,26,67,26,93,93,0,4.12109375,-4.12109375,-4.12109375,1,107,False
+,67,27,67,27,94,94,0,2.615234375,-2.615234375,-2.615234375,1,98,False
+,67,28,67,28,95,95,0,2.748046875,-2.748046875,-2.748046875,1,97,False
+,67,29,67,29,96,96,0,3.30078125,-3.30078125,-3.30078125,1,106,False
+,67,30,67,30,97,97,0,2.583984375,-2.583984375,-2.583984375,1,107,False
+,67,31,67,31,98,98,0,3.373046875,-3.373046875,-3.373046875,1,106,False
+,67,32,67,32,99,99,0,3.5390625,-3.5390625,-3.5390625,1,107,False
+,67,33,67,33,100,100,0,3.552734375,-3.552734375,-3.552734375,1,112,False
+,67,34,67,34,101,101,0,4.14453125,-4.14453125,-4.14453125,1,113,False
+,67,35,67,35,102,102,0,3.57421875,-3.57421875,-3.57421875,1,112,False
+,67,36,67,36,103,103,1,3.685546875,-3.685546875,-3.685546875,1,115,False
+,67,37,67,37,104,104,0,3.916015625,-3.916015625,-3.916015625,1,112,False
+,67,38,67,38,105,105,0,4.00390625,-4.00390625,-4.00390625,1,115,False
+,67,39,67,39,106,106,0,2.98828125,-2.98828125,-2.98828125,1,112,False
+,67,40,67,40,107,107,0,2.650390625,-2.650390625,-2.650390625,1,107,True
+,67,41,67,41,108,108,0,3.396484375,-3.396484375,-3.396484375,1,118,False
+,67,42,67,42,109,109,0,3.365234375,-3.365234375,-3.365234375,1,121,False
+,67,43,67,43,110,110,0,2.869140625,-2.869140625,-2.869140625,1,112,False
+,67,44,67,44,111,111,0,2.95703125,-2.95703125,-2.95703125,1,121,False
+,67,45,67,45,112,112,0,2.611328125,-2.611328125,-2.611328125,1,112,True
+,67,46,67,46,113,113,0,2.947265625,-2.947265625,-2.947265625,1,121,False
+,67,47,67,47,114,114,1,3.5,-3.5,-3.5,1,118,False
+,67,48,67,48,115,115,1,3.001953125,-3.001953125,-3.001953125,1,121,False
+,67,49,67,49,116,116,0,3.154296875,-3.154296875,-3.154296875,1,124,False
+,67,50,67,50,117,117,0,3.455078125,-3.455078125,-3.455078125,1,121,False
+,67,51,67,51,118,118,0,3.28125,-3.28125,-3.28125,1,124,False
+,67,52,67,52,119,119,0,3.548828125,-3.548828125,-3.548828125,1,127,False
+,67,53,67,53,120,120,0,3.400390625,-3.400390625,-3.400390625,1,124,False
+,67,54,67,54,121,121,0,3.1171875,-3.1171875,-3.1171875,1,127,False
+,67,55,67,55,122,122,0,2.87890625,-2.87890625,-2.87890625,1,124,False
+,67,56,67,56,123,123,1,3.58984375,-3.58984375,-3.58984375,1,135,False
+,67,57,67,57,124,124,0,3.326171875,-3.326171875,-3.326171875,1,136,False
+,67,58,67,58,125,125,0,4.2421875,-4.2421875,-4.2421875,1,135,False
+,67,59,67,59,126,126,0,4.3203125,-4.3203125,-4.3203125,1,144,False
+,67,60,67,60,127,127,0,3.27734375,-3.27734375,-3.27734375,1,143,False
+,67,61,67,61,128,128,0,3.486328125,-3.486328125,-3.486328125,1,121,False
+,67,62,67,62,129,129,0,3.5,-3.5,-3.5,1,125,False
+,67,63,67,63,130,130,1,3.677734375,-3.677734375,-3.677734375,1,136,False
+,67,64,67,64,131,131,0,3.693359375,-3.693359375,-3.693359375,1,135,False
+,67,65,67,65,132,132,0,4.0703125,-4.0703125,-4.0703125,1,142,False
+,67,66,67,66,133,133,0,5.0234375,-5.0234375,-5.0234375,1,166,False
+,67,67,67,67,134,134,2,3.259765625,-3.259765625,-3.259765625,1,170,False
+,67,68,67,68,135,135,0,6.10546875,-6.10546875,-6.10546875,1,167,False
+,67,69,67,69,136,136,1,5.18359375,-5.18359375,-5.18359375,1,166,False
+,67,70,67,70,137,137,0,4.0546875,-4.0546875,-4.0546875,1,154,False
+,67,71,67,71,138,138,0,4.828125,-4.828125,-4.828125,1,160,False
+,67,72,67,72,139,139,0,4.36328125,-4.36328125,-4.36328125,1,148,False
+,67,73,67,73,140,140,0,3.64453125,-3.64453125,-3.64453125,1,154,False
+,67,74,67,74,141,141,0,3.998046875,-3.998046875,-3.998046875,1,148,False
+,67,75,67,75,142,142,0,2.923828125,-2.923828125,-2.923828125,1,154,False
+,67,76,67,76,143,143,2,3.935546875,-3.935546875,-3.935546875,1,154,False
+,67,77,67,77,144,144,0,3.40234375,-3.40234375,-3.40234375,1,154,False
+,67,78,67,78,145,145,0,4.1796875,-4.1796875,-4.1796875,1,154,False
+,67,79,67,79,146,146,0,4.0859375,-4.0859375,-4.0859375,1,168,False
+,67,80,67,80,147,147,0,3.40625,-3.40625,-3.40625,1,148,False
+,67,81,67,81,148,148,0,3.255859375,-3.255859375,-3.255859375,1,154,False
+,67,82,67,82,149,149,0,3.59765625,-3.59765625,-3.59765625,1,148,False
+,67,83,67,83,150,150,0,3.7578125,-3.7578125,-3.7578125,1,154,False
+,67,84,67,84,151,151,0,3.70703125,-3.70703125,-3.70703125,1,155,False
+,67,85,67,85,152,152,0,3.185546875,-3.185546875,-3.185546875,1,154,False
+,67,86,67,86,153,153,0,4.06640625,-4.06640625,-4.06640625,1,165,False
+,67,87,67,87,154,154,0,2.9453125,-2.9453125,-2.9453125,1,154,True
+,67,88,67,88,155,155,0,3.34765625,-3.34765625,-3.34765625,1,147,False
+,67,89,67,89,156,156,0,3.619140625,-3.619140625,-3.619140625,1,168,False
+,67,90,67,90,157,157,1,3.37890625,-3.37890625,-3.37890625,1,167,False
+,67,91,67,91,158,158,0,3.578125,-3.578125,-3.578125,1,168,False
+,67,92,67,92,159,159,0,3.84765625,-3.84765625,-3.84765625,1,165,False
+,67,93,67,93,160,160,0,3.36328125,-3.36328125,-3.36328125,1,154,False
+,67,94,67,94,161,161,1,4.078125,-4.078125,-4.078125,1,155,False
+,67,95,67,95,162,162,0,3.638671875,-3.638671875,-3.638671875,1,154,False
+,67,96,67,96,163,163,0,3.80078125,-3.80078125,-3.80078125,1,155,False
+,67,97,67,97,164,164,0,4.12890625,-4.12890625,-4.12890625,1,144,False
+,67,98,67,98,165,165,0,3.806640625,-3.806640625,-3.806640625,1,143,False
+,67,99,67,99,166,166,0,3.271484375,-3.271484375,-3.271484375,1,168,False
+,68,10,68,10,78,78,1,1.0224609375,-1.0224609375,-1.0224609375,1,78,True
+,68,11,68,11,79,79,0,2.568359375,-2.568359375,-2.568359375,1,81,False
+,68,12,68,12,80,80,0,2.140625,-2.140625,-2.140625,1,88,False
+,68,13,68,13,81,81,0,3.763671875,-3.763671875,-3.763671875,1,97,False
+,68,14,68,14,82,82,2,2.697265625,-2.697265625,-2.697265625,1,90,False
+,68,15,68,15,83,83,0,3.978515625,-3.978515625,-3.978515625,1,97,False
+,68,16,68,16,84,84,1,4.2734375,-4.2734375,-4.2734375,1,96,False
+,68,17,68,17,85,85,1,4.96875,-4.96875,-4.96875,1,97,False
+,68,18,68,18,86,86,0,4.12890625,-4.12890625,-4.12890625,1,106,False
+,68,19,68,19,87,87,0,6.10546875,-6.10546875,-6.10546875,1,107,False
+,68,20,68,20,88,88,0,3.955078125,-3.955078125,-3.955078125,1,108,False
+,68,21,68,21,89,89,0,3.77734375,-3.77734375,-3.77734375,1,97,False
+,68,22,68,22,90,90,1,3.48828125,-3.48828125,-3.48828125,1,98,False
+,68,23,68,23,91,91,1,2.76171875,-2.76171875,-2.76171875,1,93,False
+,68,24,68,24,92,92,1,1.96484375,-1.96484375,-1.96484375,1,92,True
+,68,25,68,25,93,93,4,3.619140625,-3.619140625,-3.619140625,1,97,False
+,68,26,68,26,94,94,1,2.751953125,-2.751953125,-2.751953125,1,106,False
+,68,27,68,27,95,95,0,2.400390625,-2.400390625,-2.400390625,1,97,False
+,68,28,68,28,96,96,1,2.443359375,-2.443359375,-2.443359375,1,98,False
+,68,29,68,29,97,97,0,2.603515625,-2.603515625,-2.603515625,1,107,False
+,68,30,68,30,98,98,1,1.53125,-1.53125,-1.53125,1,98,True
+,68,31,68,31,99,99,0,3.419921875,-3.419921875,-3.419921875,1,107,False
+,68,32,68,32,100,100,1,3.041015625,-3.041015625,-3.041015625,1,112,False
+,68,33,68,33,101,101,0,3.451171875,-3.451171875,-3.451171875,1,113,False
+,68,34,68,34,102,102,0,3.373046875,-3.373046875,-3.373046875,1,118,False
+,68,35,68,35,103,103,0,3.4140625,-3.4140625,-3.4140625,1,107,False
+,68,36,68,36,104,104,0,3.552734375,-3.552734375,-3.552734375,1,112,False
+,68,37,68,37,105,105,1,3.943359375,-3.943359375,-3.943359375,1,115,False
+,68,38,68,38,106,106,0,2.697265625,-2.697265625,-2.697265625,1,118,False
+,68,39,68,39,107,107,1,2.64453125,-2.64453125,-2.64453125,1,115,False
+,68,40,68,40,108,108,1,3.0234375,-3.0234375,-3.0234375,1,118,False
+,68,41,68,41,109,109,0,3.318359375,-3.318359375,-3.318359375,1,121,False
+,68,42,68,42,110,110,0,2.26953125,-2.26953125,-2.26953125,1,110,True
+,68,43,68,43,111,111,0,2.9609375,-2.9609375,-2.9609375,1,115,False
+,68,44,68,44,112,112,0,2.673828125,-2.673828125,-2.673828125,1,118,False
+,68,45,68,45,113,113,0,2.64453125,-2.64453125,-2.64453125,1,121,False
+,68,46,68,46,114,114,0,3.046875,-3.046875,-3.046875,1,122,False
+,68,47,68,47,115,115,0,2.759765625,-2.759765625,-2.759765625,1,121,False
+,68,48,68,48,116,116,1,2.70703125,-2.70703125,-2.70703125,1,112,False
+,68,49,68,49,117,117,0,3.103515625,-3.103515625,-3.103515625,1,121,False
+,68,50,68,50,118,118,2,2.021484375,-2.021484375,-2.021484375,1,122,False
+,68,51,68,51,119,119,0,2.857421875,-2.857421875,-2.857421875,1,121,False
+,68,52,68,52,120,120,0,3.583984375,-3.583984375,-3.583984375,1,122,False
+,68,53,68,53,121,121,0,2.65625,-2.65625,-2.65625,1,121,True
+,68,54,68,54,122,122,0,2.703125,-2.703125,-2.703125,1,122,True
+,68,55,68,55,123,123,0,2.8359375,-2.8359375,-2.8359375,1,127,False
+,68,56,68,56,124,124,0,2.919921875,-2.919921875,-2.919921875,1,124,True
+,68,57,68,57,125,125,17,3.951171875,-3.951171875,-3.951171875,1,143,False
+,68,58,68,58,126,126,0,3.9921875,-3.9921875,-3.9921875,1,142,False
+,68,59,68,59,127,127,0,3.6484375,-3.6484375,-3.6484375,1,143,False
+,68,60,68,60,128,128,0,2.76953125,-2.76953125,-2.76953125,1,136,False
+,68,61,68,61,129,129,0,3.365234375,-3.365234375,-3.365234375,1,121,False
+,68,62,68,62,130,130,0,3.111328125,-3.111328125,-3.111328125,1,122,False
+,68,63,68,63,131,131,0,3.638671875,-3.638671875,-3.638671875,1,143,False
+,68,64,68,64,132,132,0,3.458984375,-3.458984375,-3.458984375,1,136,False
+,68,65,68,65,133,133,0,3.513671875,-3.513671875,-3.513671875,1,143,False
+,68,66,68,66,134,134,0,4.93359375,-4.93359375,-4.93359375,1,166,False
+,68,67,68,67,135,135,0,6.3671875,-6.3671875,-6.3671875,1,165,False
+,68,68,68,68,136,136,0,2.62890625,-2.62890625,-2.62890625,1,168,False
+,68,69,68,69,137,137,0,4.8203125,-4.8203125,-4.8203125,1,173,False
+,68,70,68,70,138,138,1,4.48046875,-4.48046875,-4.48046875,1,153,False
+,68,71,68,71,139,139,0,4.3046875,-4.3046875,-4.3046875,1,155,False
+,68,72,68,72,140,140,0,4.265625,-4.265625,-4.265625,1,143,False
+,68,73,68,73,141,141,0,3.78125,-3.78125,-3.78125,1,151,False
+,68,74,68,74,142,142,0,4.12109375,-4.12109375,-4.12109375,1,143,False
+,68,75,68,75,143,143,0,2.62890625,-2.62890625,-2.62890625,1,143,True
+,68,76,68,76,144,144,0,4.390625,-4.390625,-4.390625,1,155,False
+,68,77,68,77,145,145,1,3.578125,-3.578125,-3.578125,1,155,False
+,68,78,68,78,146,146,0,3.890625,-3.890625,-3.890625,1,154,False
+,68,79,68,79,147,147,0,3.93359375,-3.93359375,-3.93359375,1,155,False
+,68,80,68,80,148,148,0,3.138671875,-3.138671875,-3.138671875,1,143,False
+,68,81,68,81,149,149,0,3.130859375,-3.130859375,-3.130859375,1,155,False
+,68,82,68,82,150,150,0,4.43359375,-4.43359375,-4.43359375,1,155,False
+,68,83,68,83,151,151,0,3.275390625,-3.275390625,-3.275390625,1,155,False
+,68,84,68,84,152,152,0,3.8046875,-3.8046875,-3.8046875,1,155,False
+,68,85,68,85,153,153,0,3.11328125,-3.11328125,-3.11328125,1,157,False
+,68,86,68,86,154,154,1,4.63671875,-4.63671875,-4.63671875,1,173,False
+,68,87,68,87,155,155,0,2.78125,-2.78125,-2.78125,1,155,True
+,68,88,68,88,156,156,0,3.587890625,-3.587890625,-3.587890625,1,148,False
+,68,89,68,89,157,157,0,3.9453125,-3.9453125,-3.9453125,1,165,False
+,68,90,68,90,158,158,0,4.09765625,-4.09765625,-4.09765625,1,178,False
+,68,91,68,91,159,159,0,4.08984375,-4.08984375,-4.08984375,1,165,False
+,68,92,68,92,160,160,0,4.16796875,-4.16796875,-4.16796875,1,168,False
+,68,93,68,93,161,161,0,3.53125,-3.53125,-3.53125,1,155,False
+,68,94,68,94,162,162,0,3.900390625,-3.900390625,-3.900390625,1,154,False
+,68,95,68,95,163,163,0,3.400390625,-3.400390625,-3.400390625,1,149,False
+,68,96,68,96,164,164,1,4.0859375,-4.0859375,-4.0859375,1,148,False
+,68,97,68,97,165,165,0,4.19921875,-4.19921875,-4.19921875,1,143,False
+,68,98,68,98,166,166,0,4.2890625,-4.2890625,-4.2890625,1,148,False
+,68,99,68,99,167,167,0,3.55078125,-3.55078125,-3.55078125,1,163,False
+,69,10,69,10,79,79,0,2.6953125,-2.6953125,-2.6953125,1,79,True
+,69,11,69,11,80,80,0,2.642578125,-2.642578125,-2.642578125,1,88,False
+,69,12,69,12,81,81,2,3.2578125,-3.2578125,-3.2578125,1,93,False
+,69,13,69,13,82,82,1,3.080078125,-3.080078125,-3.080078125,1,92,False
+,69,14,69,14,83,83,0,3.625,-3.625,-3.625,1,95,False
+,69,15,69,15,84,84,1,3.962890625,-3.962890625,-3.962890625,1,96,False
+,69,16,69,16,85,85,0,4.35546875,-4.35546875,-4.35546875,1,95,False
+,69,17,69,17,86,86,0,4.125,-4.125,-4.125,1,98,False
+,69,18,69,18,87,87,0,5.27734375,-5.27734375,-5.27734375,1,99,False
+,69,19,69,19,88,88,1,3.9609375,-3.9609375,-3.9609375,1,98,False
+,69,20,69,20,89,89,1,4.4921875,-4.4921875,-4.4921875,1,101,False
+,69,21,69,21,90,90,0,3.427734375,-3.427734375,-3.427734375,1,96,False
+,69,22,69,22,91,91,0,3.6484375,-3.6484375,-3.6484375,1,95,False
+,69,23,69,23,92,92,0,2.31640625,-2.31640625,-2.31640625,1,92,True
+,69,24,69,24,93,93,0,3.03125,-3.03125,-3.03125,1,99,False
+,69,25,69,25,94,94,0,2.623046875,-2.623046875,-2.623046875,1,98,False
+,69,26,69,26,95,95,0,3.384765625,-3.384765625,-3.384765625,1,106,False
+,69,27,69,27,96,96,1,1.8046875,-1.8046875,-1.8046875,1,96,True
+,69,28,69,28,97,97,0,2.802734375,-2.802734375,-2.802734375,1,98,False
+,69,29,69,29,98,98,0,2.638671875,-2.638671875,-2.638671875,1,112,False
+,69,30,69,30,99,99,0,1.8916015625,-1.8916015625,-1.8916015625,1,99,True
+,69,31,69,31,100,100,1,2.720703125,-2.720703125,-2.720703125,1,106,False
+,69,32,69,32,101,101,0,3.38671875,-3.38671875,-3.38671875,1,112,False
+,69,33,69,33,102,102,0,2.955078125,-2.955078125,-2.955078125,1,112,False
+,69,34,69,34,103,103,0,3.873046875,-3.873046875,-3.873046875,1,112,False
+,69,35,69,35,104,104,0,2.974609375,-2.974609375,-2.974609375,1,112,False
+,69,36,69,36,105,105,0,3.64453125,-3.64453125,-3.64453125,1,114,False
+,69,37,69,37,106,106,0,3.109375,-3.109375,-3.109375,1,112,False
+,69,38,69,38,107,107,0,3.458984375,-3.458984375,-3.458984375,1,112,False
+,69,39,69,39,108,108,0,2.689453125,-2.689453125,-2.689453125,1,114,False
+,69,40,69,40,109,109,0,3.837890625,-3.837890625,-3.837890625,1,112,False
+,69,41,69,41,110,110,0,2.693359375,-2.693359375,-2.693359375,1,112,False
+,69,42,69,42,111,111,1,3.1875,-3.1875,-3.1875,1,112,False
+,69,43,69,43,112,112,0,2.49609375,-2.49609375,-2.49609375,1,112,True
+,69,44,69,44,113,113,0,3.1875,-3.1875,-3.1875,1,112,False
+,69,45,69,45,114,114,0,2.58984375,-2.58984375,-2.58984375,1,114,True
+,69,46,69,46,115,115,0,3.279296875,-3.279296875,-3.279296875,1,122,False
+,69,47,69,47,116,116,0,2.708984375,-2.708984375,-2.708984375,1,122,False
+,69,48,69,48,117,117,0,3.2578125,-3.2578125,-3.2578125,1,108,False
+,69,49,69,49,118,118,0,2.814453125,-2.814453125,-2.814453125,1,112,False
+,69,50,69,50,119,119,0,3.7265625,-3.7265625,-3.7265625,1,112,False
+,69,51,69,51,120,120,0,2.78515625,-2.78515625,-2.78515625,1,120,True
+,69,52,69,52,121,121,0,3.134765625,-3.134765625,-3.134765625,1,122,False
+,69,53,69,53,122,122,0,2.87890625,-2.87890625,-2.87890625,1,122,True
+,69,54,69,54,123,123,0,3.142578125,-3.142578125,-3.142578125,1,126,False
+,69,55,69,55,124,124,0,2.451171875,-2.451171875,-2.451171875,1,124,True
+,69,56,69,56,125,125,1,3.44921875,-3.44921875,-3.44921875,1,124,False
+,69,57,69,57,126,126,0,3.310546875,-3.310546875,-3.310546875,1,124,False
+,69,58,69,58,127,127,0,3.603515625,-3.603515625,-3.603515625,1,148,False
+,69,59,69,59,128,128,0,3.404296875,-3.404296875,-3.404296875,1,148,False
+,69,60,69,60,129,129,1,3.244140625,-3.244140625,-3.244140625,1,144,False
+,69,61,69,61,130,130,0,3.74609375,-3.74609375,-3.74609375,1,122,False
+,69,62,69,62,131,131,0,4.00390625,-4.00390625,-4.00390625,1,124,False
+,69,63,69,63,132,132,0,3.69140625,-3.69140625,-3.69140625,1,144,False
+,69,64,69,64,133,133,0,3.693359375,-3.693359375,-3.693359375,1,121,False
+,69,65,69,65,134,134,0,3.34765625,-3.34765625,-3.34765625,1,136,False
+,69,66,69,66,135,135,0,4.66015625,-4.66015625,-4.66015625,1,144,False
+,69,67,69,67,136,136,0,4.6171875,-4.6171875,-4.6171875,1,166,False
+,69,68,69,68,137,137,0,6.1875,-6.1875,-6.1875,1,172,False
+,69,69,69,69,138,138,0,1.6416015625,-1.6416015625,-1.6416015625,1,138,True
+,69,70,69,70,139,139,0,5.37890625,-5.37890625,-5.37890625,1,154,False
+,69,71,69,71,140,140,0,3.779296875,-3.779296875,-3.779296875,1,166,False
+,69,72,69,72,141,141,0,4.08984375,-4.08984375,-4.08984375,1,144,False
+,69,73,69,73,142,142,0,3.107421875,-3.107421875,-3.107421875,1,148,False
+,69,74,69,74,143,143,1,3.619140625,-3.619140625,-3.619140625,1,148,False
+,69,75,69,75,144,144,0,2.5078125,-2.5078125,-2.5078125,1,144,True
+,69,76,69,76,145,145,0,4.33984375,-4.33984375,-4.33984375,1,154,False
+,69,77,69,77,146,146,0,3.279296875,-3.279296875,-3.279296875,1,154,False
+,69,78,69,78,147,147,0,3.599609375,-3.599609375,-3.599609375,1,156,False
+,69,79,69,79,148,148,0,3.546875,-3.546875,-3.546875,1,166,False
+,69,80,69,80,149,149,1,3.783203125,-3.783203125,-3.783203125,1,148,False
+,69,81,69,81,150,150,0,3.25,-3.25,-3.25,1,144,False
+,69,82,69,82,151,151,0,4.13671875,-4.13671875,-4.13671875,1,148,False
+,69,83,69,83,152,152,0,2.91796875,-2.91796875,-2.91796875,1,154,False
+,69,84,69,84,153,153,0,3.447265625,-3.447265625,-3.447265625,1,144,False
+,69,85,69,85,154,154,0,2.75,-2.75,-2.75,1,154,True
+,69,86,69,86,155,155,0,3.892578125,-3.892578125,-3.892578125,1,166,False
+,69,87,69,87,156,156,0,3.0234375,-3.0234375,-3.0234375,1,144,False
+,69,88,69,88,157,157,0,3.94921875,-3.94921875,-3.94921875,1,148,False
+,69,89,69,89,158,158,0,3.58203125,-3.58203125,-3.58203125,1,172,False
+,69,90,69,90,159,159,0,4.10546875,-4.10546875,-4.10546875,1,168,False
+,69,91,69,91,160,160,0,3.482421875,-3.482421875,-3.482421875,1,172,False
+,69,92,69,92,161,161,0,3.859375,-3.859375,-3.859375,1,170,False
+,69,93,69,93,162,162,0,3.298828125,-3.298828125,-3.298828125,1,144,False
+,69,94,69,94,163,163,0,4.11328125,-4.11328125,-4.11328125,1,154,False
+,69,95,69,95,164,164,0,3.623046875,-3.623046875,-3.623046875,1,154,False
+,69,96,69,96,165,165,1,4.0078125,-4.0078125,-4.0078125,1,144,False
+,69,97,69,97,166,166,0,3.8515625,-3.8515625,-3.8515625,1,148,False
+,69,98,69,98,167,167,0,4.640625,-4.640625,-4.640625,1,139,False
+,69,99,69,99,168,168,0,2.93359375,-2.93359375,-2.93359375,1,168,True
+,70,10,70,10,80,80,9,1.69140625,-1.69140625,-1.69140625,1,90,False
+,70,11,70,11,81,81,0,1.6220703125,-1.6220703125,-1.6220703125,1,81,True
+,70,12,70,12,82,82,1,2.0625,-2.0625,-2.0625,1,92,False
+,70,13,70,13,83,83,0,2.818359375,-2.818359375,-2.818359375,1,93,False
+,70,14,70,14,84,84,0,2.560546875,-2.560546875,-2.560546875,1,96,False
+,70,15,70,15,85,85,3,3.1796875,-3.1796875,-3.1796875,1,95,False
+,70,16,70,16,86,86,1,2.7109375,-2.7109375,-2.7109375,1,96,False
+,70,17,70,17,87,87,1,3.77734375,-3.77734375,-3.77734375,1,97,False
+,70,18,70,18,88,88,0,3.115234375,-3.115234375,-3.115234375,1,98,False
+,70,19,70,19,89,89,0,4.0,-4.0,-4.0,1,99,False
+,70,20,70,20,90,90,2,2.322265625,-2.322265625,-2.322265625,1,110,False
+,70,21,70,21,91,91,3,2.04296875,-2.04296875,-2.04296875,1,101,False
+,70,22,70,22,92,92,0,1.66796875,-1.66796875,-1.66796875,1,92,True
+,70,23,70,23,93,93,0,1.689453125,-1.689453125,-1.689453125,1,93,True
+,70,24,70,24,94,94,0,1.5205078125,-1.5205078125,-1.5205078125,1,94,True
+,70,25,70,25,95,95,3,1.337890625,-1.337890625,-1.337890625,1,95,True
+,70,26,70,26,96,96,0,1.8408203125,-1.8408203125,-1.8408203125,1,106,False
+,70,27,70,27,97,97,0,1.6689453125,-1.6689453125,-1.6689453125,1,97,True
+,70,28,70,28,98,98,1,1.236328125,-1.236328125,-1.236328125,1,98,True
+,70,29,70,29,99,99,0,1.84765625,-1.84765625,-1.84765625,1,99,True
+,70,30,70,30,100,100,6,0.98876953125,-0.98876953125,-0.98876953125,1,100,True
+,70,31,70,31,101,101,0,1.58203125,-1.58203125,-1.58203125,1,101,True
+,70,32,70,32,102,102,0,1.6640625,-1.6640625,-1.6640625,1,102,True
+,70,33,70,33,103,103,0,2.080078125,-2.080078125,-2.080078125,1,113,False
+,70,34,70,34,104,104,1,2.27734375,-2.27734375,-2.27734375,1,114,False
+,70,35,70,35,105,105,6,1.8291015625,-1.8291015625,-1.8291015625,1,115,False
+,70,36,70,36,106,106,0,2.140625,-2.140625,-2.140625,1,112,False
+,70,37,70,37,107,107,0,1.7255859375,-1.7255859375,-1.7255859375,1,107,True
+,70,38,70,38,108,108,0,2.71484375,-2.71484375,-2.71484375,1,112,False
+,70,39,70,39,109,109,0,3.306640625,-3.306640625,-3.306640625,1,121,False
+,70,40,70,40,110,110,1,1.732421875,-1.732421875,-1.732421875,1,110,True
+,70,41,70,41,111,111,0,2.419921875,-2.419921875,-2.419921875,1,121,False
+,70,42,70,42,112,112,1,1.591796875,-1.591796875,-1.591796875,1,112,True
+,70,43,70,43,113,113,0,2.15234375,-2.15234375,-2.15234375,1,113,True
+,70,44,70,44,114,114,0,2.28515625,-2.28515625,-2.28515625,1,114,True
+,70,45,70,45,115,115,1,2.185546875,-2.185546875,-2.185546875,1,121,False
+,70,46,70,46,116,116,0,2.443359375,-2.443359375,-2.443359375,1,106,False
+,70,47,70,47,117,117,0,2.58984375,-2.58984375,-2.58984375,1,107,False
+,70,48,70,48,118,118,0,2.42578125,-2.42578125,-2.42578125,1,122,False
+,70,49,70,49,119,119,0,2.533203125,-2.533203125,-2.533203125,1,121,False
+,70,50,70,50,120,120,4,2.2421875,-2.2421875,-2.2421875,1,110,False
+,70,51,70,51,121,121,0,1.744140625,-1.744140625,-1.744140625,1,121,True
+,70,52,70,52,122,122,0,1.6748046875,-1.6748046875,-1.6748046875,1,122,True
+,70,53,70,53,123,123,0,2.763671875,-2.763671875,-2.763671875,1,127,False
+,70,54,70,54,124,124,0,2.828125,-2.828125,-2.828125,1,122,False
+,70,55,70,55,125,125,1,2.80859375,-2.80859375,-2.80859375,1,121,False
+,70,56,70,56,126,126,0,2.3125,-2.3125,-2.3125,1,126,True
+,70,57,70,57,127,127,0,2.548828125,-2.548828125,-2.548828125,1,127,True
+,70,58,70,58,128,128,0,2.953125,-2.953125,-2.953125,1,122,False
+,70,59,70,59,129,129,0,3.30078125,-3.30078125,-3.30078125,1,147,False
+,70,60,70,60,130,130,0,1.7724609375,-1.7724609375,-1.7724609375,1,140,False
+,70,61,70,61,131,131,0,3.09765625,-3.09765625,-3.09765625,1,121,False
+,70,62,70,62,132,132,0,2.888671875,-2.888671875,-2.888671875,1,122,False
+,70,63,70,63,133,133,1,2.888671875,-2.888671875,-2.888671875,1,143,False
+,70,64,70,64,134,134,0,3.109375,-3.109375,-3.109375,1,126,False
+,70,65,70,65,135,135,5,2.98046875,-2.98046875,-2.98046875,1,145,False
+,70,66,70,66,136,136,0,3.59765625,-3.59765625,-3.59765625,1,154,False
+,70,67,70,67,137,137,0,3.505859375,-3.505859375,-3.505859375,1,157,False
+,70,68,70,68,138,138,0,4.9140625,-4.9140625,-4.9140625,1,178,False
+,70,69,70,69,139,139,2,4.3671875,-4.3671875,-4.3671875,1,173,False
+,70,70,70,70,140,140,3,0.72802734375,-0.72802734375,-0.72802734375,1,140,True
+,70,71,70,71,141,141,1,2.216796875,-2.216796875,-2.216796875,1,151,False
+,70,72,70,72,142,142,0,2.423828125,-2.423828125,-2.423828125,1,142,True
+,70,73,70,73,143,143,2,2.84375,-2.84375,-2.84375,1,147,False
+,70,74,70,74,144,144,0,3.755859375,-3.755859375,-3.755859375,1,154,False
+,70,75,70,75,145,145,0,3.869140625,-3.869140625,-3.869140625,1,157,False
+,70,76,70,76,146,146,0,4.0390625,-4.0390625,-4.0390625,1,157,False
+,70,77,70,77,147,147,0,2.515625,-2.515625,-2.515625,1,157,False
+,70,78,70,78,148,148,0,2.71484375,-2.71484375,-2.71484375,1,154,False
+,70,79,70,79,149,149,1,3.474609375,-3.474609375,-3.474609375,1,157,False
+,70,80,70,80,150,150,6,4.421875,-4.421875,-4.421875,1,147,False
+,70,81,70,81,151,151,1,2.90625,-2.90625,-2.90625,1,161,False
+,70,82,70,82,152,152,0,2.84765625,-2.84765625,-2.84765625,1,142,False
+,70,83,70,83,153,153,1,2.7421875,-2.7421875,-2.7421875,1,157,False
+,70,84,70,84,154,154,1,2.421875,-2.421875,-2.421875,1,154,True
+,70,85,70,85,155,155,1,3.642578125,-3.642578125,-3.642578125,1,157,False
+,70,86,70,86,156,156,0,4.453125,-4.453125,-4.453125,1,157,False
+,70,87,70,87,157,157,0,2.46484375,-2.46484375,-2.46484375,1,157,True
+,70,88,70,88,158,158,0,3.1796875,-3.1796875,-3.1796875,1,148,False
+,70,89,70,89,159,159,0,3.98046875,-3.98046875,-3.98046875,1,157,False
+,70,90,70,90,160,160,1,4.234375,-4.234375,-4.234375,1,170,False
+,70,91,70,91,161,161,0,2.8203125,-2.8203125,-2.8203125,1,161,True
+,70,92,70,92,162,162,0,3.240234375,-3.240234375,-3.240234375,1,152,False
+,70,93,70,93,163,163,0,3.072265625,-3.072265625,-3.072265625,1,147,False
+,70,94,70,94,164,164,0,3.90625,-3.90625,-3.90625,1,154,False
+,70,95,70,95,165,165,0,3.966796875,-3.966796875,-3.966796875,1,147,False
+,70,96,70,96,166,166,0,3.56640625,-3.56640625,-3.56640625,1,154,False
+,70,97,70,97,167,167,0,4.38671875,-4.38671875,-4.38671875,1,147,False
+,70,98,70,98,168,168,0,3.20703125,-3.20703125,-3.20703125,1,148,False
+,70,99,70,99,169,169,0,3.0546875,-3.0546875,-3.0546875,1,149,False
+,71,10,71,10,81,81,0,2.4140625,-2.4140625,-2.4140625,1,91,False
+,71,11,71,11,82,82,0,2.462890625,-2.462890625,-2.462890625,1,92,False
+,71,12,71,12,83,83,2,3.337890625,-3.337890625,-3.337890625,1,97,False
+,71,13,71,13,84,84,0,3.802734375,-3.802734375,-3.802734375,1,92,False
+,71,14,71,14,85,85,1,3.419921875,-3.419921875,-3.419921875,1,95,False
+,71,15,71,15,86,86,0,3.8125,-3.8125,-3.8125,1,98,False
+,71,16,71,16,87,87,0,4.17578125,-4.17578125,-4.17578125,1,99,False
+,71,17,71,17,88,88,1,3.47265625,-3.47265625,-3.47265625,1,98,False
+,71,18,71,18,89,89,0,5.1640625,-5.1640625,-5.1640625,1,101,False
+,71,19,71,19,90,90,0,4.65625,-4.65625,-4.65625,1,100,False
+,71,20,71,20,91,91,0,3.3984375,-3.3984375,-3.3984375,1,121,False
+,71,21,71,21,92,92,2,1.7216796875,-1.7216796875,-1.7216796875,1,92,True
+,71,22,71,22,93,93,0,2.615234375,-2.615234375,-2.615234375,1,93,True
+,71,23,71,23,94,94,0,2.615234375,-2.615234375,-2.615234375,1,92,False
+,71,24,71,24,95,95,0,2.416015625,-2.416015625,-2.416015625,1,95,True
+,71,25,71,25,96,96,0,2.58203125,-2.58203125,-2.58203125,1,98,False
+,71,26,71,26,97,97,0,3.029296875,-3.029296875,-3.029296875,1,99,False
+,71,27,71,27,98,98,0,2.095703125,-2.095703125,-2.095703125,1,98,True
+,71,28,71,28,99,99,0,2.47265625,-2.47265625,-2.47265625,1,99,True
+,71,29,71,29,100,100,0,2.814453125,-2.814453125,-2.814453125,1,106,False
+,71,30,71,30,101,101,1,1.779296875,-1.779296875,-1.779296875,1,101,True
+,71,31,71,31,102,102,0,2.736328125,-2.736328125,-2.736328125,1,112,False
+,71,32,71,32,103,103,0,2.84765625,-2.84765625,-2.84765625,1,107,False
+,71,33,71,33,104,104,0,3.515625,-3.515625,-3.515625,1,112,False
+,71,34,71,34,105,105,0,3.556640625,-3.556640625,-3.556640625,1,121,False
+,71,35,71,35,106,106,0,2.736328125,-2.736328125,-2.736328125,1,112,False
+,71,36,71,36,107,107,0,3.02734375,-3.02734375,-3.02734375,1,121,False
+,71,37,71,37,108,108,1,3.220703125,-3.220703125,-3.220703125,1,112,False
+,71,38,71,38,109,109,1,3.966796875,-3.966796875,-3.966796875,1,118,False
+,71,39,71,39,110,110,0,2.84375,-2.84375,-2.84375,1,112,False
+,71,40,71,40,111,111,0,2.87890625,-2.87890625,-2.87890625,1,121,False
+,71,41,71,41,112,112,0,2.65625,-2.65625,-2.65625,1,122,False
+,71,42,71,42,113,113,0,3.302734375,-3.302734375,-3.302734375,1,121,False
+,71,43,71,43,114,114,0,3.359375,-3.359375,-3.359375,1,112,False
+,71,44,71,44,115,115,0,3.259765625,-3.259765625,-3.259765625,1,121,False
+,71,45,71,45,116,116,0,2.83203125,-2.83203125,-2.83203125,1,122,False
+,71,46,71,46,117,117,0,3.48828125,-3.48828125,-3.48828125,1,121,False
+,71,47,71,47,118,118,1,2.880859375,-2.880859375,-2.880859375,1,122,False
+,71,48,71,48,119,119,0,3.52734375,-3.52734375,-3.52734375,1,121,False
+,71,49,71,49,120,120,0,3.099609375,-3.099609375,-3.099609375,1,124,False
+,71,50,71,50,121,121,0,1.6201171875,-1.6201171875,-1.6201171875,1,121,True
+,71,51,71,51,122,122,0,2.767578125,-2.767578125,-2.767578125,1,122,True
+,71,52,71,52,123,123,0,3.544921875,-3.544921875,-3.544921875,1,121,False
+,71,53,71,53,124,124,0,2.986328125,-2.986328125,-2.986328125,1,122,False
+,71,54,71,54,125,125,0,3.462890625,-3.462890625,-3.462890625,1,121,False
+,71,55,71,55,126,126,1,2.65234375,-2.65234375,-2.65234375,1,126,True
+,71,56,71,56,127,127,1,3.140625,-3.140625,-3.140625,1,121,False
+,71,57,71,57,128,128,0,3.2578125,-3.2578125,-3.2578125,1,128,True
+,71,58,71,58,129,129,0,3.4296875,-3.4296875,-3.4296875,1,147,False
+,71,59,71,59,130,130,0,3.859375,-3.859375,-3.859375,1,148,False
+,71,60,71,60,131,131,2,3.431640625,-3.431640625,-3.431640625,1,143,False
+,71,61,71,61,132,132,0,3.451171875,-3.451171875,-3.451171875,1,121,False
+,71,62,71,62,133,133,0,3.564453125,-3.564453125,-3.564453125,1,143,False
+,71,63,71,63,134,134,0,3.998046875,-3.998046875,-3.998046875,1,142,False
+,71,64,71,64,135,135,0,3.654296875,-3.654296875,-3.654296875,1,121,False
+,71,65,71,65,136,136,0,3.412109375,-3.412109375,-3.412109375,1,144,False
+,71,66,71,66,137,137,1,4.546875,-4.546875,-4.546875,1,166,False
+,71,67,71,67,138,138,0,5.1953125,-5.1953125,-5.1953125,1,166,False
+,71,68,71,68,139,139,0,6.12890625,-6.12890625,-6.12890625,1,173,False
+,71,69,71,69,140,140,0,5.2109375,-5.2109375,-5.2109375,1,172,False
+,71,70,71,70,141,141,0,3.095703125,-3.095703125,-3.095703125,1,161,False
+,71,71,71,71,142,142,0,1.2587890625,-1.2587890625,-1.2587890625,1,142,True
+,71,72,71,72,143,143,0,2.79296875,-2.79296875,-2.79296875,1,143,True
+,71,73,71,73,144,144,0,3.49609375,-3.49609375,-3.49609375,1,166,False
+,71,74,71,74,145,145,0,4.0546875,-4.0546875,-4.0546875,1,154,False
+,71,75,71,75,146,146,0,3.2265625,-3.2265625,-3.2265625,1,166,False
+,71,76,71,76,147,147,2,4.4296875,-4.4296875,-4.4296875,1,166,False
+,71,77,71,77,148,148,0,3.58984375,-3.58984375,-3.58984375,1,166,False
+,71,78,71,78,149,149,0,4.10546875,-4.10546875,-4.10546875,1,154,False
+,71,79,71,79,150,150,0,5.15234375,-5.15234375,-5.15234375,1,172,False
+,71,80,71,80,151,151,0,3.509765625,-3.509765625,-3.509765625,1,157,False
+,71,81,71,81,152,152,0,3.4453125,-3.4453125,-3.4453125,1,172,False
+,71,82,71,82,153,153,0,3.896484375,-3.896484375,-3.896484375,1,166,False
+,71,83,71,83,154,154,0,3.19921875,-3.19921875,-3.19921875,1,166,False
+,71,84,71,84,155,155,0,3.4375,-3.4375,-3.4375,1,154,False
+,71,85,71,85,156,156,0,3.587890625,-3.587890625,-3.587890625,1,172,False
+,71,86,71,86,157,157,0,4.28125,-4.28125,-4.28125,1,172,False
+,71,87,71,87,158,158,0,3.42578125,-3.42578125,-3.42578125,1,166,False
+,71,88,71,88,159,159,0,3.70703125,-3.70703125,-3.70703125,1,143,False
+,71,89,71,89,160,160,0,3.5234375,-3.5234375,-3.5234375,1,172,False
+,71,90,71,90,161,161,0,3.26171875,-3.26171875,-3.26171875,1,181,False
+,71,91,71,91,162,162,0,3.861328125,-3.861328125,-3.861328125,1,172,False
+,71,92,71,92,163,163,0,3.83984375,-3.83984375,-3.83984375,1,191,False
+,71,93,71,93,164,164,0,3.490234375,-3.490234375,-3.490234375,1,166,False
+,71,94,71,94,165,165,0,3.796875,-3.796875,-3.796875,1,147,False
+,71,95,71,95,166,166,0,3.353515625,-3.353515625,-3.353515625,1,152,False
+,71,96,71,96,167,167,0,4.4921875,-4.4921875,-4.4921875,1,148,False
+,71,97,71,97,168,168,0,3.791015625,-3.791015625,-3.791015625,1,144,False
+,71,98,71,98,169,169,0,5.06640625,-5.06640625,-5.06640625,1,143,False
+,71,99,71,99,170,170,0,3.919921875,-3.919921875,-3.919921875,1,144,False
+,72,10,72,10,82,82,5,1.673828125,-1.673828125,-1.673828125,1,82,True
+,72,11,72,11,83,83,0,2.69921875,-2.69921875,-2.69921875,1,91,False
+,72,12,72,12,84,84,4,2.22265625,-2.22265625,-2.22265625,1,96,False
+,72,13,72,13,85,85,0,3.251953125,-3.251953125,-3.251953125,1,97,False
+,72,14,72,14,86,86,1,2.220703125,-2.220703125,-2.220703125,1,98,False
+,72,15,72,15,87,87,7,3.2265625,-3.2265625,-3.2265625,1,99,False
+,72,16,72,16,88,88,2,3.1171875,-3.1171875,-3.1171875,1,100,False
+,72,17,72,17,89,89,0,3.888671875,-3.888671875,-3.888671875,1,101,False
+,72,18,72,18,90,90,2,3.060546875,-3.060546875,-3.060546875,1,102,False
+,72,19,72,19,91,91,0,4.203125,-4.203125,-4.203125,1,107,False
+,72,20,72,20,92,92,1,2.521484375,-2.521484375,-2.521484375,1,112,False
+,72,21,72,21,93,93,1,1.83984375,-1.83984375,-1.83984375,1,99,False
+,72,22,72,22,94,94,0,2.34765625,-2.34765625,-2.34765625,1,122,False
+,72,23,72,23,95,95,1,2.21875,-2.21875,-2.21875,1,97,False
+,72,24,72,24,96,96,3,1.3759765625,-1.3759765625,-1.3759765625,1,96,True
+,72,25,72,25,97,97,1,1.884765625,-1.884765625,-1.884765625,1,97,True
+,72,26,72,26,98,98,0,2.19921875,-2.19921875,-2.19921875,1,106,False
+,72,27,72,27,99,99,2,1.4912109375,-1.4912109375,-1.4912109375,1,99,True
+,72,28,72,28,100,100,0,2.296875,-2.296875,-2.296875,1,112,False
+,72,29,72,29,101,101,2,2.533203125,-2.533203125,-2.533203125,1,107,False
+,72,30,72,30,102,102,0,1.0546875,-1.0546875,-1.0546875,1,102,True
+,72,31,72,31,103,103,0,2.7109375,-2.7109375,-2.7109375,1,107,False
+,72,32,72,32,104,104,2,2.244140625,-2.244140625,-2.244140625,1,112,False
+,72,33,72,33,105,105,0,2.67578125,-2.67578125,-2.67578125,1,111,False
+,72,34,72,34,106,106,0,2.525390625,-2.525390625,-2.525390625,1,118,False
+,72,35,72,35,107,107,0,1.875,-1.875,-1.875,1,107,True
+,72,36,72,36,108,108,2,2.05859375,-2.05859375,-2.05859375,1,108,True
+,72,37,72,37,109,109,0,2.7265625,-2.7265625,-2.7265625,1,121,False
+,72,38,72,38,110,110,0,2.076171875,-2.076171875,-2.076171875,1,118,False
+,72,39,72,39,111,111,1,1.8974609375,-1.8974609375,-1.8974609375,1,117,False
+,72,40,72,40,112,112,0,1.77734375,-1.77734375,-1.77734375,1,112,True
+,72,41,72,41,113,113,0,2.662109375,-2.662109375,-2.662109375,1,121,False
+,72,42,72,42,114,114,0,2.080078125,-2.080078125,-2.080078125,1,114,True
+,72,43,72,43,115,115,0,2.509765625,-2.509765625,-2.509765625,1,121,False
+,72,44,72,44,116,116,1,2.5859375,-2.5859375,-2.5859375,1,112,False
+,72,45,72,45,117,117,0,1.9365234375,-1.9365234375,-1.9365234375,1,117,True
+,72,46,72,46,118,118,0,2.271484375,-2.271484375,-2.271484375,1,122,False
+,72,47,72,47,119,119,0,2.521484375,-2.521484375,-2.521484375,1,121,False
+,72,48,72,48,120,120,2,2.154296875,-2.154296875,-2.154296875,1,108,False
+,72,49,72,49,121,121,0,2.017578125,-2.017578125,-2.017578125,1,121,True
+,72,50,72,50,122,122,0,1.580078125,-1.580078125,-1.580078125,1,122,True
+,72,51,72,51,123,123,0,2.205078125,-2.205078125,-2.205078125,1,123,True
+,72,52,72,52,124,124,0,2.576171875,-2.576171875,-2.576171875,1,122,False
+,72,53,72,53,125,125,0,2.98828125,-2.98828125,-2.98828125,1,121,False
+,72,54,72,54,126,126,0,2.291015625,-2.291015625,-2.291015625,1,126,True
+,72,55,72,55,127,127,1,2.048828125,-2.048828125,-2.048828125,1,121,False
+,72,56,72,56,128,128,0,2.587890625,-2.587890625,-2.587890625,1,124,False
+,72,57,72,57,129,129,0,2.568359375,-2.568359375,-2.568359375,1,129,True
+,72,58,72,58,130,130,0,2.87109375,-2.87109375,-2.87109375,1,122,False
+,72,59,72,59,131,131,0,3.0390625,-3.0390625,-3.0390625,1,127,False
+,72,60,72,60,132,132,0,2.13671875,-2.13671875,-2.13671875,1,132,True
+,72,61,72,61,133,133,0,3.712890625,-3.712890625,-3.712890625,1,121,False
+,72,62,72,62,134,134,0,3.458984375,-3.458984375,-3.458984375,1,122,False
+,72,63,72,63,135,135,0,3.146484375,-3.146484375,-3.146484375,1,147,False
+,72,64,72,64,136,136,1,2.91015625,-2.91015625,-2.91015625,1,128,False
+,72,65,72,65,137,137,0,2.71484375,-2.71484375,-2.71484375,1,137,True
+,72,66,72,66,138,138,0,3.236328125,-3.236328125,-3.236328125,1,147,False
+,72,67,72,67,139,139,0,3.951171875,-3.951171875,-3.951171875,1,157,False
+,72,68,72,68,140,140,1,5.5390625,-5.5390625,-5.5390625,1,173,False
+,72,69,72,69,141,141,0,4.67578125,-4.67578125,-4.67578125,1,165,False
+,72,70,72,70,142,142,0,2.76171875,-2.76171875,-2.76171875,1,172,False
+,72,71,72,71,143,143,1,3.208984375,-3.208984375,-3.208984375,1,161,False
+,72,72,72,72,144,144,6,1.9921875,-1.9921875,-1.9921875,1,192,False
+,72,73,72,73,145,145,1,3.6171875,-3.6171875,-3.6171875,1,173,False
+,72,74,72,74,146,146,0,4.1484375,-4.1484375,-4.1484375,1,157,False
+,72,75,72,75,147,147,0,2.4140625,-2.4140625,-2.4140625,1,147,True
+,72,76,72,76,148,148,1,4.30859375,-4.30859375,-4.30859375,1,157,False
+,72,77,72,77,149,149,0,3.525390625,-3.525390625,-3.525390625,1,157,False
+,72,78,72,78,150,150,0,3.8828125,-3.8828125,-3.8828125,1,153,False
+,72,79,72,79,151,151,0,4.2734375,-4.2734375,-4.2734375,1,179,False
+,72,80,72,80,152,152,0,3.37109375,-3.37109375,-3.37109375,1,163,False
+,72,81,72,81,153,153,1,2.806640625,-2.806640625,-2.806640625,1,165,False
+,72,82,72,82,154,154,0,4.43359375,-4.43359375,-4.43359375,1,163,False
+,72,83,72,83,155,155,0,3.271484375,-3.271484375,-3.271484375,1,163,False
+,72,84,72,84,156,156,3,3.380859375,-3.380859375,-3.380859375,1,147,False
+,72,85,72,85,157,157,0,2.703125,-2.703125,-2.703125,1,157,True
+,72,86,72,86,158,158,0,4.94921875,-4.94921875,-4.94921875,1,163,False
+,72,87,72,87,159,159,0,3.138671875,-3.138671875,-3.138671875,1,165,False
+,72,88,72,88,160,160,0,3.2578125,-3.2578125,-3.2578125,1,148,False
+,72,89,72,89,161,161,0,3.583984375,-3.583984375,-3.583984375,1,163,False
+,72,90,72,90,162,162,1,2.4453125,-2.4453125,-2.4453125,1,162,True
+,72,91,72,91,163,163,0,3.072265625,-3.072265625,-3.072265625,1,163,True
+,72,92,72,92,164,164,1,4.21875,-4.21875,-4.21875,1,172,False
+,72,93,72,93,165,165,0,2.78515625,-2.78515625,-2.78515625,1,165,True
+,72,94,72,94,166,166,0,3.6484375,-3.6484375,-3.6484375,1,154,False
+,72,95,72,95,167,167,0,3.89453125,-3.89453125,-3.89453125,1,137,False
+,72,96,72,96,168,168,0,3.216796875,-3.216796875,-3.216796875,1,144,False
+,72,97,72,97,169,169,0,4.33984375,-4.33984375,-4.33984375,1,145,False
+,72,98,72,98,170,170,0,4.5,-4.5,-4.5,1,148,False
+,72,99,72,99,171,171,0,3.66015625,-3.66015625,-3.66015625,1,165,False
+,73,10,73,10,83,83,0,3.3671875,-3.3671875,-3.3671875,1,97,False
+,73,11,73,11,84,84,0,4.1484375,-4.1484375,-4.1484375,1,98,False
+,73,12,73,12,85,85,0,3.912109375,-3.912109375,-3.912109375,1,97,False
+,73,13,73,13,86,86,1,3.65625,-3.65625,-3.65625,1,96,False
+,73,14,73,14,87,87,0,3.458984375,-3.458984375,-3.458984375,1,99,False
+,73,15,73,15,88,88,2,3.884765625,-3.884765625,-3.884765625,1,98,False
+,73,16,73,16,89,89,0,4.4140625,-4.4140625,-4.4140625,1,99,False
+,73,17,73,17,90,90,1,4.27734375,-4.27734375,-4.27734375,1,100,False
+,73,18,73,18,91,91,0,4.53125,-4.53125,-4.53125,1,107,False
+,73,19,73,19,92,92,0,4.203125,-4.203125,-4.203125,1,106,False
+,73,20,73,20,93,93,0,4.36328125,-4.36328125,-4.36328125,1,107,False
+,73,21,73,21,94,94,3,3.125,-3.125,-3.125,1,98,False
+,73,22,73,22,95,95,0,2.951171875,-2.951171875,-2.951171875,1,97,False
+,73,23,73,23,96,96,0,2.744140625,-2.744140625,-2.744140625,1,97,False
+,73,24,73,24,97,97,0,2.294921875,-2.294921875,-2.294921875,1,97,True
+,73,25,73,25,98,98,1,2.58203125,-2.58203125,-2.58203125,1,108,False
+,73,26,73,26,99,99,0,3.02734375,-3.02734375,-3.02734375,1,107,False
+,73,27,73,27,100,100,0,2.7890625,-2.7890625,-2.7890625,1,98,False
+,73,28,73,28,101,101,0,3.048828125,-3.048828125,-3.048828125,1,107,False
+,73,29,73,29,102,102,0,3.01953125,-3.01953125,-3.01953125,1,110,False
+,73,30,73,30,103,103,0,2.6875,-2.6875,-2.6875,1,107,False
+,73,31,73,31,104,104,0,3.314453125,-3.314453125,-3.314453125,1,112,False
+,73,32,73,32,105,105,0,3.099609375,-3.099609375,-3.099609375,1,107,False
+,73,33,73,33,106,106,0,3.14453125,-3.14453125,-3.14453125,1,112,False
+,73,34,73,34,107,107,0,2.931640625,-2.931640625,-2.931640625,1,121,False
+,73,35,73,35,108,108,0,3.314453125,-3.314453125,-3.314453125,1,118,False
+,73,36,73,36,109,109,1,3.248046875,-3.248046875,-3.248046875,1,121,False
+,73,37,73,37,110,110,1,3.138671875,-3.138671875,-3.138671875,1,122,False
+,73,38,73,38,111,111,0,3.068359375,-3.068359375,-3.068359375,1,121,False
+,73,39,73,39,112,112,0,2.796875,-2.796875,-2.796875,1,118,False
+,73,40,73,40,113,113,0,3.267578125,-3.267578125,-3.267578125,1,121,False
+,73,41,73,41,114,114,0,3.341796875,-3.341796875,-3.341796875,1,118,False
+,73,42,73,42,115,115,1,3.150390625,-3.150390625,-3.150390625,1,121,False
+,73,43,73,43,116,116,0,3.181640625,-3.181640625,-3.181640625,1,118,False
+,73,44,73,44,117,117,0,3.1796875,-3.1796875,-3.1796875,1,121,False
+,73,45,73,45,118,118,0,2.873046875,-2.873046875,-2.873046875,1,122,False
+,73,46,73,46,119,119,0,3.138671875,-3.138671875,-3.138671875,1,121,False
+,73,47,73,47,120,120,1,3.244140625,-3.244140625,-3.244140625,1,124,False
+,73,48,73,48,121,121,1,2.505859375,-2.505859375,-2.505859375,1,121,True
+,73,49,73,49,122,122,0,2.787109375,-2.787109375,-2.787109375,1,124,False
+,73,50,73,50,123,123,2,2.951171875,-2.951171875,-2.951171875,1,121,False
+,73,51,73,51,124,124,0,2.8125,-2.8125,-2.8125,1,124,True
+,73,52,73,52,125,125,0,3.283203125,-3.283203125,-3.283203125,1,127,False
+,73,53,73,53,126,126,0,3.3203125,-3.3203125,-3.3203125,1,122,False
+,73,54,73,54,127,127,0,3.001953125,-3.001953125,-3.001953125,1,121,False
+,73,55,73,55,128,128,0,3.05859375,-3.05859375,-3.05859375,1,124,False
+,73,56,73,56,129,129,0,3.193359375,-3.193359375,-3.193359375,1,127,False
+,73,57,73,57,130,130,0,3.044921875,-3.044921875,-3.044921875,1,130,True
+,73,58,73,58,131,131,0,3.7265625,-3.7265625,-3.7265625,1,127,False
+,73,59,73,59,132,132,1,3.88671875,-3.88671875,-3.88671875,1,144,False
+,73,60,73,60,133,133,0,3.251953125,-3.251953125,-3.251953125,1,127,False
+,73,61,73,61,134,134,0,4.25,-4.25,-4.25,1,121,False
+,73,62,73,62,135,135,0,3.51171875,-3.51171875,-3.51171875,1,121,False
+,73,63,73,63,136,136,0,3.48828125,-3.48828125,-3.48828125,1,142,False
+,73,64,73,64,137,137,1,3.53515625,-3.53515625,-3.53515625,1,121,False
+,73,65,73,65,138,138,0,3.685546875,-3.685546875,-3.685546875,1,142,False
+,73,66,73,66,139,139,0,4.0625,-4.0625,-4.0625,1,148,False
+,73,67,73,67,140,140,0,4.16015625,-4.16015625,-4.16015625,1,154,False
+,73,68,73,68,141,141,0,5.48046875,-5.48046875,-5.48046875,1,173,False
+,73,69,73,69,142,142,1,4.62109375,-4.62109375,-4.62109375,1,166,False
+,73,70,73,70,143,143,0,4.2890625,-4.2890625,-4.2890625,1,172,False
+,73,71,73,71,144,144,0,4.109375,-4.109375,-4.109375,1,172,False
+,73,72,73,72,145,145,0,5.046875,-5.046875,-5.046875,1,173,False
+,73,73,73,73,146,146,1,2.78125,-2.78125,-2.78125,1,148,False
+,73,74,73,74,147,147,0,4.3203125,-4.3203125,-4.3203125,1,166,False
+,73,75,73,75,148,148,0,3.56640625,-3.56640625,-3.56640625,1,166,False
+,73,76,73,76,149,149,0,5.1015625,-5.1015625,-5.1015625,1,186,False
+,73,77,73,77,150,150,0,4.81640625,-4.81640625,-4.81640625,1,166,False
+,73,78,73,78,151,151,0,4.7578125,-4.7578125,-4.7578125,1,172,False
+,73,79,73,79,152,152,0,5.328125,-5.328125,-5.328125,1,184,False
+,73,80,73,80,153,153,0,4.23828125,-4.23828125,-4.23828125,1,166,False
+,73,81,73,81,154,154,0,3.595703125,-3.595703125,-3.595703125,1,166,False
+,73,82,73,82,155,155,0,4.3984375,-4.3984375,-4.3984375,1,166,False
+,73,83,73,83,156,156,0,4.2265625,-4.2265625,-4.2265625,1,172,False
+,73,84,73,84,157,157,1,3.599609375,-3.599609375,-3.599609375,1,157,True
+,73,85,73,85,158,158,1,3.947265625,-3.947265625,-3.947265625,1,172,False
+,73,86,73,86,159,159,0,4.58984375,-4.58984375,-4.58984375,1,186,False
+,73,87,73,87,160,160,0,3.498046875,-3.498046875,-3.498046875,1,166,False
+,73,88,73,88,161,161,1,4.203125,-4.203125,-4.203125,1,147,False
+,73,89,73,89,162,162,0,3.734375,-3.734375,-3.734375,1,166,False
+,73,90,73,90,163,163,0,3.607421875,-3.607421875,-3.607421875,1,166,False
+,73,91,73,91,164,164,0,3.92578125,-3.92578125,-3.92578125,1,166,False
+,73,92,73,92,165,165,0,3.814453125,-3.814453125,-3.814453125,1,185,False
+,73,93,73,93,166,166,0,3.1796875,-3.1796875,-3.1796875,1,166,True
+,73,94,73,94,167,167,0,4.0078125,-4.0078125,-4.0078125,1,147,False
+,73,95,73,95,168,168,0,3.306640625,-3.306640625,-3.306640625,1,148,False
+,73,96,73,96,169,169,0,4.0625,-4.0625,-4.0625,1,148,False
+,73,97,73,97,170,170,0,4.6640625,-4.6640625,-4.6640625,1,144,False
+,73,98,73,98,171,171,0,5.09765625,-5.09765625,-5.09765625,1,143,False
+,73,99,73,99,172,172,0,4.2421875,-4.2421875,-4.2421875,1,148,False
+,74,10,74,10,84,84,1,3.994140625,-3.994140625,-3.994140625,1,96,False
+,74,11,74,11,85,85,0,3.849609375,-3.849609375,-3.849609375,1,97,False
+,74,12,74,12,86,86,0,3.927734375,-3.927734375,-3.927734375,1,98,False
+,74,13,74,13,87,87,0,4.08203125,-4.08203125,-4.08203125,1,97,False
+,74,14,74,14,88,88,1,3.171875,-3.171875,-3.171875,1,96,False
+,74,15,74,15,89,89,0,4.40625,-4.40625,-4.40625,1,101,False
+,74,16,74,16,90,90,1,4.35546875,-4.35546875,-4.35546875,1,102,False
+,74,17,74,17,91,91,0,4.56640625,-4.56640625,-4.56640625,1,111,False
+,74,18,74,18,92,92,0,4.20703125,-4.20703125,-4.20703125,1,112,False
+,74,19,74,19,93,93,0,4.66015625,-4.66015625,-4.66015625,1,121,False
+,74,20,74,20,94,94,4,3.9921875,-3.9921875,-3.9921875,1,122,False
+,74,21,74,21,95,95,0,3.310546875,-3.310546875,-3.310546875,1,121,False
+,74,22,74,22,96,96,0,2.76953125,-2.76953125,-2.76953125,1,102,False
+,74,23,74,23,97,97,0,2.08203125,-2.08203125,-2.08203125,1,97,True
+,74,24,74,24,98,98,0,2.44921875,-2.44921875,-2.44921875,1,98,True
+,74,25,74,25,99,99,0,3.03515625,-3.03515625,-3.03515625,1,121,False
+,74,26,74,26,100,100,0,3.015625,-3.015625,-3.015625,1,102,False
+,74,27,74,27,101,101,0,2.771484375,-2.771484375,-2.771484375,1,97,False
+,74,28,74,28,102,102,0,2.48046875,-2.48046875,-2.48046875,1,110,False
+,74,29,74,29,103,103,0,3.376953125,-3.376953125,-3.376953125,1,121,False
+,74,30,74,30,104,104,1,3.0703125,-3.0703125,-3.0703125,1,112,False
+,74,31,74,31,105,105,0,3.35546875,-3.35546875,-3.35546875,1,121,False
+,74,32,74,32,106,106,0,2.8828125,-2.8828125,-2.8828125,1,108,False
+,74,33,74,33,107,107,0,3.185546875,-3.185546875,-3.185546875,1,121,False
+,74,34,74,34,108,108,0,3.431640625,-3.431640625,-3.431640625,1,121,False
+,74,35,74,35,109,109,0,3.552734375,-3.552734375,-3.552734375,1,121,False
+,74,36,74,36,110,110,0,3.78515625,-3.78515625,-3.78515625,1,121,False
+,74,37,74,37,111,111,0,2.77734375,-2.77734375,-2.77734375,1,121,False
+,74,38,74,38,112,112,1,3.25390625,-3.25390625,-3.25390625,1,121,False
+,74,39,74,39,113,113,0,2.78515625,-2.78515625,-2.78515625,1,121,False
+,74,40,74,40,114,114,0,3.93359375,-3.93359375,-3.93359375,1,121,False
+,74,41,74,41,115,115,0,3.25,-3.25,-3.25,1,121,False
+,74,42,74,42,116,116,0,3.6328125,-3.6328125,-3.6328125,1,121,False
+,74,43,74,43,117,117,2,3.04296875,-3.04296875,-3.04296875,1,121,False
+,74,44,74,44,118,118,0,3.3125,-3.3125,-3.3125,1,121,False
+,74,45,74,45,119,119,0,3.12890625,-3.12890625,-3.12890625,1,121,False
+,74,46,74,46,120,120,0,3.376953125,-3.376953125,-3.376953125,1,122,False
+,74,47,74,47,121,121,1,2.390625,-2.390625,-2.390625,1,121,True
+,74,48,74,48,122,122,0,3.08984375,-3.08984375,-3.08984375,1,121,False
+,74,49,74,49,123,123,0,2.69921875,-2.69921875,-2.69921875,1,121,False
+,74,50,74,50,124,124,0,2.650390625,-2.650390625,-2.650390625,1,122,False
+,74,51,74,51,125,125,0,2.912109375,-2.912109375,-2.912109375,1,121,False
+,74,52,74,52,126,126,0,3.705078125,-3.705078125,-3.705078125,1,121,False
+,74,53,74,53,127,127,0,2.720703125,-2.720703125,-2.720703125,1,127,True
+,74,54,74,54,128,128,0,3.84765625,-3.84765625,-3.84765625,1,121,False
+,74,55,74,55,129,129,0,3.072265625,-3.072265625,-3.072265625,1,127,False
+,74,56,74,56,130,130,0,3.9765625,-3.9765625,-3.9765625,1,121,False
+,74,57,74,57,131,131,0,3.5078125,-3.5078125,-3.5078125,1,127,False
+,74,58,74,58,132,132,0,3.869140625,-3.869140625,-3.869140625,1,127,False
+,74,59,74,59,133,133,0,3.16796875,-3.16796875,-3.16796875,1,143,False
+,74,60,74,60,134,134,0,3.845703125,-3.845703125,-3.845703125,1,121,False
+,74,61,74,61,135,135,0,4.296875,-4.296875,-4.296875,1,121,False
+,74,62,74,62,136,136,0,3.73828125,-3.73828125,-3.73828125,1,122,False
+,74,63,74,63,137,137,0,3.126953125,-3.126953125,-3.126953125,1,143,False
+,74,64,74,64,138,138,0,3.98828125,-3.98828125,-3.98828125,1,121,False
+,74,65,74,65,139,139,0,3.484375,-3.484375,-3.484375,1,143,False
+,74,66,74,66,140,140,0,4.33203125,-4.33203125,-4.33203125,1,143,False
+,74,67,74,67,141,141,0,3.947265625,-3.947265625,-3.947265625,1,157,False
+,74,68,74,68,142,142,0,6.03125,-6.03125,-6.03125,1,173,False
+,74,69,74,69,143,143,0,4.27734375,-4.27734375,-4.27734375,1,173,False
+,74,70,74,70,144,144,1,4.8828125,-4.8828125,-4.8828125,1,147,False
+,74,71,74,71,145,145,0,4.40234375,-4.40234375,-4.40234375,1,173,False
+,74,72,74,72,146,146,0,5.12109375,-5.12109375,-5.12109375,1,173,False
+,74,73,74,73,147,147,0,3.83984375,-3.83984375,-3.83984375,1,165,False
+,74,74,74,74,148,148,2,2.763671875,-2.763671875,-2.763671875,1,148,True
+,74,75,74,75,149,149,0,3.86328125,-3.86328125,-3.86328125,1,167,False
+,74,76,74,76,150,150,0,6.28125,-6.28125,-6.28125,1,191,False
+,74,77,74,77,151,151,1,4.703125,-4.703125,-4.703125,1,165,False
+,74,78,74,78,152,152,1,5.80078125,-5.80078125,-5.80078125,1,173,False
+,74,79,74,79,153,153,1,5.05859375,-5.05859375,-5.05859375,1,207,False
+,74,80,74,80,154,154,0,5.41796875,-5.41796875,-5.41796875,1,173,False
+,74,81,74,81,155,155,0,3.73046875,-3.73046875,-3.73046875,1,173,False
+,74,82,74,82,156,156,0,5.32421875,-5.32421875,-5.32421875,1,165,False
+,74,83,74,83,157,157,0,4.015625,-4.015625,-4.015625,1,165,False
+,74,84,74,84,158,158,0,5.015625,-5.015625,-5.015625,1,157,False
+,74,85,74,85,159,159,0,4.60546875,-4.60546875,-4.60546875,1,207,False
+,74,86,74,86,160,160,0,6.10546875,-6.10546875,-6.10546875,1,207,False
+,74,87,74,87,161,161,0,3.705078125,-3.705078125,-3.705078125,1,165,False
+,74,88,74,88,162,162,0,4.3828125,-4.3828125,-4.3828125,1,147,False
+,74,89,74,89,163,163,0,3.685546875,-3.685546875,-3.685546875,1,165,False
+,74,90,74,90,164,164,0,5.09765625,-5.09765625,-5.09765625,1,173,False
+,74,91,74,91,165,165,0,3.30859375,-3.30859375,-3.30859375,1,165,True
+,74,92,74,92,166,166,0,4.73828125,-4.73828125,-4.73828125,1,185,False
+,74,93,74,93,167,167,0,3.40625,-3.40625,-3.40625,1,169,False
+,74,94,74,94,168,168,0,4.33203125,-4.33203125,-4.33203125,1,147,False
+,74,95,74,95,169,169,0,3.33203125,-3.33203125,-3.33203125,1,169,True
+,74,96,74,96,170,170,0,4.79296875,-4.79296875,-4.79296875,1,147,False
+,74,97,74,97,171,171,0,4.43359375,-4.43359375,-4.43359375,1,147,False
+,74,98,74,98,172,172,0,4.74609375,-4.74609375,-4.74609375,1,148,False
+,74,99,74,99,173,173,0,3.6328125,-3.6328125,-3.6328125,1,147,False
+,75,10,75,10,85,85,1,3.083984375,-3.083984375,-3.083984375,1,95,False
+,75,11,75,11,86,86,0,3.619140625,-3.619140625,-3.619140625,1,98,False
+,75,12,75,12,87,87,1,3.791015625,-3.791015625,-3.791015625,1,93,False
+,75,13,75,13,88,88,0,3.498046875,-3.498046875,-3.498046875,1,98,False
+,75,14,75,14,89,89,0,3.810546875,-3.810546875,-3.810546875,1,101,False
+,75,15,75,15,90,90,2,5.2734375,-5.2734375,-5.2734375,1,102,False
+,75,16,75,16,91,91,0,4.1015625,-4.1015625,-4.1015625,1,101,False
+,75,17,75,17,92,92,2,3.6328125,-3.6328125,-3.6328125,1,106,False
+,75,18,75,18,93,93,0,4.36328125,-4.36328125,-4.36328125,1,108,False
+,75,19,75,19,94,94,0,3.71484375,-3.71484375,-3.71484375,1,106,False
+,75,20,75,20,95,95,1,3.37890625,-3.37890625,-3.37890625,1,110,False
+,75,21,75,21,96,96,0,2.169921875,-2.169921875,-2.169921875,1,96,True
+,75,22,75,22,97,97,0,3.380859375,-3.380859375,-3.380859375,1,121,False
+,75,23,75,23,98,98,0,2.49609375,-2.49609375,-2.49609375,1,98,True
+,75,24,75,24,99,99,0,3.015625,-3.015625,-3.015625,1,102,False
+,75,25,75,25,100,100,3,2.4296875,-2.4296875,-2.4296875,1,106,False
+,75,26,75,26,101,101,4,3.181640625,-3.181640625,-3.181640625,1,106,False
+,75,27,75,27,102,102,2,1.869140625,-1.869140625,-1.869140625,1,102,True
+,75,28,75,28,103,103,0,3.0078125,-3.0078125,-3.0078125,1,113,False
+,75,29,75,29,104,104,0,2.625,-2.625,-2.625,1,106,False
+,75,30,75,30,105,105,2,1.787109375,-1.787109375,-1.787109375,1,105,True
+,75,31,75,31,106,106,0,1.771484375,-1.771484375,-1.771484375,1,106,True
+,75,32,75,32,107,107,0,2.37890625,-2.37890625,-2.37890625,1,112,False
+,75,33,75,33,108,108,0,2.703125,-2.703125,-2.703125,1,112,False
+,75,34,75,34,109,109,0,3.939453125,-3.939453125,-3.939453125,1,112,False
+,75,35,75,35,110,110,3,3.216796875,-3.216796875,-3.216796875,1,112,False
+,75,36,75,36,111,111,0,3.134765625,-3.134765625,-3.134765625,1,121,False
+,75,37,75,37,112,112,0,2.095703125,-2.095703125,-2.095703125,1,112,True
+,75,38,75,38,113,113,1,3.11328125,-3.11328125,-3.11328125,1,122,False
+,75,39,75,39,114,114,0,2.58203125,-2.58203125,-2.58203125,1,126,False
+,75,40,75,40,115,115,0,4.11328125,-4.11328125,-4.11328125,1,122,False
+,75,41,75,41,116,116,0,2.669921875,-2.669921875,-2.669921875,1,124,False
+,75,42,75,42,117,117,1,3.365234375,-3.365234375,-3.365234375,1,126,False
+,75,43,75,43,118,118,0,2.634765625,-2.634765625,-2.634765625,1,112,False
+,75,44,75,44,119,119,0,3.515625,-3.515625,-3.515625,1,124,False
+,75,45,75,45,120,120,3,3.33203125,-3.33203125,-3.33203125,1,122,False
+,75,46,75,46,121,121,1,2.296875,-2.296875,-2.296875,1,121,True
+,75,47,75,47,122,122,0,2.099609375,-2.099609375,-2.099609375,1,122,True
+,75,48,75,48,123,123,2,2.662109375,-2.662109375,-2.662109375,1,123,True
+,75,49,75,49,124,124,0,2.240234375,-2.240234375,-2.240234375,1,124,True
+,75,50,75,50,125,125,4,2.943359375,-2.943359375,-2.943359375,1,122,False
+,75,51,75,51,126,126,0,2.333984375,-2.333984375,-2.333984375,1,126,True
+,75,52,75,52,127,127,0,3.140625,-3.140625,-3.140625,1,122,False
+,75,53,75,53,128,128,0,3.005859375,-3.005859375,-3.005859375,1,122,False
+,75,54,75,54,129,129,0,3.599609375,-3.599609375,-3.599609375,1,126,False
+,75,55,75,55,130,130,0,3.60546875,-3.60546875,-3.60546875,1,122,False
+,75,56,75,56,131,131,0,4.08203125,-4.08203125,-4.08203125,1,121,False
+,75,57,75,57,132,132,3,3.244140625,-3.244140625,-3.244140625,1,126,False
+,75,58,75,58,133,133,4,3.609375,-3.609375,-3.609375,1,122,False
+,75,59,75,59,134,134,0,3.052734375,-3.052734375,-3.052734375,1,142,False
+,75,60,75,60,135,135,2,4.0234375,-4.0234375,-4.0234375,1,142,False
+,75,61,75,61,136,136,0,3.837890625,-3.837890625,-3.837890625,1,121,False
+,75,62,75,62,137,137,0,3.775390625,-3.775390625,-3.775390625,1,122,False
+,75,63,75,63,138,138,0,3.943359375,-3.943359375,-3.943359375,1,122,False
+,75,64,75,64,139,139,0,4.078125,-4.078125,-4.078125,1,121,False
+,75,65,75,65,140,140,0,3.90625,-3.90625,-3.90625,1,122,False
+,75,66,75,66,141,141,0,4.359375,-4.359375,-4.359375,1,166,False
+,75,67,75,67,142,142,1,2.818359375,-2.818359375,-2.818359375,1,142,True
+,75,68,75,68,143,143,0,4.5390625,-4.5390625,-4.5390625,1,166,False
+,75,69,75,69,144,144,1,3.5546875,-3.5546875,-3.5546875,1,166,False
+,75,70,75,70,145,145,1,4.921875,-4.921875,-4.921875,1,142,False
+,75,71,75,71,146,146,0,3.349609375,-3.349609375,-3.349609375,1,166,False
+,75,72,75,72,147,147,0,4.28515625,-4.28515625,-4.28515625,1,166,False
+,75,73,75,73,148,148,0,2.802734375,-2.802734375,-2.802734375,1,166,False
+,75,74,75,74,149,149,0,4.9375,-4.9375,-4.9375,1,166,False
+,75,75,75,75,150,150,10,0.68212890625,-0.68212890625,-0.68212890625,1,150,True
+,75,76,75,76,151,151,0,4.59765625,-4.59765625,-4.59765625,1,166,False
+,75,77,75,77,152,152,0,3.400390625,-3.400390625,-3.400390625,1,166,False
+,75,78,75,78,153,153,0,4.3984375,-4.3984375,-4.3984375,1,168,False
+,75,79,75,79,154,154,0,4.23828125,-4.23828125,-4.23828125,1,176,False
+,75,80,75,80,155,155,1,4.9765625,-4.9765625,-4.9765625,1,166,False
+,75,81,75,81,156,156,0,3.228515625,-3.228515625,-3.228515625,1,168,False
+,75,82,75,82,157,157,0,3.91015625,-3.91015625,-3.91015625,1,166,False
+,75,83,75,83,158,158,0,3.26171875,-3.26171875,-3.26171875,1,166,False
+,75,84,75,84,159,159,0,4.43359375,-4.43359375,-4.43359375,1,168,False
+,75,85,75,85,160,160,1,4.4296875,-4.4296875,-4.4296875,1,172,False
+,75,86,75,86,161,161,0,4.98828125,-4.98828125,-4.98828125,1,172,False
+,75,87,75,87,162,162,0,3.57421875,-3.57421875,-3.57421875,1,166,False
+,75,88,75,88,163,163,0,3.8671875,-3.8671875,-3.8671875,1,157,False
+,75,89,75,89,164,164,0,3.623046875,-3.623046875,-3.623046875,1,166,False
+,75,90,75,90,165,165,0,4.2734375,-4.2734375,-4.2734375,1,186,False
+,75,91,75,91,166,166,0,2.80859375,-2.80859375,-2.80859375,1,166,True
+,75,92,75,92,167,167,0,4.109375,-4.109375,-4.109375,1,172,False
+,75,93,75,93,168,168,0,3.1875,-3.1875,-3.1875,1,166,False
+,75,94,75,94,169,169,0,3.984375,-3.984375,-3.984375,1,166,False
+,75,95,75,95,170,170,0,4.16015625,-4.16015625,-4.16015625,1,172,False
+,75,96,75,96,171,171,0,4.32421875,-4.32421875,-4.32421875,1,166,False
+,75,97,75,97,172,172,0,3.54296875,-3.54296875,-3.54296875,1,148,False
+,75,98,75,98,173,173,0,4.4140625,-4.4140625,-4.4140625,1,148,False
+,75,99,75,99,174,174,0,4.0625,-4.0625,-4.0625,1,166,False
+,76,10,76,10,86,86,2,2.830078125,-2.830078125,-2.830078125,1,106,False
+,76,11,76,11,87,87,0,4.34765625,-4.34765625,-4.34765625,1,97,False
+,76,12,76,12,88,88,2,3.212890625,-3.212890625,-3.212890625,1,96,False
+,76,13,76,13,89,89,1,4.359375,-4.359375,-4.359375,1,101,False
+,76,14,76,14,90,90,1,3.642578125,-3.642578125,-3.642578125,1,102,False
+,76,15,76,15,91,91,0,4.2109375,-4.2109375,-4.2109375,1,101,False
+,76,16,76,16,92,92,1,3.689453125,-3.689453125,-3.689453125,1,96,False
+,76,17,76,17,93,93,0,5.0546875,-5.0546875,-5.0546875,1,107,False
+,76,18,76,18,94,94,1,4.55859375,-4.55859375,-4.55859375,1,106,False
+,76,19,76,19,95,95,0,4.56640625,-4.56640625,-4.56640625,1,121,False
+,76,20,76,20,96,96,0,3.23046875,-3.23046875,-3.23046875,1,116,False
+,76,21,76,21,97,97,2,3.224609375,-3.224609375,-3.224609375,1,121,False
+,76,22,76,22,98,98,0,3.1171875,-3.1171875,-3.1171875,1,122,False
+,76,23,76,23,99,99,0,3.033203125,-3.033203125,-3.033203125,1,121,False
+,76,24,76,24,100,100,0,2.400390625,-2.400390625,-2.400390625,1,104,False
+,76,25,76,25,101,101,1,3.224609375,-3.224609375,-3.224609375,1,121,False
+,76,26,76,26,102,102,1,2.3125,-2.3125,-2.3125,1,106,False
+,76,27,76,27,103,103,0,2.435546875,-2.435546875,-2.435546875,1,107,False
+,76,28,76,28,104,104,0,3.0546875,-3.0546875,-3.0546875,1,112,False
+,76,29,76,29,105,105,0,3.38671875,-3.38671875,-3.38671875,1,121,False
+,76,30,76,30,106,106,0,1.2158203125,-1.2158203125,-1.2158203125,1,106,True
+,76,31,76,31,107,107,1,2.443359375,-2.443359375,-2.443359375,1,121,False
+,76,32,76,32,108,108,0,2.458984375,-2.458984375,-2.458984375,1,112,False
+,76,33,76,33,109,109,0,3.3828125,-3.3828125,-3.3828125,1,121,False
+,76,34,76,34,110,110,0,3.21484375,-3.21484375,-3.21484375,1,122,False
+,76,35,76,35,111,111,0,2.91015625,-2.91015625,-2.91015625,1,121,False
+,76,36,76,36,112,112,0,2.7734375,-2.7734375,-2.7734375,1,121,False
+,76,37,76,37,113,113,0,3.033203125,-3.033203125,-3.033203125,1,121,False
+,76,38,76,38,114,114,0,3.40625,-3.40625,-3.40625,1,122,False
+,76,39,76,39,115,115,0,2.771484375,-2.771484375,-2.771484375,1,121,False
+,76,40,76,40,116,116,0,2.5234375,-2.5234375,-2.5234375,1,122,False
+,76,41,76,41,117,117,0,2.94140625,-2.94140625,-2.94140625,1,121,False
+,76,42,76,42,118,118,0,2.4375,-2.4375,-2.4375,1,122,False
+,76,43,76,43,119,119,0,2.7109375,-2.7109375,-2.7109375,1,121,False
+,76,44,76,44,120,120,1,3.3515625,-3.3515625,-3.3515625,1,122,False
+,76,45,76,45,121,121,1,1.69921875,-1.69921875,-1.69921875,1,121,True
+,76,46,76,46,122,122,0,1.8291015625,-1.8291015625,-1.8291015625,1,122,True
+,76,47,76,47,123,123,0,2.48828125,-2.48828125,-2.48828125,1,121,False
+,76,48,76,48,124,124,1,2.466796875,-2.466796875,-2.466796875,1,124,True
+,76,49,76,49,125,125,0,2.80078125,-2.80078125,-2.80078125,1,121,False
+,76,50,76,50,126,126,0,1.9375,-1.9375,-1.9375,1,122,False
+,76,51,76,51,127,127,0,2.21484375,-2.21484375,-2.21484375,1,121,False
+,76,52,76,52,128,128,0,3.109375,-3.109375,-3.109375,1,122,False
+,76,53,76,53,129,129,1,3.17578125,-3.17578125,-3.17578125,1,121,False
+,76,54,76,54,130,130,0,3.443359375,-3.443359375,-3.443359375,1,122,False
+,76,55,76,55,131,131,0,3.0390625,-3.0390625,-3.0390625,1,121,False
+,76,56,76,56,132,132,1,3.37109375,-3.37109375,-3.37109375,1,124,False
+,76,57,76,57,133,133,2,2.908203125,-2.908203125,-2.908203125,1,127,False
+,76,58,76,58,134,134,0,3.478515625,-3.478515625,-3.478515625,1,122,False
+,76,59,76,59,135,135,0,3.35546875,-3.35546875,-3.35546875,1,127,False
+,76,60,76,60,136,136,0,2.353515625,-2.353515625,-2.353515625,1,124,False
+,76,61,76,61,137,137,0,3.978515625,-3.978515625,-3.978515625,1,121,False
+,76,62,76,62,138,138,0,3.91796875,-3.91796875,-3.91796875,1,122,False
+,76,63,76,63,139,139,0,3.470703125,-3.470703125,-3.470703125,1,127,False
+,76,64,76,64,140,140,0,4.1953125,-4.1953125,-4.1953125,1,124,False
+,76,65,76,65,141,141,0,3.775390625,-3.775390625,-3.775390625,1,121,False
+,76,66,76,66,142,142,0,3.216796875,-3.216796875,-3.216796875,1,136,False
+,76,67,76,67,143,143,2,2.79296875,-2.79296875,-2.79296875,1,143,True
+,76,68,76,68,144,144,0,4.3828125,-4.3828125,-4.3828125,1,157,False
+,76,69,76,69,145,145,0,3.923828125,-3.923828125,-3.923828125,1,157,False
+,76,70,76,70,146,146,0,3.171875,-3.171875,-3.171875,1,142,False
+,76,71,76,71,147,147,0,3.318359375,-3.318359375,-3.318359375,1,157,False
+,76,72,76,72,148,148,0,3.619140625,-3.619140625,-3.619140625,1,163,False
+,76,73,76,73,149,149,1,3.712890625,-3.712890625,-3.712890625,1,157,False
+,76,74,76,74,150,150,0,5.0703125,-5.0703125,-5.0703125,1,157,False
+,76,75,76,75,151,151,0,3.359375,-3.359375,-3.359375,1,191,False
+,76,76,76,76,152,152,2,2.50390625,-2.50390625,-2.50390625,1,152,True
+,76,77,76,77,153,153,0,3.361328125,-3.361328125,-3.361328125,1,153,True
+,76,78,76,78,154,154,0,4.01953125,-4.01953125,-4.01953125,1,166,False
+,76,79,76,79,155,155,0,4.921875,-4.921875,-4.921875,1,207,False
+,76,80,76,80,156,156,0,4.890625,-4.890625,-4.890625,1,191,False
+,76,81,76,81,157,157,0,3.52734375,-3.52734375,-3.52734375,1,175,False
+,76,82,76,82,158,158,0,5.3671875,-5.3671875,-5.3671875,1,157,False
+,76,83,76,83,159,159,0,4.09765625,-4.09765625,-4.09765625,1,169,False
+,76,84,76,84,160,160,0,4.9765625,-4.9765625,-4.9765625,1,157,False
+,76,85,76,85,161,161,0,4.61328125,-4.61328125,-4.61328125,1,207,False
+,76,86,76,86,162,162,0,6.3046875,-6.3046875,-6.3046875,1,207,False
+,76,87,76,87,163,163,0,3.55859375,-3.55859375,-3.55859375,1,169,False
+,76,88,76,88,164,164,1,4.51171875,-4.51171875,-4.51171875,1,152,False
+,76,89,76,89,165,165,0,3.802734375,-3.802734375,-3.802734375,1,207,False
+,76,90,76,90,166,166,0,4.375,-4.375,-4.375,1,191,False
+,76,91,76,91,167,167,0,3.982421875,-3.982421875,-3.982421875,1,157,False
+,76,92,76,92,168,168,0,4.92578125,-4.92578125,-4.92578125,1,191,False
+,76,93,76,93,169,169,0,3.408203125,-3.408203125,-3.408203125,1,169,True
+,76,94,76,94,170,170,0,4.4453125,-4.4453125,-4.4453125,1,153,False
+,76,95,76,95,171,171,0,3.720703125,-3.720703125,-3.720703125,1,191,False
+,76,96,76,96,172,172,0,4.26953125,-4.26953125,-4.26953125,1,191,False
+,76,97,76,97,173,173,0,4.296875,-4.296875,-4.296875,1,153,False
+,76,98,76,98,174,174,0,5.1171875,-5.1171875,-5.1171875,1,148,False
+,76,99,76,99,175,175,0,3.876953125,-3.876953125,-3.876953125,1,191,False
+,77,10,77,10,87,87,0,4.359375,-4.359375,-4.359375,1,99,False
+,77,11,77,11,88,88,0,4.47265625,-4.47265625,-4.47265625,1,100,False
+,77,12,77,12,89,89,1,4.6328125,-4.6328125,-4.6328125,1,101,False
+,77,13,77,13,90,90,0,4.265625,-4.265625,-4.265625,1,100,False
+,77,14,77,14,91,91,0,4.17578125,-4.17578125,-4.17578125,1,99,False
+,77,15,77,15,92,92,2,4.3984375,-4.3984375,-4.3984375,1,106,False
+,77,16,77,16,93,93,0,5.00390625,-5.00390625,-5.00390625,1,111,False
+,77,17,77,17,94,94,8,4.73046875,-4.73046875,-4.73046875,1,106,False
+,77,18,77,18,95,95,0,4.609375,-4.609375,-4.609375,1,121,False
+,77,19,77,19,96,96,2,4.359375,-4.359375,-4.359375,1,122,False
+,77,20,77,20,97,97,0,4.6796875,-4.6796875,-4.6796875,1,121,False
+,77,21,77,21,98,98,0,3.626953125,-3.626953125,-3.626953125,1,112,False
+,77,22,77,22,99,99,1,3.453125,-3.453125,-3.453125,1,121,False
+,77,23,77,23,100,100,0,3.28515625,-3.28515625,-3.28515625,1,121,False
+,77,24,77,24,101,101,0,3.64453125,-3.64453125,-3.64453125,1,121,False
+,77,25,77,25,102,102,1,3.189453125,-3.189453125,-3.189453125,1,122,False
+,77,26,77,26,103,103,2,4.21484375,-4.21484375,-4.21484375,1,121,False
+,77,27,77,27,104,104,0,2.9375,-2.9375,-2.9375,1,106,False
+,77,28,77,28,105,105,0,3.38671875,-3.38671875,-3.38671875,1,121,False
+,77,29,77,29,106,106,0,3.044921875,-3.044921875,-3.044921875,1,112,False
+,77,30,77,30,107,107,0,2.6015625,-2.6015625,-2.6015625,1,121,False
+,77,31,77,31,108,108,0,3.634765625,-3.634765625,-3.634765625,1,124,False
+,77,32,77,32,109,109,1,3.4140625,-3.4140625,-3.4140625,1,121,False
+,77,33,77,33,110,110,0,3.400390625,-3.400390625,-3.400390625,1,122,False
+,77,34,77,34,111,111,4,3.46875,-3.46875,-3.46875,1,121,False
+,77,35,77,35,112,112,0,2.697265625,-2.697265625,-2.697265625,1,122,False
+,77,36,77,36,113,113,0,3.42578125,-3.42578125,-3.42578125,1,121,False
+,77,37,77,37,114,114,1,3.703125,-3.703125,-3.703125,1,124,False
+,77,38,77,38,115,115,0,3.623046875,-3.623046875,-3.623046875,1,121,False
+,77,39,77,39,116,116,0,3.17578125,-3.17578125,-3.17578125,1,124,False
+,77,40,77,40,117,117,0,3.029296875,-3.029296875,-3.029296875,1,121,False
+,77,41,77,41,118,118,0,3.01953125,-3.01953125,-3.01953125,1,124,False
+,77,42,77,42,119,119,0,3.2421875,-3.2421875,-3.2421875,1,121,False
+,77,43,77,43,120,120,0,3.158203125,-3.158203125,-3.158203125,1,124,False
+,77,44,77,44,121,121,0,2.599609375,-2.599609375,-2.599609375,1,121,True
+,77,45,77,45,122,122,0,2.546875,-2.546875,-2.546875,1,122,True
+,77,46,77,46,123,123,0,2.876953125,-2.876953125,-2.876953125,1,121,False
+,77,47,77,47,124,124,0,2.65234375,-2.65234375,-2.65234375,1,124,True
+,77,48,77,48,125,125,0,3.08984375,-3.08984375,-3.08984375,1,121,False
+,77,49,77,49,126,126,2,2.791015625,-2.791015625,-2.791015625,1,124,False
+,77,50,77,50,127,127,0,2.82421875,-2.82421875,-2.82421875,1,121,False
+,77,51,77,51,128,128,0,3.037109375,-3.037109375,-3.037109375,1,124,False
+,77,52,77,52,129,129,0,3.1171875,-3.1171875,-3.1171875,1,127,False
+,77,53,77,53,130,130,0,3.16015625,-3.16015625,-3.16015625,1,124,False
+,77,54,77,54,131,131,0,3.576171875,-3.576171875,-3.576171875,1,121,False
+,77,55,77,55,132,132,0,3.013671875,-3.013671875,-3.013671875,1,126,False
+,77,56,77,56,133,133,0,3.322265625,-3.322265625,-3.322265625,1,127,False
+,77,57,77,57,134,134,0,3.58203125,-3.58203125,-3.58203125,1,130,False
+,77,58,77,58,135,135,0,3.390625,-3.390625,-3.390625,1,147,False
+,77,59,77,59,136,136,0,3.35546875,-3.35546875,-3.35546875,1,144,False
+,77,60,77,60,137,137,0,3.419921875,-3.419921875,-3.419921875,1,143,False
+,77,61,77,61,138,138,0,4.44921875,-4.44921875,-4.44921875,1,121,False
+,77,62,77,62,139,139,0,3.982421875,-3.982421875,-3.982421875,1,121,False
+,77,63,77,63,140,140,1,3.67578125,-3.67578125,-3.67578125,1,124,False
+,77,64,77,64,141,141,0,4.1796875,-4.1796875,-4.1796875,1,121,False
+,77,65,77,65,142,142,0,3.421875,-3.421875,-3.421875,1,132,False
+,77,66,77,66,143,143,0,3.505859375,-3.505859375,-3.505859375,1,154,False
+,77,67,77,67,144,144,0,3.013671875,-3.013671875,-3.013671875,1,144,True
+,77,68,77,68,145,145,0,4.59765625,-4.59765625,-4.59765625,1,168,False
+,77,69,77,69,146,146,0,4.0078125,-4.0078125,-4.0078125,1,154,False
+,77,70,77,70,147,147,0,3.0546875,-3.0546875,-3.0546875,1,154,False
+,77,71,77,71,148,148,0,3.1953125,-3.1953125,-3.1953125,1,154,False
+,77,72,77,72,149,149,0,4.60546875,-4.60546875,-4.60546875,1,166,False
+,77,73,77,73,150,150,0,4.09375,-4.09375,-4.09375,1,166,False
+,77,74,77,74,151,151,1,4.671875,-4.671875,-4.671875,1,166,False
+,77,75,77,75,152,152,0,4.1171875,-4.1171875,-4.1171875,1,166,False
+,77,76,77,76,153,153,0,5.29296875,-5.29296875,-5.29296875,1,191,False
+,77,77,77,77,154,154,2,1.80078125,-1.80078125,-1.80078125,1,154,True
+,77,78,77,78,155,155,0,4.85546875,-4.85546875,-4.85546875,1,178,False
+,77,79,77,79,156,156,0,5.7734375,-5.7734375,-5.7734375,1,192,False
+,77,80,77,80,157,157,0,4.3125,-4.3125,-4.3125,1,186,False
+,77,81,77,81,158,158,1,4.33203125,-4.33203125,-4.33203125,1,176,False
+,77,82,77,82,159,159,0,5.04296875,-5.04296875,-5.04296875,1,186,False
+,77,83,77,83,160,160,0,4.1015625,-4.1015625,-4.1015625,1,186,False
+,77,84,77,84,161,161,0,4.26171875,-4.26171875,-4.26171875,1,165,False
+,77,85,77,85,162,162,0,4.34765625,-4.34765625,-4.34765625,1,186,False
+,77,86,77,86,163,163,0,4.90625,-4.90625,-4.90625,1,207,False
+,77,87,77,87,164,164,0,4.03515625,-4.03515625,-4.03515625,1,166,False
+,77,88,77,88,165,165,0,3.333984375,-3.333984375,-3.333984375,1,177,False
+,77,89,77,89,166,166,0,3.79296875,-3.79296875,-3.79296875,1,186,False
+,77,90,77,90,167,167,0,4.12109375,-4.12109375,-4.12109375,1,178,False
+,77,91,77,91,168,168,0,3.544921875,-3.544921875,-3.544921875,1,182,False
+,77,92,77,92,169,169,0,4.06640625,-4.06640625,-4.06640625,1,207,False
+,77,93,77,93,170,170,0,3.421875,-3.421875,-3.421875,1,166,False
+,77,94,77,94,171,171,0,3.9375,-3.9375,-3.9375,1,165,False
+,77,95,77,95,172,172,0,3.564453125,-3.564453125,-3.564453125,1,168,False
+,77,96,77,96,173,173,0,4.2109375,-4.2109375,-4.2109375,1,168,False
+,77,97,77,97,174,174,0,4.13671875,-4.13671875,-4.13671875,1,154,False
+,77,98,77,98,175,175,0,4.62109375,-4.62109375,-4.62109375,1,147,False
+,77,99,77,99,176,176,0,3.5078125,-3.5078125,-3.5078125,1,154,False
+,78,10,78,10,88,88,4,3.53515625,-3.53515625,-3.53515625,1,98,False
+,78,11,78,11,89,89,0,4.0390625,-4.0390625,-4.0390625,1,101,False
+,78,12,78,12,90,90,0,2.79296875,-2.79296875,-2.79296875,1,102,False
+,78,13,78,13,91,91,0,4.18359375,-4.18359375,-4.18359375,1,101,False
+,78,14,78,14,92,92,0,3.126953125,-3.126953125,-3.126953125,1,106,False
+,78,15,78,15,93,93,0,3.654296875,-3.654296875,-3.654296875,1,111,False
+,78,16,78,16,94,94,1,3.888671875,-3.888671875,-3.888671875,1,106,False
+,78,17,78,17,95,95,0,4.359375,-4.359375,-4.359375,1,113,False
+,78,18,78,18,96,96,0,3.365234375,-3.365234375,-3.365234375,1,108,False
+,78,19,78,19,97,97,0,4.359375,-4.359375,-4.359375,1,113,False
+,78,20,78,20,98,98,2,3.611328125,-3.611328125,-3.611328125,1,122,False
+,78,21,78,21,99,99,0,3.1875,-3.1875,-3.1875,1,123,False
+,78,22,78,22,100,100,0,3.763671875,-3.763671875,-3.763671875,1,122,False
+,78,23,78,23,101,101,0,3.2109375,-3.2109375,-3.2109375,1,121,False
+,78,24,78,24,102,102,2,2.828125,-2.828125,-2.828125,1,108,False
+,78,25,78,25,103,103,0,3.455078125,-3.455078125,-3.455078125,1,121,False
+,78,26,78,26,104,104,0,3.548828125,-3.548828125,-3.548828125,1,112,False
+,78,27,78,27,105,105,1,2.361328125,-2.361328125,-2.361328125,1,117,False
+,78,28,78,28,106,106,0,2.646484375,-2.646484375,-2.646484375,1,118,False
+,78,29,78,29,107,107,0,3.3046875,-3.3046875,-3.3046875,1,121,False
+,78,30,78,30,108,108,1,1.8330078125,-1.8330078125,-1.8330078125,1,126,False
+,78,31,78,31,109,109,1,3.21484375,-3.21484375,-3.21484375,1,121,False
+,78,32,78,32,110,110,0,2.583984375,-2.583984375,-2.583984375,1,118,False
+,78,33,78,33,111,111,0,2.80078125,-2.80078125,-2.80078125,1,117,False
+,78,34,78,34,112,112,0,2.833984375,-2.833984375,-2.833984375,1,122,False
+,78,35,78,35,113,113,0,2.6875,-2.6875,-2.6875,1,127,False
+,78,36,78,36,114,114,0,2.75,-2.75,-2.75,1,126,False
+,78,37,78,37,115,115,0,3.5,-3.5,-3.5,1,127,False
+,78,38,78,38,116,116,0,3.197265625,-3.197265625,-3.197265625,1,122,False
+,78,39,78,39,117,117,0,2.427734375,-2.427734375,-2.427734375,1,123,False
+,78,40,78,40,118,118,0,2.25390625,-2.25390625,-2.25390625,1,122,False
+,78,41,78,41,119,119,0,3.076171875,-3.076171875,-3.076171875,1,121,False
+,78,42,78,42,120,120,0,2.87109375,-2.87109375,-2.87109375,1,126,False
+,78,43,78,43,121,121,0,2.638671875,-2.638671875,-2.638671875,1,127,False
+,78,44,78,44,122,122,0,2.46484375,-2.46484375,-2.46484375,1,122,True
+,78,45,78,45,123,123,3,2.3203125,-2.3203125,-2.3203125,1,123,True
+,78,46,78,46,124,124,0,2.69140625,-2.69140625,-2.69140625,1,122,False
+,78,47,78,47,125,125,0,2.955078125,-2.955078125,-2.955078125,1,127,False
+,78,48,78,48,126,126,2,2.056640625,-2.056640625,-2.056640625,1,126,True
+,78,49,78,49,127,127,0,2.607421875,-2.607421875,-2.607421875,1,127,True
+,78,50,78,50,128,128,0,3.02734375,-3.02734375,-3.02734375,1,122,False
+,78,51,78,51,129,129,0,2.55859375,-2.55859375,-2.55859375,1,129,True
+,78,52,78,52,130,130,0,2.697265625,-2.697265625,-2.697265625,1,130,True
+,78,53,78,53,131,131,0,3.18359375,-3.18359375,-3.18359375,1,127,False
+,78,54,78,54,132,132,0,2.943359375,-2.943359375,-2.943359375,1,126,False
+,78,55,78,55,133,133,0,2.8828125,-2.8828125,-2.8828125,1,127,False
+,78,56,78,56,134,134,0,3.072265625,-3.072265625,-3.072265625,1,136,False
+,78,57,78,57,135,135,0,3.00390625,-3.00390625,-3.00390625,1,147,False
+,78,58,78,58,136,136,0,3.455078125,-3.455078125,-3.455078125,1,148,False
+,78,59,78,59,137,137,2,3.23046875,-3.23046875,-3.23046875,1,143,False
+,78,60,78,60,138,138,0,2.54296875,-2.54296875,-2.54296875,1,126,False
+,78,61,78,61,139,139,1,3.669921875,-3.669921875,-3.669921875,1,121,False
+,78,62,78,62,140,140,0,3.259765625,-3.259765625,-3.259765625,1,124,False
+,78,63,78,63,141,141,0,3.34375,-3.34375,-3.34375,1,147,False
+,78,64,78,64,142,142,0,3.18359375,-3.18359375,-3.18359375,1,122,False
+,78,65,78,65,143,143,0,2.90234375,-2.90234375,-2.90234375,1,143,True
+,78,66,78,66,144,144,0,3.267578125,-3.267578125,-3.267578125,1,156,False
+,78,67,78,67,145,145,0,4.12109375,-4.12109375,-4.12109375,1,157,False
+,78,68,78,68,146,146,0,5.546875,-5.546875,-5.546875,1,170,False
+,78,69,78,69,147,147,0,4.50390625,-4.50390625,-4.50390625,1,177,False
+,78,70,78,70,148,148,0,3.61328125,-3.61328125,-3.61328125,1,166,False
+,78,71,78,71,149,149,0,4.24609375,-4.24609375,-4.24609375,1,173,False
+,78,72,78,72,150,150,0,5.45703125,-5.45703125,-5.45703125,1,177,False
+,78,73,78,73,151,151,0,4.90234375,-4.90234375,-4.90234375,1,173,False
+,78,74,78,74,152,152,0,5.82421875,-5.82421875,-5.82421875,1,173,False
+,78,75,78,75,153,153,0,4.59765625,-4.59765625,-4.59765625,1,207,False
+,78,76,78,76,154,154,0,6.1953125,-6.1953125,-6.1953125,1,191,False
+,78,77,78,77,155,155,0,5.21484375,-5.21484375,-5.21484375,1,191,False
+,78,78,78,78,156,156,3,2.73828125,-2.73828125,-2.73828125,1,198,False
+,78,79,78,79,157,157,0,5.2265625,-5.2265625,-5.2265625,1,191,False
+,78,80,78,80,158,158,0,5.8828125,-5.8828125,-5.8828125,1,197,False
+,78,81,78,81,159,159,0,5.109375,-5.109375,-5.109375,1,207,False
+,78,82,78,82,160,160,0,7.078125,-7.078125,-7.078125,1,197,False
+,78,83,78,83,161,161,0,5.21875,-5.21875,-5.21875,1,191,False
+,78,84,78,84,162,162,0,5.359375,-5.359375,-5.359375,1,207,False
+,78,85,78,85,163,163,0,4.4375,-4.4375,-4.4375,1,191,False
+,78,86,78,86,164,164,0,6.5859375,-6.5859375,-6.5859375,1,215,False
+,78,87,78,87,165,165,1,3.876953125,-3.876953125,-3.876953125,1,207,False
+,78,88,78,88,166,166,0,3.76171875,-3.76171875,-3.76171875,1,178,False
+,78,89,78,89,167,167,0,4.7734375,-4.7734375,-4.7734375,1,191,False
+,78,90,78,90,168,168,0,4.83984375,-4.83984375,-4.83984375,1,207,False
+,78,91,78,91,169,169,0,3.626953125,-3.626953125,-3.626953125,1,181,False
+,78,92,78,92,170,170,0,4.6015625,-4.6015625,-4.6015625,1,191,False
+,78,93,78,93,171,171,0,3.525390625,-3.525390625,-3.525390625,1,177,False
+,78,94,78,94,172,172,1,4.05078125,-4.05078125,-4.05078125,1,178,False
+,78,95,78,95,173,173,0,3.5234375,-3.5234375,-3.5234375,1,163,False
+,78,96,78,96,174,174,0,4.4140625,-4.4140625,-4.4140625,1,198,False
+,78,97,78,97,175,175,0,4.11328125,-4.11328125,-4.11328125,1,169,False
+,78,98,78,98,176,176,0,4.1484375,-4.1484375,-4.1484375,1,178,False
+,78,99,78,99,177,177,0,4.08203125,-4.08203125,-4.08203125,1,193,False
+,79,10,79,10,89,89,1,4.9140625,-4.9140625,-4.9140625,1,99,False
+,79,11,79,11,90,90,1,5.33203125,-5.33203125,-5.33203125,1,106,False
+,79,12,79,12,91,91,1,4.9765625,-4.9765625,-4.9765625,1,113,False
+,79,13,79,13,92,92,0,4.203125,-4.203125,-4.203125,1,112,False
+,79,14,79,14,93,93,0,4.25390625,-4.25390625,-4.25390625,1,113,False
+,79,15,79,15,94,94,0,4.796875,-4.796875,-4.796875,1,118,False
+,79,16,79,16,95,95,2,5.15234375,-5.15234375,-5.15234375,1,115,False
+,79,17,79,17,96,96,0,4.76953125,-4.76953125,-4.76953125,1,118,False
+,79,18,79,18,97,97,0,5.1953125,-5.1953125,-5.1953125,1,121,False
+,79,19,79,19,98,98,0,4.7890625,-4.7890625,-4.7890625,1,124,False
+,79,20,79,20,99,99,0,4.8984375,-4.8984375,-4.8984375,1,119,False
+,79,21,79,21,100,100,0,4.1953125,-4.1953125,-4.1953125,1,124,False
+,79,22,79,22,101,101,0,4.8671875,-4.8671875,-4.8671875,1,121,False
+,79,23,79,23,102,102,0,4.1015625,-4.1015625,-4.1015625,1,122,False
+,79,24,79,24,103,103,0,4.0625,-4.0625,-4.0625,1,121,False
+,79,25,79,25,104,104,0,4.05078125,-4.05078125,-4.05078125,1,122,False
+,79,26,79,26,105,105,0,4.58984375,-4.58984375,-4.58984375,1,121,False
+,79,27,79,27,106,106,0,3.197265625,-3.197265625,-3.197265625,1,118,False
+,79,28,79,28,107,107,0,3.74609375,-3.74609375,-3.74609375,1,121,False
+,79,29,79,29,108,108,0,3.990234375,-3.990234375,-3.990234375,1,124,False
+,79,30,79,30,109,109,1,3.751953125,-3.751953125,-3.751953125,1,119,False
+,79,31,79,31,110,110,0,4.2734375,-4.2734375,-4.2734375,1,124,False
+,79,32,79,32,111,111,0,3.84765625,-3.84765625,-3.84765625,1,127,False
+,79,33,79,33,112,112,0,3.38671875,-3.38671875,-3.38671875,1,124,False
+,79,34,79,34,113,113,0,4.0,-4.0,-4.0,1,124,False
+,79,35,79,35,114,114,0,4.3046875,-4.3046875,-4.3046875,1,124,False
+,79,36,79,36,115,115,0,4.12109375,-4.12109375,-4.12109375,1,127,False
+,79,37,79,37,116,116,0,4.109375,-4.109375,-4.109375,1,130,False
+,79,38,79,38,117,117,0,4.09375,-4.09375,-4.09375,1,127,False
+,79,39,79,39,118,118,0,3.158203125,-3.158203125,-3.158203125,1,124,False
+,79,40,79,40,119,119,0,3.3125,-3.3125,-3.3125,1,127,False
+,79,41,79,41,120,120,0,3.728515625,-3.728515625,-3.728515625,1,124,False
+,79,42,79,42,121,121,0,3.318359375,-3.318359375,-3.318359375,1,127,False
+,79,43,79,43,122,122,0,3.08984375,-3.08984375,-3.08984375,1,124,False
+,79,44,79,44,123,123,1,3.197265625,-3.197265625,-3.197265625,1,127,False
+,79,45,79,45,124,124,0,2.76171875,-2.76171875,-2.76171875,1,124,True
+,79,46,79,46,125,125,1,3.6484375,-3.6484375,-3.6484375,1,127,False
+,79,47,79,47,126,126,0,2.927734375,-2.927734375,-2.927734375,1,130,False
+,79,48,79,48,127,127,0,2.857421875,-2.857421875,-2.857421875,1,127,True
+,79,49,79,49,128,128,0,2.80078125,-2.80078125,-2.80078125,1,124,False
+,79,50,79,50,129,129,0,3.1484375,-3.1484375,-3.1484375,1,127,False
+,79,51,79,51,130,130,0,3.03125,-3.03125,-3.03125,1,128,False
+,79,52,79,52,131,131,0,3.9375,-3.9375,-3.9375,1,127,False
+,79,53,79,53,132,132,0,3.431640625,-3.431640625,-3.431640625,1,124,False
+,79,54,79,54,133,133,0,3.640625,-3.640625,-3.640625,1,124,False
+,79,55,79,55,134,134,0,3.373046875,-3.373046875,-3.373046875,1,128,False
+,79,56,79,56,135,135,0,3.685546875,-3.685546875,-3.685546875,1,127,False
+,79,57,79,57,136,136,0,3.40625,-3.40625,-3.40625,1,148,False
+,79,58,79,58,137,137,0,3.875,-3.875,-3.875,1,148,False
+,79,59,79,59,138,138,0,3.798828125,-3.798828125,-3.798828125,1,148,False
+,79,60,79,60,139,139,0,3.50390625,-3.50390625,-3.50390625,1,148,False
+,79,61,79,61,140,140,0,3.521484375,-3.521484375,-3.521484375,1,124,False
+,79,62,79,62,141,141,0,4.1484375,-4.1484375,-4.1484375,1,142,False
+,79,63,79,63,142,142,0,3.291015625,-3.291015625,-3.291015625,1,148,False
+,79,64,79,64,143,143,0,3.423828125,-3.423828125,-3.423828125,1,124,False
+,79,65,79,65,144,144,0,3.125,-3.125,-3.125,1,128,False
+,79,66,79,66,145,145,0,4.15625,-4.15625,-4.15625,1,148,False
+,79,67,79,67,146,146,0,3.560546875,-3.560546875,-3.560546875,1,148,False
+,79,68,79,68,147,147,0,4.8125,-4.8125,-4.8125,1,168,False
+,79,69,79,69,148,148,0,3.59765625,-3.59765625,-3.59765625,1,168,False
+,79,70,79,70,149,149,0,4.22265625,-4.22265625,-4.22265625,1,158,False
+,79,71,79,71,150,150,0,4.63671875,-4.63671875,-4.63671875,1,168,False
+,79,72,79,72,151,151,0,5.3046875,-5.3046875,-5.3046875,1,172,False
+,79,73,79,73,152,152,1,3.74609375,-3.74609375,-3.74609375,1,168,False
+,79,74,79,74,153,153,0,4.93359375,-4.93359375,-4.93359375,1,172,False
+,79,75,79,75,154,154,0,4.15234375,-4.15234375,-4.15234375,1,172,False
+,79,76,79,76,155,155,0,5.6484375,-5.6484375,-5.6484375,1,192,False
+,79,77,79,77,156,156,2,4.35546875,-4.35546875,-4.35546875,1,192,False
+,79,78,79,78,157,157,0,4.52734375,-4.52734375,-4.52734375,1,178,False
+,79,79,79,79,158,158,3,2.001953125,-2.001953125,-2.001953125,1,158,True
+,79,80,79,80,159,159,0,5.140625,-5.140625,-5.140625,1,192,False
+,79,81,79,81,160,160,0,3.896484375,-3.896484375,-3.896484375,1,172,False
+,79,82,79,82,161,161,0,5.6171875,-5.6171875,-5.6171875,1,192,False
+,79,83,79,83,162,162,0,4.46875,-4.46875,-4.46875,1,192,False
+,79,84,79,84,163,163,0,4.08203125,-4.08203125,-4.08203125,1,172,False
+,79,85,79,85,164,164,0,4.78515625,-4.78515625,-4.78515625,1,192,False
+,79,86,79,86,165,165,0,5.05859375,-5.05859375,-5.05859375,1,192,False
+,79,87,79,87,166,166,0,3.533203125,-3.533203125,-3.533203125,1,172,False
+,79,88,79,88,167,167,0,4.13671875,-4.13671875,-4.13671875,1,168,False
+,79,89,79,89,168,168,0,3.90234375,-3.90234375,-3.90234375,1,192,False
+,79,90,79,90,169,169,0,4.890625,-4.890625,-4.890625,1,208,False
+,79,91,79,91,170,170,0,4.01171875,-4.01171875,-4.01171875,1,172,False
+,79,92,79,92,171,171,0,4.46484375,-4.46484375,-4.46484375,1,191,False
+,79,93,79,93,172,172,0,3.2109375,-3.2109375,-3.2109375,1,168,False
+,79,94,79,94,173,173,0,4.2265625,-4.2265625,-4.2265625,1,168,False
+,79,95,79,95,174,174,3,3.8359375,-3.8359375,-3.8359375,1,168,False
+,79,96,79,96,175,175,0,4.66796875,-4.66796875,-4.66796875,1,168,False
+,79,97,79,97,176,176,1,4.9375,-4.9375,-4.9375,1,148,False
+,79,98,79,98,177,177,0,5.31640625,-5.31640625,-5.31640625,1,148,False
+,79,99,79,99,178,178,0,3.95703125,-3.95703125,-3.95703125,1,168,False
+,80,10,80,10,90,90,10,2.701171875,-2.701171875,-2.701171875,1,110,False
+,80,11,80,11,91,91,1,3.248046875,-3.248046875,-3.248046875,1,121,False
+,80,12,80,12,92,92,2,1.3662109375,-1.3662109375,-1.3662109375,1,92,True
+,80,13,80,13,93,93,2,2.53125,-2.53125,-2.53125,1,123,False
+,80,14,80,14,94,94,1,2.76953125,-2.76953125,-2.76953125,1,106,False
+,80,15,80,15,95,95,2,2.599609375,-2.599609375,-2.599609375,1,105,False
+,80,16,80,16,96,96,4,0.91943359375,-0.91943359375,-0.91943359375,1,96,True
+,80,17,80,17,97,97,0,3.25390625,-3.25390625,-3.25390625,1,117,False
+,80,18,80,18,98,98,1,2.51953125,-2.51953125,-2.51953125,1,118,False
+,80,19,80,19,99,99,0,3.173828125,-3.173828125,-3.173828125,1,121,False
+,80,20,80,20,100,100,17,2.654296875,-2.654296875,-2.654296875,1,120,False
+,80,21,80,21,101,101,1,3.1875,-3.1875,-3.1875,1,121,False
+,80,22,80,22,102,102,0,3.27734375,-3.27734375,-3.27734375,1,122,False
+,80,23,80,23,103,103,2,3.427734375,-3.427734375,-3.427734375,1,123,False
+,80,24,80,24,104,104,3,2.447265625,-2.447265625,-2.447265625,1,124,False
+,80,25,80,25,105,105,1,1.5673828125,-1.5673828125,-1.5673828125,1,125,False
+,80,26,80,26,106,106,0,1.970703125,-1.970703125,-1.970703125,1,126,False
+,80,27,80,27,107,107,0,1.78515625,-1.78515625,-1.78515625,1,107,True
+,80,28,80,28,108,108,0,2.013671875,-2.013671875,-2.013671875,1,128,False
+,80,29,80,29,109,109,0,3.74609375,-3.74609375,-3.74609375,1,121,False
+,80,30,80,30,110,110,3,1.3125,-1.3125,-1.3125,1,130,False
+,80,31,80,31,111,111,0,3.19140625,-3.19140625,-3.19140625,1,121,False
+,80,32,80,32,112,112,1,1.650390625,-1.650390625,-1.650390625,1,112,True
+,80,33,80,33,113,113,0,2.943359375,-2.943359375,-2.943359375,1,127,False
+,80,34,80,34,114,114,0,2.982421875,-2.982421875,-2.982421875,1,126,False
+,80,35,80,35,115,115,1,1.55078125,-1.55078125,-1.55078125,1,135,False
+,80,36,80,36,116,116,0,2.134765625,-2.134765625,-2.134765625,1,136,False
+,80,37,80,37,117,117,1,2.267578125,-2.267578125,-2.267578125,1,127,False
+,80,38,80,38,118,118,0,2.43359375,-2.43359375,-2.43359375,1,122,False
+,80,39,80,39,119,119,0,3.041015625,-3.041015625,-3.041015625,1,127,False
+,80,40,80,40,120,120,12,0.80078125,-0.80078125,-0.80078125,1,120,True
+,80,41,80,41,121,121,1,1.0234375,-1.0234375,-1.0234375,1,121,True
+,80,42,80,42,122,122,1,1.833984375,-1.833984375,-1.833984375,1,122,True
+,80,43,80,43,123,123,1,2.181640625,-2.181640625,-2.181640625,1,127,False
+,80,44,80,44,124,124,1,1.8798828125,-1.8798828125,-1.8798828125,1,124,True
+,80,45,80,45,125,125,6,2.140625,-2.140625,-2.140625,1,135,False
+,80,46,80,46,126,126,0,1.7685546875,-1.7685546875,-1.7685546875,1,126,True
+,80,47,80,47,127,127,1,1.7041015625,-1.7041015625,-1.7041015625,1,127,True
+,80,48,80,48,128,128,3,1.529296875,-1.529296875,-1.529296875,1,128,True
+,80,49,80,49,129,129,0,2.888671875,-2.888671875,-2.888671875,1,121,False
+,80,50,80,50,130,130,3,1.2529296875,-1.2529296875,-1.2529296875,1,130,True
+,80,51,80,51,131,131,0,2.259765625,-2.259765625,-2.259765625,1,121,False
+,80,52,80,52,132,132,0,2.1171875,-2.1171875,-2.1171875,1,132,True
+,80,53,80,53,133,133,0,2.76953125,-2.76953125,-2.76953125,1,127,False
+,80,54,80,54,134,134,0,2.876953125,-2.876953125,-2.876953125,1,126,False
+,80,55,80,55,135,135,2,1.4072265625,-1.4072265625,-1.4072265625,1,135,True
+,80,56,80,56,136,136,7,2.025390625,-2.025390625,-2.025390625,1,136,True
+,80,57,80,57,137,137,0,3.0,-3.0,-3.0,1,147,False
+,80,58,80,58,138,138,1,3.0,-3.0,-3.0,1,148,False
+,80,59,80,59,139,139,0,3.396484375,-3.396484375,-3.396484375,1,147,False
+,80,60,80,60,140,140,4,1.4013671875,-1.4013671875,-1.4013671875,1,160,False
+,80,61,80,61,141,141,0,2.78515625,-2.78515625,-2.78515625,1,121,False
+,80,62,80,62,142,142,0,2.353515625,-2.353515625,-2.353515625,1,122,False
+,80,63,80,63,143,143,0,2.443359375,-2.443359375,-2.443359375,1,143,True
+,80,64,80,64,144,144,1,2.16015625,-2.16015625,-2.16015625,1,128,False
+,80,65,80,65,145,145,1,2.23828125,-2.23828125,-2.23828125,1,135,False
+,80,66,80,66,146,146,0,2.935546875,-2.935546875,-2.935546875,1,136,False
+,80,67,80,67,147,147,0,2.291015625,-2.291015625,-2.291015625,1,147,True
+,80,68,80,68,148,148,0,2.166015625,-2.166015625,-2.166015625,1,168,False
+,80,69,80,69,149,149,0,3.5703125,-3.5703125,-3.5703125,1,163,False
+,80,70,80,70,150,150,4,2.537109375,-2.537109375,-2.537109375,1,160,False
+,80,71,80,71,151,151,0,2.78515625,-2.78515625,-2.78515625,1,161,False
+,80,72,80,72,152,152,0,2.0625,-2.0625,-2.0625,1,152,True
+,80,73,80,73,153,153,0,2.927734375,-2.927734375,-2.927734375,1,147,False
+,80,74,80,74,154,154,0,3.6875,-3.6875,-3.6875,1,148,False
+,80,75,80,75,155,155,2,3.15234375,-3.15234375,-3.15234375,1,165,False
+,80,76,80,76,156,156,1,3.77734375,-3.77734375,-3.77734375,1,192,False
+,80,77,80,77,157,157,0,3.568359375,-3.568359375,-3.568359375,1,177,False
+,80,78,80,78,158,158,0,3.125,-3.125,-3.125,1,178,False
+,80,79,80,79,159,159,0,4.5703125,-4.5703125,-4.5703125,1,191,False
+,80,80,80,80,160,160,11,1.3916015625,-1.3916015625,-1.3916015625,1,160,True
+,80,81,80,81,161,161,1,2.07421875,-2.07421875,-2.07421875,1,181,False
+,80,82,80,82,162,162,1,3.2265625,-3.2265625,-3.2265625,1,182,False
+,80,83,80,83,163,163,0,3.337890625,-3.337890625,-3.337890625,1,177,False
+,80,84,80,84,164,164,1,3.677734375,-3.677734375,-3.677734375,1,168,False
+,80,85,80,85,165,165,2,3.91015625,-3.91015625,-3.91015625,1,185,False
+,80,86,80,86,166,166,0,4.609375,-4.609375,-4.609375,1,191,False
+,80,87,80,87,167,167,0,3.466796875,-3.466796875,-3.466796875,1,163,False
+,80,88,80,88,168,168,0,2.1484375,-2.1484375,-2.1484375,1,168,True
+,80,89,80,89,169,169,0,4.0625,-4.0625,-4.0625,1,191,False
+,80,90,80,90,170,170,2,3.75,-3.75,-3.75,1,220,False
+,80,91,80,91,171,171,0,3.458984375,-3.458984375,-3.458984375,1,181,False
+,80,92,80,92,172,172,0,2.939453125,-2.939453125,-2.939453125,1,192,False
+,80,93,80,93,173,173,0,3.486328125,-3.486328125,-3.486328125,1,163,False
+,80,94,80,94,174,174,0,4.28125,-4.28125,-4.28125,1,192,False
+,80,95,80,95,175,175,0,3.8828125,-3.8828125,-3.8828125,1,165,False
+,80,96,80,96,176,176,0,3.703125,-3.703125,-3.703125,1,192,False
+,80,97,80,97,177,177,0,3.724609375,-3.724609375,-3.724609375,1,163,False
+,80,98,80,98,178,178,0,4.33203125,-4.33203125,-4.33203125,1,148,False
+,80,99,80,99,179,179,0,3.1484375,-3.1484375,-3.1484375,1,191,False
+,81,10,81,10,91,91,0,3.384765625,-3.384765625,-3.384765625,1,101,False
+,81,11,81,11,92,92,0,2.134765625,-2.134765625,-2.134765625,1,122,False
+,81,12,81,12,93,93,1,2.423828125,-2.423828125,-2.423828125,1,123,False
+,81,13,81,13,94,94,1,2.9453125,-2.9453125,-2.9453125,1,100,False
+,81,14,81,14,95,95,0,2.62890625,-2.62890625,-2.62890625,1,101,False
+,81,15,81,15,96,96,0,2.091796875,-2.091796875,-2.091796875,1,96,True
+,81,16,81,16,97,97,0,3.134765625,-3.134765625,-3.134765625,1,107,False
+,81,17,81,17,98,98,0,3.4453125,-3.4453125,-3.4453125,1,106,False
+,81,18,81,18,99,99,1,2.9609375,-2.9609375,-2.9609375,1,105,False
+,81,19,81,19,100,100,2,3.560546875,-3.560546875,-3.560546875,1,122,False
+,81,20,81,20,101,101,0,2.8828125,-2.8828125,-2.8828125,1,121,False
+,81,21,81,21,102,102,1,2.763671875,-2.763671875,-2.763671875,1,122,False
+,81,22,81,22,103,103,0,3.662109375,-3.662109375,-3.662109375,1,121,False
+,81,23,81,23,104,104,0,3.3515625,-3.3515625,-3.3515625,1,122,False
+,81,24,81,24,105,105,1,3.5859375,-3.5859375,-3.5859375,1,121,False
+,81,25,81,25,106,106,1,2.40234375,-2.40234375,-2.40234375,1,106,True
+,81,26,81,26,107,107,0,3.0859375,-3.0859375,-3.0859375,1,121,False
+,81,27,81,27,108,108,2,1.947265625,-1.947265625,-1.947265625,1,108,True
+,81,28,81,28,109,109,0,3.3984375,-3.3984375,-3.3984375,1,121,False
+,81,29,81,29,110,110,0,2.9375,-2.9375,-2.9375,1,122,False
+,81,30,81,30,111,111,0,1.88671875,-1.88671875,-1.88671875,1,121,False
+,81,31,81,31,112,112,0,2.595703125,-2.595703125,-2.595703125,1,122,False
+,81,32,81,32,113,113,0,3.169921875,-3.169921875,-3.169921875,1,121,False
+,81,33,81,33,114,114,0,3.640625,-3.640625,-3.640625,1,132,False
+,81,34,81,34,115,115,1,3.09765625,-3.09765625,-3.09765625,1,122,False
+,81,35,81,35,116,116,0,2.126953125,-2.126953125,-2.126953125,1,116,True
+,81,36,81,36,117,117,0,2.71484375,-2.71484375,-2.71484375,1,121,False
+,81,37,81,37,118,118,1,2.64453125,-2.64453125,-2.64453125,1,122,False
+,81,38,81,38,119,119,0,3.55859375,-3.55859375,-3.55859375,1,127,False
+,81,39,81,39,120,120,0,3.064453125,-3.064453125,-3.064453125,1,126,False
+,81,40,81,40,121,121,5,1.3818359375,-1.3818359375,-1.3818359375,1,121,True
+,81,41,81,41,122,122,0,2.05078125,-2.05078125,-2.05078125,1,122,True
+,81,42,81,42,123,123,0,2.490234375,-2.490234375,-2.490234375,1,121,False
+,81,43,81,43,124,124,0,2.59375,-2.59375,-2.59375,1,122,False
+,81,44,81,44,125,125,0,3.224609375,-3.224609375,-3.224609375,1,121,False
+,81,45,81,45,126,126,0,2.103515625,-2.103515625,-2.103515625,1,126,True
+,81,46,81,46,127,127,0,3.025390625,-3.025390625,-3.025390625,1,121,False
+,81,47,81,47,128,128,0,2.9453125,-2.9453125,-2.9453125,1,122,False
+,81,48,81,48,129,129,0,3.408203125,-3.408203125,-3.408203125,1,121,False
+,81,49,81,49,130,130,1,2.75390625,-2.75390625,-2.75390625,1,122,False
+,81,50,81,50,131,131,0,2.578125,-2.578125,-2.578125,1,121,False
+,81,51,81,51,132,132,0,2.939453125,-2.939453125,-2.939453125,1,122,False
+,81,52,81,52,133,133,0,3.302734375,-3.302734375,-3.302734375,1,122,False
+,81,53,81,53,134,134,0,3.43359375,-3.43359375,-3.43359375,1,122,False
+,81,54,81,54,135,135,1,3.25,-3.25,-3.25,1,121,False
+,81,55,81,55,136,136,0,2.765625,-2.765625,-2.765625,1,122,False
+,81,56,81,56,137,137,0,3.603515625,-3.603515625,-3.603515625,1,121,False
+,81,57,81,57,138,138,0,3.560546875,-3.560546875,-3.560546875,1,142,False
+,81,58,81,58,139,139,0,3.599609375,-3.599609375,-3.599609375,1,142,False
+,81,59,81,59,140,140,1,3.044921875,-3.044921875,-3.044921875,1,148,False
+,81,60,81,60,141,141,0,2.322265625,-2.322265625,-2.322265625,1,121,False
+,81,61,81,61,142,142,0,3.154296875,-3.154296875,-3.154296875,1,121,False
+,81,62,81,62,143,143,0,3.162109375,-3.162109375,-3.162109375,1,121,False
+,81,63,81,63,144,144,0,3.14453125,-3.14453125,-3.14453125,1,144,True
+,81,64,81,64,145,145,1,3.65625,-3.65625,-3.65625,1,121,False
+,81,65,81,65,146,146,0,3.20703125,-3.20703125,-3.20703125,1,136,False
+,81,66,81,66,147,147,0,2.9765625,-2.9765625,-2.9765625,1,147,True
+,81,67,81,67,148,148,0,2.794921875,-2.794921875,-2.794921875,1,142,False
+,81,68,81,68,149,149,1,3.8359375,-3.8359375,-3.8359375,1,157,False
+,81,69,81,69,150,150,0,3.80859375,-3.80859375,-3.80859375,1,168,False
+,81,70,81,70,151,151,0,2.943359375,-2.943359375,-2.943359375,1,161,False
+,81,71,81,71,152,152,0,2.845703125,-2.845703125,-2.845703125,1,172,False
+,81,72,81,72,153,153,0,3.896484375,-3.896484375,-3.896484375,1,165,False
+,81,73,81,73,154,154,0,3.22265625,-3.22265625,-3.22265625,1,166,False
+,81,74,81,74,155,155,0,3.55859375,-3.55859375,-3.55859375,1,166,False
+,81,75,81,75,156,156,0,3.1328125,-3.1328125,-3.1328125,1,168,False
+,81,76,81,76,157,157,0,4.0546875,-4.0546875,-4.0546875,1,170,False
+,81,77,81,77,158,158,0,4.0859375,-4.0859375,-4.0859375,1,176,False
+,81,78,81,78,159,159,0,4.32421875,-4.32421875,-4.32421875,1,174,False
+,81,79,81,79,160,160,0,4.109375,-4.109375,-4.109375,1,176,False
+,81,80,81,80,161,161,1,3.51953125,-3.51953125,-3.51953125,1,181,False
+,81,81,81,81,162,162,6,0.9638671875,-0.9638671875,-0.9638671875,1,162,True
+,81,82,81,82,163,163,0,3.984375,-3.984375,-3.984375,1,182,False
+,81,83,81,83,164,164,0,4.0625,-4.0625,-4.0625,1,172,False
+,81,84,81,84,165,165,0,3.26171875,-3.26171875,-3.26171875,1,165,True
+,81,85,81,85,166,166,0,3.611328125,-3.611328125,-3.611328125,1,172,False
+,81,86,81,86,167,167,0,4.55859375,-4.55859375,-4.55859375,1,185,False
+,81,87,81,87,168,168,0,3.361328125,-3.361328125,-3.361328125,1,172,False
+,81,88,81,88,169,169,0,3.556640625,-3.556640625,-3.556640625,1,175,False
+,81,89,81,89,170,170,0,3.5390625,-3.5390625,-3.5390625,1,172,False
+,81,90,81,90,171,171,0,3.17578125,-3.17578125,-3.17578125,1,192,False
+,81,91,81,91,172,172,0,2.724609375,-2.724609375,-2.724609375,1,182,False
+,81,92,81,92,173,173,1,3.689453125,-3.689453125,-3.689453125,1,191,False
+,81,93,81,93,174,174,0,3.6796875,-3.6796875,-3.6796875,1,166,False
+,81,94,81,94,175,175,0,4.0390625,-4.0390625,-4.0390625,1,163,False
+,81,95,81,95,176,176,0,3.578125,-3.578125,-3.578125,1,172,False
+,81,96,81,96,177,177,1,4.28515625,-4.28515625,-4.28515625,1,160,False
+,81,97,81,97,178,178,0,4.62109375,-4.62109375,-4.62109375,1,160,False
+,81,98,81,98,179,179,0,4.8125,-4.8125,-4.8125,1,181,False
+,81,99,81,99,180,180,0,3.54296875,-3.54296875,-3.54296875,1,182,False
+,82,10,82,10,92,92,0,2.748046875,-2.748046875,-2.748046875,1,122,False
+,82,11,82,11,93,93,0,3.349609375,-3.349609375,-3.349609375,1,121,False
+,82,12,82,12,94,94,1,2.876953125,-2.876953125,-2.876953125,1,122,False
+,82,13,82,13,95,95,1,2.716796875,-2.716796875,-2.716796875,1,97,False
+,82,14,82,14,96,96,1,1.9599609375,-1.9599609375,-1.9599609375,1,96,True
+,82,15,82,15,97,97,0,2.564453125,-2.564453125,-2.564453125,1,107,False
+,82,16,82,16,98,98,0,3.6796875,-3.6796875,-3.6796875,1,106,False
+,82,17,82,17,99,99,0,3.326171875,-3.326171875,-3.326171875,1,121,False
+,82,18,82,18,100,100,0,3.14453125,-3.14453125,-3.14453125,1,106,False
+,82,19,82,19,101,101,0,4.19921875,-4.19921875,-4.19921875,1,121,False
+,82,20,82,20,102,102,2,3.6640625,-3.6640625,-3.6640625,1,122,False
+,82,21,82,21,103,103,0,3.669921875,-3.669921875,-3.669921875,1,121,False
+,82,22,82,22,104,104,0,3.826171875,-3.826171875,-3.826171875,1,122,False
+,82,23,82,23,105,105,0,3.84375,-3.84375,-3.84375,1,121,False
+,82,24,82,24,106,106,0,2.822265625,-2.822265625,-2.822265625,1,122,False
+,82,25,82,25,107,107,0,2.931640625,-2.931640625,-2.931640625,1,121,False
+,82,26,82,26,108,108,0,3.232421875,-3.232421875,-3.232421875,1,126,False
+,82,27,82,27,109,109,0,2.841796875,-2.841796875,-2.841796875,1,107,False
+,82,28,82,28,110,110,3,2.91015625,-2.91015625,-2.91015625,1,122,False
+,82,29,82,29,111,111,2,3.287109375,-3.287109375,-3.287109375,1,121,False
+,82,30,82,30,112,112,1,1.8984375,-1.8984375,-1.8984375,1,122,False
+,82,31,82,31,113,113,0,3.6328125,-3.6328125,-3.6328125,1,121,False
+,82,32,82,32,114,114,0,3.357421875,-3.357421875,-3.357421875,1,122,False
+,82,33,82,33,115,115,0,3.474609375,-3.474609375,-3.474609375,1,121,False
+,82,34,82,34,116,116,0,2.986328125,-2.986328125,-2.986328125,1,126,False
+,82,35,82,35,117,117,0,2.296875,-2.296875,-2.296875,1,127,False
+,82,36,82,36,118,118,1,2.828125,-2.828125,-2.828125,1,122,False
+,82,37,82,37,119,119,0,3.1328125,-3.1328125,-3.1328125,1,127,False
+,82,38,82,38,120,120,0,3.328125,-3.328125,-3.328125,1,122,False
+,82,39,82,39,121,121,0,2.357421875,-2.357421875,-2.357421875,1,127,False
+,82,40,82,40,122,122,1,2.06640625,-2.06640625,-2.06640625,1,122,True
+,82,41,82,41,123,123,0,2.5625,-2.5625,-2.5625,1,121,False
+,82,42,82,42,124,124,0,2.71484375,-2.71484375,-2.71484375,1,122,False
+,82,43,82,43,125,125,0,3.34765625,-3.34765625,-3.34765625,1,127,False
+,82,44,82,44,126,126,0,2.833984375,-2.833984375,-2.833984375,1,122,False
+,82,45,82,45,127,127,0,2.4453125,-2.4453125,-2.4453125,1,127,True
+,82,46,82,46,128,128,0,3.205078125,-3.205078125,-3.205078125,1,126,False
+,82,47,82,47,129,129,0,2.62890625,-2.62890625,-2.62890625,1,127,False
+,82,48,82,48,130,130,0,2.810546875,-2.810546875,-2.810546875,1,122,False
+,82,49,82,49,131,131,0,3.060546875,-3.060546875,-3.060546875,1,127,False
+,82,50,82,50,132,132,0,2.59765625,-2.59765625,-2.59765625,1,122,False
+,82,51,82,51,133,133,0,2.728515625,-2.728515625,-2.728515625,1,121,False
+,82,52,82,52,134,134,0,3.5234375,-3.5234375,-3.5234375,1,122,False
+,82,53,82,53,135,135,0,3.14453125,-3.14453125,-3.14453125,1,121,False
+,82,54,82,54,136,136,0,3.388671875,-3.388671875,-3.388671875,1,122,False
+,82,55,82,55,137,137,0,2.822265625,-2.822265625,-2.822265625,1,127,False
+,82,56,82,56,138,138,0,3.38671875,-3.38671875,-3.38671875,1,126,False
+,82,57,82,57,139,139,0,3.2109375,-3.2109375,-3.2109375,1,133,False
+,82,58,82,58,140,140,0,3.55859375,-3.55859375,-3.55859375,1,130,False
+,82,59,82,59,141,141,0,3.357421875,-3.357421875,-3.357421875,1,147,False
+,82,60,82,60,142,142,0,2.552734375,-2.552734375,-2.552734375,1,142,True
+,82,61,82,61,143,143,0,2.74609375,-2.74609375,-2.74609375,1,121,False
+,82,62,82,62,144,144,1,3.208984375,-3.208984375,-3.208984375,1,132,False
+,82,63,82,63,145,145,0,3.61328125,-3.61328125,-3.61328125,1,143,False
+,82,64,82,64,146,146,0,3.849609375,-3.849609375,-3.849609375,1,122,False
+,82,65,82,65,147,147,0,2.857421875,-2.857421875,-2.857421875,1,147,True
+,82,66,82,66,148,148,0,3.34765625,-3.34765625,-3.34765625,1,148,True
+,82,67,82,67,149,149,0,3.14453125,-3.14453125,-3.14453125,1,147,False
+,82,68,82,68,150,150,0,4.5625,-4.5625,-4.5625,1,157,False
+,82,69,82,69,151,151,0,3.89453125,-3.89453125,-3.89453125,1,163,False
+,82,70,82,70,152,152,0,3.162109375,-3.162109375,-3.162109375,1,148,False
+,82,71,82,71,153,153,0,3.779296875,-3.779296875,-3.779296875,1,163,False
+,82,72,82,72,154,154,0,4.68359375,-4.68359375,-4.68359375,1,163,False
+,82,73,82,73,155,155,0,4.1640625,-4.1640625,-4.1640625,1,165,False
+,82,74,82,74,156,156,0,4.86328125,-4.86328125,-4.86328125,1,165,False
+,82,75,82,75,157,157,0,3.15625,-3.15625,-3.15625,1,167,False
+,82,76,82,76,158,158,0,5.57421875,-5.57421875,-5.57421875,1,169,False
+,82,77,82,77,159,159,0,4.6796875,-4.6796875,-4.6796875,1,185,False
+,82,78,82,78,160,160,0,4.984375,-4.984375,-4.984375,1,173,False
+,82,79,82,79,161,161,0,4.92578125,-4.92578125,-4.92578125,1,185,False
+,82,80,82,80,162,162,0,4.44140625,-4.44140625,-4.44140625,1,181,False
+,82,81,82,81,163,163,0,3.150390625,-3.150390625,-3.150390625,1,181,False
+,82,82,82,82,164,164,0,3.517578125,-3.517578125,-3.517578125,1,182,False
+,82,83,82,83,165,165,0,3.56640625,-3.56640625,-3.56640625,1,185,False
+,82,84,82,84,166,166,0,4.89453125,-4.89453125,-4.89453125,1,185,False
+,82,85,82,85,167,167,0,4.140625,-4.140625,-4.140625,1,207,False
+,82,86,82,86,168,168,0,5.44921875,-5.44921875,-5.44921875,1,207,False
+,82,87,82,87,169,169,0,3.5859375,-3.5859375,-3.5859375,1,185,False
+,82,88,82,88,170,170,0,3.412109375,-3.412109375,-3.412109375,1,166,False
+,82,89,82,89,171,171,0,3.779296875,-3.779296875,-3.779296875,1,185,False
+,82,90,82,90,172,172,0,4.08984375,-4.08984375,-4.08984375,1,181,False
+,82,91,82,91,173,173,0,3.09375,-3.09375,-3.09375,1,181,False
+,82,92,82,92,174,174,0,5.45703125,-5.45703125,-5.45703125,1,185,False
+,82,93,82,93,175,175,0,3.8359375,-3.8359375,-3.8359375,1,163,False
+,82,94,82,94,176,176,0,4.64453125,-4.64453125,-4.64453125,1,165,False
+,82,95,82,95,177,177,0,3.501953125,-3.501953125,-3.501953125,1,163,False
+,82,96,82,96,178,178,0,4.56640625,-4.56640625,-4.56640625,1,185,False
+,82,97,82,97,179,179,0,4.25,-4.25,-4.25,1,165,False
+,82,98,82,98,180,180,0,4.53515625,-4.53515625,-4.53515625,1,168,False
+,82,99,82,99,181,181,0,3.345703125,-3.345703125,-3.345703125,1,163,False
+,83,10,83,10,93,93,0,2.537109375,-2.537109375,-2.537109375,1,123,False
+,83,11,83,11,94,94,0,3.439453125,-3.439453125,-3.439453125,1,96,False
+,83,12,83,12,95,95,0,3.26953125,-3.26953125,-3.26953125,1,97,False
+,83,13,83,13,96,96,0,2.8203125,-2.8203125,-2.8203125,1,96,True
+,83,14,83,14,97,97,1,2.91015625,-2.91015625,-2.91015625,1,111,False
+,83,15,83,15,98,98,0,3.466796875,-3.466796875,-3.466796875,1,118,False
+,83,16,83,16,99,99,0,4.16796875,-4.16796875,-4.16796875,1,121,False
+,83,17,83,17,100,100,2,3.658203125,-3.658203125,-3.658203125,1,118,False
+,83,18,83,18,101,101,0,3.8828125,-3.8828125,-3.8828125,1,121,False
+,83,19,83,19,102,102,0,4.35546875,-4.35546875,-4.35546875,1,122,False
+,83,20,83,20,103,103,0,4.90625,-4.90625,-4.90625,1,123,False
+,83,21,83,21,104,104,0,3.845703125,-3.845703125,-3.845703125,1,122,False
+,83,22,83,22,105,105,0,4.09765625,-4.09765625,-4.09765625,1,121,False
+,83,23,83,23,106,106,0,4.8515625,-4.8515625,-4.8515625,1,121,False
+,83,24,83,24,107,107,0,3.529296875,-3.529296875,-3.529296875,1,121,False
+,83,25,83,25,108,108,0,3.912109375,-3.912109375,-3.912109375,1,122,False
+,83,26,83,26,109,109,0,4.2734375,-4.2734375,-4.2734375,1,121,False
+,83,27,83,27,110,110,1,3.41015625,-3.41015625,-3.41015625,1,118,False
+,83,28,83,28,111,111,0,3.896484375,-3.896484375,-3.896484375,1,127,False
+,83,29,83,29,112,112,0,4.1171875,-4.1171875,-4.1171875,1,130,False
+,83,30,83,30,113,113,0,3.775390625,-3.775390625,-3.775390625,1,127,False
+,83,31,83,31,114,114,0,5.15234375,-5.15234375,-5.15234375,1,132,False
+,83,32,83,32,115,115,0,3.927734375,-3.927734375,-3.927734375,1,127,False
+,83,33,83,33,116,116,0,4.48828125,-4.48828125,-4.48828125,1,130,False
+,83,34,83,34,117,117,0,3.783203125,-3.783203125,-3.783203125,1,127,False
+,83,35,83,35,118,118,0,3.48828125,-3.48828125,-3.48828125,1,128,False
+,83,36,83,36,119,119,0,4.140625,-4.140625,-4.140625,1,127,False
+,83,37,83,37,120,120,0,4.6484375,-4.6484375,-4.6484375,1,130,False
+,83,38,83,38,121,121,2,3.48046875,-3.48046875,-3.48046875,1,127,False
+,83,39,83,39,122,122,0,3.654296875,-3.654296875,-3.654296875,1,130,False
+,83,40,83,40,123,123,0,3.36328125,-3.36328125,-3.36328125,1,143,False
+,83,41,83,41,124,124,0,3.634765625,-3.634765625,-3.634765625,1,142,False
+,83,42,83,42,125,125,0,3.869140625,-3.869140625,-3.869140625,1,133,False
+,83,43,83,43,126,126,0,3.552734375,-3.552734375,-3.552734375,1,130,False
+,83,44,83,44,127,127,0,2.923828125,-2.923828125,-2.923828125,1,133,False
+,83,45,83,45,128,128,1,3.458984375,-3.458984375,-3.458984375,1,142,False
+,83,46,83,46,129,129,0,3.251953125,-3.251953125,-3.251953125,1,127,False
+,83,47,83,47,130,130,0,2.953125,-2.953125,-2.953125,1,130,True
+,83,48,83,48,131,131,0,3.12109375,-3.12109375,-3.12109375,1,127,False
+,83,49,83,49,132,132,0,3.33984375,-3.33984375,-3.33984375,1,130,False
+,83,50,83,50,133,133,0,2.8125,-2.8125,-2.8125,1,143,False
+,83,51,83,51,134,134,0,3.384765625,-3.384765625,-3.384765625,1,142,False
+,83,52,83,52,135,135,0,3.189453125,-3.189453125,-3.189453125,1,147,False
+,83,53,83,53,136,136,0,3.384765625,-3.384765625,-3.384765625,1,130,False
+,83,54,83,54,137,137,0,3.306640625,-3.306640625,-3.306640625,1,143,False
+,83,55,83,55,138,138,2,3.26953125,-3.26953125,-3.26953125,1,148,False
+,83,56,83,56,139,139,0,3.25390625,-3.25390625,-3.25390625,1,147,False
+,83,57,83,57,140,140,0,3.376953125,-3.376953125,-3.376953125,1,148,False
+,83,58,83,58,141,141,0,3.796875,-3.796875,-3.796875,1,147,False
+,83,59,83,59,142,142,0,3.33203125,-3.33203125,-3.33203125,1,148,False
+,83,60,83,60,143,143,0,2.505859375,-2.505859375,-2.505859375,1,143,True
+,83,61,83,61,144,144,0,3.2890625,-3.2890625,-3.2890625,1,148,False
+,83,62,83,62,145,145,0,3.50390625,-3.50390625,-3.50390625,1,147,False
+,83,63,83,63,146,146,0,3.630859375,-3.630859375,-3.630859375,1,148,False
+,83,64,83,64,147,147,0,2.861328125,-2.861328125,-2.861328125,1,143,False
+,83,65,83,65,148,148,0,2.978515625,-2.978515625,-2.978515625,1,148,True
+,83,66,83,66,149,149,0,3.68359375,-3.68359375,-3.68359375,1,163,False
+,83,67,83,67,150,150,0,3.9296875,-3.9296875,-3.9296875,1,154,False
+,83,68,83,68,151,151,0,4.125,-4.125,-4.125,1,163,False
+,83,69,83,69,152,152,0,3.765625,-3.765625,-3.765625,1,168,False
+,83,70,83,70,153,153,0,3.3359375,-3.3359375,-3.3359375,1,163,False
+,83,71,83,71,154,154,0,3.498046875,-3.498046875,-3.498046875,1,168,False
+,83,72,83,72,155,155,0,4.2109375,-4.2109375,-4.2109375,1,163,False
+,83,73,83,73,156,156,0,3.9609375,-3.9609375,-3.9609375,1,168,False
+,83,74,83,74,157,157,0,3.888671875,-3.888671875,-3.888671875,1,167,False
+,83,75,83,75,158,158,0,3.783203125,-3.783203125,-3.783203125,1,172,False
+,83,76,83,76,159,159,0,4.703125,-4.703125,-4.703125,1,172,False
+,83,77,83,77,160,160,1,4.32421875,-4.32421875,-4.32421875,1,176,False
+,83,78,83,78,161,161,0,4.4296875,-4.4296875,-4.4296875,1,173,False
+,83,79,83,79,162,162,1,4.6875,-4.6875,-4.6875,1,172,False
+,83,80,83,80,163,163,0,3.966796875,-3.966796875,-3.966796875,1,183,False
+,83,81,83,81,164,164,0,4.33984375,-4.33984375,-4.33984375,1,166,False
+,83,82,83,82,165,165,0,3.943359375,-3.943359375,-3.943359375,1,183,False
+,83,83,83,83,166,166,1,1.646484375,-1.646484375,-1.646484375,1,166,True
+,83,84,83,84,167,167,0,3.884765625,-3.884765625,-3.884765625,1,184,False
+,83,85,83,85,168,168,0,4.1796875,-4.1796875,-4.1796875,1,192,False
+,83,86,83,86,169,169,1,5.15234375,-5.15234375,-5.15234375,1,184,False
+,83,87,83,87,170,170,0,3.58984375,-3.58984375,-3.58984375,1,184,False
+,83,88,83,88,171,171,1,3.6015625,-3.6015625,-3.6015625,1,183,False
+,83,89,83,89,172,172,0,3.80859375,-3.80859375,-3.80859375,1,184,False
+,83,90,83,90,173,173,0,3.984375,-3.984375,-3.984375,1,185,False
+,83,91,83,91,174,174,0,3.509765625,-3.509765625,-3.509765625,1,184,False
+,83,92,83,92,175,175,1,4.46484375,-4.46484375,-4.46484375,1,183,False
+,83,93,83,93,176,176,1,3.44921875,-3.44921875,-3.44921875,1,172,False
+,83,94,83,94,177,177,0,3.7109375,-3.7109375,-3.7109375,1,171,False
+,83,95,83,95,178,178,0,3.734375,-3.734375,-3.734375,1,168,False
+,83,96,83,96,179,179,0,4.34765625,-4.34765625,-4.34765625,1,168,False
+,83,97,83,97,180,180,0,4.1015625,-4.1015625,-4.1015625,1,168,False
+,83,98,83,98,181,181,0,4.23046875,-4.23046875,-4.23046875,1,165,False
+,83,99,83,99,182,182,0,3.8671875,-3.8671875,-3.8671875,1,168,False
+,84,10,84,10,94,94,0,2.92578125,-2.92578125,-2.92578125,1,106,False
+,84,11,84,11,95,95,0,2.8125,-2.8125,-2.8125,1,121,False
+,84,12,84,12,96,96,2,1.359375,-1.359375,-1.359375,1,96,True
+,84,13,84,13,97,97,0,2.185546875,-2.185546875,-2.185546875,1,97,True
+,84,14,84,14,98,98,2,1.90625,-1.90625,-1.90625,1,98,True
+,84,15,84,15,99,99,0,3.06640625,-3.06640625,-3.06640625,1,123,False
+,84,16,84,16,100,100,2,2.787109375,-2.787109375,-2.787109375,1,112,False
+,84,17,84,17,101,101,0,3.34375,-3.34375,-3.34375,1,121,False
+,84,18,84,18,102,102,0,2.724609375,-2.724609375,-2.724609375,1,126,False
+,84,19,84,19,103,103,0,4.09765625,-4.09765625,-4.09765625,1,127,False
+,84,20,84,20,104,104,3,2.970703125,-2.970703125,-2.970703125,1,136,False
+,84,21,84,21,105,105,0,2.650390625,-2.650390625,-2.650390625,1,123,False
+,84,22,84,22,106,106,0,3.01171875,-3.01171875,-3.01171875,1,122,False
+,84,23,84,23,107,107,0,3.375,-3.375,-3.375,1,121,False
+,84,24,84,24,108,108,2,2.73828125,-2.73828125,-2.73828125,1,124,False
+,84,25,84,25,109,109,1,3.8125,-3.8125,-3.8125,1,121,False
+,84,26,84,26,110,110,0,2.810546875,-2.810546875,-2.810546875,1,122,False
+,84,27,84,27,111,111,0,2.1953125,-2.1953125,-2.1953125,1,123,False
+,84,28,84,28,112,112,2,2.078125,-2.078125,-2.078125,1,112,True
+,84,29,84,29,113,113,0,3.40625,-3.40625,-3.40625,1,127,False
+,84,30,84,30,114,114,0,2.650390625,-2.650390625,-2.650390625,1,126,False
+,84,31,84,31,115,115,0,4.046875,-4.046875,-4.046875,1,127,False
+,84,32,84,32,116,116,0,2.619140625,-2.619140625,-2.619140625,1,128,False
+,84,33,84,33,117,117,0,3.107421875,-3.107421875,-3.107421875,1,123,False
+,84,34,84,34,118,118,1,2.63671875,-2.63671875,-2.63671875,1,122,False
+,84,35,84,35,119,119,0,3.236328125,-3.236328125,-3.236328125,1,127,False
+,84,36,84,36,120,120,1,3.560546875,-3.560546875,-3.560546875,1,126,False
+,84,37,84,37,121,121,0,3.34765625,-3.34765625,-3.34765625,1,127,False
+,84,38,84,38,122,122,0,2.517578125,-2.517578125,-2.517578125,1,122,True
+,84,39,84,39,123,123,0,2.689453125,-2.689453125,-2.689453125,1,123,True
+,84,40,84,40,124,124,0,3.01953125,-3.01953125,-3.01953125,1,148,False
+,84,41,84,41,125,125,0,3.927734375,-3.927734375,-3.927734375,1,137,False
+,84,42,84,42,126,126,2,2.265625,-2.265625,-2.265625,1,126,True
+,84,43,84,43,127,127,0,2.78125,-2.78125,-2.78125,1,127,True
+,84,44,84,44,128,128,0,3.1015625,-3.1015625,-3.1015625,1,124,False
+,84,45,84,45,129,129,0,3.072265625,-3.072265625,-3.072265625,1,147,False
+,84,46,84,46,130,130,0,3.080078125,-3.080078125,-3.080078125,1,122,False
+,84,47,84,47,131,131,1,2.8125,-2.8125,-2.8125,1,137,False
+,84,48,84,48,132,132,1,2.51953125,-2.51953125,-2.51953125,1,132,True
+,84,49,84,49,133,133,0,3.150390625,-3.150390625,-3.150390625,1,137,False
+,84,50,84,50,134,134,1,2.90625,-2.90625,-2.90625,1,154,False
+,84,51,84,51,135,135,0,3.046875,-3.046875,-3.046875,1,147,False
+,84,52,84,52,136,136,0,2.966796875,-2.966796875,-2.966796875,1,148,False
+,84,53,84,53,137,137,0,2.978515625,-2.978515625,-2.978515625,1,137,True
+,84,54,84,54,138,138,0,2.80859375,-2.80859375,-2.80859375,1,138,True
+,84,55,84,55,139,139,0,3.09765625,-3.09765625,-3.09765625,1,137,False
+,84,56,84,56,140,140,0,2.833984375,-2.833984375,-2.833984375,1,148,False
+,84,57,84,57,141,141,0,3.5625,-3.5625,-3.5625,1,147,False
+,84,58,84,58,142,142,0,3.03515625,-3.03515625,-3.03515625,1,154,False
+,84,59,84,59,143,143,0,3.166015625,-3.166015625,-3.166015625,1,157,False
+,84,60,84,60,144,144,0,2.52734375,-2.52734375,-2.52734375,1,156,False
+,84,61,84,61,145,145,0,3.60546875,-3.60546875,-3.60546875,1,121,False
+,84,62,84,62,146,146,0,2.9921875,-2.9921875,-2.9921875,1,142,False
+,84,63,84,63,147,147,0,2.6640625,-2.6640625,-2.6640625,1,147,True
+,84,64,84,64,148,148,0,2.654296875,-2.654296875,-2.654296875,1,136,False
+,84,65,84,65,149,149,0,3.140625,-3.140625,-3.140625,1,137,False
+,84,66,84,66,150,150,0,3.7265625,-3.7265625,-3.7265625,1,138,False
+,84,67,84,67,151,151,0,3.599609375,-3.599609375,-3.599609375,1,157,False
+,84,68,84,68,152,152,0,4.1875,-4.1875,-4.1875,1,163,False
+,84,69,84,69,153,153,0,3.365234375,-3.365234375,-3.365234375,1,165,False
+,84,70,84,70,154,154,0,2.232421875,-2.232421875,-2.232421875,1,154,True
+,84,71,84,71,155,155,0,3.349609375,-3.349609375,-3.349609375,1,161,False
+,84,72,84,72,156,156,0,4.03515625,-4.03515625,-4.03515625,1,165,False
+,84,73,84,73,157,157,0,3.25,-3.25,-3.25,1,173,False
+,84,74,84,74,158,158,0,4.44921875,-4.44921875,-4.44921875,1,157,False
+,84,75,84,75,159,159,0,3.833984375,-3.833984375,-3.833984375,1,171,False
+,84,76,84,76,160,160,0,5.03515625,-5.03515625,-5.03515625,1,173,False
+,84,77,84,77,161,161,0,3.955078125,-3.955078125,-3.955078125,1,191,False
+,84,78,84,78,162,162,0,3.7578125,-3.7578125,-3.7578125,1,168,False
+,84,79,84,79,163,163,0,4.4375,-4.4375,-4.4375,1,191,False
+,84,80,84,80,164,164,1,4.28125,-4.28125,-4.28125,1,184,False
+,84,81,84,81,165,165,0,3.1328125,-3.1328125,-3.1328125,1,171,False
+,84,82,84,82,166,166,0,4.3671875,-4.3671875,-4.3671875,1,185,False
+,84,83,84,83,167,167,0,3.453125,-3.453125,-3.453125,1,185,False
+,84,84,84,84,168,168,1,1.2275390625,-1.2275390625,-1.2275390625,1,168,True
+,84,85,84,85,169,169,1,4.09765625,-4.09765625,-4.09765625,1,185,False
+,84,86,84,86,170,170,1,4.90234375,-4.90234375,-4.90234375,1,217,False
+,84,87,84,87,171,171,0,3.73828125,-3.73828125,-3.73828125,1,185,False
+,84,88,84,88,172,172,0,3.65625,-3.65625,-3.65625,1,184,False
+,84,89,84,89,173,173,0,4.22265625,-4.22265625,-4.22265625,1,185,False
+,84,90,84,90,174,174,0,4.2421875,-4.2421875,-4.2421875,1,183,False
+,84,91,84,91,175,175,0,3.33984375,-3.33984375,-3.33984375,1,185,False
+,84,92,84,92,176,176,0,4.65625,-4.65625,-4.65625,1,185,False
+,84,93,84,93,177,177,0,3.576171875,-3.576171875,-3.576171875,1,171,False
+,84,94,84,94,178,178,0,3.78125,-3.78125,-3.78125,1,185,False
+,84,95,84,95,179,179,0,3.46484375,-3.46484375,-3.46484375,1,191,False
+,84,96,84,96,180,180,0,4.0625,-4.0625,-4.0625,1,168,False
+,84,97,84,97,181,181,0,3.771484375,-3.771484375,-3.771484375,1,169,False
+,84,98,84,98,182,182,0,3.232421875,-3.232421875,-3.232421875,1,168,False
+,84,99,84,99,183,183,0,3.861328125,-3.861328125,-3.861328125,1,169,False
+,85,10,85,10,95,95,3,2.181640625,-2.181640625,-2.181640625,1,105,False
+,85,11,85,11,96,96,0,2.263671875,-2.263671875,-2.263671875,1,96,True
+,85,12,85,12,97,97,1,2.794921875,-2.794921875,-2.794921875,1,121,False
+,85,13,85,13,98,98,0,2.814453125,-2.814453125,-2.814453125,1,102,False
+,85,14,85,14,99,99,0,3.453125,-3.453125,-3.453125,1,121,False
+,85,15,85,15,100,100,1,3.494140625,-3.494140625,-3.494140625,1,122,False
+,85,16,85,16,101,101,0,3.568359375,-3.568359375,-3.568359375,1,121,False
+,85,17,85,17,102,102,0,3.177734375,-3.177734375,-3.177734375,1,122,False
+,85,18,85,18,103,103,0,3.8515625,-3.8515625,-3.8515625,1,121,False
+,85,19,85,19,104,104,0,4.05078125,-4.05078125,-4.05078125,1,122,False
+,85,20,85,20,105,105,0,2.8828125,-2.8828125,-2.8828125,1,125,False
+,85,21,85,21,106,106,0,3.06640625,-3.06640625,-3.06640625,1,122,False
+,85,22,85,22,107,107,0,3.669921875,-3.669921875,-3.669921875,1,121,False
+,85,23,85,23,108,108,0,3.935546875,-3.935546875,-3.935546875,1,121,False
+,85,24,85,24,109,109,1,4.203125,-4.203125,-4.203125,1,121,False
+,85,25,85,25,110,110,0,3.322265625,-3.322265625,-3.322265625,1,120,False
+,85,26,85,26,111,111,0,3.791015625,-3.791015625,-3.791015625,1,121,False
+,85,27,85,27,112,112,1,2.830078125,-2.830078125,-2.830078125,1,122,False
+,85,28,85,28,113,113,0,3.484375,-3.484375,-3.484375,1,127,False
+,85,29,85,29,114,114,6,4.06640625,-4.06640625,-4.06640625,1,122,False
+,85,30,85,30,115,115,0,2.232421875,-2.232421875,-2.232421875,1,125,False
+,85,31,85,31,116,116,0,3.791015625,-3.791015625,-3.791015625,1,126,False
+,85,32,85,32,117,117,1,3.34375,-3.34375,-3.34375,1,127,False
+,85,33,85,33,118,118,0,3.302734375,-3.302734375,-3.302734375,1,122,False
+,85,34,85,34,119,119,0,3.984375,-3.984375,-3.984375,1,121,False
+,85,35,85,35,120,120,1,3.517578125,-3.517578125,-3.517578125,1,122,False
+,85,36,85,36,121,121,0,3.216796875,-3.216796875,-3.216796875,1,143,False
+,85,37,85,37,122,122,0,2.939453125,-2.939453125,-2.939453125,1,122,True
+,85,38,85,38,123,123,0,3.302734375,-3.302734375,-3.302734375,1,127,False
+,85,39,85,39,124,124,0,3.291015625,-3.291015625,-3.291015625,1,128,False
+,85,40,85,40,125,125,0,3.990234375,-3.990234375,-3.990234375,1,143,False
+,85,41,85,41,126,126,0,3.333984375,-3.333984375,-3.333984375,1,142,False
+,85,42,85,42,127,127,1,3.15625,-3.15625,-3.15625,1,127,True
+,85,43,85,43,128,128,0,3.458984375,-3.458984375,-3.458984375,1,132,False
+,85,44,85,44,129,129,0,3.41796875,-3.41796875,-3.41796875,1,143,False
+,85,45,85,45,130,130,1,3.599609375,-3.599609375,-3.599609375,1,142,False
+,85,46,85,46,131,131,0,3.322265625,-3.322265625,-3.322265625,1,121,False
+,85,47,85,47,132,132,0,3.017578125,-3.017578125,-3.017578125,1,122,False
+,85,48,85,48,133,133,0,3.146484375,-3.146484375,-3.146484375,1,127,False
+,85,49,85,49,134,134,0,3.2421875,-3.2421875,-3.2421875,1,142,False
+,85,50,85,50,135,135,0,2.654296875,-2.654296875,-2.654296875,1,145,False
+,85,51,85,51,136,136,0,3.375,-3.375,-3.375,1,142,False
+,85,52,85,52,137,137,0,3.3046875,-3.3046875,-3.3046875,1,147,False
+,85,53,85,53,138,138,0,3.607421875,-3.607421875,-3.607421875,1,142,False
+,85,54,85,54,139,139,0,3.638671875,-3.638671875,-3.638671875,1,143,False
+,85,55,85,55,140,140,1,3.28515625,-3.28515625,-3.28515625,1,148,False
+,85,56,85,56,141,141,6,3.4765625,-3.4765625,-3.4765625,1,147,False
+,85,57,85,57,142,142,0,3.123046875,-3.123046875,-3.123046875,1,148,False
+,85,58,85,58,143,143,1,3.392578125,-3.392578125,-3.392578125,1,147,False
+,85,59,85,59,144,144,0,3.228515625,-3.228515625,-3.228515625,1,154,False
+,85,60,85,60,145,145,2,2.892578125,-2.892578125,-2.892578125,1,155,False
+,85,61,85,61,146,146,0,3.70703125,-3.70703125,-3.70703125,1,148,False
+,85,62,85,62,147,147,0,3.13671875,-3.13671875,-3.13671875,1,147,True
+,85,63,85,63,148,148,0,3.359375,-3.359375,-3.359375,1,142,False
+,85,64,85,64,149,149,0,3.7578125,-3.7578125,-3.7578125,1,143,False
+,85,65,85,65,150,150,0,4.28125,-4.28125,-4.28125,1,142,False
+,85,66,85,66,151,151,0,3.822265625,-3.822265625,-3.822265625,1,143,False
+,85,67,85,67,152,152,0,3.091796875,-3.091796875,-3.091796875,1,148,False
+,85,68,85,68,153,153,0,3.439453125,-3.439453125,-3.439453125,1,157,False
+,85,69,85,69,154,154,0,3.08984375,-3.08984375,-3.08984375,1,154,True
+,85,70,85,70,155,155,1,2.94921875,-2.94921875,-2.94921875,1,165,False
+,85,71,85,71,156,156,0,3.4140625,-3.4140625,-3.4140625,1,154,False
+,85,72,85,72,157,157,0,2.96875,-2.96875,-2.96875,1,157,True
+,85,73,85,73,158,158,0,3.333984375,-3.333984375,-3.333984375,1,168,False
+,85,74,85,74,159,159,0,4.265625,-4.265625,-4.265625,1,172,False
+,85,75,85,75,160,160,2,4.3125,-4.3125,-4.3125,1,172,False
+,85,76,85,76,161,161,0,4.82421875,-4.82421875,-4.82421875,1,172,False
+,85,77,85,77,162,162,1,3.822265625,-3.822265625,-3.822265625,1,172,False
+,85,78,85,78,163,163,0,3.9453125,-3.9453125,-3.9453125,1,172,False
+,85,79,85,79,164,164,0,4.47265625,-4.47265625,-4.47265625,1,172,False
+,85,80,85,80,165,165,0,4.1015625,-4.1015625,-4.1015625,1,185,False
+,85,81,85,81,166,166,0,3.537109375,-3.537109375,-3.537109375,1,172,False
+,85,82,85,82,167,167,0,4.87109375,-4.87109375,-4.87109375,1,172,False
+,85,83,85,83,168,168,0,3.48828125,-3.48828125,-3.48828125,1,172,False
+,85,84,85,84,169,169,1,4.24609375,-4.24609375,-4.24609375,1,172,False
+,85,85,85,85,170,170,2,1.4521484375,-1.4521484375,-1.4521484375,1,170,True
+,85,86,85,86,171,171,1,3.9140625,-3.9140625,-3.9140625,1,172,False
+,85,87,85,87,172,172,0,2.779296875,-2.779296875,-2.779296875,1,172,True
+,85,88,85,88,173,173,0,3.912109375,-3.912109375,-3.912109375,1,183,False
+,85,89,85,89,174,174,0,4.36328125,-4.36328125,-4.36328125,1,172,False
+,85,90,85,90,175,175,1,4.96875,-4.96875,-4.96875,1,217,False
+,85,91,85,91,176,176,0,3.73046875,-3.73046875,-3.73046875,1,172,False
+,85,92,85,92,177,177,1,4.6015625,-4.6015625,-4.6015625,1,217,False
+,85,93,85,93,178,178,0,3.6484375,-3.6484375,-3.6484375,1,172,False
+,85,94,85,94,179,179,0,4.58984375,-4.58984375,-4.58984375,1,186,False
+,85,95,85,95,180,180,0,4.296875,-4.296875,-4.296875,1,172,False
+,85,96,85,96,181,181,0,4.50390625,-4.50390625,-4.50390625,1,191,False
+,85,97,85,97,182,182,0,4.36328125,-4.36328125,-4.36328125,1,168,False
+,85,98,85,98,183,183,0,3.92578125,-3.92578125,-3.92578125,1,171,False
+,85,99,85,99,184,184,0,3.67578125,-3.67578125,-3.67578125,1,172,False
+,86,10,86,10,96,96,0,2.771484375,-2.771484375,-2.771484375,1,106,False
+,86,11,86,11,97,97,0,4.54296875,-4.54296875,-4.54296875,1,121,False
+,86,12,86,12,98,98,1,3.498046875,-3.498046875,-3.498046875,1,122,False
+,86,13,86,13,99,99,0,3.65625,-3.65625,-3.65625,1,123,False
+,86,14,86,14,100,100,0,3.203125,-3.203125,-3.203125,1,122,False
+,86,15,86,15,101,101,0,3.515625,-3.515625,-3.515625,1,121,False
+,86,16,86,16,102,102,0,2.87890625,-2.87890625,-2.87890625,1,122,False
+,86,17,86,17,103,103,1,4.0390625,-4.0390625,-4.0390625,1,121,False
+,86,18,86,18,104,104,0,3.62890625,-3.62890625,-3.62890625,1,122,False
+,86,19,86,19,105,105,0,4.22265625,-4.22265625,-4.22265625,1,121,False
+,86,20,86,20,106,106,0,3.431640625,-3.431640625,-3.431640625,1,126,False
+,86,21,86,21,107,107,0,3.5703125,-3.5703125,-3.5703125,1,121,False
+,86,22,86,22,108,108,0,3.86328125,-3.86328125,-3.86328125,1,122,False
+,86,23,86,23,109,109,0,4.37109375,-4.37109375,-4.37109375,1,121,False
+,86,24,86,24,110,110,0,3.04296875,-3.04296875,-3.04296875,1,122,False
+,86,25,86,25,111,111,0,3.484375,-3.484375,-3.484375,1,121,False
+,86,26,86,26,112,112,0,2.77734375,-2.77734375,-2.77734375,1,122,False
+,86,27,86,27,113,113,0,2.951171875,-2.951171875,-2.951171875,1,121,False
+,86,28,86,28,114,114,0,3.6171875,-3.6171875,-3.6171875,1,122,False
+,86,29,86,29,115,115,0,3.57421875,-3.57421875,-3.57421875,1,121,False
+,86,30,86,30,116,116,1,2.87890625,-2.87890625,-2.87890625,1,122,False
+,86,31,86,31,117,117,0,3.34375,-3.34375,-3.34375,1,121,False
+,86,32,86,32,118,118,0,2.560546875,-2.560546875,-2.560546875,1,122,False
+,86,33,86,33,119,119,0,3.509765625,-3.509765625,-3.509765625,1,127,False
+,86,34,86,34,120,120,0,3.17578125,-3.17578125,-3.17578125,1,122,False
+,86,35,86,35,121,121,0,2.318359375,-2.318359375,-2.318359375,1,127,False
+,86,36,86,36,122,122,0,2.376953125,-2.376953125,-2.376953125,1,122,True
+,86,37,86,37,123,123,0,2.72265625,-2.72265625,-2.72265625,1,127,False
+,86,38,86,38,124,124,0,3.041015625,-3.041015625,-3.041015625,1,122,False
+,86,39,86,39,125,125,0,3.322265625,-3.322265625,-3.322265625,1,127,False
+,86,40,86,40,126,126,1,2.4765625,-2.4765625,-2.4765625,1,126,True
+,86,41,86,41,127,127,0,2.892578125,-2.892578125,-2.892578125,1,121,False
+,86,42,86,42,128,128,0,3.388671875,-3.388671875,-3.388671875,1,122,False
+,86,43,86,43,129,129,1,2.994140625,-2.994140625,-2.994140625,1,127,False
+,86,44,86,44,130,130,0,3.115234375,-3.115234375,-3.115234375,1,122,False
+,86,45,86,45,131,131,0,2.919921875,-2.919921875,-2.919921875,1,143,False
+,86,46,86,46,132,132,0,3.07421875,-3.07421875,-3.07421875,1,122,False
+,86,47,86,47,133,133,0,2.751953125,-2.751953125,-2.751953125,1,127,False
+,86,48,86,48,134,134,0,3.404296875,-3.404296875,-3.404296875,1,122,False
+,86,49,86,49,135,135,0,3.306640625,-3.306640625,-3.306640625,1,127,False
+,86,50,86,50,136,136,0,2.923828125,-2.923828125,-2.923828125,1,126,False
+,86,51,86,51,137,137,0,2.89453125,-2.89453125,-2.89453125,1,143,False
+,86,52,86,52,138,138,0,3.369140625,-3.369140625,-3.369140625,1,122,False
+,86,53,86,53,139,139,1,3.189453125,-3.189453125,-3.189453125,1,133,False
+,86,54,86,54,140,140,0,3.662109375,-3.662109375,-3.662109375,1,122,False
+,86,55,86,55,141,141,0,3.140625,-3.140625,-3.140625,1,143,False
+,86,56,86,56,142,142,0,2.994140625,-2.994140625,-2.994140625,1,142,True
+,86,57,86,57,143,143,0,2.91796875,-2.91796875,-2.91796875,1,147,False
+,86,58,86,58,144,144,0,3.466796875,-3.466796875,-3.466796875,1,154,False
+,86,59,86,59,145,145,0,3.572265625,-3.572265625,-3.572265625,1,143,False
+,86,60,86,60,146,146,0,2.744140625,-2.744140625,-2.744140625,1,142,False
+,86,61,86,61,147,147,0,3.013671875,-3.013671875,-3.013671875,1,143,False
+,86,62,86,62,148,148,1,3.330078125,-3.330078125,-3.330078125,1,122,False
+,86,63,86,63,149,149,0,3.39453125,-3.39453125,-3.39453125,1,143,False
+,86,64,86,64,150,150,0,4.84375,-4.84375,-4.84375,1,122,False
+,86,65,86,65,151,151,0,3.341796875,-3.341796875,-3.341796875,1,143,False
+,86,66,86,66,152,152,0,3.541015625,-3.541015625,-3.541015625,1,154,False
+,86,67,86,67,153,153,0,3.05078125,-3.05078125,-3.05078125,1,147,False
+,86,68,86,68,154,154,3,3.666015625,-3.666015625,-3.666015625,1,161,False
+,86,69,86,69,155,155,0,3.625,-3.625,-3.625,1,163,False
+,86,70,86,70,156,156,0,3.390625,-3.390625,-3.390625,1,146,False
+,86,71,86,71,157,157,0,3.1171875,-3.1171875,-3.1171875,1,161,False
+,86,72,86,72,158,158,0,4.13671875,-4.13671875,-4.13671875,1,161,False
+,86,73,86,73,159,159,0,3.388671875,-3.388671875,-3.388671875,1,163,False
+,86,74,86,74,160,160,0,4.7109375,-4.7109375,-4.7109375,1,161,False
+,86,75,86,75,161,161,0,2.935546875,-2.935546875,-2.935546875,1,163,False
+,86,76,86,76,162,162,0,4.79296875,-4.79296875,-4.79296875,1,173,False
+,86,77,86,77,163,163,0,3.357421875,-3.357421875,-3.357421875,1,173,False
+,86,78,86,78,164,164,0,4.5703125,-4.5703125,-4.5703125,1,166,False
+,86,79,86,79,165,165,0,3.927734375,-3.927734375,-3.927734375,1,191,False
+,86,80,86,80,166,166,0,3.748046875,-3.748046875,-3.748046875,1,191,False
+,86,81,86,81,167,167,0,3.615234375,-3.615234375,-3.615234375,1,185,False
+,86,82,86,82,168,168,0,5.0234375,-5.0234375,-5.0234375,1,185,False
+,86,83,86,83,169,169,0,4.1171875,-4.1171875,-4.1171875,1,191,False
+,86,84,86,84,170,170,0,4.7265625,-4.7265625,-4.7265625,1,185,False
+,86,85,86,85,171,171,0,3.36328125,-3.36328125,-3.36328125,1,217,False
+,86,86,86,86,172,172,1,2.267578125,-2.267578125,-2.267578125,1,172,True
+,86,87,86,87,173,173,0,3.248046875,-3.248046875,-3.248046875,1,185,False
+,86,88,86,88,174,174,1,4.23828125,-4.23828125,-4.23828125,1,186,False
+,86,89,86,89,175,175,0,4.61328125,-4.61328125,-4.61328125,1,191,False
+,86,90,86,90,176,176,0,4.48828125,-4.48828125,-4.48828125,1,217,False
+,86,91,86,91,177,177,0,4.02734375,-4.02734375,-4.02734375,1,185,False
+,86,92,86,92,178,178,0,5.23828125,-5.23828125,-5.23828125,1,191,False
+,86,93,86,93,179,179,0,3.861328125,-3.861328125,-3.861328125,1,173,False
+,86,94,86,94,180,180,0,4.71484375,-4.71484375,-4.71484375,1,186,False
+,86,95,86,95,181,181,0,3.8125,-3.8125,-3.8125,1,191,False
+,86,96,86,96,182,182,1,4.85546875,-4.85546875,-4.85546875,1,185,False
+,86,97,86,97,183,183,0,4.01171875,-4.01171875,-4.01171875,1,165,False
+,86,98,86,98,184,184,0,4.18359375,-4.18359375,-4.18359375,1,166,False
+,86,99,86,99,185,185,0,3.630859375,-3.630859375,-3.630859375,1,161,False
+,87,10,87,10,97,97,0,3.927734375,-3.927734375,-3.927734375,1,121,False
+,87,11,87,11,98,98,0,4.171875,-4.171875,-4.171875,1,124,False
+,87,12,87,12,99,99,3,3.935546875,-3.935546875,-3.935546875,1,123,False
+,87,13,87,13,100,100,1,3.51171875,-3.51171875,-3.51171875,1,122,False
+,87,14,87,14,101,101,0,3.984375,-3.984375,-3.984375,1,121,False
+,87,15,87,15,102,102,1,3.71484375,-3.71484375,-3.71484375,1,122,False
+,87,16,87,16,103,103,0,4.60546875,-4.60546875,-4.60546875,1,121,False
+,87,17,87,17,104,104,1,3.9765625,-3.9765625,-3.9765625,1,122,False
+,87,18,87,18,105,105,1,3.583984375,-3.583984375,-3.583984375,1,123,False
+,87,19,87,19,106,106,1,4.2890625,-4.2890625,-4.2890625,1,122,False
+,87,20,87,20,107,107,0,4.65234375,-4.65234375,-4.65234375,1,121,False
+,87,21,87,21,108,108,0,4.12109375,-4.12109375,-4.12109375,1,126,False
+,87,22,87,22,109,109,3,4.48828125,-4.48828125,-4.48828125,1,121,False
+,87,23,87,23,110,110,0,4.16015625,-4.16015625,-4.16015625,1,121,False
+,87,24,87,24,111,111,1,4.24609375,-4.24609375,-4.24609375,1,121,False
+,87,25,87,25,112,112,1,3.673828125,-3.673828125,-3.673828125,1,122,False
+,87,26,87,26,113,113,0,4.33984375,-4.33984375,-4.33984375,1,131,False
+,87,27,87,27,114,114,0,3.853515625,-3.853515625,-3.853515625,1,126,False
+,87,28,87,28,115,115,0,4.1328125,-4.1328125,-4.1328125,1,121,False
+,87,29,87,29,116,116,0,4.28125,-4.28125,-4.28125,1,130,False
+,87,30,87,30,117,117,1,3.345703125,-3.345703125,-3.345703125,1,123,False
+,87,31,87,31,118,118,0,4.3046875,-4.3046875,-4.3046875,1,130,False
+,87,32,87,32,119,119,0,3.728515625,-3.728515625,-3.728515625,1,127,False
+,87,33,87,33,120,120,1,4.18359375,-4.18359375,-4.18359375,1,130,False
+,87,34,87,34,121,121,0,3.673828125,-3.673828125,-3.673828125,1,133,False
+,87,35,87,35,122,122,0,3.05078125,-3.05078125,-3.05078125,1,130,False
+,87,36,87,36,123,123,0,4.08203125,-4.08203125,-4.08203125,1,133,False
+,87,37,87,37,124,124,1,3.671875,-3.671875,-3.671875,1,130,False
+,87,38,87,38,125,125,0,3.978515625,-3.978515625,-3.978515625,1,133,False
+,87,39,87,39,126,126,0,3.529296875,-3.529296875,-3.529296875,1,130,False
+,87,40,87,40,127,127,0,3.66015625,-3.66015625,-3.66015625,1,143,False
+,87,41,87,41,128,128,0,4.06640625,-4.06640625,-4.06640625,1,148,False
+,87,42,87,42,129,129,0,3.810546875,-3.810546875,-3.810546875,1,133,False
+,87,43,87,43,130,130,0,3.353515625,-3.353515625,-3.353515625,1,140,False
+,87,44,87,44,131,131,0,3.427734375,-3.427734375,-3.427734375,1,143,False
+,87,45,87,45,132,132,0,3.388671875,-3.388671875,-3.388671875,1,144,False
+,87,46,87,46,133,133,0,3.59375,-3.59375,-3.59375,1,137,False
+,87,47,87,47,134,134,0,3.197265625,-3.197265625,-3.197265625,1,140,False
+,87,48,87,48,135,135,0,3.568359375,-3.568359375,-3.568359375,1,130,False
+,87,49,87,49,136,136,0,3.541015625,-3.541015625,-3.541015625,1,140,False
+,87,50,87,50,137,137,0,3.4609375,-3.4609375,-3.4609375,1,147,False
+,87,51,87,51,138,138,0,4.03515625,-4.03515625,-4.03515625,1,154,False
+,87,52,87,52,139,139,0,3.712890625,-3.712890625,-3.712890625,1,155,False
+,87,53,87,53,140,140,0,3.451171875,-3.451171875,-3.451171875,1,154,False
+,87,54,87,54,141,141,0,4.0234375,-4.0234375,-4.0234375,1,154,False
+,87,55,87,55,142,142,0,3.43359375,-3.43359375,-3.43359375,1,154,False
+,87,56,87,56,143,143,0,3.62109375,-3.62109375,-3.62109375,1,155,False
+,87,57,87,57,144,144,0,3.474609375,-3.474609375,-3.474609375,1,154,False
+,87,58,87,58,145,145,0,3.966796875,-3.966796875,-3.966796875,1,154,False
+,87,59,87,59,146,146,0,3.7109375,-3.7109375,-3.7109375,1,154,False
+,87,60,87,60,147,147,0,3.32421875,-3.32421875,-3.32421875,1,147,True
+,87,61,87,61,148,148,0,2.998046875,-2.998046875,-2.998046875,1,148,True
+,87,62,87,62,149,149,0,3.666015625,-3.666015625,-3.666015625,1,154,False
+,87,63,87,63,150,150,0,4.10546875,-4.10546875,-4.10546875,1,154,False
+,87,64,87,64,151,151,0,3.966796875,-3.966796875,-3.966796875,1,143,False
+,87,65,87,65,152,152,1,3.384765625,-3.384765625,-3.384765625,1,154,False
+,87,66,87,66,153,153,0,3.994140625,-3.994140625,-3.994140625,1,165,False
+,87,67,87,67,154,154,0,2.96875,-2.96875,-2.96875,1,154,True
+,87,68,87,68,155,155,0,3.6015625,-3.6015625,-3.6015625,1,166,False
+,87,69,87,69,156,156,0,3.81640625,-3.81640625,-3.81640625,1,166,False
+,87,70,87,70,157,157,0,3.3984375,-3.3984375,-3.3984375,1,166,False
+,87,71,87,71,158,158,0,3.544921875,-3.544921875,-3.544921875,1,166,False
+,87,72,87,72,159,159,0,4.15234375,-4.15234375,-4.15234375,1,166,False
+,87,73,87,73,160,160,0,3.375,-3.375,-3.375,1,166,False
+,87,74,87,74,161,161,0,3.86328125,-3.86328125,-3.86328125,1,166,False
+,87,75,87,75,162,162,0,3.869140625,-3.869140625,-3.869140625,1,166,False
+,87,76,87,76,163,163,0,4.640625,-4.640625,-4.640625,1,172,False
+,87,77,87,77,164,164,0,3.98828125,-3.98828125,-3.98828125,1,176,False
+,87,78,87,78,165,165,11,4.046875,-4.046875,-4.046875,1,174,False
+,87,79,87,79,166,166,0,3.845703125,-3.845703125,-3.845703125,1,176,False
+,87,80,87,80,167,167,0,4.2421875,-4.2421875,-4.2421875,1,172,False
+,87,81,87,81,168,168,0,3.41015625,-3.41015625,-3.41015625,1,174,False
+,87,82,87,82,169,169,0,4.91796875,-4.91796875,-4.91796875,1,208,False
+,87,83,87,83,170,170,0,3.9609375,-3.9609375,-3.9609375,1,184,False
+,87,84,87,84,171,171,0,4.78515625,-4.78515625,-4.78515625,1,185,False
+,87,85,87,85,172,172,0,3.447265625,-3.447265625,-3.447265625,1,208,False
+,87,86,87,86,173,173,0,4.953125,-4.953125,-4.953125,1,221,False
+,87,87,87,87,174,174,0,2.181640625,-2.181640625,-2.181640625,1,222,False
+,87,88,87,88,175,175,0,3.880859375,-3.880859375,-3.880859375,1,185,False
+,87,89,87,89,176,176,1,4.28515625,-4.28515625,-4.28515625,1,208,False
+,87,90,87,90,177,177,0,3.78125,-3.78125,-3.78125,1,222,False
+,87,91,87,91,178,178,0,3.61328125,-3.61328125,-3.61328125,1,172,False
+,87,92,87,92,179,179,0,4.8046875,-4.8046875,-4.8046875,1,205,False
+,87,93,87,93,180,180,0,3.91796875,-3.91796875,-3.91796875,1,172,False
+,87,94,87,94,181,181,0,4.05078125,-4.05078125,-4.05078125,1,184,False
+,87,95,87,95,182,182,0,3.783203125,-3.783203125,-3.783203125,1,172,False
+,87,96,87,96,183,183,0,4.98828125,-4.98828125,-4.98828125,1,208,False
+,87,97,87,97,184,184,0,3.587890625,-3.587890625,-3.587890625,1,170,False
+,87,98,87,98,185,185,0,4.046875,-4.046875,-4.046875,1,166,False
+,87,99,87,99,186,186,0,4.21875,-4.21875,-4.21875,1,176,False
+,88,10,88,10,98,98,0,3.548828125,-3.548828125,-3.548828125,1,118,False
+,88,11,88,11,99,99,2,4.1328125,-4.1328125,-4.1328125,1,121,False
+,88,12,88,12,100,100,1,3.646484375,-3.646484375,-3.646484375,1,124,False
+,88,13,88,13,101,101,0,4.5859375,-4.5859375,-4.5859375,1,123,False
+,88,14,88,14,102,102,1,3.6171875,-3.6171875,-3.6171875,1,122,False
+,88,15,88,15,103,103,0,4.4453125,-4.4453125,-4.4453125,1,123,False
+,88,16,88,16,104,104,0,3.822265625,-3.822265625,-3.822265625,1,124,False
+,88,17,88,17,105,105,0,4.62109375,-4.62109375,-4.62109375,1,121,False
+,88,18,88,18,106,106,1,3.33984375,-3.33984375,-3.33984375,1,122,False
+,88,19,88,19,107,107,0,5.45703125,-5.45703125,-5.45703125,1,121,False
+,88,20,88,20,108,108,0,4.71484375,-4.71484375,-4.71484375,1,132,False
+,88,21,88,21,109,109,0,5.375,-5.375,-5.375,1,121,False
+,88,22,88,22,110,110,0,4.1171875,-4.1171875,-4.1171875,1,122,False
+,88,23,88,23,111,111,0,5.67578125,-5.67578125,-5.67578125,1,121,False
+,88,24,88,24,112,112,2,2.873046875,-2.873046875,-2.873046875,1,124,False
+,88,25,88,25,113,113,0,4.37890625,-4.37890625,-4.37890625,1,121,False
+,88,26,88,26,114,114,0,3.873046875,-3.873046875,-3.873046875,1,126,False
+,88,27,88,27,115,115,0,3.765625,-3.765625,-3.765625,1,121,False
+,88,28,88,28,116,116,0,3.71484375,-3.71484375,-3.71484375,1,124,False
+,88,29,88,29,117,117,0,3.619140625,-3.619140625,-3.619140625,1,121,False
+,88,30,88,30,118,118,0,1.8798828125,-1.8798828125,-1.8798828125,1,122,False
+,88,31,88,31,119,119,0,3.875,-3.875,-3.875,1,131,False
+,88,32,88,32,120,120,1,2.580078125,-2.580078125,-2.580078125,1,124,False
+,88,33,88,33,121,121,1,2.41015625,-2.41015625,-2.41015625,1,133,False
+,88,34,88,34,122,122,0,2.052734375,-2.052734375,-2.052734375,1,122,True
+,88,35,88,35,123,123,0,2.294921875,-2.294921875,-2.294921875,1,127,False
+,88,36,88,36,124,124,1,2.638671875,-2.638671875,-2.638671875,1,136,False
+,88,37,88,37,125,125,0,3.533203125,-3.533203125,-3.533203125,1,131,False
+,88,38,88,38,126,126,0,2.806640625,-2.806640625,-2.806640625,1,122,False
+,88,39,88,39,127,127,0,2.765625,-2.765625,-2.765625,1,133,False
+,88,40,88,40,128,128,0,2.732421875,-2.732421875,-2.732421875,1,148,False
+,88,41,88,41,129,129,0,3.134765625,-3.134765625,-3.134765625,1,143,False
+,88,42,88,42,130,130,1,2.580078125,-2.580078125,-2.580078125,1,122,False
+,88,43,88,43,131,131,0,2.587890625,-2.587890625,-2.587890625,1,131,True
+,88,44,88,44,132,132,0,2.0234375,-2.0234375,-2.0234375,1,132,True
+,88,45,88,45,133,133,0,2.46875,-2.46875,-2.46875,1,143,False
+,88,46,88,46,134,134,0,2.83984375,-2.83984375,-2.83984375,1,126,False
+,88,47,88,47,135,135,0,2.755859375,-2.755859375,-2.755859375,1,131,False
+,88,48,88,48,136,136,0,2.716796875,-2.716796875,-2.716796875,1,124,False
+,88,49,88,49,137,137,0,3.212890625,-3.212890625,-3.212890625,1,121,False
+,88,50,88,50,138,138,0,2.287109375,-2.287109375,-2.287109375,1,138,True
+,88,51,88,51,139,139,0,2.982421875,-2.982421875,-2.982421875,1,143,False
+,88,52,88,52,140,140,0,3.146484375,-3.146484375,-3.146484375,1,132,False
+,88,53,88,53,141,141,0,3.396484375,-3.396484375,-3.396484375,1,143,False
+,88,54,88,54,142,142,0,2.80859375,-2.80859375,-2.80859375,1,122,False
+,88,55,88,55,143,143,1,2.11328125,-2.11328125,-2.11328125,1,143,True
+,88,56,88,56,144,144,0,2.224609375,-2.224609375,-2.224609375,1,144,True
+,88,57,88,57,145,145,0,3.32421875,-3.32421875,-3.32421875,1,143,False
+,88,58,88,58,146,146,0,3.1015625,-3.1015625,-3.1015625,1,142,False
+,88,59,88,59,147,147,0,2.88671875,-2.88671875,-2.88671875,1,143,False
+,88,60,88,60,148,148,0,2.01171875,-2.01171875,-2.01171875,1,148,True
+,88,61,88,61,149,149,0,4.0,-4.0,-4.0,1,143,False
+,88,62,88,62,150,150,0,3.98828125,-3.98828125,-3.98828125,1,142,False
+,88,63,88,63,151,151,0,3.751953125,-3.751953125,-3.751953125,1,143,False
+,88,64,88,64,152,152,1,3.865234375,-3.865234375,-3.865234375,1,144,False
+,88,65,88,65,153,153,0,3.833984375,-3.833984375,-3.833984375,1,143,False
+,88,66,88,66,154,154,0,2.603515625,-2.603515625,-2.603515625,1,154,True
+,88,67,88,67,155,155,0,3.568359375,-3.568359375,-3.568359375,1,143,False
+,88,68,88,68,156,156,0,3.740234375,-3.740234375,-3.740234375,1,144,False
+,88,69,88,69,157,157,0,3.7421875,-3.7421875,-3.7421875,1,143,False
+,88,70,88,70,158,158,0,3.357421875,-3.357421875,-3.357421875,1,142,False
+,88,71,88,71,159,159,0,4.296875,-4.296875,-4.296875,1,143,False
+,88,72,88,72,160,160,0,3.900390625,-3.900390625,-3.900390625,1,144,False
+,88,73,88,73,161,161,0,3.615234375,-3.615234375,-3.615234375,1,147,False
+,88,74,88,74,162,162,0,4.33984375,-4.33984375,-4.33984375,1,144,False
+,88,75,88,75,163,163,0,3.091796875,-3.091796875,-3.091796875,1,143,False
+,88,76,88,76,164,164,0,4.46484375,-4.46484375,-4.46484375,1,144,False
+,88,77,88,77,165,165,0,2.66796875,-2.66796875,-2.66796875,1,165,True
+,88,78,88,78,166,166,0,2.939453125,-2.939453125,-2.939453125,1,166,True
+,88,79,88,79,167,167,0,3.54296875,-3.54296875,-3.54296875,1,163,False
+,88,80,88,80,168,168,0,2.220703125,-2.220703125,-2.220703125,1,168,True
+,88,81,88,81,169,169,0,3.37890625,-3.37890625,-3.37890625,1,173,False
+,88,82,88,82,170,170,0,4.2421875,-4.2421875,-4.2421875,1,165,False
+,88,83,88,83,171,171,0,3.515625,-3.515625,-3.515625,1,177,False
+,88,84,88,84,172,172,0,3.880859375,-3.880859375,-3.880859375,1,176,False
+,88,85,88,85,173,173,0,4.01171875,-4.01171875,-4.01171875,1,191,False
+,88,86,88,86,174,174,0,5.19921875,-5.19921875,-5.19921875,1,221,False
+,88,87,88,87,175,175,0,4.5625,-4.5625,-4.5625,1,185,False
+,88,88,88,88,176,176,1,1.3857421875,-1.3857421875,-1.3857421875,1,176,True
+,88,89,88,89,177,177,0,3.845703125,-3.845703125,-3.845703125,1,184,False
+,88,90,88,90,178,178,2,2.5625,-2.5625,-2.5625,1,208,False
+,88,91,88,91,179,179,0,4.60546875,-4.60546875,-4.60546875,1,144,False
+,88,92,88,92,180,180,0,4.09375,-4.09375,-4.09375,1,192,False
+,88,93,88,93,181,181,0,3.994140625,-3.994140625,-3.994140625,1,165,False
+,88,94,88,94,182,182,0,4.0859375,-4.0859375,-4.0859375,1,186,False
+,88,95,88,95,183,183,0,3.515625,-3.515625,-3.515625,1,191,False
+,88,96,88,96,184,184,0,3.78515625,-3.78515625,-3.78515625,1,176,False
+,88,97,88,97,185,185,0,3.970703125,-3.970703125,-3.970703125,1,165,False
+,88,98,88,98,186,186,0,4.62109375,-4.62109375,-4.62109375,1,176,False
+,88,99,88,99,187,187,0,4.515625,-4.515625,-4.515625,1,143,False
+,89,10,89,10,99,99,2,3.626953125,-3.626953125,-3.626953125,1,121,False
+,89,11,89,11,100,100,0,4.5859375,-4.5859375,-4.5859375,1,122,False
+,89,12,89,12,101,101,0,5.13671875,-5.13671875,-5.13671875,1,121,False
+,89,13,89,13,102,102,0,4.2421875,-4.2421875,-4.2421875,1,122,False
+,89,14,89,14,103,103,1,5.125,-5.125,-5.125,1,123,False
+,89,15,89,15,104,104,0,4.71484375,-4.71484375,-4.71484375,1,124,False
+,89,16,89,16,105,105,1,5.25,-5.25,-5.25,1,129,False
+,89,17,89,17,106,106,0,4.91015625,-4.91015625,-4.91015625,1,122,False
+,89,18,89,18,107,107,0,5.30078125,-5.30078125,-5.30078125,1,122,False
+,89,19,89,19,108,108,0,5.37890625,-5.37890625,-5.37890625,1,144,False
+,89,20,89,20,109,109,0,5.65625,-5.65625,-5.65625,1,129,False
+,89,21,89,21,110,110,0,4.6875,-4.6875,-4.6875,1,122,False
+,89,22,89,22,111,111,0,4.890625,-4.890625,-4.890625,1,122,False
+,89,23,89,23,112,112,0,4.7734375,-4.7734375,-4.7734375,1,122,False
+,89,24,89,24,113,113,0,4.80078125,-4.80078125,-4.80078125,1,124,False
+,89,25,89,25,114,114,0,4.95703125,-4.95703125,-4.95703125,1,126,False
+,89,26,89,26,115,115,0,5.15625,-5.15625,-5.15625,1,126,False
+,89,27,89,27,116,116,0,4.36328125,-4.36328125,-4.36328125,1,122,False
+,89,28,89,28,117,117,0,4.7265625,-4.7265625,-4.7265625,1,143,False
+,89,29,89,29,118,118,0,4.44921875,-4.44921875,-4.44921875,1,144,False
+,89,30,89,30,119,119,0,3.9765625,-3.9765625,-3.9765625,1,143,False
+,89,31,89,31,120,120,0,4.71484375,-4.71484375,-4.71484375,1,144,False
+,89,32,89,32,121,121,1,3.99609375,-3.99609375,-3.99609375,1,132,False
+,89,33,89,33,122,122,0,3.888671875,-3.888671875,-3.888671875,1,144,False
+,89,34,89,34,123,123,0,4.57421875,-4.57421875,-4.57421875,1,144,False
+,89,35,89,35,124,124,1,4.05859375,-4.05859375,-4.05859375,1,148,False
+,89,36,89,36,125,125,0,4.6484375,-4.6484375,-4.6484375,1,146,False
+,89,37,89,37,126,126,0,4.07421875,-4.07421875,-4.07421875,1,144,False
+,89,38,89,38,127,127,0,4.18359375,-4.18359375,-4.18359375,1,144,False
+,89,39,89,39,128,128,0,3.498046875,-3.498046875,-3.498046875,1,144,False
+,89,40,89,40,129,129,0,3.87109375,-3.87109375,-3.87109375,1,144,False
+,89,41,89,41,130,130,0,3.9375,-3.9375,-3.9375,1,144,False
+,89,42,89,42,131,131,0,4.09765625,-4.09765625,-4.09765625,1,144,False
+,89,43,89,43,132,132,0,3.427734375,-3.427734375,-3.427734375,1,144,False
+,89,44,89,44,133,133,0,3.55078125,-3.55078125,-3.55078125,1,144,False
+,89,45,89,45,134,134,0,3.30078125,-3.30078125,-3.30078125,1,144,False
+,89,46,89,46,135,135,0,4.15234375,-4.15234375,-4.15234375,1,146,False
+,89,47,89,47,136,136,0,3.3515625,-3.3515625,-3.3515625,1,144,False
+,89,48,89,48,137,137,0,3.826171875,-3.826171875,-3.826171875,1,144,False
+,89,49,89,49,138,138,0,3.474609375,-3.474609375,-3.474609375,1,144,False
+,89,50,89,50,139,139,0,3.8046875,-3.8046875,-3.8046875,1,144,False
+,89,51,89,51,140,140,0,3.591796875,-3.591796875,-3.591796875,1,144,False
+,89,52,89,52,141,141,0,4.12109375,-4.12109375,-4.12109375,1,144,False
+,89,53,89,53,142,142,0,3.57421875,-3.57421875,-3.57421875,1,144,False
+,89,54,89,54,143,143,0,3.751953125,-3.751953125,-3.751953125,1,144,False
+,89,55,89,55,144,144,2,2.7734375,-2.7734375,-2.7734375,1,144,True
+,89,56,89,56,145,145,0,3.962890625,-3.962890625,-3.962890625,1,144,False
+,89,57,89,57,146,146,0,3.43359375,-3.43359375,-3.43359375,1,144,False
+,89,58,89,58,147,147,0,3.77734375,-3.77734375,-3.77734375,1,154,False
+,89,59,89,59,148,148,0,3.171875,-3.171875,-3.171875,1,144,False
+,89,60,89,60,149,149,0,3.8203125,-3.8203125,-3.8203125,1,144,False
+,89,61,89,61,150,150,0,4.38671875,-4.38671875,-4.38671875,1,144,False
+,89,62,89,62,151,151,0,4.234375,-4.234375,-4.234375,1,144,False
+,89,63,89,63,152,152,0,3.466796875,-3.466796875,-3.466796875,1,144,False
+,89,64,89,64,153,153,0,4.078125,-4.078125,-4.078125,1,144,False
+,89,65,89,65,154,154,0,3.31640625,-3.31640625,-3.31640625,1,144,False
+,89,66,89,66,155,155,0,4.15234375,-4.15234375,-4.15234375,1,144,False
+,89,67,89,67,156,156,0,3.326171875,-3.326171875,-3.326171875,1,154,False
+,89,68,89,68,157,157,0,4.234375,-4.234375,-4.234375,1,168,False
+,89,69,89,69,158,158,0,3.701171875,-3.701171875,-3.701171875,1,168,False
+,89,70,89,70,159,159,0,4.16796875,-4.16796875,-4.16796875,1,144,False
+,89,71,89,71,160,160,0,3.501953125,-3.501953125,-3.501953125,1,168,False
+,89,72,89,72,161,161,0,4.06640625,-4.06640625,-4.06640625,1,154,False
+,89,73,89,73,162,162,1,3.39453125,-3.39453125,-3.39453125,1,154,False
+,89,74,89,74,163,163,0,4.01953125,-4.01953125,-4.01953125,1,154,False
+,89,75,89,75,164,164,0,3.29296875,-3.29296875,-3.29296875,1,168,False
+,89,76,89,76,165,165,0,4.12109375,-4.12109375,-4.12109375,1,168,False
+,89,77,89,77,166,166,0,3.337890625,-3.337890625,-3.337890625,1,168,False
+,89,78,89,78,167,167,0,4.546875,-4.546875,-4.546875,1,178,False
+,89,79,89,79,168,168,0,3.298828125,-3.298828125,-3.298828125,1,192,False
+,89,80,89,80,169,169,0,4.5,-4.5,-4.5,1,192,False
+,89,81,89,81,170,170,1,3.515625,-3.515625,-3.515625,1,178,False
+,89,82,89,82,171,171,0,4.60546875,-4.60546875,-4.60546875,1,178,False
+,89,83,89,83,172,172,0,3.44921875,-3.44921875,-3.44921875,1,192,False
+,89,84,89,84,173,173,0,4.46875,-4.46875,-4.46875,1,184,False
+,89,85,89,85,174,174,0,3.888671875,-3.888671875,-3.888671875,1,192,False
+,89,86,89,86,175,175,1,5.5390625,-5.5390625,-5.5390625,1,222,False
+,89,87,89,87,176,176,1,3.451171875,-3.451171875,-3.451171875,1,184,False
+,89,88,89,88,177,177,1,3.376953125,-3.376953125,-3.376953125,1,185,False
+,89,89,89,89,178,178,2,1.158203125,-1.158203125,-1.158203125,1,178,True
+,89,90,89,90,179,179,0,3.380859375,-3.380859375,-3.380859375,1,178,False
+,89,91,89,91,180,180,0,3.458984375,-3.458984375,-3.458984375,1,178,False
+,89,92,89,92,181,181,0,4.55859375,-4.55859375,-4.55859375,1,192,False
+,89,93,89,93,182,182,0,3.595703125,-3.595703125,-3.595703125,1,184,False
+,89,94,89,94,183,183,0,4.21875,-4.21875,-4.21875,1,184,False
+,89,95,89,95,184,184,0,3.416015625,-3.416015625,-3.416015625,1,192,False
+,89,96,89,96,185,185,1,4.44140625,-4.44140625,-4.44140625,1,192,False
+,89,97,89,97,186,186,1,4.03125,-4.03125,-4.03125,1,168,False
+,89,98,89,98,187,187,1,4.3828125,-4.3828125,-4.3828125,1,192,False
+,89,99,89,99,188,188,0,3.7578125,-3.7578125,-3.7578125,1,178,False
+,90,10,90,10,100,100,5,2.013671875,-2.013671875,-2.013671875,1,110,False
+,90,11,90,11,101,101,0,3.341796875,-3.341796875,-3.341796875,1,121,False
+,90,12,90,12,102,102,2,3.142578125,-3.142578125,-3.142578125,1,132,False
+,90,13,90,13,103,103,0,3.744140625,-3.744140625,-3.744140625,1,133,False
+,90,14,90,14,104,104,0,3.287109375,-3.287109375,-3.287109375,1,124,False
+,90,15,90,15,105,105,7,2.111328125,-2.111328125,-2.111328125,1,135,False
+,90,16,90,16,106,106,0,3.111328125,-3.111328125,-3.111328125,1,136,False
+,90,17,90,17,107,107,1,3.412109375,-3.412109375,-3.412109375,1,127,False
+,90,18,90,18,108,108,2,2.25,-2.25,-2.25,1,132,False
+,90,19,90,19,109,109,0,3.58984375,-3.58984375,-3.58984375,1,139,False
+,90,20,90,20,110,110,2,2.58203125,-2.58203125,-2.58203125,1,130,False
+,90,21,90,21,111,111,1,2.724609375,-2.724609375,-2.724609375,1,141,False
+,90,22,90,22,112,112,1,2.83984375,-2.83984375,-2.83984375,1,122,False
+,90,23,90,23,113,113,0,3.2265625,-3.2265625,-3.2265625,1,123,False
+,90,24,90,24,114,114,3,3.263671875,-3.263671875,-3.263671875,1,126,False
+,90,25,90,25,115,115,2,2.619140625,-2.619140625,-2.619140625,1,125,False
+,90,26,90,26,116,116,1,3.4140625,-3.4140625,-3.4140625,1,136,False
+,90,27,90,27,117,117,0,1.9814453125,-1.9814453125,-1.9814453125,1,123,False
+,90,28,90,28,118,118,2,2.9140625,-2.9140625,-2.9140625,1,148,False
+,90,29,90,29,119,119,0,3.26171875,-3.26171875,-3.26171875,1,139,False
+,90,30,90,30,120,120,3,1.076171875,-1.076171875,-1.076171875,1,120,True
+,90,31,90,31,121,121,1,2.73828125,-2.73828125,-2.73828125,1,131,False
+,90,32,90,32,122,122,2,1.9638671875,-1.9638671875,-1.9638671875,1,122,True
+,90,33,90,33,123,123,0,1.65234375,-1.65234375,-1.65234375,1,123,True
+,90,34,90,34,124,124,0,2.30078125,-2.30078125,-2.30078125,1,134,False
+,90,35,90,35,125,125,1,3.23828125,-3.23828125,-3.23828125,1,145,False
+,90,36,90,36,126,126,0,1.7275390625,-1.7275390625,-1.7275390625,1,126,True
+,90,37,90,37,127,127,0,2.42578125,-2.42578125,-2.42578125,1,137,False
+,90,38,90,38,128,128,1,2.86328125,-2.86328125,-2.86328125,1,142,False
+,90,39,90,39,129,129,0,2.54296875,-2.54296875,-2.54296875,1,123,False
+,90,40,90,40,130,130,4,1.962890625,-1.962890625,-1.962890625,1,140,False
+,90,41,90,41,131,131,0,2.51953125,-2.51953125,-2.51953125,1,161,False
+,90,42,90,42,132,132,2,1.662109375,-1.662109375,-1.662109375,1,132,True
+,90,43,90,43,133,133,0,2.625,-2.625,-2.625,1,143,False
+,90,44,90,44,134,134,0,2.19140625,-2.19140625,-2.19140625,1,154,False
+,90,45,90,45,135,135,7,1.2939453125,-1.2939453125,-1.2939453125,1,135,True
+,90,46,90,46,136,136,1,2.294921875,-2.294921875,-2.294921875,1,146,False
+,90,47,90,47,137,137,0,1.9111328125,-1.9111328125,-1.9111328125,1,137,True
+,90,48,90,48,138,138,0,1.7685546875,-1.7685546875,-1.7685546875,1,138,True
+,90,49,90,49,139,139,0,2.638671875,-2.638671875,-2.638671875,1,149,False
+,90,50,90,50,140,140,3,2.0,-2.0,-2.0,1,160,False
+,90,51,90,51,141,141,0,2.298828125,-2.298828125,-2.298828125,1,141,True
+,90,52,90,52,142,142,1,2.228515625,-2.228515625,-2.228515625,1,152,False
+,90,53,90,53,143,143,1,2.626953125,-2.626953125,-2.626953125,1,133,False
+,90,54,90,54,144,144,1,1.8037109375,-1.8037109375,-1.8037109375,1,144,True
+,90,55,90,55,145,145,1,1.791015625,-1.791015625,-1.791015625,1,155,False
+,90,56,90,56,146,146,0,2.5078125,-2.5078125,-2.5078125,1,146,True
+,90,57,90,57,147,147,0,2.33203125,-2.33203125,-2.33203125,1,153,False
+,90,58,90,58,148,148,1,2.380859375,-2.380859375,-2.380859375,1,152,False
+,90,59,90,59,149,149,0,2.4296875,-2.4296875,-2.4296875,1,149,True
+,90,60,90,60,150,150,6,1.5458984375,-1.5458984375,-1.5458984375,1,150,True
+,90,61,90,61,151,151,0,3.064453125,-3.064453125,-3.064453125,1,161,False
+,90,62,90,62,152,152,0,1.828125,-1.828125,-1.828125,1,152,True
+,90,63,90,63,153,153,0,2.169921875,-2.169921875,-2.169921875,1,153,True
+,90,64,90,64,154,154,0,2.6015625,-2.6015625,-2.6015625,1,154,True
+,90,65,90,65,155,155,0,1.7470703125,-1.7470703125,-1.7470703125,1,155,True
+,90,66,90,66,156,156,0,2.119140625,-2.119140625,-2.119140625,1,156,True
+,90,67,90,67,157,157,0,2.19921875,-2.19921875,-2.19921875,1,157,True
+,90,68,90,68,158,158,0,3.11328125,-3.11328125,-3.11328125,1,172,False
+,90,69,90,69,159,159,0,3.234375,-3.234375,-3.234375,1,153,False
+,90,70,90,70,160,160,4,1.9677734375,-1.9677734375,-1.9677734375,1,170,False
+,90,71,90,71,161,161,0,1.6953125,-1.6953125,-1.6953125,1,161,True
+,90,72,90,72,162,162,2,1.353515625,-1.353515625,-1.353515625,1,162,True
+,90,73,90,73,163,163,0,2.076171875,-2.076171875,-2.076171875,1,163,True
+,90,74,90,74,164,164,0,3.1015625,-3.1015625,-3.1015625,1,154,False
+,90,75,90,75,165,165,0,1.197265625,-1.197265625,-1.197265625,1,165,True
+,90,76,90,76,166,166,0,2.6328125,-2.6328125,-2.6328125,1,166,True
+,90,77,90,77,167,167,0,3.287109375,-3.287109375,-3.287109375,1,157,False
+,90,78,90,78,168,168,0,2.390625,-2.390625,-2.390625,1,162,False
+,90,79,90,79,169,169,0,3.544921875,-3.544921875,-3.544921875,1,191,False
+,90,80,90,80,170,170,3,1.9833984375,-1.9833984375,-1.9833984375,1,190,False
+,90,81,90,81,171,171,0,2.46484375,-2.46484375,-2.46484375,1,177,False
+,90,82,90,82,172,172,0,2.90234375,-2.90234375,-2.90234375,1,182,False
+,90,83,90,83,173,173,0,3.0703125,-3.0703125,-3.0703125,1,163,False
+,90,84,90,84,174,174,1,3.181640625,-3.181640625,-3.181640625,1,186,False
+,90,85,90,85,175,175,0,4.234375,-4.234375,-4.234375,1,185,False
+,90,86,90,86,176,176,0,5.1171875,-5.1171875,-5.1171875,1,218,False
+,90,87,90,87,177,177,0,2.982421875,-2.982421875,-2.982421875,1,177,True
+,90,88,90,88,178,178,0,3.1484375,-3.1484375,-3.1484375,1,222,False
+,90,89,90,89,179,179,0,2.953125,-2.953125,-2.953125,1,221,False
+,90,90,90,90,180,180,23,0.53759765625,-0.53759765625,-0.53759765625,1,180,True
+,90,91,90,91,181,181,0,1.2255859375,-1.2255859375,-1.2255859375,1,181,True
+,90,92,90,92,182,182,0,2.27734375,-2.27734375,-2.27734375,1,182,True
+,90,93,90,93,183,183,0,3.08203125,-3.08203125,-3.08203125,1,183,True
+,90,94,90,94,184,184,0,3.107421875,-3.107421875,-3.107421875,1,194,False
+,90,95,90,95,185,185,0,2.962890625,-2.962890625,-2.962890625,1,191,False
+,90,96,90,96,186,186,0,3.19921875,-3.19921875,-3.19921875,1,186,True
+,90,97,90,97,187,187,0,4.11328125,-4.11328125,-4.11328125,1,193,False
+,90,98,90,98,188,188,0,4.30859375,-4.30859375,-4.30859375,1,198,False
+,90,99,90,99,189,189,0,2.341796875,-2.341796875,-2.341796875,1,189,True
+,91,10,91,10,101,101,4,3.80859375,-3.80859375,-3.80859375,1,121,False
+,91,11,91,11,102,102,0,4.9375,-4.9375,-4.9375,1,122,False
+,91,12,91,12,103,103,0,6.8359375,-6.8359375,-6.8359375,1,132,False
+,91,13,91,13,104,104,0,5.3828125,-5.3828125,-5.3828125,1,132,False
+,91,14,91,14,105,105,0,5.3359375,-5.3359375,-5.3359375,1,123,False
+,91,15,91,15,106,106,2,3.982421875,-3.982421875,-3.982421875,1,126,False
+,91,16,91,16,107,107,0,6.37109375,-6.37109375,-6.37109375,1,132,False
+,91,17,91,17,108,108,0,5.08984375,-5.08984375,-5.08984375,1,128,False
+,91,18,91,18,109,109,0,6.66796875,-6.66796875,-6.66796875,1,130,False
+,91,19,91,19,110,110,1,5.4140625,-5.4140625,-5.4140625,1,132,False
+,91,20,91,20,111,111,1,5.84765625,-5.84765625,-5.84765625,1,121,False
+,91,21,91,21,112,112,0,3.609375,-3.609375,-3.609375,1,132,False
+,91,22,91,22,113,113,0,6.55859375,-6.55859375,-6.55859375,1,132,False
+,91,23,91,23,114,114,0,5.46484375,-5.46484375,-5.46484375,1,132,False
+,91,24,91,24,115,115,0,5.5859375,-5.5859375,-5.5859375,1,124,False
+,91,25,91,25,116,116,0,4.96875,-4.96875,-4.96875,1,126,False
+,91,26,91,26,117,117,0,6.0859375,-6.0859375,-6.0859375,1,132,False
+,91,27,91,27,118,118,0,3.482421875,-3.482421875,-3.482421875,1,128,False
+,91,28,91,28,119,119,0,6.125,-6.125,-6.125,1,132,False
+,91,29,91,29,120,120,0,4.6484375,-4.6484375,-4.6484375,1,132,False
+,91,30,91,30,121,121,0,2.8203125,-2.8203125,-2.8203125,1,131,False
+,91,31,91,31,122,122,1,3.814453125,-3.814453125,-3.814453125,1,132,False
+,91,32,91,32,123,123,0,4.4375,-4.4375,-4.4375,1,132,False
+,91,33,91,33,124,124,0,4.17578125,-4.17578125,-4.17578125,1,142,False
+,91,34,91,34,125,125,0,5.203125,-5.203125,-5.203125,1,144,False
+,91,35,91,35,126,126,0,3.654296875,-3.654296875,-3.654296875,1,142,False
+,91,36,91,36,127,127,0,4.49609375,-4.49609375,-4.49609375,1,142,False
+,91,37,91,37,128,128,0,2.966796875,-2.966796875,-2.966796875,1,142,False
+,91,38,91,38,129,129,0,5.33203125,-5.33203125,-5.33203125,1,142,False
+,91,39,91,39,130,130,1,3.083984375,-3.083984375,-3.083984375,1,142,False
+,91,40,91,40,131,131,0,3.2578125,-3.2578125,-3.2578125,1,141,False
+,91,41,91,41,132,132,0,2.64453125,-2.64453125,-2.64453125,1,142,False
+,91,42,91,42,133,133,0,3.943359375,-3.943359375,-3.943359375,1,142,False
+,91,43,91,43,134,134,0,3.09765625,-3.09765625,-3.09765625,1,144,False
+,91,44,91,44,135,135,0,3.84765625,-3.84765625,-3.84765625,1,144,False
+,91,45,91,45,136,136,0,2.76953125,-2.76953125,-2.76953125,1,142,False
+,91,46,91,46,137,137,0,4.421875,-4.421875,-4.421875,1,146,False
+,91,47,91,47,138,138,0,2.86328125,-2.86328125,-2.86328125,1,142,False
+,91,48,91,48,139,139,0,3.94140625,-3.94140625,-3.94140625,1,142,False
+,91,49,91,49,140,140,0,2.83984375,-2.83984375,-2.83984375,1,144,False
+,91,50,91,50,141,141,0,2.376953125,-2.376953125,-2.376953125,1,141,True
+,91,51,91,51,142,142,0,2.40625,-2.40625,-2.40625,1,152,False
+,91,52,91,52,143,143,1,3.650390625,-3.650390625,-3.650390625,1,144,False
+,91,53,91,53,144,144,0,2.431640625,-2.431640625,-2.431640625,1,144,True
+,91,54,91,54,145,145,0,3.69921875,-3.69921875,-3.69921875,1,144,False
+,91,55,91,55,146,146,0,2.873046875,-2.873046875,-2.873046875,1,144,False
+,91,56,91,56,147,147,0,3.076171875,-3.076171875,-3.076171875,1,144,False
+,91,57,91,57,148,148,0,2.521484375,-2.521484375,-2.521484375,1,152,False
+,91,58,91,58,149,149,1,3.810546875,-3.810546875,-3.810546875,1,148,False
+,91,59,91,59,150,150,0,3.787109375,-3.787109375,-3.787109375,1,144,False
+,91,60,91,60,151,151,2,2.572265625,-2.572265625,-2.572265625,1,152,False
+,91,61,91,61,152,152,0,2.033203125,-2.033203125,-2.033203125,1,152,True
+,91,62,91,62,153,153,0,4.4375,-4.4375,-4.4375,1,152,False
+,91,63,91,63,154,154,0,2.712890625,-2.712890625,-2.712890625,1,144,False
+,91,64,91,64,155,155,0,5.73828125,-5.73828125,-5.73828125,1,144,False
+,91,65,91,65,156,156,0,3.2890625,-3.2890625,-3.2890625,1,144,False
+,91,66,91,66,157,157,0,4.328125,-4.328125,-4.328125,1,142,False
+,91,67,91,67,158,158,0,3.408203125,-3.408203125,-3.408203125,1,144,False
+,91,68,91,68,159,159,0,4.71484375,-4.71484375,-4.71484375,1,152,False
+,91,69,91,69,160,160,1,3.3359375,-3.3359375,-3.3359375,1,154,False
+,91,70,91,70,161,161,0,3.091796875,-3.091796875,-3.091796875,1,152,False
+,91,71,91,71,162,162,0,2.81640625,-2.81640625,-2.81640625,1,152,False
+,91,72,91,72,163,163,2,4.03515625,-4.03515625,-4.03515625,1,152,False
+,91,73,91,73,164,164,0,3.849609375,-3.849609375,-3.849609375,1,144,False
+,91,74,91,74,165,165,0,4.78515625,-4.78515625,-4.78515625,1,144,False
+,91,75,91,75,166,166,0,2.31640625,-2.31640625,-2.31640625,1,152,False
+,91,76,91,76,167,167,0,4.91796875,-4.91796875,-4.91796875,1,152,False
+,91,77,91,77,168,168,0,2.9921875,-2.9921875,-2.9921875,1,154,False
+,91,78,91,78,169,169,0,4.2109375,-4.2109375,-4.2109375,1,166,False
+,91,79,91,79,170,170,0,3.173828125,-3.173828125,-3.173828125,1,172,False
+,91,80,91,80,171,171,0,3.263671875,-3.263671875,-3.263671875,1,181,False
+,91,81,91,81,172,172,0,1.904296875,-1.904296875,-1.904296875,1,182,False
+,91,82,91,82,173,173,0,4.65234375,-4.65234375,-4.65234375,1,182,False
+,91,83,91,83,174,174,0,2.966796875,-2.966796875,-2.966796875,1,172,False
+,91,84,91,84,175,175,0,3.71875,-3.71875,-3.71875,1,182,False
+,91,85,91,85,176,176,0,3.181640625,-3.181640625,-3.181640625,1,182,False
+,91,86,91,86,177,177,0,4.6953125,-4.6953125,-4.6953125,1,182,False
+,91,87,91,87,178,178,0,3.513671875,-3.513671875,-3.513671875,1,182,False
+,91,88,91,88,179,179,0,4.125,-4.125,-4.125,1,191,False
+,91,89,91,89,180,180,1,3.375,-3.375,-3.375,1,182,False
+,91,90,91,90,181,181,1,1.2578125,-1.2578125,-1.2578125,1,181,True
+,91,91,91,91,182,182,1,0.2362060546875,-0.2362060546875,-0.2362060546875,1,182,True
+,91,92,91,92,183,183,0,2.8515625,-2.8515625,-2.8515625,1,182,False
+,91,93,91,93,184,184,0,2.919921875,-2.919921875,-2.919921875,1,182,False
+,91,94,91,94,185,185,1,4.0546875,-4.0546875,-4.0546875,1,182,False
+,91,95,91,95,186,186,0,3.615234375,-3.615234375,-3.615234375,1,192,False
+,91,96,91,96,187,187,0,4.95703125,-4.95703125,-4.95703125,1,182,False
+,91,97,91,97,188,188,0,4.59765625,-4.59765625,-4.59765625,1,168,False
+,91,98,91,98,189,189,0,4.859375,-4.859375,-4.859375,1,182,False
+,91,99,91,99,190,190,0,3.884765625,-3.884765625,-3.884765625,1,182,False
+,92,10,92,10,102,102,2,3.646484375,-3.646484375,-3.646484375,1,122,False
+,92,11,92,11,103,103,0,5.95703125,-5.95703125,-5.95703125,1,131,False
+,92,12,92,12,104,104,0,4.91796875,-4.91796875,-4.91796875,1,128,False
+,92,13,92,13,105,105,0,5.0390625,-5.0390625,-5.0390625,1,133,False
+,92,14,92,14,106,106,0,3.8671875,-3.8671875,-3.8671875,1,138,False
+,92,15,92,15,107,107,0,3.677734375,-3.677734375,-3.677734375,1,131,False
+,92,16,92,16,108,108,0,4.62890625,-4.62890625,-4.62890625,1,132,False
+,92,17,92,17,109,109,0,4.921875,-4.921875,-4.921875,1,131,False
+,92,18,92,18,110,110,1,3.58984375,-3.58984375,-3.58984375,1,130,False
+,92,19,92,19,111,111,0,5.11328125,-5.11328125,-5.11328125,1,131,False
+,92,20,92,20,112,112,0,4.77734375,-4.77734375,-4.77734375,1,132,False
+,92,21,92,21,113,113,0,4.37890625,-4.37890625,-4.37890625,1,121,False
+,92,22,92,22,114,114,0,4.67578125,-4.67578125,-4.67578125,1,122,False
+,92,23,92,23,115,115,1,4.546875,-4.546875,-4.546875,1,123,False
+,92,24,92,24,116,116,0,3.568359375,-3.568359375,-3.568359375,1,136,False
+,92,25,92,25,117,117,0,4.29296875,-4.29296875,-4.29296875,1,137,False
+,92,26,92,26,118,118,0,3.716796875,-3.716796875,-3.716796875,1,138,False
+,92,27,92,27,119,119,0,3.578125,-3.578125,-3.578125,1,137,False
+,92,28,92,28,120,120,0,3.857421875,-3.857421875,-3.857421875,1,132,False
+,92,29,92,29,121,121,1,3.51953125,-3.51953125,-3.51953125,1,139,False
+,92,30,92,30,122,122,0,1.96484375,-1.96484375,-1.96484375,1,142,False
+,92,31,92,31,123,123,0,3.533203125,-3.533203125,-3.533203125,1,143,False
+,92,32,92,32,124,124,0,3.3203125,-3.3203125,-3.3203125,1,132,False
+,92,33,92,33,125,125,2,4.83203125,-4.83203125,-4.83203125,1,133,False
+,92,34,92,34,126,126,0,3.529296875,-3.529296875,-3.529296875,1,138,False
+,92,35,92,35,127,127,1,3.31640625,-3.31640625,-3.31640625,1,143,False
+,92,36,92,36,128,128,0,3.5625,-3.5625,-3.5625,1,142,False
+,92,37,92,37,129,129,0,4.06640625,-4.06640625,-4.06640625,1,147,False
+,92,38,92,38,130,130,0,3.173828125,-3.173828125,-3.173828125,1,138,False
+,92,39,92,39,131,131,0,3.181640625,-3.181640625,-3.181640625,1,139,False
+,92,40,92,40,132,132,0,2.96484375,-2.96484375,-2.96484375,1,152,False
+,92,41,92,41,133,133,1,3.02734375,-3.02734375,-3.02734375,1,143,False
+,92,42,92,42,134,134,0,2.884765625,-2.884765625,-2.884765625,1,142,False
+,92,43,92,43,135,135,0,3.439453125,-3.439453125,-3.439453125,1,147,False
+,92,44,92,44,136,136,0,3.15234375,-3.15234375,-3.15234375,1,144,False
+,92,45,92,45,137,137,0,2.587890625,-2.587890625,-2.587890625,1,137,True
+,92,46,92,46,138,138,0,2.37890625,-2.37890625,-2.37890625,1,142,False
+,92,47,92,47,139,139,0,2.5703125,-2.5703125,-2.5703125,1,147,False
+,92,48,92,48,140,140,0,2.509765625,-2.509765625,-2.509765625,1,148,False
+,92,49,92,49,141,141,0,3.146484375,-3.146484375,-3.146484375,1,147,False
+,92,50,92,50,142,142,2,1.751953125,-1.751953125,-1.751953125,1,142,True
+,92,51,92,51,143,143,0,2.458984375,-2.458984375,-2.458984375,1,143,True
+,92,52,92,52,144,144,0,2.916015625,-2.916015625,-2.916015625,1,152,False
+,92,53,92,53,145,145,0,3.4921875,-3.4921875,-3.4921875,1,147,False
+,92,54,92,54,146,146,0,2.78515625,-2.78515625,-2.78515625,1,142,False
+,92,55,92,55,147,147,0,2.322265625,-2.322265625,-2.322265625,1,147,True
+,92,56,92,56,148,148,0,2.416015625,-2.416015625,-2.416015625,1,148,True
+,92,57,92,57,149,149,0,2.974609375,-2.974609375,-2.974609375,1,147,False
+,92,58,92,58,150,150,0,3.53515625,-3.53515625,-3.53515625,1,154,False
+,92,59,92,59,151,151,0,3.275390625,-3.275390625,-3.275390625,1,147,False
+,92,60,92,60,152,152,1,1.7138671875,-1.7138671875,-1.7138671875,1,152,True
+,92,61,92,61,153,153,0,2.990234375,-2.990234375,-2.990234375,1,143,False
+,92,62,92,62,154,154,0,2.67578125,-2.67578125,-2.67578125,1,142,False
+,92,63,92,63,155,155,0,3.7109375,-3.7109375,-3.7109375,1,143,False
+,92,64,92,64,156,156,0,4.0,-4.0,-4.0,1,144,False
+,92,65,92,65,157,157,0,3.19921875,-3.19921875,-3.19921875,1,147,False
+,92,66,92,66,158,158,0,3.5703125,-3.5703125,-3.5703125,1,142,False
+,92,67,92,67,159,159,0,3.720703125,-3.720703125,-3.720703125,1,157,False
+,92,68,92,68,160,160,0,3.9375,-3.9375,-3.9375,1,148,False
+,92,69,92,69,161,161,0,3.150390625,-3.150390625,-3.150390625,1,161,True
+,92,70,92,70,162,162,0,2.595703125,-2.595703125,-2.595703125,1,142,False
+,92,71,92,71,163,163,0,2.875,-2.875,-2.875,1,161,False
+,92,72,92,72,164,164,0,4.07421875,-4.07421875,-4.07421875,1,152,False
+,92,73,92,73,165,165,0,3.712890625,-3.712890625,-3.712890625,1,163,False
+,92,74,92,74,166,166,0,3.7421875,-3.7421875,-3.7421875,1,154,False
+,92,75,92,75,167,167,0,3.576171875,-3.576171875,-3.576171875,1,163,False
+,92,76,92,76,168,168,0,3.978515625,-3.978515625,-3.978515625,1,163,False
+,92,77,92,77,169,169,0,3.73046875,-3.73046875,-3.73046875,1,177,False
+,92,78,92,78,170,170,0,3.458984375,-3.458984375,-3.458984375,1,178,False
+,92,79,92,79,171,171,1,4.23046875,-4.23046875,-4.23046875,1,191,False
+,92,80,92,80,172,172,0,3.01953125,-3.01953125,-3.01953125,1,192,False
+,92,81,92,81,173,173,0,3.107421875,-3.107421875,-3.107421875,1,191,False
+,92,82,92,82,174,174,0,4.8984375,-4.8984375,-4.8984375,1,185,False
+,92,83,92,83,175,175,0,4.40234375,-4.40234375,-4.40234375,1,191,False
+,92,84,92,84,176,176,0,4.4609375,-4.4609375,-4.4609375,1,191,False
+,92,85,92,85,177,177,0,4.0625,-4.0625,-4.0625,1,191,False
+,92,86,92,86,178,178,0,4.8125,-4.8125,-4.8125,1,191,False
+,92,87,92,87,179,179,0,4.50390625,-4.50390625,-4.50390625,1,223,False
+,92,88,92,88,180,180,0,4.29296875,-4.29296875,-4.29296875,1,192,False
+,92,89,92,89,181,181,0,4.1875,-4.1875,-4.1875,1,223,False
+,92,90,92,90,182,182,0,2.654296875,-2.654296875,-2.654296875,1,182,True
+,92,91,92,91,183,183,0,1.529296875,-1.529296875,-1.529296875,1,183,True
+,92,92,92,92,184,184,0,1.83203125,-1.83203125,-1.83203125,1,184,True
+,92,93,92,93,185,185,0,3.037109375,-3.037109375,-3.037109375,1,193,False
+,92,94,92,94,186,186,0,3.990234375,-3.990234375,-3.990234375,1,185,False
+,92,95,92,95,187,187,0,4.2421875,-4.2421875,-4.2421875,1,191,False
+,92,96,92,96,188,188,0,4.9921875,-4.9921875,-4.9921875,1,191,False
+,92,97,92,97,189,189,0,4.51953125,-4.51953125,-4.51953125,1,191,False
+,92,98,92,98,190,190,0,3.984375,-3.984375,-3.984375,1,192,False
+,92,99,92,99,191,191,0,3.439453125,-3.439453125,-3.439453125,1,193,False
+,93,10,93,10,103,103,0,4.13671875,-4.13671875,-4.13671875,1,121,False
+,93,11,93,11,104,104,0,5.15625,-5.15625,-5.15625,1,128,False
+,93,12,93,12,105,105,0,4.828125,-4.828125,-4.828125,1,133,False
+,93,13,93,13,106,106,0,4.77734375,-4.77734375,-4.77734375,1,130,False
+,93,14,93,14,107,107,0,4.4296875,-4.4296875,-4.4296875,1,131,False
+,93,15,93,15,108,108,0,4.0234375,-4.0234375,-4.0234375,1,122,False
+,93,16,93,16,109,109,0,4.67578125,-4.67578125,-4.67578125,1,131,False
+,93,17,93,17,110,110,0,4.72265625,-4.72265625,-4.72265625,1,130,False
+,93,18,93,18,111,111,1,3.6484375,-3.6484375,-3.6484375,1,123,False
+,93,19,93,19,112,112,0,4.5625,-4.5625,-4.5625,1,122,False
+,93,20,93,20,113,113,0,4.703125,-4.703125,-4.703125,1,133,False
+,93,21,93,21,114,114,0,4.0625,-4.0625,-4.0625,1,132,False
+,93,22,93,22,115,115,2,4.4140625,-4.4140625,-4.4140625,1,121,False
+,93,23,93,23,116,116,0,4.44921875,-4.44921875,-4.44921875,1,122,False
+,93,24,93,24,117,117,0,4.640625,-4.640625,-4.640625,1,121,False
+,93,25,93,25,118,118,0,3.984375,-3.984375,-3.984375,1,142,False
+,93,26,93,26,119,119,0,4.73046875,-4.73046875,-4.73046875,1,131,False
+,93,27,93,27,120,120,0,3.724609375,-3.724609375,-3.724609375,1,132,False
+,93,28,93,28,121,121,0,3.263671875,-3.263671875,-3.263671875,1,131,False
+,93,29,93,29,122,122,0,3.830078125,-3.830078125,-3.830078125,1,142,False
+,93,30,93,30,123,123,0,3.259765625,-3.259765625,-3.259765625,1,147,False
+,93,31,93,31,124,124,0,4.22265625,-4.22265625,-4.22265625,1,142,False
+,93,32,93,32,125,125,0,4.18359375,-4.18359375,-4.18359375,1,137,False
+,93,33,93,33,126,126,0,4.76953125,-4.76953125,-4.76953125,1,142,False
+,93,34,93,34,127,127,0,4.3046875,-4.3046875,-4.3046875,1,143,False
+,93,35,93,35,128,128,1,4.2890625,-4.2890625,-4.2890625,1,142,False
+,93,36,93,36,129,129,1,4.859375,-4.859375,-4.859375,1,143,False
+,93,37,93,37,130,130,0,3.99609375,-3.99609375,-3.99609375,1,154,False
+,93,38,93,38,131,131,0,3.947265625,-3.947265625,-3.947265625,1,149,False
+,93,39,93,39,132,132,2,3.845703125,-3.845703125,-3.845703125,1,154,False
+,93,40,93,40,133,133,0,3.73046875,-3.73046875,-3.73046875,1,157,False
+,93,41,93,41,134,134,0,3.931640625,-3.931640625,-3.931640625,1,154,False
+,93,42,93,42,135,135,0,4.24609375,-4.24609375,-4.24609375,1,154,False
+,93,43,93,43,136,136,0,3.736328125,-3.736328125,-3.736328125,1,154,False
+,93,44,93,44,137,137,0,3.4609375,-3.4609375,-3.4609375,1,143,False
+,93,45,93,45,138,138,0,3.3984375,-3.3984375,-3.3984375,1,154,False
+,93,46,93,46,139,139,1,3.3359375,-3.3359375,-3.3359375,1,149,False
+,93,47,93,47,140,140,0,3.119140625,-3.119140625,-3.119140625,1,154,False
+,93,48,93,48,141,141,0,4.0625,-4.0625,-4.0625,1,149,False
+,93,49,93,49,142,142,0,3.240234375,-3.240234375,-3.240234375,1,154,False
+,93,50,93,50,143,143,0,3.4375,-3.4375,-3.4375,1,163,False
+,93,51,93,51,144,144,0,3.5546875,-3.5546875,-3.5546875,1,154,False
+,93,52,93,52,145,145,0,3.845703125,-3.845703125,-3.845703125,1,157,False
+,93,53,93,53,146,146,0,3.255859375,-3.255859375,-3.255859375,1,154,False
+,93,54,93,54,147,147,0,3.62890625,-3.62890625,-3.62890625,1,154,False
+,93,55,93,55,148,148,0,2.908203125,-2.908203125,-2.908203125,1,154,False
+,93,56,93,56,149,149,0,3.287109375,-3.287109375,-3.287109375,1,149,True
+,93,57,93,57,150,150,0,4.11328125,-4.11328125,-4.11328125,1,154,False
+,93,58,93,58,151,151,0,4.01171875,-4.01171875,-4.01171875,1,154,False
+,93,59,93,59,152,152,0,3.193359375,-3.193359375,-3.193359375,1,154,False
+,93,60,93,60,153,153,0,3.298828125,-3.298828125,-3.298828125,1,147,False
+,93,61,93,61,154,154,0,3.2265625,-3.2265625,-3.2265625,1,148,False
+,93,62,93,62,155,155,0,3.4140625,-3.4140625,-3.4140625,1,154,False
+,93,63,93,63,156,156,0,3.791015625,-3.791015625,-3.791015625,1,154,False
+,93,64,93,64,157,157,0,3.701171875,-3.701171875,-3.701171875,1,143,False
+,93,65,93,65,158,158,0,3.3046875,-3.3046875,-3.3046875,1,142,False
+,93,66,93,66,159,159,0,4.12109375,-4.12109375,-4.12109375,1,166,False
+,93,67,93,67,160,160,0,3.41015625,-3.41015625,-3.41015625,1,166,False
+,93,68,93,68,161,161,0,3.4453125,-3.4453125,-3.4453125,1,170,False
+,93,69,93,69,162,162,0,3.892578125,-3.892578125,-3.892578125,1,166,False
+,93,70,93,70,163,163,0,3.2890625,-3.2890625,-3.2890625,1,163,True
+,93,71,93,71,164,164,0,3.4140625,-3.4140625,-3.4140625,1,166,False
+,93,72,93,72,165,165,0,3.861328125,-3.861328125,-3.861328125,1,166,False
+,93,73,93,73,166,166,0,2.8984375,-2.8984375,-2.8984375,1,166,True
+,93,74,93,74,167,167,0,3.595703125,-3.595703125,-3.595703125,1,166,False
+,93,75,93,75,168,168,0,3.35546875,-3.35546875,-3.35546875,1,166,False
+,93,76,93,76,169,169,0,3.9765625,-3.9765625,-3.9765625,1,172,False
+,93,77,93,77,170,170,0,3.236328125,-3.236328125,-3.236328125,1,170,True
+,93,78,93,78,171,171,0,4.40234375,-4.40234375,-4.40234375,1,174,False
+,93,79,93,79,172,172,0,3.591796875,-3.591796875,-3.591796875,1,194,False
+,93,80,93,80,173,173,2,4.125,-4.125,-4.125,1,208,False
+,93,81,93,81,174,174,0,3.689453125,-3.689453125,-3.689453125,1,186,False
+,93,82,93,82,175,175,0,4.93359375,-4.93359375,-4.93359375,1,208,False
+,93,83,93,83,176,176,1,4.22265625,-4.22265625,-4.22265625,1,208,False
+,93,84,93,84,177,177,1,4.765625,-4.765625,-4.765625,1,208,False
+,93,85,93,85,178,178,0,4.31640625,-4.31640625,-4.31640625,1,218,False
+,93,86,93,86,179,179,0,5.24609375,-5.24609375,-5.24609375,1,218,False
+,93,87,93,87,180,180,0,5.1484375,-5.1484375,-5.1484375,1,208,False
+,93,88,93,88,181,181,0,4.57421875,-4.57421875,-4.57421875,1,208,False
+,93,89,93,89,182,182,0,4.4140625,-4.4140625,-4.4140625,1,208,False
+,93,90,93,90,183,183,0,4.140625,-4.140625,-4.140625,1,231,False
+,93,91,93,91,184,184,0,2.810546875,-2.810546875,-2.810546875,1,184,True
+,93,92,93,92,185,185,0,3.580078125,-3.580078125,-3.580078125,1,232,False
+,93,93,93,93,186,186,0,3.16796875,-3.16796875,-3.16796875,1,234,False
+,93,94,93,94,187,187,0,4.328125,-4.328125,-4.328125,1,200,False
+,93,95,93,95,188,188,0,4.4296875,-4.4296875,-4.4296875,1,208,False
+,93,96,93,96,189,189,0,5.38671875,-5.38671875,-5.38671875,1,218,False
+,93,97,93,97,190,190,0,4.0625,-4.0625,-4.0625,1,208,False
+,93,98,93,98,191,191,0,4.01171875,-4.01171875,-4.01171875,1,184,False
+,93,99,93,99,192,192,1,4.0703125,-4.0703125,-4.0703125,1,184,False
+,94,10,94,10,104,104,0,4.9453125,-4.9453125,-4.9453125,1,126,False
+,94,11,94,11,105,105,0,5.890625,-5.890625,-5.890625,1,131,False
+,94,12,94,12,106,106,0,5.05078125,-5.05078125,-5.05078125,1,138,False
+,94,13,94,13,107,107,1,5.68359375,-5.68359375,-5.68359375,1,133,False
+,94,14,94,14,108,108,0,4.765625,-4.765625,-4.765625,1,132,False
+,94,15,94,15,109,109,1,4.58984375,-4.58984375,-4.58984375,1,123,False
+,94,16,94,16,110,110,1,4.7890625,-4.7890625,-4.7890625,1,132,False
+,94,17,94,17,111,111,8,4.97265625,-4.97265625,-4.97265625,1,131,False
+,94,18,94,18,112,112,0,4.37109375,-4.37109375,-4.37109375,1,130,False
+,94,19,94,19,113,113,0,4.5546875,-4.5546875,-4.5546875,1,121,False
+,94,20,94,20,114,114,1,4.734375,-4.734375,-4.734375,1,138,False
+,94,21,94,21,115,115,0,4.48828125,-4.48828125,-4.48828125,1,121,False
+,94,22,94,22,116,116,0,4.90625,-4.90625,-4.90625,1,132,False
+,94,23,94,23,117,117,0,3.6953125,-3.6953125,-3.6953125,1,121,False
+,94,24,94,24,118,118,0,3.388671875,-3.388671875,-3.388671875,1,122,False
+,94,25,94,25,119,119,0,4.359375,-4.359375,-4.359375,1,121,False
+,94,26,94,26,120,120,1,4.0390625,-4.0390625,-4.0390625,1,132,False
+,94,27,94,27,121,121,0,2.322265625,-2.322265625,-2.322265625,1,121,True
+,94,28,94,28,122,122,0,2.794921875,-2.794921875,-2.794921875,1,132,False
+,94,29,94,29,123,123,0,3.341796875,-3.341796875,-3.341796875,1,143,False
+,94,30,94,30,124,124,0,3.712890625,-3.712890625,-3.712890625,1,142,False
+,94,31,94,31,125,125,0,4.36328125,-4.36328125,-4.36328125,1,143,False
+,94,32,94,32,126,126,1,3.03515625,-3.03515625,-3.03515625,1,138,False
+,94,33,94,33,127,127,0,3.541015625,-3.541015625,-3.541015625,1,143,False
+,94,34,94,34,128,128,0,4.171875,-4.171875,-4.171875,1,138,False
+,94,35,94,35,129,129,0,4.1953125,-4.1953125,-4.1953125,1,143,False
+,94,36,94,36,130,130,1,3.552734375,-3.552734375,-3.552734375,1,142,False
+,94,37,94,37,131,131,0,3.845703125,-3.845703125,-3.845703125,1,147,False
+,94,38,94,38,132,132,1,3.3203125,-3.3203125,-3.3203125,1,138,False
+,94,39,94,39,133,133,0,3.044921875,-3.044921875,-3.044921875,1,143,False
+,94,40,94,40,134,134,0,3.66015625,-3.66015625,-3.66015625,1,142,False
+,94,41,94,41,135,135,0,3.88671875,-3.88671875,-3.88671875,1,147,False
+,94,42,94,42,136,136,0,3.6484375,-3.6484375,-3.6484375,1,142,False
+,94,43,94,43,137,137,0,3.26171875,-3.26171875,-3.26171875,1,147,False
+,94,44,94,44,138,138,0,3.44921875,-3.44921875,-3.44921875,1,138,True
+,94,45,94,45,139,139,0,3.4375,-3.4375,-3.4375,1,163,False
+,94,46,94,46,140,140,0,3.6328125,-3.6328125,-3.6328125,1,142,False
+,94,47,94,47,141,141,0,3.12890625,-3.12890625,-3.12890625,1,147,False
+,94,48,94,48,142,142,0,3.03515625,-3.03515625,-3.03515625,1,142,True
+,94,49,94,49,143,143,2,3.041015625,-3.041015625,-3.041015625,1,147,False
+,94,50,94,50,144,144,0,3.3359375,-3.3359375,-3.3359375,1,154,False
+,94,51,94,51,145,145,0,3.5859375,-3.5859375,-3.5859375,1,163,False
+,94,52,94,52,146,146,0,3.48046875,-3.48046875,-3.48046875,1,154,False
+,94,53,94,53,147,147,0,2.85546875,-2.85546875,-2.85546875,1,147,True
+,94,54,94,54,148,148,0,3.52734375,-3.52734375,-3.52734375,1,154,False
+,94,55,94,55,149,149,0,3.080078125,-3.080078125,-3.080078125,1,147,False
+,94,56,94,56,150,150,0,4.140625,-4.140625,-4.140625,1,154,False
+,94,57,94,57,151,151,0,3.501953125,-3.501953125,-3.501953125,1,157,False
+,94,58,94,58,152,152,0,3.666015625,-3.666015625,-3.666015625,1,154,False
+,94,59,94,59,153,153,0,3.220703125,-3.220703125,-3.220703125,1,147,False
+,94,60,94,60,154,154,0,2.6640625,-2.6640625,-2.6640625,1,154,True
+,94,61,94,61,155,155,0,3.95703125,-3.95703125,-3.95703125,1,147,False
+,94,62,94,62,156,156,0,3.583984375,-3.583984375,-3.583984375,1,152,False
+,94,63,94,63,157,157,0,3.42578125,-3.42578125,-3.42578125,1,147,False
+,94,64,94,64,158,158,0,4.42578125,-4.42578125,-4.42578125,1,142,False
+,94,65,94,65,159,159,0,3.935546875,-3.935546875,-3.935546875,1,147,False
+,94,66,94,66,160,160,1,4.4609375,-4.4609375,-4.4609375,1,148,False
+,94,67,94,67,161,161,0,3.31640625,-3.31640625,-3.31640625,1,157,False
+,94,68,94,68,162,162,0,4.32421875,-4.32421875,-4.32421875,1,163,False
+,94,69,94,69,163,163,0,3.421875,-3.421875,-3.421875,1,169,False
+,94,70,94,70,164,164,0,3.931640625,-3.931640625,-3.931640625,1,154,False
+,94,71,94,71,165,165,0,3.400390625,-3.400390625,-3.400390625,1,163,False
+,94,72,94,72,166,166,0,4.06640625,-4.06640625,-4.06640625,1,163,False
+,94,73,94,73,167,167,0,3.455078125,-3.455078125,-3.455078125,1,163,False
+,94,74,94,74,168,168,1,4.35546875,-4.35546875,-4.35546875,1,163,False
+,94,75,94,75,169,169,0,3.5703125,-3.5703125,-3.5703125,1,191,False
+,94,76,94,76,170,170,0,4.7890625,-4.7890625,-4.7890625,1,191,False
+,94,77,94,77,171,171,0,3.767578125,-3.767578125,-3.767578125,1,191,False
+,94,78,94,78,172,172,0,4.35546875,-4.35546875,-4.35546875,1,191,False
+,94,79,94,79,173,173,0,4.07421875,-4.07421875,-4.07421875,1,191,False
+,94,80,94,80,174,174,0,5.03515625,-5.03515625,-5.03515625,1,191,False
+,94,81,94,81,175,175,0,4.21875,-4.21875,-4.21875,1,191,False
+,94,82,94,82,176,176,0,5.7578125,-5.7578125,-5.7578125,1,191,False
+,94,83,94,83,177,177,0,4.359375,-4.359375,-4.359375,1,191,False
+,94,84,94,84,178,178,0,5.359375,-5.359375,-5.359375,1,191,False
+,94,85,94,85,179,179,0,5.02734375,-5.02734375,-5.02734375,1,223,False
+,94,86,94,86,180,180,0,6.53125,-6.53125,-6.53125,1,191,False
+,94,87,94,87,181,181,0,4.796875,-4.796875,-4.796875,1,223,False
+,94,88,94,88,182,182,1,4.69921875,-4.69921875,-4.69921875,1,191,False
+,94,89,94,89,183,183,0,4.30859375,-4.30859375,-4.30859375,1,223,False
+,94,90,94,90,184,184,0,4.7890625,-4.7890625,-4.7890625,1,223,False
+,94,91,94,91,185,185,0,3.216796875,-3.216796875,-3.216796875,1,191,False
+,94,92,94,92,186,186,0,5.14453125,-5.14453125,-5.14453125,1,223,False
+,94,93,94,93,187,187,0,4.0859375,-4.0859375,-4.0859375,1,193,False
+,94,94,94,94,188,188,0,4.421875,-4.421875,-4.421875,1,193,False
+,94,95,94,95,189,189,0,4.96875,-4.96875,-4.96875,1,193,False
+,94,96,94,96,190,190,0,5.7265625,-5.7265625,-5.7265625,1,237,False
+,94,97,94,97,191,191,0,3.970703125,-3.970703125,-3.970703125,1,192,False
+,94,98,94,98,192,192,0,3.833984375,-3.833984375,-3.833984375,1,193,False
+,94,99,94,99,193,193,1,3.708984375,-3.708984375,-3.708984375,1,193,True
+,95,10,95,10,105,105,7,3.759765625,-3.759765625,-3.759765625,1,125,False
+,95,11,95,11,106,106,0,4.69921875,-4.69921875,-4.69921875,1,126,False
+,95,12,95,12,107,107,0,5.234375,-5.234375,-5.234375,1,131,False
+,95,13,95,13,108,108,1,4.80078125,-4.80078125,-4.80078125,1,132,False
+,95,14,95,14,109,109,1,5.54296875,-5.54296875,-5.54296875,1,131,False
+,95,15,95,15,110,110,0,4.671875,-4.671875,-4.671875,1,122,False
+,95,16,95,16,111,111,1,4.95703125,-4.95703125,-4.95703125,1,131,False
+,95,17,95,17,112,112,0,5.1328125,-5.1328125,-5.1328125,1,132,False
+,95,18,95,18,113,113,0,5.1953125,-5.1953125,-5.1953125,1,131,False
+,95,19,95,19,114,114,0,4.609375,-4.609375,-4.609375,1,132,False
+,95,20,95,20,115,115,0,3.9375,-3.9375,-3.9375,1,135,False
+,95,21,95,21,116,116,0,4.51953125,-4.51953125,-4.51953125,1,132,False
+,95,22,95,22,117,117,0,4.921875,-4.921875,-4.921875,1,132,False
+,95,23,95,23,118,118,0,3.361328125,-3.361328125,-3.361328125,1,123,False
+,95,24,95,24,119,119,1,4.5234375,-4.5234375,-4.5234375,1,121,False
+,95,25,95,25,120,120,0,3.29296875,-3.29296875,-3.29296875,1,130,False
+,95,26,95,26,121,121,0,3.671875,-3.671875,-3.671875,1,136,False
+,95,27,95,27,122,122,0,2.859375,-2.859375,-2.859375,1,132,False
+,95,28,95,28,123,123,0,3.38671875,-3.38671875,-3.38671875,1,132,False
+,95,29,95,29,124,124,0,3.625,-3.625,-3.625,1,144,False
+,95,30,95,30,125,125,0,3.32421875,-3.32421875,-3.32421875,1,135,False
+,95,31,95,31,126,126,0,3.4296875,-3.4296875,-3.4296875,1,136,False
+,95,32,95,32,127,127,0,3.65625,-3.65625,-3.65625,1,132,False
+,95,33,95,33,128,128,0,3.5390625,-3.5390625,-3.5390625,1,142,False
+,95,34,95,34,129,129,0,4.28515625,-4.28515625,-4.28515625,1,144,False
+,95,35,95,35,130,130,1,3.88671875,-3.88671875,-3.88671875,1,142,False
+,95,36,95,36,131,131,0,3.955078125,-3.955078125,-3.955078125,1,142,False
+,95,37,95,37,132,132,0,3.439453125,-3.439453125,-3.439453125,1,142,False
+,95,38,95,38,133,133,0,3.7265625,-3.7265625,-3.7265625,1,142,False
+,95,39,95,39,134,134,0,3.392578125,-3.392578125,-3.392578125,1,142,False
+,95,40,95,40,135,135,0,3.365234375,-3.365234375,-3.365234375,1,155,False
+,95,41,95,41,136,136,0,3.287109375,-3.287109375,-3.287109375,1,144,False
+,95,42,95,42,137,137,0,3.697265625,-3.697265625,-3.697265625,1,142,False
+,95,43,95,43,138,138,0,3.189453125,-3.189453125,-3.189453125,1,142,False
+,95,44,95,44,139,139,0,3.7734375,-3.7734375,-3.7734375,1,144,False
+,95,45,95,45,140,140,0,3.486328125,-3.486328125,-3.486328125,1,142,False
+,95,46,95,46,141,141,0,3.46484375,-3.46484375,-3.46484375,1,146,False
+,95,47,95,47,142,142,0,2.87109375,-2.87109375,-2.87109375,1,142,True
+,95,48,95,48,143,143,0,3.40625,-3.40625,-3.40625,1,148,False
+,95,49,95,49,144,144,0,2.98828125,-2.98828125,-2.98828125,1,144,True
+,95,50,95,50,145,145,0,2.974609375,-2.974609375,-2.974609375,1,165,False
+,95,51,95,51,146,146,0,3.369140625,-3.369140625,-3.369140625,1,152,False
+,95,52,95,52,147,147,0,3.33203125,-3.33203125,-3.33203125,1,152,False
+,95,53,95,53,148,148,0,3.19140625,-3.19140625,-3.19140625,1,152,False
+,95,54,95,54,149,149,1,3.619140625,-3.619140625,-3.619140625,1,154,False
+,95,55,95,55,150,150,0,3.81640625,-3.81640625,-3.81640625,1,152,False
+,95,56,95,56,151,151,0,3.880859375,-3.880859375,-3.880859375,1,144,False
+,95,57,95,57,152,152,0,3.00390625,-3.00390625,-3.00390625,1,152,True
+,95,58,95,58,153,153,0,3.6796875,-3.6796875,-3.6796875,1,148,False
+,95,59,95,59,154,154,1,2.982421875,-2.982421875,-2.982421875,1,154,True
+,95,60,95,60,155,155,1,2.962890625,-2.962890625,-2.962890625,1,155,True
+,95,61,95,61,156,156,0,3.87890625,-3.87890625,-3.87890625,1,144,False
+,95,62,95,62,157,157,0,3.990234375,-3.990234375,-3.990234375,1,152,False
+,95,63,95,63,158,158,0,3.716796875,-3.716796875,-3.716796875,1,152,False
+,95,64,95,64,159,159,0,4.59375,-4.59375,-4.59375,1,143,False
+,95,65,95,65,160,160,1,4.171875,-4.171875,-4.171875,1,142,False
+,95,66,95,66,161,161,2,4.01171875,-4.01171875,-4.01171875,1,143,False
+,95,67,95,67,162,162,0,3.447265625,-3.447265625,-3.447265625,1,152,False
+,95,68,95,68,163,163,0,3.828125,-3.828125,-3.828125,1,168,False
+,95,69,95,69,164,164,0,3.552734375,-3.552734375,-3.552734375,1,154,False
+,95,70,95,70,165,165,0,3.07421875,-3.07421875,-3.07421875,1,155,False
+,95,71,95,71,166,166,0,3.322265625,-3.322265625,-3.322265625,1,154,False
+,95,72,95,72,167,167,0,4.22265625,-4.22265625,-4.22265625,1,152,False
+,95,73,95,73,168,168,0,3.35546875,-3.35546875,-3.35546875,1,152,False
+,95,74,95,74,169,169,0,4.09765625,-4.09765625,-4.09765625,1,166,False
+,95,75,95,75,170,170,1,3.896484375,-3.896484375,-3.896484375,1,166,False
+,95,76,95,76,171,171,0,4.171875,-4.171875,-4.171875,1,172,False
+,95,77,95,77,172,172,0,3.115234375,-3.115234375,-3.115234375,1,172,True
+,95,78,95,78,173,173,0,4.43359375,-4.43359375,-4.43359375,1,172,False
+,95,79,95,79,174,174,0,3.47265625,-3.47265625,-3.47265625,1,172,False
+,95,80,95,80,175,175,0,4.38671875,-4.38671875,-4.38671875,1,191,False
+,95,81,95,81,176,176,0,3.486328125,-3.486328125,-3.486328125,1,172,False
+,95,82,95,82,177,177,0,4.57421875,-4.57421875,-4.57421875,1,172,False
+,95,83,95,83,178,178,0,3.84765625,-3.84765625,-3.84765625,1,172,False
+,95,84,95,84,179,179,0,4.44140625,-4.44140625,-4.44140625,1,191,False
+,95,85,95,85,180,180,0,4.48046875,-4.48046875,-4.48046875,1,192,False
+,95,86,95,86,181,181,0,5.0390625,-5.0390625,-5.0390625,1,218,False
+,95,87,95,87,182,182,0,3.94140625,-3.94140625,-3.94140625,1,192,False
+,95,88,95,88,183,183,0,3.810546875,-3.810546875,-3.810546875,1,191,False
+,95,89,95,89,184,184,0,3.708984375,-3.708984375,-3.708984375,1,192,False
+,95,90,95,90,185,185,1,3.677734375,-3.677734375,-3.677734375,1,191,False
+,95,91,95,91,186,186,0,4.05078125,-4.05078125,-4.05078125,1,192,False
+,95,92,95,92,187,187,0,4.78125,-4.78125,-4.78125,1,191,False
+,95,93,95,93,188,188,0,4.1953125,-4.1953125,-4.1953125,1,192,False
+,95,94,95,94,189,189,0,4.65234375,-4.65234375,-4.65234375,1,191,False
+,95,95,95,95,190,190,0,2.068359375,-2.068359375,-2.068359375,1,190,True
+,95,96,95,96,191,191,0,3.65234375,-3.65234375,-3.65234375,1,238,False
+,95,97,95,97,192,192,0,3.447265625,-3.447265625,-3.447265625,1,238,False
+,95,98,95,98,193,193,0,3.66015625,-3.66015625,-3.66015625,1,191,False
+,95,99,95,99,194,194,0,4.25390625,-4.25390625,-4.25390625,1,238,False
+,96,10,96,10,106,106,3,2.880859375,-2.880859375,-2.880859375,1,122,False
+,96,11,96,11,107,107,0,5.58203125,-5.58203125,-5.58203125,1,131,False
+,96,12,96,12,108,108,1,4.21484375,-4.21484375,-4.21484375,1,132,False
+,96,13,96,13,109,109,2,4.984375,-4.984375,-4.984375,1,131,False
+,96,14,96,14,110,110,0,3.8828125,-3.8828125,-3.8828125,1,122,False
+,96,15,96,15,111,111,1,2.935546875,-2.935546875,-2.935546875,1,123,False
+,96,16,96,16,112,112,2,3.615234375,-3.615234375,-3.615234375,1,136,False
+,96,17,96,17,113,113,0,4.5703125,-4.5703125,-4.5703125,1,131,False
+,96,18,96,18,114,114,3,3.384765625,-3.384765625,-3.384765625,1,126,False
+,96,19,96,19,115,115,2,4.11328125,-4.11328125,-4.11328125,1,131,False
+,96,20,96,20,116,116,0,3.96875,-3.96875,-3.96875,1,136,False
+,96,21,96,21,117,117,3,3.62890625,-3.62890625,-3.62890625,1,121,False
+,96,22,96,22,118,118,1,3.47265625,-3.47265625,-3.47265625,1,122,False
+,96,23,96,23,119,119,2,3.59375,-3.59375,-3.59375,1,121,False
+,96,24,96,24,120,120,11,2.8125,-2.8125,-2.8125,1,124,False
+,96,25,96,25,121,121,0,1.939453125,-1.939453125,-1.939453125,1,121,True
+,96,26,96,26,122,122,1,2.646484375,-2.646484375,-2.646484375,1,130,False
+,96,27,96,27,123,123,0,1.9462890625,-1.9462890625,-1.9462890625,1,123,True
+,96,28,96,28,124,124,1,2.439453125,-2.439453125,-2.439453125,1,140,False
+,96,29,96,29,125,125,0,3.859375,-3.859375,-3.859375,1,143,False
+,96,30,96,30,126,126,0,2.16015625,-2.16015625,-2.16015625,1,138,False
+,96,31,96,31,127,127,3,3.001953125,-3.001953125,-3.001953125,1,131,False
+,96,32,96,32,128,128,1,2.53125,-2.53125,-2.53125,1,136,False
+,96,33,96,33,129,129,1,3.5234375,-3.5234375,-3.5234375,1,143,False
+,96,34,96,34,130,130,0,3.333984375,-3.333984375,-3.333984375,1,142,False
+,96,35,96,35,131,131,0,2.904296875,-2.904296875,-2.904296875,1,143,False
+,96,36,96,36,132,132,1,3.05078125,-3.05078125,-3.05078125,1,144,False
+,96,37,96,37,133,133,0,3.326171875,-3.326171875,-3.326171875,1,137,False
+,96,38,96,38,134,134,0,3.24609375,-3.24609375,-3.24609375,1,142,False
+,96,39,96,39,135,135,0,3.375,-3.375,-3.375,1,147,False
+,96,40,96,40,136,136,1,2.541015625,-2.541015625,-2.541015625,1,148,False
+,96,41,96,41,137,137,0,2.896484375,-2.896484375,-2.896484375,1,137,True
+,96,42,96,42,138,138,0,2.880859375,-2.880859375,-2.880859375,1,142,False
+,96,43,96,43,139,139,0,3.05078125,-3.05078125,-3.05078125,1,143,False
+,96,44,96,44,140,140,0,2.958984375,-2.958984375,-2.958984375,1,148,False
+,96,45,96,45,141,141,0,2.642578125,-2.642578125,-2.642578125,1,141,True
+,96,46,96,46,142,142,0,2.6640625,-2.6640625,-2.6640625,1,146,False
+,96,47,96,47,143,143,1,2.734375,-2.734375,-2.734375,1,143,True
+,96,48,96,48,144,144,3,2.4921875,-2.4921875,-2.4921875,1,144,True
+,96,49,96,49,145,145,0,3.205078125,-3.205078125,-3.205078125,1,149,False
+,96,50,96,50,146,146,0,2.7734375,-2.7734375,-2.7734375,1,166,False
+,96,51,96,51,147,147,0,3.052734375,-3.052734375,-3.052734375,1,153,False
+,96,52,96,52,148,148,0,2.888671875,-2.888671875,-2.888671875,1,148,True
+,96,53,96,53,149,149,1,3.15234375,-3.15234375,-3.15234375,1,149,True
+,96,54,96,54,150,150,1,3.859375,-3.859375,-3.859375,1,144,False
+,96,55,96,55,151,151,0,3.08984375,-3.08984375,-3.08984375,1,143,False
+,96,56,96,56,152,152,0,3.244140625,-3.244140625,-3.244140625,1,148,False
+,96,57,96,57,153,153,1,3.4296875,-3.4296875,-3.4296875,1,157,False
+,96,58,96,58,154,154,0,3.353515625,-3.353515625,-3.353515625,1,148,False
+,96,59,96,59,155,155,0,3.3671875,-3.3671875,-3.3671875,1,149,False
+,96,60,96,60,156,156,0,2.541015625,-2.541015625,-2.541015625,1,144,False
+,96,61,96,61,157,157,0,4.14453125,-4.14453125,-4.14453125,1,121,False
+,96,62,96,62,158,158,1,3.46875,-3.46875,-3.46875,1,154,False
+,96,63,96,63,159,159,0,4.05859375,-4.05859375,-4.05859375,1,147,False
+,96,64,96,64,160,160,0,3.2890625,-3.2890625,-3.2890625,1,144,False
+,96,65,96,65,161,161,0,3.25,-3.25,-3.25,1,137,False
+,96,66,96,66,162,162,0,3.8984375,-3.8984375,-3.8984375,1,166,False
+,96,67,96,67,163,163,0,3.2578125,-3.2578125,-3.2578125,1,157,False
+,96,68,96,68,164,164,0,4.03125,-4.03125,-4.03125,1,148,False
+,96,69,96,69,165,165,1,3.525390625,-3.525390625,-3.525390625,1,165,True
+,96,70,96,70,166,166,0,2.91015625,-2.91015625,-2.91015625,1,166,True
+,96,71,96,71,167,167,0,3.7578125,-3.7578125,-3.7578125,1,161,False
+,96,72,96,72,168,168,1,3.548828125,-3.548828125,-3.548828125,1,168,True
+,96,73,96,73,169,169,0,3.392578125,-3.392578125,-3.392578125,1,163,False
+,96,74,96,74,170,170,0,4.08203125,-4.08203125,-4.08203125,1,163,False
+,96,75,96,75,171,171,0,3.298828125,-3.298828125,-3.298828125,1,165,False
+,96,76,96,76,172,172,0,4.1328125,-4.1328125,-4.1328125,1,191,False
+,96,77,96,77,173,173,0,3.83984375,-3.83984375,-3.83984375,1,191,False
+,96,78,96,78,174,174,0,4.0078125,-4.0078125,-4.0078125,1,186,False
+,96,79,96,79,175,175,0,4.47265625,-4.47265625,-4.47265625,1,191,False
+,96,80,96,80,176,176,0,3.765625,-3.765625,-3.765625,1,208,False
+,96,81,96,81,177,177,0,3.802734375,-3.802734375,-3.802734375,1,165,False
+,96,82,96,82,178,178,0,5.19921875,-5.19921875,-5.19921875,1,185,False
+,96,83,96,83,179,179,1,4.16796875,-4.16796875,-4.16796875,1,191,False
+,96,84,96,84,180,180,1,4.71875,-4.71875,-4.71875,1,192,False
+,96,85,96,85,181,181,0,4.28515625,-4.28515625,-4.28515625,1,217,False
+,96,86,96,86,182,182,0,5.35546875,-5.35546875,-5.35546875,1,217,False
+,96,87,96,87,183,183,0,4.796875,-4.796875,-4.796875,1,217,False
+,96,88,96,88,184,184,0,3.5,-3.5,-3.5,1,208,False
+,96,89,96,89,185,185,0,3.77734375,-3.77734375,-3.77734375,1,193,False
+,96,90,96,90,186,186,0,3.87109375,-3.87109375,-3.87109375,1,231,False
+,96,91,96,91,187,187,0,4.27734375,-4.27734375,-4.27734375,1,191,False
+,96,92,96,92,188,188,0,5.3046875,-5.3046875,-5.3046875,1,232,False
+,96,93,96,93,189,189,0,5.41796875,-5.41796875,-5.41796875,1,193,False
+,96,94,96,94,190,190,1,5.1328125,-5.1328125,-5.1328125,1,221,False
+,96,95,96,95,191,191,0,3.345703125,-3.345703125,-3.345703125,1,238,False
+,96,96,96,96,192,192,1,2.751953125,-2.751953125,-2.751953125,1,240,False
+,96,97,96,97,193,193,0,4.48046875,-4.48046875,-4.48046875,1,242,False
+,96,98,96,98,194,194,0,5.4296875,-5.4296875,-5.4296875,1,238,False
+,96,99,96,99,195,195,0,5.73828125,-5.73828125,-5.73828125,1,220,False
+,97,10,97,10,107,107,1,5.23046875,-5.23046875,-5.23046875,1,121,False
+,97,11,97,11,108,108,0,5.109375,-5.109375,-5.109375,1,122,False
+,97,12,97,12,109,109,0,5.31640625,-5.31640625,-5.31640625,1,121,False
+,97,13,97,13,110,110,0,5.328125,-5.328125,-5.328125,1,122,False
+,97,14,97,14,111,111,2,4.9453125,-4.9453125,-4.9453125,1,121,False
+,97,15,97,15,112,112,0,4.2734375,-4.2734375,-4.2734375,1,122,False
+,97,16,97,16,113,113,1,5.08984375,-5.08984375,-5.08984375,1,121,False
+,97,17,97,17,114,114,1,4.55859375,-4.55859375,-4.55859375,1,122,False
+,97,18,97,18,115,115,0,4.5078125,-4.5078125,-4.5078125,1,121,False
+,97,19,97,19,116,116,0,4.44140625,-4.44140625,-4.44140625,1,122,False
+,97,20,97,20,117,117,0,4.49609375,-4.49609375,-4.49609375,1,122,False
+,97,21,97,21,118,118,0,3.470703125,-3.470703125,-3.470703125,1,122,False
+,97,22,97,22,119,119,1,4.69140625,-4.69140625,-4.69140625,1,123,False
+,97,23,97,23,120,120,0,2.955078125,-2.955078125,-2.955078125,1,121,False
+,97,24,97,24,121,121,0,2.013671875,-2.013671875,-2.013671875,1,121,True
+,97,25,97,25,122,122,1,2.470703125,-2.470703125,-2.470703125,1,122,True
+,97,26,97,26,123,123,0,3.80859375,-3.80859375,-3.80859375,1,135,False
+,97,27,97,27,124,124,0,2.8984375,-2.8984375,-2.8984375,1,122,False
+,97,28,97,28,125,125,0,3.654296875,-3.654296875,-3.654296875,1,121,False
+,97,29,97,29,126,126,0,3.126953125,-3.126953125,-3.126953125,1,122,False
+,97,30,97,30,127,127,0,4.19921875,-4.19921875,-4.19921875,1,136,False
+,97,31,97,31,128,128,0,3.392578125,-3.392578125,-3.392578125,1,136,False
+,97,32,97,32,129,129,0,3.236328125,-3.236328125,-3.236328125,1,135,False
+,97,33,97,33,130,130,0,3.365234375,-3.365234375,-3.365234375,1,136,False
+,97,34,97,34,131,131,0,3.869140625,-3.869140625,-3.869140625,1,144,False
+,97,35,97,35,132,132,0,3.279296875,-3.279296875,-3.279296875,1,142,False
+,97,36,97,36,133,133,0,3.78125,-3.78125,-3.78125,1,142,False
+,97,37,97,37,134,134,0,3.537109375,-3.537109375,-3.537109375,1,144,False
+,97,38,97,38,135,135,0,3.779296875,-3.779296875,-3.779296875,1,144,False
+,97,39,97,39,136,136,0,3.107421875,-3.107421875,-3.107421875,1,136,True
+,97,40,97,40,137,137,0,3.8125,-3.8125,-3.8125,1,144,False
+,97,41,97,41,138,138,0,3.33203125,-3.33203125,-3.33203125,1,144,False
+,97,42,97,42,139,139,0,3.837890625,-3.837890625,-3.837890625,1,144,False
+,97,43,97,43,140,140,0,3.287109375,-3.287109375,-3.287109375,1,144,False
+,97,44,97,44,141,141,0,3.599609375,-3.599609375,-3.599609375,1,144,False
+,97,45,97,45,142,142,0,3.0546875,-3.0546875,-3.0546875,1,142,True
+,97,46,97,46,143,143,0,3.640625,-3.640625,-3.640625,1,144,False
+,97,47,97,47,144,144,0,2.966796875,-2.966796875,-2.966796875,1,144,True
+,97,48,97,48,145,145,3,4.015625,-4.015625,-4.015625,1,144,False
+,97,49,97,49,146,146,0,3.38671875,-3.38671875,-3.38671875,1,144,False
+,97,50,97,50,147,147,0,3.66015625,-3.66015625,-3.66015625,1,148,False
+,97,51,97,51,148,148,0,3.12890625,-3.12890625,-3.12890625,1,144,False
+,97,52,97,52,149,149,0,3.9296875,-3.9296875,-3.9296875,1,144,False
+,97,53,97,53,150,150,0,3.9296875,-3.9296875,-3.9296875,1,144,False
+,97,54,97,54,151,151,0,4.140625,-4.140625,-4.140625,1,154,False
+,97,55,97,55,152,152,0,3.107421875,-3.107421875,-3.107421875,1,148,False
+,97,56,97,56,153,153,0,3.998046875,-3.998046875,-3.998046875,1,144,False
+,97,57,97,57,154,154,0,3.203125,-3.203125,-3.203125,1,144,False
+,97,58,97,58,155,155,0,3.8984375,-3.8984375,-3.8984375,1,144,False
+,97,59,97,59,156,156,0,3.505859375,-3.505859375,-3.505859375,1,144,False
+,97,60,97,60,157,157,0,4.0859375,-4.0859375,-4.0859375,1,148,False
+,97,61,97,61,158,158,0,5.0625,-5.0625,-5.0625,1,121,False
+,97,62,97,62,159,159,1,4.35546875,-4.35546875,-4.35546875,1,144,False
+,97,63,97,63,160,160,1,3.689453125,-3.689453125,-3.689453125,1,144,False
+,97,64,97,64,161,161,0,4.93359375,-4.93359375,-4.93359375,1,144,False
+,97,65,97,65,162,162,1,4.29296875,-4.29296875,-4.29296875,1,144,False
+,97,66,97,66,163,163,0,4.2421875,-4.2421875,-4.2421875,1,166,False
+,97,67,97,67,164,164,0,3.650390625,-3.650390625,-3.650390625,1,168,False
+,97,68,97,68,165,165,0,3.548828125,-3.548828125,-3.548828125,1,168,False
+,97,69,97,69,166,166,0,3.369140625,-3.369140625,-3.369140625,1,168,False
+,97,70,97,70,167,167,0,4.203125,-4.203125,-4.203125,1,148,False
+,97,71,97,71,168,168,0,3.046875,-3.046875,-3.046875,1,168,True
+,97,72,97,72,169,169,0,4.07421875,-4.07421875,-4.07421875,1,166,False
+,97,73,97,73,170,170,0,3.748046875,-3.748046875,-3.748046875,1,168,False
+,97,74,97,74,171,171,2,4.34375,-4.34375,-4.34375,1,168,False
+,97,75,97,75,172,172,0,3.185546875,-3.185546875,-3.185546875,1,166,False
+,97,76,97,76,173,173,0,4.28125,-4.28125,-4.28125,1,168,False
+,97,77,97,77,174,174,0,3.330078125,-3.330078125,-3.330078125,1,168,False
+,97,78,97,78,175,175,0,4.52734375,-4.52734375,-4.52734375,1,182,False
+,97,79,97,79,176,176,1,3.775390625,-3.775390625,-3.775390625,1,192,False
+,97,80,97,80,177,177,0,4.3203125,-4.3203125,-4.3203125,1,168,False
+,97,81,97,81,178,178,0,4.015625,-4.015625,-4.015625,1,166,False
+,97,82,97,82,179,179,0,4.8359375,-4.8359375,-4.8359375,1,168,False
+,97,83,97,83,180,180,0,3.74609375,-3.74609375,-3.74609375,1,168,False
+,97,84,97,84,181,181,0,4.1796875,-4.1796875,-4.1796875,1,172,False
+,97,85,97,85,182,182,0,3.935546875,-3.935546875,-3.935546875,1,172,False
+,97,86,97,86,183,183,0,4.67578125,-4.67578125,-4.67578125,1,186,False
+,97,87,97,87,184,184,0,3.423828125,-3.423828125,-3.423828125,1,184,True
+,97,88,97,88,185,185,0,3.6953125,-3.6953125,-3.6953125,1,185,True
+,97,89,97,89,186,186,0,3.794921875,-3.794921875,-3.794921875,1,184,False
+,97,90,97,90,187,187,0,4.45703125,-4.45703125,-4.45703125,1,218,False
+,97,91,97,91,188,188,0,4.0390625,-4.0390625,-4.0390625,1,184,False
+,97,92,97,92,189,189,0,4.984375,-4.984375,-4.984375,1,184,False
+,97,93,97,93,190,190,0,4.03515625,-4.03515625,-4.03515625,1,184,False
+,97,94,97,94,191,191,1,4.00390625,-4.00390625,-4.00390625,1,200,False
+,97,95,97,95,192,192,0,3.26171875,-3.26171875,-3.26171875,1,192,True
+,97,96,97,96,193,193,1,4.40234375,-4.40234375,-4.40234375,1,238,False
+,97,97,97,97,194,194,0,3.53125,-3.53125,-3.53125,1,98,False
+,97,98,97,98,195,195,1,4.23828125,-4.23828125,-4.23828125,1,199,False
+,97,99,97,99,196,196,0,4.6640625,-4.6640625,-4.6640625,1,242,False
+,98,10,98,10,108,108,0,5.0625,-5.0625,-5.0625,1,122,False
+,98,11,98,11,109,109,0,8.125,-8.125,-8.125,1,122,False
+,98,12,98,12,110,110,0,6.66796875,-6.66796875,-6.66796875,1,122,False
+,98,13,98,13,111,111,0,6.51171875,-6.51171875,-6.51171875,1,135,False
+,98,14,98,14,112,112,0,6.46484375,-6.46484375,-6.46484375,1,121,False
+,98,15,98,15,113,113,0,5.5546875,-5.5546875,-5.5546875,1,122,False
+,98,16,98,16,114,114,0,6.171875,-6.171875,-6.171875,1,121,False
+,98,17,98,17,115,115,0,5.62890625,-5.62890625,-5.62890625,1,121,False
+,98,18,98,18,116,116,0,5.8828125,-5.8828125,-5.8828125,1,121,False
+,98,19,98,19,117,117,0,5.63671875,-5.63671875,-5.63671875,1,121,False
+,98,20,98,20,118,118,0,4.56640625,-4.56640625,-4.56640625,1,122,False
+,98,21,98,21,119,119,0,4.80859375,-4.80859375,-4.80859375,1,122,False
+,98,22,98,22,120,120,0,4.140625,-4.140625,-4.140625,1,123,False
+,98,23,98,23,121,121,0,0.36474609375,-0.36474609375,-0.36474609375,1,121,True
+,98,24,98,24,122,122,0,2.205078125,-2.205078125,-2.205078125,1,124,False
+,98,25,98,25,123,123,0,3.048828125,-3.048828125,-3.048828125,1,128,False
+,98,26,98,26,124,124,0,3.623046875,-3.623046875,-3.623046875,1,135,False
+,98,27,98,27,125,125,0,4.1171875,-4.1171875,-4.1171875,1,121,False
+,98,28,98,28,126,126,0,4.05859375,-4.05859375,-4.05859375,1,143,False
+,98,29,98,29,127,127,0,4.7734375,-4.7734375,-4.7734375,1,144,False
+,98,30,98,30,128,128,0,3.63671875,-3.63671875,-3.63671875,1,143,False
+,98,31,98,31,129,129,0,4.50390625,-4.50390625,-4.50390625,1,144,False
+,98,32,98,32,130,130,0,4.3046875,-4.3046875,-4.3046875,1,143,False
+,98,33,98,33,131,131,1,4.2578125,-4.2578125,-4.2578125,1,136,False
+,98,34,98,34,132,132,0,4.53125,-4.53125,-4.53125,1,143,False
+,98,35,98,35,133,133,0,3.5,-3.5,-3.5,1,143,False
+,98,36,98,36,134,134,0,4.859375,-4.859375,-4.859375,1,143,False
+,98,37,98,37,135,135,0,3.927734375,-3.927734375,-3.927734375,1,144,False
+,98,38,98,38,136,136,1,4.0390625,-4.0390625,-4.0390625,1,143,False
+,98,39,98,39,137,137,0,3.96484375,-3.96484375,-3.96484375,1,148,False
+,98,40,98,40,138,138,0,4.09765625,-4.09765625,-4.09765625,1,143,False
+,98,41,98,41,139,139,0,3.7265625,-3.7265625,-3.7265625,1,144,False
+,98,42,98,42,140,140,0,3.921875,-3.921875,-3.921875,1,143,False
+,98,43,98,43,141,141,0,3.755859375,-3.755859375,-3.755859375,1,144,False
+,98,44,98,44,142,142,0,4.26953125,-4.26953125,-4.26953125,1,143,False
+,98,45,98,45,143,143,0,3.263671875,-3.263671875,-3.263671875,1,148,False
+,98,46,98,46,144,144,0,2.990234375,-2.990234375,-2.990234375,1,143,False
+,98,47,98,47,145,145,0,4.2421875,-4.2421875,-4.2421875,1,144,False
+,98,48,98,48,146,146,1,4.140625,-4.140625,-4.140625,1,143,False
+,98,49,98,49,147,147,0,3.6015625,-3.6015625,-3.6015625,1,144,False
+,98,50,98,50,148,148,0,2.95703125,-2.95703125,-2.95703125,1,143,False
+,98,51,98,51,149,149,0,3.982421875,-3.982421875,-3.982421875,1,148,False
+,98,52,98,52,150,150,0,4.65234375,-4.65234375,-4.65234375,1,143,False
+,98,53,98,53,151,151,0,4.453125,-4.453125,-4.453125,1,144,False
+,98,54,98,54,152,152,1,4.21484375,-4.21484375,-4.21484375,1,143,False
+,98,55,98,55,153,153,0,3.6015625,-3.6015625,-3.6015625,1,148,False
+,98,56,98,56,154,154,0,3.96484375,-3.96484375,-3.96484375,1,143,False
+,98,57,98,57,155,155,0,3.796875,-3.796875,-3.796875,1,144,False
+,98,58,98,58,156,156,0,3.9921875,-3.9921875,-3.9921875,1,143,False
+,98,59,98,59,157,157,0,4.578125,-4.578125,-4.578125,1,144,False
+,98,60,98,60,158,158,0,4.21484375,-4.21484375,-4.21484375,1,148,False
+,98,61,98,61,159,159,0,5.99609375,-5.99609375,-5.99609375,1,144,False
+,98,62,98,62,160,160,0,4.51171875,-4.51171875,-4.51171875,1,143,False
+,98,63,98,63,161,161,0,4.07421875,-4.07421875,-4.07421875,1,148,False
+,98,64,98,64,162,162,0,6.3046875,-6.3046875,-6.3046875,1,144,False
+,98,65,98,65,163,163,0,4.75,-4.75,-4.75,1,144,False
+,98,66,98,66,164,164,0,4.69921875,-4.69921875,-4.69921875,1,143,False
+,98,67,98,67,165,165,0,3.6953125,-3.6953125,-3.6953125,1,144,False
+,98,68,98,68,166,166,0,4.24609375,-4.24609375,-4.24609375,1,143,False
+,98,69,98,69,167,167,0,4.07421875,-4.07421875,-4.07421875,1,168,False
+,98,70,98,70,168,168,0,3.5390625,-3.5390625,-3.5390625,1,147,False
+,98,71,98,71,169,169,0,4.96875,-4.96875,-4.96875,1,144,False
+,98,72,98,72,170,170,0,5.046875,-5.046875,-5.046875,1,143,False
+,98,73,98,73,171,171,0,5.25,-5.25,-5.25,1,148,False
+,98,74,98,74,172,172,0,5.34765625,-5.34765625,-5.34765625,1,143,False
+,98,75,98,75,173,173,0,4.5625,-4.5625,-4.5625,1,148,False
+,98,76,98,76,174,174,0,4.9375,-4.9375,-4.9375,1,165,False
+,98,77,98,77,175,175,0,4.59765625,-4.59765625,-4.59765625,1,168,False
+,98,78,98,78,176,176,0,4.23046875,-4.23046875,-4.23046875,1,165,False
+,98,79,98,79,177,177,0,4.46875,-4.46875,-4.46875,1,168,False
+,98,80,98,80,178,178,0,4.89453125,-4.89453125,-4.89453125,1,163,False
+,98,81,98,81,179,179,1,5.00390625,-5.00390625,-5.00390625,1,168,False
+,98,82,98,82,180,180,0,4.85546875,-4.85546875,-4.85546875,1,165,False
+,98,83,98,83,181,181,0,4.4609375,-4.4609375,-4.4609375,1,168,False
+,98,84,98,84,182,182,0,4.75390625,-4.75390625,-4.75390625,1,173,False
+,98,85,98,85,183,183,0,4.46875,-4.46875,-4.46875,1,168,False
+,98,86,98,86,184,184,0,4.50390625,-4.50390625,-4.50390625,1,173,False
+,98,87,98,87,185,185,0,4.11328125,-4.11328125,-4.11328125,1,168,False
+,98,88,98,88,186,186,0,5.3515625,-5.3515625,-5.3515625,1,193,False
+,98,89,98,89,187,187,2,4.6640625,-4.6640625,-4.6640625,1,184,False
+,98,90,98,90,188,188,0,5.19921875,-5.19921875,-5.19921875,1,193,False
+,98,91,98,91,189,189,0,5.75,-5.75,-5.75,1,144,False
+,98,92,98,92,190,190,0,5.046875,-5.046875,-5.046875,1,193,False
+,98,93,98,93,191,191,0,4.55078125,-4.55078125,-4.55078125,1,184,False
+,98,94,98,94,192,192,0,4.14453125,-4.14453125,-4.14453125,1,193,False
+,98,95,98,95,193,193,0,4.3984375,-4.3984375,-4.3984375,1,192,False
+,98,96,98,96,194,194,0,5.875,-5.875,-5.875,1,237,False
+,98,97,98,97,195,195,1,6.265625,-6.265625,-6.265625,1,238,False
+,98,98,98,98,196,196,3,5.74609375,-5.74609375,-5.74609375,1,238,False
+,98,99,98,99,197,197,1,6.32421875,-6.32421875,-6.32421875,1,121,False
+,99,10,99,10,109,109,1,5.19140625,-5.19140625,-5.19140625,1,121,False
+,99,11,99,11,110,110,1,7.265625,-7.265625,-7.265625,1,122,False
+,99,12,99,12,111,111,0,6.71484375,-6.71484375,-6.71484375,1,131,False
+,99,13,99,13,112,112,0,6.40234375,-6.40234375,-6.40234375,1,136,False
+,99,14,99,14,113,113,0,6.078125,-6.078125,-6.078125,1,143,False
+,99,15,99,15,114,114,0,4.74609375,-4.74609375,-4.74609375,1,126,False
+,99,16,99,16,115,115,0,5.26171875,-5.26171875,-5.26171875,1,124,False
+,99,17,99,17,116,116,0,4.54296875,-4.54296875,-4.54296875,1,122,False
+,99,18,99,18,117,117,2,5.4375,-5.4375,-5.4375,1,122,False
+,99,19,99,19,118,118,6,4.3125,-4.3125,-4.3125,1,122,False
+,99,20,99,20,119,119,1,4.74609375,-4.74609375,-4.74609375,1,122,False
+,99,21,99,21,120,120,0,3.869140625,-3.869140625,-3.869140625,1,122,False
+,99,22,99,22,121,121,0,2.74609375,-2.74609375,-2.74609375,1,122,False
+,99,23,99,23,122,122,0,1.9501953125,-1.9501953125,-1.9501953125,1,122,True
+,99,24,99,24,123,123,0,2.947265625,-2.947265625,-2.947265625,1,124,False
+,99,25,99,25,124,124,1,2.759765625,-2.759765625,-2.759765625,1,128,False
+,99,26,99,26,125,125,0,3.7421875,-3.7421875,-3.7421875,1,136,False
+,99,27,99,27,126,126,0,2.876953125,-2.876953125,-2.876953125,1,126,True
+,99,28,99,28,127,127,0,3.69140625,-3.69140625,-3.69140625,1,136,False
+,99,29,99,29,128,128,0,3.025390625,-3.025390625,-3.025390625,1,132,False
+,99,30,99,30,129,129,0,3.392578125,-3.392578125,-3.392578125,1,132,False
+,99,31,99,31,130,130,0,3.494140625,-3.494140625,-3.494140625,1,142,False
+,99,32,99,32,131,131,1,3.595703125,-3.595703125,-3.595703125,1,132,False
+,99,33,99,33,132,132,0,2.98828125,-2.98828125,-2.98828125,1,136,False
+,99,34,99,34,133,133,0,3.736328125,-3.736328125,-3.736328125,1,136,False
+,99,35,99,35,134,134,0,3.296875,-3.296875,-3.296875,1,142,False
+,99,36,99,36,135,135,0,3.6015625,-3.6015625,-3.6015625,1,144,False
+,99,37,99,37,136,136,0,2.724609375,-2.724609375,-2.724609375,1,136,True
+,99,38,99,38,137,137,0,3.630859375,-3.630859375,-3.630859375,1,142,False
+,99,39,99,39,138,138,0,3.2265625,-3.2265625,-3.2265625,1,144,False
+,99,40,99,40,139,139,0,3.78125,-3.78125,-3.78125,1,144,False
+,99,41,99,41,140,140,0,2.974609375,-2.974609375,-2.974609375,1,144,False
+,99,42,99,42,141,141,0,3.783203125,-3.783203125,-3.783203125,1,144,False
+,99,43,99,43,142,142,0,3.15234375,-3.15234375,-3.15234375,1,144,False
+,99,44,99,44,143,143,0,3.3671875,-3.3671875,-3.3671875,1,144,False
+,99,45,99,45,144,144,0,2.8359375,-2.8359375,-2.8359375,1,144,True
+,99,46,99,46,145,145,0,4.015625,-4.015625,-4.015625,1,146,False
+,99,47,99,47,146,146,0,3.150390625,-3.150390625,-3.150390625,1,140,False
+,99,48,99,48,147,147,0,3.962890625,-3.962890625,-3.962890625,1,144,False
+,99,49,99,49,148,148,1,2.990234375,-2.990234375,-2.990234375,1,144,False
+,99,50,99,50,149,149,0,3.572265625,-3.572265625,-3.572265625,1,148,False
+,99,51,99,51,150,150,0,3.88671875,-3.88671875,-3.88671875,1,144,False
+,99,52,99,52,151,151,0,4.27734375,-4.27734375,-4.27734375,1,144,False
+,99,53,99,53,152,152,0,3.755859375,-3.755859375,-3.755859375,1,144,False
+,99,54,99,54,153,153,0,4.13671875,-4.13671875,-4.13671875,1,144,False
+,99,55,99,55,154,154,1,3.205078125,-3.205078125,-3.205078125,1,148,False
+,99,56,99,56,155,155,0,4.07421875,-4.07421875,-4.07421875,1,144,False
+,99,57,99,57,156,156,0,3.53515625,-3.53515625,-3.53515625,1,144,False
+,99,58,99,58,157,157,0,4.15625,-4.15625,-4.15625,1,144,False
+,99,59,99,59,158,158,0,3.916015625,-3.916015625,-3.916015625,1,144,False
+,99,60,99,60,159,159,0,4.2421875,-4.2421875,-4.2421875,1,144,False
+,99,61,99,61,160,160,0,5.5859375,-5.5859375,-5.5859375,1,122,False
+,99,62,99,62,161,161,0,4.82421875,-4.82421875,-4.82421875,1,144,False
+,99,63,99,63,162,162,0,4.3046875,-4.3046875,-4.3046875,1,144,False
+,99,64,99,64,163,163,0,5.09765625,-5.09765625,-5.09765625,1,144,False
+,99,65,99,65,164,164,0,4.40625,-4.40625,-4.40625,1,144,False
+,99,66,99,66,165,165,0,3.796875,-3.796875,-3.796875,1,144,False
+,99,67,99,67,166,166,0,3.7265625,-3.7265625,-3.7265625,1,148,False
+,99,68,99,68,167,167,0,4.1796875,-4.1796875,-4.1796875,1,148,False
+,99,69,99,69,168,168,0,3.02734375,-3.02734375,-3.02734375,1,144,False
+,99,70,99,70,169,169,0,4.59765625,-4.59765625,-4.59765625,1,148,False
+,99,71,99,71,170,170,0,4.578125,-4.578125,-4.578125,1,144,False
+,99,72,99,72,171,171,1,4.97265625,-4.97265625,-4.97265625,1,144,False
+,99,73,99,73,172,172,0,4.6484375,-4.6484375,-4.6484375,1,148,False
+,99,74,99,74,173,173,0,4.77734375,-4.77734375,-4.77734375,1,148,False
+,99,75,99,75,174,174,0,4.05078125,-4.05078125,-4.05078125,1,166,False
+,99,76,99,76,175,175,0,4.6015625,-4.6015625,-4.6015625,1,160,False
+,99,77,99,77,176,176,0,3.232421875,-3.232421875,-3.232421875,1,160,False
+,99,78,99,78,177,177,0,4.25,-4.25,-4.25,1,168,False
+,99,79,99,79,178,178,0,3.626953125,-3.626953125,-3.626953125,1,168,False
+,99,80,99,80,179,179,0,4.22265625,-4.22265625,-4.22265625,1,160,False
+,99,81,99,81,180,180,0,3.203125,-3.203125,-3.203125,1,168,False
+,99,82,99,82,181,181,0,4.4296875,-4.4296875,-4.4296875,1,164,False
+,99,83,99,83,182,182,0,4.09375,-4.09375,-4.09375,1,168,False
+,99,84,99,84,183,183,0,4.52734375,-4.52734375,-4.52734375,1,168,False
+,99,85,99,85,184,184,0,3.826171875,-3.826171875,-3.826171875,1,172,False
+,99,86,99,86,185,185,0,4.21875,-4.21875,-4.21875,1,172,False
+,99,87,99,87,186,186,1,4.08984375,-4.08984375,-4.08984375,1,166,False
+,99,88,99,88,187,187,1,4.6875,-4.6875,-4.6875,1,176,False
+,99,89,99,89,188,188,0,3.5546875,-3.5546875,-3.5546875,1,178,False
+,99,90,99,90,189,189,0,3.9453125,-3.9453125,-3.9453125,1,192,False
+,99,91,99,91,190,190,0,4.109375,-4.109375,-4.109375,1,182,False
+,99,92,99,92,191,191,0,3.951171875,-3.951171875,-3.951171875,1,184,False
+,99,93,99,93,192,192,0,3.732421875,-3.732421875,-3.732421875,1,184,False
+,99,94,99,94,193,193,0,4.32421875,-4.32421875,-4.32421875,1,184,False
+,99,95,99,95,194,194,0,3.90234375,-3.90234375,-3.90234375,1,192,False
+,99,96,99,96,195,195,0,4.80078125,-4.80078125,-4.80078125,1,200,False
+,99,97,99,97,196,196,0,3.126953125,-3.126953125,-3.126953125,1,200,False
+,99,98,99,98,197,197,1,4.0234375,-4.0234375,-4.0234375,1,199,False
+,99,99,99,99,198,198,10,1.3037109375,-1.3037109375,-1.3037109375,1,198,True
